2025/11/03 17:32:02 [17:32:02.531] [Node:0] [HEARTBEAT] [Trace:HB_0_0] Follower等心跳 status FOLLOWER term:0 commitIndex:0
2025/11/03 17:32:02 [17:32:02.547] [Node:0] [RPC_RECV] [Trace:CLIENT_0_1762162322547649000] 接收到日志命令:9885 isLeader:false term:0
2025/11/03 17:32:02 [17:32:02.598] [Node:0] [RPC_RECV] [Trace:CLIENT_0_1762162322598176000] 接收到日志命令:9885 isLeader:false term:0
2025/11/03 17:32:02 [17:32:02.642] [Node:0] [HEARTBEAT] [Trace:HB_0_0] Follower等心跳 status FOLLOWER term:0 commitIndex:0
2025/11/03 17:32:02 [17:32:02.648] [Node:0] [RPC_RECV] [Trace:CLIENT_0_1762162322648505000] 接收到日志命令:9885 isLeader:false term:0
2025/11/03 17:32:02 [17:32:02.699] [Node:0] [RPC_RECV] [Trace:CLIENT_0_1762162322699024000] 接收到日志命令:9885 isLeader:false term:0
2025/11/03 17:32:02 [17:32:02.742] [Node:0] [HEARTBEAT] [Trace:HB_0_0] Follower等心跳 status FOLLOWER term:0 commitIndex:0
2025/11/03 17:32:02 [17:32:02.749] [Node:0] [RPC_RECV] [Trace:CLIENT_0_1762162322749464000] 接收到日志命令:9885 isLeader:false term:0
2025/11/03 17:32:02 [17:32:02.773] [Node:0] [INFO] [STATE_CHANGE] FOLLOWER->FOLLOWER term:0 reason:变成Candidate
2025/11/03 17:32:02 [17:32:02.774] [Node:0] [TIMER_EVENT] [Trace:TIMER_0] 超时选举 since:246.404209ms threshold:217.320352ms
2025/11/03 17:32:02 [17:32:02.775] [Node:0] [RPC_SEND] [Trace:ELEC_0_1] 发送选举请求
2025/11/03 17:32:02 [17:32:02.775] [Node:0] [RPC_SEND] [Trace:ELEC_0_1] 发送选举请求
2025/11/03 17:32:02 [17:32:02.775] [Node:0] [RPC_SEND] [Trace:ELEC_0_1] 发送选举请求
2025/11/03 17:32:02 [17:32:02.777] [Node:0] [RPC_SEND] [Trace:ELEC_0_1] 发送选举请求
2025/11/03 17:32:02 [17:32:02.799] [Node:0] [RPC_RECV] [Trace:CLIENT_0_1762162322799918000] 接收到日志命令:9885 isLeader:false term:1
2025/11/03 17:32:02 [17:32:02.799] [Node:0] [RPC_RECV] [Trace:ELEC_4_1][4->0] RequestVote 接受 term:1 candidateId:4 lastLogIndex:0 lastLogTerm:0 currentTerm:1 status:CANDIDATE
2025/11/03 17:32:02 [17:32:02.800] [Node:0] [RPC_RECV] [Trace:ELEC_4_1][4->0] 投票信息 votedFor:0 lastLogTerm:0 lastLogIndex:0
2025/11/03 17:32:02 [17:32:02.800] [Node:0] [RPC_RECV] [Trace:ELEC_4_1][4->0] 投票失败兜底 candidate:4 term:1
2025/11/03 17:32:02 [17:32:02.800] [Node:0] [RPC_SEND] [Trace:ELEC_0_1] 处理投票返回 for term 1 reply:{1 false}
2025/11/03 17:32:02 [17:32:02.807] [Node:0] [RPC_SEND] [Trace:ELEC_0_1] 处理投票返回 for term 1 reply:{1 true}
2025/11/03 17:32:02 [17:32:02.843] [Node:0] [HEARTBEAT] [Trace:HB_0_1] Follower等心跳 status CANDIDATE term:1 commitIndex:0
2025/11/03 17:32:02 [17:32:02.850] [Node:0] [RPC_RECV] [Trace:CLIENT_0_1762162322850412000] 接收到日志命令:9885 isLeader:false term:1
2025/11/03 17:32:02 [17:32:02.901] [Node:0] [RPC_RECV] [Trace:CLIENT_0_1762162322901797000] 接收到日志命令:9885 isLeader:false term:1
2025/11/03 17:32:02 [17:32:02.944] [Node:0] [HEARTBEAT] [Trace:HB_0_1] Follower等心跳 status CANDIDATE term:1 commitIndex:0
2025/11/03 17:32:02 [17:32:02.952] [Node:0] [RPC_RECV] [Trace:CLIENT_0_1762162322952548000] 接收到日志命令:9885 isLeader:false term:1
2025/11/03 17:32:03 [17:32:03.003] [Node:0] [RPC_RECV] [Trace:CLIENT_0_1762162323003528000] 接收到日志命令:9885 isLeader:false term:1
2025/11/03 17:32:03 [17:32:03.044] [Node:0] [HEARTBEAT] [Trace:HB_0_1] Follower等心跳 status CANDIDATE term:1 commitIndex:0
2025/11/03 17:32:03 [17:32:03.054] [Node:0] [RPC_RECV] [Trace:CLIENT_0_1762162323054022000] 接收到日志命令:9885 isLeader:false term:1
2025/11/03 17:32:03 [17:32:03.059] [Node:0] [RPC_RECV] [Trace:ELEC_3_2][3->0] RequestVote 接受 term:2 candidateId:3 lastLogIndex:0 lastLogTerm:0 currentTerm:1 status:CANDIDATE
2025/11/03 17:32:03 [17:32:03.059] [Node:0] [INFO] [STATE_CHANGE] CANDIDATE->FOLLOWER term:1 reason:降级成follower
2025/11/03 17:32:03 [17:32:03.060] [Node:0] [RPC_RECV] [Trace:ELEC_3_2][3->0] 投票信息 votedFor:-1 lastLogTerm:0 lastLogIndex:0
2025/11/03 17:32:03 [17:32:03.060] [Node:0] [RPC_RECV] [Trace:ELEC_3_2][3->0] 投票给 candidate:3 term:2
2025/11/03 17:32:03 [17:32:03.105] [Node:0] [RPC_RECV] [Trace:ELEC_4_2][4->0] RequestVote 接受 term:2 candidateId:4 lastLogIndex:0 lastLogTerm:0 currentTerm:2 status:FOLLOWER
2025/11/03 17:32:03 [17:32:03.105] [Node:0] [RPC_RECV] [Trace:ELEC_4_2][4->0] 投票信息 votedFor:3 lastLogTerm:0 lastLogIndex:0
2025/11/03 17:32:03 [17:32:03.105] [Node:0] [RPC_RECV] [Trace:ELEC_4_2][4->0] 投票失败兜底 candidate:4 term:2
2025/11/03 17:32:03 [17:32:03.145] [Node:0] [HEARTBEAT] [Trace:HB_0_2] Follower等心跳 status FOLLOWER term:2 commitIndex:0
2025/11/03 17:32:03 [17:32:03.156] [Node:0] [LOG_REPLICA] [Trace:LOG_3_2][3->0] AppendEntries 收到 term:2 leaderId:3 prevLogIndex:0 prevLogTerm:0 entries:1 leaderCommit:0 isHeartbeat:false currentTerm:2 status:FOLLOWER
2025/11/03 17:32:03 [17:32:03.156] [Node:0] [LOG_REPLICA] [Trace:LOG_3_2][3->0] 打印日志结果:[{<nil> 0 false 0}] 
2025/11/03 17:32:03 [17:32:03.157] [Node:0] [LOG_REPLICA] [Trace:LOG_3_2][3->0] 复制日志结果:[{<nil> 0 false 0} {9885 2 false 1}] 
2025/11/03 17:32:03 [17:32:03.190] [Node:0] [RPC_RECV] [Trace:CLIENT_0_1762162323190676000] 接收到日志命令:5218 isLeader:false term:2
2025/11/03 17:32:03 [17:32:03.202] [Node:0] [RPC_RECV] [Trace:CLIENT_0_1762162323202664000] 接收到日志命令:3120 isLeader:false term:2
2025/11/03 17:32:03 [17:32:03.205] [Node:0] [RPC_RECV] [Trace:CLIENT_0_1762162323205433000] 接收到日志命令:9647 isLeader:false term:2
2025/11/03 17:32:03 [17:32:03.212] [Node:0] [RPC_RECV] [Trace:CLIENT_0_1762162323212030000] 接收到日志命令:6987 isLeader:false term:2
2025/11/03 17:32:03 [17:32:03.245] [Node:0] [HEARTBEAT] [Trace:HB_0_2] Follower等心跳 status FOLLOWER term:2 commitIndex:0
2025/11/03 17:32:03 [17:32:03.346] [Node:0] [HEARTBEAT] [Trace:HB_0_2] Follower等心跳 status FOLLOWER term:2 commitIndex:0
2025/11/03 17:32:03 [17:32:03.436] [Node:0] [RPC_RECV] [Trace:ELEC_4_3][4->0] RequestVote 接受 term:3 candidateId:4 lastLogIndex:1 lastLogTerm:2 currentTerm:2 status:FOLLOWER
2025/11/03 17:32:03 [17:32:03.436] [Node:0] [INFO] [STATE_CHANGE] FOLLOWER->FOLLOWER term:2 reason:降级成follower
2025/11/03 17:32:03 [17:32:03.436] [Node:0] [RPC_RECV] [Trace:ELEC_4_3][4->0] 投票信息 votedFor:-1 lastLogTerm:2 lastLogIndex:1
2025/11/03 17:32:03 [17:32:03.436] [Node:0] [RPC_RECV] [Trace:ELEC_4_3][4->0] 投票给 candidate:4 term:3
2025/11/03 17:32:03 [17:32:03.446] [Node:0] [HEARTBEAT] [Trace:HB_0_3] Follower等心跳 status FOLLOWER term:3 commitIndex:0
2025/11/03 17:32:03 [17:32:03.452] [Node:0] [RPC_RECV] [Trace:ELEC_1_3][1->0] RequestVote 接受 term:3 candidateId:1 lastLogIndex:1 lastLogTerm:2 currentTerm:3 status:FOLLOWER
2025/11/03 17:32:03 [17:32:03.452] [Node:0] [RPC_RECV] [Trace:ELEC_1_3][1->0] 投票信息 votedFor:4 lastLogTerm:2 lastLogIndex:1
2025/11/03 17:32:03 [17:32:03.452] [Node:0] [RPC_RECV] [Trace:ELEC_1_3][1->0] 投票失败兜底 candidate:1 term:3
2025/11/03 17:32:03 [17:32:03.547] [Node:0] [HEARTBEAT] [Trace:HB_0_3] Follower等心跳 status FOLLOWER term:3 commitIndex:0
2025/11/03 17:32:03 [17:32:03.601] [Node:0] [RPC_RECV] [Trace:CLIENT_0_1762162323601606000] 接收到日志命令:7720 isLeader:false term:3
2025/11/03 17:32:03 [17:32:03.613] [Node:0] [RPC_RECV] [Trace:CLIENT_0_1762162323613086000] 接收到日志命令:8373 isLeader:false term:3
2025/11/03 17:32:03 [17:32:03.622] [Node:0] [RPC_RECV] [Trace:CLIENT_0_1762162323622457000] 接收到日志命令:6696 isLeader:false term:3
2025/11/03 17:32:03 [17:32:03.633] [Node:0] [RPC_RECV] [Trace:CLIENT_0_1762162323633548000] 接收到日志命令:757 isLeader:false term:3
2025/11/03 17:32:03 [17:32:03.633] [Node:0] [RPC_RECV] [Trace:CLIENT_0_1762162323633882000] 接收到日志命令:2455 isLeader:false term:3
2025/11/03 17:32:03 [17:32:03.645] [Node:0] [RPC_RECV] [Trace:CLIENT_0_1762162323645183000] 接收到日志命令:5978 isLeader:false term:3
2025/11/03 17:32:03 [17:32:03.648] [Node:0] [HEARTBEAT] [Trace:HB_0_3] Follower等心跳 status FOLLOWER term:3 commitIndex:0
2025/11/03 17:32:03 [17:32:03.650] [Node:0] [RPC_RECV] [Trace:CLIENT_0_1762162323650918000] 接收到日志命令:1369 isLeader:false term:3
2025/11/03 17:32:03 [17:32:03.653] [Node:0] [RPC_RECV] [Trace:CLIENT_0_1762162323653360000] 接收到日志命令:9630 isLeader:false term:3
2025/11/03 17:32:03 [17:32:03.653] [Node:0] [RPC_RECV] [Trace:CLIENT_0_1762162323653994000] 接收到日志命令:6416 isLeader:false term:3
2025/11/03 17:32:03 [17:32:03.664] [Node:0] [RPC_RECV] [Trace:CLIENT_0_1762162323664296000] 接收到日志命令:1544 isLeader:false term:3
2025/11/03 17:32:03 [17:32:03.664] [Node:0] [RPC_RECV] [Trace:CLIENT_0_1762162323664749000] 接收到日志命令:4951 isLeader:false term:3
2025/11/03 17:32:03 [17:32:03.668] [Node:0] [RPC_RECV] [Trace:CLIENT_0_1762162323668166000] 接收到日志命令:4840 isLeader:false term:3
2025/11/03 17:32:03 [17:32:03.674] [Node:0] [RPC_RECV] [Trace:CLIENT_0_1762162323674268000] 接收到日志命令:1812 isLeader:false term:3
2025/11/03 17:32:03 [17:32:03.680] [Node:0] [RPC_RECV] [Trace:ELEC_2_4][2->0] RequestVote 接受 term:4 candidateId:2 lastLogIndex:1 lastLogTerm:2 currentTerm:3 status:FOLLOWER
2025/11/03 17:32:03 [17:32:03.680] [Node:0] [INFO] [STATE_CHANGE] FOLLOWER->FOLLOWER term:3 reason:降级成follower
2025/11/03 17:32:03 [17:32:03.680] [Node:0] [RPC_RECV] [Trace:ELEC_2_4][2->0] 投票信息 votedFor:-1 lastLogTerm:2 lastLogIndex:1
2025/11/03 17:32:03 [17:32:03.680] [Node:0] [RPC_RECV] [Trace:ELEC_2_4][2->0] 投票给 candidate:2 term:4
2025/11/03 17:32:03 [17:32:03.685] [Node:0] [RPC_RECV] [Trace:CLIENT_0_1762162323685563000] 接收到日志命令:3759 isLeader:false term:4
2025/11/03 17:32:03 [17:32:03.749] [Node:0] [HEARTBEAT] [Trace:HB_0_4] Follower等心跳 status FOLLOWER term:4 commitIndex:0
2025/11/03 17:32:03 [17:32:03.771] [Node:0] [LOG_REPLICA] [Trace:LOG_2_4][2->0] AppendEntries 收到 term:4 leaderId:2 prevLogIndex:0 prevLogTerm:0 entries:2 leaderCommit:0 isHeartbeat:false currentTerm:4 status:FOLLOWER
2025/11/03 17:32:03 [17:32:03.771] [Node:0] [LOG_REPLICA] [Trace:LOG_2_4][2->0] 打印日志结果:[{<nil> 0 false 0} {9885 2 false 1}] 
2025/11/03 17:32:03 [17:32:03.772] [Node:0] [LOG_REPLICA] [Trace:LOG_2_4][2->0] 复制日志结果:[{<nil> 0 false 0} {9885 2 false 1} {7369 4 false 2}] 
2025/11/03 17:32:03 [17:32:03.849] [Node:0] [HEARTBEAT] [Trace:HB_0_4] Follower等心跳 status FOLLOWER term:4 commitIndex:0
2025/11/03 17:32:03 [17:32:03.877] [Node:0] [HEARTBEAT] [Trace:LOG_2_4][2->0] AppendEntries 收到 term:4 leaderId:2 prevLogIndex:2 prevLogTerm:4 entries:0 leaderCommit:2 isHeartbeat:true currentTerm:4 status:FOLLOWER
2025/11/03 17:32:03 [17:32:03.877] [Node:0] [HEARTBEAT] [Trace:LOG_2_4][2->0] 打印日志结果:[{<nil> 0 false 0} {9885 2 false 1} {7369 4 false 2}] 
2025/11/03 17:32:03 [17:32:03.877] [Node:0] [HEARTBEAT] [Trace:LOG_2_4][2->0] 复制日志结果:[{<nil> 0 false 0} {9885 2 false 1} {7369 4 false 2}] 
2025/11/03 17:32:03 [17:32:03.878] [Node:0] [LOG_COMMIT] [Trace:LOG_2_4][2->0] 收到LogEntry，并且Leader已经提交， 本地log 0->2 leaderCommit:2 lastApplied:0
2025/11/03 17:32:03 [17:32:03.878] [Node:0] [LOG_COMMIT] [Trace:APPLY_0_2] Applying logs count:2 log:[{9885 2 false 1} {7369 4 false 2}] lastApplied:2
2025/11/03 17:32:03 [17:32:03.950] [Node:0] [HEARTBEAT] [Trace:HB_0_4] Follower等心跳 status FOLLOWER term:4 commitIndex:2
2025/11/03 17:32:03 [17:32:03.989] [Node:0] [HEARTBEAT] [Trace:LOG_2_4][2->0] AppendEntries 收到 term:4 leaderId:2 prevLogIndex:2 prevLogTerm:4 entries:0 leaderCommit:2 isHeartbeat:true currentTerm:4 status:FOLLOWER
2025/11/03 17:32:03 [17:32:03.989] [Node:0] [HEARTBEAT] [Trace:LOG_2_4][2->0] 打印日志结果:[{<nil> 0 false 0} {9885 2 false 1} {7369 4 false 2}] 
2025/11/03 17:32:03 [17:32:03.989] [Node:0] [HEARTBEAT] [Trace:LOG_2_4][2->0] 复制日志结果:[{<nil> 0 false 0} {9885 2 false 1} {7369 4 false 2}] 
2025/11/03 17:32:04 [17:32:04.059] [Node:0] [HEARTBEAT] [Trace:HB_0_4] Follower等心跳 status FOLLOWER term:4 commitIndex:2
2025/11/03 17:32:04 [17:32:04.110] [Node:0] [RPC_RECV] [Trace:CLIENT_0_1762162324110646000] 接收到日志命令:7349 isLeader:false term:4
2025/11/03 17:32:04 [17:32:04.124] [Node:0] [RPC_RECV] [Trace:CLIENT_0_1762162324124464000] 接收到日志命令:4642 isLeader:false term:4
2025/11/03 17:32:04 [17:32:04.139] [Node:0] [RPC_RECV] [Trace:CLIENT_0_1762162324138987000] 接收到日志命令:4829 isLeader:false term:4
2025/11/03 17:32:04 [17:32:04.143] [Node:0] [RPC_RECV] [Trace:CLIENT_0_1762162324143038000] 接收到日志命令:1805 isLeader:false term:4
2025/11/03 17:32:04 [17:32:04.145] [Node:0] [RPC_RECV] [Trace:CLIENT_0_1762162324145919000] 接收到日志命令:7547 isLeader:false term:4
2025/11/03 17:32:04 [17:32:04.155] [Node:0] [RPC_RECV] [Trace:CLIENT_0_1762162324154967000] 接收到日志命令:8594 isLeader:false term:4
2025/11/03 17:32:04 [17:32:04.160] [Node:0] [HEARTBEAT] [Trace:HB_0_4] Follower等心跳 status FOLLOWER term:4 commitIndex:2
2025/11/03 17:32:04 [17:32:04.167] [Node:0] [RPC_RECV] [Trace:CLIENT_0_1762162324167009000] 接收到日志命令:1428 isLeader:false term:4
2025/11/03 17:32:04 [17:32:04.231] [Node:0] [RPC_RECV] [Trace:CLIENT_0_1762162324231312000] 接收到日志命令:9309 isLeader:false term:4
2025/11/03 17:32:04 [17:32:04.241] [Node:0] [RPC_RECV] [Trace:CLIENT_0_1762162324241496000] 接收到日志命令:2968 isLeader:false term:4
2025/11/03 17:32:04 [17:32:04.258] [Node:0] [RPC_RECV] [Trace:CLIENT_0_1762162324258281000] 接收到日志命令:1129 isLeader:false term:4
2025/11/03 17:32:04 [17:32:04.259] [Node:0] [RPC_RECV] [Trace:CLIENT_0_1762162324259791000] 接收到日志命令:4102 isLeader:false term:4
2025/11/03 17:32:04 [17:32:04.260] [Node:0] [HEARTBEAT] [Trace:HB_0_4] Follower等心跳 status FOLLOWER term:4 commitIndex:2
2025/11/03 17:32:04 [17:32:04.262] [Node:0] [INFO] [STATE_CHANGE] FOLLOWER->FOLLOWER term:4 reason:变成Candidate
2025/11/03 17:32:04 [17:32:04.263] [Node:0] [TIMER_EVENT] [Trace:TIMER_0] 超时选举 since:273.418166ms threshold:258.300187ms
2025/11/03 17:32:04 [17:32:04.263] [Node:0] [RPC_SEND] [Trace:ELEC_0_5] 发送选举请求
2025/11/03 17:32:04 [17:32:04.263] [Node:0] [RPC_SEND] [Trace:ELEC_0_5] 发送选举请求
2025/11/03 17:32:04 [17:32:04.263] [Node:0] [RPC_SEND] [Trace:ELEC_0_5] 发送选举请求
2025/11/03 17:32:04 [17:32:04.263] [Node:0] [RPC_SEND] [Trace:ELEC_0_5] 发送选举请求
2025/11/03 17:32:04 [17:32:04.264] [Node:0] [RPC_RECV] [Trace:ELEC_1_5][1->0] RequestVote 接受 term:5 candidateId:1 lastLogIndex:2 lastLogTerm:4 currentTerm:5 status:CANDIDATE
2025/11/03 17:32:04 [17:32:04.264] [Node:0] [RPC_RECV] [Trace:ELEC_1_5][1->0] 投票信息 votedFor:0 lastLogTerm:4 lastLogIndex:2
2025/11/03 17:32:04 [17:32:04.264] [Node:0] [RPC_RECV] [Trace:ELEC_1_5][1->0] 投票失败兜底 candidate:1 term:5
2025/11/03 17:32:04 [17:32:04.268] [Node:0] [RPC_SEND] [Trace:ELEC_0_5] 处理投票返回 for term 5 reply:{5 false}
2025/11/03 17:32:04 [17:32:04.270] [Node:0] [RPC_RECV] [Trace:CLIENT_0_1762162324270758000] 接收到日志命令:4249 isLeader:false term:5
2025/11/03 17:32:04 [17:32:04.280] [Node:0] [RPC_RECV] [Trace:CLIENT_0_1762162324280629000] 接收到日志命令:4124 isLeader:false term:5
2025/11/03 17:32:04 [17:32:04.287] [Node:0] [RPC_RECV] [Trace:CLIENT_0_1762162324287556000] 接收到日志命令:8296 isLeader:false term:5
2025/11/03 17:32:04 [17:32:04.291] [Node:0] [RPC_SEND] [Trace:ELEC_0_5] 处理投票返回 for term 5 reply:{5 false}
2025/11/03 17:32:04 [17:32:04.304] [Node:0] [RPC_RECV] [Trace:CLIENT_0_1762162324303999000] 接收到日志命令:7491 isLeader:false term:5
2025/11/03 17:32:04 [17:32:04.318] [Node:0] [RPC_RECV] [Trace:CLIENT_0_1762162324318031000] 接收到日志命令:5006 isLeader:false term:5
2025/11/03 17:32:04 [17:32:04.323] [Node:0] [RPC_RECV] [Trace:CLIENT_0_1762162324323859000] 接收到日志命令:680 isLeader:false term:5
2025/11/03 17:32:04 [17:32:04.361] [Node:0] [HEARTBEAT] [Trace:HB_0_5] Follower等心跳 status CANDIDATE term:5 commitIndex:2
2025/11/03 17:32:04 [17:32:04.462] [Node:0] [HEARTBEAT] [Trace:HB_0_5] Follower等心跳 status CANDIDATE term:5 commitIndex:2
2025/11/03 17:32:04 [17:32:04.497] [Node:0] [RPC_RECV] [Trace:ELEC_1_6][1->0] RequestVote 接受 term:6 candidateId:1 lastLogIndex:2 lastLogTerm:4 currentTerm:5 status:CANDIDATE
2025/11/03 17:32:04 [17:32:04.497] [Node:0] [INFO] [STATE_CHANGE] CANDIDATE->FOLLOWER term:5 reason:降级成follower
2025/11/03 17:32:04 [17:32:04.499] [Node:0] [RPC_RECV] [Trace:ELEC_1_6][1->0] 投票信息 votedFor:-1 lastLogTerm:4 lastLogIndex:2
2025/11/03 17:32:04 [17:32:04.499] [Node:0] [RPC_RECV] [Trace:ELEC_1_6][1->0] 投票给 candidate:1 term:6
2025/11/03 17:32:04 [17:32:04.517] [Node:0] [RPC_RECV] [Trace:CLIENT_0_1762162324517392000] 接收到日志命令:5204 isLeader:false term:6
2025/11/03 17:32:04 [17:32:04.528] [Node:0] [RPC_RECV] [Trace:CLIENT_0_1762162324528023000] 接收到日志命令:4868 isLeader:false term:6
2025/11/03 17:32:04 [17:32:04.532] [Node:0] [RPC_RECV] [Trace:CLIENT_0_1762162324532020000] 接收到日志命令:2505 isLeader:false term:6
2025/11/03 17:32:04 [17:32:04.545] [Node:0] [RPC_RECV] [Trace:CLIENT_0_1762162324545868000] 接收到日志命令:2388 isLeader:false term:6
2025/11/03 17:32:04 [17:32:04.564] [Node:0] [HEARTBEAT] [Trace:HB_0_6] Follower等心跳 status FOLLOWER term:6 commitIndex:2
2025/11/03 17:32:04 [17:32:04.666] [Node:0] [HEARTBEAT] [Trace:HB_0_6] Follower等心跳 status FOLLOWER term:6 commitIndex:2
2025/11/03 17:32:04 [17:32:04.749] [Node:0] [RPC_RECV] [Trace:ELEC_1_7][1->0] RequestVote 接受 term:7 candidateId:1 lastLogIndex:2 lastLogTerm:4 currentTerm:6 status:FOLLOWER
2025/11/03 17:32:04 [17:32:04.750] [Node:0] [INFO] [STATE_CHANGE] FOLLOWER->FOLLOWER term:6 reason:降级成follower
2025/11/03 17:32:04 [17:32:04.750] [Node:0] [RPC_RECV] [Trace:ELEC_1_7][1->0] 投票信息 votedFor:-1 lastLogTerm:4 lastLogIndex:2
2025/11/03 17:32:04 [17:32:04.750] [Node:0] [RPC_RECV] [Trace:ELEC_1_7][1->0] 投票给 candidate:1 term:7
2025/11/03 17:32:04 [17:32:04.750] [Node:0] [RPC_RECV] [Trace:ELEC_4_7][4->0] RequestVote 接受 term:7 candidateId:4 lastLogIndex:2 lastLogTerm:4 currentTerm:7 status:FOLLOWER
2025/11/03 17:32:04 [17:32:04.750] [Node:0] [RPC_RECV] [Trace:ELEC_4_7][4->0] 投票信息 votedFor:1 lastLogTerm:4 lastLogIndex:2
2025/11/03 17:32:04 [17:32:04.750] [Node:0] [RPC_RECV] [Trace:ELEC_4_7][4->0] 投票失败兜底 candidate:4 term:7
2025/11/03 17:32:04 [17:32:04.767] [Node:0] [HEARTBEAT] [Trace:HB_0_7] Follower等心跳 status FOLLOWER term:7 commitIndex:2
2025/11/03 17:32:04 [17:32:04.878] [Node:0] [HEARTBEAT] [Trace:HB_0_7] Follower等心跳 status FOLLOWER term:7 commitIndex:2
2025/11/03 17:32:04 [17:32:04.940] [Node:0] [RPC_RECV] [Trace:CLIENT_0_1762162324940073000] 接收到日志命令:6931 isLeader:false term:7
2025/11/03 17:32:04 [17:32:04.948] [Node:0] [RPC_RECV] [Trace:CLIENT_0_1762162324947995000] 接收到日志命令:939 isLeader:false term:7
2025/11/03 17:32:04 [17:32:04.965] [Node:0] [RPC_RECV] [Trace:CLIENT_0_1762162324965225000] 接收到日志命令:7828 isLeader:false term:7
2025/11/03 17:32:04 [17:32:04.982] [Node:0] [HEARTBEAT] [Trace:HB_0_7] Follower等心跳 status FOLLOWER term:7 commitIndex:2
2025/11/03 17:32:04 [17:32:04.982] [Node:0] [RPC_RECV] [Trace:CLIENT_0_1762162324982851000] 接收到日志命令:7774 isLeader:false term:7
2025/11/03 17:32:04 [17:32:04.997] [Node:0] [RPC_RECV] [Trace:ELEC_1_8][1->0] RequestVote 接受 term:8 candidateId:1 lastLogIndex:2 lastLogTerm:4 currentTerm:7 status:FOLLOWER
2025/11/03 17:32:04 [17:32:04.997] [Node:0] [INFO] [STATE_CHANGE] FOLLOWER->FOLLOWER term:7 reason:降级成follower
2025/11/03 17:32:04 [17:32:04.997] [Node:0] [RPC_RECV] [Trace:ELEC_1_8][1->0] 投票信息 votedFor:-1 lastLogTerm:4 lastLogIndex:2
2025/11/03 17:32:04 [17:32:04.997] [Node:0] [RPC_RECV] [Trace:ELEC_1_8][1->0] 投票给 candidate:1 term:8
2025/11/03 17:32:05 [17:32:05.016] [Node:0] [RPC_RECV] [Trace:ELEC_4_8][4->0] RequestVote 接受 term:8 candidateId:4 lastLogIndex:2 lastLogTerm:4 currentTerm:8 status:FOLLOWER
2025/11/03 17:32:05 [17:32:05.016] [Node:0] [RPC_RECV] [Trace:ELEC_4_8][4->0] 投票信息 votedFor:1 lastLogTerm:4 lastLogIndex:2
2025/11/03 17:32:05 [17:32:05.016] [Node:0] [RPC_RECV] [Trace:ELEC_4_8][4->0] 投票失败兜底 candidate:4 term:8
2025/11/03 17:32:05 [17:32:05.083] [Node:0] [HEARTBEAT] [Trace:HB_0_8] Follower等心跳 status FOLLOWER term:8 commitIndex:2
2025/11/03 17:32:05 [17:32:05.185] [Node:0] [HEARTBEAT] [Trace:HB_0_8] Follower等心跳 status FOLLOWER term:8 commitIndex:2
2025/11/03 17:32:05 [17:32:05.258] [Node:0] [RPC_RECV] [Trace:ELEC_1_9][1->0] RequestVote 接受 term:9 candidateId:1 lastLogIndex:2 lastLogTerm:4 currentTerm:8 status:FOLLOWER
2025/11/03 17:32:05 [17:32:05.258] [Node:0] [INFO] [STATE_CHANGE] FOLLOWER->FOLLOWER term:8 reason:降级成follower
2025/11/03 17:32:05 [17:32:05.258] [Node:0] [RPC_RECV] [Trace:ELEC_1_9][1->0] 投票信息 votedFor:-1 lastLogTerm:4 lastLogIndex:2
2025/11/03 17:32:05 [17:32:05.258] [Node:0] [RPC_RECV] [Trace:ELEC_1_9][1->0] 投票给 candidate:1 term:9
2025/11/03 17:32:05 [17:32:05.277] [Node:0] [RPC_RECV] [Trace:CLIENT_0_1762162325277790000] 接收到日志命令:2552 isLeader:false term:9
2025/11/03 17:32:05 [17:32:05.285] [Node:0] [HEARTBEAT] [Trace:HB_0_9] Follower等心跳 status FOLLOWER term:9 commitIndex:2
2025/11/03 17:32:05 [17:32:05.290] [Node:0] [RPC_RECV] [Trace:CLIENT_0_1762162325290297000] 接收到日志命令:8094 isLeader:false term:9
2025/11/03 17:32:05 [17:32:05.296] [Node:0] [HEARTBEAT] [Trace:LOG_1_9][1->0] AppendEntries 收到 term:9 leaderId:1 prevLogIndex:2 prevLogTerm:4 entries:0 leaderCommit:2 isHeartbeat:true currentTerm:9 status:FOLLOWER
2025/11/03 17:32:05 [17:32:05.297] [Node:0] [HEARTBEAT] [Trace:LOG_1_9][1->0] 打印日志结果:[{<nil> 0 false 0} {9885 2 false 1} {7369 4 false 2}] 
2025/11/03 17:32:05 [17:32:05.297] [Node:0] [HEARTBEAT] [Trace:LOG_1_9][1->0] 复制日志结果:[{<nil> 0 false 0} {9885 2 false 1} {7369 4 false 2}] 
2025/11/03 17:32:05 [17:32:05.299] [Node:0] [RPC_RECV] [Trace:CLIENT_0_1762162325299767000] 接收到日志命令:666 isLeader:false term:9
2025/11/03 17:32:05 [17:32:05.309] [Node:0] [RPC_RECV] [Trace:CLIENT_0_1762162325309462000] 接收到日志命令:9984 isLeader:false term:9
2025/11/03 17:32:05 [17:32:05.311] [Node:0] [RPC_RECV] [Trace:CLIENT_0_1762162325311955000] 接收到日志命令:3918 isLeader:false term:9
2025/11/03 17:32:05 [17:32:05.315] [Node:0] [RPC_RECV] [Trace:CLIENT_0_1762162325315829000] 接收到日志命令:4185 isLeader:false term:9
2025/11/03 17:32:05 [17:32:05.321] [Node:0] [RPC_RECV] [Trace:CLIENT_0_1762162325321797000] 接收到日志命令:4828 isLeader:false term:9
2025/11/03 17:32:05 [17:32:05.387] [Node:0] [HEARTBEAT] [Trace:HB_0_9] Follower等心跳 status FOLLOWER term:9 commitIndex:2
2025/11/03 17:32:05 [17:32:05.405] [Node:0] [LOG_REPLICA] [Trace:LOG_1_9][1->0] AppendEntries 收到 term:9 leaderId:1 prevLogIndex:2 prevLogTerm:4 entries:6 leaderCommit:2 isHeartbeat:false currentTerm:9 status:FOLLOWER
2025/11/03 17:32:05 [17:32:05.405] [Node:0] [LOG_REPLICA] [Trace:LOG_1_9][1->0] 打印日志结果:[{<nil> 0 false 0} {9885 2 false 1} {7369 4 false 2}] 
2025/11/03 17:32:05 [17:32:05.405] [Node:0] [LOG_REPLICA] [Trace:LOG_1_9][1->0] 复制日志结果:[{<nil> 0 false 0} {9885 2 false 1} {7369 4 false 2} {377 9 false 3} {5698 9 false 4} {3675 9 false 5} {7576 9 false 6} {6501 9 false 7} {8962 9 false 8}] 
2025/11/03 17:32:05 [17:32:05.487] [Node:0] [HEARTBEAT] [Trace:HB_0_9] Follower等心跳 status FOLLOWER term:9 commitIndex:2
2025/11/03 17:32:05 [17:32:05.499] [Node:0] [HEARTBEAT] [Trace:LOG_1_9][1->0] AppendEntries 收到 term:9 leaderId:1 prevLogIndex:8 prevLogTerm:9 entries:0 leaderCommit:2 isHeartbeat:true currentTerm:9 status:FOLLOWER
2025/11/03 17:32:05 [17:32:05.499] [Node:0] [HEARTBEAT] [Trace:LOG_1_9][1->0] 打印日志结果:[{<nil> 0 false 0} {9885 2 false 1} {7369 4 false 2} {377 9 false 3} {5698 9 false 4} {3675 9 false 5} {7576 9 false 6} {6501 9 false 7} {8962 9 false 8}] 
2025/11/03 17:32:05 [17:32:05.499] [Node:0] [HEARTBEAT] [Trace:LOG_1_9][1->0] 复制日志结果:[{<nil> 0 false 0} {9885 2 false 1} {7369 4 false 2} {377 9 false 3} {5698 9 false 4} {3675 9 false 5} {7576 9 false 6} {6501 9 false 7} {8962 9 false 8}] 
2025/11/03 17:32:05 [17:32:05.587] [Node:0] [HEARTBEAT] [Trace:HB_0_9] Follower等心跳 status FOLLOWER term:9 commitIndex:2
2025/11/03 17:32:05 [17:32:05.597] [Node:0] [HEARTBEAT] [Trace:LOG_1_9][1->0] AppendEntries 收到 term:9 leaderId:1 prevLogIndex:8 prevLogTerm:9 entries:0 leaderCommit:2 isHeartbeat:true currentTerm:9 status:FOLLOWER
2025/11/03 17:32:05 [17:32:05.597] [Node:0] [HEARTBEAT] [Trace:LOG_1_9][1->0] 打印日志结果:[{<nil> 0 false 0} {9885 2 false 1} {7369 4 false 2} {377 9 false 3} {5698 9 false 4} {3675 9 false 5} {7576 9 false 6} {6501 9 false 7} {8962 9 false 8}] 
2025/11/03 17:32:05 [17:32:05.597] [Node:0] [HEARTBEAT] [Trace:LOG_1_9][1->0] 复制日志结果:[{<nil> 0 false 0} {9885 2 false 1} {7369 4 false 2} {377 9 false 3} {5698 9 false 4} {3675 9 false 5} {7576 9 false 6} {6501 9 false 7} {8962 9 false 8}] 
2025/11/03 17:32:05 [17:32:05.688] [Node:0] [HEARTBEAT] [Trace:HB_0_9] Follower等心跳 status FOLLOWER term:9 commitIndex:2
2025/11/03 17:32:05 [17:32:05.707] [Node:0] [HEARTBEAT] [Trace:LOG_1_9][1->0] AppendEntries 收到 term:9 leaderId:1 prevLogIndex:8 prevLogTerm:9 entries:0 leaderCommit:8 isHeartbeat:true currentTerm:9 status:FOLLOWER
2025/11/03 17:32:05 [17:32:05.707] [Node:0] [HEARTBEAT] [Trace:LOG_1_9][1->0] 打印日志结果:[{<nil> 0 false 0} {9885 2 false 1} {7369 4 false 2} {377 9 false 3} {5698 9 false 4} {3675 9 false 5} {7576 9 false 6} {6501 9 false 7} {8962 9 false 8}] 
2025/11/03 17:32:05 [17:32:05.707] [Node:0] [HEARTBEAT] [Trace:LOG_1_9][1->0] 复制日志结果:[{<nil> 0 false 0} {9885 2 false 1} {7369 4 false 2} {377 9 false 3} {5698 9 false 4} {3675 9 false 5} {7576 9 false 6} {6501 9 false 7} {8962 9 false 8}] 
2025/11/03 17:32:05 [17:32:05.707] [Node:0] [LOG_COMMIT] [Trace:LOG_1_9][1->0] 收到LogEntry，并且Leader已经提交， 本地log 2->8 leaderCommit:8 lastApplied:2
2025/11/03 17:32:05 [17:32:05.707] [Node:0] [LOG_COMMIT] [Trace:APPLY_0_8] Applying logs count:6 log:[{377 9 false 3} {5698 9 false 4} {3675 9 false 5} {7576 9 false 6} {6501 9 false 7} {8962 9 false 8}] lastApplied:8
2025/11/03 17:32:05 [17:32:05.775] [Node:0] [RPC_RECV] [Trace:CLIENT_0_1762162325775156000] 接收到日志命令:2212 isLeader:false term:9
2025/11/03 17:32:05 [17:32:05.791] [Node:0] [HEARTBEAT] [Trace:HB_0_9] Follower等心跳 status FOLLOWER term:9 commitIndex:8
2025/11/03 17:32:05 [17:32:05.892] [Node:0] [HEARTBEAT] [Trace:HB_0_9] Follower等心跳 status FOLLOWER term:9 commitIndex:8
2025/11/03 17:32:05 [17:32:05.936] [Node:0] [RPC_RECV] [Trace:CLIENT_0_1762162325936627000] 接收到日志命令:1878 isLeader:false term:9
2025/11/03 17:32:05 [17:32:05.953] [Node:0] [RPC_RECV] [Trace:CLIENT_0_1762162325953434000] 接收到日志命令:6334 isLeader:false term:9
2025/11/03 17:32:05 [17:32:05.961] [Node:0] [RPC_RECV] [Trace:CLIENT_0_1762162325961639000] 接收到日志命令:2182 isLeader:false term:9
2025/11/03 17:32:05 [17:32:05.970] [Node:0] [RPC_RECV] [Trace:CLIENT_0_1762162325970477000] 接收到日志命令:5514 isLeader:false term:9
2025/11/03 17:32:05 [17:32:05.979] [Node:0] [RPC_RECV] [Trace:CLIENT_0_1762162325979012000] 接收到日志命令:7688 isLeader:false term:9
2025/11/03 17:32:05 [17:32:05.989] [Node:0] [INFO] [STATE_CHANGE] FOLLOWER->FOLLOWER term:9 reason:变成Candidate
2025/11/03 17:32:05 [17:32:05.989] [Node:0] [TIMER_EVENT] [Trace:TIMER_0] 超时选举 since:281.579041ms threshold:221.828107ms
2025/11/03 17:32:05 [17:32:05.989] [Node:0] [RPC_SEND] [Trace:ELEC_0_10] 发送选举请求
2025/11/03 17:32:05 [17:32:05.989] [Node:0] [RPC_SEND] [Trace:ELEC_0_10] 发送选举请求
2025/11/03 17:32:05 [17:32:05.989] [Node:0] [RPC_SEND] [Trace:ELEC_0_10] 发送选举请求
2025/11/03 17:32:05 [17:32:05.989] [Node:0] [RPC_SEND] [Trace:ELEC_0_10] 发送选举请求
2025/11/03 17:32:05 [17:32:05.990] [Node:0] [RPC_RECV] [Trace:ELEC_4_10][4->0] RequestVote 接受 term:10 candidateId:4 lastLogIndex:8 lastLogTerm:9 currentTerm:10 status:CANDIDATE
2025/11/03 17:32:05 [17:32:05.990] [Node:0] [RPC_RECV] [Trace:ELEC_4_10][4->0] 投票信息 votedFor:0 lastLogTerm:9 lastLogIndex:8
2025/11/03 17:32:05 [17:32:05.990] [Node:0] [RPC_RECV] [Trace:ELEC_4_10][4->0] 投票失败兜底 candidate:4 term:10
2025/11/03 17:32:05 [17:32:05.992] [Node:0] [HEARTBEAT] [Trace:HB_0_10] Follower等心跳 status CANDIDATE term:10 commitIndex:8
2025/11/03 17:32:06 [17:32:06.009] [Node:0] [RPC_SEND] [Trace:ELEC_0_10] 处理投票返回 for term 10 reply:{10 false}
2025/11/03 17:32:06 [17:32:06.093] [Node:0] [HEARTBEAT] [Trace:HB_0_10] Follower等心跳 status CANDIDATE term:10 commitIndex:8
2025/11/03 17:32:06 [17:32:06.195] [Node:0] [HEARTBEAT] [Trace:HB_0_10] Follower等心跳 status CANDIDATE term:10 commitIndex:8
2025/11/03 17:32:06 [17:32:06.265] [Node:0] [RPC_RECV] [Trace:ELEC_4_11][4->0] RequestVote 接受 term:11 candidateId:4 lastLogIndex:8 lastLogTerm:9 currentTerm:10 status:CANDIDATE
2025/11/03 17:32:06 [17:32:06.265] [Node:0] [INFO] [STATE_CHANGE] CANDIDATE->FOLLOWER term:10 reason:降级成follower
2025/11/03 17:32:06 [17:32:06.265] [Node:0] [RPC_RECV] [Trace:ELEC_4_11][4->0] 投票信息 votedFor:-1 lastLogTerm:9 lastLogIndex:8
2025/11/03 17:32:06 [17:32:06.265] [Node:0] [RPC_RECV] [Trace:ELEC_4_11][4->0] 投票给 candidate:4 term:11
2025/11/03 17:32:06 [17:32:06.296] [Node:0] [HEARTBEAT] [Trace:HB_0_11] Follower等心跳 status FOLLOWER term:11 commitIndex:8
2025/11/03 17:32:06 [17:32:06.318] [Node:0] [HEARTBEAT] [Trace:LOG_4_11][4->0] AppendEntries 收到 term:11 leaderId:4 prevLogIndex:8 prevLogTerm:9 entries:0 leaderCommit:8 isHeartbeat:true currentTerm:11 status:FOLLOWER
2025/11/03 17:32:06 [17:32:06.318] [Node:0] [HEARTBEAT] [Trace:LOG_4_11][4->0] 打印日志结果:[{<nil> 0 false 0} {9885 2 false 1} {7369 4 false 2} {377 9 false 3} {5698 9 false 4} {3675 9 false 5} {7576 9 false 6} {6501 9 false 7} {8962 9 false 8}] 
2025/11/03 17:32:06 [17:32:06.318] [Node:0] [HEARTBEAT] [Trace:LOG_4_11][4->0] 复制日志结果:[{<nil> 0 false 0} {9885 2 false 1} {7369 4 false 2} {377 9 false 3} {5698 9 false 4} {3675 9 false 5} {7576 9 false 6} {6501 9 false 7} {8962 9 false 8}] 
2025/11/03 17:32:06 [17:32:06.333] [Node:0] [RPC_RECV] [Trace:CLIENT_0_1762162326333257000] 接收到日志命令:5445 isLeader:false term:11
2025/11/03 17:32:06 [17:32:06.397] [Node:0] [HEARTBEAT] [Trace:HB_0_11] Follower等心跳 status FOLLOWER term:11 commitIndex:8
2025/11/03 17:32:06 [17:32:06.410] [Node:0] [LOG_REPLICA] [Trace:LOG_4_11][4->0] AppendEntries 收到 term:11 leaderId:4 prevLogIndex:8 prevLogTerm:9 entries:1 leaderCommit:8 isHeartbeat:false currentTerm:11 status:FOLLOWER
2025/11/03 17:32:06 [17:32:06.410] [Node:0] [LOG_REPLICA] [Trace:LOG_4_11][4->0] 打印日志结果:[{<nil> 0 false 0} {9885 2 false 1} {7369 4 false 2} {377 9 false 3} {5698 9 false 4} {3675 9 false 5} {7576 9 false 6} {6501 9 false 7} {8962 9 false 8}] 
2025/11/03 17:32:06 [17:32:06.411] [Node:0] [LOG_REPLICA] [Trace:LOG_4_11][4->0] 复制日志结果:[{<nil> 0 false 0} {9885 2 false 1} {7369 4 false 2} {377 9 false 3} {5698 9 false 4} {3675 9 false 5} {7576 9 false 6} {6501 9 false 7} {8962 9 false 8} {9292 11 false 9}] 
2025/11/03 17:32:06 [17:32:06.499] [Node:0] [HEARTBEAT] [Trace:HB_0_11] Follower等心跳 status FOLLOWER term:11 commitIndex:8
2025/11/03 17:32:06 [17:32:06.505] [Node:0] [HEARTBEAT] [Trace:LOG_4_11][4->0] AppendEntries 收到 term:11 leaderId:4 prevLogIndex:9 prevLogTerm:11 entries:0 leaderCommit:9 isHeartbeat:true currentTerm:11 status:FOLLOWER
2025/11/03 17:32:06 [17:32:06.505] [Node:0] [HEARTBEAT] [Trace:LOG_4_11][4->0] 打印日志结果:[{<nil> 0 false 0} {9885 2 false 1} {7369 4 false 2} {377 9 false 3} {5698 9 false 4} {3675 9 false 5} {7576 9 false 6} {6501 9 false 7} {8962 9 false 8} {9292 11 false 9}] 
2025/11/03 17:32:06 [17:32:06.505] [Node:0] [HEARTBEAT] [Trace:LOG_4_11][4->0] 复制日志结果:[{<nil> 0 false 0} {9885 2 false 1} {7369 4 false 2} {377 9 false 3} {5698 9 false 4} {3675 9 false 5} {7576 9 false 6} {6501 9 false 7} {8962 9 false 8} {9292 11 false 9}] 
2025/11/03 17:32:06 [17:32:06.505] [Node:0] [LOG_COMMIT] [Trace:LOG_4_11][4->0] 收到LogEntry，并且Leader已经提交， 本地log 8->9 leaderCommit:9 lastApplied:8
2025/11/03 17:32:06 [17:32:06.505] [Node:0] [LOG_COMMIT] [Trace:APPLY_0_9] Applying logs count:1 log:[{9292 11 false 9}] lastApplied:9
2025/11/03 17:32:06 [17:32:06.572] [Node:0] [RPC_RECV] [Trace:CLIENT_0_1762162326572434000] 接收到日志命令:5494 isLeader:false term:11
2025/11/03 17:32:06 [17:32:06.589] [Node:0] [RPC_RECV] [Trace:CLIENT_0_1762162326589331000] 接收到日志命令:6515 isLeader:false term:11
2025/11/03 17:32:06 [17:32:06.599] [Node:0] [HEARTBEAT] [Trace:HB_0_11] Follower等心跳 status FOLLOWER term:11 commitIndex:9
2025/11/03 17:32:06 [17:32:06.605] [Node:0] [RPC_RECV] [Trace:CLIENT_0_1762162326605535000] 接收到日志命令:5751 isLeader:false term:11
2025/11/03 17:32:06 [17:32:06.621] [Node:0] [RPC_RECV] [Trace:CLIENT_0_1762162326621234000] 接收到日志命令:5086 isLeader:false term:11
2025/11/03 17:32:06 [17:32:06.633] [Node:0] [RPC_RECV] [Trace:CLIENT_0_1762162326633255000] 接收到日志命令:505 isLeader:false term:11
2025/11/03 17:32:06 [17:32:06.641] [Node:0] [RPC_RECV] [Trace:CLIENT_0_1762162326641689000] 接收到日志命令:8603 isLeader:false term:11
2025/11/03 17:32:06 [17:32:06.646] [Node:0] [RPC_RECV] [Trace:CLIENT_0_1762162326646166000] 接收到日志命令:9604 isLeader:false term:11
2025/11/03 17:32:06 [17:32:06.657] [Node:0] [RPC_RECV] [Trace:CLIENT_0_1762162326657063000] 接收到日志命令:7795 isLeader:false term:11
2025/11/03 17:32:06 [17:32:06.678] [Node:0] [RPC_RECV] [Trace:CLIENT_0_1762162326678324000] 接收到日志命令:7722 isLeader:false term:11
2025/11/03 17:32:06 [17:32:06.686] [Node:0] [RPC_RECV] [Trace:CLIENT_0_1762162326686077000] 接收到日志命令:8905 isLeader:false term:11
2025/11/03 17:32:06 [17:32:06.693] [Node:0] [RPC_RECV] [Trace:CLIENT_0_1762162326692989000] 接收到日志命令:7057 isLeader:false term:11
2025/11/03 17:32:06 [17:32:06.699] [Node:0] [HEARTBEAT] [Trace:HB_0_11] Follower等心跳 status FOLLOWER term:11 commitIndex:9
2025/11/03 17:32:06 [17:32:06.701] [Node:0] [RPC_RECV] [Trace:CLIENT_0_1762162326701437000] 接收到日志命令:3013 isLeader:false term:11
2025/11/03 17:32:06 [17:32:06.704] [Node:0] [RPC_RECV] [Trace:CLIENT_0_1762162326704201000] 接收到日志命令:1304 isLeader:false term:11
2025/11/03 17:32:06 [17:32:06.711] [Node:0] [RPC_RECV] [Trace:CLIENT_0_1762162326711974000] 接收到日志命令:1963 isLeader:false term:11
2025/11/03 17:32:06 [17:32:06.718] [Node:0] [RPC_RECV] [Trace:CLIENT_0_1762162326718173000] 接收到日志命令:3350 isLeader:false term:11
2025/11/03 17:32:06 [17:32:06.722] [Node:0] [LOG_REPLICA] [Trace:LOG_3_2][3->0] AppendEntries 收到 term:2 leaderId:3 prevLogIndex:0 prevLogTerm:0 entries:72 leaderCommit:1 isHeartbeat:false currentTerm:11 status:FOLLOWER
2025/11/03 17:32:06 [17:32:06.723] [Node:0] [LOG_REPLICA] [Trace:LOG_3_2][3->0] Rejected: 收到心跳，但是term小于当前term term(2) < currentTerm(11)
2025/11/03 17:32:06 [17:32:06.728] [Node:0] [RPC_RECV] [Trace:CLIENT_0_1762162326728243000] 接收到日志命令:2498 isLeader:false term:11
2025/11/03 17:32:06 [17:32:06.730] [Node:0] [RPC_RECV] [Trace:CLIENT_0_1762162326730130000] 接收到日志命令:7992 isLeader:false term:11
2025/11/03 17:32:06 [17:32:06.731] [Node:0] [RPC_RECV] [Trace:CLIENT_0_1762162326731961000] 接收到日志命令:2374 isLeader:false term:11
2025/11/03 17:32:06 [17:32:06.739] [Node:0] [RPC_RECV] [Trace:CLIENT_0_1762162326739273000] 接收到日志命令:6423 isLeader:false term:11
2025/11/03 17:32:06 [17:32:06.745] [Node:0] [RPC_RECV] [Trace:CLIENT_0_1762162326745773000] 接收到日志命令:380 isLeader:false term:11
2025/11/03 17:32:06 [17:32:06.754] [Node:0] [RPC_RECV] [Trace:CLIENT_0_1762162326754903000] 接收到日志命令:490 isLeader:false term:11
2025/11/03 17:32:06 [17:32:06.763] [Node:0] [RPC_RECV] [Trace:CLIENT_0_1762162326763804000] 接收到日志命令:6854 isLeader:false term:11
2025/11/03 17:32:06 [17:32:06.779] [Node:0] [RPC_RECV] [Trace:CLIENT_0_1762162326779347000] 接收到日志命令:1403 isLeader:false term:11
2025/11/03 17:32:06 [17:32:06.782] [Node:0] [RPC_RECV] [Trace:CLIENT_0_1762162326782494000] 接收到日志命令:2590 isLeader:false term:11
2025/11/03 17:32:06 [17:32:06.789] [Node:0] [RPC_RECV] [Trace:CLIENT_0_1762162326789075000] 接收到日志命令:9541 isLeader:false term:11
2025/11/03 17:32:06 [17:32:06.791] [Node:0] [RPC_RECV] [Trace:CLIENT_0_1762162326791423000] 接收到日志命令:1884 isLeader:false term:11
2025/11/03 17:32:06 [17:32:06.803] [Node:0] [RPC_RECV] [Trace:CLIENT_0_1762162326803160000] 接收到日志命令:7049 isLeader:false term:11
2025/11/03 17:32:06 [17:32:06.806] [Node:0] [HEARTBEAT] [Trace:HB_0_11] Follower等心跳 status FOLLOWER term:11 commitIndex:9
2025/11/03 17:32:06 [17:32:06.812] [Node:0] [RPC_RECV] [Trace:CLIENT_0_1762162326812959000] 接收到日志命令:9200 isLeader:false term:11
2025/11/03 17:32:06 [17:32:06.820] [Node:0] [RPC_RECV] [Trace:CLIENT_0_1762162326820124000] 接收到日志命令:6779 isLeader:false term:11
2025/11/03 17:32:06 [17:32:06.831] [Node:0] [RPC_RECV] [Trace:CLIENT_0_1762162326831306000] 接收到日志命令:9035 isLeader:false term:11
2025/11/03 17:32:06 [17:32:06.837] [Node:0] [RPC_RECV] [Trace:CLIENT_0_1762162326837071000] 接收到日志命令:1303 isLeader:false term:11
2025/11/03 17:32:06 [17:32:06.849] [Node:0] [RPC_RECV] [Trace:CLIENT_0_1762162326849518000] 接收到日志命令:1131 isLeader:false term:11
2025/11/03 17:32:06 [17:32:06.877] [Node:0] [RPC_RECV] [Trace:CLIENT_0_1762162326877484000] 接收到日志命令:1074 isLeader:false term:11
2025/11/03 17:32:06 [17:32:06.881] [Node:0] [RPC_RECV] [Trace:CLIENT_0_1762162326881785000] 接收到日志命令:1551 isLeader:false term:11
2025/11/03 17:32:06 [17:32:06.886] [Node:0] [RPC_RECV] [Trace:CLIENT_0_1762162326886381000] 接收到日志命令:6912 isLeader:false term:11
2025/11/03 17:32:06 [17:32:06.890] [Node:0] [RPC_RECV] [Trace:CLIENT_0_1762162326890437000] 接收到日志命令:2109 isLeader:false term:11
2025/11/03 17:32:06 [17:32:06.894] [Node:0] [RPC_RECV] [Trace:CLIENT_0_1762162326894954000] 接收到日志命令:7468 isLeader:false term:11
2025/11/03 17:32:06 [17:32:06.896] [Node:0] [RPC_RECV] [Trace:CLIENT_0_1762162326896957000] 接收到日志命令:3229 isLeader:false term:11
2025/11/03 17:32:06 [17:32:06.903] [Node:0] [RPC_RECV] [Trace:CLIENT_0_1762162326903448000] 接收到日志命令:456 isLeader:false term:11
2025/11/03 17:32:06 [17:32:06.906] [Node:0] [HEARTBEAT] [Trace:HB_0_11] Follower等心跳 status FOLLOWER term:11 commitIndex:9
2025/11/03 17:32:06 [17:32:06.915] [Node:0] [RPC_RECV] [Trace:CLIENT_0_1762162326915559000] 接收到日志命令:5435 isLeader:false term:11
2025/11/03 17:32:06 [17:32:06.956] [Node:0] [RPC_RECV] [Trace:ELEC_3_12][3->0] RequestVote 接受 term:12 candidateId:3 lastLogIndex:73 lastLogTerm:2 currentTerm:11 status:FOLLOWER
2025/11/03 17:32:06 [17:32:06.956] [Node:0] [INFO] [STATE_CHANGE] FOLLOWER->FOLLOWER term:11 reason:降级成follower
2025/11/03 17:32:06 [17:32:06.956] [Node:0] [RPC_RECV] [Trace:ELEC_3_12][3->0] 投票信息 votedFor:-1 lastLogTerm:11 lastLogIndex:9
2025/11/03 17:32:06 [17:32:06.956] [Node:0] [RPC_RECV] [Trace:ELEC_3_12][3->0] 投票失败兜底 candidate:3 term:12
2025/11/03 17:32:07 [17:32:07.000] [Node:0] [INFO] [STATE_CHANGE] FOLLOWER->FOLLOWER term:12 reason:变成Candidate
2025/11/03 17:32:07 [17:32:07.000] [Node:0] [TIMER_EVENT] [Trace:TIMER_0] 超时选举 since:277.756ms threshold:220.717275ms
2025/11/03 17:32:07 [17:32:07.001] [Node:0] [RPC_SEND] [Trace:ELEC_0_13] 发送选举请求
2025/11/03 17:32:07 [17:32:07.001] [Node:0] [RPC_SEND] [Trace:ELEC_0_13] 发送选举请求
2025/11/03 17:32:07 [17:32:07.001] [Node:0] [RPC_SEND] [Trace:ELEC_0_13] 发送选举请求
2025/11/03 17:32:07 [17:32:07.001] [Node:0] [RPC_SEND] [Trace:ELEC_0_13] 发送选举请求
2025/11/03 17:32:07 [17:32:07.007] [Node:0] [HEARTBEAT] [Trace:HB_0_13] Follower等心跳 status CANDIDATE term:13 commitIndex:9
2025/11/03 17:32:07 [17:32:07.014] [Node:0] [RPC_SEND] [Trace:ELEC_0_13] 处理投票返回 for term 13 reply:{13 true}
2025/11/03 17:32:07 [17:32:07.062] [Node:0] [RPC_RECV] [Trace:CLIENT_0_1762162327062624000] 接收到日志命令:1248 isLeader:false term:13
2025/11/03 17:32:07 [17:32:07.072] [Node:0] [RPC_RECV] [Trace:CLIENT_0_1762162327072664000] 接收到日志命令:6252 isLeader:false term:13
2025/11/03 17:32:07 [17:32:07.078] [Node:0] [RPC_RECV] [Trace:CLIENT_0_1762162327078361000] 接收到日志命令:8436 isLeader:false term:13
2025/11/03 17:32:07 [17:32:07.091] [Node:0] [RPC_RECV] [Trace:CLIENT_0_1762162327091399000] 接收到日志命令:2209 isLeader:false term:13
2025/11/03 17:32:07 [17:32:07.105] [Node:0] [RPC_RECV] [Trace:CLIENT_0_1762162327104553000] 接收到日志命令:925 isLeader:false term:13
2025/11/03 17:32:07 [17:32:07.108] [Node:0] [HEARTBEAT] [Trace:HB_0_13] Follower等心跳 status CANDIDATE term:13 commitIndex:9
2025/11/03 17:32:07 [17:32:07.112] [Node:0] [RPC_RECV] [Trace:ELEC_2_13][2->0] RequestVote 接受 term:13 candidateId:2 lastLogIndex:9 lastLogTerm:11 currentTerm:13 status:CANDIDATE
2025/11/03 17:32:07 [17:32:07.112] [Node:0] [RPC_RECV] [Trace:ELEC_2_13][2->0] 投票信息 votedFor:0 lastLogTerm:11 lastLogIndex:9
2025/11/03 17:32:07 [17:32:07.112] [Node:0] [RPC_RECV] [Trace:ELEC_2_13][2->0] 投票失败兜底 candidate:2 term:13
2025/11/03 17:32:07 [17:32:07.118] [Node:0] [RPC_RECV] [Trace:CLIENT_0_1762162327118289000] 接收到日志命令:2255 isLeader:false term:13
2025/11/03 17:32:07 [17:32:07.120] [Node:0] [RPC_RECV] [Trace:CLIENT_0_1762162327120501000] 接收到日志命令:7078 isLeader:false term:13
2025/11/03 17:32:07 [17:32:07.125] [Node:0] [RPC_RECV] [Trace:CLIENT_0_1762162327125581000] 接收到日志命令:9034 isLeader:false term:13
2025/11/03 17:32:07 [17:32:07.208] [Node:0] [HEARTBEAT] [Trace:HB_0_13] Follower等心跳 status CANDIDATE term:13 commitIndex:9
2025/11/03 17:32:07 [17:32:07.222] [Node:0] [INFO] [STATE_CHANGE] CANDIDATE->FOLLOWER term:13 reason:变成Candidate
2025/11/03 17:32:07 [17:32:07.222] [Node:0] [TIMER_EVENT] [Trace:TIMER_0] 超时选举 since:221.425125ms threshold:205.376979ms
2025/11/03 17:32:07 [17:32:07.222] [Node:0] [RPC_SEND] [Trace:ELEC_0_14] 发送选举请求
2025/11/03 17:32:07 [17:32:07.223] [Node:0] [RPC_SEND] [Trace:ELEC_0_14] 发送选举请求
2025/11/03 17:32:07 [17:32:07.223] [Node:0] [RPC_SEND] [Trace:ELEC_0_14] 发送选举请求
2025/11/03 17:32:07 [17:32:07.223] [Node:0] [RPC_SEND] [Trace:ELEC_0_14] 发送选举请求
2025/11/03 17:32:07 [17:32:07.237] [Node:0] [RPC_SEND] [Trace:ELEC_0_14] 处理投票返回 for term 14 reply:{14 true}
2025/11/03 17:32:07 [17:32:07.252] [Node:0] [RPC_SEND] [Trace:ELEC_0_14] 处理投票返回 for term 14 reply:{14 true}
2025/11/03 17:32:07 [17:32:07.252] [Node:0] [INFO] [STATE_CHANGE] CANDIDATE->LEADER term:14 reason:成为Leader
2025/11/03 17:32:07 [17:32:07.309] [Node:0] [HEARTBEAT] [Trace:HB_0_14] 开始发送心跳广播 status LEADER term:14 commitIndex:9
2025/11/03 17:32:07 [17:32:07.337] [Node:0] [LOG_REPLICA] [Trace:LOG_0_14][0->3] 心跳返回 from peer:3 term:14 success:false
2025/11/03 17:32:07 [17:32:07.337] [Node:0] [LOG_REPLICA] [Trace:LOG_0_14][0->3] 日志复制返回失败，开始快速恢复 for peer:3 starting fast recovery replyLogIndex:1
2025/11/03 17:32:07 [17:32:07.338] [Node:0] [LOG_REPLICA] [Trace:LOG_0_14][0->2] 心跳返回 from peer:2 term:14 success:true
2025/11/03 17:32:07 [17:32:07.365] [Node:0] [LOG_REPLICA] [Trace:LOG_0_14][0->3] 心跳返回 from peer:3 term:14 success:true
2025/11/03 17:32:07 [17:32:07.366] [Node:0] [LOG_REPLICA] [Trace:LOG_0_14][0->3] 日志复制返回成功 from peer:3 term:14 agreeCount:2 log [{9885 2 false 1} {7369 4 false 2} {377 9 false 3} {5698 9 false 4} {3675 9 false 5} {7576 9 false 6} {6501 9 false 7} {8962 9 false 8} {9292 11 false 9}]
2025/11/03 17:32:07 [17:32:07.366] [Node:0] [LOG_REPLICA] [Trace:LOG_0_14][0->3] 更新后 server:3 matchIndex:9 nextIndex:10
2025/11/03 17:32:07 [17:32:07.409] [Node:0] [HEARTBEAT] [Trace:HB_0_14] 开始发送心跳广播 status LEADER term:14 commitIndex:9
2025/11/03 17:32:07 [17:32:07.437] [Node:0] [LOG_REPLICA] [Trace:LOG_0_14][0->3] 心跳返回 from peer:3 term:14 success:true
2025/11/03 17:32:07 [17:32:07.510] [Node:0] [HEARTBEAT] [Trace:HB_0_14] 开始发送心跳广播 status LEADER term:14 commitIndex:9
2025/11/03 17:32:07 [17:32:07.525] [Node:0] [LOG_REPLICA] [Trace:LOG_0_14][0->2] 心跳返回 from peer:2 term:14 success:true
2025/11/03 17:32:07 [17:32:07.533] [Node:0] [LOG_REPLICA] [Trace:LOG_0_14][0->3] 心跳返回 from peer:3 term:14 success:true
2025/11/03 17:32:07 [17:32:07.538] [Node:0] [RPC_RECV] [Trace:CLIENT_0_1762162327538914000] 接收到日志命令:5826 isLeader:true term:14
2025/11/03 17:32:07 [17:32:07.610] [Node:0] [HEARTBEAT] [Trace:HB_0_14] 开始发送心跳广播 status LEADER term:14 commitIndex:9
2025/11/03 17:32:07 [17:32:07.620] [Node:0] [LOG_REPLICA] [Trace:LOG_0_14][0->2] 心跳返回 from peer:2 term:14 success:true
2025/11/03 17:32:07 [17:32:07.620] [Node:0] [LOG_REPLICA] [Trace:LOG_0_14][0->2] 日志复制返回成功 from peer:2 term:14 agreeCount:2 log [{5826 14 false 10}]
2025/11/03 17:32:07 [17:32:07.620] [Node:0] [LOG_REPLICA] [Trace:LOG_0_14][0->2] 更新后 server:2 matchIndex:10 nextIndex:11
2025/11/03 17:32:07 [17:32:07.636] [Node:0] [LOG_REPLICA] [Trace:LOG_0_14][0->3] 心跳返回 from peer:3 term:14 success:true
2025/11/03 17:32:07 [17:32:07.636] [Node:0] [LOG_REPLICA] [Trace:LOG_0_14][0->3] 日志复制返回成功 from peer:3 term:14 agreeCount:3 log [{5826 14 false 10}]
2025/11/03 17:32:07 [17:32:07.636] [Node:0] [LOG_REPLICA] [Trace:LOG_0_14][0->3] 更新后 server:3 matchIndex:10 nextIndex:11
2025/11/03 17:32:07 [17:32:07.637] [Node:0] [LOG_COMMIT] [Trace:LOG_0_14] 日志复制返回成功 多数同意，提交日志给KV服务器 index:10 term:14 majorityCount:3
2025/11/03 17:32:07 [17:32:07.637] [Node:0] [LOG_COMMIT] [Trace:APPLY_0_10] Applying logs count:1 log:[{5826 14 false 10}] lastApplied:10
2025/11/03 17:32:07 [17:32:07.712] [Node:0] [HEARTBEAT] [Trace:HB_0_14] 开始发送心跳广播 status LEADER term:14 commitIndex:10
2025/11/03 17:32:07 [17:32:07.721] [Node:0] [LOG_REPLICA] [Trace:LOG_0_14][0->2] 心跳返回 from peer:2 term:14 success:true
2025/11/03 17:32:07 [17:32:07.813] [Node:0] [HEARTBEAT] [Trace:HB_0_14] 开始发送心跳广播 status LEADER term:14 commitIndex:10
2025/11/03 17:32:07 [17:32:07.823] [Node:0] [LOG_REPLICA] [Trace:LOG_0_14][0->2] 心跳返回 from peer:2 term:14 success:true
2025/11/03 17:32:07 [17:32:07.840] [Node:0] [LOG_REPLICA] [Trace:LOG_0_14][0->3] 心跳返回 from peer:3 term:14 success:true
2025/11/03 17:32:07 [17:32:07.915] [Node:0] [HEARTBEAT] [Trace:HB_0_14] 开始发送心跳广播 status LEADER term:14 commitIndex:10
2025/11/03 17:32:07 [17:32:07.923] [Node:0] [LOG_REPLICA] [Trace:LOG_0_14][0->2] 心跳返回 from peer:2 term:14 success:true
2025/11/03 17:32:08 [17:32:08.014] [Node:0] [RPC_RECV] [Trace:CLIENT_0_1762162328014663000] 接收到日志命令:1116 isLeader:true term:14
2025/11/03 17:32:08 [17:32:08.017] [Node:0] [HEARTBEAT] [Trace:HB_0_14] 开始发送心跳广播 status LEADER term:14 commitIndex:10
2025/11/03 17:32:08 [17:32:08.023] [Node:0] [LOG_REPLICA] [Trace:LOG_0_14][0->3] 心跳返回 from peer:3 term:14 success:true
2025/11/03 17:32:08 [17:32:08.023] [Node:0] [LOG_REPLICA] [Trace:LOG_0_14][0->3] 日志复制返回成功 from peer:3 term:14 agreeCount:2 log [{1116 14 false 11}]
2025/11/03 17:32:08 [17:32:08.023] [Node:0] [LOG_REPLICA] [Trace:LOG_0_14][0->3] 更新后 server:3 matchIndex:11 nextIndex:12
2025/11/03 17:32:08 [17:32:08.024] [Node:0] [RPC_RECV] [Trace:CLIENT_0_1762162328024172000] 接收到日志命令:2016 isLeader:true term:14
2025/11/03 17:32:08 [17:32:08.032] [Node:0] [LOG_REPLICA] [Trace:LOG_0_14][0->2] 心跳返回 from peer:2 term:14 success:true
2025/11/03 17:32:08 [17:32:08.032] [Node:0] [LOG_REPLICA] [Trace:LOG_0_14][0->2] 日志复制返回成功 from peer:2 term:14 agreeCount:3 log [{1116 14 false 11}]
2025/11/03 17:32:08 [17:32:08.032] [Node:0] [LOG_REPLICA] [Trace:LOG_0_14][0->2] 更新后 server:2 matchIndex:11 nextIndex:12
2025/11/03 17:32:08 [17:32:08.032] [Node:0] [LOG_COMMIT] [Trace:LOG_0_14] 日志复制返回成功 多数同意，提交日志给KV服务器 index:11 term:14 majorityCount:3
2025/11/03 17:32:08 [17:32:08.032] [Node:0] [LOG_COMMIT] [Trace:APPLY_0_11] Applying logs count:1 log:[{1116 14 false 11}] lastApplied:11
2025/11/03 17:32:08 [17:32:08.035] [Node:0] [RPC_RECV] [Trace:CLIENT_0_1762162328035145000] 接收到日志命令:6455 isLeader:true term:14
2025/11/03 17:32:08 [17:32:08.043] [Node:0] [RPC_RECV] [Trace:CLIENT_0_1762162328043795000] 接收到日志命令:3787 isLeader:true term:14
2025/11/03 17:32:08 [17:32:08.056] [Node:0] [RPC_RECV] [Trace:CLIENT_0_1762162328056316000] 接收到日志命令:6877 isLeader:true term:14
2025/11/03 17:32:08 [17:32:08.069] [Node:0] [RPC_RECV] [Trace:CLIENT_0_1762162328069296000] 接收到日志命令:997 isLeader:true term:14
2025/11/03 17:32:08 [17:32:08.117] [Node:0] [HEARTBEAT] [Trace:HB_0_14] 开始发送心跳广播 status LEADER term:14 commitIndex:11
2025/11/03 17:32:08 [17:32:08.219] [Node:0] [HEARTBEAT] [Trace:HB_0_14] 开始发送心跳广播 status LEADER term:14 commitIndex:11
2025/11/03 17:32:08 [17:32:08.330] [Node:0] [HEARTBEAT] [Trace:HB_0_14] 开始发送心跳广播 status LEADER term:14 commitIndex:11
2025/11/03 17:32:08 [17:32:08.433] [Node:0] [HEARTBEAT] [Trace:HB_0_14] 开始发送心跳广播 status LEADER term:14 commitIndex:11
2025/11/03 17:32:08 [17:32:08.533] [Node:0] [HEARTBEAT] [Trace:HB_0_14] 开始发送心跳广播 status LEADER term:14 commitIndex:11
2025/11/03 17:32:08 [17:32:08.562] [Node:0] [RPC_RECV] [Trace:CLIENT_0_1762162328562073000] 接收到日志命令:3582 isLeader:true term:14
2025/11/03 17:32:08 [17:32:08.575] [Node:0] [RPC_RECV] [Trace:CLIENT_0_1762162328574969000] 接收到日志命令:7942 isLeader:true term:14
2025/11/03 17:32:08 [17:32:08.583] [Node:0] [RPC_RECV] [Trace:CLIENT_0_1762162328583835000] 接收到日志命令:9721 isLeader:true term:14
2025/11/03 17:32:08 [17:32:08.595] [Node:0] [RPC_RECV] [Trace:CLIENT_0_1762162328595495000] 接收到日志命令:961 isLeader:true term:14
2025/11/03 17:32:08 [17:32:08.601] [Node:0] [RPC_RECV] [Trace:CLIENT_0_1762162328601965000] 接收到日志命令:3696 isLeader:true term:14
2025/11/03 17:32:08 [17:32:08.616] [Node:0] [RPC_RECV] [Trace:CLIENT_0_1762162328616454000] 接收到日志命令:4484 isLeader:true term:14
2025/11/03 17:32:08 [17:32:08.632] [Node:0] [RPC_RECV] [Trace:CLIENT_0_1762162328632190000] 接收到日志命令:1384 isLeader:true term:14
2025/11/03 17:32:08 [17:32:08.633] [Node:0] [HEARTBEAT] [Trace:HB_0_14] 开始发送心跳广播 status LEADER term:14 commitIndex:11
2025/11/03 17:32:08 [17:32:08.645] [Node:0] [RPC_RECV] [Trace:CLIENT_0_1762162328645719000] 接收到日志命令:4475 isLeader:true term:14
2025/11/03 17:32:08 [17:32:08.657] [Node:0] [RPC_RECV] [Trace:CLIENT_0_1762162328657884000] 接收到日志命令:3270 isLeader:true term:14
2025/11/03 17:32:08 [17:32:08.670] [Node:0] [RPC_RECV] [Trace:CLIENT_0_1762162328670164000] 接收到日志命令:6639 isLeader:true term:14
2025/11/03 17:32:08 [17:32:08.679] [Node:0] [RPC_RECV] [Trace:CLIENT_0_1762162328679199000] 接收到日志命令:7015 isLeader:true term:14
2025/11/03 17:32:08 [17:32:08.681] [Node:0] [RPC_RECV] [Trace:CLIENT_0_1762162328681924000] 接收到日志命令:7135 isLeader:true term:14
2025/11/03 17:32:08 [17:32:08.689] [Node:0] [RPC_RECV] [Trace:CLIENT_0_1762162328689822000] 接收到日志命令:3080 isLeader:true term:14
2025/11/03 17:32:08 [17:32:08.696] [Node:0] [RPC_RECV] [Trace:CLIENT_0_1762162328696511000] 接收到日志命令:9344 isLeader:true term:14
2025/11/03 17:32:08 [17:32:08.698] [Node:0] [RPC_RECV] [Trace:CLIENT_0_1762162328698625000] 接收到日志命令:3314 isLeader:true term:14
2025/11/03 17:32:08 [17:32:08.708] [Node:0] [RPC_RECV] [Trace:CLIENT_0_1762162328708669000] 接收到日志命令:1459 isLeader:true term:14
2025/11/03 17:32:08 [17:32:08.710] [Node:0] [RPC_RECV] [Trace:CLIENT_0_1762162328710784000] 接收到日志命令:7663 isLeader:true term:14
2025/11/03 17:32:08 [17:32:08.714] [Node:0] [RPC_RECV] [Trace:CLIENT_0_1762162328714301000] 接收到日志命令:6925 isLeader:true term:14
2025/11/03 17:32:08 [17:32:08.723] [Node:0] [RPC_RECV] [Trace:CLIENT_0_1762162328723338000] 接收到日志命令:4900 isLeader:true term:14
2025/11/03 17:32:08 [17:32:08.734] [Node:0] [HEARTBEAT] [Trace:HB_0_14] 开始发送心跳广播 status LEADER term:14 commitIndex:11
2025/11/03 17:32:08 [17:32:08.735] [Node:0] [RPC_RECV] [Trace:CLIENT_0_1762162328735820000] 接收到日志命令:67 isLeader:true term:14
2025/11/03 17:32:08 [17:32:08.834] [Node:0] [HEARTBEAT] [Trace:HB_0_14] 开始发送心跳广播 status LEADER term:14 commitIndex:11
2025/11/03 17:32:08 [17:32:08.904] [Node:0] [RPC_RECV] [Trace:CLIENT_0_1762162328904640000] 接收到日志命令:3809 isLeader:true term:14
2025/11/03 17:32:08 [17:32:08.917] [Node:0] [RPC_RECV] [Trace:CLIENT_0_1762162328917191000] 接收到日志命令:1962 isLeader:true term:14
2025/11/03 17:32:08 [17:32:08.920] [Node:0] [RPC_RECV] [Trace:CLIENT_0_1762162328920046000] 接收到日志命令:8178 isLeader:true term:14
2025/11/03 17:32:08 [17:32:08.935] [Node:0] [RPC_RECV] [Trace:CLIENT_0_1762162328935621000] 接收到日志命令:4765 isLeader:true term:14
2025/11/03 17:32:08 [17:32:08.936] [Node:0] [HEARTBEAT] [Trace:HB_0_14] 开始发送心跳广播 status LEADER term:14 commitIndex:11
2025/11/03 17:32:08 [17:32:08.950] [Node:0] [RPC_RECV] [Trace:CLIENT_0_1762162328950755000] 接收到日志命令:9716 isLeader:true term:14
2025/11/03 17:32:08 [17:32:08.961] [Node:0] [RPC_RECV] [Trace:CLIENT_0_1762162328961779000] 接收到日志命令:2238 isLeader:true term:14
2025/11/03 17:32:08 [17:32:08.971] [Node:0] [RPC_RECV] [Trace:CLIENT_0_1762162328971380000] 接收到日志命令:1036 isLeader:true term:14
2025/11/03 17:32:08 [17:32:08.977] [Node:0] [RPC_RECV] [Trace:CLIENT_0_1762162328977503000] 接收到日志命令:3723 isLeader:true term:14
2025/11/03 17:32:08 [17:32:08.985] [Node:0] [RPC_RECV] [Trace:CLIENT_0_1762162328985804000] 接收到日志命令:1482 isLeader:true term:14
2025/11/03 17:32:08 [17:32:08.992] [Node:0] [RPC_RECV] [Trace:CLIENT_0_1762162328992259000] 接收到日志命令:7188 isLeader:true term:14
2025/11/03 17:32:09 [17:32:09.038] [Node:0] [HEARTBEAT] [Trace:HB_0_14] 开始发送心跳广播 status LEADER term:14 commitIndex:11
2025/11/03 17:32:09 [17:32:09.138] [Node:0] [HEARTBEAT] [Trace:HB_0_14] 开始发送心跳广播 status LEADER term:14 commitIndex:11
2025/11/03 17:32:09 [17:32:09.239] [Node:0] [HEARTBEAT] [Trace:HB_0_14] 开始发送心跳广播 status LEADER term:14 commitIndex:11
2025/11/03 17:32:09 [17:32:09.318] [Node:0] [RPC_RECV] [Trace:CLIENT_0_1762162329318300000] 接收到日志命令:4694 isLeader:true term:14
2025/11/03 17:32:09 [17:32:09.329] [Node:0] [RPC_RECV] [Trace:CLIENT_0_1762162329329196000] 接收到日志命令:5142 isLeader:true term:14
2025/11/03 17:32:09 [17:32:09.339] [Node:0] [HEARTBEAT] [Trace:HB_0_14] 开始发送心跳广播 status LEADER term:14 commitIndex:11
2025/11/03 17:32:09 [17:32:09.344] [Node:0] [RPC_RECV] [Trace:CLIENT_0_1762162329344109000] 接收到日志命令:9459 isLeader:true term:14
2025/11/03 17:32:09 [17:32:09.354] [Node:0] [RPC_RECV] [Trace:CLIENT_0_1762162329354414000] 接收到日志命令:5273 isLeader:true term:14
2025/11/03 17:32:09 [17:32:09.358] [Node:0] [RPC_RECV] [Trace:CLIENT_0_1762162329358765000] 接收到日志命令:8290 isLeader:true term:14
2025/11/03 17:32:09 [17:32:09.370] [Node:0] [RPC_RECV] [Trace:CLIENT_0_1762162329370588000] 接收到日志命令:2963 isLeader:true term:14
2025/11/03 17:32:09 [17:32:09.377] [Node:0] [RPC_RECV] [Trace:CLIENT_0_1762162329377103000] 接收到日志命令:4350 isLeader:true term:14
2025/11/03 17:32:09 [17:32:09.385] [Node:0] [RPC_RECV] [Trace:CLIENT_0_1762162329385881000] 接收到日志命令:4885 isLeader:true term:14
2025/11/03 17:32:09 [17:32:09.392] [Node:0] [RPC_RECV] [Trace:CLIENT_0_1762162329392944000] 接收到日志命令:914 isLeader:true term:14
2025/11/03 17:32:09 [17:32:09.402] [Node:0] [RPC_RECV] [Trace:CLIENT_0_1762162329402841000] 接收到日志命令:6978 isLeader:true term:14
2025/11/03 17:32:09 [17:32:09.406] [Node:0] [RPC_RECV] [Trace:CLIENT_0_1762162329406358000] 接收到日志命令:1291 isLeader:true term:14
2025/11/03 17:32:09 [17:32:09.411] [Node:0] [RPC_RECV] [Trace:CLIENT_0_1762162329411088000] 接收到日志命令:743 isLeader:true term:14
2025/11/03 17:32:09 [17:32:09.418] [Node:0] [RPC_RECV] [Trace:CLIENT_0_1762162329418821000] 接收到日志命令:4023 isLeader:true term:14
2025/11/03 17:32:09 [17:32:09.432] [Node:0] [RPC_RECV] [Trace:CLIENT_0_1762162329432860000] 接收到日志命令:1490 isLeader:true term:14
2025/11/03 17:32:09 [17:32:09.438] [Node:0] [RPC_RECV] [Trace:CLIENT_0_1762162329438594000] 接收到日志命令:2923 isLeader:true term:14
2025/11/03 17:32:09 [17:32:09.440] [Node:0] [HEARTBEAT] [Trace:HB_0_14] 开始发送心跳广播 status LEADER term:14 commitIndex:11
2025/11/03 17:32:09 [17:32:09.446] [Node:0] [RPC_RECV] [Trace:CLIENT_0_1762162329446286000] 接收到日志命令:846 isLeader:true term:14
2025/11/03 17:32:09 [17:32:09.456] [Node:0] [RPC_RECV] [Trace:CLIENT_0_1762162329456956000] 接收到日志命令:4785 isLeader:true term:14
2025/11/03 17:32:09 [17:32:09.549] [Node:0] [HEARTBEAT] [Trace:HB_0_14] 开始发送心跳广播 status LEADER term:14 commitIndex:11
2025/11/03 17:32:09 [17:32:09.591] [Node:0] [RPC_RECV] [Trace:CLIENT_0_1762162329591275000] 接收到日志命令:3307 isLeader:true term:14
2025/11/03 17:32:09 [17:32:09.593] [Node:0] [RPC_RECV] [Trace:CLIENT_0_1762162329593492000] 接收到日志命令:2373 isLeader:true term:14
2025/11/03 17:32:09 [17:32:09.606] [Node:0] [RPC_RECV] [Trace:CLIENT_0_1762162329605950000] 接收到日志命令:2293 isLeader:true term:14
2025/11/03 17:32:09 [17:32:09.619] [Node:0] [RPC_RECV] [Trace:CLIENT_0_1762162329619650000] 接收到日志命令:6502 isLeader:true term:14
2025/11/03 17:32:09 [17:32:09.634] [Node:0] [RPC_RECV] [Trace:CLIENT_0_1762162329634460000] 接收到日志命令:1038 isLeader:true term:14
2025/11/03 17:32:09 [17:32:09.646] [Node:0] [RPC_RECV] [Trace:CLIENT_0_1762162329646414000] 接收到日志命令:5970 isLeader:true term:14
2025/11/03 17:32:09 [17:32:09.649] [Node:0] [HEARTBEAT] [Trace:HB_0_14] 开始发送心跳广播 status LEADER term:14 commitIndex:11
2025/11/03 17:32:09 [17:32:09.663] [Node:0] [RPC_RECV] [Trace:CLIENT_0_1762162329663593000] 接收到日志命令:4513 isLeader:true term:14
2025/11/03 17:32:09 [17:32:09.673] [Node:0] [RPC_RECV] [Trace:CLIENT_0_1762162329673772000] 接收到日志命令:3183 isLeader:true term:14
2025/11/03 17:32:09 [17:32:09.696] [Node:0] [RPC_RECV] [Trace:CLIENT_0_1762162329696168000] 接收到日志命令:2136 isLeader:true term:14
2025/11/03 17:32:09 [17:32:09.699] [Node:0] [RPC_RECV] [Trace:CLIENT_0_1762162329699494000] 接收到日志命令:1434 isLeader:true term:14
2025/11/03 17:32:09 [17:32:09.712] [Node:0] [RPC_RECV] [Trace:CLIENT_0_1762162329712462000] 接收到日志命令:5090 isLeader:true term:14
2025/11/03 17:32:09 [17:32:09.717] [Node:0] [RPC_RECV] [Trace:CLIENT_0_1762162329717303000] 接收到日志命令:48 isLeader:true term:14
2025/11/03 17:32:09 [17:32:09.718] [Node:0] [RPC_RECV] [Trace:CLIENT_0_1762162329718583000] 接收到日志命令:8020 isLeader:true term:14
2025/11/03 17:32:09 [17:32:09.732] [Node:0] [RPC_RECV] [Trace:CLIENT_0_1762162329732260000] 接收到日志命令:3465 isLeader:true term:14
2025/11/03 17:32:09 [17:32:09.742] [Node:0] [RPC_RECV] [Trace:CLIENT_0_1762162329742962000] 接收到日志命令:4563 isLeader:true term:14
2025/11/03 17:32:09 [17:32:09.749] [Node:0] [HEARTBEAT] [Trace:HB_0_14] 开始发送心跳广播 status LEADER term:14 commitIndex:11
2025/11/03 17:32:09 [17:32:09.753] [Node:0] [RPC_RECV] [Trace:CLIENT_0_1762162329753149000] 接收到日志命令:3344 isLeader:true term:14
2025/11/03 17:32:09 [17:32:09.758] [Node:0] [RPC_RECV] [Trace:CLIENT_0_1762162329758544000] 接收到日志命令:6079 isLeader:true term:14
2025/11/03 17:32:09 [17:32:09.767] [Node:0] [RPC_RECV] [Trace:CLIENT_0_1762162329767130000] 接收到日志命令:8178 isLeader:true term:14
2025/11/03 17:32:09 [17:32:09.773] [Node:0] [RPC_RECV] [Trace:CLIENT_0_1762162329773575000] 接收到日志命令:4369 isLeader:true term:14
2025/11/03 17:32:09 [17:32:09.790] [Node:0] [RPC_RECV] [Trace:CLIENT_0_1762162329789982000] 接收到日志命令:1982 isLeader:true term:14
2025/11/03 17:32:09 [17:32:09.803] [Node:0] [RPC_RECV] [Trace:CLIENT_0_1762162329803246000] 接收到日志命令:8714 isLeader:true term:14
2025/11/03 17:32:09 [17:32:09.817] [Node:0] [RPC_RECV] [Trace:CLIENT_0_1762162329817326000] 接收到日志命令:1916 isLeader:true term:14
2025/11/03 17:32:09 [17:32:09.850] [Node:0] [HEARTBEAT] [Trace:HB_0_14] 开始发送心跳广播 status LEADER term:14 commitIndex:11
2025/11/03 17:32:09 [17:32:09.951] [Node:0] [HEARTBEAT] [Trace:HB_0_14] 开始发送心跳广播 status LEADER term:14 commitIndex:11
2025/11/03 17:32:10 [17:32:10.051] [Node:0] [HEARTBEAT] [Trace:HB_0_14] 开始发送心跳广播 status LEADER term:14 commitIndex:11
2025/11/03 17:32:10 [17:32:10.084] [Node:0] [RPC_RECV] [Trace:CLIENT_0_1762162330084721000] 接收到日志命令:2212 isLeader:true term:14
2025/11/03 17:32:10 [17:32:10.153] [Node:0] [HEARTBEAT] [Trace:HB_0_14] 开始发送心跳广播 status LEADER term:14 commitIndex:11
2025/11/03 17:32:10 [17:32:10.254] [Node:0] [HEARTBEAT] [Trace:HB_0_14] 开始发送心跳广播 status LEADER term:14 commitIndex:11
2025/11/03 17:32:10 [17:32:10.355] [Node:0] [HEARTBEAT] [Trace:HB_0_14] 开始发送心跳广播 status LEADER term:14 commitIndex:11
2025/11/03 17:32:10 [17:32:10.457] [Node:0] [HEARTBEAT] [Trace:HB_0_14] 开始发送心跳广播 status LEADER term:14 commitIndex:11
2025/11/03 17:32:10 [17:32:10.559] [Node:0] [HEARTBEAT] [Trace:HB_0_14] 开始发送心跳广播 status LEADER term:14 commitIndex:11
2025/11/03 17:32:10 [17:32:10.559] [Node:0] [RPC_RECV] [Trace:CLIENT_0_1762162330559388000] 接收到日志命令:8772 isLeader:true term:14
2025/11/03 17:32:10 [17:32:10.569] [Node:0] [RPC_RECV] [Trace:CLIENT_0_1762162330569383000] 接收到日志命令:4131 isLeader:true term:14
2025/11/03 17:32:10 [17:32:10.576] [Node:0] [RPC_RECV] [Trace:CLIENT_0_1762162330576821000] 接收到日志命令:4264 isLeader:true term:14
2025/11/03 17:32:10 [17:32:10.588] [Node:0] [RPC_RECV] [Trace:CLIENT_0_1762162330588116000] 接收到日志命令:3991 isLeader:true term:14
2025/11/03 17:32:10 [17:32:10.602] [Node:0] [RPC_RECV] [Trace:CLIENT_0_1762162330602318000] 接收到日志命令:1363 isLeader:true term:14
2025/11/03 17:32:10 [17:32:10.608] [Node:0] [RPC_RECV] [Trace:CLIENT_0_1762162330608433000] 接收到日志命令:7331 isLeader:true term:14
2025/11/03 17:32:10 [17:32:10.663] [Node:0] [HEARTBEAT] [Trace:HB_0_14] 开始发送心跳广播 status LEADER term:14 commitIndex:11
2025/11/03 17:32:10 [17:32:10.764] [Node:0] [HEARTBEAT] [Trace:HB_0_14] 开始发送心跳广播 status LEADER term:14 commitIndex:11
2025/11/03 17:32:10 [17:32:10.807] [Node:0] [RPC_RECV] [Trace:CLIENT_0_1762162330807730000] 接收到日志命令:3997 isLeader:true term:14
2025/11/03 17:32:10 [17:32:10.813] [Node:0] [RPC_RECV] [Trace:CLIENT_0_1762162330813678000] 接收到日志命令:5311 isLeader:true term:14
2025/11/03 17:32:10 [17:32:10.818] [Node:0] [RPC_RECV] [Trace:CLIENT_0_1762162330818597000] 接收到日志命令:8656 isLeader:true term:14
2025/11/03 17:32:10 [17:32:10.829] [Node:0] [RPC_RECV] [Trace:CLIENT_0_1762162330829849000] 接收到日志命令:7534 isLeader:true term:14
2025/11/03 17:32:10 [17:32:10.835] [Node:0] [RPC_RECV] [Trace:CLIENT_0_1762162330835612000] 接收到日志命令:9267 isLeader:true term:14
2025/11/03 17:32:10 [17:32:10.846] [Node:0] [RPC_RECV] [Trace:CLIENT_0_1762162330846838000] 接收到日志命令:6434 isLeader:true term:14
2025/11/03 17:32:10 [17:32:10.858] [Node:0] [RPC_RECV] [Trace:CLIENT_0_1762162330858473000] 接收到日志命令:2892 isLeader:true term:14
2025/11/03 17:32:10 [17:32:10.865] [Node:0] [HEARTBEAT] [Trace:HB_0_14] 开始发送心跳广播 status LEADER term:14 commitIndex:11
2025/11/03 17:32:10 [17:32:10.867] [Node:0] [RPC_RECV] [Trace:CLIENT_0_1762162330867150000] 接收到日志命令:2275 isLeader:true term:14
2025/11/03 17:32:10 [17:32:10.876] [Node:0] [RPC_RECV] [Trace:CLIENT_0_1762162330876051000] 接收到日志命令:3017 isLeader:true term:14
2025/11/03 17:32:10 [17:32:10.881] [Node:0] [RPC_RECV] [Trace:CLIENT_0_1762162330881616000] 接收到日志命令:5117 isLeader:true term:14
2025/11/03 17:32:10 [17:32:10.894] [Node:0] [RPC_RECV] [Trace:CLIENT_0_1762162330894174000] 接收到日志命令:3534 isLeader:true term:14
2025/11/03 17:32:10 [17:32:10.903] [Node:0] [RPC_RECV] [Trace:CLIENT_0_1762162330903596000] 接收到日志命令:3525 isLeader:true term:14
2025/11/03 17:32:10 [17:32:10.912] [Node:0] [RPC_RECV] [Trace:CLIENT_0_1762162330912639000] 接收到日志命令:8759 isLeader:true term:14
2025/11/03 17:32:10 [17:32:10.920] [Node:0] [RPC_RECV] [Trace:CLIENT_0_1762162330919998000] 接收到日志命令:3483 isLeader:true term:14
2025/11/03 17:32:10 [17:32:10.935] [Node:0] [RPC_RECV] [Trace:CLIENT_0_1762162330935664000] 接收到日志命令:191 isLeader:true term:14
2025/11/03 17:32:10 [17:32:10.951] [Node:0] [RPC_RECV] [Trace:CLIENT_0_1762162330951052000] 接收到日志命令:2302 isLeader:true term:14
2025/11/03 17:32:10 [17:32:10.965] [Node:0] [RPC_RECV] [Trace:CLIENT_0_1762162330965378000] 接收到日志命令:6348 isLeader:true term:14
2025/11/03 17:32:10 [17:32:10.968] [Node:0] [HEARTBEAT] [Trace:HB_0_14] 开始发送心跳广播 status LEADER term:14 commitIndex:11
2025/11/03 17:32:10 [17:32:10.974] [Node:0] [RPC_RECV] [Trace:CLIENT_0_1762162330974860000] 接收到日志命令:2495 isLeader:true term:14
2025/11/03 17:32:10 [17:32:10.983] [Node:0] [RPC_RECV] [Trace:CLIENT_0_1762162330983179000] 接收到日志命令:7457 isLeader:true term:14
2025/11/03 17:32:10 [17:32:10.989] [Node:0] [RPC_RECV] [Trace:CLIENT_0_1762162330989449000] 接收到日志命令:6485 isLeader:true term:14
2025/11/03 17:32:11 [17:32:11.004] [Node:0] [RPC_RECV] [Trace:CLIENT_0_1762162331004709000] 接收到日志命令:946 isLeader:true term:14
2025/11/03 17:32:11 [17:32:11.016] [Node:0] [RPC_RECV] [Trace:CLIENT_0_1762162331016203000] 接收到日志命令:5311 isLeader:true term:14
2025/11/03 17:32:11 [17:32:11.020] [Node:0] [RPC_RECV] [Trace:CLIENT_0_1762162331020627000] 接收到日志命令:8078 isLeader:true term:14
2025/11/03 17:32:11 [17:32:11.028] [Node:0] [RPC_RECV] [Trace:CLIENT_0_1762162331028401000] 接收到日志命令:3138 isLeader:true term:14
2025/11/03 17:32:11 [17:32:11.032] [Node:0] [RPC_RECV] [Trace:CLIENT_0_1762162331032953000] 接收到日志命令:1135 isLeader:true term:14
2025/11/03 17:32:11 [17:32:11.048] [Node:0] [RPC_RECV] [Trace:CLIENT_0_1762162331048366000] 接收到日志命令:1237 isLeader:true term:14
2025/11/03 17:32:11 [17:32:11.055] [Node:0] [RPC_RECV] [Trace:CLIENT_0_1762162331055803000] 接收到日志命令:9718 isLeader:true term:14
2025/11/03 17:32:11 [17:32:11.068] [Node:0] [HEARTBEAT] [Trace:HB_0_14] 开始发送心跳广播 status LEADER term:14 commitIndex:11
2025/11/03 17:32:11 [17:32:11.071] [Node:0] [RPC_RECV] [Trace:CLIENT_0_1762162331071255000] 接收到日志命令:3437 isLeader:true term:14
2025/11/03 17:32:11 [17:32:11.079] [Node:0] [RPC_RECV] [Trace:CLIENT_0_1762162331079045000] 接收到日志命令:9608 isLeader:true term:14
2025/11/03 17:32:11 [17:32:11.094] [Node:0] [RPC_RECV] [Trace:CLIENT_0_1762162331094576000] 接收到日志命令:1484 isLeader:true term:14
2025/11/03 17:32:11 [17:32:11.106] [Node:0] [RPC_RECV] [Trace:CLIENT_0_1762162331106171000] 接收到日志命令:6169 isLeader:true term:14
2025/11/03 17:32:11 [17:32:11.119] [Node:0] [RPC_RECV] [Trace:CLIENT_0_1762162331119482000] 接收到日志命令:9983 isLeader:true term:14
2025/11/03 17:32:11 [17:32:11.170] [Node:0] [HEARTBEAT] [Trace:HB_0_14] 开始发送心跳广播 status LEADER term:14 commitIndex:11
2025/11/03 17:32:11 [17:32:11.271] [Node:0] [HEARTBEAT] [Trace:HB_0_14] 开始发送心跳广播 status LEADER term:14 commitIndex:11
2025/11/03 17:32:11 [17:32:11.372] [Node:0] [HEARTBEAT] [Trace:HB_0_14] 开始发送心跳广播 status LEADER term:14 commitIndex:11
2025/11/03 17:32:11 [17:32:11.472] [Node:0] [HEARTBEAT] [Trace:HB_0_14] 开始发送心跳广播 status LEADER term:14 commitIndex:11
2025/11/03 17:32:11 [17:32:11.543] [Node:0] [RPC_RECV] [Trace:CLIENT_0_1762162331543464000] 接收到日志命令:9875 isLeader:true term:14
2025/11/03 17:32:11 [17:32:11.559] [Node:0] [RPC_RECV] [Trace:CLIENT_0_1762162331559257000] 接收到日志命令:8260 isLeader:true term:14
2025/11/03 17:32:11 [17:32:11.574] [Node:0] [HEARTBEAT] [Trace:HB_0_14] 开始发送心跳广播 status LEADER term:14 commitIndex:11
2025/11/03 17:32:11 [17:32:11.574] [Node:0] [RPC_RECV] [Trace:CLIENT_0_1762162331574590000] 接收到日志命令:9049 isLeader:true term:14
2025/11/03 17:32:11 [17:32:11.586] [Node:0] [RPC_RECV] [Trace:CLIENT_0_1762162331586235000] 接收到日志命令:6771 isLeader:true term:14
2025/11/03 17:32:11 [17:32:11.600] [Node:0] [RPC_RECV] [Trace:CLIENT_0_1762162331600855000] 接收到日志命令:5612 isLeader:true term:14
2025/11/03 17:32:11 [17:32:11.608] [Node:0] [RPC_RECV] [Trace:CLIENT_0_1762162331608448000] 接收到日志命令:4518 isLeader:true term:14
2025/11/03 17:32:11 [17:32:11.618] [Node:0] [RPC_RECV] [Trace:CLIENT_0_1762162331618702000] 接收到日志命令:1301 isLeader:true term:14
2025/11/03 17:32:11 [17:32:11.629] [Node:0] [RPC_RECV] [Trace:CLIENT_0_1762162331629492000] 接收到日志命令:408 isLeader:true term:14
2025/11/03 17:32:11 [17:32:11.644] [Node:0] [RPC_RECV] [Trace:CLIENT_0_1762162331644292000] 接收到日志命令:1932 isLeader:true term:14
2025/11/03 17:32:11 [17:32:11.659] [Node:0] [RPC_RECV] [Trace:CLIENT_0_1762162331659362000] 接收到日志命令:4525 isLeader:true term:14
2025/11/03 17:32:11 [17:32:11.663] [Node:0] [RPC_RECV] [Trace:CLIENT_0_1762162331663107000] 接收到日志命令:9035 isLeader:true term:14
2025/11/03 17:32:11 [17:32:11.669] [Node:0] [RPC_RECV] [Trace:CLIENT_0_1762162331669682000] 接收到日志命令:530 isLeader:true term:14
2025/11/03 17:32:11 [17:32:11.674] [Node:0] [HEARTBEAT] [Trace:HB_0_14] 开始发送心跳广播 status LEADER term:14 commitIndex:11
2025/11/03 17:32:11 [17:32:11.684] [Node:0] [RPC_RECV] [Trace:CLIENT_0_1762162331684853000] 接收到日志命令:8860 isLeader:true term:14
2025/11/03 17:32:11 [17:32:11.692] [Node:0] [RPC_RECV] [Trace:CLIENT_0_1762162331692888000] 接收到日志命令:7646 isLeader:true term:14
2025/11/03 17:32:11 [17:32:11.698] [Node:0] [RPC_RECV] [Trace:CLIENT_0_1762162331698478000] 接收到日志命令:299 isLeader:true term:14
2025/11/03 17:32:11 [17:32:11.706] [Node:0] [RPC_RECV] [Trace:CLIENT_0_1762162331706615000] 接收到日志命令:5297 isLeader:true term:14
2025/11/03 17:32:11 [17:32:11.713] [Node:0] [RPC_RECV] [Trace:CLIENT_0_1762162331713312000] 接收到日志命令:4338 isLeader:true term:14
2025/11/03 17:32:11 [17:32:11.725] [Node:0] [RPC_RECV] [Trace:CLIENT_0_1762162331725688000] 接收到日志命令:5374 isLeader:true term:14
2025/11/03 17:32:11 [17:32:11.738] [Node:0] [RPC_RECV] [Trace:CLIENT_0_1762162331738217000] 接收到日志命令:5205 isLeader:true term:14
2025/11/03 17:32:11 [17:32:11.752] [Node:0] [RPC_RECV] [Trace:CLIENT_0_1762162331752102000] 接收到日志命令:5886 isLeader:true term:14
2025/11/03 17:32:11 [17:32:11.755] [Node:0] [RPC_RECV] [Trace:CLIENT_0_1762162331755991000] 接收到日志命令:9999 isLeader:true term:14
2025/11/03 17:32:11 [17:32:11.762] [Node:0] [RPC_RECV] [Trace:CLIENT_0_1762162331762759000] 接收到日志命令:1181 isLeader:true term:14
2025/11/03 17:32:11 [17:32:11.767] [Node:0] [RPC_RECV] [Trace:CLIENT_0_1762162331767242000] 接收到日志命令:899 isLeader:true term:14
2025/11/03 17:32:11 [17:32:11.773] [Node:0] [RPC_RECV] [Trace:CLIENT_0_1762162331773870000] 接收到日志命令:8031 isLeader:true term:14
2025/11/03 17:32:11 [17:32:11.775] [Node:0] [HEARTBEAT] [Trace:HB_0_14] 开始发送心跳广播 status LEADER term:14 commitIndex:11
2025/11/03 17:32:11 [17:32:11.789] [Node:0] [RPC_RECV] [Trace:CLIENT_0_1762162331789584000] 接收到日志命令:2984 isLeader:true term:14
2025/11/03 17:32:11 [17:32:11.795] [Node:0] [RPC_RECV] [Trace:CLIENT_0_1762162331795182000] 接收到日志命令:6675 isLeader:true term:14
2025/11/03 17:32:11 [17:32:11.808] [Node:0] [RPC_RECV] [Trace:CLIENT_0_1762162331808989000] 接收到日志命令:2934 isLeader:true term:14
2025/11/03 17:32:11 [17:32:11.816] [Node:0] [RPC_RECV] [Trace:CLIENT_0_1762162331816529000] 接收到日志命令:3015 isLeader:true term:14
2025/11/03 17:32:11 [17:32:11.823] [Node:0] [RPC_RECV] [Trace:CLIENT_0_1762162331823445000] 接收到日志命令:1032 isLeader:true term:14
2025/11/03 17:32:11 [17:32:11.828] [Node:0] [RPC_RECV] [Trace:CLIENT_0_1762162331828763000] 接收到日志命令:4173 isLeader:true term:14
2025/11/03 17:32:11 [17:32:11.836] [Node:0] [RPC_RECV] [Trace:CLIENT_0_1762162331836240000] 接收到日志命令:7235 isLeader:true term:14
2025/11/03 17:32:11 [17:32:11.839] [Node:0] [RPC_RECV] [Trace:CLIENT_0_1762162331839140000] 接收到日志命令:9123 isLeader:true term:14
2025/11/03 17:32:11 [17:32:11.847] [Node:0] [RPC_RECV] [Trace:CLIENT_0_1762162331847161000] 接收到日志命令:8839 isLeader:true term:14
2025/11/03 17:32:11 [17:32:11.852] [Node:0] [RPC_RECV] [Trace:CLIENT_0_1762162331852032000] 接收到日志命令:700 isLeader:true term:14
2025/11/03 17:32:11 [17:32:11.876] [Node:0] [HEARTBEAT] [Trace:HB_0_14] 开始发送心跳广播 status LEADER term:14 commitIndex:11
2025/11/03 17:32:11 [17:32:11.968] [Node:0] [RPC_RECV] [Trace:CLIENT_0_1762162331968632000] 接收到日志命令:7000 isLeader:true term:14
2025/11/03 17:32:11 [17:32:11.977] [Node:0] [HEARTBEAT] [Trace:HB_0_14] 开始发送心跳广播 status LEADER term:14 commitIndex:11
2025/11/03 17:32:11 [17:32:11.980] [Node:0] [RPC_RECV] [Trace:CLIENT_0_1762162331980670000] 接收到日志命令:7909 isLeader:true term:14
2025/11/03 17:32:11 [17:32:11.986] [Node:0] [RPC_RECV] [Trace:CLIENT_0_1762162331986139000] 接收到日志命令:8271 isLeader:true term:14
2025/11/03 17:32:11 [17:32:11.993] [Node:0] [RPC_RECV] [Trace:CLIENT_0_1762162331993969000] 接收到日志命令:2918 isLeader:true term:14
2025/11/03 17:32:12 [17:32:12.007] [Node:0] [RPC_RECV] [Trace:CLIENT_0_1762162332007722000] 接收到日志命令:4146 isLeader:true term:14
2025/11/03 17:32:12 [17:32:12.023] [Node:0] [RPC_RECV] [Trace:CLIENT_0_1762162332023368000] 接收到日志命令:5816 isLeader:true term:14
2025/11/03 17:32:12 [17:32:12.036] [Node:0] [RPC_RECV] [Trace:CLIENT_0_1762162332036481000] 接收到日志命令:2647 isLeader:true term:14
2025/11/03 17:32:12 [17:32:12.041] [Node:0] [RPC_RECV] [Trace:CLIENT_0_1762162332041741000] 接收到日志命令:7648 isLeader:true term:14
2025/11/03 17:32:12 [17:32:12.054] [Node:0] [RPC_RECV] [Trace:CLIENT_0_1762162332054847000] 接收到日志命令:38 isLeader:true term:14
2025/11/03 17:32:12 [17:32:12.068] [Node:0] [RPC_RECV] [Trace:CLIENT_0_1762162332068320000] 接收到日志命令:8144 isLeader:true term:14
2025/11/03 17:32:12 [17:32:12.077] [Node:0] [HEARTBEAT] [Trace:HB_0_14] 开始发送心跳广播 status LEADER term:14 commitIndex:11
2025/11/03 17:32:12 [17:32:12.084] [Node:0] [RPC_RECV] [Trace:CLIENT_0_1762162332084359000] 接收到日志命令:8288 isLeader:true term:14
2025/11/03 17:32:12 [17:32:12.092] [Node:0] [RPC_RECV] [Trace:CLIENT_0_1762162332092946000] 接收到日志命令:6541 isLeader:true term:14
2025/11/03 17:32:12 [17:32:12.105] [Node:0] [RPC_RECV] [Trace:CLIENT_0_1762162332105211000] 接收到日志命令:9001 isLeader:true term:14
2025/11/03 17:32:12 [17:32:12.111] [Node:0] [RPC_RECV] [Trace:CLIENT_0_1762162332111291000] 接收到日志命令:9575 isLeader:true term:14
2025/11/03 17:32:12 [17:32:12.119] [Node:0] [RPC_RECV] [Trace:CLIENT_0_1762162332119731000] 接收到日志命令:1234 isLeader:true term:14
2025/11/03 17:32:12 [17:32:12.125] [Node:0] [RPC_RECV] [Trace:CLIENT_0_1762162332125371000] 接收到日志命令:8842 isLeader:true term:14
2025/11/03 17:32:12 [17:32:12.133] [Node:0] [RPC_RECV] [Trace:CLIENT_0_1762162332133141000] 接收到日志命令:5473 isLeader:true term:14
2025/11/03 17:32:12 [17:32:12.143] [Node:0] [RPC_RECV] [Trace:CLIENT_0_1762162332143456000] 接收到日志命令:5186 isLeader:true term:14
2025/11/03 17:32:12 [17:32:12.159] [Node:0] [RPC_RECV] [Trace:CLIENT_0_1762162332159256000] 接收到日志命令:2581 isLeader:true term:14
2025/11/03 17:32:12 [17:32:12.164] [Node:0] [RPC_RECV] [Trace:CLIENT_0_1762162332164993000] 接收到日志命令:6955 isLeader:true term:14
2025/11/03 17:32:12 [17:32:12.178] [Node:0] [HEARTBEAT] [Trace:HB_0_14] 开始发送心跳广播 status LEADER term:14 commitIndex:11
2025/11/03 17:32:12 [17:32:12.179] [Node:0] [RPC_RECV] [Trace:CLIENT_0_1762162332179340000] 接收到日志命令:32 isLeader:true term:14
2025/11/03 17:32:12 [17:32:12.189] [Node:0] [RPC_RECV] [Trace:CLIENT_0_1762162332189652000] 接收到日志命令:2491 isLeader:true term:14
2025/11/03 17:32:12 [17:32:12.204] [Node:0] [RPC_RECV] [Trace:CLIENT_0_1762162332204564000] 接收到日志命令:8712 isLeader:true term:14
2025/11/03 17:32:12 [17:32:12.213] [Node:0] [RPC_RECV] [Trace:CLIENT_0_1762162332213345000] 接收到日志命令:7728 isLeader:true term:14
2025/11/03 17:32:12 [17:32:12.215] [Node:0] [RPC_RECV] [Trace:CLIENT_0_1762162332215683000] 接收到日志命令:847 isLeader:true term:14
2025/11/03 17:32:12 [17:32:12.222] [Node:0] [RPC_RECV] [Trace:CLIENT_0_1762162332222178000] 接收到日志命令:9660 isLeader:true term:14
2025/11/03 17:32:12 [17:32:12.278] [Node:0] [HEARTBEAT] [Trace:HB_0_14] 开始发送心跳广播 status LEADER term:14 commitIndex:11
2025/11/03 17:32:12 [17:32:12.380] [Node:0] [HEARTBEAT] [Trace:HB_0_14] 开始发送心跳广播 status LEADER term:14 commitIndex:11
2025/11/03 17:32:12 [17:32:12.473] [Node:0] [RPC_RECV] [Trace:CLIENT_0_1762162332473543000] 接收到日志命令:6958 isLeader:true term:14
2025/11/03 17:32:12 [17:32:12.481] [Node:0] [HEARTBEAT] [Trace:HB_0_14] 开始发送心跳广播 status LEADER term:14 commitIndex:11
2025/11/03 17:32:12 [17:32:12.485] [Node:0] [RPC_RECV] [Trace:CLIENT_0_1762162332485068000] 接收到日志命令:4563 isLeader:true term:14
2025/11/03 17:32:12 [17:32:12.491] [Node:0] [RPC_RECV] [Trace:CLIENT_0_1762162332491066000] 接收到日志命令:5414 isLeader:true term:14
2025/11/03 17:32:12 [17:32:12.505] [Node:0] [RPC_RECV] [Trace:CLIENT_0_1762162332505680000] 接收到日志命令:8702 isLeader:true term:14
2025/11/03 17:32:12 [17:32:12.582] [Node:0] [HEARTBEAT] [Trace:HB_0_14] 开始发送心跳广播 status LEADER term:14 commitIndex:11
2025/11/03 17:32:12 [17:32:12.682] [Node:0] [HEARTBEAT] [Trace:HB_0_14] 开始发送心跳广播 status LEADER term:14 commitIndex:11
2025/11/03 17:32:12 [17:32:12.784] [Node:0] [HEARTBEAT] [Trace:HB_0_14] 开始发送心跳广播 status LEADER term:14 commitIndex:11
2025/11/03 17:32:12 [17:32:12.884] [Node:0] [HEARTBEAT] [Trace:HB_0_14] 开始发送心跳广播 status LEADER term:14 commitIndex:11
2025/11/03 17:32:12 [17:32:12.928] [Node:0] [RPC_RECV] [Trace:CLIENT_0_1762162332928228000] 接收到日志命令:3866 isLeader:true term:14
2025/11/03 17:32:12 [17:32:12.943] [Node:0] [RPC_RECV] [Trace:CLIENT_0_1762162332943933000] 接收到日志命令:4697 isLeader:true term:14
2025/11/03 17:32:12 [17:32:12.951] [Node:0] [RPC_RECV] [Trace:CLIENT_0_1762162332951658000] 接收到日志命令:8471 isLeader:true term:14
2025/11/03 17:32:12 [17:32:12.967] [Node:0] [RPC_RECV] [Trace:CLIENT_0_1762162332967332000] 接收到日志命令:4823 isLeader:true term:14
2025/11/03 17:32:12 [17:32:12.985] [Node:0] [HEARTBEAT] [Trace:HB_0_14] 开始发送心跳广播 status LEADER term:14 commitIndex:11
2025/11/03 17:32:13 [17:32:13.086] [Node:0] [HEARTBEAT] [Trace:HB_0_14] 开始发送心跳广播 status LEADER term:14 commitIndex:11
2025/11/03 17:32:13 [17:32:13.186] [Node:0] [HEARTBEAT] [Trace:HB_0_14] 开始发送心跳广播 status LEADER term:14 commitIndex:11
2025/11/03 17:32:13 [17:32:13.287] [Node:0] [HEARTBEAT] [Trace:HB_0_14] 开始发送心跳广播 status LEADER term:14 commitIndex:11
2025/11/03 17:32:13 [17:32:13.388] [Node:0] [HEARTBEAT] [Trace:HB_0_14] 开始发送心跳广播 status LEADER term:14 commitIndex:11
2025/11/03 17:32:13 [17:32:13.426] [Node:0] [RPC_RECV] [Trace:CLIENT_0_1762162333426353000] 接收到日志命令:1975 isLeader:true term:14
2025/11/03 17:32:13 [17:32:13.441] [Node:0] [RPC_RECV] [Trace:CLIENT_0_1762162333441048000] 接收到日志命令:2748 isLeader:true term:14
2025/11/03 17:32:13 [17:32:13.457] [Node:0] [RPC_RECV] [Trace:CLIENT_0_1762162333457107000] 接收到日志命令:1202 isLeader:true term:14
2025/11/03 17:32:13 [17:32:13.459] [Node:0] [RPC_RECV] [Trace:CLIENT_0_1762162333459811000] 接收到日志命令:3664 isLeader:true term:14
2025/11/03 17:32:13 [17:32:13.468] [Node:0] [RPC_RECV] [Trace:CLIENT_0_1762162333467998000] 接收到日志命令:3774 isLeader:true term:14
2025/11/03 17:32:13 [17:32:13.473] [Node:0] [RPC_RECV] [Trace:CLIENT_0_1762162333473616000] 接收到日志命令:5440 isLeader:true term:14
2025/11/03 17:32:13 [17:32:13.488] [Node:0] [HEARTBEAT] [Trace:HB_0_14] 开始发送心跳广播 status LEADER term:14 commitIndex:11
2025/11/03 17:32:13 [17:32:13.492] [Node:0] [RPC_RECV] [Trace:CLIENT_0_1762162333491983000] 接收到日志命令:6003 isLeader:true term:14
2025/11/03 17:32:13 [17:32:13.506] [Node:0] [RPC_RECV] [Trace:CLIENT_0_1762162333506357000] 接收到日志命令:2348 isLeader:true term:14
2025/11/03 17:32:13 [17:32:13.513] [Node:0] [RPC_RECV] [Trace:CLIENT_0_1762162333513466000] 接收到日志命令:4179 isLeader:true term:14
2025/11/03 17:32:13 [17:32:13.527] [Node:0] [RPC_RECV] [Trace:CLIENT_0_1762162333527703000] 接收到日志命令:4244 isLeader:true term:14
2025/11/03 17:32:13 [17:32:13.545] [Node:0] [RPC_RECV] [Trace:CLIENT_0_1762162333545380000] 接收到日志命令:5400 isLeader:true term:14
2025/11/03 17:32:13 [17:32:13.560] [Node:0] [RPC_RECV] [Trace:CLIENT_0_1762162333560439000] 接收到日志命令:8204 isLeader:true term:14
2025/11/03 17:32:13 [17:32:13.567] [Node:0] [RPC_RECV] [Trace:CLIENT_0_1762162333567486000] 接收到日志命令:5043 isLeader:true term:14
2025/11/03 17:32:13 [17:32:13.584] [Node:0] [RPC_RECV] [Trace:CLIENT_0_1762162333584345000] 接收到日志命令:5625 isLeader:true term:14
2025/11/03 17:32:13 [17:32:13.589] [Node:0] [HEARTBEAT] [Trace:HB_0_14] 开始发送心跳广播 status LEADER term:14 commitIndex:11
2025/11/03 17:32:13 [17:32:13.598] [Node:0] [RPC_RECV] [Trace:CLIENT_0_1762162333598903000] 接收到日志命令:6707 isLeader:true term:14
2025/11/03 17:32:13 [17:32:13.603] [Node:0] [RPC_RECV] [Trace:CLIENT_0_1762162333603105000] 接收到日志命令:4907 isLeader:true term:14
2025/11/03 17:32:13 [17:32:13.614] [Node:0] [RPC_RECV] [Trace:CLIENT_0_1762162333614811000] 接收到日志命令:1216 isLeader:true term:14
2025/11/03 17:32:13 [17:32:13.631] [Node:0] [RPC_RECV] [Trace:CLIENT_0_1762162333631328000] 接收到日志命令:9869 isLeader:true term:14
2025/11/03 17:32:13 [17:32:13.639] [Node:0] [RPC_RECV] [Trace:CLIENT_0_1762162333638998000] 接收到日志命令:9674 isLeader:true term:14
2025/11/03 17:32:13 [17:32:13.649] [Node:0] [RPC_RECV] [Trace:CLIENT_0_1762162333649107000] 接收到日志命令:9093 isLeader:true term:14
2025/11/03 17:32:13 [17:32:13.658] [Node:0] [RPC_RECV] [Trace:CLIENT_0_1762162333658251000] 接收到日志命令:3853 isLeader:true term:14
2025/11/03 17:32:13 [17:32:13.672] [Node:0] [RPC_RECV] [Trace:CLIENT_0_1762162333672121000] 接收到日志命令:4862 isLeader:true term:14
2025/11/03 17:32:13 [17:32:13.688] [Node:0] [RPC_RECV] [Trace:CLIENT_0_1762162333688189000] 接收到日志命令:4887 isLeader:true term:14
2025/11/03 17:32:13 [17:32:13.690] [Node:0] [HEARTBEAT] [Trace:HB_0_14] 开始发送心跳广播 status LEADER term:14 commitIndex:11
2025/11/03 17:32:13 [17:32:13.701] [Node:0] [RPC_RECV] [Trace:CLIENT_0_1762162333701885000] 接收到日志命令:5437 isLeader:true term:14
2025/11/03 17:32:13 [17:32:13.707] [Node:0] [RPC_RECV] [Trace:CLIENT_0_1762162333707854000] 接收到日志命令:7987 isLeader:true term:14
2025/11/03 17:32:13 [17:32:13.722] [Node:0] [RPC_RECV] [Trace:CLIENT_0_1762162333722907000] 接收到日志命令:5410 isLeader:true term:14
2025/11/03 17:32:13 [17:32:13.734] [Node:0] [RPC_RECV] [Trace:CLIENT_0_1762162333734914000] 接收到日志命令:7289 isLeader:true term:14
2025/11/03 17:32:13 [17:32:13.747] [Node:0] [RPC_RECV] [Trace:CLIENT_0_1762162333747734000] 接收到日志命令:9618 isLeader:true term:14
2025/11/03 17:32:13 [17:32:13.762] [Node:0] [RPC_RECV] [Trace:CLIENT_0_1762162333762537000] 接收到日志命令:5209 isLeader:true term:14
2025/11/03 17:32:13 [17:32:13.779] [Node:0] [RPC_RECV] [Trace:CLIENT_0_1762162333779375000] 接收到日志命令:6804 isLeader:true term:14
2025/11/03 17:32:13 [17:32:13.786] [Node:0] [RPC_RECV] [Trace:CLIENT_0_1762162333786903000] 接收到日志命令:5656 isLeader:true term:14
2025/11/03 17:32:13 [17:32:13.790] [Node:0] [HEARTBEAT] [Trace:HB_0_14] 开始发送心跳广播 status LEADER term:14 commitIndex:11
2025/11/03 17:32:13 [17:32:13.798] [Node:0] [RPC_RECV] [Trace:CLIENT_0_1762162333798416000] 接收到日志命令:5923 isLeader:true term:14
2025/11/03 17:32:13 [17:32:13.812] [Node:0] [RPC_RECV] [Trace:CLIENT_0_1762162333812569000] 接收到日志命令:8135 isLeader:true term:14
2025/11/03 17:32:13 [17:32:13.816] [Node:0] [RPC_RECV] [Trace:CLIENT_0_1762162333816269000] 接收到日志命令:4160 isLeader:true term:14
2025/11/03 17:32:13 [17:32:13.829] [Node:0] [RPC_RECV] [Trace:CLIENT_0_1762162333829372000] 接收到日志命令:7650 isLeader:true term:14
2025/11/03 17:32:13 [17:32:13.844] [Node:0] [RPC_RECV] [Trace:CLIENT_0_1762162333844310000] 接收到日志命令:5704 isLeader:true term:14
2025/11/03 17:32:13 [17:32:13.857] [Node:0] [RPC_RECV] [Trace:CLIENT_0_1762162333857101000] 接收到日志命令:1910 isLeader:true term:14
2025/11/03 17:32:13 [17:32:13.870] [Node:0] [RPC_RECV] [Trace:CLIENT_0_1762162333870423000] 接收到日志命令:8998 isLeader:true term:14
2025/11/03 17:32:13 [17:32:13.878] [Node:0] [RPC_RECV] [Trace:CLIENT_0_1762162333878808000] 接收到日志命令:9905 isLeader:true term:14
2025/11/03 17:32:13 [17:32:13.891] [Node:0] [HEARTBEAT] [Trace:HB_0_14] 开始发送心跳广播 status LEADER term:14 commitIndex:11
2025/11/03 17:32:13 [17:32:13.893] [Node:0] [RPC_RECV] [Trace:CLIENT_0_1762162333893944000] 接收到日志命令:3255 isLeader:true term:14
2025/11/03 17:32:13 [17:32:13.908] [Node:0] [RPC_RECV] [Trace:CLIENT_0_1762162333908868000] 接收到日志命令:6310 isLeader:true term:14
2025/11/03 17:32:13 [17:32:13.915] [Node:0] [RPC_RECV] [Trace:CLIENT_0_1762162333915019000] 接收到日志命令:8087 isLeader:true term:14
2025/11/03 17:32:13 [17:32:13.919] [Node:0] [RPC_RECV] [Trace:CLIENT_0_1762162333919933000] 接收到日志命令:3361 isLeader:true term:14
2025/11/03 17:32:13 [17:32:13.928] [Node:0] [RPC_RECV] [Trace:CLIENT_0_1762162333928853000] 接收到日志命令:5747 isLeader:true term:14
2025/11/03 17:32:13 [17:32:13.991] [Node:0] [HEARTBEAT] [Trace:HB_0_14] 开始发送心跳广播 status LEADER term:14 commitIndex:11
2025/11/03 17:32:14 [17:32:14.092] [Node:0] [HEARTBEAT] [Trace:HB_0_14] 开始发送心跳广播 status LEADER term:14 commitIndex:11
2025/11/03 17:32:14 [17:32:14.193] [Node:0] [HEARTBEAT] [Trace:HB_0_14] 开始发送心跳广播 status LEADER term:14 commitIndex:11
2025/11/03 17:32:14 [17:32:14.228] [Node:0] [RPC_RECV] [Trace:CLIENT_0_1762162334227996000] 接收到日志命令:6826 isLeader:true term:14
2025/11/03 17:32:14 [17:32:14.294] [Node:0] [HEARTBEAT] [Trace:HB_0_14] 开始发送心跳广播 status LEADER term:14 commitIndex:11
2025/11/03 17:32:14 [17:32:14.394] [Node:0] [HEARTBEAT] [Trace:HB_0_14] 开始发送心跳广播 status LEADER term:14 commitIndex:11
2025/11/03 17:32:14 [17:32:14.495] [Node:0] [HEARTBEAT] [Trace:HB_0_14] 开始发送心跳广播 status LEADER term:14 commitIndex:11
2025/11/03 17:32:14 [17:32:14.596] [Node:0] [HEARTBEAT] [Trace:HB_0_14] 开始发送心跳广播 status LEADER term:14 commitIndex:11
2025/11/03 17:32:14 [17:32:14.697] [Node:0] [HEARTBEAT] [Trace:HB_0_14] 开始发送心跳广播 status LEADER term:14 commitIndex:11
2025/11/03 17:32:14 [17:32:14.705] [Node:0] [RPC_RECV] [Trace:CLIENT_0_1762162334704002000] 接收到日志命令:7787 isLeader:true term:14
2025/11/03 17:32:14 [17:32:14.713] [Node:0] [RPC_RECV] [Trace:CLIENT_0_1762162334713180000] 接收到日志命令:8005 isLeader:true term:14
2025/11/03 17:32:14 [17:32:14.725] [Node:0] [RPC_RECV] [Trace:CLIENT_0_1762162334725090000] 接收到日志命令:2994 isLeader:true term:14
2025/11/03 17:32:14 [17:32:14.732] [Node:0] [RPC_RECV] [Trace:CLIENT_0_1762162334732487000] 接收到日志命令:9470 isLeader:true term:14
2025/11/03 17:32:14 [17:32:14.744] [Node:0] [RPC_RECV] [Trace:CLIENT_0_1762162334744268000] 接收到日志命令:376 isLeader:true term:14
2025/11/03 17:32:14 [17:32:14.758] [Node:0] [RPC_RECV] [Trace:CLIENT_0_1762162334758727000] 接收到日志命令:8288 isLeader:true term:14
2025/11/03 17:32:14 [17:32:14.764] [Node:0] [RPC_RECV] [Trace:CLIENT_0_1762162334764184000] 接收到日志命令:6399 isLeader:true term:14
2025/11/03 17:32:14 [17:32:14.780] [Node:0] [RPC_RECV] [Trace:CLIENT_0_1762162334780639000] 接收到日志命令:9999 isLeader:true term:14
2025/11/03 17:32:14 [17:32:14.789] [Node:0] [RPC_RECV] [Trace:CLIENT_0_1762162334789112000] 接收到日志命令:2131 isLeader:true term:14
2025/11/03 17:32:14 [17:32:14.795] [Node:0] [RPC_RECV] [Trace:CLIENT_0_1762162334795506000] 接收到日志命令:7922 isLeader:true term:14
2025/11/03 17:32:14 [17:32:14.797] [Node:0] [HEARTBEAT] [Trace:HB_0_14] 开始发送心跳广播 status LEADER term:14 commitIndex:11
2025/11/03 17:32:14 [17:32:14.809] [Node:0] [RPC_RECV] [Trace:CLIENT_0_1762162334809687000] 接收到日志命令:1906 isLeader:true term:14
2025/11/03 17:32:14 [17:32:14.812] [Node:0] [RPC_RECV] [Trace:CLIENT_0_1762162334812845000] 接收到日志命令:7863 isLeader:true term:14
2025/11/03 17:32:14 [17:32:14.818] [Node:0] [RPC_RECV] [Trace:CLIENT_0_1762162334818968000] 接收到日志命令:2215 isLeader:true term:14
2025/11/03 17:32:14 [17:32:14.827] [Node:0] [RPC_RECV] [Trace:CLIENT_0_1762162334827693000] 接收到日志命令:2979 isLeader:true term:14
2025/11/03 17:32:14 [17:32:14.842] [Node:0] [RPC_RECV] [Trace:CLIENT_0_1762162334842962000] 接收到日志命令:8621 isLeader:true term:14
2025/11/03 17:32:14 [17:32:14.908] [Node:0] [HEARTBEAT] [Trace:HB_0_14] 开始发送心跳广播 status LEADER term:14 commitIndex:11
2025/11/03 17:32:15 [17:32:15.013] [Node:0] [HEARTBEAT] [Trace:HB_0_14] 开始发送心跳广播 status LEADER term:14 commitIndex:11
2025/11/03 17:32:15 [17:32:15.113] [Node:0] [HEARTBEAT] [Trace:HB_0_14] 开始发送心跳广播 status LEADER term:14 commitIndex:11
2025/11/03 17:32:15 [17:32:15.186] [Node:0] [RPC_RECV] [Trace:CLIENT_0_1762162335186289000] 接收到日志命令:2034 isLeader:true term:14
2025/11/03 17:32:15 [17:32:15.203] [Node:0] [RPC_RECV] [Trace:CLIENT_0_1762162335203286000] 接收到日志命令:5391 isLeader:true term:14
2025/11/03 17:32:15 [17:32:15.214] [Node:0] [HEARTBEAT] [Trace:HB_0_14] 开始发送心跳广播 status LEADER term:14 commitIndex:11
2025/11/03 17:32:15 [17:32:15.219] [Node:0] [RPC_RECV] [Trace:CLIENT_0_1762162335219224000] 接收到日志命令:4166 isLeader:true term:14
2025/11/03 17:32:15 [17:32:15.235] [Node:0] [RPC_RECV] [Trace:CLIENT_0_1762162335235245000] 接收到日志命令:622 isLeader:true term:14
2025/11/03 17:32:15 [17:32:15.244] [Node:0] [RPC_RECV] [Trace:CLIENT_0_1762162335244604000] 接收到日志命令:2934 isLeader:true term:14
2025/11/03 17:32:15 [17:32:15.252] [Node:0] [RPC_RECV] [Trace:CLIENT_0_1762162335252557000] 接收到日志命令:716 isLeader:true term:14
2025/11/03 17:32:15 [17:32:15.257] [Node:0] [RPC_RECV] [Trace:CLIENT_0_1762162335257912000] 接收到日志命令:7240 isLeader:true term:14
2025/11/03 17:32:15 [17:32:15.265] [Node:0] [RPC_RECV] [Trace:CLIENT_0_1762162335265249000] 接收到日志命令:8973 isLeader:true term:14
2025/11/03 17:32:15 [17:32:15.276] [Node:0] [RPC_RECV] [Trace:CLIENT_0_1762162335276858000] 接收到日志命令:5099 isLeader:true term:14
2025/11/03 17:32:15 [17:32:15.280] [Node:0] [RPC_RECV] [Trace:CLIENT_0_1762162335280019000] 接收到日志命令:116 isLeader:true term:14
2025/11/03 17:32:15 [17:32:15.314] [Node:0] [HEARTBEAT] [Trace:HB_0_14] 开始发送心跳广播 status LEADER term:14 commitIndex:11
2025/11/03 17:32:15 [17:32:15.414] [Node:0] [HEARTBEAT] [Trace:HB_0_14] 开始发送心跳广播 status LEADER term:14 commitIndex:11
2025/11/03 17:32:15 [17:32:15.452] [Node:0] [RPC_RECV] [Trace:CLIENT_0_1762162335452335000] 接收到日志命令:4359 isLeader:true term:14
2025/11/03 17:32:15 [17:32:15.460] [Node:0] [RPC_RECV] [Trace:CLIENT_0_1762162335460033000] 接收到日志命令:7158 isLeader:true term:14
2025/11/03 17:32:15 [17:32:15.463] [Node:0] [RPC_RECV] [Trace:CLIENT_0_1762162335463867000] 接收到日志命令:8510 isLeader:true term:14
2025/11/03 17:32:15 [17:32:15.478] [Node:0] [RPC_RECV] [Trace:CLIENT_0_1762162335478167000] 接收到日志命令:3556 isLeader:true term:14
2025/11/03 17:32:15 [17:32:15.483] [Node:0] [RPC_RECV] [Trace:CLIENT_0_1762162335483944000] 接收到日志命令:5934 isLeader:true term:14
2025/11/03 17:32:15 [17:32:15.494] [Node:0] [RPC_RECV] [Trace:CLIENT_0_1762162335494533000] 接收到日志命令:1069 isLeader:true term:14
2025/11/03 17:32:15 [17:32:15.499] [Node:0] [RPC_RECV] [Trace:CLIENT_0_1762162335499756000] 接收到日志命令:9352 isLeader:true term:14
2025/11/03 17:32:15 [17:32:15.514] [Node:0] [RPC_RECV] [Trace:CLIENT_0_1762162335514228000] 接收到日志命令:6588 isLeader:true term:14
2025/11/03 17:32:15 [17:32:15.516] [Node:0] [HEARTBEAT] [Trace:HB_0_14] 开始发送心跳广播 status LEADER term:14 commitIndex:11
2025/11/03 17:32:15 [17:32:15.529] [Node:0] [RPC_RECV] [Trace:CLIENT_0_1762162335529955000] 接收到日志命令:8470 isLeader:true term:14
2025/11/03 17:32:15 [17:32:15.547] [Node:0] [RPC_RECV] [Trace:CLIENT_0_1762162335547112000] 接收到日志命令:7813 isLeader:true term:14
2025/11/03 17:32:15 [17:32:15.558] [Node:0] [RPC_RECV] [Trace:CLIENT_0_1762162335558186000] 接收到日志命令:4103 isLeader:true term:14
2025/11/03 17:32:15 [17:32:15.575] [Node:0] [RPC_RECV] [Trace:CLIENT_0_1762162335575894000] 接收到日志命令:3255 isLeader:true term:14
2025/11/03 17:32:15 [17:32:15.617] [Node:0] [HEARTBEAT] [Trace:HB_0_14] 开始发送心跳广播 status LEADER term:14 commitIndex:11
2025/11/03 17:32:15 [17:32:15.718] [Node:0] [HEARTBEAT] [Trace:HB_0_14] 开始发送心跳广播 status LEADER term:14 commitIndex:11
2025/11/03 17:32:15 [17:32:15.819] [Node:0] [HEARTBEAT] [Trace:HB_0_14] 开始发送心跳广播 status LEADER term:14 commitIndex:11
2025/11/03 17:32:15 [17:32:15.901] [Node:0] [RPC_RECV] [Trace:CLIENT_0_1762162335901081000] 接收到日志命令:4794 isLeader:true term:14
2025/11/03 17:32:15 [17:32:15.926] [Node:0] [HEARTBEAT] [Trace:HB_0_14] 开始发送心跳广播 status LEADER term:14 commitIndex:11
2025/11/03 17:32:16 [17:32:16.028] [Node:0] [HEARTBEAT] [Trace:HB_0_14] 开始发送心跳广播 status LEADER term:14 commitIndex:11
2025/11/03 17:32:16 [17:32:16.040] [Node:0] [RPC_RECV] [Trace:CLIENT_0_1762162336040531000] 接收到日志命令:7973 isLeader:true term:14
2025/11/03 17:32:16 [17:32:16.048] [Node:0] [RPC_RECV] [Trace:CLIENT_0_1762162336048245000] 接收到日志命令:8936 isLeader:true term:14
2025/11/03 17:32:16 [17:32:16.057] [Node:0] [RPC_RECV] [Trace:CLIENT_0_1762162336057550000] 接收到日志命令:8301 isLeader:true term:14
2025/11/03 17:32:16 [17:32:16.069] [Node:0] [RPC_RECV] [Trace:CLIENT_0_1762162336069114000] 接收到日志命令:1993 isLeader:true term:14
2025/11/03 17:32:16 [17:32:16.077] [Node:0] [RPC_RECV] [Trace:CLIENT_0_1762162336077667000] 接收到日志命令:8884 isLeader:true term:14
2025/11/03 17:32:16 [17:32:16.087] [Node:0] [RPC_RECV] [Trace:CLIENT_0_1762162336087428000] 接收到日志命令:5018 isLeader:true term:14
2025/11/03 17:32:16 [17:32:16.096] [Node:0] [RPC_RECV] [Trace:CLIENT_0_1762162336096710000] 接收到日志命令:3234 isLeader:true term:14
2025/11/03 17:32:16 [17:32:16.112] [Node:0] [RPC_RECV] [Trace:CLIENT_0_1762162336112702000] 接收到日志命令:7500 isLeader:true term:14
2025/11/03 17:32:16 [17:32:16.124] [Node:0] [RPC_RECV] [Trace:CLIENT_0_1762162336124570000] 接收到日志命令:7181 isLeader:true term:14
2025/11/03 17:32:16 [17:32:16.129] [Node:0] [HEARTBEAT] [Trace:HB_0_14] 开始发送心跳广播 status LEADER term:14 commitIndex:11
2025/11/03 17:32:16 [17:32:16.131] [Node:0] [RPC_RECV] [Trace:CLIENT_0_1762162336131918000] 接收到日志命令:5847 isLeader:true term:14
2025/11/03 17:32:16 [17:32:16.139] [Node:0] [RPC_RECV] [Trace:CLIENT_0_1762162336139433000] 接收到日志命令:9778 isLeader:true term:14
2025/11/03 17:32:16 [17:32:16.151] [Node:0] [RPC_RECV] [Trace:CLIENT_0_1762162336151200000] 接收到日志命令:9500 isLeader:true term:14
2025/11/03 17:32:16 [17:32:16.166] [Node:0] [RPC_RECV] [Trace:CLIENT_0_1762162336166067000] 接收到日志命令:6230 isLeader:true term:14
2025/11/03 17:32:16 [17:32:16.179] [Node:0] [RPC_RECV] [Trace:CLIENT_0_1762162336179939000] 接收到日志命令:7580 isLeader:true term:14
2025/11/03 17:32:16 [17:32:16.229] [Node:0] [HEARTBEAT] [Trace:HB_0_14] 开始发送心跳广播 status LEADER term:14 commitIndex:11
2025/11/03 17:32:16 [17:32:16.330] [Node:0] [HEARTBEAT] [Trace:HB_0_14] 开始发送心跳广播 status LEADER term:14 commitIndex:11
2025/11/03 17:32:16 [17:32:16.430] [Node:0] [HEARTBEAT] [Trace:HB_0_14] 开始发送心跳广播 status LEADER term:14 commitIndex:11
2025/11/03 17:32:16 [17:32:16.530] [Node:0] [HEARTBEAT] [Trace:HB_0_14] 开始发送心跳广播 status LEADER term:14 commitIndex:11
2025/11/03 17:32:16 [17:32:16.556] [Node:0] [RPC_RECV] [Trace:CLIENT_0_1762162336556881000] 接收到日志命令:7703 isLeader:true term:14
2025/11/03 17:32:16 [17:32:16.575] [Node:0] [RPC_RECV] [Trace:CLIENT_0_1762162336575112000] 接收到日志命令:2125 isLeader:true term:14
2025/11/03 17:32:16 [17:32:16.588] [Node:0] [RPC_RECV] [Trace:CLIENT_0_1762162336588388000] 接收到日志命令:366 isLeader:true term:14
2025/11/03 17:32:16 [17:32:16.599] [Node:0] [RPC_RECV] [Trace:CLIENT_0_1762162336599771000] 接收到日志命令:4695 isLeader:true term:14
2025/11/03 17:32:16 [17:32:16.612] [Node:0] [RPC_RECV] [Trace:CLIENT_0_1762162336612402000] 接收到日志命令:5320 isLeader:true term:14
2025/11/03 17:32:16 [17:32:16.627] [Node:0] [RPC_RECV] [Trace:CLIENT_0_1762162336627086000] 接收到日志命令:3065 isLeader:true term:14
2025/11/03 17:32:16 [17:32:16.630] [Node:0] [HEARTBEAT] [Trace:HB_0_14] 开始发送心跳广播 status LEADER term:14 commitIndex:11
2025/11/03 17:32:16 [17:32:16.645] [Node:0] [RPC_RECV] [Trace:CLIENT_0_1762162336645515000] 接收到日志命令:5519 isLeader:true term:14
2025/11/03 17:32:16 [17:32:16.654] [Node:0] [RPC_RECV] [Trace:CLIENT_0_1762162336654556000] 接收到日志命令:9775 isLeader:true term:14
2025/11/03 17:32:16 [17:32:16.662] [Node:0] [RPC_RECV] [Trace:CLIENT_0_1762162336662741000] 接收到日志命令:911 isLeader:true term:14
2025/11/03 17:32:16 [17:32:16.678] [Node:0] [RPC_RECV] [Trace:CLIENT_0_1762162336678099000] 接收到日志命令:7 isLeader:true term:14
2025/11/03 17:32:16 [17:32:16.732] [Node:0] [HEARTBEAT] [Trace:HB_0_14] 开始发送心跳广播 status LEADER term:14 commitIndex:11
2025/11/03 17:32:16 [17:32:16.833] [Node:0] [HEARTBEAT] [Trace:HB_0_14] 开始发送心跳广播 status LEADER term:14 commitIndex:11
2025/11/03 17:32:16 [17:32:16.848] [Node:0] [RPC_RECV] [Trace:CLIENT_0_1762162336848265000] 接收到日志命令:867 isLeader:true term:14
2025/11/03 17:32:16 [17:32:16.863] [Node:0] [RPC_RECV] [Trace:CLIENT_0_1762162336863716000] 接收到日志命令:5810 isLeader:true term:14
2025/11/03 17:32:16 [17:32:16.872] [Node:0] [RPC_RECV] [Trace:CLIENT_0_1762162336872005000] 接收到日志命令:264 isLeader:true term:14
2025/11/03 17:32:16 [17:32:16.882] [Node:0] [RPC_RECV] [Trace:CLIENT_0_1762162336882151000] 接收到日志命令:3330 isLeader:true term:14
2025/11/03 17:32:16 [17:32:16.898] [Node:0] [RPC_RECV] [Trace:CLIENT_0_1762162336898316000] 接收到日志命令:9607 isLeader:true term:14
2025/11/03 17:32:16 [17:32:16.903] [Node:0] [RPC_RECV] [Trace:CLIENT_0_1762162336903716000] 接收到日志命令:7054 isLeader:true term:14
2025/11/03 17:32:16 [17:32:16.909] [Node:0] [RPC_RECV] [Trace:CLIENT_0_1762162336909905000] 接收到日志命令:5060 isLeader:true term:14
2025/11/03 17:32:16 [17:32:16.917] [Node:0] [RPC_RECV] [Trace:CLIENT_0_1762162336917883000] 接收到日志命令:6244 isLeader:true term:14
2025/11/03 17:32:16 [17:32:16.932] [Node:0] [RPC_RECV] [Trace:CLIENT_0_1762162336932870000] 接收到日志命令:9935 isLeader:true term:14
2025/11/03 17:32:16 [17:32:16.935] [Node:0] [HEARTBEAT] [Trace:HB_0_14] 开始发送心跳广播 status LEADER term:14 commitIndex:11
2025/11/03 17:32:16 [17:32:16.945] [Node:0] [RPC_RECV] [Trace:CLIENT_0_1762162336945602000] 接收到日志命令:6878 isLeader:true term:14
2025/11/03 17:32:16 [17:32:16.959] [Node:0] [RPC_RECV] [Trace:CLIENT_0_1762162336959647000] 接收到日志命令:4469 isLeader:true term:14
2025/11/03 17:32:16 [17:32:16.970] [Node:0] [RPC_RECV] [Trace:CLIENT_0_1762162336970683000] 接收到日志命令:234 isLeader:true term:14
2025/11/03 17:32:16 [17:32:16.986] [Node:0] [RPC_RECV] [Trace:CLIENT_0_1762162336986416000] 接收到日志命令:1768 isLeader:true term:14
2025/11/03 17:32:17 [17:32:17.002] [Node:0] [RPC_RECV] [Trace:CLIENT_0_1762162337002498000] 接收到日志命令:5030 isLeader:true term:14
2025/11/03 17:32:17 [17:32:17.015] [Node:0] [RPC_RECV] [Trace:CLIENT_0_1762162337015868000] 接收到日志命令:3631 isLeader:true term:14
2025/11/03 17:32:17 [17:32:17.026] [Node:0] [RPC_RECV] [Trace:CLIENT_0_1762162337026344000] 接收到日志命令:7086 isLeader:true term:14
2025/11/03 17:32:17 [17:32:17.035] [Node:0] [RPC_RECV] [Trace:CLIENT_0_1762162337035023000] 接收到日志命令:159 isLeader:true term:14
2025/11/03 17:32:17 [17:32:17.037] [Node:0] [HEARTBEAT] [Trace:HB_0_14] 开始发送心跳广播 status LEADER term:14 commitIndex:11
2025/11/03 17:32:17 [17:32:17.045] [Node:0] [RPC_RECV] [Trace:CLIENT_0_1762162337045131000] 接收到日志命令:1225 isLeader:true term:14
2025/11/03 17:32:17 [17:32:17.137] [Node:0] [HEARTBEAT] [Trace:HB_0_14] 开始发送心跳广播 status LEADER term:14 commitIndex:11
2025/11/03 17:32:17 [17:32:17.237] [Node:0] [HEARTBEAT] [Trace:HB_0_14] 开始发送心跳广播 status LEADER term:14 commitIndex:11
2025/11/03 17:32:17 [17:32:17.337] [Node:0] [HEARTBEAT] [Trace:HB_0_14] 开始发送心跳广播 status LEADER term:14 commitIndex:11
2025/11/03 17:32:17 [17:32:17.432] [Node:0] [RPC_RECV] [Trace:CLIENT_0_1762162337432205000] 接收到日志命令:7620 isLeader:true term:14
2025/11/03 17:32:17 [17:32:17.438] [Node:0] [HEARTBEAT] [Trace:HB_0_14] 开始发送心跳广播 status LEADER term:14 commitIndex:11
2025/11/03 17:32:17 [17:32:17.441] [Node:0] [RPC_RECV] [Trace:CLIENT_0_1762162337441257000] 接收到日志命令:348 isLeader:true term:14
2025/11/03 17:32:17 [17:32:17.454] [Node:0] [RPC_RECV] [Trace:CLIENT_0_1762162337454051000] 接收到日志命令:5024 isLeader:true term:14
2025/11/03 17:32:17 [17:32:17.463] [Node:0] [RPC_RECV] [Trace:CLIENT_0_1762162337463054000] 接收到日志命令:3268 isLeader:true term:14
2025/11/03 17:32:17 [17:32:17.476] [Node:0] [RPC_RECV] [Trace:CLIENT_0_1762162337476475000] 接收到日志命令:6854 isLeader:true term:14
2025/11/03 17:32:17 [17:32:17.492] [Node:0] [RPC_RECV] [Trace:CLIENT_0_1762162337492364000] 接收到日志命令:4810 isLeader:true term:14
2025/11/03 17:32:17 [17:32:17.498] [Node:0] [RPC_RECV] [Trace:CLIENT_0_1762162337498138000] 接收到日志命令:2406 isLeader:true term:14
2025/11/03 17:32:17 [17:32:17.538] [Node:0] [HEARTBEAT] [Trace:HB_0_14] 开始发送心跳广播 status LEADER term:14 commitIndex:11
2025/11/03 17:32:17 [17:32:17.641] [Node:0] [HEARTBEAT] [Trace:HB_0_14] 开始发送心跳广播 status LEADER term:14 commitIndex:11
2025/11/03 17:32:17 [17:32:17.741] [Node:0] [HEARTBEAT] [Trace:HB_0_14] 开始发送心跳广播 status LEADER term:14 commitIndex:11
2025/11/03 17:32:17 [17:32:17.842] [Node:0] [HEARTBEAT] [Trace:HB_0_14] 开始发送心跳广播 status LEADER term:14 commitIndex:11
2025/11/03 17:32:17 [17:32:17.943] [Node:0] [HEARTBEAT] [Trace:HB_0_14] 开始发送心跳广播 status LEADER term:14 commitIndex:11
2025/11/03 17:32:17 [17:32:17.979] [Node:0] [RPC_RECV] [Trace:CLIENT_0_1762162337979127000] 接收到日志命令:6280 isLeader:true term:14
2025/11/03 17:32:18 [17:32:18.000] [Node:0] [RPC_RECV] [Trace:CLIENT_0_1762162338000644000] 接收到日志命令:2748 isLeader:true term:14
2025/11/03 17:32:18 [17:32:18.020] [Node:0] [RPC_RECV] [Trace:CLIENT_0_1762162338020557000] 接收到日志命令:2184 isLeader:true term:14
2025/11/03 17:32:18 [17:32:18.035] [Node:0] [RPC_RECV] [Trace:CLIENT_0_1762162338035923000] 接收到日志命令:453 isLeader:true term:14
2025/11/03 17:32:18 [17:32:18.043] [Node:0] [HEARTBEAT] [Trace:HB_0_14] 开始发送心跳广播 status LEADER term:14 commitIndex:11
2025/11/03 17:32:18 [17:32:18.055] [Node:0] [RPC_RECV] [Trace:CLIENT_0_1762162338055281000] 接收到日志命令:3655 isLeader:true term:14
2025/11/03 17:32:18 [17:32:18.143] [Node:0] [HEARTBEAT] [Trace:HB_0_14] 开始发送心跳广播 status LEADER term:14 commitIndex:11
2025/11/03 17:32:18 [17:32:18.209] [Node:0] [RPC_RECV] [Trace:CLIENT_0_1762162338209942000] 接收到日志命令:9697 isLeader:true term:14
2025/11/03 17:32:18 [17:32:18.231] [Node:0] [RPC_RECV] [Trace:CLIENT_0_1762162338231961000] 接收到日志命令:8828 isLeader:true term:14
2025/11/03 17:32:18 [17:32:18.243] [Node:0] [RPC_RECV] [Trace:CLIENT_0_1762162338243749000] 接收到日志命令:5332 isLeader:true term:14
2025/11/03 17:32:18 [17:32:18.245] [Node:0] [HEARTBEAT] [Trace:HB_0_14] 开始发送心跳广播 status LEADER term:14 commitIndex:11
2025/11/03 17:32:18 [17:32:18.255] [Node:0] [RPC_RECV] [Trace:CLIENT_0_1762162338255759000] 接收到日志命令:4864 isLeader:true term:14
2025/11/03 17:32:18 [17:32:18.269] [Node:0] [RPC_RECV] [Trace:CLIENT_0_1762162338269880000] 接收到日志命令:1543 isLeader:true term:14
2025/11/03 17:32:18 [17:32:18.286] [Node:0] [RPC_RECV] [Trace:CLIENT_0_1762162338286673000] 接收到日志命令:3558 isLeader:true term:14
2025/11/03 17:32:18 [17:32:18.294] [Node:0] [RPC_RECV] [Trace:CLIENT_0_1762162338294199000] 接收到日志命令:1363 isLeader:true term:14
2025/11/03 17:32:18 [17:32:18.305] [Node:0] [RPC_RECV] [Trace:CLIENT_0_1762162338305491000] 接收到日志命令:4673 isLeader:true term:14
2025/11/03 17:32:18 [17:32:18.314] [Node:0] [RPC_RECV] [Trace:CLIENT_0_1762162338314163000] 接收到日志命令:5403 isLeader:true term:14
2025/11/03 17:32:18 [17:32:18.324] [Node:0] [RPC_RECV] [Trace:CLIENT_0_1762162338324621000] 接收到日志命令:6190 isLeader:true term:14
2025/11/03 17:32:18 [17:32:18.329] [Node:0] [RPC_RECV] [Trace:CLIENT_0_1762162338329278000] 接收到日志命令:8881 isLeader:true term:14
2025/11/03 17:32:18 [17:32:18.343] [Node:0] [RPC_RECV] [Trace:CLIENT_0_1762162338343598000] 接收到日志命令:5219 isLeader:true term:14
2025/11/03 17:32:18 [17:32:18.346] [Node:0] [HEARTBEAT] [Trace:HB_0_14] 开始发送心跳广播 status LEADER term:14 commitIndex:11
2025/11/03 17:32:18 [17:32:18.353] [Node:0] [RPC_RECV] [Trace:CLIENT_0_1762162338353009000] 接收到日志命令:5917 isLeader:true term:14
2025/11/03 17:32:18 [17:32:18.357] [Node:0] [RPC_RECV] [Trace:CLIENT_0_1762162338357018000] 接收到日志命令:6871 isLeader:true term:14
2025/11/03 17:32:18 [17:32:18.368] [Node:0] [RPC_RECV] [Trace:CLIENT_0_1762162338368006000] 接收到日志命令:1451 isLeader:true term:14
2025/11/03 17:32:18 [17:32:18.384] [Node:0] [RPC_RECV] [Trace:CLIENT_0_1762162338384279000] 接收到日志命令:7095 isLeader:true term:14
2025/11/03 17:32:18 [17:32:18.398] [Node:0] [RPC_RECV] [Trace:CLIENT_0_1762162338398438000] 接收到日志命令:4545 isLeader:true term:14
2025/11/03 17:32:18 [17:32:18.405] [Node:0] [RPC_RECV] [Trace:CLIENT_0_1762162338405680000] 接收到日志命令:1634 isLeader:true term:14
2025/11/03 17:32:18 [17:32:18.416] [Node:0] [RPC_RECV] [Trace:CLIENT_0_1762162338416078000] 接收到日志命令:8699 isLeader:true term:14
2025/11/03 17:32:18 [17:32:18.430] [Node:0] [RPC_RECV] [Trace:CLIENT_0_1762162338430758000] 接收到日志命令:2175 isLeader:true term:14
2025/11/03 17:32:18 [17:32:18.441] [Node:0] [RPC_RECV] [Trace:CLIENT_0_1762162338441520000] 接收到日志命令:6143 isLeader:true term:14
2025/11/03 17:32:18 [17:32:18.446] [Node:0] [HEARTBEAT] [Trace:HB_0_14] 开始发送心跳广播 status LEADER term:14 commitIndex:11
2025/11/03 17:32:18 [17:32:18.452] [Node:0] [RPC_RECV] [Trace:CLIENT_0_1762162338452495000] 接收到日志命令:5643 isLeader:true term:14
2025/11/03 17:32:18 [17:32:18.462] [Node:0] [RPC_RECV] [Trace:CLIENT_0_1762162338462503000] 接收到日志命令:5103 isLeader:true term:14
2025/11/03 17:32:18 [17:32:18.466] [Node:0] [RPC_RECV] [Trace:CLIENT_0_1762162338466750000] 接收到日志命令:6061 isLeader:true term:14
2025/11/03 17:32:18 [17:32:18.479] [Node:0] [RPC_RECV] [Trace:CLIENT_0_1762162338479978000] 接收到日志命令:2212 isLeader:true term:14
2025/11/03 17:32:18 [17:32:18.488] [Node:0] [RPC_RECV] [Trace:CLIENT_0_1762162338488735000] 接收到日志命令:4112 isLeader:true term:14
2025/11/03 17:32:18 [17:32:18.498] [Node:0] [RPC_RECV] [Trace:CLIENT_0_1762162338498355000] 接收到日志命令:1236 isLeader:true term:14
2025/11/03 17:32:18 [17:32:18.502] [Node:0] [RPC_RECV] [Trace:CLIENT_0_1762162338502684000] 接收到日志命令:3810 isLeader:true term:14
2025/11/03 17:32:18 [17:32:18.516] [Node:0] [RPC_RECV] [Trace:CLIENT_0_1762162338516618000] 接收到日志命令:9797 isLeader:true term:14
2025/11/03 17:32:18 [17:32:18.529] [Node:0] [RPC_RECV] [Trace:CLIENT_0_1762162338529854000] 接收到日志命令:8742 isLeader:true term:14
2025/11/03 17:32:18 [17:32:18.546] [Node:0] [RPC_RECV] [Trace:CLIENT_0_1762162338546387000] 接收到日志命令:5983 isLeader:true term:14
2025/11/03 17:32:18 [17:32:18.548] [Node:0] [HEARTBEAT] [Trace:HB_0_14] 开始发送心跳广播 status LEADER term:14 commitIndex:11
2025/11/03 17:32:18 [17:32:18.557] [Node:0] [RPC_RECV] [Trace:CLIENT_0_1762162338557911000] 接收到日志命令:2089 isLeader:true term:14
2025/11/03 17:32:18 [17:32:18.648] [Node:0] [HEARTBEAT] [Trace:HB_0_14] 开始发送心跳广播 status LEADER term:14 commitIndex:11
2025/11/03 17:32:18 [17:32:18.713] [Node:0] [RPC_RECV] [Trace:CLIENT_0_1762162338713869000] 接收到日志命令:7771 isLeader:true term:14
2025/11/03 17:32:18 [17:32:18.725] [Node:0] [RPC_RECV] [Trace:CLIENT_0_1762162338725791000] 接收到日志命令:4025 isLeader:true term:14
2025/11/03 17:32:18 [17:32:18.742] [Node:0] [RPC_RECV] [Trace:CLIENT_0_1762162338742477000] 接收到日志命令:6473 isLeader:true term:14
2025/11/03 17:32:18 [17:32:18.749] [Node:0] [HEARTBEAT] [Trace:HB_0_14] 开始发送心跳广播 status LEADER term:14 commitIndex:11
2025/11/03 17:32:18 [17:32:18.754] [Node:0] [RPC_RECV] [Trace:CLIENT_0_1762162338754599000] 接收到日志命令:1071 isLeader:true term:14
2025/11/03 17:32:18 [17:32:18.763] [Node:0] [RPC_RECV] [Trace:CLIENT_0_1762162338763777000] 接收到日志命令:4016 isLeader:true term:14
2025/11/03 17:32:18 [17:32:18.768] [Node:0] [RPC_RECV] [Trace:CLIENT_0_1762162338768726000] 接收到日志命令:5478 isLeader:true term:14
2025/11/03 17:32:18 [17:32:18.784] [Node:0] [RPC_RECV] [Trace:CLIENT_0_1762162338784515000] 接收到日志命令:5116 isLeader:true term:14
2025/11/03 17:32:18 [17:32:18.796] [Node:0] [RPC_RECV] [Trace:CLIENT_0_1762162338796125000] 接收到日志命令:4492 isLeader:true term:14
2025/11/03 17:32:18 [17:32:18.808] [Node:0] [RPC_RECV] [Trace:CLIENT_0_1762162338808599000] 接收到日志命令:7298 isLeader:true term:14
2025/11/03 17:32:18 [17:32:18.816] [Node:0] [RPC_RECV] [Trace:CLIENT_0_1762162338816895000] 接收到日志命令:3005 isLeader:true term:14
2025/11/03 17:32:18 [17:32:18.821] [Node:0] [RPC_RECV] [Trace:CLIENT_0_1762162338821122000] 接收到日志命令:558 isLeader:true term:14
2025/11/03 17:32:18 [17:32:18.849] [Node:0] [HEARTBEAT] [Trace:HB_0_14] 开始发送心跳广播 status LEADER term:14 commitIndex:11
2025/11/03 17:32:18 [17:32:18.927] [Node:0] [RPC_RECV] [Trace:CLIENT_0_1762162338927114000] 接收到日志命令:2067 isLeader:true term:14
2025/11/03 17:32:18 [17:32:18.934] [Node:0] [RPC_RECV] [Trace:CLIENT_0_1762162338934914000] 接收到日志命令:321 isLeader:true term:14
2025/11/03 17:32:18 [17:32:18.950] [Node:0] [HEARTBEAT] [Trace:HB_0_14] 开始发送心跳广播 status LEADER term:14 commitIndex:11
2025/11/03 17:32:18 [17:32:18.954] [Node:0] [RPC_RECV] [Trace:CLIENT_0_1762162338954039000] 接收到日志命令:8469 isLeader:true term:14
2025/11/03 17:32:18 [17:32:18.965] [Node:0] [RPC_RECV] [Trace:CLIENT_0_1762162338965091000] 接收到日志命令:6443 isLeader:true term:14
2025/11/03 17:32:18 [17:32:18.974] [Node:0] [RPC_RECV] [Trace:CLIENT_0_1762162338974137000] 接收到日志命令:7331 isLeader:true term:14
2025/11/03 17:32:18 [17:32:18.985] [Node:0] [RPC_RECV] [Trace:CLIENT_0_1762162338985718000] 接收到日志命令:8137 isLeader:true term:14
2025/11/03 17:32:18 [17:32:18.991] [Node:0] [RPC_RECV] [Trace:CLIENT_0_1762162338991618000] 接收到日志命令:6398 isLeader:true term:14
2025/11/03 17:32:19 [17:32:19.000] [Node:0] [RPC_RECV] [Trace:CLIENT_0_1762162339000212000] 接收到日志命令:6938 isLeader:true term:14
2025/11/03 17:32:19 [17:32:19.016] [Node:0] [RPC_RECV] [Trace:CLIENT_0_1762162339016936000] 接收到日志命令:9239 isLeader:true term:14
2025/11/03 17:32:19 [17:32:19.030] [Node:0] [RPC_RECV] [Trace:CLIENT_0_1762162339030015000] 接收到日志命令:9755 isLeader:true term:14
2025/11/03 17:32:19 [17:32:19.042] [Node:0] [RPC_RECV] [Trace:CLIENT_0_1762162339042805000] 接收到日志命令:7384 isLeader:true term:14
2025/11/03 17:32:19 [17:32:19.050] [Node:0] [HEARTBEAT] [Trace:HB_0_14] 开始发送心跳广播 status LEADER term:14 commitIndex:11
2025/11/03 17:32:19 [17:32:19.054] [Node:0] [RPC_RECV] [Trace:CLIENT_0_1762162339054071000] 接收到日志命令:202 isLeader:true term:14
2025/11/03 17:32:19 [17:32:19.063] [Node:0] [RPC_RECV] [Trace:CLIENT_0_1762162339063031000] 接收到日志命令:85 isLeader:true term:14
2025/11/03 17:32:19 [17:32:19.074] [Node:0] [RPC_RECV] [Trace:CLIENT_0_1762162339074495000] 接收到日志命令:4860 isLeader:true term:14
2025/11/03 17:32:19 [17:32:19.079] [Node:0] [RPC_RECV] [Trace:CLIENT_0_1762162339079809000] 接收到日志命令:6001 isLeader:true term:14
2025/11/03 17:32:19 [17:32:19.090] [Node:0] [RPC_RECV] [Trace:CLIENT_0_1762162339090774000] 接收到日志命令:2611 isLeader:true term:14
2025/11/03 17:32:19 [17:32:19.100] [Node:0] [RPC_RECV] [Trace:CLIENT_0_1762162339100198000] 接收到日志命令:472 isLeader:true term:14
2025/11/03 17:32:19 [17:32:19.112] [Node:0] [RPC_RECV] [Trace:CLIENT_0_1762162339112632000] 接收到日志命令:3329 isLeader:true term:14
2025/11/03 17:32:19 [17:32:19.121] [Node:0] [RPC_RECV] [Trace:CLIENT_0_1762162339121003000] 接收到日志命令:9666 isLeader:true term:14
2025/11/03 17:32:19 [17:32:19.151] [Node:0] [HEARTBEAT] [Trace:HB_0_14] 开始发送心跳广播 status LEADER term:14 commitIndex:11
2025/11/03 17:32:19 [17:32:19.251] [Node:0] [HEARTBEAT] [Trace:HB_0_14] 开始发送心跳广播 status LEADER term:14 commitIndex:11
2025/11/03 17:32:19 [17:32:19.351] [Node:0] [HEARTBEAT] [Trace:HB_0_14] 开始发送心跳广播 status LEADER term:14 commitIndex:11
2025/11/03 17:32:19 [17:32:19.452] [Node:0] [HEARTBEAT] [Trace:HB_0_14] 开始发送心跳广播 status LEADER term:14 commitIndex:11
2025/11/03 17:32:19 [17:32:19.482] [Node:0] [RPC_RECV] [Trace:CLIENT_0_1762162339482611000] 接收到日志命令:7748 isLeader:true term:14
2025/11/03 17:32:19 [17:32:19.494] [Node:0] [RPC_RECV] [Trace:CLIENT_0_1762162339494523000] 接收到日志命令:8781 isLeader:true term:14
2025/11/03 17:32:19 [17:32:19.503] [Node:0] [RPC_RECV] [Trace:CLIENT_0_1762162339503457000] 接收到日志命令:6911 isLeader:true term:14
2025/11/03 17:32:19 [17:32:19.514] [Node:0] [RPC_RECV] [Trace:CLIENT_0_1762162339514478000] 接收到日志命令:6693 isLeader:true term:14
2025/11/03 17:32:19 [17:32:19.531] [Node:0] [RPC_RECV] [Trace:CLIENT_0_1762162339530985000] 接收到日志命令:1534 isLeader:true term:14
2025/11/03 17:32:19 [17:32:19.543] [Node:0] [RPC_RECV] [Trace:CLIENT_0_1762162339543666000] 接收到日志命令:2117 isLeader:true term:14
2025/11/03 17:32:19 [17:32:19.552] [Node:0] [HEARTBEAT] [Trace:HB_0_14] 开始发送心跳广播 status LEADER term:14 commitIndex:11
2025/11/03 17:32:19 [17:32:19.556] [Node:0] [RPC_RECV] [Trace:CLIENT_0_1762162339556070000] 接收到日志命令:3994 isLeader:true term:14
2025/11/03 17:32:19 [17:32:19.572] [Node:0] [RPC_RECV] [Trace:CLIENT_0_1762162339572617000] 接收到日志命令:9522 isLeader:true term:14
2025/11/03 17:32:19 [17:32:19.652] [Node:0] [HEARTBEAT] [Trace:HB_0_14] 开始发送心跳广播 status LEADER term:14 commitIndex:11
2025/11/03 17:32:19 [17:32:19.753] [Node:0] [HEARTBEAT] [Trace:HB_0_14] 开始发送心跳广播 status LEADER term:14 commitIndex:11
2025/11/03 17:32:19 [17:32:19.856] [Node:0] [HEARTBEAT] [Trace:HB_0_14] 开始发送心跳广播 status LEADER term:14 commitIndex:11
2025/11/03 17:32:19 [17:32:19.877] [Node:0] [RPC_RECV] [Trace:CLIENT_0_1762162339877482000] 接收到日志命令:4842 isLeader:true term:14
2025/11/03 17:32:19 [17:32:19.897] [Node:0] [RPC_RECV] [Trace:CLIENT_0_1762162339897413000] 接收到日志命令:1625 isLeader:true term:14
2025/11/03 17:32:19 [17:32:19.906] [Node:0] [RPC_RECV] [Trace:CLIENT_0_1762162339906762000] 接收到日志命令:7051 isLeader:true term:14
2025/11/03 17:32:19 [17:32:19.927] [Node:0] [RPC_RECV] [Trace:CLIENT_0_1762162339927034000] 接收到日志命令:1940 isLeader:true term:14
2025/11/03 17:32:19 [17:32:19.940] [Node:0] [RPC_RECV] [Trace:CLIENT_0_1762162339940974000] 接收到日志命令:4732 isLeader:true term:14
2025/11/03 17:32:19 [17:32:19.951] [Node:0] [RPC_RECV] [Trace:CLIENT_0_1762162339951250000] 接收到日志命令:5011 isLeader:true term:14
2025/11/03 17:32:19 [17:32:19.956] [Node:0] [HEARTBEAT] [Trace:HB_0_14] 开始发送心跳广播 status LEADER term:14 commitIndex:11
2025/11/03 17:32:19 [17:32:19.962] [Node:0] [RPC_RECV] [Trace:CLIENT_0_1762162339962449000] 接收到日志命令:9473 isLeader:true term:14
2025/11/03 17:32:19 [17:32:19.974] [Node:0] [RPC_RECV] [Trace:CLIENT_0_1762162339974303000] 接收到日志命令:3968 isLeader:true term:14
2025/11/03 17:32:19 [17:32:19.988] [Node:0] [RPC_RECV] [Trace:CLIENT_0_1762162339988719000] 接收到日志命令:4387 isLeader:true term:14
2025/11/03 17:32:20 [17:32:20.003] [Node:0] [RPC_RECV] [Trace:CLIENT_0_1762162340003463000] 接收到日志命令:3621 isLeader:true term:14
2025/11/03 17:32:20 [17:32:20.013] [Node:0] [RPC_RECV] [Trace:CLIENT_0_1762162340013833000] 接收到日志命令:7824 isLeader:true term:14
2025/11/03 17:32:20 [17:32:20.031] [Node:0] [RPC_RECV] [Trace:CLIENT_0_1762162340031628000] 接收到日志命令:4632 isLeader:true term:14
2025/11/03 17:32:20 [17:32:20.049] [Node:0] [RPC_RECV] [Trace:CLIENT_0_1762162340049876000] 接收到日志命令:373 isLeader:true term:14
2025/11/03 17:32:20 [17:32:20.056] [Node:0] [HEARTBEAT] [Trace:HB_0_14] 开始发送心跳广播 status LEADER term:14 commitIndex:11
2025/11/03 17:32:20 [17:32:20.068] [Node:0] [RPC_RECV] [Trace:CLIENT_0_1762162340068317000] 接收到日志命令:7903 isLeader:true term:14
2025/11/03 17:32:20 [17:32:20.083] [Node:0] [RPC_RECV] [Trace:CLIENT_0_1762162340083513000] 接收到日志命令:7708 isLeader:true term:14
2025/11/03 17:32:20 [17:32:20.091] [Node:0] [RPC_RECV] [Trace:CLIENT_0_1762162340091477000] 接收到日志命令:9388 isLeader:true term:14
2025/11/03 17:32:20 [17:32:20.102] [Node:0] [RPC_RECV] [Trace:CLIENT_0_1762162340102133000] 接收到日志命令:1144 isLeader:true term:14
2025/11/03 17:32:20 [17:32:20.109] [Node:0] [RPC_RECV] [Trace:CLIENT_0_1762162340109136000] 接收到日志命令:2304 isLeader:true term:14
2025/11/03 17:32:20 [17:32:20.123] [Node:0] [RPC_RECV] [Trace:CLIENT_0_1762162340123065000] 接收到日志命令:1394 isLeader:true term:14
2025/11/03 17:32:20 [17:32:20.134] [Node:0] [RPC_RECV] [Trace:CLIENT_0_1762162340134945000] 接收到日志命令:9994 isLeader:true term:14
2025/11/03 17:32:20 [17:32:20.151] [Node:0] [RPC_RECV] [Trace:CLIENT_0_1762162340151028000] 接收到日志命令:6571 isLeader:true term:14
2025/11/03 17:32:20 [17:32:20.157] [Node:0] [HEARTBEAT] [Trace:HB_0_14] 开始发送心跳广播 status LEADER term:14 commitIndex:11
2025/11/03 17:32:20 [17:32:20.257] [Node:0] [HEARTBEAT] [Trace:HB_0_14] 开始发送心跳广播 status LEADER term:14 commitIndex:11
2025/11/03 17:32:20 [17:32:20.357] [Node:0] [HEARTBEAT] [Trace:HB_0_14] 开始发送心跳广播 status LEADER term:14 commitIndex:11
2025/11/03 17:32:20 [17:32:20.459] [Node:0] [HEARTBEAT] [Trace:HB_0_14] 开始发送心跳广播 status LEADER term:14 commitIndex:11
2025/11/03 17:32:20 [17:32:20.538] [Node:0] [RPC_RECV] [Trace:CLIENT_0_1762162340538715000] 接收到日志命令:2632 isLeader:true term:14
2025/11/03 17:32:20 [17:32:20.561] [Node:0] [HEARTBEAT] [Trace:HB_0_14] 开始发送心跳广播 status LEADER term:14 commitIndex:11
2025/11/03 17:32:20 [17:32:20.568] [Node:0] [RPC_RECV] [Trace:CLIENT_0_1762162340568453000] 接收到日志命令:8507 isLeader:true term:14
2025/11/03 17:32:20 [17:32:20.581] [Node:0] [RPC_RECV] [Trace:CLIENT_0_1762162340581729000] 接收到日志命令:9126 isLeader:true term:14
2025/11/03 17:32:20 [17:32:20.661] [Node:0] [HEARTBEAT] [Trace:HB_0_14] 开始发送心跳广播 status LEADER term:14 commitIndex:11
2025/11/03 17:32:20 [17:32:20.776] [Node:0] [RPC_RECV] [Trace:CLIENT_0_1762162340776294000] 接收到日志命令:9861 isLeader:true term:14
2025/11/03 17:32:20 [17:32:20.781] [Node:0] [HEARTBEAT] [Trace:HB_0_14] 开始发送心跳广播 status LEADER term:14 commitIndex:11
2025/11/03 17:32:20 [17:32:20.785] [Node:0] [RPC_RECV] [Trace:CLIENT_0_1762162340785750000] 接收到日志命令:1928 isLeader:true term:14
2025/11/03 17:32:20 [17:32:20.805] [Node:0] [RPC_RECV] [Trace:CLIENT_0_1762162340805746000] 接收到日志命令:9867 isLeader:true term:14
2025/11/03 17:32:20 [17:32:20.821] [Node:0] [RPC_RECV] [Trace:CLIENT_0_1762162340821833000] 接收到日志命令:9360 isLeader:true term:14
2025/11/03 17:32:20 [17:32:20.881] [Node:0] [HEARTBEAT] [Trace:HB_0_14] 开始发送心跳广播 status LEADER term:14 commitIndex:11
2025/11/03 17:32:20 [17:32:20.981] [Node:0] [HEARTBEAT] [Trace:HB_0_14] 开始发送心跳广播 status LEADER term:14 commitIndex:11
2025/11/03 17:32:21 [17:32:21.020] [Node:0] [RPC_RECV] [Trace:CLIENT_0_1762162341020749000] 接收到日志命令:2500 isLeader:true term:14
2025/11/03 17:32:21 [17:32:21.033] [Node:0] [RPC_RECV] [Trace:CLIENT_0_1762162341033236000] 接收到日志命令:1842 isLeader:true term:14
2025/11/03 17:32:21 [17:32:21.051] [Node:0] [RPC_RECV] [Trace:CLIENT_0_1762162341051850000] 接收到日志命令:1657 isLeader:true term:14
2025/11/03 17:32:21 [17:32:21.071] [Node:0] [RPC_RECV] [Trace:CLIENT_0_1762162341071478000] 接收到日志命令:8288 isLeader:true term:14
2025/11/03 17:32:21 [17:32:21.078] [Node:0] [RPC_RECV] [Trace:CLIENT_0_1762162341078122000] 接收到日志命令:9740 isLeader:true term:14
2025/11/03 17:32:21 [17:32:21.082] [Node:0] [HEARTBEAT] [Trace:HB_0_14] 开始发送心跳广播 status LEADER term:14 commitIndex:11
2025/11/03 17:32:21 [17:32:21.086] [Node:0] [RPC_RECV] [Trace:CLIENT_0_1762162341086296000] 接收到日志命令:2844 isLeader:true term:14
2025/11/03 17:32:21 [17:32:21.098] [Node:0] [RPC_RECV] [Trace:CLIENT_0_1762162341098554000] 接收到日志命令:1330 isLeader:true term:14
2025/11/03 17:32:21 [17:32:21.103] [Node:0] [RPC_RECV] [Trace:CLIENT_0_1762162341103883000] 接收到日志命令:6277 isLeader:true term:14
2025/11/03 17:32:21 [17:32:21.116] [Node:0] [RPC_RECV] [Trace:CLIENT_0_1762162341116828000] 接收到日志命令:280 isLeader:true term:14
2025/11/03 17:32:21 [17:32:21.126] [Node:0] [RPC_RECV] [Trace:CLIENT_0_1762162341126070000] 接收到日志命令:2162 isLeader:true term:14
2025/11/03 17:32:21 [17:32:21.137] [Node:0] [RPC_RECV] [Trace:CLIENT_0_1762162341137472000] 接收到日志命令:9912 isLeader:true term:14
2025/11/03 17:32:21 [17:32:21.154] [Node:0] [RPC_RECV] [Trace:CLIENT_0_1762162341154078000] 接收到日志命令:1907 isLeader:true term:14
2025/11/03 17:32:21 [17:32:21.164] [Node:0] [RPC_RECV] [Trace:CLIENT_0_1762162341164317000] 接收到日志命令:9824 isLeader:true term:14
2025/11/03 17:32:21 [17:32:21.179] [Node:0] [RPC_RECV] [Trace:CLIENT_0_1762162341179037000] 接收到日志命令:2933 isLeader:true term:14
2025/11/03 17:32:21 [17:32:21.182] [Node:0] [HEARTBEAT] [Trace:HB_0_14] 开始发送心跳广播 status LEADER term:14 commitIndex:11
2025/11/03 17:32:21 [17:32:21.194] [Node:0] [RPC_RECV] [Trace:CLIENT_0_1762162341194737000] 接收到日志命令:1139 isLeader:true term:14
2025/11/03 17:32:21 [17:32:21.211] [Node:0] [RPC_RECV] [Trace:CLIENT_0_1762162341211231000] 接收到日志命令:7533 isLeader:true term:14
2025/11/03 17:32:21 [17:32:21.217] [Node:0] [RPC_RECV] [Trace:CLIENT_0_1762162341217984000] 接收到日志命令:6668 isLeader:true term:14
2025/11/03 17:32:21 [17:32:21.224] [Node:0] [RPC_RECV] [Trace:CLIENT_0_1762162341224531000] 接收到日志命令:4383 isLeader:true term:14
2025/11/03 17:32:21 [17:32:21.235] [Node:0] [RPC_RECV] [Trace:CLIENT_0_1762162341235161000] 接收到日志命令:4330 isLeader:true term:14
2025/11/03 17:32:21 [17:32:21.240] [Node:0] [RPC_RECV] [Trace:CLIENT_0_1762162341240488000] 接收到日志命令:2836 isLeader:true term:14
2025/11/03 17:32:21 [17:32:21.247] [Node:0] [RPC_RECV] [Trace:CLIENT_0_1762162341247491000] 接收到日志命令:2404 isLeader:true term:14
2025/11/03 17:32:21 [17:32:21.264] [Node:0] [RPC_RECV] [Trace:CLIENT_0_1762162341264167000] 接收到日志命令:9429 isLeader:true term:14
2025/11/03 17:32:21 [17:32:21.270] [Node:0] [RPC_RECV] [Trace:CLIENT_0_1762162341270846000] 接收到日志命令:9852 isLeader:true term:14
2025/11/03 17:32:21 [17:32:21.282] [Node:0] [HEARTBEAT] [Trace:HB_0_14] 开始发送心跳广播 status LEADER term:14 commitIndex:11
2025/11/03 17:32:21 [17:32:21.383] [Node:0] [HEARTBEAT] [Trace:HB_0_14] 开始发送心跳广播 status LEADER term:14 commitIndex:11
2025/11/03 17:32:21 [17:32:21.483] [Node:0] [HEARTBEAT] [Trace:HB_0_14] 开始发送心跳广播 status LEADER term:14 commitIndex:11
2025/11/03 17:32:21 [17:32:21.584] [Node:0] [HEARTBEAT] [Trace:HB_0_14] 开始发送心跳广播 status LEADER term:14 commitIndex:11
2025/11/03 17:32:21 [17:32:21.684] [Node:0] [HEARTBEAT] [Trace:HB_0_14] 开始发送心跳广播 status LEADER term:14 commitIndex:11
2025/11/03 17:32:21 [17:32:21.699] [Node:0] [RPC_RECV] [Trace:CLIENT_0_1762162341699323000] 接收到日志命令:3985 isLeader:true term:14
2025/11/03 17:32:21 [17:32:21.719] [Node:0] [RPC_RECV] [Trace:CLIENT_0_1762162341719748000] 接收到日志命令:2095 isLeader:true term:14
2025/11/03 17:32:21 [17:32:21.742] [Node:0] [RPC_RECV] [Trace:CLIENT_0_1762162341742753000] 接收到日志命令:5824 isLeader:true term:14
2025/11/03 17:32:21 [17:32:21.759] [Node:0] [RPC_RECV] [Trace:CLIENT_0_1762162341759608000] 接收到日志命令:1460 isLeader:true term:14
2025/11/03 17:32:21 [17:32:21.773] [Node:0] [RPC_RECV] [Trace:CLIENT_0_1762162341773565000] 接收到日志命令:6524 isLeader:true term:14
2025/11/03 17:32:21 [17:32:21.784] [Node:0] [HEARTBEAT] [Trace:HB_0_14] 开始发送心跳广播 status LEADER term:14 commitIndex:11
2025/11/03 17:32:21 [17:32:21.789] [Node:0] [RPC_RECV] [Trace:CLIENT_0_1762162341789475000] 接收到日志命令:8231 isLeader:true term:14
2025/11/03 17:32:21 [17:32:21.798] [Node:0] [RPC_RECV] [Trace:CLIENT_0_1762162341798356000] 接收到日志命令:2759 isLeader:true term:14
2025/11/03 17:32:21 [17:32:21.810] [Node:0] [RPC_RECV] [Trace:CLIENT_0_1762162341810533000] 接收到日志命令:7232 isLeader:true term:14
2025/11/03 17:32:21 [17:32:21.817] [Node:0] [RPC_RECV] [Trace:CLIENT_0_1762162341817579000] 接收到日志命令:4051 isLeader:true term:14
2025/11/03 17:32:21 [17:32:21.884] [Node:0] [HEARTBEAT] [Trace:HB_0_14] 开始发送心跳广播 status LEADER term:14 commitIndex:11
2025/11/03 17:32:21 [17:32:21.984] [Node:0] [HEARTBEAT] [Trace:HB_0_14] 开始发送心跳广播 status LEADER term:14 commitIndex:11
2025/11/03 17:32:22 [17:32:22.085] [Node:0] [HEARTBEAT] [Trace:HB_0_14] 开始发送心跳广播 status LEADER term:14 commitIndex:11
2025/11/03 17:32:22 [17:32:22.180] [Node:0] [RPC_RECV] [Trace:CLIENT_0_1762162342180516000] 接收到日志命令:8263 isLeader:true term:14
2025/11/03 17:32:22 [17:32:22.188] [Node:0] [HEARTBEAT] [Trace:HB_0_14] 开始发送心跳广播 status LEADER term:14 commitIndex:11
2025/11/03 17:32:22 [17:32:22.289] [Node:0] [HEARTBEAT] [Trace:HB_0_14] 开始发送心跳广播 status LEADER term:14 commitIndex:11
2025/11/03 17:32:22 [17:32:22.371] [Node:0] [RPC_RECV] [Trace:CLIENT_0_1762162342371946000] 接收到日志命令:9484 isLeader:true term:14
2025/11/03 17:32:22 [17:32:22.390] [Node:0] [HEARTBEAT] [Trace:HB_0_14] 开始发送心跳广播 status LEADER term:14 commitIndex:11
2025/11/03 17:32:22 [17:32:22.396] [Node:0] [RPC_RECV] [Trace:CLIENT_0_1762162342396515000] 接收到日志命令:4070 isLeader:true term:14
2025/11/03 17:32:22 [17:32:22.413] [Node:0] [RPC_RECV] [Trace:CLIENT_0_1762162342413722000] 接收到日志命令:4387 isLeader:true term:14
2025/11/03 17:32:22 [17:32:22.428] [Node:0] [RPC_RECV] [Trace:CLIENT_0_1762162342428623000] 接收到日志命令:1495 isLeader:true term:14
2025/11/03 17:32:22 [17:32:22.444] [Node:0] [RPC_RECV] [Trace:CLIENT_0_1762162342444351000] 接收到日志命令:7139 isLeader:true term:14
2025/11/03 17:32:22 [17:32:22.458] [Node:0] [RPC_RECV] [Trace:CLIENT_0_1762162342458114000] 接收到日志命令:8560 isLeader:true term:14
2025/11/03 17:32:22 [17:32:22.480] [Node:0] [RPC_RECV] [Trace:CLIENT_0_1762162342480632000] 接收到日志命令:3494 isLeader:true term:14
2025/11/03 17:32:22 [17:32:22.490] [Node:0] [HEARTBEAT] [Trace:HB_0_14] 开始发送心跳广播 status LEADER term:14 commitIndex:11
2025/11/03 17:32:22 [17:32:22.496] [Node:0] [RPC_RECV] [Trace:CLIENT_0_1762162342496085000] 接收到日志命令:4043 isLeader:true term:14
2025/11/03 17:32:22 [17:32:22.504] [Node:0] [RPC_RECV] [Trace:CLIENT_0_1762162342504691000] 接收到日志命令:3276 isLeader:true term:14
2025/11/03 17:32:22 [17:32:22.522] [Node:0] [RPC_RECV] [Trace:CLIENT_0_1762162342522878000] 接收到日志命令:3097 isLeader:true term:14
2025/11/03 17:32:22 [17:32:22.539] [Node:0] [RPC_RECV] [Trace:CLIENT_0_1762162342539634000] 接收到日志命令:428 isLeader:true term:14
2025/11/03 17:32:22 [17:32:22.548] [Node:0] [RPC_RECV] [Trace:CLIENT_0_1762162342548183000] 接收到日志命令:2337 isLeader:true term:14
2025/11/03 17:32:22 [17:32:22.559] [Node:0] [RPC_RECV] [Trace:CLIENT_0_1762162342559321000] 接收到日志命令:8719 isLeader:true term:14
2025/11/03 17:32:22 [17:32:22.578] [Node:0] [RPC_RECV] [Trace:CLIENT_0_1762162342578561000] 接收到日志命令:2262 isLeader:true term:14
2025/11/03 17:32:22 [17:32:22.591] [Node:0] [HEARTBEAT] [Trace:HB_0_14] 开始发送心跳广播 status LEADER term:14 commitIndex:11
2025/11/03 17:32:22 [17:32:22.597] [Node:0] [RPC_RECV] [Trace:CLIENT_0_1762162342597207000] 接收到日志命令:7868 isLeader:true term:14
2025/11/03 17:32:22 [17:32:22.604] [Node:0] [RPC_RECV] [Trace:CLIENT_0_1762162342604404000] 接收到日志命令:6068 isLeader:true term:14
2025/11/03 17:32:22 [17:32:22.609] [Node:0] [RPC_RECV] [Trace:CLIENT_0_1762162342609962000] 接收到日志命令:25 isLeader:true term:14
2025/11/03 17:32:22 [17:32:22.615] [Node:0] [RPC_RECV] [Trace:CLIENT_0_1762162342615300000] 接收到日志命令:3908 isLeader:true term:14
2025/11/03 17:32:22 [17:32:22.632] [Node:0] [RPC_RECV] [Trace:CLIENT_0_1762162342632638000] 接收到日志命令:9554 isLeader:true term:14
2025/11/03 17:32:22 [17:32:22.667] [Node:0] [RPC_RECV] [Trace:CLIENT_0_1762162342667554000] 接收到日志命令:3431 isLeader:true term:14
2025/11/03 17:32:22 [17:32:22.674] [Node:0] [RPC_RECV] [Trace:CLIENT_0_1762162342674729000] 接收到日志命令:8648 isLeader:true term:14
2025/11/03 17:32:22 [17:32:22.685] [Node:0] [RPC_RECV] [Trace:CLIENT_0_1762162342685590000] 接收到日志命令:398 isLeader:true term:14
2025/11/03 17:32:22 [17:32:22.691] [Node:0] [HEARTBEAT] [Trace:HB_0_14] 开始发送心跳广播 status LEADER term:14 commitIndex:11
2025/11/03 17:32:22 [17:32:22.695] [Node:0] [RPC_RECV] [Trace:CLIENT_0_1762162342695316000] 接收到日志命令:8495 isLeader:true term:14
2025/11/03 17:32:22 [17:32:22.705] [Node:0] [RPC_RECV] [Trace:CLIENT_0_1762162342705217000] 接收到日志命令:2419 isLeader:true term:14
2025/11/03 17:32:22 [17:32:22.712] [Node:0] [RPC_RECV] [Trace:CLIENT_0_1762162342712951000] 接收到日志命令:1165 isLeader:true term:14
2025/11/03 17:32:22 [17:32:22.721] [Node:0] [RPC_RECV] [Trace:CLIENT_0_1762162342721539000] 接收到日志命令:5204 isLeader:true term:14
2025/11/03 17:32:22 [17:32:22.738] [Node:0] [RPC_RECV] [Trace:CLIENT_0_1762162342738414000] 接收到日志命令:2157 isLeader:true term:14
2025/11/03 17:32:22 [17:32:22.792] [Node:0] [HEARTBEAT] [Trace:HB_0_14] 开始发送心跳广播 status LEADER term:14 commitIndex:11
2025/11/03 17:32:22 [17:32:22.892] [Node:0] [HEARTBEAT] [Trace:HB_0_14] 开始发送心跳广播 status LEADER term:14 commitIndex:11
2025/11/03 17:32:22 [17:32:22.993] [Node:0] [HEARTBEAT] [Trace:HB_0_14] 开始发送心跳广播 status LEADER term:14 commitIndex:11
2025/11/03 17:32:23 [17:32:23.083] [Node:0] [RPC_RECV] [Trace:CLIENT_0_1762162343083474000] 接收到日志命令:7435 isLeader:true term:14
2025/11/03 17:32:23 [17:32:23.093] [Node:0] [HEARTBEAT] [Trace:HB_0_14] 开始发送心跳广播 status LEADER term:14 commitIndex:11
2025/11/03 17:32:23 [17:32:23.099] [Node:0] [RPC_RECV] [Trace:CLIENT_0_1762162343099569000] 接收到日志命令:8394 isLeader:true term:14
2025/11/03 17:32:23 [17:32:23.118] [Node:0] [RPC_RECV] [Trace:CLIENT_0_1762162343118443000] 接收到日志命令:9445 isLeader:true term:14
2025/11/03 17:32:23 [17:32:23.139] [Node:0] [RPC_RECV] [Trace:CLIENT_0_1762162343139523000] 接收到日志命令:3459 isLeader:true term:14
2025/11/03 17:32:23 [17:32:23.148] [Node:0] [RPC_RECV] [Trace:CLIENT_0_1762162343148903000] 接收到日志命令:6206 isLeader:true term:14
2025/11/03 17:32:23 [17:32:23.166] [Node:0] [RPC_RECV] [Trace:CLIENT_0_1762162343166457000] 接收到日志命令:1252 isLeader:true term:14
2025/11/03 17:32:23 [17:32:23.176] [Node:0] [RPC_RECV] [Trace:CLIENT_0_1762162343176212000] 接收到日志命令:7088 isLeader:true term:14
2025/11/03 17:32:23 [17:32:23.192] [Node:0] [RPC_RECV] [Trace:CLIENT_0_1762162343192714000] 接收到日志命令:2316 isLeader:true term:14
2025/11/03 17:32:23 [17:32:23.196] [Node:0] [HEARTBEAT] [Trace:HB_0_14] 开始发送心跳广播 status LEADER term:14 commitIndex:11
2025/11/03 17:32:23 [17:32:23.209] [Node:0] [RPC_RECV] [Trace:CLIENT_0_1762162343209576000] 接收到日志命令:5444 isLeader:true term:14
2025/11/03 17:32:23 [17:32:23.222] [Node:0] [RPC_RECV] [Trace:CLIENT_0_1762162343222040000] 接收到日志命令:7118 isLeader:true term:14
2025/11/03 17:32:23 [17:32:23.236] [Node:0] [RPC_RECV] [Trace:CLIENT_0_1762162343236691000] 接收到日志命令:1417 isLeader:true term:14
2025/11/03 17:32:23 [17:32:23.242] [Node:0] [RPC_RECV] [Trace:CLIENT_0_1762162343242947000] 接收到日志命令:4310 isLeader:true term:14
2025/11/03 17:32:23 [17:32:23.250] [Node:0] [RPC_RECV] [Trace:CLIENT_0_1762162343250028000] 接收到日志命令:7698 isLeader:true term:14
2025/11/03 17:32:23 [17:32:23.259] [Node:0] [RPC_RECV] [Trace:CLIENT_0_1762162343259984000] 接收到日志命令:1521 isLeader:true term:14
2025/11/03 17:32:23 [17:32:23.268] [Node:0] [RPC_RECV] [Trace:CLIENT_0_1762162343268034000] 接收到日志命令:6537 isLeader:true term:14
2025/11/03 17:32:23 [17:32:23.284] [Node:0] [RPC_RECV] [Trace:CLIENT_0_1762162343284848000] 接收到日志命令:6753 isLeader:true term:14
2025/11/03 17:32:23 [17:32:23.296] [Node:0] [HEARTBEAT] [Trace:HB_0_14] 开始发送心跳广播 status LEADER term:14 commitIndex:11
2025/11/03 17:32:23 [17:32:23.396] [Node:0] [HEARTBEAT] [Trace:HB_0_14] 开始发送心跳广播 status LEADER term:14 commitIndex:11
2025/11/03 17:32:23 [17:32:23.496] [Node:0] [HEARTBEAT] [Trace:HB_0_14] 开始发送心跳广播 status LEADER term:14 commitIndex:11
2025/11/03 17:32:23 [17:32:23.553] [Node:0] [RPC_RECV] [Trace:CLIENT_0_1762162343553452000] 接收到日志命令:9151 isLeader:true term:14
2025/11/03 17:32:23 [17:32:23.563] [Node:0] [RPC_RECV] [Trace:CLIENT_0_1762162343563749000] 接收到日志命令:6206 isLeader:true term:14
2025/11/03 17:32:23 [17:32:23.585] [Node:0] [RPC_RECV] [Trace:CLIENT_0_1762162343585050000] 接收到日志命令:3846 isLeader:true term:14
2025/11/03 17:32:23 [17:32:23.597] [Node:0] [HEARTBEAT] [Trace:HB_0_14] 开始发送心跳广播 status LEADER term:14 commitIndex:11
2025/11/03 17:32:23 [17:32:23.600] [Node:0] [RPC_RECV] [Trace:CLIENT_0_1762162343600539000] 接收到日志命令:5635 isLeader:true term:14
2025/11/03 17:32:23 [17:32:23.616] [Node:0] [RPC_RECV] [Trace:CLIENT_0_1762162343616331000] 接收到日志命令:5506 isLeader:true term:14
2025/11/03 17:32:23 [17:32:23.630] [Node:0] [RPC_RECV] [Trace:CLIENT_0_1762162343630313000] 接收到日志命令:4701 isLeader:true term:14
2025/11/03 17:32:23 [17:32:23.646] [Node:0] [RPC_RECV] [Trace:CLIENT_0_1762162343646100000] 接收到日志命令:3786 isLeader:true term:14
2025/11/03 17:32:23 [17:32:23.656] [Node:0] [RPC_RECV] [Trace:CLIENT_0_1762162343656400000] 接收到日志命令:6598 isLeader:true term:14
2025/11/03 17:32:23 [17:32:23.675] [Node:0] [RPC_RECV] [Trace:CLIENT_0_1762162343675619000] 接收到日志命令:701 isLeader:true term:14
2025/11/03 17:32:23 [17:32:23.686] [Node:0] [RPC_RECV] [Trace:CLIENT_0_1762162343686546000] 接收到日志命令:5106 isLeader:true term:14
2025/11/03 17:32:23 [17:32:23.697] [Node:0] [RPC_RECV] [Trace:CLIENT_0_1762162343697445000] 接收到日志命令:7784 isLeader:true term:14
2025/11/03 17:32:23 [17:32:23.700] [Node:0] [HEARTBEAT] [Trace:HB_0_14] 开始发送心跳广播 status LEADER term:14 commitIndex:11
2025/11/03 17:32:23 [17:32:23.800] [Node:0] [HEARTBEAT] [Trace:HB_0_14] 开始发送心跳广播 status LEADER term:14 commitIndex:11
2025/11/03 17:32:23 [17:32:23.901] [Node:0] [HEARTBEAT] [Trace:HB_0_14] 开始发送心跳广播 status LEADER term:14 commitIndex:11
2025/11/03 17:32:24 [17:32:24.001] [Node:0] [HEARTBEAT] [Trace:HB_0_14] 开始发送心跳广播 status LEADER term:14 commitIndex:11
2025/11/03 17:32:24 [17:32:24.101] [Node:0] [HEARTBEAT] [Trace:HB_0_14] 开始发送心跳广播 status LEADER term:14 commitIndex:11
2025/11/03 17:32:24 [17:32:24.101] [Node:0] [RPC_RECV] [Trace:CLIENT_0_1762162344101935000] 接收到日志命令:1021 isLeader:true term:14
2025/11/03 17:32:24 [17:32:24.114] [Node:0] [RPC_RECV] [Trace:CLIENT_0_1762162344114424000] 接收到日志命令:1535 isLeader:true term:14
2025/11/03 17:32:24 [17:32:24.134] [Node:0] [RPC_RECV] [Trace:CLIENT_0_1762162344134427000] 接收到日志命令:4722 isLeader:true term:14
2025/11/03 17:32:24 [17:32:24.202] [Node:0] [HEARTBEAT] [Trace:HB_0_14] 开始发送心跳广播 status LEADER term:14 commitIndex:11
2025/11/03 17:32:24 [17:32:24.302] [Node:0] [HEARTBEAT] [Trace:HB_0_14] 开始发送心跳广播 status LEADER term:14 commitIndex:11
2025/11/03 17:32:24 [17:32:24.396] [Node:0] [RPC_RECV] [Trace:CLIENT_0_1762162344396356000] 接收到日志命令:7849 isLeader:true term:14
2025/11/03 17:32:24 [17:32:24.402] [Node:0] [HEARTBEAT] [Trace:HB_0_14] 开始发送心跳广播 status LEADER term:14 commitIndex:11
2025/11/03 17:32:24 [17:32:24.420] [Node:0] [RPC_RECV] [Trace:CLIENT_0_1762162344420540000] 接收到日志命令:4846 isLeader:true term:14
2025/11/03 17:32:24 [17:32:24.433] [Node:0] [RPC_RECV] [Trace:CLIENT_0_1762162344433504000] 接收到日志命令:8156 isLeader:true term:14
2025/11/03 17:32:24 [17:32:24.503] [Node:0] [HEARTBEAT] [Trace:HB_0_14] 开始发送心跳广播 status LEADER term:14 commitIndex:11
2025/11/03 17:32:24 [17:32:24.603] [Node:0] [HEARTBEAT] [Trace:HB_0_14] 开始发送心跳广播 status LEADER term:14 commitIndex:11
2025/11/03 17:32:24 [17:32:24.629] [Node:0] [INFO] [STATE_CHANGE] LEADER->FOLLOWER term:14 reason:降级成follower
2025/11/03 17:32:24 [17:32:24.704] [Node:0] [HEARTBEAT] [Trace:HB_0_96] Follower等心跳 status FOLLOWER term:96 commitIndex:11
2025/11/03 17:32:24 [17:32:24.737] [Node:0] [INFO] [STATE_CHANGE] FOLLOWER->FOLLOWER term:96 reason:降级成follower
2025/11/03 17:32:24 [17:32:24.788] [Node:0] [INFO] [STATE_CHANGE] FOLLOWER->FOLLOWER term:96 reason:降级成follower
2025/11/03 17:32:24 [17:32:24.804] [Node:0] [HEARTBEAT] [Trace:HB_0_96] Follower等心跳 status FOLLOWER term:96 commitIndex:11
2025/11/03 17:32:24 [17:32:24.864] [Node:0] [INFO] [STATE_CHANGE] FOLLOWER->FOLLOWER term:96 reason:变成Candidate
2025/11/03 17:32:24 [17:32:24.864] [Node:0] [TIMER_EVENT] [Trace:TIMER_0] 超时选举 since:260.731583ms threshold:209.10902ms
2025/11/03 17:32:24 [17:32:24.865] [Node:0] [RPC_SEND] [Trace:ELEC_0_97] 发送选举请求
2025/11/03 17:32:24 [17:32:24.865] [Node:0] [RPC_SEND] [Trace:ELEC_0_97] 发送选举请求
2025/11/03 17:32:24 [17:32:24.865] [Node:0] [RPC_SEND] [Trace:ELEC_0_97] 发送选举请求
2025/11/03 17:32:24 [17:32:24.865] [Node:0] [RPC_SEND] [Trace:ELEC_0_97] 发送选举请求
2025/11/03 17:32:24 [17:32:24.869] [Node:0] [RPC_RECV] [Trace:CLIENT_0_1762162344869234000] 接收到日志命令:7184 isLeader:false term:97
2025/11/03 17:32:24 [17:32:24.879] [Node:0] [RPC_SEND] [Trace:ELEC_0_97] 处理投票返回 for term 97 reply:{97 true}
2025/11/03 17:32:24 [17:32:24.898] [Node:0] [RPC_RECV] [Trace:CLIENT_0_1762162344898850000] 接收到日志命令:3658 isLeader:false term:97
2025/11/03 17:32:24 [17:32:24.904] [Node:0] [RPC_RECV] [Trace:ELEC_4_98][4->0] RequestVote 接受 term:98 candidateId:4 lastLogIndex:43 lastLogTerm:19 currentTerm:97 status:CANDIDATE
2025/11/03 17:32:24 [17:32:24.904] [Node:0] [INFO] [STATE_CHANGE] CANDIDATE->FOLLOWER term:97 reason:降级成follower
2025/11/03 17:32:24 [17:32:24.907] [Node:0] [RPC_RECV] [Trace:ELEC_4_98][4->0] 投票信息 votedFor:-1 lastLogTerm:14 lastLogIndex:520
2025/11/03 17:32:24 [17:32:24.907] [Node:0] [RPC_RECV] [Trace:ELEC_4_98][4->0] 投票给 candidate:4 term:98
2025/11/03 17:32:24 [17:32:24.910] [Node:0] [HEARTBEAT] [Trace:HB_0_98] Follower等心跳 status FOLLOWER term:98 commitIndex:11
2025/11/03 17:32:24 [17:32:24.910] [Node:0] [RPC_RECV] [Trace:CLIENT_0_1762162344910832000] 接收到日志命令:2713 isLeader:false term:98
2025/11/03 17:32:24 [17:32:24.919] [Node:0] [RPC_RECV] [Trace:CLIENT_0_1762162344919792000] 接收到日志命令:499 isLeader:false term:98
2025/11/03 17:32:24 [17:32:24.932] [Node:0] [RPC_RECV] [Trace:CLIENT_0_1762162344931996000] 接收到日志命令:3805 isLeader:false term:98
2025/11/03 17:32:24 [17:32:24.947] [Node:0] [RPC_RECV] [Trace:CLIENT_0_1762162344947760000] 接收到日志命令:764 isLeader:false term:98
2025/11/03 17:32:24 [17:32:24.959] [Node:0] [RPC_RECV] [Trace:CLIENT_0_1762162344959347000] 接收到日志命令:5443 isLeader:false term:98
2025/11/03 17:32:24 [17:32:24.969] [Node:0] [RPC_RECV] [Trace:CLIENT_0_1762162344969303000] 接收到日志命令:4713 isLeader:false term:98
2025/11/03 17:32:24 [17:32:24.978] [Node:0] [RPC_RECV] [Trace:CLIENT_0_1762162344978456000] 接收到日志命令:8695 isLeader:false term:98
2025/11/03 17:32:24 [17:32:24.982] [Node:0] [RPC_RECV] [Trace:CLIENT_0_1762162344982058000] 接收到日志命令:2307 isLeader:false term:98
2025/11/03 17:32:24 [17:32:24.992] [Node:0] [RPC_RECV] [Trace:CLIENT_0_1762162344992190000] 接收到日志命令:3657 isLeader:false term:98
2025/11/03 17:32:25 [17:32:25.011] [Node:0] [HEARTBEAT] [Trace:HB_0_98] Follower等心跳 status FOLLOWER term:98 commitIndex:11
2025/11/03 17:32:25 [17:32:25.111] [Node:0] [HEARTBEAT] [Trace:HB_0_98] Follower等心跳 status FOLLOWER term:98 commitIndex:11
2025/11/03 17:32:25 [17:32:25.158] [Node:0] [RPC_SEND] [Trace:ELEC_0_97] 处理投票返回 for term 97 reply:{97 false}
2025/11/03 17:32:25 [17:32:25.211] [Node:0] [HEARTBEAT] [Trace:HB_0_98] Follower等心跳 status FOLLOWER term:98 commitIndex:11
2025/11/03 17:32:25 [17:32:25.211] [Node:0] [INFO] [STATE_CHANGE] FOLLOWER->FOLLOWER term:98 reason:变成Candidate
2025/11/03 17:32:25 [17:32:25.211] [Node:0] [TIMER_EVENT] [Trace:TIMER_0] 超时选举 since:300.90525ms threshold:209.485766ms
2025/11/03 17:32:25 [17:32:25.211] [Node:0] [RPC_SEND] [Trace:ELEC_0_99] 发送选举请求
2025/11/03 17:32:25 [17:32:25.211] [Node:0] [RPC_SEND] [Trace:ELEC_0_99] 发送选举请求
2025/11/03 17:32:25 [17:32:25.211] [Node:0] [RPC_SEND] [Trace:ELEC_0_99] 发送选举请求
2025/11/03 17:32:25 [17:32:25.211] [Node:0] [RPC_SEND] [Trace:ELEC_0_99] 发送选举请求
2025/11/03 17:32:25 [17:32:25.227] [Node:0] [INFO] [STATE_CHANGE] CANDIDATE->FOLLOWER term:99 reason:降级成follower
2025/11/03 17:32:25 [17:32:25.244] [Node:0] [RPC_RECV] [Trace:ELEC_4_99][4->0] RequestVote 接受 term:99 candidateId:4 lastLogIndex:43 lastLogTerm:19 currentTerm:96 status:FOLLOWER
2025/11/03 17:32:25 [17:32:25.244] [Node:0] [INFO] [STATE_CHANGE] FOLLOWER->FOLLOWER term:96 reason:降级成follower
2025/11/03 17:32:25 [17:32:25.247] [Node:0] [RPC_RECV] [Trace:ELEC_4_99][4->0] 投票信息 votedFor:-1 lastLogTerm:14 lastLogIndex:520
2025/11/03 17:32:25 [17:32:25.247] [Node:0] [RPC_RECV] [Trace:ELEC_4_99][4->0] 投票给 candidate:4 term:99
2025/11/03 17:32:25 [17:32:25.250] [Node:0] [RPC_RECV] [Trace:CLIENT_0_1762162345250904000] 接收到日志命令:152 isLeader:false term:99
2025/11/03 17:32:25 [17:32:25.250] [Node:0] [RPC_RECV] [Trace:ELEC_1_99][1->0] RequestVote 接受 term:99 candidateId:1 lastLogIndex:2 lastLogTerm:4 currentTerm:99 status:FOLLOWER
2025/11/03 17:32:25 [17:32:25.251] [Node:0] [RPC_RECV] [Trace:ELEC_1_99][1->0] 投票信息 votedFor:4 lastLogTerm:14 lastLogIndex:520
2025/11/03 17:32:25 [17:32:25.251] [Node:0] [RPC_RECV] [Trace:ELEC_1_99][1->0] 投票失败兜底 candidate:1 term:99
2025/11/03 17:32:25 [17:32:25.262] [Node:0] [RPC_RECV] [Trace:CLIENT_0_1762162345262905000] 接收到日志命令:9444 isLeader:false term:99
2025/11/03 17:32:25 [17:32:25.276] [Node:0] [RPC_RECV] [Trace:CLIENT_0_1762162345276089000] 接收到日志命令:3932 isLeader:false term:99
2025/11/03 17:32:25 [17:32:25.289] [Node:0] [RPC_RECV] [Trace:CLIENT_0_1762162345289818000] 接收到日志命令:4395 isLeader:false term:99
2025/11/03 17:32:25 [17:32:25.302] [Node:0] [RPC_RECV] [Trace:CLIENT_0_1762162345302593000] 接收到日志命令:8380 isLeader:false term:99
2025/11/03 17:32:25 [17:32:25.312] [Node:0] [HEARTBEAT] [Trace:HB_0_99] Follower等心跳 status FOLLOWER term:99 commitIndex:11
2025/11/03 17:32:25 [17:32:25.313] [Node:0] [RPC_RECV] [Trace:CLIENT_0_1762162345313448000] 接收到日志命令:6052 isLeader:false term:99
2025/11/03 17:32:25 [17:32:25.324] [Node:0] [RPC_RECV] [Trace:CLIENT_0_1762162345324420000] 接收到日志命令:7033 isLeader:false term:99
2025/11/03 17:32:25 [17:32:25.336] [Node:0] [RPC_RECV] [Trace:CLIENT_0_1762162345336609000] 接收到日志命令:1867 isLeader:false term:99
2025/11/03 17:32:25 [17:32:25.349] [Node:0] [RPC_RECV] [Trace:CLIENT_0_1762162345349170000] 接收到日志命令:429 isLeader:false term:99
2025/11/03 17:32:25 [17:32:25.360] [Node:0] [RPC_RECV] [Trace:CLIENT_0_1762162345360063000] 接收到日志命令:3370 isLeader:false term:99
2025/11/03 17:32:25 [17:32:25.370] [Node:0] [RPC_RECV] [Trace:CLIENT_0_1762162345370260000] 接收到日志命令:782 isLeader:false term:99
2025/11/03 17:32:25 [17:32:25.375] [Node:0] [RPC_RECV] [Trace:CLIENT_0_1762162345375077000] 接收到日志命令:2176 isLeader:false term:99
2025/11/03 17:32:25 [17:32:25.412] [Node:0] [HEARTBEAT] [Trace:HB_0_99] Follower等心跳 status FOLLOWER term:99 commitIndex:11
2025/11/03 17:32:25 [17:32:25.460] [Node:0] [RPC_RECV] [Trace:ELEC_4_100][4->0] RequestVote 接受 term:100 candidateId:4 lastLogIndex:43 lastLogTerm:19 currentTerm:99 status:FOLLOWER
2025/11/03 17:32:25 [17:32:25.460] [Node:0] [INFO] [STATE_CHANGE] FOLLOWER->FOLLOWER term:99 reason:降级成follower
2025/11/03 17:32:25 [17:32:25.467] [Node:0] [RPC_RECV] [Trace:ELEC_4_100][4->0] 投票信息 votedFor:-1 lastLogTerm:14 lastLogIndex:520
2025/11/03 17:32:25 [17:32:25.467] [Node:0] [RPC_RECV] [Trace:ELEC_4_100][4->0] 投票给 candidate:4 term:100
2025/11/03 17:32:25 [17:32:25.512] [Node:0] [HEARTBEAT] [Trace:HB_0_100] Follower等心跳 status FOLLOWER term:100 commitIndex:11
2025/11/03 17:32:25 [17:32:25.613] [Node:0] [HEARTBEAT] [Trace:HB_0_100] Follower等心跳 status FOLLOWER term:100 commitIndex:11
2025/11/03 17:32:25 [17:32:25.636] [Node:0] [RPC_RECV] [Trace:CLIENT_0_1762162345636087000] 接收到日志命令:9397 isLeader:false term:100
2025/11/03 17:32:25 [17:32:25.691] [Node:0] [INFO] [STATE_CHANGE] FOLLOWER->FOLLOWER term:100 reason:变成Candidate
2025/11/03 17:32:25 [17:32:25.692] [Node:0] [TIMER_EVENT] [Trace:TIMER_0] 超时选举 since:221.755916ms threshold:213.819442ms
2025/11/03 17:32:25 [17:32:25.693] [Node:0] [RPC_SEND] [Trace:ELEC_0_101] 发送选举请求
2025/11/03 17:32:25 [17:32:25.693] [Node:0] [RPC_SEND] [Trace:ELEC_0_101] 发送选举请求
2025/11/03 17:32:25 [17:32:25.693] [Node:0] [RPC_SEND] [Trace:ELEC_0_101] 发送选举请求
2025/11/03 17:32:25 [17:32:25.694] [Node:0] [RPC_SEND] [Trace:ELEC_0_101] 发送选举请求
2025/11/03 17:32:25 [17:32:25.713] [Node:0] [HEARTBEAT] [Trace:HB_0_101] Follower等心跳 status CANDIDATE term:101 commitIndex:11
2025/11/03 17:32:25 [17:32:25.717] [Node:0] [RPC_SEND] [Trace:ELEC_0_101] 处理投票返回 for term 101 reply:{101 false}
2025/11/03 17:32:25 [17:32:25.765] [Node:0] [RPC_RECV] [Trace:ELEC_4_102][4->0] RequestVote 接受 term:102 candidateId:4 lastLogIndex:43 lastLogTerm:19 currentTerm:101 status:CANDIDATE
2025/11/03 17:32:25 [17:32:25.766] [Node:0] [INFO] [STATE_CHANGE] CANDIDATE->FOLLOWER term:101 reason:降级成follower
2025/11/03 17:32:25 [17:32:25.771] [Node:0] [RPC_RECV] [Trace:ELEC_4_102][4->0] 投票信息 votedFor:-1 lastLogTerm:14 lastLogIndex:520
2025/11/03 17:32:25 [17:32:25.772] [Node:0] [RPC_RECV] [Trace:ELEC_4_102][4->0] 投票给 candidate:4 term:102
2025/11/03 17:32:25 [17:32:25.800] [Node:0] [RPC_SEND] [Trace:ELEC_0_99] 处理投票返回 for term 99 reply:{99 false}
2025/11/03 17:32:25 [17:32:25.809] [Node:0] [RPC_RECV] [Trace:CLIENT_0_1762162345809131000] 接收到日志命令:3637 isLeader:false term:102
2025/11/03 17:32:25 [17:32:25.813] [Node:0] [HEARTBEAT] [Trace:HB_0_102] Follower等心跳 status FOLLOWER term:102 commitIndex:11
2025/11/03 17:32:25 [17:32:25.820] [Node:0] [LOG_REPLICA] [Trace:LOG_4_102][4->0] AppendEntries 收到 term:102 leaderId:4 prevLogIndex:24 prevLogTerm:16 entries:19 leaderCommit:24 isHeartbeat:false currentTerm:102 status:FOLLOWER
2025/11/03 17:32:25 [17:32:25.820] [Node:0] [LOG_REPLICA] [Trace:LOG_4_102][4->0] 打印日志结果:[{<nil> 0 false 0} {9885 2 false 1} {7369 4 false 2} {377 9 false 3} {5698 9 false 4} {3675 9 false 5} {7576 9 false 6} {6501 9 false 7} {8962 9 false 8} {9292 11 false 9} {5826 14 false 10} {1116 14 false 11} {2016 14 false 12} {6455 14 false 13} {3787 14 false 14} {6877 14 false 15} {997 14 false 16} {3582 14 false 17} {7942 14 false 18} {9721 14 false 19} {961 14 false 20} {3696 14 false 21} {4484 14 false 22} {1384 14 false 23} {4475 14 false 24} {3270 14 false 25} {6639 14 false 26} {7015 14 false 27} {7135 14 false 28} {3080 14 false 29} {9344 14 false 30} {3314 14 false 31} {1459 14 false 32} {7663 14 false 33} {6925 14 false 34} {4900 14 false 35} {67 14 false 36} {3809 14 false 37} {1962 14 false 38} {8178 14 false 39} {4765 14 false 40} {9716 14 false 41} {2238 14 false 42} {1036 14 false 43} {3723 14 false 44} {1482 14 false 45} {7188 14 false 46} {4694 14 false 47} {5142 14 false 48} {9459 14 false 49} {5273 14 false 50} {8290 14 false 51} {2963 14 false 52} {4350 14 false 53} {4885 14 false 54} {914 14 false 55} {6978 14 false 56} {1291 14 false 57} {743 14 false 58} {4023 14 false 59} {1490 14 false 60} {2923 14 false 61} {846 14 false 62} {4785 14 false 63} {3307 14 false 64} {2373 14 false 65} {2293 14 false 66} {6502 14 false 67} {1038 14 false 68} {5970 14 false 69} {4513 14 false 70} {3183 14 false 71} {2136 14 false 72} {1434 14 false 73} {5090 14 false 74} {48 14 false 75} {8020 14 false 76} {3465 14 false 77} {4563 14 false 78} {3344 14 false 79} {6079 14 false 80} {8178 14 false 81} {4369 14 false 82} {1982 14 false 83} {8714 14 false 84} {1916 14 false 85} {2212 14 false 86} {8772 14 false 87} {4131 14 false 88} {4264 14 false 89} {3991 14 false 90} {1363 14 false 91} {7331 14 false 92} {3997 14 false 93} {5311 14 false 94} {8656 14 false 95} {7534 14 false 96} {9267 14 false 97} {6434 14 false 98} {2892 14 false 99} {2275 14 false 100} {3017 14 false 101} {5117 14 false 102} {3534 14 false 103} {3525 14 false 104} {8759 14 false 105} {3483 14 false 106} {191 14 false 107} {2302 14 false 108} {6348 14 false 109} {2495 14 false 110} {7457 14 false 111} {6485 14 false 112} {946 14 false 113} {5311 14 false 114} {8078 14 false 115} {3138 14 false 116} {1135 14 false 117} {1237 14 false 118} {9718 14 false 119} {3437 14 false 120} {9608 14 false 121} {1484 14 false 122} {6169 14 false 123} {9983 14 false 124} {9875 14 false 125} {8260 14 false 126} {9049 14 false 127} {6771 14 false 128} {5612 14 false 129} {4518 14 false 130} {1301 14 false 131} {408 14 false 132} {1932 14 false 133} {4525 14 false 134} {9035 14 false 135} {530 14 false 136} {8860 14 false 137} {7646 14 false 138} {299 14 false 139} {5297 14 false 140} {4338 14 false 141} {5374 14 false 142} {5205 14 false 143} {5886 14 false 144} {9999 14 false 145} {1181 14 false 146} {899 14 false 147} {8031 14 false 148} {2984 14 false 149} {6675 14 false 150} {2934 14 false 151} {3015 14 false 152} {1032 14 false 153} {4173 14 false 154} {7235 14 false 155} {9123 14 false 156} {8839 14 false 157} {700 14 false 158} {7000 14 false 159} {7909 14 false 160} {8271 14 false 161} {2918 14 false 162} {4146 14 false 163} {5816 14 false 164} {2647 14 false 165} {7648 14 false 166} {38 14 false 167} {8144 14 false 168} {8288 14 false 169} {6541 14 false 170} {9001 14 false 171} {9575 14 false 172} {1234 14 false 173} {8842 14 false 174} {5473 14 false 175} {5186 14 false 176} {2581 14 false 177} {6955 14 false 178} {32 14 false 179} {2491 14 false 180} {8712 14 false 181} {7728 14 false 182} {847 14 false 183} {9660 14 false 184} {6958 14 false 185} {4563 14 false 186} {5414 14 false 187} {8702 14 false 188} {3866 14 false 189} {4697 14 false 190} {8471 14 false 191} {4823 14 false 192} {1975 14 false 193} {2748 14 false 194} {1202 14 false 195} {3664 14 false 196} {3774 14 false 197} {5440 14 false 198} {6003 14 false 199} {2348 14 false 200} {4179 14 false 201} {4244 14 false 202} {5400 14 false 203} {8204 14 false 204} {5043 14 false 205} {5625 14 false 206} {6707 14 false 207} {4907 14 false 208} {1216 14 false 209} {9869 14 false 210} {9674 14 false 211} {9093 14 false 212} {3853 14 false 213} {4862 14 false 214} {4887 14 false 215} {5437 14 false 216} {7987 14 false 217} {5410 14 false 218} {7289 14 false 219} {9618 14 false 220} {5209 14 false 221} {6804 14 false 222} {5656 14 false 223} {5923 14 false 224} {8135 14 false 225} {4160 14 false 226} {7650 14 false 227} {5704 14 false 228} {1910 14 false 229} {8998 14 false 230} {9905 14 false 231} {3255 14 false 232} {6310 14 false 233} {8087 14 false 234} {3361 14 false 235} {5747 14 false 236} {6826 14 false 237} {7787 14 false 238} {8005 14 false 239} {2994 14 false 240} {9470 14 false 241} {376 14 false 242} {8288 14 false 243} {6399 14 false 244} {9999 14 false 245} {2131 14 false 246} {7922 14 false 247} {1906 14 false 248} {7863 14 false 249} {2215 14 false 250} {2979 14 false 251} {8621 14 false 252} {2034 14 false 253} {5391 14 false 254} {4166 14 false 255} {622 14 false 256} {2934 14 false 257} {716 14 false 258} {7240 14 false 259} {8973 14 false 260} {5099 14 false 261} {116 14 false 262} {4359 14 false 263} {7158 14 false 264} {8510 14 false 265} {3556 14 false 266} {5934 14 false 267} {1069 14 false 268} {9352 14 false 269} {6588 14 false 270} {8470 14 false 271} {7813 14 false 272} {4103 14 false 273} {3255 14 false 274} {4794 14 false 275} {7973 14 false 276} {8936 14 false 277} {8301 14 false 278} {1993 14 false 279} {8884 14 false 280} {5018 14 false 281} {3234 14 false 282} {7500 14 false 283} {7181 14 false 284} {5847 14 false 285} {9778 14 false 286} {9500 14 false 287} {6230 14 false 288} {7580 14 false 289} {7703 14 false 290} {2125 14 false 291} {366 14 false 292} {4695 14 false 293} {5320 14 false 294} {3065 14 false 295} {5519 14 false 296} {9775 14 false 297} {911 14 false 298} {7 14 false 299} {867 14 false 300} {5810 14 false 301} {264 14 false 302} {3330 14 false 303} {9607 14 false 304} {7054 14 false 305} {5060 14 false 306} {6244 14 false 307} {9935 14 false 308} {6878 14 false 309} {4469 14 false 310} {234 14 false 311} {1768 14 false 312} {5030 14 false 313} {3631 14 false 314} {7086 14 false 315} {159 14 false 316} {1225 14 false 317} {7620 14 false 318} {348 14 false 319} {5024 14 false 320} {3268 14 false 321} {6854 14 false 322} {4810 14 false 323} {2406 14 false 324} {6280 14 false 325} {2748 14 false 326} {2184 14 false 327} {453 14 false 328} {3655 14 false 329} {9697 14 false 330} {8828 14 false 331} {5332 14 false 332} {4864 14 false 333} {1543 14 false 334} {3558 14 false 335} {1363 14 false 336} {4673 14 false 337} {5403 14 false 338} {6190 14 false 339} {8881 14 false 340} {5219 14 false 341} {5917 14 false 342} {6871 14 false 343} {1451 14 false 344} {7095 14 false 345} {4545 14 false 346} {1634 14 false 347} {8699 14 false 348} {2175 14 false 349} {6143 14 false 350} {5643 14 false 351} {5103 14 false 352} {6061 14 false 353} {2212 14 false 354} {4112 14 false 355} {1236 14 false 356} {3810 14 false 357} {9797 14 false 358} {8742 14 false 359} {5983 14 false 360} {2089 14 false 361} {7771 14 false 362} {4025 14 false 363} {6473 14 false 364} {1071 14 false 365} {4016 14 false 366} {5478 14 false 367} {5116 14 false 368} {4492 14 false 369} {7298 14 false 370} {3005 14 false 371} {558 14 false 372} {2067 14 false 373} {321 14 false 374} {8469 14 false 375} {6443 14 false 376} {7331 14 false 377} {8137 14 false 378} {6398 14 false 379} {6938 14 false 380} {9239 14 false 381} {9755 14 false 382} {7384 14 false 383} {202 14 false 384} {85 14 false 385} {4860 14 false 386} {6001 14 false 387} {2611 14 false 388} {472 14 false 389} {3329 14 false 390} {9666 14 false 391} {7748 14 false 392} {8781 14 false 393} {6911 14 false 394} {6693 14 false 395} {1534 14 false 396} {2117 14 false 397} {3994 14 false 398} {9522 14 false 399} {4842 14 false 400} {1625 14 false 401} {7051 14 false 402} {1940 14 false 403} {4732 14 false 404} {5011 14 false 405} {9473 14 false 406} {3968 14 false 407} {4387 14 false 408} {3621 14 false 409} {7824 14 false 410} {4632 14 false 411} {373 14 false 412} {7903 14 false 413} {7708 14 false 414} {9388 14 false 415} {1144 14 false 416} {2304 14 false 417} {1394 14 false 418} {9994 14 false 419} {6571 14 false 420} {2632 14 false 421} {8507 14 false 422} {9126 14 false 423} {9861 14 false 424} {1928 14 false 425} {9867 14 false 426} {9360 14 false 427} {2500 14 false 428} {1842 14 false 429} {1657 14 false 430} {8288 14 false 431} {9740 14 false 432} {2844 14 false 433} {1330 14 false 434} {6277 14 false 435} {280 14 false 436} {2162 14 false 437} {9912 14 false 438} {1907 14 false 439} {9824 14 false 440} {2933 14 false 441} {1139 14 false 442} {7533 14 false 443} {6668 14 false 444} {4383 14 false 445} {4330 14 false 446} {2836 14 false 447} {2404 14 false 448} {9429 14 false 449} {9852 14 false 450} {3985 14 false 451} {2095 14 false 452} {5824 14 false 453} {1460 14 false 454} {6524 14 false 455} {8231 14 false 456} {2759 14 false 457} {7232 14 false 458} {4051 14 false 459} {8263 14 false 460} {9484 14 false 461} {4070 14 false 462} {4387 14 false 463} {1495 14 false 464} {7139 14 false 465} {8560 14 false 466} {3494 14 false 467} {4043 14 false 468} {3276 14 false 469} {3097 14 false 470} {428 14 false 471} {2337 14 false 472} {8719 14 false 473} {2262 14 false 474} {7868 14 false 475} {6068 14 false 476} {25 14 false 477} {3908 14 false 478} {9554 14 false 479} {3431 14 false 480} {8648 14 false 481} {398 14 false 482} {8495 14 false 483} {2419 14 false 484} {1165 14 false 485} {5204 14 false 486} {2157 14 false 487} {7435 14 false 488} {8394 14 false 489} {9445 14 false 490} {3459 14 false 491} {6206 14 false 492} {1252 14 false 493} {7088 14 false 494} {2316 14 false 495} {5444 14 false 496} {7118 14 false 497} {1417 14 false 498} {4310 14 false 499} {7698 14 false 500} {1521 14 false 501} {6537 14 false 502} {6753 14 false 503} {9151 14 false 504} {6206 14 false 505} {3846 14 false 506} {5635 14 false 507} {5506 14 false 508} {4701 14 false 509} {3786 14 false 510} {6598 14 false 511} {701 14 false 512} {5106 14 false 513} {7784 14 false 514} {1021 14 false 515} {1535 14 false 516} {4722 14 false 517} {7849 14 false 518} {4846 14 false 519} {8156 14 false 520}] 
2025/11/03 17:32:25 [17:32:25.822] [Node:0] [LOG_REPLICA] [Trace:LOG_4_102][4->0] Rejected: 收到LogEntry，但是term 不对 prevLogIndex:24 logLen:521 logEntry term:14 prevlogterm:16
2025/11/03 17:32:25 [17:32:25.822] [Node:0] [RPC_RECV] [Trace:CLIENT_0_1762162345822538000] 接收到日志命令:7773 isLeader:false term:102
2025/11/03 17:32:25 [17:32:25.827] [Node:0] [RPC_RECV] [Trace:CLIENT_0_1762162345827507000] 接收到日志命令:9679 isLeader:false term:102
2025/11/03 17:32:25 [17:32:25.833] [Node:0] [RPC_RECV] [Trace:CLIENT_0_1762162345833372000] 接收到日志命令:9801 isLeader:false term:102
2025/11/03 17:32:25 [17:32:25.837] [Node:0] [RPC_RECV] [Trace:CLIENT_0_1762162345837332000] 接收到日志命令:3867 isLeader:false term:102
2025/11/03 17:32:25 [17:32:25.839] [Node:0] [LOG_REPLICA] [Trace:LOG_4_102][4->0] AppendEntries 收到 term:102 leaderId:4 prevLogIndex:9 prevLogTerm:11 entries:35 leaderCommit:24 isHeartbeat:false currentTerm:102 status:FOLLOWER
2025/11/03 17:32:25 [17:32:25.839] [Node:0] [LOG_REPLICA] [Trace:LOG_4_102][4->0] 打印日志结果:[{<nil> 0 false 0} {9885 2 false 1} {7369 4 false 2} {377 9 false 3} {5698 9 false 4} {3675 9 false 5} {7576 9 false 6} {6501 9 false 7} {8962 9 false 8} {9292 11 false 9}] 
2025/11/03 17:32:25 [17:32:25.841] [Node:0] [LOG_REPLICA] [Trace:LOG_4_102][4->0] 复制日志结果:[{<nil> 0 false 0} {9885 2 false 1} {7369 4 false 2} {377 9 false 3} {5698 9 false 4} {3675 9 false 5} {7576 9 false 6} {6501 9 false 7} {8962 9 false 8} {9292 11 false 9} {5826 14 false 10} {1116 14 false 11} {8927 16 false 12} {615 16 false 13} {3625 16 false 14} {1425 16 false 15} {9709 16 false 16} {3423 16 false 17} {3134 16 false 18} {3657 16 false 19} {8171 16 false 20} {9440 16 false 21} {6470 16 false 22} {1363 16 false 23} {716 16 false 24} {2684 16 false 25} {5836 19 false 26} {5544 19 false 27} {713 19 false 28} {6403 19 false 29} {881 19 false 30} {3832 19 false 31} {4831 19 false 32} {989 19 false 33} {3559 19 false 34} {4757 19 false 35} {5501 19 false 36} {705 19 false 37} {528 19 false 38} {4304 19 false 39} {4358 19 false 40} {8941 19 false 41} {1994 19 false 42} {411 19 false 43} {6856 102 false 44}] 
2025/11/03 17:32:25 [17:32:25.841] [Node:0] [LOG_COMMIT] [Trace:LOG_4_102][4->0] 收到LogEntry，并且Leader已经提交， 本地log 11->24 leaderCommit:24 lastApplied:11
2025/11/03 17:32:25 [17:32:25.841] [Node:0] [LOG_COMMIT] [Trace:APPLY_0_44] Applying logs count:33 log:[{8927 16 false 12} {615 16 false 13} {3625 16 false 14} {1425 16 false 15} {9709 16 false 16} {3423 16 false 17} {3134 16 false 18} {3657 16 false 19} {8171 16 false 20} {9440 16 false 21} {6470 16 false 22} {1363 16 false 23} {716 16 false 24} {2684 16 false 25} {5836 19 false 26} {5544 19 false 27} {713 19 false 28} {6403 19 false 29} {881 19 false 30} {3832 19 false 31} {4831 19 false 32} {989 19 false 33} {3559 19 false 34} {4757 19 false 35} {5501 19 false 36} {705 19 false 37} {528 19 false 38} {4304 19 false 39} {4358 19 false 40} {8941 19 false 41} {1994 19 false 42} {411 19 false 43} {6856 102 false 44}] lastApplied:44
2025/11/03 17:32:25 [17:32:25.848] [Node:0] [RPC_RECV] [Trace:CLIENT_0_1762162345848293000] 接收到日志命令:5205 isLeader:false term:102
2025/11/03 17:32:25 [17:32:25.852] [Node:0] [RPC_RECV] [Trace:CLIENT_0_1762162345852544000] 接收到日志命令:2887 isLeader:false term:102
2025/11/03 17:32:25 [17:32:25.858] [Node:0] [RPC_RECV] [Trace:CLIENT_0_1762162345858776000] 接收到日志命令:1687 isLeader:false term:102
2025/11/03 17:32:25 [17:32:25.870] [Node:0] [RPC_RECV] [Trace:CLIENT_0_1762162345870777000] 接收到日志命令:7575 isLeader:false term:102
2025/11/03 17:32:25 [17:32:25.886] [Node:0] [RPC_RECV] [Trace:CLIENT_0_1762162345885993000] 接收到日志命令:4232 isLeader:false term:102
2025/11/03 17:32:25 [17:32:25.891] [Node:0] [RPC_RECV] [Trace:CLIENT_0_1762162345891215000] 接收到日志命令:1887 isLeader:false term:102
2025/11/03 17:32:25 [17:32:25.896] [Node:0] [RPC_RECV] [Trace:CLIENT_0_1762162345896459000] 接收到日志命令:1624 isLeader:false term:102
2025/11/03 17:32:25 [17:32:25.911] [Node:0] [RPC_RECV] [Trace:CLIENT_0_1762162345911776000] 接收到日志命令:3171 isLeader:false term:102
2025/11/03 17:32:25 [17:32:25.914] [Node:0] [HEARTBEAT] [Trace:HB_0_102] Follower等心跳 status FOLLOWER term:102 commitIndex:24
2025/11/03 17:32:25 [17:32:25.925] [Node:0] [RPC_RECV] [Trace:CLIENT_0_1762162345925462000] 接收到日志命令:1674 isLeader:false term:102
2025/11/03 17:32:25 [17:32:25.940] [Node:0] [RPC_RECV] [Trace:CLIENT_0_1762162345940111000] 接收到日志命令:3174 isLeader:false term:102
2025/11/03 17:32:25 [17:32:25.948] [Node:0] [RPC_RECV] [Trace:CLIENT_0_1762162345948536000] 接收到日志命令:1366 isLeader:false term:102
2025/11/03 17:32:25 [17:32:25.952] [Node:0] [RPC_RECV] [Trace:CLIENT_0_1762162345952703000] 接收到日志命令:9588 isLeader:false term:102
2025/11/03 17:32:25 [17:32:25.957] [Node:0] [RPC_RECV] [Trace:CLIENT_0_1762162345957057000] 接收到日志命令:3997 isLeader:false term:102
2025/11/03 17:32:26 [17:32:26.010] [Node:0] [LOG_REPLICA] [Trace:LOG_4_102][4->0] AppendEntries 收到 term:102 leaderId:4 prevLogIndex:9 prevLogTerm:11 entries:52 leaderCommit:24 isHeartbeat:false currentTerm:102 status:FOLLOWER
2025/11/03 17:32:26 [17:32:26.010] [Node:0] [LOG_REPLICA] [Trace:LOG_4_102][4->0] 打印日志结果:[{<nil> 0 false 0} {9885 2 false 1} {7369 4 false 2} {377 9 false 3} {5698 9 false 4} {3675 9 false 5} {7576 9 false 6} {6501 9 false 7} {8962 9 false 8} {9292 11 false 9} {5826 14 false 10} {1116 14 false 11} {8927 16 false 12} {615 16 false 13} {3625 16 false 14} {1425 16 false 15} {9709 16 false 16} {3423 16 false 17} {3134 16 false 18} {3657 16 false 19} {8171 16 false 20} {9440 16 false 21} {6470 16 false 22} {1363 16 false 23} {716 16 false 24} {2684 16 false 25} {5836 19 false 26} {5544 19 false 27} {713 19 false 28} {6403 19 false 29} {881 19 false 30} {3832 19 false 31} {4831 19 false 32} {989 19 false 33} {3559 19 false 34} {4757 19 false 35} {5501 19 false 36} {705 19 false 37} {528 19 false 38} {4304 19 false 39} {4358 19 false 40} {8941 19 false 41} {1994 19 false 42} {411 19 false 43} {6856 102 false 44}] 
2025/11/03 17:32:26 [17:32:26.011] [Node:0] [LOG_REPLICA] [Trace:LOG_4_102][4->0] 复制日志结果:[{<nil> 0 false 0} {9885 2 false 1} {7369 4 false 2} {377 9 false 3} {5698 9 false 4} {3675 9 false 5} {7576 9 false 6} {6501 9 false 7} {8962 9 false 8} {9292 11 false 9} {5826 14 false 10} {1116 14 false 11} {8927 16 false 12} {615 16 false 13} {3625 16 false 14} {1425 16 false 15} {9709 16 false 16} {3423 16 false 17} {3134 16 false 18} {3657 16 false 19} {8171 16 false 20} {9440 16 false 21} {6470 16 false 22} {1363 16 false 23} {716 16 false 24} {2684 16 false 25} {5836 19 false 26} {5544 19 false 27} {713 19 false 28} {6403 19 false 29} {881 19 false 30} {3832 19 false 31} {4831 19 false 32} {989 19 false 33} {3559 19 false 34} {4757 19 false 35} {5501 19 false 36} {705 19 false 37} {528 19 false 38} {4304 19 false 39} {4358 19 false 40} {8941 19 false 41} {1994 19 false 42} {411 19 false 43} {6856 102 false 44} {6148 102 false 45} {7835 102 false 46} {4314 102 false 47} {7676 102 false 48} {5480 102 false 49} {4382 102 false 50} {2582 102 false 51} {7443 102 false 52} {9134 102 false 53} {2649 102 false 54} {586 102 false 55} {4045 102 false 56} {5765 102 false 57} {9354 102 false 58} {5329 102 false 59} {6295 102 false 60} {7065 102 false 61}] 
2025/11/03 17:32:26 [17:32:26.014] [Node:0] [HEARTBEAT] [Trace:HB_0_102] Follower等心跳 status FOLLOWER term:102 commitIndex:24
2025/11/03 17:32:26 [17:32:26.014] [Node:0] [RPC_SEND] [Trace:ELEC_0_101] 处理投票返回 for term 101 reply:{101 true}
2025/11/03 17:32:26 [17:32:26.114] [Node:0] [HEARTBEAT] [Trace:HB_0_102] Follower等心跳 status FOLLOWER term:102 commitIndex:24
2025/11/03 17:32:26 [17:32:26.215] [Node:0] [HEARTBEAT] [Trace:HB_0_102] Follower等心跳 status FOLLOWER term:102 commitIndex:24
2025/11/03 17:32:26 [17:32:26.236] [Node:0] [LOG_REPLICA] [Trace:LOG_4_102][4->0] AppendEntries 收到 term:102 leaderId:4 prevLogIndex:9 prevLogTerm:11 entries:52 leaderCommit:24 isHeartbeat:false currentTerm:102 status:FOLLOWER
2025/11/03 17:32:26 [17:32:26.236] [Node:0] [LOG_REPLICA] [Trace:LOG_4_102][4->0] 打印日志结果:[{<nil> 0 false 0} {9885 2 false 1} {7369 4 false 2} {377 9 false 3} {5698 9 false 4} {3675 9 false 5} {7576 9 false 6} {6501 9 false 7} {8962 9 false 8} {9292 11 false 9} {5826 14 false 10} {1116 14 false 11} {8927 16 false 12} {615 16 false 13} {3625 16 false 14} {1425 16 false 15} {9709 16 false 16} {3423 16 false 17} {3134 16 false 18} {3657 16 false 19} {8171 16 false 20} {9440 16 false 21} {6470 16 false 22} {1363 16 false 23} {716 16 false 24} {2684 16 false 25} {5836 19 false 26} {5544 19 false 27} {713 19 false 28} {6403 19 false 29} {881 19 false 30} {3832 19 false 31} {4831 19 false 32} {989 19 false 33} {3559 19 false 34} {4757 19 false 35} {5501 19 false 36} {705 19 false 37} {528 19 false 38} {4304 19 false 39} {4358 19 false 40} {8941 19 false 41} {1994 19 false 42} {411 19 false 43} {6856 102 false 44} {6148 102 false 45} {7835 102 false 46} {4314 102 false 47} {7676 102 false 48} {5480 102 false 49} {4382 102 false 50} {2582 102 false 51} {7443 102 false 52} {9134 102 false 53} {2649 102 false 54} {586 102 false 55} {4045 102 false 56} {5765 102 false 57} {9354 102 false 58} {5329 102 false 59} {6295 102 false 60} {7065 102 false 61}] 
2025/11/03 17:32:26 [17:32:26.238] [Node:0] [LOG_REPLICA] [Trace:LOG_4_102][4->0] 复制日志结果:[{<nil> 0 false 0} {9885 2 false 1} {7369 4 false 2} {377 9 false 3} {5698 9 false 4} {3675 9 false 5} {7576 9 false 6} {6501 9 false 7} {8962 9 false 8} {9292 11 false 9} {5826 14 false 10} {1116 14 false 11} {8927 16 false 12} {615 16 false 13} {3625 16 false 14} {1425 16 false 15} {9709 16 false 16} {3423 16 false 17} {3134 16 false 18} {3657 16 false 19} {8171 16 false 20} {9440 16 false 21} {6470 16 false 22} {1363 16 false 23} {716 16 false 24} {2684 16 false 25} {5836 19 false 26} {5544 19 false 27} {713 19 false 28} {6403 19 false 29} {881 19 false 30} {3832 19 false 31} {4831 19 false 32} {989 19 false 33} {3559 19 false 34} {4757 19 false 35} {5501 19 false 36} {705 19 false 37} {528 19 false 38} {4304 19 false 39} {4358 19 false 40} {8941 19 false 41} {1994 19 false 42} {411 19 false 43} {6856 102 false 44} {6148 102 false 45} {7835 102 false 46} {4314 102 false 47} {7676 102 false 48} {5480 102 false 49} {4382 102 false 50} {2582 102 false 51} {7443 102 false 52} {9134 102 false 53} {2649 102 false 54} {586 102 false 55} {4045 102 false 56} {5765 102 false 57} {9354 102 false 58} {5329 102 false 59} {6295 102 false 60} {7065 102 false 61}] 
2025/11/03 17:32:26 [17:32:26.293] [Node:0] [RPC_RECV] [Trace:CLIENT_0_1762162346292801000] 接收到日志命令:7854 isLeader:false term:102
2025/11/03 17:32:26 [17:32:26.301] [Node:0] [RPC_RECV] [Trace:CLIENT_0_1762162346301925000] 接收到日志命令:579 isLeader:false term:102
2025/11/03 17:32:26 [17:32:26.311] [Node:0] [RPC_RECV] [Trace:CLIENT_0_1762162346311281000] 接收到日志命令:6569 isLeader:false term:102
2025/11/03 17:32:26 [17:32:26.315] [Node:0] [HEARTBEAT] [Trace:HB_0_102] Follower等心跳 status FOLLOWER term:102 commitIndex:24
2025/11/03 17:32:26 [17:32:26.323] [Node:0] [RPC_RECV] [Trace:CLIENT_0_1762162346323098000] 接收到日志命令:1548 isLeader:false term:102
2025/11/03 17:32:26 [17:32:26.330] [Node:0] [RPC_RECV] [Trace:CLIENT_0_1762162346330599000] 接收到日志命令:2109 isLeader:false term:102
2025/11/03 17:32:26 [17:32:26.335] [Node:0] [LOG_REPLICA] [Trace:LOG_3_16][3->0] AppendEntries 收到 term:16 leaderId:3 prevLogIndex:10 prevLogTerm:14 entries:543 leaderCommit:25 isHeartbeat:false currentTerm:102 status:FOLLOWER
2025/11/03 17:32:26 [17:32:26.335] [Node:0] [LOG_REPLICA] [Trace:LOG_3_16][3->0] Rejected: 收到心跳，但是term小于当前term term(16) < currentTerm(102)
2025/11/03 17:32:26 [17:32:26.337] [Node:0] [RPC_RECV] [Trace:CLIENT_0_1762162346337913000] 接收到日志命令:9491 isLeader:false term:102
2025/11/03 17:32:26 [17:32:26.352] [Node:0] [RPC_RECV] [Trace:CLIENT_0_1762162346352684000] 接收到日志命令:5714 isLeader:false term:102
2025/11/03 17:32:26 [17:32:26.362] [Node:0] [RPC_RECV] [Trace:CLIENT_0_1762162346362972000] 接收到日志命令:6101 isLeader:false term:102
2025/11/03 17:32:26 [17:32:26.380] [Node:0] [RPC_RECV] [Trace:CLIENT_0_1762162346380688000] 接收到日志命令:7424 isLeader:false term:102
2025/11/03 17:32:26 [17:32:26.391] [Node:0] [RPC_RECV] [Trace:CLIENT_0_1762162346391725000] 接收到日志命令:3389 isLeader:false term:102
2025/11/03 17:32:26 [17:32:26.399] [Node:0] [RPC_RECV] [Trace:CLIENT_0_1762162346399444000] 接收到日志命令:8932 isLeader:false term:102
2025/11/03 17:32:26 [17:32:26.410] [Node:0] [RPC_RECV] [Trace:CLIENT_0_1762162346410643000] 接收到日志命令:5373 isLeader:false term:102
2025/11/03 17:32:26 [17:32:26.415] [Node:0] [HEARTBEAT] [Trace:HB_0_102] Follower等心跳 status FOLLOWER term:102 commitIndex:24
2025/11/03 17:32:26 [17:32:26.428] [Node:0] [RPC_RECV] [Trace:CLIENT_0_1762162346428394000] 接收到日志命令:8633 isLeader:false term:102
2025/11/03 17:32:26 [17:32:26.433] [Node:0] [LOG_REPLICA] [Trace:LOG_2_95][2->0] AppendEntries 收到 term:95 leaderId:2 prevLogIndex:24 prevLogTerm:16 entries:79 leaderCommit:24 isHeartbeat:false currentTerm:102 status:FOLLOWER
2025/11/03 17:32:26 [17:32:26.433] [Node:0] [LOG_REPLICA] [Trace:LOG_2_95][2->0] Rejected: 收到心跳，但是term小于当前term term(95) < currentTerm(102)
2025/11/03 17:32:26 [17:32:26.443] [Node:0] [RPC_RECV] [Trace:CLIENT_0_1762162346443202000] 接收到日志命令:3522 isLeader:false term:102
2025/11/03 17:32:26 [17:32:26.455] [Node:0] [RPC_RECV] [Trace:CLIENT_0_1762162346455259000] 接收到日志命令:8914 isLeader:false term:102
2025/11/03 17:32:26 [17:32:26.466] [Node:0] [RPC_RECV] [Trace:CLIENT_0_1762162346466073000] 接收到日志命令:4358 isLeader:false term:102
2025/11/03 17:32:26 [17:32:26.473] [Node:0] [RPC_RECV] [Trace:CLIENT_0_1762162346473620000] 接收到日志命令:4452 isLeader:false term:102
2025/11/03 17:32:26 [17:32:26.516] [Node:0] [HEARTBEAT] [Trace:HB_0_102] Follower等心跳 status FOLLOWER term:102 commitIndex:24
2025/11/03 17:32:26 [17:32:26.528] [Node:0] [LOG_REPLICA] [Trace:LOG_3_16][3->0] AppendEntries 收到 term:16 leaderId:3 prevLogIndex:10 prevLogTerm:14 entries:558 leaderCommit:25 isHeartbeat:false currentTerm:102 status:FOLLOWER
2025/11/03 17:32:26 [17:32:26.528] [Node:0] [LOG_REPLICA] [Trace:LOG_3_16][3->0] Rejected: 收到心跳，但是term小于当前term term(16) < currentTerm(102)
2025/11/03 17:32:26 [17:32:26.616] [Node:0] [HEARTBEAT] [Trace:HB_0_102] Follower等心跳 status FOLLOWER term:102 commitIndex:24
2025/11/03 17:32:26 [17:32:26.626] [Node:0] [LOG_REPLICA] [Trace:LOG_3_16][3->0] AppendEntries 收到 term:16 leaderId:3 prevLogIndex:10 prevLogTerm:14 entries:558 leaderCommit:25 isHeartbeat:false currentTerm:102 status:FOLLOWER
2025/11/03 17:32:26 [17:32:26.626] [Node:0] [LOG_REPLICA] [Trace:LOG_3_16][3->0] Rejected: 收到心跳，但是term小于当前term term(16) < currentTerm(102)
2025/11/03 17:32:26 [17:32:26.717] [Node:0] [HEARTBEAT] [Trace:HB_0_102] Follower等心跳 status FOLLOWER term:102 commitIndex:24
2025/11/03 17:32:26 [17:32:26.817] [Node:0] [HEARTBEAT] [Trace:HB_0_102] Follower等心跳 status FOLLOWER term:102 commitIndex:24
2025/11/03 17:32:26 [17:32:26.843] [Node:0] [RPC_RECV] [Trace:CLIENT_0_1762162346843373000] 接收到日志命令:7896 isLeader:false term:102
2025/11/03 17:32:26 [17:32:26.855] [Node:0] [RPC_RECV] [Trace:CLIENT_0_1762162346855505000] 接收到日志命令:1699 isLeader:false term:102
2025/11/03 17:32:26 [17:32:26.868] [Node:0] [RPC_RECV] [Trace:CLIENT_0_1762162346868747000] 接收到日志命令:1848 isLeader:false term:102
2025/11/03 17:32:26 [17:32:26.877] [Node:0] [RPC_SEND] [Trace:ELEC_0_99] 处理投票返回 for term 99 reply:{99 false}
2025/11/03 17:32:26 [17:32:26.904] [Node:0] [RPC_RECV] [Trace:ELEC_3_103][3->0] RequestVote 接受 term:103 candidateId:3 lastLogIndex:568 lastLogTerm:16 currentTerm:102 status:FOLLOWER
2025/11/03 17:32:26 [17:32:26.904] [Node:0] [INFO] [STATE_CHANGE] FOLLOWER->FOLLOWER term:102 reason:降级成follower
2025/11/03 17:32:26 [17:32:26.908] [Node:0] [RPC_RECV] [Trace:ELEC_3_103][3->0] 投票信息 votedFor:-1 lastLogTerm:102 lastLogIndex:61
2025/11/03 17:32:26 [17:32:26.908] [Node:0] [RPC_RECV] [Trace:ELEC_3_103][3->0] 投票失败兜底 candidate:3 term:103
2025/11/03 17:32:26 [17:32:26.918] [Node:0] [HEARTBEAT] [Trace:HB_0_103] Follower等心跳 status FOLLOWER term:103 commitIndex:24
2025/11/03 17:32:26 [17:32:26.918] [Node:0] [INFO] [STATE_CHANGE] FOLLOWER->FOLLOWER term:103 reason:变成Candidate
2025/11/03 17:32:26 [17:32:26.918] [Node:0] [TIMER_EVENT] [Trace:TIMER_0] 超时选举 since:291.555708ms threshold:250.39938ms
2025/11/03 17:32:26 [17:32:26.918] [Node:0] [RPC_SEND] [Trace:ELEC_0_104] 发送选举请求
2025/11/03 17:32:26 [17:32:26.918] [Node:0] [RPC_SEND] [Trace:ELEC_0_104] 发送选举请求
2025/11/03 17:32:26 [17:32:26.918] [Node:0] [RPC_SEND] [Trace:ELEC_0_104] 发送选举请求
2025/11/03 17:32:26 [17:32:26.919] [Node:0] [RPC_SEND] [Trace:ELEC_0_104] 发送选举请求
2025/11/03 17:32:27 [17:32:27.018] [Node:0] [HEARTBEAT] [Trace:HB_0_104] Follower等心跳 status CANDIDATE term:104 commitIndex:24
2025/11/03 17:32:27 [17:32:27.044] [Node:0] [RPC_RECV] [Trace:CLIENT_0_1762162347044516000] 接收到日志命令:2369 isLeader:false term:104
2025/11/03 17:32:27 [17:32:27.050] [Node:0] [RPC_RECV] [Trace:CLIENT_0_1762162347050185000] 接收到日志命令:2418 isLeader:false term:104
2025/11/03 17:32:27 [17:32:27.058] [Node:0] [RPC_RECV] [Trace:CLIENT_0_1762162347058109000] 接收到日志命令:5897 isLeader:false term:104
2025/11/03 17:32:27 [17:32:27.072] [Node:0] [RPC_RECV] [Trace:CLIENT_0_1762162347072677000] 接收到日志命令:4105 isLeader:false term:104
2025/11/03 17:32:27 [17:32:27.088] [Node:0] [RPC_RECV] [Trace:CLIENT_0_1762162347088671000] 接收到日志命令:9036 isLeader:false term:104
2025/11/03 17:32:27 [17:32:27.100] [Node:0] [RPC_RECV] [Trace:CLIENT_0_1762162347100908000] 接收到日志命令:9260 isLeader:false term:104
2025/11/03 17:32:27 [17:32:27.111] [Node:0] [RPC_RECV] [Trace:CLIENT_0_1762162347111018000] 接收到日志命令:1826 isLeader:false term:104
2025/11/03 17:32:27 [17:32:27.119] [Node:0] [HEARTBEAT] [Trace:HB_0_104] Follower等心跳 status CANDIDATE term:104 commitIndex:24
2025/11/03 17:32:27 [17:32:27.122] [Node:0] [RPC_RECV] [Trace:CLIENT_0_1762162347122797000] 接收到日志命令:9460 isLeader:false term:104
2025/11/03 17:32:27 [17:32:27.137] [Node:0] [RPC_RECV] [Trace:CLIENT_0_1762162347137753000] 接收到日志命令:5244 isLeader:false term:104
2025/11/03 17:32:27 [17:32:27.160] [Node:0] [RPC_SEND] [Trace:ELEC_0_104] 处理投票返回 for term 104 reply:{104 true}
2025/11/03 17:32:27 [17:32:27.170] [Node:0] [RPC_RECV] [Trace:ELEC_1_105][1->0] RequestVote 接受 term:105 candidateId:1 lastLogIndex:2 lastLogTerm:4 currentTerm:104 status:CANDIDATE
2025/11/03 17:32:27 [17:32:27.171] [Node:0] [INFO] [STATE_CHANGE] CANDIDATE->FOLLOWER term:104 reason:降级成follower
2025/11/03 17:32:27 [17:32:27.172] [Node:0] [RPC_RECV] [Trace:ELEC_1_105][1->0] 投票信息 votedFor:-1 lastLogTerm:102 lastLogIndex:61
2025/11/03 17:32:27 [17:32:27.172] [Node:0] [RPC_RECV] [Trace:ELEC_1_105][1->0] 投票失败兜底 candidate:1 term:105
2025/11/03 17:32:27 [17:32:27.204] [Node:0] [INFO] [STATE_CHANGE] FOLLOWER->FOLLOWER term:105 reason:变成Candidate
2025/11/03 17:32:27 [17:32:27.205] [Node:0] [TIMER_EVENT] [Trace:TIMER_0] 超时选举 since:286.469875ms threshold:207.843314ms
2025/11/03 17:32:27 [17:32:27.205] [Node:0] [RPC_SEND] [Trace:ELEC_0_106] 发送选举请求
2025/11/03 17:32:27 [17:32:27.205] [Node:0] [RPC_SEND] [Trace:ELEC_0_106] 发送选举请求
2025/11/03 17:32:27 [17:32:27.205] [Node:0] [RPC_SEND] [Trace:ELEC_0_106] 发送选举请求
2025/11/03 17:32:27 [17:32:27.205] [Node:0] [RPC_SEND] [Trace:ELEC_0_106] 发送选举请求
2025/11/03 17:32:27 [17:32:27.217] [Node:0] [RPC_SEND] [Trace:ELEC_0_106] 处理投票返回 for term 106 reply:{106 true}
2025/11/03 17:32:27 [17:32:27.220] [Node:0] [HEARTBEAT] [Trace:HB_0_106] Follower等心跳 status CANDIDATE term:106 commitIndex:24
2025/11/03 17:32:27 [17:32:27.296] [Node:0] [RPC_SEND] [Trace:ELEC_0_104] 处理投票返回 for term 104 reply:{104 true}
2025/11/03 17:32:27 [17:32:27.322] [Node:0] [HEARTBEAT] [Trace:HB_0_106] Follower等心跳 status CANDIDATE term:106 commitIndex:24
2025/11/03 17:32:27 [17:32:27.423] [Node:0] [HEARTBEAT] [Trace:HB_0_106] Follower等心跳 status CANDIDATE term:106 commitIndex:24
2025/11/03 17:32:27 [17:32:27.445] [Node:0] [RPC_RECV] [Trace:ELEC_1_107][1->0] RequestVote 接受 term:107 candidateId:1 lastLogIndex:2 lastLogTerm:4 currentTerm:106 status:CANDIDATE
2025/11/03 17:32:27 [17:32:27.445] [Node:0] [INFO] [STATE_CHANGE] CANDIDATE->FOLLOWER term:106 reason:降级成follower
2025/11/03 17:32:27 [17:32:27.445] [Node:0] [RPC_RECV] [Trace:ELEC_1_107][1->0] 投票信息 votedFor:-1 lastLogTerm:102 lastLogIndex:61
2025/11/03 17:32:27 [17:32:27.445] [Node:0] [RPC_RECV] [Trace:ELEC_1_107][1->0] 投票失败兜底 candidate:1 term:107
2025/11/03 17:32:27 [17:32:27.460] [Node:0] [INFO] [STATE_CHANGE] FOLLOWER->FOLLOWER term:107 reason:变成Candidate
2025/11/03 17:32:27 [17:32:27.461] [Node:0] [TIMER_EVENT] [Trace:TIMER_0] 超时选举 since:255.752541ms threshold:213.286133ms
2025/11/03 17:32:27 [17:32:27.461] [Node:0] [RPC_SEND] [Trace:ELEC_0_108] 发送选举请求
2025/11/03 17:32:27 [17:32:27.461] [Node:0] [RPC_SEND] [Trace:ELEC_0_108] 发送选举请求
2025/11/03 17:32:27 [17:32:27.461] [Node:0] [RPC_SEND] [Trace:ELEC_0_108] 发送选举请求
2025/11/03 17:32:27 [17:32:27.461] [Node:0] [RPC_SEND] [Trace:ELEC_0_108] 发送选举请求
2025/11/03 17:32:27 [17:32:27.514] [Node:0] [RPC_RECV] [Trace:CLIENT_0_1762162347514897000] 接收到日志命令:7670 isLeader:false term:108
2025/11/03 17:32:27 [17:32:27.523] [Node:0] [HEARTBEAT] [Trace:HB_0_108] Follower等心跳 status CANDIDATE term:108 commitIndex:24
2025/11/03 17:32:27 [17:32:27.531] [Node:0] [RPC_RECV] [Trace:CLIENT_0_1762162347531126000] 接收到日志命令:5336 isLeader:false term:108
2025/11/03 17:32:27 [17:32:27.541] [Node:0] [RPC_RECV] [Trace:CLIENT_0_1762162347541896000] 接收到日志命令:1390 isLeader:false term:108
2025/11/03 17:32:27 [17:32:27.548] [Node:0] [RPC_RECV] [Trace:CLIENT_0_1762162347548537000] 接收到日志命令:3881 isLeader:false term:108
2025/11/03 17:32:27 [17:32:27.630] [Node:0] [HEARTBEAT] [Trace:HB_0_108] Follower等心跳 status CANDIDATE term:108 commitIndex:24
2025/11/03 17:32:27 [17:32:27.729] [Node:0] [RPC_RECV] [Trace:ELEC_1_109][1->0] RequestVote 接受 term:109 candidateId:1 lastLogIndex:2 lastLogTerm:4 currentTerm:108 status:CANDIDATE
2025/11/03 17:32:27 [17:32:27.730] [Node:0] [INFO] [STATE_CHANGE] CANDIDATE->FOLLOWER term:108 reason:降级成follower
2025/11/03 17:32:27 [17:32:27.731] [Node:0] [RPC_RECV] [Trace:ELEC_1_109][1->0] 投票信息 votedFor:-1 lastLogTerm:102 lastLogIndex:61
2025/11/03 17:32:27 [17:32:27.731] [Node:0] [RPC_RECV] [Trace:ELEC_1_109][1->0] 投票失败兜底 candidate:1 term:109
2025/11/03 17:32:27 [17:32:27.732] [Node:0] [HEARTBEAT] [Trace:HB_0_109] Follower等心跳 status FOLLOWER term:109 commitIndex:24
2025/11/03 17:32:27 [17:32:27.743] [Node:0] [INFO] [STATE_CHANGE] FOLLOWER->FOLLOWER term:109 reason:变成Candidate
2025/11/03 17:32:27 [17:32:27.743] [Node:0] [TIMER_EVENT] [Trace:TIMER_0] 超时选举 since:282.334166ms threshold:259.904311ms
2025/11/03 17:32:27 [17:32:27.743] [Node:0] [RPC_SEND] [Trace:ELEC_0_110] 发送选举请求
2025/11/03 17:32:27 [17:32:27.743] [Node:0] [RPC_SEND] [Trace:ELEC_0_110] 发送选举请求
2025/11/03 17:32:27 [17:32:27.743] [Node:0] [RPC_SEND] [Trace:ELEC_0_110] 发送选举请求
2025/11/03 17:32:27 [17:32:27.743] [Node:0] [RPC_SEND] [Trace:ELEC_0_110] 发送选举请求
2025/11/03 17:32:27 [17:32:27.746] [Node:0] [RPC_SEND] [Trace:ELEC_0_110] 处理投票返回 for term 110 reply:{110 true}
2025/11/03 17:32:27 [17:32:27.756] [Node:0] [RPC_RECV] [Trace:ELEC_3_103][3->0] RequestVote 接受 term:103 candidateId:3 lastLogIndex:568 lastLogTerm:16 currentTerm:110 status:CANDIDATE
2025/11/03 17:32:27 [17:32:27.837] [Node:0] [HEARTBEAT] [Trace:HB_0_110] Follower等心跳 status CANDIDATE term:110 commitIndex:24
2025/11/03 17:32:27 [17:32:27.864] [Node:0] [RPC_RECV] [Trace:CLIENT_0_1762162347864452000] 接收到日志命令:363 isLeader:false term:110
2025/11/03 17:32:27 [17:32:27.870] [Node:0] [RPC_RECV] [Trace:CLIENT_0_1762162347870022000] 接收到日志命令:2669 isLeader:false term:110
2025/11/03 17:32:27 [17:32:27.885] [Node:0] [RPC_RECV] [Trace:CLIENT_0_1762162347885014000] 接收到日志命令:3664 isLeader:false term:110
2025/11/03 17:32:27 [17:32:27.901] [Node:0] [RPC_RECV] [Trace:CLIENT_0_1762162347900509000] 接收到日志命令:8231 isLeader:false term:110
2025/11/03 17:32:27 [17:32:27.906] [Node:0] [RPC_RECV] [Trace:CLIENT_0_1762162347906472000] 接收到日志命令:547 isLeader:false term:110
2025/11/03 17:32:27 [17:32:27.914] [Node:0] [RPC_RECV] [Trace:CLIENT_0_1762162347914350000] 接收到日志命令:729 isLeader:false term:110
2025/11/03 17:32:27 [17:32:27.937] [Node:0] [HEARTBEAT] [Trace:HB_0_110] Follower等心跳 status CANDIDATE term:110 commitIndex:24
2025/11/03 17:32:27 [17:32:27.944] [Node:0] [RPC_SEND] [Trace:ELEC_0_108] 处理投票返回 for term 108 reply:{108 true}
2025/11/03 17:32:27 [17:32:27.983] [Node:0] [RPC_RECV] [Trace:ELEC_3_110][3->0] RequestVote 接受 term:110 candidateId:3 lastLogIndex:568 lastLogTerm:16 currentTerm:110 status:CANDIDATE
2025/11/03 17:32:27 [17:32:27.983] [Node:0] [RPC_RECV] [Trace:ELEC_3_110][3->0] 投票信息 votedFor:0 lastLogTerm:102 lastLogIndex:61
2025/11/03 17:32:27 [17:32:27.983] [Node:0] [RPC_RECV] [Trace:ELEC_3_110][3->0] 投票失败兜底 candidate:3 term:110
2025/11/03 17:32:28 [17:32:28.038] [Node:0] [HEARTBEAT] [Trace:HB_0_110] Follower等心跳 status CANDIDATE term:110 commitIndex:24
2025/11/03 17:32:28 [17:32:28.057] [Node:0] [RPC_RECV] [Trace:ELEC_1_111][1->0] RequestVote 接受 term:111 candidateId:1 lastLogIndex:2 lastLogTerm:4 currentTerm:110 status:CANDIDATE
2025/11/03 17:32:28 [17:32:28.057] [Node:0] [INFO] [STATE_CHANGE] CANDIDATE->FOLLOWER term:110 reason:降级成follower
2025/11/03 17:32:28 [17:32:28.058] [Node:0] [RPC_RECV] [Trace:ELEC_1_111][1->0] 投票信息 votedFor:-1 lastLogTerm:102 lastLogIndex:61
2025/11/03 17:32:28 [17:32:28.058] [Node:0] [RPC_RECV] [Trace:ELEC_1_111][1->0] 投票失败兜底 candidate:1 term:111
2025/11/03 17:32:28 [17:32:28.064] [Node:0] [INFO] [STATE_CHANGE] FOLLOWER->FOLLOWER term:111 reason:变成Candidate
2025/11/03 17:32:28 [17:32:28.064] [Node:0] [TIMER_EVENT] [Trace:TIMER_0] 超时选举 since:321.118459ms threshold:266.16182ms
2025/11/03 17:32:28 [17:32:28.065] [Node:0] [RPC_SEND] [Trace:ELEC_0_112] 发送选举请求
2025/11/03 17:32:28 [17:32:28.065] [Node:0] [RPC_SEND] [Trace:ELEC_0_112] 发送选举请求
2025/11/03 17:32:28 [17:32:28.065] [Node:0] [RPC_SEND] [Trace:ELEC_0_112] 发送选举请求
2025/11/03 17:32:28 [17:32:28.065] [Node:0] [RPC_SEND] [Trace:ELEC_0_112] 发送选举请求
2025/11/03 17:32:28 [17:32:28.104] [Node:0] [RPC_RECV] [Trace:CLIENT_0_1762162348104458000] 接收到日志命令:1548 isLeader:false term:112
2025/11/03 17:32:28 [17:32:28.118] [Node:0] [RPC_RECV] [Trace:CLIENT_0_1762162348118870000] 接收到日志命令:5141 isLeader:false term:112
2025/11/03 17:32:28 [17:32:28.123] [Node:0] [RPC_RECV] [Trace:CLIENT_0_1762162348123961000] 接收到日志命令:3690 isLeader:false term:112
2025/11/03 17:32:28 [17:32:28.137] [Node:0] [RPC_RECV] [Trace:CLIENT_0_1762162348137177000] 接收到日志命令:9627 isLeader:false term:112
2025/11/03 17:32:28 [17:32:28.138] [Node:0] [HEARTBEAT] [Trace:HB_0_112] Follower等心跳 status CANDIDATE term:112 commitIndex:24
2025/11/03 17:32:28 [17:32:28.145] [Node:0] [RPC_RECV] [Trace:CLIENT_0_1762162348145810000] 接收到日志命令:7224 isLeader:false term:112
2025/11/03 17:32:28 [17:32:28.156] [Node:0] [RPC_RECV] [Trace:CLIENT_0_1762162348156743000] 接收到日志命令:2696 isLeader:false term:112
2025/11/03 17:32:28 [17:32:28.171] [Node:0] [RPC_RECV] [Trace:CLIENT_0_1762162348171273000] 接收到日志命令:564 isLeader:false term:112
2025/11/03 17:32:28 [17:32:28.189] [Node:0] [RPC_RECV] [Trace:CLIENT_0_1762162348189521000] 接收到日志命令:8299 isLeader:false term:112
2025/11/03 17:32:28 [17:32:28.210] [Node:0] [RPC_RECV] [Trace:CLIENT_0_1762162348210527000] 接收到日志命令:9361 isLeader:false term:112
2025/11/03 17:32:28 [17:32:28.224] [Node:0] [RPC_RECV] [Trace:CLIENT_0_1762162348224558000] 接收到日志命令:1732 isLeader:false term:112
2025/11/03 17:32:28 [17:32:28.237] [Node:0] [RPC_RECV] [Trace:CLIENT_0_1762162348237619000] 接收到日志命令:5398 isLeader:false term:112
2025/11/03 17:32:28 [17:32:28.243] [Node:0] [HEARTBEAT] [Trace:HB_0_112] Follower等心跳 status CANDIDATE term:112 commitIndex:24
2025/11/03 17:32:28 [17:32:28.257] [Node:0] [RPC_RECV] [Trace:CLIENT_0_1762162348257418000] 接收到日志命令:6582 isLeader:false term:112
2025/11/03 17:32:28 [17:32:28.274] [Node:0] [RPC_RECV] [Trace:CLIENT_0_1762162348274400000] 接收到日志命令:4768 isLeader:false term:112
2025/11/03 17:32:28 [17:32:28.323] [Node:0] [RPC_SEND] [Trace:ELEC_0_108] 处理投票返回 for term 108 reply:{108 true}
2025/11/03 17:32:28 [17:32:28.343] [Node:0] [HEARTBEAT] [Trace:HB_0_112] Follower等心跳 status CANDIDATE term:112 commitIndex:24
2025/11/03 17:32:28 [17:32:28.344] [Node:0] [RPC_RECV] [Trace:ELEC_1_113][1->0] RequestVote 接受 term:113 candidateId:1 lastLogIndex:2 lastLogTerm:4 currentTerm:112 status:CANDIDATE
2025/11/03 17:32:28 [17:32:28.344] [Node:0] [INFO] [STATE_CHANGE] CANDIDATE->FOLLOWER term:112 reason:降级成follower
2025/11/03 17:32:28 [17:32:28.345] [Node:0] [RPC_RECV] [Trace:ELEC_1_113][1->0] 投票信息 votedFor:-1 lastLogTerm:102 lastLogIndex:61
2025/11/03 17:32:28 [17:32:28.345] [Node:0] [RPC_RECV] [Trace:ELEC_1_113][1->0] 投票失败兜底 candidate:1 term:113
2025/11/03 17:32:28 [17:32:28.381] [Node:0] [INFO] [STATE_CHANGE] FOLLOWER->FOLLOWER term:113 reason:变成Candidate
2025/11/03 17:32:28 [17:32:28.381] [Node:0] [TIMER_EVENT] [Trace:TIMER_0] 超时选举 since:316.8075ms threshold:290.373532ms
2025/11/03 17:32:28 [17:32:28.381] [Node:0] [RPC_SEND] [Trace:ELEC_0_114] 发送选举请求
2025/11/03 17:32:28 [17:32:28.381] [Node:0] [RPC_SEND] [Trace:ELEC_0_114] 发送选举请求
2025/11/03 17:32:28 [17:32:28.382] [Node:0] [RPC_SEND] [Trace:ELEC_0_114] 发送选举请求
2025/11/03 17:32:28 [17:32:28.381] [Node:0] [RPC_SEND] [Trace:ELEC_0_114] 发送选举请求
2025/11/03 17:32:28 [17:32:28.387] [Node:0] [RPC_RECV] [Trace:ELEC_3_111][3->0] RequestVote 接受 term:111 candidateId:3 lastLogIndex:568 lastLogTerm:16 currentTerm:114 status:CANDIDATE
2025/11/03 17:32:28 [17:32:28.433] [Node:0] [RPC_SEND] [Trace:ELEC_0_112] 处理投票返回 for term 112 reply:{112 true}
2025/11/03 17:32:28 [17:32:28.443] [Node:0] [HEARTBEAT] [Trace:HB_0_114] Follower等心跳 status CANDIDATE term:114 commitIndex:24
2025/11/03 17:32:28 [17:32:28.545] [Node:0] [HEARTBEAT] [Trace:HB_0_114] Follower等心跳 status CANDIDATE term:114 commitIndex:24
2025/11/03 17:32:28 [17:32:28.583] [Node:0] [RPC_RECV] [Trace:CLIENT_0_1762162348583461000] 接收到日志命令:1914 isLeader:false term:114
2025/11/03 17:32:28 [17:32:28.599] [Node:0] [RPC_RECV] [Trace:CLIENT_0_1762162348599423000] 接收到日志命令:6684 isLeader:false term:114
2025/11/03 17:32:28 [17:32:28.607] [Node:0] [RPC_RECV] [Trace:CLIENT_0_1762162348607423000] 接收到日志命令:13 isLeader:false term:114
2025/11/03 17:32:28 [17:32:28.615] [Node:0] [RPC_RECV] [Trace:CLIENT_0_1762162348615466000] 接收到日志命令:5505 isLeader:false term:114
2025/11/03 17:32:28 [17:32:28.631] [Node:0] [RPC_RECV] [Trace:CLIENT_0_1762162348631800000] 接收到日志命令:5085 isLeader:false term:114
2025/11/03 17:32:28 [17:32:28.639] [Node:0] [RPC_RECV] [Trace:CLIENT_0_1762162348639048000] 接收到日志命令:6635 isLeader:false term:114
2025/11/03 17:32:28 [17:32:28.646] [Node:0] [HEARTBEAT] [Trace:HB_0_114] Follower等心跳 status CANDIDATE term:114 commitIndex:24
2025/11/03 17:32:28 [17:32:28.665] [Node:0] [RPC_RECV] [Trace:ELEC_3_115][3->0] RequestVote 接受 term:115 candidateId:3 lastLogIndex:568 lastLogTerm:16 currentTerm:114 status:CANDIDATE
2025/11/03 17:32:28 [17:32:28.665] [Node:0] [INFO] [STATE_CHANGE] CANDIDATE->FOLLOWER term:114 reason:降级成follower
2025/11/03 17:32:28 [17:32:28.666] [Node:0] [RPC_RECV] [Trace:ELEC_3_115][3->0] 投票信息 votedFor:-1 lastLogTerm:102 lastLogIndex:61
2025/11/03 17:32:28 [17:32:28.666] [Node:0] [RPC_RECV] [Trace:ELEC_3_115][3->0] 投票失败兜底 candidate:3 term:115
2025/11/03 17:32:28 [17:32:28.696] [Node:0] [INFO] [STATE_CHANGE] FOLLOWER->FOLLOWER term:115 reason:变成Candidate
2025/11/03 17:32:28 [17:32:28.697] [Node:0] [TIMER_EVENT] [Trace:TIMER_0] 超时选举 since:314.939208ms threshold:306.232415ms
2025/11/03 17:32:28 [17:32:28.697] [Node:0] [RPC_SEND] [Trace:ELEC_0_116] 发送选举请求
2025/11/03 17:32:28 [17:32:28.697] [Node:0] [RPC_SEND] [Trace:ELEC_0_116] 发送选举请求
2025/11/03 17:32:28 [17:32:28.697] [Node:0] [RPC_SEND] [Trace:ELEC_0_116] 发送选举请求
2025/11/03 17:32:28 [17:32:28.697] [Node:0] [RPC_SEND] [Trace:ELEC_0_116] 发送选举请求
2025/11/03 17:32:28 [17:32:28.746] [Node:0] [HEARTBEAT] [Trace:HB_0_116] Follower等心跳 status CANDIDATE term:116 commitIndex:24
2025/11/03 17:32:28 [17:32:28.774] [Node:0] [RPC_RECV] [Trace:CLIENT_0_1762162348774479000] 接收到日志命令:7499 isLeader:false term:116
2025/11/03 17:32:28 [17:32:28.782] [Node:0] [RPC_RECV] [Trace:CLIENT_0_1762162348782920000] 接收到日志命令:7159 isLeader:false term:116
2025/11/03 17:32:28 [17:32:28.823] [Node:0] [RPC_SEND] [Trace:ELEC_0_114] 处理投票返回 for term 114 reply:{114 true}
2025/11/03 17:32:28 [17:32:28.842] [Node:0] [RPC_RECV] [Trace:CLIENT_0_1762162348842323000] 接收到日志命令:897 isLeader:false term:116
2025/11/03 17:32:28 [17:32:28.850] [Node:0] [HEARTBEAT] [Trace:HB_0_116] Follower等心跳 status CANDIDATE term:116 commitIndex:24
2025/11/03 17:32:28 [17:32:28.855] [Node:0] [RPC_RECV] [Trace:CLIENT_0_1762162348855647000] 接收到日志命令:3679 isLeader:false term:116
2025/11/03 17:32:28 [17:32:28.952] [Node:0] [HEARTBEAT] [Trace:HB_0_116] Follower等心跳 status CANDIDATE term:116 commitIndex:24
2025/11/03 17:32:29 [17:32:29.041] [Node:0] [INFO] [STATE_CHANGE] CANDIDATE->FOLLOWER term:116 reason:变成Candidate
2025/11/03 17:32:29 [17:32:29.041] [Node:0] [TIMER_EVENT] [Trace:TIMER_0] 超时选举 since:343.966666ms threshold:217.022634ms
2025/11/03 17:32:29 [17:32:29.041] [Node:0] [RPC_SEND] [Trace:ELEC_0_117] 发送选举请求
2025/11/03 17:32:29 [17:32:29.043] [Node:0] [RPC_SEND] [Trace:ELEC_0_117] 发送选举请求
2025/11/03 17:32:29 [17:32:29.043] [Node:0] [RPC_SEND] [Trace:ELEC_0_117] 发送选举请求
2025/11/03 17:32:29 [17:32:29.044] [Node:0] [RPC_SEND] [Trace:ELEC_0_117] 发送选举请求
2025/11/03 17:32:29 [17:32:29.053] [Node:0] [HEARTBEAT] [Trace:HB_0_117] Follower等心跳 status CANDIDATE term:117 commitIndex:24
2025/11/03 17:32:29 [17:32:29.068] [Node:0] [RPC_RECV] [Trace:ELEC_3_115][3->0] RequestVote 接受 term:115 candidateId:3 lastLogIndex:568 lastLogTerm:16 currentTerm:117 status:CANDIDATE
2025/11/03 17:32:29 [17:32:29.153] [Node:0] [HEARTBEAT] [Trace:HB_0_117] Follower等心跳 status CANDIDATE term:117 commitIndex:24
2025/11/03 17:32:29 [17:32:29.255] [Node:0] [HEARTBEAT] [Trace:HB_0_117] Follower等心跳 status CANDIDATE term:117 commitIndex:24
2025/11/03 17:32:29 [17:32:29.267] [Node:0] [RPC_RECV] [Trace:CLIENT_0_1762162349267436000] 接收到日志命令:933 isLeader:false term:117
2025/11/03 17:32:29 [17:32:29.273] [Node:0] [INFO] [STATE_CHANGE] CANDIDATE->FOLLOWER term:117 reason:变成Candidate
2025/11/03 17:32:29 [17:32:29.273] [Node:0] [TIMER_EVENT] [Trace:TIMER_0] 超时选举 since:232.099708ms threshold:225.59144ms
2025/11/03 17:32:29 [17:32:29.273] [Node:0] [RPC_SEND] [Trace:ELEC_0_118] 发送选举请求
2025/11/03 17:32:29 [17:32:29.273] [Node:0] [RPC_SEND] [Trace:ELEC_0_118] 发送选举请求
2025/11/03 17:32:29 [17:32:29.273] [Node:0] [RPC_SEND] [Trace:ELEC_0_118] 发送选举请求
2025/11/03 17:32:29 [17:32:29.273] [Node:0] [RPC_SEND] [Trace:ELEC_0_118] 发送选举请求
2025/11/03 17:32:29 [17:32:29.280] [Node:0] [RPC_RECV] [Trace:CLIENT_0_1762162349280198000] 接收到日志命令:1607 isLeader:false term:118
2025/11/03 17:32:29 [17:32:29.295] [Node:0] [RPC_RECV] [Trace:CLIENT_0_1762162349295355000] 接收到日志命令:6891 isLeader:false term:118
2025/11/03 17:32:29 [17:32:29.307] [Node:0] [RPC_RECV] [Trace:CLIENT_0_1762162349307396000] 接收到日志命令:1351 isLeader:false term:118
2025/11/03 17:32:29 [17:32:29.314] [Node:0] [RPC_RECV] [Trace:CLIENT_0_1762162349314741000] 接收到日志命令:1439 isLeader:false term:118
2025/11/03 17:32:29 [17:32:29.319] [Node:0] [RPC_RECV] [Trace:CLIENT_0_1762162349319901000] 接收到日志命令:4574 isLeader:false term:118
2025/11/03 17:32:29 [17:32:29.323] [Node:0] [RPC_RECV] [Trace:CLIENT_0_1762162349323527000] 接收到日志命令:2613 isLeader:false term:118
2025/11/03 17:32:29 [17:32:29.331] [Node:0] [RPC_RECV] [Trace:CLIENT_0_1762162349331430000] 接收到日志命令:592 isLeader:false term:118
2025/11/03 17:32:29 [17:32:29.345] [Node:0] [RPC_RECV] [Trace:ELEC_3_118][3->0] RequestVote 接受 term:118 candidateId:3 lastLogIndex:568 lastLogTerm:16 currentTerm:118 status:CANDIDATE
2025/11/03 17:32:29 [17:32:29.345] [Node:0] [RPC_RECV] [Trace:ELEC_3_118][3->0] 投票信息 votedFor:0 lastLogTerm:102 lastLogIndex:61
2025/11/03 17:32:29 [17:32:29.345] [Node:0] [RPC_RECV] [Trace:ELEC_3_118][3->0] 投票失败兜底 candidate:3 term:118
2025/11/03 17:32:29 [17:32:29.347] [Node:0] [RPC_RECV] [Trace:CLIENT_0_1762162349347867000] 接收到日志命令:720 isLeader:false term:118
2025/11/03 17:32:29 [17:32:29.358] [Node:0] [RPC_RECV] [Trace:CLIENT_0_1762162349358494000] 接收到日志命令:2119 isLeader:false term:118
2025/11/03 17:32:29 [17:32:29.363] [Node:0] [HEARTBEAT] [Trace:HB_0_118] Follower等心跳 status CANDIDATE term:118 commitIndex:24
2025/11/03 17:32:29 [17:32:29.374] [Node:0] [RPC_RECV] [Trace:ELEC_1_118][1->0] RequestVote 接受 term:118 candidateId:1 lastLogIndex:2 lastLogTerm:4 currentTerm:118 status:CANDIDATE
2025/11/03 17:32:29 [17:32:29.374] [Node:0] [RPC_RECV] [Trace:ELEC_1_118][1->0] 投票信息 votedFor:0 lastLogTerm:102 lastLogIndex:61
2025/11/03 17:32:29 [17:32:29.374] [Node:0] [RPC_RECV] [Trace:ELEC_1_118][1->0] 投票失败兜底 candidate:1 term:118
2025/11/03 17:32:29 [17:32:29.375] [Node:0] [RPC_RECV] [Trace:CLIENT_0_1762162349375266000] 接收到日志命令:788 isLeader:false term:118
2025/11/03 17:32:29 [17:32:29.379] [Node:0] [RPC_RECV] [Trace:CLIENT_0_1762162349379237000] 接收到日志命令:6439 isLeader:false term:118
2025/11/03 17:32:29 [17:32:29.388] [Node:0] [RPC_RECV] [Trace:CLIENT_0_1762162349388847000] 接收到日志命令:312 isLeader:false term:118
2025/11/03 17:32:29 [17:32:29.392] [Node:0] [RPC_RECV] [Trace:CLIENT_0_1762162349392072000] 接收到日志命令:342 isLeader:false term:118
2025/11/03 17:32:29 [17:32:29.406] [Node:0] [RPC_RECV] [Trace:CLIENT_0_1762162349406354000] 接收到日志命令:2596 isLeader:false term:118
2025/11/03 17:32:29 [17:32:29.410] [Node:0] [RPC_RECV] [Trace:CLIENT_0_1762162349410962000] 接收到日志命令:4879 isLeader:false term:118
2025/11/03 17:32:29 [17:32:29.421] [Node:0] [RPC_RECV] [Trace:CLIENT_0_1762162349421229000] 接收到日志命令:1033 isLeader:false term:118
2025/11/03 17:32:29 [17:32:29.464] [Node:0] [HEARTBEAT] [Trace:HB_0_118] Follower等心跳 status CANDIDATE term:118 commitIndex:24
2025/11/03 17:32:29 [17:32:29.473] [Node:0] [RPC_SEND] [Trace:ELEC_0_117] 处理投票返回 for term 117 reply:{117 true}
2025/11/03 17:32:29 [17:32:29.511] [Node:0] [INFO] [STATE_CHANGE] CANDIDATE->FOLLOWER term:118 reason:变成Candidate
2025/11/03 17:32:29 [17:32:29.511] [Node:0] [TIMER_EVENT] [Trace:TIMER_0] 超时选举 since:237.655292ms threshold:215.776341ms
2025/11/03 17:32:29 [17:32:29.511] [Node:0] [RPC_SEND] [Trace:ELEC_0_119] 发送选举请求
2025/11/03 17:32:29 [17:32:29.511] [Node:0] [RPC_SEND] [Trace:ELEC_0_119] 发送选举请求
2025/11/03 17:32:29 [17:32:29.511] [Node:0] [RPC_SEND] [Trace:ELEC_0_119] 发送选举请求
2025/11/03 17:32:29 [17:32:29.511] [Node:0] [RPC_SEND] [Trace:ELEC_0_119] 发送选举请求
2025/11/03 17:32:29 [17:32:29.552] [Node:0] [RPC_SEND] [Trace:ELEC_0_119] 处理投票返回 for term 119 reply:{119 true}
2025/11/03 17:32:29 [17:32:29.564] [Node:0] [HEARTBEAT] [Trace:HB_0_119] Follower等心跳 status CANDIDATE term:119 commitIndex:24
2025/11/03 17:32:29 [17:32:29.665] [Node:0] [HEARTBEAT] [Trace:HB_0_119] Follower等心跳 status CANDIDATE term:119 commitIndex:24
2025/11/03 17:32:29 [17:32:29.740] [Node:0] [RPC_SEND] [Trace:ELEC_0_117] 处理投票返回 for term 117 reply:{117 true}
2025/11/03 17:32:29 [17:32:29.770] [Node:0] [HEARTBEAT] [Trace:HB_0_119] Follower等心跳 status CANDIDATE term:119 commitIndex:24
2025/11/03 17:32:29 [17:32:29.793] [Node:0] [RPC_RECV] [Trace:ELEC_3_120][3->0] RequestVote 接受 term:120 candidateId:3 lastLogIndex:568 lastLogTerm:16 currentTerm:119 status:CANDIDATE
2025/11/03 17:32:29 [17:32:29.794] [Node:0] [INFO] [STATE_CHANGE] CANDIDATE->FOLLOWER term:119 reason:降级成follower
2025/11/03 17:32:29 [17:32:29.794] [Node:0] [RPC_RECV] [Trace:ELEC_3_120][3->0] 投票信息 votedFor:-1 lastLogTerm:102 lastLogIndex:61
2025/11/03 17:32:29 [17:32:29.794] [Node:0] [RPC_RECV] [Trace:ELEC_3_120][3->0] 投票失败兜底 candidate:3 term:120
2025/11/03 17:32:29 [17:32:29.843] [Node:0] [INFO] [STATE_CHANGE] FOLLOWER->FOLLOWER term:120 reason:变成Candidate
2025/11/03 17:32:29 [17:32:29.844] [Node:0] [TIMER_EVENT] [Trace:TIMER_0] 超时选举 since:331.794458ms threshold:259.831561ms
2025/11/03 17:32:29 [17:32:29.844] [Node:0] [RPC_SEND] [Trace:ELEC_0_121] 发送选举请求
2025/11/03 17:32:29 [17:32:29.845] [Node:0] [RPC_SEND] [Trace:ELEC_0_121] 发送选举请求
2025/11/03 17:32:29 [17:32:29.845] [Node:0] [RPC_SEND] [Trace:ELEC_0_121] 发送选举请求
2025/11/03 17:32:29 [17:32:29.846] [Node:0] [RPC_SEND] [Trace:ELEC_0_121] 发送选举请求
2025/11/03 17:32:29 [17:32:29.868] [Node:0] [RPC_SEND] [Trace:ELEC_0_121] 处理投票返回 for term 121 reply:{121 true}
2025/11/03 17:32:29 [17:32:29.870] [Node:0] [HEARTBEAT] [Trace:HB_0_121] Follower等心跳 status CANDIDATE term:121 commitIndex:24
2025/11/03 17:32:29 [17:32:29.918] [Node:0] [RPC_RECV] [Trace:CLIENT_0_1762162349918830000] 接收到日志命令:8311 isLeader:false term:121
2025/11/03 17:32:29 [17:32:29.931] [Node:0] [RPC_RECV] [Trace:CLIENT_0_1762162349931671000] 接收到日志命令:809 isLeader:false term:121
2025/11/03 17:32:29 [17:32:29.942] [Node:0] [RPC_SEND] [Trace:ELEC_0_119] 处理投票返回 for term 119 reply:{119 true}
2025/11/03 17:32:29 [17:32:29.944] [Node:0] [RPC_RECV] [Trace:CLIENT_0_1762162349944872000] 接收到日志命令:297 isLeader:false term:121
2025/11/03 17:32:29 [17:32:29.954] [Node:0] [RPC_RECV] [Trace:CLIENT_0_1762162349954339000] 接收到日志命令:8755 isLeader:false term:121
2025/11/03 17:32:29 [17:32:29.968] [Node:0] [RPC_RECV] [Trace:CLIENT_0_1762162349968342000] 接收到日志命令:8473 isLeader:false term:121
2025/11/03 17:32:29 [17:32:29.971] [Node:0] [HEARTBEAT] [Trace:HB_0_121] Follower等心跳 status CANDIDATE term:121 commitIndex:24
2025/11/03 17:32:29 [17:32:29.983] [Node:0] [RPC_RECV] [Trace:CLIENT_0_1762162349983280000] 接收到日志命令:5747 isLeader:false term:121
2025/11/03 17:32:29 [17:32:29.999] [Node:0] [RPC_RECV] [Trace:CLIENT_0_1762162349999081000] 接收到日志命令:938 isLeader:false term:121
2025/11/03 17:32:30 [17:32:30.010] [Node:0] [RPC_RECV] [Trace:CLIENT_0_1762162350010259000] 接收到日志命令:7534 isLeader:false term:121
2025/11/03 17:32:30 [17:32:30.019] [Node:0] [RPC_RECV] [Trace:CLIENT_0_1762162350019228000] 接收到日志命令:9902 isLeader:false term:121
2025/11/03 17:32:30 [17:32:30.029] [Node:0] [RPC_RECV] [Trace:CLIENT_0_1762162350029337000] 接收到日志命令:1081 isLeader:false term:121
2025/11/03 17:32:30 [17:32:30.032] [Node:0] [RPC_RECV] [Trace:CLIENT_0_1762162350032228000] 接收到日志命令:5689 isLeader:false term:121
2025/11/03 17:32:30 [17:32:30.047] [Node:0] [RPC_RECV] [Trace:CLIENT_0_1762162350047489000] 接收到日志命令:1311 isLeader:false term:121
2025/11/03 17:32:30 [17:32:30.058] [Node:0] [RPC_RECV] [Trace:CLIENT_0_1762162350058019000] 接收到日志命令:5450 isLeader:false term:121
2025/11/03 17:32:30 [17:32:30.072] [Node:0] [HEARTBEAT] [Trace:HB_0_121] Follower等心跳 status CANDIDATE term:121 commitIndex:24
2025/11/03 17:32:30 [17:32:30.074] [Node:0] [RPC_RECV] [Trace:CLIENT_0_1762162350074521000] 接收到日志命令:8257 isLeader:false term:121
2025/11/03 17:32:30 [17:32:30.091] [Node:0] [RPC_RECV] [Trace:CLIENT_0_1762162350091343000] 接收到日志命令:1321 isLeader:false term:121
2025/11/03 17:32:30 [17:32:30.117] [Node:0] [RPC_RECV] [Trace:ELEC_1_122][1->0] RequestVote 接受 term:122 candidateId:1 lastLogIndex:2 lastLogTerm:4 currentTerm:121 status:CANDIDATE
2025/11/03 17:32:30 [17:32:30.117] [Node:0] [INFO] [STATE_CHANGE] CANDIDATE->FOLLOWER term:121 reason:降级成follower
2025/11/03 17:32:30 [17:32:30.118] [Node:0] [RPC_RECV] [Trace:ELEC_1_122][1->0] 投票信息 votedFor:-1 lastLogTerm:102 lastLogIndex:61
2025/11/03 17:32:30 [17:32:30.118] [Node:0] [RPC_RECV] [Trace:ELEC_1_122][1->0] 投票失败兜底 candidate:1 term:122
2025/11/03 17:32:30 [17:32:30.167] [Node:0] [INFO] [STATE_CHANGE] FOLLOWER->FOLLOWER term:122 reason:变成Candidate
2025/11/03 17:32:30 [17:32:30.168] [Node:0] [TIMER_EVENT] [Trace:TIMER_0] 超时选举 since:323.664875ms threshold:311.936723ms
2025/11/03 17:32:30 [17:32:30.168] [Node:0] [RPC_SEND] [Trace:ELEC_0_123] 发送选举请求
2025/11/03 17:32:30 [17:32:30.168] [Node:0] [RPC_SEND] [Trace:ELEC_0_123] 发送选举请求
2025/11/03 17:32:30 [17:32:30.168] [Node:0] [RPC_SEND] [Trace:ELEC_0_123] 发送选举请求
2025/11/03 17:32:30 [17:32:30.168] [Node:0] [RPC_SEND] [Trace:ELEC_0_123] 发送选举请求
2025/11/03 17:32:30 [17:32:30.172] [Node:0] [HEARTBEAT] [Trace:HB_0_123] Follower等心跳 status CANDIDATE term:123 commitIndex:24
2025/11/03 17:32:30 [17:32:30.209] [Node:0] [RPC_RECV] [Trace:ELEC_3_124][3->0] RequestVote 接受 term:124 candidateId:3 lastLogIndex:568 lastLogTerm:16 currentTerm:123 status:CANDIDATE
2025/11/03 17:32:30 [17:32:30.209] [Node:0] [INFO] [STATE_CHANGE] CANDIDATE->FOLLOWER term:123 reason:降级成follower
2025/11/03 17:32:30 [17:32:30.210] [Node:0] [RPC_RECV] [Trace:ELEC_3_124][3->0] 投票信息 votedFor:-1 lastLogTerm:102 lastLogIndex:61
2025/11/03 17:32:30 [17:32:30.210] [Node:0] [RPC_RECV] [Trace:ELEC_3_124][3->0] 投票失败兜底 candidate:3 term:124
2025/11/03 17:32:30 [17:32:30.272] [Node:0] [HEARTBEAT] [Trace:HB_0_124] Follower等心跳 status FOLLOWER term:124 commitIndex:24
2025/11/03 17:32:30 [17:32:30.297] [Node:0] [RPC_RECV] [Trace:CLIENT_0_1762162350297627000] 接收到日志命令:3612 isLeader:false term:124
2025/11/03 17:32:30 [17:32:30.314] [Node:0] [RPC_RECV] [Trace:CLIENT_0_1762162350314402000] 接收到日志命令:8843 isLeader:false term:124
2025/11/03 17:32:30 [17:32:30.333] [Node:0] [RPC_RECV] [Trace:CLIENT_0_1762162350332969000] 接收到日志命令:1776 isLeader:false term:124
2025/11/03 17:32:30 [17:32:30.351] [Node:0] [RPC_RECV] [Trace:CLIENT_0_1762162350351789000] 接收到日志命令:1080 isLeader:false term:124
2025/11/03 17:32:30 [17:32:30.363] [Node:0] [RPC_RECV] [Trace:CLIENT_0_1762162350363415000] 接收到日志命令:5885 isLeader:false term:124
2025/11/03 17:32:30 [17:32:30.371] [Node:0] [RPC_RECV] [Trace:CLIENT_0_1762162350371613000] 接收到日志命令:533 isLeader:false term:124
2025/11/03 17:32:30 [17:32:30.373] [Node:0] [HEARTBEAT] [Trace:HB_0_124] Follower等心跳 status FOLLOWER term:124 commitIndex:24
2025/11/03 17:32:30 [17:32:30.378] [Node:0] [RPC_RECV] [Trace:CLIENT_0_1762162350378217000] 接收到日志命令:243 isLeader:false term:124
2025/11/03 17:32:30 [17:32:30.388] [Node:0] [RPC_RECV] [Trace:CLIENT_0_1762162350388440000] 接收到日志命令:6280 isLeader:false term:124
2025/11/03 17:32:30 [17:32:30.398] [Node:0] [RPC_RECV] [Trace:CLIENT_0_1762162350398142000] 接收到日志命令:7710 isLeader:false term:124
2025/11/03 17:32:30 [17:32:30.413] [Node:0] [RPC_RECV] [Trace:CLIENT_0_1762162350413809000] 接收到日志命令:4921 isLeader:false term:124
2025/11/03 17:32:30 [17:32:30.422] [Node:0] [RPC_RECV] [Trace:CLIENT_0_1762162350422960000] 接收到日志命令:4237 isLeader:false term:124
2025/11/03 17:32:30 [17:32:30.429] [Node:0] [RPC_RECV] [Trace:CLIENT_0_1762162350429323000] 接收到日志命令:5164 isLeader:false term:124
2025/11/03 17:32:30 [17:32:30.438] [Node:0] [RPC_RECV] [Trace:CLIENT_0_1762162350438025000] 接收到日志命令:6564 isLeader:false term:124
2025/11/03 17:32:30 [17:32:30.446] [Node:0] [RPC_RECV] [Trace:CLIENT_0_1762162350446112000] 接收到日志命令:7621 isLeader:false term:124
2025/11/03 17:32:30 [17:32:30.456] [Node:0] [RPC_RECV] [Trace:CLIENT_0_1762162350456199000] 接收到日志命令:2787 isLeader:false term:124
2025/11/03 17:32:30 [17:32:30.465] [Node:0] [RPC_RECV] [Trace:CLIENT_0_1762162350465432000] 接收到日志命令:5395 isLeader:false term:124
2025/11/03 17:32:30 [17:32:30.474] [Node:0] [HEARTBEAT] [Trace:HB_0_124] Follower等心跳 status FOLLOWER term:124 commitIndex:24
2025/11/03 17:32:30 [17:32:30.493] [Node:0] [RPC_RECV] [Trace:ELEC_3_125][3->0] RequestVote 接受 term:125 candidateId:3 lastLogIndex:568 lastLogTerm:16 currentTerm:124 status:FOLLOWER
2025/11/03 17:32:30 [17:32:30.493] [Node:0] [INFO] [STATE_CHANGE] FOLLOWER->FOLLOWER term:124 reason:降级成follower
2025/11/03 17:32:30 [17:32:30.494] [Node:0] [RPC_RECV] [Trace:ELEC_3_125][3->0] 投票信息 votedFor:-1 lastLogTerm:102 lastLogIndex:61
2025/11/03 17:32:30 [17:32:30.494] [Node:0] [RPC_RECV] [Trace:ELEC_3_125][3->0] 投票失败兜底 candidate:3 term:125
2025/11/03 17:32:30 [17:32:30.494] [Node:0] [RPC_RECV] [Trace:ELEC_1_125][1->0] RequestVote 接受 term:125 candidateId:1 lastLogIndex:2 lastLogTerm:4 currentTerm:125 status:FOLLOWER
2025/11/03 17:32:30 [17:32:30.494] [Node:0] [RPC_RECV] [Trace:ELEC_1_125][1->0] 投票信息 votedFor:-1 lastLogTerm:102 lastLogIndex:61
2025/11/03 17:32:30 [17:32:30.494] [Node:0] [RPC_RECV] [Trace:ELEC_1_125][1->0] 投票失败兜底 candidate:1 term:125
2025/11/03 17:32:30 [17:32:30.503] [Node:0] [RPC_SEND] [Trace:ELEC_0_116] 处理投票返回 for term 116 reply:{116 true}
2025/11/03 17:32:30 [17:32:30.550] [Node:0] [INFO] [STATE_CHANGE] FOLLOWER->FOLLOWER term:125 reason:变成Candidate
2025/11/03 17:32:30 [17:32:30.550] [Node:0] [TIMER_EVENT] [Trace:TIMER_0] 超时选举 since:382.014166ms threshold:315.583897ms
2025/11/03 17:32:30 [17:32:30.550] [Node:0] [RPC_SEND] [Trace:ELEC_0_126] 发送选举请求
2025/11/03 17:32:30 [17:32:30.550] [Node:0] [RPC_SEND] [Trace:ELEC_0_126] 发送选举请求
2025/11/03 17:32:30 [17:32:30.550] [Node:0] [RPC_SEND] [Trace:ELEC_0_126] 发送选举请求
2025/11/03 17:32:30 [17:32:30.550] [Node:0] [RPC_SEND] [Trace:ELEC_0_126] 发送选举请求
2025/11/03 17:32:30 [17:32:30.570] [Node:0] [RPC_RECV] [Trace:CLIENT_0_1762162350570646000] 接收到日志命令:8486 isLeader:false term:126
2025/11/03 17:32:30 [17:32:30.574] [Node:0] [HEARTBEAT] [Trace:HB_0_126] Follower等心跳 status CANDIDATE term:126 commitIndex:24
2025/11/03 17:32:30 [17:32:30.625] [Node:0] [RPC_RECV] [Trace:CLIENT_0_1762162350625170000] 接收到日志命令:4436 isLeader:false term:126
2025/11/03 17:32:30 [17:32:30.643] [Node:0] [RPC_RECV] [Trace:CLIENT_0_1762162350643119000] 接收到日志命令:4098 isLeader:false term:126
2025/11/03 17:32:30 [17:32:30.653] [Node:0] [RPC_RECV] [Trace:CLIENT_0_1762162350653620000] 接收到日志命令:4777 isLeader:false term:126
2025/11/03 17:32:30 [17:32:30.662] [Node:0] [RPC_RECV] [Trace:CLIENT_0_1762162350662249000] 接收到日志命令:3951 isLeader:false term:126
2025/11/03 17:32:30 [17:32:30.670] [Node:0] [RPC_RECV] [Trace:CLIENT_0_1762162350670349000] 接收到日志命令:2234 isLeader:false term:126
2025/11/03 17:32:30 [17:32:30.674] [Node:0] [HEARTBEAT] [Trace:HB_0_126] Follower等心跳 status CANDIDATE term:126 commitIndex:24
2025/11/03 17:32:30 [17:32:30.678] [Node:0] [RPC_RECV] [Trace:CLIENT_0_1762162350678346000] 接收到日志命令:5426 isLeader:false term:126
2025/11/03 17:32:30 [17:32:30.682] [Node:0] [RPC_RECV] [Trace:CLIENT_0_1762162350682349000] 接收到日志命令:6731 isLeader:false term:126
2025/11/03 17:32:30 [17:32:30.688] [Node:0] [RPC_RECV] [Trace:CLIENT_0_1762162350688756000] 接收到日志命令:8208 isLeader:false term:126
2025/11/03 17:32:30 [17:32:30.693] [Node:0] [RPC_RECV] [Trace:CLIENT_0_1762162350693362000] 接收到日志命令:6473 isLeader:false term:126
2025/11/03 17:32:30 [17:32:30.697] [Node:0] [RPC_RECV] [Trace:CLIENT_0_1762162350697437000] 接收到日志命令:7319 isLeader:false term:126
2025/11/03 17:32:30 [17:32:30.701] [Node:0] [RPC_RECV] [Trace:CLIENT_0_1762162350701844000] 接收到日志命令:8360 isLeader:false term:126
2025/11/03 17:32:30 [17:32:30.705] [Node:0] [RPC_RECV] [Trace:CLIENT_0_1762162350705666000] 接收到日志命令:9221 isLeader:false term:126
2025/11/03 17:32:30 [17:32:30.709] [Node:0] [RPC_RECV] [Trace:CLIENT_0_1762162350709020000] 接收到日志命令:7533 isLeader:false term:126
2025/11/03 17:32:30 [17:32:30.712] [Node:0] [RPC_RECV] [Trace:CLIENT_0_1762162350712385000] 接收到日志命令:4944 isLeader:false term:126
2025/11/03 17:32:30 [17:32:30.726] [Node:0] [RPC_RECV] [Trace:CLIENT_0_1762162350726763000] 接收到日志命令:4752 isLeader:false term:126
2025/11/03 17:32:30 [17:32:30.733] [Node:0] [RPC_RECV] [Trace:CLIENT_0_1762162350733604000] 接收到日志命令:9191 isLeader:false term:126
2025/11/03 17:32:30 [17:32:30.749] [Node:0] [RPC_RECV] [Trace:CLIENT_0_1762162350749016000] 接收到日志命令:5154 isLeader:false term:126
2025/11/03 17:32:30 [17:32:30.758] [Node:0] [RPC_SEND] [Trace:ELEC_0_116] 处理投票返回 for term 116 reply:{116 true}
2025/11/03 17:32:30 [17:32:30.759] [Node:0] [RPC_RECV] [Trace:CLIENT_0_1762162350759498000] 接收到日志命令:8710 isLeader:false term:126
2025/11/03 17:32:30 [17:32:30.763] [Node:0] [RPC_SEND] [Trace:ELEC_0_121] 处理投票返回 for term 121 reply:{121 true}
2025/11/03 17:32:30 [17:32:30.772] [Node:0] [RPC_RECV] [Trace:CLIENT_0_1762162350772234000] 接收到日志命令:8292 isLeader:false term:126
2025/11/03 17:32:30 [17:32:30.775] [Node:0] [HEARTBEAT] [Trace:HB_0_126] Follower等心跳 status CANDIDATE term:126 commitIndex:24
2025/11/03 17:32:30 [17:32:30.788] [Node:0] [RPC_RECV] [Trace:CLIENT_0_1762162350788754000] 接收到日志命令:1181 isLeader:false term:126
2025/11/03 17:32:30 [17:32:30.802] [Node:0] [RPC_RECV] [Trace:CLIENT_0_1762162350802703000] 接收到日志命令:1379 isLeader:false term:126
2025/11/03 17:32:30 [17:32:30.806] [Node:0] [RPC_RECV] [Trace:CLIENT_0_1762162350806431000] 接收到日志命令:6396 isLeader:false term:126
2025/11/03 17:32:30 [17:32:30.809] [Node:0] [RPC_RECV] [Trace:CLIENT_0_1762162350809846000] 接收到日志命令:2283 isLeader:false term:126
2025/11/03 17:32:30 [17:32:30.819] [Node:0] [RPC_RECV] [Trace:ELEC_3_127][3->0] RequestVote 接受 term:127 candidateId:3 lastLogIndex:568 lastLogTerm:16 currentTerm:126 status:CANDIDATE
2025/11/03 17:32:30 [17:32:30.819] [Node:0] [INFO] [STATE_CHANGE] CANDIDATE->FOLLOWER term:126 reason:降级成follower
2025/11/03 17:32:30 [17:32:30.820] [Node:0] [RPC_RECV] [Trace:ELEC_3_127][3->0] 投票信息 votedFor:-1 lastLogTerm:102 lastLogIndex:61
2025/11/03 17:32:30 [17:32:30.820] [Node:0] [RPC_RECV] [Trace:ELEC_3_127][3->0] 投票失败兜底 candidate:3 term:127
2025/11/03 17:32:30 [17:32:30.820] [Node:0] [RPC_RECV] [Trace:CLIENT_0_1762162350820428000] 接收到日志命令:2714 isLeader:false term:127
2025/11/03 17:32:30 [17:32:30.829] [Node:0] [RPC_RECV] [Trace:CLIENT_0_1762162350829686000] 接收到日志命令:5837 isLeader:false term:127
2025/11/03 17:32:30 [17:32:30.830] [Node:0] [INFO] [STATE_CHANGE] FOLLOWER->FOLLOWER term:127 reason:变成Candidate
2025/11/03 17:32:30 [17:32:30.830] [Node:0] [TIMER_EVENT] [Trace:TIMER_0] 超时选举 since:280.56625ms threshold:240.795393ms
2025/11/03 17:32:30 [17:32:30.831] [Node:0] [RPC_SEND] [Trace:ELEC_0_128] 发送选举请求
2025/11/03 17:32:30 [17:32:30.831] [Node:0] [RPC_SEND] [Trace:ELEC_0_128] 发送选举请求
2025/11/03 17:32:30 [17:32:30.831] [Node:0] [RPC_SEND] [Trace:ELEC_0_128] 发送选举请求
2025/11/03 17:32:30 [17:32:30.831] [Node:0] [RPC_SEND] [Trace:ELEC_0_128] 发送选举请求
2025/11/03 17:32:30 [17:32:30.838] [Node:0] [RPC_RECV] [Trace:CLIENT_0_1762162350838358000] 接收到日志命令:8567 isLeader:false term:128
2025/11/03 17:32:30 [17:32:30.844] [Node:0] [RPC_SEND] [Trace:ELEC_0_128] 处理投票返回 for term 128 reply:{128 true}
2025/11/03 17:32:30 [17:32:30.875] [Node:0] [HEARTBEAT] [Trace:HB_0_128] Follower等心跳 status CANDIDATE term:128 commitIndex:24
2025/11/03 17:32:30 [17:32:30.975] [Node:0] [HEARTBEAT] [Trace:HB_0_128] Follower等心跳 status CANDIDATE term:128 commitIndex:24
2025/11/03 17:32:31 [17:32:31.076] [Node:0] [HEARTBEAT] [Trace:HB_0_128] Follower等心跳 status CANDIDATE term:128 commitIndex:24
2025/11/03 17:32:31 [17:32:31.107] [Node:0] [INFO] [STATE_CHANGE] CANDIDATE->FOLLOWER term:128 reason:变成Candidate
2025/11/03 17:32:31 [17:32:31.107] [Node:0] [TIMER_EVENT] [Trace:TIMER_0] 超时选举 since:276.651875ms threshold:215.173773ms
2025/11/03 17:32:31 [17:32:31.107] [Node:0] [RPC_SEND] [Trace:ELEC_0_129] 发送选举请求
2025/11/03 17:32:31 [17:32:31.107] [Node:0] [RPC_SEND] [Trace:ELEC_0_129] 发送选举请求
2025/11/03 17:32:31 [17:32:31.107] [Node:0] [RPC_SEND] [Trace:ELEC_0_129] 发送选举请求
2025/11/03 17:32:31 [17:32:31.107] [Node:0] [RPC_SEND] [Trace:ELEC_0_129] 发送选举请求
2025/11/03 17:32:31 [17:32:31.148] [Node:0] [RPC_SEND] [Trace:ELEC_0_123] 处理投票返回 for term 123 reply:{123 true}
2025/11/03 17:32:31 [17:32:31.165] [Node:0] [RPC_RECV] [Trace:CLIENT_0_1762162351165403000] 接收到日志命令:8235 isLeader:false term:129
2025/11/03 17:32:31 [17:32:31.173] [Node:0] [RPC_RECV] [Trace:ELEC_1_129][1->0] RequestVote 接受 term:129 candidateId:1 lastLogIndex:2 lastLogTerm:4 currentTerm:129 status:CANDIDATE
2025/11/03 17:32:31 [17:32:31.173] [Node:0] [RPC_RECV] [Trace:ELEC_1_129][1->0] 投票信息 votedFor:0 lastLogTerm:102 lastLogIndex:61
2025/11/03 17:32:31 [17:32:31.173] [Node:0] [RPC_RECV] [Trace:ELEC_1_129][1->0] 投票失败兜底 candidate:1 term:129
2025/11/03 17:32:31 [17:32:31.177] [Node:0] [HEARTBEAT] [Trace:HB_0_129] Follower等心跳 status CANDIDATE term:129 commitIndex:24
2025/11/03 17:32:31 [17:32:31.277] [Node:0] [HEARTBEAT] [Trace:HB_0_129] Follower等心跳 status CANDIDATE term:129 commitIndex:24
2025/11/03 17:32:31 [17:32:31.310] [Node:0] [RPC_SEND] [Trace:ELEC_0_126] 处理投票返回 for term 126 reply:{126 true}
2025/11/03 17:32:31 [17:32:31.341] [Node:0] [INFO] [STATE_CHANGE] CANDIDATE->FOLLOWER term:129 reason:变成Candidate
2025/11/03 17:32:31 [17:32:31.341] [Node:0] [TIMER_EVENT] [Trace:TIMER_0] 超时选举 since:233.716458ms threshold:227.576897ms
2025/11/03 17:32:31 [17:32:31.342] [Node:0] [RPC_SEND] [Trace:ELEC_0_130] 发送选举请求
2025/11/03 17:32:31 [17:32:31.342] [Node:0] [RPC_SEND] [Trace:ELEC_0_130] 发送选举请求
2025/11/03 17:32:31 [17:32:31.342] [Node:0] [RPC_SEND] [Trace:ELEC_0_130] 发送选举请求
2025/11/03 17:32:31 [17:32:31.342] [Node:0] [RPC_SEND] [Trace:ELEC_0_130] 发送选举请求
2025/11/03 17:32:31 [17:32:31.371] [Node:0] [RPC_SEND] [Trace:ELEC_0_130] 处理投票返回 for term 130 reply:{130 true}
2025/11/03 17:32:31 [17:32:31.375] [Node:0] [RPC_RECV] [Trace:CLIENT_0_1762162351375044000] 接收到日志命令:9957 isLeader:false term:130
2025/11/03 17:32:31 [17:32:31.378] [Node:0] [HEARTBEAT] [Trace:HB_0_130] Follower等心跳 status CANDIDATE term:130 commitIndex:24
2025/11/03 17:32:31 [17:32:31.393] [Node:0] [RPC_RECV] [Trace:CLIENT_0_1762162351393735000] 接收到日志命令:7773 isLeader:false term:130
2025/11/03 17:32:31 [17:32:31.403] [Node:0] [RPC_RECV] [Trace:CLIENT_0_1762162351403371000] 接收到日志命令:9461 isLeader:false term:130
2025/11/03 17:32:31 [17:32:31.409] [Node:0] [RPC_RECV] [Trace:CLIENT_0_1762162351409663000] 接收到日志命令:3937 isLeader:false term:130
2025/11/03 17:32:31 [17:32:31.414] [Node:0] [RPC_RECV] [Trace:CLIENT_0_1762162351414654000] 接收到日志命令:1228 isLeader:false term:130
2025/11/03 17:32:31 [17:32:31.460] [Node:0] [RPC_SEND] [Trace:ELEC_0_129] 处理投票返回 for term 129 reply:{129 true}
2025/11/03 17:32:31 [17:32:31.478] [Node:0] [HEARTBEAT] [Trace:HB_0_130] Follower等心跳 status CANDIDATE term:130 commitIndex:24
2025/11/03 17:32:31 [17:32:31.567] [Node:0] [RPC_RECV] [Trace:CLIENT_0_1762162351567956000] 接收到日志命令:1448 isLeader:false term:130
2025/11/03 17:32:31 [17:32:31.576] [Node:0] [RPC_RECV] [Trace:CLIENT_0_1762162351576233000] 接收到日志命令:1104 isLeader:false term:130
2025/11/03 17:32:31 [17:32:31.579] [Node:0] [HEARTBEAT] [Trace:HB_0_130] Follower等心跳 status CANDIDATE term:130 commitIndex:24
2025/11/03 17:32:31 [17:32:31.592] [Node:0] [RPC_RECV] [Trace:CLIENT_0_1762162351592602000] 接收到日志命令:9819 isLeader:false term:130
2025/11/03 17:32:31 [17:32:31.599] [Node:0] [RPC_RECV] [Trace:ELEC_1_131][1->0] RequestVote 接受 term:131 candidateId:1 lastLogIndex:2 lastLogTerm:4 currentTerm:130 status:CANDIDATE
2025/11/03 17:32:31 [17:32:31.599] [Node:0] [INFO] [STATE_CHANGE] CANDIDATE->FOLLOWER term:130 reason:降级成follower
2025/11/03 17:32:31 [17:32:31.600] [Node:0] [RPC_RECV] [Trace:ELEC_1_131][1->0] 投票信息 votedFor:-1 lastLogTerm:102 lastLogIndex:61
2025/11/03 17:32:31 [17:32:31.600] [Node:0] [RPC_RECV] [Trace:ELEC_1_131][1->0] 投票失败兜底 candidate:1 term:131
2025/11/03 17:32:31 [17:32:31.603] [Node:0] [RPC_RECV] [Trace:CLIENT_0_1762162351603459000] 接收到日志命令:6822 isLeader:false term:131
2025/11/03 17:32:31 [17:32:31.614] [Node:0] [RPC_RECV] [Trace:ELEC_3_131][3->0] RequestVote 接受 term:131 candidateId:3 lastLogIndex:568 lastLogTerm:16 currentTerm:131 status:FOLLOWER
2025/11/03 17:32:31 [17:32:31.614] [Node:0] [RPC_RECV] [Trace:ELEC_3_131][3->0] 投票信息 votedFor:-1 lastLogTerm:102 lastLogIndex:61
2025/11/03 17:32:31 [17:32:31.614] [Node:0] [RPC_RECV] [Trace:ELEC_3_131][3->0] 投票失败兜底 candidate:3 term:131
2025/11/03 17:32:31 [17:32:31.617] [Node:0] [RPC_RECV] [Trace:CLIENT_0_1762162351617418000] 接收到日志命令:6978 isLeader:false term:131
2025/11/03 17:32:31 [17:32:31.620] [Node:0] [INFO] [STATE_CHANGE] FOLLOWER->FOLLOWER term:131 reason:变成Candidate
2025/11/03 17:32:31 [17:32:31.620] [Node:0] [TIMER_EVENT] [Trace:TIMER_0] 超时选举 since:278.583625ms threshold:266.88886ms
2025/11/03 17:32:31 [17:32:31.620] [Node:0] [RPC_SEND] [Trace:ELEC_0_132] 发送选举请求
2025/11/03 17:32:31 [17:32:31.620] [Node:0] [RPC_SEND] [Trace:ELEC_0_132] 发送选举请求
2025/11/03 17:32:31 [17:32:31.620] [Node:0] [RPC_SEND] [Trace:ELEC_0_132] 发送选举请求
2025/11/03 17:32:31 [17:32:31.620] [Node:0] [RPC_SEND] [Trace:ELEC_0_132] 发送选举请求
2025/11/03 17:32:31 [17:32:31.627] [Node:0] [RPC_RECV] [Trace:CLIENT_0_1762162351627458000] 接收到日志命令:8201 isLeader:false term:132
2025/11/03 17:32:31 [17:32:31.632] [Node:0] [RPC_SEND] [Trace:ELEC_0_132] 处理投票返回 for term 132 reply:{132 true}
2025/11/03 17:32:31 [17:32:31.639] [Node:0] [RPC_SEND] [Trace:ELEC_0_132] 处理投票返回 for term 132 reply:{132 true}
2025/11/03 17:32:31 [17:32:31.639] [Node:0] [INFO] [STATE_CHANGE] CANDIDATE->LEADER term:132 reason:成为Leader
2025/11/03 17:32:31 [17:32:31.645] [Node:0] [RPC_RECV] [Trace:CLIENT_0_1762162351645263000] 接收到日志命令:3684 isLeader:true term:132
2025/11/03 17:32:31 [17:32:31.653] [Node:0] [RPC_RECV] [Trace:CLIENT_0_1762162351653053000] 接收到日志命令:6875 isLeader:true term:132
2025/11/03 17:32:31 [17:32:31.665] [Node:0] [RPC_RECV] [Trace:CLIENT_0_1762162351665295000] 接收到日志命令:439 isLeader:true term:132
2025/11/03 17:32:31 [17:32:31.678] [Node:0] [RPC_RECV] [Trace:CLIENT_0_1762162351678239000] 接收到日志命令:5857 isLeader:true term:132
2025/11/03 17:32:31 [17:32:31.679] [Node:0] [HEARTBEAT] [Trace:HB_0_132] 开始发送心跳广播 status LEADER term:132 commitIndex:24
2025/11/03 17:32:31 [17:32:31.688] [Node:0] [RPC_RECV] [Trace:CLIENT_0_1762162351688279000] 接收到日志命令:6509 isLeader:true term:132
2025/11/03 17:32:31 [17:32:31.695] [Node:0] [RPC_RECV] [Trace:CLIENT_0_1762162351695499000] 接收到日志命令:9502 isLeader:true term:132
2025/11/03 17:32:31 [17:32:31.701] [Node:0] [RPC_RECV] [Trace:CLIENT_0_1762162351701663000] 接收到日志命令:3617 isLeader:true term:132
2025/11/03 17:32:31 [17:32:31.706] [Node:0] [RPC_RECV] [Trace:CLIENT_0_1762162351706830000] 接收到日志命令:2332 isLeader:true term:132
2025/11/03 17:32:31 [17:32:31.715] [Node:0] [RPC_RECV] [Trace:CLIENT_0_1762162351715974000] 接收到日志命令:30 isLeader:true term:132
2025/11/03 17:32:31 [17:32:31.753] [Node:0] [RPC_SEND] [Trace:ELEC_0_130] 处理投票返回 for term 130 reply:{130 true}
2025/11/03 17:32:31 [17:32:31.779] [Node:0] [HEARTBEAT] [Trace:HB_0_132] 开始发送心跳广播 status LEADER term:132 commitIndex:24
2025/11/03 17:32:31 [17:32:31.863] [Node:0] [RPC_SEND] [Trace:ELEC_0_128] 处理投票返回 for term 128 reply:{128 true}
2025/11/03 17:32:31 [17:32:31.880] [Node:0] [HEARTBEAT] [Trace:HB_0_132] 开始发送心跳广播 status LEADER term:132 commitIndex:24
2025/11/03 17:32:31 [17:32:31.981] [Node:0] [HEARTBEAT] [Trace:HB_0_132] 开始发送心跳广播 status LEADER term:132 commitIndex:24
2025/11/03 17:32:32 [17:32:32.025] [Node:0] [RPC_RECV] [Trace:CLIENT_0_1762162352025041000] 接收到日志命令:1948 isLeader:true term:132
2025/11/03 17:32:32 [17:32:32.031] [Node:0] [RPC_RECV] [Trace:CLIENT_0_1762162352031353000] 接收到日志命令:9082 isLeader:true term:132
2025/11/03 17:32:32 [17:32:32.042] [Node:0] [RPC_RECV] [Trace:CLIENT_0_1762162352042916000] 接收到日志命令:4053 isLeader:true term:132
2025/11/03 17:32:32 [17:32:32.048] [Node:0] [RPC_RECV] [Trace:CLIENT_0_1762162352048845000] 接收到日志命令:3892 isLeader:true term:132
2025/11/03 17:32:32 [17:32:32.085] [Node:0] [HEARTBEAT] [Trace:HB_0_132] 开始发送心跳广播 status LEADER term:132 commitIndex:24
2025/11/03 17:32:32 [17:32:32.150] [Node:0] [RPC_RECV] [Trace:CLIENT_0_1762162352150565000] 接收到日志命令:6050 isLeader:true term:132
2025/11/03 17:32:32 [17:32:32.162] [Node:0] [RPC_RECV] [Trace:CLIENT_0_1762162352162530000] 接收到日志命令:3442 isLeader:true term:132
2025/11/03 17:32:32 [17:32:32.173] [Node:0] [RPC_RECV] [Trace:CLIENT_0_1762162352173471000] 接收到日志命令:2387 isLeader:true term:132
2025/11/03 17:32:32 [17:32:32.185] [Node:0] [RPC_RECV] [Trace:CLIENT_0_1762162352185612000] 接收到日志命令:7449 isLeader:true term:132
2025/11/03 17:32:32 [17:32:32.186] [Node:0] [HEARTBEAT] [Trace:HB_0_132] 开始发送心跳广播 status LEADER term:132 commitIndex:24
2025/11/03 17:32:32 [17:32:32.188] [Node:0] [RPC_SEND] [Trace:ELEC_0_126] 处理投票返回 for term 126 reply:{126 true}
2025/11/03 17:32:32 [17:32:32.199] [Node:0] [RPC_RECV] [Trace:CLIENT_0_1762162352199925000] 接收到日志命令:6477 isLeader:true term:132
2025/11/03 17:32:32 [17:32:32.208] [Node:0] [RPC_RECV] [Trace:CLIENT_0_1762162352208935000] 接收到日志命令:1195 isLeader:true term:132
2025/11/03 17:32:32 [17:32:32.217] [Node:0] [RPC_RECV] [Trace:CLIENT_0_1762162352217169000] 接收到日志命令:4824 isLeader:true term:132
2025/11/03 17:32:32 [17:32:32.223] [Node:0] [RPC_RECV] [Trace:CLIENT_0_1762162352223026000] 接收到日志命令:3490 isLeader:true term:132
2025/11/03 17:32:32 [17:32:32.229] [Node:0] [RPC_RECV] [Trace:CLIENT_0_1762162352229811000] 接收到日志命令:819 isLeader:true term:132
2025/11/03 17:32:32 [17:32:32.286] [Node:0] [HEARTBEAT] [Trace:HB_0_132] 开始发送心跳广播 status LEADER term:132 commitIndex:24
2025/11/03 17:32:32 [17:32:32.387] [Node:0] [HEARTBEAT] [Trace:HB_0_132] 开始发送心跳广播 status LEADER term:132 commitIndex:24
2025/11/03 17:32:32 [17:32:32.489] [Node:0] [HEARTBEAT] [Trace:HB_0_132] 开始发送心跳广播 status LEADER term:132 commitIndex:24
2025/11/03 17:32:32 [17:32:32.494] [Node:0] [RPC_RECV] [Trace:CLIENT_0_1762162352494450000] 接收到日志命令:7845 isLeader:true term:132
2025/11/03 17:32:32 [17:32:32.507] [Node:0] [RPC_RECV] [Trace:CLIENT_0_1762162352507188000] 接收到日志命令:5910 isLeader:true term:132
2025/11/03 17:32:32 [17:32:32.590] [Node:0] [HEARTBEAT] [Trace:HB_0_132] 开始发送心跳广播 status LEADER term:132 commitIndex:24
2025/11/03 17:32:32 [17:32:32.691] [Node:0] [HEARTBEAT] [Trace:HB_0_132] 开始发送心跳广播 status LEADER term:132 commitIndex:24
2025/11/03 17:32:32 [17:32:32.719] [Node:0] [INFO] [STATE_CHANGE] LEADER->FOLLOWER term:132 reason:降级成follower
2025/11/03 17:32:32 [17:32:32.792] [Node:0] [HEARTBEAT] [Trace:HB_0_134] Follower等心跳 status FOLLOWER term:134 commitIndex:24
2025/11/03 17:32:32 [17:32:32.829] [Node:0] [INFO] [STATE_CHANGE] FOLLOWER->FOLLOWER term:134 reason:降级成follower
2025/11/03 17:32:32 [17:32:32.894] [Node:0] [HEARTBEAT] [Trace:HB_0_134] Follower等心跳 status FOLLOWER term:134 commitIndex:24
2025/11/03 17:32:32 [17:32:32.906] [Node:0] [INFO] [STATE_CHANGE] FOLLOWER->FOLLOWER term:134 reason:变成Candidate
2025/11/03 17:32:32 [17:32:32.906] [Node:0] [TIMER_EVENT] [Trace:TIMER_0] 超时选举 since:214.719834ms threshold:209.310645ms
2025/11/03 17:32:32 [17:32:32.906] [Node:0] [RPC_SEND] [Trace:ELEC_0_135] 发送选举请求
2025/11/03 17:32:32 [17:32:32.907] [Node:0] [RPC_SEND] [Trace:ELEC_0_135] 发送选举请求
2025/11/03 17:32:32 [17:32:32.907] [Node:0] [RPC_SEND] [Trace:ELEC_0_135] 发送选举请求
2025/11/03 17:32:32 [17:32:32.907] [Node:0] [RPC_SEND] [Trace:ELEC_0_135] 发送选举请求
2025/11/03 17:32:32 [17:32:32.997] [Node:0] [RPC_RECV] [Trace:CLIENT_0_1762162352997239000] 接收到日志命令:2760 isLeader:false term:135
2025/11/03 17:32:32 [17:32:32.997] [Node:0] [HEARTBEAT] [Trace:HB_0_135] Follower等心跳 status CANDIDATE term:135 commitIndex:24
2025/11/03 17:32:33 [17:32:33.010] [Node:0] [RPC_RECV] [Trace:CLIENT_0_1762162353010774000] 接收到日志命令:7047 isLeader:false term:135
2025/11/03 17:32:33 [17:32:33.017] [Node:0] [RPC_RECV] [Trace:CLIENT_0_1762162353017934000] 接收到日志命令:5694 isLeader:false term:135
2025/11/03 17:32:33 [17:32:33.029] [Node:0] [RPC_RECV] [Trace:CLIENT_0_1762162353029676000] 接收到日志命令:3133 isLeader:false term:135
2025/11/03 17:32:33 [17:32:33.042] [Node:0] [RPC_RECV] [Trace:CLIENT_0_1762162353042085000] 接收到日志命令:2421 isLeader:false term:135
2025/11/03 17:32:33 [17:32:33.051] [Node:0] [RPC_RECV] [Trace:CLIENT_0_1762162353051777000] 接收到日志命令:9511 isLeader:false term:135
2025/11/03 17:32:33 [17:32:33.061] [Node:0] [RPC_RECV] [Trace:CLIENT_0_1762162353061545000] 接收到日志命令:7767 isLeader:false term:135
2025/11/03 17:32:33 [17:32:33.098] [Node:0] [HEARTBEAT] [Trace:HB_0_135] Follower等心跳 status CANDIDATE term:135 commitIndex:24
2025/11/03 17:32:33 [17:32:33.199] [Node:0] [HEARTBEAT] [Trace:HB_0_135] Follower等心跳 status CANDIDATE term:135 commitIndex:24
2025/11/03 17:32:33 [17:32:33.217] [Node:0] [INFO] [STATE_CHANGE] CANDIDATE->FOLLOWER term:135 reason:变成Candidate
2025/11/03 17:32:33 [17:32:33.217] [Node:0] [TIMER_EVENT] [Trace:TIMER_0] 超时选举 since:310.197791ms threshold:240.56688ms
2025/11/03 17:32:33 [17:32:33.217] [Node:0] [RPC_SEND] [Trace:ELEC_0_136] 发送选举请求
2025/11/03 17:32:33 [17:32:33.217] [Node:0] [RPC_SEND] [Trace:ELEC_0_136] 发送选举请求
2025/11/03 17:32:33 [17:32:33.217] [Node:0] [RPC_SEND] [Trace:ELEC_0_136] 发送选举请求
2025/11/03 17:32:33 [17:32:33.217] [Node:0] [RPC_SEND] [Trace:ELEC_0_136] 发送选举请求
2025/11/03 17:32:33 [17:32:33.300] [Node:0] [HEARTBEAT] [Trace:HB_0_136] Follower等心跳 status CANDIDATE term:136 commitIndex:24
2025/11/03 17:32:33 [17:32:33.401] [Node:0] [HEARTBEAT] [Trace:HB_0_136] Follower等心跳 status CANDIDATE term:136 commitIndex:24
2025/11/03 17:32:33 [17:32:33.411] [Node:0] [RPC_SEND] [Trace:ELEC_0_135] 处理投票返回 for term 135 reply:{135 true}
2025/11/03 17:32:33 [17:32:33.434] [Node:0] [RPC_RECV] [Trace:CLIENT_0_1762162353434805000] 接收到日志命令:3023 isLeader:false term:136
2025/11/03 17:32:33 [17:32:33.439] [Node:0] [RPC_RECV] [Trace:CLIENT_0_1762162353439205000] 接收到日志命令:4430 isLeader:false term:136
2025/11/03 17:32:33 [17:32:33.452] [Node:0] [RPC_RECV] [Trace:CLIENT_0_1762162353452509000] 接收到日志命令:187 isLeader:false term:136
2025/11/03 17:32:33 [17:32:33.468] [Node:0] [RPC_RECV] [Trace:CLIENT_0_1762162353468672000] 接收到日志命令:5320 isLeader:false term:136
2025/11/03 17:32:33 [17:32:33.479] [Node:0] [RPC_RECV] [Trace:CLIENT_0_1762162353479693000] 接收到日志命令:7172 isLeader:false term:136
2025/11/03 17:32:33 [17:32:33.502] [Node:0] [HEARTBEAT] [Trace:HB_0_136] Follower等心跳 status CANDIDATE term:136 commitIndex:24
2025/11/03 17:32:33 [17:32:33.504] [Node:0] [RPC_RECV] [Trace:CLIENT_0_1762162353504327000] 接收到日志命令:3313 isLeader:false term:136
2025/11/03 17:32:33 [17:32:33.515] [Node:0] [RPC_RECV] [Trace:CLIENT_0_1762162353515080000] 接收到日志命令:4523 isLeader:false term:136
2025/11/03 17:32:33 [17:32:33.517] [Node:0] [RPC_RECV] [Trace:CLIENT_0_1762162353517374000] 接收到日志命令:8991 isLeader:false term:136
2025/11/03 17:32:33 [17:32:33.525] [Node:0] [RPC_RECV] [Trace:CLIENT_0_1762162353525784000] 接收到日志命令:6809 isLeader:false term:136
2025/11/03 17:32:33 [17:32:33.530] [Node:0] [RPC_RECV] [Trace:CLIENT_0_1762162353530240000] 接收到日志命令:4411 isLeader:false term:136
2025/11/03 17:32:33 [17:32:33.543] [Node:0] [RPC_RECV] [Trace:CLIENT_0_1762162353543509000] 接收到日志命令:8773 isLeader:false term:136
2025/11/03 17:32:33 [17:32:33.553] [Node:0] [RPC_RECV] [Trace:CLIENT_0_1762162353553611000] 接收到日志命令:7481 isLeader:false term:136
2025/11/03 17:32:33 [17:32:33.557] [Node:0] [RPC_RECV] [Trace:CLIENT_0_1762162353557737000] 接收到日志命令:8255 isLeader:false term:136
2025/11/03 17:32:33 [17:32:33.563] [Node:0] [RPC_RECV] [Trace:CLIENT_0_1762162353563073000] 接收到日志命令:3538 isLeader:false term:136
2025/11/03 17:32:33 [17:32:33.569] [Node:0] [RPC_RECV] [Trace:CLIENT_0_1762162353569538000] 接收到日志命令:2993 isLeader:false term:136
2025/11/03 17:32:33 [17:32:33.572] [Node:0] [RPC_RECV] [Trace:CLIENT_0_1762162353572656000] 接收到日志命令:2203 isLeader:false term:136
2025/11/03 17:32:33 [17:32:33.573] [Node:0] [INFO] [STATE_CHANGE] CANDIDATE->FOLLOWER term:136 reason:变成Candidate
2025/11/03 17:32:33 [17:32:33.573] [Node:0] [TIMER_EVENT] [Trace:TIMER_0] 超时选举 since:356.636959ms threshold:279.653885ms
2025/11/03 17:32:33 [17:32:33.573] [Node:0] [RPC_SEND] [Trace:ELEC_0_137] 发送选举请求
2025/11/03 17:32:33 [17:32:33.574] [Node:0] [RPC_SEND] [Trace:ELEC_0_137] 发送选举请求
2025/11/03 17:32:33 [17:32:33.574] [Node:0] [RPC_SEND] [Trace:ELEC_0_137] 发送选举请求
2025/11/03 17:32:33 [17:32:33.574] [Node:0] [RPC_SEND] [Trace:ELEC_0_137] 发送选举请求
2025/11/03 17:32:33 [17:32:33.574] [Node:0] [RPC_SEND] [Trace:ELEC_0_135] 处理投票返回 for term 135 reply:{135 true}
2025/11/03 17:32:33 [17:32:33.575] [Node:0] [RPC_RECV] [Trace:CLIENT_0_1762162353575474000] 接收到日志命令:8469 isLeader:false term:137
2025/11/03 17:32:33 [17:32:33.582] [Node:0] [RPC_RECV] [Trace:CLIENT_0_1762162353582584000] 接收到日志命令:5923 isLeader:false term:137
2025/11/03 17:32:33 [17:32:33.596] [Node:0] [RPC_RECV] [Trace:CLIENT_0_1762162353596633000] 接收到日志命令:465 isLeader:false term:137
2025/11/03 17:32:33 [17:32:33.602] [Node:0] [HEARTBEAT] [Trace:HB_0_137] Follower等心跳 status CANDIDATE term:137 commitIndex:24
2025/11/03 17:32:33 [17:32:33.604] [Node:0] [RPC_RECV] [Trace:CLIENT_0_1762162353604576000] 接收到日志命令:1734 isLeader:false term:137
2025/11/03 17:32:33 [17:32:33.612] [Node:0] [RPC_RECV] [Trace:CLIENT_0_1762162353612453000] 接收到日志命令:9972 isLeader:false term:137
2025/11/03 17:32:33 [17:32:33.620] [Node:0] [RPC_RECV] [Trace:CLIENT_0_1762162353620362000] 接收到日志命令:3135 isLeader:false term:137
2025/11/03 17:32:33 [17:32:33.630] [Node:0] [RPC_RECV] [Trace:CLIENT_0_1762162353630470000] 接收到日志命令:7873 isLeader:false term:137
2025/11/03 17:32:33 [17:32:33.638] [Node:0] [RPC_RECV] [Trace:CLIENT_0_1762162353638759000] 接收到日志命令:5487 isLeader:false term:137
2025/11/03 17:32:33 [17:32:33.642] [Node:0] [RPC_RECV] [Trace:CLIENT_0_1762162353642787000] 接收到日志命令:5582 isLeader:false term:137
2025/11/03 17:32:33 [17:32:33.655] [Node:0] [RPC_RECV] [Trace:CLIENT_0_1762162353655622000] 接收到日志命令:253 isLeader:false term:137
2025/11/03 17:32:33 [17:32:33.665] [Node:0] [RPC_RECV] [Trace:CLIENT_0_1762162353665433000] 接收到日志命令:9981 isLeader:false term:137
2025/11/03 17:32:33 [17:32:33.672] [Node:0] [RPC_RECV] [Trace:CLIENT_0_1762162353672008000] 接收到日志命令:4935 isLeader:false term:137
2025/11/03 17:32:33 [17:32:33.679] [Node:0] [RPC_RECV] [Trace:CLIENT_0_1762162353679309000] 接收到日志命令:7227 isLeader:false term:137
2025/11/03 17:32:33 [17:32:33.689] [Node:0] [RPC_RECV] [Trace:CLIENT_0_1762162353689176000] 接收到日志命令:7287 isLeader:false term:137
2025/11/03 17:32:33 [17:32:33.703] [Node:0] [HEARTBEAT] [Trace:HB_0_137] Follower等心跳 status CANDIDATE term:137 commitIndex:24
2025/11/03 17:32:33 [17:32:33.703] [Node:0] [RPC_RECV] [Trace:CLIENT_0_1762162353703740000] 接收到日志命令:9283 isLeader:false term:137
2025/11/03 17:32:33 [17:32:33.716] [Node:0] [RPC_RECV] [Trace:CLIENT_0_1762162353716231000] 接收到日志命令:8173 isLeader:false term:137
2025/11/03 17:32:33 [17:32:33.725] [Node:0] [RPC_RECV] [Trace:CLIENT_0_1762162353725893000] 接收到日志命令:6713 isLeader:false term:137
2025/11/03 17:32:33 [17:32:33.727] [Node:0] [RPC_RECV] [Trace:CLIENT_0_1762162353727742000] 接收到日志命令:8352 isLeader:false term:137
2025/11/03 17:32:33 [17:32:33.733] [Node:0] [RPC_RECV] [Trace:CLIENT_0_1762162353733631000] 接收到日志命令:1007 isLeader:false term:137
2025/11/03 17:32:33 [17:32:33.742] [Node:0] [RPC_RECV] [Trace:CLIENT_0_1762162353742895000] 接收到日志命令:3627 isLeader:false term:137
2025/11/03 17:32:33 [17:32:33.803] [Node:0] [HEARTBEAT] [Trace:HB_0_137] Follower等心跳 status CANDIDATE term:137 commitIndex:24
2025/11/03 17:32:33 [17:32:33.813] [Node:0] [INFO] [STATE_CHANGE] CANDIDATE->FOLLOWER term:137 reason:变成Candidate
2025/11/03 17:32:33 [17:32:33.813] [Node:0] [TIMER_EVENT] [Trace:TIMER_0] 超时选举 since:239.603291ms threshold:204.74337ms
2025/11/03 17:32:33 [17:32:33.813] [Node:0] [RPC_SEND] [Trace:ELEC_0_138] 发送选举请求
2025/11/03 17:32:33 [17:32:33.813] [Node:0] [RPC_SEND] [Trace:ELEC_0_138] 发送选举请求
2025/11/03 17:32:33 [17:32:33.814] [Node:0] [RPC_SEND] [Trace:ELEC_0_138] 发送选举请求
2025/11/03 17:32:33 [17:32:33.814] [Node:0] [RPC_SEND] [Trace:ELEC_0_138] 发送选举请求
2025/11/03 17:32:33 [17:32:33.908] [Node:0] [HEARTBEAT] [Trace:HB_0_138] Follower等心跳 status CANDIDATE term:138 commitIndex:24
2025/11/03 17:32:34 [17:32:34.018] [Node:0] [HEARTBEAT] [Trace:HB_0_138] Follower等心跳 status CANDIDATE term:138 commitIndex:24
2025/11/03 17:32:34 [17:32:34.061] [Node:0] [INFO] [STATE_CHANGE] CANDIDATE->FOLLOWER term:138 reason:变成Candidate
2025/11/03 17:32:34 [17:32:34.061] [Node:0] [TIMER_EVENT] [Trace:TIMER_0] 超时选举 since:247.760875ms threshold:219.804357ms
2025/11/03 17:32:34 [17:32:34.061] [Node:0] [RPC_SEND] [Trace:ELEC_0_139] 发送选举请求
2025/11/03 17:32:34 [17:32:34.061] [Node:0] [RPC_SEND] [Trace:ELEC_0_139] 发送选举请求
2025/11/03 17:32:34 [17:32:34.061] [Node:0] [RPC_SEND] [Trace:ELEC_0_139] 发送选举请求
2025/11/03 17:32:34 [17:32:34.061] [Node:0] [RPC_SEND] [Trace:ELEC_0_139] 发送选举请求
2025/11/03 17:32:34 [17:32:34.119] [Node:0] [HEARTBEAT] [Trace:HB_0_139] Follower等心跳 status CANDIDATE term:139 commitIndex:24
2025/11/03 17:32:34 [17:32:34.213] [Node:0] [RPC_RECV] [Trace:CLIENT_0_1762162354212964000] 接收到日志命令:1550 isLeader:false term:139
2025/11/03 17:32:34 [17:32:34.220] [Node:0] [HEARTBEAT] [Trace:HB_0_139] Follower等心跳 status CANDIDATE term:139 commitIndex:24
2025/11/03 17:32:34 [17:32:34.234] [Node:0] [RPC_RECV] [Trace:CLIENT_0_1762162354234661000] 接收到日志命令:6304 isLeader:false term:139
2025/11/03 17:32:34 [17:32:34.249] [Node:0] [RPC_RECV] [Trace:CLIENT_0_1762162354249846000] 接收到日志命令:7134 isLeader:false term:139
2025/11/03 17:32:34 [17:32:34.269] [Node:0] [RPC_RECV] [Trace:CLIENT_0_1762162354269381000] 接收到日志命令:7286 isLeader:false term:139
2025/11/03 17:32:34 [17:32:34.284] [Node:0] [RPC_RECV] [Trace:CLIENT_0_1762162354284757000] 接收到日志命令:4307 isLeader:false term:139
2025/11/03 17:32:34 [17:32:34.320] [Node:0] [HEARTBEAT] [Trace:HB_0_139] Follower等心跳 status CANDIDATE term:139 commitIndex:24
2025/11/03 17:32:34 [17:32:34.421] [Node:0] [HEARTBEAT] [Trace:HB_0_139] Follower等心跳 status CANDIDATE term:139 commitIndex:24
2025/11/03 17:32:34 [17:32:34.437] [Node:0] [INFO] [STATE_CHANGE] CANDIDATE->FOLLOWER term:139 reason:变成Candidate
2025/11/03 17:32:34 [17:32:34.437] [Node:0] [TIMER_EVENT] [Trace:TIMER_0] 超时选举 since:375.637042ms threshold:287.608392ms
2025/11/03 17:32:34 [17:32:34.437] [Node:0] [RPC_SEND] [Trace:ELEC_0_140] 发送选举请求
2025/11/03 17:32:34 [17:32:34.437] [Node:0] [RPC_SEND] [Trace:ELEC_0_140] 发送选举请求
2025/11/03 17:32:34 [17:32:34.437] [Node:0] [RPC_SEND] [Trace:ELEC_0_140] 发送选举请求
2025/11/03 17:32:34 [17:32:34.437] [Node:0] [RPC_SEND] [Trace:ELEC_0_140] 发送选举请求
2025/11/03 17:32:34 [17:32:34.461] [Node:0] [RPC_RECV] [Trace:CLIENT_0_1762162354461160000] 接收到日志命令:2190 isLeader:false term:140
2025/11/03 17:32:34 [17:32:34.522] [Node:0] [HEARTBEAT] [Trace:HB_0_140] Follower等心跳 status CANDIDATE term:140 commitIndex:24
2025/11/03 17:32:34 [17:32:34.623] [Node:0] [HEARTBEAT] [Trace:HB_0_140] Follower等心跳 status CANDIDATE term:140 commitIndex:24
2025/11/03 17:32:34 [17:32:34.673] [Node:0] [INFO] [STATE_CHANGE] CANDIDATE->FOLLOWER term:140 reason:变成Candidate
2025/11/03 17:32:34 [17:32:34.673] [Node:0] [TIMER_EVENT] [Trace:TIMER_0] 超时选举 since:236.32825ms threshold:224.186048ms
2025/11/03 17:32:34 [17:32:34.674] [Node:0] [RPC_SEND] [Trace:ELEC_0_141] 发送选举请求
2025/11/03 17:32:34 [17:32:34.674] [Node:0] [RPC_SEND] [Trace:ELEC_0_141] 发送选举请求
2025/11/03 17:32:34 [17:32:34.674] [Node:0] [RPC_SEND] [Trace:ELEC_0_141] 发送选举请求
2025/11/03 17:32:34 [17:32:34.675] [Node:0] [RPC_SEND] [Trace:ELEC_0_141] 发送选举请求
2025/11/03 17:32:34 [17:32:34.727] [Node:0] [HEARTBEAT] [Trace:HB_0_141] Follower等心跳 status CANDIDATE term:141 commitIndex:24
2025/11/03 17:32:34 [17:32:34.837] [Node:0] [HEARTBEAT] [Trace:HB_0_141] Follower等心跳 status CANDIDATE term:141 commitIndex:24
2025/11/03 17:32:34 [17:32:34.938] [Node:0] [HEARTBEAT] [Trace:HB_0_141] Follower等心跳 status CANDIDATE term:141 commitIndex:24
2025/11/03 17:32:34 [17:32:34.949] [Node:0] [RPC_RECV] [Trace:CLIENT_0_1762162354949652000] 接收到日志命令:2598 isLeader:false term:141
2025/11/03 17:32:34 [17:32:34.958] [Node:0] [RPC_RECV] [Trace:CLIENT_0_1762162354958388000] 接收到日志命令:1478 isLeader:false term:141
2025/11/03 17:32:34 [17:32:34.965] [Node:0] [INFO] [STATE_CHANGE] CANDIDATE->FOLLOWER term:141 reason:变成Candidate
2025/11/03 17:32:34 [17:32:34.965] [Node:0] [TIMER_EVENT] [Trace:TIMER_0] 超时选举 since:291.443541ms threshold:247.484973ms
2025/11/03 17:32:34 [17:32:34.965] [Node:0] [RPC_SEND] [Trace:ELEC_0_142] 发送选举请求
2025/11/03 17:32:34 [17:32:34.965] [Node:0] [RPC_SEND] [Trace:ELEC_0_142] 发送选举请求
2025/11/03 17:32:34 [17:32:34.965] [Node:0] [RPC_SEND] [Trace:ELEC_0_142] 发送选举请求
2025/11/03 17:32:34 [17:32:34.965] [Node:0] [RPC_SEND] [Trace:ELEC_0_142] 发送选举请求
2025/11/03 17:32:34 [17:32:34.969] [Node:0] [RPC_RECV] [Trace:CLIENT_0_1762162354969716000] 接收到日志命令:5759 isLeader:false term:142
2025/11/03 17:32:34 [17:32:34.976] [Node:0] [RPC_RECV] [Trace:CLIENT_0_1762162354976335000] 接收到日志命令:763 isLeader:false term:142
2025/11/03 17:32:34 [17:32:34.987] [Node:0] [RPC_RECV] [Trace:CLIENT_0_1762162354987081000] 接收到日志命令:7444 isLeader:false term:142
2025/11/03 17:32:34 [17:32:34.998] [Node:0] [RPC_RECV] [Trace:CLIENT_0_1762162354998105000] 接收到日志命令:1531 isLeader:false term:142
2025/11/03 17:32:35 [17:32:35.014] [Node:0] [RPC_RECV] [Trace:CLIENT_0_1762162355014360000] 接收到日志命令:5433 isLeader:false term:142
2025/11/03 17:32:35 [17:32:35.043] [Node:0] [HEARTBEAT] [Trace:HB_0_142] Follower等心跳 status CANDIDATE term:142 commitIndex:24
2025/11/03 17:32:35 [17:32:35.147] [Node:0] [HEARTBEAT] [Trace:HB_0_142] Follower等心跳 status CANDIDATE term:142 commitIndex:24
2025/11/03 17:32:35 [17:32:35.154] [Node:0] [RPC_RECV] [Trace:ELEC_3_145][3->0] RequestVote 接受 term:145 candidateId:3 lastLogIndex:263 lastLogTerm:141 currentTerm:142 status:CANDIDATE
2025/11/03 17:32:35 [17:32:35.155] [Node:0] [INFO] [STATE_CHANGE] CANDIDATE->FOLLOWER term:142 reason:降级成follower
2025/11/03 17:32:35 [17:32:35.156] [Node:0] [RPC_RECV] [Trace:ELEC_3_145][3->0] 投票信息 votedFor:-1 lastLogTerm:132 lastLogIndex:85
2025/11/03 17:32:35 [17:32:35.156] [Node:0] [RPC_RECV] [Trace:ELEC_3_145][3->0] 投票给 candidate:3 term:145
2025/11/03 17:32:35 [17:32:35.250] [Node:0] [HEARTBEAT] [Trace:HB_0_145] Follower等心跳 status FOLLOWER term:145 commitIndex:24
2025/11/03 17:32:35 [17:32:35.250] [Node:0] [RPC_RECV] [Trace:CLIENT_0_1762162355250672000] 接收到日志命令:9732 isLeader:false term:145
2025/11/03 17:32:35 [17:32:35.265] [Node:0] [RPC_RECV] [Trace:CLIENT_0_1762162355265728000] 接收到日志命令:527 isLeader:false term:145
2025/11/03 17:32:35 [17:32:35.358] [Node:0] [HEARTBEAT] [Trace:HB_0_145] Follower等心跳 status FOLLOWER term:145 commitIndex:24
2025/11/03 17:32:35 [17:32:35.376] [Node:0] [INFO] [STATE_CHANGE] FOLLOWER->FOLLOWER term:145 reason:变成Candidate
2025/11/03 17:32:35 [17:32:35.376] [Node:0] [TIMER_EVENT] [Trace:TIMER_0] 超时选举 since:218.384833ms threshold:209.711415ms
2025/11/03 17:32:35 [17:32:35.376] [Node:0] [RPC_SEND] [Trace:ELEC_0_146] 发送选举请求
2025/11/03 17:32:35 [17:32:35.376] [Node:0] [RPC_SEND] [Trace:ELEC_0_146] 发送选举请求
2025/11/03 17:32:35 [17:32:35.376] [Node:0] [RPC_SEND] [Trace:ELEC_0_146] 发送选举请求
2025/11/03 17:32:35 [17:32:35.376] [Node:0] [RPC_SEND] [Trace:ELEC_0_146] 发送选举请求
2025/11/03 17:32:35 [17:32:35.376] [Node:0] [RPC_RECV] [Trace:ELEC_3_146][3->0] RequestVote 接受 term:146 candidateId:3 lastLogIndex:263 lastLogTerm:141 currentTerm:146 status:CANDIDATE
2025/11/03 17:32:35 [17:32:35.376] [Node:0] [RPC_RECV] [Trace:ELEC_3_146][3->0] 投票信息 votedFor:0 lastLogTerm:132 lastLogIndex:85
2025/11/03 17:32:35 [17:32:35.376] [Node:0] [RPC_RECV] [Trace:ELEC_3_146][3->0] 投票失败兜底 candidate:3 term:146
2025/11/03 17:32:35 [17:32:35.393] [Node:0] [RPC_RECV] [Trace:ELEC_1_146][1->0] RequestVote 接受 term:146 candidateId:1 lastLogIndex:2 lastLogTerm:4 currentTerm:146 status:CANDIDATE
2025/11/03 17:32:35 [17:32:35.393] [Node:0] [RPC_RECV] [Trace:ELEC_1_146][1->0] 投票信息 votedFor:0 lastLogTerm:132 lastLogIndex:85
2025/11/03 17:32:35 [17:32:35.393] [Node:0] [RPC_RECV] [Trace:ELEC_1_146][1->0] 投票失败兜底 candidate:1 term:146
2025/11/03 17:32:35 [17:32:35.398] [Node:0] [RPC_SEND] [Trace:ELEC_0_146] 处理投票返回 for term 146 reply:{146 false}
2025/11/03 17:32:35 [17:32:35.401] [Node:0] [RPC_SEND] [Trace:ELEC_0_146] 处理投票返回 for term 146 reply:{146 false}
2025/11/03 17:32:35 [17:32:35.459] [Node:0] [HEARTBEAT] [Trace:HB_0_146] Follower等心跳 status CANDIDATE term:146 commitIndex:24
2025/11/03 17:32:35 [17:32:35.472] [Node:0] [RPC_RECV] [Trace:CLIENT_0_1762162355472198000] 接收到日志命令:6035 isLeader:false term:146
2025/11/03 17:32:35 [17:32:35.486] [Node:0] [RPC_RECV] [Trace:CLIENT_0_1762162355486209000] 接收到日志命令:1751 isLeader:false term:146
2025/11/03 17:32:35 [17:32:35.492] [Node:0] [RPC_RECV] [Trace:CLIENT_0_1762162355492192000] 接收到日志命令:2277 isLeader:false term:146
2025/11/03 17:32:35 [17:32:35.509] [Node:0] [RPC_RECV] [Trace:CLIENT_0_1762162355509593000] 接收到日志命令:2786 isLeader:false term:146
2025/11/03 17:32:35 [17:32:35.523] [Node:0] [RPC_RECV] [Trace:CLIENT_0_1762162355523006000] 接收到日志命令:4689 isLeader:false term:146
2025/11/03 17:32:35 [17:32:35.540] [Node:0] [RPC_RECV] [Trace:CLIENT_0_1762162355540189000] 接收到日志命令:3482 isLeader:false term:146
2025/11/03 17:32:35 [17:32:35.548] [Node:0] [RPC_RECV] [Trace:CLIENT_0_1762162355548377000] 接收到日志命令:8024 isLeader:false term:146
2025/11/03 17:32:35 [17:32:35.561] [Node:0] [HEARTBEAT] [Trace:HB_0_146] Follower等心跳 status CANDIDATE term:146 commitIndex:24
2025/11/03 17:32:35 [17:32:35.566] [Node:0] [RPC_RECV] [Trace:CLIENT_0_1762162355566778000] 接收到日志命令:2277 isLeader:false term:146
2025/11/03 17:32:35 [17:32:35.570] [Node:0] [RPC_RECV] [Trace:CLIENT_0_1762162355570370000] 接收到日志命令:95 isLeader:false term:146
2025/11/03 17:32:35 [17:32:35.584] [Node:0] [RPC_RECV] [Trace:ELEC_1_147][1->0] RequestVote 接受 term:147 candidateId:1 lastLogIndex:2 lastLogTerm:4 currentTerm:146 status:CANDIDATE
2025/11/03 17:32:35 [17:32:35.584] [Node:0] [INFO] [STATE_CHANGE] CANDIDATE->FOLLOWER term:146 reason:降级成follower
2025/11/03 17:32:35 [17:32:35.585] [Node:0] [RPC_RECV] [Trace:ELEC_1_147][1->0] 投票信息 votedFor:-1 lastLogTerm:132 lastLogIndex:85
2025/11/03 17:32:35 [17:32:35.585] [Node:0] [RPC_RECV] [Trace:ELEC_1_147][1->0] 投票失败兜底 candidate:1 term:147
2025/11/03 17:32:35 [17:32:35.585] [Node:0] [RPC_RECV] [Trace:CLIENT_0_1762162355585931000] 接收到日志命令:3855 isLeader:false term:147
2025/11/03 17:32:35 [17:32:35.592] [Node:0] [INFO] [STATE_CHANGE] FOLLOWER->FOLLOWER term:147 reason:变成Candidate
2025/11/03 17:32:35 [17:32:35.592] [Node:0] [TIMER_EVENT] [Trace:TIMER_0] 超时选举 since:216.39075ms threshold:201.991986ms
2025/11/03 17:32:35 [17:32:35.592] [Node:0] [RPC_SEND] [Trace:ELEC_0_148] 发送选举请求
2025/11/03 17:32:35 [17:32:35.592] [Node:0] [RPC_SEND] [Trace:ELEC_0_148] 发送选举请求
2025/11/03 17:32:35 [17:32:35.593] [Node:0] [RPC_SEND] [Trace:ELEC_0_148] 发送选举请求
2025/11/03 17:32:35 [17:32:35.593] [Node:0] [RPC_SEND] [Trace:ELEC_0_148] 发送选举请求
2025/11/03 17:32:35 [17:32:35.596] [Node:0] [RPC_RECV] [Trace:CLIENT_0_1762162355596117000] 接收到日志命令:7575 isLeader:false term:148
2025/11/03 17:32:35 [17:32:35.602] [Node:0] [RPC_RECV] [Trace:CLIENT_0_1762162355602060000] 接收到日志命令:9908 isLeader:false term:148
2025/11/03 17:32:35 [17:32:35.606] [Node:0] [RPC_SEND] [Trace:ELEC_0_148] 处理投票返回 for term 148 reply:{148 false}
2025/11/03 17:32:35 [17:32:35.615] [Node:0] [RPC_RECV] [Trace:CLIENT_0_1762162355615177000] 接收到日志命令:9529 isLeader:false term:148
2025/11/03 17:32:35 [17:32:35.625] [Node:0] [RPC_RECV] [Trace:CLIENT_0_1762162355625068000] 接收到日志命令:3629 isLeader:false term:148
2025/11/03 17:32:35 [17:32:35.640] [Node:0] [RPC_SEND] [Trace:ELEC_0_142] 处理投票返回 for term 142 reply:{144 false}
2025/11/03 17:32:35 [17:32:35.640] [Node:0] [INFO] [STATE_CHANGE] CANDIDATE->FOLLOWER term:148 reason:降级成follower
2025/11/03 17:32:35 [17:32:35.640] [Node:0] [RPC_RECV] [Trace:CLIENT_0_1762162355640714000] 接收到日志命令:3626 isLeader:false term:144
2025/11/03 17:32:35 [17:32:35.651] [Node:0] [RPC_RECV] [Trace:CLIENT_0_1762162355651302000] 接收到日志命令:3447 isLeader:false term:144
2025/11/03 17:32:35 [17:32:35.656] [Node:0] [RPC_RECV] [Trace:CLIENT_0_1762162355656109000] 接收到日志命令:3005 isLeader:false term:144
2025/11/03 17:32:35 [17:32:35.663] [Node:0] [HEARTBEAT] [Trace:HB_0_144] Follower等心跳 status FOLLOWER term:144 commitIndex:24
2025/11/03 17:32:35 [17:32:35.667] [Node:0] [RPC_RECV] [Trace:ELEC_3_149][3->0] RequestVote 接受 term:149 candidateId:3 lastLogIndex:263 lastLogTerm:141 currentTerm:144 status:FOLLOWER
2025/11/03 17:32:35 [17:32:35.667] [Node:0] [INFO] [STATE_CHANGE] FOLLOWER->FOLLOWER term:144 reason:降级成follower
2025/11/03 17:32:35 [17:32:35.668] [Node:0] [RPC_RECV] [Trace:ELEC_3_149][3->0] 投票信息 votedFor:-1 lastLogTerm:132 lastLogIndex:85
2025/11/03 17:32:35 [17:32:35.668] [Node:0] [RPC_RECV] [Trace:ELEC_3_149][3->0] 投票给 candidate:3 term:149
2025/11/03 17:32:35 [17:32:35.672] [Node:0] [RPC_RECV] [Trace:CLIENT_0_1762162355672597000] 接收到日志命令:9160 isLeader:false term:149
2025/11/03 17:32:35 [17:32:35.681] [Node:0] [RPC_RECV] [Trace:CLIENT_0_1762162355681469000] 接收到日志命令:8541 isLeader:false term:149
2025/11/03 17:32:35 [17:32:35.687] [Node:0] [RPC_RECV] [Trace:CLIENT_0_1762162355687788000] 接收到日志命令:8376 isLeader:false term:149
2025/11/03 17:32:35 [17:32:35.692] [Node:0] [RPC_RECV] [Trace:CLIENT_0_1762162355692824000] 接收到日志命令:7609 isLeader:false term:149
2025/11/03 17:32:35 [17:32:35.699] [Node:0] [RPC_RECV] [Trace:CLIENT_0_1762162355699754000] 接收到日志命令:4880 isLeader:false term:149
2025/11/03 17:32:35 [17:32:35.709] [Node:0] [RPC_RECV] [Trace:CLIENT_0_1762162355709455000] 接收到日志命令:1924 isLeader:false term:149
2025/11/03 17:32:35 [17:32:35.725] [Node:0] [RPC_RECV] [Trace:CLIENT_0_1762162355725699000] 接收到日志命令:142 isLeader:false term:149
2025/11/03 17:32:35 [17:32:35.742] [Node:0] [RPC_RECV] [Trace:CLIENT_0_1762162355742604000] 接收到日志命令:7393 isLeader:false term:149
2025/11/03 17:32:35 [17:32:35.757] [Node:0] [RPC_RECV] [Trace:CLIENT_0_1762162355757168000] 接收到日志命令:6040 isLeader:false term:149
2025/11/03 17:32:35 [17:32:35.765] [Node:0] [HEARTBEAT] [Trace:HB_0_149] Follower等心跳 status FOLLOWER term:149 commitIndex:24
2025/11/03 17:32:35 [17:32:35.767] [Node:0] [RPC_RECV] [Trace:CLIENT_0_1762162355767685000] 接收到日志命令:4149 isLeader:false term:149
2025/11/03 17:32:35 [17:32:35.780] [Node:0] [RPC_RECV] [Trace:CLIENT_0_1762162355780534000] 接收到日志命令:7508 isLeader:false term:149
2025/11/03 17:32:35 [17:32:35.794] [Node:0] [RPC_RECV] [Trace:CLIENT_0_1762162355794149000] 接收到日志命令:972 isLeader:false term:149
2025/11/03 17:32:35 [17:32:35.800] [Node:0] [RPC_RECV] [Trace:CLIENT_0_1762162355799996000] 接收到日志命令:3071 isLeader:false term:149
2025/11/03 17:32:35 [17:32:35.804] [Node:0] [RPC_RECV] [Trace:CLIENT_0_1762162355804509000] 接收到日志命令:6810 isLeader:false term:149
2025/11/03 17:32:35 [17:32:35.817] [Node:0] [RPC_RECV] [Trace:CLIENT_0_1762162355817243000] 接收到日志命令:9284 isLeader:false term:149
2025/11/03 17:32:35 [17:32:35.825] [Node:0] [RPC_RECV] [Trace:CLIENT_0_1762162355825907000] 接收到日志命令:3718 isLeader:false term:149
2025/11/03 17:32:35 [17:32:35.840] [Node:0] [RPC_RECV] [Trace:CLIENT_0_1762162355840628000] 接收到日志命令:7856 isLeader:false term:149
2025/11/03 17:32:35 [17:32:35.855] [Node:0] [RPC_RECV] [Trace:CLIENT_0_1762162355855320000] 接收到日志命令:1729 isLeader:false term:149
2025/11/03 17:32:35 [17:32:35.864] [Node:0] [RPC_RECV] [Trace:CLIENT_0_1762162355864711000] 接收到日志命令:1987 isLeader:false term:149
2025/11/03 17:32:35 [17:32:35.865] [Node:0] [HEARTBEAT] [Trace:HB_0_149] Follower等心跳 status FOLLOWER term:149 commitIndex:24
2025/11/03 17:32:35 [17:32:35.880] [Node:0] [RPC_RECV] [Trace:CLIENT_0_1762162355880515000] 接收到日志命令:7756 isLeader:false term:149
2025/11/03 17:32:35 [17:32:35.886] [Node:0] [INFO] [STATE_CHANGE] FOLLOWER->FOLLOWER term:149 reason:变成Candidate
2025/11/03 17:32:35 [17:32:35.886] [Node:0] [TIMER_EVENT] [Trace:TIMER_0] 超时选举 since:217.377833ms threshold:205.678295ms
2025/11/03 17:32:35 [17:32:35.886] [Node:0] [RPC_SEND] [Trace:ELEC_0_150] 发送选举请求
2025/11/03 17:32:35 [17:32:35.886] [Node:0] [RPC_SEND] [Trace:ELEC_0_150] 发送选举请求
2025/11/03 17:32:35 [17:32:35.886] [Node:0] [RPC_SEND] [Trace:ELEC_0_150] 发送选举请求
2025/11/03 17:32:35 [17:32:35.886] [Node:0] [RPC_SEND] [Trace:ELEC_0_150] 发送选举请求
2025/11/03 17:32:35 [17:32:35.891] [Node:0] [RPC_SEND] [Trace:ELEC_0_150] 处理投票返回 for term 150 reply:{150 false}
2025/11/03 17:32:35 [17:32:35.896] [Node:0] [RPC_RECV] [Trace:CLIENT_0_1762162355896557000] 接收到日志命令:8153 isLeader:false term:150
2025/11/03 17:32:35 [17:32:35.904] [Node:0] [RPC_RECV] [Trace:CLIENT_0_1762162355904213000] 接收到日志命令:3590 isLeader:false term:150
2025/11/03 17:32:35 [17:32:35.913] [Node:0] [RPC_RECV] [Trace:CLIENT_0_1762162355913057000] 接收到日志命令:9815 isLeader:false term:150
2025/11/03 17:32:35 [17:32:35.922] [Node:0] [RPC_RECV] [Trace:CLIENT_0_1762162355922711000] 接收到日志命令:1290 isLeader:false term:150
2025/11/03 17:32:35 [17:32:35.929] [Node:0] [RPC_RECV] [Trace:CLIENT_0_1762162355929233000] 接收到日志命令:6283 isLeader:false term:150
2025/11/03 17:32:35 [17:32:35.936] [Node:0] [RPC_RECV] [Trace:CLIENT_0_1762162355936296000] 接收到日志命令:2898 isLeader:false term:150
2025/11/03 17:32:35 [17:32:35.952] [Node:0] [RPC_RECV] [Trace:CLIENT_0_1762162355952133000] 接收到日志命令:7651 isLeader:false term:150
2025/11/03 17:32:35 [17:32:35.959] [Node:0] [RPC_RECV] [Trace:CLIENT_0_1762162355959284000] 接收到日志命令:3252 isLeader:false term:150
2025/11/03 17:32:35 [17:32:35.960] [Node:0] [RPC_RECV] [Trace:ELEC_3_151][3->0] RequestVote 接受 term:151 candidateId:3 lastLogIndex:263 lastLogTerm:141 currentTerm:150 status:CANDIDATE
2025/11/03 17:32:35 [17:32:35.960] [Node:0] [INFO] [STATE_CHANGE] CANDIDATE->FOLLOWER term:150 reason:降级成follower
2025/11/03 17:32:35 [17:32:35.961] [Node:0] [RPC_RECV] [Trace:ELEC_3_151][3->0] 投票信息 votedFor:-1 lastLogTerm:132 lastLogIndex:85
2025/11/03 17:32:35 [17:32:35.961] [Node:0] [RPC_RECV] [Trace:ELEC_3_151][3->0] 投票给 candidate:3 term:151
2025/11/03 17:32:35 [17:32:35.965] [Node:0] [HEARTBEAT] [Trace:HB_0_151] Follower等心跳 status FOLLOWER term:151 commitIndex:24
2025/11/03 17:32:35 [17:32:35.975] [Node:0] [RPC_RECV] [Trace:CLIENT_0_1762162355975592000] 接收到日志命令:7764 isLeader:false term:151
2025/11/03 17:32:35 [17:32:35.992] [Node:0] [RPC_RECV] [Trace:CLIENT_0_1762162355992244000] 接收到日志命令:189 isLeader:false term:151
2025/11/03 17:32:35 [17:32:35.999] [Node:0] [RPC_RECV] [Trace:CLIENT_0_1762162355999020000] 接收到日志命令:1437 isLeader:false term:151
2025/11/03 17:32:36 [17:32:36.013] [Node:0] [RPC_RECV] [Trace:CLIENT_0_1762162356013750000] 接收到日志命令:9898 isLeader:false term:151
2025/11/03 17:32:36 [17:32:36.024] [Node:0] [RPC_RECV] [Trace:CLIENT_0_1762162356024473000] 接收到日志命令:5292 isLeader:false term:151
2025/11/03 17:32:36 [17:32:36.032] [Node:0] [RPC_RECV] [Trace:CLIENT_0_1762162356032394000] 接收到日志命令:6097 isLeader:false term:151
2025/11/03 17:32:36 [17:32:36.042] [Node:0] [RPC_SEND] [Trace:ELEC_0_142] 处理投票返回 for term 142 reply:{144 false}
2025/11/03 17:32:36 [17:32:36.042] [Node:0] [INFO] [STATE_CHANGE] FOLLOWER->FOLLOWER term:151 reason:降级成follower
2025/11/03 17:32:36 [17:32:36.043] [Node:0] [RPC_RECV] [Trace:CLIENT_0_1762162356043433000] 接收到日志命令:5762 isLeader:false term:144
2025/11/03 17:32:36 [17:32:36.056] [Node:0] [RPC_RECV] [Trace:CLIENT_0_1762162356056762000] 接收到日志命令:9066 isLeader:false term:144
2025/11/03 17:32:36 [17:32:36.067] [Node:0] [HEARTBEAT] [Trace:HB_0_144] Follower等心跳 status FOLLOWER term:144 commitIndex:24
2025/11/03 17:32:36 [17:32:36.071] [Node:0] [RPC_RECV] [Trace:CLIENT_0_1762162356070996000] 接收到日志命令:2455 isLeader:false term:144
2025/11/03 17:32:36 [17:32:36.077] [Node:0] [RPC_RECV] [Trace:CLIENT_0_1762162356077468000] 接收到日志命令:1040 isLeader:false term:144
2025/11/03 17:32:36 [17:32:36.094] [Node:0] [RPC_RECV] [Trace:CLIENT_0_1762162356094392000] 接收到日志命令:7930 isLeader:false term:144
2025/11/03 17:32:36 [17:32:36.102] [Node:0] [RPC_RECV] [Trace:CLIENT_0_1762162356102872000] 接收到日志命令:297 isLeader:false term:144
2025/11/03 17:32:36 [17:32:36.144] [Node:0] [RPC_RECV] [Trace:CLIENT_0_1762162356144650000] 接收到日志命令:2598 isLeader:false term:144
2025/11/03 17:32:36 [17:32:36.149] [Node:0] [RPC_RECV] [Trace:CLIENT_0_1762162356149971000] 接收到日志命令:3709 isLeader:false term:144
2025/11/03 17:32:36 [17:32:36.162] [Node:0] [RPC_RECV] [Trace:CLIENT_0_1762162356162058000] 接收到日志命令:2108 isLeader:false term:144
2025/11/03 17:32:36 [17:32:36.168] [Node:0] [HEARTBEAT] [Trace:HB_0_144] Follower等心跳 status FOLLOWER term:144 commitIndex:24
2025/11/03 17:32:36 [17:32:36.175] [Node:0] [RPC_RECV] [Trace:CLIENT_0_1762162356175959000] 接收到日志命令:7760 isLeader:false term:144
2025/11/03 17:32:36 [17:32:36.181] [Node:0] [RPC_RECV] [Trace:CLIENT_0_1762162356181793000] 接收到日志命令:3078 isLeader:false term:144
2025/11/03 17:32:36 [17:32:36.187] [Node:0] [RPC_RECV] [Trace:CLIENT_0_1762162356187668000] 接收到日志命令:1230 isLeader:false term:144
2025/11/03 17:32:36 [17:32:36.197] [Node:0] [RPC_RECV] [Trace:CLIENT_0_1762162356197986000] 接收到日志命令:8948 isLeader:false term:144
2025/11/03 17:32:36 [17:32:36.207] [Node:0] [RPC_RECV] [Trace:ELEC_1_152][1->0] RequestVote 接受 term:152 candidateId:1 lastLogIndex:2 lastLogTerm:4 currentTerm:144 status:FOLLOWER
2025/11/03 17:32:36 [17:32:36.207] [Node:0] [INFO] [STATE_CHANGE] FOLLOWER->FOLLOWER term:144 reason:降级成follower
2025/11/03 17:32:36 [17:32:36.207] [Node:0] [RPC_RECV] [Trace:ELEC_1_152][1->0] 投票信息 votedFor:-1 lastLogTerm:132 lastLogIndex:85
2025/11/03 17:32:36 [17:32:36.207] [Node:0] [RPC_RECV] [Trace:ELEC_1_152][1->0] 投票失败兜底 candidate:1 term:152
2025/11/03 17:32:36 [17:32:36.213] [Node:0] [RPC_RECV] [Trace:CLIENT_0_1762162356213643000] 接收到日志命令:2265 isLeader:false term:152
2025/11/03 17:32:36 [17:32:36.222] [Node:0] [INFO] [STATE_CHANGE] FOLLOWER->FOLLOWER term:152 reason:变成Candidate
2025/11/03 17:32:36 [17:32:36.222] [Node:0] [TIMER_EVENT] [Trace:TIMER_0] 超时选举 since:260.61525ms threshold:259.760969ms
2025/11/03 17:32:36 [17:32:36.222] [Node:0] [RPC_SEND] [Trace:ELEC_0_153] 发送选举请求
2025/11/03 17:32:36 [17:32:36.222] [Node:0] [RPC_SEND] [Trace:ELEC_0_153] 发送选举请求
2025/11/03 17:32:36 [17:32:36.222] [Node:0] [RPC_SEND] [Trace:ELEC_0_153] 发送选举请求
2025/11/03 17:32:36 [17:32:36.222] [Node:0] [RPC_SEND] [Trace:ELEC_0_153] 发送选举请求
2025/11/03 17:32:36 [17:32:36.228] [Node:0] [RPC_RECV] [Trace:CLIENT_0_1762162356228582000] 接收到日志命令:8894 isLeader:false term:153
2025/11/03 17:32:36 [17:32:36.240] [Node:0] [RPC_RECV] [Trace:CLIENT_0_1762162356240100000] 接收到日志命令:4880 isLeader:false term:153
2025/11/03 17:32:36 [17:32:36.254] [Node:0] [RPC_RECV] [Trace:CLIENT_0_1762162356254892000] 接收到日志命令:8266 isLeader:false term:153
2025/11/03 17:32:36 [17:32:36.267] [Node:0] [RPC_RECV] [Trace:CLIENT_0_1762162356267888000] 接收到日志命令:3249 isLeader:false term:153
2025/11/03 17:32:36 [17:32:36.268] [Node:0] [RPC_RECV] [Trace:ELEC_3_154][3->0] RequestVote 接受 term:154 candidateId:3 lastLogIndex:263 lastLogTerm:141 currentTerm:153 status:CANDIDATE
2025/11/03 17:32:36 [17:32:36.268] [Node:0] [INFO] [STATE_CHANGE] CANDIDATE->FOLLOWER term:153 reason:降级成follower
2025/11/03 17:32:36 [17:32:36.268] [Node:0] [RPC_RECV] [Trace:ELEC_3_154][3->0] 投票信息 votedFor:-1 lastLogTerm:132 lastLogIndex:85
2025/11/03 17:32:36 [17:32:36.268] [Node:0] [RPC_RECV] [Trace:ELEC_3_154][3->0] 投票给 candidate:3 term:154
2025/11/03 17:32:36 [17:32:36.269] [Node:0] [HEARTBEAT] [Trace:HB_0_154] Follower等心跳 status FOLLOWER term:154 commitIndex:24
2025/11/03 17:32:36 [17:32:36.280] [Node:0] [RPC_RECV] [Trace:CLIENT_0_1762162356280495000] 接收到日志命令:258 isLeader:false term:154
2025/11/03 17:32:36 [17:32:36.291] [Node:0] [RPC_RECV] [Trace:CLIENT_0_1762162356291956000] 接收到日志命令:4561 isLeader:false term:154
2025/11/03 17:32:36 [17:32:36.304] [Node:0] [RPC_RECV] [Trace:CLIENT_0_1762162356304455000] 接收到日志命令:6422 isLeader:false term:154
2025/11/03 17:32:36 [17:32:36.318] [Node:0] [RPC_RECV] [Trace:CLIENT_0_1762162356318630000] 接收到日志命令:1879 isLeader:false term:154
2025/11/03 17:32:36 [17:32:36.329] [Node:0] [RPC_RECV] [Trace:CLIENT_0_1762162356329952000] 接收到日志命令:9973 isLeader:false term:154
2025/11/03 17:32:36 [17:32:36.341] [Node:0] [RPC_RECV] [Trace:CLIENT_0_1762162356341892000] 接收到日志命令:7480 isLeader:false term:154
2025/11/03 17:32:36 [17:32:36.354] [Node:0] [RPC_RECV] [Trace:CLIENT_0_1762162356354765000] 接收到日志命令:3671 isLeader:false term:154
2025/11/03 17:32:36 [17:32:36.371] [Node:0] [RPC_RECV] [Trace:CLIENT_0_1762162356371694000] 接收到日志命令:4763 isLeader:false term:154
2025/11/03 17:32:36 [17:32:36.371] [Node:0] [HEARTBEAT] [Trace:HB_0_154] Follower等心跳 status FOLLOWER term:154 commitIndex:24
2025/11/03 17:32:36 [17:32:36.388] [Node:0] [RPC_RECV] [Trace:CLIENT_0_1762162356388316000] 接收到日志命令:9839 isLeader:false term:154
2025/11/03 17:32:36 [17:32:36.404] [Node:0] [RPC_RECV] [Trace:CLIENT_0_1762162356404387000] 接收到日志命令:5468 isLeader:false term:154
2025/11/03 17:32:36 [17:32:36.414] [Node:0] [RPC_RECV] [Trace:CLIENT_0_1762162356414292000] 接收到日志命令:8595 isLeader:false term:154
2025/11/03 17:32:36 [17:32:36.419] [Node:0] [RPC_RECV] [Trace:CLIENT_0_1762162356419103000] 接收到日志命令:9324 isLeader:false term:154
2025/11/03 17:32:36 [17:32:36.431] [Node:0] [RPC_RECV] [Trace:CLIENT_0_1762162356431531000] 接收到日志命令:9925 isLeader:false term:154
2025/11/03 17:32:36 [17:32:36.441] [Node:0] [RPC_RECV] [Trace:CLIENT_0_1762162356441796000] 接收到日志命令:3986 isLeader:false term:154
2025/11/03 17:32:36 [17:32:36.454] [Node:0] [RPC_RECV] [Trace:CLIENT_0_1762162356454553000] 接收到日志命令:215 isLeader:false term:154
2025/11/03 17:32:36 [17:32:36.471] [Node:0] [RPC_RECV] [Trace:CLIENT_0_1762162356471756000] 接收到日志命令:5374 isLeader:false term:154
2025/11/03 17:32:36 [17:32:36.471] [Node:0] [HEARTBEAT] [Trace:HB_0_154] Follower等心跳 status FOLLOWER term:154 commitIndex:24
2025/11/03 17:32:36 [17:32:36.537] [Node:0] [RPC_SEND] [Trace:ELEC_0_148] 处理投票返回 for term 148 reply:{148 true}
2025/11/03 17:32:36 [17:32:36.555] [Node:0] [RPC_RECV] [Trace:ELEC_1_155][1->0] RequestVote 接受 term:155 candidateId:1 lastLogIndex:2 lastLogTerm:4 currentTerm:154 status:FOLLOWER
2025/11/03 17:32:36 [17:32:36.555] [Node:0] [INFO] [STATE_CHANGE] FOLLOWER->FOLLOWER term:154 reason:降级成follower
2025/11/03 17:32:36 [17:32:36.555] [Node:0] [RPC_RECV] [Trace:ELEC_1_155][1->0] 投票信息 votedFor:-1 lastLogTerm:132 lastLogIndex:85
2025/11/03 17:32:36 [17:32:36.556] [Node:0] [RPC_RECV] [Trace:ELEC_1_155][1->0] 投票失败兜底 candidate:1 term:155
2025/11/03 17:32:36 [17:32:36.568] [Node:0] [RPC_RECV] [Trace:CLIENT_0_1762162356568558000] 接收到日志命令:1285 isLeader:false term:155
2025/11/03 17:32:36 [17:32:36.572] [Node:0] [HEARTBEAT] [Trace:HB_0_155] Follower等心跳 status FOLLOWER term:155 commitIndex:24
2025/11/03 17:32:36 [17:32:36.580] [Node:0] [RPC_SEND] [Trace:ELEC_0_153] 处理投票返回 for term 153 reply:{153 false}
2025/11/03 17:32:36 [17:32:36.587] [Node:0] [RPC_RECV] [Trace:CLIENT_0_1762162356587246000] 接收到日志命令:6795 isLeader:false term:155
2025/11/03 17:32:36 [17:32:36.604] [Node:0] [RPC_RECV] [Trace:CLIENT_0_1762162356604469000] 接收到日志命令:7890 isLeader:false term:155
2025/11/03 17:32:36 [17:32:36.612] [Node:0] [RPC_RECV] [Trace:CLIENT_0_1762162356612369000] 接收到日志命令:4305 isLeader:false term:155
2025/11/03 17:32:36 [17:32:36.614] [Node:0] [INFO] [STATE_CHANGE] FOLLOWER->FOLLOWER term:155 reason:变成Candidate
2025/11/03 17:32:36 [17:32:36.614] [Node:0] [TIMER_EVENT] [Trace:TIMER_0] 超时选举 since:345.030167ms threshold:312.529434ms
2025/11/03 17:32:36 [17:32:36.614] [Node:0] [RPC_SEND] [Trace:ELEC_0_156] 发送选举请求
2025/11/03 17:32:36 [17:32:36.614] [Node:0] [RPC_SEND] [Trace:ELEC_0_156] 发送选举请求
2025/11/03 17:32:36 [17:32:36.614] [Node:0] [RPC_SEND] [Trace:ELEC_0_156] 发送选举请求
2025/11/03 17:32:36 [17:32:36.614] [Node:0] [RPC_SEND] [Trace:ELEC_0_156] 发送选举请求
2025/11/03 17:32:36 [17:32:36.623] [Node:0] [RPC_RECV] [Trace:CLIENT_0_1762162356623530000] 接收到日志命令:9106 isLeader:false term:156
2025/11/03 17:32:36 [17:32:36.634] [Node:0] [RPC_RECV] [Trace:CLIENT_0_1762162356634244000] 接收到日志命令:5857 isLeader:false term:156
2025/11/03 17:32:36 [17:32:36.640] [Node:0] [RPC_RECV] [Trace:CLIENT_0_1762162356640736000] 接收到日志命令:392 isLeader:false term:156
2025/11/03 17:32:36 [17:32:36.657] [Node:0] [RPC_RECV] [Trace:CLIENT_0_1762162356657684000] 接收到日志命令:7113 isLeader:false term:156
2025/11/03 17:32:36 [17:32:36.665] [Node:0] [RPC_RECV] [Trace:CLIENT_0_1762162356665812000] 接收到日志命令:2572 isLeader:false term:156
2025/11/03 17:32:36 [17:32:36.674] [Node:0] [HEARTBEAT] [Trace:HB_0_156] Follower等心跳 status CANDIDATE term:156 commitIndex:24
2025/11/03 17:32:36 [17:32:36.676] [Node:0] [RPC_RECV] [Trace:CLIENT_0_1762162356676804000] 接收到日志命令:3007 isLeader:false term:156
2025/11/03 17:32:36 [17:32:36.690] [Node:0] [RPC_RECV] [Trace:CLIENT_0_1762162356690066000] 接收到日志命令:6521 isLeader:false term:156
2025/11/03 17:32:36 [17:32:36.775] [Node:0] [HEARTBEAT] [Trace:HB_0_156] Follower等心跳 status CANDIDATE term:156 commitIndex:24
2025/11/03 17:32:36 [17:32:36.841] [Node:0] [RPC_SEND] [Trace:ELEC_0_156] 处理投票返回 for term 156 reply:{156 false}
2025/11/03 17:32:36 [17:32:36.858] [Node:0] [RPC_SEND] [Trace:ELEC_0_150] 处理投票返回 for term 150 reply:{150 true}
2025/11/03 17:32:36 [17:32:36.876] [Node:0] [HEARTBEAT] [Trace:HB_0_156] Follower等心跳 status CANDIDATE term:156 commitIndex:24
2025/11/03 17:32:36 [17:32:36.932] [Node:0] [RPC_RECV] [Trace:CLIENT_0_1762162356932494000] 接收到日志命令:8463 isLeader:false term:156
2025/11/03 17:32:36 [17:32:36.945] [Node:0] [RPC_RECV] [Trace:CLIENT_0_1762162356945453000] 接收到日志命令:9660 isLeader:false term:156
2025/11/03 17:32:36 [17:32:36.968] [Node:0] [RPC_RECV] [Trace:CLIENT_0_1762162356968268000] 接收到日志命令:60 isLeader:false term:156
2025/11/03 17:32:36 [17:32:36.979] [Node:0] [HEARTBEAT] [Trace:HB_0_156] Follower等心跳 status CANDIDATE term:156 commitIndex:24
2025/11/03 17:32:36 [17:32:36.989] [Node:0] [RPC_RECV] [Trace:ELEC_1_157][1->0] RequestVote 接受 term:157 candidateId:1 lastLogIndex:2 lastLogTerm:4 currentTerm:156 status:CANDIDATE
2025/11/03 17:32:36 [17:32:36.989] [Node:0] [INFO] [STATE_CHANGE] CANDIDATE->FOLLOWER term:156 reason:降级成follower
2025/11/03 17:32:36 [17:32:36.990] [Node:0] [RPC_RECV] [Trace:ELEC_1_157][1->0] 投票信息 votedFor:-1 lastLogTerm:132 lastLogIndex:85
2025/11/03 17:32:36 [17:32:36.990] [Node:0] [RPC_RECV] [Trace:ELEC_1_157][1->0] 投票失败兜底 candidate:1 term:157
2025/11/03 17:32:37 [17:32:37.004] [Node:0] [INFO] [STATE_CHANGE] FOLLOWER->FOLLOWER term:157 reason:变成Candidate
2025/11/03 17:32:37 [17:32:37.004] [Node:0] [TIMER_EVENT] [Trace:TIMER_0] 超时选举 since:389.954625ms threshold:344.084447ms
2025/11/03 17:32:37 [17:32:37.004] [Node:0] [RPC_SEND] [Trace:ELEC_0_158] 发送选举请求
2025/11/03 17:32:37 [17:32:37.004] [Node:0] [RPC_SEND] [Trace:ELEC_0_158] 发送选举请求
2025/11/03 17:32:37 [17:32:37.004] [Node:0] [RPC_SEND] [Trace:ELEC_0_158] 发送选举请求
2025/11/03 17:32:37 [17:32:37.004] [Node:0] [RPC_SEND] [Trace:ELEC_0_158] 发送选举请求
2025/11/03 17:32:37 [17:32:37.032] [Node:0] [RPC_SEND] [Trace:ELEC_0_158] 处理投票返回 for term 158 reply:{158 true}
2025/11/03 17:32:37 [17:32:37.083] [Node:0] [HEARTBEAT] [Trace:HB_0_158] Follower等心跳 status CANDIDATE term:158 commitIndex:24
2025/11/03 17:32:37 [17:32:37.134] [Node:0] [RPC_RECV] [Trace:CLIENT_0_1762162357134824000] 接收到日志命令:7786 isLeader:false term:158
2025/11/03 17:32:37 [17:32:37.148] [Node:0] [RPC_RECV] [Trace:CLIENT_0_1762162357148541000] 接收到日志命令:508 isLeader:false term:158
2025/11/03 17:32:37 [17:32:37.163] [Node:0] [RPC_RECV] [Trace:CLIENT_0_1762162357163022000] 接收到日志命令:5669 isLeader:false term:158
2025/11/03 17:32:37 [17:32:37.175] [Node:0] [RPC_RECV] [Trace:CLIENT_0_1762162357175729000] 接收到日志命令:8788 isLeader:false term:158
2025/11/03 17:32:37 [17:32:37.183] [Node:0] [HEARTBEAT] [Trace:HB_0_158] Follower等心跳 status CANDIDATE term:158 commitIndex:24
2025/11/03 17:32:37 [17:32:37.189] [Node:0] [RPC_RECV] [Trace:CLIENT_0_1762162357189583000] 接收到日志命令:1185 isLeader:false term:158
2025/11/03 17:32:37 [17:32:37.198] [Node:0] [RPC_RECV] [Trace:CLIENT_0_1762162357198921000] 接收到日志命令:5144 isLeader:false term:158
2025/11/03 17:32:37 [17:32:37.206] [Node:0] [RPC_RECV] [Trace:CLIENT_0_1762162357206168000] 接收到日志命令:7591 isLeader:false term:158
2025/11/03 17:32:37 [17:32:37.206] [Node:0] [RPC_SEND] [Trace:ELEC_0_156] 处理投票返回 for term 156 reply:{156 true}
2025/11/03 17:32:37 [17:32:37.222] [Node:0] [RPC_RECV] [Trace:CLIENT_0_1762162357222715000] 接收到日志命令:2695 isLeader:false term:158
2025/11/03 17:32:37 [17:32:37.227] [Node:0] [RPC_RECV] [Trace:CLIENT_0_1762162357227389000] 接收到日志命令:45 isLeader:false term:158
2025/11/03 17:32:37 [17:32:37.235] [Node:0] [RPC_RECV] [Trace:CLIENT_0_1762162357235675000] 接收到日志命令:5247 isLeader:false term:158
2025/11/03 17:32:37 [17:32:37.253] [Node:0] [RPC_RECV] [Trace:CLIENT_0_1762162357253508000] 接收到日志命令:1929 isLeader:false term:158
2025/11/03 17:32:37 [17:32:37.284] [Node:0] [HEARTBEAT] [Trace:HB_0_158] Follower等心跳 status CANDIDATE term:158 commitIndex:24
2025/11/03 17:32:37 [17:32:37.295] [Node:0] [RPC_RECV] [Trace:CLIENT_0_1762162357295508000] 接收到日志命令:6511 isLeader:false term:158
2025/11/03 17:32:37 [17:32:37.361] [Node:0] [RPC_RECV] [Trace:ELEC_1_159][1->0] RequestVote 接受 term:159 candidateId:1 lastLogIndex:2 lastLogTerm:4 currentTerm:158 status:CANDIDATE
2025/11/03 17:32:37 [17:32:37.361] [Node:0] [INFO] [STATE_CHANGE] CANDIDATE->FOLLOWER term:158 reason:降级成follower
2025/11/03 17:32:37 [17:32:37.361] [Node:0] [RPC_RECV] [Trace:ELEC_1_159][1->0] 投票信息 votedFor:-1 lastLogTerm:132 lastLogIndex:85
2025/11/03 17:32:37 [17:32:37.361] [Node:0] [RPC_RECV] [Trace:ELEC_1_159][1->0] 投票失败兜底 candidate:1 term:159
2025/11/03 17:32:37 [17:32:37.383] [Node:0] [LOG_REPLICA] [Trace:LOG_2_141][2->0] AppendEntries 收到 term:141 leaderId:2 prevLogIndex:24 prevLogTerm:16 entries:365 leaderCommit:24 isHeartbeat:false currentTerm:159 status:FOLLOWER
2025/11/03 17:32:37 [17:32:37.383] [Node:0] [LOG_REPLICA] [Trace:LOG_2_141][2->0] Rejected: 收到心跳，但是term小于当前term term(141) < currentTerm(159)
2025/11/03 17:32:37 [17:32:37.384] [Node:0] [HEARTBEAT] [Trace:HB_0_159] Follower等心跳 status FOLLOWER term:159 commitIndex:24
2025/11/03 17:32:37 [17:32:37.485] [Node:0] [HEARTBEAT] [Trace:HB_0_159] Follower等心跳 status FOLLOWER term:159 commitIndex:24
2025/11/03 17:32:37 [17:32:37.586] [Node:0] [HEARTBEAT] [Trace:HB_0_159] Follower等心跳 status FOLLOWER term:159 commitIndex:24
2025/11/03 17:32:37 [17:32:37.643] [Node:0] [RPC_RECV] [Trace:ELEC_1_160][1->0] RequestVote 接受 term:160 candidateId:1 lastLogIndex:2 lastLogTerm:4 currentTerm:159 status:FOLLOWER
2025/11/03 17:32:37 [17:32:37.643] [Node:0] [INFO] [STATE_CHANGE] FOLLOWER->FOLLOWER term:159 reason:降级成follower
2025/11/03 17:32:37 [17:32:37.644] [Node:0] [RPC_RECV] [Trace:ELEC_1_160][1->0] 投票信息 votedFor:-1 lastLogTerm:132 lastLogIndex:85
2025/11/03 17:32:37 [17:32:37.644] [Node:0] [RPC_RECV] [Trace:ELEC_1_160][1->0] 投票失败兜底 candidate:1 term:160
2025/11/03 17:32:37 [17:32:37.680] [Node:0] [RPC_RECV] [Trace:ELEC_2_161][2->0] RequestVote 接受 term:161 candidateId:2 lastLogIndex:389 lastLogTerm:141 currentTerm:160 status:FOLLOWER
2025/11/03 17:32:37 [17:32:37.680] [Node:0] [INFO] [STATE_CHANGE] FOLLOWER->FOLLOWER term:160 reason:降级成follower
2025/11/03 17:32:37 [17:32:37.681] [Node:0] [RPC_RECV] [Trace:ELEC_2_161][2->0] 投票信息 votedFor:-1 lastLogTerm:132 lastLogIndex:85
2025/11/03 17:32:37 [17:32:37.681] [Node:0] [RPC_RECV] [Trace:ELEC_2_161][2->0] 投票给 candidate:2 term:161
2025/11/03 17:32:37 [17:32:37.686] [Node:0] [HEARTBEAT] [Trace:HB_0_161] Follower等心跳 status FOLLOWER term:161 commitIndex:24
2025/11/03 17:32:37 [17:32:37.787] [Node:0] [HEARTBEAT] [Trace:HB_0_161] Follower等心跳 status FOLLOWER term:161 commitIndex:24
2025/11/03 17:32:37 [17:32:37.882] [Node:0] [RPC_RECV] [Trace:ELEC_2_162][2->0] RequestVote 接受 term:162 candidateId:2 lastLogIndex:389 lastLogTerm:141 currentTerm:161 status:FOLLOWER
2025/11/03 17:32:37 [17:32:37.882] [Node:0] [INFO] [STATE_CHANGE] FOLLOWER->FOLLOWER term:161 reason:降级成follower
2025/11/03 17:32:37 [17:32:37.883] [Node:0] [RPC_RECV] [Trace:ELEC_2_162][2->0] 投票信息 votedFor:-1 lastLogTerm:132 lastLogIndex:85
2025/11/03 17:32:37 [17:32:37.883] [Node:0] [RPC_RECV] [Trace:ELEC_2_162][2->0] 投票给 candidate:2 term:162
2025/11/03 17:32:37 [17:32:37.887] [Node:0] [HEARTBEAT] [Trace:HB_0_162] Follower等心跳 status FOLLOWER term:162 commitIndex:24
2025/11/03 17:32:37 [17:32:37.979] [Node:0] [RPC_SEND] [Trace:ELEC_0_153] 处理投票返回 for term 153 reply:{153 true}
2025/11/03 17:32:37 [17:32:37.984] [Node:0] [LOG_REPLICA] [Trace:LOG_2_162][2->0] AppendEntries 收到 term:162 leaderId:2 prevLogIndex:24 prevLogTerm:16 entries:365 leaderCommit:24 isHeartbeat:false currentTerm:162 status:FOLLOWER
2025/11/03 17:32:37 [17:32:37.984] [Node:0] [LOG_REPLICA] [Trace:LOG_2_162][2->0] 打印日志结果:[{<nil> 0 false 0} {9885 2 false 1} {7369 4 false 2} {377 9 false 3} {5698 9 false 4} {3675 9 false 5} {7576 9 false 6} {6501 9 false 7} {8962 9 false 8} {9292 11 false 9} {5826 14 false 10} {1116 14 false 11} {8927 16 false 12} {615 16 false 13} {3625 16 false 14} {1425 16 false 15} {9709 16 false 16} {3423 16 false 17} {3134 16 false 18} {3657 16 false 19} {8171 16 false 20} {9440 16 false 21} {6470 16 false 22} {1363 16 false 23} {716 16 false 24} {2684 16 false 25} {5836 19 false 26} {5544 19 false 27} {713 19 false 28} {6403 19 false 29} {881 19 false 30} {3832 19 false 31} {4831 19 false 32} {989 19 false 33} {3559 19 false 34} {4757 19 false 35} {5501 19 false 36} {705 19 false 37} {528 19 false 38} {4304 19 false 39} {4358 19 false 40} {8941 19 false 41} {1994 19 false 42} {411 19 false 43} {6856 102 false 44} {6148 102 false 45} {7835 102 false 46} {4314 102 false 47} {7676 102 false 48} {5480 102 false 49} {4382 102 false 50} {2582 102 false 51} {7443 102 false 52} {9134 102 false 53} {2649 102 false 54} {586 102 false 55} {4045 102 false 56} {5765 102 false 57} {9354 102 false 58} {5329 102 false 59} {6295 102 false 60} {7065 102 false 61} {3684 132 false 62} {6875 132 false 63} {439 132 false 64} {5857 132 false 65} {6509 132 false 66} {9502 132 false 67} {3617 132 false 68} {2332 132 false 69} {30 132 false 70} {1948 132 false 71} {9082 132 false 72} {4053 132 false 73} {3892 132 false 74} {6050 132 false 75} {3442 132 false 76} {2387 132 false 77} {7449 132 false 78} {6477 132 false 79} {1195 132 false 80} {4824 132 false 81} {3490 132 false 82} {819 132 false 83} {7845 132 false 84} {5910 132 false 85}] 
2025/11/03 17:32:37 [17:32:37.986] [Node:0] [LOG_REPLICA] [Trace:LOG_2_162][2->0] 复制日志结果:[{<nil> 0 false 0} {9885 2 false 1} {7369 4 false 2} {377 9 false 3} {5698 9 false 4} {3675 9 false 5} {7576 9 false 6} {6501 9 false 7} {8962 9 false 8} {9292 11 false 9} {5826 14 false 10} {1116 14 false 11} {8927 16 false 12} {615 16 false 13} {3625 16 false 14} {1425 16 false 15} {9709 16 false 16} {3423 16 false 17} {3134 16 false 18} {3657 16 false 19} {8171 16 false 20} {9440 16 false 21} {6470 16 false 22} {1363 16 false 23} {716 16 false 24} {2684 16 false 25} {5836 19 false 26} {5544 19 false 27} {713 19 false 28} {6403 19 false 29} {881 19 false 30} {3832 19 false 31} {4831 19 false 32} {989 19 false 33} {3559 19 false 34} {4757 19 false 35} {5501 19 false 36} {705 19 false 37} {528 19 false 38} {4304 19 false 39} {4358 19 false 40} {8941 19 false 41} {1994 19 false 42} {411 19 false 43} {7043 95 false 44} {2699 95 false 45} {8150 95 false 46} {8874 95 false 47} {7096 95 false 48} {4872 95 false 49} {3988 95 false 50} {2554 95 false 51} {554 95 false 52} {2953 95 false 53} {9230 95 false 54} {8688 95 false 55} {9094 95 false 56} {3997 95 false 57} {2894 95 false 58} {5667 95 false 59} {3509 95 false 60} {4539 95 false 61} {1900 95 false 62} {395 95 false 63} {4338 95 false 64} {9052 95 false 65} {6681 95 false 66} {5152 95 false 67} {2250 95 false 68} {7353 95 false 69} {7300 95 false 70} {9476 95 false 71} {5907 95 false 72} {8352 95 false 73} {3326 95 false 74} {2806 95 false 75} {5167 95 false 76} {3514 95 false 77} {7493 95 false 78} {3260 95 false 79} {2440 95 false 80} {2920 95 false 81} {8285 95 false 82} {4140 95 false 83} {8602 95 false 84} {5537 95 false 85} {4663 95 false 86} {8098 95 false 87} {743 95 false 88} {9006 95 false 89} {6480 95 false 90} {4305 95 false 91} {7754 95 false 92} {612 95 false 93} {7820 95 false 94} {4607 95 false 95} {7256 95 false 96} {4888 95 false 97} {1311 95 false 98} {8099 95 false 99} {1197 95 false 100} {2238 95 false 101} {2354 95 false 102} {3362 95 false 103} {919 95 false 104} {8424 95 false 105} {6099 95 false 106} {1374 95 false 107} {2506 95 false 108} {7804 95 false 109} {5971 95 false 110} {3293 95 false 111} {6828 95 false 112} {5896 95 false 113} {2846 95 false 114} {1290 95 false 115} {7082 95 false 116} {4917 95 false 117} {3250 95 false 118} {248 95 false 119} {1140 95 false 120} {1245 95 false 121} {6024 95 false 122} {4473 95 false 123} {2136 95 false 124} {4154 95 false 125} {2583 95 false 126} {708 95 false 127} {4481 95 false 128} {6476 95 false 129} {5036 95 false 130} {4065 95 false 131} {6200 95 false 132} {1397 95 false 133} {4279 95 false 134} {6833 95 false 135} {4346 95 false 136} {3317 95 false 137} {4185 95 false 138} {4000 95 false 139} {2185 95 false 140} {8037 95 false 141} {1968 95 false 142} {6414 95 false 143} {6351 95 false 144} {1290 95 false 145} {255 95 false 146} {5814 95 false 147} {9138 95 false 148} {1249 95 false 149} {8088 95 false 150} {61 95 false 151} {6456 95 false 152} {9658 95 false 153} {2752 95 false 154} {4915 95 false 155} {2443 95 false 156} {4194 95 false 157} {928 95 false 158} {5614 95 false 159} {8999 95 false 160} {1953 95 false 161} {2650 95 false 162} {3468 95 false 163} {1123 95 false 164} {3774 95 false 165} {6358 95 false 166} {5925 95 false 167} {338 95 false 168} {99 95 false 169} {4512 95 false 170} {7477 95 false 171} {169 95 false 172} {6395 95 false 173} {7193 95 false 174} {2353 95 false 175} {3277 95 false 176} {6306 95 false 177} {5511 95 false 178} {2355 95 false 179} {8128 95 false 180} {6058 95 false 181} {7487 95 false 182} {9104 95 false 183} {9659 95 false 184} {3870 95 false 185} {7666 95 false 186} {8351 95 false 187} {9904 95 false 188} {3086 95 false 189} {4239 95 false 190} {9285 95 false 191} {8547 95 false 192} {5397 95 false 193} {6203 95 false 194} {2701 95 false 195} {281 95 false 196} {5684 95 false 197} {6931 95 false 198} {1998 95 false 199} {3892 95 false 200} {8994 95 false 201} {8648 95 false 202} {4605 95 false 203} {4080 95 false 204} {3229 95 false 205} {1192 95 false 206} {7753 95 false 207} {2164 95 false 208} {3086 95 false 209} {5245 95 false 210} {7102 95 false 211} {8818 95 false 212} {5017 95 false 213} {7628 95 false 214} {6028 95 false 215} {590 95 false 216} {6004 95 false 217} {2477 95 false 218} {6033 95 false 219} {4971 95 false 220} {7653 95 false 221} {4210 95 false 222} {654 95 false 223} {1347 95 false 224} {548 95 false 225} {2425 95 false 226} {7551 95 false 227} {147 95 false 228} {3398 95 false 229} {9137 95 false 230} {5214 95 false 231} {1870 95 false 232} {2007 95 false 233} {4259 95 false 234} {5871 95 false 235} {1999 95 false 236} {2250 95 false 237} {2233 95 false 238} {9889 95 false 239} {3674 95 false 240} {3867 95 false 241} {9585 95 false 242} {7532 95 false 243} {3418 95 false 244} {1920 95 false 245} {5828 95 false 246} {3723 95 false 247} {197 95 false 248} {3771 95 false 249} {9308 95 false 250} {8474 95 false 251} {6670 95 false 252} {8023 95 false 253} {9827 95 false 254} {745 95 false 255} {9541 95 false 256} {4130 95 false 257} {3683 95 false 258} {244 95 false 259} {1055 95 false 260} {7937 95 false 261} {9098 95 false 262} {8583 141 false 263} {4509 141 false 264} {5945 141 false 265} {7900 141 false 266} {8891 141 false 267} {8803 141 false 268} {2042 141 false 269} {8293 141 false 270} {4473 141 false 271} {6604 141 false 272} {5376 141 false 273} {6396 141 false 274} {8674 141 false 275} {5663 141 false 276} {1465 141 false 277} {4305 141 false 278} {29 141 false 279} {5595 141 false 280} {5764 141 false 281} {473 141 false 282} {6305 141 false 283} {273 141 false 284} {3146 141 false 285} {9506 141 false 286} {4632 141 false 287} {6027 141 false 288} {6952 141 false 289} {8257 141 false 290} {9649 141 false 291} {4178 141 false 292} {7266 141 false 293} {2232 141 false 294} {1973 141 false 295} {1704 141 false 296} {9529 141 false 297} {7427 141 false 298} {4392 141 false 299} {8497 141 false 300} {8041 141 false 301} {5966 141 false 302} {8440 141 false 303} {2229 141 false 304} {815 141 false 305} {1570 141 false 306} {6889 141 false 307} {4416 141 false 308} {651 141 false 309} {8692 141 false 310} {5425 141 false 311} {4142 141 false 312} {1077 141 false 313} {7325 141 false 314} {2814 141 false 315} {202 141 false 316} {7450 141 false 317} {8805 141 false 318} {3424 141 false 319} {3006 141 false 320} {4641 141 false 321} {2604 141 false 322} {3988 141 false 323} {8515 141 false 324} {4262 141 false 325} {6619 141 false 326} {8498 141 false 327} {9672 141 false 328} {8418 141 false 329} {5033 141 false 330} {5311 141 false 331} {9242 141 false 332} {7380 141 false 333} {5261 141 false 334} {9100 141 false 335} {4374 141 false 336} {2866 141 false 337} {290 141 false 338} {2261 141 false 339} {120 141 false 340} {7072 141 false 341} {7931 141 false 342} {2635 141 false 343} {1951 141 false 344} {8594 141 false 345} {4127 141 false 346} {2386 141 false 347} {2174 141 false 348} {3837 141 false 349} {8358 141 false 350} {7353 141 false 351} {2094 141 false 352} {569 141 false 353} {8759 141 false 354} {1223 141 false 355} {3599 141 false 356} {123 141 false 357} {3680 141 false 358} {6063 141 false 359} {8870 141 false 360} {8775 141 false 361} {2959 141 false 362} {8613 141 false 363} {3399 141 false 364} {1931 141 false 365} {3362 141 false 366} {9117 141 false 367} {2364 141 false 368} {7785 141 false 369} {5066 141 false 370} {6181 141 false 371} {6803 141 false 372} {6922 141 false 373} {4098 141 false 374} {869 141 false 375} {4009 141 false 376} {1013 141 false 377} {4881 141 false 378} {3898 141 false 379} {1276 141 false 380} {3816 141 false 381} {9317 141 false 382} {8377 141 false 383} {9596 141 false 384} {3339 141 false 385} {1374 141 false 386} {4753 141 false 387} {5037 141 false 388} {8833 141 false 389}] 
2025/11/03 17:32:37 [17:32:37.988] [Node:0] [HEARTBEAT] [Trace:HB_0_162] Follower等心跳 status FOLLOWER term:162 commitIndex:24
2025/11/03 17:32:38 [17:32:38.088] [Node:0] [HEARTBEAT] [Trace:HB_0_162] Follower等心跳 status FOLLOWER term:162 commitIndex:24
2025/11/03 17:32:38 [17:32:38.188] [Node:0] [HEARTBEAT] [Trace:HB_0_162] Follower等心跳 status FOLLOWER term:162 commitIndex:24
2025/11/03 17:32:38 [17:32:38.193] [Node:0] [LOG_REPLICA] [Trace:LOG_2_162][2->0] AppendEntries 收到 term:162 leaderId:2 prevLogIndex:24 prevLogTerm:16 entries:365 leaderCommit:24 isHeartbeat:false currentTerm:162 status:FOLLOWER
2025/11/03 17:32:38 [17:32:38.193] [Node:0] [LOG_REPLICA] [Trace:LOG_2_162][2->0] 打印日志结果:[{<nil> 0 false 0} {9885 2 false 1} {7369 4 false 2} {377 9 false 3} {5698 9 false 4} {3675 9 false 5} {7576 9 false 6} {6501 9 false 7} {8962 9 false 8} {9292 11 false 9} {5826 14 false 10} {1116 14 false 11} {8927 16 false 12} {615 16 false 13} {3625 16 false 14} {1425 16 false 15} {9709 16 false 16} {3423 16 false 17} {3134 16 false 18} {3657 16 false 19} {8171 16 false 20} {9440 16 false 21} {6470 16 false 22} {1363 16 false 23} {716 16 false 24} {2684 16 false 25} {5836 19 false 26} {5544 19 false 27} {713 19 false 28} {6403 19 false 29} {881 19 false 30} {3832 19 false 31} {4831 19 false 32} {989 19 false 33} {3559 19 false 34} {4757 19 false 35} {5501 19 false 36} {705 19 false 37} {528 19 false 38} {4304 19 false 39} {4358 19 false 40} {8941 19 false 41} {1994 19 false 42} {411 19 false 43} {7043 95 false 44} {2699 95 false 45} {8150 95 false 46} {8874 95 false 47} {7096 95 false 48} {4872 95 false 49} {3988 95 false 50} {2554 95 false 51} {554 95 false 52} {2953 95 false 53} {9230 95 false 54} {8688 95 false 55} {9094 95 false 56} {3997 95 false 57} {2894 95 false 58} {5667 95 false 59} {3509 95 false 60} {4539 95 false 61} {1900 95 false 62} {395 95 false 63} {4338 95 false 64} {9052 95 false 65} {6681 95 false 66} {5152 95 false 67} {2250 95 false 68} {7353 95 false 69} {7300 95 false 70} {9476 95 false 71} {5907 95 false 72} {8352 95 false 73} {3326 95 false 74} {2806 95 false 75} {5167 95 false 76} {3514 95 false 77} {7493 95 false 78} {3260 95 false 79} {2440 95 false 80} {2920 95 false 81} {8285 95 false 82} {4140 95 false 83} {8602 95 false 84} {5537 95 false 85} {4663 95 false 86} {8098 95 false 87} {743 95 false 88} {9006 95 false 89} {6480 95 false 90} {4305 95 false 91} {7754 95 false 92} {612 95 false 93} {7820 95 false 94} {4607 95 false 95} {7256 95 false 96} {4888 95 false 97} {1311 95 false 98} {8099 95 false 99} {1197 95 false 100} {2238 95 false 101} {2354 95 false 102} {3362 95 false 103} {919 95 false 104} {8424 95 false 105} {6099 95 false 106} {1374 95 false 107} {2506 95 false 108} {7804 95 false 109} {5971 95 false 110} {3293 95 false 111} {6828 95 false 112} {5896 95 false 113} {2846 95 false 114} {1290 95 false 115} {7082 95 false 116} {4917 95 false 117} {3250 95 false 118} {248 95 false 119} {1140 95 false 120} {1245 95 false 121} {6024 95 false 122} {4473 95 false 123} {2136 95 false 124} {4154 95 false 125} {2583 95 false 126} {708 95 false 127} {4481 95 false 128} {6476 95 false 129} {5036 95 false 130} {4065 95 false 131} {6200 95 false 132} {1397 95 false 133} {4279 95 false 134} {6833 95 false 135} {4346 95 false 136} {3317 95 false 137} {4185 95 false 138} {4000 95 false 139} {2185 95 false 140} {8037 95 false 141} {1968 95 false 142} {6414 95 false 143} {6351 95 false 144} {1290 95 false 145} {255 95 false 146} {5814 95 false 147} {9138 95 false 148} {1249 95 false 149} {8088 95 false 150} {61 95 false 151} {6456 95 false 152} {9658 95 false 153} {2752 95 false 154} {4915 95 false 155} {2443 95 false 156} {4194 95 false 157} {928 95 false 158} {5614 95 false 159} {8999 95 false 160} {1953 95 false 161} {2650 95 false 162} {3468 95 false 163} {1123 95 false 164} {3774 95 false 165} {6358 95 false 166} {5925 95 false 167} {338 95 false 168} {99 95 false 169} {4512 95 false 170} {7477 95 false 171} {169 95 false 172} {6395 95 false 173} {7193 95 false 174} {2353 95 false 175} {3277 95 false 176} {6306 95 false 177} {5511 95 false 178} {2355 95 false 179} {8128 95 false 180} {6058 95 false 181} {7487 95 false 182} {9104 95 false 183} {9659 95 false 184} {3870 95 false 185} {7666 95 false 186} {8351 95 false 187} {9904 95 false 188} {3086 95 false 189} {4239 95 false 190} {9285 95 false 191} {8547 95 false 192} {5397 95 false 193} {6203 95 false 194} {2701 95 false 195} {281 95 false 196} {5684 95 false 197} {6931 95 false 198} {1998 95 false 199} {3892 95 false 200} {8994 95 false 201} {8648 95 false 202} {4605 95 false 203} {4080 95 false 204} {3229 95 false 205} {1192 95 false 206} {7753 95 false 207} {2164 95 false 208} {3086 95 false 209} {5245 95 false 210} {7102 95 false 211} {8818 95 false 212} {5017 95 false 213} {7628 95 false 214} {6028 95 false 215} {590 95 false 216} {6004 95 false 217} {2477 95 false 218} {6033 95 false 219} {4971 95 false 220} {7653 95 false 221} {4210 95 false 222} {654 95 false 223} {1347 95 false 224} {548 95 false 225} {2425 95 false 226} {7551 95 false 227} {147 95 false 228} {3398 95 false 229} {9137 95 false 230} {5214 95 false 231} {1870 95 false 232} {2007 95 false 233} {4259 95 false 234} {5871 95 false 235} {1999 95 false 236} {2250 95 false 237} {2233 95 false 238} {9889 95 false 239} {3674 95 false 240} {3867 95 false 241} {9585 95 false 242} {7532 95 false 243} {3418 95 false 244} {1920 95 false 245} {5828 95 false 246} {3723 95 false 247} {197 95 false 248} {3771 95 false 249} {9308 95 false 250} {8474 95 false 251} {6670 95 false 252} {8023 95 false 253} {9827 95 false 254} {745 95 false 255} {9541 95 false 256} {4130 95 false 257} {3683 95 false 258} {244 95 false 259} {1055 95 false 260} {7937 95 false 261} {9098 95 false 262} {8583 141 false 263} {4509 141 false 264} {5945 141 false 265} {7900 141 false 266} {8891 141 false 267} {8803 141 false 268} {2042 141 false 269} {8293 141 false 270} {4473 141 false 271} {6604 141 false 272} {5376 141 false 273} {6396 141 false 274} {8674 141 false 275} {5663 141 false 276} {1465 141 false 277} {4305 141 false 278} {29 141 false 279} {5595 141 false 280} {5764 141 false 281} {473 141 false 282} {6305 141 false 283} {273 141 false 284} {3146 141 false 285} {9506 141 false 286} {4632 141 false 287} {6027 141 false 288} {6952 141 false 289} {8257 141 false 290} {9649 141 false 291} {4178 141 false 292} {7266 141 false 293} {2232 141 false 294} {1973 141 false 295} {1704 141 false 296} {9529 141 false 297} {7427 141 false 298} {4392 141 false 299} {8497 141 false 300} {8041 141 false 301} {5966 141 false 302} {8440 141 false 303} {2229 141 false 304} {815 141 false 305} {1570 141 false 306} {6889 141 false 307} {4416 141 false 308} {651 141 false 309} {8692 141 false 310} {5425 141 false 311} {4142 141 false 312} {1077 141 false 313} {7325 141 false 314} {2814 141 false 315} {202 141 false 316} {7450 141 false 317} {8805 141 false 318} {3424 141 false 319} {3006 141 false 320} {4641 141 false 321} {2604 141 false 322} {3988 141 false 323} {8515 141 false 324} {4262 141 false 325} {6619 141 false 326} {8498 141 false 327} {9672 141 false 328} {8418 141 false 329} {5033 141 false 330} {5311 141 false 331} {9242 141 false 332} {7380 141 false 333} {5261 141 false 334} {9100 141 false 335} {4374 141 false 336} {2866 141 false 337} {290 141 false 338} {2261 141 false 339} {120 141 false 340} {7072 141 false 341} {7931 141 false 342} {2635 141 false 343} {1951 141 false 344} {8594 141 false 345} {4127 141 false 346} {2386 141 false 347} {2174 141 false 348} {3837 141 false 349} {8358 141 false 350} {7353 141 false 351} {2094 141 false 352} {569 141 false 353} {8759 141 false 354} {1223 141 false 355} {3599 141 false 356} {123 141 false 357} {3680 141 false 358} {6063 141 false 359} {8870 141 false 360} {8775 141 false 361} {2959 141 false 362} {8613 141 false 363} {3399 141 false 364} {1931 141 false 365} {3362 141 false 366} {9117 141 false 367} {2364 141 false 368} {7785 141 false 369} {5066 141 false 370} {6181 141 false 371} {6803 141 false 372} {6922 141 false 373} {4098 141 false 374} {869 141 false 375} {4009 141 false 376} {1013 141 false 377} {4881 141 false 378} {3898 141 false 379} {1276 141 false 380} {3816 141 false 381} {9317 141 false 382} {8377 141 false 383} {9596 141 false 384} {3339 141 false 385} {1374 141 false 386} {4753 141 false 387} {5037 141 false 388} {8833 141 false 389}] 
2025/11/03 17:32:38 [17:32:38.196] [Node:0] [LOG_REPLICA] [Trace:LOG_2_162][2->0] 复制日志结果:[{<nil> 0 false 0} {9885 2 false 1} {7369 4 false 2} {377 9 false 3} {5698 9 false 4} {3675 9 false 5} {7576 9 false 6} {6501 9 false 7} {8962 9 false 8} {9292 11 false 9} {5826 14 false 10} {1116 14 false 11} {8927 16 false 12} {615 16 false 13} {3625 16 false 14} {1425 16 false 15} {9709 16 false 16} {3423 16 false 17} {3134 16 false 18} {3657 16 false 19} {8171 16 false 20} {9440 16 false 21} {6470 16 false 22} {1363 16 false 23} {716 16 false 24} {2684 16 false 25} {5836 19 false 26} {5544 19 false 27} {713 19 false 28} {6403 19 false 29} {881 19 false 30} {3832 19 false 31} {4831 19 false 32} {989 19 false 33} {3559 19 false 34} {4757 19 false 35} {5501 19 false 36} {705 19 false 37} {528 19 false 38} {4304 19 false 39} {4358 19 false 40} {8941 19 false 41} {1994 19 false 42} {411 19 false 43} {7043 95 false 44} {2699 95 false 45} {8150 95 false 46} {8874 95 false 47} {7096 95 false 48} {4872 95 false 49} {3988 95 false 50} {2554 95 false 51} {554 95 false 52} {2953 95 false 53} {9230 95 false 54} {8688 95 false 55} {9094 95 false 56} {3997 95 false 57} {2894 95 false 58} {5667 95 false 59} {3509 95 false 60} {4539 95 false 61} {1900 95 false 62} {395 95 false 63} {4338 95 false 64} {9052 95 false 65} {6681 95 false 66} {5152 95 false 67} {2250 95 false 68} {7353 95 false 69} {7300 95 false 70} {9476 95 false 71} {5907 95 false 72} {8352 95 false 73} {3326 95 false 74} {2806 95 false 75} {5167 95 false 76} {3514 95 false 77} {7493 95 false 78} {3260 95 false 79} {2440 95 false 80} {2920 95 false 81} {8285 95 false 82} {4140 95 false 83} {8602 95 false 84} {5537 95 false 85} {4663 95 false 86} {8098 95 false 87} {743 95 false 88} {9006 95 false 89} {6480 95 false 90} {4305 95 false 91} {7754 95 false 92} {612 95 false 93} {7820 95 false 94} {4607 95 false 95} {7256 95 false 96} {4888 95 false 97} {1311 95 false 98} {8099 95 false 99} {1197 95 false 100} {2238 95 false 101} {2354 95 false 102} {3362 95 false 103} {919 95 false 104} {8424 95 false 105} {6099 95 false 106} {1374 95 false 107} {2506 95 false 108} {7804 95 false 109} {5971 95 false 110} {3293 95 false 111} {6828 95 false 112} {5896 95 false 113} {2846 95 false 114} {1290 95 false 115} {7082 95 false 116} {4917 95 false 117} {3250 95 false 118} {248 95 false 119} {1140 95 false 120} {1245 95 false 121} {6024 95 false 122} {4473 95 false 123} {2136 95 false 124} {4154 95 false 125} {2583 95 false 126} {708 95 false 127} {4481 95 false 128} {6476 95 false 129} {5036 95 false 130} {4065 95 false 131} {6200 95 false 132} {1397 95 false 133} {4279 95 false 134} {6833 95 false 135} {4346 95 false 136} {3317 95 false 137} {4185 95 false 138} {4000 95 false 139} {2185 95 false 140} {8037 95 false 141} {1968 95 false 142} {6414 95 false 143} {6351 95 false 144} {1290 95 false 145} {255 95 false 146} {5814 95 false 147} {9138 95 false 148} {1249 95 false 149} {8088 95 false 150} {61 95 false 151} {6456 95 false 152} {9658 95 false 153} {2752 95 false 154} {4915 95 false 155} {2443 95 false 156} {4194 95 false 157} {928 95 false 158} {5614 95 false 159} {8999 95 false 160} {1953 95 false 161} {2650 95 false 162} {3468 95 false 163} {1123 95 false 164} {3774 95 false 165} {6358 95 false 166} {5925 95 false 167} {338 95 false 168} {99 95 false 169} {4512 95 false 170} {7477 95 false 171} {169 95 false 172} {6395 95 false 173} {7193 95 false 174} {2353 95 false 175} {3277 95 false 176} {6306 95 false 177} {5511 95 false 178} {2355 95 false 179} {8128 95 false 180} {6058 95 false 181} {7487 95 false 182} {9104 95 false 183} {9659 95 false 184} {3870 95 false 185} {7666 95 false 186} {8351 95 false 187} {9904 95 false 188} {3086 95 false 189} {4239 95 false 190} {9285 95 false 191} {8547 95 false 192} {5397 95 false 193} {6203 95 false 194} {2701 95 false 195} {281 95 false 196} {5684 95 false 197} {6931 95 false 198} {1998 95 false 199} {3892 95 false 200} {8994 95 false 201} {8648 95 false 202} {4605 95 false 203} {4080 95 false 204} {3229 95 false 205} {1192 95 false 206} {7753 95 false 207} {2164 95 false 208} {3086 95 false 209} {5245 95 false 210} {7102 95 false 211} {8818 95 false 212} {5017 95 false 213} {7628 95 false 214} {6028 95 false 215} {590 95 false 216} {6004 95 false 217} {2477 95 false 218} {6033 95 false 219} {4971 95 false 220} {7653 95 false 221} {4210 95 false 222} {654 95 false 223} {1347 95 false 224} {548 95 false 225} {2425 95 false 226} {7551 95 false 227} {147 95 false 228} {3398 95 false 229} {9137 95 false 230} {5214 95 false 231} {1870 95 false 232} {2007 95 false 233} {4259 95 false 234} {5871 95 false 235} {1999 95 false 236} {2250 95 false 237} {2233 95 false 238} {9889 95 false 239} {3674 95 false 240} {3867 95 false 241} {9585 95 false 242} {7532 95 false 243} {3418 95 false 244} {1920 95 false 245} {5828 95 false 246} {3723 95 false 247} {197 95 false 248} {3771 95 false 249} {9308 95 false 250} {8474 95 false 251} {6670 95 false 252} {8023 95 false 253} {9827 95 false 254} {745 95 false 255} {9541 95 false 256} {4130 95 false 257} {3683 95 false 258} {244 95 false 259} {1055 95 false 260} {7937 95 false 261} {9098 95 false 262} {8583 141 false 263} {4509 141 false 264} {5945 141 false 265} {7900 141 false 266} {8891 141 false 267} {8803 141 false 268} {2042 141 false 269} {8293 141 false 270} {4473 141 false 271} {6604 141 false 272} {5376 141 false 273} {6396 141 false 274} {8674 141 false 275} {5663 141 false 276} {1465 141 false 277} {4305 141 false 278} {29 141 false 279} {5595 141 false 280} {5764 141 false 281} {473 141 false 282} {6305 141 false 283} {273 141 false 284} {3146 141 false 285} {9506 141 false 286} {4632 141 false 287} {6027 141 false 288} {6952 141 false 289} {8257 141 false 290} {9649 141 false 291} {4178 141 false 292} {7266 141 false 293} {2232 141 false 294} {1973 141 false 295} {1704 141 false 296} {9529 141 false 297} {7427 141 false 298} {4392 141 false 299} {8497 141 false 300} {8041 141 false 301} {5966 141 false 302} {8440 141 false 303} {2229 141 false 304} {815 141 false 305} {1570 141 false 306} {6889 141 false 307} {4416 141 false 308} {651 141 false 309} {8692 141 false 310} {5425 141 false 311} {4142 141 false 312} {1077 141 false 313} {7325 141 false 314} {2814 141 false 315} {202 141 false 316} {7450 141 false 317} {8805 141 false 318} {3424 141 false 319} {3006 141 false 320} {4641 141 false 321} {2604 141 false 322} {3988 141 false 323} {8515 141 false 324} {4262 141 false 325} {6619 141 false 326} {8498 141 false 327} {9672 141 false 328} {8418 141 false 329} {5033 141 false 330} {5311 141 false 331} {9242 141 false 332} {7380 141 false 333} {5261 141 false 334} {9100 141 false 335} {4374 141 false 336} {2866 141 false 337} {290 141 false 338} {2261 141 false 339} {120 141 false 340} {7072 141 false 341} {7931 141 false 342} {2635 141 false 343} {1951 141 false 344} {8594 141 false 345} {4127 141 false 346} {2386 141 false 347} {2174 141 false 348} {3837 141 false 349} {8358 141 false 350} {7353 141 false 351} {2094 141 false 352} {569 141 false 353} {8759 141 false 354} {1223 141 false 355} {3599 141 false 356} {123 141 false 357} {3680 141 false 358} {6063 141 false 359} {8870 141 false 360} {8775 141 false 361} {2959 141 false 362} {8613 141 false 363} {3399 141 false 364} {1931 141 false 365} {3362 141 false 366} {9117 141 false 367} {2364 141 false 368} {7785 141 false 369} {5066 141 false 370} {6181 141 false 371} {6803 141 false 372} {6922 141 false 373} {4098 141 false 374} {869 141 false 375} {4009 141 false 376} {1013 141 false 377} {4881 141 false 378} {3898 141 false 379} {1276 141 false 380} {3816 141 false 381} {9317 141 false 382} {8377 141 false 383} {9596 141 false 384} {3339 141 false 385} {1374 141 false 386} {4753 141 false 387} {5037 141 false 388} {8833 141 false 389}] 
2025/11/03 17:32:38 [17:32:38.287] [Node:0] [HEARTBEAT] [Trace:LOG_2_162][2->0] AppendEntries 收到 term:162 leaderId:2 prevLogIndex:389 prevLogTerm:141 entries:0 leaderCommit:24 isHeartbeat:true currentTerm:162 status:FOLLOWER
2025/11/03 17:32:38 [17:32:38.287] [Node:0] [HEARTBEAT] [Trace:LOG_2_162][2->0] 打印日志结果:[{<nil> 0 false 0} {9885 2 false 1} {7369 4 false 2} {377 9 false 3} {5698 9 false 4} {3675 9 false 5} {7576 9 false 6} {6501 9 false 7} {8962 9 false 8} {9292 11 false 9} {5826 14 false 10} {1116 14 false 11} {8927 16 false 12} {615 16 false 13} {3625 16 false 14} {1425 16 false 15} {9709 16 false 16} {3423 16 false 17} {3134 16 false 18} {3657 16 false 19} {8171 16 false 20} {9440 16 false 21} {6470 16 false 22} {1363 16 false 23} {716 16 false 24} {2684 16 false 25} {5836 19 false 26} {5544 19 false 27} {713 19 false 28} {6403 19 false 29} {881 19 false 30} {3832 19 false 31} {4831 19 false 32} {989 19 false 33} {3559 19 false 34} {4757 19 false 35} {5501 19 false 36} {705 19 false 37} {528 19 false 38} {4304 19 false 39} {4358 19 false 40} {8941 19 false 41} {1994 19 false 42} {411 19 false 43} {7043 95 false 44} {2699 95 false 45} {8150 95 false 46} {8874 95 false 47} {7096 95 false 48} {4872 95 false 49} {3988 95 false 50} {2554 95 false 51} {554 95 false 52} {2953 95 false 53} {9230 95 false 54} {8688 95 false 55} {9094 95 false 56} {3997 95 false 57} {2894 95 false 58} {5667 95 false 59} {3509 95 false 60} {4539 95 false 61} {1900 95 false 62} {395 95 false 63} {4338 95 false 64} {9052 95 false 65} {6681 95 false 66} {5152 95 false 67} {2250 95 false 68} {7353 95 false 69} {7300 95 false 70} {9476 95 false 71} {5907 95 false 72} {8352 95 false 73} {3326 95 false 74} {2806 95 false 75} {5167 95 false 76} {3514 95 false 77} {7493 95 false 78} {3260 95 false 79} {2440 95 false 80} {2920 95 false 81} {8285 95 false 82} {4140 95 false 83} {8602 95 false 84} {5537 95 false 85} {4663 95 false 86} {8098 95 false 87} {743 95 false 88} {9006 95 false 89} {6480 95 false 90} {4305 95 false 91} {7754 95 false 92} {612 95 false 93} {7820 95 false 94} {4607 95 false 95} {7256 95 false 96} {4888 95 false 97} {1311 95 false 98} {8099 95 false 99} {1197 95 false 100} {2238 95 false 101} {2354 95 false 102} {3362 95 false 103} {919 95 false 104} {8424 95 false 105} {6099 95 false 106} {1374 95 false 107} {2506 95 false 108} {7804 95 false 109} {5971 95 false 110} {3293 95 false 111} {6828 95 false 112} {5896 95 false 113} {2846 95 false 114} {1290 95 false 115} {7082 95 false 116} {4917 95 false 117} {3250 95 false 118} {248 95 false 119} {1140 95 false 120} {1245 95 false 121} {6024 95 false 122} {4473 95 false 123} {2136 95 false 124} {4154 95 false 125} {2583 95 false 126} {708 95 false 127} {4481 95 false 128} {6476 95 false 129} {5036 95 false 130} {4065 95 false 131} {6200 95 false 132} {1397 95 false 133} {4279 95 false 134} {6833 95 false 135} {4346 95 false 136} {3317 95 false 137} {4185 95 false 138} {4000 95 false 139} {2185 95 false 140} {8037 95 false 141} {1968 95 false 142} {6414 95 false 143} {6351 95 false 144} {1290 95 false 145} {255 95 false 146} {5814 95 false 147} {9138 95 false 148} {1249 95 false 149} {8088 95 false 150} {61 95 false 151} {6456 95 false 152} {9658 95 false 153} {2752 95 false 154} {4915 95 false 155} {2443 95 false 156} {4194 95 false 157} {928 95 false 158} {5614 95 false 159} {8999 95 false 160} {1953 95 false 161} {2650 95 false 162} {3468 95 false 163} {1123 95 false 164} {3774 95 false 165} {6358 95 false 166} {5925 95 false 167} {338 95 false 168} {99 95 false 169} {4512 95 false 170} {7477 95 false 171} {169 95 false 172} {6395 95 false 173} {7193 95 false 174} {2353 95 false 175} {3277 95 false 176} {6306 95 false 177} {5511 95 false 178} {2355 95 false 179} {8128 95 false 180} {6058 95 false 181} {7487 95 false 182} {9104 95 false 183} {9659 95 false 184} {3870 95 false 185} {7666 95 false 186} {8351 95 false 187} {9904 95 false 188} {3086 95 false 189} {4239 95 false 190} {9285 95 false 191} {8547 95 false 192} {5397 95 false 193} {6203 95 false 194} {2701 95 false 195} {281 95 false 196} {5684 95 false 197} {6931 95 false 198} {1998 95 false 199} {3892 95 false 200} {8994 95 false 201} {8648 95 false 202} {4605 95 false 203} {4080 95 false 204} {3229 95 false 205} {1192 95 false 206} {7753 95 false 207} {2164 95 false 208} {3086 95 false 209} {5245 95 false 210} {7102 95 false 211} {8818 95 false 212} {5017 95 false 213} {7628 95 false 214} {6028 95 false 215} {590 95 false 216} {6004 95 false 217} {2477 95 false 218} {6033 95 false 219} {4971 95 false 220} {7653 95 false 221} {4210 95 false 222} {654 95 false 223} {1347 95 false 224} {548 95 false 225} {2425 95 false 226} {7551 95 false 227} {147 95 false 228} {3398 95 false 229} {9137 95 false 230} {5214 95 false 231} {1870 95 false 232} {2007 95 false 233} {4259 95 false 234} {5871 95 false 235} {1999 95 false 236} {2250 95 false 237} {2233 95 false 238} {9889 95 false 239} {3674 95 false 240} {3867 95 false 241} {9585 95 false 242} {7532 95 false 243} {3418 95 false 244} {1920 95 false 245} {5828 95 false 246} {3723 95 false 247} {197 95 false 248} {3771 95 false 249} {9308 95 false 250} {8474 95 false 251} {6670 95 false 252} {8023 95 false 253} {9827 95 false 254} {745 95 false 255} {9541 95 false 256} {4130 95 false 257} {3683 95 false 258} {244 95 false 259} {1055 95 false 260} {7937 95 false 261} {9098 95 false 262} {8583 141 false 263} {4509 141 false 264} {5945 141 false 265} {7900 141 false 266} {8891 141 false 267} {8803 141 false 268} {2042 141 false 269} {8293 141 false 270} {4473 141 false 271} {6604 141 false 272} {5376 141 false 273} {6396 141 false 274} {8674 141 false 275} {5663 141 false 276} {1465 141 false 277} {4305 141 false 278} {29 141 false 279} {5595 141 false 280} {5764 141 false 281} {473 141 false 282} {6305 141 false 283} {273 141 false 284} {3146 141 false 285} {9506 141 false 286} {4632 141 false 287} {6027 141 false 288} {6952 141 false 289} {8257 141 false 290} {9649 141 false 291} {4178 141 false 292} {7266 141 false 293} {2232 141 false 294} {1973 141 false 295} {1704 141 false 296} {9529 141 false 297} {7427 141 false 298} {4392 141 false 299} {8497 141 false 300} {8041 141 false 301} {5966 141 false 302} {8440 141 false 303} {2229 141 false 304} {815 141 false 305} {1570 141 false 306} {6889 141 false 307} {4416 141 false 308} {651 141 false 309} {8692 141 false 310} {5425 141 false 311} {4142 141 false 312} {1077 141 false 313} {7325 141 false 314} {2814 141 false 315} {202 141 false 316} {7450 141 false 317} {8805 141 false 318} {3424 141 false 319} {3006 141 false 320} {4641 141 false 321} {2604 141 false 322} {3988 141 false 323} {8515 141 false 324} {4262 141 false 325} {6619 141 false 326} {8498 141 false 327} {9672 141 false 328} {8418 141 false 329} {5033 141 false 330} {5311 141 false 331} {9242 141 false 332} {7380 141 false 333} {5261 141 false 334} {9100 141 false 335} {4374 141 false 336} {2866 141 false 337} {290 141 false 338} {2261 141 false 339} {120 141 false 340} {7072 141 false 341} {7931 141 false 342} {2635 141 false 343} {1951 141 false 344} {8594 141 false 345} {4127 141 false 346} {2386 141 false 347} {2174 141 false 348} {3837 141 false 349} {8358 141 false 350} {7353 141 false 351} {2094 141 false 352} {569 141 false 353} {8759 141 false 354} {1223 141 false 355} {3599 141 false 356} {123 141 false 357} {3680 141 false 358} {6063 141 false 359} {8870 141 false 360} {8775 141 false 361} {2959 141 false 362} {8613 141 false 363} {3399 141 false 364} {1931 141 false 365} {3362 141 false 366} {9117 141 false 367} {2364 141 false 368} {7785 141 false 369} {5066 141 false 370} {6181 141 false 371} {6803 141 false 372} {6922 141 false 373} {4098 141 false 374} {869 141 false 375} {4009 141 false 376} {1013 141 false 377} {4881 141 false 378} {3898 141 false 379} {1276 141 false 380} {3816 141 false 381} {9317 141 false 382} {8377 141 false 383} {9596 141 false 384} {3339 141 false 385} {1374 141 false 386} {4753 141 false 387} {5037 141 false 388} {8833 141 false 389}] 
2025/11/03 17:32:38 [17:32:38.289] [Node:0] [HEARTBEAT] [Trace:LOG_2_162][2->0] 复制日志结果:[{<nil> 0 false 0} {9885 2 false 1} {7369 4 false 2} {377 9 false 3} {5698 9 false 4} {3675 9 false 5} {7576 9 false 6} {6501 9 false 7} {8962 9 false 8} {9292 11 false 9} {5826 14 false 10} {1116 14 false 11} {8927 16 false 12} {615 16 false 13} {3625 16 false 14} {1425 16 false 15} {9709 16 false 16} {3423 16 false 17} {3134 16 false 18} {3657 16 false 19} {8171 16 false 20} {9440 16 false 21} {6470 16 false 22} {1363 16 false 23} {716 16 false 24} {2684 16 false 25} {5836 19 false 26} {5544 19 false 27} {713 19 false 28} {6403 19 false 29} {881 19 false 30} {3832 19 false 31} {4831 19 false 32} {989 19 false 33} {3559 19 false 34} {4757 19 false 35} {5501 19 false 36} {705 19 false 37} {528 19 false 38} {4304 19 false 39} {4358 19 false 40} {8941 19 false 41} {1994 19 false 42} {411 19 false 43} {7043 95 false 44} {2699 95 false 45} {8150 95 false 46} {8874 95 false 47} {7096 95 false 48} {4872 95 false 49} {3988 95 false 50} {2554 95 false 51} {554 95 false 52} {2953 95 false 53} {9230 95 false 54} {8688 95 false 55} {9094 95 false 56} {3997 95 false 57} {2894 95 false 58} {5667 95 false 59} {3509 95 false 60} {4539 95 false 61} {1900 95 false 62} {395 95 false 63} {4338 95 false 64} {9052 95 false 65} {6681 95 false 66} {5152 95 false 67} {2250 95 false 68} {7353 95 false 69} {7300 95 false 70} {9476 95 false 71} {5907 95 false 72} {8352 95 false 73} {3326 95 false 74} {2806 95 false 75} {5167 95 false 76} {3514 95 false 77} {7493 95 false 78} {3260 95 false 79} {2440 95 false 80} {2920 95 false 81} {8285 95 false 82} {4140 95 false 83} {8602 95 false 84} {5537 95 false 85} {4663 95 false 86} {8098 95 false 87} {743 95 false 88} {9006 95 false 89} {6480 95 false 90} {4305 95 false 91} {7754 95 false 92} {612 95 false 93} {7820 95 false 94} {4607 95 false 95} {7256 95 false 96} {4888 95 false 97} {1311 95 false 98} {8099 95 false 99} {1197 95 false 100} {2238 95 false 101} {2354 95 false 102} {3362 95 false 103} {919 95 false 104} {8424 95 false 105} {6099 95 false 106} {1374 95 false 107} {2506 95 false 108} {7804 95 false 109} {5971 95 false 110} {3293 95 false 111} {6828 95 false 112} {5896 95 false 113} {2846 95 false 114} {1290 95 false 115} {7082 95 false 116} {4917 95 false 117} {3250 95 false 118} {248 95 false 119} {1140 95 false 120} {1245 95 false 121} {6024 95 false 122} {4473 95 false 123} {2136 95 false 124} {4154 95 false 125} {2583 95 false 126} {708 95 false 127} {4481 95 false 128} {6476 95 false 129} {5036 95 false 130} {4065 95 false 131} {6200 95 false 132} {1397 95 false 133} {4279 95 false 134} {6833 95 false 135} {4346 95 false 136} {3317 95 false 137} {4185 95 false 138} {4000 95 false 139} {2185 95 false 140} {8037 95 false 141} {1968 95 false 142} {6414 95 false 143} {6351 95 false 144} {1290 95 false 145} {255 95 false 146} {5814 95 false 147} {9138 95 false 148} {1249 95 false 149} {8088 95 false 150} {61 95 false 151} {6456 95 false 152} {9658 95 false 153} {2752 95 false 154} {4915 95 false 155} {2443 95 false 156} {4194 95 false 157} {928 95 false 158} {5614 95 false 159} {8999 95 false 160} {1953 95 false 161} {2650 95 false 162} {3468 95 false 163} {1123 95 false 164} {3774 95 false 165} {6358 95 false 166} {5925 95 false 167} {338 95 false 168} {99 95 false 169} {4512 95 false 170} {7477 95 false 171} {169 95 false 172} {6395 95 false 173} {7193 95 false 174} {2353 95 false 175} {3277 95 false 176} {6306 95 false 177} {5511 95 false 178} {2355 95 false 179} {8128 95 false 180} {6058 95 false 181} {7487 95 false 182} {9104 95 false 183} {9659 95 false 184} {3870 95 false 185} {7666 95 false 186} {8351 95 false 187} {9904 95 false 188} {3086 95 false 189} {4239 95 false 190} {9285 95 false 191} {8547 95 false 192} {5397 95 false 193} {6203 95 false 194} {2701 95 false 195} {281 95 false 196} {5684 95 false 197} {6931 95 false 198} {1998 95 false 199} {3892 95 false 200} {8994 95 false 201} {8648 95 false 202} {4605 95 false 203} {4080 95 false 204} {3229 95 false 205} {1192 95 false 206} {7753 95 false 207} {2164 95 false 208} {3086 95 false 209} {5245 95 false 210} {7102 95 false 211} {8818 95 false 212} {5017 95 false 213} {7628 95 false 214} {6028 95 false 215} {590 95 false 216} {6004 95 false 217} {2477 95 false 218} {6033 95 false 219} {4971 95 false 220} {7653 95 false 221} {4210 95 false 222} {654 95 false 223} {1347 95 false 224} {548 95 false 225} {2425 95 false 226} {7551 95 false 227} {147 95 false 228} {3398 95 false 229} {9137 95 false 230} {5214 95 false 231} {1870 95 false 232} {2007 95 false 233} {4259 95 false 234} {5871 95 false 235} {1999 95 false 236} {2250 95 false 237} {2233 95 false 238} {9889 95 false 239} {3674 95 false 240} {3867 95 false 241} {9585 95 false 242} {7532 95 false 243} {3418 95 false 244} {1920 95 false 245} {5828 95 false 246} {3723 95 false 247} {197 95 false 248} {3771 95 false 249} {9308 95 false 250} {8474 95 false 251} {6670 95 false 252} {8023 95 false 253} {9827 95 false 254} {745 95 false 255} {9541 95 false 256} {4130 95 false 257} {3683 95 false 258} {244 95 false 259} {1055 95 false 260} {7937 95 false 261} {9098 95 false 262} {8583 141 false 263} {4509 141 false 264} {5945 141 false 265} {7900 141 false 266} {8891 141 false 267} {8803 141 false 268} {2042 141 false 269} {8293 141 false 270} {4473 141 false 271} {6604 141 false 272} {5376 141 false 273} {6396 141 false 274} {8674 141 false 275} {5663 141 false 276} {1465 141 false 277} {4305 141 false 278} {29 141 false 279} {5595 141 false 280} {5764 141 false 281} {473 141 false 282} {6305 141 false 283} {273 141 false 284} {3146 141 false 285} {9506 141 false 286} {4632 141 false 287} {6027 141 false 288} {6952 141 false 289} {8257 141 false 290} {9649 141 false 291} {4178 141 false 292} {7266 141 false 293} {2232 141 false 294} {1973 141 false 295} {1704 141 false 296} {9529 141 false 297} {7427 141 false 298} {4392 141 false 299} {8497 141 false 300} {8041 141 false 301} {5966 141 false 302} {8440 141 false 303} {2229 141 false 304} {815 141 false 305} {1570 141 false 306} {6889 141 false 307} {4416 141 false 308} {651 141 false 309} {8692 141 false 310} {5425 141 false 311} {4142 141 false 312} {1077 141 false 313} {7325 141 false 314} {2814 141 false 315} {202 141 false 316} {7450 141 false 317} {8805 141 false 318} {3424 141 false 319} {3006 141 false 320} {4641 141 false 321} {2604 141 false 322} {3988 141 false 323} {8515 141 false 324} {4262 141 false 325} {6619 141 false 326} {8498 141 false 327} {9672 141 false 328} {8418 141 false 329} {5033 141 false 330} {5311 141 false 331} {9242 141 false 332} {7380 141 false 333} {5261 141 false 334} {9100 141 false 335} {4374 141 false 336} {2866 141 false 337} {290 141 false 338} {2261 141 false 339} {120 141 false 340} {7072 141 false 341} {7931 141 false 342} {2635 141 false 343} {1951 141 false 344} {8594 141 false 345} {4127 141 false 346} {2386 141 false 347} {2174 141 false 348} {3837 141 false 349} {8358 141 false 350} {7353 141 false 351} {2094 141 false 352} {569 141 false 353} {8759 141 false 354} {1223 141 false 355} {3599 141 false 356} {123 141 false 357} {3680 141 false 358} {6063 141 false 359} {8870 141 false 360} {8775 141 false 361} {2959 141 false 362} {8613 141 false 363} {3399 141 false 364} {1931 141 false 365} {3362 141 false 366} {9117 141 false 367} {2364 141 false 368} {7785 141 false 369} {5066 141 false 370} {6181 141 false 371} {6803 141 false 372} {6922 141 false 373} {4098 141 false 374} {869 141 false 375} {4009 141 false 376} {1013 141 false 377} {4881 141 false 378} {3898 141 false 379} {1276 141 false 380} {3816 141 false 381} {9317 141 false 382} {8377 141 false 383} {9596 141 false 384} {3339 141 false 385} {1374 141 false 386} {4753 141 false 387} {5037 141 false 388} {8833 141 false 389}] 
2025/11/03 17:32:38 [17:32:38.290] [Node:0] [HEARTBEAT] [Trace:HB_0_162] Follower等心跳 status FOLLOWER term:162 commitIndex:24
2025/11/03 17:32:38 [17:32:38.313] [Node:0] [RPC_SEND] [Trace:ELEC_0_158] 处理投票返回 for term 158 reply:{158 false}
2025/11/03 17:32:38 [17:32:38.390] [Node:0] [HEARTBEAT] [Trace:HB_0_162] Follower等心跳 status FOLLOWER term:162 commitIndex:24
2025/11/03 17:32:38 [17:32:38.394] [Node:0] [HEARTBEAT] [Trace:LOG_2_162][2->0] AppendEntries 收到 term:162 leaderId:2 prevLogIndex:389 prevLogTerm:141 entries:0 leaderCommit:24 isHeartbeat:true currentTerm:162 status:FOLLOWER
2025/11/03 17:32:38 [17:32:38.394] [Node:0] [HEARTBEAT] [Trace:LOG_2_162][2->0] 打印日志结果:[{<nil> 0 false 0} {9885 2 false 1} {7369 4 false 2} {377 9 false 3} {5698 9 false 4} {3675 9 false 5} {7576 9 false 6} {6501 9 false 7} {8962 9 false 8} {9292 11 false 9} {5826 14 false 10} {1116 14 false 11} {8927 16 false 12} {615 16 false 13} {3625 16 false 14} {1425 16 false 15} {9709 16 false 16} {3423 16 false 17} {3134 16 false 18} {3657 16 false 19} {8171 16 false 20} {9440 16 false 21} {6470 16 false 22} {1363 16 false 23} {716 16 false 24} {2684 16 false 25} {5836 19 false 26} {5544 19 false 27} {713 19 false 28} {6403 19 false 29} {881 19 false 30} {3832 19 false 31} {4831 19 false 32} {989 19 false 33} {3559 19 false 34} {4757 19 false 35} {5501 19 false 36} {705 19 false 37} {528 19 false 38} {4304 19 false 39} {4358 19 false 40} {8941 19 false 41} {1994 19 false 42} {411 19 false 43} {7043 95 false 44} {2699 95 false 45} {8150 95 false 46} {8874 95 false 47} {7096 95 false 48} {4872 95 false 49} {3988 95 false 50} {2554 95 false 51} {554 95 false 52} {2953 95 false 53} {9230 95 false 54} {8688 95 false 55} {9094 95 false 56} {3997 95 false 57} {2894 95 false 58} {5667 95 false 59} {3509 95 false 60} {4539 95 false 61} {1900 95 false 62} {395 95 false 63} {4338 95 false 64} {9052 95 false 65} {6681 95 false 66} {5152 95 false 67} {2250 95 false 68} {7353 95 false 69} {7300 95 false 70} {9476 95 false 71} {5907 95 false 72} {8352 95 false 73} {3326 95 false 74} {2806 95 false 75} {5167 95 false 76} {3514 95 false 77} {7493 95 false 78} {3260 95 false 79} {2440 95 false 80} {2920 95 false 81} {8285 95 false 82} {4140 95 false 83} {8602 95 false 84} {5537 95 false 85} {4663 95 false 86} {8098 95 false 87} {743 95 false 88} {9006 95 false 89} {6480 95 false 90} {4305 95 false 91} {7754 95 false 92} {612 95 false 93} {7820 95 false 94} {4607 95 false 95} {7256 95 false 96} {4888 95 false 97} {1311 95 false 98} {8099 95 false 99} {1197 95 false 100} {2238 95 false 101} {2354 95 false 102} {3362 95 false 103} {919 95 false 104} {8424 95 false 105} {6099 95 false 106} {1374 95 false 107} {2506 95 false 108} {7804 95 false 109} {5971 95 false 110} {3293 95 false 111} {6828 95 false 112} {5896 95 false 113} {2846 95 false 114} {1290 95 false 115} {7082 95 false 116} {4917 95 false 117} {3250 95 false 118} {248 95 false 119} {1140 95 false 120} {1245 95 false 121} {6024 95 false 122} {4473 95 false 123} {2136 95 false 124} {4154 95 false 125} {2583 95 false 126} {708 95 false 127} {4481 95 false 128} {6476 95 false 129} {5036 95 false 130} {4065 95 false 131} {6200 95 false 132} {1397 95 false 133} {4279 95 false 134} {6833 95 false 135} {4346 95 false 136} {3317 95 false 137} {4185 95 false 138} {4000 95 false 139} {2185 95 false 140} {8037 95 false 141} {1968 95 false 142} {6414 95 false 143} {6351 95 false 144} {1290 95 false 145} {255 95 false 146} {5814 95 false 147} {9138 95 false 148} {1249 95 false 149} {8088 95 false 150} {61 95 false 151} {6456 95 false 152} {9658 95 false 153} {2752 95 false 154} {4915 95 false 155} {2443 95 false 156} {4194 95 false 157} {928 95 false 158} {5614 95 false 159} {8999 95 false 160} {1953 95 false 161} {2650 95 false 162} {3468 95 false 163} {1123 95 false 164} {3774 95 false 165} {6358 95 false 166} {5925 95 false 167} {338 95 false 168} {99 95 false 169} {4512 95 false 170} {7477 95 false 171} {169 95 false 172} {6395 95 false 173} {7193 95 false 174} {2353 95 false 175} {3277 95 false 176} {6306 95 false 177} {5511 95 false 178} {2355 95 false 179} {8128 95 false 180} {6058 95 false 181} {7487 95 false 182} {9104 95 false 183} {9659 95 false 184} {3870 95 false 185} {7666 95 false 186} {8351 95 false 187} {9904 95 false 188} {3086 95 false 189} {4239 95 false 190} {9285 95 false 191} {8547 95 false 192} {5397 95 false 193} {6203 95 false 194} {2701 95 false 195} {281 95 false 196} {5684 95 false 197} {6931 95 false 198} {1998 95 false 199} {3892 95 false 200} {8994 95 false 201} {8648 95 false 202} {4605 95 false 203} {4080 95 false 204} {3229 95 false 205} {1192 95 false 206} {7753 95 false 207} {2164 95 false 208} {3086 95 false 209} {5245 95 false 210} {7102 95 false 211} {8818 95 false 212} {5017 95 false 213} {7628 95 false 214} {6028 95 false 215} {590 95 false 216} {6004 95 false 217} {2477 95 false 218} {6033 95 false 219} {4971 95 false 220} {7653 95 false 221} {4210 95 false 222} {654 95 false 223} {1347 95 false 224} {548 95 false 225} {2425 95 false 226} {7551 95 false 227} {147 95 false 228} {3398 95 false 229} {9137 95 false 230} {5214 95 false 231} {1870 95 false 232} {2007 95 false 233} {4259 95 false 234} {5871 95 false 235} {1999 95 false 236} {2250 95 false 237} {2233 95 false 238} {9889 95 false 239} {3674 95 false 240} {3867 95 false 241} {9585 95 false 242} {7532 95 false 243} {3418 95 false 244} {1920 95 false 245} {5828 95 false 246} {3723 95 false 247} {197 95 false 248} {3771 95 false 249} {9308 95 false 250} {8474 95 false 251} {6670 95 false 252} {8023 95 false 253} {9827 95 false 254} {745 95 false 255} {9541 95 false 256} {4130 95 false 257} {3683 95 false 258} {244 95 false 259} {1055 95 false 260} {7937 95 false 261} {9098 95 false 262} {8583 141 false 263} {4509 141 false 264} {5945 141 false 265} {7900 141 false 266} {8891 141 false 267} {8803 141 false 268} {2042 141 false 269} {8293 141 false 270} {4473 141 false 271} {6604 141 false 272} {5376 141 false 273} {6396 141 false 274} {8674 141 false 275} {5663 141 false 276} {1465 141 false 277} {4305 141 false 278} {29 141 false 279} {5595 141 false 280} {5764 141 false 281} {473 141 false 282} {6305 141 false 283} {273 141 false 284} {3146 141 false 285} {9506 141 false 286} {4632 141 false 287} {6027 141 false 288} {6952 141 false 289} {8257 141 false 290} {9649 141 false 291} {4178 141 false 292} {7266 141 false 293} {2232 141 false 294} {1973 141 false 295} {1704 141 false 296} {9529 141 false 297} {7427 141 false 298} {4392 141 false 299} {8497 141 false 300} {8041 141 false 301} {5966 141 false 302} {8440 141 false 303} {2229 141 false 304} {815 141 false 305} {1570 141 false 306} {6889 141 false 307} {4416 141 false 308} {651 141 false 309} {8692 141 false 310} {5425 141 false 311} {4142 141 false 312} {1077 141 false 313} {7325 141 false 314} {2814 141 false 315} {202 141 false 316} {7450 141 false 317} {8805 141 false 318} {3424 141 false 319} {3006 141 false 320} {4641 141 false 321} {2604 141 false 322} {3988 141 false 323} {8515 141 false 324} {4262 141 false 325} {6619 141 false 326} {8498 141 false 327} {9672 141 false 328} {8418 141 false 329} {5033 141 false 330} {5311 141 false 331} {9242 141 false 332} {7380 141 false 333} {5261 141 false 334} {9100 141 false 335} {4374 141 false 336} {2866 141 false 337} {290 141 false 338} {2261 141 false 339} {120 141 false 340} {7072 141 false 341} {7931 141 false 342} {2635 141 false 343} {1951 141 false 344} {8594 141 false 345} {4127 141 false 346} {2386 141 false 347} {2174 141 false 348} {3837 141 false 349} {8358 141 false 350} {7353 141 false 351} {2094 141 false 352} {569 141 false 353} {8759 141 false 354} {1223 141 false 355} {3599 141 false 356} {123 141 false 357} {3680 141 false 358} {6063 141 false 359} {8870 141 false 360} {8775 141 false 361} {2959 141 false 362} {8613 141 false 363} {3399 141 false 364} {1931 141 false 365} {3362 141 false 366} {9117 141 false 367} {2364 141 false 368} {7785 141 false 369} {5066 141 false 370} {6181 141 false 371} {6803 141 false 372} {6922 141 false 373} {4098 141 false 374} {869 141 false 375} {4009 141 false 376} {1013 141 false 377} {4881 141 false 378} {3898 141 false 379} {1276 141 false 380} {3816 141 false 381} {9317 141 false 382} {8377 141 false 383} {9596 141 false 384} {3339 141 false 385} {1374 141 false 386} {4753 141 false 387} {5037 141 false 388} {8833 141 false 389}] 
2025/11/03 17:32:38 [17:32:38.395] [Node:0] [HEARTBEAT] [Trace:LOG_2_162][2->0] 复制日志结果:[{<nil> 0 false 0} {9885 2 false 1} {7369 4 false 2} {377 9 false 3} {5698 9 false 4} {3675 9 false 5} {7576 9 false 6} {6501 9 false 7} {8962 9 false 8} {9292 11 false 9} {5826 14 false 10} {1116 14 false 11} {8927 16 false 12} {615 16 false 13} {3625 16 false 14} {1425 16 false 15} {9709 16 false 16} {3423 16 false 17} {3134 16 false 18} {3657 16 false 19} {8171 16 false 20} {9440 16 false 21} {6470 16 false 22} {1363 16 false 23} {716 16 false 24} {2684 16 false 25} {5836 19 false 26} {5544 19 false 27} {713 19 false 28} {6403 19 false 29} {881 19 false 30} {3832 19 false 31} {4831 19 false 32} {989 19 false 33} {3559 19 false 34} {4757 19 false 35} {5501 19 false 36} {705 19 false 37} {528 19 false 38} {4304 19 false 39} {4358 19 false 40} {8941 19 false 41} {1994 19 false 42} {411 19 false 43} {7043 95 false 44} {2699 95 false 45} {8150 95 false 46} {8874 95 false 47} {7096 95 false 48} {4872 95 false 49} {3988 95 false 50} {2554 95 false 51} {554 95 false 52} {2953 95 false 53} {9230 95 false 54} {8688 95 false 55} {9094 95 false 56} {3997 95 false 57} {2894 95 false 58} {5667 95 false 59} {3509 95 false 60} {4539 95 false 61} {1900 95 false 62} {395 95 false 63} {4338 95 false 64} {9052 95 false 65} {6681 95 false 66} {5152 95 false 67} {2250 95 false 68} {7353 95 false 69} {7300 95 false 70} {9476 95 false 71} {5907 95 false 72} {8352 95 false 73} {3326 95 false 74} {2806 95 false 75} {5167 95 false 76} {3514 95 false 77} {7493 95 false 78} {3260 95 false 79} {2440 95 false 80} {2920 95 false 81} {8285 95 false 82} {4140 95 false 83} {8602 95 false 84} {5537 95 false 85} {4663 95 false 86} {8098 95 false 87} {743 95 false 88} {9006 95 false 89} {6480 95 false 90} {4305 95 false 91} {7754 95 false 92} {612 95 false 93} {7820 95 false 94} {4607 95 false 95} {7256 95 false 96} {4888 95 false 97} {1311 95 false 98} {8099 95 false 99} {1197 95 false 100} {2238 95 false 101} {2354 95 false 102} {3362 95 false 103} {919 95 false 104} {8424 95 false 105} {6099 95 false 106} {1374 95 false 107} {2506 95 false 108} {7804 95 false 109} {5971 95 false 110} {3293 95 false 111} {6828 95 false 112} {5896 95 false 113} {2846 95 false 114} {1290 95 false 115} {7082 95 false 116} {4917 95 false 117} {3250 95 false 118} {248 95 false 119} {1140 95 false 120} {1245 95 false 121} {6024 95 false 122} {4473 95 false 123} {2136 95 false 124} {4154 95 false 125} {2583 95 false 126} {708 95 false 127} {4481 95 false 128} {6476 95 false 129} {5036 95 false 130} {4065 95 false 131} {6200 95 false 132} {1397 95 false 133} {4279 95 false 134} {6833 95 false 135} {4346 95 false 136} {3317 95 false 137} {4185 95 false 138} {4000 95 false 139} {2185 95 false 140} {8037 95 false 141} {1968 95 false 142} {6414 95 false 143} {6351 95 false 144} {1290 95 false 145} {255 95 false 146} {5814 95 false 147} {9138 95 false 148} {1249 95 false 149} {8088 95 false 150} {61 95 false 151} {6456 95 false 152} {9658 95 false 153} {2752 95 false 154} {4915 95 false 155} {2443 95 false 156} {4194 95 false 157} {928 95 false 158} {5614 95 false 159} {8999 95 false 160} {1953 95 false 161} {2650 95 false 162} {3468 95 false 163} {1123 95 false 164} {3774 95 false 165} {6358 95 false 166} {5925 95 false 167} {338 95 false 168} {99 95 false 169} {4512 95 false 170} {7477 95 false 171} {169 95 false 172} {6395 95 false 173} {7193 95 false 174} {2353 95 false 175} {3277 95 false 176} {6306 95 false 177} {5511 95 false 178} {2355 95 false 179} {8128 95 false 180} {6058 95 false 181} {7487 95 false 182} {9104 95 false 183} {9659 95 false 184} {3870 95 false 185} {7666 95 false 186} {8351 95 false 187} {9904 95 false 188} {3086 95 false 189} {4239 95 false 190} {9285 95 false 191} {8547 95 false 192} {5397 95 false 193} {6203 95 false 194} {2701 95 false 195} {281 95 false 196} {5684 95 false 197} {6931 95 false 198} {1998 95 false 199} {3892 95 false 200} {8994 95 false 201} {8648 95 false 202} {4605 95 false 203} {4080 95 false 204} {3229 95 false 205} {1192 95 false 206} {7753 95 false 207} {2164 95 false 208} {3086 95 false 209} {5245 95 false 210} {7102 95 false 211} {8818 95 false 212} {5017 95 false 213} {7628 95 false 214} {6028 95 false 215} {590 95 false 216} {6004 95 false 217} {2477 95 false 218} {6033 95 false 219} {4971 95 false 220} {7653 95 false 221} {4210 95 false 222} {654 95 false 223} {1347 95 false 224} {548 95 false 225} {2425 95 false 226} {7551 95 false 227} {147 95 false 228} {3398 95 false 229} {9137 95 false 230} {5214 95 false 231} {1870 95 false 232} {2007 95 false 233} {4259 95 false 234} {5871 95 false 235} {1999 95 false 236} {2250 95 false 237} {2233 95 false 238} {9889 95 false 239} {3674 95 false 240} {3867 95 false 241} {9585 95 false 242} {7532 95 false 243} {3418 95 false 244} {1920 95 false 245} {5828 95 false 246} {3723 95 false 247} {197 95 false 248} {3771 95 false 249} {9308 95 false 250} {8474 95 false 251} {6670 95 false 252} {8023 95 false 253} {9827 95 false 254} {745 95 false 255} {9541 95 false 256} {4130 95 false 257} {3683 95 false 258} {244 95 false 259} {1055 95 false 260} {7937 95 false 261} {9098 95 false 262} {8583 141 false 263} {4509 141 false 264} {5945 141 false 265} {7900 141 false 266} {8891 141 false 267} {8803 141 false 268} {2042 141 false 269} {8293 141 false 270} {4473 141 false 271} {6604 141 false 272} {5376 141 false 273} {6396 141 false 274} {8674 141 false 275} {5663 141 false 276} {1465 141 false 277} {4305 141 false 278} {29 141 false 279} {5595 141 false 280} {5764 141 false 281} {473 141 false 282} {6305 141 false 283} {273 141 false 284} {3146 141 false 285} {9506 141 false 286} {4632 141 false 287} {6027 141 false 288} {6952 141 false 289} {8257 141 false 290} {9649 141 false 291} {4178 141 false 292} {7266 141 false 293} {2232 141 false 294} {1973 141 false 295} {1704 141 false 296} {9529 141 false 297} {7427 141 false 298} {4392 141 false 299} {8497 141 false 300} {8041 141 false 301} {5966 141 false 302} {8440 141 false 303} {2229 141 false 304} {815 141 false 305} {1570 141 false 306} {6889 141 false 307} {4416 141 false 308} {651 141 false 309} {8692 141 false 310} {5425 141 false 311} {4142 141 false 312} {1077 141 false 313} {7325 141 false 314} {2814 141 false 315} {202 141 false 316} {7450 141 false 317} {8805 141 false 318} {3424 141 false 319} {3006 141 false 320} {4641 141 false 321} {2604 141 false 322} {3988 141 false 323} {8515 141 false 324} {4262 141 false 325} {6619 141 false 326} {8498 141 false 327} {9672 141 false 328} {8418 141 false 329} {5033 141 false 330} {5311 141 false 331} {9242 141 false 332} {7380 141 false 333} {5261 141 false 334} {9100 141 false 335} {4374 141 false 336} {2866 141 false 337} {290 141 false 338} {2261 141 false 339} {120 141 false 340} {7072 141 false 341} {7931 141 false 342} {2635 141 false 343} {1951 141 false 344} {8594 141 false 345} {4127 141 false 346} {2386 141 false 347} {2174 141 false 348} {3837 141 false 349} {8358 141 false 350} {7353 141 false 351} {2094 141 false 352} {569 141 false 353} {8759 141 false 354} {1223 141 false 355} {3599 141 false 356} {123 141 false 357} {3680 141 false 358} {6063 141 false 359} {8870 141 false 360} {8775 141 false 361} {2959 141 false 362} {8613 141 false 363} {3399 141 false 364} {1931 141 false 365} {3362 141 false 366} {9117 141 false 367} {2364 141 false 368} {7785 141 false 369} {5066 141 false 370} {6181 141 false 371} {6803 141 false 372} {6922 141 false 373} {4098 141 false 374} {869 141 false 375} {4009 141 false 376} {1013 141 false 377} {4881 141 false 378} {3898 141 false 379} {1276 141 false 380} {3816 141 false 381} {9317 141 false 382} {8377 141 false 383} {9596 141 false 384} {3339 141 false 385} {1374 141 false 386} {4753 141 false 387} {5037 141 false 388} {8833 141 false 389}] 
2025/11/03 17:32:38 [17:32:38.490] [Node:0] [HEARTBEAT] [Trace:HB_0_162] Follower等心跳 status FOLLOWER term:162 commitIndex:24
2025/11/03 17:32:38 [17:32:38.491] [Node:0] [HEARTBEAT] [Trace:LOG_2_162][2->0] AppendEntries 收到 term:162 leaderId:2 prevLogIndex:389 prevLogTerm:141 entries:0 leaderCommit:24 isHeartbeat:true currentTerm:162 status:FOLLOWER
2025/11/03 17:32:38 [17:32:38.492] [Node:0] [HEARTBEAT] [Trace:LOG_2_162][2->0] 打印日志结果:[{<nil> 0 false 0} {9885 2 false 1} {7369 4 false 2} {377 9 false 3} {5698 9 false 4} {3675 9 false 5} {7576 9 false 6} {6501 9 false 7} {8962 9 false 8} {9292 11 false 9} {5826 14 false 10} {1116 14 false 11} {8927 16 false 12} {615 16 false 13} {3625 16 false 14} {1425 16 false 15} {9709 16 false 16} {3423 16 false 17} {3134 16 false 18} {3657 16 false 19} {8171 16 false 20} {9440 16 false 21} {6470 16 false 22} {1363 16 false 23} {716 16 false 24} {2684 16 false 25} {5836 19 false 26} {5544 19 false 27} {713 19 false 28} {6403 19 false 29} {881 19 false 30} {3832 19 false 31} {4831 19 false 32} {989 19 false 33} {3559 19 false 34} {4757 19 false 35} {5501 19 false 36} {705 19 false 37} {528 19 false 38} {4304 19 false 39} {4358 19 false 40} {8941 19 false 41} {1994 19 false 42} {411 19 false 43} {7043 95 false 44} {2699 95 false 45} {8150 95 false 46} {8874 95 false 47} {7096 95 false 48} {4872 95 false 49} {3988 95 false 50} {2554 95 false 51} {554 95 false 52} {2953 95 false 53} {9230 95 false 54} {8688 95 false 55} {9094 95 false 56} {3997 95 false 57} {2894 95 false 58} {5667 95 false 59} {3509 95 false 60} {4539 95 false 61} {1900 95 false 62} {395 95 false 63} {4338 95 false 64} {9052 95 false 65} {6681 95 false 66} {5152 95 false 67} {2250 95 false 68} {7353 95 false 69} {7300 95 false 70} {9476 95 false 71} {5907 95 false 72} {8352 95 false 73} {3326 95 false 74} {2806 95 false 75} {5167 95 false 76} {3514 95 false 77} {7493 95 false 78} {3260 95 false 79} {2440 95 false 80} {2920 95 false 81} {8285 95 false 82} {4140 95 false 83} {8602 95 false 84} {5537 95 false 85} {4663 95 false 86} {8098 95 false 87} {743 95 false 88} {9006 95 false 89} {6480 95 false 90} {4305 95 false 91} {7754 95 false 92} {612 95 false 93} {7820 95 false 94} {4607 95 false 95} {7256 95 false 96} {4888 95 false 97} {1311 95 false 98} {8099 95 false 99} {1197 95 false 100} {2238 95 false 101} {2354 95 false 102} {3362 95 false 103} {919 95 false 104} {8424 95 false 105} {6099 95 false 106} {1374 95 false 107} {2506 95 false 108} {7804 95 false 109} {5971 95 false 110} {3293 95 false 111} {6828 95 false 112} {5896 95 false 113} {2846 95 false 114} {1290 95 false 115} {7082 95 false 116} {4917 95 false 117} {3250 95 false 118} {248 95 false 119} {1140 95 false 120} {1245 95 false 121} {6024 95 false 122} {4473 95 false 123} {2136 95 false 124} {4154 95 false 125} {2583 95 false 126} {708 95 false 127} {4481 95 false 128} {6476 95 false 129} {5036 95 false 130} {4065 95 false 131} {6200 95 false 132} {1397 95 false 133} {4279 95 false 134} {6833 95 false 135} {4346 95 false 136} {3317 95 false 137} {4185 95 false 138} {4000 95 false 139} {2185 95 false 140} {8037 95 false 141} {1968 95 false 142} {6414 95 false 143} {6351 95 false 144} {1290 95 false 145} {255 95 false 146} {5814 95 false 147} {9138 95 false 148} {1249 95 false 149} {8088 95 false 150} {61 95 false 151} {6456 95 false 152} {9658 95 false 153} {2752 95 false 154} {4915 95 false 155} {2443 95 false 156} {4194 95 false 157} {928 95 false 158} {5614 95 false 159} {8999 95 false 160} {1953 95 false 161} {2650 95 false 162} {3468 95 false 163} {1123 95 false 164} {3774 95 false 165} {6358 95 false 166} {5925 95 false 167} {338 95 false 168} {99 95 false 169} {4512 95 false 170} {7477 95 false 171} {169 95 false 172} {6395 95 false 173} {7193 95 false 174} {2353 95 false 175} {3277 95 false 176} {6306 95 false 177} {5511 95 false 178} {2355 95 false 179} {8128 95 false 180} {6058 95 false 181} {7487 95 false 182} {9104 95 false 183} {9659 95 false 184} {3870 95 false 185} {7666 95 false 186} {8351 95 false 187} {9904 95 false 188} {3086 95 false 189} {4239 95 false 190} {9285 95 false 191} {8547 95 false 192} {5397 95 false 193} {6203 95 false 194} {2701 95 false 195} {281 95 false 196} {5684 95 false 197} {6931 95 false 198} {1998 95 false 199} {3892 95 false 200} {8994 95 false 201} {8648 95 false 202} {4605 95 false 203} {4080 95 false 204} {3229 95 false 205} {1192 95 false 206} {7753 95 false 207} {2164 95 false 208} {3086 95 false 209} {5245 95 false 210} {7102 95 false 211} {8818 95 false 212} {5017 95 false 213} {7628 95 false 214} {6028 95 false 215} {590 95 false 216} {6004 95 false 217} {2477 95 false 218} {6033 95 false 219} {4971 95 false 220} {7653 95 false 221} {4210 95 false 222} {654 95 false 223} {1347 95 false 224} {548 95 false 225} {2425 95 false 226} {7551 95 false 227} {147 95 false 228} {3398 95 false 229} {9137 95 false 230} {5214 95 false 231} {1870 95 false 232} {2007 95 false 233} {4259 95 false 234} {5871 95 false 235} {1999 95 false 236} {2250 95 false 237} {2233 95 false 238} {9889 95 false 239} {3674 95 false 240} {3867 95 false 241} {9585 95 false 242} {7532 95 false 243} {3418 95 false 244} {1920 95 false 245} {5828 95 false 246} {3723 95 false 247} {197 95 false 248} {3771 95 false 249} {9308 95 false 250} {8474 95 false 251} {6670 95 false 252} {8023 95 false 253} {9827 95 false 254} {745 95 false 255} {9541 95 false 256} {4130 95 false 257} {3683 95 false 258} {244 95 false 259} {1055 95 false 260} {7937 95 false 261} {9098 95 false 262} {8583 141 false 263} {4509 141 false 264} {5945 141 false 265} {7900 141 false 266} {8891 141 false 267} {8803 141 false 268} {2042 141 false 269} {8293 141 false 270} {4473 141 false 271} {6604 141 false 272} {5376 141 false 273} {6396 141 false 274} {8674 141 false 275} {5663 141 false 276} {1465 141 false 277} {4305 141 false 278} {29 141 false 279} {5595 141 false 280} {5764 141 false 281} {473 141 false 282} {6305 141 false 283} {273 141 false 284} {3146 141 false 285} {9506 141 false 286} {4632 141 false 287} {6027 141 false 288} {6952 141 false 289} {8257 141 false 290} {9649 141 false 291} {4178 141 false 292} {7266 141 false 293} {2232 141 false 294} {1973 141 false 295} {1704 141 false 296} {9529 141 false 297} {7427 141 false 298} {4392 141 false 299} {8497 141 false 300} {8041 141 false 301} {5966 141 false 302} {8440 141 false 303} {2229 141 false 304} {815 141 false 305} {1570 141 false 306} {6889 141 false 307} {4416 141 false 308} {651 141 false 309} {8692 141 false 310} {5425 141 false 311} {4142 141 false 312} {1077 141 false 313} {7325 141 false 314} {2814 141 false 315} {202 141 false 316} {7450 141 false 317} {8805 141 false 318} {3424 141 false 319} {3006 141 false 320} {4641 141 false 321} {2604 141 false 322} {3988 141 false 323} {8515 141 false 324} {4262 141 false 325} {6619 141 false 326} {8498 141 false 327} {9672 141 false 328} {8418 141 false 329} {5033 141 false 330} {5311 141 false 331} {9242 141 false 332} {7380 141 false 333} {5261 141 false 334} {9100 141 false 335} {4374 141 false 336} {2866 141 false 337} {290 141 false 338} {2261 141 false 339} {120 141 false 340} {7072 141 false 341} {7931 141 false 342} {2635 141 false 343} {1951 141 false 344} {8594 141 false 345} {4127 141 false 346} {2386 141 false 347} {2174 141 false 348} {3837 141 false 349} {8358 141 false 350} {7353 141 false 351} {2094 141 false 352} {569 141 false 353} {8759 141 false 354} {1223 141 false 355} {3599 141 false 356} {123 141 false 357} {3680 141 false 358} {6063 141 false 359} {8870 141 false 360} {8775 141 false 361} {2959 141 false 362} {8613 141 false 363} {3399 141 false 364} {1931 141 false 365} {3362 141 false 366} {9117 141 false 367} {2364 141 false 368} {7785 141 false 369} {5066 141 false 370} {6181 141 false 371} {6803 141 false 372} {6922 141 false 373} {4098 141 false 374} {869 141 false 375} {4009 141 false 376} {1013 141 false 377} {4881 141 false 378} {3898 141 false 379} {1276 141 false 380} {3816 141 false 381} {9317 141 false 382} {8377 141 false 383} {9596 141 false 384} {3339 141 false 385} {1374 141 false 386} {4753 141 false 387} {5037 141 false 388} {8833 141 false 389}] 
2025/11/03 17:32:38 [17:32:38.494] [Node:0] [HEARTBEAT] [Trace:LOG_2_162][2->0] 复制日志结果:[{<nil> 0 false 0} {9885 2 false 1} {7369 4 false 2} {377 9 false 3} {5698 9 false 4} {3675 9 false 5} {7576 9 false 6} {6501 9 false 7} {8962 9 false 8} {9292 11 false 9} {5826 14 false 10} {1116 14 false 11} {8927 16 false 12} {615 16 false 13} {3625 16 false 14} {1425 16 false 15} {9709 16 false 16} {3423 16 false 17} {3134 16 false 18} {3657 16 false 19} {8171 16 false 20} {9440 16 false 21} {6470 16 false 22} {1363 16 false 23} {716 16 false 24} {2684 16 false 25} {5836 19 false 26} {5544 19 false 27} {713 19 false 28} {6403 19 false 29} {881 19 false 30} {3832 19 false 31} {4831 19 false 32} {989 19 false 33} {3559 19 false 34} {4757 19 false 35} {5501 19 false 36} {705 19 false 37} {528 19 false 38} {4304 19 false 39} {4358 19 false 40} {8941 19 false 41} {1994 19 false 42} {411 19 false 43} {7043 95 false 44} {2699 95 false 45} {8150 95 false 46} {8874 95 false 47} {7096 95 false 48} {4872 95 false 49} {3988 95 false 50} {2554 95 false 51} {554 95 false 52} {2953 95 false 53} {9230 95 false 54} {8688 95 false 55} {9094 95 false 56} {3997 95 false 57} {2894 95 false 58} {5667 95 false 59} {3509 95 false 60} {4539 95 false 61} {1900 95 false 62} {395 95 false 63} {4338 95 false 64} {9052 95 false 65} {6681 95 false 66} {5152 95 false 67} {2250 95 false 68} {7353 95 false 69} {7300 95 false 70} {9476 95 false 71} {5907 95 false 72} {8352 95 false 73} {3326 95 false 74} {2806 95 false 75} {5167 95 false 76} {3514 95 false 77} {7493 95 false 78} {3260 95 false 79} {2440 95 false 80} {2920 95 false 81} {8285 95 false 82} {4140 95 false 83} {8602 95 false 84} {5537 95 false 85} {4663 95 false 86} {8098 95 false 87} {743 95 false 88} {9006 95 false 89} {6480 95 false 90} {4305 95 false 91} {7754 95 false 92} {612 95 false 93} {7820 95 false 94} {4607 95 false 95} {7256 95 false 96} {4888 95 false 97} {1311 95 false 98} {8099 95 false 99} {1197 95 false 100} {2238 95 false 101} {2354 95 false 102} {3362 95 false 103} {919 95 false 104} {8424 95 false 105} {6099 95 false 106} {1374 95 false 107} {2506 95 false 108} {7804 95 false 109} {5971 95 false 110} {3293 95 false 111} {6828 95 false 112} {5896 95 false 113} {2846 95 false 114} {1290 95 false 115} {7082 95 false 116} {4917 95 false 117} {3250 95 false 118} {248 95 false 119} {1140 95 false 120} {1245 95 false 121} {6024 95 false 122} {4473 95 false 123} {2136 95 false 124} {4154 95 false 125} {2583 95 false 126} {708 95 false 127} {4481 95 false 128} {6476 95 false 129} {5036 95 false 130} {4065 95 false 131} {6200 95 false 132} {1397 95 false 133} {4279 95 false 134} {6833 95 false 135} {4346 95 false 136} {3317 95 false 137} {4185 95 false 138} {4000 95 false 139} {2185 95 false 140} {8037 95 false 141} {1968 95 false 142} {6414 95 false 143} {6351 95 false 144} {1290 95 false 145} {255 95 false 146} {5814 95 false 147} {9138 95 false 148} {1249 95 false 149} {8088 95 false 150} {61 95 false 151} {6456 95 false 152} {9658 95 false 153} {2752 95 false 154} {4915 95 false 155} {2443 95 false 156} {4194 95 false 157} {928 95 false 158} {5614 95 false 159} {8999 95 false 160} {1953 95 false 161} {2650 95 false 162} {3468 95 false 163} {1123 95 false 164} {3774 95 false 165} {6358 95 false 166} {5925 95 false 167} {338 95 false 168} {99 95 false 169} {4512 95 false 170} {7477 95 false 171} {169 95 false 172} {6395 95 false 173} {7193 95 false 174} {2353 95 false 175} {3277 95 false 176} {6306 95 false 177} {5511 95 false 178} {2355 95 false 179} {8128 95 false 180} {6058 95 false 181} {7487 95 false 182} {9104 95 false 183} {9659 95 false 184} {3870 95 false 185} {7666 95 false 186} {8351 95 false 187} {9904 95 false 188} {3086 95 false 189} {4239 95 false 190} {9285 95 false 191} {8547 95 false 192} {5397 95 false 193} {6203 95 false 194} {2701 95 false 195} {281 95 false 196} {5684 95 false 197} {6931 95 false 198} {1998 95 false 199} {3892 95 false 200} {8994 95 false 201} {8648 95 false 202} {4605 95 false 203} {4080 95 false 204} {3229 95 false 205} {1192 95 false 206} {7753 95 false 207} {2164 95 false 208} {3086 95 false 209} {5245 95 false 210} {7102 95 false 211} {8818 95 false 212} {5017 95 false 213} {7628 95 false 214} {6028 95 false 215} {590 95 false 216} {6004 95 false 217} {2477 95 false 218} {6033 95 false 219} {4971 95 false 220} {7653 95 false 221} {4210 95 false 222} {654 95 false 223} {1347 95 false 224} {548 95 false 225} {2425 95 false 226} {7551 95 false 227} {147 95 false 228} {3398 95 false 229} {9137 95 false 230} {5214 95 false 231} {1870 95 false 232} {2007 95 false 233} {4259 95 false 234} {5871 95 false 235} {1999 95 false 236} {2250 95 false 237} {2233 95 false 238} {9889 95 false 239} {3674 95 false 240} {3867 95 false 241} {9585 95 false 242} {7532 95 false 243} {3418 95 false 244} {1920 95 false 245} {5828 95 false 246} {3723 95 false 247} {197 95 false 248} {3771 95 false 249} {9308 95 false 250} {8474 95 false 251} {6670 95 false 252} {8023 95 false 253} {9827 95 false 254} {745 95 false 255} {9541 95 false 256} {4130 95 false 257} {3683 95 false 258} {244 95 false 259} {1055 95 false 260} {7937 95 false 261} {9098 95 false 262} {8583 141 false 263} {4509 141 false 264} {5945 141 false 265} {7900 141 false 266} {8891 141 false 267} {8803 141 false 268} {2042 141 false 269} {8293 141 false 270} {4473 141 false 271} {6604 141 false 272} {5376 141 false 273} {6396 141 false 274} {8674 141 false 275} {5663 141 false 276} {1465 141 false 277} {4305 141 false 278} {29 141 false 279} {5595 141 false 280} {5764 141 false 281} {473 141 false 282} {6305 141 false 283} {273 141 false 284} {3146 141 false 285} {9506 141 false 286} {4632 141 false 287} {6027 141 false 288} {6952 141 false 289} {8257 141 false 290} {9649 141 false 291} {4178 141 false 292} {7266 141 false 293} {2232 141 false 294} {1973 141 false 295} {1704 141 false 296} {9529 141 false 297} {7427 141 false 298} {4392 141 false 299} {8497 141 false 300} {8041 141 false 301} {5966 141 false 302} {8440 141 false 303} {2229 141 false 304} {815 141 false 305} {1570 141 false 306} {6889 141 false 307} {4416 141 false 308} {651 141 false 309} {8692 141 false 310} {5425 141 false 311} {4142 141 false 312} {1077 141 false 313} {7325 141 false 314} {2814 141 false 315} {202 141 false 316} {7450 141 false 317} {8805 141 false 318} {3424 141 false 319} {3006 141 false 320} {4641 141 false 321} {2604 141 false 322} {3988 141 false 323} {8515 141 false 324} {4262 141 false 325} {6619 141 false 326} {8498 141 false 327} {9672 141 false 328} {8418 141 false 329} {5033 141 false 330} {5311 141 false 331} {9242 141 false 332} {7380 141 false 333} {5261 141 false 334} {9100 141 false 335} {4374 141 false 336} {2866 141 false 337} {290 141 false 338} {2261 141 false 339} {120 141 false 340} {7072 141 false 341} {7931 141 false 342} {2635 141 false 343} {1951 141 false 344} {8594 141 false 345} {4127 141 false 346} {2386 141 false 347} {2174 141 false 348} {3837 141 false 349} {8358 141 false 350} {7353 141 false 351} {2094 141 false 352} {569 141 false 353} {8759 141 false 354} {1223 141 false 355} {3599 141 false 356} {123 141 false 357} {3680 141 false 358} {6063 141 false 359} {8870 141 false 360} {8775 141 false 361} {2959 141 false 362} {8613 141 false 363} {3399 141 false 364} {1931 141 false 365} {3362 141 false 366} {9117 141 false 367} {2364 141 false 368} {7785 141 false 369} {5066 141 false 370} {6181 141 false 371} {6803 141 false 372} {6922 141 false 373} {4098 141 false 374} {869 141 false 375} {4009 141 false 376} {1013 141 false 377} {4881 141 false 378} {3898 141 false 379} {1276 141 false 380} {3816 141 false 381} {9317 141 false 382} {8377 141 false 383} {9596 141 false 384} {3339 141 false 385} {1374 141 false 386} {4753 141 false 387} {5037 141 false 388} {8833 141 false 389}] 
2025/11/03 17:32:38 [17:32:38.581] [Node:0] [HEARTBEAT] [Trace:LOG_2_162][2->0] AppendEntries 收到 term:162 leaderId:2 prevLogIndex:389 prevLogTerm:141 entries:0 leaderCommit:24 isHeartbeat:true currentTerm:162 status:FOLLOWER
2025/11/03 17:32:38 [17:32:38.581] [Node:0] [HEARTBEAT] [Trace:LOG_2_162][2->0] 打印日志结果:[{<nil> 0 false 0} {9885 2 false 1} {7369 4 false 2} {377 9 false 3} {5698 9 false 4} {3675 9 false 5} {7576 9 false 6} {6501 9 false 7} {8962 9 false 8} {9292 11 false 9} {5826 14 false 10} {1116 14 false 11} {8927 16 false 12} {615 16 false 13} {3625 16 false 14} {1425 16 false 15} {9709 16 false 16} {3423 16 false 17} {3134 16 false 18} {3657 16 false 19} {8171 16 false 20} {9440 16 false 21} {6470 16 false 22} {1363 16 false 23} {716 16 false 24} {2684 16 false 25} {5836 19 false 26} {5544 19 false 27} {713 19 false 28} {6403 19 false 29} {881 19 false 30} {3832 19 false 31} {4831 19 false 32} {989 19 false 33} {3559 19 false 34} {4757 19 false 35} {5501 19 false 36} {705 19 false 37} {528 19 false 38} {4304 19 false 39} {4358 19 false 40} {8941 19 false 41} {1994 19 false 42} {411 19 false 43} {7043 95 false 44} {2699 95 false 45} {8150 95 false 46} {8874 95 false 47} {7096 95 false 48} {4872 95 false 49} {3988 95 false 50} {2554 95 false 51} {554 95 false 52} {2953 95 false 53} {9230 95 false 54} {8688 95 false 55} {9094 95 false 56} {3997 95 false 57} {2894 95 false 58} {5667 95 false 59} {3509 95 false 60} {4539 95 false 61} {1900 95 false 62} {395 95 false 63} {4338 95 false 64} {9052 95 false 65} {6681 95 false 66} {5152 95 false 67} {2250 95 false 68} {7353 95 false 69} {7300 95 false 70} {9476 95 false 71} {5907 95 false 72} {8352 95 false 73} {3326 95 false 74} {2806 95 false 75} {5167 95 false 76} {3514 95 false 77} {7493 95 false 78} {3260 95 false 79} {2440 95 false 80} {2920 95 false 81} {8285 95 false 82} {4140 95 false 83} {8602 95 false 84} {5537 95 false 85} {4663 95 false 86} {8098 95 false 87} {743 95 false 88} {9006 95 false 89} {6480 95 false 90} {4305 95 false 91} {7754 95 false 92} {612 95 false 93} {7820 95 false 94} {4607 95 false 95} {7256 95 false 96} {4888 95 false 97} {1311 95 false 98} {8099 95 false 99} {1197 95 false 100} {2238 95 false 101} {2354 95 false 102} {3362 95 false 103} {919 95 false 104} {8424 95 false 105} {6099 95 false 106} {1374 95 false 107} {2506 95 false 108} {7804 95 false 109} {5971 95 false 110} {3293 95 false 111} {6828 95 false 112} {5896 95 false 113} {2846 95 false 114} {1290 95 false 115} {7082 95 false 116} {4917 95 false 117} {3250 95 false 118} {248 95 false 119} {1140 95 false 120} {1245 95 false 121} {6024 95 false 122} {4473 95 false 123} {2136 95 false 124} {4154 95 false 125} {2583 95 false 126} {708 95 false 127} {4481 95 false 128} {6476 95 false 129} {5036 95 false 130} {4065 95 false 131} {6200 95 false 132} {1397 95 false 133} {4279 95 false 134} {6833 95 false 135} {4346 95 false 136} {3317 95 false 137} {4185 95 false 138} {4000 95 false 139} {2185 95 false 140} {8037 95 false 141} {1968 95 false 142} {6414 95 false 143} {6351 95 false 144} {1290 95 false 145} {255 95 false 146} {5814 95 false 147} {9138 95 false 148} {1249 95 false 149} {8088 95 false 150} {61 95 false 151} {6456 95 false 152} {9658 95 false 153} {2752 95 false 154} {4915 95 false 155} {2443 95 false 156} {4194 95 false 157} {928 95 false 158} {5614 95 false 159} {8999 95 false 160} {1953 95 false 161} {2650 95 false 162} {3468 95 false 163} {1123 95 false 164} {3774 95 false 165} {6358 95 false 166} {5925 95 false 167} {338 95 false 168} {99 95 false 169} {4512 95 false 170} {7477 95 false 171} {169 95 false 172} {6395 95 false 173} {7193 95 false 174} {2353 95 false 175} {3277 95 false 176} {6306 95 false 177} {5511 95 false 178} {2355 95 false 179} {8128 95 false 180} {6058 95 false 181} {7487 95 false 182} {9104 95 false 183} {9659 95 false 184} {3870 95 false 185} {7666 95 false 186} {8351 95 false 187} {9904 95 false 188} {3086 95 false 189} {4239 95 false 190} {9285 95 false 191} {8547 95 false 192} {5397 95 false 193} {6203 95 false 194} {2701 95 false 195} {281 95 false 196} {5684 95 false 197} {6931 95 false 198} {1998 95 false 199} {3892 95 false 200} {8994 95 false 201} {8648 95 false 202} {4605 95 false 203} {4080 95 false 204} {3229 95 false 205} {1192 95 false 206} {7753 95 false 207} {2164 95 false 208} {3086 95 false 209} {5245 95 false 210} {7102 95 false 211} {8818 95 false 212} {5017 95 false 213} {7628 95 false 214} {6028 95 false 215} {590 95 false 216} {6004 95 false 217} {2477 95 false 218} {6033 95 false 219} {4971 95 false 220} {7653 95 false 221} {4210 95 false 222} {654 95 false 223} {1347 95 false 224} {548 95 false 225} {2425 95 false 226} {7551 95 false 227} {147 95 false 228} {3398 95 false 229} {9137 95 false 230} {5214 95 false 231} {1870 95 false 232} {2007 95 false 233} {4259 95 false 234} {5871 95 false 235} {1999 95 false 236} {2250 95 false 237} {2233 95 false 238} {9889 95 false 239} {3674 95 false 240} {3867 95 false 241} {9585 95 false 242} {7532 95 false 243} {3418 95 false 244} {1920 95 false 245} {5828 95 false 246} {3723 95 false 247} {197 95 false 248} {3771 95 false 249} {9308 95 false 250} {8474 95 false 251} {6670 95 false 252} {8023 95 false 253} {9827 95 false 254} {745 95 false 255} {9541 95 false 256} {4130 95 false 257} {3683 95 false 258} {244 95 false 259} {1055 95 false 260} {7937 95 false 261} {9098 95 false 262} {8583 141 false 263} {4509 141 false 264} {5945 141 false 265} {7900 141 false 266} {8891 141 false 267} {8803 141 false 268} {2042 141 false 269} {8293 141 false 270} {4473 141 false 271} {6604 141 false 272} {5376 141 false 273} {6396 141 false 274} {8674 141 false 275} {5663 141 false 276} {1465 141 false 277} {4305 141 false 278} {29 141 false 279} {5595 141 false 280} {5764 141 false 281} {473 141 false 282} {6305 141 false 283} {273 141 false 284} {3146 141 false 285} {9506 141 false 286} {4632 141 false 287} {6027 141 false 288} {6952 141 false 289} {8257 141 false 290} {9649 141 false 291} {4178 141 false 292} {7266 141 false 293} {2232 141 false 294} {1973 141 false 295} {1704 141 false 296} {9529 141 false 297} {7427 141 false 298} {4392 141 false 299} {8497 141 false 300} {8041 141 false 301} {5966 141 false 302} {8440 141 false 303} {2229 141 false 304} {815 141 false 305} {1570 141 false 306} {6889 141 false 307} {4416 141 false 308} {651 141 false 309} {8692 141 false 310} {5425 141 false 311} {4142 141 false 312} {1077 141 false 313} {7325 141 false 314} {2814 141 false 315} {202 141 false 316} {7450 141 false 317} {8805 141 false 318} {3424 141 false 319} {3006 141 false 320} {4641 141 false 321} {2604 141 false 322} {3988 141 false 323} {8515 141 false 324} {4262 141 false 325} {6619 141 false 326} {8498 141 false 327} {9672 141 false 328} {8418 141 false 329} {5033 141 false 330} {5311 141 false 331} {9242 141 false 332} {7380 141 false 333} {5261 141 false 334} {9100 141 false 335} {4374 141 false 336} {2866 141 false 337} {290 141 false 338} {2261 141 false 339} {120 141 false 340} {7072 141 false 341} {7931 141 false 342} {2635 141 false 343} {1951 141 false 344} {8594 141 false 345} {4127 141 false 346} {2386 141 false 347} {2174 141 false 348} {3837 141 false 349} {8358 141 false 350} {7353 141 false 351} {2094 141 false 352} {569 141 false 353} {8759 141 false 354} {1223 141 false 355} {3599 141 false 356} {123 141 false 357} {3680 141 false 358} {6063 141 false 359} {8870 141 false 360} {8775 141 false 361} {2959 141 false 362} {8613 141 false 363} {3399 141 false 364} {1931 141 false 365} {3362 141 false 366} {9117 141 false 367} {2364 141 false 368} {7785 141 false 369} {5066 141 false 370} {6181 141 false 371} {6803 141 false 372} {6922 141 false 373} {4098 141 false 374} {869 141 false 375} {4009 141 false 376} {1013 141 false 377} {4881 141 false 378} {3898 141 false 379} {1276 141 false 380} {3816 141 false 381} {9317 141 false 382} {8377 141 false 383} {9596 141 false 384} {3339 141 false 385} {1374 141 false 386} {4753 141 false 387} {5037 141 false 388} {8833 141 false 389}] 
2025/11/03 17:32:38 [17:32:38.584] [Node:0] [HEARTBEAT] [Trace:LOG_2_162][2->0] 复制日志结果:[{<nil> 0 false 0} {9885 2 false 1} {7369 4 false 2} {377 9 false 3} {5698 9 false 4} {3675 9 false 5} {7576 9 false 6} {6501 9 false 7} {8962 9 false 8} {9292 11 false 9} {5826 14 false 10} {1116 14 false 11} {8927 16 false 12} {615 16 false 13} {3625 16 false 14} {1425 16 false 15} {9709 16 false 16} {3423 16 false 17} {3134 16 false 18} {3657 16 false 19} {8171 16 false 20} {9440 16 false 21} {6470 16 false 22} {1363 16 false 23} {716 16 false 24} {2684 16 false 25} {5836 19 false 26} {5544 19 false 27} {713 19 false 28} {6403 19 false 29} {881 19 false 30} {3832 19 false 31} {4831 19 false 32} {989 19 false 33} {3559 19 false 34} {4757 19 false 35} {5501 19 false 36} {705 19 false 37} {528 19 false 38} {4304 19 false 39} {4358 19 false 40} {8941 19 false 41} {1994 19 false 42} {411 19 false 43} {7043 95 false 44} {2699 95 false 45} {8150 95 false 46} {8874 95 false 47} {7096 95 false 48} {4872 95 false 49} {3988 95 false 50} {2554 95 false 51} {554 95 false 52} {2953 95 false 53} {9230 95 false 54} {8688 95 false 55} {9094 95 false 56} {3997 95 false 57} {2894 95 false 58} {5667 95 false 59} {3509 95 false 60} {4539 95 false 61} {1900 95 false 62} {395 95 false 63} {4338 95 false 64} {9052 95 false 65} {6681 95 false 66} {5152 95 false 67} {2250 95 false 68} {7353 95 false 69} {7300 95 false 70} {9476 95 false 71} {5907 95 false 72} {8352 95 false 73} {3326 95 false 74} {2806 95 false 75} {5167 95 false 76} {3514 95 false 77} {7493 95 false 78} {3260 95 false 79} {2440 95 false 80} {2920 95 false 81} {8285 95 false 82} {4140 95 false 83} {8602 95 false 84} {5537 95 false 85} {4663 95 false 86} {8098 95 false 87} {743 95 false 88} {9006 95 false 89} {6480 95 false 90} {4305 95 false 91} {7754 95 false 92} {612 95 false 93} {7820 95 false 94} {4607 95 false 95} {7256 95 false 96} {4888 95 false 97} {1311 95 false 98} {8099 95 false 99} {1197 95 false 100} {2238 95 false 101} {2354 95 false 102} {3362 95 false 103} {919 95 false 104} {8424 95 false 105} {6099 95 false 106} {1374 95 false 107} {2506 95 false 108} {7804 95 false 109} {5971 95 false 110} {3293 95 false 111} {6828 95 false 112} {5896 95 false 113} {2846 95 false 114} {1290 95 false 115} {7082 95 false 116} {4917 95 false 117} {3250 95 false 118} {248 95 false 119} {1140 95 false 120} {1245 95 false 121} {6024 95 false 122} {4473 95 false 123} {2136 95 false 124} {4154 95 false 125} {2583 95 false 126} {708 95 false 127} {4481 95 false 128} {6476 95 false 129} {5036 95 false 130} {4065 95 false 131} {6200 95 false 132} {1397 95 false 133} {4279 95 false 134} {6833 95 false 135} {4346 95 false 136} {3317 95 false 137} {4185 95 false 138} {4000 95 false 139} {2185 95 false 140} {8037 95 false 141} {1968 95 false 142} {6414 95 false 143} {6351 95 false 144} {1290 95 false 145} {255 95 false 146} {5814 95 false 147} {9138 95 false 148} {1249 95 false 149} {8088 95 false 150} {61 95 false 151} {6456 95 false 152} {9658 95 false 153} {2752 95 false 154} {4915 95 false 155} {2443 95 false 156} {4194 95 false 157} {928 95 false 158} {5614 95 false 159} {8999 95 false 160} {1953 95 false 161} {2650 95 false 162} {3468 95 false 163} {1123 95 false 164} {3774 95 false 165} {6358 95 false 166} {5925 95 false 167} {338 95 false 168} {99 95 false 169} {4512 95 false 170} {7477 95 false 171} {169 95 false 172} {6395 95 false 173} {7193 95 false 174} {2353 95 false 175} {3277 95 false 176} {6306 95 false 177} {5511 95 false 178} {2355 95 false 179} {8128 95 false 180} {6058 95 false 181} {7487 95 false 182} {9104 95 false 183} {9659 95 false 184} {3870 95 false 185} {7666 95 false 186} {8351 95 false 187} {9904 95 false 188} {3086 95 false 189} {4239 95 false 190} {9285 95 false 191} {8547 95 false 192} {5397 95 false 193} {6203 95 false 194} {2701 95 false 195} {281 95 false 196} {5684 95 false 197} {6931 95 false 198} {1998 95 false 199} {3892 95 false 200} {8994 95 false 201} {8648 95 false 202} {4605 95 false 203} {4080 95 false 204} {3229 95 false 205} {1192 95 false 206} {7753 95 false 207} {2164 95 false 208} {3086 95 false 209} {5245 95 false 210} {7102 95 false 211} {8818 95 false 212} {5017 95 false 213} {7628 95 false 214} {6028 95 false 215} {590 95 false 216} {6004 95 false 217} {2477 95 false 218} {6033 95 false 219} {4971 95 false 220} {7653 95 false 221} {4210 95 false 222} {654 95 false 223} {1347 95 false 224} {548 95 false 225} {2425 95 false 226} {7551 95 false 227} {147 95 false 228} {3398 95 false 229} {9137 95 false 230} {5214 95 false 231} {1870 95 false 232} {2007 95 false 233} {4259 95 false 234} {5871 95 false 235} {1999 95 false 236} {2250 95 false 237} {2233 95 false 238} {9889 95 false 239} {3674 95 false 240} {3867 95 false 241} {9585 95 false 242} {7532 95 false 243} {3418 95 false 244} {1920 95 false 245} {5828 95 false 246} {3723 95 false 247} {197 95 false 248} {3771 95 false 249} {9308 95 false 250} {8474 95 false 251} {6670 95 false 252} {8023 95 false 253} {9827 95 false 254} {745 95 false 255} {9541 95 false 256} {4130 95 false 257} {3683 95 false 258} {244 95 false 259} {1055 95 false 260} {7937 95 false 261} {9098 95 false 262} {8583 141 false 263} {4509 141 false 264} {5945 141 false 265} {7900 141 false 266} {8891 141 false 267} {8803 141 false 268} {2042 141 false 269} {8293 141 false 270} {4473 141 false 271} {6604 141 false 272} {5376 141 false 273} {6396 141 false 274} {8674 141 false 275} {5663 141 false 276} {1465 141 false 277} {4305 141 false 278} {29 141 false 279} {5595 141 false 280} {5764 141 false 281} {473 141 false 282} {6305 141 false 283} {273 141 false 284} {3146 141 false 285} {9506 141 false 286} {4632 141 false 287} {6027 141 false 288} {6952 141 false 289} {8257 141 false 290} {9649 141 false 291} {4178 141 false 292} {7266 141 false 293} {2232 141 false 294} {1973 141 false 295} {1704 141 false 296} {9529 141 false 297} {7427 141 false 298} {4392 141 false 299} {8497 141 false 300} {8041 141 false 301} {5966 141 false 302} {8440 141 false 303} {2229 141 false 304} {815 141 false 305} {1570 141 false 306} {6889 141 false 307} {4416 141 false 308} {651 141 false 309} {8692 141 false 310} {5425 141 false 311} {4142 141 false 312} {1077 141 false 313} {7325 141 false 314} {2814 141 false 315} {202 141 false 316} {7450 141 false 317} {8805 141 false 318} {3424 141 false 319} {3006 141 false 320} {4641 141 false 321} {2604 141 false 322} {3988 141 false 323} {8515 141 false 324} {4262 141 false 325} {6619 141 false 326} {8498 141 false 327} {9672 141 false 328} {8418 141 false 329} {5033 141 false 330} {5311 141 false 331} {9242 141 false 332} {7380 141 false 333} {5261 141 false 334} {9100 141 false 335} {4374 141 false 336} {2866 141 false 337} {290 141 false 338} {2261 141 false 339} {120 141 false 340} {7072 141 false 341} {7931 141 false 342} {2635 141 false 343} {1951 141 false 344} {8594 141 false 345} {4127 141 false 346} {2386 141 false 347} {2174 141 false 348} {3837 141 false 349} {8358 141 false 350} {7353 141 false 351} {2094 141 false 352} {569 141 false 353} {8759 141 false 354} {1223 141 false 355} {3599 141 false 356} {123 141 false 357} {3680 141 false 358} {6063 141 false 359} {8870 141 false 360} {8775 141 false 361} {2959 141 false 362} {8613 141 false 363} {3399 141 false 364} {1931 141 false 365} {3362 141 false 366} {9117 141 false 367} {2364 141 false 368} {7785 141 false 369} {5066 141 false 370} {6181 141 false 371} {6803 141 false 372} {6922 141 false 373} {4098 141 false 374} {869 141 false 375} {4009 141 false 376} {1013 141 false 377} {4881 141 false 378} {3898 141 false 379} {1276 141 false 380} {3816 141 false 381} {9317 141 false 382} {8377 141 false 383} {9596 141 false 384} {3339 141 false 385} {1374 141 false 386} {4753 141 false 387} {5037 141 false 388} {8833 141 false 389}] 
2025/11/03 17:32:38 [17:32:38.591] [Node:0] [HEARTBEAT] [Trace:HB_0_162] Follower等心跳 status FOLLOWER term:162 commitIndex:24
2025/11/03 17:32:38 [17:32:38.691] [Node:0] [HEARTBEAT] [Trace:HB_0_162] Follower等心跳 status FOLLOWER term:162 commitIndex:24
2025/11/03 17:32:38 [17:32:38.791] [Node:0] [HEARTBEAT] [Trace:HB_0_162] Follower等心跳 status FOLLOWER term:162 commitIndex:24
2025/11/03 17:32:38 [17:32:38.857] [Node:0] [INFO] [STATE_CHANGE] FOLLOWER->FOLLOWER term:162 reason:变成Candidate
2025/11/03 17:32:38 [17:32:38.858] [Node:0] [TIMER_EVENT] [Trace:TIMER_0] 超时选举 since:276.739375ms threshold:236.415289ms
2025/11/03 17:32:38 [17:32:38.858] [Node:0] [RPC_SEND] [Trace:ELEC_0_163] 发送选举请求
2025/11/03 17:32:38 [17:32:38.858] [Node:0] [RPC_SEND] [Trace:ELEC_0_163] 发送选举请求
2025/11/03 17:32:38 [17:32:38.858] [Node:0] [RPC_SEND] [Trace:ELEC_0_163] 发送选举请求
2025/11/03 17:32:38 [17:32:38.858] [Node:0] [RPC_SEND] [Trace:ELEC_0_163] 发送选举请求
2025/11/03 17:32:38 [17:32:38.885] [Node:0] [RPC_SEND] [Trace:ELEC_0_163] 处理投票返回 for term 163 reply:{163 true}
2025/11/03 17:32:38 [17:32:38.892] [Node:0] [HEARTBEAT] [Trace:HB_0_163] Follower等心跳 status CANDIDATE term:163 commitIndex:24
2025/11/03 17:32:38 [17:32:38.892] [Node:0] [RPC_SEND] [Trace:ELEC_0_163] 处理投票返回 for term 163 reply:{163 true}
2025/11/03 17:32:38 [17:32:38.893] [Node:0] [INFO] [STATE_CHANGE] CANDIDATE->LEADER term:163 reason:成为Leader
2025/11/03 17:32:38 [17:32:38.992] [Node:0] [HEARTBEAT] [Trace:HB_0_163] 开始发送心跳广播 status LEADER term:163 commitIndex:24
2025/11/03 17:32:39 [17:32:39.016] [Node:0] [LOG_REPLICA] [Trace:LOG_0_163][0->4] 心跳返回 from peer:4 term:163 success:true
2025/11/03 17:32:39 [17:32:39.016] [Node:0] [LOG_REPLICA] [Trace:LOG_0_163][0->4] 日志复制返回成功 from peer:4 term:163 agreeCount:2 log [{2684 16 false 25} {5836 19 false 26} {5544 19 false 27} {713 19 false 28} {6403 19 false 29} {881 19 false 30} {3832 19 false 31} {4831 19 false 32} {989 19 false 33} {3559 19 false 34} {4757 19 false 35} {5501 19 false 36} {705 19 false 37} {528 19 false 38} {4304 19 false 39} {4358 19 false 40} {8941 19 false 41} {1994 19 false 42} {411 19 false 43} {7043 95 false 44} {2699 95 false 45} {8150 95 false 46} {8874 95 false 47} {7096 95 false 48} {4872 95 false 49} {3988 95 false 50} {2554 95 false 51} {554 95 false 52} {2953 95 false 53} {9230 95 false 54} {8688 95 false 55} {9094 95 false 56} {3997 95 false 57} {2894 95 false 58} {5667 95 false 59} {3509 95 false 60} {4539 95 false 61} {1900 95 false 62} {395 95 false 63} {4338 95 false 64} {9052 95 false 65} {6681 95 false 66} {5152 95 false 67} {2250 95 false 68} {7353 95 false 69} {7300 95 false 70} {9476 95 false 71} {5907 95 false 72} {8352 95 false 73} {3326 95 false 74} {2806 95 false 75} {5167 95 false 76} {3514 95 false 77} {7493 95 false 78} {3260 95 false 79} {2440 95 false 80} {2920 95 false 81} {8285 95 false 82} {4140 95 false 83} {8602 95 false 84} {5537 95 false 85} {4663 95 false 86} {8098 95 false 87} {743 95 false 88} {9006 95 false 89} {6480 95 false 90} {4305 95 false 91} {7754 95 false 92} {612 95 false 93} {7820 95 false 94} {4607 95 false 95} {7256 95 false 96} {4888 95 false 97} {1311 95 false 98} {8099 95 false 99} {1197 95 false 100} {2238 95 false 101} {2354 95 false 102} {3362 95 false 103} {919 95 false 104} {8424 95 false 105} {6099 95 false 106} {1374 95 false 107} {2506 95 false 108} {7804 95 false 109} {5971 95 false 110} {3293 95 false 111} {6828 95 false 112} {5896 95 false 113} {2846 95 false 114} {1290 95 false 115} {7082 95 false 116} {4917 95 false 117} {3250 95 false 118} {248 95 false 119} {1140 95 false 120} {1245 95 false 121} {6024 95 false 122} {4473 95 false 123} {2136 95 false 124} {4154 95 false 125} {2583 95 false 126} {708 95 false 127} {4481 95 false 128} {6476 95 false 129} {5036 95 false 130} {4065 95 false 131} {6200 95 false 132} {1397 95 false 133} {4279 95 false 134} {6833 95 false 135} {4346 95 false 136} {3317 95 false 137} {4185 95 false 138} {4000 95 false 139} {2185 95 false 140} {8037 95 false 141} {1968 95 false 142} {6414 95 false 143} {6351 95 false 144} {1290 95 false 145} {255 95 false 146} {5814 95 false 147} {9138 95 false 148} {1249 95 false 149} {8088 95 false 150} {61 95 false 151} {6456 95 false 152} {9658 95 false 153} {2752 95 false 154} {4915 95 false 155} {2443 95 false 156} {4194 95 false 157} {928 95 false 158} {5614 95 false 159} {8999 95 false 160} {1953 95 false 161} {2650 95 false 162} {3468 95 false 163} {1123 95 false 164} {3774 95 false 165} {6358 95 false 166} {5925 95 false 167} {338 95 false 168} {99 95 false 169} {4512 95 false 170} {7477 95 false 171} {169 95 false 172} {6395 95 false 173} {7193 95 false 174} {2353 95 false 175} {3277 95 false 176} {6306 95 false 177} {5511 95 false 178} {2355 95 false 179} {8128 95 false 180} {6058 95 false 181} {7487 95 false 182} {9104 95 false 183} {9659 95 false 184} {3870 95 false 185} {7666 95 false 186} {8351 95 false 187} {9904 95 false 188} {3086 95 false 189} {4239 95 false 190} {9285 95 false 191} {8547 95 false 192} {5397 95 false 193} {6203 95 false 194} {2701 95 false 195} {281 95 false 196} {5684 95 false 197} {6931 95 false 198} {1998 95 false 199} {3892 95 false 200} {8994 95 false 201} {8648 95 false 202} {4605 95 false 203} {4080 95 false 204} {3229 95 false 205} {1192 95 false 206} {7753 95 false 207} {2164 95 false 208} {3086 95 false 209} {5245 95 false 210} {7102 95 false 211} {8818 95 false 212} {5017 95 false 213} {7628 95 false 214} {6028 95 false 215} {590 95 false 216} {6004 95 false 217} {2477 95 false 218} {6033 95 false 219} {4971 95 false 220} {7653 95 false 221} {4210 95 false 222} {654 95 false 223} {1347 95 false 224} {548 95 false 225} {2425 95 false 226} {7551 95 false 227} {147 95 false 228} {3398 95 false 229} {9137 95 false 230} {5214 95 false 231} {1870 95 false 232} {2007 95 false 233} {4259 95 false 234} {5871 95 false 235} {1999 95 false 236} {2250 95 false 237} {2233 95 false 238} {9889 95 false 239} {3674 95 false 240} {3867 95 false 241} {9585 95 false 242} {7532 95 false 243} {3418 95 false 244} {1920 95 false 245} {5828 95 false 246} {3723 95 false 247} {197 95 false 248} {3771 95 false 249} {9308 95 false 250} {8474 95 false 251} {6670 95 false 252} {8023 95 false 253} {9827 95 false 254} {745 95 false 255} {9541 95 false 256} {4130 95 false 257} {3683 95 false 258} {244 95 false 259} {1055 95 false 260} {7937 95 false 261} {9098 95 false 262} {8583 141 false 263} {4509 141 false 264} {5945 141 false 265} {7900 141 false 266} {8891 141 false 267} {8803 141 false 268} {2042 141 false 269} {8293 141 false 270} {4473 141 false 271} {6604 141 false 272} {5376 141 false 273} {6396 141 false 274} {8674 141 false 275} {5663 141 false 276} {1465 141 false 277} {4305 141 false 278} {29 141 false 279} {5595 141 false 280} {5764 141 false 281} {473 141 false 282} {6305 141 false 283} {273 141 false 284} {3146 141 false 285} {9506 141 false 286} {4632 141 false 287} {6027 141 false 288} {6952 141 false 289} {8257 141 false 290} {9649 141 false 291} {4178 141 false 292} {7266 141 false 293} {2232 141 false 294} {1973 141 false 295} {1704 141 false 296} {9529 141 false 297} {7427 141 false 298} {4392 141 false 299} {8497 141 false 300} {8041 141 false 301} {5966 141 false 302} {8440 141 false 303} {2229 141 false 304} {815 141 false 305} {1570 141 false 306} {6889 141 false 307} {4416 141 false 308} {651 141 false 309} {8692 141 false 310} {5425 141 false 311} {4142 141 false 312} {1077 141 false 313} {7325 141 false 314} {2814 141 false 315} {202 141 false 316} {7450 141 false 317} {8805 141 false 318} {3424 141 false 319} {3006 141 false 320} {4641 141 false 321} {2604 141 false 322} {3988 141 false 323} {8515 141 false 324} {4262 141 false 325} {6619 141 false 326} {8498 141 false 327} {9672 141 false 328} {8418 141 false 329} {5033 141 false 330} {5311 141 false 331} {9242 141 false 332} {7380 141 false 333} {5261 141 false 334} {9100 141 false 335} {4374 141 false 336} {2866 141 false 337} {290 141 false 338} {2261 141 false 339} {120 141 false 340} {7072 141 false 341} {7931 141 false 342} {2635 141 false 343} {1951 141 false 344} {8594 141 false 345} {4127 141 false 346} {2386 141 false 347} {2174 141 false 348} {3837 141 false 349} {8358 141 false 350} {7353 141 false 351} {2094 141 false 352} {569 141 false 353} {8759 141 false 354} {1223 141 false 355} {3599 141 false 356} {123 141 false 357} {3680 141 false 358} {6063 141 false 359} {8870 141 false 360} {8775 141 false 361} {2959 141 false 362} {8613 141 false 363} {3399 141 false 364} {1931 141 false 365} {3362 141 false 366} {9117 141 false 367} {2364 141 false 368} {7785 141 false 369} {5066 141 false 370} {6181 141 false 371} {6803 141 false 372} {6922 141 false 373} {4098 141 false 374} {869 141 false 375} {4009 141 false 376} {1013 141 false 377} {4881 141 false 378} {3898 141 false 379} {1276 141 false 380} {3816 141 false 381} {9317 141 false 382} {8377 141 false 383} {9596 141 false 384} {3339 141 false 385} {1374 141 false 386} {4753 141 false 387} {5037 141 false 388} {8833 141 false 389}]
2025/11/03 17:32:39 [17:32:39.018] [Node:0] [LOG_REPLICA] [Trace:LOG_0_163][0->4] 更新后 server:4 matchIndex:389 nextIndex:390
2025/11/03 17:32:39 [17:32:39.092] [Node:0] [HEARTBEAT] [Trace:HB_0_163] 开始发送心跳广播 status LEADER term:163 commitIndex:24
2025/11/03 17:32:39 [17:32:39.103] [Node:0] [LOG_REPLICA] [Trace:LOG_0_163][0->4] 心跳返回 from peer:4 term:163 success:true
2025/11/03 17:32:39 [17:32:39.116] [Node:0] [RPC_SEND] [Trace:ELEC_0_163] 处理投票返回 for term 163 reply:{163 true}
2025/11/03 17:32:39 [17:32:39.133] [Node:0] [LOG_REPLICA] [Trace:LOG_0_163][0->2] 心跳返回 from peer:2 term:163 success:true
2025/11/03 17:32:39 [17:32:39.133] [Node:0] [LOG_REPLICA] [Trace:LOG_0_163][0->2] 日志复制返回成功 from peer:2 term:163 agreeCount:2 log [{2684 16 false 25} {5836 19 false 26} {5544 19 false 27} {713 19 false 28} {6403 19 false 29} {881 19 false 30} {3832 19 false 31} {4831 19 false 32} {989 19 false 33} {3559 19 false 34} {4757 19 false 35} {5501 19 false 36} {705 19 false 37} {528 19 false 38} {4304 19 false 39} {4358 19 false 40} {8941 19 false 41} {1994 19 false 42} {411 19 false 43} {7043 95 false 44} {2699 95 false 45} {8150 95 false 46} {8874 95 false 47} {7096 95 false 48} {4872 95 false 49} {3988 95 false 50} {2554 95 false 51} {554 95 false 52} {2953 95 false 53} {9230 95 false 54} {8688 95 false 55} {9094 95 false 56} {3997 95 false 57} {2894 95 false 58} {5667 95 false 59} {3509 95 false 60} {4539 95 false 61} {1900 95 false 62} {395 95 false 63} {4338 95 false 64} {9052 95 false 65} {6681 95 false 66} {5152 95 false 67} {2250 95 false 68} {7353 95 false 69} {7300 95 false 70} {9476 95 false 71} {5907 95 false 72} {8352 95 false 73} {3326 95 false 74} {2806 95 false 75} {5167 95 false 76} {3514 95 false 77} {7493 95 false 78} {3260 95 false 79} {2440 95 false 80} {2920 95 false 81} {8285 95 false 82} {4140 95 false 83} {8602 95 false 84} {5537 95 false 85} {4663 95 false 86} {8098 95 false 87} {743 95 false 88} {9006 95 false 89} {6480 95 false 90} {4305 95 false 91} {7754 95 false 92} {612 95 false 93} {7820 95 false 94} {4607 95 false 95} {7256 95 false 96} {4888 95 false 97} {1311 95 false 98} {8099 95 false 99} {1197 95 false 100} {2238 95 false 101} {2354 95 false 102} {3362 95 false 103} {919 95 false 104} {8424 95 false 105} {6099 95 false 106} {1374 95 false 107} {2506 95 false 108} {7804 95 false 109} {5971 95 false 110} {3293 95 false 111} {6828 95 false 112} {5896 95 false 113} {2846 95 false 114} {1290 95 false 115} {7082 95 false 116} {4917 95 false 117} {3250 95 false 118} {248 95 false 119} {1140 95 false 120} {1245 95 false 121} {6024 95 false 122} {4473 95 false 123} {2136 95 false 124} {4154 95 false 125} {2583 95 false 126} {708 95 false 127} {4481 95 false 128} {6476 95 false 129} {5036 95 false 130} {4065 95 false 131} {6200 95 false 132} {1397 95 false 133} {4279 95 false 134} {6833 95 false 135} {4346 95 false 136} {3317 95 false 137} {4185 95 false 138} {4000 95 false 139} {2185 95 false 140} {8037 95 false 141} {1968 95 false 142} {6414 95 false 143} {6351 95 false 144} {1290 95 false 145} {255 95 false 146} {5814 95 false 147} {9138 95 false 148} {1249 95 false 149} {8088 95 false 150} {61 95 false 151} {6456 95 false 152} {9658 95 false 153} {2752 95 false 154} {4915 95 false 155} {2443 95 false 156} {4194 95 false 157} {928 95 false 158} {5614 95 false 159} {8999 95 false 160} {1953 95 false 161} {2650 95 false 162} {3468 95 false 163} {1123 95 false 164} {3774 95 false 165} {6358 95 false 166} {5925 95 false 167} {338 95 false 168} {99 95 false 169} {4512 95 false 170} {7477 95 false 171} {169 95 false 172} {6395 95 false 173} {7193 95 false 174} {2353 95 false 175} {3277 95 false 176} {6306 95 false 177} {5511 95 false 178} {2355 95 false 179} {8128 95 false 180} {6058 95 false 181} {7487 95 false 182} {9104 95 false 183} {9659 95 false 184} {3870 95 false 185} {7666 95 false 186} {8351 95 false 187} {9904 95 false 188} {3086 95 false 189} {4239 95 false 190} {9285 95 false 191} {8547 95 false 192} {5397 95 false 193} {6203 95 false 194} {2701 95 false 195} {281 95 false 196} {5684 95 false 197} {6931 95 false 198} {1998 95 false 199} {3892 95 false 200} {8994 95 false 201} {8648 95 false 202} {4605 95 false 203} {4080 95 false 204} {3229 95 false 205} {1192 95 false 206} {7753 95 false 207} {2164 95 false 208} {3086 95 false 209} {5245 95 false 210} {7102 95 false 211} {8818 95 false 212} {5017 95 false 213} {7628 95 false 214} {6028 95 false 215} {590 95 false 216} {6004 95 false 217} {2477 95 false 218} {6033 95 false 219} {4971 95 false 220} {7653 95 false 221} {4210 95 false 222} {654 95 false 223} {1347 95 false 224} {548 95 false 225} {2425 95 false 226} {7551 95 false 227} {147 95 false 228} {3398 95 false 229} {9137 95 false 230} {5214 95 false 231} {1870 95 false 232} {2007 95 false 233} {4259 95 false 234} {5871 95 false 235} {1999 95 false 236} {2250 95 false 237} {2233 95 false 238} {9889 95 false 239} {3674 95 false 240} {3867 95 false 241} {9585 95 false 242} {7532 95 false 243} {3418 95 false 244} {1920 95 false 245} {5828 95 false 246} {3723 95 false 247} {197 95 false 248} {3771 95 false 249} {9308 95 false 250} {8474 95 false 251} {6670 95 false 252} {8023 95 false 253} {9827 95 false 254} {745 95 false 255} {9541 95 false 256} {4130 95 false 257} {3683 95 false 258} {244 95 false 259} {1055 95 false 260} {7937 95 false 261} {9098 95 false 262} {8583 141 false 263} {4509 141 false 264} {5945 141 false 265} {7900 141 false 266} {8891 141 false 267} {8803 141 false 268} {2042 141 false 269} {8293 141 false 270} {4473 141 false 271} {6604 141 false 272} {5376 141 false 273} {6396 141 false 274} {8674 141 false 275} {5663 141 false 276} {1465 141 false 277} {4305 141 false 278} {29 141 false 279} {5595 141 false 280} {5764 141 false 281} {473 141 false 282} {6305 141 false 283} {273 141 false 284} {3146 141 false 285} {9506 141 false 286} {4632 141 false 287} {6027 141 false 288} {6952 141 false 289} {8257 141 false 290} {9649 141 false 291} {4178 141 false 292} {7266 141 false 293} {2232 141 false 294} {1973 141 false 295} {1704 141 false 296} {9529 141 false 297} {7427 141 false 298} {4392 141 false 299} {8497 141 false 300} {8041 141 false 301} {5966 141 false 302} {8440 141 false 303} {2229 141 false 304} {815 141 false 305} {1570 141 false 306} {6889 141 false 307} {4416 141 false 308} {651 141 false 309} {8692 141 false 310} {5425 141 false 311} {4142 141 false 312} {1077 141 false 313} {7325 141 false 314} {2814 141 false 315} {202 141 false 316} {7450 141 false 317} {8805 141 false 318} {3424 141 false 319} {3006 141 false 320} {4641 141 false 321} {2604 141 false 322} {3988 141 false 323} {8515 141 false 324} {4262 141 false 325} {6619 141 false 326} {8498 141 false 327} {9672 141 false 328} {8418 141 false 329} {5033 141 false 330} {5311 141 false 331} {9242 141 false 332} {7380 141 false 333} {5261 141 false 334} {9100 141 false 335} {4374 141 false 336} {2866 141 false 337} {290 141 false 338} {2261 141 false 339} {120 141 false 340} {7072 141 false 341} {7931 141 false 342} {2635 141 false 343} {1951 141 false 344} {8594 141 false 345} {4127 141 false 346} {2386 141 false 347} {2174 141 false 348} {3837 141 false 349} {8358 141 false 350} {7353 141 false 351} {2094 141 false 352} {569 141 false 353} {8759 141 false 354} {1223 141 false 355} {3599 141 false 356} {123 141 false 357} {3680 141 false 358} {6063 141 false 359} {8870 141 false 360} {8775 141 false 361} {2959 141 false 362} {8613 141 false 363} {3399 141 false 364} {1931 141 false 365} {3362 141 false 366} {9117 141 false 367} {2364 141 false 368} {7785 141 false 369} {5066 141 false 370} {6181 141 false 371} {6803 141 false 372} {6922 141 false 373} {4098 141 false 374} {869 141 false 375} {4009 141 false 376} {1013 141 false 377} {4881 141 false 378} {3898 141 false 379} {1276 141 false 380} {3816 141 false 381} {9317 141 false 382} {8377 141 false 383} {9596 141 false 384} {3339 141 false 385} {1374 141 false 386} {4753 141 false 387} {5037 141 false 388} {8833 141 false 389}]
2025/11/03 17:32:39 [17:32:39.134] [Node:0] [LOG_REPLICA] [Trace:LOG_0_163][0->2] 更新后 server:2 matchIndex:389 nextIndex:390
2025/11/03 17:32:39 [17:32:39.193] [Node:0] [HEARTBEAT] [Trace:HB_0_163] 开始发送心跳广播 status LEADER term:163 commitIndex:24
2025/11/03 17:32:39 [17:32:39.212] [Node:0] [LOG_REPLICA] [Trace:LOG_0_163][0->3] 心跳返回 from peer:3 term:163 success:true
2025/11/03 17:32:39 [17:32:39.212] [Node:0] [LOG_REPLICA] [Trace:LOG_0_163][0->3] 日志复制返回成功 from peer:3 term:163 agreeCount:2 log [{2684 16 false 25} {5836 19 false 26} {5544 19 false 27} {713 19 false 28} {6403 19 false 29} {881 19 false 30} {3832 19 false 31} {4831 19 false 32} {989 19 false 33} {3559 19 false 34} {4757 19 false 35} {5501 19 false 36} {705 19 false 37} {528 19 false 38} {4304 19 false 39} {4358 19 false 40} {8941 19 false 41} {1994 19 false 42} {411 19 false 43} {7043 95 false 44} {2699 95 false 45} {8150 95 false 46} {8874 95 false 47} {7096 95 false 48} {4872 95 false 49} {3988 95 false 50} {2554 95 false 51} {554 95 false 52} {2953 95 false 53} {9230 95 false 54} {8688 95 false 55} {9094 95 false 56} {3997 95 false 57} {2894 95 false 58} {5667 95 false 59} {3509 95 false 60} {4539 95 false 61} {1900 95 false 62} {395 95 false 63} {4338 95 false 64} {9052 95 false 65} {6681 95 false 66} {5152 95 false 67} {2250 95 false 68} {7353 95 false 69} {7300 95 false 70} {9476 95 false 71} {5907 95 false 72} {8352 95 false 73} {3326 95 false 74} {2806 95 false 75} {5167 95 false 76} {3514 95 false 77} {7493 95 false 78} {3260 95 false 79} {2440 95 false 80} {2920 95 false 81} {8285 95 false 82} {4140 95 false 83} {8602 95 false 84} {5537 95 false 85} {4663 95 false 86} {8098 95 false 87} {743 95 false 88} {9006 95 false 89} {6480 95 false 90} {4305 95 false 91} {7754 95 false 92} {612 95 false 93} {7820 95 false 94} {4607 95 false 95} {7256 95 false 96} {4888 95 false 97} {1311 95 false 98} {8099 95 false 99} {1197 95 false 100} {2238 95 false 101} {2354 95 false 102} {3362 95 false 103} {919 95 false 104} {8424 95 false 105} {6099 95 false 106} {1374 95 false 107} {2506 95 false 108} {7804 95 false 109} {5971 95 false 110} {3293 95 false 111} {6828 95 false 112} {5896 95 false 113} {2846 95 false 114} {1290 95 false 115} {7082 95 false 116} {4917 95 false 117} {3250 95 false 118} {248 95 false 119} {1140 95 false 120} {1245 95 false 121} {6024 95 false 122} {4473 95 false 123} {2136 95 false 124} {4154 95 false 125} {2583 95 false 126} {708 95 false 127} {4481 95 false 128} {6476 95 false 129} {5036 95 false 130} {4065 95 false 131} {6200 95 false 132} {1397 95 false 133} {4279 95 false 134} {6833 95 false 135} {4346 95 false 136} {3317 95 false 137} {4185 95 false 138} {4000 95 false 139} {2185 95 false 140} {8037 95 false 141} {1968 95 false 142} {6414 95 false 143} {6351 95 false 144} {1290 95 false 145} {255 95 false 146} {5814 95 false 147} {9138 95 false 148} {1249 95 false 149} {8088 95 false 150} {61 95 false 151} {6456 95 false 152} {9658 95 false 153} {2752 95 false 154} {4915 95 false 155} {2443 95 false 156} {4194 95 false 157} {928 95 false 158} {5614 95 false 159} {8999 95 false 160} {1953 95 false 161} {2650 95 false 162} {3468 95 false 163} {1123 95 false 164} {3774 95 false 165} {6358 95 false 166} {5925 95 false 167} {338 95 false 168} {99 95 false 169} {4512 95 false 170} {7477 95 false 171} {169 95 false 172} {6395 95 false 173} {7193 95 false 174} {2353 95 false 175} {3277 95 false 176} {6306 95 false 177} {5511 95 false 178} {2355 95 false 179} {8128 95 false 180} {6058 95 false 181} {7487 95 false 182} {9104 95 false 183} {9659 95 false 184} {3870 95 false 185} {7666 95 false 186} {8351 95 false 187} {9904 95 false 188} {3086 95 false 189} {4239 95 false 190} {9285 95 false 191} {8547 95 false 192} {5397 95 false 193} {6203 95 false 194} {2701 95 false 195} {281 95 false 196} {5684 95 false 197} {6931 95 false 198} {1998 95 false 199} {3892 95 false 200} {8994 95 false 201} {8648 95 false 202} {4605 95 false 203} {4080 95 false 204} {3229 95 false 205} {1192 95 false 206} {7753 95 false 207} {2164 95 false 208} {3086 95 false 209} {5245 95 false 210} {7102 95 false 211} {8818 95 false 212} {5017 95 false 213} {7628 95 false 214} {6028 95 false 215} {590 95 false 216} {6004 95 false 217} {2477 95 false 218} {6033 95 false 219} {4971 95 false 220} {7653 95 false 221} {4210 95 false 222} {654 95 false 223} {1347 95 false 224} {548 95 false 225} {2425 95 false 226} {7551 95 false 227} {147 95 false 228} {3398 95 false 229} {9137 95 false 230} {5214 95 false 231} {1870 95 false 232} {2007 95 false 233} {4259 95 false 234} {5871 95 false 235} {1999 95 false 236} {2250 95 false 237} {2233 95 false 238} {9889 95 false 239} {3674 95 false 240} {3867 95 false 241} {9585 95 false 242} {7532 95 false 243} {3418 95 false 244} {1920 95 false 245} {5828 95 false 246} {3723 95 false 247} {197 95 false 248} {3771 95 false 249} {9308 95 false 250} {8474 95 false 251} {6670 95 false 252} {8023 95 false 253} {9827 95 false 254} {745 95 false 255} {9541 95 false 256} {4130 95 false 257} {3683 95 false 258} {244 95 false 259} {1055 95 false 260} {7937 95 false 261} {9098 95 false 262} {8583 141 false 263} {4509 141 false 264} {5945 141 false 265} {7900 141 false 266} {8891 141 false 267} {8803 141 false 268} {2042 141 false 269} {8293 141 false 270} {4473 141 false 271} {6604 141 false 272} {5376 141 false 273} {6396 141 false 274} {8674 141 false 275} {5663 141 false 276} {1465 141 false 277} {4305 141 false 278} {29 141 false 279} {5595 141 false 280} {5764 141 false 281} {473 141 false 282} {6305 141 false 283} {273 141 false 284} {3146 141 false 285} {9506 141 false 286} {4632 141 false 287} {6027 141 false 288} {6952 141 false 289} {8257 141 false 290} {9649 141 false 291} {4178 141 false 292} {7266 141 false 293} {2232 141 false 294} {1973 141 false 295} {1704 141 false 296} {9529 141 false 297} {7427 141 false 298} {4392 141 false 299} {8497 141 false 300} {8041 141 false 301} {5966 141 false 302} {8440 141 false 303} {2229 141 false 304} {815 141 false 305} {1570 141 false 306} {6889 141 false 307} {4416 141 false 308} {651 141 false 309} {8692 141 false 310} {5425 141 false 311} {4142 141 false 312} {1077 141 false 313} {7325 141 false 314} {2814 141 false 315} {202 141 false 316} {7450 141 false 317} {8805 141 false 318} {3424 141 false 319} {3006 141 false 320} {4641 141 false 321} {2604 141 false 322} {3988 141 false 323} {8515 141 false 324} {4262 141 false 325} {6619 141 false 326} {8498 141 false 327} {9672 141 false 328} {8418 141 false 329} {5033 141 false 330} {5311 141 false 331} {9242 141 false 332} {7380 141 false 333} {5261 141 false 334} {9100 141 false 335} {4374 141 false 336} {2866 141 false 337} {290 141 false 338} {2261 141 false 339} {120 141 false 340} {7072 141 false 341} {7931 141 false 342} {2635 141 false 343} {1951 141 false 344} {8594 141 false 345} {4127 141 false 346} {2386 141 false 347} {2174 141 false 348} {3837 141 false 349} {8358 141 false 350} {7353 141 false 351} {2094 141 false 352} {569 141 false 353} {8759 141 false 354} {1223 141 false 355} {3599 141 false 356} {123 141 false 357} {3680 141 false 358} {6063 141 false 359} {8870 141 false 360} {8775 141 false 361} {2959 141 false 362} {8613 141 false 363} {3399 141 false 364} {1931 141 false 365} {3362 141 false 366} {9117 141 false 367} {2364 141 false 368} {7785 141 false 369} {5066 141 false 370} {6181 141 false 371} {6803 141 false 372} {6922 141 false 373} {4098 141 false 374} {869 141 false 375} {4009 141 false 376} {1013 141 false 377} {4881 141 false 378} {3898 141 false 379} {1276 141 false 380} {3816 141 false 381} {9317 141 false 382} {8377 141 false 383} {9596 141 false 384} {3339 141 false 385} {1374 141 false 386} {4753 141 false 387} {5037 141 false 388} {8833 141 false 389}]
2025/11/03 17:32:39 [17:32:39.213] [Node:0] [LOG_REPLICA] [Trace:LOG_0_163][0->3] 更新后 server:3 matchIndex:389 nextIndex:390
2025/11/03 17:32:39 [17:32:39.293] [Node:0] [HEARTBEAT] [Trace:HB_0_163] 开始发送心跳广播 status LEADER term:163 commitIndex:24
2025/11/03 17:32:39 [17:32:39.311] [Node:0] [LOG_REPLICA] [Trace:LOG_0_163][0->2] 心跳返回 from peer:2 term:163 success:true
2025/11/03 17:32:39 [17:32:39.314] [Node:0] [RPC_RECV] [Trace:CLIENT_0_1762162359314433000] 接收到日志命令:8833 isLeader:true term:163
2025/11/03 17:32:39 [17:32:39.393] [Node:0] [HEARTBEAT] [Trace:HB_0_163] 开始发送心跳广播 status LEADER term:163 commitIndex:24
2025/11/03 17:32:39 [17:32:39.486] [Node:0] [LOG_REPLICA] [Trace:LOG_0_163][0->1] 心跳返回 from peer:1 term:163 success:false
2025/11/03 17:32:39 [17:32:39.486] [Node:0] [LOG_REPLICA] [Trace:LOG_0_163][0->1] 日志复制返回失败，开始快速恢复 for peer:1 starting fast recovery replyLogIndex:9
2025/11/03 17:32:39 [17:32:39.494] [Node:0] [HEARTBEAT] [Trace:HB_0_163] 开始发送心跳广播 status LEADER term:163 commitIndex:24
2025/11/03 17:32:39 [17:32:39.521] [Node:0] [LOG_REPLICA] [Trace:LOG_0_163][0->1] 心跳返回 from peer:1 term:163 success:false
2025/11/03 17:32:39 [17:32:39.521] [Node:0] [LOG_REPLICA] [Trace:LOG_0_163][0->1] 日志复制返回失败，开始快速恢复 for peer:1 starting fast recovery replyLogIndex:9
2025/11/03 17:32:39 [17:32:39.546] [Node:0] [LOG_REPLICA] [Trace:LOG_0_163][0->3] 心跳返回 from peer:3 term:163 success:true
2025/11/03 17:32:39 [17:32:39.546] [Node:0] [LOG_REPLICA] [Trace:LOG_0_163][0->3] 日志复制返回成功 from peer:3 term:163 agreeCount:3 log [{2684 16 false 25} {5836 19 false 26} {5544 19 false 27} {713 19 false 28} {6403 19 false 29} {881 19 false 30} {3832 19 false 31} {4831 19 false 32} {989 19 false 33} {3559 19 false 34} {4757 19 false 35} {5501 19 false 36} {705 19 false 37} {528 19 false 38} {4304 19 false 39} {4358 19 false 40} {8941 19 false 41} {1994 19 false 42} {411 19 false 43} {7043 95 false 44} {2699 95 false 45} {8150 95 false 46} {8874 95 false 47} {7096 95 false 48} {4872 95 false 49} {3988 95 false 50} {2554 95 false 51} {554 95 false 52} {2953 95 false 53} {9230 95 false 54} {8688 95 false 55} {9094 95 false 56} {3997 95 false 57} {2894 95 false 58} {5667 95 false 59} {3509 95 false 60} {4539 95 false 61} {1900 95 false 62} {395 95 false 63} {4338 95 false 64} {9052 95 false 65} {6681 95 false 66} {5152 95 false 67} {2250 95 false 68} {7353 95 false 69} {7300 95 false 70} {9476 95 false 71} {5907 95 false 72} {8352 95 false 73} {3326 95 false 74} {2806 95 false 75} {5167 95 false 76} {3514 95 false 77} {7493 95 false 78} {3260 95 false 79} {2440 95 false 80} {2920 95 false 81} {8285 95 false 82} {4140 95 false 83} {8602 95 false 84} {5537 95 false 85} {4663 95 false 86} {8098 95 false 87} {743 95 false 88} {9006 95 false 89} {6480 95 false 90} {4305 95 false 91} {7754 95 false 92} {612 95 false 93} {7820 95 false 94} {4607 95 false 95} {7256 95 false 96} {4888 95 false 97} {1311 95 false 98} {8099 95 false 99} {1197 95 false 100} {2238 95 false 101} {2354 95 false 102} {3362 95 false 103} {919 95 false 104} {8424 95 false 105} {6099 95 false 106} {1374 95 false 107} {2506 95 false 108} {7804 95 false 109} {5971 95 false 110} {3293 95 false 111} {6828 95 false 112} {5896 95 false 113} {2846 95 false 114} {1290 95 false 115} {7082 95 false 116} {4917 95 false 117} {3250 95 false 118} {248 95 false 119} {1140 95 false 120} {1245 95 false 121} {6024 95 false 122} {4473 95 false 123} {2136 95 false 124} {4154 95 false 125} {2583 95 false 126} {708 95 false 127} {4481 95 false 128} {6476 95 false 129} {5036 95 false 130} {4065 95 false 131} {6200 95 false 132} {1397 95 false 133} {4279 95 false 134} {6833 95 false 135} {4346 95 false 136} {3317 95 false 137} {4185 95 false 138} {4000 95 false 139} {2185 95 false 140} {8037 95 false 141} {1968 95 false 142} {6414 95 false 143} {6351 95 false 144} {1290 95 false 145} {255 95 false 146} {5814 95 false 147} {9138 95 false 148} {1249 95 false 149} {8088 95 false 150} {61 95 false 151} {6456 95 false 152} {9658 95 false 153} {2752 95 false 154} {4915 95 false 155} {2443 95 false 156} {4194 95 false 157} {928 95 false 158} {5614 95 false 159} {8999 95 false 160} {1953 95 false 161} {2650 95 false 162} {3468 95 false 163} {1123 95 false 164} {3774 95 false 165} {6358 95 false 166} {5925 95 false 167} {338 95 false 168} {99 95 false 169} {4512 95 false 170} {7477 95 false 171} {169 95 false 172} {6395 95 false 173} {7193 95 false 174} {2353 95 false 175} {3277 95 false 176} {6306 95 false 177} {5511 95 false 178} {2355 95 false 179} {8128 95 false 180} {6058 95 false 181} {7487 95 false 182} {9104 95 false 183} {9659 95 false 184} {3870 95 false 185} {7666 95 false 186} {8351 95 false 187} {9904 95 false 188} {3086 95 false 189} {4239 95 false 190} {9285 95 false 191} {8547 95 false 192} {5397 95 false 193} {6203 95 false 194} {2701 95 false 195} {281 95 false 196} {5684 95 false 197} {6931 95 false 198} {1998 95 false 199} {3892 95 false 200} {8994 95 false 201} {8648 95 false 202} {4605 95 false 203} {4080 95 false 204} {3229 95 false 205} {1192 95 false 206} {7753 95 false 207} {2164 95 false 208} {3086 95 false 209} {5245 95 false 210} {7102 95 false 211} {8818 95 false 212} {5017 95 false 213} {7628 95 false 214} {6028 95 false 215} {590 95 false 216} {6004 95 false 217} {2477 95 false 218} {6033 95 false 219} {4971 95 false 220} {7653 95 false 221} {4210 95 false 222} {654 95 false 223} {1347 95 false 224} {548 95 false 225} {2425 95 false 226} {7551 95 false 227} {147 95 false 228} {3398 95 false 229} {9137 95 false 230} {5214 95 false 231} {1870 95 false 232} {2007 95 false 233} {4259 95 false 234} {5871 95 false 235} {1999 95 false 236} {2250 95 false 237} {2233 95 false 238} {9889 95 false 239} {3674 95 false 240} {3867 95 false 241} {9585 95 false 242} {7532 95 false 243} {3418 95 false 244} {1920 95 false 245} {5828 95 false 246} {3723 95 false 247} {197 95 false 248} {3771 95 false 249} {9308 95 false 250} {8474 95 false 251} {6670 95 false 252} {8023 95 false 253} {9827 95 false 254} {745 95 false 255} {9541 95 false 256} {4130 95 false 257} {3683 95 false 258} {244 95 false 259} {1055 95 false 260} {7937 95 false 261} {9098 95 false 262} {8583 141 false 263} {4509 141 false 264} {5945 141 false 265} {7900 141 false 266} {8891 141 false 267} {8803 141 false 268} {2042 141 false 269} {8293 141 false 270} {4473 141 false 271} {6604 141 false 272} {5376 141 false 273} {6396 141 false 274} {8674 141 false 275} {5663 141 false 276} {1465 141 false 277} {4305 141 false 278} {29 141 false 279} {5595 141 false 280} {5764 141 false 281} {473 141 false 282} {6305 141 false 283} {273 141 false 284} {3146 141 false 285} {9506 141 false 286} {4632 141 false 287} {6027 141 false 288} {6952 141 false 289} {8257 141 false 290} {9649 141 false 291} {4178 141 false 292} {7266 141 false 293} {2232 141 false 294} {1973 141 false 295} {1704 141 false 296} {9529 141 false 297} {7427 141 false 298} {4392 141 false 299} {8497 141 false 300} {8041 141 false 301} {5966 141 false 302} {8440 141 false 303} {2229 141 false 304} {815 141 false 305} {1570 141 false 306} {6889 141 false 307} {4416 141 false 308} {651 141 false 309} {8692 141 false 310} {5425 141 false 311} {4142 141 false 312} {1077 141 false 313} {7325 141 false 314} {2814 141 false 315} {202 141 false 316} {7450 141 false 317} {8805 141 false 318} {3424 141 false 319} {3006 141 false 320} {4641 141 false 321} {2604 141 false 322} {3988 141 false 323} {8515 141 false 324} {4262 141 false 325} {6619 141 false 326} {8498 141 false 327} {9672 141 false 328} {8418 141 false 329} {5033 141 false 330} {5311 141 false 331} {9242 141 false 332} {7380 141 false 333} {5261 141 false 334} {9100 141 false 335} {4374 141 false 336} {2866 141 false 337} {290 141 false 338} {2261 141 false 339} {120 141 false 340} {7072 141 false 341} {7931 141 false 342} {2635 141 false 343} {1951 141 false 344} {8594 141 false 345} {4127 141 false 346} {2386 141 false 347} {2174 141 false 348} {3837 141 false 349} {8358 141 false 350} {7353 141 false 351} {2094 141 false 352} {569 141 false 353} {8759 141 false 354} {1223 141 false 355} {3599 141 false 356} {123 141 false 357} {3680 141 false 358} {6063 141 false 359} {8870 141 false 360} {8775 141 false 361} {2959 141 false 362} {8613 141 false 363} {3399 141 false 364} {1931 141 false 365} {3362 141 false 366} {9117 141 false 367} {2364 141 false 368} {7785 141 false 369} {5066 141 false 370} {6181 141 false 371} {6803 141 false 372} {6922 141 false 373} {4098 141 false 374} {869 141 false 375} {4009 141 false 376} {1013 141 false 377} {4881 141 false 378} {3898 141 false 379} {1276 141 false 380} {3816 141 false 381} {9317 141 false 382} {8377 141 false 383} {9596 141 false 384} {3339 141 false 385} {1374 141 false 386} {4753 141 false 387} {5037 141 false 388} {8833 141 false 389}]
2025/11/03 17:32:39 [17:32:39.548] [Node:0] [LOG_REPLICA] [Trace:LOG_0_163][0->3] 日志复制返回成功 但是已经更新过了 from peer:3 term:163 matchIndex:389 log last index:389
2025/11/03 17:32:39 [17:32:39.594] [Node:0] [HEARTBEAT] [Trace:HB_0_163] 开始发送心跳广播 status LEADER term:163 commitIndex:24
2025/11/03 17:32:39 [17:32:39.626] [Node:0] [LOG_REPLICA] [Trace:LOG_0_163][0->3] 心跳返回 from peer:3 term:163 success:true
2025/11/03 17:32:39 [17:32:39.626] [Node:0] [LOG_REPLICA] [Trace:LOG_0_163][0->3] 日志复制返回成功 from peer:3 term:163 agreeCount:2 log [{8833 163 false 390}]
2025/11/03 17:32:39 [17:32:39.626] [Node:0] [LOG_REPLICA] [Trace:LOG_0_163][0->3] 更新后 server:3 matchIndex:390 nextIndex:391
2025/11/03 17:32:39 [17:32:39.641] [Node:0] [LOG_REPLICA] [Trace:LOG_0_163][0->1] 心跳返回 from peer:1 term:163 success:false
2025/11/03 17:32:39 [17:32:39.641] [Node:0] [LOG_REPLICA] [Trace:LOG_0_163][0->1] 日志复制返回失败，开始快速恢复 for peer:1 starting fast recovery replyLogIndex:9
2025/11/03 17:32:39 [17:32:39.679] [Node:0] [LOG_REPLICA] [Trace:LOG_0_163][0->2] 心跳返回 from peer:2 term:163 success:true
2025/11/03 17:32:39 [17:32:39.695] [Node:0] [HEARTBEAT] [Trace:HB_0_163] 开始发送心跳广播 status LEADER term:163 commitIndex:24
2025/11/03 17:32:39 [17:32:39.707] [Node:0] [LOG_REPLICA] [Trace:LOG_0_163][0->3] 心跳返回 from peer:3 term:163 success:true
2025/11/03 17:32:39 [17:32:39.707] [Node:0] [LOG_REPLICA] [Trace:LOG_0_163][0->3] 日志复制返回成功 from peer:3 term:163 agreeCount:2 log [{8833 163 false 390}]
2025/11/03 17:32:39 [17:32:39.707] [Node:0] [LOG_REPLICA] [Trace:LOG_0_163][0->3] 日志复制返回成功 但是已经更新过了 from peer:3 term:163 matchIndex:390 log last index:390
2025/11/03 17:32:39 [17:32:39.708] [Node:0] [LOG_REPLICA] [Trace:LOG_0_163][0->4] 心跳返回 from peer:4 term:163 success:true
2025/11/03 17:32:39 [17:32:39.708] [Node:0] [LOG_REPLICA] [Trace:LOG_0_163][0->4] 日志复制返回成功 from peer:4 term:163 agreeCount:3 log [{8833 163 false 390}]
2025/11/03 17:32:39 [17:32:39.708] [Node:0] [LOG_REPLICA] [Trace:LOG_0_163][0->4] 更新后 server:4 matchIndex:390 nextIndex:391
2025/11/03 17:32:39 [17:32:39.708] [Node:0] [LOG_COMMIT] [Trace:LOG_0_163] 日志复制返回成功 多数同意，提交日志给KV服务器 index:390 term:163 majorityCount:3
2025/11/03 17:32:39 [17:32:39.708] [Node:0] [LOG_COMMIT] [Trace:APPLY_0_390] Applying logs count:366 log:[{2684 16 false 25} {5836 19 false 26} {5544 19 false 27} {713 19 false 28} {6403 19 false 29} {881 19 false 30} {3832 19 false 31} {4831 19 false 32} {989 19 false 33} {3559 19 false 34} {4757 19 false 35} {5501 19 false 36} {705 19 false 37} {528 19 false 38} {4304 19 false 39} {4358 19 false 40} {8941 19 false 41} {1994 19 false 42} {411 19 false 43} {7043 95 false 44} {2699 95 false 45} {8150 95 false 46} {8874 95 false 47} {7096 95 false 48} {4872 95 false 49} {3988 95 false 50} {2554 95 false 51} {554 95 false 52} {2953 95 false 53} {9230 95 false 54} {8688 95 false 55} {9094 95 false 56} {3997 95 false 57} {2894 95 false 58} {5667 95 false 59} {3509 95 false 60} {4539 95 false 61} {1900 95 false 62} {395 95 false 63} {4338 95 false 64} {9052 95 false 65} {6681 95 false 66} {5152 95 false 67} {2250 95 false 68} {7353 95 false 69} {7300 95 false 70} {9476 95 false 71} {5907 95 false 72} {8352 95 false 73} {3326 95 false 74} {2806 95 false 75} {5167 95 false 76} {3514 95 false 77} {7493 95 false 78} {3260 95 false 79} {2440 95 false 80} {2920 95 false 81} {8285 95 false 82} {4140 95 false 83} {8602 95 false 84} {5537 95 false 85} {4663 95 false 86} {8098 95 false 87} {743 95 false 88} {9006 95 false 89} {6480 95 false 90} {4305 95 false 91} {7754 95 false 92} {612 95 false 93} {7820 95 false 94} {4607 95 false 95} {7256 95 false 96} {4888 95 false 97} {1311 95 false 98} {8099 95 false 99} {1197 95 false 100} {2238 95 false 101} {2354 95 false 102} {3362 95 false 103} {919 95 false 104} {8424 95 false 105} {6099 95 false 106} {1374 95 false 107} {2506 95 false 108} {7804 95 false 109} {5971 95 false 110} {3293 95 false 111} {6828 95 false 112} {5896 95 false 113} {2846 95 false 114} {1290 95 false 115} {7082 95 false 116} {4917 95 false 117} {3250 95 false 118} {248 95 false 119} {1140 95 false 120} {1245 95 false 121} {6024 95 false 122} {4473 95 false 123} {2136 95 false 124} {4154 95 false 125} {2583 95 false 126} {708 95 false 127} {4481 95 false 128} {6476 95 false 129} {5036 95 false 130} {4065 95 false 131} {6200 95 false 132} {1397 95 false 133} {4279 95 false 134} {6833 95 false 135} {4346 95 false 136} {3317 95 false 137} {4185 95 false 138} {4000 95 false 139} {2185 95 false 140} {8037 95 false 141} {1968 95 false 142} {6414 95 false 143} {6351 95 false 144} {1290 95 false 145} {255 95 false 146} {5814 95 false 147} {9138 95 false 148} {1249 95 false 149} {8088 95 false 150} {61 95 false 151} {6456 95 false 152} {9658 95 false 153} {2752 95 false 154} {4915 95 false 155} {2443 95 false 156} {4194 95 false 157} {928 95 false 158} {5614 95 false 159} {8999 95 false 160} {1953 95 false 161} {2650 95 false 162} {3468 95 false 163} {1123 95 false 164} {3774 95 false 165} {6358 95 false 166} {5925 95 false 167} {338 95 false 168} {99 95 false 169} {4512 95 false 170} {7477 95 false 171} {169 95 false 172} {6395 95 false 173} {7193 95 false 174} {2353 95 false 175} {3277 95 false 176} {6306 95 false 177} {5511 95 false 178} {2355 95 false 179} {8128 95 false 180} {6058 95 false 181} {7487 95 false 182} {9104 95 false 183} {9659 95 false 184} {3870 95 false 185} {7666 95 false 186} {8351 95 false 187} {9904 95 false 188} {3086 95 false 189} {4239 95 false 190} {9285 95 false 191} {8547 95 false 192} {5397 95 false 193} {6203 95 false 194} {2701 95 false 195} {281 95 false 196} {5684 95 false 197} {6931 95 false 198} {1998 95 false 199} {3892 95 false 200} {8994 95 false 201} {8648 95 false 202} {4605 95 false 203} {4080 95 false 204} {3229 95 false 205} {1192 95 false 206} {7753 95 false 207} {2164 95 false 208} {3086 95 false 209} {5245 95 false 210} {7102 95 false 211} {8818 95 false 212} {5017 95 false 213} {7628 95 false 214} {6028 95 false 215} {590 95 false 216} {6004 95 false 217} {2477 95 false 218} {6033 95 false 219} {4971 95 false 220} {7653 95 false 221} {4210 95 false 222} {654 95 false 223} {1347 95 false 224} {548 95 false 225} {2425 95 false 226} {7551 95 false 227} {147 95 false 228} {3398 95 false 229} {9137 95 false 230} {5214 95 false 231} {1870 95 false 232} {2007 95 false 233} {4259 95 false 234} {5871 95 false 235} {1999 95 false 236} {2250 95 false 237} {2233 95 false 238} {9889 95 false 239} {3674 95 false 240} {3867 95 false 241} {9585 95 false 242} {7532 95 false 243} {3418 95 false 244} {1920 95 false 245} {5828 95 false 246} {3723 95 false 247} {197 95 false 248} {3771 95 false 249} {9308 95 false 250} {8474 95 false 251} {6670 95 false 252} {8023 95 false 253} {9827 95 false 254} {745 95 false 255} {9541 95 false 256} {4130 95 false 257} {3683 95 false 258} {244 95 false 259} {1055 95 false 260} {7937 95 false 261} {9098 95 false 262} {8583 141 false 263} {4509 141 false 264} {5945 141 false 265} {7900 141 false 266} {8891 141 false 267} {8803 141 false 268} {2042 141 false 269} {8293 141 false 270} {4473 141 false 271} {6604 141 false 272} {5376 141 false 273} {6396 141 false 274} {8674 141 false 275} {5663 141 false 276} {1465 141 false 277} {4305 141 false 278} {29 141 false 279} {5595 141 false 280} {5764 141 false 281} {473 141 false 282} {6305 141 false 283} {273 141 false 284} {3146 141 false 285} {9506 141 false 286} {4632 141 false 287} {6027 141 false 288} {6952 141 false 289} {8257 141 false 290} {9649 141 false 291} {4178 141 false 292} {7266 141 false 293} {2232 141 false 294} {1973 141 false 295} {1704 141 false 296} {9529 141 false 297} {7427 141 false 298} {4392 141 false 299} {8497 141 false 300} {8041 141 false 301} {5966 141 false 302} {8440 141 false 303} {2229 141 false 304} {815 141 false 305} {1570 141 false 306} {6889 141 false 307} {4416 141 false 308} {651 141 false 309} {8692 141 false 310} {5425 141 false 311} {4142 141 false 312} {1077 141 false 313} {7325 141 false 314} {2814 141 false 315} {202 141 false 316} {7450 141 false 317} {8805 141 false 318} {3424 141 false 319} {3006 141 false 320} {4641 141 false 321} {2604 141 false 322} {3988 141 false 323} {8515 141 false 324} {4262 141 false 325} {6619 141 false 326} {8498 141 false 327} {9672 141 false 328} {8418 141 false 329} {5033 141 false 330} {5311 141 false 331} {9242 141 false 332} {7380 141 false 333} {5261 141 false 334} {9100 141 false 335} {4374 141 false 336} {2866 141 false 337} {290 141 false 338} {2261 141 false 339} {120 141 false 340} {7072 141 false 341} {7931 141 false 342} {2635 141 false 343} {1951 141 false 344} {8594 141 false 345} {4127 141 false 346} {2386 141 false 347} {2174 141 false 348} {3837 141 false 349} {8358 141 false 350} {7353 141 false 351} {2094 141 false 352} {569 141 false 353} {8759 141 false 354} {1223 141 false 355} {3599 141 false 356} {123 141 false 357} {3680 141 false 358} {6063 141 false 359} {8870 141 false 360} {8775 141 false 361} {2959 141 false 362} {8613 141 false 363} {3399 141 false 364} {1931 141 false 365} {3362 141 false 366} {9117 141 false 367} {2364 141 false 368} {7785 141 false 369} {5066 141 false 370} {6181 141 false 371} {6803 141 false 372} {6922 141 false 373} {4098 141 false 374} {869 141 false 375} {4009 141 false 376} {1013 141 false 377} {4881 141 false 378} {3898 141 false 379} {1276 141 false 380} {3816 141 false 381} {9317 141 false 382} {8377 141 false 383} {9596 141 false 384} {3339 141 false 385} {1374 141 false 386} {4753 141 false 387} {5037 141 false 388} {8833 141 false 389} {8833 163 false 390}] lastApplied:390
