2025/11/03 17:32:02 [17:32:02.546] [Node:2] [HEARTBEAT] [Trace:HB_2_0] Follower等心跳 status FOLLOWER term:0 commitIndex:0
2025/11/03 17:32:02 [17:32:02.547] [Node:2] [RPC_RECV] [Trace:CLIENT_2_1762162322547560000] 接收到日志命令:9885 isLeader:false term:0
2025/11/03 17:32:02 [17:32:02.598] [Node:2] [RPC_RECV] [Trace:CLIENT_2_1762162322598062000] 接收到日志命令:9885 isLeader:false term:0
2025/11/03 17:32:02 [17:32:02.646] [Node:2] [HEARTBEAT] [Trace:HB_2_0] Follower等心跳 status FOLLOWER term:0 commitIndex:0
2025/11/03 17:32:02 [17:32:02.648] [Node:2] [RPC_RECV] [Trace:CLIENT_2_1762162322648418000] 接收到日志命令:9885 isLeader:false term:0
2025/11/03 17:32:02 [17:32:02.698] [Node:2] [RPC_RECV] [Trace:CLIENT_2_1762162322698933000] 接收到日志命令:9885 isLeader:false term:0
2025/11/03 17:32:02 [17:32:02.747] [Node:2] [HEARTBEAT] [Trace:HB_2_0] Follower等心跳 status FOLLOWER term:0 commitIndex:0
2025/11/03 17:32:02 [17:32:02.749] [Node:2] [RPC_RECV] [Trace:CLIENT_2_1762162322749365000] 接收到日志命令:9885 isLeader:false term:0
2025/11/03 17:32:02 [17:32:02.797] [Node:2] [RPC_RECV] [Trace:ELEC_0_1][0->2] RequestVote 接受 term:1 candidateId:0 lastLogIndex:0 lastLogTerm:0 currentTerm:0 status:FOLLOWER
2025/11/03 17:32:02 [17:32:02.797] [Node:2] [INFO] [STATE_CHANGE] FOLLOWER->FOLLOWER term:0 reason:降级成follower
2025/11/03 17:32:02 [17:32:02.799] [Node:2] [RPC_RECV] [Trace:ELEC_0_1][0->2] 投票信息 votedFor:-1 lastLogTerm:0 lastLogIndex:0
2025/11/03 17:32:02 [17:32:02.799] [Node:2] [RPC_RECV] [Trace:ELEC_0_1][0->2] 投票给 candidate:0 term:1
2025/11/03 17:32:02 [17:32:02.799] [Node:2] [RPC_RECV] [Trace:CLIENT_2_1762162322799823000] 接收到日志命令:9885 isLeader:false term:1
2025/11/03 17:32:02 [17:32:02.807] [Node:2] [RPC_RECV] [Trace:ELEC_4_1][4->2] RequestVote 接受 term:1 candidateId:4 lastLogIndex:0 lastLogTerm:0 currentTerm:1 status:FOLLOWER
2025/11/03 17:32:02 [17:32:02.807] [Node:2] [RPC_RECV] [Trace:ELEC_4_1][4->2] 投票信息 votedFor:0 lastLogTerm:0 lastLogIndex:0
2025/11/03 17:32:02 [17:32:02.808] [Node:2] [RPC_RECV] [Trace:ELEC_4_1][4->2] 投票失败兜底 candidate:4 term:1
2025/11/03 17:32:02 [17:32:02.847] [Node:2] [HEARTBEAT] [Trace:HB_2_1] Follower等心跳 status FOLLOWER term:1 commitIndex:0
2025/11/03 17:32:02 [17:32:02.850] [Node:2] [RPC_RECV] [Trace:CLIENT_2_1762162322850327000] 接收到日志命令:9885 isLeader:false term:1
2025/11/03 17:32:02 [17:32:02.901] [Node:2] [RPC_RECV] [Trace:CLIENT_2_1762162322901673000] 接收到日志命令:9885 isLeader:false term:1
2025/11/03 17:32:02 [17:32:02.948] [Node:2] [HEARTBEAT] [Trace:HB_2_1] Follower等心跳 status FOLLOWER term:1 commitIndex:0
2025/11/03 17:32:02 [17:32:02.952] [Node:2] [RPC_RECV] [Trace:CLIENT_2_1762162322952419000] 接收到日志命令:9885 isLeader:false term:1
2025/11/03 17:32:03 [17:32:03.003] [Node:2] [RPC_RECV] [Trace:CLIENT_2_1762162323003305000] 接收到日志命令:9885 isLeader:false term:1
2025/11/03 17:32:03 [17:32:03.048] [Node:2] [HEARTBEAT] [Trace:HB_2_1] Follower等心跳 status FOLLOWER term:1 commitIndex:0
2025/11/03 17:32:03 [17:32:03.053] [Node:2] [RPC_RECV] [Trace:CLIENT_2_1762162323053874000] 接收到日志命令:9885 isLeader:false term:1
2025/11/03 17:32:03 [17:32:03.061] [Node:2] [RPC_RECV] [Trace:ELEC_3_2][3->2] RequestVote 接受 term:2 candidateId:3 lastLogIndex:0 lastLogTerm:0 currentTerm:1 status:FOLLOWER
2025/11/03 17:32:03 [17:32:03.061] [Node:2] [INFO] [STATE_CHANGE] FOLLOWER->FOLLOWER term:1 reason:降级成follower
2025/11/03 17:32:03 [17:32:03.061] [Node:2] [RPC_RECV] [Trace:ELEC_3_2][3->2] 投票信息 votedFor:-1 lastLogTerm:0 lastLogIndex:0
2025/11/03 17:32:03 [17:32:03.061] [Node:2] [RPC_RECV] [Trace:ELEC_3_2][3->2] 投票给 candidate:3 term:2
2025/11/03 17:32:03 [17:32:03.104] [Node:2] [RPC_RECV] [Trace:CLIENT_2_1762162323104783000] 接收到日志命令:9885 isLeader:false term:2
2025/11/03 17:32:03 [17:32:03.148] [Node:2] [HEARTBEAT] [Trace:HB_2_2] Follower等心跳 status FOLLOWER term:2 commitIndex:0
2025/11/03 17:32:03 [17:32:03.160] [Node:2] [LOG_REPLICA] [Trace:LOG_3_2][3->2] AppendEntries 收到 term:2 leaderId:3 prevLogIndex:0 prevLogTerm:0 entries:1 leaderCommit:0 isHeartbeat:false currentTerm:2 status:FOLLOWER
2025/11/03 17:32:03 [17:32:03.160] [Node:2] [LOG_REPLICA] [Trace:LOG_3_2][3->2] 打印日志结果:[{<nil> 0 false 0}] 
2025/11/03 17:32:03 [17:32:03.160] [Node:2] [LOG_REPLICA] [Trace:LOG_3_2][3->2] 复制日志结果:[{<nil> 0 false 0} {9885 2 false 1}] 
2025/11/03 17:32:03 [17:32:03.190] [Node:2] [RPC_RECV] [Trace:CLIENT_2_1762162323190800000] 接收到日志命令:776 isLeader:false term:2
2025/11/03 17:32:03 [17:32:03.202] [Node:2] [RPC_RECV] [Trace:CLIENT_2_1762162323202799000] 接收到日志命令:5873 isLeader:false term:2
2025/11/03 17:32:03 [17:32:03.205] [Node:2] [RPC_RECV] [Trace:CLIENT_2_1762162323205504000] 接收到日志命令:9492 isLeader:false term:2
2025/11/03 17:32:03 [17:32:03.212] [Node:2] [RPC_RECV] [Trace:CLIENT_2_1762162323212144000] 接收到日志命令:3980 isLeader:false term:2
2025/11/03 17:32:03 [17:32:03.250] [Node:2] [HEARTBEAT] [Trace:HB_2_2] Follower等心跳 status FOLLOWER term:2 commitIndex:0
2025/11/03 17:32:03 [17:32:03.354] [Node:2] [HEARTBEAT] [Trace:HB_2_2] Follower等心跳 status FOLLOWER term:2 commitIndex:0
2025/11/03 17:32:03 [17:32:03.436] [Node:2] [RPC_RECV] [Trace:ELEC_4_3][4->2] RequestVote 接受 term:3 candidateId:4 lastLogIndex:1 lastLogTerm:2 currentTerm:2 status:FOLLOWER
2025/11/03 17:32:03 [17:32:03.436] [Node:2] [INFO] [STATE_CHANGE] FOLLOWER->FOLLOWER term:2 reason:降级成follower
2025/11/03 17:32:03 [17:32:03.436] [Node:2] [RPC_RECV] [Trace:ELEC_4_3][4->2] 投票信息 votedFor:-1 lastLogTerm:2 lastLogIndex:1
2025/11/03 17:32:03 [17:32:03.437] [Node:2] [RPC_RECV] [Trace:ELEC_4_3][4->2] 投票给 candidate:4 term:3
2025/11/03 17:32:03 [17:32:03.440] [Node:2] [RPC_RECV] [Trace:ELEC_1_3][1->2] RequestVote 接受 term:3 candidateId:1 lastLogIndex:1 lastLogTerm:2 currentTerm:3 status:FOLLOWER
2025/11/03 17:32:03 [17:32:03.440] [Node:2] [RPC_RECV] [Trace:ELEC_1_3][1->2] 投票信息 votedFor:4 lastLogTerm:2 lastLogIndex:1
2025/11/03 17:32:03 [17:32:03.440] [Node:2] [RPC_RECV] [Trace:ELEC_1_3][1->2] 投票失败兜底 candidate:1 term:3
2025/11/03 17:32:03 [17:32:03.455] [Node:2] [HEARTBEAT] [Trace:HB_2_3] Follower等心跳 status FOLLOWER term:3 commitIndex:0
2025/11/03 17:32:03 [17:32:03.555] [Node:2] [HEARTBEAT] [Trace:HB_2_3] Follower等心跳 status FOLLOWER term:3 commitIndex:0
2025/11/03 17:32:03 [17:32:03.601] [Node:2] [RPC_RECV] [Trace:CLIENT_2_1762162323601742000] 接收到日志命令:2573 isLeader:false term:3
2025/11/03 17:32:03 [17:32:03.613] [Node:2] [RPC_RECV] [Trace:CLIENT_2_1762162323613215000] 接收到日志命令:7652 isLeader:false term:3
2025/11/03 17:32:03 [17:32:03.622] [Node:2] [RPC_RECV] [Trace:CLIENT_2_1762162323622557000] 接收到日志命令:5018 isLeader:false term:3
2025/11/03 17:32:03 [17:32:03.633] [Node:2] [RPC_RECV] [Trace:CLIENT_2_1762162323633645000] 接收到日志命令:4186 isLeader:false term:3
2025/11/03 17:32:03 [17:32:03.633] [Node:2] [RPC_RECV] [Trace:CLIENT_2_1762162323633928000] 接收到日志命令:5151 isLeader:false term:3
2025/11/03 17:32:03 [17:32:03.645] [Node:2] [RPC_RECV] [Trace:CLIENT_2_1762162323645294000] 接收到日志命令:3550 isLeader:false term:3
2025/11/03 17:32:03 [17:32:03.651] [Node:2] [RPC_RECV] [Trace:CLIENT_2_1762162323651030000] 接收到日志命令:1398 isLeader:false term:3
2025/11/03 17:32:03 [17:32:03.653] [Node:2] [RPC_RECV] [Trace:CLIENT_2_1762162323653604000] 接收到日志命令:6595 isLeader:false term:3
2025/11/03 17:32:03 [17:32:03.654] [Node:2] [RPC_RECV] [Trace:CLIENT_2_1762162323654058000] 接收到日志命令:5592 isLeader:false term:3
2025/11/03 17:32:03 [17:32:03.655] [Node:2] [HEARTBEAT] [Trace:HB_2_3] Follower等心跳 status FOLLOWER term:3 commitIndex:0
2025/11/03 17:32:03 [17:32:03.664] [Node:2] [RPC_RECV] [Trace:CLIENT_2_1762162323664436000] 接收到日志命令:6182 isLeader:false term:3
2025/11/03 17:32:03 [17:32:03.664] [Node:2] [RPC_RECV] [Trace:CLIENT_2_1762162323664798000] 接收到日志命令:835 isLeader:false term:3
2025/11/03 17:32:03 [17:32:03.668] [Node:2] [RPC_RECV] [Trace:CLIENT_2_1762162323668281000] 接收到日志命令:8651 isLeader:false term:3
2025/11/03 17:32:03 [17:32:03.674] [Node:2] [RPC_RECV] [Trace:CLIENT_2_1762162323674395000] 接收到日志命令:1036 isLeader:false term:3
2025/11/03 17:32:03 [17:32:03.675] [Node:2] [INFO] [STATE_CHANGE] FOLLOWER->FOLLOWER term:3 reason:变成Candidate
2025/11/03 17:32:03 [17:32:03.675] [Node:2] [TIMER_EVENT] [Trace:TIMER_2] 超时选举 since:234.960416ms threshold:218.657209ms
2025/11/03 17:32:03 [17:32:03.675] [Node:2] [RPC_SEND] [Trace:ELEC_2_4] 发送选举请求
2025/11/03 17:32:03 [17:32:03.675] [Node:2] [RPC_SEND] [Trace:ELEC_2_4] 发送选举请求
2025/11/03 17:32:03 [17:32:03.675] [Node:2] [RPC_SEND] [Trace:ELEC_2_4] 发送选举请求
2025/11/03 17:32:03 [17:32:03.675] [Node:2] [RPC_SEND] [Trace:ELEC_2_4] 发送选举请求
2025/11/03 17:32:03 [17:32:03.680] [Node:2] [RPC_SEND] [Trace:ELEC_2_4] 处理投票返回 for term 4 reply:{4 true}
2025/11/03 17:32:03 [17:32:03.681] [Node:2] [RPC_SEND] [Trace:ELEC_2_4] 处理投票返回 for term 4 reply:{4 true}
2025/11/03 17:32:03 [17:32:03.681] [Node:2] [INFO] [STATE_CHANGE] CANDIDATE->LEADER term:4 reason:成为Leader
2025/11/03 17:32:03 [17:32:03.685] [Node:2] [RPC_RECV] [Trace:CLIENT_2_1762162323685966000] 接收到日志命令:7369 isLeader:true term:4
2025/11/03 17:32:03 [17:32:03.689] [Node:2] [RPC_SEND] [Trace:ELEC_2_4] 处理投票返回 for term 4 reply:{4 true}
2025/11/03 17:32:03 [17:32:03.756] [Node:2] [HEARTBEAT] [Trace:HB_2_4] 开始发送心跳广播 status LEADER term:4 commitIndex:0
2025/11/03 17:32:03 [17:32:03.758] [Node:2] [LOG_REPLICA] [Trace:LOG_2_4][2->4] 心跳返回 from peer:4 term:4 success:true
2025/11/03 17:32:03 [17:32:03.758] [Node:2] [LOG_REPLICA] [Trace:LOG_2_4][2->4] 日志复制返回成功 from peer:4 term:4 agreeCount:2 log [{9885 2 false 1} {7369 4 false 2}]
2025/11/03 17:32:03 [17:32:03.758] [Node:2] [LOG_REPLICA] [Trace:LOG_2_4][2->4] 更新后 server:4 matchIndex:2 nextIndex:3
2025/11/03 17:32:03 [17:32:03.759] [Node:2] [LOG_REPLICA] [Trace:LOG_2_4][2->1] 心跳返回 from peer:1 term:4 success:true
2025/11/03 17:32:03 [17:32:03.759] [Node:2] [LOG_REPLICA] [Trace:LOG_2_4][2->1] 日志复制返回成功 from peer:1 term:4 agreeCount:3 log [{9885 2 false 1} {7369 4 false 2}]
2025/11/03 17:32:03 [17:32:03.759] [Node:2] [LOG_REPLICA] [Trace:LOG_2_4][2->1] 更新后 server:1 matchIndex:2 nextIndex:3
2025/11/03 17:32:03 [17:32:03.759] [Node:2] [LOG_COMMIT] [Trace:LOG_2_4] 日志复制返回成功 多数同意，提交日志给KV服务器 index:2 term:4 majorityCount:3
2025/11/03 17:32:03 [17:32:03.759] [Node:2] [LOG_COMMIT] [Trace:APPLY_2_2] Applying logs count:2 log:[{9885 2 false 1} {7369 4 false 2}] lastApplied:2
2025/11/03 17:32:03 [17:32:03.772] [Node:2] [LOG_REPLICA] [Trace:LOG_2_4][2->0] 心跳返回 from peer:0 term:4 success:true
2025/11/03 17:32:03 [17:32:03.772] [Node:2] [LOG_REPLICA] [Trace:LOG_2_4][2->0] 日志复制返回成功 from peer:0 term:4 agreeCount:4 log [{9885 2 false 1} {7369 4 false 2}]
2025/11/03 17:32:03 [17:32:03.772] [Node:2] [LOG_REPLICA] [Trace:LOG_2_4][2->0] 更新后 server:0 matchIndex:2 nextIndex:3
2025/11/03 17:32:03 [17:32:03.772] [Node:2] [LOG_COMMIT] [Trace:LOG_2_4] 日志复制返回成功 多数同意，提交日志给KV服务器 index:2 term:4 majorityCount:4
2025/11/03 17:32:03 [17:32:03.856] [Node:2] [HEARTBEAT] [Trace:HB_2_4] 开始发送心跳广播 status LEADER term:4 commitIndex:2
2025/11/03 17:32:03 [17:32:03.880] [Node:2] [LOG_REPLICA] [Trace:LOG_2_4][2->0] 心跳返回 from peer:0 term:4 success:true
2025/11/03 17:32:03 [17:32:03.881] [Node:2] [LOG_REPLICA] [Trace:LOG_2_4][2->4] 心跳返回 from peer:4 term:4 success:true
2025/11/03 17:32:03 [17:32:03.886] [Node:2] [LOG_REPLICA] [Trace:LOG_2_4][2->1] 心跳返回 from peer:1 term:4 success:true
2025/11/03 17:32:03 [17:32:03.958] [Node:2] [HEARTBEAT] [Trace:HB_2_4] 开始发送心跳广播 status LEADER term:4 commitIndex:2
2025/11/03 17:32:03 [17:32:03.982] [Node:2] [LOG_REPLICA] [Trace:LOG_2_4][2->1] 心跳返回 from peer:1 term:4 success:true
2025/11/03 17:32:03 [17:32:03.988] [Node:2] [LOG_REPLICA] [Trace:LOG_2_4][2->4] 心跳返回 from peer:4 term:4 success:true
2025/11/03 17:32:03 [17:32:03.990] [Node:2] [LOG_REPLICA] [Trace:LOG_2_4][2->0] 心跳返回 from peer:0 term:4 success:true
2025/11/03 17:32:04 [17:32:04.059] [Node:2] [HEARTBEAT] [Trace:HB_2_4] 开始发送心跳广播 status LEADER term:4 commitIndex:2
2025/11/03 17:32:04 [17:32:04.075] [Node:2] [LOG_REPLICA] [Trace:LOG_2_4][2->4] 心跳返回 from peer:4 term:4 success:true
2025/11/03 17:32:04 [17:32:04.110] [Node:2] [RPC_RECV] [Trace:CLIENT_2_1762162324110916000] 接收到日志命令:6022 isLeader:true term:4
2025/11/03 17:32:04 [17:32:04.124] [Node:2] [RPC_RECV] [Trace:CLIENT_2_1762162324124856000] 接收到日志命令:2936 isLeader:true term:4
2025/11/03 17:32:04 [17:32:04.139] [Node:2] [RPC_RECV] [Trace:CLIENT_2_1762162324139369000] 接收到日志命令:3905 isLeader:true term:4
2025/11/03 17:32:04 [17:32:04.143] [Node:2] [RPC_RECV] [Trace:CLIENT_2_1762162324143313000] 接收到日志命令:6510 isLeader:true term:4
2025/11/03 17:32:04 [17:32:04.146] [Node:2] [RPC_RECV] [Trace:CLIENT_2_1762162324146067000] 接收到日志命令:71 isLeader:true term:4
2025/11/03 17:32:04 [17:32:04.156] [Node:2] [RPC_RECV] [Trace:CLIENT_2_1762162324156359000] 接收到日志命令:4664 isLeader:true term:4
2025/11/03 17:32:04 [17:32:04.159] [Node:2] [HEARTBEAT] [Trace:HB_2_4] 开始发送心跳广播 status LEADER term:4 commitIndex:2
2025/11/03 17:32:04 [17:32:04.167] [Node:2] [RPC_RECV] [Trace:CLIENT_2_1762162324167295000] 接收到日志命令:3089 isLeader:true term:4
2025/11/03 17:32:04 [17:32:04.231] [Node:2] [RPC_RECV] [Trace:CLIENT_2_1762162324231791000] 接收到日志命令:236 isLeader:true term:4
2025/11/03 17:32:04 [17:32:04.242] [Node:2] [RPC_RECV] [Trace:CLIENT_2_1762162324242952000] 接收到日志命令:965 isLeader:true term:4
2025/11/03 17:32:04 [17:32:04.258] [Node:2] [RPC_RECV] [Trace:CLIENT_2_1762162324258521000] 接收到日志命令:7879 isLeader:true term:4
2025/11/03 17:32:04 [17:32:04.259] [Node:2] [RPC_RECV] [Trace:CLIENT_2_1762162324259949000] 接收到日志命令:3807 isLeader:true term:4
2025/11/03 17:32:04 [17:32:04.260] [Node:2] [HEARTBEAT] [Trace:HB_2_4] 开始发送心跳广播 status LEADER term:4 commitIndex:2
2025/11/03 17:32:04 [17:32:04.270] [Node:2] [RPC_RECV] [Trace:CLIENT_2_1762162324270878000] 接收到日志命令:7495 isLeader:true term:4
2025/11/03 17:32:04 [17:32:04.281] [Node:2] [RPC_RECV] [Trace:CLIENT_2_1762162324281025000] 接收到日志命令:7076 isLeader:true term:4
2025/11/03 17:32:04 [17:32:04.288] [Node:2] [RPC_RECV] [Trace:CLIENT_2_1762162324288371000] 接收到日志命令:2189 isLeader:true term:4
2025/11/03 17:32:04 [17:32:04.304] [Node:2] [RPC_RECV] [Trace:CLIENT_2_1762162324304414000] 接收到日志命令:9666 isLeader:true term:4
2025/11/03 17:32:04 [17:32:04.318] [Node:2] [RPC_RECV] [Trace:CLIENT_2_1762162324318463000] 接收到日志命令:8367 isLeader:true term:4
2025/11/03 17:32:04 [17:32:04.324] [Node:2] [RPC_RECV] [Trace:CLIENT_2_1762162324324093000] 接收到日志命令:9373 isLeader:true term:4
2025/11/03 17:32:04 [17:32:04.370] [Node:2] [HEARTBEAT] [Trace:HB_2_4] 开始发送心跳广播 status LEADER term:4 commitIndex:2
2025/11/03 17:32:04 [17:32:04.472] [Node:2] [HEARTBEAT] [Trace:HB_2_4] 开始发送心跳广播 status LEADER term:4 commitIndex:2
2025/11/03 17:32:04 [17:32:04.517] [Node:2] [RPC_RECV] [Trace:CLIENT_2_1762162324517792000] 接收到日志命令:3082 isLeader:true term:4
2025/11/03 17:32:04 [17:32:04.528] [Node:2] [RPC_RECV] [Trace:CLIENT_2_1762162324528335000] 接收到日志命令:1176 isLeader:true term:4
2025/11/03 17:32:04 [17:32:04.532] [Node:2] [RPC_RECV] [Trace:CLIENT_2_1762162324532252000] 接收到日志命令:1085 isLeader:true term:4
2025/11/03 17:32:04 [17:32:04.546] [Node:2] [RPC_RECV] [Trace:CLIENT_2_1762162324546237000] 接收到日志命令:7194 isLeader:true term:4
2025/11/03 17:32:04 [17:32:04.572] [Node:2] [HEARTBEAT] [Trace:HB_2_4] 开始发送心跳广播 status LEADER term:4 commitIndex:2
2025/11/03 17:32:04 [17:32:04.677] [Node:2] [HEARTBEAT] [Trace:HB_2_4] 开始发送心跳广播 status LEADER term:4 commitIndex:2
2025/11/03 17:32:04 [17:32:04.783] [Node:2] [HEARTBEAT] [Trace:HB_2_4] 开始发送心跳广播 status LEADER term:4 commitIndex:2
2025/11/03 17:32:04 [17:32:04.889] [Node:2] [HEARTBEAT] [Trace:HB_2_4] 开始发送心跳广播 status LEADER term:4 commitIndex:2
2025/11/03 17:32:04 [17:32:04.940] [Node:2] [RPC_RECV] [Trace:CLIENT_2_1762162324940342000] 接收到日志命令:3178 isLeader:true term:4
2025/11/03 17:32:04 [17:32:04.948] [Node:2] [RPC_RECV] [Trace:CLIENT_2_1762162324948581000] 接收到日志命令:1688 isLeader:true term:4
2025/11/03 17:32:04 [17:32:04.965] [Node:2] [RPC_RECV] [Trace:CLIENT_2_1762162324965957000] 接收到日志命令:9724 isLeader:true term:4
2025/11/03 17:32:04 [17:32:04.983] [Node:2] [RPC_RECV] [Trace:CLIENT_2_1762162324983071000] 接收到日志命令:3932 isLeader:true term:4
2025/11/03 17:32:04 [17:32:04.989] [Node:2] [HEARTBEAT] [Trace:HB_2_4] 开始发送心跳广播 status LEADER term:4 commitIndex:2
2025/11/03 17:32:05 [17:32:05.090] [Node:2] [HEARTBEAT] [Trace:HB_2_4] 开始发送心跳广播 status LEADER term:4 commitIndex:2
2025/11/03 17:32:05 [17:32:05.191] [Node:2] [HEARTBEAT] [Trace:HB_2_4] 开始发送心跳广播 status LEADER term:4 commitIndex:2
2025/11/03 17:32:05 [17:32:05.278] [Node:2] [RPC_RECV] [Trace:CLIENT_2_1762162325278105000] 接收到日志命令:2807 isLeader:true term:4
2025/11/03 17:32:05 [17:32:05.290] [Node:2] [RPC_RECV] [Trace:CLIENT_2_1762162325290837000] 接收到日志命令:9951 isLeader:true term:4
2025/11/03 17:32:05 [17:32:05.291] [Node:2] [HEARTBEAT] [Trace:HB_2_4] 开始发送心跳广播 status LEADER term:4 commitIndex:2
2025/11/03 17:32:05 [17:32:05.299] [Node:2] [RPC_RECV] [Trace:CLIENT_2_1762162325299962000] 接收到日志命令:3630 isLeader:true term:4
2025/11/03 17:32:05 [17:32:05.310] [Node:2] [RPC_RECV] [Trace:CLIENT_2_1762162325310091000] 接收到日志命令:4874 isLeader:true term:4
2025/11/03 17:32:05 [17:32:05.312] [Node:2] [RPC_RECV] [Trace:CLIENT_2_1762162325312300000] 接收到日志命令:2644 isLeader:true term:4
2025/11/03 17:32:05 [17:32:05.316] [Node:2] [RPC_RECV] [Trace:CLIENT_2_1762162325315999000] 接收到日志命令:1438 isLeader:true term:4
2025/11/03 17:32:05 [17:32:05.323] [Node:2] [RPC_RECV] [Trace:CLIENT_2_1762162325323163000] 接收到日志命令:6152 isLeader:true term:4
2025/11/03 17:32:05 [17:32:05.392] [Node:2] [HEARTBEAT] [Trace:HB_2_4] 开始发送心跳广播 status LEADER term:4 commitIndex:2
2025/11/03 17:32:05 [17:32:05.493] [Node:2] [HEARTBEAT] [Trace:HB_2_4] 开始发送心跳广播 status LEADER term:4 commitIndex:2
2025/11/03 17:32:05 [17:32:05.593] [Node:2] [HEARTBEAT] [Trace:HB_2_4] 开始发送心跳广播 status LEADER term:4 commitIndex:2
2025/11/03 17:32:05 [17:32:05.694] [Node:2] [HEARTBEAT] [Trace:HB_2_4] 开始发送心跳广播 status LEADER term:4 commitIndex:2
2025/11/03 17:32:05 [17:32:05.775] [Node:2] [RPC_RECV] [Trace:CLIENT_2_1762162325775910000] 接收到日志命令:2129 isLeader:true term:4
2025/11/03 17:32:05 [17:32:05.794] [Node:2] [HEARTBEAT] [Trace:HB_2_4] 开始发送心跳广播 status LEADER term:4 commitIndex:2
2025/11/03 17:32:05 [17:32:05.895] [Node:2] [HEARTBEAT] [Trace:HB_2_4] 开始发送心跳广播 status LEADER term:4 commitIndex:2
2025/11/03 17:32:05 [17:32:05.945] [Node:2] [RPC_RECV] [Trace:CLIENT_2_1762162325945587000] 接收到日志命令:7584 isLeader:true term:4
2025/11/03 17:32:05 [17:32:05.954] [Node:2] [RPC_RECV] [Trace:CLIENT_2_1762162325954058000] 接收到日志命令:6619 isLeader:true term:4
2025/11/03 17:32:05 [17:32:05.962] [Node:2] [RPC_RECV] [Trace:CLIENT_2_1762162325962056000] 接收到日志命令:6277 isLeader:true term:4
2025/11/03 17:32:05 [17:32:05.970] [Node:2] [RPC_RECV] [Trace:CLIENT_2_1762162325970782000] 接收到日志命令:243 isLeader:true term:4
2025/11/03 17:32:05 [17:32:05.979] [Node:2] [RPC_RECV] [Trace:CLIENT_2_1762162325979768000] 接收到日志命令:278 isLeader:true term:4
2025/11/03 17:32:05 [17:32:05.984] [Node:2] [RPC_RECV] [Trace:ELEC_4_10][4->2] RequestVote 接受 term:10 candidateId:4 lastLogIndex:8 lastLogTerm:9 currentTerm:4 status:LEADER
2025/11/03 17:32:05 [17:32:05.984] [Node:2] [INFO] [STATE_CHANGE] LEADER->FOLLOWER term:4 reason:降级成follower
2025/11/03 17:32:05 [17:32:05.984] [Node:2] [RPC_RECV] [Trace:ELEC_4_10][4->2] 投票信息 votedFor:-1 lastLogTerm:4 lastLogIndex:40
2025/11/03 17:32:05 [17:32:05.984] [Node:2] [RPC_RECV] [Trace:ELEC_4_10][4->2] 投票给 candidate:4 term:10
2025/11/03 17:32:05 [17:32:05.995] [Node:2] [HEARTBEAT] [Trace:HB_2_10] Follower等心跳 status FOLLOWER term:10 commitIndex:2
2025/11/03 17:32:06 [17:32:06.009] [Node:2] [RPC_RECV] [Trace:ELEC_0_10][0->2] RequestVote 接受 term:10 candidateId:0 lastLogIndex:8 lastLogTerm:9 currentTerm:10 status:FOLLOWER
2025/11/03 17:32:06 [17:32:06.009] [Node:2] [RPC_RECV] [Trace:ELEC_0_10][0->2] 投票信息 votedFor:4 lastLogTerm:4 lastLogIndex:40
2025/11/03 17:32:06 [17:32:06.009] [Node:2] [RPC_RECV] [Trace:ELEC_0_10][0->2] 投票失败兜底 candidate:0 term:10
2025/11/03 17:32:06 [17:32:06.096] [Node:2] [HEARTBEAT] [Trace:HB_2_10] Follower等心跳 status FOLLOWER term:10 commitIndex:2
2025/11/03 17:32:06 [17:32:06.196] [Node:2] [HEARTBEAT] [Trace:HB_2_10] Follower等心跳 status FOLLOWER term:10 commitIndex:2
2025/11/03 17:32:06 [17:32:06.250] [Node:2] [RPC_RECV] [Trace:ELEC_4_11][4->2] RequestVote 接受 term:11 candidateId:4 lastLogIndex:8 lastLogTerm:9 currentTerm:10 status:FOLLOWER
2025/11/03 17:32:06 [17:32:06.250] [Node:2] [INFO] [STATE_CHANGE] FOLLOWER->FOLLOWER term:10 reason:降级成follower
2025/11/03 17:32:06 [17:32:06.250] [Node:2] [RPC_RECV] [Trace:ELEC_4_11][4->2] 投票信息 votedFor:-1 lastLogTerm:4 lastLogIndex:40
2025/11/03 17:32:06 [17:32:06.250] [Node:2] [RPC_RECV] [Trace:ELEC_4_11][4->2] 投票给 candidate:4 term:11
2025/11/03 17:32:06 [17:32:06.296] [Node:2] [HEARTBEAT] [Trace:HB_2_11] Follower等心跳 status FOLLOWER term:11 commitIndex:2
2025/11/03 17:32:06 [17:32:06.301] [Node:2] [HEARTBEAT] [Trace:LOG_4_11][4->2] AppendEntries 收到 term:11 leaderId:4 prevLogIndex:8 prevLogTerm:9 entries:0 leaderCommit:8 isHeartbeat:true currentTerm:11 status:FOLLOWER
2025/11/03 17:32:06 [17:32:06.302] [Node:2] [HEARTBEAT] [Trace:LOG_4_11][4->2] 打印日志结果:[{<nil> 0 false 0} {9885 2 false 1} {7369 4 false 2} {6022 4 false 3} {2936 4 false 4} {3905 4 false 5} {6510 4 false 6} {71 4 false 7} {4664 4 false 8} {3089 4 false 9} {236 4 false 10} {965 4 false 11} {7879 4 false 12} {3807 4 false 13} {7495 4 false 14} {7076 4 false 15} {2189 4 false 16} {9666 4 false 17} {8367 4 false 18} {9373 4 false 19} {3082 4 false 20} {1176 4 false 21} {1085 4 false 22} {7194 4 false 23} {3178 4 false 24} {1688 4 false 25} {9724 4 false 26} {3932 4 false 27} {2807 4 false 28} {9951 4 false 29} {3630 4 false 30} {4874 4 false 31} {2644 4 false 32} {1438 4 false 33} {6152 4 false 34} {2129 4 false 35} {7584 4 false 36} {6619 4 false 37} {6277 4 false 38} {243 4 false 39} {278 4 false 40}] 
2025/11/03 17:32:06 [17:32:06.302] [Node:2] [HEARTBEAT] [Trace:LOG_4_11][4->2] Rejected: 收到LogEntry，但是term 不对 prevLogIndex:8 logLen:41 logEntry term:4 prevlogterm:9
2025/11/03 17:32:06 [17:32:06.333] [Node:2] [RPC_RECV] [Trace:CLIENT_2_1762162326333635000] 接收到日志命令:696 isLeader:false term:11
2025/11/03 17:32:06 [17:32:06.397] [Node:2] [HEARTBEAT] [Trace:HB_2_11] Follower等心跳 status FOLLOWER term:11 commitIndex:2
2025/11/03 17:32:06 [17:32:06.402] [Node:2] [LOG_REPLICA] [Trace:LOG_4_11][4->2] AppendEntries 收到 term:11 leaderId:4 prevLogIndex:1 prevLogTerm:2 entries:8 leaderCommit:8 isHeartbeat:false currentTerm:11 status:FOLLOWER
2025/11/03 17:32:06 [17:32:06.403] [Node:2] [LOG_REPLICA] [Trace:LOG_4_11][4->2] 打印日志结果:[{<nil> 0 false 0} {9885 2 false 1}] 
2025/11/03 17:32:06 [17:32:06.403] [Node:2] [LOG_REPLICA] [Trace:LOG_4_11][4->2] 复制日志结果:[{<nil> 0 false 0} {9885 2 false 1} {7369 4 false 2} {377 9 false 3} {5698 9 false 4} {3675 9 false 5} {7576 9 false 6} {6501 9 false 7} {8962 9 false 8} {9292 11 false 9}] 
2025/11/03 17:32:06 [17:32:06.404] [Node:2] [LOG_COMMIT] [Trace:LOG_4_11][4->2] 收到LogEntry，并且Leader已经提交， 本地log 2->8 leaderCommit:8 lastApplied:2
2025/11/03 17:32:06 [17:32:06.404] [Node:2] [LOG_COMMIT] [Trace:APPLY_2_9] Applying logs count:7 log:[{377 9 false 3} {5698 9 false 4} {3675 9 false 5} {7576 9 false 6} {6501 9 false 7} {8962 9 false 8} {9292 11 false 9}] lastApplied:9
2025/11/03 17:32:06 [17:32:06.499] [Node:2] [HEARTBEAT] [Trace:HB_2_11] Follower等心跳 status FOLLOWER term:11 commitIndex:8
2025/11/03 17:32:06 [17:32:06.504] [Node:2] [HEARTBEAT] [Trace:LOG_4_11][4->2] AppendEntries 收到 term:11 leaderId:4 prevLogIndex:9 prevLogTerm:11 entries:0 leaderCommit:9 isHeartbeat:true currentTerm:11 status:FOLLOWER
2025/11/03 17:32:06 [17:32:06.504] [Node:2] [HEARTBEAT] [Trace:LOG_4_11][4->2] 打印日志结果:[{<nil> 0 false 0} {9885 2 false 1} {7369 4 false 2} {377 9 false 3} {5698 9 false 4} {3675 9 false 5} {7576 9 false 6} {6501 9 false 7} {8962 9 false 8} {9292 11 false 9}] 
2025/11/03 17:32:06 [17:32:06.504] [Node:2] [HEARTBEAT] [Trace:LOG_4_11][4->2] 复制日志结果:[{<nil> 0 false 0} {9885 2 false 1} {7369 4 false 2} {377 9 false 3} {5698 9 false 4} {3675 9 false 5} {7576 9 false 6} {6501 9 false 7} {8962 9 false 8} {9292 11 false 9}] 
2025/11/03 17:32:06 [17:32:06.504] [Node:2] [LOG_COMMIT] [Trace:LOG_4_11][4->2] 收到LogEntry，并且Leader已经提交， 本地log 8->9 leaderCommit:9 lastApplied:9
2025/11/03 17:32:06 [17:32:06.574] [Node:2] [RPC_RECV] [Trace:CLIENT_2_1762162326574029000] 接收到日志命令:2489 isLeader:false term:11
2025/11/03 17:32:06 [17:32:06.590] [Node:2] [RPC_RECV] [Trace:CLIENT_2_1762162326590333000] 接收到日志命令:6982 isLeader:false term:11
2025/11/03 17:32:06 [17:32:06.599] [Node:2] [HEARTBEAT] [Trace:HB_2_11] Follower等心跳 status FOLLOWER term:11 commitIndex:9
2025/11/03 17:32:06 [17:32:06.606] [Node:2] [RPC_RECV] [Trace:CLIENT_2_1762162326606701000] 接收到日志命令:4461 isLeader:false term:11
2025/11/03 17:32:06 [17:32:06.622] [Node:2] [RPC_RECV] [Trace:CLIENT_2_1762162326622127000] 接收到日志命令:9133 isLeader:false term:11
2025/11/03 17:32:06 [17:32:06.635] [Node:2] [RPC_RECV] [Trace:CLIENT_2_1762162326635887000] 接收到日志命令:1119 isLeader:false term:11
2025/11/03 17:32:06 [17:32:06.644] [Node:2] [RPC_RECV] [Trace:CLIENT_2_1762162326644198000] 接收到日志命令:5139 isLeader:false term:11
2025/11/03 17:32:06 [17:32:06.646] [Node:2] [RPC_RECV] [Trace:CLIENT_2_1762162326646830000] 接收到日志命令:288 isLeader:false term:11
2025/11/03 17:32:06 [17:32:06.659] [Node:2] [RPC_RECV] [Trace:CLIENT_2_1762162326659873000] 接收到日志命令:2854 isLeader:false term:11
2025/11/03 17:32:06 [17:32:06.683] [Node:2] [RPC_RECV] [Trace:CLIENT_2_1762162326683594000] 接收到日志命令:4826 isLeader:false term:11
2025/11/03 17:32:06 [17:32:06.686] [Node:2] [RPC_RECV] [Trace:CLIENT_2_1762162326686383000] 接收到日志命令:7035 isLeader:false term:11
2025/11/03 17:32:06 [17:32:06.695] [Node:2] [RPC_RECV] [Trace:CLIENT_2_1762162326695946000] 接收到日志命令:3374 isLeader:false term:11
2025/11/03 17:32:06 [17:32:06.699] [Node:2] [HEARTBEAT] [Trace:HB_2_11] Follower等心跳 status FOLLOWER term:11 commitIndex:9
2025/11/03 17:32:06 [17:32:06.702] [Node:2] [RPC_RECV] [Trace:CLIENT_2_1762162326702201000] 接收到日志命令:7415 isLeader:false term:11
2025/11/03 17:32:06 [17:32:06.704] [Node:2] [RPC_RECV] [Trace:CLIENT_2_1762162326704709000] 接收到日志命令:4866 isLeader:false term:11
2025/11/03 17:32:06 [17:32:06.712] [Node:2] [RPC_RECV] [Trace:CLIENT_2_1762162326712759000] 接收到日志命令:4929 isLeader:false term:11
2025/11/03 17:32:06 [17:32:06.718] [Node:2] [RPC_RECV] [Trace:CLIENT_2_1762162326718963000] 接收到日志命令:7948 isLeader:false term:11
2025/11/03 17:32:06 [17:32:06.728] [Node:2] [RPC_RECV] [Trace:CLIENT_2_1762162326728670000] 接收到日志命令:5245 isLeader:false term:11
2025/11/03 17:32:06 [17:32:06.730] [Node:2] [RPC_RECV] [Trace:CLIENT_2_1762162326730506000] 接收到日志命令:3664 isLeader:false term:11
2025/11/03 17:32:06 [17:32:06.732] [Node:2] [RPC_RECV] [Trace:CLIENT_2_1762162326732311000] 接收到日志命令:6965 isLeader:false term:11
2025/11/03 17:32:06 [17:32:06.733] [Node:2] [LOG_REPLICA] [Trace:LOG_3_2][3->2] AppendEntries 收到 term:2 leaderId:3 prevLogIndex:1 prevLogTerm:2 entries:71 leaderCommit:1 isHeartbeat:false currentTerm:11 status:FOLLOWER
2025/11/03 17:32:06 [17:32:06.733] [Node:2] [LOG_REPLICA] [Trace:LOG_3_2][3->2] Rejected: 收到心跳，但是term小于当前term term(2) < currentTerm(11)
2025/11/03 17:32:06 [17:32:06.739] [Node:2] [RPC_RECV] [Trace:CLIENT_2_1762162326739595000] 接收到日志命令:5705 isLeader:false term:11
2025/11/03 17:32:06 [17:32:06.747] [Node:2] [RPC_RECV] [Trace:CLIENT_2_1762162326747183000] 接收到日志命令:8924 isLeader:false term:11
2025/11/03 17:32:06 [17:32:06.756] [Node:2] [RPC_RECV] [Trace:CLIENT_2_1762162326756020000] 接收到日志命令:5678 isLeader:false term:11
2025/11/03 17:32:06 [17:32:06.765] [Node:2] [RPC_RECV] [Trace:CLIENT_2_1762162326765322000] 接收到日志命令:3749 isLeader:false term:11
2025/11/03 17:32:06 [17:32:06.780] [Node:2] [RPC_RECV] [Trace:CLIENT_2_1762162326780888000] 接收到日志命令:8274 isLeader:false term:11
2025/11/03 17:32:06 [17:32:06.783] [Node:2] [RPC_RECV] [Trace:CLIENT_2_1762162326783810000] 接收到日志命令:7060 isLeader:false term:11
2025/11/03 17:32:06 [17:32:06.790] [Node:2] [RPC_RECV] [Trace:CLIENT_2_1762162326790342000] 接收到日志命令:1961 isLeader:false term:11
2025/11/03 17:32:06 [17:32:06.792] [Node:2] [RPC_RECV] [Trace:CLIENT_2_1762162326792244000] 接收到日志命令:6614 isLeader:false term:11
2025/11/03 17:32:06 [17:32:06.804] [Node:2] [RPC_RECV] [Trace:CLIENT_2_1762162326804554000] 接收到日志命令:5623 isLeader:false term:11
2025/11/03 17:32:06 [17:32:06.805] [Node:2] [HEARTBEAT] [Trace:HB_2_11] Follower等心跳 status FOLLOWER term:11 commitIndex:9
2025/11/03 17:32:06 [17:32:06.814] [Node:2] [RPC_RECV] [Trace:CLIENT_2_1762162326814566000] 接收到日志命令:5650 isLeader:false term:11
2025/11/03 17:32:06 [17:32:06.821] [Node:2] [RPC_RECV] [Trace:CLIENT_2_1762162326821513000] 接收到日志命令:8713 isLeader:false term:11
2025/11/03 17:32:06 [17:32:06.833] [Node:2] [RPC_RECV] [Trace:CLIENT_2_1762162326833593000] 接收到日志命令:4773 isLeader:false term:11
2025/11/03 17:32:06 [17:32:06.838] [Node:2] [RPC_RECV] [Trace:CLIENT_2_1762162326838118000] 接收到日志命令:7933 isLeader:false term:11
2025/11/03 17:32:06 [17:32:06.851] [Node:2] [RPC_RECV] [Trace:CLIENT_2_1762162326851900000] 接收到日志命令:5867 isLeader:false term:11
2025/11/03 17:32:06 [17:32:06.878] [Node:2] [RPC_RECV] [Trace:CLIENT_2_1762162326878753000] 接收到日志命令:5206 isLeader:false term:11
2025/11/03 17:32:06 [17:32:06.882] [Node:2] [RPC_RECV] [Trace:CLIENT_2_1762162326882456000] 接收到日志命令:656 isLeader:false term:11
2025/11/03 17:32:06 [17:32:06.886] [Node:2] [RPC_RECV] [Trace:CLIENT_2_1762162326886824000] 接收到日志命令:833 isLeader:false term:11
2025/11/03 17:32:06 [17:32:06.890] [Node:2] [RPC_RECV] [Trace:CLIENT_2_1762162326890985000] 接收到日志命令:5954 isLeader:false term:11
2025/11/03 17:32:06 [17:32:06.895] [Node:2] [RPC_RECV] [Trace:CLIENT_2_1762162326895436000] 接收到日志命令:9423 isLeader:false term:11
2025/11/03 17:32:06 [17:32:06.897] [Node:2] [RPC_RECV] [Trace:CLIENT_2_1762162326897395000] 接收到日志命令:9417 isLeader:false term:11
2025/11/03 17:32:06 [17:32:06.906] [Node:2] [RPC_RECV] [Trace:CLIENT_2_1762162326906337000] 接收到日志命令:2489 isLeader:false term:11
2025/11/03 17:32:06 [17:32:06.906] [Node:2] [HEARTBEAT] [Trace:HB_2_11] Follower等心跳 status FOLLOWER term:11 commitIndex:9
2025/11/03 17:32:06 [17:32:06.916] [Node:2] [RPC_RECV] [Trace:CLIENT_2_1762162326916125000] 接收到日志命令:3987 isLeader:false term:11
2025/11/03 17:32:06 [17:32:06.956] [Node:2] [RPC_RECV] [Trace:ELEC_3_12][3->2] RequestVote 接受 term:12 candidateId:3 lastLogIndex:73 lastLogTerm:2 currentTerm:11 status:FOLLOWER
2025/11/03 17:32:06 [17:32:06.956] [Node:2] [INFO] [STATE_CHANGE] FOLLOWER->FOLLOWER term:11 reason:降级成follower
2025/11/03 17:32:06 [17:32:06.956] [Node:2] [RPC_RECV] [Trace:ELEC_3_12][3->2] 投票信息 votedFor:-1 lastLogTerm:11 lastLogIndex:9
2025/11/03 17:32:06 [17:32:06.957] [Node:2] [RPC_RECV] [Trace:ELEC_3_12][3->2] 投票失败兜底 candidate:3 term:12
2025/11/03 17:32:07 [17:32:07.007] [Node:2] [HEARTBEAT] [Trace:HB_2_12] Follower等心跳 status FOLLOWER term:12 commitIndex:9
2025/11/03 17:32:07 [17:32:07.063] [Node:2] [RPC_RECV] [Trace:CLIENT_2_1762162327063218000] 接收到日志命令:429 isLeader:false term:12
2025/11/03 17:32:07 [17:32:07.073] [Node:2] [RPC_RECV] [Trace:CLIENT_2_1762162327073267000] 接收到日志命令:7774 isLeader:false term:12
2025/11/03 17:32:07 [17:32:07.078] [Node:2] [RPC_RECV] [Trace:CLIENT_2_1762162327078988000] 接收到日志命令:9502 isLeader:false term:12
2025/11/03 17:32:07 [17:32:07.093] [Node:2] [RPC_RECV] [Trace:CLIENT_2_1762162327093355000] 接收到日志命令:7012 isLeader:false term:12
2025/11/03 17:32:07 [17:32:07.093] [Node:2] [INFO] [STATE_CHANGE] FOLLOWER->FOLLOWER term:12 reason:变成Candidate
2025/11/03 17:32:07 [17:32:07.093] [Node:2] [TIMER_EVENT] [Trace:TIMER_2] 超时选举 since:359.634209ms threshold:265.306929ms
2025/11/03 17:32:07 [17:32:07.093] [Node:2] [RPC_SEND] [Trace:ELEC_2_13] 发送选举请求
2025/11/03 17:32:07 [17:32:07.094] [Node:2] [RPC_SEND] [Trace:ELEC_2_13] 发送选举请求
2025/11/03 17:32:07 [17:32:07.094] [Node:2] [RPC_SEND] [Trace:ELEC_2_13] 发送选举请求
2025/11/03 17:32:07 [17:32:07.094] [Node:2] [RPC_SEND] [Trace:ELEC_2_13] 发送选举请求
2025/11/03 17:32:07 [17:32:07.108] [Node:2] [RPC_RECV] [Trace:CLIENT_2_1762162327108037000] 接收到日志命令:1298 isLeader:false term:13
2025/11/03 17:32:07 [17:32:07.108] [Node:2] [HEARTBEAT] [Trace:HB_2_13] Follower等心跳 status CANDIDATE term:13 commitIndex:9
2025/11/03 17:32:07 [17:32:07.108] [Node:2] [RPC_SEND] [Trace:ELEC_2_13] 处理投票返回 for term 13 reply:{13 false}
2025/11/03 17:32:07 [17:32:07.112] [Node:2] [RPC_SEND] [Trace:ELEC_2_13] 处理投票返回 for term 13 reply:{13 false}
2025/11/03 17:32:07 [17:32:07.119] [Node:2] [RPC_RECV] [Trace:CLIENT_2_1762162327119972000] 接收到日志命令:492 isLeader:false term:13
2025/11/03 17:32:07 [17:32:07.120] [Node:2] [RPC_RECV] [Trace:CLIENT_2_1762162327120950000] 接收到日志命令:7259 isLeader:false term:13
2025/11/03 17:32:07 [17:32:07.128] [Node:2] [RPC_RECV] [Trace:CLIENT_2_1762162327128118000] 接收到日志命令:4645 isLeader:false term:13
2025/11/03 17:32:07 [17:32:07.208] [Node:2] [HEARTBEAT] [Trace:HB_2_13] Follower等心跳 status CANDIDATE term:13 commitIndex:9
2025/11/03 17:32:07 [17:32:07.233] [Node:2] [RPC_RECV] [Trace:ELEC_0_14][0->2] RequestVote 接受 term:14 candidateId:0 lastLogIndex:9 lastLogTerm:11 currentTerm:13 status:CANDIDATE
2025/11/03 17:32:07 [17:32:07.235] [Node:2] [INFO] [STATE_CHANGE] CANDIDATE->FOLLOWER term:13 reason:降级成follower
2025/11/03 17:32:07 [17:32:07.236] [Node:2] [RPC_RECV] [Trace:ELEC_0_14][0->2] 投票信息 votedFor:-1 lastLogTerm:11 lastLogIndex:9
2025/11/03 17:32:07 [17:32:07.236] [Node:2] [RPC_RECV] [Trace:ELEC_0_14][0->2] 投票给 candidate:0 term:14
2025/11/03 17:32:07 [17:32:07.313] [Node:2] [HEARTBEAT] [Trace:HB_2_14] Follower等心跳 status FOLLOWER term:14 commitIndex:9
2025/11/03 17:32:07 [17:32:07.337] [Node:2] [HEARTBEAT] [Trace:LOG_0_14][0->2] AppendEntries 收到 term:14 leaderId:0 prevLogIndex:9 prevLogTerm:11 entries:0 leaderCommit:9 isHeartbeat:true currentTerm:14 status:FOLLOWER
2025/11/03 17:32:07 [17:32:07.338] [Node:2] [HEARTBEAT] [Trace:LOG_0_14][0->2] 打印日志结果:[{<nil> 0 false 0} {9885 2 false 1} {7369 4 false 2} {377 9 false 3} {5698 9 false 4} {3675 9 false 5} {7576 9 false 6} {6501 9 false 7} {8962 9 false 8} {9292 11 false 9}] 
2025/11/03 17:32:07 [17:32:07.338] [Node:2] [HEARTBEAT] [Trace:LOG_0_14][0->2] 复制日志结果:[{<nil> 0 false 0} {9885 2 false 1} {7369 4 false 2} {377 9 false 3} {5698 9 false 4} {3675 9 false 5} {7576 9 false 6} {6501 9 false 7} {8962 9 false 8} {9292 11 false 9}] 
2025/11/03 17:32:07 [17:32:07.413] [Node:2] [HEARTBEAT] [Trace:HB_2_14] Follower等心跳 status FOLLOWER term:14 commitIndex:9
2025/11/03 17:32:07 [17:32:07.413] [Node:2] [HEARTBEAT] [Trace:LOG_0_14][0->2] AppendEntries 收到 term:14 leaderId:0 prevLogIndex:9 prevLogTerm:11 entries:0 leaderCommit:9 isHeartbeat:true currentTerm:14 status:FOLLOWER
2025/11/03 17:32:07 [17:32:07.413] [Node:2] [HEARTBEAT] [Trace:LOG_0_14][0->2] 打印日志结果:[{<nil> 0 false 0} {9885 2 false 1} {7369 4 false 2} {377 9 false 3} {5698 9 false 4} {3675 9 false 5} {7576 9 false 6} {6501 9 false 7} {8962 9 false 8} {9292 11 false 9}] 
2025/11/03 17:32:07 [17:32:07.413] [Node:2] [HEARTBEAT] [Trace:LOG_0_14][0->2] 复制日志结果:[{<nil> 0 false 0} {9885 2 false 1} {7369 4 false 2} {377 9 false 3} {5698 9 false 4} {3675 9 false 5} {7576 9 false 6} {6501 9 false 7} {8962 9 false 8} {9292 11 false 9}] 
2025/11/03 17:32:07 [17:32:07.513] [Node:2] [HEARTBEAT] [Trace:HB_2_14] Follower等心跳 status FOLLOWER term:14 commitIndex:9
2025/11/03 17:32:07 [17:32:07.525] [Node:2] [HEARTBEAT] [Trace:LOG_0_14][0->2] AppendEntries 收到 term:14 leaderId:0 prevLogIndex:9 prevLogTerm:11 entries:0 leaderCommit:9 isHeartbeat:true currentTerm:14 status:FOLLOWER
2025/11/03 17:32:07 [17:32:07.525] [Node:2] [HEARTBEAT] [Trace:LOG_0_14][0->2] 打印日志结果:[{<nil> 0 false 0} {9885 2 false 1} {7369 4 false 2} {377 9 false 3} {5698 9 false 4} {3675 9 false 5} {7576 9 false 6} {6501 9 false 7} {8962 9 false 8} {9292 11 false 9}] 
2025/11/03 17:32:07 [17:32:07.525] [Node:2] [HEARTBEAT] [Trace:LOG_0_14][0->2] 复制日志结果:[{<nil> 0 false 0} {9885 2 false 1} {7369 4 false 2} {377 9 false 3} {5698 9 false 4} {3675 9 false 5} {7576 9 false 6} {6501 9 false 7} {8962 9 false 8} {9292 11 false 9}] 
2025/11/03 17:32:07 [17:32:07.542] [Node:2] [RPC_RECV] [Trace:CLIENT_2_1762162327542172000] 接收到日志命令:59 isLeader:false term:14
2025/11/03 17:32:07 [17:32:07.614] [Node:2] [HEARTBEAT] [Trace:HB_2_14] Follower等心跳 status FOLLOWER term:14 commitIndex:9
2025/11/03 17:32:07 [17:32:07.619] [Node:2] [LOG_REPLICA] [Trace:LOG_0_14][0->2] AppendEntries 收到 term:14 leaderId:0 prevLogIndex:9 prevLogTerm:11 entries:1 leaderCommit:9 isHeartbeat:false currentTerm:14 status:FOLLOWER
2025/11/03 17:32:07 [17:32:07.619] [Node:2] [LOG_REPLICA] [Trace:LOG_0_14][0->2] 打印日志结果:[{<nil> 0 false 0} {9885 2 false 1} {7369 4 false 2} {377 9 false 3} {5698 9 false 4} {3675 9 false 5} {7576 9 false 6} {6501 9 false 7} {8962 9 false 8} {9292 11 false 9}] 
2025/11/03 17:32:07 [17:32:07.619] [Node:2] [LOG_REPLICA] [Trace:LOG_0_14][0->2] 复制日志结果:[{<nil> 0 false 0} {9885 2 false 1} {7369 4 false 2} {377 9 false 3} {5698 9 false 4} {3675 9 false 5} {7576 9 false 6} {6501 9 false 7} {8962 9 false 8} {9292 11 false 9} {5826 14 false 10}] 
2025/11/03 17:32:07 [17:32:07.715] [Node:2] [HEARTBEAT] [Trace:HB_2_14] Follower等心跳 status FOLLOWER term:14 commitIndex:9
2025/11/03 17:32:07 [17:32:07.720] [Node:2] [HEARTBEAT] [Trace:LOG_0_14][0->2] AppendEntries 收到 term:14 leaderId:0 prevLogIndex:10 prevLogTerm:14 entries:0 leaderCommit:10 isHeartbeat:true currentTerm:14 status:FOLLOWER
2025/11/03 17:32:07 [17:32:07.720] [Node:2] [HEARTBEAT] [Trace:LOG_0_14][0->2] 打印日志结果:[{<nil> 0 false 0} {9885 2 false 1} {7369 4 false 2} {377 9 false 3} {5698 9 false 4} {3675 9 false 5} {7576 9 false 6} {6501 9 false 7} {8962 9 false 8} {9292 11 false 9} {5826 14 false 10}] 
2025/11/03 17:32:07 [17:32:07.720] [Node:2] [HEARTBEAT] [Trace:LOG_0_14][0->2] 复制日志结果:[{<nil> 0 false 0} {9885 2 false 1} {7369 4 false 2} {377 9 false 3} {5698 9 false 4} {3675 9 false 5} {7576 9 false 6} {6501 9 false 7} {8962 9 false 8} {9292 11 false 9} {5826 14 false 10}] 
2025/11/03 17:32:07 [17:32:07.720] [Node:2] [LOG_COMMIT] [Trace:LOG_0_14][0->2] 收到LogEntry，并且Leader已经提交， 本地log 9->10 leaderCommit:10 lastApplied:9
2025/11/03 17:32:07 [17:32:07.721] [Node:2] [LOG_COMMIT] [Trace:APPLY_2_10] Applying logs count:1 log:[{5826 14 false 10}] lastApplied:10
2025/11/03 17:32:07 [17:32:07.817] [Node:2] [HEARTBEAT] [Trace:HB_2_14] Follower等心跳 status FOLLOWER term:14 commitIndex:10
2025/11/03 17:32:07 [17:32:07.822] [Node:2] [HEARTBEAT] [Trace:LOG_0_14][0->2] AppendEntries 收到 term:14 leaderId:0 prevLogIndex:10 prevLogTerm:14 entries:0 leaderCommit:10 isHeartbeat:true currentTerm:14 status:FOLLOWER
2025/11/03 17:32:07 [17:32:07.822] [Node:2] [HEARTBEAT] [Trace:LOG_0_14][0->2] 打印日志结果:[{<nil> 0 false 0} {9885 2 false 1} {7369 4 false 2} {377 9 false 3} {5698 9 false 4} {3675 9 false 5} {7576 9 false 6} {6501 9 false 7} {8962 9 false 8} {9292 11 false 9} {5826 14 false 10}] 
2025/11/03 17:32:07 [17:32:07.822] [Node:2] [HEARTBEAT] [Trace:LOG_0_14][0->2] 复制日志结果:[{<nil> 0 false 0} {9885 2 false 1} {7369 4 false 2} {377 9 false 3} {5698 9 false 4} {3675 9 false 5} {7576 9 false 6} {6501 9 false 7} {8962 9 false 8} {9292 11 false 9} {5826 14 false 10}] 
2025/11/03 17:32:07 [17:32:07.917] [Node:2] [HEARTBEAT] [Trace:HB_2_14] Follower等心跳 status FOLLOWER term:14 commitIndex:10
2025/11/03 17:32:07 [17:32:07.922] [Node:2] [HEARTBEAT] [Trace:LOG_0_14][0->2] AppendEntries 收到 term:14 leaderId:0 prevLogIndex:10 prevLogTerm:14 entries:0 leaderCommit:10 isHeartbeat:true currentTerm:14 status:FOLLOWER
2025/11/03 17:32:07 [17:32:07.922] [Node:2] [HEARTBEAT] [Trace:LOG_0_14][0->2] 打印日志结果:[{<nil> 0 false 0} {9885 2 false 1} {7369 4 false 2} {377 9 false 3} {5698 9 false 4} {3675 9 false 5} {7576 9 false 6} {6501 9 false 7} {8962 9 false 8} {9292 11 false 9} {5826 14 false 10}] 
2025/11/03 17:32:07 [17:32:07.922] [Node:2] [HEARTBEAT] [Trace:LOG_0_14][0->2] 复制日志结果:[{<nil> 0 false 0} {9885 2 false 1} {7369 4 false 2} {377 9 false 3} {5698 9 false 4} {3675 9 false 5} {7576 9 false 6} {6501 9 false 7} {8962 9 false 8} {9292 11 false 9} {5826 14 false 10}] 
2025/11/03 17:32:08 [17:32:08.018] [Node:2] [HEARTBEAT] [Trace:HB_2_14] Follower等心跳 status FOLLOWER term:14 commitIndex:10
2025/11/03 17:32:08 [17:32:08.018] [Node:2] [RPC_RECV] [Trace:CLIENT_2_1762162328018364000] 接收到日志命令:7708 isLeader:false term:14
2025/11/03 17:32:08 [17:32:08.025] [Node:2] [RPC_RECV] [Trace:CLIENT_2_1762162328025709000] 接收到日志命令:5038 isLeader:false term:14
2025/11/03 17:32:08 [17:32:08.031] [Node:2] [LOG_REPLICA] [Trace:LOG_0_14][0->2] AppendEntries 收到 term:14 leaderId:0 prevLogIndex:10 prevLogTerm:14 entries:1 leaderCommit:10 isHeartbeat:false currentTerm:14 status:FOLLOWER
2025/11/03 17:32:08 [17:32:08.031] [Node:2] [LOG_REPLICA] [Trace:LOG_0_14][0->2] 打印日志结果:[{<nil> 0 false 0} {9885 2 false 1} {7369 4 false 2} {377 9 false 3} {5698 9 false 4} {3675 9 false 5} {7576 9 false 6} {6501 9 false 7} {8962 9 false 8} {9292 11 false 9} {5826 14 false 10}] 
2025/11/03 17:32:08 [17:32:08.032] [Node:2] [LOG_REPLICA] [Trace:LOG_0_14][0->2] 复制日志结果:[{<nil> 0 false 0} {9885 2 false 1} {7369 4 false 2} {377 9 false 3} {5698 9 false 4} {3675 9 false 5} {7576 9 false 6} {6501 9 false 7} {8962 9 false 8} {9292 11 false 9} {5826 14 false 10} {1116 14 false 11}] 
2025/11/03 17:32:08 [17:32:08.036] [Node:2] [RPC_RECV] [Trace:CLIENT_2_1762162328036586000] 接收到日志命令:2772 isLeader:false term:14
2025/11/03 17:32:08 [17:32:08.045] [Node:2] [RPC_RECV] [Trace:CLIENT_2_1762162328045063000] 接收到日志命令:523 isLeader:false term:14
2025/11/03 17:32:08 [17:32:08.057] [Node:2] [RPC_RECV] [Trace:CLIENT_2_1762162328057783000] 接收到日志命令:8192 isLeader:false term:14
2025/11/03 17:32:08 [17:32:08.070] [Node:2] [RPC_RECV] [Trace:CLIENT_2_1762162328070695000] 接收到日志命令:4438 isLeader:false term:14
2025/11/03 17:32:08 [17:32:08.118] [Node:2] [HEARTBEAT] [Trace:HB_2_14] Follower等心跳 status FOLLOWER term:14 commitIndex:10
2025/11/03 17:32:08 [17:32:08.139] [Node:2] [LOG_REPLICA] [Trace:LOG_4_11][4->2] AppendEntries 收到 term:11 leaderId:4 prevLogIndex:9 prevLogTerm:11 entries:55 leaderCommit:9 isHeartbeat:false currentTerm:14 status:FOLLOWER
2025/11/03 17:32:08 [17:32:08.140] [Node:2] [LOG_REPLICA] [Trace:LOG_4_11][4->2] Rejected: 收到心跳，但是term小于当前term term(11) < currentTerm(14)
2025/11/03 17:32:08 [17:32:08.222] [Node:2] [HEARTBEAT] [Trace:HB_2_14] Follower等心跳 status FOLLOWER term:14 commitIndex:10
2025/11/03 17:32:08 [17:32:08.336] [Node:2] [HEARTBEAT] [Trace:HB_2_14] Follower等心跳 status FOLLOWER term:14 commitIndex:10
2025/11/03 17:32:08 [17:32:08.385] [Node:2] [INFO] [STATE_CHANGE] FOLLOWER->FOLLOWER term:14 reason:变成Candidate
2025/11/03 17:32:08 [17:32:08.385] [Node:2] [TIMER_EVENT] [Trace:TIMER_2] 超时选举 since:245.71575ms threshold:204.0974ms
2025/11/03 17:32:08 [17:32:08.386] [Node:2] [RPC_SEND] [Trace:ELEC_2_15] 发送选举请求
2025/11/03 17:32:08 [17:32:08.386] [Node:2] [RPC_RECV] [Trace:ELEC_3_15][3->2] RequestVote 接受 term:15 candidateId:3 lastLogIndex:11 lastLogTerm:14 currentTerm:15 status:CANDIDATE
2025/11/03 17:32:08 [17:32:08.386] [Node:2] [RPC_SEND] [Trace:ELEC_2_15] 发送选举请求
2025/11/03 17:32:08 [17:32:08.386] [Node:2] [RPC_RECV] [Trace:ELEC_3_15][3->2] 投票信息 votedFor:2 lastLogTerm:14 lastLogIndex:11
2025/11/03 17:32:08 [17:32:08.386] [Node:2] [RPC_RECV] [Trace:ELEC_3_15][3->2] 投票失败兜底 candidate:3 term:15
2025/11/03 17:32:08 [17:32:08.386] [Node:2] [RPC_SEND] [Trace:ELEC_2_15] 发送选举请求
2025/11/03 17:32:08 [17:32:08.387] [Node:2] [RPC_SEND] [Trace:ELEC_2_15] 发送选举请求
2025/11/03 17:32:08 [17:32:08.397] [Node:2] [RPC_SEND] [Trace:ELEC_2_15] 处理投票返回 for term 15 reply:{15 false}
2025/11/03 17:32:08 [17:32:08.436] [Node:2] [HEARTBEAT] [Trace:HB_2_15] Follower等心跳 status CANDIDATE term:15 commitIndex:10
2025/11/03 17:32:08 [17:32:08.538] [Node:2] [HEARTBEAT] [Trace:HB_2_15] Follower等心跳 status CANDIDATE term:15 commitIndex:10
2025/11/03 17:32:08 [17:32:08.566] [Node:2] [RPC_RECV] [Trace:CLIENT_2_1762162328566167000] 接收到日志命令:544 isLeader:false term:15
2025/11/03 17:32:08 [17:32:08.582] [Node:2] [RPC_RECV] [Trace:CLIENT_2_1762162328582281000] 接收到日志命令:7296 isLeader:false term:15
2025/11/03 17:32:08 [17:32:08.586] [Node:2] [RPC_RECV] [Trace:CLIENT_2_1762162328586571000] 接收到日志命令:2591 isLeader:false term:15
2025/11/03 17:32:08 [17:32:08.600] [Node:2] [RPC_RECV] [Trace:CLIENT_2_1762162328600371000] 接收到日志命令:1366 isLeader:false term:15
2025/11/03 17:32:08 [17:32:08.603] [Node:2] [RPC_RECV] [Trace:CLIENT_2_1762162328603911000] 接收到日志命令:7159 isLeader:false term:15
2025/11/03 17:32:08 [17:32:08.609] [Node:2] [RPC_RECV] [Trace:ELEC_3_16][3->2] RequestVote 接受 term:16 candidateId:3 lastLogIndex:11 lastLogTerm:14 currentTerm:15 status:CANDIDATE
2025/11/03 17:32:08 [17:32:08.610] [Node:2] [INFO] [STATE_CHANGE] CANDIDATE->FOLLOWER term:15 reason:降级成follower
2025/11/03 17:32:08 [17:32:08.611] [Node:2] [RPC_RECV] [Trace:ELEC_3_16][3->2] 投票信息 votedFor:-1 lastLogTerm:14 lastLogIndex:11
2025/11/03 17:32:08 [17:32:08.611] [Node:2] [RPC_RECV] [Trace:ELEC_3_16][3->2] 投票给 candidate:3 term:16
2025/11/03 17:32:08 [17:32:08.619] [Node:2] [RPC_RECV] [Trace:CLIENT_2_1762162328619376000] 接收到日志命令:9741 isLeader:false term:16
2025/11/03 17:32:08 [17:32:08.633] [Node:2] [RPC_RECV] [Trace:CLIENT_2_1762162328633586000] 接收到日志命令:7521 isLeader:false term:16
2025/11/03 17:32:08 [17:32:08.639] [Node:2] [HEARTBEAT] [Trace:HB_2_16] Follower等心跳 status FOLLOWER term:16 commitIndex:10
2025/11/03 17:32:08 [17:32:08.649] [Node:2] [RPC_RECV] [Trace:CLIENT_2_1762162328649049000] 接收到日志命令:3762 isLeader:false term:16
2025/11/03 17:32:08 [17:32:08.654] [Node:2] [LOG_REPLICA] [Trace:LOG_3_16][3->2] AppendEntries 收到 term:16 leaderId:3 prevLogIndex:10 prevLogTerm:14 entries:2 leaderCommit:10 isHeartbeat:false currentTerm:16 status:FOLLOWER
2025/11/03 17:32:08 [17:32:08.654] [Node:2] [LOG_REPLICA] [Trace:LOG_3_16][3->2] 打印日志结果:[{<nil> 0 false 0} {9885 2 false 1} {7369 4 false 2} {377 9 false 3} {5698 9 false 4} {3675 9 false 5} {7576 9 false 6} {6501 9 false 7} {8962 9 false 8} {9292 11 false 9} {5826 14 false 10} {1116 14 false 11}] 
2025/11/03 17:32:08 [17:32:08.656] [Node:2] [LOG_REPLICA] [Trace:LOG_3_16][3->2] 复制日志结果:[{<nil> 0 false 0} {9885 2 false 1} {7369 4 false 2} {377 9 false 3} {5698 9 false 4} {3675 9 false 5} {7576 9 false 6} {6501 9 false 7} {8962 9 false 8} {9292 11 false 9} {5826 14 false 10} {1116 14 false 11} {8927 16 false 12}] 
2025/11/03 17:32:08 [17:32:08.660] [Node:2] [RPC_RECV] [Trace:CLIENT_2_1762162328660199000] 接收到日志命令:6914 isLeader:false term:16
2025/11/03 17:32:08 [17:32:08.671] [Node:2] [RPC_RECV] [Trace:CLIENT_2_1762162328671927000] 接收到日志命令:4114 isLeader:false term:16
2025/11/03 17:32:08 [17:32:08.681] [Node:2] [RPC_RECV] [Trace:CLIENT_2_1762162328681203000] 接收到日志命令:2906 isLeader:false term:16
2025/11/03 17:32:08 [17:32:08.683] [Node:2] [RPC_RECV] [Trace:CLIENT_2_1762162328683927000] 接收到日志命令:7185 isLeader:false term:16
2025/11/03 17:32:08 [17:32:08.690] [Node:2] [RPC_RECV] [Trace:CLIENT_2_1762162328690643000] 接收到日志命令:1807 isLeader:false term:16
2025/11/03 17:32:08 [17:32:08.697] [Node:2] [RPC_RECV] [Trace:CLIENT_2_1762162328697283000] 接收到日志命令:432 isLeader:false term:16
2025/11/03 17:32:08 [17:32:08.699] [Node:2] [RPC_RECV] [Trace:CLIENT_2_1762162328699461000] 接收到日志命令:4971 isLeader:false term:16
2025/11/03 17:32:08 [17:32:08.709] [Node:2] [RPC_RECV] [Trace:CLIENT_2_1762162328709455000] 接收到日志命令:1769 isLeader:false term:16
2025/11/03 17:32:08 [17:32:08.711] [Node:2] [RPC_RECV] [Trace:CLIENT_2_1762162328711650000] 接收到日志命令:1657 isLeader:false term:16
2025/11/03 17:32:08 [17:32:08.717] [Node:2] [RPC_RECV] [Trace:CLIENT_2_1762162328717603000] 接收到日志命令:6607 isLeader:false term:16
2025/11/03 17:32:08 [17:32:08.726] [Node:2] [RPC_RECV] [Trace:CLIENT_2_1762162328726973000] 接收到日志命令:9793 isLeader:false term:16
2025/11/03 17:32:08 [17:32:08.738] [Node:2] [RPC_RECV] [Trace:CLIENT_2_1762162328738467000] 接收到日志命令:942 isLeader:false term:16
2025/11/03 17:32:08 [17:32:08.740] [Node:2] [HEARTBEAT] [Trace:HB_2_16] Follower等心跳 status FOLLOWER term:16 commitIndex:10
2025/11/03 17:32:08 [17:32:08.760] [Node:2] [LOG_REPLICA] [Trace:LOG_3_16][3->2] AppendEntries 收到 term:16 leaderId:3 prevLogIndex:12 prevLogTerm:16 entries:12 leaderCommit:12 isHeartbeat:false currentTerm:16 status:FOLLOWER
2025/11/03 17:32:08 [17:32:08.760] [Node:2] [LOG_REPLICA] [Trace:LOG_3_16][3->2] 打印日志结果:[{<nil> 0 false 0} {9885 2 false 1} {7369 4 false 2} {377 9 false 3} {5698 9 false 4} {3675 9 false 5} {7576 9 false 6} {6501 9 false 7} {8962 9 false 8} {9292 11 false 9} {5826 14 false 10} {1116 14 false 11} {8927 16 false 12}] 
2025/11/03 17:32:08 [17:32:08.762] [Node:2] [LOG_REPLICA] [Trace:LOG_3_16][3->2] 复制日志结果:[{<nil> 0 false 0} {9885 2 false 1} {7369 4 false 2} {377 9 false 3} {5698 9 false 4} {3675 9 false 5} {7576 9 false 6} {6501 9 false 7} {8962 9 false 8} {9292 11 false 9} {5826 14 false 10} {1116 14 false 11} {8927 16 false 12} {615 16 false 13} {3625 16 false 14} {1425 16 false 15} {9709 16 false 16} {3423 16 false 17} {3134 16 false 18} {3657 16 false 19} {8171 16 false 20} {9440 16 false 21} {6470 16 false 22} {1363 16 false 23} {716 16 false 24}] 
2025/11/03 17:32:08 [17:32:08.762] [Node:2] [LOG_COMMIT] [Trace:LOG_3_16][3->2] 收到LogEntry，并且Leader已经提交， 本地log 10->12 leaderCommit:12 lastApplied:10
2025/11/03 17:32:08 [17:32:08.762] [Node:2] [LOG_COMMIT] [Trace:APPLY_2_24] Applying logs count:14 log:[{1116 14 false 11} {8927 16 false 12} {615 16 false 13} {3625 16 false 14} {1425 16 false 15} {9709 16 false 16} {3423 16 false 17} {3134 16 false 18} {3657 16 false 19} {8171 16 false 20} {9440 16 false 21} {6470 16 false 22} {1363 16 false 23} {716 16 false 24}] lastApplied:24
2025/11/03 17:32:08 [17:32:08.841] [Node:2] [HEARTBEAT] [Trace:HB_2_16] Follower等心跳 status FOLLOWER term:16 commitIndex:12
2025/11/03 17:32:08 [17:32:08.861] [Node:2] [LOG_REPLICA] [Trace:LOG_3_16][3->2] AppendEntries 收到 term:16 leaderId:3 prevLogIndex:24 prevLogTerm:16 entries:1 leaderCommit:24 isHeartbeat:false currentTerm:16 status:FOLLOWER
2025/11/03 17:32:08 [17:32:08.861] [Node:2] [LOG_REPLICA] [Trace:LOG_3_16][3->2] 打印日志结果:[{<nil> 0 false 0} {9885 2 false 1} {7369 4 false 2} {377 9 false 3} {5698 9 false 4} {3675 9 false 5} {7576 9 false 6} {6501 9 false 7} {8962 9 false 8} {9292 11 false 9} {5826 14 false 10} {1116 14 false 11} {8927 16 false 12} {615 16 false 13} {3625 16 false 14} {1425 16 false 15} {9709 16 false 16} {3423 16 false 17} {3134 16 false 18} {3657 16 false 19} {8171 16 false 20} {9440 16 false 21} {6470 16 false 22} {1363 16 false 23} {716 16 false 24}] 
2025/11/03 17:32:08 [17:32:08.862] [Node:2] [LOG_REPLICA] [Trace:LOG_3_16][3->2] 复制日志结果:[{<nil> 0 false 0} {9885 2 false 1} {7369 4 false 2} {377 9 false 3} {5698 9 false 4} {3675 9 false 5} {7576 9 false 6} {6501 9 false 7} {8962 9 false 8} {9292 11 false 9} {5826 14 false 10} {1116 14 false 11} {8927 16 false 12} {615 16 false 13} {3625 16 false 14} {1425 16 false 15} {9709 16 false 16} {3423 16 false 17} {3134 16 false 18} {3657 16 false 19} {8171 16 false 20} {9440 16 false 21} {6470 16 false 22} {1363 16 false 23} {716 16 false 24} {2684 16 false 25}] 
2025/11/03 17:32:08 [17:32:08.863] [Node:2] [LOG_COMMIT] [Trace:LOG_3_16][3->2] 收到LogEntry，并且Leader已经提交， 本地log 12->24 leaderCommit:24 lastApplied:24
2025/11/03 17:32:08 [17:32:08.911] [Node:2] [RPC_RECV] [Trace:CLIENT_2_1762162328911825000] 接收到日志命令:1149 isLeader:false term:16
2025/11/03 17:32:08 [17:32:08.919] [Node:2] [RPC_RECV] [Trace:CLIENT_2_1762162328919435000] 接收到日志命令:5100 isLeader:false term:16
2025/11/03 17:32:08 [17:32:08.921] [Node:2] [RPC_RECV] [Trace:CLIENT_2_1762162328921969000] 接收到日志命令:8777 isLeader:false term:16
2025/11/03 17:32:08 [17:32:08.937] [Node:2] [RPC_RECV] [Trace:CLIENT_2_1762162328937972000] 接收到日志命令:6095 isLeader:false term:16
2025/11/03 17:32:08 [17:32:08.942] [Node:2] [HEARTBEAT] [Trace:HB_2_16] Follower等心跳 status FOLLOWER term:16 commitIndex:24
2025/11/03 17:32:08 [17:32:08.945] [Node:2] [LOG_REPLICA] [Trace:LOG_1_9][1->2] AppendEntries 收到 term:9 leaderId:1 prevLogIndex:2 prevLogTerm:4 entries:92 leaderCommit:8 isHeartbeat:false currentTerm:16 status:FOLLOWER
2025/11/03 17:32:08 [17:32:08.945] [Node:2] [LOG_REPLICA] [Trace:LOG_1_9][1->2] Rejected: 收到心跳，但是term小于当前term term(9) < currentTerm(16)
2025/11/03 17:32:08 [17:32:08.951] [Node:2] [RPC_RECV] [Trace:CLIENT_2_1762162328951250000] 接收到日志命令:5091 isLeader:false term:16
2025/11/03 17:32:08 [17:32:08.962] [Node:2] [RPC_RECV] [Trace:CLIENT_2_1762162328962332000] 接收到日志命令:6356 isLeader:false term:16
2025/11/03 17:32:08 [17:32:08.972] [Node:2] [RPC_RECV] [Trace:CLIENT_2_1762162328972447000] 接收到日志命令:9774 isLeader:false term:16
2025/11/03 17:32:08 [17:32:08.978] [Node:2] [RPC_RECV] [Trace:CLIENT_2_1762162328978331000] 接收到日志命令:3091 isLeader:false term:16
2025/11/03 17:32:08 [17:32:08.986] [Node:2] [RPC_RECV] [Trace:CLIENT_2_1762162328986161000] 接收到日志命令:4010 isLeader:false term:16
2025/11/03 17:32:08 [17:32:08.992] [Node:2] [RPC_RECV] [Trace:CLIENT_2_1762162328992621000] 接收到日志命令:1112 isLeader:false term:16
2025/11/03 17:32:09 [17:32:09.042] [Node:2] [HEARTBEAT] [Trace:HB_2_16] Follower等心跳 status FOLLOWER term:16 commitIndex:24
2025/11/03 17:32:09 [17:32:09.143] [Node:2] [HEARTBEAT] [Trace:HB_2_16] Follower等心跳 status FOLLOWER term:16 commitIndex:24
2025/11/03 17:32:09 [17:32:09.243] [Node:2] [HEARTBEAT] [Trace:HB_2_16] Follower等心跳 status FOLLOWER term:16 commitIndex:24
2025/11/03 17:32:09 [17:32:09.257] [Node:2] [RPC_RECV] [Trace:ELEC_4_17][4->2] RequestVote 接受 term:17 candidateId:4 lastLogIndex:25 lastLogTerm:16 currentTerm:16 status:FOLLOWER
2025/11/03 17:32:09 [17:32:09.257] [Node:2] [INFO] [STATE_CHANGE] FOLLOWER->FOLLOWER term:16 reason:降级成follower
2025/11/03 17:32:09 [17:32:09.257] [Node:2] [RPC_RECV] [Trace:ELEC_4_17][4->2] 投票信息 votedFor:-1 lastLogTerm:16 lastLogIndex:25
2025/11/03 17:32:09 [17:32:09.257] [Node:2] [RPC_RECV] [Trace:ELEC_4_17][4->2] 投票给 candidate:4 term:17
2025/11/03 17:32:09 [17:32:09.321] [Node:2] [RPC_RECV] [Trace:CLIENT_2_1762162329321186000] 接收到日志命令:183 isLeader:false term:17
2025/11/03 17:32:09 [17:32:09.330] [Node:2] [RPC_RECV] [Trace:CLIENT_2_1762162329330902000] 接收到日志命令:9525 isLeader:false term:17
2025/11/03 17:32:09 [17:32:09.344] [Node:2] [HEARTBEAT] [Trace:HB_2_17] Follower等心跳 status FOLLOWER term:17 commitIndex:24
2025/11/03 17:32:09 [17:32:09.345] [Node:2] [RPC_RECV] [Trace:CLIENT_2_1762162329345467000] 接收到日志命令:7256 isLeader:false term:17
2025/11/03 17:32:09 [17:32:09.355] [Node:2] [RPC_RECV] [Trace:CLIENT_2_1762162329355557000] 接收到日志命令:1296 isLeader:false term:17
2025/11/03 17:32:09 [17:32:09.360] [Node:2] [RPC_RECV] [Trace:CLIENT_2_1762162329360048000] 接收到日志命令:680 isLeader:false term:17
2025/11/03 17:32:09 [17:32:09.372] [Node:2] [RPC_RECV] [Trace:CLIENT_2_1762162329372760000] 接收到日志命令:3777 isLeader:false term:17
2025/11/03 17:32:09 [17:32:09.379] [Node:2] [RPC_RECV] [Trace:CLIENT_2_1762162329379267000] 接收到日志命令:9377 isLeader:false term:17
2025/11/03 17:32:09 [17:32:09.388] [Node:2] [RPC_RECV] [Trace:CLIENT_2_1762162329388645000] 接收到日志命令:2881 isLeader:false term:17
2025/11/03 17:32:09 [17:32:09.395] [Node:2] [RPC_RECV] [Trace:CLIENT_2_1762162329395628000] 接收到日志命令:4570 isLeader:false term:17
2025/11/03 17:32:09 [17:32:09.404] [Node:2] [RPC_RECV] [Trace:CLIENT_2_1762162329404921000] 接收到日志命令:639 isLeader:false term:17
2025/11/03 17:32:09 [17:32:09.408] [Node:2] [RPC_RECV] [Trace:CLIENT_2_1762162329408737000] 接收到日志命令:1773 isLeader:false term:17
2025/11/03 17:32:09 [17:32:09.412] [Node:2] [RPC_RECV] [Trace:CLIENT_2_1762162329412512000] 接收到日志命令:3784 isLeader:false term:17
2025/11/03 17:32:09 [17:32:09.420] [Node:2] [RPC_RECV] [Trace:CLIENT_2_1762162329420115000] 接收到日志命令:8819 isLeader:false term:17
2025/11/03 17:32:09 [17:32:09.435] [Node:2] [RPC_RECV] [Trace:CLIENT_2_1762162329435423000] 接收到日志命令:6085 isLeader:false term:17
2025/11/03 17:32:09 [17:32:09.440] [Node:2] [RPC_RECV] [Trace:CLIENT_2_1762162329440030000] 接收到日志命令:2892 isLeader:false term:17
2025/11/03 17:32:09 [17:32:09.444] [Node:2] [HEARTBEAT] [Trace:HB_2_17] Follower等心跳 status FOLLOWER term:17 commitIndex:24
2025/11/03 17:32:09 [17:32:09.447] [Node:2] [RPC_RECV] [Trace:CLIENT_2_1762162329447607000] 接收到日志命令:6668 isLeader:false term:17
2025/11/03 17:32:09 [17:32:09.457] [Node:2] [RPC_RECV] [Trace:CLIENT_2_1762162329457689000] 接收到日志命令:8571 isLeader:false term:17
2025/11/03 17:32:09 [17:32:09.519] [Node:2] [INFO] [STATE_CHANGE] FOLLOWER->FOLLOWER term:17 reason:变成Candidate
2025/11/03 17:32:09 [17:32:09.520] [Node:2] [TIMER_EVENT] [Trace:TIMER_2] 超时选举 since:261.002584ms threshold:259.193481ms
2025/11/03 17:32:09 [17:32:09.521] [Node:2] [RPC_SEND] [Trace:ELEC_2_18] 发送选举请求
2025/11/03 17:32:09 [17:32:09.521] [Node:2] [RPC_SEND] [Trace:ELEC_2_18] 发送选举请求
2025/11/03 17:32:09 [17:32:09.521] [Node:2] [RPC_SEND] [Trace:ELEC_2_18] 发送选举请求
2025/11/03 17:32:09 [17:32:09.521] [Node:2] [RPC_SEND] [Trace:ELEC_2_18] 发送选举请求
2025/11/03 17:32:09 [17:32:09.525] [Node:2] [RPC_SEND] [Trace:ELEC_2_18] 处理投票返回 for term 18 reply:{18 true}
2025/11/03 17:32:09 [17:32:09.550] [Node:2] [RPC_SEND] [Trace:ELEC_2_18] 处理投票返回 for term 18 reply:{18 false}
2025/11/03 17:32:09 [17:32:09.551] [Node:2] [HEARTBEAT] [Trace:HB_2_18] Follower等心跳 status CANDIDATE term:18 commitIndex:24
2025/11/03 17:32:09 [17:32:09.551] [Node:2] [RPC_RECV] [Trace:ELEC_4_18][4->2] RequestVote 接受 term:18 candidateId:4 lastLogIndex:25 lastLogTerm:16 currentTerm:18 status:CANDIDATE
2025/11/03 17:32:09 [17:32:09.551] [Node:2] [RPC_RECV] [Trace:ELEC_4_18][4->2] 投票信息 votedFor:2 lastLogTerm:16 lastLogIndex:25
2025/11/03 17:32:09 [17:32:09.551] [Node:2] [RPC_RECV] [Trace:ELEC_4_18][4->2] 投票失败兜底 candidate:4 term:18
2025/11/03 17:32:09 [17:32:09.591] [Node:2] [RPC_RECV] [Trace:CLIENT_2_1762162329591906000] 接收到日志命令:253 isLeader:false term:18
2025/11/03 17:32:09 [17:32:09.594] [Node:2] [RPC_RECV] [Trace:CLIENT_2_1762162329594044000] 接收到日志命令:9525 isLeader:false term:18
2025/11/03 17:32:09 [17:32:09.609] [Node:2] [RPC_RECV] [Trace:CLIENT_2_1762162329609454000] 接收到日志命令:3673 isLeader:false term:18
2025/11/03 17:32:09 [17:32:09.621] [Node:2] [RPC_RECV] [Trace:CLIENT_2_1762162329621853000] 接收到日志命令:6292 isLeader:false term:18
2025/11/03 17:32:09 [17:32:09.637] [Node:2] [RPC_RECV] [Trace:CLIENT_2_1762162329637538000] 接收到日志命令:2506 isLeader:false term:18
2025/11/03 17:32:09 [17:32:09.649] [Node:2] [RPC_RECV] [Trace:CLIENT_2_1762162329649810000] 接收到日志命令:3834 isLeader:false term:18
2025/11/03 17:32:09 [17:32:09.652] [Node:2] [HEARTBEAT] [Trace:HB_2_18] Follower等心跳 status CANDIDATE term:18 commitIndex:24
2025/11/03 17:32:09 [17:32:09.666] [Node:2] [RPC_RECV] [Trace:CLIENT_2_1762162329666080000] 接收到日志命令:1876 isLeader:false term:18
2025/11/03 17:32:09 [17:32:09.675] [Node:2] [RPC_RECV] [Trace:CLIENT_2_1762162329675825000] 接收到日志命令:8483 isLeader:false term:18
2025/11/03 17:32:09 [17:32:09.698] [Node:2] [RPC_RECV] [Trace:CLIENT_2_1762162329698073000] 接收到日志命令:8469 isLeader:false term:18
2025/11/03 17:32:09 [17:32:09.700] [Node:2] [RPC_RECV] [Trace:CLIENT_2_1762162329700302000] 接收到日志命令:5225 isLeader:false term:18
2025/11/03 17:32:09 [17:32:09.713] [Node:2] [RPC_RECV] [Trace:CLIENT_2_1762162329713320000] 接收到日志命令:8494 isLeader:false term:18
2025/11/03 17:32:09 [17:32:09.717] [Node:2] [RPC_RECV] [Trace:CLIENT_2_1762162329717956000] 接收到日志命令:8360 isLeader:false term:18
2025/11/03 17:32:09 [17:32:09.719] [Node:2] [RPC_RECV] [Trace:CLIENT_2_1762162329719262000] 接收到日志命令:6322 isLeader:false term:18
2025/11/03 17:32:09 [17:32:09.728] [Node:2] [INFO] [STATE_CHANGE] CANDIDATE->FOLLOWER term:18 reason:变成Candidate
2025/11/03 17:32:09 [17:32:09.728] [Node:2] [TIMER_EVENT] [Trace:TIMER_2] 超时选举 since:207.183666ms threshold:201.408099ms
2025/11/03 17:32:09 [17:32:09.728] [Node:2] [RPC_SEND] [Trace:ELEC_2_19] 发送选举请求
2025/11/03 17:32:09 [17:32:09.728] [Node:2] [RPC_SEND] [Trace:ELEC_2_19] 发送选举请求
2025/11/03 17:32:09 [17:32:09.728] [Node:2] [RPC_SEND] [Trace:ELEC_2_19] 发送选举请求
2025/11/03 17:32:09 [17:32:09.728] [Node:2] [RPC_SEND] [Trace:ELEC_2_19] 发送选举请求
2025/11/03 17:32:09 [17:32:09.735] [Node:2] [RPC_RECV] [Trace:CLIENT_2_1762162329734453000] 接收到日志命令:6809 isLeader:false term:19
2025/11/03 17:32:09 [17:32:09.737] [Node:2] [RPC_SEND] [Trace:ELEC_2_19] 处理投票返回 for term 19 reply:{19 true}
2025/11/03 17:32:09 [17:32:09.740] [Node:2] [RPC_SEND] [Trace:ELEC_2_19] 处理投票返回 for term 19 reply:{19 true}
2025/11/03 17:32:09 [17:32:09.740] [Node:2] [INFO] [STATE_CHANGE] CANDIDATE->LEADER term:19 reason:成为Leader
2025/11/03 17:32:09 [17:32:09.743] [Node:2] [RPC_RECV] [Trace:CLIENT_2_1762162329743753000] 接收到日志命令:5836 isLeader:true term:19
2025/11/03 17:32:09 [17:32:09.752] [Node:2] [HEARTBEAT] [Trace:HB_2_19] 开始发送心跳广播 status LEADER term:19 commitIndex:24
2025/11/03 17:32:09 [17:32:09.754] [Node:2] [RPC_RECV] [Trace:CLIENT_2_1762162329754090000] 接收到日志命令:5544 isLeader:true term:19
2025/11/03 17:32:09 [17:32:09.759] [Node:2] [RPC_RECV] [Trace:CLIENT_2_1762162329759339000] 接收到日志命令:713 isLeader:true term:19
2025/11/03 17:32:09 [17:32:09.767] [Node:2] [RPC_RECV] [Trace:CLIENT_2_1762162329767917000] 接收到日志命令:6403 isLeader:true term:19
2025/11/03 17:32:09 [17:32:09.775] [Node:2] [RPC_RECV] [Trace:CLIENT_2_1762162329775673000] 接收到日志命令:881 isLeader:true term:19
2025/11/03 17:32:09 [17:32:09.793] [Node:2] [RPC_RECV] [Trace:CLIENT_2_1762162329792995000] 接收到日志命令:3832 isLeader:true term:19
2025/11/03 17:32:09 [17:32:09.805] [Node:2] [RPC_RECV] [Trace:CLIENT_2_1762162329805964000] 接收到日志命令:4831 isLeader:true term:19
2025/11/03 17:32:09 [17:32:09.820] [Node:2] [RPC_RECV] [Trace:CLIENT_2_1762162329820064000] 接收到日志命令:989 isLeader:true term:19
2025/11/03 17:32:09 [17:32:09.855] [Node:2] [HEARTBEAT] [Trace:HB_2_19] 开始发送心跳广播 status LEADER term:19 commitIndex:24
2025/11/03 17:32:09 [17:32:09.859] [Node:2] [LOG_REPLICA] [Trace:LOG_2_19][2->4] 心跳返回 from peer:4 term:19 success:true
2025/11/03 17:32:09 [17:32:09.859] [Node:2] [LOG_REPLICA] [Trace:LOG_2_19][2->4] 日志复制返回成功 from peer:4 term:19 agreeCount:2 log [{2684 16 false 25} {5836 19 false 26} {5544 19 false 27} {713 19 false 28} {6403 19 false 29} {881 19 false 30} {3832 19 false 31} {4831 19 false 32} {989 19 false 33}]
2025/11/03 17:32:09 [17:32:09.859] [Node:2] [LOG_REPLICA] [Trace:LOG_2_19][2->4] 更新后 server:4 matchIndex:33 nextIndex:34
2025/11/03 17:32:09 [17:32:09.875] [Node:2] [LOG_REPLICA] [Trace:LOG_2_19][2->1] 心跳返回 from peer:1 term:19 success:false
2025/11/03 17:32:09 [17:32:09.875] [Node:2] [LOG_REPLICA] [Trace:LOG_2_19][2->1] 日志复制返回失败，开始快速恢复 for peer:1 starting fast recovery replyLogIndex:9
2025/11/03 17:32:09 [17:32:09.955] [Node:2] [HEARTBEAT] [Trace:HB_2_19] 开始发送心跳广播 status LEADER term:19 commitIndex:24
2025/11/03 17:32:09 [17:32:09.960] [Node:2] [LOG_REPLICA] [Trace:LOG_2_19][2->1] 心跳返回 from peer:1 term:19 success:false
2025/11/03 17:32:09 [17:32:09.960] [Node:2] [LOG_REPLICA] [Trace:LOG_2_19][2->1] 日志复制返回失败，开始快速恢复 for peer:1 starting fast recovery replyLogIndex:9
2025/11/03 17:32:09 [17:32:09.984] [Node:2] [LOG_REPLICA] [Trace:LOG_2_19][2->1] 心跳返回 from peer:1 term:19 success:false
2025/11/03 17:32:09 [17:32:09.984] [Node:2] [LOG_REPLICA] [Trace:LOG_2_19][2->1] 日志复制返回失败，开始快速恢复 for peer:1 starting fast recovery replyLogIndex:9
2025/11/03 17:32:10 [17:32:10.004] [Node:2] [LOG_REPLICA] [Trace:LOG_2_19][2->1] 心跳返回 from peer:1 term:19 success:false
2025/11/03 17:32:10 [17:32:10.004] [Node:2] [LOG_REPLICA] [Trace:LOG_2_19][2->1] 日志复制返回失败，开始快速恢复 for peer:1 starting fast recovery replyLogIndex:9
2025/11/03 17:32:10 [17:32:10.023] [Node:2] [LOG_REPLICA] [Trace:LOG_2_19][2->1] 心跳返回 from peer:1 term:19 success:false
2025/11/03 17:32:10 [17:32:10.023] [Node:2] [LOG_REPLICA] [Trace:LOG_2_19][2->1] 日志复制返回失败，开始快速恢复 for peer:1 starting fast recovery replyLogIndex:9
2025/11/03 17:32:10 [17:32:10.055] [Node:2] [LOG_REPLICA] [Trace:LOG_2_19][2->1] 心跳返回 from peer:1 term:19 success:false
2025/11/03 17:32:10 [17:32:10.055] [Node:2] [LOG_REPLICA] [Trace:LOG_2_19][2->1] 日志复制返回失败，开始快速恢复 for peer:1 starting fast recovery replyLogIndex:9
2025/11/03 17:32:10 [17:32:10.055] [Node:2] [HEARTBEAT] [Trace:HB_2_19] 开始发送心跳广播 status LEADER term:19 commitIndex:24
2025/11/03 17:32:10 [17:32:10.065] [Node:2] [LOG_REPLICA] [Trace:LOG_2_19][2->4] 心跳返回 from peer:4 term:19 success:true
2025/11/03 17:32:10 [17:32:10.080] [Node:2] [LOG_REPLICA] [Trace:LOG_2_19][2->1] 心跳返回 from peer:1 term:19 success:false
2025/11/03 17:32:10 [17:32:10.080] [Node:2] [LOG_REPLICA] [Trace:LOG_2_19][2->1] 日志复制返回失败，开始快速恢复 for peer:1 starting fast recovery replyLogIndex:9
2025/11/03 17:32:10 [17:32:10.087] [Node:2] [RPC_RECV] [Trace:CLIENT_2_1762162330087286000] 接收到日志命令:3559 isLeader:true term:19
2025/11/03 17:32:10 [17:32:10.106] [Node:2] [LOG_REPLICA] [Trace:LOG_2_19][2->1] 心跳返回 from peer:1 term:19 success:false
2025/11/03 17:32:10 [17:32:10.106] [Node:2] [LOG_REPLICA] [Trace:LOG_2_19][2->1] 日志复制返回失败，开始快速恢复 for peer:1 starting fast recovery replyLogIndex:9
2025/11/03 17:32:10 [17:32:10.137] [Node:2] [LOG_REPLICA] [Trace:LOG_2_19][2->1] 心跳返回 from peer:1 term:19 success:false
2025/11/03 17:32:10 [17:32:10.137] [Node:2] [LOG_REPLICA] [Trace:LOG_2_19][2->1] 日志复制返回失败，开始快速恢复 for peer:1 starting fast recovery replyLogIndex:9
2025/11/03 17:32:10 [17:32:10.162] [Node:2] [HEARTBEAT] [Trace:HB_2_19] 开始发送心跳广播 status LEADER term:19 commitIndex:24
2025/11/03 17:32:10 [17:32:10.165] [Node:2] [LOG_REPLICA] [Trace:LOG_2_19][2->1] 心跳返回 from peer:1 term:19 success:false
2025/11/03 17:32:10 [17:32:10.165] [Node:2] [LOG_REPLICA] [Trace:LOG_2_19][2->1] 日志复制返回失败，开始快速恢复 for peer:1 starting fast recovery replyLogIndex:9
2025/11/03 17:32:10 [17:32:10.172] [Node:2] [LOG_REPLICA] [Trace:LOG_2_19][2->1] 心跳返回 from peer:1 term:19 success:false
2025/11/03 17:32:10 [17:32:10.172] [Node:2] [LOG_REPLICA] [Trace:LOG_2_19][2->1] 日志复制返回失败，开始快速恢复 for peer:1 starting fast recovery replyLogIndex:9
2025/11/03 17:32:10 [17:32:10.190] [Node:2] [LOG_REPLICA] [Trace:LOG_2_19][2->4] 心跳返回 from peer:4 term:19 success:true
2025/11/03 17:32:10 [17:32:10.190] [Node:2] [LOG_REPLICA] [Trace:LOG_2_19][2->4] 日志复制返回成功 from peer:4 term:19 agreeCount:2 log [{3559 19 false 34}]
2025/11/03 17:32:10 [17:32:10.190] [Node:2] [LOG_REPLICA] [Trace:LOG_2_19][2->4] 更新后 server:4 matchIndex:34 nextIndex:35
2025/11/03 17:32:10 [17:32:10.196] [Node:2] [LOG_REPLICA] [Trace:LOG_2_19][2->1] 心跳返回 from peer:1 term:19 success:false
2025/11/03 17:32:10 [17:32:10.196] [Node:2] [LOG_REPLICA] [Trace:LOG_2_19][2->1] 日志复制返回失败，开始快速恢复 for peer:1 starting fast recovery replyLogIndex:9
2025/11/03 17:32:10 [17:32:10.216] [Node:2] [LOG_REPLICA] [Trace:LOG_2_19][2->1] 心跳返回 from peer:1 term:19 success:false
2025/11/03 17:32:10 [17:32:10.216] [Node:2] [LOG_REPLICA] [Trace:LOG_2_19][2->1] 日志复制返回失败，开始快速恢复 for peer:1 starting fast recovery replyLogIndex:9
2025/11/03 17:32:10 [17:32:10.223] [Node:2] [LOG_REPLICA] [Trace:LOG_2_19][2->1] 心跳返回 from peer:1 term:19 success:false
2025/11/03 17:32:10 [17:32:10.223] [Node:2] [LOG_REPLICA] [Trace:LOG_2_19][2->1] 日志复制返回失败，开始快速恢复 for peer:1 starting fast recovery replyLogIndex:9
2025/11/03 17:32:10 [17:32:10.244] [Node:2] [LOG_REPLICA] [Trace:LOG_2_19][2->1] 心跳返回 from peer:1 term:19 success:false
2025/11/03 17:32:10 [17:32:10.244] [Node:2] [LOG_REPLICA] [Trace:LOG_2_19][2->1] 日志复制返回失败，开始快速恢复 for peer:1 starting fast recovery replyLogIndex:9
2025/11/03 17:32:10 [17:32:10.262] [Node:2] [HEARTBEAT] [Trace:HB_2_19] 开始发送心跳广播 status LEADER term:19 commitIndex:24
2025/11/03 17:32:10 [17:32:10.274] [Node:2] [LOG_REPLICA] [Trace:LOG_2_19][2->1] 心跳返回 from peer:1 term:19 success:false
2025/11/03 17:32:10 [17:32:10.274] [Node:2] [LOG_REPLICA] [Trace:LOG_2_19][2->1] 日志复制返回失败，开始快速恢复 for peer:1 starting fast recovery replyLogIndex:9
2025/11/03 17:32:10 [17:32:10.274] [Node:2] [LOG_REPLICA] [Trace:LOG_2_19][2->1] 心跳返回 from peer:1 term:19 success:false
2025/11/03 17:32:10 [17:32:10.274] [Node:2] [LOG_REPLICA] [Trace:LOG_2_19][2->1] 日志复制返回失败，开始快速恢复 for peer:1 starting fast recovery replyLogIndex:9
2025/11/03 17:32:10 [17:32:10.277] [Node:2] [LOG_REPLICA] [Trace:LOG_2_19][2->1] 心跳返回 from peer:1 term:19 success:false
2025/11/03 17:32:10 [17:32:10.277] [Node:2] [LOG_REPLICA] [Trace:LOG_2_19][2->1] 日志复制返回失败，开始快速恢复 for peer:1 starting fast recovery replyLogIndex:9
2025/11/03 17:32:10 [17:32:10.282] [Node:2] [LOG_REPLICA] [Trace:LOG_2_19][2->1] 心跳返回 from peer:1 term:19 success:false
2025/11/03 17:32:10 [17:32:10.282] [Node:2] [LOG_REPLICA] [Trace:LOG_2_19][2->1] 日志复制返回失败，开始快速恢复 for peer:1 starting fast recovery replyLogIndex:9
2025/11/03 17:32:10 [17:32:10.283] [Node:2] [LOG_REPLICA] [Trace:LOG_2_19][2->1] 心跳返回 from peer:1 term:19 success:false
2025/11/03 17:32:10 [17:32:10.283] [Node:2] [LOG_REPLICA] [Trace:LOG_2_19][2->1] 日志复制返回失败，开始快速恢复 for peer:1 starting fast recovery replyLogIndex:9
2025/11/03 17:32:10 [17:32:10.284] [Node:2] [LOG_REPLICA] [Trace:LOG_2_19][2->4] 心跳返回 from peer:4 term:19 success:true
2025/11/03 17:32:10 [17:32:10.295] [Node:2] [LOG_REPLICA] [Trace:LOG_2_19][2->1] 心跳返回 from peer:1 term:19 success:false
2025/11/03 17:32:10 [17:32:10.295] [Node:2] [LOG_REPLICA] [Trace:LOG_2_19][2->1] 日志复制返回失败，开始快速恢复 for peer:1 starting fast recovery replyLogIndex:9
2025/11/03 17:32:10 [17:32:10.301] [Node:2] [LOG_REPLICA] [Trace:LOG_2_19][2->1] 心跳返回 from peer:1 term:19 success:false
2025/11/03 17:32:10 [17:32:10.301] [Node:2] [LOG_REPLICA] [Trace:LOG_2_19][2->1] 日志复制返回失败，开始快速恢复 for peer:1 starting fast recovery replyLogIndex:9
2025/11/03 17:32:10 [17:32:10.310] [Node:2] [LOG_REPLICA] [Trace:LOG_2_19][2->1] 心跳返回 from peer:1 term:19 success:false
2025/11/03 17:32:10 [17:32:10.310] [Node:2] [LOG_REPLICA] [Trace:LOG_2_19][2->1] 日志复制返回失败，开始快速恢复 for peer:1 starting fast recovery replyLogIndex:9
2025/11/03 17:32:10 [17:32:10.363] [Node:2] [HEARTBEAT] [Trace:HB_2_19] 开始发送心跳广播 status LEADER term:19 commitIndex:24
2025/11/03 17:32:10 [17:32:10.387] [Node:2] [LOG_REPLICA] [Trace:LOG_2_19][2->4] 心跳返回 from peer:4 term:19 success:true
2025/11/03 17:32:10 [17:32:10.393] [Node:2] [LOG_REPLICA] [Trace:LOG_2_19][2->1] 心跳返回 from peer:1 term:19 success:false
2025/11/03 17:32:10 [17:32:10.393] [Node:2] [LOG_REPLICA] [Trace:LOG_2_19][2->1] 日志复制返回失败，开始快速恢复 for peer:1 starting fast recovery replyLogIndex:9
2025/11/03 17:32:10 [17:32:10.418] [Node:2] [LOG_REPLICA] [Trace:LOG_2_19][2->1] 心跳返回 from peer:1 term:19 success:false
2025/11/03 17:32:10 [17:32:10.418] [Node:2] [LOG_REPLICA] [Trace:LOG_2_19][2->1] 日志复制返回失败，开始快速恢复 for peer:1 starting fast recovery replyLogIndex:9
2025/11/03 17:32:10 [17:32:10.463] [Node:2] [HEARTBEAT] [Trace:HB_2_19] 开始发送心跳广播 status LEADER term:19 commitIndex:24
2025/11/03 17:32:10 [17:32:10.475] [Node:2] [LOG_REPLICA] [Trace:LOG_2_19][2->4] 心跳返回 from peer:4 term:19 success:true
2025/11/03 17:32:10 [17:32:10.479] [Node:2] [LOG_REPLICA] [Trace:LOG_2_19][2->1] 心跳返回 from peer:1 term:19 success:false
2025/11/03 17:32:10 [17:32:10.479] [Node:2] [LOG_REPLICA] [Trace:LOG_2_19][2->1] 日志复制返回失败，开始快速恢复 for peer:1 starting fast recovery replyLogIndex:9
2025/11/03 17:32:10 [17:32:10.497] [Node:2] [LOG_REPLICA] [Trace:LOG_2_19][2->1] 心跳返回 from peer:1 term:19 success:false
2025/11/03 17:32:10 [17:32:10.497] [Node:2] [LOG_REPLICA] [Trace:LOG_2_19][2->1] 日志复制返回失败，开始快速恢复 for peer:1 starting fast recovery replyLogIndex:9
2025/11/03 17:32:10 [17:32:10.507] [Node:2] [LOG_REPLICA] [Trace:LOG_2_19][2->1] 心跳返回 from peer:1 term:19 success:false
2025/11/03 17:32:10 [17:32:10.508] [Node:2] [LOG_REPLICA] [Trace:LOG_2_19][2->1] 日志复制返回失败，开始快速恢复 for peer:1 starting fast recovery replyLogIndex:9
2025/11/03 17:32:10 [17:32:10.510] [Node:2] [LOG_REPLICA] [Trace:LOG_2_19][2->1] 心跳返回 from peer:1 term:19 success:false
2025/11/03 17:32:10 [17:32:10.510] [Node:2] [LOG_REPLICA] [Trace:LOG_2_19][2->1] 日志复制返回失败，开始快速恢复 for peer:1 starting fast recovery replyLogIndex:9
2025/11/03 17:32:10 [17:32:10.531] [Node:2] [LOG_REPLICA] [Trace:LOG_2_19][2->1] 心跳返回 from peer:1 term:19 success:false
2025/11/03 17:32:10 [17:32:10.531] [Node:2] [LOG_REPLICA] [Trace:LOG_2_19][2->1] 日志复制返回失败，开始快速恢复 for peer:1 starting fast recovery replyLogIndex:9
2025/11/03 17:32:10 [17:32:10.556] [Node:2] [LOG_REPLICA] [Trace:LOG_2_19][2->1] 心跳返回 from peer:1 term:19 success:false
2025/11/03 17:32:10 [17:32:10.557] [Node:2] [LOG_REPLICA] [Trace:LOG_2_19][2->1] 日志复制返回失败，开始快速恢复 for peer:1 starting fast recovery replyLogIndex:9
2025/11/03 17:32:10 [17:32:10.561] [Node:2] [RPC_RECV] [Trace:CLIENT_2_1762162330561313000] 接收到日志命令:4757 isLeader:true term:19
2025/11/03 17:32:10 [17:32:10.564] [Node:2] [HEARTBEAT] [Trace:HB_2_19] 开始发送心跳广播 status LEADER term:19 commitIndex:24
2025/11/03 17:32:10 [17:32:10.569] [Node:2] [RPC_RECV] [Trace:CLIENT_2_1762162330569947000] 接收到日志命令:5501 isLeader:true term:19
2025/11/03 17:32:10 [17:32:10.578] [Node:2] [RPC_RECV] [Trace:CLIENT_2_1762162330578380000] 接收到日志命令:705 isLeader:true term:19
2025/11/03 17:32:10 [17:32:10.590] [Node:2] [RPC_RECV] [Trace:CLIENT_2_1762162330590175000] 接收到日志命令:528 isLeader:true term:19
2025/11/03 17:32:10 [17:32:10.603] [Node:2] [RPC_RECV] [Trace:CLIENT_2_1762162330603109000] 接收到日志命令:4304 isLeader:true term:19
2025/11/03 17:32:10 [17:32:10.610] [Node:2] [RPC_RECV] [Trace:CLIENT_2_1762162330610151000] 接收到日志命令:4358 isLeader:true term:19
2025/11/03 17:32:10 [17:32:10.667] [Node:2] [HEARTBEAT] [Trace:HB_2_19] 开始发送心跳广播 status LEADER term:19 commitIndex:24
2025/11/03 17:32:10 [17:32:10.768] [Node:2] [HEARTBEAT] [Trace:HB_2_19] 开始发送心跳广播 status LEADER term:19 commitIndex:24
2025/11/03 17:32:10 [17:32:10.811] [Node:2] [RPC_RECV] [Trace:CLIENT_2_1762162330811037000] 接收到日志命令:8941 isLeader:true term:19
2025/11/03 17:32:10 [17:32:10.815] [Node:2] [RPC_RECV] [Trace:CLIENT_2_1762162330815247000] 接收到日志命令:1994 isLeader:true term:19
2025/11/03 17:32:10 [17:32:10.820] [Node:2] [RPC_RECV] [Trace:CLIENT_2_1762162330820522000] 接收到日志命令:411 isLeader:true term:19
2025/11/03 17:32:10 [17:32:10.826] [Node:2] [RPC_RECV] [Trace:ELEC_1_20][1->2] RequestVote 接受 term:20 candidateId:1 lastLogIndex:2 lastLogTerm:4 currentTerm:19 status:LEADER
2025/11/03 17:32:10 [17:32:10.826] [Node:2] [INFO] [STATE_CHANGE] LEADER->FOLLOWER term:19 reason:降级成follower
2025/11/03 17:32:10 [17:32:10.827] [Node:2] [RPC_RECV] [Trace:ELEC_1_20][1->2] 投票信息 votedFor:-1 lastLogTerm:19 lastLogIndex:43
2025/11/03 17:32:10 [17:32:10.827] [Node:2] [RPC_RECV] [Trace:ELEC_1_20][1->2] 投票失败兜底 candidate:1 term:20
2025/11/03 17:32:10 [17:32:10.831] [Node:2] [RPC_RECV] [Trace:CLIENT_2_1762162330831687000] 接收到日志命令:1793 isLeader:false term:20
2025/11/03 17:32:10 [17:32:10.836] [Node:2] [RPC_RECV] [Trace:CLIENT_2_1762162330836759000] 接收到日志命令:9075 isLeader:false term:20
2025/11/03 17:32:10 [17:32:10.847] [Node:2] [RPC_RECV] [Trace:CLIENT_2_1762162330847613000] 接收到日志命令:90 isLeader:false term:20
2025/11/03 17:32:10 [17:32:10.861] [Node:2] [RPC_RECV] [Trace:CLIENT_2_1762162330861781000] 接收到日志命令:3421 isLeader:false term:20
2025/11/03 17:32:10 [17:32:10.869] [Node:2] [RPC_RECV] [Trace:CLIENT_2_1762162330869012000] 接收到日志命令:4275 isLeader:false term:20
2025/11/03 17:32:10 [17:32:10.869] [Node:2] [HEARTBEAT] [Trace:HB_2_20] Follower等心跳 status FOLLOWER term:20 commitIndex:24
2025/11/03 17:32:10 [17:32:10.876] [Node:2] [RPC_RECV] [Trace:CLIENT_2_1762162330876959000] 接收到日志命令:2349 isLeader:false term:20
2025/11/03 17:32:10 [17:32:10.883] [Node:2] [RPC_RECV] [Trace:CLIENT_2_1762162330883515000] 接收到日志命令:6176 isLeader:false term:20
2025/11/03 17:32:10 [17:32:10.895] [Node:2] [RPC_RECV] [Trace:CLIENT_2_1762162330895100000] 接收到日志命令:2675 isLeader:false term:20
2025/11/03 17:32:10 [17:32:10.904] [Node:2] [RPC_RECV] [Trace:CLIENT_2_1762162330904972000] 接收到日志命令:6695 isLeader:false term:20
2025/11/03 17:32:10 [17:32:10.905] [Node:2] [RPC_RECV] [Trace:ELEC_4_21][4->2] RequestVote 接受 term:21 candidateId:4 lastLogIndex:35 lastLogTerm:19 currentTerm:20 status:FOLLOWER
2025/11/03 17:32:10 [17:32:10.905] [Node:2] [INFO] [STATE_CHANGE] FOLLOWER->FOLLOWER term:20 reason:降级成follower
2025/11/03 17:32:10 [17:32:10.905] [Node:2] [RPC_RECV] [Trace:ELEC_4_21][4->2] 投票信息 votedFor:-1 lastLogTerm:19 lastLogIndex:43
2025/11/03 17:32:10 [17:32:10.905] [Node:2] [RPC_RECV] [Trace:ELEC_4_21][4->2] 投票失败兜底 candidate:4 term:21
2025/11/03 17:32:10 [17:32:10.913] [Node:2] [RPC_RECV] [Trace:CLIENT_2_1762162330913273000] 接收到日志命令:5305 isLeader:false term:21
2025/11/03 17:32:10 [17:32:10.922] [Node:2] [RPC_RECV] [Trace:CLIENT_2_1762162330922715000] 接收到日志命令:1094 isLeader:false term:21
2025/11/03 17:32:10 [17:32:10.940] [Node:2] [RPC_RECV] [Trace:CLIENT_2_1762162330940141000] 接收到日志命令:8357 isLeader:false term:21
2025/11/03 17:32:10 [17:32:10.953] [Node:2] [RPC_RECV] [Trace:CLIENT_2_1762162330953694000] 接收到日志命令:7639 isLeader:false term:21
2025/11/03 17:32:10 [17:32:10.967] [Node:2] [RPC_RECV] [Trace:CLIENT_2_1762162330967790000] 接收到日志命令:1115 isLeader:false term:21
2025/11/03 17:32:10 [17:32:10.971] [Node:2] [HEARTBEAT] [Trace:HB_2_21] Follower等心跳 status FOLLOWER term:21 commitIndex:24
2025/11/03 17:32:10 [17:32:10.976] [Node:2] [RPC_RECV] [Trace:CLIENT_2_1762162330976547000] 接收到日志命令:2339 isLeader:false term:21
2025/11/03 17:32:10 [17:32:10.984] [Node:2] [RPC_RECV] [Trace:CLIENT_2_1762162330984834000] 接收到日志命令:8098 isLeader:false term:21
2025/11/03 17:32:10 [17:32:10.991] [Node:2] [RPC_RECV] [Trace:CLIENT_2_1762162330991090000] 接收到日志命令:7466 isLeader:false term:21
2025/11/03 17:32:11 [17:32:11.006] [Node:2] [RPC_RECV] [Trace:CLIENT_2_1762162331006351000] 接收到日志命令:8891 isLeader:false term:21
2025/11/03 17:32:11 [17:32:11.017] [Node:2] [RPC_RECV] [Trace:CLIENT_2_1762162331017877000] 接收到日志命令:9591 isLeader:false term:21
2025/11/03 17:32:11 [17:32:11.022] [Node:2] [RPC_RECV] [Trace:CLIENT_2_1762162331022341000] 接收到日志命令:1983 isLeader:false term:21
2025/11/03 17:32:11 [17:32:11.030] [Node:2] [RPC_RECV] [Trace:CLIENT_2_1762162331030062000] 接收到日志命令:6713 isLeader:false term:21
2025/11/03 17:32:11 [17:32:11.033] [Node:2] [INFO] [STATE_CHANGE] FOLLOWER->FOLLOWER term:21 reason:变成Candidate
2025/11/03 17:32:11 [17:32:11.033] [Node:2] [TIMER_EVENT] [Trace:TIMER_2] 超时选举 since:264.696625ms threshold:253.595195ms
2025/11/03 17:32:11 [17:32:11.033] [Node:2] [RPC_SEND] [Trace:ELEC_2_22] 发送选举请求
2025/11/03 17:32:11 [17:32:11.033] [Node:2] [RPC_SEND] [Trace:ELEC_2_22] 发送选举请求
2025/11/03 17:32:11 [17:32:11.033] [Node:2] [RPC_SEND] [Trace:ELEC_2_22] 发送选举请求
2025/11/03 17:32:11 [17:32:11.033] [Node:2] [RPC_SEND] [Trace:ELEC_2_22] 发送选举请求
2025/11/03 17:32:11 [17:32:11.034] [Node:2] [RPC_RECV] [Trace:CLIENT_2_1762162331034631000] 接收到日志命令:5113 isLeader:false term:22
2025/11/03 17:32:11 [17:32:11.046] [Node:2] [RPC_SEND] [Trace:ELEC_2_22] 处理投票返回 for term 22 reply:{22 true}
2025/11/03 17:32:11 [17:32:11.050] [Node:2] [RPC_RECV] [Trace:CLIENT_2_1762162331050125000] 接收到日志命令:7702 isLeader:false term:22
2025/11/03 17:32:11 [17:32:11.057] [Node:2] [RPC_RECV] [Trace:CLIENT_2_1762162331057586000] 接收到日志命令:2301 isLeader:false term:22
2025/11/03 17:32:11 [17:32:11.071] [Node:2] [HEARTBEAT] [Trace:HB_2_22] Follower等心跳 status CANDIDATE term:22 commitIndex:24
2025/11/03 17:32:11 [17:32:11.075] [Node:2] [RPC_RECV] [Trace:CLIENT_2_1762162331075324000] 接收到日志命令:2719 isLeader:false term:22
2025/11/03 17:32:11 [17:32:11.080] [Node:2] [RPC_RECV] [Trace:CLIENT_2_1762162331080569000] 接收到日志命令:2268 isLeader:false term:22
2025/11/03 17:32:11 [17:32:11.096] [Node:2] [RPC_RECV] [Trace:CLIENT_2_1762162331096378000] 接收到日志命令:1307 isLeader:false term:22
2025/11/03 17:32:11 [17:32:11.107] [Node:2] [RPC_RECV] [Trace:CLIENT_2_1762162331107900000] 接收到日志命令:1611 isLeader:false term:22
2025/11/03 17:32:11 [17:32:11.121] [Node:2] [RPC_RECV] [Trace:CLIENT_2_1762162331121400000] 接收到日志命令:2057 isLeader:false term:22
2025/11/03 17:32:11 [17:32:11.173] [Node:2] [HEARTBEAT] [Trace:HB_2_22] Follower等心跳 status CANDIDATE term:22 commitIndex:24
2025/11/03 17:32:11 [17:32:11.281] [Node:2] [HEARTBEAT] [Trace:HB_2_22] Follower等心跳 status CANDIDATE term:22 commitIndex:24
2025/11/03 17:32:11 [17:32:11.295] [Node:2] [RPC_RECV] [Trace:ELEC_1_23][1->2] RequestVote 接受 term:23 candidateId:1 lastLogIndex:2 lastLogTerm:4 currentTerm:22 status:CANDIDATE
2025/11/03 17:32:11 [17:32:11.295] [Node:2] [INFO] [STATE_CHANGE] CANDIDATE->FOLLOWER term:22 reason:降级成follower
2025/11/03 17:32:11 [17:32:11.295] [Node:2] [RPC_RECV] [Trace:ELEC_1_23][1->2] 投票信息 votedFor:-1 lastLogTerm:19 lastLogIndex:43
2025/11/03 17:32:11 [17:32:11.295] [Node:2] [RPC_RECV] [Trace:ELEC_1_23][1->2] 投票失败兜底 candidate:1 term:23
2025/11/03 17:32:11 [17:32:11.327] [Node:2] [RPC_RECV] [Trace:ELEC_4_24][4->2] RequestVote 接受 term:24 candidateId:4 lastLogIndex:35 lastLogTerm:19 currentTerm:23 status:FOLLOWER
2025/11/03 17:32:11 [17:32:11.328] [Node:2] [INFO] [STATE_CHANGE] FOLLOWER->FOLLOWER term:23 reason:降级成follower
2025/11/03 17:32:11 [17:32:11.329] [Node:2] [RPC_RECV] [Trace:ELEC_4_24][4->2] 投票信息 votedFor:-1 lastLogTerm:19 lastLogIndex:43
2025/11/03 17:32:11 [17:32:11.329] [Node:2] [RPC_RECV] [Trace:ELEC_4_24][4->2] 投票失败兜底 candidate:4 term:24
2025/11/03 17:32:11 [17:32:11.333] [Node:2] [INFO] [STATE_CHANGE] FOLLOWER->FOLLOWER term:24 reason:变成Candidate
2025/11/03 17:32:11 [17:32:11.333] [Node:2] [TIMER_EVENT] [Trace:TIMER_2] 超时选举 since:299.883625ms threshold:210.915841ms
2025/11/03 17:32:11 [17:32:11.333] [Node:2] [RPC_SEND] [Trace:ELEC_2_25] 发送选举请求
2025/11/03 17:32:11 [17:32:11.333] [Node:2] [RPC_SEND] [Trace:ELEC_2_25] 发送选举请求
2025/11/03 17:32:11 [17:32:11.334] [Node:2] [RPC_SEND] [Trace:ELEC_2_25] 发送选举请求
2025/11/03 17:32:11 [17:32:11.333] [Node:2] [RPC_SEND] [Trace:ELEC_2_25] 发送选举请求
2025/11/03 17:32:11 [17:32:11.381] [Node:2] [HEARTBEAT] [Trace:HB_2_25] Follower等心跳 status CANDIDATE term:25 commitIndex:24
2025/11/03 17:32:11 [17:32:11.481] [Node:2] [HEARTBEAT] [Trace:HB_2_25] Follower等心跳 status CANDIDATE term:25 commitIndex:24
2025/11/03 17:32:11 [17:32:11.548] [Node:2] [RPC_RECV] [Trace:CLIENT_2_1762162331547998000] 接收到日志命令:5313 isLeader:false term:25
2025/11/03 17:32:11 [17:32:11.563] [Node:2] [RPC_RECV] [Trace:CLIENT_2_1762162331563919000] 接收到日志命令:277 isLeader:false term:25
2025/11/03 17:32:11 [17:32:11.578] [Node:2] [RPC_RECV] [Trace:CLIENT_2_1762162331578340000] 接收到日志命令:5221 isLeader:false term:25
2025/11/03 17:32:11 [17:32:11.582] [Node:2] [HEARTBEAT] [Trace:HB_2_25] Follower等心跳 status CANDIDATE term:25 commitIndex:24
2025/11/03 17:32:11 [17:32:11.588] [Node:2] [RPC_RECV] [Trace:CLIENT_2_1762162331588533000] 接收到日志命令:3637 isLeader:false term:25
2025/11/03 17:32:11 [17:32:11.601] [Node:2] [RPC_RECV] [Trace:CLIENT_2_1762162331601866000] 接收到日志命令:5044 isLeader:false term:25
2025/11/03 17:32:11 [17:32:11.611] [Node:2] [RPC_RECV] [Trace:CLIENT_2_1762162331611509000] 接收到日志命令:1297 isLeader:false term:25
2025/11/03 17:32:11 [17:32:11.621] [Node:2] [RPC_RECV] [Trace:CLIENT_2_1762162331621560000] 接收到日志命令:9011 isLeader:false term:25
2025/11/03 17:32:11 [17:32:11.623] [Node:2] [RPC_RECV] [Trace:ELEC_1_26][1->2] RequestVote 接受 term:26 candidateId:1 lastLogIndex:2 lastLogTerm:4 currentTerm:25 status:CANDIDATE
2025/11/03 17:32:11 [17:32:11.623] [Node:2] [INFO] [STATE_CHANGE] CANDIDATE->FOLLOWER term:25 reason:降级成follower
2025/11/03 17:32:11 [17:32:11.624] [Node:2] [RPC_RECV] [Trace:ELEC_1_26][1->2] 投票信息 votedFor:-1 lastLogTerm:19 lastLogIndex:43
2025/11/03 17:32:11 [17:32:11.624] [Node:2] [RPC_RECV] [Trace:ELEC_1_26][1->2] 投票失败兜底 candidate:1 term:26
2025/11/03 17:32:11 [17:32:11.631] [Node:2] [RPC_RECV] [Trace:CLIENT_2_1762162331631810000] 接收到日志命令:2862 isLeader:false term:26
2025/11/03 17:32:11 [17:32:11.639] [Node:2] [INFO] [STATE_CHANGE] FOLLOWER->FOLLOWER term:26 reason:变成Candidate
2025/11/03 17:32:11 [17:32:11.639] [Node:2] [TIMER_EVENT] [Trace:TIMER_2] 超时选举 since:306.187333ms threshold:270.0866ms
2025/11/03 17:32:11 [17:32:11.640] [Node:2] [RPC_SEND] [Trace:ELEC_2_27] 发送选举请求
2025/11/03 17:32:11 [17:32:11.640] [Node:2] [RPC_SEND] [Trace:ELEC_2_27] 发送选举请求
2025/11/03 17:32:11 [17:32:11.640] [Node:2] [RPC_SEND] [Trace:ELEC_2_27] 发送选举请求
2025/11/03 17:32:11 [17:32:11.640] [Node:2] [RPC_SEND] [Trace:ELEC_2_27] 发送选举请求
2025/11/03 17:32:11 [17:32:11.647] [Node:2] [RPC_RECV] [Trace:ELEC_4_27][4->2] RequestVote 接受 term:27 candidateId:4 lastLogIndex:35 lastLogTerm:19 currentTerm:27 status:CANDIDATE
2025/11/03 17:32:11 [17:32:11.647] [Node:2] [RPC_RECV] [Trace:ELEC_4_27][4->2] 投票信息 votedFor:2 lastLogTerm:19 lastLogIndex:43
2025/11/03 17:32:11 [17:32:11.647] [Node:2] [RPC_RECV] [Trace:ELEC_4_27][4->2] 投票失败兜底 candidate:4 term:27
2025/11/03 17:32:11 [17:32:11.648] [Node:2] [RPC_RECV] [Trace:CLIENT_2_1762162331648287000] 接收到日志命令:2477 isLeader:false term:27
2025/11/03 17:32:11 [17:32:11.654] [Node:2] [RPC_SEND] [Trace:ELEC_2_25] 处理投票返回 for term 25 reply:{25 true}
2025/11/03 17:32:11 [17:32:11.660] [Node:2] [RPC_RECV] [Trace:CLIENT_2_1762162331660921000] 接收到日志命令:7716 isLeader:false term:27
2025/11/03 17:32:11 [17:32:11.664] [Node:2] [RPC_RECV] [Trace:CLIENT_2_1762162331664598000] 接收到日志命令:245 isLeader:false term:27
2025/11/03 17:32:11 [17:32:11.671] [Node:2] [RPC_RECV] [Trace:CLIENT_2_1762162331671673000] 接收到日志命令:5795 isLeader:false term:27
2025/11/03 17:32:11 [17:32:11.682] [Node:2] [HEARTBEAT] [Trace:HB_2_27] Follower等心跳 status CANDIDATE term:27 commitIndex:24
2025/11/03 17:32:11 [17:32:11.686] [Node:2] [RPC_RECV] [Trace:CLIENT_2_1762162331686984000] 接收到日志命令:4686 isLeader:false term:27
2025/11/03 17:32:11 [17:32:11.694] [Node:2] [RPC_RECV] [Trace:CLIENT_2_1762162331694585000] 接收到日志命令:9734 isLeader:false term:27
2025/11/03 17:32:11 [17:32:11.700] [Node:2] [RPC_RECV] [Trace:CLIENT_2_1762162331700484000] 接收到日志命令:7679 isLeader:false term:27
2025/11/03 17:32:11 [17:32:11.707] [Node:2] [RPC_RECV] [Trace:CLIENT_2_1762162331707414000] 接收到日志命令:7893 isLeader:false term:27
2025/11/03 17:32:11 [17:32:11.714] [Node:2] [RPC_RECV] [Trace:CLIENT_2_1762162331714311000] 接收到日志命令:1615 isLeader:false term:27
2025/11/03 17:32:11 [17:32:11.727] [Node:2] [RPC_RECV] [Trace:CLIENT_2_1762162331727753000] 接收到日志命令:3245 isLeader:false term:27
2025/11/03 17:32:11 [17:32:11.740] [Node:2] [RPC_RECV] [Trace:CLIENT_2_1762162331740254000] 接收到日志命令:6831 isLeader:false term:27
2025/11/03 17:32:11 [17:32:11.754] [Node:2] [RPC_RECV] [Trace:CLIENT_2_1762162331754097000] 接收到日志命令:4453 isLeader:false term:27
2025/11/03 17:32:11 [17:32:11.757] [Node:2] [RPC_RECV] [Trace:CLIENT_2_1762162331757761000] 接收到日志命令:8766 isLeader:false term:27
2025/11/03 17:32:11 [17:32:11.764] [Node:2] [RPC_RECV] [Trace:CLIENT_2_1762162331764475000] 接收到日志命令:7291 isLeader:false term:27
2025/11/03 17:32:11 [17:32:11.768] [Node:2] [RPC_RECV] [Trace:CLIENT_2_1762162331768958000] 接收到日志命令:6226 isLeader:false term:27
2025/11/03 17:32:11 [17:32:11.775] [Node:2] [RPC_RECV] [Trace:CLIENT_2_1762162331775638000] 接收到日志命令:9833 isLeader:false term:27
2025/11/03 17:32:11 [17:32:11.783] [Node:2] [HEARTBEAT] [Trace:HB_2_27] Follower等心跳 status CANDIDATE term:27 commitIndex:24
2025/11/03 17:32:11 [17:32:11.791] [Node:2] [RPC_RECV] [Trace:CLIENT_2_1762162331791446000] 接收到日志命令:6017 isLeader:false term:27
2025/11/03 17:32:11 [17:32:11.797] [Node:2] [RPC_RECV] [Trace:CLIENT_2_1762162331796995000] 接收到日志命令:8897 isLeader:false term:27
2025/11/03 17:32:11 [17:32:11.810] [Node:2] [RPC_RECV] [Trace:CLIENT_2_1762162331810779000] 接收到日志命令:597 isLeader:false term:27
2025/11/03 17:32:11 [17:32:11.818] [Node:2] [RPC_RECV] [Trace:CLIENT_2_1762162331818412000] 接收到日志命令:764 isLeader:false term:27
2025/11/03 17:32:11 [17:32:11.825] [Node:2] [RPC_RECV] [Trace:CLIENT_2_1762162331825117000] 接收到日志命令:7656 isLeader:false term:27
2025/11/03 17:32:11 [17:32:11.830] [Node:2] [RPC_RECV] [Trace:CLIENT_2_1762162331830397000] 接收到日志命令:1770 isLeader:false term:27
2025/11/03 17:32:11 [17:32:11.837] [Node:2] [RPC_RECV] [Trace:CLIENT_2_1762162331837757000] 接收到日志命令:1894 isLeader:false term:27
2025/11/03 17:32:11 [17:32:11.838] [Node:2] [RPC_SEND] [Trace:ELEC_2_22] 处理投票返回 for term 22 reply:{22 true}
2025/11/03 17:32:11 [17:32:11.840] [Node:2] [RPC_RECV] [Trace:CLIENT_2_1762162331840571000] 接收到日志命令:6244 isLeader:false term:27
2025/11/03 17:32:11 [17:32:11.848] [Node:2] [RPC_RECV] [Trace:CLIENT_2_1762162331848566000] 接收到日志命令:7667 isLeader:false term:27
2025/11/03 17:32:11 [17:32:11.853] [Node:2] [RPC_RECV] [Trace:CLIENT_2_1762162331853252000] 接收到日志命令:7401 isLeader:false term:27
2025/11/03 17:32:11 [17:32:11.883] [Node:2] [HEARTBEAT] [Trace:HB_2_27] Follower等心跳 status CANDIDATE term:27 commitIndex:24
2025/11/03 17:32:11 [17:32:11.898] [Node:2] [RPC_RECV] [Trace:ELEC_4_28][4->2] RequestVote 接受 term:28 candidateId:4 lastLogIndex:35 lastLogTerm:19 currentTerm:27 status:CANDIDATE
2025/11/03 17:32:11 [17:32:11.898] [Node:2] [INFO] [STATE_CHANGE] CANDIDATE->FOLLOWER term:27 reason:降级成follower
2025/11/03 17:32:11 [17:32:11.898] [Node:2] [RPC_RECV] [Trace:ELEC_4_28][4->2] 投票信息 votedFor:-1 lastLogTerm:19 lastLogIndex:43
2025/11/03 17:32:11 [17:32:11.898] [Node:2] [RPC_RECV] [Trace:ELEC_4_28][4->2] 投票失败兜底 candidate:4 term:28
2025/11/03 17:32:11 [17:32:11.972] [Node:2] [RPC_RECV] [Trace:CLIENT_2_1762162331972473000] 接收到日志命令:3173 isLeader:false term:28
2025/11/03 17:32:11 [17:32:11.981] [Node:2] [RPC_RECV] [Trace:CLIENT_2_1762162331981918000] 接收到日志命令:2489 isLeader:false term:28
2025/11/03 17:32:11 [17:32:11.984] [Node:2] [HEARTBEAT] [Trace:HB_2_28] Follower等心跳 status FOLLOWER term:28 commitIndex:24
2025/11/03 17:32:11 [17:32:11.987] [Node:2] [RPC_RECV] [Trace:CLIENT_2_1762162331987433000] 接收到日志命令:1851 isLeader:false term:28
2025/11/03 17:32:11 [17:32:11.996] [Node:2] [RPC_RECV] [Trace:CLIENT_2_1762162331996166000] 接收到日志命令:9201 isLeader:false term:28
2025/11/03 17:32:12 [17:32:12.009] [Node:2] [RPC_RECV] [Trace:CLIENT_2_1762162332009903000] 接收到日志命令:4276 isLeader:false term:28
2025/11/03 17:32:12 [17:32:12.010] [Node:2] [INFO] [STATE_CHANGE] FOLLOWER->FOLLOWER term:28 reason:变成Candidate
2025/11/03 17:32:12 [17:32:12.010] [Node:2] [TIMER_EVENT] [Trace:TIMER_2] 超时选举 since:370.755375ms threshold:243.792186ms
2025/11/03 17:32:12 [17:32:12.010] [Node:2] [RPC_SEND] [Trace:ELEC_2_29] 发送选举请求
2025/11/03 17:32:12 [17:32:12.010] [Node:2] [RPC_SEND] [Trace:ELEC_2_29] 发送选举请求
2025/11/03 17:32:12 [17:32:12.010] [Node:2] [RPC_SEND] [Trace:ELEC_2_29] 发送选举请求
2025/11/03 17:32:12 [17:32:12.010] [Node:2] [RPC_SEND] [Trace:ELEC_2_29] 发送选举请求
2025/11/03 17:32:12 [17:32:12.021] [Node:2] [RPC_SEND] [Trace:ELEC_2_27] 处理投票返回 for term 27 reply:{27 false}
2025/11/03 17:32:12 [17:32:12.024] [Node:2] [RPC_RECV] [Trace:CLIENT_2_1762162332024737000] 接收到日志命令:9293 isLeader:false term:29
2025/11/03 17:32:12 [17:32:12.029] [Node:2] [RPC_SEND] [Trace:ELEC_2_29] 处理投票返回 for term 29 reply:{29 true}
2025/11/03 17:32:12 [17:32:12.037] [Node:2] [RPC_RECV] [Trace:CLIENT_2_1762162332037490000] 接收到日志命令:9720 isLeader:false term:29
2025/11/03 17:32:12 [17:32:12.042] [Node:2] [RPC_RECV] [Trace:CLIENT_2_1762162332042694000] 接收到日志命令:6588 isLeader:false term:29
2025/11/03 17:32:12 [17:32:12.055] [Node:2] [RPC_RECV] [Trace:CLIENT_2_1762162332055792000] 接收到日志命令:6119 isLeader:false term:29
2025/11/03 17:32:12 [17:32:12.073] [Node:2] [RPC_RECV] [Trace:CLIENT_2_1762162332073489000] 接收到日志命令:4505 isLeader:false term:29
2025/11/03 17:32:12 [17:32:12.084] [Node:2] [HEARTBEAT] [Trace:HB_2_29] Follower等心跳 status CANDIDATE term:29 commitIndex:24
2025/11/03 17:32:12 [17:32:12.086] [Node:2] [RPC_RECV] [Trace:CLIENT_2_1762162332086913000] 接收到日志命令:1325 isLeader:false term:29
2025/11/03 17:32:12 [17:32:12.094] [Node:2] [RPC_RECV] [Trace:CLIENT_2_1762162332094651000] 接收到日志命令:7931 isLeader:false term:29
2025/11/03 17:32:12 [17:32:12.106] [Node:2] [RPC_RECV] [Trace:CLIENT_2_1762162332106664000] 接收到日志命令:5900 isLeader:false term:29
2025/11/03 17:32:12 [17:32:12.112] [Node:2] [RPC_RECV] [Trace:CLIENT_2_1762162332112752000] 接收到日志命令:1746 isLeader:false term:29
2025/11/03 17:32:12 [17:32:12.123] [Node:2] [RPC_RECV] [Trace:CLIENT_2_1762162332123566000] 接收到日志命令:982 isLeader:false term:29
2025/11/03 17:32:12 [17:32:12.126] [Node:2] [RPC_RECV] [Trace:CLIENT_2_1762162332126693000] 接收到日志命令:1663 isLeader:false term:29
2025/11/03 17:32:12 [17:32:12.134] [Node:2] [RPC_RECV] [Trace:CLIENT_2_1762162332134369000] 接收到日志命令:9332 isLeader:false term:29
2025/11/03 17:32:12 [17:32:12.147] [Node:2] [RPC_RECV] [Trace:CLIENT_2_1762162332147099000] 接收到日志命令:5867 isLeader:false term:29
2025/11/03 17:32:12 [17:32:12.163] [Node:2] [RPC_RECV] [Trace:CLIENT_2_1762162332163055000] 接收到日志命令:1541 isLeader:false term:29
2025/11/03 17:32:12 [17:32:12.166] [Node:2] [RPC_RECV] [Trace:CLIENT_2_1762162332166094000] 接收到日志命令:7348 isLeader:false term:29
2025/11/03 17:32:12 [17:32:12.183] [Node:2] [RPC_RECV] [Trace:CLIENT_2_1762162332183994000] 接收到日志命令:7992 isLeader:false term:29
2025/11/03 17:32:12 [17:32:12.185] [Node:2] [HEARTBEAT] [Trace:HB_2_29] Follower等心跳 status CANDIDATE term:29 commitIndex:24
2025/11/03 17:32:12 [17:32:12.190] [Node:2] [RPC_RECV] [Trace:CLIENT_2_1762162332190849000] 接收到日志命令:278 isLeader:false term:29
2025/11/03 17:32:12 [17:32:12.205] [Node:2] [RPC_RECV] [Trace:CLIENT_2_1762162332205847000] 接收到日志命令:1909 isLeader:false term:29
2025/11/03 17:32:12 [17:32:12.214] [Node:2] [RPC_RECV] [Trace:CLIENT_2_1762162332214587000] 接收到日志命令:8943 isLeader:false term:29
2025/11/03 17:32:12 [17:32:12.216] [Node:2] [RPC_RECV] [Trace:CLIENT_2_1762162332216798000] 接收到日志命令:9050 isLeader:false term:29
2025/11/03 17:32:12 [17:32:12.223] [Node:2] [RPC_RECV] [Trace:CLIENT_2_1762162332223291000] 接收到日志命令:8940 isLeader:false term:29
2025/11/03 17:32:12 [17:32:12.262] [Node:2] [INFO] [STATE_CHANGE] CANDIDATE->FOLLOWER term:29 reason:变成Candidate
2025/11/03 17:32:12 [17:32:12.262] [Node:2] [TIMER_EVENT] [Trace:TIMER_2] 超时选举 since:251.143459ms threshold:208.352098ms
2025/11/03 17:32:12 [17:32:12.262] [Node:2] [RPC_SEND] [Trace:ELEC_2_30] 发送选举请求
2025/11/03 17:32:12 [17:32:12.262] [Node:2] [RPC_SEND] [Trace:ELEC_2_30] 发送选举请求
2025/11/03 17:32:12 [17:32:12.262] [Node:2] [RPC_SEND] [Trace:ELEC_2_30] 发送选举请求
2025/11/03 17:32:12 [17:32:12.263] [Node:2] [RPC_SEND] [Trace:ELEC_2_30] 发送选举请求
2025/11/03 17:32:12 [17:32:12.285] [Node:2] [HEARTBEAT] [Trace:HB_2_30] Follower等心跳 status CANDIDATE term:30 commitIndex:24
2025/11/03 17:32:12 [17:32:12.295] [Node:2] [RPC_RECV] [Trace:ELEC_1_30][1->2] RequestVote 接受 term:30 candidateId:1 lastLogIndex:2 lastLogTerm:4 currentTerm:30 status:CANDIDATE
2025/11/03 17:32:12 [17:32:12.295] [Node:2] [RPC_RECV] [Trace:ELEC_1_30][1->2] 投票信息 votedFor:2 lastLogTerm:19 lastLogIndex:43
2025/11/03 17:32:12 [17:32:12.295] [Node:2] [RPC_RECV] [Trace:ELEC_1_30][1->2] 投票失败兜底 candidate:1 term:30
2025/11/03 17:32:12 [17:32:12.386] [Node:2] [HEARTBEAT] [Trace:HB_2_30] Follower等心跳 status CANDIDATE term:30 commitIndex:24
2025/11/03 17:32:12 [17:32:12.449] [Node:2] [RPC_SEND] [Trace:ELEC_2_27] 处理投票返回 for term 27 reply:{27 false}
2025/11/03 17:32:12 [17:32:12.477] [Node:2] [RPC_RECV] [Trace:CLIENT_2_1762162332477314000] 接收到日志命令:3688 isLeader:false term:30
2025/11/03 17:32:12 [17:32:12.486] [Node:2] [HEARTBEAT] [Trace:HB_2_30] Follower等心跳 status CANDIDATE term:30 commitIndex:24
2025/11/03 17:32:12 [17:32:12.486] [Node:2] [RPC_RECV] [Trace:CLIENT_2_1762162332486629000] 接收到日志命令:9351 isLeader:false term:30
2025/11/03 17:32:12 [17:32:12.492] [Node:2] [RPC_RECV] [Trace:CLIENT_2_1762162332492455000] 接收到日志命令:4525 isLeader:false term:30
2025/11/03 17:32:12 [17:32:12.498] [Node:2] [RPC_SEND] [Trace:ELEC_2_25] 处理投票返回 for term 25 reply:{25 true}
2025/11/03 17:32:12 [17:32:12.506] [Node:2] [RPC_RECV] [Trace:CLIENT_2_1762162332506965000] 接收到日志命令:8262 isLeader:false term:30
2025/11/03 17:32:12 [17:32:12.577] [Node:2] [INFO] [STATE_CHANGE] CANDIDATE->FOLLOWER term:30 reason:变成Candidate
2025/11/03 17:32:12 [17:32:12.577] [Node:2] [TIMER_EVENT] [Trace:TIMER_2] 超时选举 since:315.030125ms threshold:255.661985ms
2025/11/03 17:32:12 [17:32:12.577] [Node:2] [RPC_SEND] [Trace:ELEC_2_31] 发送选举请求
2025/11/03 17:32:12 [17:32:12.577] [Node:2] [RPC_SEND] [Trace:ELEC_2_31] 发送选举请求
2025/11/03 17:32:12 [17:32:12.577] [Node:2] [RPC_SEND] [Trace:ELEC_2_31] 发送选举请求
2025/11/03 17:32:12 [17:32:12.577] [Node:2] [RPC_SEND] [Trace:ELEC_2_31] 发送选举请求
2025/11/03 17:32:12 [17:32:12.586] [Node:2] [HEARTBEAT] [Trace:HB_2_31] Follower等心跳 status CANDIDATE term:31 commitIndex:24
2025/11/03 17:32:12 [17:32:12.609] [Node:2] [RPC_RECV] [Trace:ELEC_4_31][4->2] RequestVote 接受 term:31 candidateId:4 lastLogIndex:35 lastLogTerm:19 currentTerm:31 status:CANDIDATE
2025/11/03 17:32:12 [17:32:12.609] [Node:2] [RPC_RECV] [Trace:ELEC_4_31][4->2] 投票信息 votedFor:2 lastLogTerm:19 lastLogIndex:43
2025/11/03 17:32:12 [17:32:12.609] [Node:2] [RPC_RECV] [Trace:ELEC_4_31][4->2] 投票失败兜底 candidate:4 term:31
2025/11/03 17:32:12 [17:32:12.686] [Node:2] [HEARTBEAT] [Trace:HB_2_31] Follower等心跳 status CANDIDATE term:31 commitIndex:24
2025/11/03 17:32:12 [17:32:12.790] [Node:2] [HEARTBEAT] [Trace:HB_2_31] Follower等心跳 status CANDIDATE term:31 commitIndex:24
2025/11/03 17:32:12 [17:32:12.829] [Node:2] [RPC_RECV] [Trace:ELEC_1_32][1->2] RequestVote 接受 term:32 candidateId:1 lastLogIndex:2 lastLogTerm:4 currentTerm:31 status:CANDIDATE
2025/11/03 17:32:12 [17:32:12.829] [Node:2] [INFO] [STATE_CHANGE] CANDIDATE->FOLLOWER term:31 reason:降级成follower
2025/11/03 17:32:12 [17:32:12.830] [Node:2] [RPC_RECV] [Trace:ELEC_1_32][1->2] 投票信息 votedFor:-1 lastLogTerm:19 lastLogIndex:43
2025/11/03 17:32:12 [17:32:12.830] [Node:2] [RPC_RECV] [Trace:ELEC_1_32][1->2] 投票失败兜底 candidate:1 term:32
2025/11/03 17:32:12 [17:32:12.839] [Node:2] [INFO] [STATE_CHANGE] FOLLOWER->FOLLOWER term:32 reason:变成Candidate
2025/11/03 17:32:12 [17:32:12.839] [Node:2] [TIMER_EVENT] [Trace:TIMER_2] 超时选举 since:261.176084ms threshold:239.966124ms
2025/11/03 17:32:12 [17:32:12.839] [Node:2] [RPC_SEND] [Trace:ELEC_2_33] 发送选举请求
2025/11/03 17:32:12 [17:32:12.839] [Node:2] [RPC_SEND] [Trace:ELEC_2_33] 发送选举请求
2025/11/03 17:32:12 [17:32:12.839] [Node:2] [RPC_SEND] [Trace:ELEC_2_33] 发送选举请求
2025/11/03 17:32:12 [17:32:12.839] [Node:2] [RPC_SEND] [Trace:ELEC_2_33] 发送选举请求
2025/11/03 17:32:12 [17:32:12.860] [Node:2] [RPC_SEND] [Trace:ELEC_2_30] 处理投票返回 for term 30 reply:{30 true}
2025/11/03 17:32:12 [17:32:12.861] [Node:2] [RPC_SEND] [Trace:ELEC_2_33] 处理投票返回 for term 33 reply:{33 true}
2025/11/03 17:32:12 [17:32:12.890] [Node:2] [HEARTBEAT] [Trace:HB_2_33] Follower等心跳 status CANDIDATE term:33 commitIndex:24
2025/11/03 17:32:12 [17:32:12.933] [Node:2] [RPC_RECV] [Trace:CLIENT_2_1762162332933629000] 接收到日志命令:3350 isLeader:false term:33
2025/11/03 17:32:12 [17:32:12.949] [Node:2] [RPC_RECV] [Trace:CLIENT_2_1762162332949338000] 接收到日志命令:1802 isLeader:false term:33
2025/11/03 17:32:12 [17:32:12.953] [Node:2] [RPC_RECV] [Trace:CLIENT_2_1762162332953020000] 接收到日志命令:2171 isLeader:false term:33
2025/11/03 17:32:12 [17:32:12.974] [Node:2] [RPC_RECV] [Trace:CLIENT_2_1762162332974859000] 接收到日志命令:888 isLeader:false term:33
2025/11/03 17:32:12 [17:32:12.991] [Node:2] [HEARTBEAT] [Trace:HB_2_33] Follower等心跳 status CANDIDATE term:33 commitIndex:24
2025/11/03 17:32:13 [17:32:13.092] [Node:2] [HEARTBEAT] [Trace:HB_2_33] Follower等心跳 status CANDIDATE term:33 commitIndex:24
2025/11/03 17:32:13 [17:32:13.114] [Node:2] [RPC_RECV] [Trace:ELEC_4_34][4->2] RequestVote 接受 term:34 candidateId:4 lastLogIndex:35 lastLogTerm:19 currentTerm:33 status:CANDIDATE
2025/11/03 17:32:13 [17:32:13.114] [Node:2] [INFO] [STATE_CHANGE] CANDIDATE->FOLLOWER term:33 reason:降级成follower
2025/11/03 17:32:13 [17:32:13.116] [Node:2] [RPC_RECV] [Trace:ELEC_4_34][4->2] 投票信息 votedFor:-1 lastLogTerm:19 lastLogIndex:43
2025/11/03 17:32:13 [17:32:13.116] [Node:2] [RPC_RECV] [Trace:ELEC_4_34][4->2] 投票失败兜底 candidate:4 term:34
2025/11/03 17:32:13 [17:32:13.156] [Node:2] [INFO] [STATE_CHANGE] FOLLOWER->FOLLOWER term:34 reason:变成Candidate
2025/11/03 17:32:13 [17:32:13.157] [Node:2] [TIMER_EVENT] [Trace:TIMER_2] 超时选举 since:317.696708ms threshold:299.17526ms
2025/11/03 17:32:13 [17:32:13.157] [Node:2] [RPC_SEND] [Trace:ELEC_2_35] 发送选举请求
2025/11/03 17:32:13 [17:32:13.157] [Node:2] [RPC_SEND] [Trace:ELEC_2_35] 发送选举请求
2025/11/03 17:32:13 [17:32:13.157] [Node:2] [RPC_SEND] [Trace:ELEC_2_35] 发送选举请求
2025/11/03 17:32:13 [17:32:13.157] [Node:2] [RPC_SEND] [Trace:ELEC_2_35] 发送选举请求
2025/11/03 17:32:13 [17:32:13.186] [Node:2] [RPC_SEND] [Trace:ELEC_2_33] 处理投票返回 for term 33 reply:{33 true}
2025/11/03 17:32:13 [17:32:13.193] [Node:2] [HEARTBEAT] [Trace:HB_2_35] Follower等心跳 status CANDIDATE term:35 commitIndex:24
2025/11/03 17:32:13 [17:32:13.223] [Node:2] [RPC_SEND] [Trace:ELEC_2_31] 处理投票返回 for term 31 reply:{31 false}
2025/11/03 17:32:13 [17:32:13.293] [Node:2] [HEARTBEAT] [Trace:HB_2_35] Follower等心跳 status CANDIDATE term:35 commitIndex:24
2025/11/03 17:32:13 [17:32:13.352] [Node:2] [RPC_SEND] [Trace:ELEC_2_31] 处理投票返回 for term 31 reply:{31 true}
2025/11/03 17:32:13 [17:32:13.394] [Node:2] [HEARTBEAT] [Trace:HB_2_35] Follower等心跳 status CANDIDATE term:35 commitIndex:24
2025/11/03 17:32:13 [17:32:13.427] [Node:2] [RPC_RECV] [Trace:ELEC_4_35][4->2] RequestVote 接受 term:35 candidateId:4 lastLogIndex:35 lastLogTerm:19 currentTerm:35 status:CANDIDATE
2025/11/03 17:32:13 [17:32:13.427] [Node:2] [RPC_RECV] [Trace:ELEC_4_35][4->2] 投票信息 votedFor:2 lastLogTerm:19 lastLogIndex:43
2025/11/03 17:32:13 [17:32:13.427] [Node:2] [RPC_RECV] [Trace:ELEC_4_35][4->2] 投票失败兜底 candidate:4 term:35
2025/11/03 17:32:13 [17:32:13.431] [Node:2] [RPC_RECV] [Trace:CLIENT_2_1762162333431950000] 接收到日志命令:7065 isLeader:false term:35
2025/11/03 17:32:13 [17:32:13.445] [Node:2] [RPC_RECV] [Trace:CLIENT_2_1762162333445176000] 接收到日志命令:1565 isLeader:false term:35
2025/11/03 17:32:13 [17:32:13.453] [Node:2] [RPC_RECV] [Trace:ELEC_1_36][1->2] RequestVote 接受 term:36 candidateId:1 lastLogIndex:2 lastLogTerm:4 currentTerm:35 status:CANDIDATE
2025/11/03 17:32:13 [17:32:13.453] [Node:2] [INFO] [STATE_CHANGE] CANDIDATE->FOLLOWER term:35 reason:降级成follower
2025/11/03 17:32:13 [17:32:13.454] [Node:2] [RPC_RECV] [Trace:ELEC_1_36][1->2] 投票信息 votedFor:-1 lastLogTerm:19 lastLogIndex:43
2025/11/03 17:32:13 [17:32:13.454] [Node:2] [RPC_RECV] [Trace:ELEC_1_36][1->2] 投票失败兜底 candidate:1 term:36
2025/11/03 17:32:13 [17:32:13.458] [Node:2] [RPC_RECV] [Trace:CLIENT_2_1762162333458538000] 接收到日志命令:2648 isLeader:false term:36
2025/11/03 17:32:13 [17:32:13.461] [Node:2] [RPC_RECV] [Trace:CLIENT_2_1762162333461108000] 接收到日志命令:1930 isLeader:false term:36
2025/11/03 17:32:13 [17:32:13.462] [Node:2] [INFO] [STATE_CHANGE] FOLLOWER->FOLLOWER term:36 reason:变成Candidate
2025/11/03 17:32:13 [17:32:13.462] [Node:2] [TIMER_EVENT] [Trace:TIMER_2] 超时选举 since:305.197041ms threshold:204.269341ms
2025/11/03 17:32:13 [17:32:13.462] [Node:2] [RPC_SEND] [Trace:ELEC_2_37] 发送选举请求
2025/11/03 17:32:13 [17:32:13.462] [Node:2] [RPC_SEND] [Trace:ELEC_2_37] 发送选举请求
2025/11/03 17:32:13 [17:32:13.462] [Node:2] [RPC_SEND] [Trace:ELEC_2_37] 发送选举请求
2025/11/03 17:32:13 [17:32:13.462] [Node:2] [RPC_SEND] [Trace:ELEC_2_37] 发送选举请求
2025/11/03 17:32:13 [17:32:13.470] [Node:2] [RPC_RECV] [Trace:CLIENT_2_1762162333470171000] 接收到日志命令:6573 isLeader:false term:37
2025/11/03 17:32:13 [17:32:13.475] [Node:2] [RPC_RECV] [Trace:CLIENT_2_1762162333475751000] 接收到日志命令:7114 isLeader:false term:37
2025/11/03 17:32:13 [17:32:13.489] [Node:2] [RPC_SEND] [Trace:ELEC_2_37] 处理投票返回 for term 37 reply:{37 true}
2025/11/03 17:32:13 [17:32:13.495] [Node:2] [HEARTBEAT] [Trace:HB_2_37] Follower等心跳 status CANDIDATE term:37 commitIndex:24
2025/11/03 17:32:13 [17:32:13.495] [Node:2] [RPC_RECV] [Trace:CLIENT_2_1762162333495763000] 接收到日志命令:9857 isLeader:false term:37
2025/11/03 17:32:13 [17:32:13.508] [Node:2] [RPC_RECV] [Trace:CLIENT_2_1762162333508346000] 接收到日志命令:4736 isLeader:false term:37
2025/11/03 17:32:13 [17:32:13.515] [Node:2] [RPC_RECV] [Trace:CLIENT_2_1762162333515386000] 接收到日志命令:5050 isLeader:false term:37
2025/11/03 17:32:13 [17:32:13.530] [Node:2] [RPC_RECV] [Trace:CLIENT_2_1762162333530259000] 接收到日志命令:6335 isLeader:false term:37
2025/11/03 17:32:13 [17:32:13.547] [Node:2] [RPC_RECV] [Trace:CLIENT_2_1762162333547898000] 接收到日志命令:2664 isLeader:false term:37
2025/11/03 17:32:13 [17:32:13.562] [Node:2] [RPC_RECV] [Trace:CLIENT_2_1762162333562921000] 接收到日志命令:9604 isLeader:false term:37
2025/11/03 17:32:13 [17:32:13.569] [Node:2] [RPC_RECV] [Trace:CLIENT_2_1762162333569840000] 接收到日志命令:5409 isLeader:false term:37
2025/11/03 17:32:13 [17:32:13.586] [Node:2] [RPC_RECV] [Trace:CLIENT_2_1762162333586540000] 接收到日志命令:3137 isLeader:false term:37
2025/11/03 17:32:13 [17:32:13.595] [Node:2] [HEARTBEAT] [Trace:HB_2_37] Follower等心跳 status CANDIDATE term:37 commitIndex:24
2025/11/03 17:32:13 [17:32:13.601] [Node:2] [RPC_RECV] [Trace:CLIENT_2_1762162333601079000] 接收到日志命令:2964 isLeader:false term:37
2025/11/03 17:32:13 [17:32:13.605] [Node:2] [RPC_RECV] [Trace:CLIENT_2_1762162333605415000] 接收到日志命令:996 isLeader:false term:37
2025/11/03 17:32:13 [17:32:13.617] [Node:2] [RPC_RECV] [Trace:CLIENT_2_1762162333617106000] 接收到日志命令:6638 isLeader:false term:37
2025/11/03 17:32:13 [17:32:13.633] [Node:2] [RPC_RECV] [Trace:CLIENT_2_1762162333633557000] 接收到日志命令:4119 isLeader:false term:37
2025/11/03 17:32:13 [17:32:13.642] [Node:2] [RPC_RECV] [Trace:CLIENT_2_1762162333642859000] 接收到日志命令:2791 isLeader:false term:37
2025/11/03 17:32:13 [17:32:13.651] [Node:2] [RPC_RECV] [Trace:CLIENT_2_1762162333651096000] 接收到日志命令:4886 isLeader:false term:37
2025/11/03 17:32:13 [17:32:13.660] [Node:2] [RPC_RECV] [Trace:CLIENT_2_1762162333660204000] 接收到日志命令:5543 isLeader:false term:37
2025/11/03 17:32:13 [17:32:13.674] [Node:2] [RPC_RECV] [Trace:CLIENT_2_1762162333674051000] 接收到日志命令:3793 isLeader:false term:37
2025/11/03 17:32:13 [17:32:13.690] [Node:2] [RPC_RECV] [Trace:CLIENT_2_1762162333690160000] 接收到日志命令:1940 isLeader:false term:37
2025/11/03 17:32:13 [17:32:13.695] [Node:2] [HEARTBEAT] [Trace:HB_2_37] Follower等心跳 status CANDIDATE term:37 commitIndex:24
2025/11/03 17:32:13 [17:32:13.703] [Node:2] [RPC_RECV] [Trace:CLIENT_2_1762162333703814000] 接收到日志命令:1302 isLeader:false term:37
2025/11/03 17:32:13 [17:32:13.709] [Node:2] [RPC_RECV] [Trace:CLIENT_2_1762162333709841000] 接收到日志命令:5018 isLeader:false term:37
2025/11/03 17:32:13 [17:32:13.725] [Node:2] [RPC_RECV] [Trace:CLIENT_2_1762162333725039000] 接收到日志命令:958 isLeader:false term:37
2025/11/03 17:32:13 [17:32:13.737] [Node:2] [RPC_RECV] [Trace:CLIENT_2_1762162333737205000] 接收到日志命令:6350 isLeader:false term:37
2025/11/03 17:32:13 [17:32:13.747] [Node:2] [INFO] [STATE_CHANGE] CANDIDATE->FOLLOWER term:37 reason:变成Candidate
2025/11/03 17:32:13 [17:32:13.747] [Node:2] [TIMER_EVENT] [Trace:TIMER_2] 超时选举 since:285.301459ms threshold:205.60261ms
2025/11/03 17:32:13 [17:32:13.747] [Node:2] [RPC_SEND] [Trace:ELEC_2_38] 发送选举请求
2025/11/03 17:32:13 [17:32:13.747] [Node:2] [RPC_SEND] [Trace:ELEC_2_38] 发送选举请求
2025/11/03 17:32:13 [17:32:13.747] [Node:2] [RPC_SEND] [Trace:ELEC_2_38] 发送选举请求
2025/11/03 17:32:13 [17:32:13.747] [Node:2] [RPC_SEND] [Trace:ELEC_2_38] 发送选举请求
2025/11/03 17:32:13 [17:32:13.750] [Node:2] [RPC_RECV] [Trace:CLIENT_2_1762162333750038000] 接收到日志命令:3866 isLeader:false term:38
2025/11/03 17:32:13 [17:32:13.764] [Node:2] [RPC_RECV] [Trace:CLIENT_2_1762162333764727000] 接收到日志命令:472 isLeader:false term:38
2025/11/03 17:32:13 [17:32:13.781] [Node:2] [RPC_RECV] [Trace:CLIENT_2_1762162333781675000] 接收到日志命令:8723 isLeader:false term:38
2025/11/03 17:32:13 [17:32:13.789] [Node:2] [RPC_RECV] [Trace:CLIENT_2_1762162333789144000] 接收到日志命令:8187 isLeader:false term:38
2025/11/03 17:32:13 [17:32:13.796] [Node:2] [HEARTBEAT] [Trace:HB_2_38] Follower等心跳 status CANDIDATE term:38 commitIndex:24
2025/11/03 17:32:13 [17:32:13.800] [Node:2] [RPC_RECV] [Trace:CLIENT_2_1762162333800494000] 接收到日志命令:8237 isLeader:false term:38
2025/11/03 17:32:13 [17:32:13.814] [Node:2] [RPC_RECV] [Trace:CLIENT_2_1762162333814516000] 接收到日志命令:2734 isLeader:false term:38
2025/11/03 17:32:13 [17:32:13.818] [Node:2] [RPC_RECV] [Trace:CLIENT_2_1762162333818055000] 接收到日志命令:8790 isLeader:false term:38
2025/11/03 17:32:13 [17:32:13.831] [Node:2] [RPC_RECV] [Trace:CLIENT_2_1762162333831233000] 接收到日志命令:7311 isLeader:false term:38
2025/11/03 17:32:13 [17:32:13.846] [Node:2] [RPC_RECV] [Trace:CLIENT_2_1762162333846324000] 接收到日志命令:1807 isLeader:false term:38
2025/11/03 17:32:13 [17:32:13.859] [Node:2] [RPC_RECV] [Trace:CLIENT_2_1762162333859151000] 接收到日志命令:1524 isLeader:false term:38
2025/11/03 17:32:13 [17:32:13.872] [Node:2] [RPC_RECV] [Trace:CLIENT_2_1762162333872427000] 接收到日志命令:7665 isLeader:false term:38
2025/11/03 17:32:13 [17:32:13.880] [Node:2] [RPC_RECV] [Trace:CLIENT_2_1762162333880896000] 接收到日志命令:9034 isLeader:false term:38
2025/11/03 17:32:13 [17:32:13.896] [Node:2] [HEARTBEAT] [Trace:HB_2_38] Follower等心跳 status CANDIDATE term:38 commitIndex:24
2025/11/03 17:32:13 [17:32:13.896] [Node:2] [RPC_RECV] [Trace:CLIENT_2_1762162333896829000] 接收到日志命令:5661 isLeader:false term:38
2025/11/03 17:32:13 [17:32:13.910] [Node:2] [RPC_RECV] [Trace:CLIENT_2_1762162333910793000] 接收到日志命令:5647 isLeader:false term:38
2025/11/03 17:32:13 [17:32:13.916] [Node:2] [RPC_RECV] [Trace:CLIENT_2_1762162333916963000] 接收到日志命令:8833 isLeader:false term:38
2025/11/03 17:32:13 [17:32:13.921] [Node:2] [RPC_RECV] [Trace:CLIENT_2_1762162333921865000] 接收到日志命令:9890 isLeader:false term:38
2025/11/03 17:32:13 [17:32:13.930] [Node:2] [RPC_RECV] [Trace:CLIENT_2_1762162333930857000] 接收到日志命令:4347 isLeader:false term:38
2025/11/03 17:32:13 [17:32:13.996] [Node:2] [HEARTBEAT] [Trace:HB_2_38] Follower等心跳 status CANDIDATE term:38 commitIndex:24
2025/11/03 17:32:14 [17:32:14.023] [Node:2] [INFO] [STATE_CHANGE] CANDIDATE->FOLLOWER term:38 reason:变成Candidate
2025/11/03 17:32:14 [17:32:14.023] [Node:2] [TIMER_EVENT] [Trace:TIMER_2] 超时选举 since:275.896875ms threshold:222.700766ms
2025/11/03 17:32:14 [17:32:14.023] [Node:2] [RPC_SEND] [Trace:ELEC_2_39] 发送选举请求
2025/11/03 17:32:14 [17:32:14.024] [Node:2] [RPC_SEND] [Trace:ELEC_2_39] 发送选举请求
2025/11/03 17:32:14 [17:32:14.024] [Node:2] [RPC_SEND] [Trace:ELEC_2_39] 发送选举请求
2025/11/03 17:32:14 [17:32:14.023] [Node:2] [RPC_SEND] [Trace:ELEC_2_39] 发送选举请求
2025/11/03 17:32:14 [17:32:14.034] [Node:2] [RPC_RECV] [Trace:ELEC_1_39][1->2] RequestVote 接受 term:39 candidateId:1 lastLogIndex:2 lastLogTerm:4 currentTerm:39 status:CANDIDATE
2025/11/03 17:32:14 [17:32:14.034] [Node:2] [RPC_RECV] [Trace:ELEC_1_39][1->2] 投票信息 votedFor:2 lastLogTerm:19 lastLogIndex:43
2025/11/03 17:32:14 [17:32:14.034] [Node:2] [RPC_RECV] [Trace:ELEC_1_39][1->2] 投票失败兜底 candidate:1 term:39
2025/11/03 17:32:14 [17:32:14.097] [Node:2] [HEARTBEAT] [Trace:HB_2_39] Follower等心跳 status CANDIDATE term:39 commitIndex:24
2025/11/03 17:32:14 [17:32:14.155] [Node:2] [RPC_SEND] [Trace:ELEC_2_37] 处理投票返回 for term 37 reply:{37 true}
2025/11/03 17:32:14 [17:32:14.200] [Node:2] [HEARTBEAT] [Trace:HB_2_39] Follower等心跳 status CANDIDATE term:39 commitIndex:24
2025/11/03 17:32:14 [17:32:14.237] [Node:2] [RPC_RECV] [Trace:CLIENT_2_1762162334237252000] 接收到日志命令:1639 isLeader:false term:39
2025/11/03 17:32:14 [17:32:14.262] [Node:2] [RPC_RECV] [Trace:ELEC_4_40][4->2] RequestVote 接受 term:40 candidateId:4 lastLogIndex:35 lastLogTerm:19 currentTerm:39 status:CANDIDATE
2025/11/03 17:32:14 [17:32:14.262] [Node:2] [INFO] [STATE_CHANGE] CANDIDATE->FOLLOWER term:39 reason:降级成follower
2025/11/03 17:32:14 [17:32:14.263] [Node:2] [RPC_RECV] [Trace:ELEC_4_40][4->2] 投票信息 votedFor:-1 lastLogTerm:19 lastLogIndex:43
2025/11/03 17:32:14 [17:32:14.263] [Node:2] [RPC_RECV] [Trace:ELEC_4_40][4->2] 投票失败兜底 candidate:4 term:40
2025/11/03 17:32:14 [17:32:14.290] [Node:2] [INFO] [STATE_CHANGE] FOLLOWER->FOLLOWER term:40 reason:变成Candidate
2025/11/03 17:32:14 [17:32:14.291] [Node:2] [TIMER_EVENT] [Trace:TIMER_2] 超时选举 since:267.021833ms threshold:224.933453ms
2025/11/03 17:32:14 [17:32:14.291] [Node:2] [RPC_SEND] [Trace:ELEC_2_41] 发送选举请求
2025/11/03 17:32:14 [17:32:14.291] [Node:2] [RPC_SEND] [Trace:ELEC_2_41] 发送选举请求
2025/11/03 17:32:14 [17:32:14.291] [Node:2] [RPC_SEND] [Trace:ELEC_2_41] 发送选举请求
2025/11/03 17:32:14 [17:32:14.291] [Node:2] [RPC_SEND] [Trace:ELEC_2_41] 发送选举请求
2025/11/03 17:32:14 [17:32:14.301] [Node:2] [HEARTBEAT] [Trace:HB_2_41] Follower等心跳 status CANDIDATE term:41 commitIndex:24
2025/11/03 17:32:14 [17:32:14.402] [Node:2] [HEARTBEAT] [Trace:HB_2_41] Follower等心跳 status CANDIDATE term:41 commitIndex:24
2025/11/03 17:32:14 [17:32:14.436] [Node:2] [RPC_SEND] [Trace:ELEC_2_38] 处理投票返回 for term 38 reply:{38 true}
2025/11/03 17:32:14 [17:32:14.502] [Node:2] [HEARTBEAT] [Trace:HB_2_41] Follower等心跳 status CANDIDATE term:41 commitIndex:24
2025/11/03 17:32:14 [17:32:14.543] [Node:2] [RPC_SEND] [Trace:ELEC_2_41] 处理投票返回 for term 41 reply:{41 true}
2025/11/03 17:32:14 [17:32:14.554] [Node:2] [INFO] [STATE_CHANGE] CANDIDATE->FOLLOWER term:41 reason:变成Candidate
2025/11/03 17:32:14 [17:32:14.554] [Node:2] [TIMER_EVENT] [Trace:TIMER_2] 超时选举 since:262.921ms threshold:237.681691ms
2025/11/03 17:32:14 [17:32:14.554] [Node:2] [RPC_SEND] [Trace:ELEC_2_42] 发送选举请求
2025/11/03 17:32:14 [17:32:14.554] [Node:2] [RPC_SEND] [Trace:ELEC_2_42] 发送选举请求
2025/11/03 17:32:14 [17:32:14.554] [Node:2] [RPC_SEND] [Trace:ELEC_2_42] 发送选举请求
2025/11/03 17:32:14 [17:32:14.554] [Node:2] [RPC_SEND] [Trace:ELEC_2_42] 发送选举请求
2025/11/03 17:32:14 [17:32:14.578] [Node:2] [RPC_RECV] [Trace:ELEC_1_42][1->2] RequestVote 接受 term:42 candidateId:1 lastLogIndex:2 lastLogTerm:4 currentTerm:42 status:CANDIDATE
2025/11/03 17:32:14 [17:32:14.578] [Node:2] [RPC_RECV] [Trace:ELEC_1_42][1->2] 投票信息 votedFor:2 lastLogTerm:19 lastLogIndex:43
2025/11/03 17:32:14 [17:32:14.578] [Node:2] [RPC_RECV] [Trace:ELEC_1_42][1->2] 投票失败兜底 candidate:1 term:42
2025/11/03 17:32:14 [17:32:14.603] [Node:2] [HEARTBEAT] [Trace:HB_2_42] Follower等心跳 status CANDIDATE term:42 commitIndex:24
2025/11/03 17:32:14 [17:32:14.633] [Node:2] [RPC_SEND] [Trace:ELEC_2_39] 处理投票返回 for term 39 reply:{39 true}
2025/11/03 17:32:14 [17:32:14.703] [Node:2] [HEARTBEAT] [Trace:HB_2_42] Follower等心跳 status CANDIDATE term:42 commitIndex:24
2025/11/03 17:32:14 [17:32:14.708] [Node:2] [RPC_RECV] [Trace:CLIENT_2_1762162334708369000] 接收到日志命令:9330 isLeader:false term:42
2025/11/03 17:32:14 [17:32:14.714] [Node:2] [RPC_RECV] [Trace:CLIENT_2_1762162334714666000] 接收到日志命令:7929 isLeader:false term:42
2025/11/03 17:32:14 [17:32:14.726] [Node:2] [RPC_RECV] [Trace:CLIENT_2_1762162334726645000] 接收到日志命令:4472 isLeader:false term:42
2025/11/03 17:32:14 [17:32:14.734] [Node:2] [RPC_RECV] [Trace:CLIENT_2_1762162334734039000] 接收到日志命令:933 isLeader:false term:42
2025/11/03 17:32:14 [17:32:14.745] [Node:2] [RPC_RECV] [Trace:CLIENT_2_1762162334745938000] 接收到日志命令:472 isLeader:false term:42
2025/11/03 17:32:14 [17:32:14.760] [Node:2] [RPC_RECV] [Trace:CLIENT_2_1762162334760401000] 接收到日志命令:7035 isLeader:false term:42
2025/11/03 17:32:14 [17:32:14.767] [Node:2] [RPC_RECV] [Trace:CLIENT_2_1762162334767026000] 接收到日志命令:120 isLeader:false term:42
2025/11/03 17:32:14 [17:32:14.775] [Node:2] [RPC_RECV] [Trace:ELEC_4_43][4->2] RequestVote 接受 term:43 candidateId:4 lastLogIndex:35 lastLogTerm:19 currentTerm:42 status:CANDIDATE
2025/11/03 17:32:14 [17:32:14.775] [Node:2] [INFO] [STATE_CHANGE] CANDIDATE->FOLLOWER term:42 reason:降级成follower
2025/11/03 17:32:14 [17:32:14.776] [Node:2] [RPC_RECV] [Trace:ELEC_4_43][4->2] 投票信息 votedFor:-1 lastLogTerm:19 lastLogIndex:43
2025/11/03 17:32:14 [17:32:14.776] [Node:2] [RPC_RECV] [Trace:ELEC_4_43][4->2] 投票失败兜底 candidate:4 term:43
2025/11/03 17:32:14 [17:32:14.784] [Node:2] [RPC_RECV] [Trace:CLIENT_2_1762162334784459000] 接收到日志命令:6834 isLeader:false term:43
2025/11/03 17:32:14 [17:32:14.790] [Node:2] [RPC_RECV] [Trace:CLIENT_2_1762162334790703000] 接收到日志命令:8163 isLeader:false term:43
2025/11/03 17:32:14 [17:32:14.796] [Node:2] [RPC_RECV] [Trace:CLIENT_2_1762162334796972000] 接收到日志命令:6771 isLeader:false term:43
2025/11/03 17:32:14 [17:32:14.805] [Node:2] [HEARTBEAT] [Trace:HB_2_43] Follower等心跳 status FOLLOWER term:43 commitIndex:24
2025/11/03 17:32:14 [17:32:14.811] [Node:2] [RPC_RECV] [Trace:CLIENT_2_1762162334811347000] 接收到日志命令:7454 isLeader:false term:43
2025/11/03 17:32:14 [17:32:14.814] [Node:2] [RPC_RECV] [Trace:CLIENT_2_1762162334814313000] 接收到日志命令:4487 isLeader:false term:43
2025/11/03 17:32:14 [17:32:14.820] [Node:2] [RPC_RECV] [Trace:CLIENT_2_1762162334820572000] 接收到日志命令:1517 isLeader:false term:43
2025/11/03 17:32:14 [17:32:14.829] [Node:2] [RPC_RECV] [Trace:CLIENT_2_1762162334829250000] 接收到日志命令:9283 isLeader:false term:43
2025/11/03 17:32:14 [17:32:14.838] [Node:2] [INFO] [STATE_CHANGE] FOLLOWER->FOLLOWER term:43 reason:变成Candidate
2025/11/03 17:32:14 [17:32:14.838] [Node:2] [TIMER_EVENT] [Trace:TIMER_2] 超时选举 since:284.229375ms threshold:246.493538ms
2025/11/03 17:32:14 [17:32:14.838] [Node:2] [RPC_SEND] [Trace:ELEC_2_44] 发送选举请求
2025/11/03 17:32:14 [17:32:14.838] [Node:2] [RPC_SEND] [Trace:ELEC_2_44] 发送选举请求
2025/11/03 17:32:14 [17:32:14.838] [Node:2] [RPC_SEND] [Trace:ELEC_2_44] 发送选举请求
2025/11/03 17:32:14 [17:32:14.838] [Node:2] [RPC_SEND] [Trace:ELEC_2_44] 发送选举请求
2025/11/03 17:32:14 [17:32:14.844] [Node:2] [RPC_RECV] [Trace:CLIENT_2_1762162334844596000] 接收到日志命令:7653 isLeader:false term:44
2025/11/03 17:32:14 [17:32:14.845] [Node:2] [RPC_SEND] [Trace:ELEC_2_42] 处理投票返回 for term 42 reply:{42 false}
2025/11/03 17:32:14 [17:32:14.908] [Node:2] [HEARTBEAT] [Trace:HB_2_44] Follower等心跳 status CANDIDATE term:44 commitIndex:24
2025/11/03 17:32:14 [17:32:14.913] [Node:2] [RPC_SEND] [Trace:ELEC_2_42] 处理投票返回 for term 42 reply:{42 true}
2025/11/03 17:32:14 [17:32:14.988] [Node:2] [RPC_SEND] [Trace:ELEC_2_38] 处理投票返回 for term 38 reply:{38 true}
2025/11/03 17:32:15 [17:32:15.009] [Node:2] [HEARTBEAT] [Trace:HB_2_44] Follower等心跳 status CANDIDATE term:44 commitIndex:24
2025/11/03 17:32:15 [17:32:15.083] [Node:2] [INFO] [STATE_CHANGE] CANDIDATE->FOLLOWER term:44 reason:变成Candidate
2025/11/03 17:32:15 [17:32:15.083] [Node:2] [TIMER_EVENT] [Trace:TIMER_2] 超时选举 since:244.498375ms threshold:206.099903ms
2025/11/03 17:32:15 [17:32:15.083] [Node:2] [RPC_SEND] [Trace:ELEC_2_45] 发送选举请求
2025/11/03 17:32:15 [17:32:15.083] [Node:2] [RPC_SEND] [Trace:ELEC_2_45] 发送选举请求
2025/11/03 17:32:15 [17:32:15.084] [Node:2] [RPC_SEND] [Trace:ELEC_2_45] 发送选举请求
2025/11/03 17:32:15 [17:32:15.083] [Node:2] [RPC_SEND] [Trace:ELEC_2_45] 发送选举请求
2025/11/03 17:32:15 [17:32:15.109] [Node:2] [HEARTBEAT] [Trace:HB_2_45] Follower等心跳 status CANDIDATE term:45 commitIndex:24
2025/11/03 17:32:15 [17:32:15.192] [Node:2] [RPC_RECV] [Trace:CLIENT_2_1762162335192289000] 接收到日志命令:3521 isLeader:false term:45
2025/11/03 17:32:15 [17:32:15.207] [Node:2] [RPC_RECV] [Trace:CLIENT_2_1762162335207124000] 接收到日志命令:2812 isLeader:false term:45
2025/11/03 17:32:15 [17:32:15.210] [Node:2] [HEARTBEAT] [Trace:HB_2_45] Follower等心跳 status CANDIDATE term:45 commitIndex:24
2025/11/03 17:32:15 [17:32:15.221] [Node:2] [RPC_RECV] [Trace:CLIENT_2_1762162335221043000] 接收到日志命令:6477 isLeader:false term:45
2025/11/03 17:32:15 [17:32:15.236] [Node:2] [RPC_RECV] [Trace:CLIENT_2_1762162335236962000] 接收到日志命令:5798 isLeader:false term:45
2025/11/03 17:32:15 [17:32:15.246] [Node:2] [RPC_RECV] [Trace:CLIENT_2_1762162335246044000] 接收到日志命令:7499 isLeader:false term:45
2025/11/03 17:32:15 [17:32:15.254] [Node:2] [RPC_RECV] [Trace:CLIENT_2_1762162335254183000] 接收到日志命令:1650 isLeader:false term:45
2025/11/03 17:32:15 [17:32:15.259] [Node:2] [RPC_RECV] [Trace:CLIENT_2_1762162335259422000] 接收到日志命令:4489 isLeader:false term:45
2025/11/03 17:32:15 [17:32:15.260] [Node:2] [RPC_RECV] [Trace:ELEC_1_45][1->2] RequestVote 接受 term:45 candidateId:1 lastLogIndex:2 lastLogTerm:4 currentTerm:45 status:CANDIDATE
2025/11/03 17:32:15 [17:32:15.260] [Node:2] [RPC_RECV] [Trace:ELEC_1_45][1->2] 投票信息 votedFor:2 lastLogTerm:19 lastLogIndex:43
2025/11/03 17:32:15 [17:32:15.260] [Node:2] [RPC_RECV] [Trace:ELEC_1_45][1->2] 投票失败兜底 candidate:1 term:45
2025/11/03 17:32:15 [17:32:15.266] [Node:2] [RPC_RECV] [Trace:CLIENT_2_1762162335266855000] 接收到日志命令:1318 isLeader:false term:45
2025/11/03 17:32:15 [17:32:15.278] [Node:2] [RPC_RECV] [Trace:CLIENT_2_1762162335278559000] 接收到日志命令:2450 isLeader:false term:45
2025/11/03 17:32:15 [17:32:15.281] [Node:2] [RPC_RECV] [Trace:CLIENT_2_1762162335281517000] 接收到日志命令:7969 isLeader:false term:45
2025/11/03 17:32:15 [17:32:15.310] [Node:2] [HEARTBEAT] [Trace:HB_2_45] Follower等心跳 status CANDIDATE term:45 commitIndex:24
2025/11/03 17:32:15 [17:32:15.376] [Node:2] [INFO] [STATE_CHANGE] CANDIDATE->FOLLOWER term:45 reason:变成Candidate
2025/11/03 17:32:15 [17:32:15.376] [Node:2] [TIMER_EVENT] [Trace:TIMER_2] 超时选举 since:293.011042ms threshold:258.68219ms
2025/11/03 17:32:15 [17:32:15.377] [Node:2] [RPC_SEND] [Trace:ELEC_2_46] 发送选举请求
2025/11/03 17:32:15 [17:32:15.377] [Node:2] [RPC_SEND] [Trace:ELEC_2_46] 发送选举请求
2025/11/03 17:32:15 [17:32:15.377] [Node:2] [RPC_SEND] [Trace:ELEC_2_46] 发送选举请求
2025/11/03 17:32:15 [17:32:15.377] [Node:2] [RPC_SEND] [Trace:ELEC_2_46] 发送选举请求
2025/11/03 17:32:15 [17:32:15.411] [Node:2] [HEARTBEAT] [Trace:HB_2_46] Follower等心跳 status CANDIDATE term:46 commitIndex:24
2025/11/03 17:32:15 [17:32:15.457] [Node:2] [RPC_RECV] [Trace:CLIENT_2_1762162335457890000] 接收到日志命令:7993 isLeader:false term:46
2025/11/03 17:32:15 [17:32:15.462] [Node:2] [RPC_RECV] [Trace:CLIENT_2_1762162335462014000] 接收到日志命令:7205 isLeader:false term:46
2025/11/03 17:32:15 [17:32:15.465] [Node:2] [RPC_RECV] [Trace:CLIENT_2_1762162335465740000] 接收到日志命令:5621 isLeader:false term:46
2025/11/03 17:32:15 [17:32:15.480] [Node:2] [RPC_RECV] [Trace:CLIENT_2_1762162335480098000] 接收到日志命令:8220 isLeader:false term:46
2025/11/03 17:32:15 [17:32:15.485] [Node:2] [RPC_RECV] [Trace:CLIENT_2_1762162335485585000] 接收到日志命令:1895 isLeader:false term:46
2025/11/03 17:32:15 [17:32:15.497] [Node:2] [RPC_RECV] [Trace:CLIENT_2_1762162335497195000] 接收到日志命令:1633 isLeader:false term:46
2025/11/03 17:32:15 [17:32:15.502] [Node:2] [RPC_RECV] [Trace:CLIENT_2_1762162335502810000] 接收到日志命令:8902 isLeader:false term:46
2025/11/03 17:32:15 [17:32:15.511] [Node:2] [HEARTBEAT] [Trace:HB_2_46] Follower等心跳 status CANDIDATE term:46 commitIndex:24
2025/11/03 17:32:15 [17:32:15.516] [Node:2] [RPC_RECV] [Trace:CLIENT_2_1762162335516936000] 接收到日志命令:7734 isLeader:false term:46
2025/11/03 17:32:15 [17:32:15.532] [Node:2] [RPC_RECV] [Trace:CLIENT_2_1762162335532499000] 接收到日志命令:9358 isLeader:false term:46
2025/11/03 17:32:15 [17:32:15.549] [Node:2] [RPC_RECV] [Trace:CLIENT_2_1762162335549395000] 接收到日志命令:738 isLeader:false term:46
2025/11/03 17:32:15 [17:32:15.560] [Node:2] [RPC_RECV] [Trace:CLIENT_2_1762162335560771000] 接收到日志命令:6 isLeader:false term:46
2025/11/03 17:32:15 [17:32:15.578] [Node:2] [RPC_RECV] [Trace:CLIENT_2_1762162335578525000] 接收到日志命令:8039 isLeader:false term:46
2025/11/03 17:32:15 [17:32:15.612] [Node:2] [HEARTBEAT] [Trace:HB_2_46] Follower等心跳 status CANDIDATE term:46 commitIndex:24
2025/11/03 17:32:15 [17:32:15.638] [Node:2] [RPC_SEND] [Trace:ELEC_2_45] 处理投票返回 for term 45 reply:{45 true}
2025/11/03 17:32:15 [17:32:15.662] [Node:2] [RPC_SEND] [Trace:ELEC_2_44] 处理投票返回 for term 44 reply:{44 true}
2025/11/03 17:32:15 [17:32:15.716] [Node:2] [HEARTBEAT] [Trace:HB_2_46] Follower等心跳 status CANDIDATE term:46 commitIndex:24
2025/11/03 17:32:15 [17:32:15.727] [Node:2] [INFO] [STATE_CHANGE] CANDIDATE->FOLLOWER term:46 reason:变成Candidate
2025/11/03 17:32:15 [17:32:15.727] [Node:2] [TIMER_EVENT] [Trace:TIMER_2] 超时选举 since:349.841083ms threshold:232.057811ms
2025/11/03 17:32:15 [17:32:15.727] [Node:2] [RPC_SEND] [Trace:ELEC_2_47] 发送选举请求
2025/11/03 17:32:15 [17:32:15.727] [Node:2] [RPC_SEND] [Trace:ELEC_2_47] 发送选举请求
2025/11/03 17:32:15 [17:32:15.727] [Node:2] [RPC_SEND] [Trace:ELEC_2_47] 发送选举请求
2025/11/03 17:32:15 [17:32:15.727] [Node:2] [RPC_SEND] [Trace:ELEC_2_47] 发送选举请求
2025/11/03 17:32:15 [17:32:15.821] [Node:2] [HEARTBEAT] [Trace:HB_2_47] Follower等心跳 status CANDIDATE term:47 commitIndex:24
2025/11/03 17:32:15 [17:32:15.922] [Node:2] [HEARTBEAT] [Trace:HB_2_47] Follower等心跳 status CANDIDATE term:47 commitIndex:24
2025/11/03 17:32:15 [17:32:15.924] [Node:2] [RPC_RECV] [Trace:CLIENT_2_1762162335924479000] 接收到日志命令:9126 isLeader:false term:47
2025/11/03 17:32:15 [17:32:15.973] [Node:2] [RPC_SEND] [Trace:ELEC_2_46] 处理投票返回 for term 46 reply:{46 true}
2025/11/03 17:32:16 [17:32:16.015] [Node:2] [INFO] [STATE_CHANGE] CANDIDATE->FOLLOWER term:47 reason:变成Candidate
2025/11/03 17:32:16 [17:32:16.015] [Node:2] [TIMER_EVENT] [Trace:TIMER_2] 超时选举 since:288.13475ms threshold:202.459311ms
2025/11/03 17:32:16 [17:32:16.015] [Node:2] [RPC_SEND] [Trace:ELEC_2_48] 发送选举请求
2025/11/03 17:32:16 [17:32:16.016] [Node:2] [RPC_SEND] [Trace:ELEC_2_48] 发送选举请求
2025/11/03 17:32:16 [17:32:16.017] [Node:2] [RPC_SEND] [Trace:ELEC_2_48] 发送选举请求
2025/11/03 17:32:16 [17:32:16.017] [Node:2] [RPC_SEND] [Trace:ELEC_2_48] 发送选举请求
2025/11/03 17:32:16 [17:32:16.028] [Node:2] [HEARTBEAT] [Trace:HB_2_48] Follower等心跳 status CANDIDATE term:48 commitIndex:24
2025/11/03 17:32:16 [17:32:16.040] [Node:2] [RPC_SEND] [Trace:ELEC_2_44] 处理投票返回 for term 44 reply:{44 true}
2025/11/03 17:32:16 [17:32:16.042] [Node:2] [RPC_RECV] [Trace:ELEC_4_48][4->2] RequestVote 接受 term:48 candidateId:4 lastLogIndex:35 lastLogTerm:19 currentTerm:48 status:CANDIDATE
2025/11/03 17:32:16 [17:32:16.042] [Node:2] [RPC_RECV] [Trace:ELEC_4_48][4->2] 投票信息 votedFor:2 lastLogTerm:19 lastLogIndex:43
2025/11/03 17:32:16 [17:32:16.042] [Node:2] [RPC_RECV] [Trace:ELEC_4_48][4->2] 投票失败兜底 candidate:4 term:48
2025/11/03 17:32:16 [17:32:16.042] [Node:2] [RPC_RECV] [Trace:CLIENT_2_1762162336042556000] 接收到日志命令:5696 isLeader:false term:48
2025/11/03 17:32:16 [17:32:16.050] [Node:2] [RPC_RECV] [Trace:CLIENT_2_1762162336050936000] 接收到日志命令:7876 isLeader:false term:48
2025/11/03 17:32:16 [17:32:16.060] [Node:2] [RPC_RECV] [Trace:CLIENT_2_1762162336060820000] 接收到日志命令:7200 isLeader:false term:48
2025/11/03 17:32:16 [17:32:16.072] [Node:2] [RPC_RECV] [Trace:CLIENT_2_1762162336072025000] 接收到日志命令:3119 isLeader:false term:48
2025/11/03 17:32:16 [17:32:16.080] [Node:2] [RPC_RECV] [Trace:CLIENT_2_1762162336080129000] 接收到日志命令:8673 isLeader:false term:48
2025/11/03 17:32:16 [17:32:16.089] [Node:2] [RPC_RECV] [Trace:CLIENT_2_1762162336089538000] 接收到日志命令:2834 isLeader:false term:48
2025/11/03 17:32:16 [17:32:16.098] [Node:2] [RPC_RECV] [Trace:CLIENT_2_1762162336098686000] 接收到日志命令:8354 isLeader:false term:48
2025/11/03 17:32:16 [17:32:16.114] [Node:2] [RPC_RECV] [Trace:CLIENT_2_1762162336114529000] 接收到日志命令:4684 isLeader:false term:48
2025/11/03 17:32:16 [17:32:16.127] [Node:2] [RPC_RECV] [Trace:CLIENT_2_1762162336127328000] 接收到日志命令:4119 isLeader:false term:48
2025/11/03 17:32:16 [17:32:16.128] [Node:2] [HEARTBEAT] [Trace:HB_2_48] Follower等心跳 status CANDIDATE term:48 commitIndex:24
2025/11/03 17:32:16 [17:32:16.134] [Node:2] [RPC_RECV] [Trace:CLIENT_2_1762162336134790000] 接收到日志命令:8888 isLeader:false term:48
2025/11/03 17:32:16 [17:32:16.141] [Node:2] [RPC_RECV] [Trace:CLIENT_2_1762162336141308000] 接收到日志命令:6865 isLeader:false term:48
2025/11/03 17:32:16 [17:32:16.153] [Node:2] [RPC_RECV] [Trace:CLIENT_2_1762162336153880000] 接收到日志命令:5283 isLeader:false term:48
2025/11/03 17:32:16 [17:32:16.168] [Node:2] [RPC_RECV] [Trace:CLIENT_2_1762162336168369000] 接收到日志命令:7678 isLeader:false term:48
2025/11/03 17:32:16 [17:32:16.181] [Node:2] [RPC_RECV] [Trace:CLIENT_2_1762162336181790000] 接收到日志命令:9780 isLeader:false term:48
2025/11/03 17:32:16 [17:32:16.228] [Node:2] [HEARTBEAT] [Trace:HB_2_48] Follower等心跳 status CANDIDATE term:48 commitIndex:24
2025/11/03 17:32:16 [17:32:16.255] [Node:2] [RPC_RECV] [Trace:ELEC_1_49][1->2] RequestVote 接受 term:49 candidateId:1 lastLogIndex:2 lastLogTerm:4 currentTerm:48 status:CANDIDATE
2025/11/03 17:32:16 [17:32:16.255] [Node:2] [INFO] [STATE_CHANGE] CANDIDATE->FOLLOWER term:48 reason:降级成follower
2025/11/03 17:32:16 [17:32:16.255] [Node:2] [RPC_RECV] [Trace:ELEC_1_49][1->2] 投票信息 votedFor:-1 lastLogTerm:19 lastLogIndex:43
2025/11/03 17:32:16 [17:32:16.255] [Node:2] [RPC_RECV] [Trace:ELEC_1_49][1->2] 投票失败兜底 candidate:1 term:49
2025/11/03 17:32:16 [17:32:16.261] [Node:2] [RPC_SEND] [Trace:ELEC_2_47] 处理投票返回 for term 47 reply:{47 false}
2025/11/03 17:32:16 [17:32:16.282] [Node:2] [INFO] [STATE_CHANGE] FOLLOWER->FOLLOWER term:49 reason:变成Candidate
2025/11/03 17:32:16 [17:32:16.282] [Node:2] [TIMER_EVENT] [Trace:TIMER_2] 超时选举 since:266.877458ms threshold:223.658983ms
2025/11/03 17:32:16 [17:32:16.282] [Node:2] [RPC_SEND] [Trace:ELEC_2_50] 发送选举请求
2025/11/03 17:32:16 [17:32:16.282] [Node:2] [RPC_SEND] [Trace:ELEC_2_50] 发送选举请求
2025/11/03 17:32:16 [17:32:16.282] [Node:2] [RPC_SEND] [Trace:ELEC_2_50] 发送选举请求
2025/11/03 17:32:16 [17:32:16.282] [Node:2] [RPC_SEND] [Trace:ELEC_2_50] 发送选举请求
2025/11/03 17:32:16 [17:32:16.330] [Node:2] [HEARTBEAT] [Trace:HB_2_50] Follower等心跳 status CANDIDATE term:50 commitIndex:24
2025/11/03 17:32:16 [17:32:16.334] [Node:2] [RPC_SEND] [Trace:ELEC_2_47] 处理投票返回 for term 47 reply:{47 false}
2025/11/03 17:32:16 [17:32:16.430] [Node:2] [HEARTBEAT] [Trace:HB_2_50] Follower等心跳 status CANDIDATE term:50 commitIndex:24
2025/11/03 17:32:16 [17:32:16.530] [Node:2] [HEARTBEAT] [Trace:HB_2_50] Follower等心跳 status CANDIDATE term:50 commitIndex:24
2025/11/03 17:32:16 [17:32:16.533] [Node:2] [RPC_RECV] [Trace:ELEC_4_51][4->2] RequestVote 接受 term:51 candidateId:4 lastLogIndex:35 lastLogTerm:19 currentTerm:50 status:CANDIDATE
2025/11/03 17:32:16 [17:32:16.533] [Node:2] [INFO] [STATE_CHANGE] CANDIDATE->FOLLOWER term:50 reason:降级成follower
2025/11/03 17:32:16 [17:32:16.534] [Node:2] [RPC_RECV] [Trace:ELEC_4_51][4->2] 投票信息 votedFor:-1 lastLogTerm:19 lastLogIndex:43
2025/11/03 17:32:16 [17:32:16.534] [Node:2] [RPC_RECV] [Trace:ELEC_4_51][4->2] 投票失败兜底 candidate:4 term:51
2025/11/03 17:32:16 [17:32:16.537] [Node:2] [RPC_SEND] [Trace:ELEC_2_50] 处理投票返回 for term 50 reply:{50 true}
2025/11/03 17:32:16 [17:32:16.563] [Node:2] [RPC_RECV] [Trace:CLIENT_2_1762162336563240000] 接收到日志命令:2919 isLeader:false term:51
2025/11/03 17:32:16 [17:32:16.579] [Node:2] [RPC_RECV] [Trace:CLIENT_2_1762162336579364000] 接收到日志命令:3063 isLeader:false term:51
2025/11/03 17:32:16 [17:32:16.591] [Node:2] [RPC_RECV] [Trace:CLIENT_2_1762162336591571000] 接收到日志命令:3710 isLeader:false term:51
2025/11/03 17:32:16 [17:32:16.596] [Node:2] [INFO] [STATE_CHANGE] FOLLOWER->FOLLOWER term:51 reason:变成Candidate
2025/11/03 17:32:16 [17:32:16.596] [Node:2] [TIMER_EVENT] [Trace:TIMER_2] 超时选举 since:313.478291ms threshold:311.37359ms
2025/11/03 17:32:16 [17:32:16.596] [Node:2] [RPC_SEND] [Trace:ELEC_2_52] 发送选举请求
2025/11/03 17:32:16 [17:32:16.596] [Node:2] [RPC_SEND] [Trace:ELEC_2_52] 发送选举请求
2025/11/03 17:32:16 [17:32:16.596] [Node:2] [RPC_SEND] [Trace:ELEC_2_52] 发送选举请求
2025/11/03 17:32:16 [17:32:16.596] [Node:2] [RPC_SEND] [Trace:ELEC_2_52] 发送选举请求
2025/11/03 17:32:16 [17:32:16.602] [Node:2] [RPC_RECV] [Trace:CLIENT_2_1762162336602557000] 接收到日志命令:7956 isLeader:false term:52
2025/11/03 17:32:16 [17:32:16.605] [Node:2] [RPC_RECV] [Trace:ELEC_1_51][1->2] RequestVote 接受 term:51 candidateId:1 lastLogIndex:2 lastLogTerm:4 currentTerm:52 status:CANDIDATE
2025/11/03 17:32:16 [17:32:16.614] [Node:2] [RPC_SEND] [Trace:ELEC_2_52] 处理投票返回 for term 52 reply:{52 true}
2025/11/03 17:32:16 [17:32:16.615] [Node:2] [RPC_RECV] [Trace:CLIENT_2_1762162336615167000] 接收到日志命令:7337 isLeader:false term:52
2025/11/03 17:32:16 [17:32:16.629] [Node:2] [RPC_RECV] [Trace:CLIENT_2_1762162336629993000] 接收到日志命令:5897 isLeader:false term:52
2025/11/03 17:32:16 [17:32:16.630] [Node:2] [HEARTBEAT] [Trace:HB_2_52] Follower等心跳 status CANDIDATE term:52 commitIndex:24
2025/11/03 17:32:16 [17:32:16.648] [Node:2] [RPC_RECV] [Trace:CLIENT_2_1762162336648430000] 接收到日志命令:185 isLeader:false term:52
2025/11/03 17:32:16 [17:32:16.657] [Node:2] [RPC_RECV] [Trace:CLIENT_2_1762162336657424000] 接收到日志命令:5614 isLeader:false term:52
2025/11/03 17:32:16 [17:32:16.667] [Node:2] [RPC_RECV] [Trace:CLIENT_2_1762162336667041000] 接收到日志命令:2171 isLeader:false term:52
2025/11/03 17:32:16 [17:32:16.681] [Node:2] [RPC_RECV] [Trace:CLIENT_2_1762162336681070000] 接收到日志命令:650 isLeader:false term:52
2025/11/03 17:32:16 [17:32:16.732] [Node:2] [HEARTBEAT] [Trace:HB_2_52] Follower等心跳 status CANDIDATE term:52 commitIndex:24
2025/11/03 17:32:16 [17:32:16.833] [Node:2] [HEARTBEAT] [Trace:HB_2_52] Follower等心跳 status CANDIDATE term:52 commitIndex:24
2025/11/03 17:32:16 [17:32:16.852] [Node:2] [RPC_RECV] [Trace:CLIENT_2_1762162336852083000] 接收到日志命令:5902 isLeader:false term:52
2025/11/03 17:32:16 [17:32:16.867] [Node:2] [RPC_RECV] [Trace:CLIENT_2_1762162336867622000] 接收到日志命令:4679 isLeader:false term:52
2025/11/03 17:32:16 [17:32:16.871] [Node:2] [RPC_RECV] [Trace:ELEC_1_52][1->2] RequestVote 接受 term:52 candidateId:1 lastLogIndex:2 lastLogTerm:4 currentTerm:52 status:CANDIDATE
2025/11/03 17:32:16 [17:32:16.871] [Node:2] [RPC_RECV] [Trace:ELEC_1_52][1->2] 投票信息 votedFor:2 lastLogTerm:19 lastLogIndex:43
2025/11/03 17:32:16 [17:32:16.871] [Node:2] [RPC_RECV] [Trace:ELEC_1_52][1->2] 投票失败兜底 candidate:1 term:52
2025/11/03 17:32:16 [17:32:16.875] [Node:2] [RPC_RECV] [Trace:CLIENT_2_1762162336875143000] 接收到日志命令:4519 isLeader:false term:52
2025/11/03 17:32:16 [17:32:16.885] [Node:2] [RPC_RECV] [Trace:CLIENT_2_1762162336885371000] 接收到日志命令:3684 isLeader:false term:52
2025/11/03 17:32:16 [17:32:16.901] [Node:2] [RPC_RECV] [Trace:CLIENT_2_1762162336901085000] 接收到日志命令:8869 isLeader:false term:52
2025/11/03 17:32:16 [17:32:16.906] [Node:2] [RPC_RECV] [Trace:CLIENT_2_1762162336906425000] 接收到日志命令:3774 isLeader:false term:52
2025/11/03 17:32:16 [17:32:16.912] [Node:2] [RPC_RECV] [Trace:CLIENT_2_1762162336912321000] 接收到日志命令:215 isLeader:false term:52
2025/11/03 17:32:16 [17:32:16.920] [Node:2] [RPC_RECV] [Trace:CLIENT_2_1762162336920384000] 接收到日志命令:2669 isLeader:false term:52
2025/11/03 17:32:16 [17:32:16.931] [Node:2] [RPC_RECV] [Trace:ELEC_4_53][4->2] RequestVote 接受 term:53 candidateId:4 lastLogIndex:35 lastLogTerm:19 currentTerm:52 status:CANDIDATE
2025/11/03 17:32:16 [17:32:16.931] [Node:2] [INFO] [STATE_CHANGE] CANDIDATE->FOLLOWER term:52 reason:降级成follower
2025/11/03 17:32:16 [17:32:16.932] [Node:2] [RPC_RECV] [Trace:ELEC_4_53][4->2] 投票信息 votedFor:-1 lastLogTerm:19 lastLogIndex:43
2025/11/03 17:32:16 [17:32:16.932] [Node:2] [RPC_RECV] [Trace:ELEC_4_53][4->2] 投票失败兜底 candidate:4 term:53
2025/11/03 17:32:16 [17:32:16.933] [Node:2] [HEARTBEAT] [Trace:HB_2_53] Follower等心跳 status FOLLOWER term:53 commitIndex:24
2025/11/03 17:32:16 [17:32:16.935] [Node:2] [RPC_RECV] [Trace:CLIENT_2_1762162336935473000] 接收到日志命令:2556 isLeader:false term:53
2025/11/03 17:32:16 [17:32:16.948] [Node:2] [RPC_RECV] [Trace:CLIENT_2_1762162336948072000] 接收到日志命令:7364 isLeader:false term:53
2025/11/03 17:32:16 [17:32:16.952] [Node:2] [INFO] [STATE_CHANGE] FOLLOWER->FOLLOWER term:53 reason:变成Candidate
2025/11/03 17:32:16 [17:32:16.952] [Node:2] [TIMER_EVENT] [Trace:TIMER_2] 超时选举 since:356.270041ms threshold:221.274538ms
2025/11/03 17:32:16 [17:32:16.952] [Node:2] [RPC_SEND] [Trace:ELEC_2_54] 发送选举请求
2025/11/03 17:32:16 [17:32:16.952] [Node:2] [RPC_SEND] [Trace:ELEC_2_54] 发送选举请求
2025/11/03 17:32:16 [17:32:16.952] [Node:2] [RPC_SEND] [Trace:ELEC_2_54] 发送选举请求
2025/11/03 17:32:16 [17:32:16.952] [Node:2] [RPC_SEND] [Trace:ELEC_2_54] 发送选举请求
2025/11/03 17:32:16 [17:32:16.962] [Node:2] [RPC_RECV] [Trace:CLIENT_2_1762162336962067000] 接收到日志命令:9025 isLeader:false term:54
2025/11/03 17:32:16 [17:32:16.972] [Node:2] [RPC_RECV] [Trace:CLIENT_2_1762162336972964000] 接收到日志命令:3905 isLeader:false term:54
2025/11/03 17:32:16 [17:32:16.988] [Node:2] [RPC_RECV] [Trace:CLIENT_2_1762162336988714000] 接收到日志命令:8480 isLeader:false term:54
2025/11/03 17:32:16 [17:32:16.992] [Node:2] [RPC_SEND] [Trace:ELEC_2_46] 处理投票返回 for term 46 reply:{46 true}
2025/11/03 17:32:17 [17:32:17.005] [Node:2] [RPC_RECV] [Trace:CLIENT_2_1762162337005044000] 接收到日志命令:3677 isLeader:false term:54
2025/11/03 17:32:17 [17:32:17.018] [Node:2] [RPC_RECV] [Trace:CLIENT_2_1762162337018411000] 接收到日志命令:2194 isLeader:false term:54
2025/11/03 17:32:17 [17:32:17.028] [Node:2] [RPC_RECV] [Trace:CLIENT_2_1762162337028685000] 接收到日志命令:8977 isLeader:false term:54
2025/11/03 17:32:17 [17:32:17.033] [Node:2] [HEARTBEAT] [Trace:HB_2_54] Follower等心跳 status CANDIDATE term:54 commitIndex:24
2025/11/03 17:32:17 [17:32:17.037] [Node:2] [RPC_RECV] [Trace:CLIENT_2_1762162337037432000] 接收到日志命令:7501 isLeader:false term:54
2025/11/03 17:32:17 [17:32:17.047] [Node:2] [RPC_RECV] [Trace:CLIENT_2_1762162337047206000] 接收到日志命令:5697 isLeader:false term:54
2025/11/03 17:32:17 [17:32:17.134] [Node:2] [HEARTBEAT] [Trace:HB_2_54] Follower等心跳 status CANDIDATE term:54 commitIndex:24
2025/11/03 17:32:17 [17:32:17.194] [Node:2] [RPC_RECV] [Trace:ELEC_1_55][1->2] RequestVote 接受 term:55 candidateId:1 lastLogIndex:2 lastLogTerm:4 currentTerm:54 status:CANDIDATE
2025/11/03 17:32:17 [17:32:17.194] [Node:2] [INFO] [STATE_CHANGE] CANDIDATE->FOLLOWER term:54 reason:降级成follower
2025/11/03 17:32:17 [17:32:17.195] [Node:2] [RPC_RECV] [Trace:ELEC_1_55][1->2] 投票信息 votedFor:-1 lastLogTerm:19 lastLogIndex:43
2025/11/03 17:32:17 [17:32:17.195] [Node:2] [RPC_RECV] [Trace:ELEC_1_55][1->2] 投票失败兜底 candidate:1 term:55
2025/11/03 17:32:17 [17:32:17.216] [Node:2] [INFO] [STATE_CHANGE] FOLLOWER->FOLLOWER term:55 reason:变成Candidate
2025/11/03 17:32:17 [17:32:17.216] [Node:2] [TIMER_EVENT] [Trace:TIMER_2] 超时选举 since:263.502042ms threshold:224.728019ms
2025/11/03 17:32:17 [17:32:17.216] [Node:2] [RPC_SEND] [Trace:ELEC_2_56] 发送选举请求
2025/11/03 17:32:17 [17:32:17.216] [Node:2] [RPC_SEND] [Trace:ELEC_2_56] 发送选举请求
2025/11/03 17:32:17 [17:32:17.216] [Node:2] [RPC_SEND] [Trace:ELEC_2_56] 发送选举请求
2025/11/03 17:32:17 [17:32:17.216] [Node:2] [RPC_SEND] [Trace:ELEC_2_56] 发送选举请求
2025/11/03 17:32:17 [17:32:17.234] [Node:2] [HEARTBEAT] [Trace:HB_2_56] Follower等心跳 status CANDIDATE term:56 commitIndex:24
2025/11/03 17:32:17 [17:32:17.252] [Node:2] [RPC_SEND] [Trace:ELEC_2_48] 处理投票返回 for term 48 reply:{48 false}
2025/11/03 17:32:17 [17:32:17.334] [Node:2] [HEARTBEAT] [Trace:HB_2_56] Follower等心跳 status CANDIDATE term:56 commitIndex:24
2025/11/03 17:32:17 [17:32:17.349] [Node:2] [RPC_SEND] [Trace:ELEC_2_50] 处理投票返回 for term 50 reply:{50 true}
2025/11/03 17:32:17 [17:32:17.430] [Node:2] [RPC_RECV] [Trace:ELEC_4_57][4->2] RequestVote 接受 term:57 candidateId:4 lastLogIndex:35 lastLogTerm:19 currentTerm:56 status:CANDIDATE
2025/11/03 17:32:17 [17:32:17.430] [Node:2] [INFO] [STATE_CHANGE] CANDIDATE->FOLLOWER term:56 reason:降级成follower
2025/11/03 17:32:17 [17:32:17.431] [Node:2] [RPC_RECV] [Trace:ELEC_4_57][4->2] 投票信息 votedFor:-1 lastLogTerm:19 lastLogIndex:43
2025/11/03 17:32:17 [17:32:17.431] [Node:2] [RPC_RECV] [Trace:ELEC_4_57][4->2] 投票失败兜底 candidate:4 term:57
2025/11/03 17:32:17 [17:32:17.434] [Node:2] [RPC_RECV] [Trace:CLIENT_2_1762162337434657000] 接收到日志命令:8698 isLeader:false term:57
2025/11/03 17:32:17 [17:32:17.435] [Node:2] [HEARTBEAT] [Trace:HB_2_57] Follower等心跳 status FOLLOWER term:57 commitIndex:24
2025/11/03 17:32:17 [17:32:17.443] [Node:2] [RPC_RECV] [Trace:CLIENT_2_1762162337443167000] 接收到日志命令:8222 isLeader:false term:57
2025/11/03 17:32:17 [17:32:17.452] [Node:2] [INFO] [STATE_CHANGE] FOLLOWER->FOLLOWER term:57 reason:变成Candidate
2025/11/03 17:32:17 [17:32:17.452] [Node:2] [TIMER_EVENT] [Trace:TIMER_2] 超时选举 since:235.995ms threshold:231.43875ms
2025/11/03 17:32:17 [17:32:17.452] [Node:2] [RPC_SEND] [Trace:ELEC_2_58] 发送选举请求
2025/11/03 17:32:17 [17:32:17.452] [Node:2] [RPC_SEND] [Trace:ELEC_2_58] 发送选举请求
2025/11/03 17:32:17 [17:32:17.452] [Node:2] [RPC_SEND] [Trace:ELEC_2_58] 发送选举请求
2025/11/03 17:32:17 [17:32:17.452] [Node:2] [RPC_SEND] [Trace:ELEC_2_58] 发送选举请求
2025/11/03 17:32:17 [17:32:17.455] [Node:2] [RPC_RECV] [Trace:ELEC_1_53][1->2] RequestVote 接受 term:53 candidateId:1 lastLogIndex:2 lastLogTerm:4 currentTerm:58 status:CANDIDATE
2025/11/03 17:32:17 [17:32:17.456] [Node:2] [RPC_RECV] [Trace:CLIENT_2_1762162337456172000] 接收到日志命令:4285 isLeader:false term:58
2025/11/03 17:32:17 [17:32:17.465] [Node:2] [RPC_RECV] [Trace:CLIENT_2_1762162337465270000] 接收到日志命令:9 isLeader:false term:58
2025/11/03 17:32:17 [17:32:17.478] [Node:2] [RPC_RECV] [Trace:CLIENT_2_1762162337478832000] 接收到日志命令:1802 isLeader:false term:58
2025/11/03 17:32:17 [17:32:17.495] [Node:2] [RPC_RECV] [Trace:CLIENT_2_1762162337495617000] 接收到日志命令:8017 isLeader:false term:58
2025/11/03 17:32:17 [17:32:17.500] [Node:2] [RPC_RECV] [Trace:CLIENT_2_1762162337500231000] 接收到日志命令:9575 isLeader:false term:58
2025/11/03 17:32:17 [17:32:17.536] [Node:2] [HEARTBEAT] [Trace:HB_2_58] Follower等心跳 status CANDIDATE term:58 commitIndex:24
2025/11/03 17:32:17 [17:32:17.542] [Node:2] [RPC_SEND] [Trace:ELEC_2_54] 处理投票返回 for term 54 reply:{54 true}
2025/11/03 17:32:17 [17:32:17.641] [Node:2] [HEARTBEAT] [Trace:HB_2_58] Follower等心跳 status CANDIDATE term:58 commitIndex:24
2025/11/03 17:32:17 [17:32:17.681] [Node:2] [RPC_RECV] [Trace:ELEC_4_59][4->2] RequestVote 接受 term:59 candidateId:4 lastLogIndex:35 lastLogTerm:19 currentTerm:58 status:CANDIDATE
2025/11/03 17:32:17 [17:32:17.682] [Node:2] [INFO] [STATE_CHANGE] CANDIDATE->FOLLOWER term:58 reason:降级成follower
2025/11/03 17:32:17 [17:32:17.683] [Node:2] [RPC_RECV] [Trace:ELEC_4_59][4->2] 投票信息 votedFor:-1 lastLogTerm:19 lastLogIndex:43
2025/11/03 17:32:17 [17:32:17.683] [Node:2] [RPC_RECV] [Trace:ELEC_4_59][4->2] 投票失败兜底 candidate:4 term:59
2025/11/03 17:32:17 [17:32:17.731] [Node:2] [RPC_SEND] [Trace:ELEC_2_58] 处理投票返回 for term 58 reply:{58 true}
2025/11/03 17:32:17 [17:32:17.741] [Node:2] [HEARTBEAT] [Trace:HB_2_59] Follower等心跳 status FOLLOWER term:59 commitIndex:24
2025/11/03 17:32:17 [17:32:17.762] [Node:2] [INFO] [STATE_CHANGE] FOLLOWER->FOLLOWER term:59 reason:变成Candidate
2025/11/03 17:32:17 [17:32:17.762] [Node:2] [TIMER_EVENT] [Trace:TIMER_2] 超时选举 since:310.213292ms threshold:286.300981ms
2025/11/03 17:32:17 [17:32:17.762] [Node:2] [RPC_SEND] [Trace:ELEC_2_60] 发送选举请求
2025/11/03 17:32:17 [17:32:17.762] [Node:2] [RPC_SEND] [Trace:ELEC_2_60] 发送选举请求
2025/11/03 17:32:17 [17:32:17.762] [Node:2] [RPC_SEND] [Trace:ELEC_2_60] 发送选举请求
2025/11/03 17:32:17 [17:32:17.762] [Node:2] [RPC_SEND] [Trace:ELEC_2_60] 发送选举请求
2025/11/03 17:32:17 [17:32:17.793] [Node:2] [RPC_SEND] [Trace:ELEC_2_60] 处理投票返回 for term 60 reply:{60 true}
2025/11/03 17:32:17 [17:32:17.828] [Node:2] [RPC_SEND] [Trace:ELEC_2_56] 处理投票返回 for term 56 reply:{56 false}
2025/11/03 17:32:17 [17:32:17.841] [Node:2] [HEARTBEAT] [Trace:HB_2_60] Follower等心跳 status CANDIDATE term:60 commitIndex:24
2025/11/03 17:32:17 [17:32:17.942] [Node:2] [HEARTBEAT] [Trace:HB_2_60] Follower等心跳 status CANDIDATE term:60 commitIndex:24
2025/11/03 17:32:17 [17:32:17.987] [Node:2] [RPC_RECV] [Trace:CLIENT_2_1762162337987680000] 接收到日志命令:4276 isLeader:false term:60
2025/11/03 17:32:18 [17:32:18.005] [Node:2] [RPC_RECV] [Trace:CLIENT_2_1762162338005827000] 接收到日志命令:7481 isLeader:false term:60
2025/11/03 17:32:18 [17:32:18.024] [Node:2] [RPC_RECV] [Trace:CLIENT_2_1762162338024966000] 接收到日志命令:4036 isLeader:false term:60
2025/11/03 17:32:18 [17:32:18.040] [Node:2] [RPC_RECV] [Trace:CLIENT_2_1762162338040972000] 接收到日志命令:2880 isLeader:false term:60
2025/11/03 17:32:18 [17:32:18.042] [Node:2] [HEARTBEAT] [Trace:HB_2_60] Follower等心跳 status CANDIDATE term:60 commitIndex:24
2025/11/03 17:32:18 [17:32:18.051] [Node:2] [RPC_RECV] [Trace:ELEC_1_61][1->2] RequestVote 接受 term:61 candidateId:1 lastLogIndex:2 lastLogTerm:4 currentTerm:60 status:CANDIDATE
2025/11/03 17:32:18 [17:32:18.051] [Node:2] [INFO] [STATE_CHANGE] CANDIDATE->FOLLOWER term:60 reason:降级成follower
2025/11/03 17:32:18 [17:32:18.051] [Node:2] [RPC_RECV] [Trace:ELEC_1_61][1->2] 投票信息 votedFor:-1 lastLogTerm:19 lastLogIndex:43
2025/11/03 17:32:18 [17:32:18.051] [Node:2] [RPC_RECV] [Trace:ELEC_1_61][1->2] 投票失败兜底 candidate:1 term:61
2025/11/03 17:32:18 [17:32:18.057] [Node:2] [RPC_RECV] [Trace:CLIENT_2_1762162338057168000] 接收到日志命令:1615 isLeader:false term:61
2025/11/03 17:32:18 [17:32:18.085] [Node:2] [INFO] [STATE_CHANGE] FOLLOWER->FOLLOWER term:61 reason:变成Candidate
2025/11/03 17:32:18 [17:32:18.085] [Node:2] [TIMER_EVENT] [Trace:TIMER_2] 超时选举 since:322.37ms threshold:317.016549ms
2025/11/03 17:32:18 [17:32:18.085] [Node:2] [RPC_SEND] [Trace:ELEC_2_62] 发送选举请求
2025/11/03 17:32:18 [17:32:18.085] [Node:2] [RPC_SEND] [Trace:ELEC_2_62] 发送选举请求
2025/11/03 17:32:18 [17:32:18.085] [Node:2] [RPC_SEND] [Trace:ELEC_2_62] 发送选举请求
2025/11/03 17:32:18 [17:32:18.085] [Node:2] [RPC_SEND] [Trace:ELEC_2_62] 发送选举请求
2025/11/03 17:32:18 [17:32:18.118] [Node:2] [RPC_SEND] [Trace:ELEC_2_62] 处理投票返回 for term 62 reply:{62 true}
2025/11/03 17:32:18 [17:32:18.118] [Node:2] [RPC_SEND] [Trace:ELEC_2_54] 处理投票返回 for term 54 reply:{54 true}
2025/11/03 17:32:18 [17:32:18.142] [Node:2] [HEARTBEAT] [Trace:HB_2_62] Follower等心跳 status CANDIDATE term:62 commitIndex:24
2025/11/03 17:32:18 [17:32:18.213] [Node:2] [RPC_RECV] [Trace:CLIENT_2_1762162338213084000] 接收到日志命令:8837 isLeader:false term:62
2025/11/03 17:32:18 [17:32:18.240] [Node:2] [RPC_RECV] [Trace:CLIENT_2_1762162338240495000] 接收到日志命令:4512 isLeader:false term:62
2025/11/03 17:32:18 [17:32:18.243] [Node:2] [HEARTBEAT] [Trace:HB_2_62] Follower等心跳 status CANDIDATE term:62 commitIndex:24
2025/11/03 17:32:18 [17:32:18.246] [Node:2] [RPC_RECV] [Trace:CLIENT_2_1762162338246062000] 接收到日志命令:5809 isLeader:false term:62
2025/11/03 17:32:18 [17:32:18.258] [Node:2] [RPC_RECV] [Trace:CLIENT_2_1762162338258536000] 接收到日志命令:7279 isLeader:false term:62
2025/11/03 17:32:18 [17:32:18.272] [Node:2] [RPC_RECV] [Trace:CLIENT_2_1762162338272292000] 接收到日志命令:2452 isLeader:false term:62
2025/11/03 17:32:18 [17:32:18.288] [Node:2] [RPC_RECV] [Trace:CLIENT_2_1762162338288965000] 接收到日志命令:1387 isLeader:false term:62
2025/11/03 17:32:18 [17:32:18.296] [Node:2] [RPC_RECV] [Trace:CLIENT_2_1762162338296275000] 接收到日志命令:359 isLeader:false term:62
2025/11/03 17:32:18 [17:32:18.307] [Node:2] [RPC_RECV] [Trace:CLIENT_2_1762162338307627000] 接收到日志命令:2275 isLeader:false term:62
2025/11/03 17:32:18 [17:32:18.316] [Node:2] [RPC_RECV] [Trace:CLIENT_2_1762162338316689000] 接收到日志命令:3846 isLeader:false term:62
2025/11/03 17:32:18 [17:32:18.327] [Node:2] [RPC_RECV] [Trace:CLIENT_2_1762162338327119000] 接收到日志命令:4516 isLeader:false term:62
2025/11/03 17:32:18 [17:32:18.331] [Node:2] [RPC_RECV] [Trace:CLIENT_2_1762162338331313000] 接收到日志命令:7040 isLeader:false term:62
2025/11/03 17:32:18 [17:32:18.335] [Node:2] [RPC_RECV] [Trace:ELEC_4_63][4->2] RequestVote 接受 term:63 candidateId:4 lastLogIndex:35 lastLogTerm:19 currentTerm:62 status:CANDIDATE
2025/11/03 17:32:18 [17:32:18.335] [Node:2] [INFO] [STATE_CHANGE] CANDIDATE->FOLLOWER term:62 reason:降级成follower
2025/11/03 17:32:18 [17:32:18.335] [Node:2] [RPC_RECV] [Trace:ELEC_4_63][4->2] 投票信息 votedFor:-1 lastLogTerm:19 lastLogIndex:43
2025/11/03 17:32:18 [17:32:18.336] [Node:2] [RPC_RECV] [Trace:ELEC_4_63][4->2] 投票失败兜底 candidate:4 term:63
2025/11/03 17:32:18 [17:32:18.343] [Node:2] [HEARTBEAT] [Trace:HB_2_63] Follower等心跳 status FOLLOWER term:63 commitIndex:24
2025/11/03 17:32:18 [17:32:18.346] [Node:2] [RPC_RECV] [Trace:CLIENT_2_1762162338346235000] 接收到日志命令:9963 isLeader:false term:63
2025/11/03 17:32:18 [17:32:18.352] [Node:2] [RPC_SEND] [Trace:ELEC_2_56] 处理投票返回 for term 56 reply:{56 true}
2025/11/03 17:32:18 [17:32:18.355] [Node:2] [RPC_RECV] [Trace:CLIENT_2_1762162338355062000] 接收到日志命令:9239 isLeader:false term:63
2025/11/03 17:32:18 [17:32:18.358] [Node:2] [RPC_RECV] [Trace:CLIENT_2_1762162338358921000] 接收到日志命令:5244 isLeader:false term:63
2025/11/03 17:32:18 [17:32:18.372] [Node:2] [RPC_RECV] [Trace:CLIENT_2_1762162338372206000] 接收到日志命令:4673 isLeader:false term:63
2025/11/03 17:32:18 [17:32:18.372] [Node:2] [INFO] [STATE_CHANGE] FOLLOWER->FOLLOWER term:63 reason:变成Candidate
2025/11/03 17:32:18 [17:32:18.372] [Node:2] [TIMER_EVENT] [Trace:TIMER_2] 超时选举 since:287.4025ms threshold:277.438976ms
2025/11/03 17:32:18 [17:32:18.372] [Node:2] [RPC_SEND] [Trace:ELEC_2_64] 发送选举请求
2025/11/03 17:32:18 [17:32:18.372] [Node:2] [RPC_SEND] [Trace:ELEC_2_64] 发送选举请求
2025/11/03 17:32:18 [17:32:18.372] [Node:2] [RPC_SEND] [Trace:ELEC_2_64] 发送选举请求
2025/11/03 17:32:18 [17:32:18.373] [Node:2] [RPC_SEND] [Trace:ELEC_2_64] 发送选举请求
2025/11/03 17:32:18 [17:32:18.387] [Node:2] [RPC_RECV] [Trace:CLIENT_2_1762162338387329000] 接收到日志命令:4215 isLeader:false term:64
2025/11/03 17:32:18 [17:32:18.401] [Node:2] [RPC_RECV] [Trace:CLIENT_2_1762162338401417000] 接收到日志命令:972 isLeader:false term:64
2025/11/03 17:32:18 [17:32:18.409] [Node:2] [RPC_RECV] [Trace:CLIENT_2_1762162338409607000] 接收到日志命令:3518 isLeader:false term:64
2025/11/03 17:32:18 [17:32:18.419] [Node:2] [RPC_RECV] [Trace:CLIENT_2_1762162338419874000] 接收到日志命令:7760 isLeader:false term:64
2025/11/03 17:32:18 [17:32:18.433] [Node:2] [RPC_RECV] [Trace:CLIENT_2_1762162338433825000] 接收到日志命令:6636 isLeader:false term:64
2025/11/03 17:32:18 [17:32:18.444] [Node:2] [HEARTBEAT] [Trace:HB_2_64] Follower等心跳 status CANDIDATE term:64 commitIndex:24
2025/11/03 17:32:18 [17:32:18.444] [Node:2] [RPC_RECV] [Trace:CLIENT_2_1762162338444234000] 接收到日志命令:9871 isLeader:false term:64
2025/11/03 17:32:18 [17:32:18.454] [Node:2] [RPC_RECV] [Trace:CLIENT_2_1762162338454702000] 接收到日志命令:7530 isLeader:false term:64
2025/11/03 17:32:18 [17:32:18.464] [Node:2] [RPC_RECV] [Trace:CLIENT_2_1762162338464748000] 接收到日志命令:264 isLeader:false term:64
2025/11/03 17:32:18 [17:32:18.468] [Node:2] [RPC_RECV] [Trace:CLIENT_2_1762162338468772000] 接收到日志命令:967 isLeader:false term:64
2025/11/03 17:32:18 [17:32:18.482] [Node:2] [RPC_RECV] [Trace:CLIENT_2_1762162338482212000] 接收到日志命令:9756 isLeader:false term:64
2025/11/03 17:32:18 [17:32:18.491] [Node:2] [RPC_RECV] [Trace:CLIENT_2_1762162338491007000] 接收到日志命令:3404 isLeader:false term:64
2025/11/03 17:32:18 [17:32:18.496] [Node:2] [RPC_SEND] [Trace:ELEC_2_62] 处理投票返回 for term 62 reply:{62 true}
2025/11/03 17:32:18 [17:32:18.500] [Node:2] [RPC_RECV] [Trace:CLIENT_2_1762162338500647000] 接收到日志命令:2160 isLeader:false term:64
2025/11/03 17:32:18 [17:32:18.504] [Node:2] [RPC_RECV] [Trace:CLIENT_2_1762162338504684000] 接收到日志命令:4481 isLeader:false term:64
2025/11/03 17:32:18 [17:32:18.518] [Node:2] [RPC_RECV] [Trace:CLIENT_2_1762162338518859000] 接收到日志命令:8249 isLeader:false term:64
2025/11/03 17:32:18 [17:32:18.532] [Node:2] [RPC_RECV] [Trace:CLIENT_2_1762162338532029000] 接收到日志命令:6728 isLeader:false term:64
2025/11/03 17:32:18 [17:32:18.544] [Node:2] [HEARTBEAT] [Trace:HB_2_64] Follower等心跳 status CANDIDATE term:64 commitIndex:24
2025/11/03 17:32:18 [17:32:18.548] [Node:2] [RPC_RECV] [Trace:CLIENT_2_1762162338548414000] 接收到日志命令:5400 isLeader:false term:64
2025/11/03 17:32:18 [17:32:18.560] [Node:2] [RPC_RECV] [Trace:CLIENT_2_1762162338560202000] 接收到日志命令:9476 isLeader:false term:64
2025/11/03 17:32:18 [17:32:18.643] [Node:2] [RPC_SEND] [Trace:ELEC_2_64] 处理投票返回 for term 64 reply:{64 true}
2025/11/03 17:32:18 [17:32:18.644] [Node:2] [HEARTBEAT] [Trace:HB_2_64] Follower等心跳 status CANDIDATE term:64 commitIndex:24
2025/11/03 17:32:18 [17:32:18.648] [Node:2] [INFO] [STATE_CHANGE] CANDIDATE->FOLLOWER term:64 reason:变成Candidate
2025/11/03 17:32:18 [17:32:18.649] [Node:2] [TIMER_EVENT] [Trace:TIMER_2] 超时选举 since:276.163959ms threshold:202.72763ms
2025/11/03 17:32:18 [17:32:18.649] [Node:2] [RPC_SEND] [Trace:ELEC_2_65] 发送选举请求
2025/11/03 17:32:18 [17:32:18.649] [Node:2] [RPC_SEND] [Trace:ELEC_2_65] 发送选举请求
2025/11/03 17:32:18 [17:32:18.649] [Node:2] [RPC_SEND] [Trace:ELEC_2_65] 发送选举请求
2025/11/03 17:32:18 [17:32:18.649] [Node:2] [RPC_SEND] [Trace:ELEC_2_65] 发送选举请求
2025/11/03 17:32:18 [17:32:18.664] [Node:2] [RPC_RECV] [Trace:ELEC_1_65][1->2] RequestVote 接受 term:65 candidateId:1 lastLogIndex:2 lastLogTerm:4 currentTerm:65 status:CANDIDATE
2025/11/03 17:32:18 [17:32:18.665] [Node:2] [RPC_RECV] [Trace:ELEC_1_65][1->2] 投票信息 votedFor:2 lastLogTerm:19 lastLogIndex:43
2025/11/03 17:32:18 [17:32:18.665] [Node:2] [RPC_RECV] [Trace:ELEC_1_65][1->2] 投票失败兜底 candidate:1 term:65
2025/11/03 17:32:18 [17:32:18.716] [Node:2] [RPC_RECV] [Trace:CLIENT_2_1762162338716134000] 接收到日志命令:7799 isLeader:false term:65
2025/11/03 17:32:18 [17:32:18.729] [Node:2] [RPC_RECV] [Trace:CLIENT_2_1762162338729674000] 接收到日志命令:5194 isLeader:false term:65
2025/11/03 17:32:18 [17:32:18.744] [Node:2] [HEARTBEAT] [Trace:HB_2_65] Follower等心跳 status CANDIDATE term:65 commitIndex:24
2025/11/03 17:32:18 [17:32:18.745] [Node:2] [RPC_RECV] [Trace:CLIENT_2_1762162338745117000] 接收到日志命令:4274 isLeader:false term:65
2025/11/03 17:32:18 [17:32:18.757] [Node:2] [RPC_RECV] [Trace:CLIENT_2_1762162338757023000] 接收到日志命令:121 isLeader:false term:65
2025/11/03 17:32:18 [17:32:18.766] [Node:2] [RPC_RECV] [Trace:CLIENT_2_1762162338766724000] 接收到日志命令:8478 isLeader:false term:65
2025/11/03 17:32:18 [17:32:18.771] [Node:2] [RPC_RECV] [Trace:CLIENT_2_1762162338771143000] 接收到日志命令:6527 isLeader:false term:65
2025/11/03 17:32:18 [17:32:18.786] [Node:2] [RPC_RECV] [Trace:CLIENT_2_1762162338786902000] 接收到日志命令:3112 isLeader:false term:65
2025/11/03 17:32:18 [17:32:18.798] [Node:2] [RPC_RECV] [Trace:CLIENT_2_1762162338798356000] 接收到日志命令:4543 isLeader:false term:65
2025/11/03 17:32:18 [17:32:18.799] [Node:2] [RPC_SEND] [Trace:ELEC_2_64] 处理投票返回 for term 64 reply:{64 true}
2025/11/03 17:32:18 [17:32:18.810] [Node:2] [RPC_RECV] [Trace:CLIENT_2_1762162338810778000] 接收到日志命令:8079 isLeader:false term:65
2025/11/03 17:32:18 [17:32:18.819] [Node:2] [RPC_RECV] [Trace:CLIENT_2_1762162338819058000] 接收到日志命令:9300 isLeader:false term:65
2025/11/03 17:32:18 [17:32:18.823] [Node:2] [RPC_RECV] [Trace:CLIENT_2_1762162338823535000] 接收到日志命令:3804 isLeader:false term:65
2025/11/03 17:32:18 [17:32:18.844] [Node:2] [HEARTBEAT] [Trace:HB_2_65] Follower等心跳 status CANDIDATE term:65 commitIndex:24
2025/11/03 17:32:18 [17:32:18.891] [Node:2] [INFO] [STATE_CHANGE] CANDIDATE->FOLLOWER term:65 reason:变成Candidate
2025/11/03 17:32:18 [17:32:18.891] [Node:2] [TIMER_EVENT] [Trace:TIMER_2] 超时选举 since:242.29175ms threshold:235.197284ms
2025/11/03 17:32:18 [17:32:18.891] [Node:2] [RPC_SEND] [Trace:ELEC_2_66] 发送选举请求
2025/11/03 17:32:18 [17:32:18.891] [Node:2] [RPC_SEND] [Trace:ELEC_2_66] 发送选举请求
2025/11/03 17:32:18 [17:32:18.891] [Node:2] [RPC_SEND] [Trace:ELEC_2_66] 发送选举请求
2025/11/03 17:32:18 [17:32:18.891] [Node:2] [RPC_SEND] [Trace:ELEC_2_66] 发送选举请求
2025/11/03 17:32:18 [17:32:18.930] [Node:2] [RPC_RECV] [Trace:CLIENT_2_1762162338930089000] 接收到日志命令:7184 isLeader:false term:66
2025/11/03 17:32:18 [17:32:18.943] [Node:2] [RPC_RECV] [Trace:CLIENT_2_1762162338943116000] 接收到日志命令:2535 isLeader:false term:66
2025/11/03 17:32:18 [17:32:18.945] [Node:2] [HEARTBEAT] [Trace:HB_2_66] Follower等心跳 status CANDIDATE term:66 commitIndex:24
2025/11/03 17:32:18 [17:32:18.957] [Node:2] [RPC_RECV] [Trace:CLIENT_2_1762162338957222000] 接收到日志命令:4480 isLeader:false term:66
2025/11/03 17:32:18 [17:32:18.968] [Node:2] [RPC_RECV] [Trace:CLIENT_2_1762162338968764000] 接收到日志命令:2565 isLeader:false term:66
2025/11/03 17:32:18 [17:32:18.977] [Node:2] [RPC_RECV] [Trace:CLIENT_2_1762162338977200000] 接收到日志命令:9068 isLeader:false term:66
2025/11/03 17:32:18 [17:32:18.988] [Node:2] [RPC_RECV] [Trace:CLIENT_2_1762162338988771000] 接收到日志命令:3643 isLeader:false term:66
2025/11/03 17:32:18 [17:32:18.994] [Node:2] [RPC_RECV] [Trace:CLIENT_2_1762162338994279000] 接收到日志命令:7680 isLeader:false term:66
2025/11/03 17:32:19 [17:32:19.003] [Node:2] [RPC_RECV] [Trace:CLIENT_2_1762162339003191000] 接收到日志命令:7557 isLeader:false term:66
2025/11/03 17:32:19 [17:32:19.020] [Node:2] [RPC_RECV] [Trace:CLIENT_2_1762162339020038000] 接收到日志命令:6223 isLeader:false term:66
2025/11/03 17:32:19 [17:32:19.033] [Node:2] [RPC_RECV] [Trace:CLIENT_2_1762162339033071000] 接收到日志命令:2083 isLeader:false term:66
2025/11/03 17:32:19 [17:32:19.045] [Node:2] [HEARTBEAT] [Trace:HB_2_66] Follower等心跳 status CANDIDATE term:66 commitIndex:24
2025/11/03 17:32:19 [17:32:19.045] [Node:2] [RPC_RECV] [Trace:CLIENT_2_1762162339045618000] 接收到日志命令:2747 isLeader:false term:66
2025/11/03 17:32:19 [17:32:19.057] [Node:2] [RPC_RECV] [Trace:CLIENT_2_1762162339057935000] 接收到日志命令:4149 isLeader:false term:66
2025/11/03 17:32:19 [17:32:19.065] [Node:2] [RPC_RECV] [Trace:CLIENT_2_1762162339065736000] 接收到日志命令:1321 isLeader:false term:66
2025/11/03 17:32:19 [17:32:19.077] [Node:2] [RPC_RECV] [Trace:CLIENT_2_1762162339077382000] 接收到日志命令:217 isLeader:false term:66
2025/11/03 17:32:19 [17:32:19.082] [Node:2] [RPC_RECV] [Trace:CLIENT_2_1762162339082159000] 接收到日志命令:9248 isLeader:false term:66
2025/11/03 17:32:19 [17:32:19.083] [Node:2] [RPC_SEND] [Trace:ELEC_2_65] 处理投票返回 for term 65 reply:{65 true}
2025/11/03 17:32:19 [17:32:19.093] [Node:2] [RPC_RECV] [Trace:CLIENT_2_1762162339093329000] 接收到日志命令:7515 isLeader:false term:66
2025/11/03 17:32:19 [17:32:19.102] [Node:2] [RPC_RECV] [Trace:CLIENT_2_1762162339102959000] 接收到日志命令:9694 isLeader:false term:66
2025/11/03 17:32:19 [17:32:19.115] [Node:2] [RPC_RECV] [Trace:CLIENT_2_1762162339115280000] 接收到日志命令:5985 isLeader:false term:66
2025/11/03 17:32:19 [17:32:19.123] [Node:2] [RPC_RECV] [Trace:CLIENT_2_1762162339123577000] 接收到日志命令:2355 isLeader:false term:66
2025/11/03 17:32:19 [17:32:19.144] [Node:2] [RPC_RECV] [Trace:ELEC_1_67][1->2] RequestVote 接受 term:67 candidateId:1 lastLogIndex:2 lastLogTerm:4 currentTerm:66 status:CANDIDATE
2025/11/03 17:32:19 [17:32:19.144] [Node:2] [INFO] [STATE_CHANGE] CANDIDATE->FOLLOWER term:66 reason:降级成follower
2025/11/03 17:32:19 [17:32:19.145] [Node:2] [RPC_RECV] [Trace:ELEC_1_67][1->2] 投票信息 votedFor:-1 lastLogTerm:19 lastLogIndex:43
2025/11/03 17:32:19 [17:32:19.145] [Node:2] [RPC_RECV] [Trace:ELEC_1_67][1->2] 投票失败兜底 candidate:1 term:67
2025/11/03 17:32:19 [17:32:19.145] [Node:2] [HEARTBEAT] [Trace:HB_2_67] Follower等心跳 status FOLLOWER term:67 commitIndex:24
2025/11/03 17:32:19 [17:32:19.154] [Node:2] [INFO] [STATE_CHANGE] FOLLOWER->FOLLOWER term:67 reason:变成Candidate
2025/11/03 17:32:19 [17:32:19.154] [Node:2] [TIMER_EVENT] [Trace:TIMER_2] 超时选举 since:263.207ms threshold:214.042563ms
2025/11/03 17:32:19 [17:32:19.154] [Node:2] [RPC_SEND] [Trace:ELEC_2_68] 发送选举请求
2025/11/03 17:32:19 [17:32:19.154] [Node:2] [RPC_SEND] [Trace:ELEC_2_68] 发送选举请求
2025/11/03 17:32:19 [17:32:19.154] [Node:2] [RPC_SEND] [Trace:ELEC_2_68] 发送选举请求
2025/11/03 17:32:19 [17:32:19.155] [Node:2] [RPC_SEND] [Trace:ELEC_2_68] 发送选举请求
2025/11/03 17:32:19 [17:32:19.156] [Node:2] [RPC_RECV] [Trace:ELEC_4_67][4->2] RequestVote 接受 term:67 candidateId:4 lastLogIndex:35 lastLogTerm:19 currentTerm:68 status:CANDIDATE
2025/11/03 17:32:19 [17:32:19.246] [Node:2] [HEARTBEAT] [Trace:HB_2_68] Follower等心跳 status CANDIDATE term:68 commitIndex:24
2025/11/03 17:32:19 [17:32:19.329] [Node:2] [RPC_SEND] [Trace:ELEC_2_66] 处理投票返回 for term 66 reply:{66 true}
2025/11/03 17:32:19 [17:32:19.346] [Node:2] [HEARTBEAT] [Trace:HB_2_68] Follower等心跳 status CANDIDATE term:68 commitIndex:24
2025/11/03 17:32:19 [17:32:19.355] [Node:2] [RPC_SEND] [Trace:ELEC_2_58] 处理投票返回 for term 58 reply:{58 true}
2025/11/03 17:32:19 [17:32:19.398] [Node:2] [INFO] [STATE_CHANGE] CANDIDATE->FOLLOWER term:68 reason:变成Candidate
2025/11/03 17:32:19 [17:32:19.398] [Node:2] [TIMER_EVENT] [Trace:TIMER_2] 超时选举 since:243.9675ms threshold:215.083369ms
2025/11/03 17:32:19 [17:32:19.398] [Node:2] [RPC_SEND] [Trace:ELEC_2_69] 发送选举请求
2025/11/03 17:32:19 [17:32:19.398] [Node:2] [RPC_SEND] [Trace:ELEC_2_69] 发送选举请求
2025/11/03 17:32:19 [17:32:19.399] [Node:2] [RPC_SEND] [Trace:ELEC_2_69] 发送选举请求
2025/11/03 17:32:19 [17:32:19.398] [Node:2] [RPC_SEND] [Trace:ELEC_2_69] 发送选举请求
2025/11/03 17:32:19 [17:32:19.416] [Node:2] [RPC_SEND] [Trace:ELEC_2_69] 处理投票返回 for term 69 reply:{69 false}
2025/11/03 17:32:19 [17:32:19.445] [Node:2] [RPC_RECV] [Trace:ELEC_4_69][4->2] RequestVote 接受 term:69 candidateId:4 lastLogIndex:35 lastLogTerm:19 currentTerm:69 status:CANDIDATE
2025/11/03 17:32:19 [17:32:19.445] [Node:2] [RPC_RECV] [Trace:ELEC_4_69][4->2] 投票信息 votedFor:2 lastLogTerm:19 lastLogIndex:43
2025/11/03 17:32:19 [17:32:19.445] [Node:2] [RPC_RECV] [Trace:ELEC_4_69][4->2] 投票失败兜底 candidate:4 term:69
2025/11/03 17:32:19 [17:32:19.448] [Node:2] [HEARTBEAT] [Trace:HB_2_69] Follower等心跳 status CANDIDATE term:69 commitIndex:24
2025/11/03 17:32:19 [17:32:19.486] [Node:2] [RPC_RECV] [Trace:CLIENT_2_1762162339486000000] 接收到日志命令:4338 isLeader:false term:69
2025/11/03 17:32:19 [17:32:19.496] [Node:2] [RPC_SEND] [Trace:ELEC_2_60] 处理投票返回 for term 60 reply:{60 true}
2025/11/03 17:32:19 [17:32:19.498] [Node:2] [RPC_RECV] [Trace:CLIENT_2_1762162339498194000] 接收到日志命令:6655 isLeader:false term:69
2025/11/03 17:32:19 [17:32:19.506] [Node:2] [RPC_RECV] [Trace:CLIENT_2_1762162339506710000] 接收到日志命令:4259 isLeader:false term:69
2025/11/03 17:32:19 [17:32:19.518] [Node:2] [RPC_RECV] [Trace:CLIENT_2_1762162339518583000] 接收到日志命令:5795 isLeader:false term:69
2025/11/03 17:32:19 [17:32:19.534] [Node:2] [RPC_RECV] [Trace:CLIENT_2_1762162339534229000] 接收到日志命令:8924 isLeader:false term:69
2025/11/03 17:32:19 [17:32:19.546] [Node:2] [RPC_RECV] [Trace:CLIENT_2_1762162339546855000] 接收到日志命令:5956 isLeader:false term:69
2025/11/03 17:32:19 [17:32:19.549] [Node:2] [HEARTBEAT] [Trace:HB_2_69] Follower等心跳 status CANDIDATE term:69 commitIndex:24
2025/11/03 17:32:19 [17:32:19.559] [Node:2] [RPC_RECV] [Trace:CLIENT_2_1762162339559511000] 接收到日志命令:2390 isLeader:false term:69
2025/11/03 17:32:19 [17:32:19.575] [Node:2] [RPC_RECV] [Trace:CLIENT_2_1762162339575279000] 接收到日志命令:5588 isLeader:false term:69
2025/11/03 17:32:19 [17:32:19.650] [Node:2] [HEARTBEAT] [Trace:HB_2_69] Follower等心跳 status CANDIDATE term:69 commitIndex:24
2025/11/03 17:32:19 [17:32:19.673] [Node:2] [RPC_RECV] [Trace:ELEC_4_70][4->2] RequestVote 接受 term:70 candidateId:4 lastLogIndex:35 lastLogTerm:19 currentTerm:69 status:CANDIDATE
2025/11/03 17:32:19 [17:32:19.673] [Node:2] [INFO] [STATE_CHANGE] CANDIDATE->FOLLOWER term:69 reason:降级成follower
2025/11/03 17:32:19 [17:32:19.674] [Node:2] [RPC_RECV] [Trace:ELEC_4_70][4->2] 投票信息 votedFor:-1 lastLogTerm:19 lastLogIndex:43
2025/11/03 17:32:19 [17:32:19.674] [Node:2] [RPC_RECV] [Trace:ELEC_4_70][4->2] 投票失败兜底 candidate:4 term:70
2025/11/03 17:32:19 [17:32:19.704] [Node:2] [INFO] [STATE_CHANGE] FOLLOWER->FOLLOWER term:70 reason:变成Candidate
2025/11/03 17:32:19 [17:32:19.704] [Node:2] [TIMER_EVENT] [Trace:TIMER_2] 超时选举 since:305.550167ms threshold:281.063256ms
2025/11/03 17:32:19 [17:32:19.704] [Node:2] [RPC_SEND] [Trace:ELEC_2_71] 发送选举请求
2025/11/03 17:32:19 [17:32:19.704] [Node:2] [RPC_SEND] [Trace:ELEC_2_71] 发送选举请求
2025/11/03 17:32:19 [17:32:19.704] [Node:2] [RPC_SEND] [Trace:ELEC_2_71] 发送选举请求
2025/11/03 17:32:19 [17:32:19.704] [Node:2] [RPC_SEND] [Trace:ELEC_2_71] 发送选举请求
2025/11/03 17:32:19 [17:32:19.718] [Node:2] [RPC_SEND] [Trace:ELEC_2_69] 处理投票返回 for term 69 reply:{69 false}
2025/11/03 17:32:19 [17:32:19.752] [Node:2] [HEARTBEAT] [Trace:HB_2_71] Follower等心跳 status CANDIDATE term:71 commitIndex:24
2025/11/03 17:32:19 [17:32:19.856] [Node:2] [HEARTBEAT] [Trace:HB_2_71] Follower等心跳 status CANDIDATE term:71 commitIndex:24
2025/11/03 17:32:19 [17:32:19.882] [Node:2] [RPC_RECV] [Trace:CLIENT_2_1762162339882738000] 接收到日志命令:9059 isLeader:false term:71
2025/11/03 17:32:19 [17:32:19.901] [Node:2] [RPC_RECV] [Trace:CLIENT_2_1762162339901751000] 接收到日志命令:979 isLeader:false term:71
2025/11/03 17:32:19 [17:32:19.910] [Node:2] [RPC_RECV] [Trace:CLIENT_2_1762162339910561000] 接收到日志命令:2875 isLeader:false term:71
2025/11/03 17:32:19 [17:32:19.930] [Node:2] [RPC_RECV] [Trace:CLIENT_2_1762162339930132000] 接收到日志命令:8540 isLeader:false term:71
2025/11/03 17:32:19 [17:32:19.943] [Node:2] [RPC_RECV] [Trace:CLIENT_2_1762162339943702000] 接收到日志命令:529 isLeader:false term:71
2025/11/03 17:32:19 [17:32:19.953] [Node:2] [RPC_RECV] [Trace:CLIENT_2_1762162339953919000] 接收到日志命令:1663 isLeader:false term:71
2025/11/03 17:32:19 [17:32:19.956] [Node:2] [HEARTBEAT] [Trace:HB_2_71] Follower等心跳 status CANDIDATE term:71 commitIndex:24
2025/11/03 17:32:19 [17:32:19.965] [Node:2] [RPC_RECV] [Trace:CLIENT_2_1762162339965839000] 接收到日志命令:4707 isLeader:false term:71
2025/11/03 17:32:19 [17:32:19.975] [Node:2] [RPC_RECV] [Trace:ELEC_1_71][1->2] RequestVote 接受 term:71 candidateId:1 lastLogIndex:2 lastLogTerm:4 currentTerm:71 status:CANDIDATE
2025/11/03 17:32:19 [17:32:19.975] [Node:2] [RPC_RECV] [Trace:ELEC_1_71][1->2] 投票信息 votedFor:2 lastLogTerm:19 lastLogIndex:43
2025/11/03 17:32:19 [17:32:19.975] [Node:2] [RPC_RECV] [Trace:ELEC_1_71][1->2] 投票失败兜底 candidate:1 term:71
2025/11/03 17:32:19 [17:32:19.976] [Node:2] [RPC_RECV] [Trace:CLIENT_2_1762162339976731000] 接收到日志命令:8752 isLeader:false term:71
2025/11/03 17:32:19 [17:32:19.991] [Node:2] [RPC_RECV] [Trace:CLIENT_2_1762162339991110000] 接收到日志命令:1691 isLeader:false term:71
2025/11/03 17:32:20 [17:32:20.003] [Node:2] [RPC_RECV] [Trace:ELEC_4_69][4->2] RequestVote 接受 term:69 candidateId:4 lastLogIndex:35 lastLogTerm:19 currentTerm:71 status:CANDIDATE
2025/11/03 17:32:20 [17:32:20.006] [Node:2] [RPC_RECV] [Trace:CLIENT_2_1762162340006083000] 接收到日志命令:5073 isLeader:false term:71
2025/11/03 17:32:20 [17:32:20.013] [Node:2] [INFO] [STATE_CHANGE] CANDIDATE->FOLLOWER term:71 reason:变成Candidate
2025/11/03 17:32:20 [17:32:20.013] [Node:2] [TIMER_EVENT] [Trace:TIMER_2] 超时选举 since:309.211458ms threshold:280.826864ms
2025/11/03 17:32:20 [17:32:20.013] [Node:2] [RPC_SEND] [Trace:ELEC_2_72] 发送选举请求
2025/11/03 17:32:20 [17:32:20.013] [Node:2] [RPC_SEND] [Trace:ELEC_2_72] 发送选举请求
2025/11/03 17:32:20 [17:32:20.014] [Node:2] [RPC_SEND] [Trace:ELEC_2_72] 发送选举请求
2025/11/03 17:32:20 [17:32:20.013] [Node:2] [RPC_SEND] [Trace:ELEC_2_72] 发送选举请求
2025/11/03 17:32:20 [17:32:20.016] [Node:2] [RPC_RECV] [Trace:CLIENT_2_1762162340016344000] 接收到日志命令:5099 isLeader:false term:72
2025/11/03 17:32:20 [17:32:20.034] [Node:2] [RPC_RECV] [Trace:CLIENT_2_1762162340034138000] 接收到日志命令:7367 isLeader:false term:72
2025/11/03 17:32:20 [17:32:20.053] [Node:2] [RPC_RECV] [Trace:CLIENT_2_1762162340053302000] 接收到日志命令:7083 isLeader:false term:72
2025/11/03 17:32:20 [17:32:20.056] [Node:2] [HEARTBEAT] [Trace:HB_2_72] Follower等心跳 status CANDIDATE term:72 commitIndex:24
2025/11/03 17:32:20 [17:32:20.071] [Node:2] [RPC_RECV] [Trace:CLIENT_2_1762162340071118000] 接收到日志命令:4807 isLeader:false term:72
2025/11/03 17:32:20 [17:32:20.086] [Node:2] [RPC_RECV] [Trace:CLIENT_2_1762162340086479000] 接收到日志命令:8349 isLeader:false term:72
2025/11/03 17:32:20 [17:32:20.094] [Node:2] [RPC_RECV] [Trace:CLIENT_2_1762162340094148000] 接收到日志命令:5108 isLeader:false term:72
2025/11/03 17:32:20 [17:32:20.104] [Node:2] [RPC_RECV] [Trace:CLIENT_2_1762162340104863000] 接收到日志命令:2059 isLeader:false term:72
2025/11/03 17:32:20 [17:32:20.111] [Node:2] [RPC_RECV] [Trace:CLIENT_2_1762162340111958000] 接收到日志命令:2875 isLeader:false term:72
2025/11/03 17:32:20 [17:32:20.125] [Node:2] [RPC_RECV] [Trace:CLIENT_2_1762162340125766000] 接收到日志命令:4741 isLeader:false term:72
2025/11/03 17:32:20 [17:32:20.137] [Node:2] [RPC_RECV] [Trace:CLIENT_2_1762162340137640000] 接收到日志命令:4053 isLeader:false term:72
2025/11/03 17:32:20 [17:32:20.154] [Node:2] [RPC_RECV] [Trace:CLIENT_2_1762162340154086000] 接收到日志命令:3870 isLeader:false term:72
2025/11/03 17:32:20 [17:32:20.154] [Node:2] [RPC_SEND] [Trace:ELEC_2_66] 处理投票返回 for term 66 reply:{66 true}
2025/11/03 17:32:20 [17:32:20.157] [Node:2] [HEARTBEAT] [Trace:HB_2_72] Follower等心跳 status CANDIDATE term:72 commitIndex:24
2025/11/03 17:32:20 [17:32:20.257] [Node:2] [HEARTBEAT] [Trace:HB_2_72] Follower等心跳 status CANDIDATE term:72 commitIndex:24
2025/11/03 17:32:20 [17:32:20.263] [Node:2] [RPC_SEND] [Trace:ELEC_2_72] 处理投票返回 for term 72 reply:{72 true}
2025/11/03 17:32:20 [17:32:20.291] [Node:2] [RPC_RECV] [Trace:ELEC_1_73][1->2] RequestVote 接受 term:73 candidateId:1 lastLogIndex:2 lastLogTerm:4 currentTerm:72 status:CANDIDATE
2025/11/03 17:32:20 [17:32:20.291] [Node:2] [INFO] [STATE_CHANGE] CANDIDATE->FOLLOWER term:72 reason:降级成follower
2025/11/03 17:32:20 [17:32:20.291] [Node:2] [RPC_RECV] [Trace:ELEC_1_73][1->2] 投票信息 votedFor:-1 lastLogTerm:19 lastLogIndex:43
2025/11/03 17:32:20 [17:32:20.291] [Node:2] [RPC_RECV] [Trace:ELEC_1_73][1->2] 投票失败兜底 candidate:1 term:73
2025/11/03 17:32:20 [17:32:20.330] [Node:2] [INFO] [STATE_CHANGE] FOLLOWER->FOLLOWER term:73 reason:变成Candidate
2025/11/03 17:32:20 [17:32:20.330] [Node:2] [TIMER_EVENT] [Trace:TIMER_2] 超时选举 since:316.703208ms threshold:243.415483ms
2025/11/03 17:32:20 [17:32:20.330] [Node:2] [RPC_SEND] [Trace:ELEC_2_74] 发送选举请求
2025/11/03 17:32:20 [17:32:20.330] [Node:2] [RPC_SEND] [Trace:ELEC_2_74] 发送选举请求
2025/11/03 17:32:20 [17:32:20.330] [Node:2] [RPC_SEND] [Trace:ELEC_2_74] 发送选举请求
2025/11/03 17:32:20 [17:32:20.330] [Node:2] [RPC_SEND] [Trace:ELEC_2_74] 发送选举请求
2025/11/03 17:32:20 [17:32:20.335] [Node:2] [RPC_RECV] [Trace:ELEC_4_74][4->2] RequestVote 接受 term:74 candidateId:4 lastLogIndex:35 lastLogTerm:19 currentTerm:74 status:CANDIDATE
2025/11/03 17:32:20 [17:32:20.335] [Node:2] [RPC_RECV] [Trace:ELEC_4_74][4->2] 投票信息 votedFor:2 lastLogTerm:19 lastLogIndex:43
2025/11/03 17:32:20 [17:32:20.335] [Node:2] [RPC_RECV] [Trace:ELEC_4_74][4->2] 投票失败兜底 candidate:4 term:74
2025/11/03 17:32:20 [17:32:20.355] [Node:2] [RPC_SEND] [Trace:ELEC_2_74] 处理投票返回 for term 74 reply:{74 false}
2025/11/03 17:32:20 [17:32:20.357] [Node:2] [HEARTBEAT] [Trace:HB_2_74] Follower等心跳 status CANDIDATE term:74 commitIndex:24
2025/11/03 17:32:20 [17:32:20.460] [Node:2] [HEARTBEAT] [Trace:HB_2_74] Follower等心跳 status CANDIDATE term:74 commitIndex:24
2025/11/03 17:32:20 [17:32:20.547] [Node:2] [RPC_RECV] [Trace:CLIENT_2_1762162340547673000] 接收到日志命令:802 isLeader:false term:74
2025/11/03 17:32:20 [17:32:20.561] [Node:2] [HEARTBEAT] [Trace:HB_2_74] Follower等心跳 status CANDIDATE term:74 commitIndex:24
2025/11/03 17:32:20 [17:32:20.571] [Node:2] [RPC_RECV] [Trace:CLIENT_2_1762162340571834000] 接收到日志命令:5010 isLeader:false term:74
2025/11/03 17:32:20 [17:32:20.585] [Node:2] [RPC_RECV] [Trace:CLIENT_2_1762162340585703000] 接收到日志命令:7195 isLeader:false term:74
2025/11/03 17:32:20 [17:32:20.589] [Node:2] [RPC_RECV] [Trace:ELEC_1_75][1->2] RequestVote 接受 term:75 candidateId:1 lastLogIndex:2 lastLogTerm:4 currentTerm:74 status:CANDIDATE
2025/11/03 17:32:20 [17:32:20.589] [Node:2] [INFO] [STATE_CHANGE] CANDIDATE->FOLLOWER term:74 reason:降级成follower
2025/11/03 17:32:20 [17:32:20.590] [Node:2] [RPC_RECV] [Trace:ELEC_1_75][1->2] 投票信息 votedFor:-1 lastLogTerm:19 lastLogIndex:43
2025/11/03 17:32:20 [17:32:20.590] [Node:2] [RPC_RECV] [Trace:ELEC_1_75][1->2] 投票失败兜底 candidate:1 term:75
2025/11/03 17:32:20 [17:32:20.650] [Node:2] [RPC_RECV] [Trace:ELEC_4_76][4->2] RequestVote 接受 term:76 candidateId:4 lastLogIndex:35 lastLogTerm:19 currentTerm:75 status:FOLLOWER
2025/11/03 17:32:20 [17:32:20.650] [Node:2] [INFO] [STATE_CHANGE] FOLLOWER->FOLLOWER term:75 reason:降级成follower
2025/11/03 17:32:20 [17:32:20.651] [Node:2] [RPC_RECV] [Trace:ELEC_4_76][4->2] 投票信息 votedFor:-1 lastLogTerm:19 lastLogIndex:43
2025/11/03 17:32:20 [17:32:20.651] [Node:2] [RPC_RECV] [Trace:ELEC_4_76][4->2] 投票失败兜底 candidate:4 term:76
2025/11/03 17:32:20 [17:32:20.659] [Node:2] [INFO] [STATE_CHANGE] FOLLOWER->FOLLOWER term:76 reason:变成Candidate
2025/11/03 17:32:20 [17:32:20.659] [Node:2] [TIMER_EVENT] [Trace:TIMER_2] 超时选举 since:328.913333ms threshold:216.810435ms
2025/11/03 17:32:20 [17:32:20.659] [Node:2] [RPC_SEND] [Trace:ELEC_2_77] 发送选举请求
2025/11/03 17:32:20 [17:32:20.659] [Node:2] [RPC_SEND] [Trace:ELEC_2_77] 发送选举请求
2025/11/03 17:32:20 [17:32:20.659] [Node:2] [RPC_SEND] [Trace:ELEC_2_77] 发送选举请求
2025/11/03 17:32:20 [17:32:20.659] [Node:2] [RPC_SEND] [Trace:ELEC_2_77] 发送选举请求
2025/11/03 17:32:20 [17:32:20.661] [Node:2] [HEARTBEAT] [Trace:HB_2_77] Follower等心跳 status CANDIDATE term:77 commitIndex:24
2025/11/03 17:32:20 [17:32:20.680] [Node:2] [RPC_SEND] [Trace:ELEC_2_74] 处理投票返回 for term 74 reply:{74 false}
2025/11/03 17:32:20 [17:32:20.776] [Node:2] [HEARTBEAT] [Trace:HB_2_77] Follower等心跳 status CANDIDATE term:77 commitIndex:24
2025/11/03 17:32:20 [17:32:20.781] [Node:2] [RPC_RECV] [Trace:CLIENT_2_1762162340781275000] 接收到日志命令:674 isLeader:false term:77
2025/11/03 17:32:20 [17:32:20.790] [Node:2] [RPC_RECV] [Trace:CLIENT_2_1762162340790696000] 接收到日志命令:5775 isLeader:false term:77
2025/11/03 17:32:20 [17:32:20.809] [Node:2] [RPC_RECV] [Trace:CLIENT_2_1762162340809176000] 接收到日志命令:4752 isLeader:false term:77
2025/11/03 17:32:20 [17:32:20.826] [Node:2] [RPC_RECV] [Trace:CLIENT_2_1762162340826606000] 接收到日志命令:7308 isLeader:false term:77
2025/11/03 17:32:20 [17:32:20.876] [Node:2] [HEARTBEAT] [Trace:HB_2_77] Follower等心跳 status CANDIDATE term:77 commitIndex:24
2025/11/03 17:32:20 [17:32:20.906] [Node:2] [RPC_RECV] [Trace:ELEC_4_78][4->2] RequestVote 接受 term:78 candidateId:4 lastLogIndex:35 lastLogTerm:19 currentTerm:77 status:CANDIDATE
2025/11/03 17:32:20 [17:32:20.906] [Node:2] [INFO] [STATE_CHANGE] CANDIDATE->FOLLOWER term:77 reason:降级成follower
2025/11/03 17:32:20 [17:32:20.906] [Node:2] [RPC_RECV] [Trace:ELEC_4_78][4->2] 投票信息 votedFor:-1 lastLogTerm:19 lastLogIndex:43
2025/11/03 17:32:20 [17:32:20.906] [Node:2] [RPC_RECV] [Trace:ELEC_4_78][4->2] 投票失败兜底 candidate:4 term:78
2025/11/03 17:32:20 [17:32:20.929] [Node:2] [INFO] [STATE_CHANGE] FOLLOWER->FOLLOWER term:78 reason:变成Candidate
2025/11/03 17:32:20 [17:32:20.929] [Node:2] [TIMER_EVENT] [Trace:TIMER_2] 超时选举 since:270.110042ms threshold:232.429524ms
2025/11/03 17:32:20 [17:32:20.930] [Node:2] [RPC_SEND] [Trace:ELEC_2_79] 发送选举请求
2025/11/03 17:32:20 [17:32:20.930] [Node:2] [RPC_SEND] [Trace:ELEC_2_79] 发送选举请求
2025/11/03 17:32:20 [17:32:20.930] [Node:2] [RPC_SEND] [Trace:ELEC_2_79] 发送选举请求
2025/11/03 17:32:20 [17:32:20.930] [Node:2] [RPC_SEND] [Trace:ELEC_2_79] 发送选举请求
2025/11/03 17:32:20 [17:32:20.977] [Node:2] [HEARTBEAT] [Trace:HB_2_79] Follower等心跳 status CANDIDATE term:79 commitIndex:24
2025/11/03 17:32:21 [17:32:21.025] [Node:2] [RPC_RECV] [Trace:CLIENT_2_1762162341025461000] 接收到日志命令:3496 isLeader:false term:79
2025/11/03 17:32:21 [17:32:21.038] [Node:2] [RPC_RECV] [Trace:CLIENT_2_1762162341038904000] 接收到日志命令:9805 isLeader:false term:79
2025/11/03 17:32:21 [17:32:21.056] [Node:2] [RPC_RECV] [Trace:CLIENT_2_1762162341056021000] 接收到日志命令:6594 isLeader:false term:79
2025/11/03 17:32:21 [17:32:21.075] [Node:2] [RPC_RECV] [Trace:CLIENT_2_1762162341075079000] 接收到日志命令:1203 isLeader:false term:79
2025/11/03 17:32:21 [17:32:21.077] [Node:2] [HEARTBEAT] [Trace:HB_2_79] Follower等心跳 status CANDIDATE term:79 commitIndex:24
2025/11/03 17:32:21 [17:32:21.081] [Node:2] [RPC_RECV] [Trace:CLIENT_2_1762162341081307000] 接收到日志命令:1818 isLeader:false term:79
2025/11/03 17:32:21 [17:32:21.089] [Node:2] [RPC_RECV] [Trace:CLIENT_2_1762162341089502000] 接收到日志命令:7130 isLeader:false term:79
2025/11/03 17:32:21 [17:32:21.101] [Node:2] [RPC_RECV] [Trace:CLIENT_2_1762162341101321000] 接收到日志命令:1980 isLeader:false term:79
2025/11/03 17:32:21 [17:32:21.106] [Node:2] [RPC_RECV] [Trace:CLIENT_2_1762162341106407000] 接收到日志命令:4649 isLeader:false term:79
2025/11/03 17:32:21 [17:32:21.119] [Node:2] [RPC_RECV] [Trace:CLIENT_2_1762162341119472000] 接收到日志命令:7404 isLeader:false term:79
2025/11/03 17:32:21 [17:32:21.128] [Node:2] [RPC_RECV] [Trace:CLIENT_2_1762162341128719000] 接收到日志命令:6869 isLeader:false term:79
2025/11/03 17:32:21 [17:32:21.131] [Node:2] [RPC_SEND] [Trace:ELEC_2_72] 处理投票返回 for term 72 reply:{72 true}
2025/11/03 17:32:21 [17:32:21.140] [Node:2] [RPC_RECV] [Trace:CLIENT_2_1762162341140051000] 接收到日志命令:261 isLeader:false term:79
2025/11/03 17:32:21 [17:32:21.157] [Node:2] [RPC_RECV] [Trace:CLIENT_2_1762162341157756000] 接收到日志命令:7309 isLeader:false term:79
2025/11/03 17:32:21 [17:32:21.166] [Node:2] [RPC_RECV] [Trace:CLIENT_2_1762162341166723000] 接收到日志命令:953 isLeader:false term:79
2025/11/03 17:32:21 [17:32:21.178] [Node:2] [HEARTBEAT] [Trace:HB_2_79] Follower等心跳 status CANDIDATE term:79 commitIndex:24
2025/11/03 17:32:21 [17:32:21.181] [Node:2] [RPC_RECV] [Trace:CLIENT_2_1762162341181982000] 接收到日志命令:1413 isLeader:false term:79
2025/11/03 17:32:21 [17:32:21.197] [Node:2] [RPC_RECV] [Trace:CLIENT_2_1762162341197554000] 接收到日志命令:9496 isLeader:false term:79
2025/11/03 17:32:21 [17:32:21.199] [Node:2] [RPC_RECV] [Trace:ELEC_1_80][1->2] RequestVote 接受 term:80 candidateId:1 lastLogIndex:2 lastLogTerm:4 currentTerm:79 status:CANDIDATE
2025/11/03 17:32:21 [17:32:21.199] [Node:2] [INFO] [STATE_CHANGE] CANDIDATE->FOLLOWER term:79 reason:降级成follower
2025/11/03 17:32:21 [17:32:21.199] [Node:2] [RPC_RECV] [Trace:ELEC_1_80][1->2] 投票信息 votedFor:-1 lastLogTerm:19 lastLogIndex:43
2025/11/03 17:32:21 [17:32:21.199] [Node:2] [RPC_RECV] [Trace:ELEC_1_80][1->2] 投票失败兜底 candidate:1 term:80
2025/11/03 17:32:21 [17:32:21.214] [Node:2] [RPC_RECV] [Trace:CLIENT_2_1762162341214164000] 接收到日志命令:8952 isLeader:false term:80
2025/11/03 17:32:21 [17:32:21.220] [Node:2] [RPC_RECV] [Trace:CLIENT_2_1762162341220810000] 接收到日志命令:4984 isLeader:false term:80
2025/11/03 17:32:21 [17:32:21.227] [Node:2] [RPC_RECV] [Trace:CLIENT_2_1762162341227251000] 接收到日志命令:4229 isLeader:false term:80
2025/11/03 17:32:21 [17:32:21.237] [Node:2] [RPC_RECV] [Trace:CLIENT_2_1762162341237994000] 接收到日志命令:2562 isLeader:false term:80
2025/11/03 17:32:21 [17:32:21.242] [Node:2] [RPC_RECV] [Trace:CLIENT_2_1762162341242932000] 接收到日志命令:5518 isLeader:false term:80
2025/11/03 17:32:21 [17:32:21.250] [Node:2] [RPC_RECV] [Trace:CLIENT_2_1762162341250262000] 接收到日志命令:9515 isLeader:false term:80
2025/11/03 17:32:21 [17:32:21.258] [Node:2] [RPC_RECV] [Trace:ELEC_4_81][4->2] RequestVote 接受 term:81 candidateId:4 lastLogIndex:35 lastLogTerm:19 currentTerm:80 status:FOLLOWER
2025/11/03 17:32:21 [17:32:21.258] [Node:2] [INFO] [STATE_CHANGE] FOLLOWER->FOLLOWER term:80 reason:降级成follower
2025/11/03 17:32:21 [17:32:21.259] [Node:2] [RPC_RECV] [Trace:ELEC_4_81][4->2] 投票信息 votedFor:-1 lastLogTerm:19 lastLogIndex:43
2025/11/03 17:32:21 [17:32:21.259] [Node:2] [RPC_RECV] [Trace:ELEC_4_81][4->2] 投票失败兜底 candidate:4 term:81
2025/11/03 17:32:21 [17:32:21.267] [Node:2] [RPC_RECV] [Trace:CLIENT_2_1762162341267168000] 接收到日志命令:2640 isLeader:false term:81
2025/11/03 17:32:21 [17:32:21.273] [Node:2] [RPC_RECV] [Trace:CLIENT_2_1762162341273703000] 接收到日志命令:9444 isLeader:false term:81
2025/11/03 17:32:21 [17:32:21.277] [Node:2] [RPC_SEND] [Trace:ELEC_2_79] 处理投票返回 for term 79 reply:{79 true}
2025/11/03 17:32:21 [17:32:21.278] [Node:2] [HEARTBEAT] [Trace:HB_2_81] Follower等心跳 status FOLLOWER term:81 commitIndex:24
2025/11/03 17:32:21 [17:32:21.288] [Node:2] [RPC_SEND] [Trace:ELEC_2_77] 处理投票返回 for term 77 reply:{77 true}
2025/11/03 17:32:21 [17:32:21.307] [Node:2] [INFO] [STATE_CHANGE] FOLLOWER->FOLLOWER term:81 reason:变成Candidate
2025/11/03 17:32:21 [17:32:21.307] [Node:2] [TIMER_EVENT] [Trace:TIMER_2] 超时选举 since:377.600417ms threshold:236.739218ms
2025/11/03 17:32:21 [17:32:21.307] [Node:2] [RPC_SEND] [Trace:ELEC_2_82] 发送选举请求
2025/11/03 17:32:21 [17:32:21.307] [Node:2] [RPC_SEND] [Trace:ELEC_2_82] 发送选举请求
2025/11/03 17:32:21 [17:32:21.307] [Node:2] [RPC_SEND] [Trace:ELEC_2_82] 发送选举请求
2025/11/03 17:32:21 [17:32:21.307] [Node:2] [RPC_SEND] [Trace:ELEC_2_82] 发送选举请求
2025/11/03 17:32:21 [17:32:21.324] [Node:2] [RPC_SEND] [Trace:ELEC_2_79] 处理投票返回 for term 79 reply:{79 true}
2025/11/03 17:32:21 [17:32:21.379] [Node:2] [HEARTBEAT] [Trace:HB_2_82] Follower等心跳 status CANDIDATE term:82 commitIndex:24
2025/11/03 17:32:21 [17:32:21.480] [Node:2] [HEARTBEAT] [Trace:HB_2_82] Follower等心跳 status CANDIDATE term:82 commitIndex:24
2025/11/03 17:32:21 [17:32:21.495] [Node:2] [RPC_RECV] [Trace:ELEC_4_82][4->2] RequestVote 接受 term:82 candidateId:4 lastLogIndex:35 lastLogTerm:19 currentTerm:82 status:CANDIDATE
2025/11/03 17:32:21 [17:32:21.495] [Node:2] [RPC_RECV] [Trace:ELEC_4_82][4->2] 投票信息 votedFor:2 lastLogTerm:19 lastLogIndex:43
2025/11/03 17:32:21 [17:32:21.495] [Node:2] [RPC_RECV] [Trace:ELEC_4_82][4->2] 投票失败兜底 candidate:4 term:82
2025/11/03 17:32:21 [17:32:21.580] [Node:2] [HEARTBEAT] [Trace:HB_2_82] Follower等心跳 status CANDIDATE term:82 commitIndex:24
2025/11/03 17:32:21 [17:32:21.645] [Node:2] [INFO] [STATE_CHANGE] CANDIDATE->FOLLOWER term:82 reason:变成Candidate
2025/11/03 17:32:21 [17:32:21.645] [Node:2] [TIMER_EVENT] [Trace:TIMER_2] 超时选举 since:337.851917ms threshold:318.901554ms
2025/11/03 17:32:21 [17:32:21.646] [Node:2] [RPC_SEND] [Trace:ELEC_2_83] 发送选举请求
2025/11/03 17:32:21 [17:32:21.647] [Node:2] [RPC_SEND] [Trace:ELEC_2_83] 发送选举请求
2025/11/03 17:32:21 [17:32:21.647] [Node:2] [RPC_SEND] [Trace:ELEC_2_83] 发送选举请求
2025/11/03 17:32:21 [17:32:21.648] [Node:2] [RPC_SEND] [Trace:ELEC_2_83] 发送选举请求
2025/11/03 17:32:21 [17:32:21.663] [Node:2] [RPC_RECV] [Trace:ELEC_1_83][1->2] RequestVote 接受 term:83 candidateId:1 lastLogIndex:2 lastLogTerm:4 currentTerm:83 status:CANDIDATE
2025/11/03 17:32:21 [17:32:21.663] [Node:2] [RPC_RECV] [Trace:ELEC_1_83][1->2] 投票信息 votedFor:2 lastLogTerm:19 lastLogIndex:43
2025/11/03 17:32:21 [17:32:21.663] [Node:2] [RPC_RECV] [Trace:ELEC_1_83][1->2] 投票失败兜底 candidate:1 term:83
2025/11/03 17:32:21 [17:32:21.681] [Node:2] [HEARTBEAT] [Trace:HB_2_83] Follower等心跳 status CANDIDATE term:83 commitIndex:24
2025/11/03 17:32:21 [17:32:21.704] [Node:2] [RPC_RECV] [Trace:CLIENT_2_1762162341704808000] 接收到日志命令:653 isLeader:false term:83
2025/11/03 17:32:21 [17:32:21.724] [Node:2] [RPC_RECV] [Trace:CLIENT_2_1762162341724925000] 接收到日志命令:5249 isLeader:false term:83
2025/11/03 17:32:21 [17:32:21.745] [Node:2] [RPC_RECV] [Trace:ELEC_4_84][4->2] RequestVote 接受 term:84 candidateId:4 lastLogIndex:35 lastLogTerm:19 currentTerm:83 status:CANDIDATE
2025/11/03 17:32:21 [17:32:21.745] [Node:2] [INFO] [STATE_CHANGE] CANDIDATE->FOLLOWER term:83 reason:降级成follower
2025/11/03 17:32:21 [17:32:21.746] [Node:2] [RPC_RECV] [Trace:ELEC_4_84][4->2] 投票信息 votedFor:-1 lastLogTerm:19 lastLogIndex:43
2025/11/03 17:32:21 [17:32:21.746] [Node:2] [RPC_RECV] [Trace:ELEC_4_84][4->2] 投票失败兜底 candidate:4 term:84
2025/11/03 17:32:21 [17:32:21.747] [Node:2] [RPC_RECV] [Trace:CLIENT_2_1762162341747429000] 接收到日志命令:6625 isLeader:false term:84
2025/11/03 17:32:21 [17:32:21.764] [Node:2] [RPC_RECV] [Trace:CLIENT_2_1762162341764149000] 接收到日志命令:4977 isLeader:false term:84
2025/11/03 17:32:21 [17:32:21.777] [Node:2] [RPC_RECV] [Trace:CLIENT_2_1762162341777520000] 接收到日志命令:4755 isLeader:false term:84
2025/11/03 17:32:21 [17:32:21.781] [Node:2] [HEARTBEAT] [Trace:HB_2_84] Follower等心跳 status FOLLOWER term:84 commitIndex:24
2025/11/03 17:32:21 [17:32:21.792] [Node:2] [RPC_RECV] [Trace:CLIENT_2_1762162341792976000] 接收到日志命令:9615 isLeader:false term:84
2025/11/03 17:32:21 [17:32:21.801] [Node:2] [RPC_RECV] [Trace:CLIENT_2_1762162341801514000] 接收到日志命令:1445 isLeader:false term:84
2025/11/03 17:32:21 [17:32:21.813] [Node:2] [RPC_RECV] [Trace:CLIENT_2_1762162341813563000] 接收到日志命令:6782 isLeader:false term:84
2025/11/03 17:32:21 [17:32:21.820] [Node:2] [RPC_RECV] [Trace:CLIENT_2_1762162341820553000] 接收到日志命令:3502 isLeader:false term:84
2025/11/03 17:32:21 [17:32:21.881] [Node:2] [HEARTBEAT] [Trace:HB_2_84] Follower等心跳 status FOLLOWER term:84 commitIndex:24
2025/11/03 17:32:21 [17:32:21.883] [Node:2] [INFO] [STATE_CHANGE] FOLLOWER->FOLLOWER term:84 reason:变成Candidate
2025/11/03 17:32:21 [17:32:21.883] [Node:2] [TIMER_EVENT] [Trace:TIMER_2] 超时选举 since:236.936208ms threshold:200.40992ms
2025/11/03 17:32:21 [17:32:21.883] [Node:2] [RPC_SEND] [Trace:ELEC_2_85] 发送选举请求
2025/11/03 17:32:21 [17:32:21.883] [Node:2] [RPC_SEND] [Trace:ELEC_2_85] 发送选举请求
2025/11/03 17:32:21 [17:32:21.883] [Node:2] [RPC_SEND] [Trace:ELEC_2_85] 发送选举请求
2025/11/03 17:32:21 [17:32:21.883] [Node:2] [RPC_SEND] [Trace:ELEC_2_85] 发送选举请求
2025/11/03 17:32:21 [17:32:21.981] [Node:2] [HEARTBEAT] [Trace:HB_2_85] Follower等心跳 status CANDIDATE term:85 commitIndex:24
2025/11/03 17:32:22 [17:32:22.082] [Node:2] [HEARTBEAT] [Trace:HB_2_85] Follower等心跳 status CANDIDATE term:85 commitIndex:24
2025/11/03 17:32:22 [17:32:22.122] [Node:2] [RPC_SEND] [Trace:ELEC_2_85] 处理投票返回 for term 85 reply:{85 true}
2025/11/03 17:32:22 [17:32:22.129] [Node:2] [RPC_RECV] [Trace:ELEC_4_86][4->2] RequestVote 接受 term:86 candidateId:4 lastLogIndex:35 lastLogTerm:19 currentTerm:85 status:CANDIDATE
2025/11/03 17:32:22 [17:32:22.130] [Node:2] [INFO] [STATE_CHANGE] CANDIDATE->FOLLOWER term:85 reason:降级成follower
2025/11/03 17:32:22 [17:32:22.131] [Node:2] [RPC_RECV] [Trace:ELEC_4_86][4->2] 投票信息 votedFor:-1 lastLogTerm:19 lastLogIndex:43
2025/11/03 17:32:22 [17:32:22.131] [Node:2] [RPC_RECV] [Trace:ELEC_4_86][4->2] 投票失败兜底 candidate:4 term:86
2025/11/03 17:32:22 [17:32:22.132] [Node:2] [INFO] [STATE_CHANGE] FOLLOWER->FOLLOWER term:86 reason:变成Candidate
2025/11/03 17:32:22 [17:32:22.132] [Node:2] [TIMER_EVENT] [Trace:TIMER_2] 超时选举 since:249.655166ms threshold:234.200148ms
2025/11/03 17:32:22 [17:32:22.133] [Node:2] [RPC_SEND] [Trace:ELEC_2_87] 发送选举请求
2025/11/03 17:32:22 [17:32:22.133] [Node:2] [RPC_SEND] [Trace:ELEC_2_87] 发送选举请求
2025/11/03 17:32:22 [17:32:22.133] [Node:2] [RPC_SEND] [Trace:ELEC_2_87] 发送选举请求
2025/11/03 17:32:22 [17:32:22.133] [Node:2] [RPC_SEND] [Trace:ELEC_2_87] 发送选举请求
2025/11/03 17:32:22 [17:32:22.141] [Node:2] [RPC_RECV] [Trace:ELEC_1_86][1->2] RequestVote 接受 term:86 candidateId:1 lastLogIndex:2 lastLogTerm:4 currentTerm:87 status:CANDIDATE
2025/11/03 17:32:22 [17:32:22.184] [Node:2] [HEARTBEAT] [Trace:HB_2_87] Follower等心跳 status CANDIDATE term:87 commitIndex:24
2025/11/03 17:32:22 [17:32:22.188] [Node:2] [RPC_RECV] [Trace:CLIENT_2_1762162342188943000] 接收到日志命令:9766 isLeader:false term:87
2025/11/03 17:32:22 [17:32:22.284] [Node:2] [HEARTBEAT] [Trace:HB_2_87] Follower等心跳 status CANDIDATE term:87 commitIndex:24
2025/11/03 17:32:22 [17:32:22.379] [Node:2] [RPC_RECV] [Trace:CLIENT_2_1762162342379945000] 接收到日志命令:4084 isLeader:false term:87
2025/11/03 17:32:22 [17:32:22.380] [Node:2] [INFO] [STATE_CHANGE] CANDIDATE->FOLLOWER term:87 reason:变成Candidate
2025/11/03 17:32:22 [17:32:22.380] [Node:2] [TIMER_EVENT] [Trace:TIMER_2] 超时选举 since:246.99125ms threshold:209.99191ms
2025/11/03 17:32:22 [17:32:22.380] [Node:2] [RPC_SEND] [Trace:ELEC_2_88] 发送选举请求
2025/11/03 17:32:22 [17:32:22.380] [Node:2] [RPC_SEND] [Trace:ELEC_2_88] 发送选举请求
2025/11/03 17:32:22 [17:32:22.380] [Node:2] [RPC_SEND] [Trace:ELEC_2_88] 发送选举请求
2025/11/03 17:32:22 [17:32:22.380] [Node:2] [RPC_SEND] [Trace:ELEC_2_88] 发送选举请求
2025/11/03 17:32:22 [17:32:22.385] [Node:2] [HEARTBEAT] [Trace:HB_2_88] Follower等心跳 status CANDIDATE term:88 commitIndex:24
2025/11/03 17:32:22 [17:32:22.396] [Node:2] [RPC_SEND] [Trace:ELEC_2_88] 处理投票返回 for term 88 reply:{88 true}
2025/11/03 17:32:22 [17:32:22.400] [Node:2] [RPC_RECV] [Trace:CLIENT_2_1762162342400151000] 接收到日志命令:4342 isLeader:false term:88
2025/11/03 17:32:22 [17:32:22.417] [Node:2] [RPC_RECV] [Trace:CLIENT_2_1762162342417129000] 接收到日志命令:2048 isLeader:false term:88
2025/11/03 17:32:22 [17:32:22.432] [Node:2] [RPC_RECV] [Trace:CLIENT_2_1762162342432017000] 接收到日志命令:2411 isLeader:false term:88
2025/11/03 17:32:22 [17:32:22.448] [Node:2] [RPC_RECV] [Trace:CLIENT_2_1762162342448805000] 接收到日志命令:843 isLeader:false term:88
2025/11/03 17:32:22 [17:32:22.462] [Node:2] [RPC_RECV] [Trace:CLIENT_2_1762162342462132000] 接收到日志命令:7780 isLeader:false term:88
2025/11/03 17:32:22 [17:32:22.486] [Node:2] [HEARTBEAT] [Trace:HB_2_88] Follower等心跳 status CANDIDATE term:88 commitIndex:24
2025/11/03 17:32:22 [17:32:22.487] [Node:2] [RPC_RECV] [Trace:CLIENT_2_1762162342487820000] 接收到日志命令:6187 isLeader:false term:88
2025/11/03 17:32:22 [17:32:22.499] [Node:2] [RPC_RECV] [Trace:CLIENT_2_1762162342499705000] 接收到日志命令:4307 isLeader:false term:88
2025/11/03 17:32:22 [17:32:22.507] [Node:2] [RPC_RECV] [Trace:CLIENT_2_1762162342507601000] 接收到日志命令:3232 isLeader:false term:88
2025/11/03 17:32:22 [17:32:22.525] [Node:2] [RPC_RECV] [Trace:CLIENT_2_1762162342525620000] 接收到日志命令:6969 isLeader:false term:88
2025/11/03 17:32:22 [17:32:22.542] [Node:2] [RPC_RECV] [Trace:CLIENT_2_1762162342542777000] 接收到日志命令:4666 isLeader:false term:88
2025/11/03 17:32:22 [17:32:22.551] [Node:2] [RPC_RECV] [Trace:CLIENT_2_1762162342551254000] 接收到日志命令:3058 isLeader:false term:88
2025/11/03 17:32:22 [17:32:22.562] [Node:2] [RPC_RECV] [Trace:CLIENT_2_1762162342562742000] 接收到日志命令:4398 isLeader:false term:88
2025/11/03 17:32:22 [17:32:22.581] [Node:2] [RPC_RECV] [Trace:CLIENT_2_1762162342581597000] 接收到日志命令:8068 isLeader:false term:88
2025/11/03 17:32:22 [17:32:22.586] [Node:2] [HEARTBEAT] [Trace:HB_2_88] Follower等心跳 status CANDIDATE term:88 commitIndex:24
2025/11/03 17:32:22 [17:32:22.600] [Node:2] [RPC_RECV] [Trace:CLIENT_2_1762162342600310000] 接收到日志命令:5011 isLeader:false term:88
2025/11/03 17:32:22 [17:32:22.607] [Node:2] [RPC_RECV] [Trace:CLIENT_2_1762162342607204000] 接收到日志命令:5473 isLeader:false term:88
2025/11/03 17:32:22 [17:32:22.612] [Node:2] [RPC_RECV] [Trace:CLIENT_2_1762162342612674000] 接收到日志命令:6169 isLeader:false term:88
2025/11/03 17:32:22 [17:32:22.617] [Node:2] [RPC_RECV] [Trace:CLIENT_2_1762162342617957000] 接收到日志命令:5827 isLeader:false term:88
2025/11/03 17:32:22 [17:32:22.635] [Node:2] [RPC_RECV] [Trace:CLIENT_2_1762162342635404000] 接收到日志命令:8976 isLeader:false term:88
2025/11/03 17:32:22 [17:32:22.662] [Node:2] [RPC_SEND] [Trace:ELEC_2_85] 处理投票返回 for term 85 reply:{85 true}
2025/11/03 17:32:22 [17:32:22.670] [Node:2] [RPC_RECV] [Trace:CLIENT_2_1762162342670658000] 接收到日志命令:7429 isLeader:false term:88
2025/11/03 17:32:22 [17:32:22.675] [Node:2] [RPC_RECV] [Trace:ELEC_1_88][1->2] RequestVote 接受 term:88 candidateId:1 lastLogIndex:2 lastLogTerm:4 currentTerm:88 status:CANDIDATE
2025/11/03 17:32:22 [17:32:22.675] [Node:2] [RPC_RECV] [Trace:ELEC_1_88][1->2] 投票信息 votedFor:2 lastLogTerm:19 lastLogIndex:43
2025/11/03 17:32:22 [17:32:22.675] [Node:2] [RPC_RECV] [Trace:ELEC_1_88][1->2] 投票失败兜底 candidate:1 term:88
2025/11/03 17:32:22 [17:32:22.677] [Node:2] [RPC_RECV] [Trace:CLIENT_2_1762162342677937000] 接收到日志命令:4987 isLeader:false term:88
2025/11/03 17:32:22 [17:32:22.687] [Node:2] [HEARTBEAT] [Trace:HB_2_88] Follower等心跳 status CANDIDATE term:88 commitIndex:24
2025/11/03 17:32:22 [17:32:22.688] [Node:2] [RPC_RECV] [Trace:CLIENT_2_1762162342688480000] 接收到日志命令:9116 isLeader:false term:88
2025/11/03 17:32:22 [17:32:22.698] [Node:2] [RPC_RECV] [Trace:CLIENT_2_1762162342698155000] 接收到日志命令:8322 isLeader:false term:88
2025/11/03 17:32:22 [17:32:22.705] [Node:2] [INFO] [STATE_CHANGE] CANDIDATE->FOLLOWER term:88 reason:变成Candidate
2025/11/03 17:32:22 [17:32:22.705] [Node:2] [TIMER_EVENT] [Trace:TIMER_2] 超时选举 since:325.154791ms threshold:262.639145ms
2025/11/03 17:32:22 [17:32:22.705] [Node:2] [RPC_SEND] [Trace:ELEC_2_89] 发送选举请求
2025/11/03 17:32:22 [17:32:22.705] [Node:2] [RPC_SEND] [Trace:ELEC_2_89] 发送选举请求
2025/11/03 17:32:22 [17:32:22.705] [Node:2] [RPC_SEND] [Trace:ELEC_2_89] 发送选举请求
2025/11/03 17:32:22 [17:32:22.705] [Node:2] [RPC_SEND] [Trace:ELEC_2_89] 发送选举请求
2025/11/03 17:32:22 [17:32:22.708] [Node:2] [RPC_RECV] [Trace:CLIENT_2_1762162342708129000] 接收到日志命令:9367 isLeader:false term:89
2025/11/03 17:32:22 [17:32:22.715] [Node:2] [RPC_RECV] [Trace:CLIENT_2_1762162342715845000] 接收到日志命令:9633 isLeader:false term:89
2025/11/03 17:32:22 [17:32:22.724] [Node:2] [RPC_RECV] [Trace:CLIENT_2_1762162342724279000] 接收到日志命令:9153 isLeader:false term:89
2025/11/03 17:32:22 [17:32:22.735] [Node:2] [RPC_SEND] [Trace:ELEC_2_83] 处理投票返回 for term 83 reply:{83 false}
2025/11/03 17:32:22 [17:32:22.741] [Node:2] [RPC_RECV] [Trace:CLIENT_2_1762162342741506000] 接收到日志命令:6852 isLeader:false term:89
2025/11/03 17:32:22 [17:32:22.787] [Node:2] [HEARTBEAT] [Trace:HB_2_89] Follower等心跳 status CANDIDATE term:89 commitIndex:24
2025/11/03 17:32:22 [17:32:22.888] [Node:2] [HEARTBEAT] [Trace:HB_2_89] Follower等心跳 status CANDIDATE term:89 commitIndex:24
2025/11/03 17:32:22 [17:32:22.888] [Node:2] [RPC_SEND] [Trace:ELEC_2_87] 处理投票返回 for term 87 reply:{87 true}
2025/11/03 17:32:22 [17:32:22.908] [Node:2] [RPC_SEND] [Trace:ELEC_2_88] 处理投票返回 for term 88 reply:{88 true}
2025/11/03 17:32:22 [17:32:22.945] [Node:2] [RPC_RECV] [Trace:ELEC_4_90][4->2] RequestVote 接受 term:90 candidateId:4 lastLogIndex:35 lastLogTerm:19 currentTerm:89 status:CANDIDATE
2025/11/03 17:32:22 [17:32:22.945] [Node:2] [INFO] [STATE_CHANGE] CANDIDATE->FOLLOWER term:89 reason:降级成follower
2025/11/03 17:32:22 [17:32:22.946] [Node:2] [RPC_RECV] [Trace:ELEC_4_90][4->2] 投票信息 votedFor:-1 lastLogTerm:19 lastLogIndex:43
2025/11/03 17:32:22 [17:32:22.946] [Node:2] [RPC_RECV] [Trace:ELEC_4_90][4->2] 投票失败兜底 candidate:4 term:90
2025/11/03 17:32:22 [17:32:22.967] [Node:2] [RPC_RECV] [Trace:ELEC_1_90][1->2] RequestVote 接受 term:90 candidateId:1 lastLogIndex:2 lastLogTerm:4 currentTerm:90 status:FOLLOWER
2025/11/03 17:32:22 [17:32:22.967] [Node:2] [RPC_RECV] [Trace:ELEC_1_90][1->2] 投票信息 votedFor:-1 lastLogTerm:19 lastLogIndex:43
2025/11/03 17:32:22 [17:32:22.968] [Node:2] [RPC_RECV] [Trace:ELEC_1_90][1->2] 投票失败兜底 candidate:1 term:90
2025/11/03 17:32:22 [17:32:22.988] [Node:2] [HEARTBEAT] [Trace:HB_2_90] Follower等心跳 status FOLLOWER term:90 commitIndex:24
2025/11/03 17:32:23 [17:32:23.072] [Node:2] [INFO] [STATE_CHANGE] FOLLOWER->FOLLOWER term:90 reason:变成Candidate
2025/11/03 17:32:23 [17:32:23.073] [Node:2] [TIMER_EVENT] [Trace:TIMER_2] 超时选举 since:367.652625ms threshold:217.014858ms
2025/11/03 17:32:23 [17:32:23.073] [Node:2] [RPC_SEND] [Trace:ELEC_2_91] 发送选举请求
2025/11/03 17:32:23 [17:32:23.073] [Node:2] [RPC_SEND] [Trace:ELEC_2_91] 发送选举请求
2025/11/03 17:32:23 [17:32:23.073] [Node:2] [RPC_SEND] [Trace:ELEC_2_91] 发送选举请求
2025/11/03 17:32:23 [17:32:23.073] [Node:2] [RPC_SEND] [Trace:ELEC_2_91] 发送选举请求
2025/11/03 17:32:23 [17:32:23.087] [Node:2] [RPC_RECV] [Trace:CLIENT_2_1762162343087549000] 接收到日志命令:1376 isLeader:false term:91
2025/11/03 17:32:23 [17:32:23.088] [Node:2] [HEARTBEAT] [Trace:HB_2_91] Follower等心跳 status CANDIDATE term:91 commitIndex:24
2025/11/03 17:32:23 [17:32:23.101] [Node:2] [RPC_SEND] [Trace:ELEC_2_91] 处理投票返回 for term 91 reply:{91 true}
2025/11/03 17:32:23 [17:32:23.104] [Node:2] [RPC_RECV] [Trace:CLIENT_2_1762162343104617000] 接收到日志命令:1917 isLeader:false term:91
2025/11/03 17:32:23 [17:32:23.122] [Node:2] [RPC_RECV] [Trace:CLIENT_2_1762162343122774000] 接收到日志命令:4800 isLeader:false term:91
2025/11/03 17:32:23 [17:32:23.143] [Node:2] [RPC_RECV] [Trace:CLIENT_2_1762162343143815000] 接收到日志命令:6045 isLeader:false term:91
2025/11/03 17:32:23 [17:32:23.152] [Node:2] [RPC_RECV] [Trace:CLIENT_2_1762162343152693000] 接收到日志命令:1213 isLeader:false term:91
2025/11/03 17:32:23 [17:32:23.170] [Node:2] [RPC_RECV] [Trace:CLIENT_2_1762162343170322000] 接收到日志命令:4496 isLeader:false term:91
2025/11/03 17:32:23 [17:32:23.179] [Node:2] [RPC_RECV] [Trace:CLIENT_2_1762162343179819000] 接收到日志命令:5454 isLeader:false term:91
2025/11/03 17:32:23 [17:32:23.188] [Node:2] [HEARTBEAT] [Trace:HB_2_91] Follower等心跳 status CANDIDATE term:91 commitIndex:24
2025/11/03 17:32:23 [17:32:23.196] [Node:2] [RPC_RECV] [Trace:CLIENT_2_1762162343196186000] 接收到日志命令:6866 isLeader:false term:91
2025/11/03 17:32:23 [17:32:23.212] [Node:2] [RPC_RECV] [Trace:CLIENT_2_1762162343212847000] 接收到日志命令:7886 isLeader:false term:91
2025/11/03 17:32:23 [17:32:23.225] [Node:2] [RPC_RECV] [Trace:CLIENT_2_1762162343225256000] 接收到日志命令:3946 isLeader:false term:91
2025/11/03 17:32:23 [17:32:23.239] [Node:2] [RPC_RECV] [Trace:CLIENT_2_1762162343239854000] 接收到日志命令:9634 isLeader:false term:91
2025/11/03 17:32:23 [17:32:23.246] [Node:2] [RPC_RECV] [Trace:CLIENT_2_1762162343246041000] 接收到日志命令:7792 isLeader:false term:91
2025/11/03 17:32:23 [17:32:23.252] [Node:2] [RPC_RECV] [Trace:CLIENT_2_1762162343252940000] 接收到日志命令:8528 isLeader:false term:91
2025/11/03 17:32:23 [17:32:23.262] [Node:2] [RPC_RECV] [Trace:CLIENT_2_1762162343262986000] 接收到日志命令:9931 isLeader:false term:91
2025/11/03 17:32:23 [17:32:23.270] [Node:2] [RPC_RECV] [Trace:CLIENT_2_1762162343270986000] 接收到日志命令:4996 isLeader:false term:91
2025/11/03 17:32:23 [17:32:23.287] [Node:2] [RPC_RECV] [Trace:CLIENT_2_1762162343287960000] 接收到日志命令:610 isLeader:false term:91
2025/11/03 17:32:23 [17:32:23.289] [Node:2] [HEARTBEAT] [Trace:HB_2_91] Follower等心跳 status CANDIDATE term:91 commitIndex:24
2025/11/03 17:32:23 [17:32:23.343] [Node:2] [RPC_RECV] [Trace:ELEC_1_92][1->2] RequestVote 接受 term:92 candidateId:1 lastLogIndex:2 lastLogTerm:4 currentTerm:91 status:CANDIDATE
2025/11/03 17:32:23 [17:32:23.343] [Node:2] [INFO] [STATE_CHANGE] CANDIDATE->FOLLOWER term:91 reason:降级成follower
2025/11/03 17:32:23 [17:32:23.343] [Node:2] [RPC_RECV] [Trace:ELEC_1_92][1->2] 投票信息 votedFor:-1 lastLogTerm:19 lastLogIndex:43
2025/11/03 17:32:23 [17:32:23.343] [Node:2] [RPC_RECV] [Trace:ELEC_1_92][1->2] 投票失败兜底 candidate:1 term:92
2025/11/03 17:32:23 [17:32:23.359] [Node:2] [INFO] [STATE_CHANGE] FOLLOWER->FOLLOWER term:92 reason:变成Candidate
2025/11/03 17:32:23 [17:32:23.359] [Node:2] [TIMER_EVENT] [Trace:TIMER_2] 超时选举 since:286.181959ms threshold:219.93819ms
2025/11/03 17:32:23 [17:32:23.359] [Node:2] [RPC_SEND] [Trace:ELEC_2_93] 发送选举请求
2025/11/03 17:32:23 [17:32:23.359] [Node:2] [RPC_SEND] [Trace:ELEC_2_93] 发送选举请求
2025/11/03 17:32:23 [17:32:23.359] [Node:2] [RPC_SEND] [Trace:ELEC_2_93] 发送选举请求
2025/11/03 17:32:23 [17:32:23.359] [Node:2] [RPC_SEND] [Trace:ELEC_2_93] 发送选举请求
2025/11/03 17:32:23 [17:32:23.389] [Node:2] [HEARTBEAT] [Trace:HB_2_93] Follower等心跳 status CANDIDATE term:93 commitIndex:24
2025/11/03 17:32:23 [17:32:23.490] [Node:2] [HEARTBEAT] [Trace:HB_2_93] Follower等心跳 status CANDIDATE term:93 commitIndex:24
2025/11/03 17:32:23 [17:32:23.558] [Node:2] [RPC_RECV] [Trace:CLIENT_2_1762162343558515000] 接收到日志命令:2532 isLeader:false term:93
2025/11/03 17:32:23 [17:32:23.568] [Node:2] [RPC_RECV] [Trace:CLIENT_2_1762162343568968000] 接收到日志命令:3750 isLeader:false term:93
2025/11/03 17:32:23 [17:32:23.590] [Node:2] [RPC_RECV] [Trace:CLIENT_2_1762162343590077000] 接收到日志命令:8976 isLeader:false term:93
2025/11/03 17:32:23 [17:32:23.590] [Node:2] [HEARTBEAT] [Trace:HB_2_93] Follower等心跳 status CANDIDATE term:93 commitIndex:24
2025/11/03 17:32:23 [17:32:23.605] [Node:2] [RPC_RECV] [Trace:CLIENT_2_1762162343605530000] 接收到日志命令:4528 isLeader:false term:93
2025/11/03 17:32:23 [17:32:23.620] [Node:2] [RPC_RECV] [Trace:CLIENT_2_1762162343620215000] 接收到日志命令:5304 isLeader:false term:93
2025/11/03 17:32:23 [17:32:23.621] [Node:2] [RPC_RECV] [Trace:ELEC_4_94][4->2] RequestVote 接受 term:94 candidateId:4 lastLogIndex:35 lastLogTerm:19 currentTerm:93 status:CANDIDATE
2025/11/03 17:32:23 [17:32:23.621] [Node:2] [INFO] [STATE_CHANGE] CANDIDATE->FOLLOWER term:93 reason:降级成follower
2025/11/03 17:32:23 [17:32:23.622] [Node:2] [RPC_RECV] [Trace:ELEC_4_94][4->2] 投票信息 votedFor:-1 lastLogTerm:19 lastLogIndex:43
2025/11/03 17:32:23 [17:32:23.622] [Node:2] [RPC_RECV] [Trace:ELEC_4_94][4->2] 投票失败兜底 candidate:4 term:94
2025/11/03 17:32:23 [17:32:23.634] [Node:2] [RPC_RECV] [Trace:CLIENT_2_1762162343634375000] 接收到日志命令:6110 isLeader:false term:94
2025/11/03 17:32:23 [17:32:23.649] [Node:2] [RPC_RECV] [Trace:CLIENT_2_1762162343649713000] 接收到日志命令:1231 isLeader:false term:94
2025/11/03 17:32:23 [17:32:23.658] [Node:2] [INFO] [STATE_CHANGE] FOLLOWER->FOLLOWER term:94 reason:变成Candidate
2025/11/03 17:32:23 [17:32:23.658] [Node:2] [TIMER_EVENT] [Trace:TIMER_2] 超时选举 since:299.187792ms threshold:261.628993ms
2025/11/03 17:32:23 [17:32:23.658] [Node:2] [RPC_SEND] [Trace:ELEC_2_95] 发送选举请求
2025/11/03 17:32:23 [17:32:23.658] [Node:2] [RPC_SEND] [Trace:ELEC_2_95] 发送选举请求
2025/11/03 17:32:23 [17:32:23.658] [Node:2] [RPC_SEND] [Trace:ELEC_2_95] 发送选举请求
2025/11/03 17:32:23 [17:32:23.658] [Node:2] [RPC_SEND] [Trace:ELEC_2_95] 发送选举请求
2025/11/03 17:32:23 [17:32:23.659] [Node:2] [RPC_RECV] [Trace:CLIENT_2_1762162343659647000] 接收到日志命令:5758 isLeader:false term:95
2025/11/03 17:32:23 [17:32:23.667] [Node:2] [RPC_SEND] [Trace:ELEC_2_95] 处理投票返回 for term 95 reply:{95 true}
2025/11/03 17:32:23 [17:32:23.678] [Node:2] [RPC_RECV] [Trace:CLIENT_2_1762162343678853000] 接收到日志命令:8149 isLeader:false term:95
2025/11/03 17:32:23 [17:32:23.689] [Node:2] [RPC_RECV] [Trace:CLIENT_2_1762162343689844000] 接收到日志命令:5970 isLeader:false term:95
2025/11/03 17:32:23 [17:32:23.690] [Node:2] [HEARTBEAT] [Trace:HB_2_95] Follower等心跳 status CANDIDATE term:95 commitIndex:24
2025/11/03 17:32:23 [17:32:23.700] [Node:2] [RPC_RECV] [Trace:CLIENT_2_1762162343700604000] 接收到日志命令:7508 isLeader:false term:95
2025/11/03 17:32:23 [17:32:23.790] [Node:2] [HEARTBEAT] [Trace:HB_2_95] Follower等心跳 status CANDIDATE term:95 commitIndex:24
2025/11/03 17:32:23 [17:32:23.818] [Node:2] [RPC_SEND] [Trace:ELEC_2_89] 处理投票返回 for term 89 reply:{89 true}
2025/11/03 17:32:23 [17:32:23.870] [Node:2] [RPC_SEND] [Trace:ELEC_2_95] 处理投票返回 for term 95 reply:{95 true}
2025/11/03 17:32:23 [17:32:23.870] [Node:2] [INFO] [STATE_CHANGE] CANDIDATE->LEADER term:95 reason:成为Leader
2025/11/03 17:32:23 [17:32:23.891] [Node:2] [HEARTBEAT] [Trace:HB_2_95] 开始发送心跳广播 status LEADER term:95 commitIndex:24
2025/11/03 17:32:23 [17:32:23.894] [Node:2] [LOG_REPLICA] [Trace:LOG_2_95][2->1] 心跳返回 from peer:1 term:95 success:false
2025/11/03 17:32:23 [17:32:23.894] [Node:2] [LOG_REPLICA] [Trace:LOG_2_95][2->1] 日志复制返回失败，开始快速恢复 for peer:1 starting fast recovery replyLogIndex:9
2025/11/03 17:32:23 [17:32:23.895] [Node:2] [LOG_REPLICA] [Trace:LOG_2_95][2->4] 心跳返回 from peer:4 term:95 success:true
2025/11/03 17:32:23 [17:32:23.895] [Node:2] [LOG_REPLICA] [Trace:LOG_2_95][2->4] 日志复制返回成功 from peer:4 term:95 agreeCount:2 log [{2684 16 false 25} {5836 19 false 26} {5544 19 false 27} {713 19 false 28} {6403 19 false 29} {881 19 false 30} {3832 19 false 31} {4831 19 false 32} {989 19 false 33} {3559 19 false 34} {4757 19 false 35} {5501 19 false 36} {705 19 false 37} {528 19 false 38} {4304 19 false 39} {4358 19 false 40} {8941 19 false 41} {1994 19 false 42} {411 19 false 43}]
2025/11/03 17:32:23 [17:32:23.895] [Node:2] [LOG_REPLICA] [Trace:LOG_2_95][2->4] 更新后 server:4 matchIndex:43 nextIndex:44
2025/11/03 17:32:23 [17:32:23.909] [Node:2] [LOG_REPLICA] [Trace:LOG_2_95][2->1] 心跳返回 from peer:1 term:95 success:false
2025/11/03 17:32:23 [17:32:23.909] [Node:2] [LOG_REPLICA] [Trace:LOG_2_95][2->1] 日志复制返回失败，开始快速恢复 for peer:1 starting fast recovery replyLogIndex:9
2025/11/03 17:32:23 [17:32:23.991] [Node:2] [RPC_SEND] [Trace:ELEC_2_91] 处理投票返回 for term 91 reply:{91 true}
2025/11/03 17:32:23 [17:32:23.991] [Node:2] [HEARTBEAT] [Trace:HB_2_95] 开始发送心跳广播 status LEADER term:95 commitIndex:24
2025/11/03 17:32:24 [17:32:24.000] [Node:2] [LOG_REPLICA] [Trace:LOG_2_95][2->4] 心跳返回 from peer:4 term:95 success:true
2025/11/03 17:32:24 [17:32:24.096] [Node:2] [HEARTBEAT] [Trace:HB_2_95] 开始发送心跳广播 status LEADER term:95 commitIndex:24
2025/11/03 17:32:24 [17:32:24.107] [Node:2] [RPC_RECV] [Trace:CLIENT_2_1762162344107919000] 接收到日志命令:7043 isLeader:true term:95
2025/11/03 17:32:24 [17:32:24.120] [Node:2] [RPC_RECV] [Trace:CLIENT_2_1762162344120160000] 接收到日志命令:2699 isLeader:true term:95
2025/11/03 17:32:24 [17:32:24.139] [Node:2] [RPC_RECV] [Trace:CLIENT_2_1762162344139230000] 接收到日志命令:8150 isLeader:true term:95
2025/11/03 17:32:24 [17:32:24.196] [Node:2] [HEARTBEAT] [Trace:HB_2_95] 开始发送心跳广播 status LEADER term:95 commitIndex:24
2025/11/03 17:32:24 [17:32:24.296] [Node:2] [HEARTBEAT] [Trace:HB_2_95] 开始发送心跳广播 status LEADER term:95 commitIndex:24
2025/11/03 17:32:24 [17:32:24.397] [Node:2] [HEARTBEAT] [Trace:HB_2_95] 开始发送心跳广播 status LEADER term:95 commitIndex:24
2025/11/03 17:32:24 [17:32:24.402] [Node:2] [RPC_RECV] [Trace:CLIENT_2_1762162344402890000] 接收到日志命令:8874 isLeader:true term:95
2025/11/03 17:32:24 [17:32:24.425] [Node:2] [RPC_RECV] [Trace:CLIENT_2_1762162344425283000] 接收到日志命令:7096 isLeader:true term:95
2025/11/03 17:32:24 [17:32:24.438] [Node:2] [RPC_RECV] [Trace:CLIENT_2_1762162344438124000] 接收到日志命令:4872 isLeader:true term:95
2025/11/03 17:32:24 [17:32:24.497] [Node:2] [HEARTBEAT] [Trace:HB_2_95] 开始发送心跳广播 status LEADER term:95 commitIndex:24
2025/11/03 17:32:24 [17:32:24.598] [Node:2] [HEARTBEAT] [Trace:HB_2_95] 开始发送心跳广播 status LEADER term:95 commitIndex:24
2025/11/03 17:32:24 [17:32:24.645] [Node:2] [RPC_SEND] [Trace:ELEC_2_93] 处理投票返回 for term 93 reply:{93 true}
2025/11/03 17:32:24 [17:32:24.698] [Node:2] [HEARTBEAT] [Trace:HB_2_95] 开始发送心跳广播 status LEADER term:95 commitIndex:24
2025/11/03 17:32:24 [17:32:24.799] [Node:2] [HEARTBEAT] [Trace:HB_2_95] 开始发送心跳广播 status LEADER term:95 commitIndex:24
2025/11/03 17:32:24 [17:32:24.877] [Node:2] [RPC_RECV] [Trace:CLIENT_2_1762162344877441000] 接收到日志命令:3988 isLeader:true term:95
2025/11/03 17:32:24 [17:32:24.898] [Node:2] [RPC_RECV] [Trace:CLIENT_2_1762162344898957000] 接收到日志命令:2554 isLeader:true term:95
2025/11/03 17:32:24 [17:32:24.899] [Node:2] [HEARTBEAT] [Trace:HB_2_95] 开始发送心跳广播 status LEADER term:95 commitIndex:24
2025/11/03 17:32:24 [17:32:24.907] [Node:2] [LOG_REPLICA] [Trace:LOG_2_95][2->4] 心跳返回 from peer:4 term:95 success:true
2025/11/03 17:32:24 [17:32:24.910] [Node:2] [RPC_RECV] [Trace:CLIENT_2_1762162344910896000] 接收到日志命令:554 isLeader:true term:95
2025/11/03 17:32:24 [17:32:24.919] [Node:2] [RPC_RECV] [Trace:CLIENT_2_1762162344919906000] 接收到日志命令:2953 isLeader:true term:95
2025/11/03 17:32:24 [17:32:24.932] [Node:2] [RPC_RECV] [Trace:CLIENT_2_1762162344932131000] 接收到日志命令:9230 isLeader:true term:95
2025/11/03 17:32:24 [17:32:24.947] [Node:2] [RPC_RECV] [Trace:CLIENT_2_1762162344947890000] 接收到日志命令:8688 isLeader:true term:95
2025/11/03 17:32:24 [17:32:24.959] [Node:2] [RPC_RECV] [Trace:CLIENT_2_1762162344959492000] 接收到日志命令:9094 isLeader:true term:95
2025/11/03 17:32:24 [17:32:24.969] [Node:2] [RPC_RECV] [Trace:CLIENT_2_1762162344969410000] 接收到日志命令:3997 isLeader:true term:95
2025/11/03 17:32:24 [17:32:24.978] [Node:2] [RPC_RECV] [Trace:CLIENT_2_1762162344978572000] 接收到日志命令:2894 isLeader:true term:95
2025/11/03 17:32:24 [17:32:24.982] [Node:2] [RPC_RECV] [Trace:CLIENT_2_1762162344982103000] 接收到日志命令:5667 isLeader:true term:95
2025/11/03 17:32:24 [17:32:24.992] [Node:2] [RPC_RECV] [Trace:CLIENT_2_1762162344992346000] 接收到日志命令:3509 isLeader:true term:95
2025/11/03 17:32:24 [17:32:24.999] [Node:2] [HEARTBEAT] [Trace:HB_2_95] 开始发送心跳广播 status LEADER term:95 commitIndex:24
2025/11/03 17:32:25 [17:32:25.013] [Node:2] [LOG_REPLICA] [Trace:LOG_2_95][2->1] 心跳返回 from peer:1 term:95 success:false
2025/11/03 17:32:25 [17:32:25.013] [Node:2] [LOG_REPLICA] [Trace:LOG_2_95][2->1] 日志复制返回失败，开始快速恢复 for peer:1 starting fast recovery replyLogIndex:9
2025/11/03 17:32:25 [17:32:25.099] [Node:2] [HEARTBEAT] [Trace:HB_2_95] 开始发送心跳广播 status LEADER term:95 commitIndex:24
2025/11/03 17:32:25 [17:32:25.200] [Node:2] [HEARTBEAT] [Trace:HB_2_95] 开始发送心跳广播 status LEADER term:95 commitIndex:24
2025/11/03 17:32:25 [17:32:25.251] [Node:2] [RPC_RECV] [Trace:CLIENT_2_1762162345251003000] 接收到日志命令:4539 isLeader:true term:95
2025/11/03 17:32:25 [17:32:25.263] [Node:2] [RPC_RECV] [Trace:CLIENT_2_1762162345263029000] 接收到日志命令:1900 isLeader:true term:95
2025/11/03 17:32:25 [17:32:25.276] [Node:2] [RPC_RECV] [Trace:CLIENT_2_1762162345276202000] 接收到日志命令:395 isLeader:true term:95
2025/11/03 17:32:25 [17:32:25.289] [Node:2] [RPC_RECV] [Trace:CLIENT_2_1762162345289943000] 接收到日志命令:4338 isLeader:true term:95
2025/11/03 17:32:25 [17:32:25.300] [Node:2] [HEARTBEAT] [Trace:HB_2_95] 开始发送心跳广播 status LEADER term:95 commitIndex:24
2025/11/03 17:32:25 [17:32:25.302] [Node:2] [RPC_RECV] [Trace:CLIENT_2_1762162345302698000] 接收到日志命令:9052 isLeader:true term:95
2025/11/03 17:32:25 [17:32:25.313] [Node:2] [RPC_RECV] [Trace:CLIENT_2_1762162345313546000] 接收到日志命令:6681 isLeader:true term:95
2025/11/03 17:32:25 [17:32:25.324] [Node:2] [RPC_RECV] [Trace:CLIENT_2_1762162345324538000] 接收到日志命令:5152 isLeader:true term:95
2025/11/03 17:32:25 [17:32:25.336] [Node:2] [RPC_RECV] [Trace:CLIENT_2_1762162345336724000] 接收到日志命令:2250 isLeader:true term:95
2025/11/03 17:32:25 [17:32:25.349] [Node:2] [RPC_RECV] [Trace:CLIENT_2_1762162345349230000] 接收到日志命令:7353 isLeader:true term:95
2025/11/03 17:32:25 [17:32:25.360] [Node:2] [RPC_RECV] [Trace:CLIENT_2_1762162345360178000] 接收到日志命令:7300 isLeader:true term:95
2025/11/03 17:32:25 [17:32:25.370] [Node:2] [RPC_RECV] [Trace:CLIENT_2_1762162345370396000] 接收到日志命令:9476 isLeader:true term:95
2025/11/03 17:32:25 [17:32:25.375] [Node:2] [RPC_RECV] [Trace:CLIENT_2_1762162345375177000] 接收到日志命令:5907 isLeader:true term:95
2025/11/03 17:32:25 [17:32:25.401] [Node:2] [HEARTBEAT] [Trace:HB_2_95] 开始发送心跳广播 status LEADER term:95 commitIndex:24
2025/11/03 17:32:25 [17:32:25.447] [Node:2] [LOG_REPLICA] [Trace:LOG_2_95][2->1] 心跳返回 from peer:1 term:95 success:false
2025/11/03 17:32:25 [17:32:25.447] [Node:2] [LOG_REPLICA] [Trace:LOG_2_95][2->1] 日志复制返回失败，开始快速恢复 for peer:1 starting fast recovery replyLogIndex:9
2025/11/03 17:32:25 [17:32:25.503] [Node:2] [HEARTBEAT] [Trace:HB_2_95] 开始发送心跳广播 status LEADER term:95 commitIndex:24
2025/11/03 17:32:25 [17:32:25.606] [Node:2] [HEARTBEAT] [Trace:HB_2_95] 开始发送心跳广播 status LEADER term:95 commitIndex:24
2025/11/03 17:32:25 [17:32:25.636] [Node:2] [RPC_RECV] [Trace:CLIENT_2_1762162345636466000] 接收到日志命令:8352 isLeader:true term:95
2025/11/03 17:32:25 [17:32:25.706] [Node:2] [HEARTBEAT] [Trace:HB_2_95] 开始发送心跳广播 status LEADER term:95 commitIndex:24
2025/11/03 17:32:25 [17:32:25.808] [Node:2] [HEARTBEAT] [Trace:HB_2_95] 开始发送心跳广播 status LEADER term:95 commitIndex:24
2025/11/03 17:32:25 [17:32:25.809] [Node:2] [RPC_RECV] [Trace:CLIENT_2_1762162345809200000] 接收到日志命令:3326 isLeader:true term:95
2025/11/03 17:32:25 [17:32:25.822] [Node:2] [RPC_RECV] [Trace:CLIENT_2_1762162345822609000] 接收到日志命令:2806 isLeader:true term:95
2025/11/03 17:32:25 [17:32:25.827] [Node:2] [RPC_RECV] [Trace:CLIENT_2_1762162345827565000] 接收到日志命令:5167 isLeader:true term:95
2025/11/03 17:32:25 [17:32:25.833] [Node:2] [RPC_RECV] [Trace:CLIENT_2_1762162345833431000] 接收到日志命令:3514 isLeader:true term:95
2025/11/03 17:32:25 [17:32:25.837] [Node:2] [RPC_RECV] [Trace:CLIENT_2_1762162345837381000] 接收到日志命令:7493 isLeader:true term:95
2025/11/03 17:32:25 [17:32:25.848] [Node:2] [RPC_RECV] [Trace:CLIENT_2_1762162345848408000] 接收到日志命令:3260 isLeader:true term:95
2025/11/03 17:32:25 [17:32:25.852] [Node:2] [RPC_RECV] [Trace:CLIENT_2_1762162345852607000] 接收到日志命令:2440 isLeader:true term:95
2025/11/03 17:32:25 [17:32:25.858] [Node:2] [RPC_RECV] [Trace:CLIENT_2_1762162345858838000] 接收到日志命令:2920 isLeader:true term:95
2025/11/03 17:32:25 [17:32:25.870] [Node:2] [RPC_RECV] [Trace:CLIENT_2_1762162345870884000] 接收到日志命令:8285 isLeader:true term:95
2025/11/03 17:32:25 [17:32:25.886] [Node:2] [RPC_RECV] [Trace:CLIENT_2_1762162345886108000] 接收到日志命令:4140 isLeader:true term:95
2025/11/03 17:32:25 [17:32:25.891] [Node:2] [RPC_RECV] [Trace:CLIENT_2_1762162345891288000] 接收到日志命令:8602 isLeader:true term:95
2025/11/03 17:32:25 [17:32:25.896] [Node:2] [RPC_RECV] [Trace:CLIENT_2_1762162345896558000] 接收到日志命令:5537 isLeader:true term:95
2025/11/03 17:32:25 [17:32:25.908] [Node:2] [HEARTBEAT] [Trace:HB_2_95] 开始发送心跳广播 status LEADER term:95 commitIndex:24
2025/11/03 17:32:25 [17:32:25.911] [Node:2] [RPC_RECV] [Trace:CLIENT_2_1762162345911844000] 接收到日志命令:4663 isLeader:true term:95
2025/11/03 17:32:25 [17:32:25.925] [Node:2] [RPC_RECV] [Trace:CLIENT_2_1762162345925594000] 接收到日志命令:8098 isLeader:true term:95
2025/11/03 17:32:25 [17:32:25.940] [Node:2] [RPC_RECV] [Trace:CLIENT_2_1762162345940213000] 接收到日志命令:743 isLeader:true term:95
2025/11/03 17:32:25 [17:32:25.948] [Node:2] [RPC_RECV] [Trace:CLIENT_2_1762162345948637000] 接收到日志命令:9006 isLeader:true term:95
2025/11/03 17:32:25 [17:32:25.952] [Node:2] [RPC_RECV] [Trace:CLIENT_2_1762162345952753000] 接收到日志命令:6480 isLeader:true term:95
2025/11/03 17:32:25 [17:32:25.957] [Node:2] [RPC_RECV] [Trace:CLIENT_2_1762162345957117000] 接收到日志命令:4305 isLeader:true term:95
2025/11/03 17:32:26 [17:32:26.008] [Node:2] [HEARTBEAT] [Trace:HB_2_95] 开始发送心跳广播 status LEADER term:95 commitIndex:24
2025/11/03 17:32:26 [17:32:26.109] [Node:2] [HEARTBEAT] [Trace:HB_2_95] 开始发送心跳广播 status LEADER term:95 commitIndex:24
2025/11/03 17:32:26 [17:32:26.215] [Node:2] [HEARTBEAT] [Trace:HB_2_95] 开始发送心跳广播 status LEADER term:95 commitIndex:24
2025/11/03 17:32:26 [17:32:26.294] [Node:2] [RPC_RECV] [Trace:CLIENT_2_1762162346294143000] 接收到日志命令:7754 isLeader:true term:95
2025/11/03 17:32:26 [17:32:26.302] [Node:2] [RPC_RECV] [Trace:CLIENT_2_1762162346302073000] 接收到日志命令:612 isLeader:true term:95
2025/11/03 17:32:26 [17:32:26.311] [Node:2] [RPC_RECV] [Trace:CLIENT_2_1762162346311381000] 接收到日志命令:7820 isLeader:true term:95
2025/11/03 17:32:26 [17:32:26.315] [Node:2] [HEARTBEAT] [Trace:HB_2_95] 开始发送心跳广播 status LEADER term:95 commitIndex:24
2025/11/03 17:32:26 [17:32:26.323] [Node:2] [RPC_RECV] [Trace:CLIENT_2_1762162346323192000] 接收到日志命令:4607 isLeader:true term:95
2025/11/03 17:32:26 [17:32:26.330] [Node:2] [RPC_RECV] [Trace:CLIENT_2_1762162346330695000] 接收到日志命令:7256 isLeader:true term:95
2025/11/03 17:32:26 [17:32:26.337] [Node:2] [RPC_RECV] [Trace:CLIENT_2_1762162346337993000] 接收到日志命令:4888 isLeader:true term:95
2025/11/03 17:32:26 [17:32:26.352] [Node:2] [RPC_RECV] [Trace:CLIENT_2_1762162346352791000] 接收到日志命令:1311 isLeader:true term:95
2025/11/03 17:32:26 [17:32:26.363] [Node:2] [RPC_RECV] [Trace:CLIENT_2_1762162346363054000] 接收到日志命令:8099 isLeader:true term:95
2025/11/03 17:32:26 [17:32:26.380] [Node:2] [RPC_RECV] [Trace:CLIENT_2_1762162346380764000] 接收到日志命令:1197 isLeader:true term:95
2025/11/03 17:32:26 [17:32:26.391] [Node:2] [RPC_RECV] [Trace:CLIENT_2_1762162346391816000] 接收到日志命令:2238 isLeader:true term:95
2025/11/03 17:32:26 [17:32:26.399] [Node:2] [RPC_RECV] [Trace:CLIENT_2_1762162346399514000] 接收到日志命令:2354 isLeader:true term:95
2025/11/03 17:32:26 [17:32:26.410] [Node:2] [RPC_RECV] [Trace:CLIENT_2_1762162346410726000] 接收到日志命令:3362 isLeader:true term:95
2025/11/03 17:32:26 [17:32:26.415] [Node:2] [HEARTBEAT] [Trace:HB_2_95] 开始发送心跳广播 status LEADER term:95 commitIndex:24
2025/11/03 17:32:26 [17:32:26.428] [Node:2] [RPC_RECV] [Trace:CLIENT_2_1762162346428470000] 接收到日志命令:919 isLeader:true term:95
2025/11/03 17:32:26 [17:32:26.443] [Node:2] [RPC_RECV] [Trace:CLIENT_2_1762162346443265000] 接收到日志命令:8424 isLeader:true term:95
2025/11/03 17:32:26 [17:32:26.455] [Node:2] [RPC_RECV] [Trace:CLIENT_2_1762162346455365000] 接收到日志命令:6099 isLeader:true term:95
2025/11/03 17:32:26 [17:32:26.466] [Node:2] [RPC_RECV] [Trace:CLIENT_2_1762162346466138000] 接收到日志命令:1374 isLeader:true term:95
2025/11/03 17:32:26 [17:32:26.473] [Node:2] [RPC_RECV] [Trace:CLIENT_2_1762162346473676000] 接收到日志命令:2506 isLeader:true term:95
2025/11/03 17:32:26 [17:32:26.516] [Node:2] [HEARTBEAT] [Trace:HB_2_95] 开始发送心跳广播 status LEADER term:95 commitIndex:24
2025/11/03 17:32:26 [17:32:26.616] [Node:2] [HEARTBEAT] [Trace:HB_2_95] 开始发送心跳广播 status LEADER term:95 commitIndex:24
2025/11/03 17:32:26 [17:32:26.717] [Node:2] [HEARTBEAT] [Trace:HB_2_95] 开始发送心跳广播 status LEADER term:95 commitIndex:24
2025/11/03 17:32:26 [17:32:26.821] [Node:2] [HEARTBEAT] [Trace:HB_2_95] 开始发送心跳广播 status LEADER term:95 commitIndex:24
2025/11/03 17:32:26 [17:32:26.843] [Node:2] [RPC_RECV] [Trace:CLIENT_2_1762162346843746000] 接收到日志命令:7804 isLeader:true term:95
2025/11/03 17:32:26 [17:32:26.855] [Node:2] [RPC_RECV] [Trace:CLIENT_2_1762162346855923000] 接收到日志命令:5971 isLeader:true term:95
2025/11/03 17:32:26 [17:32:26.869] [Node:2] [RPC_RECV] [Trace:CLIENT_2_1762162346869135000] 接收到日志命令:3293 isLeader:true term:95
2025/11/03 17:32:26 [17:32:26.922] [Node:2] [HEARTBEAT] [Trace:HB_2_95] 开始发送心跳广播 status LEADER term:95 commitIndex:24
2025/11/03 17:32:27 [17:32:27.022] [Node:2] [HEARTBEAT] [Trace:HB_2_95] 开始发送心跳广播 status LEADER term:95 commitIndex:24
2025/11/03 17:32:27 [17:32:27.044] [Node:2] [RPC_RECV] [Trace:CLIENT_2_1762162347044694000] 接收到日志命令:6828 isLeader:true term:95
2025/11/03 17:32:27 [17:32:27.050] [Node:2] [RPC_RECV] [Trace:CLIENT_2_1762162347050309000] 接收到日志命令:5896 isLeader:true term:95
2025/11/03 17:32:27 [17:32:27.058] [Node:2] [RPC_RECV] [Trace:CLIENT_2_1762162347058269000] 接收到日志命令:2846 isLeader:true term:95
2025/11/03 17:32:27 [17:32:27.072] [Node:2] [RPC_RECV] [Trace:CLIENT_2_1762162347072903000] 接收到日志命令:1290 isLeader:true term:95
2025/11/03 17:32:27 [17:32:27.088] [Node:2] [RPC_RECV] [Trace:CLIENT_2_1762162347088808000] 接收到日志命令:7082 isLeader:true term:95
2025/11/03 17:32:27 [17:32:27.101] [Node:2] [RPC_RECV] [Trace:CLIENT_2_1762162347101093000] 接收到日志命令:4917 isLeader:true term:95
2025/11/03 17:32:27 [17:32:27.111] [Node:2] [RPC_RECV] [Trace:CLIENT_2_1762162347111314000] 接收到日志命令:3250 isLeader:true term:95
2025/11/03 17:32:27 [17:32:27.122] [Node:2] [HEARTBEAT] [Trace:HB_2_95] 开始发送心跳广播 status LEADER term:95 commitIndex:24
2025/11/03 17:32:27 [17:32:27.122] [Node:2] [RPC_RECV] [Trace:CLIENT_2_1762162347122953000] 接收到日志命令:248 isLeader:true term:95
2025/11/03 17:32:27 [17:32:27.138] [Node:2] [RPC_RECV] [Trace:CLIENT_2_1762162347138046000] 接收到日志命令:1140 isLeader:true term:95
2025/11/03 17:32:27 [17:32:27.222] [Node:2] [HEARTBEAT] [Trace:HB_2_95] 开始发送心跳广播 status LEADER term:95 commitIndex:24
2025/11/03 17:32:27 [17:32:27.324] [Node:2] [HEARTBEAT] [Trace:HB_2_95] 开始发送心跳广播 status LEADER term:95 commitIndex:24
2025/11/03 17:32:27 [17:32:27.425] [Node:2] [HEARTBEAT] [Trace:HB_2_95] 开始发送心跳广播 status LEADER term:95 commitIndex:24
2025/11/03 17:32:27 [17:32:27.515] [Node:2] [RPC_RECV] [Trace:CLIENT_2_1762162347515106000] 接收到日志命令:1245 isLeader:true term:95
2025/11/03 17:32:27 [17:32:27.525] [Node:2] [HEARTBEAT] [Trace:HB_2_95] 开始发送心跳广播 status LEADER term:95 commitIndex:24
2025/11/03 17:32:27 [17:32:27.531] [Node:2] [RPC_RECV] [Trace:CLIENT_2_1762162347531295000] 接收到日志命令:6024 isLeader:true term:95
2025/11/03 17:32:27 [17:32:27.542] [Node:2] [RPC_RECV] [Trace:CLIENT_2_1762162347542025000] 接收到日志命令:4473 isLeader:true term:95
2025/11/03 17:32:27 [17:32:27.548] [Node:2] [RPC_RECV] [Trace:CLIENT_2_1762162347548673000] 接收到日志命令:2136 isLeader:true term:95
2025/11/03 17:32:27 [17:32:27.625] [Node:2] [HEARTBEAT] [Trace:HB_2_95] 开始发送心跳广播 status LEADER term:95 commitIndex:24
2025/11/03 17:32:27 [17:32:27.726] [Node:2] [HEARTBEAT] [Trace:HB_2_95] 开始发送心跳广播 status LEADER term:95 commitIndex:24
2025/11/03 17:32:27 [17:32:27.827] [Node:2] [HEARTBEAT] [Trace:HB_2_95] 开始发送心跳广播 status LEADER term:95 commitIndex:24
2025/11/03 17:32:27 [17:32:27.864] [Node:2] [RPC_RECV] [Trace:CLIENT_2_1762162347864608000] 接收到日志命令:4154 isLeader:true term:95
2025/11/03 17:32:27 [17:32:27.870] [Node:2] [RPC_RECV] [Trace:CLIENT_2_1762162347870315000] 接收到日志命令:2583 isLeader:true term:95
2025/11/03 17:32:27 [17:32:27.885] [Node:2] [RPC_RECV] [Trace:CLIENT_2_1762162347885200000] 接收到日志命令:708 isLeader:true term:95
2025/11/03 17:32:27 [17:32:27.901] [Node:2] [RPC_RECV] [Trace:CLIENT_2_1762162347901748000] 接收到日志命令:4481 isLeader:true term:95
2025/11/03 17:32:27 [17:32:27.906] [Node:2] [RPC_RECV] [Trace:CLIENT_2_1762162347906590000] 接收到日志命令:6476 isLeader:true term:95
2025/11/03 17:32:27 [17:32:27.914] [Node:2] [RPC_RECV] [Trace:CLIENT_2_1762162347914450000] 接收到日志命令:5036 isLeader:true term:95
2025/11/03 17:32:27 [17:32:27.930] [Node:2] [HEARTBEAT] [Trace:HB_2_95] 开始发送心跳广播 status LEADER term:95 commitIndex:24
2025/11/03 17:32:28 [17:32:28.031] [Node:2] [HEARTBEAT] [Trace:HB_2_95] 开始发送心跳广播 status LEADER term:95 commitIndex:24
2025/11/03 17:32:28 [17:32:28.104] [Node:2] [RPC_RECV] [Trace:CLIENT_2_1762162348104574000] 接收到日志命令:4065 isLeader:true term:95
2025/11/03 17:32:28 [17:32:28.118] [Node:2] [RPC_RECV] [Trace:CLIENT_2_1762162348118983000] 接收到日志命令:6200 isLeader:true term:95
2025/11/03 17:32:28 [17:32:28.124] [Node:2] [RPC_RECV] [Trace:CLIENT_2_1762162348124045000] 接收到日志命令:1397 isLeader:true term:95
2025/11/03 17:32:28 [17:32:28.131] [Node:2] [HEARTBEAT] [Trace:HB_2_95] 开始发送心跳广播 status LEADER term:95 commitIndex:24
2025/11/03 17:32:28 [17:32:28.137] [Node:2] [RPC_RECV] [Trace:CLIENT_2_1762162348137281000] 接收到日志命令:4279 isLeader:true term:95
2025/11/03 17:32:28 [17:32:28.145] [Node:2] [RPC_RECV] [Trace:CLIENT_2_1762162348145924000] 接收到日志命令:6833 isLeader:true term:95
2025/11/03 17:32:28 [17:32:28.157] [Node:2] [RPC_RECV] [Trace:CLIENT_2_1762162348157033000] 接收到日志命令:4346 isLeader:true term:95
2025/11/03 17:32:28 [17:32:28.171] [Node:2] [RPC_RECV] [Trace:CLIENT_2_1762162348171596000] 接收到日志命令:3317 isLeader:true term:95
2025/11/03 17:32:28 [17:32:28.194] [Node:2] [RPC_RECV] [Trace:CLIENT_2_1762162348194811000] 接收到日志命令:4185 isLeader:true term:95
2025/11/03 17:32:28 [17:32:28.210] [Node:2] [RPC_RECV] [Trace:CLIENT_2_1762162348210712000] 接收到日志命令:4000 isLeader:true term:95
2025/11/03 17:32:28 [17:32:28.224] [Node:2] [RPC_RECV] [Trace:CLIENT_2_1762162348224652000] 接收到日志命令:2185 isLeader:true term:95
2025/11/03 17:32:28 [17:32:28.231] [Node:2] [HEARTBEAT] [Trace:HB_2_95] 开始发送心跳广播 status LEADER term:95 commitIndex:24
2025/11/03 17:32:28 [17:32:28.237] [Node:2] [RPC_RECV] [Trace:CLIENT_2_1762162348237968000] 接收到日志命令:8037 isLeader:true term:95
2025/11/03 17:32:28 [17:32:28.257] [Node:2] [RPC_RECV] [Trace:CLIENT_2_1762162348257603000] 接收到日志命令:1968 isLeader:true term:95
2025/11/03 17:32:28 [17:32:28.274] [Node:2] [RPC_RECV] [Trace:CLIENT_2_1762162348274861000] 接收到日志命令:6414 isLeader:true term:95
2025/11/03 17:32:28 [17:32:28.339] [Node:2] [HEARTBEAT] [Trace:HB_2_95] 开始发送心跳广播 status LEADER term:95 commitIndex:24
2025/11/03 17:32:28 [17:32:28.440] [Node:2] [HEARTBEAT] [Trace:HB_2_95] 开始发送心跳广播 status LEADER term:95 commitIndex:24
2025/11/03 17:32:28 [17:32:28.541] [Node:2] [HEARTBEAT] [Trace:HB_2_95] 开始发送心跳广播 status LEADER term:95 commitIndex:24
2025/11/03 17:32:28 [17:32:28.584] [Node:2] [RPC_RECV] [Trace:CLIENT_2_1762162348584120000] 接收到日志命令:6351 isLeader:true term:95
2025/11/03 17:32:28 [17:32:28.602] [Node:2] [RPC_RECV] [Trace:CLIENT_2_1762162348602365000] 接收到日志命令:1290 isLeader:true term:95
2025/11/03 17:32:28 [17:32:28.607] [Node:2] [RPC_RECV] [Trace:CLIENT_2_1762162348607521000] 接收到日志命令:255 isLeader:true term:95
2025/11/03 17:32:28 [17:32:28.615] [Node:2] [RPC_RECV] [Trace:CLIENT_2_1762162348615608000] 接收到日志命令:5814 isLeader:true term:95
2025/11/03 17:32:28 [17:32:28.631] [Node:2] [RPC_RECV] [Trace:CLIENT_2_1762162348631952000] 接收到日志命令:9138 isLeader:true term:95
2025/11/03 17:32:28 [17:32:28.639] [Node:2] [RPC_RECV] [Trace:CLIENT_2_1762162348639171000] 接收到日志命令:1249 isLeader:true term:95
2025/11/03 17:32:28 [17:32:28.642] [Node:2] [HEARTBEAT] [Trace:HB_2_95] 开始发送心跳广播 status LEADER term:95 commitIndex:24
2025/11/03 17:32:28 [17:32:28.742] [Node:2] [HEARTBEAT] [Trace:HB_2_95] 开始发送心跳广播 status LEADER term:95 commitIndex:24
2025/11/03 17:32:28 [17:32:28.774] [Node:2] [RPC_RECV] [Trace:CLIENT_2_1762162348774623000] 接收到日志命令:8088 isLeader:true term:95
2025/11/03 17:32:28 [17:32:28.783] [Node:2] [RPC_RECV] [Trace:CLIENT_2_1762162348783037000] 接收到日志命令:61 isLeader:true term:95
2025/11/03 17:32:28 [17:32:28.842] [Node:2] [RPC_RECV] [Trace:CLIENT_2_1762162348842721000] 接收到日志命令:6456 isLeader:true term:95
2025/11/03 17:32:28 [17:32:28.849] [Node:2] [HEARTBEAT] [Trace:HB_2_95] 开始发送心跳广播 status LEADER term:95 commitIndex:24
2025/11/03 17:32:28 [17:32:28.855] [Node:2] [RPC_RECV] [Trace:CLIENT_2_1762162348855786000] 接收到日志命令:9658 isLeader:true term:95
2025/11/03 17:32:28 [17:32:28.952] [Node:2] [HEARTBEAT] [Trace:HB_2_95] 开始发送心跳广播 status LEADER term:95 commitIndex:24
2025/11/03 17:32:29 [17:32:29.053] [Node:2] [HEARTBEAT] [Trace:HB_2_95] 开始发送心跳广播 status LEADER term:95 commitIndex:24
2025/11/03 17:32:29 [17:32:29.153] [Node:2] [HEARTBEAT] [Trace:HB_2_95] 开始发送心跳广播 status LEADER term:95 commitIndex:24
2025/11/03 17:32:29 [17:32:29.255] [Node:2] [HEARTBEAT] [Trace:HB_2_95] 开始发送心跳广播 status LEADER term:95 commitIndex:24
2025/11/03 17:32:29 [17:32:29.267] [Node:2] [RPC_RECV] [Trace:CLIENT_2_1762162349267536000] 接收到日志命令:2752 isLeader:true term:95
2025/11/03 17:32:29 [17:32:29.280] [Node:2] [RPC_RECV] [Trace:CLIENT_2_1762162349280302000] 接收到日志命令:4915 isLeader:true term:95
2025/11/03 17:32:29 [17:32:29.295] [Node:2] [RPC_RECV] [Trace:CLIENT_2_1762162349295831000] 接收到日志命令:2443 isLeader:true term:95
2025/11/03 17:32:29 [17:32:29.307] [Node:2] [RPC_RECV] [Trace:CLIENT_2_1762162349307497000] 接收到日志命令:4194 isLeader:true term:95
2025/11/03 17:32:29 [17:32:29.314] [Node:2] [RPC_RECV] [Trace:CLIENT_2_1762162349314831000] 接收到日志命令:928 isLeader:true term:95
2025/11/03 17:32:29 [17:32:29.320] [Node:2] [RPC_RECV] [Trace:CLIENT_2_1762162349320015000] 接收到日志命令:5614 isLeader:true term:95
2025/11/03 17:32:29 [17:32:29.323] [Node:2] [RPC_RECV] [Trace:CLIENT_2_1762162349323628000] 接收到日志命令:8999 isLeader:true term:95
2025/11/03 17:32:29 [17:32:29.331] [Node:2] [RPC_RECV] [Trace:CLIENT_2_1762162349331537000] 接收到日志命令:1953 isLeader:true term:95
2025/11/03 17:32:29 [17:32:29.347] [Node:2] [RPC_RECV] [Trace:CLIENT_2_1762162349347968000] 接收到日志命令:2650 isLeader:true term:95
2025/11/03 17:32:29 [17:32:29.355] [Node:2] [HEARTBEAT] [Trace:HB_2_95] 开始发送心跳广播 status LEADER term:95 commitIndex:24
2025/11/03 17:32:29 [17:32:29.358] [Node:2] [RPC_RECV] [Trace:CLIENT_2_1762162349358625000] 接收到日志命令:3468 isLeader:true term:95
2025/11/03 17:32:29 [17:32:29.375] [Node:2] [RPC_RECV] [Trace:CLIENT_2_1762162349375380000] 接收到日志命令:1123 isLeader:true term:95
2025/11/03 17:32:29 [17:32:29.379] [Node:2] [RPC_RECV] [Trace:CLIENT_2_1762162349379329000] 接收到日志命令:3774 isLeader:true term:95
2025/11/03 17:32:29 [17:32:29.388] [Node:2] [RPC_RECV] [Trace:CLIENT_2_1762162349388945000] 接收到日志命令:6358 isLeader:true term:95
2025/11/03 17:32:29 [17:32:29.392] [Node:2] [RPC_RECV] [Trace:CLIENT_2_1762162349392145000] 接收到日志命令:5925 isLeader:true term:95
2025/11/03 17:32:29 [17:32:29.406] [Node:2] [RPC_RECV] [Trace:CLIENT_2_1762162349406505000] 接收到日志命令:338 isLeader:true term:95
2025/11/03 17:32:29 [17:32:29.411] [Node:2] [RPC_RECV] [Trace:CLIENT_2_1762162349411047000] 接收到日志命令:99 isLeader:true term:95
2025/11/03 17:32:29 [17:32:29.421] [Node:2] [RPC_RECV] [Trace:CLIENT_2_1762162349421348000] 接收到日志命令:4512 isLeader:true term:95
2025/11/03 17:32:29 [17:32:29.455] [Node:2] [HEARTBEAT] [Trace:HB_2_95] 开始发送心跳广播 status LEADER term:95 commitIndex:24
2025/11/03 17:32:29 [17:32:29.556] [Node:2] [HEARTBEAT] [Trace:HB_2_95] 开始发送心跳广播 status LEADER term:95 commitIndex:24
2025/11/03 17:32:29 [17:32:29.657] [Node:2] [HEARTBEAT] [Trace:HB_2_95] 开始发送心跳广播 status LEADER term:95 commitIndex:24
2025/11/03 17:32:29 [17:32:29.769] [Node:2] [HEARTBEAT] [Trace:HB_2_95] 开始发送心跳广播 status LEADER term:95 commitIndex:24
2025/11/03 17:32:29 [17:32:29.870] [Node:2] [HEARTBEAT] [Trace:HB_2_95] 开始发送心跳广播 status LEADER term:95 commitIndex:24
2025/11/03 17:32:29 [17:32:29.919] [Node:2] [RPC_RECV] [Trace:CLIENT_2_1762162349919022000] 接收到日志命令:7477 isLeader:true term:95
2025/11/03 17:32:29 [17:32:29.931] [Node:2] [RPC_RECV] [Trace:CLIENT_2_1762162349931788000] 接收到日志命令:169 isLeader:true term:95
2025/11/03 17:32:29 [17:32:29.944] [Node:2] [RPC_RECV] [Trace:CLIENT_2_1762162349944971000] 接收到日志命令:6395 isLeader:true term:95
2025/11/03 17:32:29 [17:32:29.954] [Node:2] [RPC_RECV] [Trace:CLIENT_2_1762162349954436000] 接收到日志命令:7193 isLeader:true term:95
2025/11/03 17:32:29 [17:32:29.968] [Node:2] [RPC_RECV] [Trace:CLIENT_2_1762162349968511000] 接收到日志命令:2353 isLeader:true term:95
2025/11/03 17:32:29 [17:32:29.971] [Node:2] [HEARTBEAT] [Trace:HB_2_95] 开始发送心跳广播 status LEADER term:95 commitIndex:24
2025/11/03 17:32:29 [17:32:29.983] [Node:2] [RPC_RECV] [Trace:CLIENT_2_1762162349983407000] 接收到日志命令:3277 isLeader:true term:95
2025/11/03 17:32:29 [17:32:29.999] [Node:2] [RPC_RECV] [Trace:CLIENT_2_1762162349999255000] 接收到日志命令:6306 isLeader:true term:95
2025/11/03 17:32:30 [17:32:30.010] [Node:2] [RPC_RECV] [Trace:CLIENT_2_1762162350010389000] 接收到日志命令:5511 isLeader:true term:95
2025/11/03 17:32:30 [17:32:30.019] [Node:2] [RPC_RECV] [Trace:CLIENT_2_1762162350019367000] 接收到日志命令:2355 isLeader:true term:95
2025/11/03 17:32:30 [17:32:30.029] [Node:2] [RPC_RECV] [Trace:CLIENT_2_1762162350029446000] 接收到日志命令:8128 isLeader:true term:95
2025/11/03 17:32:30 [17:32:30.032] [Node:2] [RPC_RECV] [Trace:CLIENT_2_1762162350032292000] 接收到日志命令:6058 isLeader:true term:95
2025/11/03 17:32:30 [17:32:30.047] [Node:2] [RPC_RECV] [Trace:CLIENT_2_1762162350047580000] 接收到日志命令:7487 isLeader:true term:95
2025/11/03 17:32:30 [17:32:30.058] [Node:2] [RPC_RECV] [Trace:CLIENT_2_1762162350058148000] 接收到日志命令:9104 isLeader:true term:95
2025/11/03 17:32:30 [17:32:30.072] [Node:2] [HEARTBEAT] [Trace:HB_2_95] 开始发送心跳广播 status LEADER term:95 commitIndex:24
2025/11/03 17:32:30 [17:32:30.074] [Node:2] [RPC_RECV] [Trace:CLIENT_2_1762162350074630000] 接收到日志命令:9659 isLeader:true term:95
2025/11/03 17:32:30 [17:32:30.091] [Node:2] [RPC_RECV] [Trace:CLIENT_2_1762162350091450000] 接收到日志命令:3870 isLeader:true term:95
2025/11/03 17:32:30 [17:32:30.172] [Node:2] [HEARTBEAT] [Trace:HB_2_95] 开始发送心跳广播 status LEADER term:95 commitIndex:24
2025/11/03 17:32:30 [17:32:30.273] [Node:2] [HEARTBEAT] [Trace:HB_2_95] 开始发送心跳广播 status LEADER term:95 commitIndex:24
2025/11/03 17:32:30 [17:32:30.298] [Node:2] [RPC_RECV] [Trace:CLIENT_2_1762162350298167000] 接收到日志命令:7666 isLeader:true term:95
2025/11/03 17:32:30 [17:32:30.314] [Node:2] [RPC_RECV] [Trace:CLIENT_2_1762162350314650000] 接收到日志命令:8351 isLeader:true term:95
2025/11/03 17:32:30 [17:32:30.333] [Node:2] [RPC_RECV] [Trace:CLIENT_2_1762162350333446000] 接收到日志命令:9904 isLeader:true term:95
2025/11/03 17:32:30 [17:32:30.352] [Node:2] [RPC_RECV] [Trace:CLIENT_2_1762162350352077000] 接收到日志命令:3086 isLeader:true term:95
2025/11/03 17:32:30 [17:32:30.363] [Node:2] [RPC_RECV] [Trace:CLIENT_2_1762162350363485000] 接收到日志命令:4239 isLeader:true term:95
2025/11/03 17:32:30 [17:32:30.371] [Node:2] [RPC_RECV] [Trace:CLIENT_2_1762162350371728000] 接收到日志命令:9285 isLeader:true term:95
2025/11/03 17:32:30 [17:32:30.373] [Node:2] [HEARTBEAT] [Trace:HB_2_95] 开始发送心跳广播 status LEADER term:95 commitIndex:24
2025/11/03 17:32:30 [17:32:30.378] [Node:2] [RPC_RECV] [Trace:CLIENT_2_1762162350378341000] 接收到日志命令:8547 isLeader:true term:95
2025/11/03 17:32:30 [17:32:30.388] [Node:2] [RPC_RECV] [Trace:CLIENT_2_1762162350388553000] 接收到日志命令:5397 isLeader:true term:95
2025/11/03 17:32:30 [17:32:30.398] [Node:2] [RPC_RECV] [Trace:CLIENT_2_1762162350398258000] 接收到日志命令:6203 isLeader:true term:95
2025/11/03 17:32:30 [17:32:30.413] [Node:2] [RPC_RECV] [Trace:CLIENT_2_1762162350413946000] 接收到日志命令:2701 isLeader:true term:95
2025/11/03 17:32:30 [17:32:30.423] [Node:2] [RPC_RECV] [Trace:CLIENT_2_1762162350423074000] 接收到日志命令:281 isLeader:true term:95
2025/11/03 17:32:30 [17:32:30.429] [Node:2] [RPC_RECV] [Trace:CLIENT_2_1762162350429424000] 接收到日志命令:5684 isLeader:true term:95
2025/11/03 17:32:30 [17:32:30.438] [Node:2] [RPC_RECV] [Trace:CLIENT_2_1762162350438150000] 接收到日志命令:6931 isLeader:true term:95
2025/11/03 17:32:30 [17:32:30.446] [Node:2] [RPC_RECV] [Trace:CLIENT_2_1762162350446202000] 接收到日志命令:1998 isLeader:true term:95
2025/11/03 17:32:30 [17:32:30.456] [Node:2] [RPC_RECV] [Trace:CLIENT_2_1762162350456291000] 接收到日志命令:3892 isLeader:true term:95
2025/11/03 17:32:30 [17:32:30.465] [Node:2] [RPC_RECV] [Trace:CLIENT_2_1762162350465617000] 接收到日志命令:8994 isLeader:true term:95
2025/11/03 17:32:30 [17:32:30.474] [Node:2] [HEARTBEAT] [Trace:HB_2_95] 开始发送心跳广播 status LEADER term:95 commitIndex:24
2025/11/03 17:32:30 [17:32:30.570] [Node:2] [RPC_RECV] [Trace:CLIENT_2_1762162350570958000] 接收到日志命令:8648 isLeader:true term:95
2025/11/03 17:32:30 [17:32:30.574] [Node:2] [HEARTBEAT] [Trace:HB_2_95] 开始发送心跳广播 status LEADER term:95 commitIndex:24
2025/11/03 17:32:30 [17:32:30.625] [Node:2] [RPC_RECV] [Trace:CLIENT_2_1762162350625370000] 接收到日志命令:4605 isLeader:true term:95
2025/11/03 17:32:30 [17:32:30.643] [Node:2] [RPC_RECV] [Trace:CLIENT_2_1762162350643290000] 接收到日志命令:4080 isLeader:true term:95
2025/11/03 17:32:30 [17:32:30.653] [Node:2] [RPC_RECV] [Trace:CLIENT_2_1762162350653788000] 接收到日志命令:3229 isLeader:true term:95
2025/11/03 17:32:30 [17:32:30.662] [Node:2] [RPC_RECV] [Trace:CLIENT_2_1762162350662376000] 接收到日志命令:1192 isLeader:true term:95
2025/11/03 17:32:30 [17:32:30.670] [Node:2] [RPC_RECV] [Trace:CLIENT_2_1762162350670459000] 接收到日志命令:7753 isLeader:true term:95
2025/11/03 17:32:30 [17:32:30.674] [Node:2] [HEARTBEAT] [Trace:HB_2_95] 开始发送心跳广播 status LEADER term:95 commitIndex:24
2025/11/03 17:32:30 [17:32:30.678] [Node:2] [RPC_RECV] [Trace:CLIENT_2_1762162350678474000] 接收到日志命令:2164 isLeader:true term:95
2025/11/03 17:32:30 [17:32:30.682] [Node:2] [RPC_RECV] [Trace:CLIENT_2_1762162350682406000] 接收到日志命令:3086 isLeader:true term:95
2025/11/03 17:32:30 [17:32:30.688] [Node:2] [RPC_RECV] [Trace:CLIENT_2_1762162350688906000] 接收到日志命令:5245 isLeader:true term:95
2025/11/03 17:32:30 [17:32:30.693] [Node:2] [RPC_RECV] [Trace:CLIENT_2_1762162350693430000] 接收到日志命令:7102 isLeader:true term:95
2025/11/03 17:32:30 [17:32:30.697] [Node:2] [RPC_RECV] [Trace:CLIENT_2_1762162350697575000] 接收到日志命令:8818 isLeader:true term:95
2025/11/03 17:32:30 [17:32:30.701] [Node:2] [RPC_RECV] [Trace:CLIENT_2_1762162350701987000] 接收到日志命令:5017 isLeader:true term:95
2025/11/03 17:32:30 [17:32:30.705] [Node:2] [RPC_RECV] [Trace:CLIENT_2_1762162350705760000] 接收到日志命令:7628 isLeader:true term:95
2025/11/03 17:32:30 [17:32:30.709] [Node:2] [RPC_RECV] [Trace:CLIENT_2_1762162350709085000] 接收到日志命令:6028 isLeader:true term:95
2025/11/03 17:32:30 [17:32:30.712] [Node:2] [RPC_RECV] [Trace:CLIENT_2_1762162350712475000] 接收到日志命令:590 isLeader:true term:95
2025/11/03 17:32:30 [17:32:30.726] [Node:2] [RPC_RECV] [Trace:CLIENT_2_1762162350726897000] 接收到日志命令:6004 isLeader:true term:95
2025/11/03 17:32:30 [17:32:30.733] [Node:2] [RPC_RECV] [Trace:CLIENT_2_1762162350733675000] 接收到日志命令:2477 isLeader:true term:95
2025/11/03 17:32:30 [17:32:30.749] [Node:2] [RPC_RECV] [Trace:CLIENT_2_1762162350749095000] 接收到日志命令:6033 isLeader:true term:95
2025/11/03 17:32:30 [17:32:30.759] [Node:2] [RPC_RECV] [Trace:CLIENT_2_1762162350759585000] 接收到日志命令:4971 isLeader:true term:95
2025/11/03 17:32:30 [17:32:30.772] [Node:2] [RPC_RECV] [Trace:CLIENT_2_1762162350772317000] 接收到日志命令:7653 isLeader:true term:95
2025/11/03 17:32:30 [17:32:30.775] [Node:2] [HEARTBEAT] [Trace:HB_2_95] 开始发送心跳广播 status LEADER term:95 commitIndex:24
2025/11/03 17:32:30 [17:32:30.788] [Node:2] [RPC_RECV] [Trace:CLIENT_2_1762162350788855000] 接收到日志命令:4210 isLeader:true term:95
2025/11/03 17:32:30 [17:32:30.802] [Node:2] [RPC_RECV] [Trace:CLIENT_2_1762162350802814000] 接收到日志命令:654 isLeader:true term:95
2025/11/03 17:32:30 [17:32:30.806] [Node:2] [RPC_RECV] [Trace:CLIENT_2_1762162350806490000] 接收到日志命令:1347 isLeader:true term:95
2025/11/03 17:32:30 [17:32:30.809] [Node:2] [RPC_RECV] [Trace:CLIENT_2_1762162350809905000] 接收到日志命令:548 isLeader:true term:95
2025/11/03 17:32:30 [17:32:30.820] [Node:2] [RPC_RECV] [Trace:CLIENT_2_1762162350820549000] 接收到日志命令:2425 isLeader:true term:95
2025/11/03 17:32:30 [17:32:30.829] [Node:2] [RPC_RECV] [Trace:CLIENT_2_1762162350829765000] 接收到日志命令:7551 isLeader:true term:95
2025/11/03 17:32:30 [17:32:30.838] [Node:2] [RPC_RECV] [Trace:CLIENT_2_1762162350838422000] 接收到日志命令:147 isLeader:true term:95
2025/11/03 17:32:30 [17:32:30.875] [Node:2] [HEARTBEAT] [Trace:HB_2_95] 开始发送心跳广播 status LEADER term:95 commitIndex:24
2025/11/03 17:32:30 [17:32:30.975] [Node:2] [HEARTBEAT] [Trace:HB_2_95] 开始发送心跳广播 status LEADER term:95 commitIndex:24
2025/11/03 17:32:31 [17:32:31.076] [Node:2] [HEARTBEAT] [Trace:HB_2_95] 开始发送心跳广播 status LEADER term:95 commitIndex:24
2025/11/03 17:32:31 [17:32:31.165] [Node:2] [RPC_RECV] [Trace:CLIENT_2_1762162351165545000] 接收到日志命令:3398 isLeader:true term:95
2025/11/03 17:32:31 [17:32:31.177] [Node:2] [HEARTBEAT] [Trace:HB_2_95] 开始发送心跳广播 status LEADER term:95 commitIndex:24
2025/11/03 17:32:31 [17:32:31.277] [Node:2] [HEARTBEAT] [Trace:HB_2_95] 开始发送心跳广播 status LEADER term:95 commitIndex:24
2025/11/03 17:32:31 [17:32:31.375] [Node:2] [RPC_RECV] [Trace:CLIENT_2_1762162351375180000] 接收到日志命令:9137 isLeader:true term:95
2025/11/03 17:32:31 [17:32:31.378] [Node:2] [HEARTBEAT] [Trace:HB_2_95] 开始发送心跳广播 status LEADER term:95 commitIndex:24
2025/11/03 17:32:31 [17:32:31.393] [Node:2] [RPC_RECV] [Trace:CLIENT_2_1762162351393835000] 接收到日志命令:5214 isLeader:true term:95
2025/11/03 17:32:31 [17:32:31.403] [Node:2] [RPC_RECV] [Trace:CLIENT_2_1762162351403473000] 接收到日志命令:1870 isLeader:true term:95
2025/11/03 17:32:31 [17:32:31.409] [Node:2] [RPC_RECV] [Trace:CLIENT_2_1762162351409751000] 接收到日志命令:2007 isLeader:true term:95
2025/11/03 17:32:31 [17:32:31.414] [Node:2] [RPC_RECV] [Trace:CLIENT_2_1762162351414725000] 接收到日志命令:4259 isLeader:true term:95
2025/11/03 17:32:31 [17:32:31.478] [Node:2] [HEARTBEAT] [Trace:HB_2_95] 开始发送心跳广播 status LEADER term:95 commitIndex:24
2025/11/03 17:32:31 [17:32:31.568] [Node:2] [RPC_RECV] [Trace:CLIENT_2_1762162351568381000] 接收到日志命令:5871 isLeader:true term:95
2025/11/03 17:32:31 [17:32:31.576] [Node:2] [RPC_RECV] [Trace:CLIENT_2_1762162351576314000] 接收到日志命令:1999 isLeader:true term:95
2025/11/03 17:32:31 [17:32:31.579] [Node:2] [HEARTBEAT] [Trace:HB_2_95] 开始发送心跳广播 status LEADER term:95 commitIndex:24
2025/11/03 17:32:31 [17:32:31.592] [Node:2] [RPC_RECV] [Trace:CLIENT_2_1762162351592747000] 接收到日志命令:2250 isLeader:true term:95
2025/11/03 17:32:31 [17:32:31.603] [Node:2] [RPC_RECV] [Trace:CLIENT_2_1762162351603575000] 接收到日志命令:2233 isLeader:true term:95
2025/11/03 17:32:31 [17:32:31.617] [Node:2] [RPC_RECV] [Trace:CLIENT_2_1762162351617530000] 接收到日志命令:9889 isLeader:true term:95
2025/11/03 17:32:31 [17:32:31.627] [Node:2] [RPC_RECV] [Trace:CLIENT_2_1762162351627564000] 接收到日志命令:3674 isLeader:true term:95
2025/11/03 17:32:31 [17:32:31.645] [Node:2] [RPC_RECV] [Trace:CLIENT_2_1762162351645947000] 接收到日志命令:3867 isLeader:true term:95
2025/11/03 17:32:31 [17:32:31.653] [Node:2] [RPC_RECV] [Trace:CLIENT_2_1762162351653821000] 接收到日志命令:9585 isLeader:true term:95
2025/11/03 17:32:31 [17:32:31.666] [Node:2] [RPC_RECV] [Trace:CLIENT_2_1762162351666024000] 接收到日志命令:7532 isLeader:true term:95
2025/11/03 17:32:31 [17:32:31.678] [Node:2] [RPC_RECV] [Trace:CLIENT_2_1762162351678966000] 接收到日志命令:3418 isLeader:true term:95
2025/11/03 17:32:31 [17:32:31.681] [Node:2] [HEARTBEAT] [Trace:HB_2_95] 开始发送心跳广播 status LEADER term:95 commitIndex:24
2025/11/03 17:32:31 [17:32:31.688] [Node:2] [RPC_RECV] [Trace:CLIENT_2_1762162351688955000] 接收到日志命令:1920 isLeader:true term:95
2025/11/03 17:32:31 [17:32:31.696] [Node:2] [RPC_RECV] [Trace:CLIENT_2_1762162351696117000] 接收到日志命令:5828 isLeader:true term:95
2025/11/03 17:32:31 [17:32:31.702] [Node:2] [RPC_RECV] [Trace:CLIENT_2_1762162351702283000] 接收到日志命令:3723 isLeader:true term:95
2025/11/03 17:32:31 [17:32:31.707] [Node:2] [RPC_RECV] [Trace:CLIENT_2_1762162351707436000] 接收到日志命令:197 isLeader:true term:95
2025/11/03 17:32:31 [17:32:31.716] [Node:2] [RPC_RECV] [Trace:CLIENT_2_1762162351716598000] 接收到日志命令:3771 isLeader:true term:95
2025/11/03 17:32:31 [17:32:31.782] [Node:2] [HEARTBEAT] [Trace:HB_2_95] 开始发送心跳广播 status LEADER term:95 commitIndex:24
2025/11/03 17:32:31 [17:32:31.882] [Node:2] [HEARTBEAT] [Trace:HB_2_95] 开始发送心跳广播 status LEADER term:95 commitIndex:24
2025/11/03 17:32:31 [17:32:31.987] [Node:2] [HEARTBEAT] [Trace:HB_2_95] 开始发送心跳广播 status LEADER term:95 commitIndex:24
2025/11/03 17:32:32 [17:32:32.026] [Node:2] [RPC_RECV] [Trace:CLIENT_2_1762162352026048000] 接收到日志命令:9308 isLeader:true term:95
2025/11/03 17:32:32 [17:32:32.032] [Node:2] [RPC_RECV] [Trace:CLIENT_2_1762162352032185000] 接收到日志命令:8474 isLeader:true term:95
2025/11/03 17:32:32 [17:32:32.043] [Node:2] [RPC_RECV] [Trace:CLIENT_2_1762162352043724000] 接收到日志命令:6670 isLeader:true term:95
2025/11/03 17:32:32 [17:32:32.049] [Node:2] [RPC_RECV] [Trace:CLIENT_2_1762162352049548000] 接收到日志命令:8023 isLeader:true term:95
2025/11/03 17:32:32 [17:32:32.088] [Node:2] [HEARTBEAT] [Trace:HB_2_95] 开始发送心跳广播 status LEADER term:95 commitIndex:24
2025/11/03 17:32:32 [17:32:32.154] [Node:2] [RPC_RECV] [Trace:CLIENT_2_1762162352154186000] 接收到日志命令:9827 isLeader:true term:95
2025/11/03 17:32:32 [17:32:32.163] [Node:2] [RPC_RECV] [Trace:CLIENT_2_1762162352163275000] 接收到日志命令:745 isLeader:true term:95
2025/11/03 17:32:32 [17:32:32.174] [Node:2] [RPC_RECV] [Trace:CLIENT_2_1762162352174128000] 接收到日志命令:9541 isLeader:true term:95
2025/11/03 17:32:32 [17:32:32.186] [Node:2] [RPC_RECV] [Trace:CLIENT_2_1762162352186303000] 接收到日志命令:4130 isLeader:true term:95
2025/11/03 17:32:32 [17:32:32.188] [Node:2] [HEARTBEAT] [Trace:HB_2_95] 开始发送心跳广播 status LEADER term:95 commitIndex:24
2025/11/03 17:32:32 [17:32:32.201] [Node:2] [RPC_RECV] [Trace:CLIENT_2_1762162352201017000] 接收到日志命令:3683 isLeader:true term:95
2025/11/03 17:32:32 [17:32:32.209] [Node:2] [RPC_RECV] [Trace:CLIENT_2_1762162352209620000] 接收到日志命令:244 isLeader:true term:95
2025/11/03 17:32:32 [17:32:32.217] [Node:2] [RPC_RECV] [Trace:CLIENT_2_1762162352217845000] 接收到日志命令:1055 isLeader:true term:95
2025/11/03 17:32:32 [17:32:32.223] [Node:2] [RPC_RECV] [Trace:CLIENT_2_1762162352223694000] 接收到日志命令:7937 isLeader:true term:95
2025/11/03 17:32:32 [17:32:32.230] [Node:2] [RPC_RECV] [Trace:CLIENT_2_1762162352230440000] 接收到日志命令:9098 isLeader:true term:95
2025/11/03 17:32:32 [17:32:32.288] [Node:2] [HEARTBEAT] [Trace:HB_2_95] 开始发送心跳广播 status LEADER term:95 commitIndex:24
2025/11/03 17:32:32 [17:32:32.391] [Node:2] [HEARTBEAT] [Trace:HB_2_95] 开始发送心跳广播 status LEADER term:95 commitIndex:24
2025/11/03 17:32:32 [17:32:32.416] [Node:2] [INFO] [STATE_CHANGE] LEADER->FOLLOWER term:95 reason:降级成follower
2025/11/03 17:32:32 [17:32:32.494] [Node:2] [HEARTBEAT] [Trace:HB_2_134] Follower等心跳 status FOLLOWER term:134 commitIndex:24
2025/11/03 17:32:32 [17:32:32.496] [Node:2] [RPC_RECV] [Trace:CLIENT_2_1762162352496657000] 接收到日志命令:1188 isLeader:false term:134
2025/11/03 17:32:32 [17:32:32.508] [Node:2] [RPC_RECV] [Trace:CLIENT_2_1762162352508219000] 接收到日志命令:8282 isLeader:false term:134
2025/11/03 17:32:32 [17:32:32.594] [Node:2] [HEARTBEAT] [Trace:HB_2_134] Follower等心跳 status FOLLOWER term:134 commitIndex:24
2025/11/03 17:32:32 [17:32:32.618] [Node:2] [INFO] [STATE_CHANGE] FOLLOWER->FOLLOWER term:134 reason:降级成follower
2025/11/03 17:32:32 [17:32:32.676] [Node:2] [INFO] [STATE_CHANGE] FOLLOWER->FOLLOWER term:134 reason:变成Candidate
2025/11/03 17:32:32 [17:32:32.677] [Node:2] [TIMER_EVENT] [Trace:TIMER_2] 超时选举 since:284.940125ms threshold:276.695996ms
2025/11/03 17:32:32 [17:32:32.677] [Node:2] [RPC_SEND] [Trace:ELEC_2_135] 发送选举请求
2025/11/03 17:32:32 [17:32:32.677] [Node:2] [RPC_SEND] [Trace:ELEC_2_135] 发送选举请求
2025/11/03 17:32:32 [17:32:32.677] [Node:2] [RPC_SEND] [Trace:ELEC_2_135] 发送选举请求
2025/11/03 17:32:32 [17:32:32.677] [Node:2] [RPC_SEND] [Trace:ELEC_2_135] 发送选举请求
2025/11/03 17:32:32 [17:32:32.698] [Node:2] [HEARTBEAT] [Trace:HB_2_135] Follower等心跳 status CANDIDATE term:135 commitIndex:24
2025/11/03 17:32:32 [17:32:32.803] [Node:2] [HEARTBEAT] [Trace:HB_2_135] Follower等心跳 status CANDIDATE term:135 commitIndex:24
2025/11/03 17:32:32 [17:32:32.808] [Node:2] [INFO] [STATE_CHANGE] CANDIDATE->FOLLOWER term:135 reason:降级成follower
2025/11/03 17:32:32 [17:32:32.903] [Node:2] [HEARTBEAT] [Trace:HB_2_134] Follower等心跳 status FOLLOWER term:134 commitIndex:24
2025/11/03 17:32:32 [17:32:32.946] [Node:2] [INFO] [STATE_CHANGE] FOLLOWER->FOLLOWER term:134 reason:变成Candidate
2025/11/03 17:32:32 [17:32:32.946] [Node:2] [TIMER_EVENT] [Trace:TIMER_2] 超时选举 since:269.524542ms threshold:228.959903ms
2025/11/03 17:32:32 [17:32:32.946] [Node:2] [RPC_SEND] [Trace:ELEC_2_135] 发送选举请求
2025/11/03 17:32:32 [17:32:32.946] [Node:2] [RPC_SEND] [Trace:ELEC_2_135] 发送选举请求
2025/11/03 17:32:32 [17:32:32.946] [Node:2] [RPC_SEND] [Trace:ELEC_2_135] 发送选举请求
2025/11/03 17:32:32 [17:32:32.946] [Node:2] [RPC_SEND] [Trace:ELEC_2_135] 发送选举请求
2025/11/03 17:32:32 [17:32:32.998] [Node:2] [RPC_RECV] [Trace:CLIENT_2_1762162352998173000] 接收到日志命令:8121 isLeader:false term:135
2025/11/03 17:32:33 [17:32:33.004] [Node:2] [HEARTBEAT] [Trace:HB_2_135] Follower等心跳 status CANDIDATE term:135 commitIndex:24
2025/11/03 17:32:33 [17:32:33.010] [Node:2] [RPC_RECV] [Trace:CLIENT_2_1762162353010892000] 接收到日志命令:2788 isLeader:false term:135
2025/11/03 17:32:33 [17:32:33.018] [Node:2] [RPC_RECV] [Trace:CLIENT_2_1762162353018035000] 接收到日志命令:6025 isLeader:false term:135
2025/11/03 17:32:33 [17:32:33.029] [Node:2] [RPC_RECV] [Trace:CLIENT_2_1762162353029928000] 接收到日志命令:4029 isLeader:false term:135
2025/11/03 17:32:33 [17:32:33.042] [Node:2] [RPC_RECV] [Trace:CLIENT_2_1762162353042298000] 接收到日志命令:6259 isLeader:false term:135
2025/11/03 17:32:33 [17:32:33.051] [Node:2] [RPC_RECV] [Trace:CLIENT_2_1762162353051923000] 接收到日志命令:2354 isLeader:false term:135
2025/11/03 17:32:33 [17:32:33.061] [Node:2] [RPC_RECV] [Trace:CLIENT_2_1762162353061695000] 接收到日志命令:7834 isLeader:false term:135
2025/11/03 17:32:33 [17:32:33.106] [Node:2] [HEARTBEAT] [Trace:HB_2_135] Follower等心跳 status CANDIDATE term:135 commitIndex:24
2025/11/03 17:32:33 [17:32:33.199] [Node:2] [RPC_RECV] [Trace:ELEC_1_136][1->2] RequestVote 接受 term:136 candidateId:1 lastLogIndex:2 lastLogTerm:4 currentTerm:135 status:CANDIDATE
2025/11/03 17:32:33 [17:32:33.200] [Node:2] [INFO] [STATE_CHANGE] CANDIDATE->FOLLOWER term:135 reason:降级成follower
2025/11/03 17:32:33 [17:32:33.206] [Node:2] [RPC_RECV] [Trace:ELEC_1_136][1->2] 投票信息 votedFor:-1 lastLogTerm:95 lastLogIndex:262
2025/11/03 17:32:33 [17:32:33.206] [Node:2] [RPC_RECV] [Trace:ELEC_1_136][1->2] 投票失败兜底 candidate:1 term:136
2025/11/03 17:32:33 [17:32:33.206] [Node:2] [HEARTBEAT] [Trace:HB_2_136] Follower等心跳 status FOLLOWER term:136 commitIndex:24
2025/11/03 17:32:33 [17:32:33.227] [Node:2] [INFO] [STATE_CHANGE] FOLLOWER->FOLLOWER term:136 reason:变成Candidate
2025/11/03 17:32:33 [17:32:33.227] [Node:2] [TIMER_EVENT] [Trace:TIMER_2] 超时选举 since:280.686583ms threshold:222.380857ms
2025/11/03 17:32:33 [17:32:33.227] [Node:2] [RPC_SEND] [Trace:ELEC_2_137] 发送选举请求
2025/11/03 17:32:33 [17:32:33.227] [Node:2] [RPC_SEND] [Trace:ELEC_2_137] 发送选举请求
2025/11/03 17:32:33 [17:32:33.227] [Node:2] [RPC_SEND] [Trace:ELEC_2_137] 发送选举请求
2025/11/03 17:32:33 [17:32:33.227] [Node:2] [RPC_SEND] [Trace:ELEC_2_137] 发送选举请求
2025/11/03 17:32:33 [17:32:33.252] [Node:2] [RPC_SEND] [Trace:ELEC_2_137] 处理投票返回 for term 137 reply:{137 false}
2025/11/03 17:32:33 [17:32:33.271] [Node:2] [RPC_RECV] [Trace:ELEC_3_137][3->2] RequestVote 接受 term:137 candidateId:3 lastLogIndex:568 lastLogTerm:16 currentTerm:137 status:CANDIDATE
2025/11/03 17:32:33 [17:32:33.271] [Node:2] [RPC_RECV] [Trace:ELEC_3_137][3->2] 投票信息 votedFor:2 lastLogTerm:95 lastLogIndex:262
2025/11/03 17:32:33 [17:32:33.271] [Node:2] [RPC_RECV] [Trace:ELEC_3_137][3->2] 投票失败兜底 candidate:3 term:137
2025/11/03 17:32:33 [17:32:33.309] [Node:2] [HEARTBEAT] [Trace:HB_2_137] Follower等心跳 status CANDIDATE term:137 commitIndex:24
2025/11/03 17:32:33 [17:32:33.410] [Node:2] [HEARTBEAT] [Trace:HB_2_137] Follower等心跳 status CANDIDATE term:137 commitIndex:24
2025/11/03 17:32:33 [17:32:33.435] [Node:2] [RPC_RECV] [Trace:CLIENT_2_1762162353435002000] 接收到日志命令:8090 isLeader:false term:137
2025/11/03 17:32:33 [17:32:33.439] [Node:2] [RPC_RECV] [Trace:CLIENT_2_1762162353439322000] 接收到日志命令:1445 isLeader:false term:137
2025/11/03 17:32:33 [17:32:33.452] [Node:2] [RPC_RECV] [Trace:CLIENT_2_1762162353452936000] 接收到日志命令:6023 isLeader:false term:137
2025/11/03 17:32:33 [17:32:33.469] [Node:2] [RPC_RECV] [Trace:CLIENT_2_1762162353469032000] 接收到日志命令:4395 isLeader:false term:137
2025/11/03 17:32:33 [17:32:33.480] [Node:2] [RPC_RECV] [Trace:CLIENT_2_1762162353480009000] 接收到日志命令:4148 isLeader:false term:137
2025/11/03 17:32:33 [17:32:33.504] [Node:2] [RPC_RECV] [Trace:CLIENT_2_1762162353504579000] 接收到日志命令:8354 isLeader:false term:137
2025/11/03 17:32:33 [17:32:33.510] [Node:2] [HEARTBEAT] [Trace:HB_2_137] Follower等心跳 status CANDIDATE term:137 commitIndex:24
2025/11/03 17:32:33 [17:32:33.515] [Node:2] [RPC_RECV] [Trace:CLIENT_2_1762162353515180000] 接收到日志命令:4666 isLeader:false term:137
2025/11/03 17:32:33 [17:32:33.517] [Node:2] [RPC_RECV] [Trace:CLIENT_2_1762162353517451000] 接收到日志命令:9435 isLeader:false term:137
2025/11/03 17:32:33 [17:32:33.525] [Node:2] [RPC_RECV] [Trace:CLIENT_2_1762162353525893000] 接收到日志命令:3652 isLeader:false term:137
2025/11/03 17:32:33 [17:32:33.530] [Node:2] [RPC_RECV] [Trace:CLIENT_2_1762162353530325000] 接收到日志命令:4140 isLeader:false term:137
2025/11/03 17:32:33 [17:32:33.531] [Node:2] [INFO] [STATE_CHANGE] CANDIDATE->FOLLOWER term:137 reason:变成Candidate
2025/11/03 17:32:33 [17:32:33.531] [Node:2] [TIMER_EVENT] [Trace:TIMER_2] 超时选举 since:304.130959ms threshold:275.898261ms
2025/11/03 17:32:33 [17:32:33.531] [Node:2] [RPC_SEND] [Trace:ELEC_2_138] 发送选举请求
2025/11/03 17:32:33 [17:32:33.531] [Node:2] [RPC_SEND] [Trace:ELEC_2_138] 发送选举请求
2025/11/03 17:32:33 [17:32:33.531] [Node:2] [RPC_SEND] [Trace:ELEC_2_138] 发送选举请求
2025/11/03 17:32:33 [17:32:33.531] [Node:2] [RPC_SEND] [Trace:ELEC_2_138] 发送选举请求
2025/11/03 17:32:33 [17:32:33.546] [Node:2] [RPC_RECV] [Trace:CLIENT_2_1762162353546345000] 接收到日志命令:1339 isLeader:false term:138
2025/11/03 17:32:33 [17:32:33.554] [Node:2] [RPC_RECV] [Trace:CLIENT_2_1762162353554222000] 接收到日志命令:514 isLeader:false term:138
2025/11/03 17:32:33 [17:32:33.557] [Node:2] [RPC_RECV] [Trace:CLIENT_2_1762162353557848000] 接收到日志命令:6056 isLeader:false term:138
2025/11/03 17:32:33 [17:32:33.563] [Node:2] [RPC_RECV] [Trace:CLIENT_2_1762162353563172000] 接收到日志命令:6136 isLeader:false term:138
2025/11/03 17:32:33 [17:32:33.569] [Node:2] [RPC_RECV] [Trace:CLIENT_2_1762162353569631000] 接收到日志命令:1941 isLeader:false term:138
2025/11/03 17:32:33 [17:32:33.572] [Node:2] [RPC_RECV] [Trace:CLIENT_2_1762162353572744000] 接收到日志命令:7647 isLeader:false term:138
2025/11/03 17:32:33 [17:32:33.575] [Node:2] [RPC_RECV] [Trace:CLIENT_2_1762162353575553000] 接收到日志命令:4671 isLeader:false term:138
2025/11/03 17:32:33 [17:32:33.582] [Node:2] [RPC_RECV] [Trace:CLIENT_2_1762162353582683000] 接收到日志命令:3070 isLeader:false term:138
2025/11/03 17:32:33 [17:32:33.596] [Node:2] [RPC_RECV] [Trace:CLIENT_2_1762162353596730000] 接收到日志命令:7260 isLeader:false term:138
2025/11/03 17:32:33 [17:32:33.604] [Node:2] [RPC_RECV] [Trace:CLIENT_2_1762162353604678000] 接收到日志命令:7963 isLeader:false term:138
2025/11/03 17:32:33 [17:32:33.611] [Node:2] [HEARTBEAT] [Trace:HB_2_138] Follower等心跳 status CANDIDATE term:138 commitIndex:24
2025/11/03 17:32:33 [17:32:33.612] [Node:2] [RPC_RECV] [Trace:CLIENT_2_1762162353612524000] 接收到日志命令:7183 isLeader:false term:138
2025/11/03 17:32:33 [17:32:33.620] [Node:2] [RPC_RECV] [Trace:CLIENT_2_1762162353620471000] 接收到日志命令:8210 isLeader:false term:138
2025/11/03 17:32:33 [17:32:33.630] [Node:2] [RPC_RECV] [Trace:CLIENT_2_1762162353630579000] 接收到日志命令:8378 isLeader:false term:138
2025/11/03 17:32:33 [17:32:33.638] [Node:2] [RPC_RECV] [Trace:CLIENT_2_1762162353638883000] 接收到日志命令:3500 isLeader:false term:138
2025/11/03 17:32:33 [17:32:33.642] [Node:2] [RPC_RECV] [Trace:CLIENT_2_1762162353642873000] 接收到日志命令:8309 isLeader:false term:138
2025/11/03 17:32:33 [17:32:33.655] [Node:2] [RPC_RECV] [Trace:CLIENT_2_1762162353655741000] 接收到日志命令:521 isLeader:false term:138
2025/11/03 17:32:33 [17:32:33.665] [Node:2] [RPC_RECV] [Trace:CLIENT_2_1762162353665608000] 接收到日志命令:3148 isLeader:false term:138
2025/11/03 17:32:33 [17:32:33.672] [Node:2] [RPC_RECV] [Trace:CLIENT_2_1762162353672137000] 接收到日志命令:6744 isLeader:false term:138
2025/11/03 17:32:33 [17:32:33.679] [Node:2] [RPC_RECV] [Trace:CLIENT_2_1762162353679425000] 接收到日志命令:2658 isLeader:false term:138
2025/11/03 17:32:33 [17:32:33.689] [Node:2] [RPC_RECV] [Trace:CLIENT_2_1762162353689324000] 接收到日志命令:5580 isLeader:false term:138
2025/11/03 17:32:33 [17:32:33.703] [Node:2] [RPC_RECV] [Trace:CLIENT_2_1762162353703807000] 接收到日志命令:9356 isLeader:false term:138
2025/11/03 17:32:33 [17:32:33.711] [Node:2] [HEARTBEAT] [Trace:HB_2_138] Follower等心跳 status CANDIDATE term:138 commitIndex:24
2025/11/03 17:32:33 [17:32:33.716] [Node:2] [RPC_RECV] [Trace:CLIENT_2_1762162353716332000] 接收到日志命令:40 isLeader:false term:138
2025/11/03 17:32:33 [17:32:33.726] [Node:2] [RPC_RECV] [Trace:CLIENT_2_1762162353726005000] 接收到日志命令:437 isLeader:false term:138
2025/11/03 17:32:33 [17:32:33.727] [Node:2] [RPC_RECV] [Trace:CLIENT_2_1762162353727800000] 接收到日志命令:9123 isLeader:false term:138
2025/11/03 17:32:33 [17:32:33.733] [Node:2] [RPC_RECV] [Trace:CLIENT_2_1762162353733756000] 接收到日志命令:7796 isLeader:false term:138
2025/11/03 17:32:33 [17:32:33.742] [Node:2] [RPC_RECV] [Trace:CLIENT_2_1762162353742986000] 接收到日志命令:4109 isLeader:false term:138
2025/11/03 17:32:33 [17:32:33.781] [Node:2] [INFO] [STATE_CHANGE] CANDIDATE->FOLLOWER term:138 reason:变成Candidate
2025/11/03 17:32:33 [17:32:33.781] [Node:2] [TIMER_EVENT] [Trace:TIMER_2] 超时选举 since:249.919333ms threshold:205.518443ms
2025/11/03 17:32:33 [17:32:33.781] [Node:2] [RPC_SEND] [Trace:ELEC_2_139] 发送选举请求
2025/11/03 17:32:33 [17:32:33.781] [Node:2] [RPC_SEND] [Trace:ELEC_2_139] 发送选举请求
2025/11/03 17:32:33 [17:32:33.781] [Node:2] [RPC_SEND] [Trace:ELEC_2_139] 发送选举请求
2025/11/03 17:32:33 [17:32:33.782] [Node:2] [RPC_SEND] [Trace:ELEC_2_139] 发送选举请求
2025/11/03 17:32:33 [17:32:33.813] [Node:2] [HEARTBEAT] [Trace:HB_2_139] Follower等心跳 status CANDIDATE term:139 commitIndex:24
2025/11/03 17:32:33 [17:32:33.858] [Node:2] [RPC_SEND] [Trace:ELEC_2_138] 处理投票返回 for term 138 reply:{138 true}
2025/11/03 17:32:33 [17:32:33.924] [Node:2] [HEARTBEAT] [Trace:HB_2_139] Follower等心跳 status CANDIDATE term:139 commitIndex:24
2025/11/03 17:32:34 [17:32:34.025] [Node:2] [HEARTBEAT] [Trace:HB_2_139] Follower等心跳 status CANDIDATE term:139 commitIndex:24
2025/11/03 17:32:34 [17:32:34.056] [Node:2] [RPC_RECV] [Trace:ELEC_3_140][3->2] RequestVote 接受 term:140 candidateId:3 lastLogIndex:568 lastLogTerm:16 currentTerm:139 status:CANDIDATE
2025/11/03 17:32:34 [17:32:34.056] [Node:2] [INFO] [STATE_CHANGE] CANDIDATE->FOLLOWER term:139 reason:降级成follower
2025/11/03 17:32:34 [17:32:34.058] [Node:2] [RPC_RECV] [Trace:ELEC_3_140][3->2] 投票信息 votedFor:-1 lastLogTerm:95 lastLogIndex:262
2025/11/03 17:32:34 [17:32:34.058] [Node:2] [RPC_RECV] [Trace:ELEC_3_140][3->2] 投票失败兜底 candidate:3 term:140
2025/11/03 17:32:34 [17:32:34.078] [Node:2] [INFO] [STATE_CHANGE] FOLLOWER->FOLLOWER term:140 reason:变成Candidate
2025/11/03 17:32:34 [17:32:34.082] [Node:2] [TIMER_EVENT] [Trace:TIMER_2] 超时选举 since:296.6135ms threshold:211.354765ms
2025/11/03 17:32:34 [17:32:34.082] [Node:2] [RPC_SEND] [Trace:ELEC_2_141] 发送选举请求
2025/11/03 17:32:34 [17:32:34.082] [Node:2] [RPC_SEND] [Trace:ELEC_2_141] 发送选举请求
2025/11/03 17:32:34 [17:32:34.083] [Node:2] [RPC_SEND] [Trace:ELEC_2_141] 发送选举请求
2025/11/03 17:32:34 [17:32:34.083] [Node:2] [RPC_SEND] [Trace:ELEC_2_141] 发送选举请求
2025/11/03 17:32:34 [17:32:34.107] [Node:2] [RPC_SEND] [Trace:ELEC_2_141] 处理投票返回 for term 141 reply:{141 true}
2025/11/03 17:32:34 [17:32:34.127] [Node:2] [HEARTBEAT] [Trace:HB_2_141] Follower等心跳 status CANDIDATE term:141 commitIndex:24
2025/11/03 17:32:34 [17:32:34.130] [Node:2] [RPC_SEND] [Trace:ELEC_2_141] 处理投票返回 for term 141 reply:{141 true}
2025/11/03 17:32:34 [17:32:34.130] [Node:2] [INFO] [STATE_CHANGE] CANDIDATE->LEADER term:141 reason:成为Leader
2025/11/03 17:32:34 [17:32:34.174] [Node:2] [RPC_SEND] [Trace:ELEC_2_137] 处理投票返回 for term 137 reply:{137 true}
2025/11/03 17:32:34 [17:32:34.213] [Node:2] [RPC_RECV] [Trace:CLIENT_2_1762162354213388000] 接收到日志命令:8583 isLeader:true term:141
2025/11/03 17:32:34 [17:32:34.228] [Node:2] [HEARTBEAT] [Trace:HB_2_141] 开始发送心跳广播 status LEADER term:141 commitIndex:24
2025/11/03 17:32:34 [17:32:34.234] [Node:2] [RPC_RECV] [Trace:CLIENT_2_1762162354234804000] 接收到日志命令:4509 isLeader:true term:141
2025/11/03 17:32:34 [17:32:34.249] [Node:2] [RPC_RECV] [Trace:CLIENT_2_1762162354249935000] 接收到日志命令:5945 isLeader:true term:141
2025/11/03 17:32:34 [17:32:34.252] [Node:2] [RPC_SEND] [Trace:ELEC_2_139] 处理投票返回 for term 139 reply:{139 true}
2025/11/03 17:32:34 [17:32:34.269] [Node:2] [RPC_RECV] [Trace:CLIENT_2_1762162354269474000] 接收到日志命令:7900 isLeader:true term:141
2025/11/03 17:32:34 [17:32:34.284] [Node:2] [RPC_RECV] [Trace:CLIENT_2_1762162354284874000] 接收到日志命令:8891 isLeader:true term:141
2025/11/03 17:32:34 [17:32:34.300] [Node:2] [RPC_SEND] [Trace:ELEC_2_139] 处理投票返回 for term 139 reply:{139 true}
2025/11/03 17:32:34 [17:32:34.328] [Node:2] [HEARTBEAT] [Trace:HB_2_141] 开始发送心跳广播 status LEADER term:141 commitIndex:24
2025/11/03 17:32:34 [17:32:34.433] [Node:2] [HEARTBEAT] [Trace:HB_2_141] 开始发送心跳广播 status LEADER term:141 commitIndex:24
2025/11/03 17:32:34 [17:32:34.461] [Node:2] [RPC_RECV] [Trace:CLIENT_2_1762162354461306000] 接收到日志命令:8803 isLeader:true term:141
2025/11/03 17:32:34 [17:32:34.534] [Node:2] [HEARTBEAT] [Trace:HB_2_141] 开始发送心跳广播 status LEADER term:141 commitIndex:24
2025/11/03 17:32:34 [17:32:34.636] [Node:2] [HEARTBEAT] [Trace:HB_2_141] 开始发送心跳广播 status LEADER term:141 commitIndex:24
2025/11/03 17:32:34 [17:32:34.738] [Node:2] [HEARTBEAT] [Trace:HB_2_141] 开始发送心跳广播 status LEADER term:141 commitIndex:24
2025/11/03 17:32:34 [17:32:34.838] [Node:2] [HEARTBEAT] [Trace:HB_2_141] 开始发送心跳广播 status LEADER term:141 commitIndex:24
2025/11/03 17:32:34 [17:32:34.943] [Node:2] [HEARTBEAT] [Trace:HB_2_141] 开始发送心跳广播 status LEADER term:141 commitIndex:24
2025/11/03 17:32:34 [17:32:34.949] [Node:2] [RPC_RECV] [Trace:CLIENT_2_1762162354949749000] 接收到日志命令:2042 isLeader:true term:141
2025/11/03 17:32:34 [17:32:34.958] [Node:2] [RPC_RECV] [Trace:CLIENT_2_1762162354958439000] 接收到日志命令:8293 isLeader:true term:141
2025/11/03 17:32:34 [17:32:34.969] [Node:2] [RPC_RECV] [Trace:CLIENT_2_1762162354969819000] 接收到日志命令:4473 isLeader:true term:141
2025/11/03 17:32:34 [17:32:34.976] [Node:2] [RPC_RECV] [Trace:CLIENT_2_1762162354976457000] 接收到日志命令:6604 isLeader:true term:141
2025/11/03 17:32:34 [17:32:34.987] [Node:2] [RPC_RECV] [Trace:CLIENT_2_1762162354987191000] 接收到日志命令:5376 isLeader:true term:141
2025/11/03 17:32:34 [17:32:34.998] [Node:2] [RPC_RECV] [Trace:CLIENT_2_1762162354998187000] 接收到日志命令:6396 isLeader:true term:141
2025/11/03 17:32:35 [17:32:35.014] [Node:2] [RPC_RECV] [Trace:CLIENT_2_1762162355014490000] 接收到日志命令:8674 isLeader:true term:141
2025/11/03 17:32:35 [17:32:35.043] [Node:2] [HEARTBEAT] [Trace:HB_2_141] 开始发送心跳广播 status LEADER term:141 commitIndex:24
2025/11/03 17:32:35 [17:32:35.148] [Node:2] [HEARTBEAT] [Trace:HB_2_141] 开始发送心跳广播 status LEADER term:141 commitIndex:24
2025/11/03 17:32:35 [17:32:35.250] [Node:2] [RPC_RECV] [Trace:CLIENT_2_1762162355250880000] 接收到日志命令:5663 isLeader:true term:141
2025/11/03 17:32:35 [17:32:35.254] [Node:2] [HEARTBEAT] [Trace:HB_2_141] 开始发送心跳广播 status LEADER term:141 commitIndex:24
2025/11/03 17:32:35 [17:32:35.265] [Node:2] [RPC_RECV] [Trace:CLIENT_2_1762162355265856000] 接收到日志命令:1465 isLeader:true term:141
2025/11/03 17:32:35 [17:32:35.306] [Node:2] [RPC_SEND] [Trace:ELEC_2_138] 处理投票返回 for term 138 reply:{138 true}
2025/11/03 17:32:35 [17:32:35.356] [Node:2] [HEARTBEAT] [Trace:HB_2_141] 开始发送心跳广播 status LEADER term:141 commitIndex:24
2025/11/03 17:32:35 [17:32:35.457] [Node:2] [HEARTBEAT] [Trace:HB_2_141] 开始发送心跳广播 status LEADER term:141 commitIndex:24
2025/11/03 17:32:35 [17:32:35.472] [Node:2] [RPC_RECV] [Trace:CLIENT_2_1762162355472407000] 接收到日志命令:4305 isLeader:true term:141
2025/11/03 17:32:35 [17:32:35.486] [Node:2] [RPC_RECV] [Trace:CLIENT_2_1762162355486402000] 接收到日志命令:29 isLeader:true term:141
2025/11/03 17:32:35 [17:32:35.492] [Node:2] [RPC_RECV] [Trace:CLIENT_2_1762162355492364000] 接收到日志命令:5595 isLeader:true term:141
2025/11/03 17:32:35 [17:32:35.509] [Node:2] [RPC_RECV] [Trace:CLIENT_2_1762162355509710000] 接收到日志命令:5764 isLeader:true term:141
2025/11/03 17:32:35 [17:32:35.523] [Node:2] [RPC_RECV] [Trace:CLIENT_2_1762162355523208000] 接收到日志命令:473 isLeader:true term:141
2025/11/03 17:32:35 [17:32:35.540] [Node:2] [RPC_RECV] [Trace:CLIENT_2_1762162355540279000] 接收到日志命令:6305 isLeader:true term:141
2025/11/03 17:32:35 [17:32:35.548] [Node:2] [RPC_RECV] [Trace:CLIENT_2_1762162355548482000] 接收到日志命令:273 isLeader:true term:141
2025/11/03 17:32:35 [17:32:35.557] [Node:2] [HEARTBEAT] [Trace:HB_2_141] 开始发送心跳广播 status LEADER term:141 commitIndex:24
2025/11/03 17:32:35 [17:32:35.566] [Node:2] [RPC_RECV] [Trace:CLIENT_2_1762162355566841000] 接收到日志命令:3146 isLeader:true term:141
2025/11/03 17:32:35 [17:32:35.570] [Node:2] [RPC_RECV] [Trace:CLIENT_2_1762162355570422000] 接收到日志命令:9506 isLeader:true term:141
2025/11/03 17:32:35 [17:32:35.586] [Node:2] [RPC_RECV] [Trace:CLIENT_2_1762162355586018000] 接收到日志命令:4632 isLeader:true term:141
2025/11/03 17:32:35 [17:32:35.596] [Node:2] [RPC_RECV] [Trace:CLIENT_2_1762162355596196000] 接收到日志命令:6027 isLeader:true term:141
2025/11/03 17:32:35 [17:32:35.602] [Node:2] [RPC_RECV] [Trace:CLIENT_2_1762162355602145000] 接收到日志命令:6952 isLeader:true term:141
2025/11/03 17:32:35 [17:32:35.615] [Node:2] [RPC_RECV] [Trace:CLIENT_2_1762162355615274000] 接收到日志命令:8257 isLeader:true term:141
2025/11/03 17:32:35 [17:32:35.625] [Node:2] [RPC_RECV] [Trace:CLIENT_2_1762162355625134000] 接收到日志命令:9649 isLeader:true term:141
2025/11/03 17:32:35 [17:32:35.640] [Node:2] [RPC_RECV] [Trace:CLIENT_2_1762162355640767000] 接收到日志命令:4178 isLeader:true term:141
2025/11/03 17:32:35 [17:32:35.651] [Node:2] [RPC_RECV] [Trace:CLIENT_2_1762162355651362000] 接收到日志命令:7266 isLeader:true term:141
2025/11/03 17:32:35 [17:32:35.656] [Node:2] [RPC_RECV] [Trace:CLIENT_2_1762162355656179000] 接收到日志命令:2232 isLeader:true term:141
2025/11/03 17:32:35 [17:32:35.658] [Node:2] [HEARTBEAT] [Trace:HB_2_141] 开始发送心跳广播 status LEADER term:141 commitIndex:24
2025/11/03 17:32:35 [17:32:35.672] [Node:2] [RPC_RECV] [Trace:CLIENT_2_1762162355672670000] 接收到日志命令:1973 isLeader:true term:141
2025/11/03 17:32:35 [17:32:35.681] [Node:2] [RPC_RECV] [Trace:CLIENT_2_1762162355681540000] 接收到日志命令:1704 isLeader:true term:141
2025/11/03 17:32:35 [17:32:35.687] [Node:2] [RPC_RECV] [Trace:CLIENT_2_1762162355687872000] 接收到日志命令:9529 isLeader:true term:141
2025/11/03 17:32:35 [17:32:35.692] [Node:2] [RPC_RECV] [Trace:CLIENT_2_1762162355692923000] 接收到日志命令:7427 isLeader:true term:141
2025/11/03 17:32:35 [17:32:35.699] [Node:2] [RPC_RECV] [Trace:CLIENT_2_1762162355699864000] 接收到日志命令:4392 isLeader:true term:141
2025/11/03 17:32:35 [17:32:35.709] [Node:2] [RPC_RECV] [Trace:CLIENT_2_1762162355709522000] 接收到日志命令:8497 isLeader:true term:141
2025/11/03 17:32:35 [17:32:35.725] [Node:2] [RPC_RECV] [Trace:CLIENT_2_1762162355725772000] 接收到日志命令:8041 isLeader:true term:141
2025/11/03 17:32:35 [17:32:35.742] [Node:2] [RPC_RECV] [Trace:CLIENT_2_1762162355742742000] 接收到日志命令:5966 isLeader:true term:141
2025/11/03 17:32:35 [17:32:35.757] [Node:2] [RPC_RECV] [Trace:CLIENT_2_1762162355757270000] 接收到日志命令:8440 isLeader:true term:141
2025/11/03 17:32:35 [17:32:35.759] [Node:2] [HEARTBEAT] [Trace:HB_2_141] 开始发送心跳广播 status LEADER term:141 commitIndex:24
2025/11/03 17:32:35 [17:32:35.767] [Node:2] [RPC_RECV] [Trace:CLIENT_2_1762162355767796000] 接收到日志命令:2229 isLeader:true term:141
2025/11/03 17:32:35 [17:32:35.780] [Node:2] [RPC_RECV] [Trace:CLIENT_2_1762162355780621000] 接收到日志命令:815 isLeader:true term:141
2025/11/03 17:32:35 [17:32:35.794] [Node:2] [RPC_RECV] [Trace:CLIENT_2_1762162355794235000] 接收到日志命令:1570 isLeader:true term:141
2025/11/03 17:32:35 [17:32:35.800] [Node:2] [RPC_RECV] [Trace:CLIENT_2_1762162355800071000] 接收到日志命令:6889 isLeader:true term:141
2025/11/03 17:32:35 [17:32:35.804] [Node:2] [RPC_RECV] [Trace:CLIENT_2_1762162355804558000] 接收到日志命令:4416 isLeader:true term:141
2025/11/03 17:32:35 [17:32:35.817] [Node:2] [RPC_RECV] [Trace:CLIENT_2_1762162355817312000] 接收到日志命令:651 isLeader:true term:141
2025/11/03 17:32:35 [17:32:35.825] [Node:2] [RPC_RECV] [Trace:CLIENT_2_1762162355825967000] 接收到日志命令:8692 isLeader:true term:141
2025/11/03 17:32:35 [17:32:35.840] [Node:2] [RPC_RECV] [Trace:CLIENT_2_1762162355840744000] 接收到日志命令:5425 isLeader:true term:141
2025/11/03 17:32:35 [17:32:35.855] [Node:2] [RPC_RECV] [Trace:CLIENT_2_1762162355855392000] 接收到日志命令:4142 isLeader:true term:141
2025/11/03 17:32:35 [17:32:35.859] [Node:2] [HEARTBEAT] [Trace:HB_2_141] 开始发送心跳广播 status LEADER term:141 commitIndex:24
2025/11/03 17:32:35 [17:32:35.864] [Node:2] [RPC_RECV] [Trace:CLIENT_2_1762162355864784000] 接收到日志命令:1077 isLeader:true term:141
2025/11/03 17:32:35 [17:32:35.880] [Node:2] [RPC_RECV] [Trace:CLIENT_2_1762162355880594000] 接收到日志命令:7325 isLeader:true term:141
2025/11/03 17:32:35 [17:32:35.896] [Node:2] [RPC_RECV] [Trace:CLIENT_2_1762162355896620000] 接收到日志命令:2814 isLeader:true term:141
2025/11/03 17:32:35 [17:32:35.904] [Node:2] [RPC_RECV] [Trace:CLIENT_2_1762162355904268000] 接收到日志命令:202 isLeader:true term:141
2025/11/03 17:32:35 [17:32:35.913] [Node:2] [RPC_RECV] [Trace:CLIENT_2_1762162355913113000] 接收到日志命令:7450 isLeader:true term:141
2025/11/03 17:32:35 [17:32:35.922] [Node:2] [RPC_RECV] [Trace:CLIENT_2_1762162355922778000] 接收到日志命令:8805 isLeader:true term:141
2025/11/03 17:32:35 [17:32:35.929] [Node:2] [RPC_RECV] [Trace:CLIENT_2_1762162355929290000] 接收到日志命令:3424 isLeader:true term:141
2025/11/03 17:32:35 [17:32:35.936] [Node:2] [RPC_RECV] [Trace:CLIENT_2_1762162355936402000] 接收到日志命令:3006 isLeader:true term:141
2025/11/03 17:32:35 [17:32:35.952] [Node:2] [RPC_RECV] [Trace:CLIENT_2_1762162355952224000] 接收到日志命令:4641 isLeader:true term:141
2025/11/03 17:32:35 [17:32:35.959] [Node:2] [RPC_RECV] [Trace:CLIENT_2_1762162355959393000] 接收到日志命令:2604 isLeader:true term:141
2025/11/03 17:32:35 [17:32:35.961] [Node:2] [HEARTBEAT] [Trace:HB_2_141] 开始发送心跳广播 status LEADER term:141 commitIndex:24
2025/11/03 17:32:35 [17:32:35.975] [Node:2] [RPC_RECV] [Trace:CLIENT_2_1762162355975699000] 接收到日志命令:3988 isLeader:true term:141
2025/11/03 17:32:35 [17:32:35.992] [Node:2] [RPC_RECV] [Trace:CLIENT_2_1762162355992346000] 接收到日志命令:8515 isLeader:true term:141
2025/11/03 17:32:35 [17:32:35.999] [Node:2] [RPC_RECV] [Trace:CLIENT_2_1762162355999099000] 接收到日志命令:4262 isLeader:true term:141
2025/11/03 17:32:36 [17:32:36.013] [Node:2] [RPC_RECV] [Trace:CLIENT_2_1762162356013870000] 接收到日志命令:6619 isLeader:true term:141
2025/11/03 17:32:36 [17:32:36.024] [Node:2] [RPC_RECV] [Trace:CLIENT_2_1762162356024560000] 接收到日志命令:8498 isLeader:true term:141
2025/11/03 17:32:36 [17:32:36.032] [Node:2] [RPC_RECV] [Trace:CLIENT_2_1762162356032480000] 接收到日志命令:9672 isLeader:true term:141
2025/11/03 17:32:36 [17:32:36.043] [Node:2] [RPC_RECV] [Trace:CLIENT_2_1762162356043498000] 接收到日志命令:8418 isLeader:true term:141
2025/11/03 17:32:36 [17:32:36.056] [Node:2] [RPC_RECV] [Trace:CLIENT_2_1762162356056870000] 接收到日志命令:5033 isLeader:true term:141
2025/11/03 17:32:36 [17:32:36.061] [Node:2] [HEARTBEAT] [Trace:HB_2_141] 开始发送心跳广播 status LEADER term:141 commitIndex:24
2025/11/03 17:32:36 [17:32:36.071] [Node:2] [RPC_RECV] [Trace:CLIENT_2_1762162356071087000] 接收到日志命令:5311 isLeader:true term:141
2025/11/03 17:32:36 [17:32:36.077] [Node:2] [RPC_RECV] [Trace:CLIENT_2_1762162356077540000] 接收到日志命令:9242 isLeader:true term:141
2025/11/03 17:32:36 [17:32:36.094] [Node:2] [RPC_RECV] [Trace:CLIENT_2_1762162356094500000] 接收到日志命令:7380 isLeader:true term:141
2025/11/03 17:32:36 [17:32:36.102] [Node:2] [RPC_RECV] [Trace:CLIENT_2_1762162356102935000] 接收到日志命令:5261 isLeader:true term:141
2025/11/03 17:32:36 [17:32:36.144] [Node:2] [RPC_RECV] [Trace:CLIENT_2_1762162356144753000] 接收到日志命令:9100 isLeader:true term:141
2025/11/03 17:32:36 [17:32:36.150] [Node:2] [RPC_RECV] [Trace:CLIENT_2_1762162356150029000] 接收到日志命令:4374 isLeader:true term:141
2025/11/03 17:32:36 [17:32:36.162] [Node:2] [HEARTBEAT] [Trace:HB_2_141] 开始发送心跳广播 status LEADER term:141 commitIndex:24
2025/11/03 17:32:36 [17:32:36.162] [Node:2] [RPC_RECV] [Trace:CLIENT_2_1762162356162144000] 接收到日志命令:2866 isLeader:true term:141
2025/11/03 17:32:36 [17:32:36.176] [Node:2] [RPC_RECV] [Trace:CLIENT_2_1762162356176049000] 接收到日志命令:290 isLeader:true term:141
2025/11/03 17:32:36 [17:32:36.181] [Node:2] [RPC_RECV] [Trace:CLIENT_2_1762162356181876000] 接收到日志命令:2261 isLeader:true term:141
2025/11/03 17:32:36 [17:32:36.187] [Node:2] [RPC_RECV] [Trace:CLIENT_2_1762162356187733000] 接收到日志命令:120 isLeader:true term:141
2025/11/03 17:32:36 [17:32:36.198] [Node:2] [RPC_RECV] [Trace:CLIENT_2_1762162356198054000] 接收到日志命令:7072 isLeader:true term:141
2025/11/03 17:32:36 [17:32:36.213] [Node:2] [RPC_RECV] [Trace:CLIENT_2_1762162356213703000] 接收到日志命令:7931 isLeader:true term:141
2025/11/03 17:32:36 [17:32:36.228] [Node:2] [RPC_RECV] [Trace:CLIENT_2_1762162356228644000] 接收到日志命令:2635 isLeader:true term:141
2025/11/03 17:32:36 [17:32:36.240] [Node:2] [RPC_RECV] [Trace:CLIENT_2_1762162356240193000] 接收到日志命令:1951 isLeader:true term:141
2025/11/03 17:32:36 [17:32:36.254] [Node:2] [RPC_RECV] [Trace:CLIENT_2_1762162356254957000] 接收到日志命令:8594 isLeader:true term:141
2025/11/03 17:32:36 [17:32:36.262] [Node:2] [HEARTBEAT] [Trace:HB_2_141] 开始发送心跳广播 status LEADER term:141 commitIndex:24
2025/11/03 17:32:36 [17:32:36.267] [Node:2] [RPC_RECV] [Trace:CLIENT_2_1762162356267958000] 接收到日志命令:4127 isLeader:true term:141
2025/11/03 17:32:36 [17:32:36.280] [Node:2] [RPC_RECV] [Trace:CLIENT_2_1762162356280580000] 接收到日志命令:2386 isLeader:true term:141
2025/11/03 17:32:36 [17:32:36.292] [Node:2] [RPC_RECV] [Trace:CLIENT_2_1762162356292020000] 接收到日志命令:2174 isLeader:true term:141
2025/11/03 17:32:36 [17:32:36.304] [Node:2] [RPC_RECV] [Trace:CLIENT_2_1762162356304570000] 接收到日志命令:3837 isLeader:true term:141
2025/11/03 17:32:36 [17:32:36.318] [Node:2] [RPC_RECV] [Trace:CLIENT_2_1762162356318710000] 接收到日志命令:8358 isLeader:true term:141
2025/11/03 17:32:36 [17:32:36.330] [Node:2] [RPC_RECV] [Trace:CLIENT_2_1762162356330021000] 接收到日志命令:7353 isLeader:true term:141
2025/11/03 17:32:36 [17:32:36.341] [Node:2] [RPC_RECV] [Trace:CLIENT_2_1762162356341947000] 接收到日志命令:2094 isLeader:true term:141
2025/11/03 17:32:36 [17:32:36.354] [Node:2] [RPC_RECV] [Trace:CLIENT_2_1762162356354850000] 接收到日志命令:569 isLeader:true term:141
2025/11/03 17:32:36 [17:32:36.362] [Node:2] [HEARTBEAT] [Trace:HB_2_141] 开始发送心跳广播 status LEADER term:141 commitIndex:24
2025/11/03 17:32:36 [17:32:36.371] [Node:2] [RPC_RECV] [Trace:CLIENT_2_1762162356371762000] 接收到日志命令:8759 isLeader:true term:141
2025/11/03 17:32:36 [17:32:36.388] [Node:2] [RPC_RECV] [Trace:CLIENT_2_1762162356388395000] 接收到日志命令:1223 isLeader:true term:141
2025/11/03 17:32:36 [17:32:36.404] [Node:2] [RPC_RECV] [Trace:CLIENT_2_1762162356404453000] 接收到日志命令:3599 isLeader:true term:141
2025/11/03 17:32:36 [17:32:36.414] [Node:2] [RPC_RECV] [Trace:CLIENT_2_1762162356414349000] 接收到日志命令:123 isLeader:true term:141
2025/11/03 17:32:36 [17:32:36.419] [Node:2] [RPC_RECV] [Trace:CLIENT_2_1762162356419157000] 接收到日志命令:3680 isLeader:true term:141
2025/11/03 17:32:36 [17:32:36.431] [Node:2] [RPC_RECV] [Trace:CLIENT_2_1762162356431626000] 接收到日志命令:6063 isLeader:true term:141
2025/11/03 17:32:36 [17:32:36.441] [Node:2] [RPC_RECV] [Trace:CLIENT_2_1762162356441901000] 接收到日志命令:8870 isLeader:true term:141
2025/11/03 17:32:36 [17:32:36.454] [Node:2] [RPC_RECV] [Trace:CLIENT_2_1762162356454637000] 接收到日志命令:8775 isLeader:true term:141
2025/11/03 17:32:36 [17:32:36.462] [Node:2] [HEARTBEAT] [Trace:HB_2_141] 开始发送心跳广播 status LEADER term:141 commitIndex:24
2025/11/03 17:32:36 [17:32:36.471] [Node:2] [RPC_RECV] [Trace:CLIENT_2_1762162356471832000] 接收到日志命令:2959 isLeader:true term:141
2025/11/03 17:32:36 [17:32:36.563] [Node:2] [HEARTBEAT] [Trace:HB_2_141] 开始发送心跳广播 status LEADER term:141 commitIndex:24
2025/11/03 17:32:36 [17:32:36.568] [Node:2] [RPC_RECV] [Trace:CLIENT_2_1762162356568649000] 接收到日志命令:8613 isLeader:true term:141
2025/11/03 17:32:36 [17:32:36.587] [Node:2] [RPC_RECV] [Trace:CLIENT_2_1762162356587331000] 接收到日志命令:3399 isLeader:true term:141
2025/11/03 17:32:36 [17:32:36.604] [Node:2] [RPC_RECV] [Trace:CLIENT_2_1762162356604553000] 接收到日志命令:1931 isLeader:true term:141
2025/11/03 17:32:36 [17:32:36.612] [Node:2] [RPC_RECV] [Trace:CLIENT_2_1762162356612442000] 接收到日志命令:3362 isLeader:true term:141
2025/11/03 17:32:36 [17:32:36.623] [Node:2] [RPC_RECV] [Trace:CLIENT_2_1762162356623617000] 接收到日志命令:9117 isLeader:true term:141
2025/11/03 17:32:36 [17:32:36.634] [Node:2] [RPC_RECV] [Trace:CLIENT_2_1762162356634308000] 接收到日志命令:2364 isLeader:true term:141
2025/11/03 17:32:36 [17:32:36.640] [Node:2] [RPC_RECV] [Trace:CLIENT_2_1762162356640797000] 接收到日志命令:7785 isLeader:true term:141
2025/11/03 17:32:36 [17:32:36.657] [Node:2] [RPC_RECV] [Trace:CLIENT_2_1762162356657744000] 接收到日志命令:5066 isLeader:true term:141
2025/11/03 17:32:36 [17:32:36.663] [Node:2] [HEARTBEAT] [Trace:HB_2_141] 开始发送心跳广播 status LEADER term:141 commitIndex:24
2025/11/03 17:32:36 [17:32:36.665] [Node:2] [RPC_RECV] [Trace:CLIENT_2_1762162356665878000] 接收到日志命令:6181 isLeader:true term:141
2025/11/03 17:32:36 [17:32:36.676] [Node:2] [RPC_RECV] [Trace:CLIENT_2_1762162356676869000] 接收到日志命令:6803 isLeader:true term:141
2025/11/03 17:32:36 [17:32:36.690] [Node:2] [RPC_RECV] [Trace:CLIENT_2_1762162356690131000] 接收到日志命令:6922 isLeader:true term:141
2025/11/03 17:32:36 [17:32:36.763] [Node:2] [HEARTBEAT] [Trace:HB_2_141] 开始发送心跳广播 status LEADER term:141 commitIndex:24
2025/11/03 17:32:36 [17:32:36.863] [Node:2] [HEARTBEAT] [Trace:HB_2_141] 开始发送心跳广播 status LEADER term:141 commitIndex:24
2025/11/03 17:32:36 [17:32:36.933] [Node:2] [RPC_RECV] [Trace:CLIENT_2_1762162356933378000] 接收到日志命令:4098 isLeader:true term:141
2025/11/03 17:32:36 [17:32:36.945] [Node:2] [RPC_RECV] [Trace:CLIENT_2_1762162356945572000] 接收到日志命令:869 isLeader:true term:141
2025/11/03 17:32:36 [17:32:36.963] [Node:2] [HEARTBEAT] [Trace:HB_2_141] 开始发送心跳广播 status LEADER term:141 commitIndex:24
2025/11/03 17:32:36 [17:32:36.968] [Node:2] [RPC_RECV] [Trace:CLIENT_2_1762162356968378000] 接收到日志命令:4009 isLeader:true term:141
2025/11/03 17:32:37 [17:32:37.064] [Node:2] [HEARTBEAT] [Trace:HB_2_141] 开始发送心跳广播 status LEADER term:141 commitIndex:24
2025/11/03 17:32:37 [17:32:37.135] [Node:2] [RPC_RECV] [Trace:CLIENT_2_1762162357135206000] 接收到日志命令:1013 isLeader:true term:141
2025/11/03 17:32:37 [17:32:37.148] [Node:2] [RPC_RECV] [Trace:CLIENT_2_1762162357148811000] 接收到日志命令:4881 isLeader:true term:141
2025/11/03 17:32:37 [17:32:37.163] [Node:2] [RPC_RECV] [Trace:CLIENT_2_1762162357163172000] 接收到日志命令:3898 isLeader:true term:141
2025/11/03 17:32:37 [17:32:37.167] [Node:2] [HEARTBEAT] [Trace:HB_2_141] 开始发送心跳广播 status LEADER term:141 commitIndex:24
2025/11/03 17:32:37 [17:32:37.175] [Node:2] [RPC_RECV] [Trace:CLIENT_2_1762162357175842000] 接收到日志命令:1276 isLeader:true term:141
2025/11/03 17:32:37 [17:32:37.189] [Node:2] [RPC_RECV] [Trace:CLIENT_2_1762162357189674000] 接收到日志命令:3816 isLeader:true term:141
2025/11/03 17:32:37 [17:32:37.199] [Node:2] [RPC_RECV] [Trace:CLIENT_2_1762162357199086000] 接收到日志命令:9317 isLeader:true term:141
2025/11/03 17:32:37 [17:32:37.206] [Node:2] [RPC_RECV] [Trace:CLIENT_2_1762162357206289000] 接收到日志命令:8377 isLeader:true term:141
2025/11/03 17:32:37 [17:32:37.222] [Node:2] [RPC_RECV] [Trace:CLIENT_2_1762162357222844000] 接收到日志命令:9596 isLeader:true term:141
2025/11/03 17:32:37 [17:32:37.227] [Node:2] [RPC_RECV] [Trace:CLIENT_2_1762162357227436000] 接收到日志命令:3339 isLeader:true term:141
2025/11/03 17:32:37 [17:32:37.235] [Node:2] [RPC_RECV] [Trace:CLIENT_2_1762162357235790000] 接收到日志命令:1374 isLeader:true term:141
2025/11/03 17:32:37 [17:32:37.253] [Node:2] [RPC_RECV] [Trace:CLIENT_2_1762162357253635000] 接收到日志命令:4753 isLeader:true term:141
2025/11/03 17:32:37 [17:32:37.267] [Node:2] [HEARTBEAT] [Trace:HB_2_141] 开始发送心跳广播 status LEADER term:141 commitIndex:24
2025/11/03 17:32:37 [17:32:37.295] [Node:2] [RPC_RECV] [Trace:CLIENT_2_1762162357295655000] 接收到日志命令:5037 isLeader:true term:141
2025/11/03 17:32:37 [17:32:37.310] [Node:2] [RPC_RECV] [Trace:CLIENT_2_1762162357310028000] 接收到日志命令:8833 isLeader:true term:141
2025/11/03 17:32:37 [17:32:37.367] [Node:2] [HEARTBEAT] [Trace:HB_2_141] 开始发送心跳广播 status LEADER term:141 commitIndex:24
2025/11/03 17:32:37 [17:32:37.396] [Node:2] [INFO] [STATE_CHANGE] LEADER->FOLLOWER term:141 reason:降级成follower
2025/11/03 17:32:37 [17:32:37.468] [Node:2] [HEARTBEAT] [Trace:HB_2_159] Follower等心跳 status FOLLOWER term:159 commitIndex:24
2025/11/03 17:32:37 [17:32:37.569] [Node:2] [HEARTBEAT] [Trace:HB_2_159] Follower等心跳 status FOLLOWER term:159 commitIndex:24
2025/11/03 17:32:37 [17:32:37.587] [Node:2] [INFO] [STATE_CHANGE] FOLLOWER->FOLLOWER term:159 reason:降级成follower
2025/11/03 17:32:37 [17:32:37.610] [Node:2] [INFO] [STATE_CHANGE] FOLLOWER->FOLLOWER term:159 reason:降级成follower
2025/11/03 17:32:37 [17:32:37.623] [Node:2] [RPC_RECV] [Trace:ELEC_1_160][1->2] RequestVote 接受 term:160 candidateId:1 lastLogIndex:2 lastLogTerm:4 currentTerm:159 status:FOLLOWER
2025/11/03 17:32:37 [17:32:37.623] [Node:2] [INFO] [STATE_CHANGE] FOLLOWER->FOLLOWER term:159 reason:降级成follower
2025/11/03 17:32:37 [17:32:37.626] [Node:2] [RPC_RECV] [Trace:ELEC_1_160][1->2] 投票信息 votedFor:-1 lastLogTerm:141 lastLogIndex:389
2025/11/03 17:32:37 [17:32:37.626] [Node:2] [RPC_RECV] [Trace:ELEC_1_160][1->2] 投票失败兜底 candidate:1 term:160
2025/11/03 17:32:37 [17:32:37.663] [Node:2] [INFO] [STATE_CHANGE] FOLLOWER->FOLLOWER term:160 reason:变成Candidate
2025/11/03 17:32:37 [17:32:37.663] [Node:2] [TIMER_EVENT] [Trace:TIMER_2] 超时选举 since:295.63325ms threshold:270.675223ms
2025/11/03 17:32:37 [17:32:37.664] [Node:2] [RPC_SEND] [Trace:ELEC_2_161] 发送选举请求
2025/11/03 17:32:37 [17:32:37.664] [Node:2] [RPC_SEND] [Trace:ELEC_2_161] 发送选举请求
2025/11/03 17:32:37 [17:32:37.665] [Node:2] [RPC_SEND] [Trace:ELEC_2_161] 发送选举请求
2025/11/03 17:32:37 [17:32:37.667] [Node:2] [RPC_SEND] [Trace:ELEC_2_161] 发送选举请求
2025/11/03 17:32:37 [17:32:37.671] [Node:2] [HEARTBEAT] [Trace:HB_2_161] Follower等心跳 status CANDIDATE term:161 commitIndex:24
2025/11/03 17:32:37 [17:32:37.676] [Node:2] [RPC_SEND] [Trace:ELEC_2_161] 处理投票返回 for term 161 reply:{161 true}
2025/11/03 17:32:37 [17:32:37.771] [Node:2] [HEARTBEAT] [Trace:HB_2_161] Follower等心跳 status CANDIDATE term:161 commitIndex:24
2025/11/03 17:32:37 [17:32:37.871] [Node:2] [HEARTBEAT] [Trace:HB_2_161] Follower等心跳 status CANDIDATE term:161 commitIndex:24
2025/11/03 17:32:37 [17:32:37.877] [Node:2] [INFO] [STATE_CHANGE] CANDIDATE->FOLLOWER term:161 reason:变成Candidate
2025/11/03 17:32:37 [17:32:37.877] [Node:2] [TIMER_EVENT] [Trace:TIMER_2] 超时选举 since:213.127833ms threshold:205.751318ms
2025/11/03 17:32:37 [17:32:37.877] [Node:2] [RPC_SEND] [Trace:ELEC_2_162] 发送选举请求
2025/11/03 17:32:37 [17:32:37.877] [Node:2] [RPC_SEND] [Trace:ELEC_2_162] 发送选举请求
2025/11/03 17:32:37 [17:32:37.877] [Node:2] [RPC_SEND] [Trace:ELEC_2_162] 发送选举请求
2025/11/03 17:32:37 [17:32:37.877] [Node:2] [RPC_SEND] [Trace:ELEC_2_162] 发送选举请求
2025/11/03 17:32:37 [17:32:37.884] [Node:2] [RPC_SEND] [Trace:ELEC_2_162] 处理投票返回 for term 162 reply:{162 true}
2025/11/03 17:32:37 [17:32:37.897] [Node:2] [RPC_SEND] [Trace:ELEC_2_162] 处理投票返回 for term 162 reply:{162 true}
2025/11/03 17:32:37 [17:32:37.897] [Node:2] [INFO] [STATE_CHANGE] CANDIDATE->LEADER term:162 reason:成为Leader
2025/11/03 17:32:37 [17:32:37.901] [Node:2] [RPC_SEND] [Trace:ELEC_2_162] 处理投票返回 for term 162 reply:{162 true}
2025/11/03 17:32:37 [17:32:37.972] [Node:2] [HEARTBEAT] [Trace:HB_2_162] 开始发送心跳广播 status LEADER term:162 commitIndex:24
2025/11/03 17:32:37 [17:32:37.987] [Node:2] [LOG_REPLICA] [Trace:LOG_2_162][2->1] 心跳返回 from peer:1 term:162 success:false
2025/11/03 17:32:37 [17:32:37.988] [Node:2] [LOG_REPLICA] [Trace:LOG_2_162][2->1] 日志复制返回失败，开始快速恢复 for peer:1 starting fast recovery replyLogIndex:9
2025/11/03 17:32:38 [17:32:38.072] [Node:2] [HEARTBEAT] [Trace:HB_2_162] 开始发送心跳广播 status LEADER term:162 commitIndex:24
2025/11/03 17:32:38 [17:32:38.172] [Node:2] [HEARTBEAT] [Trace:HB_2_162] 开始发送心跳广播 status LEADER term:162 commitIndex:24
2025/11/03 17:32:38 [17:32:38.192] [Node:2] [RPC_SEND] [Trace:ELEC_2_162] 处理投票返回 for term 162 reply:{162 true}
2025/11/03 17:32:38 [17:32:38.198] [Node:2] [LOG_REPLICA] [Trace:LOG_2_162][2->0] 心跳返回 from peer:0 term:162 success:true
2025/11/03 17:32:38 [17:32:38.198] [Node:2] [LOG_REPLICA] [Trace:LOG_2_162][2->0] 日志复制返回成功 from peer:0 term:162 agreeCount:2 log [{2684 16 false 25} {5836 19 false 26} {5544 19 false 27} {713 19 false 28} {6403 19 false 29} {881 19 false 30} {3832 19 false 31} {4831 19 false 32} {989 19 false 33} {3559 19 false 34} {4757 19 false 35} {5501 19 false 36} {705 19 false 37} {528 19 false 38} {4304 19 false 39} {4358 19 false 40} {8941 19 false 41} {1994 19 false 42} {411 19 false 43} {7043 95 false 44} {2699 95 false 45} {8150 95 false 46} {8874 95 false 47} {7096 95 false 48} {4872 95 false 49} {3988 95 false 50} {2554 95 false 51} {554 95 false 52} {2953 95 false 53} {9230 95 false 54} {8688 95 false 55} {9094 95 false 56} {3997 95 false 57} {2894 95 false 58} {5667 95 false 59} {3509 95 false 60} {4539 95 false 61} {1900 95 false 62} {395 95 false 63} {4338 95 false 64} {9052 95 false 65} {6681 95 false 66} {5152 95 false 67} {2250 95 false 68} {7353 95 false 69} {7300 95 false 70} {9476 95 false 71} {5907 95 false 72} {8352 95 false 73} {3326 95 false 74} {2806 95 false 75} {5167 95 false 76} {3514 95 false 77} {7493 95 false 78} {3260 95 false 79} {2440 95 false 80} {2920 95 false 81} {8285 95 false 82} {4140 95 false 83} {8602 95 false 84} {5537 95 false 85} {4663 95 false 86} {8098 95 false 87} {743 95 false 88} {9006 95 false 89} {6480 95 false 90} {4305 95 false 91} {7754 95 false 92} {612 95 false 93} {7820 95 false 94} {4607 95 false 95} {7256 95 false 96} {4888 95 false 97} {1311 95 false 98} {8099 95 false 99} {1197 95 false 100} {2238 95 false 101} {2354 95 false 102} {3362 95 false 103} {919 95 false 104} {8424 95 false 105} {6099 95 false 106} {1374 95 false 107} {2506 95 false 108} {7804 95 false 109} {5971 95 false 110} {3293 95 false 111} {6828 95 false 112} {5896 95 false 113} {2846 95 false 114} {1290 95 false 115} {7082 95 false 116} {4917 95 false 117} {3250 95 false 118} {248 95 false 119} {1140 95 false 120} {1245 95 false 121} {6024 95 false 122} {4473 95 false 123} {2136 95 false 124} {4154 95 false 125} {2583 95 false 126} {708 95 false 127} {4481 95 false 128} {6476 95 false 129} {5036 95 false 130} {4065 95 false 131} {6200 95 false 132} {1397 95 false 133} {4279 95 false 134} {6833 95 false 135} {4346 95 false 136} {3317 95 false 137} {4185 95 false 138} {4000 95 false 139} {2185 95 false 140} {8037 95 false 141} {1968 95 false 142} {6414 95 false 143} {6351 95 false 144} {1290 95 false 145} {255 95 false 146} {5814 95 false 147} {9138 95 false 148} {1249 95 false 149} {8088 95 false 150} {61 95 false 151} {6456 95 false 152} {9658 95 false 153} {2752 95 false 154} {4915 95 false 155} {2443 95 false 156} {4194 95 false 157} {928 95 false 158} {5614 95 false 159} {8999 95 false 160} {1953 95 false 161} {2650 95 false 162} {3468 95 false 163} {1123 95 false 164} {3774 95 false 165} {6358 95 false 166} {5925 95 false 167} {338 95 false 168} {99 95 false 169} {4512 95 false 170} {7477 95 false 171} {169 95 false 172} {6395 95 false 173} {7193 95 false 174} {2353 95 false 175} {3277 95 false 176} {6306 95 false 177} {5511 95 false 178} {2355 95 false 179} {8128 95 false 180} {6058 95 false 181} {7487 95 false 182} {9104 95 false 183} {9659 95 false 184} {3870 95 false 185} {7666 95 false 186} {8351 95 false 187} {9904 95 false 188} {3086 95 false 189} {4239 95 false 190} {9285 95 false 191} {8547 95 false 192} {5397 95 false 193} {6203 95 false 194} {2701 95 false 195} {281 95 false 196} {5684 95 false 197} {6931 95 false 198} {1998 95 false 199} {3892 95 false 200} {8994 95 false 201} {8648 95 false 202} {4605 95 false 203} {4080 95 false 204} {3229 95 false 205} {1192 95 false 206} {7753 95 false 207} {2164 95 false 208} {3086 95 false 209} {5245 95 false 210} {7102 95 false 211} {8818 95 false 212} {5017 95 false 213} {7628 95 false 214} {6028 95 false 215} {590 95 false 216} {6004 95 false 217} {2477 95 false 218} {6033 95 false 219} {4971 95 false 220} {7653 95 false 221} {4210 95 false 222} {654 95 false 223} {1347 95 false 224} {548 95 false 225} {2425 95 false 226} {7551 95 false 227} {147 95 false 228} {3398 95 false 229} {9137 95 false 230} {5214 95 false 231} {1870 95 false 232} {2007 95 false 233} {4259 95 false 234} {5871 95 false 235} {1999 95 false 236} {2250 95 false 237} {2233 95 false 238} {9889 95 false 239} {3674 95 false 240} {3867 95 false 241} {9585 95 false 242} {7532 95 false 243} {3418 95 false 244} {1920 95 false 245} {5828 95 false 246} {3723 95 false 247} {197 95 false 248} {3771 95 false 249} {9308 95 false 250} {8474 95 false 251} {6670 95 false 252} {8023 95 false 253} {9827 95 false 254} {745 95 false 255} {9541 95 false 256} {4130 95 false 257} {3683 95 false 258} {244 95 false 259} {1055 95 false 260} {7937 95 false 261} {9098 95 false 262} {8583 141 false 263} {4509 141 false 264} {5945 141 false 265} {7900 141 false 266} {8891 141 false 267} {8803 141 false 268} {2042 141 false 269} {8293 141 false 270} {4473 141 false 271} {6604 141 false 272} {5376 141 false 273} {6396 141 false 274} {8674 141 false 275} {5663 141 false 276} {1465 141 false 277} {4305 141 false 278} {29 141 false 279} {5595 141 false 280} {5764 141 false 281} {473 141 false 282} {6305 141 false 283} {273 141 false 284} {3146 141 false 285} {9506 141 false 286} {4632 141 false 287} {6027 141 false 288} {6952 141 false 289} {8257 141 false 290} {9649 141 false 291} {4178 141 false 292} {7266 141 false 293} {2232 141 false 294} {1973 141 false 295} {1704 141 false 296} {9529 141 false 297} {7427 141 false 298} {4392 141 false 299} {8497 141 false 300} {8041 141 false 301} {5966 141 false 302} {8440 141 false 303} {2229 141 false 304} {815 141 false 305} {1570 141 false 306} {6889 141 false 307} {4416 141 false 308} {651 141 false 309} {8692 141 false 310} {5425 141 false 311} {4142 141 false 312} {1077 141 false 313} {7325 141 false 314} {2814 141 false 315} {202 141 false 316} {7450 141 false 317} {8805 141 false 318} {3424 141 false 319} {3006 141 false 320} {4641 141 false 321} {2604 141 false 322} {3988 141 false 323} {8515 141 false 324} {4262 141 false 325} {6619 141 false 326} {8498 141 false 327} {9672 141 false 328} {8418 141 false 329} {5033 141 false 330} {5311 141 false 331} {9242 141 false 332} {7380 141 false 333} {5261 141 false 334} {9100 141 false 335} {4374 141 false 336} {2866 141 false 337} {290 141 false 338} {2261 141 false 339} {120 141 false 340} {7072 141 false 341} {7931 141 false 342} {2635 141 false 343} {1951 141 false 344} {8594 141 false 345} {4127 141 false 346} {2386 141 false 347} {2174 141 false 348} {3837 141 false 349} {8358 141 false 350} {7353 141 false 351} {2094 141 false 352} {569 141 false 353} {8759 141 false 354} {1223 141 false 355} {3599 141 false 356} {123 141 false 357} {3680 141 false 358} {6063 141 false 359} {8870 141 false 360} {8775 141 false 361} {2959 141 false 362} {8613 141 false 363} {3399 141 false 364} {1931 141 false 365} {3362 141 false 366} {9117 141 false 367} {2364 141 false 368} {7785 141 false 369} {5066 141 false 370} {6181 141 false 371} {6803 141 false 372} {6922 141 false 373} {4098 141 false 374} {869 141 false 375} {4009 141 false 376} {1013 141 false 377} {4881 141 false 378} {3898 141 false 379} {1276 141 false 380} {3816 141 false 381} {9317 141 false 382} {8377 141 false 383} {9596 141 false 384} {3339 141 false 385} {1374 141 false 386} {4753 141 false 387} {5037 141 false 388} {8833 141 false 389}]
2025/11/03 17:32:38 [17:32:38.199] [Node:2] [LOG_REPLICA] [Trace:LOG_2_162][2->0] 更新后 server:0 matchIndex:389 nextIndex:390
2025/11/03 17:32:38 [17:32:38.242] [Node:2] [RPC_SEND] [Trace:ELEC_2_161] 处理投票返回 for term 161 reply:{161 true}
2025/11/03 17:32:38 [17:32:38.272] [Node:2] [HEARTBEAT] [Trace:HB_2_162] 开始发送心跳广播 status LEADER term:162 commitIndex:24
2025/11/03 17:32:38 [17:32:38.273] [Node:2] [LOG_REPLICA] [Trace:LOG_2_162][2->0] 心跳返回 from peer:0 term:162 success:true
2025/11/03 17:32:38 [17:32:38.273] [Node:2] [LOG_REPLICA] [Trace:LOG_2_162][2->0] 日志复制返回成功 from peer:0 term:162 agreeCount:2 log [{2684 16 false 25} {5836 19 false 26} {5544 19 false 27} {713 19 false 28} {6403 19 false 29} {881 19 false 30} {3832 19 false 31} {4831 19 false 32} {989 19 false 33} {3559 19 false 34} {4757 19 false 35} {5501 19 false 36} {705 19 false 37} {528 19 false 38} {4304 19 false 39} {4358 19 false 40} {8941 19 false 41} {1994 19 false 42} {411 19 false 43} {7043 95 false 44} {2699 95 false 45} {8150 95 false 46} {8874 95 false 47} {7096 95 false 48} {4872 95 false 49} {3988 95 false 50} {2554 95 false 51} {554 95 false 52} {2953 95 false 53} {9230 95 false 54} {8688 95 false 55} {9094 95 false 56} {3997 95 false 57} {2894 95 false 58} {5667 95 false 59} {3509 95 false 60} {4539 95 false 61} {1900 95 false 62} {395 95 false 63} {4338 95 false 64} {9052 95 false 65} {6681 95 false 66} {5152 95 false 67} {2250 95 false 68} {7353 95 false 69} {7300 95 false 70} {9476 95 false 71} {5907 95 false 72} {8352 95 false 73} {3326 95 false 74} {2806 95 false 75} {5167 95 false 76} {3514 95 false 77} {7493 95 false 78} {3260 95 false 79} {2440 95 false 80} {2920 95 false 81} {8285 95 false 82} {4140 95 false 83} {8602 95 false 84} {5537 95 false 85} {4663 95 false 86} {8098 95 false 87} {743 95 false 88} {9006 95 false 89} {6480 95 false 90} {4305 95 false 91} {7754 95 false 92} {612 95 false 93} {7820 95 false 94} {4607 95 false 95} {7256 95 false 96} {4888 95 false 97} {1311 95 false 98} {8099 95 false 99} {1197 95 false 100} {2238 95 false 101} {2354 95 false 102} {3362 95 false 103} {919 95 false 104} {8424 95 false 105} {6099 95 false 106} {1374 95 false 107} {2506 95 false 108} {7804 95 false 109} {5971 95 false 110} {3293 95 false 111} {6828 95 false 112} {5896 95 false 113} {2846 95 false 114} {1290 95 false 115} {7082 95 false 116} {4917 95 false 117} {3250 95 false 118} {248 95 false 119} {1140 95 false 120} {1245 95 false 121} {6024 95 false 122} {4473 95 false 123} {2136 95 false 124} {4154 95 false 125} {2583 95 false 126} {708 95 false 127} {4481 95 false 128} {6476 95 false 129} {5036 95 false 130} {4065 95 false 131} {6200 95 false 132} {1397 95 false 133} {4279 95 false 134} {6833 95 false 135} {4346 95 false 136} {3317 95 false 137} {4185 95 false 138} {4000 95 false 139} {2185 95 false 140} {8037 95 false 141} {1968 95 false 142} {6414 95 false 143} {6351 95 false 144} {1290 95 false 145} {255 95 false 146} {5814 95 false 147} {9138 95 false 148} {1249 95 false 149} {8088 95 false 150} {61 95 false 151} {6456 95 false 152} {9658 95 false 153} {2752 95 false 154} {4915 95 false 155} {2443 95 false 156} {4194 95 false 157} {928 95 false 158} {5614 95 false 159} {8999 95 false 160} {1953 95 false 161} {2650 95 false 162} {3468 95 false 163} {1123 95 false 164} {3774 95 false 165} {6358 95 false 166} {5925 95 false 167} {338 95 false 168} {99 95 false 169} {4512 95 false 170} {7477 95 false 171} {169 95 false 172} {6395 95 false 173} {7193 95 false 174} {2353 95 false 175} {3277 95 false 176} {6306 95 false 177} {5511 95 false 178} {2355 95 false 179} {8128 95 false 180} {6058 95 false 181} {7487 95 false 182} {9104 95 false 183} {9659 95 false 184} {3870 95 false 185} {7666 95 false 186} {8351 95 false 187} {9904 95 false 188} {3086 95 false 189} {4239 95 false 190} {9285 95 false 191} {8547 95 false 192} {5397 95 false 193} {6203 95 false 194} {2701 95 false 195} {281 95 false 196} {5684 95 false 197} {6931 95 false 198} {1998 95 false 199} {3892 95 false 200} {8994 95 false 201} {8648 95 false 202} {4605 95 false 203} {4080 95 false 204} {3229 95 false 205} {1192 95 false 206} {7753 95 false 207} {2164 95 false 208} {3086 95 false 209} {5245 95 false 210} {7102 95 false 211} {8818 95 false 212} {5017 95 false 213} {7628 95 false 214} {6028 95 false 215} {590 95 false 216} {6004 95 false 217} {2477 95 false 218} {6033 95 false 219} {4971 95 false 220} {7653 95 false 221} {4210 95 false 222} {654 95 false 223} {1347 95 false 224} {548 95 false 225} {2425 95 false 226} {7551 95 false 227} {147 95 false 228} {3398 95 false 229} {9137 95 false 230} {5214 95 false 231} {1870 95 false 232} {2007 95 false 233} {4259 95 false 234} {5871 95 false 235} {1999 95 false 236} {2250 95 false 237} {2233 95 false 238} {9889 95 false 239} {3674 95 false 240} {3867 95 false 241} {9585 95 false 242} {7532 95 false 243} {3418 95 false 244} {1920 95 false 245} {5828 95 false 246} {3723 95 false 247} {197 95 false 248} {3771 95 false 249} {9308 95 false 250} {8474 95 false 251} {6670 95 false 252} {8023 95 false 253} {9827 95 false 254} {745 95 false 255} {9541 95 false 256} {4130 95 false 257} {3683 95 false 258} {244 95 false 259} {1055 95 false 260} {7937 95 false 261} {9098 95 false 262} {8583 141 false 263} {4509 141 false 264} {5945 141 false 265} {7900 141 false 266} {8891 141 false 267} {8803 141 false 268} {2042 141 false 269} {8293 141 false 270} {4473 141 false 271} {6604 141 false 272} {5376 141 false 273} {6396 141 false 274} {8674 141 false 275} {5663 141 false 276} {1465 141 false 277} {4305 141 false 278} {29 141 false 279} {5595 141 false 280} {5764 141 false 281} {473 141 false 282} {6305 141 false 283} {273 141 false 284} {3146 141 false 285} {9506 141 false 286} {4632 141 false 287} {6027 141 false 288} {6952 141 false 289} {8257 141 false 290} {9649 141 false 291} {4178 141 false 292} {7266 141 false 293} {2232 141 false 294} {1973 141 false 295} {1704 141 false 296} {9529 141 false 297} {7427 141 false 298} {4392 141 false 299} {8497 141 false 300} {8041 141 false 301} {5966 141 false 302} {8440 141 false 303} {2229 141 false 304} {815 141 false 305} {1570 141 false 306} {6889 141 false 307} {4416 141 false 308} {651 141 false 309} {8692 141 false 310} {5425 141 false 311} {4142 141 false 312} {1077 141 false 313} {7325 141 false 314} {2814 141 false 315} {202 141 false 316} {7450 141 false 317} {8805 141 false 318} {3424 141 false 319} {3006 141 false 320} {4641 141 false 321} {2604 141 false 322} {3988 141 false 323} {8515 141 false 324} {4262 141 false 325} {6619 141 false 326} {8498 141 false 327} {9672 141 false 328} {8418 141 false 329} {5033 141 false 330} {5311 141 false 331} {9242 141 false 332} {7380 141 false 333} {5261 141 false 334} {9100 141 false 335} {4374 141 false 336} {2866 141 false 337} {290 141 false 338} {2261 141 false 339} {120 141 false 340} {7072 141 false 341} {7931 141 false 342} {2635 141 false 343} {1951 141 false 344} {8594 141 false 345} {4127 141 false 346} {2386 141 false 347} {2174 141 false 348} {3837 141 false 349} {8358 141 false 350} {7353 141 false 351} {2094 141 false 352} {569 141 false 353} {8759 141 false 354} {1223 141 false 355} {3599 141 false 356} {123 141 false 357} {3680 141 false 358} {6063 141 false 359} {8870 141 false 360} {8775 141 false 361} {2959 141 false 362} {8613 141 false 363} {3399 141 false 364} {1931 141 false 365} {3362 141 false 366} {9117 141 false 367} {2364 141 false 368} {7785 141 false 369} {5066 141 false 370} {6181 141 false 371} {6803 141 false 372} {6922 141 false 373} {4098 141 false 374} {869 141 false 375} {4009 141 false 376} {1013 141 false 377} {4881 141 false 378} {3898 141 false 379} {1276 141 false 380} {3816 141 false 381} {9317 141 false 382} {8377 141 false 383} {9596 141 false 384} {3339 141 false 385} {1374 141 false 386} {4753 141 false 387} {5037 141 false 388} {8833 141 false 389}]
2025/11/03 17:32:38 [17:32:38.274] [Node:2] [LOG_REPLICA] [Trace:LOG_2_162][2->0] 日志复制返回成功 但是已经更新过了 from peer:0 term:162 matchIndex:389 log last index:389
2025/11/03 17:32:38 [17:32:38.300] [Node:2] [LOG_REPLICA] [Trace:LOG_2_162][2->1] 心跳返回 from peer:1 term:162 success:false
2025/11/03 17:32:38 [17:32:38.300] [Node:2] [LOG_REPLICA] [Trace:LOG_2_162][2->1] 日志复制返回失败，开始快速恢复 for peer:1 starting fast recovery replyLogIndex:9
2025/11/03 17:32:38 [17:32:38.301] [Node:2] [LOG_REPLICA] [Trace:LOG_2_162][2->3] 心跳返回 from peer:3 term:162 success:true
2025/11/03 17:32:38 [17:32:38.301] [Node:2] [LOG_REPLICA] [Trace:LOG_2_162][2->3] 日志复制返回成功 from peer:3 term:162 agreeCount:2 log [{2684 16 false 25} {5836 19 false 26} {5544 19 false 27} {713 19 false 28} {6403 19 false 29} {881 19 false 30} {3832 19 false 31} {4831 19 false 32} {989 19 false 33} {3559 19 false 34} {4757 19 false 35} {5501 19 false 36} {705 19 false 37} {528 19 false 38} {4304 19 false 39} {4358 19 false 40} {8941 19 false 41} {1994 19 false 42} {411 19 false 43} {7043 95 false 44} {2699 95 false 45} {8150 95 false 46} {8874 95 false 47} {7096 95 false 48} {4872 95 false 49} {3988 95 false 50} {2554 95 false 51} {554 95 false 52} {2953 95 false 53} {9230 95 false 54} {8688 95 false 55} {9094 95 false 56} {3997 95 false 57} {2894 95 false 58} {5667 95 false 59} {3509 95 false 60} {4539 95 false 61} {1900 95 false 62} {395 95 false 63} {4338 95 false 64} {9052 95 false 65} {6681 95 false 66} {5152 95 false 67} {2250 95 false 68} {7353 95 false 69} {7300 95 false 70} {9476 95 false 71} {5907 95 false 72} {8352 95 false 73} {3326 95 false 74} {2806 95 false 75} {5167 95 false 76} {3514 95 false 77} {7493 95 false 78} {3260 95 false 79} {2440 95 false 80} {2920 95 false 81} {8285 95 false 82} {4140 95 false 83} {8602 95 false 84} {5537 95 false 85} {4663 95 false 86} {8098 95 false 87} {743 95 false 88} {9006 95 false 89} {6480 95 false 90} {4305 95 false 91} {7754 95 false 92} {612 95 false 93} {7820 95 false 94} {4607 95 false 95} {7256 95 false 96} {4888 95 false 97} {1311 95 false 98} {8099 95 false 99} {1197 95 false 100} {2238 95 false 101} {2354 95 false 102} {3362 95 false 103} {919 95 false 104} {8424 95 false 105} {6099 95 false 106} {1374 95 false 107} {2506 95 false 108} {7804 95 false 109} {5971 95 false 110} {3293 95 false 111} {6828 95 false 112} {5896 95 false 113} {2846 95 false 114} {1290 95 false 115} {7082 95 false 116} {4917 95 false 117} {3250 95 false 118} {248 95 false 119} {1140 95 false 120} {1245 95 false 121} {6024 95 false 122} {4473 95 false 123} {2136 95 false 124} {4154 95 false 125} {2583 95 false 126} {708 95 false 127} {4481 95 false 128} {6476 95 false 129} {5036 95 false 130} {4065 95 false 131} {6200 95 false 132} {1397 95 false 133} {4279 95 false 134} {6833 95 false 135} {4346 95 false 136} {3317 95 false 137} {4185 95 false 138} {4000 95 false 139} {2185 95 false 140} {8037 95 false 141} {1968 95 false 142} {6414 95 false 143} {6351 95 false 144} {1290 95 false 145} {255 95 false 146} {5814 95 false 147} {9138 95 false 148} {1249 95 false 149} {8088 95 false 150} {61 95 false 151} {6456 95 false 152} {9658 95 false 153} {2752 95 false 154} {4915 95 false 155} {2443 95 false 156} {4194 95 false 157} {928 95 false 158} {5614 95 false 159} {8999 95 false 160} {1953 95 false 161} {2650 95 false 162} {3468 95 false 163} {1123 95 false 164} {3774 95 false 165} {6358 95 false 166} {5925 95 false 167} {338 95 false 168} {99 95 false 169} {4512 95 false 170} {7477 95 false 171} {169 95 false 172} {6395 95 false 173} {7193 95 false 174} {2353 95 false 175} {3277 95 false 176} {6306 95 false 177} {5511 95 false 178} {2355 95 false 179} {8128 95 false 180} {6058 95 false 181} {7487 95 false 182} {9104 95 false 183} {9659 95 false 184} {3870 95 false 185} {7666 95 false 186} {8351 95 false 187} {9904 95 false 188} {3086 95 false 189} {4239 95 false 190} {9285 95 false 191} {8547 95 false 192} {5397 95 false 193} {6203 95 false 194} {2701 95 false 195} {281 95 false 196} {5684 95 false 197} {6931 95 false 198} {1998 95 false 199} {3892 95 false 200} {8994 95 false 201} {8648 95 false 202} {4605 95 false 203} {4080 95 false 204} {3229 95 false 205} {1192 95 false 206} {7753 95 false 207} {2164 95 false 208} {3086 95 false 209} {5245 95 false 210} {7102 95 false 211} {8818 95 false 212} {5017 95 false 213} {7628 95 false 214} {6028 95 false 215} {590 95 false 216} {6004 95 false 217} {2477 95 false 218} {6033 95 false 219} {4971 95 false 220} {7653 95 false 221} {4210 95 false 222} {654 95 false 223} {1347 95 false 224} {548 95 false 225} {2425 95 false 226} {7551 95 false 227} {147 95 false 228} {3398 95 false 229} {9137 95 false 230} {5214 95 false 231} {1870 95 false 232} {2007 95 false 233} {4259 95 false 234} {5871 95 false 235} {1999 95 false 236} {2250 95 false 237} {2233 95 false 238} {9889 95 false 239} {3674 95 false 240} {3867 95 false 241} {9585 95 false 242} {7532 95 false 243} {3418 95 false 244} {1920 95 false 245} {5828 95 false 246} {3723 95 false 247} {197 95 false 248} {3771 95 false 249} {9308 95 false 250} {8474 95 false 251} {6670 95 false 252} {8023 95 false 253} {9827 95 false 254} {745 95 false 255} {9541 95 false 256} {4130 95 false 257} {3683 95 false 258} {244 95 false 259} {1055 95 false 260} {7937 95 false 261} {9098 95 false 262} {8583 141 false 263} {4509 141 false 264} {5945 141 false 265} {7900 141 false 266} {8891 141 false 267} {8803 141 false 268} {2042 141 false 269} {8293 141 false 270} {4473 141 false 271} {6604 141 false 272} {5376 141 false 273} {6396 141 false 274} {8674 141 false 275} {5663 141 false 276} {1465 141 false 277} {4305 141 false 278} {29 141 false 279} {5595 141 false 280} {5764 141 false 281} {473 141 false 282} {6305 141 false 283} {273 141 false 284} {3146 141 false 285} {9506 141 false 286} {4632 141 false 287} {6027 141 false 288} {6952 141 false 289} {8257 141 false 290} {9649 141 false 291} {4178 141 false 292} {7266 141 false 293} {2232 141 false 294} {1973 141 false 295} {1704 141 false 296} {9529 141 false 297} {7427 141 false 298} {4392 141 false 299} {8497 141 false 300} {8041 141 false 301} {5966 141 false 302} {8440 141 false 303} {2229 141 false 304} {815 141 false 305} {1570 141 false 306} {6889 141 false 307} {4416 141 false 308} {651 141 false 309} {8692 141 false 310} {5425 141 false 311} {4142 141 false 312} {1077 141 false 313} {7325 141 false 314} {2814 141 false 315} {202 141 false 316} {7450 141 false 317} {8805 141 false 318} {3424 141 false 319} {3006 141 false 320} {4641 141 false 321} {2604 141 false 322} {3988 141 false 323} {8515 141 false 324} {4262 141 false 325} {6619 141 false 326} {8498 141 false 327} {9672 141 false 328} {8418 141 false 329} {5033 141 false 330} {5311 141 false 331} {9242 141 false 332} {7380 141 false 333} {5261 141 false 334} {9100 141 false 335} {4374 141 false 336} {2866 141 false 337} {290 141 false 338} {2261 141 false 339} {120 141 false 340} {7072 141 false 341} {7931 141 false 342} {2635 141 false 343} {1951 141 false 344} {8594 141 false 345} {4127 141 false 346} {2386 141 false 347} {2174 141 false 348} {3837 141 false 349} {8358 141 false 350} {7353 141 false 351} {2094 141 false 352} {569 141 false 353} {8759 141 false 354} {1223 141 false 355} {3599 141 false 356} {123 141 false 357} {3680 141 false 358} {6063 141 false 359} {8870 141 false 360} {8775 141 false 361} {2959 141 false 362} {8613 141 false 363} {3399 141 false 364} {1931 141 false 365} {3362 141 false 366} {9117 141 false 367} {2364 141 false 368} {7785 141 false 369} {5066 141 false 370} {6181 141 false 371} {6803 141 false 372} {6922 141 false 373} {4098 141 false 374} {869 141 false 375} {4009 141 false 376} {1013 141 false 377} {4881 141 false 378} {3898 141 false 379} {1276 141 false 380} {3816 141 false 381} {9317 141 false 382} {8377 141 false 383} {9596 141 false 384} {3339 141 false 385} {1374 141 false 386} {4753 141 false 387} {5037 141 false 388} {8833 141 false 389}]
2025/11/03 17:32:38 [17:32:38.302] [Node:2] [LOG_REPLICA] [Trace:LOG_2_162][2->3] 更新后 server:3 matchIndex:389 nextIndex:390
2025/11/03 17:32:38 [17:32:38.331] [Node:2] [RPC_SEND] [Trace:ELEC_2_161] 处理投票返回 for term 161 reply:{161 true}
2025/11/03 17:32:38 [17:32:38.361] [Node:2] [LOG_REPLICA] [Trace:LOG_2_162][2->1] 心跳返回 from peer:1 term:162 success:false
2025/11/03 17:32:38 [17:32:38.361] [Node:2] [LOG_REPLICA] [Trace:LOG_2_162][2->1] 日志复制返回失败，开始快速恢复 for peer:1 starting fast recovery replyLogIndex:9
2025/11/03 17:32:38 [17:32:38.373] [Node:2] [HEARTBEAT] [Trace:HB_2_162] 开始发送心跳广播 status LEADER term:162 commitIndex:24
2025/11/03 17:32:38 [17:32:38.474] [Node:2] [HEARTBEAT] [Trace:HB_2_162] 开始发送心跳广播 status LEADER term:162 commitIndex:24
2025/11/03 17:32:38 [17:32:38.553] [Node:2] [LOG_REPLICA] [Trace:LOG_2_162][2->3] 心跳返回 from peer:3 term:162 success:true
2025/11/03 17:32:38 [17:32:38.553] [Node:2] [LOG_REPLICA] [Trace:LOG_2_162][2->3] 日志复制返回成功 from peer:3 term:162 agreeCount:3 log [{2684 16 false 25} {5836 19 false 26} {5544 19 false 27} {713 19 false 28} {6403 19 false 29} {881 19 false 30} {3832 19 false 31} {4831 19 false 32} {989 19 false 33} {3559 19 false 34} {4757 19 false 35} {5501 19 false 36} {705 19 false 37} {528 19 false 38} {4304 19 false 39} {4358 19 false 40} {8941 19 false 41} {1994 19 false 42} {411 19 false 43} {7043 95 false 44} {2699 95 false 45} {8150 95 false 46} {8874 95 false 47} {7096 95 false 48} {4872 95 false 49} {3988 95 false 50} {2554 95 false 51} {554 95 false 52} {2953 95 false 53} {9230 95 false 54} {8688 95 false 55} {9094 95 false 56} {3997 95 false 57} {2894 95 false 58} {5667 95 false 59} {3509 95 false 60} {4539 95 false 61} {1900 95 false 62} {395 95 false 63} {4338 95 false 64} {9052 95 false 65} {6681 95 false 66} {5152 95 false 67} {2250 95 false 68} {7353 95 false 69} {7300 95 false 70} {9476 95 false 71} {5907 95 false 72} {8352 95 false 73} {3326 95 false 74} {2806 95 false 75} {5167 95 false 76} {3514 95 false 77} {7493 95 false 78} {3260 95 false 79} {2440 95 false 80} {2920 95 false 81} {8285 95 false 82} {4140 95 false 83} {8602 95 false 84} {5537 95 false 85} {4663 95 false 86} {8098 95 false 87} {743 95 false 88} {9006 95 false 89} {6480 95 false 90} {4305 95 false 91} {7754 95 false 92} {612 95 false 93} {7820 95 false 94} {4607 95 false 95} {7256 95 false 96} {4888 95 false 97} {1311 95 false 98} {8099 95 false 99} {1197 95 false 100} {2238 95 false 101} {2354 95 false 102} {3362 95 false 103} {919 95 false 104} {8424 95 false 105} {6099 95 false 106} {1374 95 false 107} {2506 95 false 108} {7804 95 false 109} {5971 95 false 110} {3293 95 false 111} {6828 95 false 112} {5896 95 false 113} {2846 95 false 114} {1290 95 false 115} {7082 95 false 116} {4917 95 false 117} {3250 95 false 118} {248 95 false 119} {1140 95 false 120} {1245 95 false 121} {6024 95 false 122} {4473 95 false 123} {2136 95 false 124} {4154 95 false 125} {2583 95 false 126} {708 95 false 127} {4481 95 false 128} {6476 95 false 129} {5036 95 false 130} {4065 95 false 131} {6200 95 false 132} {1397 95 false 133} {4279 95 false 134} {6833 95 false 135} {4346 95 false 136} {3317 95 false 137} {4185 95 false 138} {4000 95 false 139} {2185 95 false 140} {8037 95 false 141} {1968 95 false 142} {6414 95 false 143} {6351 95 false 144} {1290 95 false 145} {255 95 false 146} {5814 95 false 147} {9138 95 false 148} {1249 95 false 149} {8088 95 false 150} {61 95 false 151} {6456 95 false 152} {9658 95 false 153} {2752 95 false 154} {4915 95 false 155} {2443 95 false 156} {4194 95 false 157} {928 95 false 158} {5614 95 false 159} {8999 95 false 160} {1953 95 false 161} {2650 95 false 162} {3468 95 false 163} {1123 95 false 164} {3774 95 false 165} {6358 95 false 166} {5925 95 false 167} {338 95 false 168} {99 95 false 169} {4512 95 false 170} {7477 95 false 171} {169 95 false 172} {6395 95 false 173} {7193 95 false 174} {2353 95 false 175} {3277 95 false 176} {6306 95 false 177} {5511 95 false 178} {2355 95 false 179} {8128 95 false 180} {6058 95 false 181} {7487 95 false 182} {9104 95 false 183} {9659 95 false 184} {3870 95 false 185} {7666 95 false 186} {8351 95 false 187} {9904 95 false 188} {3086 95 false 189} {4239 95 false 190} {9285 95 false 191} {8547 95 false 192} {5397 95 false 193} {6203 95 false 194} {2701 95 false 195} {281 95 false 196} {5684 95 false 197} {6931 95 false 198} {1998 95 false 199} {3892 95 false 200} {8994 95 false 201} {8648 95 false 202} {4605 95 false 203} {4080 95 false 204} {3229 95 false 205} {1192 95 false 206} {7753 95 false 207} {2164 95 false 208} {3086 95 false 209} {5245 95 false 210} {7102 95 false 211} {8818 95 false 212} {5017 95 false 213} {7628 95 false 214} {6028 95 false 215} {590 95 false 216} {6004 95 false 217} {2477 95 false 218} {6033 95 false 219} {4971 95 false 220} {7653 95 false 221} {4210 95 false 222} {654 95 false 223} {1347 95 false 224} {548 95 false 225} {2425 95 false 226} {7551 95 false 227} {147 95 false 228} {3398 95 false 229} {9137 95 false 230} {5214 95 false 231} {1870 95 false 232} {2007 95 false 233} {4259 95 false 234} {5871 95 false 235} {1999 95 false 236} {2250 95 false 237} {2233 95 false 238} {9889 95 false 239} {3674 95 false 240} {3867 95 false 241} {9585 95 false 242} {7532 95 false 243} {3418 95 false 244} {1920 95 false 245} {5828 95 false 246} {3723 95 false 247} {197 95 false 248} {3771 95 false 249} {9308 95 false 250} {8474 95 false 251} {6670 95 false 252} {8023 95 false 253} {9827 95 false 254} {745 95 false 255} {9541 95 false 256} {4130 95 false 257} {3683 95 false 258} {244 95 false 259} {1055 95 false 260} {7937 95 false 261} {9098 95 false 262} {8583 141 false 263} {4509 141 false 264} {5945 141 false 265} {7900 141 false 266} {8891 141 false 267} {8803 141 false 268} {2042 141 false 269} {8293 141 false 270} {4473 141 false 271} {6604 141 false 272} {5376 141 false 273} {6396 141 false 274} {8674 141 false 275} {5663 141 false 276} {1465 141 false 277} {4305 141 false 278} {29 141 false 279} {5595 141 false 280} {5764 141 false 281} {473 141 false 282} {6305 141 false 283} {273 141 false 284} {3146 141 false 285} {9506 141 false 286} {4632 141 false 287} {6027 141 false 288} {6952 141 false 289} {8257 141 false 290} {9649 141 false 291} {4178 141 false 292} {7266 141 false 293} {2232 141 false 294} {1973 141 false 295} {1704 141 false 296} {9529 141 false 297} {7427 141 false 298} {4392 141 false 299} {8497 141 false 300} {8041 141 false 301} {5966 141 false 302} {8440 141 false 303} {2229 141 false 304} {815 141 false 305} {1570 141 false 306} {6889 141 false 307} {4416 141 false 308} {651 141 false 309} {8692 141 false 310} {5425 141 false 311} {4142 141 false 312} {1077 141 false 313} {7325 141 false 314} {2814 141 false 315} {202 141 false 316} {7450 141 false 317} {8805 141 false 318} {3424 141 false 319} {3006 141 false 320} {4641 141 false 321} {2604 141 false 322} {3988 141 false 323} {8515 141 false 324} {4262 141 false 325} {6619 141 false 326} {8498 141 false 327} {9672 141 false 328} {8418 141 false 329} {5033 141 false 330} {5311 141 false 331} {9242 141 false 332} {7380 141 false 333} {5261 141 false 334} {9100 141 false 335} {4374 141 false 336} {2866 141 false 337} {290 141 false 338} {2261 141 false 339} {120 141 false 340} {7072 141 false 341} {7931 141 false 342} {2635 141 false 343} {1951 141 false 344} {8594 141 false 345} {4127 141 false 346} {2386 141 false 347} {2174 141 false 348} {3837 141 false 349} {8358 141 false 350} {7353 141 false 351} {2094 141 false 352} {569 141 false 353} {8759 141 false 354} {1223 141 false 355} {3599 141 false 356} {123 141 false 357} {3680 141 false 358} {6063 141 false 359} {8870 141 false 360} {8775 141 false 361} {2959 141 false 362} {8613 141 false 363} {3399 141 false 364} {1931 141 false 365} {3362 141 false 366} {9117 141 false 367} {2364 141 false 368} {7785 141 false 369} {5066 141 false 370} {6181 141 false 371} {6803 141 false 372} {6922 141 false 373} {4098 141 false 374} {869 141 false 375} {4009 141 false 376} {1013 141 false 377} {4881 141 false 378} {3898 141 false 379} {1276 141 false 380} {3816 141 false 381} {9317 141 false 382} {8377 141 false 383} {9596 141 false 384} {3339 141 false 385} {1374 141 false 386} {4753 141 false 387} {5037 141 false 388} {8833 141 false 389}]
2025/11/03 17:32:38 [17:32:38.557] [Node:2] [LOG_REPLICA] [Trace:LOG_2_162][2->3] 日志复制返回成功 但是已经更新过了 from peer:3 term:162 matchIndex:389 log last index:389
2025/11/03 17:32:38 [17:32:38.574] [Node:2] [HEARTBEAT] [Trace:HB_2_162] 开始发送心跳广播 status LEADER term:162 commitIndex:24
2025/11/03 17:32:38 [17:32:38.587] [Node:2] [LOG_REPLICA] [Trace:LOG_2_162][2->0] 心跳返回 from peer:0 term:162 success:true
2025/11/03 17:32:38 [17:32:38.603] [Node:2] [LOG_REPLICA] [Trace:LOG_2_162][2->4] 心跳返回 from peer:4 term:162 success:true
2025/11/03 17:32:38 [17:32:38.603] [Node:2] [LOG_REPLICA] [Trace:LOG_2_162][2->4] 日志复制返回成功 from peer:4 term:162 agreeCount:2 log [{2684 16 false 25} {5836 19 false 26} {5544 19 false 27} {713 19 false 28} {6403 19 false 29} {881 19 false 30} {3832 19 false 31} {4831 19 false 32} {989 19 false 33} {3559 19 false 34} {4757 19 false 35} {5501 19 false 36} {705 19 false 37} {528 19 false 38} {4304 19 false 39} {4358 19 false 40} {8941 19 false 41} {1994 19 false 42} {411 19 false 43} {7043 95 false 44} {2699 95 false 45} {8150 95 false 46} {8874 95 false 47} {7096 95 false 48} {4872 95 false 49} {3988 95 false 50} {2554 95 false 51} {554 95 false 52} {2953 95 false 53} {9230 95 false 54} {8688 95 false 55} {9094 95 false 56} {3997 95 false 57} {2894 95 false 58} {5667 95 false 59} {3509 95 false 60} {4539 95 false 61} {1900 95 false 62} {395 95 false 63} {4338 95 false 64} {9052 95 false 65} {6681 95 false 66} {5152 95 false 67} {2250 95 false 68} {7353 95 false 69} {7300 95 false 70} {9476 95 false 71} {5907 95 false 72} {8352 95 false 73} {3326 95 false 74} {2806 95 false 75} {5167 95 false 76} {3514 95 false 77} {7493 95 false 78} {3260 95 false 79} {2440 95 false 80} {2920 95 false 81} {8285 95 false 82} {4140 95 false 83} {8602 95 false 84} {5537 95 false 85} {4663 95 false 86} {8098 95 false 87} {743 95 false 88} {9006 95 false 89} {6480 95 false 90} {4305 95 false 91} {7754 95 false 92} {612 95 false 93} {7820 95 false 94} {4607 95 false 95} {7256 95 false 96} {4888 95 false 97} {1311 95 false 98} {8099 95 false 99} {1197 95 false 100} {2238 95 false 101} {2354 95 false 102} {3362 95 false 103} {919 95 false 104} {8424 95 false 105} {6099 95 false 106} {1374 95 false 107} {2506 95 false 108} {7804 95 false 109} {5971 95 false 110} {3293 95 false 111} {6828 95 false 112} {5896 95 false 113} {2846 95 false 114} {1290 95 false 115} {7082 95 false 116} {4917 95 false 117} {3250 95 false 118} {248 95 false 119} {1140 95 false 120} {1245 95 false 121} {6024 95 false 122} {4473 95 false 123} {2136 95 false 124} {4154 95 false 125} {2583 95 false 126} {708 95 false 127} {4481 95 false 128} {6476 95 false 129} {5036 95 false 130} {4065 95 false 131} {6200 95 false 132} {1397 95 false 133} {4279 95 false 134} {6833 95 false 135} {4346 95 false 136} {3317 95 false 137} {4185 95 false 138} {4000 95 false 139} {2185 95 false 140} {8037 95 false 141} {1968 95 false 142} {6414 95 false 143} {6351 95 false 144} {1290 95 false 145} {255 95 false 146} {5814 95 false 147} {9138 95 false 148} {1249 95 false 149} {8088 95 false 150} {61 95 false 151} {6456 95 false 152} {9658 95 false 153} {2752 95 false 154} {4915 95 false 155} {2443 95 false 156} {4194 95 false 157} {928 95 false 158} {5614 95 false 159} {8999 95 false 160} {1953 95 false 161} {2650 95 false 162} {3468 95 false 163} {1123 95 false 164} {3774 95 false 165} {6358 95 false 166} {5925 95 false 167} {338 95 false 168} {99 95 false 169} {4512 95 false 170} {7477 95 false 171} {169 95 false 172} {6395 95 false 173} {7193 95 false 174} {2353 95 false 175} {3277 95 false 176} {6306 95 false 177} {5511 95 false 178} {2355 95 false 179} {8128 95 false 180} {6058 95 false 181} {7487 95 false 182} {9104 95 false 183} {9659 95 false 184} {3870 95 false 185} {7666 95 false 186} {8351 95 false 187} {9904 95 false 188} {3086 95 false 189} {4239 95 false 190} {9285 95 false 191} {8547 95 false 192} {5397 95 false 193} {6203 95 false 194} {2701 95 false 195} {281 95 false 196} {5684 95 false 197} {6931 95 false 198} {1998 95 false 199} {3892 95 false 200} {8994 95 false 201} {8648 95 false 202} {4605 95 false 203} {4080 95 false 204} {3229 95 false 205} {1192 95 false 206} {7753 95 false 207} {2164 95 false 208} {3086 95 false 209} {5245 95 false 210} {7102 95 false 211} {8818 95 false 212} {5017 95 false 213} {7628 95 false 214} {6028 95 false 215} {590 95 false 216} {6004 95 false 217} {2477 95 false 218} {6033 95 false 219} {4971 95 false 220} {7653 95 false 221} {4210 95 false 222} {654 95 false 223} {1347 95 false 224} {548 95 false 225} {2425 95 false 226} {7551 95 false 227} {147 95 false 228} {3398 95 false 229} {9137 95 false 230} {5214 95 false 231} {1870 95 false 232} {2007 95 false 233} {4259 95 false 234} {5871 95 false 235} {1999 95 false 236} {2250 95 false 237} {2233 95 false 238} {9889 95 false 239} {3674 95 false 240} {3867 95 false 241} {9585 95 false 242} {7532 95 false 243} {3418 95 false 244} {1920 95 false 245} {5828 95 false 246} {3723 95 false 247} {197 95 false 248} {3771 95 false 249} {9308 95 false 250} {8474 95 false 251} {6670 95 false 252} {8023 95 false 253} {9827 95 false 254} {745 95 false 255} {9541 95 false 256} {4130 95 false 257} {3683 95 false 258} {244 95 false 259} {1055 95 false 260} {7937 95 false 261} {9098 95 false 262} {8583 141 false 263} {4509 141 false 264} {5945 141 false 265} {7900 141 false 266} {8891 141 false 267} {8803 141 false 268} {2042 141 false 269} {8293 141 false 270} {4473 141 false 271} {6604 141 false 272} {5376 141 false 273} {6396 141 false 274} {8674 141 false 275} {5663 141 false 276} {1465 141 false 277} {4305 141 false 278} {29 141 false 279} {5595 141 false 280} {5764 141 false 281} {473 141 false 282} {6305 141 false 283} {273 141 false 284} {3146 141 false 285} {9506 141 false 286} {4632 141 false 287} {6027 141 false 288} {6952 141 false 289} {8257 141 false 290} {9649 141 false 291} {4178 141 false 292} {7266 141 false 293} {2232 141 false 294} {1973 141 false 295} {1704 141 false 296} {9529 141 false 297} {7427 141 false 298} {4392 141 false 299} {8497 141 false 300} {8041 141 false 301} {5966 141 false 302} {8440 141 false 303} {2229 141 false 304} {815 141 false 305} {1570 141 false 306} {6889 141 false 307} {4416 141 false 308} {651 141 false 309} {8692 141 false 310} {5425 141 false 311} {4142 141 false 312} {1077 141 false 313} {7325 141 false 314} {2814 141 false 315} {202 141 false 316} {7450 141 false 317} {8805 141 false 318} {3424 141 false 319} {3006 141 false 320} {4641 141 false 321} {2604 141 false 322} {3988 141 false 323} {8515 141 false 324} {4262 141 false 325} {6619 141 false 326} {8498 141 false 327} {9672 141 false 328} {8418 141 false 329} {5033 141 false 330} {5311 141 false 331} {9242 141 false 332} {7380 141 false 333} {5261 141 false 334} {9100 141 false 335} {4374 141 false 336} {2866 141 false 337} {290 141 false 338} {2261 141 false 339} {120 141 false 340} {7072 141 false 341} {7931 141 false 342} {2635 141 false 343} {1951 141 false 344} {8594 141 false 345} {4127 141 false 346} {2386 141 false 347} {2174 141 false 348} {3837 141 false 349} {8358 141 false 350} {7353 141 false 351} {2094 141 false 352} {569 141 false 353} {8759 141 false 354} {1223 141 false 355} {3599 141 false 356} {123 141 false 357} {3680 141 false 358} {6063 141 false 359} {8870 141 false 360} {8775 141 false 361} {2959 141 false 362} {8613 141 false 363} {3399 141 false 364} {1931 141 false 365} {3362 141 false 366} {9117 141 false 367} {2364 141 false 368} {7785 141 false 369} {5066 141 false 370} {6181 141 false 371} {6803 141 false 372} {6922 141 false 373} {4098 141 false 374} {869 141 false 375} {4009 141 false 376} {1013 141 false 377} {4881 141 false 378} {3898 141 false 379} {1276 141 false 380} {3816 141 false 381} {9317 141 false 382} {8377 141 false 383} {9596 141 false 384} {3339 141 false 385} {1374 141 false 386} {4753 141 false 387} {5037 141 false 388} {8833 141 false 389}]
2025/11/03 17:32:38 [17:32:38.604] [Node:2] [LOG_REPLICA] [Trace:LOG_2_162][2->4] 更新后 server:4 matchIndex:389 nextIndex:390
2025/11/03 17:32:38 [17:32:38.604] [Node:2] [LOG_REPLICA] [Trace:LOG_2_162][2->4] 心跳返回 from peer:4 term:162 success:true
2025/11/03 17:32:38 [17:32:38.605] [Node:2] [LOG_REPLICA] [Trace:LOG_2_162][2->4] 日志复制返回成功 from peer:4 term:162 agreeCount:2 log [{2684 16 false 25} {5836 19 false 26} {5544 19 false 27} {713 19 false 28} {6403 19 false 29} {881 19 false 30} {3832 19 false 31} {4831 19 false 32} {989 19 false 33} {3559 19 false 34} {4757 19 false 35} {5501 19 false 36} {705 19 false 37} {528 19 false 38} {4304 19 false 39} {4358 19 false 40} {8941 19 false 41} {1994 19 false 42} {411 19 false 43} {7043 95 false 44} {2699 95 false 45} {8150 95 false 46} {8874 95 false 47} {7096 95 false 48} {4872 95 false 49} {3988 95 false 50} {2554 95 false 51} {554 95 false 52} {2953 95 false 53} {9230 95 false 54} {8688 95 false 55} {9094 95 false 56} {3997 95 false 57} {2894 95 false 58} {5667 95 false 59} {3509 95 false 60} {4539 95 false 61} {1900 95 false 62} {395 95 false 63} {4338 95 false 64} {9052 95 false 65} {6681 95 false 66} {5152 95 false 67} {2250 95 false 68} {7353 95 false 69} {7300 95 false 70} {9476 95 false 71} {5907 95 false 72} {8352 95 false 73} {3326 95 false 74} {2806 95 false 75} {5167 95 false 76} {3514 95 false 77} {7493 95 false 78} {3260 95 false 79} {2440 95 false 80} {2920 95 false 81} {8285 95 false 82} {4140 95 false 83} {8602 95 false 84} {5537 95 false 85} {4663 95 false 86} {8098 95 false 87} {743 95 false 88} {9006 95 false 89} {6480 95 false 90} {4305 95 false 91} {7754 95 false 92} {612 95 false 93} {7820 95 false 94} {4607 95 false 95} {7256 95 false 96} {4888 95 false 97} {1311 95 false 98} {8099 95 false 99} {1197 95 false 100} {2238 95 false 101} {2354 95 false 102} {3362 95 false 103} {919 95 false 104} {8424 95 false 105} {6099 95 false 106} {1374 95 false 107} {2506 95 false 108} {7804 95 false 109} {5971 95 false 110} {3293 95 false 111} {6828 95 false 112} {5896 95 false 113} {2846 95 false 114} {1290 95 false 115} {7082 95 false 116} {4917 95 false 117} {3250 95 false 118} {248 95 false 119} {1140 95 false 120} {1245 95 false 121} {6024 95 false 122} {4473 95 false 123} {2136 95 false 124} {4154 95 false 125} {2583 95 false 126} {708 95 false 127} {4481 95 false 128} {6476 95 false 129} {5036 95 false 130} {4065 95 false 131} {6200 95 false 132} {1397 95 false 133} {4279 95 false 134} {6833 95 false 135} {4346 95 false 136} {3317 95 false 137} {4185 95 false 138} {4000 95 false 139} {2185 95 false 140} {8037 95 false 141} {1968 95 false 142} {6414 95 false 143} {6351 95 false 144} {1290 95 false 145} {255 95 false 146} {5814 95 false 147} {9138 95 false 148} {1249 95 false 149} {8088 95 false 150} {61 95 false 151} {6456 95 false 152} {9658 95 false 153} {2752 95 false 154} {4915 95 false 155} {2443 95 false 156} {4194 95 false 157} {928 95 false 158} {5614 95 false 159} {8999 95 false 160} {1953 95 false 161} {2650 95 false 162} {3468 95 false 163} {1123 95 false 164} {3774 95 false 165} {6358 95 false 166} {5925 95 false 167} {338 95 false 168} {99 95 false 169} {4512 95 false 170} {7477 95 false 171} {169 95 false 172} {6395 95 false 173} {7193 95 false 174} {2353 95 false 175} {3277 95 false 176} {6306 95 false 177} {5511 95 false 178} {2355 95 false 179} {8128 95 false 180} {6058 95 false 181} {7487 95 false 182} {9104 95 false 183} {9659 95 false 184} {3870 95 false 185} {7666 95 false 186} {8351 95 false 187} {9904 95 false 188} {3086 95 false 189} {4239 95 false 190} {9285 95 false 191} {8547 95 false 192} {5397 95 false 193} {6203 95 false 194} {2701 95 false 195} {281 95 false 196} {5684 95 false 197} {6931 95 false 198} {1998 95 false 199} {3892 95 false 200} {8994 95 false 201} {8648 95 false 202} {4605 95 false 203} {4080 95 false 204} {3229 95 false 205} {1192 95 false 206} {7753 95 false 207} {2164 95 false 208} {3086 95 false 209} {5245 95 false 210} {7102 95 false 211} {8818 95 false 212} {5017 95 false 213} {7628 95 false 214} {6028 95 false 215} {590 95 false 216} {6004 95 false 217} {2477 95 false 218} {6033 95 false 219} {4971 95 false 220} {7653 95 false 221} {4210 95 false 222} {654 95 false 223} {1347 95 false 224} {548 95 false 225} {2425 95 false 226} {7551 95 false 227} {147 95 false 228} {3398 95 false 229} {9137 95 false 230} {5214 95 false 231} {1870 95 false 232} {2007 95 false 233} {4259 95 false 234} {5871 95 false 235} {1999 95 false 236} {2250 95 false 237} {2233 95 false 238} {9889 95 false 239} {3674 95 false 240} {3867 95 false 241} {9585 95 false 242} {7532 95 false 243} {3418 95 false 244} {1920 95 false 245} {5828 95 false 246} {3723 95 false 247} {197 95 false 248} {3771 95 false 249} {9308 95 false 250} {8474 95 false 251} {6670 95 false 252} {8023 95 false 253} {9827 95 false 254} {745 95 false 255} {9541 95 false 256} {4130 95 false 257} {3683 95 false 258} {244 95 false 259} {1055 95 false 260} {7937 95 false 261} {9098 95 false 262} {8583 141 false 263} {4509 141 false 264} {5945 141 false 265} {7900 141 false 266} {8891 141 false 267} {8803 141 false 268} {2042 141 false 269} {8293 141 false 270} {4473 141 false 271} {6604 141 false 272} {5376 141 false 273} {6396 141 false 274} {8674 141 false 275} {5663 141 false 276} {1465 141 false 277} {4305 141 false 278} {29 141 false 279} {5595 141 false 280} {5764 141 false 281} {473 141 false 282} {6305 141 false 283} {273 141 false 284} {3146 141 false 285} {9506 141 false 286} {4632 141 false 287} {6027 141 false 288} {6952 141 false 289} {8257 141 false 290} {9649 141 false 291} {4178 141 false 292} {7266 141 false 293} {2232 141 false 294} {1973 141 false 295} {1704 141 false 296} {9529 141 false 297} {7427 141 false 298} {4392 141 false 299} {8497 141 false 300} {8041 141 false 301} {5966 141 false 302} {8440 141 false 303} {2229 141 false 304} {815 141 false 305} {1570 141 false 306} {6889 141 false 307} {4416 141 false 308} {651 141 false 309} {8692 141 false 310} {5425 141 false 311} {4142 141 false 312} {1077 141 false 313} {7325 141 false 314} {2814 141 false 315} {202 141 false 316} {7450 141 false 317} {8805 141 false 318} {3424 141 false 319} {3006 141 false 320} {4641 141 false 321} {2604 141 false 322} {3988 141 false 323} {8515 141 false 324} {4262 141 false 325} {6619 141 false 326} {8498 141 false 327} {9672 141 false 328} {8418 141 false 329} {5033 141 false 330} {5311 141 false 331} {9242 141 false 332} {7380 141 false 333} {5261 141 false 334} {9100 141 false 335} {4374 141 false 336} {2866 141 false 337} {290 141 false 338} {2261 141 false 339} {120 141 false 340} {7072 141 false 341} {7931 141 false 342} {2635 141 false 343} {1951 141 false 344} {8594 141 false 345} {4127 141 false 346} {2386 141 false 347} {2174 141 false 348} {3837 141 false 349} {8358 141 false 350} {7353 141 false 351} {2094 141 false 352} {569 141 false 353} {8759 141 false 354} {1223 141 false 355} {3599 141 false 356} {123 141 false 357} {3680 141 false 358} {6063 141 false 359} {8870 141 false 360} {8775 141 false 361} {2959 141 false 362} {8613 141 false 363} {3399 141 false 364} {1931 141 false 365} {3362 141 false 366} {9117 141 false 367} {2364 141 false 368} {7785 141 false 369} {5066 141 false 370} {6181 141 false 371} {6803 141 false 372} {6922 141 false 373} {4098 141 false 374} {869 141 false 375} {4009 141 false 376} {1013 141 false 377} {4881 141 false 378} {3898 141 false 379} {1276 141 false 380} {3816 141 false 381} {9317 141 false 382} {8377 141 false 383} {9596 141 false 384} {3339 141 false 385} {1374 141 false 386} {4753 141 false 387} {5037 141 false 388} {8833 141 false 389}]
2025/11/03 17:32:38 [17:32:38.606] [Node:2] [LOG_REPLICA] [Trace:LOG_2_162][2->4] 日志复制返回成功 但是已经更新过了 from peer:4 term:162 matchIndex:389 log last index:389
2025/11/03 17:32:38 [17:32:38.624] [Node:2] [LOG_REPLICA] [Trace:LOG_2_162][2->4] 心跳返回 from peer:4 term:162 success:true
2025/11/03 17:32:38 [17:32:38.624] [Node:2] [LOG_REPLICA] [Trace:LOG_2_162][2->4] 日志复制返回成功 from peer:4 term:162 agreeCount:3 log [{2684 16 false 25} {5836 19 false 26} {5544 19 false 27} {713 19 false 28} {6403 19 false 29} {881 19 false 30} {3832 19 false 31} {4831 19 false 32} {989 19 false 33} {3559 19 false 34} {4757 19 false 35} {5501 19 false 36} {705 19 false 37} {528 19 false 38} {4304 19 false 39} {4358 19 false 40} {8941 19 false 41} {1994 19 false 42} {411 19 false 43} {7043 95 false 44} {2699 95 false 45} {8150 95 false 46} {8874 95 false 47} {7096 95 false 48} {4872 95 false 49} {3988 95 false 50} {2554 95 false 51} {554 95 false 52} {2953 95 false 53} {9230 95 false 54} {8688 95 false 55} {9094 95 false 56} {3997 95 false 57} {2894 95 false 58} {5667 95 false 59} {3509 95 false 60} {4539 95 false 61} {1900 95 false 62} {395 95 false 63} {4338 95 false 64} {9052 95 false 65} {6681 95 false 66} {5152 95 false 67} {2250 95 false 68} {7353 95 false 69} {7300 95 false 70} {9476 95 false 71} {5907 95 false 72} {8352 95 false 73} {3326 95 false 74} {2806 95 false 75} {5167 95 false 76} {3514 95 false 77} {7493 95 false 78} {3260 95 false 79} {2440 95 false 80} {2920 95 false 81} {8285 95 false 82} {4140 95 false 83} {8602 95 false 84} {5537 95 false 85} {4663 95 false 86} {8098 95 false 87} {743 95 false 88} {9006 95 false 89} {6480 95 false 90} {4305 95 false 91} {7754 95 false 92} {612 95 false 93} {7820 95 false 94} {4607 95 false 95} {7256 95 false 96} {4888 95 false 97} {1311 95 false 98} {8099 95 false 99} {1197 95 false 100} {2238 95 false 101} {2354 95 false 102} {3362 95 false 103} {919 95 false 104} {8424 95 false 105} {6099 95 false 106} {1374 95 false 107} {2506 95 false 108} {7804 95 false 109} {5971 95 false 110} {3293 95 false 111} {6828 95 false 112} {5896 95 false 113} {2846 95 false 114} {1290 95 false 115} {7082 95 false 116} {4917 95 false 117} {3250 95 false 118} {248 95 false 119} {1140 95 false 120} {1245 95 false 121} {6024 95 false 122} {4473 95 false 123} {2136 95 false 124} {4154 95 false 125} {2583 95 false 126} {708 95 false 127} {4481 95 false 128} {6476 95 false 129} {5036 95 false 130} {4065 95 false 131} {6200 95 false 132} {1397 95 false 133} {4279 95 false 134} {6833 95 false 135} {4346 95 false 136} {3317 95 false 137} {4185 95 false 138} {4000 95 false 139} {2185 95 false 140} {8037 95 false 141} {1968 95 false 142} {6414 95 false 143} {6351 95 false 144} {1290 95 false 145} {255 95 false 146} {5814 95 false 147} {9138 95 false 148} {1249 95 false 149} {8088 95 false 150} {61 95 false 151} {6456 95 false 152} {9658 95 false 153} {2752 95 false 154} {4915 95 false 155} {2443 95 false 156} {4194 95 false 157} {928 95 false 158} {5614 95 false 159} {8999 95 false 160} {1953 95 false 161} {2650 95 false 162} {3468 95 false 163} {1123 95 false 164} {3774 95 false 165} {6358 95 false 166} {5925 95 false 167} {338 95 false 168} {99 95 false 169} {4512 95 false 170} {7477 95 false 171} {169 95 false 172} {6395 95 false 173} {7193 95 false 174} {2353 95 false 175} {3277 95 false 176} {6306 95 false 177} {5511 95 false 178} {2355 95 false 179} {8128 95 false 180} {6058 95 false 181} {7487 95 false 182} {9104 95 false 183} {9659 95 false 184} {3870 95 false 185} {7666 95 false 186} {8351 95 false 187} {9904 95 false 188} {3086 95 false 189} {4239 95 false 190} {9285 95 false 191} {8547 95 false 192} {5397 95 false 193} {6203 95 false 194} {2701 95 false 195} {281 95 false 196} {5684 95 false 197} {6931 95 false 198} {1998 95 false 199} {3892 95 false 200} {8994 95 false 201} {8648 95 false 202} {4605 95 false 203} {4080 95 false 204} {3229 95 false 205} {1192 95 false 206} {7753 95 false 207} {2164 95 false 208} {3086 95 false 209} {5245 95 false 210} {7102 95 false 211} {8818 95 false 212} {5017 95 false 213} {7628 95 false 214} {6028 95 false 215} {590 95 false 216} {6004 95 false 217} {2477 95 false 218} {6033 95 false 219} {4971 95 false 220} {7653 95 false 221} {4210 95 false 222} {654 95 false 223} {1347 95 false 224} {548 95 false 225} {2425 95 false 226} {7551 95 false 227} {147 95 false 228} {3398 95 false 229} {9137 95 false 230} {5214 95 false 231} {1870 95 false 232} {2007 95 false 233} {4259 95 false 234} {5871 95 false 235} {1999 95 false 236} {2250 95 false 237} {2233 95 false 238} {9889 95 false 239} {3674 95 false 240} {3867 95 false 241} {9585 95 false 242} {7532 95 false 243} {3418 95 false 244} {1920 95 false 245} {5828 95 false 246} {3723 95 false 247} {197 95 false 248} {3771 95 false 249} {9308 95 false 250} {8474 95 false 251} {6670 95 false 252} {8023 95 false 253} {9827 95 false 254} {745 95 false 255} {9541 95 false 256} {4130 95 false 257} {3683 95 false 258} {244 95 false 259} {1055 95 false 260} {7937 95 false 261} {9098 95 false 262} {8583 141 false 263} {4509 141 false 264} {5945 141 false 265} {7900 141 false 266} {8891 141 false 267} {8803 141 false 268} {2042 141 false 269} {8293 141 false 270} {4473 141 false 271} {6604 141 false 272} {5376 141 false 273} {6396 141 false 274} {8674 141 false 275} {5663 141 false 276} {1465 141 false 277} {4305 141 false 278} {29 141 false 279} {5595 141 false 280} {5764 141 false 281} {473 141 false 282} {6305 141 false 283} {273 141 false 284} {3146 141 false 285} {9506 141 false 286} {4632 141 false 287} {6027 141 false 288} {6952 141 false 289} {8257 141 false 290} {9649 141 false 291} {4178 141 false 292} {7266 141 false 293} {2232 141 false 294} {1973 141 false 295} {1704 141 false 296} {9529 141 false 297} {7427 141 false 298} {4392 141 false 299} {8497 141 false 300} {8041 141 false 301} {5966 141 false 302} {8440 141 false 303} {2229 141 false 304} {815 141 false 305} {1570 141 false 306} {6889 141 false 307} {4416 141 false 308} {651 141 false 309} {8692 141 false 310} {5425 141 false 311} {4142 141 false 312} {1077 141 false 313} {7325 141 false 314} {2814 141 false 315} {202 141 false 316} {7450 141 false 317} {8805 141 false 318} {3424 141 false 319} {3006 141 false 320} {4641 141 false 321} {2604 141 false 322} {3988 141 false 323} {8515 141 false 324} {4262 141 false 325} {6619 141 false 326} {8498 141 false 327} {9672 141 false 328} {8418 141 false 329} {5033 141 false 330} {5311 141 false 331} {9242 141 false 332} {7380 141 false 333} {5261 141 false 334} {9100 141 false 335} {4374 141 false 336} {2866 141 false 337} {290 141 false 338} {2261 141 false 339} {120 141 false 340} {7072 141 false 341} {7931 141 false 342} {2635 141 false 343} {1951 141 false 344} {8594 141 false 345} {4127 141 false 346} {2386 141 false 347} {2174 141 false 348} {3837 141 false 349} {8358 141 false 350} {7353 141 false 351} {2094 141 false 352} {569 141 false 353} {8759 141 false 354} {1223 141 false 355} {3599 141 false 356} {123 141 false 357} {3680 141 false 358} {6063 141 false 359} {8870 141 false 360} {8775 141 false 361} {2959 141 false 362} {8613 141 false 363} {3399 141 false 364} {1931 141 false 365} {3362 141 false 366} {9117 141 false 367} {2364 141 false 368} {7785 141 false 369} {5066 141 false 370} {6181 141 false 371} {6803 141 false 372} {6922 141 false 373} {4098 141 false 374} {869 141 false 375} {4009 141 false 376} {1013 141 false 377} {4881 141 false 378} {3898 141 false 379} {1276 141 false 380} {3816 141 false 381} {9317 141 false 382} {8377 141 false 383} {9596 141 false 384} {3339 141 false 385} {1374 141 false 386} {4753 141 false 387} {5037 141 false 388} {8833 141 false 389}]
2025/11/03 17:32:38 [17:32:38.626] [Node:2] [LOG_REPLICA] [Trace:LOG_2_162][2->4] 日志复制返回成功 但是已经更新过了 from peer:4 term:162 matchIndex:389 log last index:389
2025/11/03 17:32:38 [17:32:38.655] [Node:2] [RPC_SEND] [Trace:ELEC_2_161] 处理投票返回 for term 161 reply:{161 true}
2025/11/03 17:32:38 [17:32:38.676] [Node:2] [HEARTBEAT] [Trace:HB_2_162] 开始发送心跳广播 status LEADER term:162 commitIndex:24
2025/11/03 17:32:38 [17:32:38.676] [Node:2] [INFO] [STATE_CHANGE] LEADER->FOLLOWER term:162 reason:降级成follower
2025/11/03 17:32:38 [17:32:38.777] [Node:2] [HEARTBEAT] [Trace:HB_2_159] Follower等心跳 status FOLLOWER term:159 commitIndex:24
2025/11/03 17:32:38 [17:32:38.878] [Node:2] [HEARTBEAT] [Trace:HB_2_159] Follower等心跳 status FOLLOWER term:159 commitIndex:24
2025/11/03 17:32:38 [17:32:38.884] [Node:2] [RPC_RECV] [Trace:ELEC_0_163][0->2] RequestVote 接受 term:163 candidateId:0 lastLogIndex:389 lastLogTerm:141 currentTerm:159 status:FOLLOWER
2025/11/03 17:32:38 [17:32:38.885] [Node:2] [INFO] [STATE_CHANGE] FOLLOWER->FOLLOWER term:159 reason:降级成follower
2025/11/03 17:32:38 [17:32:38.888] [Node:2] [RPC_RECV] [Trace:ELEC_0_163][0->2] 投票信息 votedFor:-1 lastLogTerm:141 lastLogIndex:389
2025/11/03 17:32:38 [17:32:38.888] [Node:2] [RPC_RECV] [Trace:ELEC_0_163][0->2] 投票给 candidate:0 term:163
2025/11/03 17:32:38 [17:32:38.978] [Node:2] [HEARTBEAT] [Trace:HB_2_163] Follower等心跳 status FOLLOWER term:163 commitIndex:24
2025/11/03 17:32:39 [17:32:39.000] [Node:2] [LOG_REPLICA] [Trace:LOG_0_163][0->2] AppendEntries 收到 term:163 leaderId:0 prevLogIndex:24 prevLogTerm:16 entries:365 leaderCommit:24 isHeartbeat:false currentTerm:163 status:FOLLOWER
2025/11/03 17:32:39 [17:32:39.000] [Node:2] [LOG_REPLICA] [Trace:LOG_0_163][0->2] 打印日志结果:[{<nil> 0 false 0} {9885 2 false 1} {7369 4 false 2} {377 9 false 3} {5698 9 false 4} {3675 9 false 5} {7576 9 false 6} {6501 9 false 7} {8962 9 false 8} {9292 11 false 9} {5826 14 false 10} {1116 14 false 11} {8927 16 false 12} {615 16 false 13} {3625 16 false 14} {1425 16 false 15} {9709 16 false 16} {3423 16 false 17} {3134 16 false 18} {3657 16 false 19} {8171 16 false 20} {9440 16 false 21} {6470 16 false 22} {1363 16 false 23} {716 16 false 24} {2684 16 false 25} {5836 19 false 26} {5544 19 false 27} {713 19 false 28} {6403 19 false 29} {881 19 false 30} {3832 19 false 31} {4831 19 false 32} {989 19 false 33} {3559 19 false 34} {4757 19 false 35} {5501 19 false 36} {705 19 false 37} {528 19 false 38} {4304 19 false 39} {4358 19 false 40} {8941 19 false 41} {1994 19 false 42} {411 19 false 43} {7043 95 false 44} {2699 95 false 45} {8150 95 false 46} {8874 95 false 47} {7096 95 false 48} {4872 95 false 49} {3988 95 false 50} {2554 95 false 51} {554 95 false 52} {2953 95 false 53} {9230 95 false 54} {8688 95 false 55} {9094 95 false 56} {3997 95 false 57} {2894 95 false 58} {5667 95 false 59} {3509 95 false 60} {4539 95 false 61} {1900 95 false 62} {395 95 false 63} {4338 95 false 64} {9052 95 false 65} {6681 95 false 66} {5152 95 false 67} {2250 95 false 68} {7353 95 false 69} {7300 95 false 70} {9476 95 false 71} {5907 95 false 72} {8352 95 false 73} {3326 95 false 74} {2806 95 false 75} {5167 95 false 76} {3514 95 false 77} {7493 95 false 78} {3260 95 false 79} {2440 95 false 80} {2920 95 false 81} {8285 95 false 82} {4140 95 false 83} {8602 95 false 84} {5537 95 false 85} {4663 95 false 86} {8098 95 false 87} {743 95 false 88} {9006 95 false 89} {6480 95 false 90} {4305 95 false 91} {7754 95 false 92} {612 95 false 93} {7820 95 false 94} {4607 95 false 95} {7256 95 false 96} {4888 95 false 97} {1311 95 false 98} {8099 95 false 99} {1197 95 false 100} {2238 95 false 101} {2354 95 false 102} {3362 95 false 103} {919 95 false 104} {8424 95 false 105} {6099 95 false 106} {1374 95 false 107} {2506 95 false 108} {7804 95 false 109} {5971 95 false 110} {3293 95 false 111} {6828 95 false 112} {5896 95 false 113} {2846 95 false 114} {1290 95 false 115} {7082 95 false 116} {4917 95 false 117} {3250 95 false 118} {248 95 false 119} {1140 95 false 120} {1245 95 false 121} {6024 95 false 122} {4473 95 false 123} {2136 95 false 124} {4154 95 false 125} {2583 95 false 126} {708 95 false 127} {4481 95 false 128} {6476 95 false 129} {5036 95 false 130} {4065 95 false 131} {6200 95 false 132} {1397 95 false 133} {4279 95 false 134} {6833 95 false 135} {4346 95 false 136} {3317 95 false 137} {4185 95 false 138} {4000 95 false 139} {2185 95 false 140} {8037 95 false 141} {1968 95 false 142} {6414 95 false 143} {6351 95 false 144} {1290 95 false 145} {255 95 false 146} {5814 95 false 147} {9138 95 false 148} {1249 95 false 149} {8088 95 false 150} {61 95 false 151} {6456 95 false 152} {9658 95 false 153} {2752 95 false 154} {4915 95 false 155} {2443 95 false 156} {4194 95 false 157} {928 95 false 158} {5614 95 false 159} {8999 95 false 160} {1953 95 false 161} {2650 95 false 162} {3468 95 false 163} {1123 95 false 164} {3774 95 false 165} {6358 95 false 166} {5925 95 false 167} {338 95 false 168} {99 95 false 169} {4512 95 false 170} {7477 95 false 171} {169 95 false 172} {6395 95 false 173} {7193 95 false 174} {2353 95 false 175} {3277 95 false 176} {6306 95 false 177} {5511 95 false 178} {2355 95 false 179} {8128 95 false 180} {6058 95 false 181} {7487 95 false 182} {9104 95 false 183} {9659 95 false 184} {3870 95 false 185} {7666 95 false 186} {8351 95 false 187} {9904 95 false 188} {3086 95 false 189} {4239 95 false 190} {9285 95 false 191} {8547 95 false 192} {5397 95 false 193} {6203 95 false 194} {2701 95 false 195} {281 95 false 196} {5684 95 false 197} {6931 95 false 198} {1998 95 false 199} {3892 95 false 200} {8994 95 false 201} {8648 95 false 202} {4605 95 false 203} {4080 95 false 204} {3229 95 false 205} {1192 95 false 206} {7753 95 false 207} {2164 95 false 208} {3086 95 false 209} {5245 95 false 210} {7102 95 false 211} {8818 95 false 212} {5017 95 false 213} {7628 95 false 214} {6028 95 false 215} {590 95 false 216} {6004 95 false 217} {2477 95 false 218} {6033 95 false 219} {4971 95 false 220} {7653 95 false 221} {4210 95 false 222} {654 95 false 223} {1347 95 false 224} {548 95 false 225} {2425 95 false 226} {7551 95 false 227} {147 95 false 228} {3398 95 false 229} {9137 95 false 230} {5214 95 false 231} {1870 95 false 232} {2007 95 false 233} {4259 95 false 234} {5871 95 false 235} {1999 95 false 236} {2250 95 false 237} {2233 95 false 238} {9889 95 false 239} {3674 95 false 240} {3867 95 false 241} {9585 95 false 242} {7532 95 false 243} {3418 95 false 244} {1920 95 false 245} {5828 95 false 246} {3723 95 false 247} {197 95 false 248} {3771 95 false 249} {9308 95 false 250} {8474 95 false 251} {6670 95 false 252} {8023 95 false 253} {9827 95 false 254} {745 95 false 255} {9541 95 false 256} {4130 95 false 257} {3683 95 false 258} {244 95 false 259} {1055 95 false 260} {7937 95 false 261} {9098 95 false 262} {8583 141 false 263} {4509 141 false 264} {5945 141 false 265} {7900 141 false 266} {8891 141 false 267} {8803 141 false 268} {2042 141 false 269} {8293 141 false 270} {4473 141 false 271} {6604 141 false 272} {5376 141 false 273} {6396 141 false 274} {8674 141 false 275} {5663 141 false 276} {1465 141 false 277} {4305 141 false 278} {29 141 false 279} {5595 141 false 280} {5764 141 false 281} {473 141 false 282} {6305 141 false 283} {273 141 false 284} {3146 141 false 285} {9506 141 false 286} {4632 141 false 287} {6027 141 false 288} {6952 141 false 289} {8257 141 false 290} {9649 141 false 291} {4178 141 false 292} {7266 141 false 293} {2232 141 false 294} {1973 141 false 295} {1704 141 false 296} {9529 141 false 297} {7427 141 false 298} {4392 141 false 299} {8497 141 false 300} {8041 141 false 301} {5966 141 false 302} {8440 141 false 303} {2229 141 false 304} {815 141 false 305} {1570 141 false 306} {6889 141 false 307} {4416 141 false 308} {651 141 false 309} {8692 141 false 310} {5425 141 false 311} {4142 141 false 312} {1077 141 false 313} {7325 141 false 314} {2814 141 false 315} {202 141 false 316} {7450 141 false 317} {8805 141 false 318} {3424 141 false 319} {3006 141 false 320} {4641 141 false 321} {2604 141 false 322} {3988 141 false 323} {8515 141 false 324} {4262 141 false 325} {6619 141 false 326} {8498 141 false 327} {9672 141 false 328} {8418 141 false 329} {5033 141 false 330} {5311 141 false 331} {9242 141 false 332} {7380 141 false 333} {5261 141 false 334} {9100 141 false 335} {4374 141 false 336} {2866 141 false 337} {290 141 false 338} {2261 141 false 339} {120 141 false 340} {7072 141 false 341} {7931 141 false 342} {2635 141 false 343} {1951 141 false 344} {8594 141 false 345} {4127 141 false 346} {2386 141 false 347} {2174 141 false 348} {3837 141 false 349} {8358 141 false 350} {7353 141 false 351} {2094 141 false 352} {569 141 false 353} {8759 141 false 354} {1223 141 false 355} {3599 141 false 356} {123 141 false 357} {3680 141 false 358} {6063 141 false 359} {8870 141 false 360} {8775 141 false 361} {2959 141 false 362} {8613 141 false 363} {3399 141 false 364} {1931 141 false 365} {3362 141 false 366} {9117 141 false 367} {2364 141 false 368} {7785 141 false 369} {5066 141 false 370} {6181 141 false 371} {6803 141 false 372} {6922 141 false 373} {4098 141 false 374} {869 141 false 375} {4009 141 false 376} {1013 141 false 377} {4881 141 false 378} {3898 141 false 379} {1276 141 false 380} {3816 141 false 381} {9317 141 false 382} {8377 141 false 383} {9596 141 false 384} {3339 141 false 385} {1374 141 false 386} {4753 141 false 387} {5037 141 false 388} {8833 141 false 389}] 
2025/11/03 17:32:39 [17:32:39.005] [Node:2] [LOG_REPLICA] [Trace:LOG_0_163][0->2] 复制日志结果:[{<nil> 0 false 0} {9885 2 false 1} {7369 4 false 2} {377 9 false 3} {5698 9 false 4} {3675 9 false 5} {7576 9 false 6} {6501 9 false 7} {8962 9 false 8} {9292 11 false 9} {5826 14 false 10} {1116 14 false 11} {8927 16 false 12} {615 16 false 13} {3625 16 false 14} {1425 16 false 15} {9709 16 false 16} {3423 16 false 17} {3134 16 false 18} {3657 16 false 19} {8171 16 false 20} {9440 16 false 21} {6470 16 false 22} {1363 16 false 23} {716 16 false 24} {2684 16 false 25} {5836 19 false 26} {5544 19 false 27} {713 19 false 28} {6403 19 false 29} {881 19 false 30} {3832 19 false 31} {4831 19 false 32} {989 19 false 33} {3559 19 false 34} {4757 19 false 35} {5501 19 false 36} {705 19 false 37} {528 19 false 38} {4304 19 false 39} {4358 19 false 40} {8941 19 false 41} {1994 19 false 42} {411 19 false 43} {7043 95 false 44} {2699 95 false 45} {8150 95 false 46} {8874 95 false 47} {7096 95 false 48} {4872 95 false 49} {3988 95 false 50} {2554 95 false 51} {554 95 false 52} {2953 95 false 53} {9230 95 false 54} {8688 95 false 55} {9094 95 false 56} {3997 95 false 57} {2894 95 false 58} {5667 95 false 59} {3509 95 false 60} {4539 95 false 61} {1900 95 false 62} {395 95 false 63} {4338 95 false 64} {9052 95 false 65} {6681 95 false 66} {5152 95 false 67} {2250 95 false 68} {7353 95 false 69} {7300 95 false 70} {9476 95 false 71} {5907 95 false 72} {8352 95 false 73} {3326 95 false 74} {2806 95 false 75} {5167 95 false 76} {3514 95 false 77} {7493 95 false 78} {3260 95 false 79} {2440 95 false 80} {2920 95 false 81} {8285 95 false 82} {4140 95 false 83} {8602 95 false 84} {5537 95 false 85} {4663 95 false 86} {8098 95 false 87} {743 95 false 88} {9006 95 false 89} {6480 95 false 90} {4305 95 false 91} {7754 95 false 92} {612 95 false 93} {7820 95 false 94} {4607 95 false 95} {7256 95 false 96} {4888 95 false 97} {1311 95 false 98} {8099 95 false 99} {1197 95 false 100} {2238 95 false 101} {2354 95 false 102} {3362 95 false 103} {919 95 false 104} {8424 95 false 105} {6099 95 false 106} {1374 95 false 107} {2506 95 false 108} {7804 95 false 109} {5971 95 false 110} {3293 95 false 111} {6828 95 false 112} {5896 95 false 113} {2846 95 false 114} {1290 95 false 115} {7082 95 false 116} {4917 95 false 117} {3250 95 false 118} {248 95 false 119} {1140 95 false 120} {1245 95 false 121} {6024 95 false 122} {4473 95 false 123} {2136 95 false 124} {4154 95 false 125} {2583 95 false 126} {708 95 false 127} {4481 95 false 128} {6476 95 false 129} {5036 95 false 130} {4065 95 false 131} {6200 95 false 132} {1397 95 false 133} {4279 95 false 134} {6833 95 false 135} {4346 95 false 136} {3317 95 false 137} {4185 95 false 138} {4000 95 false 139} {2185 95 false 140} {8037 95 false 141} {1968 95 false 142} {6414 95 false 143} {6351 95 false 144} {1290 95 false 145} {255 95 false 146} {5814 95 false 147} {9138 95 false 148} {1249 95 false 149} {8088 95 false 150} {61 95 false 151} {6456 95 false 152} {9658 95 false 153} {2752 95 false 154} {4915 95 false 155} {2443 95 false 156} {4194 95 false 157} {928 95 false 158} {5614 95 false 159} {8999 95 false 160} {1953 95 false 161} {2650 95 false 162} {3468 95 false 163} {1123 95 false 164} {3774 95 false 165} {6358 95 false 166} {5925 95 false 167} {338 95 false 168} {99 95 false 169} {4512 95 false 170} {7477 95 false 171} {169 95 false 172} {6395 95 false 173} {7193 95 false 174} {2353 95 false 175} {3277 95 false 176} {6306 95 false 177} {5511 95 false 178} {2355 95 false 179} {8128 95 false 180} {6058 95 false 181} {7487 95 false 182} {9104 95 false 183} {9659 95 false 184} {3870 95 false 185} {7666 95 false 186} {8351 95 false 187} {9904 95 false 188} {3086 95 false 189} {4239 95 false 190} {9285 95 false 191} {8547 95 false 192} {5397 95 false 193} {6203 95 false 194} {2701 95 false 195} {281 95 false 196} {5684 95 false 197} {6931 95 false 198} {1998 95 false 199} {3892 95 false 200} {8994 95 false 201} {8648 95 false 202} {4605 95 false 203} {4080 95 false 204} {3229 95 false 205} {1192 95 false 206} {7753 95 false 207} {2164 95 false 208} {3086 95 false 209} {5245 95 false 210} {7102 95 false 211} {8818 95 false 212} {5017 95 false 213} {7628 95 false 214} {6028 95 false 215} {590 95 false 216} {6004 95 false 217} {2477 95 false 218} {6033 95 false 219} {4971 95 false 220} {7653 95 false 221} {4210 95 false 222} {654 95 false 223} {1347 95 false 224} {548 95 false 225} {2425 95 false 226} {7551 95 false 227} {147 95 false 228} {3398 95 false 229} {9137 95 false 230} {5214 95 false 231} {1870 95 false 232} {2007 95 false 233} {4259 95 false 234} {5871 95 false 235} {1999 95 false 236} {2250 95 false 237} {2233 95 false 238} {9889 95 false 239} {3674 95 false 240} {3867 95 false 241} {9585 95 false 242} {7532 95 false 243} {3418 95 false 244} {1920 95 false 245} {5828 95 false 246} {3723 95 false 247} {197 95 false 248} {3771 95 false 249} {9308 95 false 250} {8474 95 false 251} {6670 95 false 252} {8023 95 false 253} {9827 95 false 254} {745 95 false 255} {9541 95 false 256} {4130 95 false 257} {3683 95 false 258} {244 95 false 259} {1055 95 false 260} {7937 95 false 261} {9098 95 false 262} {8583 141 false 263} {4509 141 false 264} {5945 141 false 265} {7900 141 false 266} {8891 141 false 267} {8803 141 false 268} {2042 141 false 269} {8293 141 false 270} {4473 141 false 271} {6604 141 false 272} {5376 141 false 273} {6396 141 false 274} {8674 141 false 275} {5663 141 false 276} {1465 141 false 277} {4305 141 false 278} {29 141 false 279} {5595 141 false 280} {5764 141 false 281} {473 141 false 282} {6305 141 false 283} {273 141 false 284} {3146 141 false 285} {9506 141 false 286} {4632 141 false 287} {6027 141 false 288} {6952 141 false 289} {8257 141 false 290} {9649 141 false 291} {4178 141 false 292} {7266 141 false 293} {2232 141 false 294} {1973 141 false 295} {1704 141 false 296} {9529 141 false 297} {7427 141 false 298} {4392 141 false 299} {8497 141 false 300} {8041 141 false 301} {5966 141 false 302} {8440 141 false 303} {2229 141 false 304} {815 141 false 305} {1570 141 false 306} {6889 141 false 307} {4416 141 false 308} {651 141 false 309} {8692 141 false 310} {5425 141 false 311} {4142 141 false 312} {1077 141 false 313} {7325 141 false 314} {2814 141 false 315} {202 141 false 316} {7450 141 false 317} {8805 141 false 318} {3424 141 false 319} {3006 141 false 320} {4641 141 false 321} {2604 141 false 322} {3988 141 false 323} {8515 141 false 324} {4262 141 false 325} {6619 141 false 326} {8498 141 false 327} {9672 141 false 328} {8418 141 false 329} {5033 141 false 330} {5311 141 false 331} {9242 141 false 332} {7380 141 false 333} {5261 141 false 334} {9100 141 false 335} {4374 141 false 336} {2866 141 false 337} {290 141 false 338} {2261 141 false 339} {120 141 false 340} {7072 141 false 341} {7931 141 false 342} {2635 141 false 343} {1951 141 false 344} {8594 141 false 345} {4127 141 false 346} {2386 141 false 347} {2174 141 false 348} {3837 141 false 349} {8358 141 false 350} {7353 141 false 351} {2094 141 false 352} {569 141 false 353} {8759 141 false 354} {1223 141 false 355} {3599 141 false 356} {123 141 false 357} {3680 141 false 358} {6063 141 false 359} {8870 141 false 360} {8775 141 false 361} {2959 141 false 362} {8613 141 false 363} {3399 141 false 364} {1931 141 false 365} {3362 141 false 366} {9117 141 false 367} {2364 141 false 368} {7785 141 false 369} {5066 141 false 370} {6181 141 false 371} {6803 141 false 372} {6922 141 false 373} {4098 141 false 374} {869 141 false 375} {4009 141 false 376} {1013 141 false 377} {4881 141 false 378} {3898 141 false 379} {1276 141 false 380} {3816 141 false 381} {9317 141 false 382} {8377 141 false 383} {9596 141 false 384} {3339 141 false 385} {1374 141 false 386} {4753 141 false 387} {5037 141 false 388} {8833 141 false 389}] 
2025/11/03 17:32:39 [17:32:39.078] [Node:2] [HEARTBEAT] [Trace:HB_2_163] Follower等心跳 status FOLLOWER term:163 commitIndex:24
2025/11/03 17:32:39 [17:32:39.124] [Node:2] [LOG_REPLICA] [Trace:LOG_0_163][0->2] AppendEntries 收到 term:163 leaderId:0 prevLogIndex:24 prevLogTerm:16 entries:365 leaderCommit:24 isHeartbeat:false currentTerm:163 status:FOLLOWER
2025/11/03 17:32:39 [17:32:39.124] [Node:2] [LOG_REPLICA] [Trace:LOG_0_163][0->2] 打印日志结果:[{<nil> 0 false 0} {9885 2 false 1} {7369 4 false 2} {377 9 false 3} {5698 9 false 4} {3675 9 false 5} {7576 9 false 6} {6501 9 false 7} {8962 9 false 8} {9292 11 false 9} {5826 14 false 10} {1116 14 false 11} {8927 16 false 12} {615 16 false 13} {3625 16 false 14} {1425 16 false 15} {9709 16 false 16} {3423 16 false 17} {3134 16 false 18} {3657 16 false 19} {8171 16 false 20} {9440 16 false 21} {6470 16 false 22} {1363 16 false 23} {716 16 false 24} {2684 16 false 25} {5836 19 false 26} {5544 19 false 27} {713 19 false 28} {6403 19 false 29} {881 19 false 30} {3832 19 false 31} {4831 19 false 32} {989 19 false 33} {3559 19 false 34} {4757 19 false 35} {5501 19 false 36} {705 19 false 37} {528 19 false 38} {4304 19 false 39} {4358 19 false 40} {8941 19 false 41} {1994 19 false 42} {411 19 false 43} {7043 95 false 44} {2699 95 false 45} {8150 95 false 46} {8874 95 false 47} {7096 95 false 48} {4872 95 false 49} {3988 95 false 50} {2554 95 false 51} {554 95 false 52} {2953 95 false 53} {9230 95 false 54} {8688 95 false 55} {9094 95 false 56} {3997 95 false 57} {2894 95 false 58} {5667 95 false 59} {3509 95 false 60} {4539 95 false 61} {1900 95 false 62} {395 95 false 63} {4338 95 false 64} {9052 95 false 65} {6681 95 false 66} {5152 95 false 67} {2250 95 false 68} {7353 95 false 69} {7300 95 false 70} {9476 95 false 71} {5907 95 false 72} {8352 95 false 73} {3326 95 false 74} {2806 95 false 75} {5167 95 false 76} {3514 95 false 77} {7493 95 false 78} {3260 95 false 79} {2440 95 false 80} {2920 95 false 81} {8285 95 false 82} {4140 95 false 83} {8602 95 false 84} {5537 95 false 85} {4663 95 false 86} {8098 95 false 87} {743 95 false 88} {9006 95 false 89} {6480 95 false 90} {4305 95 false 91} {7754 95 false 92} {612 95 false 93} {7820 95 false 94} {4607 95 false 95} {7256 95 false 96} {4888 95 false 97} {1311 95 false 98} {8099 95 false 99} {1197 95 false 100} {2238 95 false 101} {2354 95 false 102} {3362 95 false 103} {919 95 false 104} {8424 95 false 105} {6099 95 false 106} {1374 95 false 107} {2506 95 false 108} {7804 95 false 109} {5971 95 false 110} {3293 95 false 111} {6828 95 false 112} {5896 95 false 113} {2846 95 false 114} {1290 95 false 115} {7082 95 false 116} {4917 95 false 117} {3250 95 false 118} {248 95 false 119} {1140 95 false 120} {1245 95 false 121} {6024 95 false 122} {4473 95 false 123} {2136 95 false 124} {4154 95 false 125} {2583 95 false 126} {708 95 false 127} {4481 95 false 128} {6476 95 false 129} {5036 95 false 130} {4065 95 false 131} {6200 95 false 132} {1397 95 false 133} {4279 95 false 134} {6833 95 false 135} {4346 95 false 136} {3317 95 false 137} {4185 95 false 138} {4000 95 false 139} {2185 95 false 140} {8037 95 false 141} {1968 95 false 142} {6414 95 false 143} {6351 95 false 144} {1290 95 false 145} {255 95 false 146} {5814 95 false 147} {9138 95 false 148} {1249 95 false 149} {8088 95 false 150} {61 95 false 151} {6456 95 false 152} {9658 95 false 153} {2752 95 false 154} {4915 95 false 155} {2443 95 false 156} {4194 95 false 157} {928 95 false 158} {5614 95 false 159} {8999 95 false 160} {1953 95 false 161} {2650 95 false 162} {3468 95 false 163} {1123 95 false 164} {3774 95 false 165} {6358 95 false 166} {5925 95 false 167} {338 95 false 168} {99 95 false 169} {4512 95 false 170} {7477 95 false 171} {169 95 false 172} {6395 95 false 173} {7193 95 false 174} {2353 95 false 175} {3277 95 false 176} {6306 95 false 177} {5511 95 false 178} {2355 95 false 179} {8128 95 false 180} {6058 95 false 181} {7487 95 false 182} {9104 95 false 183} {9659 95 false 184} {3870 95 false 185} {7666 95 false 186} {8351 95 false 187} {9904 95 false 188} {3086 95 false 189} {4239 95 false 190} {9285 95 false 191} {8547 95 false 192} {5397 95 false 193} {6203 95 false 194} {2701 95 false 195} {281 95 false 196} {5684 95 false 197} {6931 95 false 198} {1998 95 false 199} {3892 95 false 200} {8994 95 false 201} {8648 95 false 202} {4605 95 false 203} {4080 95 false 204} {3229 95 false 205} {1192 95 false 206} {7753 95 false 207} {2164 95 false 208} {3086 95 false 209} {5245 95 false 210} {7102 95 false 211} {8818 95 false 212} {5017 95 false 213} {7628 95 false 214} {6028 95 false 215} {590 95 false 216} {6004 95 false 217} {2477 95 false 218} {6033 95 false 219} {4971 95 false 220} {7653 95 false 221} {4210 95 false 222} {654 95 false 223} {1347 95 false 224} {548 95 false 225} {2425 95 false 226} {7551 95 false 227} {147 95 false 228} {3398 95 false 229} {9137 95 false 230} {5214 95 false 231} {1870 95 false 232} {2007 95 false 233} {4259 95 false 234} {5871 95 false 235} {1999 95 false 236} {2250 95 false 237} {2233 95 false 238} {9889 95 false 239} {3674 95 false 240} {3867 95 false 241} {9585 95 false 242} {7532 95 false 243} {3418 95 false 244} {1920 95 false 245} {5828 95 false 246} {3723 95 false 247} {197 95 false 248} {3771 95 false 249} {9308 95 false 250} {8474 95 false 251} {6670 95 false 252} {8023 95 false 253} {9827 95 false 254} {745 95 false 255} {9541 95 false 256} {4130 95 false 257} {3683 95 false 258} {244 95 false 259} {1055 95 false 260} {7937 95 false 261} {9098 95 false 262} {8583 141 false 263} {4509 141 false 264} {5945 141 false 265} {7900 141 false 266} {8891 141 false 267} {8803 141 false 268} {2042 141 false 269} {8293 141 false 270} {4473 141 false 271} {6604 141 false 272} {5376 141 false 273} {6396 141 false 274} {8674 141 false 275} {5663 141 false 276} {1465 141 false 277} {4305 141 false 278} {29 141 false 279} {5595 141 false 280} {5764 141 false 281} {473 141 false 282} {6305 141 false 283} {273 141 false 284} {3146 141 false 285} {9506 141 false 286} {4632 141 false 287} {6027 141 false 288} {6952 141 false 289} {8257 141 false 290} {9649 141 false 291} {4178 141 false 292} {7266 141 false 293} {2232 141 false 294} {1973 141 false 295} {1704 141 false 296} {9529 141 false 297} {7427 141 false 298} {4392 141 false 299} {8497 141 false 300} {8041 141 false 301} {5966 141 false 302} {8440 141 false 303} {2229 141 false 304} {815 141 false 305} {1570 141 false 306} {6889 141 false 307} {4416 141 false 308} {651 141 false 309} {8692 141 false 310} {5425 141 false 311} {4142 141 false 312} {1077 141 false 313} {7325 141 false 314} {2814 141 false 315} {202 141 false 316} {7450 141 false 317} {8805 141 false 318} {3424 141 false 319} {3006 141 false 320} {4641 141 false 321} {2604 141 false 322} {3988 141 false 323} {8515 141 false 324} {4262 141 false 325} {6619 141 false 326} {8498 141 false 327} {9672 141 false 328} {8418 141 false 329} {5033 141 false 330} {5311 141 false 331} {9242 141 false 332} {7380 141 false 333} {5261 141 false 334} {9100 141 false 335} {4374 141 false 336} {2866 141 false 337} {290 141 false 338} {2261 141 false 339} {120 141 false 340} {7072 141 false 341} {7931 141 false 342} {2635 141 false 343} {1951 141 false 344} {8594 141 false 345} {4127 141 false 346} {2386 141 false 347} {2174 141 false 348} {3837 141 false 349} {8358 141 false 350} {7353 141 false 351} {2094 141 false 352} {569 141 false 353} {8759 141 false 354} {1223 141 false 355} {3599 141 false 356} {123 141 false 357} {3680 141 false 358} {6063 141 false 359} {8870 141 false 360} {8775 141 false 361} {2959 141 false 362} {8613 141 false 363} {3399 141 false 364} {1931 141 false 365} {3362 141 false 366} {9117 141 false 367} {2364 141 false 368} {7785 141 false 369} {5066 141 false 370} {6181 141 false 371} {6803 141 false 372} {6922 141 false 373} {4098 141 false 374} {869 141 false 375} {4009 141 false 376} {1013 141 false 377} {4881 141 false 378} {3898 141 false 379} {1276 141 false 380} {3816 141 false 381} {9317 141 false 382} {8377 141 false 383} {9596 141 false 384} {3339 141 false 385} {1374 141 false 386} {4753 141 false 387} {5037 141 false 388} {8833 141 false 389}] 
2025/11/03 17:32:39 [17:32:39.131] [Node:2] [LOG_REPLICA] [Trace:LOG_0_163][0->2] 复制日志结果:[{<nil> 0 false 0} {9885 2 false 1} {7369 4 false 2} {377 9 false 3} {5698 9 false 4} {3675 9 false 5} {7576 9 false 6} {6501 9 false 7} {8962 9 false 8} {9292 11 false 9} {5826 14 false 10} {1116 14 false 11} {8927 16 false 12} {615 16 false 13} {3625 16 false 14} {1425 16 false 15} {9709 16 false 16} {3423 16 false 17} {3134 16 false 18} {3657 16 false 19} {8171 16 false 20} {9440 16 false 21} {6470 16 false 22} {1363 16 false 23} {716 16 false 24} {2684 16 false 25} {5836 19 false 26} {5544 19 false 27} {713 19 false 28} {6403 19 false 29} {881 19 false 30} {3832 19 false 31} {4831 19 false 32} {989 19 false 33} {3559 19 false 34} {4757 19 false 35} {5501 19 false 36} {705 19 false 37} {528 19 false 38} {4304 19 false 39} {4358 19 false 40} {8941 19 false 41} {1994 19 false 42} {411 19 false 43} {7043 95 false 44} {2699 95 false 45} {8150 95 false 46} {8874 95 false 47} {7096 95 false 48} {4872 95 false 49} {3988 95 false 50} {2554 95 false 51} {554 95 false 52} {2953 95 false 53} {9230 95 false 54} {8688 95 false 55} {9094 95 false 56} {3997 95 false 57} {2894 95 false 58} {5667 95 false 59} {3509 95 false 60} {4539 95 false 61} {1900 95 false 62} {395 95 false 63} {4338 95 false 64} {9052 95 false 65} {6681 95 false 66} {5152 95 false 67} {2250 95 false 68} {7353 95 false 69} {7300 95 false 70} {9476 95 false 71} {5907 95 false 72} {8352 95 false 73} {3326 95 false 74} {2806 95 false 75} {5167 95 false 76} {3514 95 false 77} {7493 95 false 78} {3260 95 false 79} {2440 95 false 80} {2920 95 false 81} {8285 95 false 82} {4140 95 false 83} {8602 95 false 84} {5537 95 false 85} {4663 95 false 86} {8098 95 false 87} {743 95 false 88} {9006 95 false 89} {6480 95 false 90} {4305 95 false 91} {7754 95 false 92} {612 95 false 93} {7820 95 false 94} {4607 95 false 95} {7256 95 false 96} {4888 95 false 97} {1311 95 false 98} {8099 95 false 99} {1197 95 false 100} {2238 95 false 101} {2354 95 false 102} {3362 95 false 103} {919 95 false 104} {8424 95 false 105} {6099 95 false 106} {1374 95 false 107} {2506 95 false 108} {7804 95 false 109} {5971 95 false 110} {3293 95 false 111} {6828 95 false 112} {5896 95 false 113} {2846 95 false 114} {1290 95 false 115} {7082 95 false 116} {4917 95 false 117} {3250 95 false 118} {248 95 false 119} {1140 95 false 120} {1245 95 false 121} {6024 95 false 122} {4473 95 false 123} {2136 95 false 124} {4154 95 false 125} {2583 95 false 126} {708 95 false 127} {4481 95 false 128} {6476 95 false 129} {5036 95 false 130} {4065 95 false 131} {6200 95 false 132} {1397 95 false 133} {4279 95 false 134} {6833 95 false 135} {4346 95 false 136} {3317 95 false 137} {4185 95 false 138} {4000 95 false 139} {2185 95 false 140} {8037 95 false 141} {1968 95 false 142} {6414 95 false 143} {6351 95 false 144} {1290 95 false 145} {255 95 false 146} {5814 95 false 147} {9138 95 false 148} {1249 95 false 149} {8088 95 false 150} {61 95 false 151} {6456 95 false 152} {9658 95 false 153} {2752 95 false 154} {4915 95 false 155} {2443 95 false 156} {4194 95 false 157} {928 95 false 158} {5614 95 false 159} {8999 95 false 160} {1953 95 false 161} {2650 95 false 162} {3468 95 false 163} {1123 95 false 164} {3774 95 false 165} {6358 95 false 166} {5925 95 false 167} {338 95 false 168} {99 95 false 169} {4512 95 false 170} {7477 95 false 171} {169 95 false 172} {6395 95 false 173} {7193 95 false 174} {2353 95 false 175} {3277 95 false 176} {6306 95 false 177} {5511 95 false 178} {2355 95 false 179} {8128 95 false 180} {6058 95 false 181} {7487 95 false 182} {9104 95 false 183} {9659 95 false 184} {3870 95 false 185} {7666 95 false 186} {8351 95 false 187} {9904 95 false 188} {3086 95 false 189} {4239 95 false 190} {9285 95 false 191} {8547 95 false 192} {5397 95 false 193} {6203 95 false 194} {2701 95 false 195} {281 95 false 196} {5684 95 false 197} {6931 95 false 198} {1998 95 false 199} {3892 95 false 200} {8994 95 false 201} {8648 95 false 202} {4605 95 false 203} {4080 95 false 204} {3229 95 false 205} {1192 95 false 206} {7753 95 false 207} {2164 95 false 208} {3086 95 false 209} {5245 95 false 210} {7102 95 false 211} {8818 95 false 212} {5017 95 false 213} {7628 95 false 214} {6028 95 false 215} {590 95 false 216} {6004 95 false 217} {2477 95 false 218} {6033 95 false 219} {4971 95 false 220} {7653 95 false 221} {4210 95 false 222} {654 95 false 223} {1347 95 false 224} {548 95 false 225} {2425 95 false 226} {7551 95 false 227} {147 95 false 228} {3398 95 false 229} {9137 95 false 230} {5214 95 false 231} {1870 95 false 232} {2007 95 false 233} {4259 95 false 234} {5871 95 false 235} {1999 95 false 236} {2250 95 false 237} {2233 95 false 238} {9889 95 false 239} {3674 95 false 240} {3867 95 false 241} {9585 95 false 242} {7532 95 false 243} {3418 95 false 244} {1920 95 false 245} {5828 95 false 246} {3723 95 false 247} {197 95 false 248} {3771 95 false 249} {9308 95 false 250} {8474 95 false 251} {6670 95 false 252} {8023 95 false 253} {9827 95 false 254} {745 95 false 255} {9541 95 false 256} {4130 95 false 257} {3683 95 false 258} {244 95 false 259} {1055 95 false 260} {7937 95 false 261} {9098 95 false 262} {8583 141 false 263} {4509 141 false 264} {5945 141 false 265} {7900 141 false 266} {8891 141 false 267} {8803 141 false 268} {2042 141 false 269} {8293 141 false 270} {4473 141 false 271} {6604 141 false 272} {5376 141 false 273} {6396 141 false 274} {8674 141 false 275} {5663 141 false 276} {1465 141 false 277} {4305 141 false 278} {29 141 false 279} {5595 141 false 280} {5764 141 false 281} {473 141 false 282} {6305 141 false 283} {273 141 false 284} {3146 141 false 285} {9506 141 false 286} {4632 141 false 287} {6027 141 false 288} {6952 141 false 289} {8257 141 false 290} {9649 141 false 291} {4178 141 false 292} {7266 141 false 293} {2232 141 false 294} {1973 141 false 295} {1704 141 false 296} {9529 141 false 297} {7427 141 false 298} {4392 141 false 299} {8497 141 false 300} {8041 141 false 301} {5966 141 false 302} {8440 141 false 303} {2229 141 false 304} {815 141 false 305} {1570 141 false 306} {6889 141 false 307} {4416 141 false 308} {651 141 false 309} {8692 141 false 310} {5425 141 false 311} {4142 141 false 312} {1077 141 false 313} {7325 141 false 314} {2814 141 false 315} {202 141 false 316} {7450 141 false 317} {8805 141 false 318} {3424 141 false 319} {3006 141 false 320} {4641 141 false 321} {2604 141 false 322} {3988 141 false 323} {8515 141 false 324} {4262 141 false 325} {6619 141 false 326} {8498 141 false 327} {9672 141 false 328} {8418 141 false 329} {5033 141 false 330} {5311 141 false 331} {9242 141 false 332} {7380 141 false 333} {5261 141 false 334} {9100 141 false 335} {4374 141 false 336} {2866 141 false 337} {290 141 false 338} {2261 141 false 339} {120 141 false 340} {7072 141 false 341} {7931 141 false 342} {2635 141 false 343} {1951 141 false 344} {8594 141 false 345} {4127 141 false 346} {2386 141 false 347} {2174 141 false 348} {3837 141 false 349} {8358 141 false 350} {7353 141 false 351} {2094 141 false 352} {569 141 false 353} {8759 141 false 354} {1223 141 false 355} {3599 141 false 356} {123 141 false 357} {3680 141 false 358} {6063 141 false 359} {8870 141 false 360} {8775 141 false 361} {2959 141 false 362} {8613 141 false 363} {3399 141 false 364} {1931 141 false 365} {3362 141 false 366} {9117 141 false 367} {2364 141 false 368} {7785 141 false 369} {5066 141 false 370} {6181 141 false 371} {6803 141 false 372} {6922 141 false 373} {4098 141 false 374} {869 141 false 375} {4009 141 false 376} {1013 141 false 377} {4881 141 false 378} {3898 141 false 379} {1276 141 false 380} {3816 141 false 381} {9317 141 false 382} {8377 141 false 383} {9596 141 false 384} {3339 141 false 385} {1374 141 false 386} {4753 141 false 387} {5037 141 false 388} {8833 141 false 389}] 
2025/11/03 17:32:39 [17:32:39.180] [Node:2] [HEARTBEAT] [Trace:HB_2_163] Follower等心跳 status FOLLOWER term:163 commitIndex:24
2025/11/03 17:32:39 [17:32:39.207] [Node:2] [HEARTBEAT] [Trace:LOG_0_163][0->2] AppendEntries 收到 term:163 leaderId:0 prevLogIndex:389 prevLogTerm:141 entries:0 leaderCommit:24 isHeartbeat:true currentTerm:163 status:FOLLOWER
2025/11/03 17:32:39 [17:32:39.207] [Node:2] [HEARTBEAT] [Trace:LOG_0_163][0->2] 打印日志结果:[{<nil> 0 false 0} {9885 2 false 1} {7369 4 false 2} {377 9 false 3} {5698 9 false 4} {3675 9 false 5} {7576 9 false 6} {6501 9 false 7} {8962 9 false 8} {9292 11 false 9} {5826 14 false 10} {1116 14 false 11} {8927 16 false 12} {615 16 false 13} {3625 16 false 14} {1425 16 false 15} {9709 16 false 16} {3423 16 false 17} {3134 16 false 18} {3657 16 false 19} {8171 16 false 20} {9440 16 false 21} {6470 16 false 22} {1363 16 false 23} {716 16 false 24} {2684 16 false 25} {5836 19 false 26} {5544 19 false 27} {713 19 false 28} {6403 19 false 29} {881 19 false 30} {3832 19 false 31} {4831 19 false 32} {989 19 false 33} {3559 19 false 34} {4757 19 false 35} {5501 19 false 36} {705 19 false 37} {528 19 false 38} {4304 19 false 39} {4358 19 false 40} {8941 19 false 41} {1994 19 false 42} {411 19 false 43} {7043 95 false 44} {2699 95 false 45} {8150 95 false 46} {8874 95 false 47} {7096 95 false 48} {4872 95 false 49} {3988 95 false 50} {2554 95 false 51} {554 95 false 52} {2953 95 false 53} {9230 95 false 54} {8688 95 false 55} {9094 95 false 56} {3997 95 false 57} {2894 95 false 58} {5667 95 false 59} {3509 95 false 60} {4539 95 false 61} {1900 95 false 62} {395 95 false 63} {4338 95 false 64} {9052 95 false 65} {6681 95 false 66} {5152 95 false 67} {2250 95 false 68} {7353 95 false 69} {7300 95 false 70} {9476 95 false 71} {5907 95 false 72} {8352 95 false 73} {3326 95 false 74} {2806 95 false 75} {5167 95 false 76} {3514 95 false 77} {7493 95 false 78} {3260 95 false 79} {2440 95 false 80} {2920 95 false 81} {8285 95 false 82} {4140 95 false 83} {8602 95 false 84} {5537 95 false 85} {4663 95 false 86} {8098 95 false 87} {743 95 false 88} {9006 95 false 89} {6480 95 false 90} {4305 95 false 91} {7754 95 false 92} {612 95 false 93} {7820 95 false 94} {4607 95 false 95} {7256 95 false 96} {4888 95 false 97} {1311 95 false 98} {8099 95 false 99} {1197 95 false 100} {2238 95 false 101} {2354 95 false 102} {3362 95 false 103} {919 95 false 104} {8424 95 false 105} {6099 95 false 106} {1374 95 false 107} {2506 95 false 108} {7804 95 false 109} {5971 95 false 110} {3293 95 false 111} {6828 95 false 112} {5896 95 false 113} {2846 95 false 114} {1290 95 false 115} {7082 95 false 116} {4917 95 false 117} {3250 95 false 118} {248 95 false 119} {1140 95 false 120} {1245 95 false 121} {6024 95 false 122} {4473 95 false 123} {2136 95 false 124} {4154 95 false 125} {2583 95 false 126} {708 95 false 127} {4481 95 false 128} {6476 95 false 129} {5036 95 false 130} {4065 95 false 131} {6200 95 false 132} {1397 95 false 133} {4279 95 false 134} {6833 95 false 135} {4346 95 false 136} {3317 95 false 137} {4185 95 false 138} {4000 95 false 139} {2185 95 false 140} {8037 95 false 141} {1968 95 false 142} {6414 95 false 143} {6351 95 false 144} {1290 95 false 145} {255 95 false 146} {5814 95 false 147} {9138 95 false 148} {1249 95 false 149} {8088 95 false 150} {61 95 false 151} {6456 95 false 152} {9658 95 false 153} {2752 95 false 154} {4915 95 false 155} {2443 95 false 156} {4194 95 false 157} {928 95 false 158} {5614 95 false 159} {8999 95 false 160} {1953 95 false 161} {2650 95 false 162} {3468 95 false 163} {1123 95 false 164} {3774 95 false 165} {6358 95 false 166} {5925 95 false 167} {338 95 false 168} {99 95 false 169} {4512 95 false 170} {7477 95 false 171} {169 95 false 172} {6395 95 false 173} {7193 95 false 174} {2353 95 false 175} {3277 95 false 176} {6306 95 false 177} {5511 95 false 178} {2355 95 false 179} {8128 95 false 180} {6058 95 false 181} {7487 95 false 182} {9104 95 false 183} {9659 95 false 184} {3870 95 false 185} {7666 95 false 186} {8351 95 false 187} {9904 95 false 188} {3086 95 false 189} {4239 95 false 190} {9285 95 false 191} {8547 95 false 192} {5397 95 false 193} {6203 95 false 194} {2701 95 false 195} {281 95 false 196} {5684 95 false 197} {6931 95 false 198} {1998 95 false 199} {3892 95 false 200} {8994 95 false 201} {8648 95 false 202} {4605 95 false 203} {4080 95 false 204} {3229 95 false 205} {1192 95 false 206} {7753 95 false 207} {2164 95 false 208} {3086 95 false 209} {5245 95 false 210} {7102 95 false 211} {8818 95 false 212} {5017 95 false 213} {7628 95 false 214} {6028 95 false 215} {590 95 false 216} {6004 95 false 217} {2477 95 false 218} {6033 95 false 219} {4971 95 false 220} {7653 95 false 221} {4210 95 false 222} {654 95 false 223} {1347 95 false 224} {548 95 false 225} {2425 95 false 226} {7551 95 false 227} {147 95 false 228} {3398 95 false 229} {9137 95 false 230} {5214 95 false 231} {1870 95 false 232} {2007 95 false 233} {4259 95 false 234} {5871 95 false 235} {1999 95 false 236} {2250 95 false 237} {2233 95 false 238} {9889 95 false 239} {3674 95 false 240} {3867 95 false 241} {9585 95 false 242} {7532 95 false 243} {3418 95 false 244} {1920 95 false 245} {5828 95 false 246} {3723 95 false 247} {197 95 false 248} {3771 95 false 249} {9308 95 false 250} {8474 95 false 251} {6670 95 false 252} {8023 95 false 253} {9827 95 false 254} {745 95 false 255} {9541 95 false 256} {4130 95 false 257} {3683 95 false 258} {244 95 false 259} {1055 95 false 260} {7937 95 false 261} {9098 95 false 262} {8583 141 false 263} {4509 141 false 264} {5945 141 false 265} {7900 141 false 266} {8891 141 false 267} {8803 141 false 268} {2042 141 false 269} {8293 141 false 270} {4473 141 false 271} {6604 141 false 272} {5376 141 false 273} {6396 141 false 274} {8674 141 false 275} {5663 141 false 276} {1465 141 false 277} {4305 141 false 278} {29 141 false 279} {5595 141 false 280} {5764 141 false 281} {473 141 false 282} {6305 141 false 283} {273 141 false 284} {3146 141 false 285} {9506 141 false 286} {4632 141 false 287} {6027 141 false 288} {6952 141 false 289} {8257 141 false 290} {9649 141 false 291} {4178 141 false 292} {7266 141 false 293} {2232 141 false 294} {1973 141 false 295} {1704 141 false 296} {9529 141 false 297} {7427 141 false 298} {4392 141 false 299} {8497 141 false 300} {8041 141 false 301} {5966 141 false 302} {8440 141 false 303} {2229 141 false 304} {815 141 false 305} {1570 141 false 306} {6889 141 false 307} {4416 141 false 308} {651 141 false 309} {8692 141 false 310} {5425 141 false 311} {4142 141 false 312} {1077 141 false 313} {7325 141 false 314} {2814 141 false 315} {202 141 false 316} {7450 141 false 317} {8805 141 false 318} {3424 141 false 319} {3006 141 false 320} {4641 141 false 321} {2604 141 false 322} {3988 141 false 323} {8515 141 false 324} {4262 141 false 325} {6619 141 false 326} {8498 141 false 327} {9672 141 false 328} {8418 141 false 329} {5033 141 false 330} {5311 141 false 331} {9242 141 false 332} {7380 141 false 333} {5261 141 false 334} {9100 141 false 335} {4374 141 false 336} {2866 141 false 337} {290 141 false 338} {2261 141 false 339} {120 141 false 340} {7072 141 false 341} {7931 141 false 342} {2635 141 false 343} {1951 141 false 344} {8594 141 false 345} {4127 141 false 346} {2386 141 false 347} {2174 141 false 348} {3837 141 false 349} {8358 141 false 350} {7353 141 false 351} {2094 141 false 352} {569 141 false 353} {8759 141 false 354} {1223 141 false 355} {3599 141 false 356} {123 141 false 357} {3680 141 false 358} {6063 141 false 359} {8870 141 false 360} {8775 141 false 361} {2959 141 false 362} {8613 141 false 363} {3399 141 false 364} {1931 141 false 365} {3362 141 false 366} {9117 141 false 367} {2364 141 false 368} {7785 141 false 369} {5066 141 false 370} {6181 141 false 371} {6803 141 false 372} {6922 141 false 373} {4098 141 false 374} {869 141 false 375} {4009 141 false 376} {1013 141 false 377} {4881 141 false 378} {3898 141 false 379} {1276 141 false 380} {3816 141 false 381} {9317 141 false 382} {8377 141 false 383} {9596 141 false 384} {3339 141 false 385} {1374 141 false 386} {4753 141 false 387} {5037 141 false 388} {8833 141 false 389}] 
2025/11/03 17:32:39 [17:32:39.209] [Node:2] [HEARTBEAT] [Trace:LOG_0_163][0->2] 复制日志结果:[{<nil> 0 false 0} {9885 2 false 1} {7369 4 false 2} {377 9 false 3} {5698 9 false 4} {3675 9 false 5} {7576 9 false 6} {6501 9 false 7} {8962 9 false 8} {9292 11 false 9} {5826 14 false 10} {1116 14 false 11} {8927 16 false 12} {615 16 false 13} {3625 16 false 14} {1425 16 false 15} {9709 16 false 16} {3423 16 false 17} {3134 16 false 18} {3657 16 false 19} {8171 16 false 20} {9440 16 false 21} {6470 16 false 22} {1363 16 false 23} {716 16 false 24} {2684 16 false 25} {5836 19 false 26} {5544 19 false 27} {713 19 false 28} {6403 19 false 29} {881 19 false 30} {3832 19 false 31} {4831 19 false 32} {989 19 false 33} {3559 19 false 34} {4757 19 false 35} {5501 19 false 36} {705 19 false 37} {528 19 false 38} {4304 19 false 39} {4358 19 false 40} {8941 19 false 41} {1994 19 false 42} {411 19 false 43} {7043 95 false 44} {2699 95 false 45} {8150 95 false 46} {8874 95 false 47} {7096 95 false 48} {4872 95 false 49} {3988 95 false 50} {2554 95 false 51} {554 95 false 52} {2953 95 false 53} {9230 95 false 54} {8688 95 false 55} {9094 95 false 56} {3997 95 false 57} {2894 95 false 58} {5667 95 false 59} {3509 95 false 60} {4539 95 false 61} {1900 95 false 62} {395 95 false 63} {4338 95 false 64} {9052 95 false 65} {6681 95 false 66} {5152 95 false 67} {2250 95 false 68} {7353 95 false 69} {7300 95 false 70} {9476 95 false 71} {5907 95 false 72} {8352 95 false 73} {3326 95 false 74} {2806 95 false 75} {5167 95 false 76} {3514 95 false 77} {7493 95 false 78} {3260 95 false 79} {2440 95 false 80} {2920 95 false 81} {8285 95 false 82} {4140 95 false 83} {8602 95 false 84} {5537 95 false 85} {4663 95 false 86} {8098 95 false 87} {743 95 false 88} {9006 95 false 89} {6480 95 false 90} {4305 95 false 91} {7754 95 false 92} {612 95 false 93} {7820 95 false 94} {4607 95 false 95} {7256 95 false 96} {4888 95 false 97} {1311 95 false 98} {8099 95 false 99} {1197 95 false 100} {2238 95 false 101} {2354 95 false 102} {3362 95 false 103} {919 95 false 104} {8424 95 false 105} {6099 95 false 106} {1374 95 false 107} {2506 95 false 108} {7804 95 false 109} {5971 95 false 110} {3293 95 false 111} {6828 95 false 112} {5896 95 false 113} {2846 95 false 114} {1290 95 false 115} {7082 95 false 116} {4917 95 false 117} {3250 95 false 118} {248 95 false 119} {1140 95 false 120} {1245 95 false 121} {6024 95 false 122} {4473 95 false 123} {2136 95 false 124} {4154 95 false 125} {2583 95 false 126} {708 95 false 127} {4481 95 false 128} {6476 95 false 129} {5036 95 false 130} {4065 95 false 131} {6200 95 false 132} {1397 95 false 133} {4279 95 false 134} {6833 95 false 135} {4346 95 false 136} {3317 95 false 137} {4185 95 false 138} {4000 95 false 139} {2185 95 false 140} {8037 95 false 141} {1968 95 false 142} {6414 95 false 143} {6351 95 false 144} {1290 95 false 145} {255 95 false 146} {5814 95 false 147} {9138 95 false 148} {1249 95 false 149} {8088 95 false 150} {61 95 false 151} {6456 95 false 152} {9658 95 false 153} {2752 95 false 154} {4915 95 false 155} {2443 95 false 156} {4194 95 false 157} {928 95 false 158} {5614 95 false 159} {8999 95 false 160} {1953 95 false 161} {2650 95 false 162} {3468 95 false 163} {1123 95 false 164} {3774 95 false 165} {6358 95 false 166} {5925 95 false 167} {338 95 false 168} {99 95 false 169} {4512 95 false 170} {7477 95 false 171} {169 95 false 172} {6395 95 false 173} {7193 95 false 174} {2353 95 false 175} {3277 95 false 176} {6306 95 false 177} {5511 95 false 178} {2355 95 false 179} {8128 95 false 180} {6058 95 false 181} {7487 95 false 182} {9104 95 false 183} {9659 95 false 184} {3870 95 false 185} {7666 95 false 186} {8351 95 false 187} {9904 95 false 188} {3086 95 false 189} {4239 95 false 190} {9285 95 false 191} {8547 95 false 192} {5397 95 false 193} {6203 95 false 194} {2701 95 false 195} {281 95 false 196} {5684 95 false 197} {6931 95 false 198} {1998 95 false 199} {3892 95 false 200} {8994 95 false 201} {8648 95 false 202} {4605 95 false 203} {4080 95 false 204} {3229 95 false 205} {1192 95 false 206} {7753 95 false 207} {2164 95 false 208} {3086 95 false 209} {5245 95 false 210} {7102 95 false 211} {8818 95 false 212} {5017 95 false 213} {7628 95 false 214} {6028 95 false 215} {590 95 false 216} {6004 95 false 217} {2477 95 false 218} {6033 95 false 219} {4971 95 false 220} {7653 95 false 221} {4210 95 false 222} {654 95 false 223} {1347 95 false 224} {548 95 false 225} {2425 95 false 226} {7551 95 false 227} {147 95 false 228} {3398 95 false 229} {9137 95 false 230} {5214 95 false 231} {1870 95 false 232} {2007 95 false 233} {4259 95 false 234} {5871 95 false 235} {1999 95 false 236} {2250 95 false 237} {2233 95 false 238} {9889 95 false 239} {3674 95 false 240} {3867 95 false 241} {9585 95 false 242} {7532 95 false 243} {3418 95 false 244} {1920 95 false 245} {5828 95 false 246} {3723 95 false 247} {197 95 false 248} {3771 95 false 249} {9308 95 false 250} {8474 95 false 251} {6670 95 false 252} {8023 95 false 253} {9827 95 false 254} {745 95 false 255} {9541 95 false 256} {4130 95 false 257} {3683 95 false 258} {244 95 false 259} {1055 95 false 260} {7937 95 false 261} {9098 95 false 262} {8583 141 false 263} {4509 141 false 264} {5945 141 false 265} {7900 141 false 266} {8891 141 false 267} {8803 141 false 268} {2042 141 false 269} {8293 141 false 270} {4473 141 false 271} {6604 141 false 272} {5376 141 false 273} {6396 141 false 274} {8674 141 false 275} {5663 141 false 276} {1465 141 false 277} {4305 141 false 278} {29 141 false 279} {5595 141 false 280} {5764 141 false 281} {473 141 false 282} {6305 141 false 283} {273 141 false 284} {3146 141 false 285} {9506 141 false 286} {4632 141 false 287} {6027 141 false 288} {6952 141 false 289} {8257 141 false 290} {9649 141 false 291} {4178 141 false 292} {7266 141 false 293} {2232 141 false 294} {1973 141 false 295} {1704 141 false 296} {9529 141 false 297} {7427 141 false 298} {4392 141 false 299} {8497 141 false 300} {8041 141 false 301} {5966 141 false 302} {8440 141 false 303} {2229 141 false 304} {815 141 false 305} {1570 141 false 306} {6889 141 false 307} {4416 141 false 308} {651 141 false 309} {8692 141 false 310} {5425 141 false 311} {4142 141 false 312} {1077 141 false 313} {7325 141 false 314} {2814 141 false 315} {202 141 false 316} {7450 141 false 317} {8805 141 false 318} {3424 141 false 319} {3006 141 false 320} {4641 141 false 321} {2604 141 false 322} {3988 141 false 323} {8515 141 false 324} {4262 141 false 325} {6619 141 false 326} {8498 141 false 327} {9672 141 false 328} {8418 141 false 329} {5033 141 false 330} {5311 141 false 331} {9242 141 false 332} {7380 141 false 333} {5261 141 false 334} {9100 141 false 335} {4374 141 false 336} {2866 141 false 337} {290 141 false 338} {2261 141 false 339} {120 141 false 340} {7072 141 false 341} {7931 141 false 342} {2635 141 false 343} {1951 141 false 344} {8594 141 false 345} {4127 141 false 346} {2386 141 false 347} {2174 141 false 348} {3837 141 false 349} {8358 141 false 350} {7353 141 false 351} {2094 141 false 352} {569 141 false 353} {8759 141 false 354} {1223 141 false 355} {3599 141 false 356} {123 141 false 357} {3680 141 false 358} {6063 141 false 359} {8870 141 false 360} {8775 141 false 361} {2959 141 false 362} {8613 141 false 363} {3399 141 false 364} {1931 141 false 365} {3362 141 false 366} {9117 141 false 367} {2364 141 false 368} {7785 141 false 369} {5066 141 false 370} {6181 141 false 371} {6803 141 false 372} {6922 141 false 373} {4098 141 false 374} {869 141 false 375} {4009 141 false 376} {1013 141 false 377} {4881 141 false 378} {3898 141 false 379} {1276 141 false 380} {3816 141 false 381} {9317 141 false 382} {8377 141 false 383} {9596 141 false 384} {3339 141 false 385} {1374 141 false 386} {4753 141 false 387} {5037 141 false 388} {8833 141 false 389}] 
2025/11/03 17:32:39 [17:32:39.280] [Node:2] [HEARTBEAT] [Trace:HB_2_163] Follower等心跳 status FOLLOWER term:163 commitIndex:24
2025/11/03 17:32:39 [17:32:39.308] [Node:2] [HEARTBEAT] [Trace:LOG_0_163][0->2] AppendEntries 收到 term:163 leaderId:0 prevLogIndex:389 prevLogTerm:141 entries:0 leaderCommit:24 isHeartbeat:true currentTerm:163 status:FOLLOWER
2025/11/03 17:32:39 [17:32:39.308] [Node:2] [HEARTBEAT] [Trace:LOG_0_163][0->2] 打印日志结果:[{<nil> 0 false 0} {9885 2 false 1} {7369 4 false 2} {377 9 false 3} {5698 9 false 4} {3675 9 false 5} {7576 9 false 6} {6501 9 false 7} {8962 9 false 8} {9292 11 false 9} {5826 14 false 10} {1116 14 false 11} {8927 16 false 12} {615 16 false 13} {3625 16 false 14} {1425 16 false 15} {9709 16 false 16} {3423 16 false 17} {3134 16 false 18} {3657 16 false 19} {8171 16 false 20} {9440 16 false 21} {6470 16 false 22} {1363 16 false 23} {716 16 false 24} {2684 16 false 25} {5836 19 false 26} {5544 19 false 27} {713 19 false 28} {6403 19 false 29} {881 19 false 30} {3832 19 false 31} {4831 19 false 32} {989 19 false 33} {3559 19 false 34} {4757 19 false 35} {5501 19 false 36} {705 19 false 37} {528 19 false 38} {4304 19 false 39} {4358 19 false 40} {8941 19 false 41} {1994 19 false 42} {411 19 false 43} {7043 95 false 44} {2699 95 false 45} {8150 95 false 46} {8874 95 false 47} {7096 95 false 48} {4872 95 false 49} {3988 95 false 50} {2554 95 false 51} {554 95 false 52} {2953 95 false 53} {9230 95 false 54} {8688 95 false 55} {9094 95 false 56} {3997 95 false 57} {2894 95 false 58} {5667 95 false 59} {3509 95 false 60} {4539 95 false 61} {1900 95 false 62} {395 95 false 63} {4338 95 false 64} {9052 95 false 65} {6681 95 false 66} {5152 95 false 67} {2250 95 false 68} {7353 95 false 69} {7300 95 false 70} {9476 95 false 71} {5907 95 false 72} {8352 95 false 73} {3326 95 false 74} {2806 95 false 75} {5167 95 false 76} {3514 95 false 77} {7493 95 false 78} {3260 95 false 79} {2440 95 false 80} {2920 95 false 81} {8285 95 false 82} {4140 95 false 83} {8602 95 false 84} {5537 95 false 85} {4663 95 false 86} {8098 95 false 87} {743 95 false 88} {9006 95 false 89} {6480 95 false 90} {4305 95 false 91} {7754 95 false 92} {612 95 false 93} {7820 95 false 94} {4607 95 false 95} {7256 95 false 96} {4888 95 false 97} {1311 95 false 98} {8099 95 false 99} {1197 95 false 100} {2238 95 false 101} {2354 95 false 102} {3362 95 false 103} {919 95 false 104} {8424 95 false 105} {6099 95 false 106} {1374 95 false 107} {2506 95 false 108} {7804 95 false 109} {5971 95 false 110} {3293 95 false 111} {6828 95 false 112} {5896 95 false 113} {2846 95 false 114} {1290 95 false 115} {7082 95 false 116} {4917 95 false 117} {3250 95 false 118} {248 95 false 119} {1140 95 false 120} {1245 95 false 121} {6024 95 false 122} {4473 95 false 123} {2136 95 false 124} {4154 95 false 125} {2583 95 false 126} {708 95 false 127} {4481 95 false 128} {6476 95 false 129} {5036 95 false 130} {4065 95 false 131} {6200 95 false 132} {1397 95 false 133} {4279 95 false 134} {6833 95 false 135} {4346 95 false 136} {3317 95 false 137} {4185 95 false 138} {4000 95 false 139} {2185 95 false 140} {8037 95 false 141} {1968 95 false 142} {6414 95 false 143} {6351 95 false 144} {1290 95 false 145} {255 95 false 146} {5814 95 false 147} {9138 95 false 148} {1249 95 false 149} {8088 95 false 150} {61 95 false 151} {6456 95 false 152} {9658 95 false 153} {2752 95 false 154} {4915 95 false 155} {2443 95 false 156} {4194 95 false 157} {928 95 false 158} {5614 95 false 159} {8999 95 false 160} {1953 95 false 161} {2650 95 false 162} {3468 95 false 163} {1123 95 false 164} {3774 95 false 165} {6358 95 false 166} {5925 95 false 167} {338 95 false 168} {99 95 false 169} {4512 95 false 170} {7477 95 false 171} {169 95 false 172} {6395 95 false 173} {7193 95 false 174} {2353 95 false 175} {3277 95 false 176} {6306 95 false 177} {5511 95 false 178} {2355 95 false 179} {8128 95 false 180} {6058 95 false 181} {7487 95 false 182} {9104 95 false 183} {9659 95 false 184} {3870 95 false 185} {7666 95 false 186} {8351 95 false 187} {9904 95 false 188} {3086 95 false 189} {4239 95 false 190} {9285 95 false 191} {8547 95 false 192} {5397 95 false 193} {6203 95 false 194} {2701 95 false 195} {281 95 false 196} {5684 95 false 197} {6931 95 false 198} {1998 95 false 199} {3892 95 false 200} {8994 95 false 201} {8648 95 false 202} {4605 95 false 203} {4080 95 false 204} {3229 95 false 205} {1192 95 false 206} {7753 95 false 207} {2164 95 false 208} {3086 95 false 209} {5245 95 false 210} {7102 95 false 211} {8818 95 false 212} {5017 95 false 213} {7628 95 false 214} {6028 95 false 215} {590 95 false 216} {6004 95 false 217} {2477 95 false 218} {6033 95 false 219} {4971 95 false 220} {7653 95 false 221} {4210 95 false 222} {654 95 false 223} {1347 95 false 224} {548 95 false 225} {2425 95 false 226} {7551 95 false 227} {147 95 false 228} {3398 95 false 229} {9137 95 false 230} {5214 95 false 231} {1870 95 false 232} {2007 95 false 233} {4259 95 false 234} {5871 95 false 235} {1999 95 false 236} {2250 95 false 237} {2233 95 false 238} {9889 95 false 239} {3674 95 false 240} {3867 95 false 241} {9585 95 false 242} {7532 95 false 243} {3418 95 false 244} {1920 95 false 245} {5828 95 false 246} {3723 95 false 247} {197 95 false 248} {3771 95 false 249} {9308 95 false 250} {8474 95 false 251} {6670 95 false 252} {8023 95 false 253} {9827 95 false 254} {745 95 false 255} {9541 95 false 256} {4130 95 false 257} {3683 95 false 258} {244 95 false 259} {1055 95 false 260} {7937 95 false 261} {9098 95 false 262} {8583 141 false 263} {4509 141 false 264} {5945 141 false 265} {7900 141 false 266} {8891 141 false 267} {8803 141 false 268} {2042 141 false 269} {8293 141 false 270} {4473 141 false 271} {6604 141 false 272} {5376 141 false 273} {6396 141 false 274} {8674 141 false 275} {5663 141 false 276} {1465 141 false 277} {4305 141 false 278} {29 141 false 279} {5595 141 false 280} {5764 141 false 281} {473 141 false 282} {6305 141 false 283} {273 141 false 284} {3146 141 false 285} {9506 141 false 286} {4632 141 false 287} {6027 141 false 288} {6952 141 false 289} {8257 141 false 290} {9649 141 false 291} {4178 141 false 292} {7266 141 false 293} {2232 141 false 294} {1973 141 false 295} {1704 141 false 296} {9529 141 false 297} {7427 141 false 298} {4392 141 false 299} {8497 141 false 300} {8041 141 false 301} {5966 141 false 302} {8440 141 false 303} {2229 141 false 304} {815 141 false 305} {1570 141 false 306} {6889 141 false 307} {4416 141 false 308} {651 141 false 309} {8692 141 false 310} {5425 141 false 311} {4142 141 false 312} {1077 141 false 313} {7325 141 false 314} {2814 141 false 315} {202 141 false 316} {7450 141 false 317} {8805 141 false 318} {3424 141 false 319} {3006 141 false 320} {4641 141 false 321} {2604 141 false 322} {3988 141 false 323} {8515 141 false 324} {4262 141 false 325} {6619 141 false 326} {8498 141 false 327} {9672 141 false 328} {8418 141 false 329} {5033 141 false 330} {5311 141 false 331} {9242 141 false 332} {7380 141 false 333} {5261 141 false 334} {9100 141 false 335} {4374 141 false 336} {2866 141 false 337} {290 141 false 338} {2261 141 false 339} {120 141 false 340} {7072 141 false 341} {7931 141 false 342} {2635 141 false 343} {1951 141 false 344} {8594 141 false 345} {4127 141 false 346} {2386 141 false 347} {2174 141 false 348} {3837 141 false 349} {8358 141 false 350} {7353 141 false 351} {2094 141 false 352} {569 141 false 353} {8759 141 false 354} {1223 141 false 355} {3599 141 false 356} {123 141 false 357} {3680 141 false 358} {6063 141 false 359} {8870 141 false 360} {8775 141 false 361} {2959 141 false 362} {8613 141 false 363} {3399 141 false 364} {1931 141 false 365} {3362 141 false 366} {9117 141 false 367} {2364 141 false 368} {7785 141 false 369} {5066 141 false 370} {6181 141 false 371} {6803 141 false 372} {6922 141 false 373} {4098 141 false 374} {869 141 false 375} {4009 141 false 376} {1013 141 false 377} {4881 141 false 378} {3898 141 false 379} {1276 141 false 380} {3816 141 false 381} {9317 141 false 382} {8377 141 false 383} {9596 141 false 384} {3339 141 false 385} {1374 141 false 386} {4753 141 false 387} {5037 141 false 388} {8833 141 false 389}] 
2025/11/03 17:32:39 [17:32:39.309] [Node:2] [HEARTBEAT] [Trace:LOG_0_163][0->2] 复制日志结果:[{<nil> 0 false 0} {9885 2 false 1} {7369 4 false 2} {377 9 false 3} {5698 9 false 4} {3675 9 false 5} {7576 9 false 6} {6501 9 false 7} {8962 9 false 8} {9292 11 false 9} {5826 14 false 10} {1116 14 false 11} {8927 16 false 12} {615 16 false 13} {3625 16 false 14} {1425 16 false 15} {9709 16 false 16} {3423 16 false 17} {3134 16 false 18} {3657 16 false 19} {8171 16 false 20} {9440 16 false 21} {6470 16 false 22} {1363 16 false 23} {716 16 false 24} {2684 16 false 25} {5836 19 false 26} {5544 19 false 27} {713 19 false 28} {6403 19 false 29} {881 19 false 30} {3832 19 false 31} {4831 19 false 32} {989 19 false 33} {3559 19 false 34} {4757 19 false 35} {5501 19 false 36} {705 19 false 37} {528 19 false 38} {4304 19 false 39} {4358 19 false 40} {8941 19 false 41} {1994 19 false 42} {411 19 false 43} {7043 95 false 44} {2699 95 false 45} {8150 95 false 46} {8874 95 false 47} {7096 95 false 48} {4872 95 false 49} {3988 95 false 50} {2554 95 false 51} {554 95 false 52} {2953 95 false 53} {9230 95 false 54} {8688 95 false 55} {9094 95 false 56} {3997 95 false 57} {2894 95 false 58} {5667 95 false 59} {3509 95 false 60} {4539 95 false 61} {1900 95 false 62} {395 95 false 63} {4338 95 false 64} {9052 95 false 65} {6681 95 false 66} {5152 95 false 67} {2250 95 false 68} {7353 95 false 69} {7300 95 false 70} {9476 95 false 71} {5907 95 false 72} {8352 95 false 73} {3326 95 false 74} {2806 95 false 75} {5167 95 false 76} {3514 95 false 77} {7493 95 false 78} {3260 95 false 79} {2440 95 false 80} {2920 95 false 81} {8285 95 false 82} {4140 95 false 83} {8602 95 false 84} {5537 95 false 85} {4663 95 false 86} {8098 95 false 87} {743 95 false 88} {9006 95 false 89} {6480 95 false 90} {4305 95 false 91} {7754 95 false 92} {612 95 false 93} {7820 95 false 94} {4607 95 false 95} {7256 95 false 96} {4888 95 false 97} {1311 95 false 98} {8099 95 false 99} {1197 95 false 100} {2238 95 false 101} {2354 95 false 102} {3362 95 false 103} {919 95 false 104} {8424 95 false 105} {6099 95 false 106} {1374 95 false 107} {2506 95 false 108} {7804 95 false 109} {5971 95 false 110} {3293 95 false 111} {6828 95 false 112} {5896 95 false 113} {2846 95 false 114} {1290 95 false 115} {7082 95 false 116} {4917 95 false 117} {3250 95 false 118} {248 95 false 119} {1140 95 false 120} {1245 95 false 121} {6024 95 false 122} {4473 95 false 123} {2136 95 false 124} {4154 95 false 125} {2583 95 false 126} {708 95 false 127} {4481 95 false 128} {6476 95 false 129} {5036 95 false 130} {4065 95 false 131} {6200 95 false 132} {1397 95 false 133} {4279 95 false 134} {6833 95 false 135} {4346 95 false 136} {3317 95 false 137} {4185 95 false 138} {4000 95 false 139} {2185 95 false 140} {8037 95 false 141} {1968 95 false 142} {6414 95 false 143} {6351 95 false 144} {1290 95 false 145} {255 95 false 146} {5814 95 false 147} {9138 95 false 148} {1249 95 false 149} {8088 95 false 150} {61 95 false 151} {6456 95 false 152} {9658 95 false 153} {2752 95 false 154} {4915 95 false 155} {2443 95 false 156} {4194 95 false 157} {928 95 false 158} {5614 95 false 159} {8999 95 false 160} {1953 95 false 161} {2650 95 false 162} {3468 95 false 163} {1123 95 false 164} {3774 95 false 165} {6358 95 false 166} {5925 95 false 167} {338 95 false 168} {99 95 false 169} {4512 95 false 170} {7477 95 false 171} {169 95 false 172} {6395 95 false 173} {7193 95 false 174} {2353 95 false 175} {3277 95 false 176} {6306 95 false 177} {5511 95 false 178} {2355 95 false 179} {8128 95 false 180} {6058 95 false 181} {7487 95 false 182} {9104 95 false 183} {9659 95 false 184} {3870 95 false 185} {7666 95 false 186} {8351 95 false 187} {9904 95 false 188} {3086 95 false 189} {4239 95 false 190} {9285 95 false 191} {8547 95 false 192} {5397 95 false 193} {6203 95 false 194} {2701 95 false 195} {281 95 false 196} {5684 95 false 197} {6931 95 false 198} {1998 95 false 199} {3892 95 false 200} {8994 95 false 201} {8648 95 false 202} {4605 95 false 203} {4080 95 false 204} {3229 95 false 205} {1192 95 false 206} {7753 95 false 207} {2164 95 false 208} {3086 95 false 209} {5245 95 false 210} {7102 95 false 211} {8818 95 false 212} {5017 95 false 213} {7628 95 false 214} {6028 95 false 215} {590 95 false 216} {6004 95 false 217} {2477 95 false 218} {6033 95 false 219} {4971 95 false 220} {7653 95 false 221} {4210 95 false 222} {654 95 false 223} {1347 95 false 224} {548 95 false 225} {2425 95 false 226} {7551 95 false 227} {147 95 false 228} {3398 95 false 229} {9137 95 false 230} {5214 95 false 231} {1870 95 false 232} {2007 95 false 233} {4259 95 false 234} {5871 95 false 235} {1999 95 false 236} {2250 95 false 237} {2233 95 false 238} {9889 95 false 239} {3674 95 false 240} {3867 95 false 241} {9585 95 false 242} {7532 95 false 243} {3418 95 false 244} {1920 95 false 245} {5828 95 false 246} {3723 95 false 247} {197 95 false 248} {3771 95 false 249} {9308 95 false 250} {8474 95 false 251} {6670 95 false 252} {8023 95 false 253} {9827 95 false 254} {745 95 false 255} {9541 95 false 256} {4130 95 false 257} {3683 95 false 258} {244 95 false 259} {1055 95 false 260} {7937 95 false 261} {9098 95 false 262} {8583 141 false 263} {4509 141 false 264} {5945 141 false 265} {7900 141 false 266} {8891 141 false 267} {8803 141 false 268} {2042 141 false 269} {8293 141 false 270} {4473 141 false 271} {6604 141 false 272} {5376 141 false 273} {6396 141 false 274} {8674 141 false 275} {5663 141 false 276} {1465 141 false 277} {4305 141 false 278} {29 141 false 279} {5595 141 false 280} {5764 141 false 281} {473 141 false 282} {6305 141 false 283} {273 141 false 284} {3146 141 false 285} {9506 141 false 286} {4632 141 false 287} {6027 141 false 288} {6952 141 false 289} {8257 141 false 290} {9649 141 false 291} {4178 141 false 292} {7266 141 false 293} {2232 141 false 294} {1973 141 false 295} {1704 141 false 296} {9529 141 false 297} {7427 141 false 298} {4392 141 false 299} {8497 141 false 300} {8041 141 false 301} {5966 141 false 302} {8440 141 false 303} {2229 141 false 304} {815 141 false 305} {1570 141 false 306} {6889 141 false 307} {4416 141 false 308} {651 141 false 309} {8692 141 false 310} {5425 141 false 311} {4142 141 false 312} {1077 141 false 313} {7325 141 false 314} {2814 141 false 315} {202 141 false 316} {7450 141 false 317} {8805 141 false 318} {3424 141 false 319} {3006 141 false 320} {4641 141 false 321} {2604 141 false 322} {3988 141 false 323} {8515 141 false 324} {4262 141 false 325} {6619 141 false 326} {8498 141 false 327} {9672 141 false 328} {8418 141 false 329} {5033 141 false 330} {5311 141 false 331} {9242 141 false 332} {7380 141 false 333} {5261 141 false 334} {9100 141 false 335} {4374 141 false 336} {2866 141 false 337} {290 141 false 338} {2261 141 false 339} {120 141 false 340} {7072 141 false 341} {7931 141 false 342} {2635 141 false 343} {1951 141 false 344} {8594 141 false 345} {4127 141 false 346} {2386 141 false 347} {2174 141 false 348} {3837 141 false 349} {8358 141 false 350} {7353 141 false 351} {2094 141 false 352} {569 141 false 353} {8759 141 false 354} {1223 141 false 355} {3599 141 false 356} {123 141 false 357} {3680 141 false 358} {6063 141 false 359} {8870 141 false 360} {8775 141 false 361} {2959 141 false 362} {8613 141 false 363} {3399 141 false 364} {1931 141 false 365} {3362 141 false 366} {9117 141 false 367} {2364 141 false 368} {7785 141 false 369} {5066 141 false 370} {6181 141 false 371} {6803 141 false 372} {6922 141 false 373} {4098 141 false 374} {869 141 false 375} {4009 141 false 376} {1013 141 false 377} {4881 141 false 378} {3898 141 false 379} {1276 141 false 380} {3816 141 false 381} {9317 141 false 382} {8377 141 false 383} {9596 141 false 384} {3339 141 false 385} {1374 141 false 386} {4753 141 false 387} {5037 141 false 388} {8833 141 false 389}] 
2025/11/03 17:32:39 [17:32:39.380] [Node:2] [HEARTBEAT] [Trace:HB_2_163] Follower等心跳 status FOLLOWER term:163 commitIndex:24
2025/11/03 17:32:39 [17:32:39.401] [Node:2] [LOG_REPLICA] [Trace:LOG_0_163][0->2] AppendEntries 收到 term:163 leaderId:0 prevLogIndex:389 prevLogTerm:141 entries:1 leaderCommit:24 isHeartbeat:false currentTerm:163 status:FOLLOWER
2025/11/03 17:32:39 [17:32:39.401] [Node:2] [LOG_REPLICA] [Trace:LOG_0_163][0->2] 打印日志结果:[{<nil> 0 false 0} {9885 2 false 1} {7369 4 false 2} {377 9 false 3} {5698 9 false 4} {3675 9 false 5} {7576 9 false 6} {6501 9 false 7} {8962 9 false 8} {9292 11 false 9} {5826 14 false 10} {1116 14 false 11} {8927 16 false 12} {615 16 false 13} {3625 16 false 14} {1425 16 false 15} {9709 16 false 16} {3423 16 false 17} {3134 16 false 18} {3657 16 false 19} {8171 16 false 20} {9440 16 false 21} {6470 16 false 22} {1363 16 false 23} {716 16 false 24} {2684 16 false 25} {5836 19 false 26} {5544 19 false 27} {713 19 false 28} {6403 19 false 29} {881 19 false 30} {3832 19 false 31} {4831 19 false 32} {989 19 false 33} {3559 19 false 34} {4757 19 false 35} {5501 19 false 36} {705 19 false 37} {528 19 false 38} {4304 19 false 39} {4358 19 false 40} {8941 19 false 41} {1994 19 false 42} {411 19 false 43} {7043 95 false 44} {2699 95 false 45} {8150 95 false 46} {8874 95 false 47} {7096 95 false 48} {4872 95 false 49} {3988 95 false 50} {2554 95 false 51} {554 95 false 52} {2953 95 false 53} {9230 95 false 54} {8688 95 false 55} {9094 95 false 56} {3997 95 false 57} {2894 95 false 58} {5667 95 false 59} {3509 95 false 60} {4539 95 false 61} {1900 95 false 62} {395 95 false 63} {4338 95 false 64} {9052 95 false 65} {6681 95 false 66} {5152 95 false 67} {2250 95 false 68} {7353 95 false 69} {7300 95 false 70} {9476 95 false 71} {5907 95 false 72} {8352 95 false 73} {3326 95 false 74} {2806 95 false 75} {5167 95 false 76} {3514 95 false 77} {7493 95 false 78} {3260 95 false 79} {2440 95 false 80} {2920 95 false 81} {8285 95 false 82} {4140 95 false 83} {8602 95 false 84} {5537 95 false 85} {4663 95 false 86} {8098 95 false 87} {743 95 false 88} {9006 95 false 89} {6480 95 false 90} {4305 95 false 91} {7754 95 false 92} {612 95 false 93} {7820 95 false 94} {4607 95 false 95} {7256 95 false 96} {4888 95 false 97} {1311 95 false 98} {8099 95 false 99} {1197 95 false 100} {2238 95 false 101} {2354 95 false 102} {3362 95 false 103} {919 95 false 104} {8424 95 false 105} {6099 95 false 106} {1374 95 false 107} {2506 95 false 108} {7804 95 false 109} {5971 95 false 110} {3293 95 false 111} {6828 95 false 112} {5896 95 false 113} {2846 95 false 114} {1290 95 false 115} {7082 95 false 116} {4917 95 false 117} {3250 95 false 118} {248 95 false 119} {1140 95 false 120} {1245 95 false 121} {6024 95 false 122} {4473 95 false 123} {2136 95 false 124} {4154 95 false 125} {2583 95 false 126} {708 95 false 127} {4481 95 false 128} {6476 95 false 129} {5036 95 false 130} {4065 95 false 131} {6200 95 false 132} {1397 95 false 133} {4279 95 false 134} {6833 95 false 135} {4346 95 false 136} {3317 95 false 137} {4185 95 false 138} {4000 95 false 139} {2185 95 false 140} {8037 95 false 141} {1968 95 false 142} {6414 95 false 143} {6351 95 false 144} {1290 95 false 145} {255 95 false 146} {5814 95 false 147} {9138 95 false 148} {1249 95 false 149} {8088 95 false 150} {61 95 false 151} {6456 95 false 152} {9658 95 false 153} {2752 95 false 154} {4915 95 false 155} {2443 95 false 156} {4194 95 false 157} {928 95 false 158} {5614 95 false 159} {8999 95 false 160} {1953 95 false 161} {2650 95 false 162} {3468 95 false 163} {1123 95 false 164} {3774 95 false 165} {6358 95 false 166} {5925 95 false 167} {338 95 false 168} {99 95 false 169} {4512 95 false 170} {7477 95 false 171} {169 95 false 172} {6395 95 false 173} {7193 95 false 174} {2353 95 false 175} {3277 95 false 176} {6306 95 false 177} {5511 95 false 178} {2355 95 false 179} {8128 95 false 180} {6058 95 false 181} {7487 95 false 182} {9104 95 false 183} {9659 95 false 184} {3870 95 false 185} {7666 95 false 186} {8351 95 false 187} {9904 95 false 188} {3086 95 false 189} {4239 95 false 190} {9285 95 false 191} {8547 95 false 192} {5397 95 false 193} {6203 95 false 194} {2701 95 false 195} {281 95 false 196} {5684 95 false 197} {6931 95 false 198} {1998 95 false 199} {3892 95 false 200} {8994 95 false 201} {8648 95 false 202} {4605 95 false 203} {4080 95 false 204} {3229 95 false 205} {1192 95 false 206} {7753 95 false 207} {2164 95 false 208} {3086 95 false 209} {5245 95 false 210} {7102 95 false 211} {8818 95 false 212} {5017 95 false 213} {7628 95 false 214} {6028 95 false 215} {590 95 false 216} {6004 95 false 217} {2477 95 false 218} {6033 95 false 219} {4971 95 false 220} {7653 95 false 221} {4210 95 false 222} {654 95 false 223} {1347 95 false 224} {548 95 false 225} {2425 95 false 226} {7551 95 false 227} {147 95 false 228} {3398 95 false 229} {9137 95 false 230} {5214 95 false 231} {1870 95 false 232} {2007 95 false 233} {4259 95 false 234} {5871 95 false 235} {1999 95 false 236} {2250 95 false 237} {2233 95 false 238} {9889 95 false 239} {3674 95 false 240} {3867 95 false 241} {9585 95 false 242} {7532 95 false 243} {3418 95 false 244} {1920 95 false 245} {5828 95 false 246} {3723 95 false 247} {197 95 false 248} {3771 95 false 249} {9308 95 false 250} {8474 95 false 251} {6670 95 false 252} {8023 95 false 253} {9827 95 false 254} {745 95 false 255} {9541 95 false 256} {4130 95 false 257} {3683 95 false 258} {244 95 false 259} {1055 95 false 260} {7937 95 false 261} {9098 95 false 262} {8583 141 false 263} {4509 141 false 264} {5945 141 false 265} {7900 141 false 266} {8891 141 false 267} {8803 141 false 268} {2042 141 false 269} {8293 141 false 270} {4473 141 false 271} {6604 141 false 272} {5376 141 false 273} {6396 141 false 274} {8674 141 false 275} {5663 141 false 276} {1465 141 false 277} {4305 141 false 278} {29 141 false 279} {5595 141 false 280} {5764 141 false 281} {473 141 false 282} {6305 141 false 283} {273 141 false 284} {3146 141 false 285} {9506 141 false 286} {4632 141 false 287} {6027 141 false 288} {6952 141 false 289} {8257 141 false 290} {9649 141 false 291} {4178 141 false 292} {7266 141 false 293} {2232 141 false 294} {1973 141 false 295} {1704 141 false 296} {9529 141 false 297} {7427 141 false 298} {4392 141 false 299} {8497 141 false 300} {8041 141 false 301} {5966 141 false 302} {8440 141 false 303} {2229 141 false 304} {815 141 false 305} {1570 141 false 306} {6889 141 false 307} {4416 141 false 308} {651 141 false 309} {8692 141 false 310} {5425 141 false 311} {4142 141 false 312} {1077 141 false 313} {7325 141 false 314} {2814 141 false 315} {202 141 false 316} {7450 141 false 317} {8805 141 false 318} {3424 141 false 319} {3006 141 false 320} {4641 141 false 321} {2604 141 false 322} {3988 141 false 323} {8515 141 false 324} {4262 141 false 325} {6619 141 false 326} {8498 141 false 327} {9672 141 false 328} {8418 141 false 329} {5033 141 false 330} {5311 141 false 331} {9242 141 false 332} {7380 141 false 333} {5261 141 false 334} {9100 141 false 335} {4374 141 false 336} {2866 141 false 337} {290 141 false 338} {2261 141 false 339} {120 141 false 340} {7072 141 false 341} {7931 141 false 342} {2635 141 false 343} {1951 141 false 344} {8594 141 false 345} {4127 141 false 346} {2386 141 false 347} {2174 141 false 348} {3837 141 false 349} {8358 141 false 350} {7353 141 false 351} {2094 141 false 352} {569 141 false 353} {8759 141 false 354} {1223 141 false 355} {3599 141 false 356} {123 141 false 357} {3680 141 false 358} {6063 141 false 359} {8870 141 false 360} {8775 141 false 361} {2959 141 false 362} {8613 141 false 363} {3399 141 false 364} {1931 141 false 365} {3362 141 false 366} {9117 141 false 367} {2364 141 false 368} {7785 141 false 369} {5066 141 false 370} {6181 141 false 371} {6803 141 false 372} {6922 141 false 373} {4098 141 false 374} {869 141 false 375} {4009 141 false 376} {1013 141 false 377} {4881 141 false 378} {3898 141 false 379} {1276 141 false 380} {3816 141 false 381} {9317 141 false 382} {8377 141 false 383} {9596 141 false 384} {3339 141 false 385} {1374 141 false 386} {4753 141 false 387} {5037 141 false 388} {8833 141 false 389}] 
2025/11/03 17:32:39 [17:32:39.405] [Node:2] [LOG_REPLICA] [Trace:LOG_0_163][0->2] 复制日志结果:[{<nil> 0 false 0} {9885 2 false 1} {7369 4 false 2} {377 9 false 3} {5698 9 false 4} {3675 9 false 5} {7576 9 false 6} {6501 9 false 7} {8962 9 false 8} {9292 11 false 9} {5826 14 false 10} {1116 14 false 11} {8927 16 false 12} {615 16 false 13} {3625 16 false 14} {1425 16 false 15} {9709 16 false 16} {3423 16 false 17} {3134 16 false 18} {3657 16 false 19} {8171 16 false 20} {9440 16 false 21} {6470 16 false 22} {1363 16 false 23} {716 16 false 24} {2684 16 false 25} {5836 19 false 26} {5544 19 false 27} {713 19 false 28} {6403 19 false 29} {881 19 false 30} {3832 19 false 31} {4831 19 false 32} {989 19 false 33} {3559 19 false 34} {4757 19 false 35} {5501 19 false 36} {705 19 false 37} {528 19 false 38} {4304 19 false 39} {4358 19 false 40} {8941 19 false 41} {1994 19 false 42} {411 19 false 43} {7043 95 false 44} {2699 95 false 45} {8150 95 false 46} {8874 95 false 47} {7096 95 false 48} {4872 95 false 49} {3988 95 false 50} {2554 95 false 51} {554 95 false 52} {2953 95 false 53} {9230 95 false 54} {8688 95 false 55} {9094 95 false 56} {3997 95 false 57} {2894 95 false 58} {5667 95 false 59} {3509 95 false 60} {4539 95 false 61} {1900 95 false 62} {395 95 false 63} {4338 95 false 64} {9052 95 false 65} {6681 95 false 66} {5152 95 false 67} {2250 95 false 68} {7353 95 false 69} {7300 95 false 70} {9476 95 false 71} {5907 95 false 72} {8352 95 false 73} {3326 95 false 74} {2806 95 false 75} {5167 95 false 76} {3514 95 false 77} {7493 95 false 78} {3260 95 false 79} {2440 95 false 80} {2920 95 false 81} {8285 95 false 82} {4140 95 false 83} {8602 95 false 84} {5537 95 false 85} {4663 95 false 86} {8098 95 false 87} {743 95 false 88} {9006 95 false 89} {6480 95 false 90} {4305 95 false 91} {7754 95 false 92} {612 95 false 93} {7820 95 false 94} {4607 95 false 95} {7256 95 false 96} {4888 95 false 97} {1311 95 false 98} {8099 95 false 99} {1197 95 false 100} {2238 95 false 101} {2354 95 false 102} {3362 95 false 103} {919 95 false 104} {8424 95 false 105} {6099 95 false 106} {1374 95 false 107} {2506 95 false 108} {7804 95 false 109} {5971 95 false 110} {3293 95 false 111} {6828 95 false 112} {5896 95 false 113} {2846 95 false 114} {1290 95 false 115} {7082 95 false 116} {4917 95 false 117} {3250 95 false 118} {248 95 false 119} {1140 95 false 120} {1245 95 false 121} {6024 95 false 122} {4473 95 false 123} {2136 95 false 124} {4154 95 false 125} {2583 95 false 126} {708 95 false 127} {4481 95 false 128} {6476 95 false 129} {5036 95 false 130} {4065 95 false 131} {6200 95 false 132} {1397 95 false 133} {4279 95 false 134} {6833 95 false 135} {4346 95 false 136} {3317 95 false 137} {4185 95 false 138} {4000 95 false 139} {2185 95 false 140} {8037 95 false 141} {1968 95 false 142} {6414 95 false 143} {6351 95 false 144} {1290 95 false 145} {255 95 false 146} {5814 95 false 147} {9138 95 false 148} {1249 95 false 149} {8088 95 false 150} {61 95 false 151} {6456 95 false 152} {9658 95 false 153} {2752 95 false 154} {4915 95 false 155} {2443 95 false 156} {4194 95 false 157} {928 95 false 158} {5614 95 false 159} {8999 95 false 160} {1953 95 false 161} {2650 95 false 162} {3468 95 false 163} {1123 95 false 164} {3774 95 false 165} {6358 95 false 166} {5925 95 false 167} {338 95 false 168} {99 95 false 169} {4512 95 false 170} {7477 95 false 171} {169 95 false 172} {6395 95 false 173} {7193 95 false 174} {2353 95 false 175} {3277 95 false 176} {6306 95 false 177} {5511 95 false 178} {2355 95 false 179} {8128 95 false 180} {6058 95 false 181} {7487 95 false 182} {9104 95 false 183} {9659 95 false 184} {3870 95 false 185} {7666 95 false 186} {8351 95 false 187} {9904 95 false 188} {3086 95 false 189} {4239 95 false 190} {9285 95 false 191} {8547 95 false 192} {5397 95 false 193} {6203 95 false 194} {2701 95 false 195} {281 95 false 196} {5684 95 false 197} {6931 95 false 198} {1998 95 false 199} {3892 95 false 200} {8994 95 false 201} {8648 95 false 202} {4605 95 false 203} {4080 95 false 204} {3229 95 false 205} {1192 95 false 206} {7753 95 false 207} {2164 95 false 208} {3086 95 false 209} {5245 95 false 210} {7102 95 false 211} {8818 95 false 212} {5017 95 false 213} {7628 95 false 214} {6028 95 false 215} {590 95 false 216} {6004 95 false 217} {2477 95 false 218} {6033 95 false 219} {4971 95 false 220} {7653 95 false 221} {4210 95 false 222} {654 95 false 223} {1347 95 false 224} {548 95 false 225} {2425 95 false 226} {7551 95 false 227} {147 95 false 228} {3398 95 false 229} {9137 95 false 230} {5214 95 false 231} {1870 95 false 232} {2007 95 false 233} {4259 95 false 234} {5871 95 false 235} {1999 95 false 236} {2250 95 false 237} {2233 95 false 238} {9889 95 false 239} {3674 95 false 240} {3867 95 false 241} {9585 95 false 242} {7532 95 false 243} {3418 95 false 244} {1920 95 false 245} {5828 95 false 246} {3723 95 false 247} {197 95 false 248} {3771 95 false 249} {9308 95 false 250} {8474 95 false 251} {6670 95 false 252} {8023 95 false 253} {9827 95 false 254} {745 95 false 255} {9541 95 false 256} {4130 95 false 257} {3683 95 false 258} {244 95 false 259} {1055 95 false 260} {7937 95 false 261} {9098 95 false 262} {8583 141 false 263} {4509 141 false 264} {5945 141 false 265} {7900 141 false 266} {8891 141 false 267} {8803 141 false 268} {2042 141 false 269} {8293 141 false 270} {4473 141 false 271} {6604 141 false 272} {5376 141 false 273} {6396 141 false 274} {8674 141 false 275} {5663 141 false 276} {1465 141 false 277} {4305 141 false 278} {29 141 false 279} {5595 141 false 280} {5764 141 false 281} {473 141 false 282} {6305 141 false 283} {273 141 false 284} {3146 141 false 285} {9506 141 false 286} {4632 141 false 287} {6027 141 false 288} {6952 141 false 289} {8257 141 false 290} {9649 141 false 291} {4178 141 false 292} {7266 141 false 293} {2232 141 false 294} {1973 141 false 295} {1704 141 false 296} {9529 141 false 297} {7427 141 false 298} {4392 141 false 299} {8497 141 false 300} {8041 141 false 301} {5966 141 false 302} {8440 141 false 303} {2229 141 false 304} {815 141 false 305} {1570 141 false 306} {6889 141 false 307} {4416 141 false 308} {651 141 false 309} {8692 141 false 310} {5425 141 false 311} {4142 141 false 312} {1077 141 false 313} {7325 141 false 314} {2814 141 false 315} {202 141 false 316} {7450 141 false 317} {8805 141 false 318} {3424 141 false 319} {3006 141 false 320} {4641 141 false 321} {2604 141 false 322} {3988 141 false 323} {8515 141 false 324} {4262 141 false 325} {6619 141 false 326} {8498 141 false 327} {9672 141 false 328} {8418 141 false 329} {5033 141 false 330} {5311 141 false 331} {9242 141 false 332} {7380 141 false 333} {5261 141 false 334} {9100 141 false 335} {4374 141 false 336} {2866 141 false 337} {290 141 false 338} {2261 141 false 339} {120 141 false 340} {7072 141 false 341} {7931 141 false 342} {2635 141 false 343} {1951 141 false 344} {8594 141 false 345} {4127 141 false 346} {2386 141 false 347} {2174 141 false 348} {3837 141 false 349} {8358 141 false 350} {7353 141 false 351} {2094 141 false 352} {569 141 false 353} {8759 141 false 354} {1223 141 false 355} {3599 141 false 356} {123 141 false 357} {3680 141 false 358} {6063 141 false 359} {8870 141 false 360} {8775 141 false 361} {2959 141 false 362} {8613 141 false 363} {3399 141 false 364} {1931 141 false 365} {3362 141 false 366} {9117 141 false 367} {2364 141 false 368} {7785 141 false 369} {5066 141 false 370} {6181 141 false 371} {6803 141 false 372} {6922 141 false 373} {4098 141 false 374} {869 141 false 375} {4009 141 false 376} {1013 141 false 377} {4881 141 false 378} {3898 141 false 379} {1276 141 false 380} {3816 141 false 381} {9317 141 false 382} {8377 141 false 383} {9596 141 false 384} {3339 141 false 385} {1374 141 false 386} {4753 141 false 387} {5037 141 false 388} {8833 141 false 389} {8833 163 false 390}] 
2025/11/03 17:32:39 [17:32:39.481] [Node:2] [HEARTBEAT] [Trace:HB_2_163] Follower等心跳 status FOLLOWER term:163 commitIndex:24
2025/11/03 17:32:39 [17:32:39.513] [Node:2] [LOG_REPLICA] [Trace:LOG_0_163][0->2] AppendEntries 收到 term:163 leaderId:0 prevLogIndex:389 prevLogTerm:141 entries:1 leaderCommit:24 isHeartbeat:false currentTerm:163 status:FOLLOWER
2025/11/03 17:32:39 [17:32:39.513] [Node:2] [LOG_REPLICA] [Trace:LOG_0_163][0->2] 打印日志结果:[{<nil> 0 false 0} {9885 2 false 1} {7369 4 false 2} {377 9 false 3} {5698 9 false 4} {3675 9 false 5} {7576 9 false 6} {6501 9 false 7} {8962 9 false 8} {9292 11 false 9} {5826 14 false 10} {1116 14 false 11} {8927 16 false 12} {615 16 false 13} {3625 16 false 14} {1425 16 false 15} {9709 16 false 16} {3423 16 false 17} {3134 16 false 18} {3657 16 false 19} {8171 16 false 20} {9440 16 false 21} {6470 16 false 22} {1363 16 false 23} {716 16 false 24} {2684 16 false 25} {5836 19 false 26} {5544 19 false 27} {713 19 false 28} {6403 19 false 29} {881 19 false 30} {3832 19 false 31} {4831 19 false 32} {989 19 false 33} {3559 19 false 34} {4757 19 false 35} {5501 19 false 36} {705 19 false 37} {528 19 false 38} {4304 19 false 39} {4358 19 false 40} {8941 19 false 41} {1994 19 false 42} {411 19 false 43} {7043 95 false 44} {2699 95 false 45} {8150 95 false 46} {8874 95 false 47} {7096 95 false 48} {4872 95 false 49} {3988 95 false 50} {2554 95 false 51} {554 95 false 52} {2953 95 false 53} {9230 95 false 54} {8688 95 false 55} {9094 95 false 56} {3997 95 false 57} {2894 95 false 58} {5667 95 false 59} {3509 95 false 60} {4539 95 false 61} {1900 95 false 62} {395 95 false 63} {4338 95 false 64} {9052 95 false 65} {6681 95 false 66} {5152 95 false 67} {2250 95 false 68} {7353 95 false 69} {7300 95 false 70} {9476 95 false 71} {5907 95 false 72} {8352 95 false 73} {3326 95 false 74} {2806 95 false 75} {5167 95 false 76} {3514 95 false 77} {7493 95 false 78} {3260 95 false 79} {2440 95 false 80} {2920 95 false 81} {8285 95 false 82} {4140 95 false 83} {8602 95 false 84} {5537 95 false 85} {4663 95 false 86} {8098 95 false 87} {743 95 false 88} {9006 95 false 89} {6480 95 false 90} {4305 95 false 91} {7754 95 false 92} {612 95 false 93} {7820 95 false 94} {4607 95 false 95} {7256 95 false 96} {4888 95 false 97} {1311 95 false 98} {8099 95 false 99} {1197 95 false 100} {2238 95 false 101} {2354 95 false 102} {3362 95 false 103} {919 95 false 104} {8424 95 false 105} {6099 95 false 106} {1374 95 false 107} {2506 95 false 108} {7804 95 false 109} {5971 95 false 110} {3293 95 false 111} {6828 95 false 112} {5896 95 false 113} {2846 95 false 114} {1290 95 false 115} {7082 95 false 116} {4917 95 false 117} {3250 95 false 118} {248 95 false 119} {1140 95 false 120} {1245 95 false 121} {6024 95 false 122} {4473 95 false 123} {2136 95 false 124} {4154 95 false 125} {2583 95 false 126} {708 95 false 127} {4481 95 false 128} {6476 95 false 129} {5036 95 false 130} {4065 95 false 131} {6200 95 false 132} {1397 95 false 133} {4279 95 false 134} {6833 95 false 135} {4346 95 false 136} {3317 95 false 137} {4185 95 false 138} {4000 95 false 139} {2185 95 false 140} {8037 95 false 141} {1968 95 false 142} {6414 95 false 143} {6351 95 false 144} {1290 95 false 145} {255 95 false 146} {5814 95 false 147} {9138 95 false 148} {1249 95 false 149} {8088 95 false 150} {61 95 false 151} {6456 95 false 152} {9658 95 false 153} {2752 95 false 154} {4915 95 false 155} {2443 95 false 156} {4194 95 false 157} {928 95 false 158} {5614 95 false 159} {8999 95 false 160} {1953 95 false 161} {2650 95 false 162} {3468 95 false 163} {1123 95 false 164} {3774 95 false 165} {6358 95 false 166} {5925 95 false 167} {338 95 false 168} {99 95 false 169} {4512 95 false 170} {7477 95 false 171} {169 95 false 172} {6395 95 false 173} {7193 95 false 174} {2353 95 false 175} {3277 95 false 176} {6306 95 false 177} {5511 95 false 178} {2355 95 false 179} {8128 95 false 180} {6058 95 false 181} {7487 95 false 182} {9104 95 false 183} {9659 95 false 184} {3870 95 false 185} {7666 95 false 186} {8351 95 false 187} {9904 95 false 188} {3086 95 false 189} {4239 95 false 190} {9285 95 false 191} {8547 95 false 192} {5397 95 false 193} {6203 95 false 194} {2701 95 false 195} {281 95 false 196} {5684 95 false 197} {6931 95 false 198} {1998 95 false 199} {3892 95 false 200} {8994 95 false 201} {8648 95 false 202} {4605 95 false 203} {4080 95 false 204} {3229 95 false 205} {1192 95 false 206} {7753 95 false 207} {2164 95 false 208} {3086 95 false 209} {5245 95 false 210} {7102 95 false 211} {8818 95 false 212} {5017 95 false 213} {7628 95 false 214} {6028 95 false 215} {590 95 false 216} {6004 95 false 217} {2477 95 false 218} {6033 95 false 219} {4971 95 false 220} {7653 95 false 221} {4210 95 false 222} {654 95 false 223} {1347 95 false 224} {548 95 false 225} {2425 95 false 226} {7551 95 false 227} {147 95 false 228} {3398 95 false 229} {9137 95 false 230} {5214 95 false 231} {1870 95 false 232} {2007 95 false 233} {4259 95 false 234} {5871 95 false 235} {1999 95 false 236} {2250 95 false 237} {2233 95 false 238} {9889 95 false 239} {3674 95 false 240} {3867 95 false 241} {9585 95 false 242} {7532 95 false 243} {3418 95 false 244} {1920 95 false 245} {5828 95 false 246} {3723 95 false 247} {197 95 false 248} {3771 95 false 249} {9308 95 false 250} {8474 95 false 251} {6670 95 false 252} {8023 95 false 253} {9827 95 false 254} {745 95 false 255} {9541 95 false 256} {4130 95 false 257} {3683 95 false 258} {244 95 false 259} {1055 95 false 260} {7937 95 false 261} {9098 95 false 262} {8583 141 false 263} {4509 141 false 264} {5945 141 false 265} {7900 141 false 266} {8891 141 false 267} {8803 141 false 268} {2042 141 false 269} {8293 141 false 270} {4473 141 false 271} {6604 141 false 272} {5376 141 false 273} {6396 141 false 274} {8674 141 false 275} {5663 141 false 276} {1465 141 false 277} {4305 141 false 278} {29 141 false 279} {5595 141 false 280} {5764 141 false 281} {473 141 false 282} {6305 141 false 283} {273 141 false 284} {3146 141 false 285} {9506 141 false 286} {4632 141 false 287} {6027 141 false 288} {6952 141 false 289} {8257 141 false 290} {9649 141 false 291} {4178 141 false 292} {7266 141 false 293} {2232 141 false 294} {1973 141 false 295} {1704 141 false 296} {9529 141 false 297} {7427 141 false 298} {4392 141 false 299} {8497 141 false 300} {8041 141 false 301} {5966 141 false 302} {8440 141 false 303} {2229 141 false 304} {815 141 false 305} {1570 141 false 306} {6889 141 false 307} {4416 141 false 308} {651 141 false 309} {8692 141 false 310} {5425 141 false 311} {4142 141 false 312} {1077 141 false 313} {7325 141 false 314} {2814 141 false 315} {202 141 false 316} {7450 141 false 317} {8805 141 false 318} {3424 141 false 319} {3006 141 false 320} {4641 141 false 321} {2604 141 false 322} {3988 141 false 323} {8515 141 false 324} {4262 141 false 325} {6619 141 false 326} {8498 141 false 327} {9672 141 false 328} {8418 141 false 329} {5033 141 false 330} {5311 141 false 331} {9242 141 false 332} {7380 141 false 333} {5261 141 false 334} {9100 141 false 335} {4374 141 false 336} {2866 141 false 337} {290 141 false 338} {2261 141 false 339} {120 141 false 340} {7072 141 false 341} {7931 141 false 342} {2635 141 false 343} {1951 141 false 344} {8594 141 false 345} {4127 141 false 346} {2386 141 false 347} {2174 141 false 348} {3837 141 false 349} {8358 141 false 350} {7353 141 false 351} {2094 141 false 352} {569 141 false 353} {8759 141 false 354} {1223 141 false 355} {3599 141 false 356} {123 141 false 357} {3680 141 false 358} {6063 141 false 359} {8870 141 false 360} {8775 141 false 361} {2959 141 false 362} {8613 141 false 363} {3399 141 false 364} {1931 141 false 365} {3362 141 false 366} {9117 141 false 367} {2364 141 false 368} {7785 141 false 369} {5066 141 false 370} {6181 141 false 371} {6803 141 false 372} {6922 141 false 373} {4098 141 false 374} {869 141 false 375} {4009 141 false 376} {1013 141 false 377} {4881 141 false 378} {3898 141 false 379} {1276 141 false 380} {3816 141 false 381} {9317 141 false 382} {8377 141 false 383} {9596 141 false 384} {3339 141 false 385} {1374 141 false 386} {4753 141 false 387} {5037 141 false 388} {8833 141 false 389} {8833 163 false 390}] 
2025/11/03 17:32:39 [17:32:39.515] [Node:2] [LOG_REPLICA] [Trace:LOG_0_163][0->2] 复制日志结果:[{<nil> 0 false 0} {9885 2 false 1} {7369 4 false 2} {377 9 false 3} {5698 9 false 4} {3675 9 false 5} {7576 9 false 6} {6501 9 false 7} {8962 9 false 8} {9292 11 false 9} {5826 14 false 10} {1116 14 false 11} {8927 16 false 12} {615 16 false 13} {3625 16 false 14} {1425 16 false 15} {9709 16 false 16} {3423 16 false 17} {3134 16 false 18} {3657 16 false 19} {8171 16 false 20} {9440 16 false 21} {6470 16 false 22} {1363 16 false 23} {716 16 false 24} {2684 16 false 25} {5836 19 false 26} {5544 19 false 27} {713 19 false 28} {6403 19 false 29} {881 19 false 30} {3832 19 false 31} {4831 19 false 32} {989 19 false 33} {3559 19 false 34} {4757 19 false 35} {5501 19 false 36} {705 19 false 37} {528 19 false 38} {4304 19 false 39} {4358 19 false 40} {8941 19 false 41} {1994 19 false 42} {411 19 false 43} {7043 95 false 44} {2699 95 false 45} {8150 95 false 46} {8874 95 false 47} {7096 95 false 48} {4872 95 false 49} {3988 95 false 50} {2554 95 false 51} {554 95 false 52} {2953 95 false 53} {9230 95 false 54} {8688 95 false 55} {9094 95 false 56} {3997 95 false 57} {2894 95 false 58} {5667 95 false 59} {3509 95 false 60} {4539 95 false 61} {1900 95 false 62} {395 95 false 63} {4338 95 false 64} {9052 95 false 65} {6681 95 false 66} {5152 95 false 67} {2250 95 false 68} {7353 95 false 69} {7300 95 false 70} {9476 95 false 71} {5907 95 false 72} {8352 95 false 73} {3326 95 false 74} {2806 95 false 75} {5167 95 false 76} {3514 95 false 77} {7493 95 false 78} {3260 95 false 79} {2440 95 false 80} {2920 95 false 81} {8285 95 false 82} {4140 95 false 83} {8602 95 false 84} {5537 95 false 85} {4663 95 false 86} {8098 95 false 87} {743 95 false 88} {9006 95 false 89} {6480 95 false 90} {4305 95 false 91} {7754 95 false 92} {612 95 false 93} {7820 95 false 94} {4607 95 false 95} {7256 95 false 96} {4888 95 false 97} {1311 95 false 98} {8099 95 false 99} {1197 95 false 100} {2238 95 false 101} {2354 95 false 102} {3362 95 false 103} {919 95 false 104} {8424 95 false 105} {6099 95 false 106} {1374 95 false 107} {2506 95 false 108} {7804 95 false 109} {5971 95 false 110} {3293 95 false 111} {6828 95 false 112} {5896 95 false 113} {2846 95 false 114} {1290 95 false 115} {7082 95 false 116} {4917 95 false 117} {3250 95 false 118} {248 95 false 119} {1140 95 false 120} {1245 95 false 121} {6024 95 false 122} {4473 95 false 123} {2136 95 false 124} {4154 95 false 125} {2583 95 false 126} {708 95 false 127} {4481 95 false 128} {6476 95 false 129} {5036 95 false 130} {4065 95 false 131} {6200 95 false 132} {1397 95 false 133} {4279 95 false 134} {6833 95 false 135} {4346 95 false 136} {3317 95 false 137} {4185 95 false 138} {4000 95 false 139} {2185 95 false 140} {8037 95 false 141} {1968 95 false 142} {6414 95 false 143} {6351 95 false 144} {1290 95 false 145} {255 95 false 146} {5814 95 false 147} {9138 95 false 148} {1249 95 false 149} {8088 95 false 150} {61 95 false 151} {6456 95 false 152} {9658 95 false 153} {2752 95 false 154} {4915 95 false 155} {2443 95 false 156} {4194 95 false 157} {928 95 false 158} {5614 95 false 159} {8999 95 false 160} {1953 95 false 161} {2650 95 false 162} {3468 95 false 163} {1123 95 false 164} {3774 95 false 165} {6358 95 false 166} {5925 95 false 167} {338 95 false 168} {99 95 false 169} {4512 95 false 170} {7477 95 false 171} {169 95 false 172} {6395 95 false 173} {7193 95 false 174} {2353 95 false 175} {3277 95 false 176} {6306 95 false 177} {5511 95 false 178} {2355 95 false 179} {8128 95 false 180} {6058 95 false 181} {7487 95 false 182} {9104 95 false 183} {9659 95 false 184} {3870 95 false 185} {7666 95 false 186} {8351 95 false 187} {9904 95 false 188} {3086 95 false 189} {4239 95 false 190} {9285 95 false 191} {8547 95 false 192} {5397 95 false 193} {6203 95 false 194} {2701 95 false 195} {281 95 false 196} {5684 95 false 197} {6931 95 false 198} {1998 95 false 199} {3892 95 false 200} {8994 95 false 201} {8648 95 false 202} {4605 95 false 203} {4080 95 false 204} {3229 95 false 205} {1192 95 false 206} {7753 95 false 207} {2164 95 false 208} {3086 95 false 209} {5245 95 false 210} {7102 95 false 211} {8818 95 false 212} {5017 95 false 213} {7628 95 false 214} {6028 95 false 215} {590 95 false 216} {6004 95 false 217} {2477 95 false 218} {6033 95 false 219} {4971 95 false 220} {7653 95 false 221} {4210 95 false 222} {654 95 false 223} {1347 95 false 224} {548 95 false 225} {2425 95 false 226} {7551 95 false 227} {147 95 false 228} {3398 95 false 229} {9137 95 false 230} {5214 95 false 231} {1870 95 false 232} {2007 95 false 233} {4259 95 false 234} {5871 95 false 235} {1999 95 false 236} {2250 95 false 237} {2233 95 false 238} {9889 95 false 239} {3674 95 false 240} {3867 95 false 241} {9585 95 false 242} {7532 95 false 243} {3418 95 false 244} {1920 95 false 245} {5828 95 false 246} {3723 95 false 247} {197 95 false 248} {3771 95 false 249} {9308 95 false 250} {8474 95 false 251} {6670 95 false 252} {8023 95 false 253} {9827 95 false 254} {745 95 false 255} {9541 95 false 256} {4130 95 false 257} {3683 95 false 258} {244 95 false 259} {1055 95 false 260} {7937 95 false 261} {9098 95 false 262} {8583 141 false 263} {4509 141 false 264} {5945 141 false 265} {7900 141 false 266} {8891 141 false 267} {8803 141 false 268} {2042 141 false 269} {8293 141 false 270} {4473 141 false 271} {6604 141 false 272} {5376 141 false 273} {6396 141 false 274} {8674 141 false 275} {5663 141 false 276} {1465 141 false 277} {4305 141 false 278} {29 141 false 279} {5595 141 false 280} {5764 141 false 281} {473 141 false 282} {6305 141 false 283} {273 141 false 284} {3146 141 false 285} {9506 141 false 286} {4632 141 false 287} {6027 141 false 288} {6952 141 false 289} {8257 141 false 290} {9649 141 false 291} {4178 141 false 292} {7266 141 false 293} {2232 141 false 294} {1973 141 false 295} {1704 141 false 296} {9529 141 false 297} {7427 141 false 298} {4392 141 false 299} {8497 141 false 300} {8041 141 false 301} {5966 141 false 302} {8440 141 false 303} {2229 141 false 304} {815 141 false 305} {1570 141 false 306} {6889 141 false 307} {4416 141 false 308} {651 141 false 309} {8692 141 false 310} {5425 141 false 311} {4142 141 false 312} {1077 141 false 313} {7325 141 false 314} {2814 141 false 315} {202 141 false 316} {7450 141 false 317} {8805 141 false 318} {3424 141 false 319} {3006 141 false 320} {4641 141 false 321} {2604 141 false 322} {3988 141 false 323} {8515 141 false 324} {4262 141 false 325} {6619 141 false 326} {8498 141 false 327} {9672 141 false 328} {8418 141 false 329} {5033 141 false 330} {5311 141 false 331} {9242 141 false 332} {7380 141 false 333} {5261 141 false 334} {9100 141 false 335} {4374 141 false 336} {2866 141 false 337} {290 141 false 338} {2261 141 false 339} {120 141 false 340} {7072 141 false 341} {7931 141 false 342} {2635 141 false 343} {1951 141 false 344} {8594 141 false 345} {4127 141 false 346} {2386 141 false 347} {2174 141 false 348} {3837 141 false 349} {8358 141 false 350} {7353 141 false 351} {2094 141 false 352} {569 141 false 353} {8759 141 false 354} {1223 141 false 355} {3599 141 false 356} {123 141 false 357} {3680 141 false 358} {6063 141 false 359} {8870 141 false 360} {8775 141 false 361} {2959 141 false 362} {8613 141 false 363} {3399 141 false 364} {1931 141 false 365} {3362 141 false 366} {9117 141 false 367} {2364 141 false 368} {7785 141 false 369} {5066 141 false 370} {6181 141 false 371} {6803 141 false 372} {6922 141 false 373} {4098 141 false 374} {869 141 false 375} {4009 141 false 376} {1013 141 false 377} {4881 141 false 378} {3898 141 false 379} {1276 141 false 380} {3816 141 false 381} {9317 141 false 382} {8377 141 false 383} {9596 141 false 384} {3339 141 false 385} {1374 141 false 386} {4753 141 false 387} {5037 141 false 388} {8833 141 false 389} {8833 163 false 390}] 
2025/11/03 17:32:39 [17:32:39.581] [Node:2] [HEARTBEAT] [Trace:HB_2_163] Follower等心跳 status FOLLOWER term:163 commitIndex:24
2025/11/03 17:32:39 [17:32:39.605] [Node:2] [LOG_REPLICA] [Trace:LOG_0_163][0->2] AppendEntries 收到 term:163 leaderId:0 prevLogIndex:389 prevLogTerm:141 entries:1 leaderCommit:24 isHeartbeat:false currentTerm:163 status:FOLLOWER
2025/11/03 17:32:39 [17:32:39.605] [Node:2] [LOG_REPLICA] [Trace:LOG_0_163][0->2] 打印日志结果:[{<nil> 0 false 0} {9885 2 false 1} {7369 4 false 2} {377 9 false 3} {5698 9 false 4} {3675 9 false 5} {7576 9 false 6} {6501 9 false 7} {8962 9 false 8} {9292 11 false 9} {5826 14 false 10} {1116 14 false 11} {8927 16 false 12} {615 16 false 13} {3625 16 false 14} {1425 16 false 15} {9709 16 false 16} {3423 16 false 17} {3134 16 false 18} {3657 16 false 19} {8171 16 false 20} {9440 16 false 21} {6470 16 false 22} {1363 16 false 23} {716 16 false 24} {2684 16 false 25} {5836 19 false 26} {5544 19 false 27} {713 19 false 28} {6403 19 false 29} {881 19 false 30} {3832 19 false 31} {4831 19 false 32} {989 19 false 33} {3559 19 false 34} {4757 19 false 35} {5501 19 false 36} {705 19 false 37} {528 19 false 38} {4304 19 false 39} {4358 19 false 40} {8941 19 false 41} {1994 19 false 42} {411 19 false 43} {7043 95 false 44} {2699 95 false 45} {8150 95 false 46} {8874 95 false 47} {7096 95 false 48} {4872 95 false 49} {3988 95 false 50} {2554 95 false 51} {554 95 false 52} {2953 95 false 53} {9230 95 false 54} {8688 95 false 55} {9094 95 false 56} {3997 95 false 57} {2894 95 false 58} {5667 95 false 59} {3509 95 false 60} {4539 95 false 61} {1900 95 false 62} {395 95 false 63} {4338 95 false 64} {9052 95 false 65} {6681 95 false 66} {5152 95 false 67} {2250 95 false 68} {7353 95 false 69} {7300 95 false 70} {9476 95 false 71} {5907 95 false 72} {8352 95 false 73} {3326 95 false 74} {2806 95 false 75} {5167 95 false 76} {3514 95 false 77} {7493 95 false 78} {3260 95 false 79} {2440 95 false 80} {2920 95 false 81} {8285 95 false 82} {4140 95 false 83} {8602 95 false 84} {5537 95 false 85} {4663 95 false 86} {8098 95 false 87} {743 95 false 88} {9006 95 false 89} {6480 95 false 90} {4305 95 false 91} {7754 95 false 92} {612 95 false 93} {7820 95 false 94} {4607 95 false 95} {7256 95 false 96} {4888 95 false 97} {1311 95 false 98} {8099 95 false 99} {1197 95 false 100} {2238 95 false 101} {2354 95 false 102} {3362 95 false 103} {919 95 false 104} {8424 95 false 105} {6099 95 false 106} {1374 95 false 107} {2506 95 false 108} {7804 95 false 109} {5971 95 false 110} {3293 95 false 111} {6828 95 false 112} {5896 95 false 113} {2846 95 false 114} {1290 95 false 115} {7082 95 false 116} {4917 95 false 117} {3250 95 false 118} {248 95 false 119} {1140 95 false 120} {1245 95 false 121} {6024 95 false 122} {4473 95 false 123} {2136 95 false 124} {4154 95 false 125} {2583 95 false 126} {708 95 false 127} {4481 95 false 128} {6476 95 false 129} {5036 95 false 130} {4065 95 false 131} {6200 95 false 132} {1397 95 false 133} {4279 95 false 134} {6833 95 false 135} {4346 95 false 136} {3317 95 false 137} {4185 95 false 138} {4000 95 false 139} {2185 95 false 140} {8037 95 false 141} {1968 95 false 142} {6414 95 false 143} {6351 95 false 144} {1290 95 false 145} {255 95 false 146} {5814 95 false 147} {9138 95 false 148} {1249 95 false 149} {8088 95 false 150} {61 95 false 151} {6456 95 false 152} {9658 95 false 153} {2752 95 false 154} {4915 95 false 155} {2443 95 false 156} {4194 95 false 157} {928 95 false 158} {5614 95 false 159} {8999 95 false 160} {1953 95 false 161} {2650 95 false 162} {3468 95 false 163} {1123 95 false 164} {3774 95 false 165} {6358 95 false 166} {5925 95 false 167} {338 95 false 168} {99 95 false 169} {4512 95 false 170} {7477 95 false 171} {169 95 false 172} {6395 95 false 173} {7193 95 false 174} {2353 95 false 175} {3277 95 false 176} {6306 95 false 177} {5511 95 false 178} {2355 95 false 179} {8128 95 false 180} {6058 95 false 181} {7487 95 false 182} {9104 95 false 183} {9659 95 false 184} {3870 95 false 185} {7666 95 false 186} {8351 95 false 187} {9904 95 false 188} {3086 95 false 189} {4239 95 false 190} {9285 95 false 191} {8547 95 false 192} {5397 95 false 193} {6203 95 false 194} {2701 95 false 195} {281 95 false 196} {5684 95 false 197} {6931 95 false 198} {1998 95 false 199} {3892 95 false 200} {8994 95 false 201} {8648 95 false 202} {4605 95 false 203} {4080 95 false 204} {3229 95 false 205} {1192 95 false 206} {7753 95 false 207} {2164 95 false 208} {3086 95 false 209} {5245 95 false 210} {7102 95 false 211} {8818 95 false 212} {5017 95 false 213} {7628 95 false 214} {6028 95 false 215} {590 95 false 216} {6004 95 false 217} {2477 95 false 218} {6033 95 false 219} {4971 95 false 220} {7653 95 false 221} {4210 95 false 222} {654 95 false 223} {1347 95 false 224} {548 95 false 225} {2425 95 false 226} {7551 95 false 227} {147 95 false 228} {3398 95 false 229} {9137 95 false 230} {5214 95 false 231} {1870 95 false 232} {2007 95 false 233} {4259 95 false 234} {5871 95 false 235} {1999 95 false 236} {2250 95 false 237} {2233 95 false 238} {9889 95 false 239} {3674 95 false 240} {3867 95 false 241} {9585 95 false 242} {7532 95 false 243} {3418 95 false 244} {1920 95 false 245} {5828 95 false 246} {3723 95 false 247} {197 95 false 248} {3771 95 false 249} {9308 95 false 250} {8474 95 false 251} {6670 95 false 252} {8023 95 false 253} {9827 95 false 254} {745 95 false 255} {9541 95 false 256} {4130 95 false 257} {3683 95 false 258} {244 95 false 259} {1055 95 false 260} {7937 95 false 261} {9098 95 false 262} {8583 141 false 263} {4509 141 false 264} {5945 141 false 265} {7900 141 false 266} {8891 141 false 267} {8803 141 false 268} {2042 141 false 269} {8293 141 false 270} {4473 141 false 271} {6604 141 false 272} {5376 141 false 273} {6396 141 false 274} {8674 141 false 275} {5663 141 false 276} {1465 141 false 277} {4305 141 false 278} {29 141 false 279} {5595 141 false 280} {5764 141 false 281} {473 141 false 282} {6305 141 false 283} {273 141 false 284} {3146 141 false 285} {9506 141 false 286} {4632 141 false 287} {6027 141 false 288} {6952 141 false 289} {8257 141 false 290} {9649 141 false 291} {4178 141 false 292} {7266 141 false 293} {2232 141 false 294} {1973 141 false 295} {1704 141 false 296} {9529 141 false 297} {7427 141 false 298} {4392 141 false 299} {8497 141 false 300} {8041 141 false 301} {5966 141 false 302} {8440 141 false 303} {2229 141 false 304} {815 141 false 305} {1570 141 false 306} {6889 141 false 307} {4416 141 false 308} {651 141 false 309} {8692 141 false 310} {5425 141 false 311} {4142 141 false 312} {1077 141 false 313} {7325 141 false 314} {2814 141 false 315} {202 141 false 316} {7450 141 false 317} {8805 141 false 318} {3424 141 false 319} {3006 141 false 320} {4641 141 false 321} {2604 141 false 322} {3988 141 false 323} {8515 141 false 324} {4262 141 false 325} {6619 141 false 326} {8498 141 false 327} {9672 141 false 328} {8418 141 false 329} {5033 141 false 330} {5311 141 false 331} {9242 141 false 332} {7380 141 false 333} {5261 141 false 334} {9100 141 false 335} {4374 141 false 336} {2866 141 false 337} {290 141 false 338} {2261 141 false 339} {120 141 false 340} {7072 141 false 341} {7931 141 false 342} {2635 141 false 343} {1951 141 false 344} {8594 141 false 345} {4127 141 false 346} {2386 141 false 347} {2174 141 false 348} {3837 141 false 349} {8358 141 false 350} {7353 141 false 351} {2094 141 false 352} {569 141 false 353} {8759 141 false 354} {1223 141 false 355} {3599 141 false 356} {123 141 false 357} {3680 141 false 358} {6063 141 false 359} {8870 141 false 360} {8775 141 false 361} {2959 141 false 362} {8613 141 false 363} {3399 141 false 364} {1931 141 false 365} {3362 141 false 366} {9117 141 false 367} {2364 141 false 368} {7785 141 false 369} {5066 141 false 370} {6181 141 false 371} {6803 141 false 372} {6922 141 false 373} {4098 141 false 374} {869 141 false 375} {4009 141 false 376} {1013 141 false 377} {4881 141 false 378} {3898 141 false 379} {1276 141 false 380} {3816 141 false 381} {9317 141 false 382} {8377 141 false 383} {9596 141 false 384} {3339 141 false 385} {1374 141 false 386} {4753 141 false 387} {5037 141 false 388} {8833 141 false 389} {8833 163 false 390}] 
2025/11/03 17:32:39 [17:32:39.608] [Node:2] [LOG_REPLICA] [Trace:LOG_0_163][0->2] 复制日志结果:[{<nil> 0 false 0} {9885 2 false 1} {7369 4 false 2} {377 9 false 3} {5698 9 false 4} {3675 9 false 5} {7576 9 false 6} {6501 9 false 7} {8962 9 false 8} {9292 11 false 9} {5826 14 false 10} {1116 14 false 11} {8927 16 false 12} {615 16 false 13} {3625 16 false 14} {1425 16 false 15} {9709 16 false 16} {3423 16 false 17} {3134 16 false 18} {3657 16 false 19} {8171 16 false 20} {9440 16 false 21} {6470 16 false 22} {1363 16 false 23} {716 16 false 24} {2684 16 false 25} {5836 19 false 26} {5544 19 false 27} {713 19 false 28} {6403 19 false 29} {881 19 false 30} {3832 19 false 31} {4831 19 false 32} {989 19 false 33} {3559 19 false 34} {4757 19 false 35} {5501 19 false 36} {705 19 false 37} {528 19 false 38} {4304 19 false 39} {4358 19 false 40} {8941 19 false 41} {1994 19 false 42} {411 19 false 43} {7043 95 false 44} {2699 95 false 45} {8150 95 false 46} {8874 95 false 47} {7096 95 false 48} {4872 95 false 49} {3988 95 false 50} {2554 95 false 51} {554 95 false 52} {2953 95 false 53} {9230 95 false 54} {8688 95 false 55} {9094 95 false 56} {3997 95 false 57} {2894 95 false 58} {5667 95 false 59} {3509 95 false 60} {4539 95 false 61} {1900 95 false 62} {395 95 false 63} {4338 95 false 64} {9052 95 false 65} {6681 95 false 66} {5152 95 false 67} {2250 95 false 68} {7353 95 false 69} {7300 95 false 70} {9476 95 false 71} {5907 95 false 72} {8352 95 false 73} {3326 95 false 74} {2806 95 false 75} {5167 95 false 76} {3514 95 false 77} {7493 95 false 78} {3260 95 false 79} {2440 95 false 80} {2920 95 false 81} {8285 95 false 82} {4140 95 false 83} {8602 95 false 84} {5537 95 false 85} {4663 95 false 86} {8098 95 false 87} {743 95 false 88} {9006 95 false 89} {6480 95 false 90} {4305 95 false 91} {7754 95 false 92} {612 95 false 93} {7820 95 false 94} {4607 95 false 95} {7256 95 false 96} {4888 95 false 97} {1311 95 false 98} {8099 95 false 99} {1197 95 false 100} {2238 95 false 101} {2354 95 false 102} {3362 95 false 103} {919 95 false 104} {8424 95 false 105} {6099 95 false 106} {1374 95 false 107} {2506 95 false 108} {7804 95 false 109} {5971 95 false 110} {3293 95 false 111} {6828 95 false 112} {5896 95 false 113} {2846 95 false 114} {1290 95 false 115} {7082 95 false 116} {4917 95 false 117} {3250 95 false 118} {248 95 false 119} {1140 95 false 120} {1245 95 false 121} {6024 95 false 122} {4473 95 false 123} {2136 95 false 124} {4154 95 false 125} {2583 95 false 126} {708 95 false 127} {4481 95 false 128} {6476 95 false 129} {5036 95 false 130} {4065 95 false 131} {6200 95 false 132} {1397 95 false 133} {4279 95 false 134} {6833 95 false 135} {4346 95 false 136} {3317 95 false 137} {4185 95 false 138} {4000 95 false 139} {2185 95 false 140} {8037 95 false 141} {1968 95 false 142} {6414 95 false 143} {6351 95 false 144} {1290 95 false 145} {255 95 false 146} {5814 95 false 147} {9138 95 false 148} {1249 95 false 149} {8088 95 false 150} {61 95 false 151} {6456 95 false 152} {9658 95 false 153} {2752 95 false 154} {4915 95 false 155} {2443 95 false 156} {4194 95 false 157} {928 95 false 158} {5614 95 false 159} {8999 95 false 160} {1953 95 false 161} {2650 95 false 162} {3468 95 false 163} {1123 95 false 164} {3774 95 false 165} {6358 95 false 166} {5925 95 false 167} {338 95 false 168} {99 95 false 169} {4512 95 false 170} {7477 95 false 171} {169 95 false 172} {6395 95 false 173} {7193 95 false 174} {2353 95 false 175} {3277 95 false 176} {6306 95 false 177} {5511 95 false 178} {2355 95 false 179} {8128 95 false 180} {6058 95 false 181} {7487 95 false 182} {9104 95 false 183} {9659 95 false 184} {3870 95 false 185} {7666 95 false 186} {8351 95 false 187} {9904 95 false 188} {3086 95 false 189} {4239 95 false 190} {9285 95 false 191} {8547 95 false 192} {5397 95 false 193} {6203 95 false 194} {2701 95 false 195} {281 95 false 196} {5684 95 false 197} {6931 95 false 198} {1998 95 false 199} {3892 95 false 200} {8994 95 false 201} {8648 95 false 202} {4605 95 false 203} {4080 95 false 204} {3229 95 false 205} {1192 95 false 206} {7753 95 false 207} {2164 95 false 208} {3086 95 false 209} {5245 95 false 210} {7102 95 false 211} {8818 95 false 212} {5017 95 false 213} {7628 95 false 214} {6028 95 false 215} {590 95 false 216} {6004 95 false 217} {2477 95 false 218} {6033 95 false 219} {4971 95 false 220} {7653 95 false 221} {4210 95 false 222} {654 95 false 223} {1347 95 false 224} {548 95 false 225} {2425 95 false 226} {7551 95 false 227} {147 95 false 228} {3398 95 false 229} {9137 95 false 230} {5214 95 false 231} {1870 95 false 232} {2007 95 false 233} {4259 95 false 234} {5871 95 false 235} {1999 95 false 236} {2250 95 false 237} {2233 95 false 238} {9889 95 false 239} {3674 95 false 240} {3867 95 false 241} {9585 95 false 242} {7532 95 false 243} {3418 95 false 244} {1920 95 false 245} {5828 95 false 246} {3723 95 false 247} {197 95 false 248} {3771 95 false 249} {9308 95 false 250} {8474 95 false 251} {6670 95 false 252} {8023 95 false 253} {9827 95 false 254} {745 95 false 255} {9541 95 false 256} {4130 95 false 257} {3683 95 false 258} {244 95 false 259} {1055 95 false 260} {7937 95 false 261} {9098 95 false 262} {8583 141 false 263} {4509 141 false 264} {5945 141 false 265} {7900 141 false 266} {8891 141 false 267} {8803 141 false 268} {2042 141 false 269} {8293 141 false 270} {4473 141 false 271} {6604 141 false 272} {5376 141 false 273} {6396 141 false 274} {8674 141 false 275} {5663 141 false 276} {1465 141 false 277} {4305 141 false 278} {29 141 false 279} {5595 141 false 280} {5764 141 false 281} {473 141 false 282} {6305 141 false 283} {273 141 false 284} {3146 141 false 285} {9506 141 false 286} {4632 141 false 287} {6027 141 false 288} {6952 141 false 289} {8257 141 false 290} {9649 141 false 291} {4178 141 false 292} {7266 141 false 293} {2232 141 false 294} {1973 141 false 295} {1704 141 false 296} {9529 141 false 297} {7427 141 false 298} {4392 141 false 299} {8497 141 false 300} {8041 141 false 301} {5966 141 false 302} {8440 141 false 303} {2229 141 false 304} {815 141 false 305} {1570 141 false 306} {6889 141 false 307} {4416 141 false 308} {651 141 false 309} {8692 141 false 310} {5425 141 false 311} {4142 141 false 312} {1077 141 false 313} {7325 141 false 314} {2814 141 false 315} {202 141 false 316} {7450 141 false 317} {8805 141 false 318} {3424 141 false 319} {3006 141 false 320} {4641 141 false 321} {2604 141 false 322} {3988 141 false 323} {8515 141 false 324} {4262 141 false 325} {6619 141 false 326} {8498 141 false 327} {9672 141 false 328} {8418 141 false 329} {5033 141 false 330} {5311 141 false 331} {9242 141 false 332} {7380 141 false 333} {5261 141 false 334} {9100 141 false 335} {4374 141 false 336} {2866 141 false 337} {290 141 false 338} {2261 141 false 339} {120 141 false 340} {7072 141 false 341} {7931 141 false 342} {2635 141 false 343} {1951 141 false 344} {8594 141 false 345} {4127 141 false 346} {2386 141 false 347} {2174 141 false 348} {3837 141 false 349} {8358 141 false 350} {7353 141 false 351} {2094 141 false 352} {569 141 false 353} {8759 141 false 354} {1223 141 false 355} {3599 141 false 356} {123 141 false 357} {3680 141 false 358} {6063 141 false 359} {8870 141 false 360} {8775 141 false 361} {2959 141 false 362} {8613 141 false 363} {3399 141 false 364} {1931 141 false 365} {3362 141 false 366} {9117 141 false 367} {2364 141 false 368} {7785 141 false 369} {5066 141 false 370} {6181 141 false 371} {6803 141 false 372} {6922 141 false 373} {4098 141 false 374} {869 141 false 375} {4009 141 false 376} {1013 141 false 377} {4881 141 false 378} {3898 141 false 379} {1276 141 false 380} {3816 141 false 381} {9317 141 false 382} {8377 141 false 383} {9596 141 false 384} {3339 141 false 385} {1374 141 false 386} {4753 141 false 387} {5037 141 false 388} {8833 141 false 389} {8833 163 false 390}] 
2025/11/03 17:32:39 [17:32:39.682] [Node:2] [HEARTBEAT] [Trace:HB_2_163] Follower等心跳 status FOLLOWER term:163 commitIndex:24
2025/11/03 17:32:39 [17:32:39.709] [Node:2] [LOG_REPLICA] [Trace:LOG_0_163][0->2] AppendEntries 收到 term:163 leaderId:0 prevLogIndex:389 prevLogTerm:141 entries:1 leaderCommit:24 isHeartbeat:false currentTerm:163 status:FOLLOWER
2025/11/03 17:32:39 [17:32:39.709] [Node:2] [LOG_REPLICA] [Trace:LOG_0_163][0->2] 打印日志结果:[{<nil> 0 false 0} {9885 2 false 1} {7369 4 false 2} {377 9 false 3} {5698 9 false 4} {3675 9 false 5} {7576 9 false 6} {6501 9 false 7} {8962 9 false 8} {9292 11 false 9} {5826 14 false 10} {1116 14 false 11} {8927 16 false 12} {615 16 false 13} {3625 16 false 14} {1425 16 false 15} {9709 16 false 16} {3423 16 false 17} {3134 16 false 18} {3657 16 false 19} {8171 16 false 20} {9440 16 false 21} {6470 16 false 22} {1363 16 false 23} {716 16 false 24} {2684 16 false 25} {5836 19 false 26} {5544 19 false 27} {713 19 false 28} {6403 19 false 29} {881 19 false 30} {3832 19 false 31} {4831 19 false 32} {989 19 false 33} {3559 19 false 34} {4757 19 false 35} {5501 19 false 36} {705 19 false 37} {528 19 false 38} {4304 19 false 39} {4358 19 false 40} {8941 19 false 41} {1994 19 false 42} {411 19 false 43} {7043 95 false 44} {2699 95 false 45} {8150 95 false 46} {8874 95 false 47} {7096 95 false 48} {4872 95 false 49} {3988 95 false 50} {2554 95 false 51} {554 95 false 52} {2953 95 false 53} {9230 95 false 54} {8688 95 false 55} {9094 95 false 56} {3997 95 false 57} {2894 95 false 58} {5667 95 false 59} {3509 95 false 60} {4539 95 false 61} {1900 95 false 62} {395 95 false 63} {4338 95 false 64} {9052 95 false 65} {6681 95 false 66} {5152 95 false 67} {2250 95 false 68} {7353 95 false 69} {7300 95 false 70} {9476 95 false 71} {5907 95 false 72} {8352 95 false 73} {3326 95 false 74} {2806 95 false 75} {5167 95 false 76} {3514 95 false 77} {7493 95 false 78} {3260 95 false 79} {2440 95 false 80} {2920 95 false 81} {8285 95 false 82} {4140 95 false 83} {8602 95 false 84} {5537 95 false 85} {4663 95 false 86} {8098 95 false 87} {743 95 false 88} {9006 95 false 89} {6480 95 false 90} {4305 95 false 91} {7754 95 false 92} {612 95 false 93} {7820 95 false 94} {4607 95 false 95} {7256 95 false 96} {4888 95 false 97} {1311 95 false 98} {8099 95 false 99} {1197 95 false 100} {2238 95 false 101} {2354 95 false 102} {3362 95 false 103} {919 95 false 104} {8424 95 false 105} {6099 95 false 106} {1374 95 false 107} {2506 95 false 108} {7804 95 false 109} {5971 95 false 110} {3293 95 false 111} {6828 95 false 112} {5896 95 false 113} {2846 95 false 114} {1290 95 false 115} {7082 95 false 116} {4917 95 false 117} {3250 95 false 118} {248 95 false 119} {1140 95 false 120} {1245 95 false 121} {6024 95 false 122} {4473 95 false 123} {2136 95 false 124} {4154 95 false 125} {2583 95 false 126} {708 95 false 127} {4481 95 false 128} {6476 95 false 129} {5036 95 false 130} {4065 95 false 131} {6200 95 false 132} {1397 95 false 133} {4279 95 false 134} {6833 95 false 135} {4346 95 false 136} {3317 95 false 137} {4185 95 false 138} {4000 95 false 139} {2185 95 false 140} {8037 95 false 141} {1968 95 false 142} {6414 95 false 143} {6351 95 false 144} {1290 95 false 145} {255 95 false 146} {5814 95 false 147} {9138 95 false 148} {1249 95 false 149} {8088 95 false 150} {61 95 false 151} {6456 95 false 152} {9658 95 false 153} {2752 95 false 154} {4915 95 false 155} {2443 95 false 156} {4194 95 false 157} {928 95 false 158} {5614 95 false 159} {8999 95 false 160} {1953 95 false 161} {2650 95 false 162} {3468 95 false 163} {1123 95 false 164} {3774 95 false 165} {6358 95 false 166} {5925 95 false 167} {338 95 false 168} {99 95 false 169} {4512 95 false 170} {7477 95 false 171} {169 95 false 172} {6395 95 false 173} {7193 95 false 174} {2353 95 false 175} {3277 95 false 176} {6306 95 false 177} {5511 95 false 178} {2355 95 false 179} {8128 95 false 180} {6058 95 false 181} {7487 95 false 182} {9104 95 false 183} {9659 95 false 184} {3870 95 false 185} {7666 95 false 186} {8351 95 false 187} {9904 95 false 188} {3086 95 false 189} {4239 95 false 190} {9285 95 false 191} {8547 95 false 192} {5397 95 false 193} {6203 95 false 194} {2701 95 false 195} {281 95 false 196} {5684 95 false 197} {6931 95 false 198} {1998 95 false 199} {3892 95 false 200} {8994 95 false 201} {8648 95 false 202} {4605 95 false 203} {4080 95 false 204} {3229 95 false 205} {1192 95 false 206} {7753 95 false 207} {2164 95 false 208} {3086 95 false 209} {5245 95 false 210} {7102 95 false 211} {8818 95 false 212} {5017 95 false 213} {7628 95 false 214} {6028 95 false 215} {590 95 false 216} {6004 95 false 217} {2477 95 false 218} {6033 95 false 219} {4971 95 false 220} {7653 95 false 221} {4210 95 false 222} {654 95 false 223} {1347 95 false 224} {548 95 false 225} {2425 95 false 226} {7551 95 false 227} {147 95 false 228} {3398 95 false 229} {9137 95 false 230} {5214 95 false 231} {1870 95 false 232} {2007 95 false 233} {4259 95 false 234} {5871 95 false 235} {1999 95 false 236} {2250 95 false 237} {2233 95 false 238} {9889 95 false 239} {3674 95 false 240} {3867 95 false 241} {9585 95 false 242} {7532 95 false 243} {3418 95 false 244} {1920 95 false 245} {5828 95 false 246} {3723 95 false 247} {197 95 false 248} {3771 95 false 249} {9308 95 false 250} {8474 95 false 251} {6670 95 false 252} {8023 95 false 253} {9827 95 false 254} {745 95 false 255} {9541 95 false 256} {4130 95 false 257} {3683 95 false 258} {244 95 false 259} {1055 95 false 260} {7937 95 false 261} {9098 95 false 262} {8583 141 false 263} {4509 141 false 264} {5945 141 false 265} {7900 141 false 266} {8891 141 false 267} {8803 141 false 268} {2042 141 false 269} {8293 141 false 270} {4473 141 false 271} {6604 141 false 272} {5376 141 false 273} {6396 141 false 274} {8674 141 false 275} {5663 141 false 276} {1465 141 false 277} {4305 141 false 278} {29 141 false 279} {5595 141 false 280} {5764 141 false 281} {473 141 false 282} {6305 141 false 283} {273 141 false 284} {3146 141 false 285} {9506 141 false 286} {4632 141 false 287} {6027 141 false 288} {6952 141 false 289} {8257 141 false 290} {9649 141 false 291} {4178 141 false 292} {7266 141 false 293} {2232 141 false 294} {1973 141 false 295} {1704 141 false 296} {9529 141 false 297} {7427 141 false 298} {4392 141 false 299} {8497 141 false 300} {8041 141 false 301} {5966 141 false 302} {8440 141 false 303} {2229 141 false 304} {815 141 false 305} {1570 141 false 306} {6889 141 false 307} {4416 141 false 308} {651 141 false 309} {8692 141 false 310} {5425 141 false 311} {4142 141 false 312} {1077 141 false 313} {7325 141 false 314} {2814 141 false 315} {202 141 false 316} {7450 141 false 317} {8805 141 false 318} {3424 141 false 319} {3006 141 false 320} {4641 141 false 321} {2604 141 false 322} {3988 141 false 323} {8515 141 false 324} {4262 141 false 325} {6619 141 false 326} {8498 141 false 327} {9672 141 false 328} {8418 141 false 329} {5033 141 false 330} {5311 141 false 331} {9242 141 false 332} {7380 141 false 333} {5261 141 false 334} {9100 141 false 335} {4374 141 false 336} {2866 141 false 337} {290 141 false 338} {2261 141 false 339} {120 141 false 340} {7072 141 false 341} {7931 141 false 342} {2635 141 false 343} {1951 141 false 344} {8594 141 false 345} {4127 141 false 346} {2386 141 false 347} {2174 141 false 348} {3837 141 false 349} {8358 141 false 350} {7353 141 false 351} {2094 141 false 352} {569 141 false 353} {8759 141 false 354} {1223 141 false 355} {3599 141 false 356} {123 141 false 357} {3680 141 false 358} {6063 141 false 359} {8870 141 false 360} {8775 141 false 361} {2959 141 false 362} {8613 141 false 363} {3399 141 false 364} {1931 141 false 365} {3362 141 false 366} {9117 141 false 367} {2364 141 false 368} {7785 141 false 369} {5066 141 false 370} {6181 141 false 371} {6803 141 false 372} {6922 141 false 373} {4098 141 false 374} {869 141 false 375} {4009 141 false 376} {1013 141 false 377} {4881 141 false 378} {3898 141 false 379} {1276 141 false 380} {3816 141 false 381} {9317 141 false 382} {8377 141 false 383} {9596 141 false 384} {3339 141 false 385} {1374 141 false 386} {4753 141 false 387} {5037 141 false 388} {8833 141 false 389} {8833 163 false 390}] 
