2026/02/07 14:34:01 [14:34:01.693] [Node:0] [HEARTBEAT] [Trace:HB_0_0] Follower等心跳 status FOLLOWER term:0 commitIndex:0
2026/02/07 14:34:01 [14:34:01.706] [Node:1] [HEARTBEAT] [Trace:HB_1_0] Follower等心跳 status FOLLOWER term:0 commitIndex:0
Test (2B): rejoin of partitioned leader ...
2026/02/07 14:34:01 [14:34:01.707] [Node:2] [HEARTBEAT] [Trace:HB_2_0] Follower等心跳 status FOLLOWER term:0 commitIndex:0
2026/02/07 14:34:01 [14:34:01.708] [Node:1] [RPC_RECV] [Trace:CLIENT_1_1770446041708208000] 接收到日志命令:101 isLeader:false term:0
2026/02/07 14:34:01 [14:34:01.708] [Node:2] [RPC_RECV] [Trace:CLIENT_2_1770446041708312000] 接收到日志命令:101 isLeader:false term:0
2026/02/07 14:34:01 [14:34:01.708] [Node:0] [RPC_RECV] [Trace:CLIENT_0_1770446041708341000] 接收到日志命令:101 isLeader:false term:0
2026/02/07 14:34:01 到这里了
2026/02/07 14:34:01 [14:34:01.753] [Node:0] [HEARTBEAT] [Trace:HB_0_0] Follower等心跳 status FOLLOWER term:0 commitIndex:0
2026/02/07 14:34:01 [14:34:01.758] [Node:2] [HEARTBEAT] [Trace:HB_2_0] Follower等心跳 status FOLLOWER term:0 commitIndex:0
2026/02/07 14:34:01 [14:34:01.758] [Node:1] [HEARTBEAT] [Trace:HB_1_0] Follower等心跳 status FOLLOWER term:0 commitIndex:0
2026/02/07 14:34:01 [14:34:01.758] [Node:1] [RPC_RECV] [Trace:CLIENT_1_1770446041758480000] 接收到日志命令:101 isLeader:false term:0
2026/02/07 14:34:01 [14:34:01.758] [Node:2] [RPC_RECV] [Trace:CLIENT_2_1770446041758535000] 接收到日志命令:101 isLeader:false term:0
2026/02/07 14:34:01 [14:34:01.758] [Node:0] [RPC_RECV] [Trace:CLIENT_0_1770446041758564000] 接收到日志命令:101 isLeader:false term:0
2026/02/07 14:34:01 到这里了
2026/02/07 14:34:01 [14:34:01.804] [Node:0] [HEARTBEAT] [Trace:HB_0_0] Follower等心跳 status FOLLOWER term:0 commitIndex:0
2026/02/07 14:34:01 [14:34:01.808] [Node:2] [HEARTBEAT] [Trace:HB_2_0] Follower等心跳 status FOLLOWER term:0 commitIndex:0
2026/02/07 14:34:01 [14:34:01.808] [Node:1] [RPC_RECV] [Trace:CLIENT_1_1770446041808805000] 接收到日志命令:101 isLeader:false term:0
2026/02/07 14:34:01 [14:34:01.808] [Node:1] [HEARTBEAT] [Trace:HB_1_0] Follower等心跳 status FOLLOWER term:0 commitIndex:0
2026/02/07 14:34:01 [14:34:01.808] [Node:2] [RPC_RECV] [Trace:CLIENT_2_1770446041808935000] 接收到日志命令:101 isLeader:false term:0
2026/02/07 14:34:01 [14:34:01.809] [Node:0] [RPC_RECV] [Trace:CLIENT_0_1770446041809054000] 接收到日志命令:101 isLeader:false term:0
2026/02/07 14:34:01 到这里了
2026/02/07 14:34:01 [14:34:01.855] [Node:0] [HEARTBEAT] [Trace:HB_0_0] Follower等心跳 status FOLLOWER term:0 commitIndex:0
2026/02/07 14:34:01 [14:34:01.859] [Node:1] [HEARTBEAT] [Trace:HB_1_0] Follower等心跳 status FOLLOWER term:0 commitIndex:0
2026/02/07 14:34:01 [14:34:01.859] [Node:2] [HEARTBEAT] [Trace:HB_2_0] Follower等心跳 status FOLLOWER term:0 commitIndex:0
2026/02/07 14:34:01 [14:34:01.859] [Node:1] [RPC_RECV] [Trace:CLIENT_1_1770446041859392000] 接收到日志命令:101 isLeader:false term:0
2026/02/07 14:34:01 [14:34:01.859] [Node:2] [RPC_RECV] [Trace:CLIENT_2_1770446041859431000] 接收到日志命令:101 isLeader:false term:0
2026/02/07 14:34:01 [14:34:01.859] [Node:0] [RPC_RECV] [Trace:CLIENT_0_1770446041859481000] 接收到日志命令:101 isLeader:false term:0
2026/02/07 14:34:01 到这里了
2026/02/07 14:34:01 [14:34:01.889] [Node:2] [INFO] [STATE_CHANGE] FOLLOWER->FOLLOWER term:0 reason:变成Candidate
2026/02/07 14:34:01 [14:34:01.889] [Node:2] [TIMER_EVENT] [Trace:TIMER_2] 超时选举 since:181.849417ms threshold:176.384469ms
2026/02/07 14:34:01 [14:34:01.890] [Node:2] [RPC_SEND] [Trace:ELEC_2_1] 发送选举请求 peer:1 for term 1
2026/02/07 14:34:01 [14:34:01.890] [Node:2] [RPC_SEND] [Trace:ELEC_2_1] 发送选举请求 peer:0 for term 1
2026/02/07 14:34:01 [14:34:01.899] [Node:0] [INFO] [STATE_CHANGE] FOLLOWER->FOLLOWER term:0 reason:变成Candidate
2026/02/07 14:34:01 [14:34:01.899] [Node:0] [TIMER_EVENT] [Trace:TIMER_0] 超时选举 since:210.897792ms threshold:198.844192ms
2026/02/07 14:34:01 [14:34:01.899] [Node:0] [RPC_SEND] [Trace:ELEC_0_1] 发送选举请求 peer:1 for term 1
2026/02/07 14:34:01 [14:34:01.899] [Node:0] [RPC_SEND] [Trace:ELEC_0_1] 发送选举请求 peer:2 for term 1
2026/02/07 14:34:01 [14:34:01.909] [Node:0] [RPC_RECV] [Trace:ELEC_2_1][2->0] RequestVote 接受 term:1 candidateId:2 lastLogIndex:0 lastLogTerm:0 currentTerm:1 status:CANDIDATE
2026/02/07 14:34:01 [14:34:01.909] [Node:2] [RPC_RECV] [Trace:ELEC_0_1][0->2] RequestVote 接受 term:1 candidateId:0 lastLogIndex:0 lastLogTerm:0 currentTerm:1 status:CANDIDATE
2026/02/07 14:34:01 [14:34:01.909] [Node:1] [RPC_RECV] [Trace:ELEC_2_1][2->1] RequestVote 接受 term:1 candidateId:2 lastLogIndex:0 lastLogTerm:0 currentTerm:0 status:FOLLOWER
2026/02/07 14:34:01 [14:34:01.909] [Node:0] [RPC_RECV] [Trace:ELEC_2_1][2->0] 投票信息 votedFor:0 lastLogTerm:0 lastLogIndex:0 commitIndex:0 last snapshot index:0
2026/02/07 14:34:01 [14:34:01.909] [Node:0] [RPC_RECV] [Trace:ELEC_2_1][2->0] 投票失败兜底 candidate:2 term:1
2026/02/07 14:34:01 [14:34:01.910] [Node:2] [RPC_RECV] [Trace:ELEC_0_1][0->2] 投票信息 votedFor:2 lastLogTerm:0 lastLogIndex:0 commitIndex:0 last snapshot index:0
2026/02/07 14:34:01 [14:34:01.910] [Node:2] [RPC_RECV] [Trace:ELEC_0_1][0->2] 投票失败兜底 candidate:0 term:1
2026/02/07 14:34:01 [14:34:01.910] [Node:1] [INFO] [STATE_CHANGE] FOLLOWER->FOLLOWER term:0 reason:降级成follower
2026/02/07 14:34:01 [14:34:01.910] [Node:0] [HEARTBEAT] [Trace:HB_0_1] Follower等心跳 status CANDIDATE term:1 commitIndex:0
2026/02/07 14:34:01 [14:34:01.910] [Node:2] [HEARTBEAT] [Trace:HB_2_1] Follower等心跳 status CANDIDATE term:1 commitIndex:0
2026/02/07 14:34:01 [14:34:01.911] [Node:1] [RPC_RECV] [Trace:ELEC_2_1][2->1] 投票信息 votedFor:-1 lastLogTerm:0 lastLogIndex:0 commitIndex:0 last snapshot index:0
2026/02/07 14:34:01 [14:34:01.911] [Node:1] [RPC_RECV] [Trace:ELEC_2_1][2->1] 投票给 candidate:2 term:1
2026/02/07 14:34:01 [14:34:01.911] [Node:1] [RPC_RECV] [Trace:CLIENT_1_1770446041911859000] 接收到日志命令:101 isLeader:false term:1
2026/02/07 14:34:01 [14:34:01.911] [Node:2] [RPC_RECV] [Trace:CLIENT_2_1770446041911899000] 接收到日志命令:101 isLeader:false term:1
2026/02/07 14:34:01 [14:34:01.911] [Node:0] [RPC_RECV] [Trace:CLIENT_0_1770446041911930000] 接收到日志命令:101 isLeader:false term:1
2026/02/07 14:34:01 到这里了
2026/02/07 14:34:01 [14:34:01.911] [Node:1] [HEARTBEAT] [Trace:HB_1_1] Follower等心跳 status FOLLOWER term:1 commitIndex:0
2026/02/07 14:34:01 [14:34:01.912] [Node:1] [RPC_RECV] [Trace:ELEC_0_1][0->1] RequestVote 接受 term:1 candidateId:0 lastLogIndex:0 lastLogTerm:0 currentTerm:1 status:FOLLOWER
2026/02/07 14:34:01 [14:34:01.912] [Node:1] [RPC_RECV] [Trace:ELEC_0_1][0->1] 投票信息 votedFor:2 lastLogTerm:0 lastLogIndex:0 commitIndex:0 last snapshot index:0
2026/02/07 14:34:01 [14:34:01.912] [Node:1] [RPC_RECV] [Trace:ELEC_0_1][0->1] 投票失败兜底 candidate:0 term:1
2026/02/07 14:34:01 [14:34:01.912] [Node:1] [INFO] [STATE_CHANGE] FOLLOWER->FOLLOWER term:1 reason:变成Candidate
2026/02/07 14:34:01 [14:34:01.912] [Node:1] [TIMER_EVENT] [Trace:TIMER_1] 超时选举 since:203.324208ms threshold:198.141074ms
2026/02/07 14:34:01 [14:34:01.912] [Node:1] [RPC_SEND] [Trace:ELEC_1_2] 发送选举请求 peer:0 for term 2
2026/02/07 14:34:01 [14:34:01.912] [Node:1] [RPC_SEND] [Trace:ELEC_1_2] 发送选举请求 peer:2 for term 2
2026/02/07 14:34:01 [14:34:01.912] [Node:2] [RPC_SEND] [Trace:ELEC_2_1] 处理投票返回 for term 1 reply:{1 true}
2026/02/07 14:34:01 [14:34:01.912] [Node:0] [RPC_SEND] [Trace:ELEC_0_1] 处理投票返回 for term 1 reply:{1 false}
2026/02/07 14:34:01 [14:34:01.912] [Node:0] [RPC_SEND] [Trace:ELEC_0_1] 处理投票返回 for term 1 reply:{1 false}
2026/02/07 14:34:01 [14:34:01.912] [Node:2] [INFO] [STATE_CHANGE] CANDIDATE->LEADER term:1 reason:成为Leader
2026/02/07 14:34:01 [14:34:01.913] [Node:0] [RPC_RECV] [Trace:ELEC_1_2][1->0] RequestVote 接受 term:2 candidateId:1 lastLogIndex:0 lastLogTerm:0 currentTerm:1 status:CANDIDATE
2026/02/07 14:34:01 [14:34:01.913] [Node:0] [INFO] [STATE_CHANGE] CANDIDATE->FOLLOWER term:1 reason:降级成follower
2026/02/07 14:34:01 [14:34:01.913] [Node:0] [RPC_RECV] [Trace:ELEC_1_2][1->0] 投票信息 votedFor:-1 lastLogTerm:0 lastLogIndex:0 commitIndex:0 last snapshot index:0
2026/02/07 14:34:01 [14:34:01.913] [Node:0] [RPC_RECV] [Trace:ELEC_1_2][1->0] 投票给 candidate:1 term:2
2026/02/07 14:34:01 [Node:2] getNextIndex len:1 last snapshot index:0
2026/02/07 14:34:01 [Node:2] getNextIndex len:1 last snapshot index:0
2026/02/07 14:34:01 [Node:2] getNextIndex len:1 last snapshot index:0
2026/02/07 14:34:01 [14:34:01.913] [Node:2] [RPC_SEND] [Trace:ELEC_2_1] 处理投票返回 for term 1 reply:{1 false}
2026/02/07 14:34:01 [14:34:01.913] [Node:1] [RPC_SEND] [Trace:ELEC_1_2] 处理投票返回 for term 2 reply:{2 true}
2026/02/07 14:34:01 [14:34:01.913] [Node:2] [RPC_RECV] [Trace:ELEC_1_2][1->2] RequestVote 接受 term:2 candidateId:1 lastLogIndex:0 lastLogTerm:0 currentTerm:1 status:LEADER
2026/02/07 14:34:01 [14:34:01.913] [Node:1] [INFO] [STATE_CHANGE] CANDIDATE->LEADER term:2 reason:成为Leader
2026/02/07 14:34:01 [14:34:01.913] [Node:2] [INFO] [STATE_CHANGE] LEADER->FOLLOWER term:1 reason:降级成follower
2026/02/07 14:34:01 [Node:1] getNextIndex len:1 last snapshot index:0
2026/02/07 14:34:01 [Node:1] getNextIndex len:1 last snapshot index:0
2026/02/07 14:34:01 [Node:1] getNextIndex len:1 last snapshot index:0
2026/02/07 14:34:01 [14:34:01.913] [Node:2] [RPC_RECV] [Trace:ELEC_1_2][1->2] 投票信息 votedFor:-1 lastLogTerm:0 lastLogIndex:0 commitIndex:0 last snapshot index:0
2026/02/07 14:34:01 [14:34:01.913] [Node:2] [RPC_RECV] [Trace:ELEC_1_2][1->2] 投票给 candidate:1 term:2
2026/02/07 14:34:01 [14:34:01.914] [Node:1] [RPC_SEND] [Trace:ELEC_1_2] 处理投票返回 for term 2 reply:{2 true}
2026/02/07 14:34:01 [14:34:01.961] [Node:0] [HEARTBEAT] [Trace:HB_0_2] Follower等心跳 status FOLLOWER term:2 commitIndex:0
2026/02/07 14:34:01 [14:34:01.961] [Node:2] [HEARTBEAT] [Trace:HB_2_2] Follower等心跳 status FOLLOWER term:2 commitIndex:0
2026/02/07 14:34:01 [14:34:01.962] [Node:1] [RPC_RECV] [Trace:CLIENT_1_1770446041962101000] 接收到日志命令:101 isLeader:true term:2
2026/02/07 14:34:01 [Node:1] getNextIndex len:1 last snapshot index:0
2026/02/07 14:34:01 返回的索引 1
2026/02/07 14:34:01 到这里了
2026/02/07 14:34:01 time.Since(t1).Seconds()
2026/02/07 14:34:01 [14:34:01.962] [Node:1] [HEARTBEAT] [Trace:HB_1_2] 开始发送心跳广播 status LEADER term:2 commitIndex:0
2026/02/07 14:34:01 rfats [0xc00010c000 0xc00010c100 0xc00010c200]
2026/02/07 14:34:01 [Node:1] nextIndex:[1 1 1]
2026/02/07 14:34:01 i 0 cmd1 <nil>, ok false
2026/02/07 14:34:01 [Node:1] getLogStartIndex index:0 last snapshot index:0
2026/02/07 14:34:01 [Node:1] getNextIndex len:2 last snapshot index:0
2026/02/07 14:34:01 [Node:1] getLogStartIndex index:1 last snapshot index:0
2026/02/07 14:34:01 [Node:1] nextIndex:[1 1 1]
2026/02/07 14:34:01 [Node:1] getLogStartIndex index:0 last snapshot index:0
2026/02/07 14:34:01 i 1 cmd1 <nil>, ok false
2026/02/07 14:34:01 [Node:1] getNextIndex len:2 last snapshot index:0
2026/02/07 14:34:01 i 2 cmd1 <nil>, ok false
2026/02/07 14:34:01 [14:34:01.963] [Node:1] [LOG_REPLICA] [Trace:LOG_1_2][1->0] 发送日志or心跳到 Node:0 开始 args:{2 1 0 0 [{101 2 false 1}] 0 LOG_1_2 1 {0 0 map[] map[]}}
2026/02/07 14:34:01 [Node:1] getLogStartIndex index:1 last snapshot index:0
2026/02/07 14:34:01 nd 0, cmd1 <nil> cmd 101
2026/02/07 14:34:01 [14:34:01.963] [Node:1] [LOG_REPLICA] [Trace:LOG_1_2][1->2] 发送日志or心跳到 Node:2 开始 args:{2 1 0 0 [{101 2 false 1}] 0 LOG_1_2 1 {0 0 map[] map[]}}
2026/02/07 14:34:01 [14:34:01.966] [Node:2] [LOG_REPLICA] [Trace:LOG_1_2][1->2] AppendEntries 收到 term:2 leaderId:1 prevLogIndex:0 prevLogTerm:0 entries:1 leaderCommit:0 isHeartbeat:false currentTerm:2 status:FOLLOWER log:[{101 2 false 1}]
2026/02/07 14:34:01 [14:34:01.966] [Node:0] [LOG_REPLICA] [Trace:LOG_1_2][1->0] AppendEntries 收到 term:2 leaderId:1 prevLogIndex:0 prevLogTerm:0 entries:1 leaderCommit:0 isHeartbeat:false currentTerm:2 status:FOLLOWER log:[{101 2 false 1}]
2026/02/07 14:34:01 [Node:2] getNextIndex len:1 last snapshot index:0
2026/02/07 14:34:01 [Node:0] getNextIndex len:1 last snapshot index:0
2026/02/07 14:34:01 [14:34:01.966] [Node:0] [LOG_REPLICA] [Trace:LOG_1_2][1->0] 打印日志结果:[{<nil> 0 false 0}] 
2026/02/07 14:34:01 [14:34:01.966] [Node:2] [LOG_REPLICA] [Trace:LOG_1_2][1->2] 打印日志结果:[{<nil> 0 false 0}] 
2026/02/07 14:34:01 [Node:0] getLogStartIndex index:0 last snapshot index:0
2026/02/07 14:34:01 [Node:2] getLogStartIndex index:0 last snapshot index:0
2026/02/07 14:34:01 [Node:0] getNextIndex len:1 last snapshot index:0
2026/02/07 14:34:01 [Node:2] getNextIndex len:1 last snapshot index:0
2026/02/07 14:34:01 [14:34:01.966] [Node:0] [LOG_REPLICA] [Trace:LOG_1_2][1->0] entry.Index:1 rf.getNextIndex():1
2026/02/07 14:34:01 [Node:0] getNextIndex len:1 last snapshot index:0
2026/02/07 14:34:01 [14:34:01.966] [Node:2] [LOG_REPLICA] [Trace:LOG_1_2][1->2] entry.Index:1 rf.getNextIndex():1
2026/02/07 14:34:01 [Node:2] getNextIndex len:1 last snapshot index:0
2026/02/07 14:34:01 [14:34:01.966] [Node:0] [LOG_REPLICA] [Trace:LOG_1_2][1->0] args logEntrys:[{101 2 false 1}]
2026/02/07 14:34:01 [14:34:01.966] [Node:2] [LOG_REPLICA] [Trace:LOG_1_2][1->2] args logEntrys:[{101 2 false 1}]
2026/02/07 14:34:01 [14:34:01.967] [Node:0] [LOG_REPLICA] [Trace:LOG_1_2][1->0] 复制日志结果:[{<nil> 0 false 0} {101 2 false 1}] 
2026/02/07 14:34:01 [14:34:01.967] [Node:2] [LOG_REPLICA] [Trace:LOG_1_2][1->2] 复制日志结果:[{<nil> 0 false 0} {101 2 false 1}] 
2026/02/07 14:34:01 [14:34:01.967] [Node:1] [LOG_REPLICA] [Trace:LOG_1_2][1->2] 心跳返回 from peer:2 term:2 success:true
2026/02/07 14:34:01 [14:34:01.967] [Node:1] [LOG_REPLICA] [Trace:LOG_1_2][1->2] 日志复制返回成功 from peer:2 term:2 agreeCount:2 log [{101 2 false 1}]
2026/02/07 14:34:01 [14:34:01.968] [Node:1] [LOG_REPLICA] [Trace:LOG_1_2][1->2] 更新后 server:2 matchIndex:1 nextIndex:2
2026/02/07 14:34:01 [Node:1] getNextIndex len:2 last snapshot index:0
2026/02/07 14:34:01 [Node:1] getLogStartIndex index:1 last snapshot index:0
2026/02/07 14:34:01 [14:34:01.968] [Node:1] [LOG_COMMIT] [Trace:LOG_1_2] 日志复制返回成功 多数同意，提交日志给KV服务器 index:1 term:2 majorityCount:2
2026/02/07 14:34:01 [Node:1] getLogStartIndex index:1 last snapshot index:0
2026/02/07 14:34:01 [Node:1] getLogStartIndex index:2 last snapshot index:0
2026/02/07 14:34:01 [14:34:01.968] [Node:1] [LOG_COMMIT] [Trace:APPLY_1_1] Applying logs count:1 log:[{101 2 false 1}] lastApplied:1
2026/02/07 14:34:01 [14:34:01.968] [Node:1] [LOG_REPLICA] [Trace:LOG_1_2][1->0] 心跳返回 from peer:0 term:2 success:true
2026/02/07 14:34:01 [14:34:01.968] [Node:1] [LOG_REPLICA] [Trace:LOG_1_2][1->0] 日志复制返回成功 from peer:0 term:2 agreeCount:3 log [{101 2 false 1}]
2026/02/07 14:34:01 [14:34:01.968] [Node:1] [LOG_REPLICA] [Trace:LOG_1_2][1->0] 更新后 server:0 matchIndex:1 nextIndex:2
2026/02/07 14:34:01 [Node:1] getNextIndex len:2 last snapshot index:0
2026/02/07 14:34:01 [Node:1] getLogStartIndex index:1 last snapshot index:0
2026/02/07 14:34:01 [14:34:01.968] [Node:1] [LOG_COMMIT] [Trace:LOG_1_2] 日志复制返回成功 多数同意，提交日志给KV服务器 index:1 term:2 majorityCount:3
2026/02/07 14:34:01 [Node:1] getLogStartIndex index:2 last snapshot index:0
2026/02/07 14:34:01 [Node:1] getLogStartIndex index:2 last snapshot index:0
2026/02/07 14:34:01 rfats [0xc00010c000 0xc00010c100 0xc00010c200]
2026/02/07 14:34:01 i 0 cmd1 <nil>, ok false
2026/02/07 14:34:01 i 1 cmd1 101, ok true
2026/02/07 14:34:01 i 2 cmd1 <nil>, ok false
2026/02/07 14:34:01 nd 1, cmd1 101 cmd 101
2026/02/07 14:34:02 rfats [0xc00010c000 0xc00010c100 0xc00010c200]
2026/02/07 14:34:02 i 0 cmd1 <nil>, ok false
2026/02/07 14:34:02 i 1 cmd1 101, ok true
2026/02/07 14:34:02 i 2 cmd1 <nil>, ok false
2026/02/07 14:34:02 nd 1, cmd1 101 cmd 101
2026/02/07 14:34:02 [14:34:02.011] [Node:2] [HEARTBEAT] [Trace:HB_2_2] Follower等心跳 status FOLLOWER term:2 commitIndex:0
2026/02/07 14:34:02 [14:34:02.011] [Node:0] [HEARTBEAT] [Trace:HB_0_2] Follower等心跳 status FOLLOWER term:2 commitIndex:0
2026/02/07 14:34:02 [14:34:02.012] [Node:1] [HEARTBEAT] [Trace:HB_1_2] 开始发送心跳广播 status LEADER term:2 commitIndex:1
2026/02/07 14:34:02 [Node:1] nextIndex:[2 1 2]
2026/02/07 14:34:02 [Node:1] getLogStartIndex index:1 last snapshot index:0
2026/02/07 14:34:02 [Node:1] getNextIndex len:2 last snapshot index:0
2026/02/07 14:34:02 [Node:1] nextIndex:[2 1 2]
2026/02/07 14:34:02 [Node:1] getLogStartIndex index:1 last snapshot index:0
2026/02/07 14:34:02 [Node:1] getNextIndex len:2 last snapshot index:0
2026/02/07 14:34:02 [14:34:02.012] [Node:1] [LOG_REPLICA] [Trace:LOG_1_2][1->2] 发送日志or心跳到 Node:2 开始 args:{2 1 1 2 [] 1 LOG_1_2 1 {0 0 map[] map[]}}
2026/02/07 14:34:02 [14:34:02.012] [Node:1] [LOG_REPLICA] [Trace:LOG_1_2][1->0] 发送日志or心跳到 Node:0 开始 args:{2 1 1 2 [] 1 LOG_1_2 1 {0 0 map[] map[]}}
2026/02/07 14:34:02 [14:34:02.013] [Node:0] [HEARTBEAT] [Trace:LOG_1_2][1->0] AppendEntries 收到 term:2 leaderId:1 prevLogIndex:1 prevLogTerm:2 entries:0 leaderCommit:1 isHeartbeat:true currentTerm:2 status:FOLLOWER log:[]
2026/02/07 14:34:02 [14:34:02.013] [Node:2] [HEARTBEAT] [Trace:LOG_1_2][1->2] AppendEntries 收到 term:2 leaderId:1 prevLogIndex:1 prevLogTerm:2 entries:0 leaderCommit:1 isHeartbeat:true currentTerm:2 status:FOLLOWER log:[]
2026/02/07 14:34:02 [Node:2] getNextIndex len:2 last snapshot index:0
2026/02/07 14:34:02 [Node:0] getNextIndex len:2 last snapshot index:0
2026/02/07 14:34:02 [14:34:02.013] [Node:2] [HEARTBEAT] [Trace:LOG_1_2][1->2] 打印日志结果:[{<nil> 0 false 0} {101 2 false 1}] 
2026/02/07 14:34:02 [Node:2] getLogStartIndex index:1 last snapshot index:0
2026/02/07 14:34:02 [14:34:02.013] [Node:0] [HEARTBEAT] [Trace:LOG_1_2][1->0] 打印日志结果:[{<nil> 0 false 0} {101 2 false 1}] 
2026/02/07 14:34:02 [Node:0] getLogStartIndex index:1 last snapshot index:0
2026/02/07 14:34:02 [14:34:02.013] [Node:2] [HEARTBEAT] [Trace:LOG_1_2][1->2] 复制日志结果:[{<nil> 0 false 0} {101 2 false 1}] 
2026/02/07 14:34:02 [14:34:02.013] [Node:0] [HEARTBEAT] [Trace:LOG_1_2][1->0] 复制日志结果:[{<nil> 0 false 0} {101 2 false 1}] 
2026/02/07 14:34:02 [Node:2] getNextIndex len:2 last snapshot index:0
2026/02/07 14:34:02 [Node:0] getNextIndex len:2 last snapshot index:0
2026/02/07 14:34:02 [14:34:02.013] [Node:0] [LOG_COMMIT] [Trace:LOG_1_2][1->0] 收到LogEntry，并且Leader已经提交， 本地log 0->1 leaderCommit:1 lastApplied:0
2026/02/07 14:34:02 [14:34:02.013] [Node:2] [LOG_COMMIT] [Trace:LOG_1_2][1->2] 收到LogEntry，并且Leader已经提交， 本地log 0->1 leaderCommit:1 lastApplied:0
2026/02/07 14:34:02 [Node:0] getLogStartIndex index:1 last snapshot index:0
2026/02/07 14:34:02 [Node:2] getLogStartIndex index:1 last snapshot index:0
2026/02/07 14:34:02 [Node:0] getLogStartIndex index:2 last snapshot index:0
2026/02/07 14:34:02 [14:34:02.014] [Node:0] [LOG_COMMIT] [Trace:APPLY_0_1] Applying logs count:1 log:[{101 2 false 1}] lastApplied:1
2026/02/07 14:34:02 [Node:2] getLogStartIndex index:2 last snapshot index:0
2026/02/07 14:34:02 [14:34:02.014] [Node:2] [LOG_COMMIT] [Trace:APPLY_2_1] Applying logs count:1 log:[{101 2 false 1}] lastApplied:1
2026/02/07 14:34:02 [14:34:02.014] [Node:1] [LOG_REPLICA] [Trace:LOG_1_2][1->0] 心跳返回 from peer:0 term:2 success:true
2026/02/07 14:34:02 [14:34:02.014] [Node:1] [LOG_REPLICA] [Trace:LOG_1_2][1->2] 心跳返回 from peer:2 term:2 success:true
2026/02/07 14:34:02 rfats [0xc00010c000 0xc00010c100 0xc00010c200]
2026/02/07 14:34:02 i 0 cmd1 101, ok true
2026/02/07 14:34:02 i 1 cmd1 101, ok true
2026/02/07 14:34:02 i 2 cmd1 101, ok true
2026/02/07 14:34:02 nd 3, cmd1 101 cmd 101
2026/02/07 14:34:02 [14:34:02.062] [Node:0] [HEARTBEAT] [Trace:HB_0_2] Follower等心跳 status FOLLOWER term:2 commitIndex:1
2026/02/07 14:34:02 [14:34:02.062] [Node:2] [HEARTBEAT] [Trace:HB_2_2] Follower等心跳 status FOLLOWER term:2 commitIndex:1
2026/02/07 14:34:02 [14:34:02.062] [Node:1] [HEARTBEAT] [Trace:HB_1_2] 开始发送心跳广播 status LEADER term:2 commitIndex:1
2026/02/07 14:34:02 [Node:1] nextIndex:[2 1 2]
2026/02/07 14:34:02 [Node:1] getLogStartIndex index:1 last snapshot index:0
2026/02/07 14:34:02 [Node:1] getNextIndex len:2 last snapshot index:0
2026/02/07 14:34:02 [Node:1] nextIndex:[2 1 2]
2026/02/07 14:34:02 [Node:1] getLogStartIndex index:1 last snapshot index:0
2026/02/07 14:34:02 [Node:1] getNextIndex len:2 last snapshot index:0
2026/02/07 14:34:02 [14:34:02.063] [Node:1] [LOG_REPLICA] [Trace:LOG_1_2][1->2] 发送日志or心跳到 Node:2 开始 args:{2 1 1 2 [] 1 LOG_1_2 1 {0 0 map[] map[]}}
2026/02/07 14:34:02 [14:34:02.063] [Node:1] [LOG_REPLICA] [Trace:LOG_1_2][1->0] 发送日志or心跳到 Node:0 开始 args:{2 1 1 2 [] 1 LOG_1_2 1 {0 0 map[] map[]}}
2026/02/07 14:34:02 [14:34:02.063] [Node:0] [HEARTBEAT] [Trace:LOG_1_2][1->0] AppendEntries 收到 term:2 leaderId:1 prevLogIndex:1 prevLogTerm:2 entries:0 leaderCommit:1 isHeartbeat:true currentTerm:2 status:FOLLOWER log:[]
2026/02/07 14:34:02 [Node:0] getNextIndex len:2 last snapshot index:0
2026/02/07 14:34:02 [14:34:02.063] [Node:2] [HEARTBEAT] [Trace:LOG_1_2][1->2] AppendEntries 收到 term:2 leaderId:1 prevLogIndex:1 prevLogTerm:2 entries:0 leaderCommit:1 isHeartbeat:true currentTerm:2 status:FOLLOWER log:[]
2026/02/07 14:34:02 [14:34:02.063] [Node:0] [HEARTBEAT] [Trace:LOG_1_2][1->0] 打印日志结果:[{<nil> 0 false 0} {101 2 false 1}] 
2026/02/07 14:34:02 [Node:2] getNextIndex len:2 last snapshot index:0
2026/02/07 14:34:02 [Node:0] getLogStartIndex index:1 last snapshot index:0
2026/02/07 14:34:02 [14:34:02.063] [Node:2] [HEARTBEAT] [Trace:LOG_1_2][1->2] 打印日志结果:[{<nil> 0 false 0} {101 2 false 1}] 
2026/02/07 14:34:02 [Node:2] getLogStartIndex index:1 last snapshot index:0
2026/02/07 14:34:02 [14:34:02.063] [Node:0] [HEARTBEAT] [Trace:LOG_1_2][1->0] 复制日志结果:[{<nil> 0 false 0} {101 2 false 1}] 
2026/02/07 14:34:02 [14:34:02.063] [Node:2] [HEARTBEAT] [Trace:LOG_1_2][1->2] 复制日志结果:[{<nil> 0 false 0} {101 2 false 1}] 
2026/02/07 14:34:02 [14:34:02.064] [Node:1] [LOG_REPLICA] [Trace:LOG_1_2][1->0] 心跳返回 from peer:0 term:2 success:true
2026/02/07 14:34:02 [14:34:02.064] [Node:1] [LOG_REPLICA] [Trace:LOG_1_2][1->2] 心跳返回 from peer:2 term:2 success:true
2026/02/07 14:34:02 [14:34:02.113] [Node:2] [HEARTBEAT] [Trace:HB_2_2] Follower等心跳 status FOLLOWER term:2 commitIndex:1
2026/02/07 14:34:02 [14:34:02.113] [Node:0] [HEARTBEAT] [Trace:HB_0_2] Follower等心跳 status FOLLOWER term:2 commitIndex:1
2026/02/07 14:34:02 [14:34:02.113] [Node:1] [HEARTBEAT] [Trace:HB_1_2] 开始发送心跳广播 status LEADER term:2 commitIndex:1
2026/02/07 14:34:02 [Node:1] nextIndex:[2 1 2]
2026/02/07 14:34:02 [Node:1] getLogStartIndex index:1 last snapshot index:0
2026/02/07 14:34:02 [Node:1] getNextIndex len:2 last snapshot index:0
2026/02/07 14:34:02 [14:34:02.113] [Node:1] [LOG_REPLICA] [Trace:LOG_1_2][1->2] 发送日志or心跳到 Node:2 开始 args:{2 1 1 2 [] 1 LOG_1_2 1 {0 0 map[] map[]}}
2026/02/07 14:34:02 [Node:1] nextIndex:[2 1 2]
2026/02/07 14:34:02 [Node:1] getLogStartIndex index:1 last snapshot index:0
2026/02/07 14:34:02 [Node:1] getNextIndex len:2 last snapshot index:0
2026/02/07 14:34:02 [14:34:02.113] [Node:1] [LOG_REPLICA] [Trace:LOG_1_2][1->0] 发送日志or心跳到 Node:0 开始 args:{2 1 1 2 [] 1 LOG_1_2 1 {0 0 map[] map[]}}
2026/02/07 14:34:02 [14:34:02.114] [Node:2] [HEARTBEAT] [Trace:LOG_1_2][1->2] AppendEntries 收到 term:2 leaderId:1 prevLogIndex:1 prevLogTerm:2 entries:0 leaderCommit:1 isHeartbeat:true currentTerm:2 status:FOLLOWER log:[]
2026/02/07 14:34:02 [Node:2] getNextIndex len:2 last snapshot index:0
2026/02/07 14:34:02 [14:34:02.114] [Node:2] [HEARTBEAT] [Trace:LOG_1_2][1->2] 打印日志结果:[{<nil> 0 false 0} {101 2 false 1}] 
2026/02/07 14:34:02 [Node:2] getLogStartIndex index:1 last snapshot index:0
2026/02/07 14:34:02 [14:34:02.114] [Node:0] [HEARTBEAT] [Trace:LOG_1_2][1->0] AppendEntries 收到 term:2 leaderId:1 prevLogIndex:1 prevLogTerm:2 entries:0 leaderCommit:1 isHeartbeat:true currentTerm:2 status:FOLLOWER log:[]
2026/02/07 14:34:02 [Node:0] getNextIndex len:2 last snapshot index:0
2026/02/07 14:34:02 [14:34:02.114] [Node:0] [HEARTBEAT] [Trace:LOG_1_2][1->0] 打印日志结果:[{<nil> 0 false 0} {101 2 false 1}] 
2026/02/07 14:34:02 [Node:0] getLogStartIndex index:1 last snapshot index:0
2026/02/07 14:34:02 [14:34:02.114] [Node:2] [HEARTBEAT] [Trace:LOG_1_2][1->2] 复制日志结果:[{<nil> 0 false 0} {101 2 false 1}] 
2026/02/07 14:34:02 [14:34:02.114] [Node:0] [HEARTBEAT] [Trace:LOG_1_2][1->0] 复制日志结果:[{<nil> 0 false 0} {101 2 false 1}] 
2026/02/07 14:34:02 [14:34:02.114] [Node:1] [LOG_REPLICA] [Trace:LOG_1_2][1->2] 心跳返回 from peer:2 term:2 success:true
2026/02/07 14:34:02 [14:34:02.114] [Node:1] [LOG_REPLICA] [Trace:LOG_1_2][1->0] 心跳返回 from peer:0 term:2 success:true
2026/02/07 14:34:02 [14:34:02.164] [Node:1] [HEARTBEAT] [Trace:HB_1_2] 开始发送心跳广播 status LEADER term:2 commitIndex:1
2026/02/07 14:34:02 [14:34:02.164] [Node:0] [HEARTBEAT] [Trace:HB_0_2] Follower等心跳 status FOLLOWER term:2 commitIndex:1
2026/02/07 14:34:02 [14:34:02.164] [Node:2] [HEARTBEAT] [Trace:HB_2_2] Follower等心跳 status FOLLOWER term:2 commitIndex:1
2026/02/07 14:34:02 [Node:1] nextIndex:[2 1 2]
2026/02/07 14:34:02 [Node:1] getLogStartIndex index:1 last snapshot index:0
2026/02/07 14:34:02 [Node:1] getNextIndex len:2 last snapshot index:0
2026/02/07 14:34:02 [14:34:02.164] [Node:1] [LOG_REPLICA] [Trace:LOG_1_2][1->0] 发送日志or心跳到 Node:0 开始 args:{2 1 1 2 [] 1 LOG_1_2 1 {0 0 map[] map[]}}
2026/02/07 14:34:02 [Node:1] nextIndex:[2 1 2]
2026/02/07 14:34:02 [Node:1] getLogStartIndex index:1 last snapshot index:0
2026/02/07 14:34:02 [Node:1] getNextIndex len:2 last snapshot index:0
2026/02/07 14:34:02 [14:34:02.164] [Node:1] [LOG_REPLICA] [Trace:LOG_1_2][1->2] 发送日志or心跳到 Node:2 开始 args:{2 1 1 2 [] 1 LOG_1_2 1 {0 0 map[] map[]}}
2026/02/07 14:34:02 [14:34:02.164] [Node:0] [HEARTBEAT] [Trace:LOG_1_2][1->0] AppendEntries 收到 term:2 leaderId:1 prevLogIndex:1 prevLogTerm:2 entries:0 leaderCommit:1 isHeartbeat:true currentTerm:2 status:FOLLOWER log:[]
2026/02/07 14:34:02 [Node:0] getNextIndex len:2 last snapshot index:0
2026/02/07 14:34:02 [14:34:02.164] [Node:2] [HEARTBEAT] [Trace:LOG_1_2][1->2] AppendEntries 收到 term:2 leaderId:1 prevLogIndex:1 prevLogTerm:2 entries:0 leaderCommit:1 isHeartbeat:true currentTerm:2 status:FOLLOWER log:[]
2026/02/07 14:34:02 [Node:2] getNextIndex len:2 last snapshot index:0
2026/02/07 14:34:02 [14:34:02.164] [Node:0] [HEARTBEAT] [Trace:LOG_1_2][1->0] 打印日志结果:[{<nil> 0 false 0} {101 2 false 1}] 
2026/02/07 14:34:02 [Node:0] getLogStartIndex index:1 last snapshot index:0
2026/02/07 14:34:02 [14:34:02.165] [Node:2] [HEARTBEAT] [Trace:LOG_1_2][1->2] 打印日志结果:[{<nil> 0 false 0} {101 2 false 1}] 
2026/02/07 14:34:02 [Node:2] getLogStartIndex index:1 last snapshot index:0
2026/02/07 14:34:02 [14:34:02.165] [Node:0] [HEARTBEAT] [Trace:LOG_1_2][1->0] 复制日志结果:[{<nil> 0 false 0} {101 2 false 1}] 
2026/02/07 14:34:02 [14:34:02.165] [Node:2] [HEARTBEAT] [Trace:LOG_1_2][1->2] 复制日志结果:[{<nil> 0 false 0} {101 2 false 1}] 
2026/02/07 14:34:02 [14:34:02.165] [Node:1] [LOG_REPLICA] [Trace:LOG_1_2][1->2] 心跳返回 from peer:2 term:2 success:true
2026/02/07 14:34:02 [14:34:02.165] [Node:1] [LOG_REPLICA] [Trace:LOG_1_2][1->0] 心跳返回 from peer:0 term:2 success:true
2026/02/07 14:34:02 [14:34:02.214] [Node:1] [HEARTBEAT] [Trace:HB_1_2] 开始发送心跳广播 status LEADER term:2 commitIndex:1
2026/02/07 14:34:02 [14:34:02.214] [Node:0] [HEARTBEAT] [Trace:HB_0_2] Follower等心跳 status FOLLOWER term:2 commitIndex:1
2026/02/07 14:34:02 [14:34:02.214] [Node:2] [HEARTBEAT] [Trace:HB_2_2] Follower等心跳 status FOLLOWER term:2 commitIndex:1
2026/02/07 14:34:02 [Node:1] nextIndex:[2 1 2]
2026/02/07 14:34:02 [Node:1] getLogStartIndex index:1 last snapshot index:0
2026/02/07 14:34:02 [Node:1] getNextIndex len:2 last snapshot index:0
2026/02/07 14:34:02 [14:34:02.215] [Node:1] [LOG_REPLICA] [Trace:LOG_1_2][1->0] 发送日志or心跳到 Node:0 开始 args:{2 1 1 2 [] 1 LOG_1_2 1 {0 0 map[] map[]}}
2026/02/07 14:34:02 [Node:1] nextIndex:[2 1 2]
2026/02/07 14:34:02 [Node:1] getLogStartIndex index:1 last snapshot index:0
2026/02/07 14:34:02 [Node:1] getNextIndex len:2 last snapshot index:0
2026/02/07 14:34:02 [14:34:02.215] [Node:1] [LOG_REPLICA] [Trace:LOG_1_2][1->2] 发送日志or心跳到 Node:2 开始 args:{2 1 1 2 [] 1 LOG_1_2 1 {0 0 map[] map[]}}
2026/02/07 14:34:02 [14:34:02.215] [Node:0] [HEARTBEAT] [Trace:LOG_1_2][1->0] AppendEntries 收到 term:2 leaderId:1 prevLogIndex:1 prevLogTerm:2 entries:0 leaderCommit:1 isHeartbeat:true currentTerm:2 status:FOLLOWER log:[]
2026/02/07 14:34:02 [Node:0] getNextIndex len:2 last snapshot index:0
2026/02/07 14:34:02 [14:34:02.215] [Node:0] [HEARTBEAT] [Trace:LOG_1_2][1->0] 打印日志结果:[{<nil> 0 false 0} {101 2 false 1}] 
2026/02/07 14:34:02 [Node:0] getLogStartIndex index:1 last snapshot index:0
2026/02/07 14:34:02 [14:34:02.215] [Node:0] [HEARTBEAT] [Trace:LOG_1_2][1->0] 复制日志结果:[{<nil> 0 false 0} {101 2 false 1}] 
2026/02/07 14:34:02 [14:34:02.215] [Node:2] [HEARTBEAT] [Trace:LOG_1_2][1->2] AppendEntries 收到 term:2 leaderId:1 prevLogIndex:1 prevLogTerm:2 entries:0 leaderCommit:1 isHeartbeat:true currentTerm:2 status:FOLLOWER log:[]
2026/02/07 14:34:02 [Node:2] getNextIndex len:2 last snapshot index:0
2026/02/07 14:34:02 [14:34:02.215] [Node:2] [HEARTBEAT] [Trace:LOG_1_2][1->2] 打印日志结果:[{<nil> 0 false 0} {101 2 false 1}] 
2026/02/07 14:34:02 [Node:2] getLogStartIndex index:1 last snapshot index:0
2026/02/07 14:34:02 [14:34:02.215] [Node:2] [HEARTBEAT] [Trace:LOG_1_2][1->2] 复制日志结果:[{<nil> 0 false 0} {101 2 false 1}] 
2026/02/07 14:34:02 [14:34:02.215] [Node:1] [LOG_REPLICA] [Trace:LOG_1_2][1->0] 心跳返回 from peer:0 term:2 success:true
2026/02/07 14:34:02 [14:34:02.215] [Node:1] [LOG_REPLICA] [Trace:LOG_1_2][1->2] 心跳返回 from peer:2 term:2 success:true
2026/02/07 14:34:02 [14:34:02.265] [Node:1] [HEARTBEAT] [Trace:HB_1_2] 开始发送心跳广播 status LEADER term:2 commitIndex:1
2026/02/07 14:34:02 [14:34:02.265] [Node:0] [HEARTBEAT] [Trace:HB_0_2] Follower等心跳 status FOLLOWER term:2 commitIndex:1
2026/02/07 14:34:02 [14:34:02.265] [Node:2] [HEARTBEAT] [Trace:HB_2_2] Follower等心跳 status FOLLOWER term:2 commitIndex:1
2026/02/07 14:34:02 [Node:1] nextIndex:[2 1 2]
2026/02/07 14:34:02 [Node:1] getLogStartIndex index:1 last snapshot index:0
2026/02/07 14:34:02 [Node:1] getNextIndex len:2 last snapshot index:0
2026/02/07 14:34:02 [14:34:02.265] [Node:1] [LOG_REPLICA] [Trace:LOG_1_2][1->2] 发送日志or心跳到 Node:2 开始 args:{2 1 1 2 [] 1 LOG_1_2 1 {0 0 map[] map[]}}
2026/02/07 14:34:02 [Node:1] nextIndex:[2 1 2]
2026/02/07 14:34:02 [Node:1] getLogStartIndex index:1 last snapshot index:0
2026/02/07 14:34:02 [Node:1] getNextIndex len:2 last snapshot index:0
2026/02/07 14:34:02 [14:34:02.265] [Node:1] [LOG_REPLICA] [Trace:LOG_1_2][1->0] 发送日志or心跳到 Node:0 开始 args:{2 1 1 2 [] 1 LOG_1_2 1 {0 0 map[] map[]}}
2026/02/07 14:34:02 [14:34:02.265] [Node:2] [HEARTBEAT] [Trace:LOG_1_2][1->2] AppendEntries 收到 term:2 leaderId:1 prevLogIndex:1 prevLogTerm:2 entries:0 leaderCommit:1 isHeartbeat:true currentTerm:2 status:FOLLOWER log:[]
2026/02/07 14:34:02 [Node:2] getNextIndex len:2 last snapshot index:0
2026/02/07 14:34:02 [14:34:02.265] [Node:0] [HEARTBEAT] [Trace:LOG_1_2][1->0] AppendEntries 收到 term:2 leaderId:1 prevLogIndex:1 prevLogTerm:2 entries:0 leaderCommit:1 isHeartbeat:true currentTerm:2 status:FOLLOWER log:[]
2026/02/07 14:34:02 [14:34:02.265] [Node:2] [HEARTBEAT] [Trace:LOG_1_2][1->2] 打印日志结果:[{<nil> 0 false 0} {101 2 false 1}] 
2026/02/07 14:34:02 [Node:0] getNextIndex len:2 last snapshot index:0
2026/02/07 14:34:02 [Node:2] getLogStartIndex index:1 last snapshot index:0
2026/02/07 14:34:02 [14:34:02.265] [Node:0] [HEARTBEAT] [Trace:LOG_1_2][1->0] 打印日志结果:[{<nil> 0 false 0} {101 2 false 1}] 
2026/02/07 14:34:02 [Node:0] getLogStartIndex index:1 last snapshot index:0
2026/02/07 14:34:02 [14:34:02.265] [Node:0] [HEARTBEAT] [Trace:LOG_1_2][1->0] 复制日志结果:[{<nil> 0 false 0} {101 2 false 1}] 
2026/02/07 14:34:02 [14:34:02.265] [Node:2] [HEARTBEAT] [Trace:LOG_1_2][1->2] 复制日志结果:[{<nil> 0 false 0} {101 2 false 1}] 
2026/02/07 14:34:02 [14:34:02.266] [Node:1] [LOG_REPLICA] [Trace:LOG_1_2][1->0] 心跳返回 from peer:0 term:2 success:true
2026/02/07 14:34:02 [14:34:02.266] [Node:1] [LOG_REPLICA] [Trace:LOG_1_2][1->2] 心跳返回 from peer:2 term:2 success:true
2026/02/07 14:34:02 [14:34:02.315] [Node:1] [HEARTBEAT] [Trace:HB_1_2] 开始发送心跳广播 status LEADER term:2 commitIndex:1
2026/02/07 14:34:02 [14:34:02.315] [Node:2] [HEARTBEAT] [Trace:HB_2_2] Follower等心跳 status FOLLOWER term:2 commitIndex:1
2026/02/07 14:34:02 [14:34:02.315] [Node:0] [HEARTBEAT] [Trace:HB_0_2] Follower等心跳 status FOLLOWER term:2 commitIndex:1
2026/02/07 14:34:02 [Node:1] nextIndex:[2 1 2]
2026/02/07 14:34:02 [Node:1] getLogStartIndex index:1 last snapshot index:0
2026/02/07 14:34:02 [Node:1] getNextIndex len:2 last snapshot index:0
2026/02/07 14:34:02 [14:34:02.316] [Node:1] [LOG_REPLICA] [Trace:LOG_1_2][1->0] 发送日志or心跳到 Node:0 开始 args:{2 1 1 2 [] 1 LOG_1_2 1 {0 0 map[] map[]}}
2026/02/07 14:34:02 [Node:1] nextIndex:[2 1 2]
2026/02/07 14:34:02 [Node:1] getLogStartIndex index:1 last snapshot index:0
2026/02/07 14:34:02 [Node:1] getNextIndex len:2 last snapshot index:0
2026/02/07 14:34:02 [14:34:02.316] [Node:1] [LOG_REPLICA] [Trace:LOG_1_2][1->2] 发送日志or心跳到 Node:2 开始 args:{2 1 1 2 [] 1 LOG_1_2 1 {0 0 map[] map[]}}
2026/02/07 14:34:02 [14:34:02.316] [Node:0] [HEARTBEAT] [Trace:LOG_1_2][1->0] AppendEntries 收到 term:2 leaderId:1 prevLogIndex:1 prevLogTerm:2 entries:0 leaderCommit:1 isHeartbeat:true currentTerm:2 status:FOLLOWER log:[]
2026/02/07 14:34:02 [Node:0] getNextIndex len:2 last snapshot index:0
2026/02/07 14:34:02 [14:34:02.316] [Node:2] [HEARTBEAT] [Trace:LOG_1_2][1->2] AppendEntries 收到 term:2 leaderId:1 prevLogIndex:1 prevLogTerm:2 entries:0 leaderCommit:1 isHeartbeat:true currentTerm:2 status:FOLLOWER log:[]
2026/02/07 14:34:02 [Node:2] getNextIndex len:2 last snapshot index:0
2026/02/07 14:34:02 [14:34:02.316] [Node:0] [HEARTBEAT] [Trace:LOG_1_2][1->0] 打印日志结果:[{<nil> 0 false 0} {101 2 false 1}] 
2026/02/07 14:34:02 [Node:0] getLogStartIndex index:1 last snapshot index:0
2026/02/07 14:34:02 [14:34:02.316] [Node:2] [HEARTBEAT] [Trace:LOG_1_2][1->2] 打印日志结果:[{<nil> 0 false 0} {101 2 false 1}] 
2026/02/07 14:34:02 [Node:2] getLogStartIndex index:1 last snapshot index:0
2026/02/07 14:34:02 [14:34:02.316] [Node:0] [HEARTBEAT] [Trace:LOG_1_2][1->0] 复制日志结果:[{<nil> 0 false 0} {101 2 false 1}] 
2026/02/07 14:34:02 [14:34:02.316] [Node:2] [HEARTBEAT] [Trace:LOG_1_2][1->2] 复制日志结果:[{<nil> 0 false 0} {101 2 false 1}] 
2026/02/07 14:34:02 [14:34:02.316] [Node:1] [LOG_REPLICA] [Trace:LOG_1_2][1->0] 心跳返回 from peer:0 term:2 success:true
2026/02/07 14:34:02 [14:34:02.316] [Node:1] [LOG_REPLICA] [Trace:LOG_1_2][1->2] 心跳返回 from peer:2 term:2 success:true
2026/02/07 14:34:02 [14:34:02.366] [Node:0] [HEARTBEAT] [Trace:HB_0_2] Follower等心跳 status FOLLOWER term:2 commitIndex:1
2026/02/07 14:34:02 [14:34:02.366] [Node:1] [HEARTBEAT] [Trace:HB_1_2] 开始发送心跳广播 status LEADER term:2 commitIndex:1
2026/02/07 14:34:02 [14:34:02.366] [Node:2] [HEARTBEAT] [Trace:HB_2_2] Follower等心跳 status FOLLOWER term:2 commitIndex:1
2026/02/07 14:34:02 [Node:1] nextIndex:[2 1 2]
2026/02/07 14:34:02 [Node:1] getLogStartIndex index:1 last snapshot index:0
2026/02/07 14:34:02 [Node:1] getNextIndex len:2 last snapshot index:0
2026/02/07 14:34:02 [14:34:02.366] [Node:1] [LOG_REPLICA] [Trace:LOG_1_2][1->2] 发送日志or心跳到 Node:2 开始 args:{2 1 1 2 [] 1 LOG_1_2 1 {0 0 map[] map[]}}
2026/02/07 14:34:02 [Node:1] nextIndex:[2 1 2]
2026/02/07 14:34:02 [Node:1] getLogStartIndex index:1 last snapshot index:0
2026/02/07 14:34:02 [Node:1] getNextIndex len:2 last snapshot index:0
2026/02/07 14:34:02 [14:34:02.366] [Node:1] [LOG_REPLICA] [Trace:LOG_1_2][1->0] 发送日志or心跳到 Node:0 开始 args:{2 1 1 2 [] 1 LOG_1_2 1 {0 0 map[] map[]}}
2026/02/07 14:34:02 [14:34:02.366] [Node:2] [HEARTBEAT] [Trace:LOG_1_2][1->2] AppendEntries 收到 term:2 leaderId:1 prevLogIndex:1 prevLogTerm:2 entries:0 leaderCommit:1 isHeartbeat:true currentTerm:2 status:FOLLOWER log:[]
2026/02/07 14:34:02 [Node:2] getNextIndex len:2 last snapshot index:0
2026/02/07 14:34:02 [14:34:02.367] [Node:2] [HEARTBEAT] [Trace:LOG_1_2][1->2] 打印日志结果:[{<nil> 0 false 0} {101 2 false 1}] 
2026/02/07 14:34:02 [Node:2] getLogStartIndex index:1 last snapshot index:0
2026/02/07 14:34:02 [14:34:02.367] [Node:2] [HEARTBEAT] [Trace:LOG_1_2][1->2] 复制日志结果:[{<nil> 0 false 0} {101 2 false 1}] 
2026/02/07 14:34:02 [14:34:02.367] [Node:0] [HEARTBEAT] [Trace:LOG_1_2][1->0] AppendEntries 收到 term:2 leaderId:1 prevLogIndex:1 prevLogTerm:2 entries:0 leaderCommit:1 isHeartbeat:true currentTerm:2 status:FOLLOWER log:[]
2026/02/07 14:34:02 [Node:0] getNextIndex len:2 last snapshot index:0
2026/02/07 14:34:02 [14:34:02.367] [Node:0] [HEARTBEAT] [Trace:LOG_1_2][1->0] 打印日志结果:[{<nil> 0 false 0} {101 2 false 1}] 
2026/02/07 14:34:02 [Node:0] getLogStartIndex index:1 last snapshot index:0
2026/02/07 14:34:02 [14:34:02.367] [Node:0] [HEARTBEAT] [Trace:LOG_1_2][1->0] 复制日志结果:[{<nil> 0 false 0} {101 2 false 1}] 
2026/02/07 14:34:02 [14:34:02.367] [Node:1] [LOG_REPLICA] [Trace:LOG_1_2][1->2] 心跳返回 from peer:2 term:2 success:true
2026/02/07 14:34:02 [14:34:02.367] [Node:1] [LOG_REPLICA] [Trace:LOG_1_2][1->0] 心跳返回 from peer:0 term:2 success:true
2026/02/07 14:34:02 [14:34:02.417] [Node:1] [HEARTBEAT] [Trace:HB_1_2] 开始发送心跳广播 status LEADER term:2 commitIndex:1
2026/02/07 14:34:02 [14:34:02.417] [Node:2] [HEARTBEAT] [Trace:HB_2_2] Follower等心跳 status FOLLOWER term:2 commitIndex:1
2026/02/07 14:34:02 [14:34:02.417] [Node:0] [HEARTBEAT] [Trace:HB_0_2] Follower等心跳 status FOLLOWER term:2 commitIndex:1
2026/02/07 14:34:02 [Node:1] nextIndex:[2 1 2]
2026/02/07 14:34:02 [Node:1] getLogStartIndex index:1 last snapshot index:0
2026/02/07 14:34:02 [Node:1] getNextIndex len:2 last snapshot index:0
2026/02/07 14:34:02 [14:34:02.417] [Node:1] [LOG_REPLICA] [Trace:LOG_1_2][1->2] 发送日志or心跳到 Node:2 开始 args:{2 1 1 2 [] 1 LOG_1_2 1 {0 0 map[] map[]}}
2026/02/07 14:34:02 [Node:1] nextIndex:[2 1 2]
2026/02/07 14:34:02 [Node:1] getLogStartIndex index:1 last snapshot index:0
2026/02/07 14:34:02 [Node:1] getNextIndex len:2 last snapshot index:0
2026/02/07 14:34:02 [14:34:02.417] [Node:1] [LOG_REPLICA] [Trace:LOG_1_2][1->0] 发送日志or心跳到 Node:0 开始 args:{2 1 1 2 [] 1 LOG_1_2 1 {0 0 map[] map[]}}
2026/02/07 14:34:02 [14:34:02.418] [Node:2] [HEARTBEAT] [Trace:LOG_1_2][1->2] AppendEntries 收到 term:2 leaderId:1 prevLogIndex:1 prevLogTerm:2 entries:0 leaderCommit:1 isHeartbeat:true currentTerm:2 status:FOLLOWER log:[]
2026/02/07 14:34:02 [Node:2] getNextIndex len:2 last snapshot index:0
2026/02/07 14:34:02 [14:34:02.418] [Node:2] [HEARTBEAT] [Trace:LOG_1_2][1->2] 打印日志结果:[{<nil> 0 false 0} {101 2 false 1}] 
2026/02/07 14:34:02 [Node:2] getLogStartIndex index:1 last snapshot index:0
2026/02/07 14:34:02 [14:34:02.418] [Node:0] [HEARTBEAT] [Trace:LOG_1_2][1->0] AppendEntries 收到 term:2 leaderId:1 prevLogIndex:1 prevLogTerm:2 entries:0 leaderCommit:1 isHeartbeat:true currentTerm:2 status:FOLLOWER log:[]
2026/02/07 14:34:02 [14:34:02.418] [Node:2] [HEARTBEAT] [Trace:LOG_1_2][1->2] 复制日志结果:[{<nil> 0 false 0} {101 2 false 1}] 
2026/02/07 14:34:02 [Node:0] getNextIndex len:2 last snapshot index:0
2026/02/07 14:34:02 [14:34:02.418] [Node:0] [HEARTBEAT] [Trace:LOG_1_2][1->0] 打印日志结果:[{<nil> 0 false 0} {101 2 false 1}] 
2026/02/07 14:34:02 [Node:0] getLogStartIndex index:1 last snapshot index:0
2026/02/07 14:34:02 [14:34:02.418] [Node:0] [HEARTBEAT] [Trace:LOG_1_2][1->0] 复制日志结果:[{<nil> 0 false 0} {101 2 false 1}] 
2026/02/07 14:34:02 [14:34:02.418] [Node:1] [LOG_REPLICA] [Trace:LOG_1_2][1->2] 心跳返回 from peer:2 term:2 success:true
2026/02/07 14:34:02 [14:34:02.418] [Node:1] [LOG_REPLICA] [Trace:LOG_1_2][1->0] 心跳返回 from peer:0 term:2 success:true
2026/02/07 14:34:02 [14:34:02.468] [Node:1] [HEARTBEAT] [Trace:HB_1_2] 开始发送心跳广播 status LEADER term:2 commitIndex:1
2026/02/07 14:34:02 [14:34:02.468] [Node:0] [HEARTBEAT] [Trace:HB_0_2] Follower等心跳 status FOLLOWER term:2 commitIndex:1
2026/02/07 14:34:02 [14:34:02.468] [Node:2] [HEARTBEAT] [Trace:HB_2_2] Follower等心跳 status FOLLOWER term:2 commitIndex:1
2026/02/07 14:34:02 [Node:1] nextIndex:[2 1 2]
2026/02/07 14:34:02 [Node:1] getLogStartIndex index:1 last snapshot index:0
2026/02/07 14:34:02 [Node:1] getNextIndex len:2 last snapshot index:0
2026/02/07 14:34:02 [14:34:02.468] [Node:1] [LOG_REPLICA] [Trace:LOG_1_2][1->0] 发送日志or心跳到 Node:0 开始 args:{2 1 1 2 [] 1 LOG_1_2 1 {0 0 map[] map[]}}
2026/02/07 14:34:02 [Node:1] nextIndex:[2 1 2]
2026/02/07 14:34:02 [Node:1] getLogStartIndex index:1 last snapshot index:0
2026/02/07 14:34:02 [Node:1] getNextIndex len:2 last snapshot index:0
2026/02/07 14:34:02 [14:34:02.468] [Node:1] [LOG_REPLICA] [Trace:LOG_1_2][1->2] 发送日志or心跳到 Node:2 开始 args:{2 1 1 2 [] 1 LOG_1_2 1 {0 0 map[] map[]}}
2026/02/07 14:34:02 [14:34:02.468] [Node:0] [HEARTBEAT] [Trace:LOG_1_2][1->0] AppendEntries 收到 term:2 leaderId:1 prevLogIndex:1 prevLogTerm:2 entries:0 leaderCommit:1 isHeartbeat:true currentTerm:2 status:FOLLOWER log:[]
2026/02/07 14:34:02 [Node:0] getNextIndex len:2 last snapshot index:0
2026/02/07 14:34:02 [14:34:02.468] [Node:0] [HEARTBEAT] [Trace:LOG_1_2][1->0] 打印日志结果:[{<nil> 0 false 0} {101 2 false 1}] 
2026/02/07 14:34:02 [Node:0] getLogStartIndex index:1 last snapshot index:0
2026/02/07 14:34:02 [14:34:02.468] [Node:0] [HEARTBEAT] [Trace:LOG_1_2][1->0] 复制日志结果:[{<nil> 0 false 0} {101 2 false 1}] 
2026/02/07 14:34:02 [14:34:02.468] [Node:2] [HEARTBEAT] [Trace:LOG_1_2][1->2] AppendEntries 收到 term:2 leaderId:1 prevLogIndex:1 prevLogTerm:2 entries:0 leaderCommit:1 isHeartbeat:true currentTerm:2 status:FOLLOWER log:[]
2026/02/07 14:34:02 [Node:2] getNextIndex len:2 last snapshot index:0
2026/02/07 14:34:02 [14:34:02.468] [Node:2] [HEARTBEAT] [Trace:LOG_1_2][1->2] 打印日志结果:[{<nil> 0 false 0} {101 2 false 1}] 
2026/02/07 14:34:02 [Node:2] getLogStartIndex index:1 last snapshot index:0
2026/02/07 14:34:02 [14:34:02.469] [Node:2] [HEARTBEAT] [Trace:LOG_1_2][1->2] 复制日志结果:[{<nil> 0 false 0} {101 2 false 1}] 
2026/02/07 14:34:02 [14:34:02.469] [Node:1] [LOG_REPLICA] [Trace:LOG_1_2][1->0] 心跳返回 from peer:0 term:2 success:true
2026/02/07 14:34:02 [14:34:02.469] [Node:1] [LOG_REPLICA] [Trace:LOG_1_2][1->2] 心跳返回 from peer:2 term:2 success:true
2026/02/07 14:34:02 [14:34:02.518] [Node:1] [HEARTBEAT] [Trace:HB_1_2] 开始发送心跳广播 status LEADER term:2 commitIndex:1
2026/02/07 14:34:02 [14:34:02.518] [Node:2] [HEARTBEAT] [Trace:HB_2_2] Follower等心跳 status FOLLOWER term:2 commitIndex:1
2026/02/07 14:34:02 [Node:1] nextIndex:[2 1 2]
2026/02/07 14:34:02 [Node:1] getLogStartIndex index:1 last snapshot index:0
2026/02/07 14:34:02 [Node:1] getNextIndex len:2 last snapshot index:0
2026/02/07 14:34:02 [Node:1] nextIndex:[2 1 2]
2026/02/07 14:34:02 [Node:1] getLogStartIndex index:1 last snapshot index:0
2026/02/07 14:34:02 [Node:1] getNextIndex len:2 last snapshot index:0
2026/02/07 14:34:02 [14:34:02.518] [Node:1] [LOG_REPLICA] [Trace:LOG_1_2][1->2] 发送日志or心跳到 Node:2 开始 args:{2 1 1 2 [] 1 LOG_1_2 1 {0 0 map[] map[]}}
2026/02/07 14:34:02 [14:34:02.519] [Node:1] [LOG_REPLICA] [Trace:LOG_1_2][1->0] 发送日志or心跳到 Node:0 开始 args:{2 1 1 2 [] 1 LOG_1_2 1 {0 0 map[] map[]}}
2026/02/07 14:34:02 [14:34:02.519] [Node:2] [HEARTBEAT] [Trace:LOG_1_2][1->2] AppendEntries 收到 term:2 leaderId:1 prevLogIndex:1 prevLogTerm:2 entries:0 leaderCommit:1 isHeartbeat:true currentTerm:2 status:FOLLOWER log:[]
2026/02/07 14:34:02 [Node:2] getNextIndex len:2 last snapshot index:0
2026/02/07 14:34:02 [14:34:02.519] [Node:2] [HEARTBEAT] [Trace:LOG_1_2][1->2] 打印日志结果:[{<nil> 0 false 0} {101 2 false 1}] 
2026/02/07 14:34:02 [Node:2] getLogStartIndex index:1 last snapshot index:0
2026/02/07 14:34:02 [14:34:02.519] [Node:2] [HEARTBEAT] [Trace:LOG_1_2][1->2] 复制日志结果:[{<nil> 0 false 0} {101 2 false 1}] 
2026/02/07 14:34:02 [14:34:02.519] [Node:1] [LOG_REPLICA] [Trace:LOG_1_2][1->2] 心跳返回 from peer:2 term:2 success:true
2026/02/07 14:34:02 [14:34:02.518] [Node:0] [HEARTBEAT] [Trace:HB_0_2] Follower等心跳 status FOLLOWER term:2 commitIndex:1
2026/02/07 14:34:02 [14:34:02.520] [Node:0] [HEARTBEAT] [Trace:LOG_1_2][1->0] AppendEntries 收到 term:2 leaderId:1 prevLogIndex:1 prevLogTerm:2 entries:0 leaderCommit:1 isHeartbeat:true currentTerm:2 status:FOLLOWER log:[]
2026/02/07 14:34:02 [Node:0] getNextIndex len:2 last snapshot index:0
2026/02/07 14:34:02 [14:34:02.520] [Node:0] [HEARTBEAT] [Trace:LOG_1_2][1->0] 打印日志结果:[{<nil> 0 false 0} {101 2 false 1}] 
2026/02/07 14:34:02 [Node:0] getLogStartIndex index:1 last snapshot index:0
2026/02/07 14:34:02 [14:34:02.520] [Node:0] [HEARTBEAT] [Trace:LOG_1_2][1->0] 复制日志结果:[{<nil> 0 false 0} {101 2 false 1}] 
2026/02/07 14:34:02 [14:34:02.520] [Node:1] [LOG_REPLICA] [Trace:LOG_1_2][1->0] 心跳返回 from peer:0 term:2 success:true
2026/02/07 14:34:02 [14:34:02.560] [Node:1] [RPC_RECV] [Trace:CLIENT_1_1770446042559998000] 接收到日志命令:102 isLeader:true term:2
2026/02/07 14:34:02 [Node:1] getNextIndex len:2 last snapshot index:0
2026/02/07 14:34:02 [14:34:02.560] [Node:1] [RPC_RECV] [Trace:CLIENT_1_1770446042560311000] 接收到日志命令:103 isLeader:true term:2
2026/02/07 14:34:02 [Node:1] getNextIndex len:3 last snapshot index:0
2026/02/07 14:34:02 [14:34:02.560] [Node:1] [RPC_RECV] [Trace:CLIENT_1_1770446042560481000] 接收到日志命令:104 isLeader:true term:2
2026/02/07 14:34:02 [Node:1] getNextIndex len:4 last snapshot index:0
2026/02/07 14:34:02 [14:34:02.560] [Node:2] [RPC_RECV] [Trace:CLIENT_2_1770446042560617000] 接收到日志命令:103 isLeader:false term:2
2026/02/07 14:34:02 [14:34:02.560] [Node:0] [RPC_RECV] [Trace:CLIENT_0_1770446042560644000] 接收到日志命令:103 isLeader:false term:2
2026/02/07 14:34:02 到这里了
2026/02/07 14:34:02 [14:34:02.569] [Node:1] [HEARTBEAT] [Trace:HB_1_2] 开始发送心跳广播 status LEADER term:2 commitIndex:1
2026/02/07 14:34:02 [14:34:02.569] [Node:2] [HEARTBEAT] [Trace:HB_2_2] Follower等心跳 status FOLLOWER term:2 commitIndex:1
2026/02/07 14:34:02 [Node:1] nextIndex:[2 1 2]
2026/02/07 14:34:02 [Node:1] getLogStartIndex index:1 last snapshot index:0
2026/02/07 14:34:02 [Node:1] getNextIndex len:5 last snapshot index:0
2026/02/07 14:34:02 [Node:1] getLogStartIndex index:2 last snapshot index:0
2026/02/07 14:34:02 [Node:1] nextIndex:[2 1 2]
2026/02/07 14:34:02 [Node:1] getLogStartIndex index:1 last snapshot index:0
2026/02/07 14:34:02 [14:34:02.569] [Node:1] [LOG_REPLICA] [Trace:LOG_1_2][1->2] 发送日志or心跳到 Node:2 开始 args:{2 1 1 2 [{102 2 false 2} {103 2 false 3} {104 2 false 4}] 1 LOG_1_2 1 {0 0 map[] map[]}}
2026/02/07 14:34:02 [Node:1] getNextIndex len:5 last snapshot index:0
2026/02/07 14:34:02 [Node:1] getLogStartIndex index:2 last snapshot index:0
2026/02/07 14:34:02 [14:34:02.569] [Node:1] [LOG_REPLICA] [Trace:LOG_1_2][1->0] 发送日志or心跳到 Node:0 开始 args:{2 1 1 2 [{102 2 false 2} {103 2 false 3} {104 2 false 4}] 1 LOG_1_2 1 {0 0 map[] map[]}}
2026/02/07 14:34:02 [14:34:02.570] [Node:0] [HEARTBEAT] [Trace:HB_0_2] Follower等心跳 status FOLLOWER term:2 commitIndex:1
2026/02/07 14:34:02 [14:34:02.611] [Node:2] [RPC_RECV] [Trace:CLIENT_2_1770446042611719000] 接收到日志命令:103 isLeader:false term:2
2026/02/07 14:34:02 [14:34:02.611] [Node:0] [RPC_RECV] [Trace:CLIENT_0_1770446042611820000] 接收到日志命令:103 isLeader:false term:2
2026/02/07 14:34:02 到这里了
2026/02/07 14:34:02 [14:34:02.620] [Node:1] [HEARTBEAT] [Trace:HB_1_2] 开始发送心跳广播 status LEADER term:2 commitIndex:1
2026/02/07 14:34:02 [14:34:02.620] [Node:2] [HEARTBEAT] [Trace:HB_2_2] Follower等心跳 status FOLLOWER term:2 commitIndex:1
2026/02/07 14:34:02 [Node:1] nextIndex:[2 1 2]
2026/02/07 14:34:02 [Node:1] getLogStartIndex index:1 last snapshot index:0
2026/02/07 14:34:02 [Node:1] getNextIndex len:5 last snapshot index:0
2026/02/07 14:34:02 [Node:1] getLogStartIndex index:2 last snapshot index:0
2026/02/07 14:34:02 [Node:1] nextIndex:[2 1 2]
2026/02/07 14:34:02 [Node:1] getLogStartIndex index:1 last snapshot index:0
2026/02/07 14:34:02 [14:34:02.620] [Node:1] [LOG_REPLICA] [Trace:LOG_1_2][1->0] 发送日志or心跳到 Node:0 开始 args:{2 1 1 2 [{102 2 false 2} {103 2 false 3} {104 2 false 4}] 1 LOG_1_2 1 {0 0 map[] map[]}}
2026/02/07 14:34:02 [Node:1] getNextIndex len:5 last snapshot index:0
2026/02/07 14:34:02 [Node:1] getLogStartIndex index:2 last snapshot index:0
2026/02/07 14:34:02 [14:34:02.620] [Node:1] [LOG_REPLICA] [Trace:LOG_1_2][1->2] 发送日志or心跳到 Node:2 开始 args:{2 1 1 2 [{102 2 false 2} {103 2 false 3} {104 2 false 4}] 1 LOG_1_2 1 {0 0 map[] map[]}}
2026/02/07 14:34:02 [14:34:02.620] [Node:0] [HEARTBEAT] [Trace:HB_0_2] Follower等心跳 status FOLLOWER term:2 commitIndex:1
2026/02/07 14:34:02 [14:34:02.662] [Node:2] [RPC_RECV] [Trace:CLIENT_2_1770446042662823000] 接收到日志命令:103 isLeader:false term:2
2026/02/07 14:34:02 [14:34:02.662] [Node:0] [RPC_RECV] [Trace:CLIENT_0_1770446042662911000] 接收到日志命令:103 isLeader:false term:2
2026/02/07 14:34:02 到这里了
2026/02/07 14:34:02 [14:34:02.670] [Node:2] [HEARTBEAT] [Trace:HB_2_2] Follower等心跳 status FOLLOWER term:2 commitIndex:1
2026/02/07 14:34:02 [14:34:02.670] [Node:1] [HEARTBEAT] [Trace:HB_1_2] 开始发送心跳广播 status LEADER term:2 commitIndex:1
2026/02/07 14:34:02 [Node:1] nextIndex:[2 1 2]
2026/02/07 14:34:02 [Node:1] getLogStartIndex index:1 last snapshot index:0
2026/02/07 14:34:02 [14:34:02.670] [Node:0] [HEARTBEAT] [Trace:HB_0_2] Follower等心跳 status FOLLOWER term:2 commitIndex:1
2026/02/07 14:34:02 [Node:1] getNextIndex len:5 last snapshot index:0
2026/02/07 14:34:02 [Node:1] getLogStartIndex index:2 last snapshot index:0
2026/02/07 14:34:02 [Node:1] nextIndex:[2 1 2]
2026/02/07 14:34:02 [14:34:02.670] [Node:1] [LOG_REPLICA] [Trace:LOG_1_2][1->0] 发送日志or心跳到 Node:0 开始 args:{2 1 1 2 [{102 2 false 2} {103 2 false 3} {104 2 false 4}] 1 LOG_1_2 1 {0 0 map[] map[]}}
2026/02/07 14:34:02 [Node:1] getLogStartIndex index:1 last snapshot index:0
2026/02/07 14:34:02 [Node:1] getNextIndex len:5 last snapshot index:0
2026/02/07 14:34:02 [Node:1] getLogStartIndex index:2 last snapshot index:0
2026/02/07 14:34:02 [14:34:02.671] [Node:1] [LOG_REPLICA] [Trace:LOG_1_2][1->2] 发送日志or心跳到 Node:2 开始 args:{2 1 1 2 [{102 2 false 2} {103 2 false 3} {104 2 false 4}] 1 LOG_1_2 1 {0 0 map[] map[]}}
2026/02/07 14:34:02 [14:34:02.709] [Node:0] [INFO] [STATE_CHANGE] FOLLOWER->FOLLOWER term:2 reason:变成Candidate
2026/02/07 14:34:02 [14:34:02.709] [Node:0] [TIMER_EVENT] [Trace:TIMER_0] 超时选举 since:188.520667ms threshold:168.636674ms
2026/02/07 14:34:02 [14:34:02.709] [Node:0] [RPC_SEND] [Trace:ELEC_0_3] 发送选举请求 peer:2 for term 3
2026/02/07 14:34:02 [14:34:02.709] [Node:0] [RPC_SEND] [Trace:ELEC_0_3] 发送选举请求 peer:1 for term 3
2026/02/07 14:34:02 [14:34:02.709] [Node:2] [RPC_RECV] [Trace:ELEC_0_3][0->2] RequestVote 接受 term:3 candidateId:0 lastLogIndex:1 lastLogTerm:2 currentTerm:2 status:FOLLOWER
2026/02/07 14:34:02 [14:34:02.709] [Node:2] [INFO] [STATE_CHANGE] FOLLOWER->FOLLOWER term:2 reason:降级成follower
2026/02/07 14:34:02 [14:34:02.709] [Node:2] [RPC_RECV] [Trace:ELEC_0_3][0->2] 投票信息 votedFor:-1 lastLogTerm:2 lastLogIndex:1 commitIndex:1 last snapshot index:0
2026/02/07 14:34:02 [14:34:02.709] [Node:2] [RPC_RECV] [Trace:ELEC_0_3][0->2] 投票给 candidate:0 term:3
2026/02/07 14:34:02 [14:34:02.709] [Node:0] [RPC_SEND] [Trace:ELEC_0_3] 处理投票返回 for term 3 reply:{3 true}
2026/02/07 14:34:02 [14:34:02.709] [Node:0] [INFO] [STATE_CHANGE] CANDIDATE->LEADER term:3 reason:成为Leader
2026/02/07 14:34:02 [Node:0] getNextIndex len:2 last snapshot index:0
2026/02/07 14:34:02 [Node:0] getNextIndex len:2 last snapshot index:0
2026/02/07 14:34:02 [Node:0] getNextIndex len:2 last snapshot index:0
2026/02/07 14:34:02 [14:34:02.713] [Node:2] [RPC_RECV] [Trace:CLIENT_2_1770446042713456000] 接收到日志命令:103 isLeader:false term:3
2026/02/07 14:34:02 [14:34:02.713] [Node:0] [RPC_RECV] [Trace:CLIENT_0_1770446042713492000] 接收到日志命令:103 isLeader:true term:3
2026/02/07 14:34:02 [Node:0] getNextIndex len:2 last snapshot index:0
2026/02/07 14:34:02 返回的索引 2
2026/02/07 14:34:02 到这里了
2026/02/07 14:34:02 time.Since(t1).Seconds()
2026/02/07 14:34:02 rfats [0xc00010c000 0xc00010c100 0xc00010c200]
2026/02/07 14:34:02 i 0 cmd1 <nil>, ok false
2026/02/07 14:34:02 i 1 cmd1 <nil>, ok false
2026/02/07 14:34:02 i 2 cmd1 <nil>, ok false
2026/02/07 14:34:02 nd 0, cmd1 <nil> cmd 103
2026/02/07 14:34:02 [14:34:02.720] [Node:1] [HEARTBEAT] [Trace:HB_1_2] 开始发送心跳广播 status LEADER term:2 commitIndex:1
2026/02/07 14:34:02 [14:34:02.720] [Node:0] [HEARTBEAT] [Trace:HB_0_3] 开始发送心跳广播 status LEADER term:3 commitIndex:1
2026/02/07 14:34:02 [14:34:02.720] [Node:2] [HEARTBEAT] [Trace:HB_2_3] Follower等心跳 status FOLLOWER term:3 commitIndex:1
2026/02/07 14:34:02 [Node:1] nextIndex:[2 1 2]
2026/02/07 14:34:02 [Node:1] getLogStartIndex index:1 last snapshot index:0
2026/02/07 14:34:02 [Node:1] getNextIndex len:5 last snapshot index:0
2026/02/07 14:34:02 [Node:0] nextIndex:[2 2 2]
2026/02/07 14:34:02 [Node:1] getLogStartIndex index:2 last snapshot index:0
2026/02/07 14:34:02 [Node:0] getLogStartIndex index:1 last snapshot index:0
2026/02/07 14:34:02 [Node:0] getNextIndex len:3 last snapshot index:0
2026/02/07 14:34:02 [Node:0] getLogStartIndex index:2 last snapshot index:0
2026/02/07 14:34:02 [14:34:02.721] [Node:1] [LOG_REPLICA] [Trace:LOG_1_2][1->2] 发送日志or心跳到 Node:2 开始 args:{2 1 1 2 [{102 2 false 2} {103 2 false 3} {104 2 false 4}] 1 LOG_1_2 1 {0 0 map[] map[]}}
2026/02/07 14:34:02 [Node:1] nextIndex:[2 1 2]
2026/02/07 14:34:02 [14:34:02.721] [Node:0] [LOG_REPLICA] [Trace:LOG_0_3][0->1] 发送日志or心跳到 Node:1 开始 args:{3 0 1 2 [{103 3 false 2}] 1 LOG_0_3 0 {0 0 map[] map[]}}
2026/02/07 14:34:02 [Node:1] getLogStartIndex index:1 last snapshot index:0
2026/02/07 14:34:02 [Node:0] nextIndex:[2 2 2]
2026/02/07 14:34:02 [Node:0] getLogStartIndex index:1 last snapshot index:0
2026/02/07 14:34:02 [Node:1] getNextIndex len:5 last snapshot index:0
2026/02/07 14:34:02 [Node:1] getLogStartIndex index:2 last snapshot index:0
2026/02/07 14:34:02 [Node:0] getNextIndex len:3 last snapshot index:0
2026/02/07 14:34:02 [Node:0] getLogStartIndex index:2 last snapshot index:0
2026/02/07 14:34:02 [14:34:02.721] [Node:1] [LOG_REPLICA] [Trace:LOG_1_2][1->0] 发送日志or心跳到 Node:0 开始 args:{2 1 1 2 [{102 2 false 2} {103 2 false 3} {104 2 false 4}] 1 LOG_1_2 1 {0 0 map[] map[]}}
2026/02/07 14:34:02 [14:34:02.721] [Node:0] [LOG_REPLICA] [Trace:LOG_0_3][0->2] 发送日志or心跳到 Node:2 开始 args:{3 0 1 2 [{103 3 false 2}] 1 LOG_0_3 0 {0 0 map[] map[]}}
2026/02/07 14:34:02 [14:34:02.721] [Node:2] [LOG_REPLICA] [Trace:LOG_0_3][0->2] AppendEntries 收到 term:3 leaderId:0 prevLogIndex:1 prevLogTerm:2 entries:1 leaderCommit:1 isHeartbeat:false currentTerm:3 status:FOLLOWER log:[{103 3 false 2}]
2026/02/07 14:34:02 [Node:2] getNextIndex len:2 last snapshot index:0
2026/02/07 14:34:02 [14:34:02.721] [Node:2] [LOG_REPLICA] [Trace:LOG_0_3][0->2] 打印日志结果:[{<nil> 0 false 0} {101 2 false 1}] 
2026/02/07 14:34:02 [Node:2] getLogStartIndex index:1 last snapshot index:0
2026/02/07 14:34:02 [Node:2] getNextIndex len:2 last snapshot index:0
2026/02/07 14:34:02 [14:34:02.721] [Node:2] [LOG_REPLICA] [Trace:LOG_0_3][0->2] entry.Index:2 rf.getNextIndex():2
2026/02/07 14:34:02 [Node:2] getNextIndex len:2 last snapshot index:0
2026/02/07 14:34:02 [14:34:02.722] [Node:2] [LOG_REPLICA] [Trace:LOG_0_3][0->2] args logEntrys:[{103 3 false 2}]
2026/02/07 14:34:02 [14:34:02.722] [Node:2] [LOG_REPLICA] [Trace:LOG_0_3][0->2] 复制日志结果:[{<nil> 0 false 0} {101 2 false 1} {103 3 false 2}] 
2026/02/07 14:34:02 [14:34:02.722] [Node:0] [LOG_REPLICA] [Trace:LOG_0_3][0->2] 心跳返回 from peer:2 term:3 success:true
2026/02/07 14:34:02 [14:34:02.722] [Node:0] [LOG_REPLICA] [Trace:LOG_0_3][0->2] 日志复制返回成功 from peer:2 term:3 agreeCount:2 log [{103 3 false 2}]
2026/02/07 14:34:02 [14:34:02.722] [Node:0] [LOG_REPLICA] [Trace:LOG_0_3][0->2] 更新后 server:2 matchIndex:2 nextIndex:3
2026/02/07 14:34:02 [Node:0] getNextIndex len:3 last snapshot index:0
2026/02/07 14:34:02 [Node:0] getLogStartIndex index:2 last snapshot index:0
2026/02/07 14:34:02 [14:34:02.722] [Node:0] [LOG_COMMIT] [Trace:LOG_0_3] 日志复制返回成功 多数同意，提交日志给KV服务器 index:2 term:3 majorityCount:2
2026/02/07 14:34:02 [Node:0] getLogStartIndex index:2 last snapshot index:0
2026/02/07 14:34:02 [Node:0] getLogStartIndex index:3 last snapshot index:0
2026/02/07 14:34:02 [14:34:02.722] [Node:0] [LOG_COMMIT] [Trace:APPLY_0_2] Applying logs count:1 log:[{103 3 false 2}] lastApplied:2
2026/02/07 14:34:02 rfats [0xc00010c000 0xc00010c100 0xc00010c200]
2026/02/07 14:34:02 i 0 cmd1 103, ok true
2026/02/07 14:34:02 i 1 cmd1 <nil>, ok false
2026/02/07 14:34:02 i 2 cmd1 <nil>, ok false
2026/02/07 14:34:02 nd 1, cmd1 103 cmd 103
2026/02/07 14:34:02 rfats [0xc00010c000 0xc00010c100 0xc00010c200]
2026/02/07 14:34:02 i 0 cmd1 103, ok true
2026/02/07 14:34:02 i 1 cmd1 <nil>, ok false
2026/02/07 14:34:02 i 2 cmd1 <nil>, ok false
2026/02/07 14:34:02 nd 1, cmd1 103 cmd 103
2026/02/07 14:34:02 [14:34:02.771] [Node:1] [HEARTBEAT] [Trace:HB_1_2] 开始发送心跳广播 status LEADER term:2 commitIndex:1
2026/02/07 14:34:02 [14:34:02.772] [Node:2] [HEARTBEAT] [Trace:HB_2_3] Follower等心跳 status FOLLOWER term:3 commitIndex:1
2026/02/07 14:34:02 [14:34:02.772] [Node:0] [HEARTBEAT] [Trace:HB_0_3] 开始发送心跳广播 status LEADER term:3 commitIndex:2
2026/02/07 14:34:02 [Node:1] nextIndex:[2 1 2]
2026/02/07 14:34:02 [Node:1] getLogStartIndex index:1 last snapshot index:0
2026/02/07 14:34:02 [Node:1] getNextIndex len:5 last snapshot index:0
2026/02/07 14:34:02 [Node:1] getLogStartIndex index:2 last snapshot index:0
2026/02/07 14:34:02 [Node:0] nextIndex:[2 2 3]
2026/02/07 14:34:02 [Node:0] getLogStartIndex index:1 last snapshot index:0
2026/02/07 14:34:02 [Node:1] nextIndex:[2 1 2]
2026/02/07 14:34:02 [Node:0] getNextIndex len:3 last snapshot index:0
2026/02/07 14:34:02 [Node:1] getLogStartIndex index:1 last snapshot index:0
2026/02/07 14:34:02 [Node:0] getLogStartIndex index:2 last snapshot index:0
2026/02/07 14:34:02 [Node:1] getNextIndex len:5 last snapshot index:0
2026/02/07 14:34:02 [14:34:02.772] [Node:1] [LOG_REPLICA] [Trace:LOG_1_2][1->2] 发送日志or心跳到 Node:2 开始 args:{2 1 1 2 [{102 2 false 2} {103 2 false 3} {104 2 false 4}] 1 LOG_1_2 1 {0 0 map[] map[]}}
2026/02/07 14:34:02 [14:34:02.772] [Node:0] [LOG_REPLICA] [Trace:LOG_0_3][0->1] 发送日志or心跳到 Node:1 开始 args:{3 0 1 2 [{103 3 false 2}] 2 LOG_0_3 0 {0 0 map[] map[]}}
2026/02/07 14:34:02 [Node:1] getLogStartIndex index:2 last snapshot index:0
2026/02/07 14:34:02 [Node:0] nextIndex:[2 2 3]
2026/02/07 14:34:02 [Node:0] getLogStartIndex index:2 last snapshot index:0
2026/02/07 14:34:02 [Node:0] getNextIndex len:3 last snapshot index:0
2026/02/07 14:34:02 [14:34:02.772] [Node:1] [LOG_REPLICA] [Trace:LOG_1_2][1->0] 发送日志or心跳到 Node:0 开始 args:{2 1 1 2 [{102 2 false 2} {103 2 false 3} {104 2 false 4}] 1 LOG_1_2 1 {0 0 map[] map[]}}
2026/02/07 14:34:02 [14:34:02.772] [Node:0] [LOG_REPLICA] [Trace:LOG_0_3][0->2] 发送日志or心跳到 Node:2 开始 args:{3 0 2 3 [] 2 LOG_0_3 0 {0 0 map[] map[]}}
2026/02/07 14:34:02 [14:34:02.772] [Node:2] [HEARTBEAT] [Trace:LOG_0_3][0->2] AppendEntries 收到 term:3 leaderId:0 prevLogIndex:2 prevLogTerm:3 entries:0 leaderCommit:2 isHeartbeat:true currentTerm:3 status:FOLLOWER log:[]
2026/02/07 14:34:02 [Node:2] getNextIndex len:3 last snapshot index:0
2026/02/07 14:34:02 [14:34:02.772] [Node:2] [HEARTBEAT] [Trace:LOG_0_3][0->2] 打印日志结果:[{<nil> 0 false 0} {101 2 false 1} {103 3 false 2}] 
2026/02/07 14:34:02 [Node:2] getLogStartIndex index:2 last snapshot index:0
2026/02/07 14:34:02 [14:34:02.772] [Node:2] [HEARTBEAT] [Trace:LOG_0_3][0->2] 复制日志结果:[{<nil> 0 false 0} {101 2 false 1} {103 3 false 2}] 
2026/02/07 14:34:02 [Node:2] getNextIndex len:3 last snapshot index:0
2026/02/07 14:34:02 [14:34:02.772] [Node:2] [LOG_COMMIT] [Trace:LOG_0_3][0->2] 收到LogEntry，并且Leader已经提交， 本地log 1->2 leaderCommit:2 lastApplied:1
2026/02/07 14:34:02 [Node:2] getLogStartIndex index:2 last snapshot index:0
2026/02/07 14:34:02 [Node:2] getLogStartIndex index:3 last snapshot index:0
2026/02/07 14:34:02 [14:34:02.772] [Node:2] [LOG_COMMIT] [Trace:APPLY_2_2] Applying logs count:1 log:[{103 3 false 2}] lastApplied:2
2026/02/07 14:34:02 [14:34:02.773] [Node:0] [LOG_REPLICA] [Trace:LOG_0_3][0->2] 心跳返回 from peer:2 term:3 success:true
2026/02/07 14:34:02 rfats [0xc00010c000 0xc00010c100 0xc00010c200]
2026/02/07 14:34:02 i 0 cmd1 103, ok true
2026/02/07 14:34:02 i 1 cmd1 <nil>, ok false
2026/02/07 14:34:02 i 2 cmd1 103, ok true
2026/02/07 14:34:02 nd 2, cmd1 103 cmd 103
2026/02/07 14:34:02 [14:34:02.822] [Node:0] [HEARTBEAT] [Trace:HB_0_3] 开始发送心跳广播 status LEADER term:3 commitIndex:2
2026/02/07 14:34:02 [14:34:02.822] [Node:2] [HEARTBEAT] [Trace:HB_2_3] Follower等心跳 status FOLLOWER term:3 commitIndex:2
2026/02/07 14:34:02 [14:34:02.822] [Node:1] [HEARTBEAT] [Trace:HB_1_2] 开始发送心跳广播 status LEADER term:2 commitIndex:1
2026/02/07 14:34:02 [Node:0] nextIndex:[2 2 3]
2026/02/07 14:34:02 [Node:0] getLogStartIndex index:1 last snapshot index:0
2026/02/07 14:34:02 [Node:1] nextIndex:[2 1 2]
2026/02/07 14:34:02 [Node:0] getNextIndex len:3 last snapshot index:0
2026/02/07 14:34:02 [Node:1] getLogStartIndex index:1 last snapshot index:0
2026/02/07 14:34:02 [Node:0] getLogStartIndex index:2 last snapshot index:0
2026/02/07 14:34:02 [Node:1] getNextIndex len:5 last snapshot index:0
2026/02/07 14:34:02 [Node:1] getLogStartIndex index:2 last snapshot index:0
2026/02/07 14:34:02 [14:34:02.822] [Node:0] [LOG_REPLICA] [Trace:LOG_0_3][0->1] 发送日志or心跳到 Node:1 开始 args:{3 0 1 2 [{103 3 false 2}] 2 LOG_0_3 0 {0 0 map[] map[]}}
2026/02/07 14:34:02 [Node:0] nextIndex:[2 2 3]
2026/02/07 14:34:02 [Node:0] getLogStartIndex index:2 last snapshot index:0
2026/02/07 14:34:02 [14:34:02.822] [Node:1] [LOG_REPLICA] [Trace:LOG_1_2][1->0] 发送日志or心跳到 Node:0 开始 args:{2 1 1 2 [{102 2 false 2} {103 2 false 3} {104 2 false 4}] 1 LOG_1_2 1 {0 0 map[] map[]}}
2026/02/07 14:34:02 [Node:0] getNextIndex len:3 last snapshot index:0
2026/02/07 14:34:02 [Node:1] nextIndex:[2 1 2]
2026/02/07 14:34:02 [Node:1] getLogStartIndex index:1 last snapshot index:0
2026/02/07 14:34:02 [Node:1] getNextIndex len:5 last snapshot index:0
2026/02/07 14:34:02 [14:34:02.822] [Node:0] [LOG_REPLICA] [Trace:LOG_0_3][0->2] 发送日志or心跳到 Node:2 开始 args:{3 0 2 3 [] 2 LOG_0_3 0 {0 0 map[] map[]}}
2026/02/07 14:34:02 [Node:1] getLogStartIndex index:2 last snapshot index:0
2026/02/07 14:34:02 [14:34:02.823] [Node:1] [LOG_REPLICA] [Trace:LOG_1_2][1->2] 发送日志or心跳到 Node:2 开始 args:{2 1 1 2 [{102 2 false 2} {103 2 false 3} {104 2 false 4}] 1 LOG_1_2 1 {0 0 map[] map[]}}
2026/02/07 14:34:02 [14:34:02.823] [Node:2] [HEARTBEAT] [Trace:LOG_0_3][0->2] AppendEntries 收到 term:3 leaderId:0 prevLogIndex:2 prevLogTerm:3 entries:0 leaderCommit:2 isHeartbeat:true currentTerm:3 status:FOLLOWER log:[]
2026/02/07 14:34:02 [Node:2] getNextIndex len:3 last snapshot index:0
2026/02/07 14:34:02 [14:34:02.823] [Node:2] [HEARTBEAT] [Trace:LOG_0_3][0->2] 打印日志结果:[{<nil> 0 false 0} {101 2 false 1} {103 3 false 2}] 
2026/02/07 14:34:02 [Node:2] getLogStartIndex index:2 last snapshot index:0
2026/02/07 14:34:02 [14:34:02.823] [Node:2] [HEARTBEAT] [Trace:LOG_0_3][0->2] 复制日志结果:[{<nil> 0 false 0} {101 2 false 1} {103 3 false 2}] 
2026/02/07 14:34:02 [14:34:02.823] [Node:0] [LOG_REPLICA] [Trace:LOG_0_3][0->2] 心跳返回 from peer:2 term:3 success:true
2026/02/07 14:34:02 [14:34:02.872] [Node:0] [HEARTBEAT] [Trace:HB_0_3] 开始发送心跳广播 status LEADER term:3 commitIndex:2
2026/02/07 14:34:02 [14:34:02.872] [Node:2] [HEARTBEAT] [Trace:HB_2_3] Follower等心跳 status FOLLOWER term:3 commitIndex:2
2026/02/07 14:34:02 [14:34:02.872] [Node:1] [HEARTBEAT] [Trace:HB_1_2] 开始发送心跳广播 status LEADER term:2 commitIndex:1
2026/02/07 14:34:02 [Node:0] nextIndex:[2 2 3]
2026/02/07 14:34:02 [Node:0] getLogStartIndex index:2 last snapshot index:0
2026/02/07 14:34:02 [Node:0] getNextIndex len:3 last snapshot index:0
2026/02/07 14:34:02 [Node:1] nextIndex:[2 1 2]
2026/02/07 14:34:02 [Node:1] getLogStartIndex index:1 last snapshot index:0
2026/02/07 14:34:02 [14:34:02.873] [Node:0] [LOG_REPLICA] [Trace:LOG_0_3][0->2] 发送日志or心跳到 Node:2 开始 args:{3 0 2 3 [] 2 LOG_0_3 0 {0 0 map[] map[]}}
2026/02/07 14:34:02 [Node:1] getNextIndex len:5 last snapshot index:0
2026/02/07 14:34:02 [Node:1] getLogStartIndex index:2 last snapshot index:0
2026/02/07 14:34:02 [Node:0] nextIndex:[2 2 3]
2026/02/07 14:34:02 [Node:0] getLogStartIndex index:1 last snapshot index:0
2026/02/07 14:34:02 [Node:0] getNextIndex len:3 last snapshot index:0
2026/02/07 14:34:02 [Node:1] nextIndex:[2 1 2]
2026/02/07 14:34:02 [Node:1] getLogStartIndex index:1 last snapshot index:0
2026/02/07 14:34:02 [Node:1] getNextIndex len:5 last snapshot index:0
2026/02/07 14:34:02 [Node:1] getLogStartIndex index:2 last snapshot index:0
2026/02/07 14:34:02 [Node:0] getLogStartIndex index:2 last snapshot index:0
2026/02/07 14:34:02 [14:34:02.873] [Node:1] [LOG_REPLICA] [Trace:LOG_1_2][1->0] 发送日志or心跳到 Node:0 开始 args:{2 1 1 2 [{102 2 false 2} {103 2 false 3} {104 2 false 4}] 1 LOG_1_2 1 {0 0 map[] map[]}}
2026/02/07 14:34:02 [14:34:02.873] [Node:1] [LOG_REPLICA] [Trace:LOG_1_2][1->2] 发送日志or心跳到 Node:2 开始 args:{2 1 1 2 [{102 2 false 2} {103 2 false 3} {104 2 false 4}] 1 LOG_1_2 1 {0 0 map[] map[]}}
2026/02/07 14:34:02 [14:34:02.873] [Node:0] [LOG_REPLICA] [Trace:LOG_0_3][0->1] 发送日志or心跳到 Node:1 开始 args:{3 0 1 2 [{103 3 false 2}] 2 LOG_0_3 0 {0 0 map[] map[]}}
2026/02/07 14:34:02 [14:34:02.873] [Node:2] [HEARTBEAT] [Trace:LOG_0_3][0->2] AppendEntries 收到 term:3 leaderId:0 prevLogIndex:2 prevLogTerm:3 entries:0 leaderCommit:2 isHeartbeat:true currentTerm:3 status:FOLLOWER log:[]
2026/02/07 14:34:02 [Node:2] getNextIndex len:3 last snapshot index:0
2026/02/07 14:34:02 [14:34:02.873] [Node:2] [HEARTBEAT] [Trace:LOG_0_3][0->2] 打印日志结果:[{<nil> 0 false 0} {101 2 false 1} {103 3 false 2}] 
2026/02/07 14:34:02 [Node:2] getLogStartIndex index:2 last snapshot index:0
2026/02/07 14:34:02 [14:34:02.873] [Node:2] [HEARTBEAT] [Trace:LOG_0_3][0->2] 复制日志结果:[{<nil> 0 false 0} {101 2 false 1} {103 3 false 2}] 
2026/02/07 14:34:02 [14:34:02.873] [Node:0] [LOG_REPLICA] [Trace:LOG_0_3][0->2] 心跳返回 from peer:2 term:3 success:true
2026/02/07 14:34:02 [14:34:02.923] [Node:0] [HEARTBEAT] [Trace:HB_0_3] 开始发送心跳广播 status LEADER term:3 commitIndex:2
2026/02/07 14:34:02 [14:34:02.923] [Node:1] [HEARTBEAT] [Trace:HB_1_2] 开始发送心跳广播 status LEADER term:2 commitIndex:1
2026/02/07 14:34:02 [14:34:02.923] [Node:2] [HEARTBEAT] [Trace:HB_2_3] Follower等心跳 status FOLLOWER term:3 commitIndex:2
2026/02/07 14:34:02 [Node:0] nextIndex:[2 2 3]
2026/02/07 14:34:02 [Node:1] nextIndex:[2 1 2]
2026/02/07 14:34:02 [Node:0] getLogStartIndex index:1 last snapshot index:0
2026/02/07 14:34:02 [Node:0] getNextIndex len:3 last snapshot index:0
2026/02/07 14:34:02 [Node:0] getLogStartIndex index:2 last snapshot index:0
2026/02/07 14:34:02 [Node:1] getLogStartIndex index:1 last snapshot index:0
2026/02/07 14:34:02 [Node:1] getNextIndex len:5 last snapshot index:0
2026/02/07 14:34:02 [Node:1] getLogStartIndex index:2 last snapshot index:0
2026/02/07 14:34:02 [14:34:02.924] [Node:0] [LOG_REPLICA] [Trace:LOG_0_3][0->1] 发送日志or心跳到 Node:1 开始 args:{3 0 1 2 [{103 3 false 2}] 2 LOG_0_3 0 {0 0 map[] map[]}}
2026/02/07 14:34:02 [Node:0] nextIndex:[2 2 3]
2026/02/07 14:34:02 [Node:1] nextIndex:[2 1 2]
2026/02/07 14:34:02 [Node:1] getLogStartIndex index:1 last snapshot index:0
2026/02/07 14:34:02 [Node:1] getNextIndex len:5 last snapshot index:0
2026/02/07 14:34:02 [14:34:02.924] [Node:1] [LOG_REPLICA] [Trace:LOG_1_2][1->2] 发送日志or心跳到 Node:2 开始 args:{2 1 1 2 [{102 2 false 2} {103 2 false 3} {104 2 false 4}] 1 LOG_1_2 1 {0 0 map[] map[]}}
2026/02/07 14:34:02 [Node:0] getLogStartIndex index:2 last snapshot index:0
2026/02/07 14:34:02 [Node:0] getNextIndex len:3 last snapshot index:0
2026/02/07 14:34:02 [Node:1] getLogStartIndex index:2 last snapshot index:0
2026/02/07 14:34:02 [14:34:02.924] [Node:0] [LOG_REPLICA] [Trace:LOG_0_3][0->2] 发送日志or心跳到 Node:2 开始 args:{3 0 2 3 [] 2 LOG_0_3 0 {0 0 map[] map[]}}
2026/02/07 14:34:02 [14:34:02.924] [Node:1] [LOG_REPLICA] [Trace:LOG_1_2][1->0] 发送日志or心跳到 Node:0 开始 args:{2 1 1 2 [{102 2 false 2} {103 2 false 3} {104 2 false 4}] 1 LOG_1_2 1 {0 0 map[] map[]}}
2026/02/07 14:34:02 [14:34:02.924] [Node:2] [HEARTBEAT] [Trace:LOG_0_3][0->2] AppendEntries 收到 term:3 leaderId:0 prevLogIndex:2 prevLogTerm:3 entries:0 leaderCommit:2 isHeartbeat:true currentTerm:3 status:FOLLOWER log:[]
2026/02/07 14:34:02 [Node:2] getNextIndex len:3 last snapshot index:0
2026/02/07 14:34:02 [14:34:02.924] [Node:2] [HEARTBEAT] [Trace:LOG_0_3][0->2] 打印日志结果:[{<nil> 0 false 0} {101 2 false 1} {103 3 false 2}] 
2026/02/07 14:34:02 [Node:2] getLogStartIndex index:2 last snapshot index:0
2026/02/07 14:34:02 [14:34:02.924] [Node:2] [HEARTBEAT] [Trace:LOG_0_3][0->2] 复制日志结果:[{<nil> 0 false 0} {101 2 false 1} {103 3 false 2}] 
2026/02/07 14:34:02 [14:34:02.925] [Node:0] [LOG_REPLICA] [Trace:LOG_0_3][0->2] 心跳返回 from peer:2 term:3 success:true
2026/02/07 14:34:02 [14:34:02.974] [Node:1] [HEARTBEAT] [Trace:HB_1_2] 开始发送心跳广播 status LEADER term:2 commitIndex:1
2026/02/07 14:34:02 [14:34:02.974] [Node:0] [HEARTBEAT] [Trace:HB_0_3] 开始发送心跳广播 status LEADER term:3 commitIndex:2
2026/02/07 14:34:02 [14:34:02.974] [Node:2] [HEARTBEAT] [Trace:HB_2_3] Follower等心跳 status FOLLOWER term:3 commitIndex:2
2026/02/07 14:34:02 [Node:1] nextIndex:[2 1 2]
2026/02/07 14:34:02 [Node:0] nextIndex:[2 2 3]
2026/02/07 14:34:02 [Node:0] getLogStartIndex index:1 last snapshot index:0
2026/02/07 14:34:02 [Node:1] getLogStartIndex index:1 last snapshot index:0
2026/02/07 14:34:02 [Node:0] getNextIndex len:3 last snapshot index:0
2026/02/07 14:34:02 [Node:1] getNextIndex len:5 last snapshot index:0
2026/02/07 14:34:02 [Node:0] getLogStartIndex index:2 last snapshot index:0
2026/02/07 14:34:02 [Node:1] getLogStartIndex index:2 last snapshot index:0
2026/02/07 14:34:02 [14:34:02.974] [Node:0] [LOG_REPLICA] [Trace:LOG_0_3][0->1] 发送日志or心跳到 Node:1 开始 args:{3 0 1 2 [{103 3 false 2}] 2 LOG_0_3 0 {0 0 map[] map[]}}
2026/02/07 14:34:02 [Node:0] nextIndex:[2 2 3]
2026/02/07 14:34:02 [14:34:02.974] [Node:1] [LOG_REPLICA] [Trace:LOG_1_2][1->2] 发送日志or心跳到 Node:2 开始 args:{2 1 1 2 [{102 2 false 2} {103 2 false 3} {104 2 false 4}] 1 LOG_1_2 1 {0 0 map[] map[]}}
2026/02/07 14:34:02 [Node:0] getLogStartIndex index:2 last snapshot index:0
2026/02/07 14:34:02 [Node:0] getNextIndex len:3 last snapshot index:0
2026/02/07 14:34:02 [Node:1] nextIndex:[2 1 2]
2026/02/07 14:34:02 [Node:1] getLogStartIndex index:1 last snapshot index:0
2026/02/07 14:34:02 [Node:1] getNextIndex len:5 last snapshot index:0
2026/02/07 14:34:02 [Node:1] getLogStartIndex index:2 last snapshot index:0
2026/02/07 14:34:02 [14:34:02.974] [Node:0] [LOG_REPLICA] [Trace:LOG_0_3][0->2] 发送日志or心跳到 Node:2 开始 args:{3 0 2 3 [] 2 LOG_0_3 0 {0 0 map[] map[]}}
2026/02/07 14:34:02 [14:34:02.974] [Node:1] [LOG_REPLICA] [Trace:LOG_1_2][1->0] 发送日志or心跳到 Node:0 开始 args:{2 1 1 2 [{102 2 false 2} {103 2 false 3} {104 2 false 4}] 1 LOG_1_2 1 {0 0 map[] map[]}}
2026/02/07 14:34:02 [14:34:02.975] [Node:2] [HEARTBEAT] [Trace:LOG_0_3][0->2] AppendEntries 收到 term:3 leaderId:0 prevLogIndex:2 prevLogTerm:3 entries:0 leaderCommit:2 isHeartbeat:true currentTerm:3 status:FOLLOWER log:[]
2026/02/07 14:34:02 [Node:2] getNextIndex len:3 last snapshot index:0
2026/02/07 14:34:02 [14:34:02.975] [Node:2] [HEARTBEAT] [Trace:LOG_0_3][0->2] 打印日志结果:[{<nil> 0 false 0} {101 2 false 1} {103 3 false 2}] 
2026/02/07 14:34:02 [Node:2] getLogStartIndex index:2 last snapshot index:0
2026/02/07 14:34:02 [14:34:02.975] [Node:2] [HEARTBEAT] [Trace:LOG_0_3][0->2] 复制日志结果:[{<nil> 0 false 0} {101 2 false 1} {103 3 false 2}] 
2026/02/07 14:34:02 [14:34:02.975] [Node:0] [LOG_REPLICA] [Trace:LOG_0_3][0->2] 心跳返回 from peer:2 term:3 success:true
2026/02/07 14:34:03 [14:34:03.024] [Node:1] [HEARTBEAT] [Trace:HB_1_2] 开始发送心跳广播 status LEADER term:2 commitIndex:1
2026/02/07 14:34:03 [14:34:03.024] [Node:0] [HEARTBEAT] [Trace:HB_0_3] 开始发送心跳广播 status LEADER term:3 commitIndex:2
2026/02/07 14:34:03 [14:34:03.024] [Node:2] [HEARTBEAT] [Trace:HB_2_3] Follower等心跳 status FOLLOWER term:3 commitIndex:2
2026/02/07 14:34:03 [Node:1] nextIndex:[2 1 2]
2026/02/07 14:34:03 [Node:1] getLogStartIndex index:1 last snapshot index:0
2026/02/07 14:34:03 [Node:1] getNextIndex len:5 last snapshot index:0
2026/02/07 14:34:03 [Node:0] nextIndex:[2 2 3]
2026/02/07 14:34:03 [Node:1] getLogStartIndex index:2 last snapshot index:0
2026/02/07 14:34:03 [Node:0] getLogStartIndex index:2 last snapshot index:0
2026/02/07 14:34:03 [Node:0] getNextIndex len:3 last snapshot index:0
2026/02/07 14:34:03 [Node:1] nextIndex:[2 1 2]
2026/02/07 14:34:03 [14:34:03.024] [Node:1] [LOG_REPLICA] [Trace:LOG_1_2][1->0] 发送日志or心跳到 Node:0 开始 args:{2 1 1 2 [{102 2 false 2} {103 2 false 3} {104 2 false 4}] 1 LOG_1_2 1 {0 0 map[] map[]}}
2026/02/07 14:34:03 [14:34:03.024] [Node:0] [LOG_REPLICA] [Trace:LOG_0_3][0->2] 发送日志or心跳到 Node:2 开始 args:{3 0 2 3 [] 2 LOG_0_3 0 {0 0 map[] map[]}}
2026/02/07 14:34:03 [Node:0] nextIndex:[2 2 3]
2026/02/07 14:34:03 [Node:0] getLogStartIndex index:1 last snapshot index:0
2026/02/07 14:34:03 [Node:1] getLogStartIndex index:1 last snapshot index:0
2026/02/07 14:34:03 [Node:0] getNextIndex len:3 last snapshot index:0
2026/02/07 14:34:03 [Node:1] getNextIndex len:5 last snapshot index:0
2026/02/07 14:34:03 [Node:1] getLogStartIndex index:2 last snapshot index:0
2026/02/07 14:34:03 [Node:0] getLogStartIndex index:2 last snapshot index:0
2026/02/07 14:34:03 [14:34:03.024] [Node:1] [LOG_REPLICA] [Trace:LOG_1_2][1->2] 发送日志or心跳到 Node:2 开始 args:{2 1 1 2 [{102 2 false 2} {103 2 false 3} {104 2 false 4}] 1 LOG_1_2 1 {0 0 map[] map[]}}
2026/02/07 14:34:03 [14:34:03.024] [Node:0] [LOG_REPLICA] [Trace:LOG_0_3][0->1] 发送日志or心跳到 Node:1 开始 args:{3 0 1 2 [{103 3 false 2}] 2 LOG_0_3 0 {0 0 map[] map[]}}
2026/02/07 14:34:03 [14:34:03.025] [Node:2] [HEARTBEAT] [Trace:LOG_0_3][0->2] AppendEntries 收到 term:3 leaderId:0 prevLogIndex:2 prevLogTerm:3 entries:0 leaderCommit:2 isHeartbeat:true currentTerm:3 status:FOLLOWER log:[]
2026/02/07 14:34:03 [Node:2] getNextIndex len:3 last snapshot index:0
2026/02/07 14:34:03 [14:34:03.025] [Node:2] [HEARTBEAT] [Trace:LOG_0_3][0->2] 打印日志结果:[{<nil> 0 false 0} {101 2 false 1} {103 3 false 2}] 
2026/02/07 14:34:03 [Node:2] getLogStartIndex index:2 last snapshot index:0
2026/02/07 14:34:03 [14:34:03.025] [Node:2] [HEARTBEAT] [Trace:LOG_0_3][0->2] 复制日志结果:[{<nil> 0 false 0} {101 2 false 1} {103 3 false 2}] 
2026/02/07 14:34:03 [14:34:03.025] [Node:0] [LOG_REPLICA] [Trace:LOG_0_3][0->2] 心跳返回 from peer:2 term:3 success:true
2026/02/07 14:34:03 [14:34:03.075] [Node:1] [HEARTBEAT] [Trace:HB_1_2] 开始发送心跳广播 status LEADER term:2 commitIndex:1
2026/02/07 14:34:03 [14:34:03.075] [Node:2] [HEARTBEAT] [Trace:HB_2_3] Follower等心跳 status FOLLOWER term:3 commitIndex:2
2026/02/07 14:34:03 [14:34:03.075] [Node:0] [HEARTBEAT] [Trace:HB_0_3] 开始发送心跳广播 status LEADER term:3 commitIndex:2
2026/02/07 14:34:03 [Node:0] nextIndex:[2 2 3]
2026/02/07 14:34:03 [Node:0] getLogStartIndex index:2 last snapshot index:0
2026/02/07 14:34:03 [Node:1] nextIndex:[2 1 2]
2026/02/07 14:34:03 [Node:0] getNextIndex len:3 last snapshot index:0
2026/02/07 14:34:03 [Node:1] getLogStartIndex index:1 last snapshot index:0
2026/02/07 14:34:03 [Node:1] getNextIndex len:5 last snapshot index:0
2026/02/07 14:34:03 [Node:1] getLogStartIndex index:2 last snapshot index:0
2026/02/07 14:34:03 [Node:0] nextIndex:[2 2 3]
2026/02/07 14:34:03 [14:34:03.075] [Node:0] [LOG_REPLICA] [Trace:LOG_0_3][0->2] 发送日志or心跳到 Node:2 开始 args:{3 0 2 3 [] 2 LOG_0_3 0 {0 0 map[] map[]}}
2026/02/07 14:34:03 [Node:1] nextIndex:[2 1 2]
2026/02/07 14:34:03 [14:34:03.075] [Node:1] [LOG_REPLICA] [Trace:LOG_1_2][1->2] 发送日志or心跳到 Node:2 开始 args:{2 1 1 2 [{102 2 false 2} {103 2 false 3} {104 2 false 4}] 1 LOG_1_2 1 {0 0 map[] map[]}}
2026/02/07 14:34:03 [Node:1] getLogStartIndex index:1 last snapshot index:0
2026/02/07 14:34:03 [Node:0] getLogStartIndex index:1 last snapshot index:0
2026/02/07 14:34:03 [Node:1] getNextIndex len:5 last snapshot index:0
2026/02/07 14:34:03 [Node:1] getLogStartIndex index:2 last snapshot index:0
2026/02/07 14:34:03 [Node:0] getNextIndex len:3 last snapshot index:0
2026/02/07 14:34:03 [Node:0] getLogStartIndex index:2 last snapshot index:0
2026/02/07 14:34:03 [14:34:03.075] [Node:1] [LOG_REPLICA] [Trace:LOG_1_2][1->0] 发送日志or心跳到 Node:0 开始 args:{2 1 1 2 [{102 2 false 2} {103 2 false 3} {104 2 false 4}] 1 LOG_1_2 1 {0 0 map[] map[]}}
2026/02/07 14:34:03 [14:34:03.075] [Node:0] [LOG_REPLICA] [Trace:LOG_0_3][0->1] 发送日志or心跳到 Node:1 开始 args:{3 0 1 2 [{103 3 false 2}] 2 LOG_0_3 0 {0 0 map[] map[]}}
2026/02/07 14:34:03 [14:34:03.076] [Node:2] [HEARTBEAT] [Trace:LOG_0_3][0->2] AppendEntries 收到 term:3 leaderId:0 prevLogIndex:2 prevLogTerm:3 entries:0 leaderCommit:2 isHeartbeat:true currentTerm:3 status:FOLLOWER log:[]
2026/02/07 14:34:03 [Node:2] getNextIndex len:3 last snapshot index:0
2026/02/07 14:34:03 [14:34:03.076] [Node:2] [HEARTBEAT] [Trace:LOG_0_3][0->2] 打印日志结果:[{<nil> 0 false 0} {101 2 false 1} {103 3 false 2}] 
2026/02/07 14:34:03 [Node:2] getLogStartIndex index:2 last snapshot index:0
2026/02/07 14:34:03 [14:34:03.076] [Node:2] [HEARTBEAT] [Trace:LOG_0_3][0->2] 复制日志结果:[{<nil> 0 false 0} {101 2 false 1} {103 3 false 2}] 
2026/02/07 14:34:03 [14:34:03.076] [Node:0] [LOG_REPLICA] [Trace:LOG_0_3][0->2] 心跳返回 from peer:2 term:3 success:true
2026/02/07 14:34:03 [14:34:03.126] [Node:0] [HEARTBEAT] [Trace:HB_0_3] 开始发送心跳广播 status LEADER term:3 commitIndex:2
2026/02/07 14:34:03 [14:34:03.126] [Node:1] [HEARTBEAT] [Trace:HB_1_2] 开始发送心跳广播 status LEADER term:2 commitIndex:1
2026/02/07 14:34:03 [14:34:03.126] [Node:2] [HEARTBEAT] [Trace:HB_2_3] Follower等心跳 status FOLLOWER term:3 commitIndex:2
2026/02/07 14:34:03 [Node:1] nextIndex:[2 1 2]
2026/02/07 14:34:03 [Node:0] nextIndex:[2 2 3]
2026/02/07 14:34:03 [Node:0] getLogStartIndex index:1 last snapshot index:0
2026/02/07 14:34:03 [Node:0] getNextIndex len:3 last snapshot index:0
2026/02/07 14:34:03 [Node:0] getLogStartIndex index:2 last snapshot index:0
2026/02/07 14:34:03 [Node:1] getLogStartIndex index:1 last snapshot index:0
2026/02/07 14:34:03 [Node:1] getNextIndex len:5 last snapshot index:0
2026/02/07 14:34:03 [Node:1] getLogStartIndex index:2 last snapshot index:0
2026/02/07 14:34:03 [14:34:03.126] [Node:0] [LOG_REPLICA] [Trace:LOG_0_3][0->1] 发送日志or心跳到 Node:1 开始 args:{3 0 1 2 [{103 3 false 2}] 2 LOG_0_3 0 {0 0 map[] map[]}}
2026/02/07 14:34:03 [Node:0] nextIndex:[2 2 3]
2026/02/07 14:34:03 [14:34:03.126] [Node:1] [LOG_REPLICA] [Trace:LOG_1_2][1->2] 发送日志or心跳到 Node:2 开始 args:{2 1 1 2 [{102 2 false 2} {103 2 false 3} {104 2 false 4}] 1 LOG_1_2 1 {0 0 map[] map[]}}
2026/02/07 14:34:03 [Node:1] nextIndex:[2 1 2]
2026/02/07 14:34:03 [Node:1] getLogStartIndex index:1 last snapshot index:0
2026/02/07 14:34:03 [Node:1] getNextIndex len:5 last snapshot index:0
2026/02/07 14:34:03 [Node:1] getLogStartIndex index:2 last snapshot index:0
2026/02/07 14:34:03 [Node:0] getLogStartIndex index:2 last snapshot index:0
2026/02/07 14:34:03 [Node:0] getNextIndex len:3 last snapshot index:0
2026/02/07 14:34:03 [14:34:03.126] [Node:1] [LOG_REPLICA] [Trace:LOG_1_2][1->0] 发送日志or心跳到 Node:0 开始 args:{2 1 1 2 [{102 2 false 2} {103 2 false 3} {104 2 false 4}] 1 LOG_1_2 1 {0 0 map[] map[]}}
2026/02/07 14:34:03 [14:34:03.126] [Node:0] [LOG_REPLICA] [Trace:LOG_0_3][0->2] 发送日志or心跳到 Node:2 开始 args:{3 0 2 3 [] 2 LOG_0_3 0 {0 0 map[] map[]}}
2026/02/07 14:34:03 [14:34:03.127] [Node:2] [HEARTBEAT] [Trace:LOG_0_3][0->2] AppendEntries 收到 term:3 leaderId:0 prevLogIndex:2 prevLogTerm:3 entries:0 leaderCommit:2 isHeartbeat:true currentTerm:3 status:FOLLOWER log:[]
2026/02/07 14:34:03 [Node:2] getNextIndex len:3 last snapshot index:0
2026/02/07 14:34:03 [14:34:03.127] [Node:2] [HEARTBEAT] [Trace:LOG_0_3][0->2] 打印日志结果:[{<nil> 0 false 0} {101 2 false 1} {103 3 false 2}] 
2026/02/07 14:34:03 [Node:2] getLogStartIndex index:2 last snapshot index:0
2026/02/07 14:34:03 [14:34:03.127] [Node:2] [HEARTBEAT] [Trace:LOG_0_3][0->2] 复制日志结果:[{<nil> 0 false 0} {101 2 false 1} {103 3 false 2}] 
2026/02/07 14:34:03 [14:34:03.127] [Node:0] [LOG_REPLICA] [Trace:LOG_0_3][0->2] 心跳返回 from peer:2 term:3 success:true
2026/02/07 14:34:03 [14:34:03.176] [Node:2] [HEARTBEAT] [Trace:HB_2_3] Follower等心跳 status FOLLOWER term:3 commitIndex:2
2026/02/07 14:34:03 [14:34:03.176] [Node:1] [HEARTBEAT] [Trace:HB_1_2] 开始发送心跳广播 status LEADER term:2 commitIndex:1
2026/02/07 14:34:03 [14:34:03.176] [Node:0] [HEARTBEAT] [Trace:HB_0_3] 开始发送心跳广播 status LEADER term:3 commitIndex:2
2026/02/07 14:34:03 [Node:1] nextIndex:[2 1 2]
2026/02/07 14:34:03 [Node:0] nextIndex:[2 2 3]
2026/02/07 14:34:03 [Node:1] getLogStartIndex index:1 last snapshot index:0
2026/02/07 14:34:03 [Node:0] getLogStartIndex index:1 last snapshot index:0
2026/02/07 14:34:03 [Node:1] getNextIndex len:5 last snapshot index:0
2026/02/07 14:34:03 [Node:0] getNextIndex len:3 last snapshot index:0
2026/02/07 14:34:03 [Node:1] getLogStartIndex index:2 last snapshot index:0
2026/02/07 14:34:03 [Node:0] getLogStartIndex index:2 last snapshot index:0
2026/02/07 14:34:03 [Node:1] nextIndex:[2 1 2]
2026/02/07 14:34:03 [14:34:03.176] [Node:1] [LOG_REPLICA] [Trace:LOG_1_2][1->2] 发送日志or心跳到 Node:2 开始 args:{2 1 1 2 [{102 2 false 2} {103 2 false 3} {104 2 false 4}] 1 LOG_1_2 1 {0 0 map[] map[]}}
2026/02/07 14:34:03 [Node:1] getLogStartIndex index:1 last snapshot index:0
2026/02/07 14:34:03 [Node:0] nextIndex:[2 2 3]
2026/02/07 14:34:03 [Node:0] getLogStartIndex index:2 last snapshot index:0
2026/02/07 14:34:03 [Node:0] getNextIndex len:3 last snapshot index:0
2026/02/07 14:34:03 [14:34:03.176] [Node:0] [LOG_REPLICA] [Trace:LOG_0_3][0->1] 发送日志or心跳到 Node:1 开始 args:{3 0 1 2 [{103 3 false 2}] 2 LOG_0_3 0 {0 0 map[] map[]}}
2026/02/07 14:34:03 [Node:1] getNextIndex len:5 last snapshot index:0
2026/02/07 14:34:03 [14:34:03.176] [Node:0] [LOG_REPLICA] [Trace:LOG_0_3][0->2] 发送日志or心跳到 Node:2 开始 args:{3 0 2 3 [] 2 LOG_0_3 0 {0 0 map[] map[]}}
2026/02/07 14:34:03 [Node:1] getLogStartIndex index:2 last snapshot index:0
2026/02/07 14:34:03 [14:34:03.176] [Node:1] [LOG_REPLICA] [Trace:LOG_1_2][1->0] 发送日志or心跳到 Node:0 开始 args:{2 1 1 2 [{102 2 false 2} {103 2 false 3} {104 2 false 4}] 1 LOG_1_2 1 {0 0 map[] map[]}}
2026/02/07 14:34:03 [14:34:03.177] [Node:2] [HEARTBEAT] [Trace:LOG_0_3][0->2] AppendEntries 收到 term:3 leaderId:0 prevLogIndex:2 prevLogTerm:3 entries:0 leaderCommit:2 isHeartbeat:true currentTerm:3 status:FOLLOWER log:[]
2026/02/07 14:34:03 [Node:2] getNextIndex len:3 last snapshot index:0
2026/02/07 14:34:03 [14:34:03.177] [Node:2] [HEARTBEAT] [Trace:LOG_0_3][0->2] 打印日志结果:[{<nil> 0 false 0} {101 2 false 1} {103 3 false 2}] 
2026/02/07 14:34:03 [Node:2] getLogStartIndex index:2 last snapshot index:0
2026/02/07 14:34:03 [14:34:03.177] [Node:2] [HEARTBEAT] [Trace:LOG_0_3][0->2] 复制日志结果:[{<nil> 0 false 0} {101 2 false 1} {103 3 false 2}] 
2026/02/07 14:34:03 [14:34:03.177] [Node:0] [LOG_REPLICA] [Trace:LOG_0_3][0->2] 心跳返回 from peer:2 term:3 success:true
2026/02/07 14:34:03 [14:34:03.227] [Node:0] [HEARTBEAT] [Trace:HB_0_3] 开始发送心跳广播 status LEADER term:3 commitIndex:2
2026/02/07 14:34:03 [14:34:03.227] [Node:2] [HEARTBEAT] [Trace:HB_2_3] Follower等心跳 status FOLLOWER term:3 commitIndex:2
2026/02/07 14:34:03 [14:34:03.227] [Node:1] [HEARTBEAT] [Trace:HB_1_2] 开始发送心跳广播 status LEADER term:2 commitIndex:1
2026/02/07 14:34:03 [Node:0] nextIndex:[2 2 3]
2026/02/07 14:34:03 [Node:0] getLogStartIndex index:1 last snapshot index:0
2026/02/07 14:34:03 [Node:0] getNextIndex len:3 last snapshot index:0
2026/02/07 14:34:03 [Node:1] nextIndex:[2 1 2]
2026/02/07 14:34:03 [Node:0] getLogStartIndex index:2 last snapshot index:0
2026/02/07 14:34:03 [Node:1] getLogStartIndex index:1 last snapshot index:0
2026/02/07 14:34:03 [Node:1] getNextIndex len:5 last snapshot index:0
2026/02/07 14:34:03 [Node:1] getLogStartIndex index:2 last snapshot index:0
2026/02/07 14:34:03 [14:34:03.227] [Node:0] [LOG_REPLICA] [Trace:LOG_0_3][0->1] 发送日志or心跳到 Node:1 开始 args:{3 0 1 2 [{103 3 false 2}] 2 LOG_0_3 0 {0 0 map[] map[]}}
2026/02/07 14:34:03 [Node:0] nextIndex:[2 2 3]
2026/02/07 14:34:03 [Node:0] getLogStartIndex index:2 last snapshot index:0
2026/02/07 14:34:03 [Node:0] getNextIndex len:3 last snapshot index:0
2026/02/07 14:34:03 [14:34:03.227] [Node:1] [LOG_REPLICA] [Trace:LOG_1_2][1->2] 发送日志or心跳到 Node:2 开始 args:{2 1 1 2 [{102 2 false 2} {103 2 false 3} {104 2 false 4}] 1 LOG_1_2 1 {0 0 map[] map[]}}
2026/02/07 14:34:03 [14:34:03.227] [Node:0] [LOG_REPLICA] [Trace:LOG_0_3][0->2] 发送日志or心跳到 Node:2 开始 args:{3 0 2 3 [] 2 LOG_0_3 0 {0 0 map[] map[]}}
2026/02/07 14:34:03 [Node:1] nextIndex:[2 1 2]
2026/02/07 14:34:03 [Node:1] getLogStartIndex index:1 last snapshot index:0
2026/02/07 14:34:03 [Node:1] getNextIndex len:5 last snapshot index:0
2026/02/07 14:34:03 [Node:1] getLogStartIndex index:2 last snapshot index:0
2026/02/07 14:34:03 [14:34:03.227] [Node:1] [LOG_REPLICA] [Trace:LOG_1_2][1->0] 发送日志or心跳到 Node:0 开始 args:{2 1 1 2 [{102 2 false 2} {103 2 false 3} {104 2 false 4}] 1 LOG_1_2 1 {0 0 map[] map[]}}
2026/02/07 14:34:03 [14:34:03.228] [Node:2] [HEARTBEAT] [Trace:LOG_0_3][0->2] AppendEntries 收到 term:3 leaderId:0 prevLogIndex:2 prevLogTerm:3 entries:0 leaderCommit:2 isHeartbeat:true currentTerm:3 status:FOLLOWER log:[]
2026/02/07 14:34:03 [Node:2] getNextIndex len:3 last snapshot index:0
2026/02/07 14:34:03 [14:34:03.228] [Node:2] [HEARTBEAT] [Trace:LOG_0_3][0->2] 打印日志结果:[{<nil> 0 false 0} {101 2 false 1} {103 3 false 2}] 
2026/02/07 14:34:03 [Node:2] getLogStartIndex index:2 last snapshot index:0
2026/02/07 14:34:03 [14:34:03.228] [Node:2] [HEARTBEAT] [Trace:LOG_0_3][0->2] 复制日志结果:[{<nil> 0 false 0} {101 2 false 1} {103 3 false 2}] 
2026/02/07 14:34:03 [14:34:03.228] [Node:0] [LOG_REPLICA] [Trace:LOG_0_3][0->2] 心跳返回 from peer:2 term:3 success:true
2026/02/07 14:34:03 [14:34:03.255] [Node:1] [RPC_RECV] [Trace:CLIENT_1_1770446043255215000] 接收到日志命令:104 isLeader:true term:2
2026/02/07 14:34:03 [Node:1] getNextIndex len:5 last snapshot index:0
2026/02/07 14:34:03 返回的索引 5
2026/02/07 14:34:03 到这里了
2026/02/07 14:34:03 time.Since(t1).Seconds()
2026/02/07 14:34:03 rfats [0xc00010c000 0xc00010c100 0xc00010c200]
2026/02/07 14:34:03 i 0 cmd1 <nil>, ok false
2026/02/07 14:34:03 i 1 cmd1 <nil>, ok false
2026/02/07 14:34:03 i 2 cmd1 <nil>, ok false
2026/02/07 14:34:03 nd 0, cmd1 <nil> cmd 104
2026/02/07 14:34:03 rfats [0xc00010c000 0xc00010c100 0xc00010c200]
2026/02/07 14:34:03 i 0 cmd1 <nil>, ok false
2026/02/07 14:34:03 i 1 cmd1 <nil>, ok false
2026/02/07 14:34:03 i 2 cmd1 <nil>, ok false
2026/02/07 14:34:03 nd 0, cmd1 <nil> cmd 104
2026/02/07 14:34:03 [14:34:03.277] [Node:2] [HEARTBEAT] [Trace:HB_2_3] Follower等心跳 status FOLLOWER term:3 commitIndex:2
2026/02/07 14:34:03 [14:34:03.277] [Node:0] [HEARTBEAT] [Trace:HB_0_3] 开始发送心跳广播 status LEADER term:3 commitIndex:2
2026/02/07 14:34:03 [14:34:03.277] [Node:1] [HEARTBEAT] [Trace:HB_1_2] 开始发送心跳广播 status LEADER term:2 commitIndex:1
2026/02/07 14:34:03 [Node:0] nextIndex:[2 2 3]
2026/02/07 14:34:03 [Node:1] nextIndex:[2 1 2]
2026/02/07 14:34:03 [Node:0] getLogStartIndex index:2 last snapshot index:0
2026/02/07 14:34:03 [Node:1] getLogStartIndex index:1 last snapshot index:0
2026/02/07 14:34:03 [Node:0] getNextIndex len:3 last snapshot index:0
2026/02/07 14:34:03 [Node:1] getNextIndex len:6 last snapshot index:0
2026/02/07 14:34:03 [Node:1] getLogStartIndex index:2 last snapshot index:0
2026/02/07 14:34:03 [14:34:03.277] [Node:0] [LOG_REPLICA] [Trace:LOG_0_3][0->2] 发送日志or心跳到 Node:2 开始 args:{3 0 2 3 [] 2 LOG_0_3 0 {0 0 map[] map[]}}
2026/02/07 14:34:03 [Node:0] nextIndex:[2 2 3]
2026/02/07 14:34:03 [Node:0] getLogStartIndex index:1 last snapshot index:0
2026/02/07 14:34:03 [Node:1] nextIndex:[2 1 2]
2026/02/07 14:34:03 [Node:0] getNextIndex len:3 last snapshot index:0
2026/02/07 14:34:03 [14:34:03.277] [Node:1] [LOG_REPLICA] [Trace:LOG_1_2][1->0] 发送日志or心跳到 Node:0 开始 args:{2 1 1 2 [{102 2 false 2} {103 2 false 3} {104 2 false 4} {104 2 false 5}] 1 LOG_1_2 1 {0 0 map[] map[]}}
2026/02/07 14:34:03 [Node:1] getLogStartIndex index:1 last snapshot index:0
2026/02/07 14:34:03 [Node:0] getLogStartIndex index:2 last snapshot index:0
2026/02/07 14:34:03 [Node:1] getNextIndex len:6 last snapshot index:0
2026/02/07 14:34:03 [Node:1] getLogStartIndex index:2 last snapshot index:0
2026/02/07 14:34:03 [14:34:03.277] [Node:0] [LOG_REPLICA] [Trace:LOG_0_3][0->1] 发送日志or心跳到 Node:1 开始 args:{3 0 1 2 [{103 3 false 2}] 2 LOG_0_3 0 {0 0 map[] map[]}}
2026/02/07 14:34:03 [14:34:03.277] [Node:1] [LOG_REPLICA] [Trace:LOG_1_2][1->2] 发送日志or心跳到 Node:2 开始 args:{2 1 1 2 [{102 2 false 2} {103 2 false 3} {104 2 false 4} {104 2 false 5}] 1 LOG_1_2 1 {0 0 map[] map[]}}
2026/02/07 14:34:03 [14:34:03.278] [Node:2] [LOG_REPLICA] [Trace:LOG_1_2][1->2] AppendEntries 收到 term:2 leaderId:1 prevLogIndex:1 prevLogTerm:2 entries:4 leaderCommit:1 isHeartbeat:false currentTerm:3 status:FOLLOWER log:[{102 2 false 2} {103 2 false 3} {104 2 false 4} {104 2 false 5}]
2026/02/07 14:34:03 [14:34:03.278] [Node:2] [LOG_REPLICA] [Trace:LOG_1_2][1->2] Rejected: 收到心跳，但是term小于当前term term(2) < currentTerm(3)
2026/02/07 14:34:03 [14:34:03.278] [Node:1] [INFO] [STATE_CHANGE] LEADER->FOLLOWER term:2 reason:降级成follower
2026/02/07 14:34:03 rfats [0xc00010c000 0xc00010c100 0xc00010c200]
2026/02/07 14:34:03 i 0 cmd1 <nil>, ok false
2026/02/07 14:34:03 i 1 cmd1 <nil>, ok false
2026/02/07 14:34:03 i 2 cmd1 <nil>, ok false
2026/02/07 14:34:03 nd 0, cmd1 <nil> cmd 104
2026/02/07 14:34:03 rfats [0xc00010c000 0xc00010c100 0xc00010c200]
2026/02/07 14:34:03 i 0 cmd1 <nil>, ok false
2026/02/07 14:34:03 i 1 cmd1 <nil>, ok false
2026/02/07 14:34:03 i 2 cmd1 <nil>, ok false
2026/02/07 14:34:03 nd 0, cmd1 <nil> cmd 104
2026/02/07 14:34:03 [14:34:03.328] [Node:1] [HEARTBEAT] [Trace:HB_1_3] Follower等心跳 status FOLLOWER term:3 commitIndex:1
2026/02/07 14:34:03 [14:34:03.328] [Node:2] [HEARTBEAT] [Trace:HB_2_3] Follower等心跳 status FOLLOWER term:3 commitIndex:2
2026/02/07 14:34:03 [14:34:03.328] [Node:0] [HEARTBEAT] [Trace:HB_0_3] 开始发送心跳广播 status LEADER term:3 commitIndex:2
2026/02/07 14:34:03 [Node:0] nextIndex:[2 2 3]
2026/02/07 14:34:03 [Node:0] getLogStartIndex index:1 last snapshot index:0
2026/02/07 14:34:03 [Node:0] getNextIndex len:3 last snapshot index:0
2026/02/07 14:34:03 [Node:0] getLogStartIndex index:2 last snapshot index:0
2026/02/07 14:34:03 [14:34:03.328] [Node:0] [LOG_REPLICA] [Trace:LOG_0_3][0->1] 发送日志or心跳到 Node:1 开始 args:{3 0 1 2 [{103 3 false 2}] 2 LOG_0_3 0 {0 0 map[] map[]}}
2026/02/07 14:34:03 [Node:0] nextIndex:[2 2 3]
2026/02/07 14:34:03 [Node:0] getLogStartIndex index:2 last snapshot index:0
2026/02/07 14:34:03 [Node:0] getNextIndex len:3 last snapshot index:0
2026/02/07 14:34:03 [14:34:03.328] [Node:0] [LOG_REPLICA] [Trace:LOG_0_3][0->2] 发送日志or心跳到 Node:2 开始 args:{3 0 2 3 [] 2 LOG_0_3 0 {0 0 map[] map[]}}
2026/02/07 14:34:03 rfats [0xc00010c000 0xc00010c100 0xc00010c200]
2026/02/07 14:34:03 i 0 cmd1 <nil>, ok false
2026/02/07 14:34:03 i 1 cmd1 <nil>, ok false
2026/02/07 14:34:03 i 2 cmd1 <nil>, ok false
2026/02/07 14:34:03 nd 0, cmd1 <nil> cmd 104
2026/02/07 14:34:03 rfats [0xc00010c000 0xc00010c100 0xc00010c200]
2026/02/07 14:34:03 i 0 cmd1 <nil>, ok false
2026/02/07 14:34:03 i 1 cmd1 <nil>, ok false
2026/02/07 14:34:03 i 2 cmd1 <nil>, ok false
2026/02/07 14:34:03 nd 0, cmd1 <nil> cmd 104
2026/02/07 14:34:03 [14:34:03.379] [Node:2] [HEARTBEAT] [Trace:HB_2_3] Follower等心跳 status FOLLOWER term:3 commitIndex:2
2026/02/07 14:34:03 [14:34:03.379] [Node:1] [HEARTBEAT] [Trace:HB_1_3] Follower等心跳 status FOLLOWER term:3 commitIndex:1
2026/02/07 14:34:03 [14:34:03.379] [Node:0] [HEARTBEAT] [Trace:HB_0_3] 开始发送心跳广播 status LEADER term:3 commitIndex:2
2026/02/07 14:34:03 [Node:0] nextIndex:[2 2 3]
2026/02/07 14:34:03 [Node:0] getLogStartIndex index:1 last snapshot index:0
2026/02/07 14:34:03 [Node:0] getNextIndex len:3 last snapshot index:0
2026/02/07 14:34:03 [Node:0] getLogStartIndex index:2 last snapshot index:0
2026/02/07 14:34:03 [14:34:03.379] [Node:0] [LOG_REPLICA] [Trace:LOG_0_3][0->1] 发送日志or心跳到 Node:1 开始 args:{3 0 1 2 [{103 3 false 2}] 2 LOG_0_3 0 {0 0 map[] map[]}}
2026/02/07 14:34:03 [Node:0] nextIndex:[2 2 3]
2026/02/07 14:34:03 [Node:0] getLogStartIndex index:2 last snapshot index:0
2026/02/07 14:34:03 [Node:0] getNextIndex len:3 last snapshot index:0
2026/02/07 14:34:03 [14:34:03.379] [Node:0] [LOG_REPLICA] [Trace:LOG_0_3][0->2] 发送日志or心跳到 Node:2 开始 args:{3 0 2 3 [] 2 LOG_0_3 0 {0 0 map[] map[]}}
2026/02/07 14:34:03 rfats [0xc00010c000 0xc00010c100 0xc00010c200]
2026/02/07 14:34:03 i 0 cmd1 <nil>, ok false
2026/02/07 14:34:03 i 1 cmd1 <nil>, ok false
2026/02/07 14:34:03 i 2 cmd1 <nil>, ok false
2026/02/07 14:34:03 nd 0, cmd1 <nil> cmd 104
2026/02/07 14:34:03 rfats [0xc00010c000 0xc00010c100 0xc00010c200]
2026/02/07 14:34:03 i 0 cmd1 <nil>, ok false
2026/02/07 14:34:03 i 1 cmd1 <nil>, ok false
2026/02/07 14:34:03 i 2 cmd1 <nil>, ok false
2026/02/07 14:34:03 nd 0, cmd1 <nil> cmd 104
2026/02/07 14:34:03 rfats [0xc00010c000 0xc00010c100 0xc00010c200]
2026/02/07 14:34:03 i 0 cmd1 <nil>, ok false
2026/02/07 14:34:03 i 1 cmd1 <nil>, ok false
2026/02/07 14:34:03 i 2 cmd1 <nil>, ok false
2026/02/07 14:34:03 nd 0, cmd1 <nil> cmd 104
2026/02/07 14:34:03 [14:34:03.430] [Node:1] [HEARTBEAT] [Trace:HB_1_3] Follower等心跳 status FOLLOWER term:3 commitIndex:1
2026/02/07 14:34:03 [14:34:03.430] [Node:0] [HEARTBEAT] [Trace:HB_0_3] 开始发送心跳广播 status LEADER term:3 commitIndex:2
2026/02/07 14:34:03 [14:34:03.430] [Node:2] [HEARTBEAT] [Trace:HB_2_3] Follower等心跳 status FOLLOWER term:3 commitIndex:2
2026/02/07 14:34:03 [Node:0] nextIndex:[2 2 3]
2026/02/07 14:34:03 [Node:0] getLogStartIndex index:2 last snapshot index:0
2026/02/07 14:34:03 [Node:0] getNextIndex len:3 last snapshot index:0
2026/02/07 14:34:03 [14:34:03.430] [Node:0] [LOG_REPLICA] [Trace:LOG_0_3][0->2] 发送日志or心跳到 Node:2 开始 args:{3 0 2 3 [] 2 LOG_0_3 0 {0 0 map[] map[]}}
2026/02/07 14:34:03 [Node:0] nextIndex:[2 2 3]
2026/02/07 14:34:03 [Node:0] getLogStartIndex index:1 last snapshot index:0
2026/02/07 14:34:03 [Node:0] getNextIndex len:3 last snapshot index:0
2026/02/07 14:34:03 [Node:0] getLogStartIndex index:2 last snapshot index:0
2026/02/07 14:34:03 [14:34:03.430] [Node:0] [LOG_REPLICA] [Trace:LOG_0_3][0->1] 发送日志or心跳到 Node:1 开始 args:{3 0 1 2 [{103 3 false 2}] 2 LOG_0_3 0 {0 0 map[] map[]}}
2026/02/07 14:34:03 rfats [0xc00010c000 0xc00010c100 0xc00010c200]
2026/02/07 14:34:03 i 0 cmd1 <nil>, ok false
2026/02/07 14:34:03 i 1 cmd1 <nil>, ok false
2026/02/07 14:34:03 i 2 cmd1 <nil>, ok false
2026/02/07 14:34:03 nd 0, cmd1 <nil> cmd 104
2026/02/07 14:34:03 rfats [0xc00010c000 0xc00010c100 0xc00010c200]
2026/02/07 14:34:03 i 0 cmd1 <nil>, ok false
2026/02/07 14:34:03 i 1 cmd1 <nil>, ok false
2026/02/07 14:34:03 i 2 cmd1 <nil>, ok false
2026/02/07 14:34:03 nd 0, cmd1 <nil> cmd 104
2026/02/07 14:34:03 [14:34:03.475] [Node:2] [INFO] [STATE_CHANGE] FOLLOWER->FOLLOWER term:3 reason:变成Candidate
2026/02/07 14:34:03 [14:34:03.475] [Node:2] [TIMER_EVENT] [Trace:TIMER_2] 超时选举 since:196.592084ms threshold:195.826498ms
2026/02/07 14:34:03 [14:34:03.475] [Node:2] [RPC_SEND] [Trace:ELEC_2_4] 发送选举请求 peer:0 for term 4
2026/02/07 14:34:03 [14:34:03.475] [Node:2] [RPC_SEND] [Trace:ELEC_2_4] 发送选举请求 peer:1 for term 4
2026/02/07 14:34:03 [14:34:03.475] [Node:1] [RPC_RECV] [Trace:ELEC_2_4][2->1] RequestVote 接受 term:4 candidateId:2 lastLogIndex:2 lastLogTerm:3 currentTerm:3 status:FOLLOWER
2026/02/07 14:34:03 [14:34:03.475] [Node:1] [INFO] [STATE_CHANGE] FOLLOWER->FOLLOWER term:3 reason:降级成follower
2026/02/07 14:34:03 [14:34:03.475] [Node:1] [RPC_RECV] [Trace:ELEC_2_4][2->1] 投票信息 votedFor:-1 lastLogTerm:2 lastLogIndex:5 commitIndex:1 last snapshot index:0
2026/02/07 14:34:03 [14:34:03.475] [Node:1] [RPC_RECV] [Trace:ELEC_2_4][2->1] 投票给 candidate:2 term:4
2026/02/07 14:34:03 [14:34:03.476] [Node:2] [RPC_SEND] [Trace:ELEC_2_4] 处理投票返回 for term 4 reply:{4 true}
2026/02/07 14:34:03 [14:34:03.476] [Node:2] [INFO] [STATE_CHANGE] CANDIDATE->LEADER term:4 reason:成为Leader
2026/02/07 14:34:03 [Node:2] getNextIndex len:3 last snapshot index:0
2026/02/07 14:34:03 [Node:2] getNextIndex len:3 last snapshot index:0
2026/02/07 14:34:03 [Node:2] getNextIndex len:3 last snapshot index:0
2026/02/07 14:34:03 [14:34:03.481] [Node:1] [HEARTBEAT] [Trace:HB_1_4] Follower等心跳 status FOLLOWER term:4 commitIndex:1
2026/02/07 14:34:03 [14:34:03.481] [Node:0] [HEARTBEAT] [Trace:HB_0_3] 开始发送心跳广播 status LEADER term:3 commitIndex:2
2026/02/07 14:34:03 [14:34:03.481] [Node:2] [HEARTBEAT] [Trace:HB_2_4] 开始发送心跳广播 status LEADER term:4 commitIndex:2
2026/02/07 14:34:03 [Node:0] nextIndex:[2 2 3]
2026/02/07 14:34:03 [Node:2] nextIndex:[3 3 3]
2026/02/07 14:34:03 [Node:2] getLogStartIndex index:2 last snapshot index:0
2026/02/07 14:34:03 [Node:2] getNextIndex len:3 last snapshot index:0
2026/02/07 14:34:03 [Node:0] getLogStartIndex index:2 last snapshot index:0
2026/02/07 14:34:03 [Node:0] getNextIndex len:3 last snapshot index:0
2026/02/07 14:34:03 [14:34:03.481] [Node:2] [LOG_REPLICA] [Trace:LOG_2_4][2->0] 发送日志or心跳到 Node:0 开始 args:{4 2 2 3 [] 2 LOG_2_4 2 {0 0 map[] map[]}}
2026/02/07 14:34:03 [Node:2] nextIndex:[3 3 3]
2026/02/07 14:34:03 [14:34:03.481] [Node:0] [LOG_REPLICA] [Trace:LOG_0_3][0->2] 发送日志or心跳到 Node:2 开始 args:{3 0 2 3 [] 2 LOG_0_3 0 {0 0 map[] map[]}}
2026/02/07 14:34:03 [Node:2] getLogStartIndex index:2 last snapshot index:0
2026/02/07 14:34:03 [Node:0] nextIndex:[2 2 3]
2026/02/07 14:34:03 [Node:0] getLogStartIndex index:1 last snapshot index:0
2026/02/07 14:34:03 [Node:0] getNextIndex len:3 last snapshot index:0
2026/02/07 14:34:03 [Node:0] getLogStartIndex index:2 last snapshot index:0
2026/02/07 14:34:03 [Node:2] getNextIndex len:3 last snapshot index:0
2026/02/07 14:34:03 [14:34:03.481] [Node:0] [LOG_REPLICA] [Trace:LOG_0_3][0->1] 发送日志or心跳到 Node:1 开始 args:{3 0 1 2 [{103 3 false 2}] 2 LOG_0_3 0 {0 0 map[] map[]}}
2026/02/07 14:34:03 [14:34:03.481] [Node:2] [LOG_REPLICA] [Trace:LOG_2_4][2->1] 发送日志or心跳到 Node:1 开始 args:{4 2 2 3 [] 2 LOG_2_4 2 {0 0 map[] map[]}}
2026/02/07 14:34:03 [14:34:03.482] [Node:1] [HEARTBEAT] [Trace:LOG_2_4][2->1] AppendEntries 收到 term:4 leaderId:2 prevLogIndex:2 prevLogTerm:3 entries:0 leaderCommit:2 isHeartbeat:true currentTerm:4 status:FOLLOWER log:[]
2026/02/07 14:34:03 [Node:1] getNextIndex len:6 last snapshot index:0
2026/02/07 14:34:03 [14:34:03.482] [Node:1] [HEARTBEAT] [Trace:LOG_2_4][2->1] 打印日志结果:[{<nil> 0 false 0} {101 2 false 1} {102 2 false 2} {103 2 false 3} {104 2 false 4} {104 2 false 5}] 
2026/02/07 14:34:03 [Node:1] getLogStartIndex index:2 last snapshot index:0
2026/02/07 14:34:03 [14:34:03.482] [Node:1] [HEARTBEAT] [Trace:LOG_2_4][2->1] Rejected: 收到LogEntry，但是term 不对 prevLogIndex:2 logLen:6 logEntry term:2 prevlogterm:3 LogIndex:1
2026/02/07 14:34:03 [14:34:03.482] [Node:2] [LOG_REPLICA] [Trace:LOG_2_4][2->1] 心跳返回 from peer:1 term:4 success:false
2026/02/07 14:34:03 [14:34:03.482] [Node:2] [LOG_REPLICA] [Trace:LOG_2_4][2->1] 日志复制返回失败，开始快速恢复 for peer:1 starting fast recovery replyLogIndex:1
2026/02/07 14:34:03 [Node:2] nextIndex:[3 1 3]
2026/02/07 14:34:03 [Node:2] getLogStartIndex index:0 last snapshot index:0
2026/02/07 14:34:03 [Node:2] getNextIndex len:3 last snapshot index:0
2026/02/07 14:34:03 [Node:2] getLogStartIndex index:1 last snapshot index:0
2026/02/07 14:34:03 [14:34:03.483] [Node:2] [LOG_REPLICA] [Trace:LOG_2_4][2->1] 发送日志or心跳到 Node:1 开始 args:{4 2 0 0 [{101 2 false 1} {103 3 false 2}] 2 LOG_2_4 2 {0 0 map[] map[]}}
2026/02/07 14:34:03 rfats [0xc00010c000 0xc00010c100 0xc00010c200]
2026/02/07 14:34:03 i 0 cmd1 <nil>, ok false
2026/02/07 14:34:03 i 1 cmd1 <nil>, ok false
2026/02/07 14:34:03 i 2 cmd1 <nil>, ok false
2026/02/07 14:34:03 nd 0, cmd1 <nil> cmd 104
2026/02/07 14:34:03 [14:34:03.483] [Node:1] [LOG_REPLICA] [Trace:LOG_2_4][2->1] AppendEntries 收到 term:4 leaderId:2 prevLogIndex:0 prevLogTerm:0 entries:2 leaderCommit:2 isHeartbeat:false currentTerm:4 status:FOLLOWER log:[{101 2 false 1} {103 3 false 2}]
2026/02/07 14:34:03 [Node:1] getNextIndex len:6 last snapshot index:0
2026/02/07 14:34:03 [14:34:03.483] [Node:1] [LOG_REPLICA] [Trace:LOG_2_4][2->1] 打印日志结果:[{<nil> 0 false 0} {101 2 false 1} {102 2 false 2} {103 2 false 3} {104 2 false 4} {104 2 false 5}] 
2026/02/07 14:34:03 [Node:1] getLogStartIndex index:0 last snapshot index:0
2026/02/07 14:34:03 [Node:1] getNextIndex len:6 last snapshot index:0
2026/02/07 14:34:03 [14:34:03.483] [Node:1] [LOG_REPLICA] [Trace:LOG_2_4][2->1] entry.Index:1 rf.getNextIndex():6
2026/02/07 14:34:03 [Node:1] getNextIndex len:6 last snapshot index:0
2026/02/07 14:34:03 [Node:1] getLogStartIndex index:1 last snapshot index:0
2026/02/07 14:34:03 [14:34:03.483] [Node:1] [LOG_REPLICA] [Trace:LOG_2_4][2->1] startIndex:1 rf.log[startIndex].Term:2 entry.Term:2
2026/02/07 14:34:03 [Node:1] getNextIndex len:6 last snapshot index:0
2026/02/07 14:34:03 [14:34:03.483] [Node:1] [LOG_REPLICA] [Trace:LOG_2_4][2->1] entry.Index:2 rf.getNextIndex():6
2026/02/07 14:34:03 [Node:1] getNextIndex len:6 last snapshot index:0
2026/02/07 14:34:03 [Node:1] getLogStartIndex index:2 last snapshot index:0
2026/02/07 14:34:03 [14:34:03.483] [Node:1] [LOG_REPLICA] [Trace:LOG_2_4][2->1] startIndex:2 rf.log[startIndex].Term:2 entry.Term:3
2026/02/07 14:34:03 [14:34:03.483] [Node:1] [LOG_REPLICA] [Trace:LOG_2_4][2->1] args logEntrys:[{101 2 false 1} {103 3 false 2}]
2026/02/07 14:34:03 [14:34:03.484] [Node:1] [LOG_REPLICA] [Trace:LOG_2_4][2->1] 复制日志结果:[{<nil> 0 false 0} {101 2 false 1} {101 2 false 1} {103 3 false 2}] 
2026/02/07 14:34:03 [Node:1] getNextIndex len:4 last snapshot index:0
2026/02/07 14:34:03 [14:34:03.484] [Node:1] [LOG_COMMIT] [Trace:LOG_2_4][2->1] 收到LogEntry，并且Leader已经提交， 本地log 1->2 leaderCommit:2 lastApplied:1
2026/02/07 14:34:03 [Node:1] getLogStartIndex index:2 last snapshot index:0
2026/02/07 14:34:03 [Node:1] getLogStartIndex index:3 last snapshot index:0
2026/02/07 14:34:03 [14:34:03.484] [Node:1] [LOG_COMMIT] [Trace:APPLY_1_1] Applying logs count:1 log:[{101 2 false 1}] lastApplied:1
2026/02/07 14:34:03 [14:34:03.484] [Node:2] [LOG_REPLICA] [Trace:LOG_2_4][2->1] 心跳返回 from peer:1 term:4 success:true
2026/02/07 14:34:03 [14:34:03.484] [Node:2] [LOG_REPLICA] [Trace:LOG_2_4][2->1] 日志复制返回成功 from peer:1 term:4 agreeCount:2 log [{101 2 false 1} {103 3 false 2}]
2026/02/07 14:34:03 [14:34:03.484] [Node:2] [LOG_REPLICA] [Trace:LOG_2_4][2->1] 更新后 server:1 matchIndex:2 nextIndex:3
2026/02/07 14:34:03 [Node:2] getNextIndex len:3 last snapshot index:0
2026/02/07 14:34:03 rfats [0xc00010c000 0xc00010c100 0xc00010c200]
2026/02/07 14:34:03 i 0 cmd1 <nil>, ok false
2026/02/07 14:34:03 i 1 cmd1 <nil>, ok false
2026/02/07 14:34:03 i 2 cmd1 <nil>, ok false
2026/02/07 14:34:03 nd 0, cmd1 <nil> cmd 104
2026/02/07 14:34:03 rfats [0xc00010c000 0xc00010c100 0xc00010c200]
2026/02/07 14:34:03 i 0 cmd1 <nil>, ok false
2026/02/07 14:34:03 i 1 cmd1 <nil>, ok false
2026/02/07 14:34:03 i 2 cmd1 <nil>, ok false
2026/02/07 14:34:03 nd 0, cmd1 <nil> cmd 104
2026/02/07 14:34:03 [14:34:03.531] [Node:0] [HEARTBEAT] [Trace:HB_0_3] 开始发送心跳广播 status LEADER term:3 commitIndex:2
2026/02/07 14:34:03 [14:34:03.531] [Node:2] [HEARTBEAT] [Trace:HB_2_4] 开始发送心跳广播 status LEADER term:4 commitIndex:2
2026/02/07 14:34:03 [14:34:03.531] [Node:1] [HEARTBEAT] [Trace:HB_1_4] Follower等心跳 status FOLLOWER term:4 commitIndex:2
2026/02/07 14:34:03 [Node:0] nextIndex:[2 2 3]
2026/02/07 14:34:03 [Node:2] nextIndex:[3 3 3]
2026/02/07 14:34:03 [Node:0] getLogStartIndex index:1 last snapshot index:0
2026/02/07 14:34:03 [Node:2] getLogStartIndex index:2 last snapshot index:0
2026/02/07 14:34:03 [Node:2] getNextIndex len:3 last snapshot index:0
2026/02/07 14:34:03 [Node:0] getNextIndex len:3 last snapshot index:0
2026/02/07 14:34:03 [Node:0] getLogStartIndex index:2 last snapshot index:0
2026/02/07 14:34:03 [Node:2] nextIndex:[3 3 3]
2026/02/07 14:34:03 [14:34:03.532] [Node:2] [LOG_REPLICA] [Trace:LOG_2_4][2->1] 发送日志or心跳到 Node:1 开始 args:{4 2 2 3 [] 2 LOG_2_4 2 {0 0 map[] map[]}}
2026/02/07 14:34:03 [Node:0] nextIndex:[2 2 3]
2026/02/07 14:34:03 [Node:0] getLogStartIndex index:2 last snapshot index:0
2026/02/07 14:34:03 [Node:0] getNextIndex len:3 last snapshot index:0
2026/02/07 14:34:03 [14:34:03.532] [Node:0] [LOG_REPLICA] [Trace:LOG_0_3][0->1] 发送日志or心跳到 Node:1 开始 args:{3 0 1 2 [{103 3 false 2}] 2 LOG_0_3 0 {0 0 map[] map[]}}
2026/02/07 14:34:03 [14:34:03.532] [Node:0] [LOG_REPLICA] [Trace:LOG_0_3][0->2] 发送日志or心跳到 Node:2 开始 args:{3 0 2 3 [] 2 LOG_0_3 0 {0 0 map[] map[]}}
2026/02/07 14:34:03 [Node:2] getLogStartIndex index:2 last snapshot index:0
2026/02/07 14:34:03 [Node:2] getNextIndex len:3 last snapshot index:0
2026/02/07 14:34:03 [14:34:03.532] [Node:2] [LOG_REPLICA] [Trace:LOG_2_4][2->0] 发送日志or心跳到 Node:0 开始 args:{4 2 2 3 [] 2 LOG_2_4 2 {0 0 map[] map[]}}
2026/02/07 14:34:03 [14:34:03.532] [Node:1] [HEARTBEAT] [Trace:LOG_2_4][2->1] AppendEntries 收到 term:4 leaderId:2 prevLogIndex:2 prevLogTerm:3 entries:0 leaderCommit:2 isHeartbeat:true currentTerm:4 status:FOLLOWER log:[]
2026/02/07 14:34:03 [Node:1] getNextIndex len:4 last snapshot index:0
2026/02/07 14:34:03 [14:34:03.532] [Node:1] [HEARTBEAT] [Trace:LOG_2_4][2->1] 打印日志结果:[{<nil> 0 false 0} {101 2 false 1} {101 2 false 1} {103 3 false 2}] 
2026/02/07 14:34:03 [Node:1] getLogStartIndex index:2 last snapshot index:0
2026/02/07 14:34:03 [14:34:03.532] [Node:1] [HEARTBEAT] [Trace:LOG_2_4][2->1] Rejected: 收到LogEntry，但是term 不对 prevLogIndex:2 logLen:4 logEntry term:2 prevlogterm:3 LogIndex:1
2026/02/07 14:34:03 [14:34:03.532] [Node:2] [LOG_REPLICA] [Trace:LOG_2_4][2->1] 心跳返回 from peer:1 term:4 success:false
2026/02/07 14:34:03 [14:34:03.532] [Node:2] [LOG_REPLICA] [Trace:LOG_2_4][2->1] 日志复制返回失败，开始快速恢复 for peer:1 starting fast recovery replyLogIndex:1
2026/02/07 14:34:03 [Node:2] nextIndex:[3 1 3]
2026/02/07 14:34:03 [Node:2] getLogStartIndex index:0 last snapshot index:0
2026/02/07 14:34:03 [Node:2] getNextIndex len:3 last snapshot index:0
2026/02/07 14:34:03 [Node:2] getLogStartIndex index:1 last snapshot index:0
2026/02/07 14:34:03 [14:34:03.532] [Node:2] [LOG_REPLICA] [Trace:LOG_2_4][2->1] 发送日志or心跳到 Node:1 开始 args:{4 2 0 0 [{101 2 false 1} {103 3 false 2}] 2 LOG_2_4 2 {0 0 map[] map[]}}
2026/02/07 14:34:03 [14:34:03.533] [Node:1] [LOG_REPLICA] [Trace:LOG_2_4][2->1] AppendEntries 收到 term:4 leaderId:2 prevLogIndex:0 prevLogTerm:0 entries:2 leaderCommit:2 isHeartbeat:false currentTerm:4 status:FOLLOWER log:[{101 2 false 1} {103 3 false 2}]
2026/02/07 14:34:03 [Node:1] getNextIndex len:4 last snapshot index:0
2026/02/07 14:34:03 [14:34:03.533] [Node:1] [LOG_REPLICA] [Trace:LOG_2_4][2->1] 打印日志结果:[{<nil> 0 false 0} {101 2 false 1} {101 2 false 1} {103 3 false 2}] 
2026/02/07 14:34:03 [Node:1] getLogStartIndex index:0 last snapshot index:0
2026/02/07 14:34:03 [Node:1] getNextIndex len:4 last snapshot index:0
2026/02/07 14:34:03 [14:34:03.533] [Node:1] [LOG_REPLICA] [Trace:LOG_2_4][2->1] entry.Index:1 rf.getNextIndex():4
2026/02/07 14:34:03 [Node:1] getNextIndex len:4 last snapshot index:0
2026/02/07 14:34:03 [Node:1] getLogStartIndex index:1 last snapshot index:0
2026/02/07 14:34:03 [14:34:03.533] [Node:1] [LOG_REPLICA] [Trace:LOG_2_4][2->1] startIndex:1 rf.log[startIndex].Term:2 entry.Term:2
2026/02/07 14:34:03 [Node:1] getNextIndex len:4 last snapshot index:0
2026/02/07 14:34:03 [14:34:03.533] [Node:1] [LOG_REPLICA] [Trace:LOG_2_4][2->1] entry.Index:2 rf.getNextIndex():4
2026/02/07 14:34:03 [Node:1] getNextIndex len:4 last snapshot index:0
2026/02/07 14:34:03 [Node:1] getLogStartIndex index:2 last snapshot index:0
2026/02/07 14:34:03 [14:34:03.533] [Node:1] [LOG_REPLICA] [Trace:LOG_2_4][2->1] startIndex:2 rf.log[startIndex].Term:2 entry.Term:3
2026/02/07 14:34:03 [14:34:03.533] [Node:1] [LOG_REPLICA] [Trace:LOG_2_4][2->1] args logEntrys:[{101 2 false 1} {103 3 false 2}]
2026/02/07 14:34:03 [14:34:03.534] [Node:1] [LOG_REPLICA] [Trace:LOG_2_4][2->1] 复制日志结果:[{<nil> 0 false 0} {101 2 false 1} {101 2 false 1} {103 3 false 2}] 
2026/02/07 14:34:03 [14:34:03.534] [Node:2] [LOG_REPLICA] [Trace:LOG_2_4][2->1] 心跳返回 from peer:1 term:4 success:true
2026/02/07 14:34:03 [14:34:03.534] [Node:2] [LOG_REPLICA] [Trace:LOG_2_4][2->1] 日志复制返回成功 from peer:1 term:4 agreeCount:2 log [{101 2 false 1} {103 3 false 2}]
2026/02/07 14:34:03 [14:34:03.534] [Node:2] [LOG_REPLICA] [Trace:LOG_2_4][2->1] 日志复制返回成功 但是已经更新过了 from peer:1 term:4 matchIndex:2 log last index:2
2026/02/07 14:34:03 rfats [0xc00010c000 0xc00010c100 0xc00010c200]
2026/02/07 14:34:03 i 0 cmd1 <nil>, ok false
2026/02/07 14:34:03 i 1 cmd1 <nil>, ok false
2026/02/07 14:34:03 i 2 cmd1 <nil>, ok false
2026/02/07 14:34:03 nd 0, cmd1 <nil> cmd 104
2026/02/07 14:34:03 rfats [0xc00010c000 0xc00010c100 0xc00010c200]
2026/02/07 14:34:03 i 0 cmd1 <nil>, ok false
2026/02/07 14:34:03 i 1 cmd1 <nil>, ok false
2026/02/07 14:34:03 i 2 cmd1 <nil>, ok false
2026/02/07 14:34:03 nd 0, cmd1 <nil> cmd 104
2026/02/07 14:34:03 [14:34:03.581] [Node:1] [HEARTBEAT] [Trace:HB_1_4] Follower等心跳 status FOLLOWER term:4 commitIndex:2
2026/02/07 14:34:03 [14:34:03.582] [Node:0] [HEARTBEAT] [Trace:HB_0_3] 开始发送心跳广播 status LEADER term:3 commitIndex:2
2026/02/07 14:34:03 [14:34:03.582] [Node:2] [HEARTBEAT] [Trace:HB_2_4] 开始发送心跳广播 status LEADER term:4 commitIndex:2
2026/02/07 14:34:03 [Node:0] nextIndex:[2 2 3]
2026/02/07 14:34:03 [Node:0] getLogStartIndex index:1 last snapshot index:0
2026/02/07 14:34:03 [Node:0] getNextIndex len:3 last snapshot index:0
2026/02/07 14:34:03 [Node:0] getLogStartIndex index:2 last snapshot index:0
2026/02/07 14:34:03 [14:34:03.582] [Node:0] [LOG_REPLICA] [Trace:LOG_0_3][0->1] 发送日志or心跳到 Node:1 开始 args:{3 0 1 2 [{103 3 false 2}] 2 LOG_0_3 0 {0 0 map[] map[]}}
2026/02/07 14:34:03 [Node:0] nextIndex:[2 2 3]
2026/02/07 14:34:03 [Node:0] getLogStartIndex index:2 last snapshot index:0
2026/02/07 14:34:03 [Node:0] getNextIndex len:3 last snapshot index:0
2026/02/07 14:34:03 [14:34:03.582] [Node:0] [LOG_REPLICA] [Trace:LOG_0_3][0->2] 发送日志or心跳到 Node:2 开始 args:{3 0 2 3 [] 2 LOG_0_3 0 {0 0 map[] map[]}}
2026/02/07 14:34:03 [Node:2] nextIndex:[3 1 3]
2026/02/07 14:34:03 [Node:2] getLogStartIndex index:2 last snapshot index:0
2026/02/07 14:34:03 [Node:2] getNextIndex len:3 last snapshot index:0
2026/02/07 14:34:03 [14:34:03.582] [Node:2] [LOG_REPLICA] [Trace:LOG_2_4][2->0] 发送日志or心跳到 Node:0 开始 args:{4 2 2 3 [] 2 LOG_2_4 2 {0 0 map[] map[]}}
2026/02/07 14:34:03 [Node:2] nextIndex:[3 1 3]
2026/02/07 14:34:03 [Node:2] getLogStartIndex index:0 last snapshot index:0
2026/02/07 14:34:03 [Node:2] getNextIndex len:3 last snapshot index:0
2026/02/07 14:34:03 [Node:2] getLogStartIndex index:1 last snapshot index:0
2026/02/07 14:34:03 [14:34:03.582] [Node:2] [LOG_REPLICA] [Trace:LOG_2_4][2->1] 发送日志or心跳到 Node:1 开始 args:{4 2 0 0 [{101 2 false 1} {103 3 false 2}] 2 LOG_2_4 2 {0 0 map[] map[]}}
2026/02/07 14:34:03 [14:34:03.583] [Node:1] [LOG_REPLICA] [Trace:LOG_2_4][2->1] AppendEntries 收到 term:4 leaderId:2 prevLogIndex:0 prevLogTerm:0 entries:2 leaderCommit:2 isHeartbeat:false currentTerm:4 status:FOLLOWER log:[{101 2 false 1} {103 3 false 2}]
2026/02/07 14:34:03 [Node:1] getNextIndex len:4 last snapshot index:0
2026/02/07 14:34:03 [14:34:03.583] [Node:1] [LOG_REPLICA] [Trace:LOG_2_4][2->1] 打印日志结果:[{<nil> 0 false 0} {101 2 false 1} {101 2 false 1} {103 3 false 2}] 
2026/02/07 14:34:03 [Node:1] getLogStartIndex index:0 last snapshot index:0
2026/02/07 14:34:03 [Node:1] getNextIndex len:4 last snapshot index:0
2026/02/07 14:34:03 [14:34:03.583] [Node:1] [LOG_REPLICA] [Trace:LOG_2_4][2->1] entry.Index:1 rf.getNextIndex():4
2026/02/07 14:34:03 [Node:1] getNextIndex len:4 last snapshot index:0
2026/02/07 14:34:03 [Node:1] getLogStartIndex index:1 last snapshot index:0
2026/02/07 14:34:03 [14:34:03.583] [Node:1] [LOG_REPLICA] [Trace:LOG_2_4][2->1] startIndex:1 rf.log[startIndex].Term:2 entry.Term:2
2026/02/07 14:34:03 [Node:1] getNextIndex len:4 last snapshot index:0
2026/02/07 14:34:03 [14:34:03.583] [Node:1] [LOG_REPLICA] [Trace:LOG_2_4][2->1] entry.Index:2 rf.getNextIndex():4
2026/02/07 14:34:03 [Node:1] getNextIndex len:4 last snapshot index:0
2026/02/07 14:34:03 [Node:1] getLogStartIndex index:2 last snapshot index:0
2026/02/07 14:34:03 [14:34:03.583] [Node:1] [LOG_REPLICA] [Trace:LOG_2_4][2->1] startIndex:2 rf.log[startIndex].Term:2 entry.Term:3
2026/02/07 14:34:03 [14:34:03.583] [Node:1] [LOG_REPLICA] [Trace:LOG_2_4][2->1] args logEntrys:[{101 2 false 1} {103 3 false 2}]
2026/02/07 14:34:03 [14:34:03.583] [Node:1] [LOG_REPLICA] [Trace:LOG_2_4][2->1] 复制日志结果:[{<nil> 0 false 0} {101 2 false 1} {101 2 false 1} {103 3 false 2}] 
2026/02/07 14:34:03 [14:34:03.583] [Node:2] [LOG_REPLICA] [Trace:LOG_2_4][2->1] 心跳返回 from peer:1 term:4 success:true
2026/02/07 14:34:03 [14:34:03.583] [Node:2] [LOG_REPLICA] [Trace:LOG_2_4][2->1] 日志复制返回成功 from peer:1 term:4 agreeCount:2 log [{101 2 false 1} {103 3 false 2}]
2026/02/07 14:34:03 [14:34:03.583] [Node:2] [LOG_REPLICA] [Trace:LOG_2_4][2->1] 日志复制返回成功 但是已经更新过了 from peer:1 term:4 matchIndex:2 log last index:2
2026/02/07 14:34:03 rfats [0xc00010c000 0xc00010c100 0xc00010c200]
2026/02/07 14:34:03 i 0 cmd1 <nil>, ok false
2026/02/07 14:34:03 i 1 cmd1 <nil>, ok false
2026/02/07 14:34:03 i 2 cmd1 <nil>, ok false
2026/02/07 14:34:03 nd 0, cmd1 <nil> cmd 104
2026/02/07 14:34:03 rfats [0xc00010c000 0xc00010c100 0xc00010c200]
2026/02/07 14:34:03 i 0 cmd1 <nil>, ok false
2026/02/07 14:34:03 i 1 cmd1 <nil>, ok false
2026/02/07 14:34:03 i 2 cmd1 <nil>, ok false
2026/02/07 14:34:03 nd 0, cmd1 <nil> cmd 104
2026/02/07 14:34:03 rfats [0xc00010c000 0xc00010c100 0xc00010c200]
2026/02/07 14:34:03 i 0 cmd1 <nil>, ok false
2026/02/07 14:34:03 i 1 cmd1 <nil>, ok false
2026/02/07 14:34:03 i 2 cmd1 <nil>, ok false
2026/02/07 14:34:03 nd 0, cmd1 <nil> cmd 104
2026/02/07 14:34:03 [14:34:03.632] [Node:2] [HEARTBEAT] [Trace:HB_2_4] 开始发送心跳广播 status LEADER term:4 commitIndex:2
2026/02/07 14:34:03 [14:34:03.632] [Node:0] [HEARTBEAT] [Trace:HB_0_3] 开始发送心跳广播 status LEADER term:3 commitIndex:2
2026/02/07 14:34:03 [14:34:03.632] [Node:1] [HEARTBEAT] [Trace:HB_1_4] Follower等心跳 status FOLLOWER term:4 commitIndex:2
2026/02/07 14:34:03 [Node:2] nextIndex:[3 1 3]
2026/02/07 14:34:03 [Node:0] nextIndex:[2 2 3]
2026/02/07 14:34:03 [Node:2] getLogStartIndex index:2 last snapshot index:0
2026/02/07 14:34:03 [Node:2] getNextIndex len:3 last snapshot index:0
2026/02/07 14:34:03 [Node:0] getLogStartIndex index:1 last snapshot index:0
2026/02/07 14:34:03 [Node:0] getNextIndex len:3 last snapshot index:0
2026/02/07 14:34:03 [14:34:03.633] [Node:2] [LOG_REPLICA] [Trace:LOG_2_4][2->0] 发送日志or心跳到 Node:0 开始 args:{4 2 2 3 [] 2 LOG_2_4 2 {0 0 map[] map[]}}
2026/02/07 14:34:03 [Node:0] getLogStartIndex index:2 last snapshot index:0
2026/02/07 14:34:03 [Node:2] nextIndex:[3 1 3]
2026/02/07 14:34:03 [Node:2] getLogStartIndex index:0 last snapshot index:0
2026/02/07 14:34:03 [Node:2] getNextIndex len:3 last snapshot index:0
2026/02/07 14:34:03 [Node:2] getLogStartIndex index:1 last snapshot index:0
2026/02/07 14:34:03 [14:34:03.633] [Node:0] [LOG_REPLICA] [Trace:LOG_0_3][0->1] 发送日志or心跳到 Node:1 开始 args:{3 0 1 2 [{103 3 false 2}] 2 LOG_0_3 0 {0 0 map[] map[]}}
2026/02/07 14:34:03 [Node:0] nextIndex:[2 2 3]
2026/02/07 14:34:03 [14:34:03.633] [Node:2] [LOG_REPLICA] [Trace:LOG_2_4][2->1] 发送日志or心跳到 Node:1 开始 args:{4 2 0 0 [{101 2 false 1} {103 3 false 2}] 2 LOG_2_4 2 {0 0 map[] map[]}}
2026/02/07 14:34:03 [Node:0] getLogStartIndex index:2 last snapshot index:0
2026/02/07 14:34:03 [Node:0] getNextIndex len:3 last snapshot index:0
2026/02/07 14:34:03 [14:34:03.633] [Node:0] [LOG_REPLICA] [Trace:LOG_0_3][0->2] 发送日志or心跳到 Node:2 开始 args:{3 0 2 3 [] 2 LOG_0_3 0 {0 0 map[] map[]}}
2026/02/07 14:34:03 [14:34:03.633] [Node:1] [LOG_REPLICA] [Trace:LOG_2_4][2->1] AppendEntries 收到 term:4 leaderId:2 prevLogIndex:0 prevLogTerm:0 entries:2 leaderCommit:2 isHeartbeat:false currentTerm:4 status:FOLLOWER log:[{101 2 false 1} {103 3 false 2}]
2026/02/07 14:34:03 [Node:1] getNextIndex len:4 last snapshot index:0
2026/02/07 14:34:03 [14:34:03.633] [Node:1] [LOG_REPLICA] [Trace:LOG_2_4][2->1] 打印日志结果:[{<nil> 0 false 0} {101 2 false 1} {101 2 false 1} {103 3 false 2}] 
2026/02/07 14:34:03 [Node:1] getLogStartIndex index:0 last snapshot index:0
2026/02/07 14:34:03 [Node:1] getNextIndex len:4 last snapshot index:0
2026/02/07 14:34:03 [14:34:03.633] [Node:1] [LOG_REPLICA] [Trace:LOG_2_4][2->1] entry.Index:1 rf.getNextIndex():4
2026/02/07 14:34:03 [Node:1] getNextIndex len:4 last snapshot index:0
2026/02/07 14:34:03 [Node:1] getLogStartIndex index:1 last snapshot index:0
2026/02/07 14:34:03 [14:34:03.633] [Node:1] [LOG_REPLICA] [Trace:LOG_2_4][2->1] startIndex:1 rf.log[startIndex].Term:2 entry.Term:2
2026/02/07 14:34:03 [Node:1] getNextIndex len:4 last snapshot index:0
2026/02/07 14:34:03 [14:34:03.633] [Node:1] [LOG_REPLICA] [Trace:LOG_2_4][2->1] entry.Index:2 rf.getNextIndex():4
2026/02/07 14:34:03 [Node:1] getNextIndex len:4 last snapshot index:0
2026/02/07 14:34:03 [Node:1] getLogStartIndex index:2 last snapshot index:0
2026/02/07 14:34:03 [14:34:03.633] [Node:1] [LOG_REPLICA] [Trace:LOG_2_4][2->1] startIndex:2 rf.log[startIndex].Term:2 entry.Term:3
2026/02/07 14:34:03 [14:34:03.633] [Node:1] [LOG_REPLICA] [Trace:LOG_2_4][2->1] args logEntrys:[{101 2 false 1} {103 3 false 2}]
2026/02/07 14:34:03 [14:34:03.634] [Node:1] [LOG_REPLICA] [Trace:LOG_2_4][2->1] 复制日志结果:[{<nil> 0 false 0} {101 2 false 1} {101 2 false 1} {103 3 false 2}] 
2026/02/07 14:34:03 [14:34:03.634] [Node:2] [LOG_REPLICA] [Trace:LOG_2_4][2->1] 心跳返回 from peer:1 term:4 success:true
2026/02/07 14:34:03 [14:34:03.634] [Node:2] [LOG_REPLICA] [Trace:LOG_2_4][2->1] 日志复制返回成功 from peer:1 term:4 agreeCount:2 log [{101 2 false 1} {103 3 false 2}]
2026/02/07 14:34:03 [14:34:03.634] [Node:2] [LOG_REPLICA] [Trace:LOG_2_4][2->1] 日志复制返回成功 但是已经更新过了 from peer:1 term:4 matchIndex:2 log last index:2
2026/02/07 14:34:03 rfats [0xc00010c000 0xc00010c100 0xc00010c200]
2026/02/07 14:34:03 i 0 cmd1 <nil>, ok false
2026/02/07 14:34:03 i 1 cmd1 <nil>, ok false
2026/02/07 14:34:03 i 2 cmd1 <nil>, ok false
2026/02/07 14:34:03 nd 0, cmd1 <nil> cmd 104
2026/02/07 14:34:03 rfats [0xc00010c000 0xc00010c100 0xc00010c200]
2026/02/07 14:34:03 i 0 cmd1 <nil>, ok false
2026/02/07 14:34:03 i 1 cmd1 <nil>, ok false
2026/02/07 14:34:03 i 2 cmd1 <nil>, ok false
2026/02/07 14:34:03 nd 0, cmd1 <nil> cmd 104
2026/02/07 14:34:03 [14:34:03.683] [Node:2] [HEARTBEAT] [Trace:HB_2_4] 开始发送心跳广播 status LEADER term:4 commitIndex:2
2026/02/07 14:34:03 [14:34:03.683] [Node:0] [HEARTBEAT] [Trace:HB_0_3] 开始发送心跳广播 status LEADER term:3 commitIndex:2
2026/02/07 14:34:03 [14:34:03.683] [Node:1] [HEARTBEAT] [Trace:HB_1_4] Follower等心跳 status FOLLOWER term:4 commitIndex:2
2026/02/07 14:34:03 [Node:2] nextIndex:[3 1 3]
2026/02/07 14:34:03 [Node:2] getLogStartIndex index:0 last snapshot index:0
2026/02/07 14:34:03 [Node:0] nextIndex:[2 2 3]
2026/02/07 14:34:03 [Node:0] getLogStartIndex index:2 last snapshot index:0
2026/02/07 14:34:03 [Node:2] getNextIndex len:3 last snapshot index:0
2026/02/07 14:34:03 [Node:0] getNextIndex len:3 last snapshot index:0
2026/02/07 14:34:03 [Node:2] getLogStartIndex index:1 last snapshot index:0
2026/02/07 14:34:03 [Node:0] nextIndex:[2 2 3]
2026/02/07 14:34:03 [14:34:03.683] [Node:0] [LOG_REPLICA] [Trace:LOG_0_3][0->2] 发送日志or心跳到 Node:2 开始 args:{3 0 2 3 [] 2 LOG_0_3 0 {0 0 map[] map[]}}
2026/02/07 14:34:03 [Node:0] getLogStartIndex index:1 last snapshot index:0
2026/02/07 14:34:03 [14:34:03.683] [Node:2] [LOG_REPLICA] [Trace:LOG_2_4][2->1] 发送日志or心跳到 Node:1 开始 args:{4 2 0 0 [{101 2 false 1} {103 3 false 2}] 2 LOG_2_4 2 {0 0 map[] map[]}}
2026/02/07 14:34:03 [Node:0] getNextIndex len:3 last snapshot index:0
2026/02/07 14:34:03 [Node:2] nextIndex:[3 1 3]
2026/02/07 14:34:03 [Node:2] getLogStartIndex index:2 last snapshot index:0
2026/02/07 14:34:03 [Node:0] getLogStartIndex index:2 last snapshot index:0
2026/02/07 14:34:03 [Node:2] getNextIndex len:3 last snapshot index:0
2026/02/07 14:34:03 [14:34:03.683] [Node:0] [LOG_REPLICA] [Trace:LOG_0_3][0->1] 发送日志or心跳到 Node:1 开始 args:{3 0 1 2 [{103 3 false 2}] 2 LOG_0_3 0 {0 0 map[] map[]}}
2026/02/07 14:34:03 [14:34:03.683] [Node:2] [LOG_REPLICA] [Trace:LOG_2_4][2->0] 发送日志or心跳到 Node:0 开始 args:{4 2 2 3 [] 2 LOG_2_4 2 {0 0 map[] map[]}}
2026/02/07 14:34:03 [14:34:03.684] [Node:1] [LOG_REPLICA] [Trace:LOG_2_4][2->1] AppendEntries 收到 term:4 leaderId:2 prevLogIndex:0 prevLogTerm:0 entries:2 leaderCommit:2 isHeartbeat:false currentTerm:4 status:FOLLOWER log:[{101 2 false 1} {103 3 false 2}]
2026/02/07 14:34:03 [Node:1] getNextIndex len:4 last snapshot index:0
2026/02/07 14:34:03 [14:34:03.684] [Node:1] [LOG_REPLICA] [Trace:LOG_2_4][2->1] 打印日志结果:[{<nil> 0 false 0} {101 2 false 1} {101 2 false 1} {103 3 false 2}] 
2026/02/07 14:34:03 [Node:1] getLogStartIndex index:0 last snapshot index:0
2026/02/07 14:34:03 [Node:1] getNextIndex len:4 last snapshot index:0
2026/02/07 14:34:03 [14:34:03.684] [Node:1] [LOG_REPLICA] [Trace:LOG_2_4][2->1] entry.Index:1 rf.getNextIndex():4
2026/02/07 14:34:03 [Node:1] getNextIndex len:4 last snapshot index:0
2026/02/07 14:34:03 [Node:1] getLogStartIndex index:1 last snapshot index:0
2026/02/07 14:34:03 [14:34:03.684] [Node:1] [LOG_REPLICA] [Trace:LOG_2_4][2->1] startIndex:1 rf.log[startIndex].Term:2 entry.Term:2
2026/02/07 14:34:03 [Node:1] getNextIndex len:4 last snapshot index:0
2026/02/07 14:34:03 [14:34:03.684] [Node:1] [LOG_REPLICA] [Trace:LOG_2_4][2->1] entry.Index:2 rf.getNextIndex():4
2026/02/07 14:34:03 [Node:1] getNextIndex len:4 last snapshot index:0
2026/02/07 14:34:03 [Node:1] getLogStartIndex index:2 last snapshot index:0
2026/02/07 14:34:03 [14:34:03.684] [Node:1] [LOG_REPLICA] [Trace:LOG_2_4][2->1] startIndex:2 rf.log[startIndex].Term:2 entry.Term:3
2026/02/07 14:34:03 [14:34:03.684] [Node:1] [LOG_REPLICA] [Trace:LOG_2_4][2->1] args logEntrys:[{101 2 false 1} {103 3 false 2}]
2026/02/07 14:34:03 [14:34:03.684] [Node:1] [LOG_REPLICA] [Trace:LOG_2_4][2->1] 复制日志结果:[{<nil> 0 false 0} {101 2 false 1} {101 2 false 1} {103 3 false 2}] 
2026/02/07 14:34:03 [14:34:03.684] [Node:2] [LOG_REPLICA] [Trace:LOG_2_4][2->1] 心跳返回 from peer:1 term:4 success:true
2026/02/07 14:34:03 [14:34:03.684] [Node:2] [LOG_REPLICA] [Trace:LOG_2_4][2->1] 日志复制返回成功 from peer:1 term:4 agreeCount:2 log [{101 2 false 1} {103 3 false 2}]
2026/02/07 14:34:03 [14:34:03.684] [Node:2] [LOG_REPLICA] [Trace:LOG_2_4][2->1] 日志复制返回成功 但是已经更新过了 from peer:1 term:4 matchIndex:2 log last index:2
2026/02/07 14:34:03 rfats [0xc00010c000 0xc00010c100 0xc00010c200]
2026/02/07 14:34:03 i 0 cmd1 <nil>, ok false
2026/02/07 14:34:03 i 1 cmd1 <nil>, ok false
2026/02/07 14:34:03 i 2 cmd1 <nil>, ok false
2026/02/07 14:34:03 nd 0, cmd1 <nil> cmd 104
2026/02/07 14:34:03 rfats [0xc00010c000 0xc00010c100 0xc00010c200]
2026/02/07 14:34:03 i 0 cmd1 <nil>, ok false
2026/02/07 14:34:03 i 1 cmd1 <nil>, ok false
2026/02/07 14:34:03 i 2 cmd1 <nil>, ok false
2026/02/07 14:34:03 nd 0, cmd1 <nil> cmd 104
2026/02/07 14:34:03 rfats [0xc00010c000 0xc00010c100 0xc00010c200]
2026/02/07 14:34:03 i 0 cmd1 <nil>, ok false
2026/02/07 14:34:03 i 1 cmd1 <nil>, ok false
2026/02/07 14:34:03 i 2 cmd1 <nil>, ok false
2026/02/07 14:34:03 nd 0, cmd1 <nil> cmd 104
2026/02/07 14:34:03 [14:34:03.733] [Node:2] [HEARTBEAT] [Trace:HB_2_4] 开始发送心跳广播 status LEADER term:4 commitIndex:2
2026/02/07 14:34:03 [14:34:03.733] [Node:1] [HEARTBEAT] [Trace:HB_1_4] Follower等心跳 status FOLLOWER term:4 commitIndex:2
2026/02/07 14:34:03 [14:34:03.733] [Node:0] [HEARTBEAT] [Trace:HB_0_3] 开始发送心跳广播 status LEADER term:3 commitIndex:2
2026/02/07 14:34:03 [Node:2] nextIndex:[3 1 3]
2026/02/07 14:34:03 [Node:2] getLogStartIndex index:0 last snapshot index:0
2026/02/07 14:34:03 [Node:2] getNextIndex len:3 last snapshot index:0
2026/02/07 14:34:03 [Node:0] nextIndex:[2 2 3]
2026/02/07 14:34:03 [Node:0] getLogStartIndex index:1 last snapshot index:0
2026/02/07 14:34:03 [Node:2] getLogStartIndex index:1 last snapshot index:0
2026/02/07 14:34:03 [Node:0] getNextIndex len:3 last snapshot index:0
2026/02/07 14:34:03 [Node:0] getLogStartIndex index:2 last snapshot index:0
2026/02/07 14:34:03 [Node:2] nextIndex:[3 1 3]
2026/02/07 14:34:03 [14:34:03.734] [Node:2] [LOG_REPLICA] [Trace:LOG_2_4][2->1] 发送日志or心跳到 Node:1 开始 args:{4 2 0 0 [{101 2 false 1} {103 3 false 2}] 2 LOG_2_4 2 {0 0 map[] map[]}}
2026/02/07 14:34:03 [14:34:03.734] [Node:0] [LOG_REPLICA] [Trace:LOG_0_3][0->1] 发送日志or心跳到 Node:1 开始 args:{3 0 1 2 [{103 3 false 2}] 2 LOG_0_3 0 {0 0 map[] map[]}}
2026/02/07 14:34:03 [Node:2] getLogStartIndex index:2 last snapshot index:0
2026/02/07 14:34:03 [Node:2] getNextIndex len:3 last snapshot index:0
2026/02/07 14:34:03 [Node:0] nextIndex:[2 2 3]
2026/02/07 14:34:03 [Node:0] getLogStartIndex index:2 last snapshot index:0
2026/02/07 14:34:03 [14:34:03.734] [Node:2] [LOG_REPLICA] [Trace:LOG_2_4][2->0] 发送日志or心跳到 Node:0 开始 args:{4 2 2 3 [] 2 LOG_2_4 2 {0 0 map[] map[]}}
2026/02/07 14:34:03 [Node:0] getNextIndex len:3 last snapshot index:0
2026/02/07 14:34:03 [14:34:03.734] [Node:0] [LOG_REPLICA] [Trace:LOG_0_3][0->2] 发送日志or心跳到 Node:2 开始 args:{3 0 2 3 [] 2 LOG_0_3 0 {0 0 map[] map[]}}
2026/02/07 14:34:03 [14:34:03.734] [Node:1] [LOG_REPLICA] [Trace:LOG_2_4][2->1] AppendEntries 收到 term:4 leaderId:2 prevLogIndex:0 prevLogTerm:0 entries:2 leaderCommit:2 isHeartbeat:false currentTerm:4 status:FOLLOWER log:[{101 2 false 1} {103 3 false 2}]
2026/02/07 14:34:03 [Node:1] getNextIndex len:4 last snapshot index:0
2026/02/07 14:34:03 [14:34:03.734] [Node:1] [LOG_REPLICA] [Trace:LOG_2_4][2->1] 打印日志结果:[{<nil> 0 false 0} {101 2 false 1} {101 2 false 1} {103 3 false 2}] 
2026/02/07 14:34:03 [Node:1] getLogStartIndex index:0 last snapshot index:0
2026/02/07 14:34:03 [Node:1] getNextIndex len:4 last snapshot index:0
2026/02/07 14:34:03 [14:34:03.734] [Node:1] [LOG_REPLICA] [Trace:LOG_2_4][2->1] entry.Index:1 rf.getNextIndex():4
2026/02/07 14:34:03 [Node:1] getNextIndex len:4 last snapshot index:0
2026/02/07 14:34:03 [Node:1] getLogStartIndex index:1 last snapshot index:0
2026/02/07 14:34:03 [14:34:03.734] [Node:1] [LOG_REPLICA] [Trace:LOG_2_4][2->1] startIndex:1 rf.log[startIndex].Term:2 entry.Term:2
2026/02/07 14:34:03 [Node:1] getNextIndex len:4 last snapshot index:0
2026/02/07 14:34:03 [14:34:03.734] [Node:1] [LOG_REPLICA] [Trace:LOG_2_4][2->1] entry.Index:2 rf.getNextIndex():4
2026/02/07 14:34:03 [Node:1] getNextIndex len:4 last snapshot index:0
2026/02/07 14:34:03 [Node:1] getLogStartIndex index:2 last snapshot index:0
2026/02/07 14:34:03 [14:34:03.734] [Node:1] [LOG_REPLICA] [Trace:LOG_2_4][2->1] startIndex:2 rf.log[startIndex].Term:2 entry.Term:3
2026/02/07 14:34:03 [14:34:03.734] [Node:1] [LOG_REPLICA] [Trace:LOG_2_4][2->1] args logEntrys:[{101 2 false 1} {103 3 false 2}]
2026/02/07 14:34:03 [14:34:03.735] [Node:1] [LOG_REPLICA] [Trace:LOG_2_4][2->1] 复制日志结果:[{<nil> 0 false 0} {101 2 false 1} {101 2 false 1} {103 3 false 2}] 
2026/02/07 14:34:03 [14:34:03.735] [Node:2] [LOG_REPLICA] [Trace:LOG_2_4][2->1] 心跳返回 from peer:1 term:4 success:true
2026/02/07 14:34:03 [14:34:03.735] [Node:2] [LOG_REPLICA] [Trace:LOG_2_4][2->1] 日志复制返回成功 from peer:1 term:4 agreeCount:2 log [{101 2 false 1} {103 3 false 2}]
2026/02/07 14:34:03 [14:34:03.735] [Node:2] [LOG_REPLICA] [Trace:LOG_2_4][2->1] 日志复制返回成功 但是已经更新过了 from peer:1 term:4 matchIndex:2 log last index:2
2026/02/07 14:34:03 rfats [0xc00010c000 0xc00010c100 0xc00010c200]
2026/02/07 14:34:03 i 0 cmd1 <nil>, ok false
2026/02/07 14:34:03 i 1 cmd1 <nil>, ok false
2026/02/07 14:34:03 i 2 cmd1 <nil>, ok false
2026/02/07 14:34:03 nd 0, cmd1 <nil> cmd 104
2026/02/07 14:34:03 rfats [0xc00010c000 0xc00010c100 0xc00010c200]
2026/02/07 14:34:03 i 0 cmd1 <nil>, ok false
2026/02/07 14:34:03 i 1 cmd1 <nil>, ok false
2026/02/07 14:34:03 i 2 cmd1 <nil>, ok false
2026/02/07 14:34:03 nd 0, cmd1 <nil> cmd 104
2026/02/07 14:34:03 [14:34:03.783] [Node:1] [HEARTBEAT] [Trace:HB_1_4] Follower等心跳 status FOLLOWER term:4 commitIndex:2
2026/02/07 14:34:03 [14:34:03.783] [Node:2] [HEARTBEAT] [Trace:HB_2_4] 开始发送心跳广播 status LEADER term:4 commitIndex:2
2026/02/07 14:34:03 [14:34:03.784] [Node:0] [HEARTBEAT] [Trace:HB_0_3] 开始发送心跳广播 status LEADER term:3 commitIndex:2
2026/02/07 14:34:03 [Node:2] nextIndex:[3 1 3]
2026/02/07 14:34:03 [Node:2] getLogStartIndex index:2 last snapshot index:0
2026/02/07 14:34:03 [Node:2] getNextIndex len:3 last snapshot index:0
2026/02/07 14:34:03 [Node:0] nextIndex:[2 2 3]
2026/02/07 14:34:03 [Node:0] getLogStartIndex index:1 last snapshot index:0
2026/02/07 14:34:03 [14:34:03.784] [Node:2] [LOG_REPLICA] [Trace:LOG_2_4][2->0] 发送日志or心跳到 Node:0 开始 args:{4 2 2 3 [] 2 LOG_2_4 2 {0 0 map[] map[]}}
2026/02/07 14:34:03 [Node:2] nextIndex:[3 1 3]
2026/02/07 14:34:03 [Node:2] getLogStartIndex index:0 last snapshot index:0
2026/02/07 14:34:03 [Node:2] getNextIndex len:3 last snapshot index:0
2026/02/07 14:34:03 [Node:2] getLogStartIndex index:1 last snapshot index:0
2026/02/07 14:34:03 [Node:0] getNextIndex len:3 last snapshot index:0
2026/02/07 14:34:03 [Node:0] getLogStartIndex index:2 last snapshot index:0
2026/02/07 14:34:03 [14:34:03.784] [Node:2] [LOG_REPLICA] [Trace:LOG_2_4][2->1] 发送日志or心跳到 Node:1 开始 args:{4 2 0 0 [{101 2 false 1} {103 3 false 2}] 2 LOG_2_4 2 {0 0 map[] map[]}}
2026/02/07 14:34:03 [Node:0] nextIndex:[2 2 3]
2026/02/07 14:34:03 [14:34:03.784] [Node:0] [LOG_REPLICA] [Trace:LOG_0_3][0->1] 发送日志or心跳到 Node:1 开始 args:{3 0 1 2 [{103 3 false 2}] 2 LOG_0_3 0 {0 0 map[] map[]}}
2026/02/07 14:34:03 [Node:0] getLogStartIndex index:2 last snapshot index:0
2026/02/07 14:34:03 [Node:0] getNextIndex len:3 last snapshot index:0
2026/02/07 14:34:03 [14:34:03.784] [Node:0] [LOG_REPLICA] [Trace:LOG_0_3][0->2] 发送日志or心跳到 Node:2 开始 args:{3 0 2 3 [] 2 LOG_0_3 0 {0 0 map[] map[]}}
2026/02/07 14:34:03 [14:34:03.784] [Node:1] [LOG_REPLICA] [Trace:LOG_2_4][2->1] AppendEntries 收到 term:4 leaderId:2 prevLogIndex:0 prevLogTerm:0 entries:2 leaderCommit:2 isHeartbeat:false currentTerm:4 status:FOLLOWER log:[{101 2 false 1} {103 3 false 2}]
2026/02/07 14:34:03 [Node:1] getNextIndex len:4 last snapshot index:0
2026/02/07 14:34:03 [14:34:03.784] [Node:1] [LOG_REPLICA] [Trace:LOG_2_4][2->1] 打印日志结果:[{<nil> 0 false 0} {101 2 false 1} {101 2 false 1} {103 3 false 2}] 
2026/02/07 14:34:03 [Node:1] getLogStartIndex index:0 last snapshot index:0
2026/02/07 14:34:03 [Node:1] getNextIndex len:4 last snapshot index:0
2026/02/07 14:34:03 [14:34:03.784] [Node:1] [LOG_REPLICA] [Trace:LOG_2_4][2->1] entry.Index:1 rf.getNextIndex():4
2026/02/07 14:34:03 [Node:1] getNextIndex len:4 last snapshot index:0
2026/02/07 14:34:03 [Node:1] getLogStartIndex index:1 last snapshot index:0
2026/02/07 14:34:03 [14:34:03.784] [Node:1] [LOG_REPLICA] [Trace:LOG_2_4][2->1] startIndex:1 rf.log[startIndex].Term:2 entry.Term:2
2026/02/07 14:34:03 [Node:1] getNextIndex len:4 last snapshot index:0
2026/02/07 14:34:03 [14:34:03.784] [Node:1] [LOG_REPLICA] [Trace:LOG_2_4][2->1] entry.Index:2 rf.getNextIndex():4
2026/02/07 14:34:03 [Node:1] getNextIndex len:4 last snapshot index:0
2026/02/07 14:34:03 [Node:1] getLogStartIndex index:2 last snapshot index:0
2026/02/07 14:34:03 [14:34:03.785] [Node:1] [LOG_REPLICA] [Trace:LOG_2_4][2->1] startIndex:2 rf.log[startIndex].Term:2 entry.Term:3
2026/02/07 14:34:03 [14:34:03.785] [Node:1] [LOG_REPLICA] [Trace:LOG_2_4][2->1] args logEntrys:[{101 2 false 1} {103 3 false 2}]
2026/02/07 14:34:03 [14:34:03.785] [Node:1] [LOG_REPLICA] [Trace:LOG_2_4][2->1] 复制日志结果:[{<nil> 0 false 0} {101 2 false 1} {101 2 false 1} {103 3 false 2}] 
2026/02/07 14:34:03 [14:34:03.785] [Node:2] [LOG_REPLICA] [Trace:LOG_2_4][2->1] 心跳返回 from peer:1 term:4 success:true
2026/02/07 14:34:03 [14:34:03.785] [Node:2] [LOG_REPLICA] [Trace:LOG_2_4][2->1] 日志复制返回成功 from peer:1 term:4 agreeCount:2 log [{101 2 false 1} {103 3 false 2}]
2026/02/07 14:34:03 [14:34:03.785] [Node:2] [LOG_REPLICA] [Trace:LOG_2_4][2->1] 日志复制返回成功 但是已经更新过了 from peer:1 term:4 matchIndex:2 log last index:2
2026/02/07 14:34:03 rfats [0xc00010c000 0xc00010c100 0xc00010c200]
2026/02/07 14:34:03 i 0 cmd1 <nil>, ok false
2026/02/07 14:34:03 i 1 cmd1 <nil>, ok false
2026/02/07 14:34:03 i 2 cmd1 <nil>, ok false
2026/02/07 14:34:03 nd 0, cmd1 <nil> cmd 104
2026/02/07 14:34:03 rfats [0xc00010c000 0xc00010c100 0xc00010c200]
2026/02/07 14:34:03 i 0 cmd1 <nil>, ok false
2026/02/07 14:34:03 i 1 cmd1 <nil>, ok false
2026/02/07 14:34:03 i 2 cmd1 <nil>, ok false
2026/02/07 14:34:03 nd 0, cmd1 <nil> cmd 104
2026/02/07 14:34:03 rfats [0xc00010c000 0xc00010c100 0xc00010c200]
2026/02/07 14:34:03 [14:34:03.835] [Node:2] [HEARTBEAT] [Trace:HB_2_4] 开始发送心跳广播 status LEADER term:4 commitIndex:2
2026/02/07 14:34:03 [14:34:03.835] [Node:0] [HEARTBEAT] [Trace:HB_0_3] 开始发送心跳广播 status LEADER term:3 commitIndex:2
2026/02/07 14:34:03 i 0 cmd1 <nil>, ok false
2026/02/07 14:34:03 i 1 cmd1 <nil>, ok false
2026/02/07 14:34:03 i 2 cmd1 <nil>, ok false
2026/02/07 14:34:03 [14:34:03.835] [Node:1] [HEARTBEAT] [Trace:HB_1_4] Follower等心跳 status FOLLOWER term:4 commitIndex:2
2026/02/07 14:34:03 [Node:2] nextIndex:[3 1 3]
2026/02/07 14:34:03 [Node:2] getLogStartIndex index:0 last snapshot index:0
2026/02/07 14:34:03 [Node:2] getNextIndex len:3 last snapshot index:0
2026/02/07 14:34:03 [Node:2] getLogStartIndex index:1 last snapshot index:0
2026/02/07 14:34:03 [Node:0] nextIndex:[2 2 3]
2026/02/07 14:34:03 [Node:0] getLogStartIndex index:1 last snapshot index:0
2026/02/07 14:34:03 nd 0, cmd1 <nil> cmd 104
2026/02/07 14:34:03 [14:34:03.835] [Node:2] [LOG_REPLICA] [Trace:LOG_2_4][2->1] 发送日志or心跳到 Node:1 开始 args:{4 2 0 0 [{101 2 false 1} {103 3 false 2}] 2 LOG_2_4 2 {0 0 map[] map[]}}
2026/02/07 14:34:03 [Node:2] nextIndex:[3 1 3]
2026/02/07 14:34:03 [Node:0] getNextIndex len:3 last snapshot index:0
2026/02/07 14:34:03 [Node:0] getLogStartIndex index:2 last snapshot index:0
2026/02/07 14:34:03 [Node:2] getLogStartIndex index:2 last snapshot index:0
2026/02/07 14:34:03 [14:34:03.835] [Node:0] [LOG_REPLICA] [Trace:LOG_0_3][0->1] 发送日志or心跳到 Node:1 开始 args:{3 0 1 2 [{103 3 false 2}] 2 LOG_0_3 0 {0 0 map[] map[]}}
2026/02/07 14:34:03 [Node:0] nextIndex:[2 2 3]
2026/02/07 14:34:03 [Node:2] getNextIndex len:3 last snapshot index:0
2026/02/07 14:34:03 [Node:0] getLogStartIndex index:2 last snapshot index:0
2026/02/07 14:34:03 [Node:0] getNextIndex len:3 last snapshot index:0
2026/02/07 14:34:03 [14:34:03.835] [Node:2] [LOG_REPLICA] [Trace:LOG_2_4][2->0] 发送日志or心跳到 Node:0 开始 args:{4 2 2 3 [] 2 LOG_2_4 2 {0 0 map[] map[]}}
2026/02/07 14:34:03 [14:34:03.835] [Node:0] [LOG_REPLICA] [Trace:LOG_0_3][0->2] 发送日志or心跳到 Node:2 开始 args:{3 0 2 3 [] 2 LOG_0_3 0 {0 0 map[] map[]}}
2026/02/07 14:34:03 [14:34:03.835] [Node:1] [LOG_REPLICA] [Trace:LOG_2_4][2->1] AppendEntries 收到 term:4 leaderId:2 prevLogIndex:0 prevLogTerm:0 entries:2 leaderCommit:2 isHeartbeat:false currentTerm:4 status:FOLLOWER log:[{101 2 false 1} {103 3 false 2}]
2026/02/07 14:34:03 [Node:1] getNextIndex len:4 last snapshot index:0
2026/02/07 14:34:03 [14:34:03.835] [Node:1] [LOG_REPLICA] [Trace:LOG_2_4][2->1] 打印日志结果:[{<nil> 0 false 0} {101 2 false 1} {101 2 false 1} {103 3 false 2}] 
2026/02/07 14:34:03 [Node:1] getLogStartIndex index:0 last snapshot index:0
2026/02/07 14:34:03 [Node:1] getNextIndex len:4 last snapshot index:0
2026/02/07 14:34:03 [14:34:03.836] [Node:1] [LOG_REPLICA] [Trace:LOG_2_4][2->1] entry.Index:1 rf.getNextIndex():4
2026/02/07 14:34:03 [Node:1] getNextIndex len:4 last snapshot index:0
2026/02/07 14:34:03 [Node:1] getLogStartIndex index:1 last snapshot index:0
2026/02/07 14:34:03 [14:34:03.836] [Node:1] [LOG_REPLICA] [Trace:LOG_2_4][2->1] startIndex:1 rf.log[startIndex].Term:2 entry.Term:2
2026/02/07 14:34:03 [Node:1] getNextIndex len:4 last snapshot index:0
2026/02/07 14:34:03 [14:34:03.836] [Node:1] [LOG_REPLICA] [Trace:LOG_2_4][2->1] entry.Index:2 rf.getNextIndex():4
2026/02/07 14:34:03 [Node:1] getNextIndex len:4 last snapshot index:0
2026/02/07 14:34:03 [Node:1] getLogStartIndex index:2 last snapshot index:0
2026/02/07 14:34:03 [14:34:03.836] [Node:1] [LOG_REPLICA] [Trace:LOG_2_4][2->1] startIndex:2 rf.log[startIndex].Term:2 entry.Term:3
2026/02/07 14:34:03 [14:34:03.836] [Node:1] [LOG_REPLICA] [Trace:LOG_2_4][2->1] args logEntrys:[{101 2 false 1} {103 3 false 2}]
2026/02/07 14:34:03 [14:34:03.836] [Node:1] [LOG_REPLICA] [Trace:LOG_2_4][2->1] 复制日志结果:[{<nil> 0 false 0} {101 2 false 1} {101 2 false 1} {103 3 false 2}] 
2026/02/07 14:34:03 [14:34:03.836] [Node:2] [LOG_REPLICA] [Trace:LOG_2_4][2->1] 心跳返回 from peer:1 term:4 success:true
2026/02/07 14:34:03 [14:34:03.836] [Node:2] [LOG_REPLICA] [Trace:LOG_2_4][2->1] 日志复制返回成功 from peer:1 term:4 agreeCount:2 log [{101 2 false 1} {103 3 false 2}]
2026/02/07 14:34:03 [14:34:03.836] [Node:2] [LOG_REPLICA] [Trace:LOG_2_4][2->1] 日志复制返回成功 但是已经更新过了 from peer:1 term:4 matchIndex:2 log last index:2
2026/02/07 14:34:03 rfats [0xc00010c000 0xc00010c100 0xc00010c200]
2026/02/07 14:34:03 i 0 cmd1 <nil>, ok false
2026/02/07 14:34:03 i 1 cmd1 <nil>, ok false
2026/02/07 14:34:03 i 2 cmd1 <nil>, ok false
2026/02/07 14:34:03 nd 0, cmd1 <nil> cmd 104
2026/02/07 14:34:03 rfats [0xc00010c000 0xc00010c100 0xc00010c200]
2026/02/07 14:34:03 i 0 cmd1 <nil>, ok false
2026/02/07 14:34:03 i 1 cmd1 <nil>, ok false
2026/02/07 14:34:03 i 2 cmd1 <nil>, ok false
2026/02/07 14:34:03 nd 0, cmd1 <nil> cmd 104
2026/02/07 14:34:03 [14:34:03.886] [Node:2] [HEARTBEAT] [Trace:HB_2_4] 开始发送心跳广播 status LEADER term:4 commitIndex:2
2026/02/07 14:34:03 [14:34:03.886] [Node:1] [HEARTBEAT] [Trace:HB_1_4] Follower等心跳 status FOLLOWER term:4 commitIndex:2
2026/02/07 14:34:03 [14:34:03.886] [Node:0] [HEARTBEAT] [Trace:HB_0_3] 开始发送心跳广播 status LEADER term:3 commitIndex:2
2026/02/07 14:34:03 [Node:2] nextIndex:[3 1 3]
2026/02/07 14:34:03 [Node:2] getLogStartIndex index:0 last snapshot index:0
2026/02/07 14:34:03 [Node:2] getNextIndex len:3 last snapshot index:0
2026/02/07 14:34:03 [Node:0] nextIndex:[2 2 3]
2026/02/07 14:34:03 [Node:2] getLogStartIndex index:1 last snapshot index:0
2026/02/07 14:34:03 [Node:0] getLogStartIndex index:2 last snapshot index:0
2026/02/07 14:34:03 [Node:0] getNextIndex len:3 last snapshot index:0
2026/02/07 14:34:03 [14:34:03.886] [Node:2] [LOG_REPLICA] [Trace:LOG_2_4][2->1] 发送日志or心跳到 Node:1 开始 args:{4 2 0 0 [{101 2 false 1} {103 3 false 2}] 2 LOG_2_4 2 {0 0 map[] map[]}}
2026/02/07 14:34:03 [14:34:03.886] [Node:0] [LOG_REPLICA] [Trace:LOG_0_3][0->2] 发送日志or心跳到 Node:2 开始 args:{3 0 2 3 [] 2 LOG_0_3 0 {0 0 map[] map[]}}
2026/02/07 14:34:03 [Node:2] nextIndex:[3 1 3]
2026/02/07 14:34:03 [Node:0] nextIndex:[2 2 3]
2026/02/07 14:34:03 [Node:0] getLogStartIndex index:1 last snapshot index:0
2026/02/07 14:34:03 [Node:2] getLogStartIndex index:2 last snapshot index:0
2026/02/07 14:34:03 [Node:2] getNextIndex len:3 last snapshot index:0
2026/02/07 14:34:03 [Node:0] getNextIndex len:3 last snapshot index:0
2026/02/07 14:34:03 [14:34:03.886] [Node:2] [LOG_REPLICA] [Trace:LOG_2_4][2->0] 发送日志or心跳到 Node:0 开始 args:{4 2 2 3 [] 2 LOG_2_4 2 {0 0 map[] map[]}}
2026/02/07 14:34:03 [Node:0] getLogStartIndex index:2 last snapshot index:0
2026/02/07 14:34:03 [14:34:03.886] [Node:0] [LOG_REPLICA] [Trace:LOG_0_3][0->1] 发送日志or心跳到 Node:1 开始 args:{3 0 1 2 [{103 3 false 2}] 2 LOG_0_3 0 {0 0 map[] map[]}}
2026/02/07 14:34:03 [14:34:03.892] [Node:1] [LOG_REPLICA] [Trace:LOG_2_4][2->1] AppendEntries 收到 term:4 leaderId:2 prevLogIndex:0 prevLogTerm:0 entries:2 leaderCommit:2 isHeartbeat:false currentTerm:4 status:FOLLOWER log:[{101 2 false 1} {103 3 false 2}]
2026/02/07 14:34:03 [Node:1] getNextIndex len:4 last snapshot index:0
2026/02/07 14:34:03 [14:34:03.892] [Node:1] [LOG_REPLICA] [Trace:LOG_2_4][2->1] 打印日志结果:[{<nil> 0 false 0} {101 2 false 1} {101 2 false 1} {103 3 false 2}] 
2026/02/07 14:34:03 [Node:1] getLogStartIndex index:0 last snapshot index:0
2026/02/07 14:34:03 [Node:1] getNextIndex len:4 last snapshot index:0
2026/02/07 14:34:03 [14:34:03.892] [Node:1] [LOG_REPLICA] [Trace:LOG_2_4][2->1] entry.Index:1 rf.getNextIndex():4
2026/02/07 14:34:03 [Node:1] getNextIndex len:4 last snapshot index:0
2026/02/07 14:34:03 [Node:1] getLogStartIndex index:1 last snapshot index:0
2026/02/07 14:34:03 [14:34:03.892] [Node:1] [LOG_REPLICA] [Trace:LOG_2_4][2->1] startIndex:1 rf.log[startIndex].Term:2 entry.Term:2
2026/02/07 14:34:03 [Node:1] getNextIndex len:4 last snapshot index:0
2026/02/07 14:34:03 [14:34:03.893] [Node:1] [LOG_REPLICA] [Trace:LOG_2_4][2->1] entry.Index:2 rf.getNextIndex():4
2026/02/07 14:34:03 [Node:1] getNextIndex len:4 last snapshot index:0
2026/02/07 14:34:03 [Node:1] getLogStartIndex index:2 last snapshot index:0
2026/02/07 14:34:03 [14:34:03.893] [Node:1] [LOG_REPLICA] [Trace:LOG_2_4][2->1] startIndex:2 rf.log[startIndex].Term:2 entry.Term:3
2026/02/07 14:34:03 [14:34:03.893] [Node:1] [LOG_REPLICA] [Trace:LOG_2_4][2->1] args logEntrys:[{101 2 false 1} {103 3 false 2}]
2026/02/07 14:34:03 [14:34:03.893] [Node:1] [LOG_REPLICA] [Trace:LOG_2_4][2->1] 复制日志结果:[{<nil> 0 false 0} {101 2 false 1} {101 2 false 1} {103 3 false 2}] 
2026/02/07 14:34:03 [14:34:03.893] [Node:2] [LOG_REPLICA] [Trace:LOG_2_4][2->1] 心跳返回 from peer:1 term:4 success:true
2026/02/07 14:34:03 [14:34:03.893] [Node:2] [LOG_REPLICA] [Trace:LOG_2_4][2->1] 日志复制返回成功 from peer:1 term:4 agreeCount:2 log [{101 2 false 1} {103 3 false 2}]
2026/02/07 14:34:03 [14:34:03.893] [Node:2] [LOG_REPLICA] [Trace:LOG_2_4][2->1] 日志复制返回成功 但是已经更新过了 from peer:1 term:4 matchIndex:2 log last index:2
2026/02/07 14:34:03 rfats [0xc00010c000 0xc00010c100 0xc00010c200]
2026/02/07 14:34:03 i 0 cmd1 <nil>, ok false
2026/02/07 14:34:03 i 1 cmd1 <nil>, ok false
2026/02/07 14:34:03 i 2 cmd1 <nil>, ok false
2026/02/07 14:34:03 nd 0, cmd1 <nil> cmd 104
2026/02/07 14:34:03 rfats [0xc00010c000 0xc00010c100 0xc00010c200]
2026/02/07 14:34:03 i 0 cmd1 <nil>, ok false
2026/02/07 14:34:03 i 1 cmd1 <nil>, ok false
2026/02/07 14:34:03 i 2 cmd1 <nil>, ok false
2026/02/07 14:34:03 nd 0, cmd1 <nil> cmd 104
2026/02/07 14:34:03 [14:34:03.937] [Node:1] [HEARTBEAT] [Trace:HB_1_4] Follower等心跳 status FOLLOWER term:4 commitIndex:2
2026/02/07 14:34:03 [14:34:03.937] [Node:2] [HEARTBEAT] [Trace:HB_2_4] 开始发送心跳广播 status LEADER term:4 commitIndex:2
2026/02/07 14:34:03 [14:34:03.937] [Node:0] [HEARTBEAT] [Trace:HB_0_3] 开始发送心跳广播 status LEADER term:3 commitIndex:2
2026/02/07 14:34:03 [Node:2] nextIndex:[3 1 3]
2026/02/07 14:34:03 [Node:0] nextIndex:[2 2 3]
2026/02/07 14:34:03 [Node:0] getLogStartIndex index:1 last snapshot index:0
2026/02/07 14:34:03 [Node:0] getNextIndex len:3 last snapshot index:0
2026/02/07 14:34:03 [Node:2] getLogStartIndex index:2 last snapshot index:0
2026/02/07 14:34:03 [Node:0] getLogStartIndex index:2 last snapshot index:0
2026/02/07 14:34:03 [Node:2] getNextIndex len:3 last snapshot index:0
2026/02/07 14:34:03 [14:34:03.937] [Node:0] [LOG_REPLICA] [Trace:LOG_0_3][0->1] 发送日志or心跳到 Node:1 开始 args:{3 0 1 2 [{103 3 false 2}] 2 LOG_0_3 0 {0 0 map[] map[]}}
2026/02/07 14:34:03 [14:34:03.937] [Node:2] [LOG_REPLICA] [Trace:LOG_2_4][2->0] 发送日志or心跳到 Node:0 开始 args:{4 2 2 3 [] 2 LOG_2_4 2 {0 0 map[] map[]}}
2026/02/07 14:34:03 [Node:0] nextIndex:[2 2 3]
2026/02/07 14:34:03 [Node:0] getLogStartIndex index:2 last snapshot index:0
2026/02/07 14:34:03 [Node:2] nextIndex:[3 1 3]
2026/02/07 14:34:03 [Node:2] getLogStartIndex index:0 last snapshot index:0
2026/02/07 14:34:03 [Node:2] getNextIndex len:3 last snapshot index:0
2026/02/07 14:34:03 [Node:2] getLogStartIndex index:1 last snapshot index:0
2026/02/07 14:34:03 [Node:0] getNextIndex len:3 last snapshot index:0
2026/02/07 14:34:03 [14:34:03.937] [Node:2] [LOG_REPLICA] [Trace:LOG_2_4][2->1] 发送日志or心跳到 Node:1 开始 args:{4 2 0 0 [{101 2 false 1} {103 3 false 2}] 2 LOG_2_4 2 {0 0 map[] map[]}}
2026/02/07 14:34:03 [14:34:03.937] [Node:0] [LOG_REPLICA] [Trace:LOG_0_3][0->2] 发送日志or心跳到 Node:2 开始 args:{3 0 2 3 [] 2 LOG_0_3 0 {0 0 map[] map[]}}
2026/02/07 14:34:03 [14:34:03.938] [Node:1] [LOG_REPLICA] [Trace:LOG_2_4][2->1] AppendEntries 收到 term:4 leaderId:2 prevLogIndex:0 prevLogTerm:0 entries:2 leaderCommit:2 isHeartbeat:false currentTerm:4 status:FOLLOWER log:[{101 2 false 1} {103 3 false 2}]
2026/02/07 14:34:03 [Node:1] getNextIndex len:4 last snapshot index:0
2026/02/07 14:34:03 [14:34:03.938] [Node:1] [LOG_REPLICA] [Trace:LOG_2_4][2->1] 打印日志结果:[{<nil> 0 false 0} {101 2 false 1} {101 2 false 1} {103 3 false 2}] 
2026/02/07 14:34:03 [Node:1] getLogStartIndex index:0 last snapshot index:0
2026/02/07 14:34:03 [Node:1] getNextIndex len:4 last snapshot index:0
2026/02/07 14:34:03 [14:34:03.938] [Node:1] [LOG_REPLICA] [Trace:LOG_2_4][2->1] entry.Index:1 rf.getNextIndex():4
2026/02/07 14:34:03 [Node:1] getNextIndex len:4 last snapshot index:0
2026/02/07 14:34:03 [Node:1] getLogStartIndex index:1 last snapshot index:0
2026/02/07 14:34:03 [14:34:03.938] [Node:1] [LOG_REPLICA] [Trace:LOG_2_4][2->1] startIndex:1 rf.log[startIndex].Term:2 entry.Term:2
2026/02/07 14:34:03 [Node:1] getNextIndex len:4 last snapshot index:0
2026/02/07 14:34:03 [14:34:03.938] [Node:1] [LOG_REPLICA] [Trace:LOG_2_4][2->1] entry.Index:2 rf.getNextIndex():4
2026/02/07 14:34:03 [Node:1] getNextIndex len:4 last snapshot index:0
2026/02/07 14:34:03 [Node:1] getLogStartIndex index:2 last snapshot index:0
2026/02/07 14:34:03 [14:34:03.938] [Node:1] [LOG_REPLICA] [Trace:LOG_2_4][2->1] startIndex:2 rf.log[startIndex].Term:2 entry.Term:3
2026/02/07 14:34:03 [14:34:03.938] [Node:1] [LOG_REPLICA] [Trace:LOG_2_4][2->1] args logEntrys:[{101 2 false 1} {103 3 false 2}]
2026/02/07 14:34:03 [14:34:03.938] [Node:1] [LOG_REPLICA] [Trace:LOG_2_4][2->1] 复制日志结果:[{<nil> 0 false 0} {101 2 false 1} {101 2 false 1} {103 3 false 2}] 
2026/02/07 14:34:03 [14:34:03.938] [Node:2] [LOG_REPLICA] [Trace:LOG_2_4][2->1] 心跳返回 from peer:1 term:4 success:true
2026/02/07 14:34:03 [14:34:03.938] [Node:2] [LOG_REPLICA] [Trace:LOG_2_4][2->1] 日志复制返回成功 from peer:1 term:4 agreeCount:2 log [{101 2 false 1} {103 3 false 2}]
2026/02/07 14:34:03 [14:34:03.939] [Node:2] [LOG_REPLICA] [Trace:LOG_2_4][2->1] 日志复制返回成功 但是已经更新过了 from peer:1 term:4 matchIndex:2 log last index:2
2026/02/07 14:34:03 rfats [0xc00010c000 0xc00010c100 0xc00010c200]
2026/02/07 14:34:03 i 0 cmd1 <nil>, ok false
2026/02/07 14:34:03 i 1 cmd1 <nil>, ok false
2026/02/07 14:34:03 i 2 cmd1 <nil>, ok false
2026/02/07 14:34:03 nd 0, cmd1 <nil> cmd 104
2026/02/07 14:34:03 rfats [0xc00010c000 0xc00010c100 0xc00010c200]
2026/02/07 14:34:03 i 0 cmd1 <nil>, ok false
2026/02/07 14:34:03 i 1 cmd1 <nil>, ok false
2026/02/07 14:34:03 i 2 cmd1 <nil>, ok false
2026/02/07 14:34:03 nd 0, cmd1 <nil> cmd 104
2026/02/07 14:34:03 rfats [0xc00010c000 0xc00010c100 0xc00010c200]
2026/02/07 14:34:03 i 0 cmd1 <nil>, ok false
2026/02/07 14:34:03 i 1 cmd1 <nil>, ok false
2026/02/07 14:34:03 i 2 cmd1 <nil>, ok false
2026/02/07 14:34:03 nd 0, cmd1 <nil> cmd 104
2026/02/07 14:34:03 [14:34:03.987] [Node:1] [HEARTBEAT] [Trace:HB_1_4] Follower等心跳 status FOLLOWER term:4 commitIndex:2
2026/02/07 14:34:03 [14:34:03.987] [Node:2] [HEARTBEAT] [Trace:HB_2_4] 开始发送心跳广播 status LEADER term:4 commitIndex:2
2026/02/07 14:34:03 [14:34:03.987] [Node:0] [HEARTBEAT] [Trace:HB_0_3] 开始发送心跳广播 status LEADER term:3 commitIndex:2
2026/02/07 14:34:03 [Node:2] nextIndex:[3 1 3]
2026/02/07 14:34:03 [Node:2] getLogStartIndex index:2 last snapshot index:0
2026/02/07 14:34:03 [Node:2] getNextIndex len:3 last snapshot index:0
2026/02/07 14:34:03 [Node:0] nextIndex:[2 2 3]
2026/02/07 14:34:03 [Node:0] getLogStartIndex index:1 last snapshot index:0
2026/02/07 14:34:03 [Node:0] getNextIndex len:3 last snapshot index:0
2026/02/07 14:34:03 [Node:2] nextIndex:[3 1 3]
2026/02/07 14:34:03 [14:34:03.988] [Node:2] [LOG_REPLICA] [Trace:LOG_2_4][2->0] 发送日志or心跳到 Node:0 开始 args:{4 2 2 3 [] 2 LOG_2_4 2 {0 0 map[] map[]}}
2026/02/07 14:34:03 [Node:0] getLogStartIndex index:2 last snapshot index:0
2026/02/07 14:34:03 [Node:0] nextIndex:[2 2 3]
2026/02/07 14:34:03 [14:34:03.988] [Node:0] [LOG_REPLICA] [Trace:LOG_0_3][0->1] 发送日志or心跳到 Node:1 开始 args:{3 0 1 2 [{103 3 false 2}] 2 LOG_0_3 0 {0 0 map[] map[]}}
2026/02/07 14:34:03 [Node:0] getLogStartIndex index:2 last snapshot index:0
2026/02/07 14:34:03 [Node:0] getNextIndex len:3 last snapshot index:0
2026/02/07 14:34:03 [Node:2] getLogStartIndex index:0 last snapshot index:0
2026/02/07 14:34:03 [Node:2] getNextIndex len:3 last snapshot index:0
2026/02/07 14:34:03 [Node:2] getLogStartIndex index:1 last snapshot index:0
2026/02/07 14:34:03 [14:34:03.988] [Node:0] [LOG_REPLICA] [Trace:LOG_0_3][0->2] 发送日志or心跳到 Node:2 开始 args:{3 0 2 3 [] 2 LOG_0_3 0 {0 0 map[] map[]}}
2026/02/07 14:34:03 [14:34:03.988] [Node:2] [LOG_REPLICA] [Trace:LOG_2_4][2->1] 发送日志or心跳到 Node:1 开始 args:{4 2 0 0 [{101 2 false 1} {103 3 false 2}] 2 LOG_2_4 2 {0 0 map[] map[]}}
2026/02/07 14:34:03 [14:34:03.988] [Node:1] [LOG_REPLICA] [Trace:LOG_2_4][2->1] AppendEntries 收到 term:4 leaderId:2 prevLogIndex:0 prevLogTerm:0 entries:2 leaderCommit:2 isHeartbeat:false currentTerm:4 status:FOLLOWER log:[{101 2 false 1} {103 3 false 2}]
2026/02/07 14:34:03 [Node:1] getNextIndex len:4 last snapshot index:0
2026/02/07 14:34:03 [14:34:03.988] [Node:1] [LOG_REPLICA] [Trace:LOG_2_4][2->1] 打印日志结果:[{<nil> 0 false 0} {101 2 false 1} {101 2 false 1} {103 3 false 2}] 
2026/02/07 14:34:03 [Node:1] getLogStartIndex index:0 last snapshot index:0
2026/02/07 14:34:03 [Node:1] getNextIndex len:4 last snapshot index:0
2026/02/07 14:34:03 [14:34:03.989] [Node:1] [LOG_REPLICA] [Trace:LOG_2_4][2->1] entry.Index:1 rf.getNextIndex():4
2026/02/07 14:34:03 [Node:1] getNextIndex len:4 last snapshot index:0
2026/02/07 14:34:03 [Node:1] getLogStartIndex index:1 last snapshot index:0
2026/02/07 14:34:03 [14:34:03.989] [Node:1] [LOG_REPLICA] [Trace:LOG_2_4][2->1] startIndex:1 rf.log[startIndex].Term:2 entry.Term:2
2026/02/07 14:34:03 [Node:1] getNextIndex len:4 last snapshot index:0
2026/02/07 14:34:03 [14:34:03.989] [Node:1] [LOG_REPLICA] [Trace:LOG_2_4][2->1] entry.Index:2 rf.getNextIndex():4
2026/02/07 14:34:03 [Node:1] getNextIndex len:4 last snapshot index:0
2026/02/07 14:34:03 [Node:1] getLogStartIndex index:2 last snapshot index:0
2026/02/07 14:34:03 [14:34:03.989] [Node:1] [LOG_REPLICA] [Trace:LOG_2_4][2->1] startIndex:2 rf.log[startIndex].Term:2 entry.Term:3
2026/02/07 14:34:03 [14:34:03.989] [Node:1] [LOG_REPLICA] [Trace:LOG_2_4][2->1] args logEntrys:[{101 2 false 1} {103 3 false 2}]
2026/02/07 14:34:03 [14:34:03.989] [Node:1] [LOG_REPLICA] [Trace:LOG_2_4][2->1] 复制日志结果:[{<nil> 0 false 0} {101 2 false 1} {101 2 false 1} {103 3 false 2}] 
2026/02/07 14:34:03 [14:34:03.989] [Node:2] [LOG_REPLICA] [Trace:LOG_2_4][2->1] 心跳返回 from peer:1 term:4 success:true
2026/02/07 14:34:03 [14:34:03.989] [Node:2] [LOG_REPLICA] [Trace:LOG_2_4][2->1] 日志复制返回成功 from peer:1 term:4 agreeCount:2 log [{101 2 false 1} {103 3 false 2}]
2026/02/07 14:34:03 [14:34:03.989] [Node:2] [LOG_REPLICA] [Trace:LOG_2_4][2->1] 日志复制返回成功 但是已经更新过了 from peer:1 term:4 matchIndex:2 log last index:2
2026/02/07 14:34:04 rfats [0xc00010c000 0xc00010c100 0xc00010c200]
2026/02/07 14:34:04 i 0 cmd1 <nil>, ok false
2026/02/07 14:34:04 i 1 cmd1 <nil>, ok false
2026/02/07 14:34:04 i 2 cmd1 <nil>, ok false
2026/02/07 14:34:04 nd 0, cmd1 <nil> cmd 104
2026/02/07 14:34:04 rfats [0xc00010c000 0xc00010c100 0xc00010c200]
2026/02/07 14:34:04 i 0 cmd1 <nil>, ok false
2026/02/07 14:34:04 i 1 cmd1 <nil>, ok false
2026/02/07 14:34:04 i 2 cmd1 <nil>, ok false
2026/02/07 14:34:04 nd 0, cmd1 <nil> cmd 104
2026/02/07 14:34:04 [14:34:04.038] [Node:2] [HEARTBEAT] [Trace:HB_2_4] 开始发送心跳广播 status LEADER term:4 commitIndex:2
2026/02/07 14:34:04 [14:34:04.038] [Node:1] [HEARTBEAT] [Trace:HB_1_4] Follower等心跳 status FOLLOWER term:4 commitIndex:2
2026/02/07 14:34:04 [14:34:04.038] [Node:0] [HEARTBEAT] [Trace:HB_0_3] 开始发送心跳广播 status LEADER term:3 commitIndex:2
2026/02/07 14:34:04 [Node:2] nextIndex:[3 1 3]
2026/02/07 14:34:04 [Node:2] getLogStartIndex index:2 last snapshot index:0
2026/02/07 14:34:04 [Node:2] getNextIndex len:3 last snapshot index:0
2026/02/07 14:34:04 [Node:2] nextIndex:[3 1 3]
2026/02/07 14:34:04 [Node:0] nextIndex:[2 2 3]
2026/02/07 14:34:04 [14:34:04.038] [Node:2] [LOG_REPLICA] [Trace:LOG_2_4][2->0] 发送日志or心跳到 Node:0 开始 args:{4 2 2 3 [] 2 LOG_2_4 2 {0 0 map[] map[]}}
2026/02/07 14:34:04 [Node:0] getLogStartIndex index:2 last snapshot index:0
2026/02/07 14:34:04 [Node:0] getNextIndex len:3 last snapshot index:0
2026/02/07 14:34:04 [Node:2] getLogStartIndex index:0 last snapshot index:0
2026/02/07 14:34:04 [Node:2] getNextIndex len:3 last snapshot index:0
2026/02/07 14:34:04 [Node:2] getLogStartIndex index:1 last snapshot index:0
2026/02/07 14:34:04 [Node:0] nextIndex:[2 2 3]
2026/02/07 14:34:04 [14:34:04.038] [Node:0] [LOG_REPLICA] [Trace:LOG_0_3][0->2] 发送日志or心跳到 Node:2 开始 args:{3 0 2 3 [] 2 LOG_0_3 0 {0 0 map[] map[]}}
2026/02/07 14:34:04 [Node:0] getLogStartIndex index:1 last snapshot index:0
2026/02/07 14:34:04 [Node:0] getNextIndex len:3 last snapshot index:0
2026/02/07 14:34:04 [Node:0] getLogStartIndex index:2 last snapshot index:0
2026/02/07 14:34:04 [14:34:04.038] [Node:2] [LOG_REPLICA] [Trace:LOG_2_4][2->1] 发送日志or心跳到 Node:1 开始 args:{4 2 0 0 [{101 2 false 1} {103 3 false 2}] 2 LOG_2_4 2 {0 0 map[] map[]}}
2026/02/07 14:34:04 [14:34:04.038] [Node:0] [LOG_REPLICA] [Trace:LOG_0_3][0->1] 发送日志or心跳到 Node:1 开始 args:{3 0 1 2 [{103 3 false 2}] 2 LOG_0_3 0 {0 0 map[] map[]}}
2026/02/07 14:34:04 [14:34:04.039] [Node:1] [LOG_REPLICA] [Trace:LOG_2_4][2->1] AppendEntries 收到 term:4 leaderId:2 prevLogIndex:0 prevLogTerm:0 entries:2 leaderCommit:2 isHeartbeat:false currentTerm:4 status:FOLLOWER log:[{101 2 false 1} {103 3 false 2}]
2026/02/07 14:34:04 [Node:1] getNextIndex len:4 last snapshot index:0
2026/02/07 14:34:04 [14:34:04.039] [Node:1] [LOG_REPLICA] [Trace:LOG_2_4][2->1] 打印日志结果:[{<nil> 0 false 0} {101 2 false 1} {101 2 false 1} {103 3 false 2}] 
2026/02/07 14:34:04 [Node:1] getLogStartIndex index:0 last snapshot index:0
2026/02/07 14:34:04 [Node:1] getNextIndex len:4 last snapshot index:0
2026/02/07 14:34:04 [14:34:04.039] [Node:1] [LOG_REPLICA] [Trace:LOG_2_4][2->1] entry.Index:1 rf.getNextIndex():4
2026/02/07 14:34:04 [Node:1] getNextIndex len:4 last snapshot index:0
2026/02/07 14:34:04 [Node:1] getLogStartIndex index:1 last snapshot index:0
2026/02/07 14:34:04 [14:34:04.039] [Node:1] [LOG_REPLICA] [Trace:LOG_2_4][2->1] startIndex:1 rf.log[startIndex].Term:2 entry.Term:2
2026/02/07 14:34:04 [Node:1] getNextIndex len:4 last snapshot index:0
2026/02/07 14:34:04 [14:34:04.039] [Node:1] [LOG_REPLICA] [Trace:LOG_2_4][2->1] entry.Index:2 rf.getNextIndex():4
2026/02/07 14:34:04 [Node:1] getNextIndex len:4 last snapshot index:0
2026/02/07 14:34:04 [Node:1] getLogStartIndex index:2 last snapshot index:0
2026/02/07 14:34:04 [14:34:04.039] [Node:1] [LOG_REPLICA] [Trace:LOG_2_4][2->1] startIndex:2 rf.log[startIndex].Term:2 entry.Term:3
2026/02/07 14:34:04 [14:34:04.039] [Node:1] [LOG_REPLICA] [Trace:LOG_2_4][2->1] args logEntrys:[{101 2 false 1} {103 3 false 2}]
2026/02/07 14:34:04 [14:34:04.039] [Node:1] [LOG_REPLICA] [Trace:LOG_2_4][2->1] 复制日志结果:[{<nil> 0 false 0} {101 2 false 1} {101 2 false 1} {103 3 false 2}] 
2026/02/07 14:34:04 [14:34:04.039] [Node:2] [LOG_REPLICA] [Trace:LOG_2_4][2->1] 心跳返回 from peer:1 term:4 success:true
2026/02/07 14:34:04 [14:34:04.039] [Node:2] [LOG_REPLICA] [Trace:LOG_2_4][2->1] 日志复制返回成功 from peer:1 term:4 agreeCount:2 log [{101 2 false 1} {103 3 false 2}]
2026/02/07 14:34:04 [14:34:04.039] [Node:2] [LOG_REPLICA] [Trace:LOG_2_4][2->1] 日志复制返回成功 但是已经更新过了 from peer:1 term:4 matchIndex:2 log last index:2
2026/02/07 14:34:04 rfats [0xc00010c000 0xc00010c100 0xc00010c200]
2026/02/07 14:34:04 i 0 cmd1 <nil>, ok false
2026/02/07 14:34:04 i 1 cmd1 <nil>, ok false
2026/02/07 14:34:04 i 2 cmd1 <nil>, ok false
2026/02/07 14:34:04 nd 0, cmd1 <nil> cmd 104
2026/02/07 14:34:04 rfats [0xc00010c000 0xc00010c100 0xc00010c200]
2026/02/07 14:34:04 i 0 cmd1 <nil>, ok false
2026/02/07 14:34:04 i 1 cmd1 <nil>, ok false
2026/02/07 14:34:04 i 2 cmd1 <nil>, ok false
2026/02/07 14:34:04 nd 0, cmd1 <nil> cmd 104
2026/02/07 14:34:04 rfats [0xc00010c000 0xc00010c100 0xc00010c200]
2026/02/07 14:34:04 i 0 cmd1 <nil>, ok false
2026/02/07 14:34:04 i 1 cmd1 <nil>, ok false
2026/02/07 14:34:04 i 2 cmd1 <nil>, ok false
2026/02/07 14:34:04 nd 0, cmd1 <nil> cmd 104
2026/02/07 14:34:04 [14:34:04.088] [Node:1] [HEARTBEAT] [Trace:HB_1_4] Follower等心跳 status FOLLOWER term:4 commitIndex:2
2026/02/07 14:34:04 [14:34:04.088] [Node:0] [HEARTBEAT] [Trace:HB_0_3] 开始发送心跳广播 status LEADER term:3 commitIndex:2
2026/02/07 14:34:04 [14:34:04.088] [Node:2] [HEARTBEAT] [Trace:HB_2_4] 开始发送心跳广播 status LEADER term:4 commitIndex:2
2026/02/07 14:34:04 [Node:0] nextIndex:[2 2 3]
2026/02/07 14:34:04 [Node:0] getLogStartIndex index:2 last snapshot index:0
2026/02/07 14:34:04 [Node:0] getNextIndex len:3 last snapshot index:0
2026/02/07 14:34:04 [Node:2] nextIndex:[3 1 3]
2026/02/07 14:34:04 [Node:2] getLogStartIndex index:2 last snapshot index:0
2026/02/07 14:34:04 [Node:2] getNextIndex len:3 last snapshot index:0
2026/02/07 14:34:04 [14:34:04.089] [Node:0] [LOG_REPLICA] [Trace:LOG_0_3][0->2] 发送日志or心跳到 Node:2 开始 args:{3 0 2 3 [] 2 LOG_0_3 0 {0 0 map[] map[]}}
2026/02/07 14:34:04 [14:34:04.089] [Node:2] [LOG_REPLICA] [Trace:LOG_2_4][2->0] 发送日志or心跳到 Node:0 开始 args:{4 2 2 3 [] 2 LOG_2_4 2 {0 0 map[] map[]}}
2026/02/07 14:34:04 [Node:2] nextIndex:[3 1 3]
2026/02/07 14:34:04 [Node:2] getLogStartIndex index:0 last snapshot index:0
2026/02/07 14:34:04 [Node:2] getNextIndex len:3 last snapshot index:0
2026/02/07 14:34:04 [Node:2] getLogStartIndex index:1 last snapshot index:0
2026/02/07 14:34:04 [Node:0] nextIndex:[2 2 3]
2026/02/07 14:34:04 [Node:0] getLogStartIndex index:1 last snapshot index:0
2026/02/07 14:34:04 [Node:0] getNextIndex len:3 last snapshot index:0
2026/02/07 14:34:04 [14:34:04.089] [Node:2] [LOG_REPLICA] [Trace:LOG_2_4][2->1] 发送日志or心跳到 Node:1 开始 args:{4 2 0 0 [{101 2 false 1} {103 3 false 2}] 2 LOG_2_4 2 {0 0 map[] map[]}}
2026/02/07 14:34:04 [Node:0] getLogStartIndex index:2 last snapshot index:0
2026/02/07 14:34:04 [14:34:04.089] [Node:0] [LOG_REPLICA] [Trace:LOG_0_3][0->1] 发送日志or心跳到 Node:1 开始 args:{3 0 1 2 [{103 3 false 2}] 2 LOG_0_3 0 {0 0 map[] map[]}}
2026/02/07 14:34:04 [14:34:04.089] [Node:1] [LOG_REPLICA] [Trace:LOG_2_4][2->1] AppendEntries 收到 term:4 leaderId:2 prevLogIndex:0 prevLogTerm:0 entries:2 leaderCommit:2 isHeartbeat:false currentTerm:4 status:FOLLOWER log:[{101 2 false 1} {103 3 false 2}]
2026/02/07 14:34:04 [Node:1] getNextIndex len:4 last snapshot index:0
2026/02/07 14:34:04 [14:34:04.089] [Node:1] [LOG_REPLICA] [Trace:LOG_2_4][2->1] 打印日志结果:[{<nil> 0 false 0} {101 2 false 1} {101 2 false 1} {103 3 false 2}] 
2026/02/07 14:34:04 [Node:1] getLogStartIndex index:0 last snapshot index:0
2026/02/07 14:34:04 [Node:1] getNextIndex len:4 last snapshot index:0
2026/02/07 14:34:04 [14:34:04.089] [Node:1] [LOG_REPLICA] [Trace:LOG_2_4][2->1] entry.Index:1 rf.getNextIndex():4
2026/02/07 14:34:04 [Node:1] getNextIndex len:4 last snapshot index:0
2026/02/07 14:34:04 [Node:1] getLogStartIndex index:1 last snapshot index:0
2026/02/07 14:34:04 [14:34:04.089] [Node:1] [LOG_REPLICA] [Trace:LOG_2_4][2->1] startIndex:1 rf.log[startIndex].Term:2 entry.Term:2
2026/02/07 14:34:04 [Node:1] getNextIndex len:4 last snapshot index:0
2026/02/07 14:34:04 [14:34:04.089] [Node:1] [LOG_REPLICA] [Trace:LOG_2_4][2->1] entry.Index:2 rf.getNextIndex():4
2026/02/07 14:34:04 [Node:1] getNextIndex len:4 last snapshot index:0
2026/02/07 14:34:04 [Node:1] getLogStartIndex index:2 last snapshot index:0
2026/02/07 14:34:04 [14:34:04.089] [Node:1] [LOG_REPLICA] [Trace:LOG_2_4][2->1] startIndex:2 rf.log[startIndex].Term:2 entry.Term:3
2026/02/07 14:34:04 [14:34:04.089] [Node:1] [LOG_REPLICA] [Trace:LOG_2_4][2->1] args logEntrys:[{101 2 false 1} {103 3 false 2}]
2026/02/07 14:34:04 [14:34:04.089] [Node:1] [LOG_REPLICA] [Trace:LOG_2_4][2->1] 复制日志结果:[{<nil> 0 false 0} {101 2 false 1} {101 2 false 1} {103 3 false 2}] 
2026/02/07 14:34:04 [14:34:04.090] [Node:2] [LOG_REPLICA] [Trace:LOG_2_4][2->1] 心跳返回 from peer:1 term:4 success:true
2026/02/07 14:34:04 [14:34:04.090] [Node:2] [LOG_REPLICA] [Trace:LOG_2_4][2->1] 日志复制返回成功 from peer:1 term:4 agreeCount:2 log [{101 2 false 1} {103 3 false 2}]
2026/02/07 14:34:04 [14:34:04.090] [Node:2] [LOG_REPLICA] [Trace:LOG_2_4][2->1] 日志复制返回成功 但是已经更新过了 from peer:1 term:4 matchIndex:2 log last index:2
2026/02/07 14:34:04 rfats [0xc00010c000 0xc00010c100 0xc00010c200]
2026/02/07 14:34:04 i 0 cmd1 <nil>, ok false
2026/02/07 14:34:04 i 1 cmd1 <nil>, ok false
2026/02/07 14:34:04 i 2 cmd1 <nil>, ok false
2026/02/07 14:34:04 nd 0, cmd1 <nil> cmd 104
2026/02/07 14:34:04 rfats [0xc00010c000 0xc00010c100 0xc00010c200]
2026/02/07 14:34:04 i 0 cmd1 <nil>, ok false
2026/02/07 14:34:04 i 1 cmd1 <nil>, ok false
2026/02/07 14:34:04 i 2 cmd1 <nil>, ok false
2026/02/07 14:34:04 nd 0, cmd1 <nil> cmd 104
2026/02/07 14:34:04 [14:34:04.139] [Node:1] [HEARTBEAT] [Trace:HB_1_4] Follower等心跳 status FOLLOWER term:4 commitIndex:2
2026/02/07 14:34:04 [14:34:04.139] [Node:2] [HEARTBEAT] [Trace:HB_2_4] 开始发送心跳广播 status LEADER term:4 commitIndex:2
2026/02/07 14:34:04 [14:34:04.139] [Node:0] [HEARTBEAT] [Trace:HB_0_3] 开始发送心跳广播 status LEADER term:3 commitIndex:2
2026/02/07 14:34:04 [Node:0] nextIndex:[2 2 3]
2026/02/07 14:34:04 [Node:0] getLogStartIndex index:2 last snapshot index:0
2026/02/07 14:34:04 [Node:2] nextIndex:[3 1 3]
2026/02/07 14:34:04 [Node:0] getNextIndex len:3 last snapshot index:0
2026/02/07 14:34:04 [Node:2] getLogStartIndex index:2 last snapshot index:0
2026/02/07 14:34:04 [Node:2] getNextIndex len:3 last snapshot index:0
2026/02/07 14:34:04 [14:34:04.139] [Node:0] [LOG_REPLICA] [Trace:LOG_0_3][0->2] 发送日志or心跳到 Node:2 开始 args:{3 0 2 3 [] 2 LOG_0_3 0 {0 0 map[] map[]}}
2026/02/07 14:34:04 [Node:0] nextIndex:[2 2 3]
2026/02/07 14:34:04 [Node:0] getLogStartIndex index:1 last snapshot index:0
2026/02/07 14:34:04 [14:34:04.139] [Node:2] [LOG_REPLICA] [Trace:LOG_2_4][2->0] 发送日志or心跳到 Node:0 开始 args:{4 2 2 3 [] 2 LOG_2_4 2 {0 0 map[] map[]}}
2026/02/07 14:34:04 [Node:2] nextIndex:[3 1 3]
2026/02/07 14:34:04 [Node:0] getNextIndex len:3 last snapshot index:0
2026/02/07 14:34:04 [Node:2] getLogStartIndex index:0 last snapshot index:0
2026/02/07 14:34:04 [Node:0] getLogStartIndex index:2 last snapshot index:0
2026/02/07 14:34:04 [Node:2] getNextIndex len:3 last snapshot index:0
2026/02/07 14:34:04 [Node:2] getLogStartIndex index:1 last snapshot index:0
2026/02/07 14:34:04 [14:34:04.139] [Node:0] [LOG_REPLICA] [Trace:LOG_0_3][0->1] 发送日志or心跳到 Node:1 开始 args:{3 0 1 2 [{103 3 false 2}] 2 LOG_0_3 0 {0 0 map[] map[]}}
2026/02/07 14:34:04 [14:34:04.139] [Node:2] [LOG_REPLICA] [Trace:LOG_2_4][2->1] 发送日志or心跳到 Node:1 开始 args:{4 2 0 0 [{101 2 false 1} {103 3 false 2}] 2 LOG_2_4 2 {0 0 map[] map[]}}
2026/02/07 14:34:04 [14:34:04.140] [Node:1] [LOG_REPLICA] [Trace:LOG_2_4][2->1] AppendEntries 收到 term:4 leaderId:2 prevLogIndex:0 prevLogTerm:0 entries:2 leaderCommit:2 isHeartbeat:false currentTerm:4 status:FOLLOWER log:[{101 2 false 1} {103 3 false 2}]
2026/02/07 14:34:04 [Node:1] getNextIndex len:4 last snapshot index:0
2026/02/07 14:34:04 [14:34:04.140] [Node:1] [LOG_REPLICA] [Trace:LOG_2_4][2->1] 打印日志结果:[{<nil> 0 false 0} {101 2 false 1} {101 2 false 1} {103 3 false 2}] 
2026/02/07 14:34:04 [Node:1] getLogStartIndex index:0 last snapshot index:0
2026/02/07 14:34:04 [Node:1] getNextIndex len:4 last snapshot index:0
2026/02/07 14:34:04 [14:34:04.140] [Node:1] [LOG_REPLICA] [Trace:LOG_2_4][2->1] entry.Index:1 rf.getNextIndex():4
2026/02/07 14:34:04 [Node:1] getNextIndex len:4 last snapshot index:0
2026/02/07 14:34:04 [Node:1] getLogStartIndex index:1 last snapshot index:0
2026/02/07 14:34:04 [14:34:04.140] [Node:1] [LOG_REPLICA] [Trace:LOG_2_4][2->1] startIndex:1 rf.log[startIndex].Term:2 entry.Term:2
2026/02/07 14:34:04 [Node:1] getNextIndex len:4 last snapshot index:0
2026/02/07 14:34:04 [14:34:04.140] [Node:1] [LOG_REPLICA] [Trace:LOG_2_4][2->1] entry.Index:2 rf.getNextIndex():4
2026/02/07 14:34:04 [Node:1] getNextIndex len:4 last snapshot index:0
2026/02/07 14:34:04 [Node:1] getLogStartIndex index:2 last snapshot index:0
2026/02/07 14:34:04 [14:34:04.140] [Node:1] [LOG_REPLICA] [Trace:LOG_2_4][2->1] startIndex:2 rf.log[startIndex].Term:2 entry.Term:3
2026/02/07 14:34:04 [14:34:04.140] [Node:1] [LOG_REPLICA] [Trace:LOG_2_4][2->1] args logEntrys:[{101 2 false 1} {103 3 false 2}]
2026/02/07 14:34:04 [14:34:04.140] [Node:1] [LOG_REPLICA] [Trace:LOG_2_4][2->1] 复制日志结果:[{<nil> 0 false 0} {101 2 false 1} {101 2 false 1} {103 3 false 2}] 
2026/02/07 14:34:04 [14:34:04.140] [Node:2] [LOG_REPLICA] [Trace:LOG_2_4][2->1] 心跳返回 from peer:1 term:4 success:true
2026/02/07 14:34:04 [14:34:04.140] [Node:2] [LOG_REPLICA] [Trace:LOG_2_4][2->1] 日志复制返回成功 from peer:1 term:4 agreeCount:2 log [{101 2 false 1} {103 3 false 2}]
2026/02/07 14:34:04 [14:34:04.140] [Node:2] [LOG_REPLICA] [Trace:LOG_2_4][2->1] 日志复制返回成功 但是已经更新过了 from peer:1 term:4 matchIndex:2 log last index:2
2026/02/07 14:34:04 rfats [0xc00010c000 0xc00010c100 0xc00010c200]
2026/02/07 14:34:04 i 0 cmd1 <nil>, ok false
2026/02/07 14:34:04 i 1 cmd1 <nil>, ok false
2026/02/07 14:34:04 i 2 cmd1 <nil>, ok false
2026/02/07 14:34:04 nd 0, cmd1 <nil> cmd 104
2026/02/07 14:34:04 rfats [0xc00010c000 0xc00010c100 0xc00010c200]
2026/02/07 14:34:04 i 0 cmd1 <nil>, ok false
2026/02/07 14:34:04 i 1 cmd1 <nil>, ok false
2026/02/07 14:34:04 i 2 cmd1 <nil>, ok false
2026/02/07 14:34:04 nd 0, cmd1 <nil> cmd 104
2026/02/07 14:34:04 rfats [0xc00010c000 0xc00010c100 0xc00010c200]
2026/02/07 14:34:04 i 0 cmd1 <nil>, ok false
2026/02/07 14:34:04 i 1 cmd1 <nil>, ok false
2026/02/07 14:34:04 i 2 cmd1 <nil>, ok false
2026/02/07 14:34:04 nd 0, cmd1 <nil> cmd 104
2026/02/07 14:34:04 [14:34:04.189] [Node:2] [HEARTBEAT] [Trace:HB_2_4] 开始发送心跳广播 status LEADER term:4 commitIndex:2
2026/02/07 14:34:04 [14:34:04.189] [Node:0] [HEARTBEAT] [Trace:HB_0_3] 开始发送心跳广播 status LEADER term:3 commitIndex:2
2026/02/07 14:34:04 [14:34:04.189] [Node:1] [HEARTBEAT] [Trace:HB_1_4] Follower等心跳 status FOLLOWER term:4 commitIndex:2
2026/02/07 14:34:04 [Node:2] nextIndex:[3 1 3]
2026/02/07 14:34:04 [Node:2] getLogStartIndex index:0 last snapshot index:0
2026/02/07 14:34:04 [Node:0] nextIndex:[2 2 3]
2026/02/07 14:34:04 [Node:0] getLogStartIndex index:1 last snapshot index:0
2026/02/07 14:34:04 [Node:2] getNextIndex len:3 last snapshot index:0
2026/02/07 14:34:04 [Node:2] getLogStartIndex index:1 last snapshot index:0
2026/02/07 14:34:04 [Node:0] getNextIndex len:3 last snapshot index:0
2026/02/07 14:34:04 [Node:0] getLogStartIndex index:2 last snapshot index:0
2026/02/07 14:34:04 [14:34:04.190] [Node:2] [LOG_REPLICA] [Trace:LOG_2_4][2->1] 发送日志or心跳到 Node:1 开始 args:{4 2 0 0 [{101 2 false 1} {103 3 false 2}] 2 LOG_2_4 2 {0 0 map[] map[]}}
2026/02/07 14:34:04 [Node:2] nextIndex:[3 1 3]
2026/02/07 14:34:04 [Node:2] getLogStartIndex index:2 last snapshot index:0
2026/02/07 14:34:04 [14:34:04.190] [Node:0] [LOG_REPLICA] [Trace:LOG_0_3][0->1] 发送日志or心跳到 Node:1 开始 args:{3 0 1 2 [{103 3 false 2}] 2 LOG_0_3 0 {0 0 map[] map[]}}
2026/02/07 14:34:04 [Node:0] nextIndex:[2 2 3]
2026/02/07 14:34:04 [Node:0] getLogStartIndex index:2 last snapshot index:0
2026/02/07 14:34:04 [Node:0] getNextIndex len:3 last snapshot index:0
2026/02/07 14:34:04 [Node:2] getNextIndex len:3 last snapshot index:0
2026/02/07 14:34:04 [14:34:04.190] [Node:0] [LOG_REPLICA] [Trace:LOG_0_3][0->2] 发送日志or心跳到 Node:2 开始 args:{3 0 2 3 [] 2 LOG_0_3 0 {0 0 map[] map[]}}
2026/02/07 14:34:04 [14:34:04.190] [Node:2] [LOG_REPLICA] [Trace:LOG_2_4][2->0] 发送日志or心跳到 Node:0 开始 args:{4 2 2 3 [] 2 LOG_2_4 2 {0 0 map[] map[]}}
2026/02/07 14:34:04 [14:34:04.190] [Node:1] [LOG_REPLICA] [Trace:LOG_2_4][2->1] AppendEntries 收到 term:4 leaderId:2 prevLogIndex:0 prevLogTerm:0 entries:2 leaderCommit:2 isHeartbeat:false currentTerm:4 status:FOLLOWER log:[{101 2 false 1} {103 3 false 2}]
2026/02/07 14:34:04 [Node:1] getNextIndex len:4 last snapshot index:0
2026/02/07 14:34:04 [14:34:04.190] [Node:1] [LOG_REPLICA] [Trace:LOG_2_4][2->1] 打印日志结果:[{<nil> 0 false 0} {101 2 false 1} {101 2 false 1} {103 3 false 2}] 
2026/02/07 14:34:04 [Node:1] getLogStartIndex index:0 last snapshot index:0
2026/02/07 14:34:04 [Node:1] getNextIndex len:4 last snapshot index:0
2026/02/07 14:34:04 [14:34:04.190] [Node:1] [LOG_REPLICA] [Trace:LOG_2_4][2->1] entry.Index:1 rf.getNextIndex():4
2026/02/07 14:34:04 [Node:1] getNextIndex len:4 last snapshot index:0
2026/02/07 14:34:04 [Node:1] getLogStartIndex index:1 last snapshot index:0
2026/02/07 14:34:04 [14:34:04.190] [Node:1] [LOG_REPLICA] [Trace:LOG_2_4][2->1] startIndex:1 rf.log[startIndex].Term:2 entry.Term:2
2026/02/07 14:34:04 [Node:1] getNextIndex len:4 last snapshot index:0
2026/02/07 14:34:04 [14:34:04.190] [Node:1] [LOG_REPLICA] [Trace:LOG_2_4][2->1] entry.Index:2 rf.getNextIndex():4
2026/02/07 14:34:04 [Node:1] getNextIndex len:4 last snapshot index:0
2026/02/07 14:34:04 [Node:1] getLogStartIndex index:2 last snapshot index:0
2026/02/07 14:34:04 [14:34:04.190] [Node:1] [LOG_REPLICA] [Trace:LOG_2_4][2->1] startIndex:2 rf.log[startIndex].Term:2 entry.Term:3
2026/02/07 14:34:04 [14:34:04.190] [Node:1] [LOG_REPLICA] [Trace:LOG_2_4][2->1] args logEntrys:[{101 2 false 1} {103 3 false 2}]
2026/02/07 14:34:04 [14:34:04.191] [Node:1] [LOG_REPLICA] [Trace:LOG_2_4][2->1] 复制日志结果:[{<nil> 0 false 0} {101 2 false 1} {101 2 false 1} {103 3 false 2}] 
2026/02/07 14:34:04 [14:34:04.191] [Node:2] [LOG_REPLICA] [Trace:LOG_2_4][2->1] 心跳返回 from peer:1 term:4 success:true
2026/02/07 14:34:04 [14:34:04.191] [Node:2] [LOG_REPLICA] [Trace:LOG_2_4][2->1] 日志复制返回成功 from peer:1 term:4 agreeCount:2 log [{101 2 false 1} {103 3 false 2}]
2026/02/07 14:34:04 [14:34:04.191] [Node:2] [LOG_REPLICA] [Trace:LOG_2_4][2->1] 日志复制返回成功 但是已经更新过了 from peer:1 term:4 matchIndex:2 log last index:2
2026/02/07 14:34:04 rfats [0xc00010c000 0xc00010c100 0xc00010c200]
2026/02/07 14:34:04 i 0 cmd1 <nil>, ok false
2026/02/07 14:34:04 i 1 cmd1 <nil>, ok false
2026/02/07 14:34:04 i 2 cmd1 <nil>, ok false
2026/02/07 14:34:04 nd 0, cmd1 <nil> cmd 104
2026/02/07 14:34:04 rfats [0xc00010c000 0xc00010c100 0xc00010c200]
2026/02/07 14:34:04 i 0 cmd1 <nil>, ok false
2026/02/07 14:34:04 i 1 cmd1 <nil>, ok false
2026/02/07 14:34:04 i 2 cmd1 <nil>, ok false
2026/02/07 14:34:04 nd 0, cmd1 <nil> cmd 104
2026/02/07 14:34:04 [14:34:04.240] [Node:2] [HEARTBEAT] [Trace:HB_2_4] 开始发送心跳广播 status LEADER term:4 commitIndex:2
2026/02/07 14:34:04 [14:34:04.240] [Node:0] [HEARTBEAT] [Trace:HB_0_3] 开始发送心跳广播 status LEADER term:3 commitIndex:2
2026/02/07 14:34:04 [14:34:04.240] [Node:1] [HEARTBEAT] [Trace:HB_1_4] Follower等心跳 status FOLLOWER term:4 commitIndex:2
2026/02/07 14:34:04 [Node:2] nextIndex:[3 1 3]
2026/02/07 14:34:04 [Node:0] nextIndex:[2 2 3]
2026/02/07 14:34:04 [Node:2] getLogStartIndex index:0 last snapshot index:0
2026/02/07 14:34:04 [Node:0] getLogStartIndex index:2 last snapshot index:0
2026/02/07 14:34:04 [Node:0] getNextIndex len:3 last snapshot index:0
2026/02/07 14:34:04 [Node:2] getNextIndex len:3 last snapshot index:0
2026/02/07 14:34:04 [Node:2] getLogStartIndex index:1 last snapshot index:0
2026/02/07 14:34:04 [14:34:04.240] [Node:0] [LOG_REPLICA] [Trace:LOG_0_3][0->2] 发送日志or心跳到 Node:2 开始 args:{3 0 2 3 [] 2 LOG_0_3 0 {0 0 map[] map[]}}
2026/02/07 14:34:04 [Node:0] nextIndex:[2 2 3]
2026/02/07 14:34:04 [14:34:04.240] [Node:2] [LOG_REPLICA] [Trace:LOG_2_4][2->1] 发送日志or心跳到 Node:1 开始 args:{4 2 0 0 [{101 2 false 1} {103 3 false 2}] 2 LOG_2_4 2 {0 0 map[] map[]}}
2026/02/07 14:34:04 [Node:2] nextIndex:[3 1 3]
2026/02/07 14:34:04 [Node:0] getLogStartIndex index:1 last snapshot index:0
2026/02/07 14:34:04 [Node:2] getLogStartIndex index:2 last snapshot index:0
2026/02/07 14:34:04 [Node:0] getNextIndex len:3 last snapshot index:0
2026/02/07 14:34:04 [Node:2] getNextIndex len:3 last snapshot index:0
2026/02/07 14:34:04 [Node:0] getLogStartIndex index:2 last snapshot index:0
2026/02/07 14:34:04 [14:34:04.240] [Node:2] [LOG_REPLICA] [Trace:LOG_2_4][2->0] 发送日志or心跳到 Node:0 开始 args:{4 2 2 3 [] 2 LOG_2_4 2 {0 0 map[] map[]}}
2026/02/07 14:34:04 [14:34:04.240] [Node:0] [LOG_REPLICA] [Trace:LOG_0_3][0->1] 发送日志or心跳到 Node:1 开始 args:{3 0 1 2 [{103 3 false 2}] 2 LOG_0_3 0 {0 0 map[] map[]}}
2026/02/07 14:34:04 [14:34:04.241] [Node:1] [LOG_REPLICA] [Trace:LOG_2_4][2->1] AppendEntries 收到 term:4 leaderId:2 prevLogIndex:0 prevLogTerm:0 entries:2 leaderCommit:2 isHeartbeat:false currentTerm:4 status:FOLLOWER log:[{101 2 false 1} {103 3 false 2}]
2026/02/07 14:34:04 [Node:1] getNextIndex len:4 last snapshot index:0
2026/02/07 14:34:04 [14:34:04.241] [Node:1] [LOG_REPLICA] [Trace:LOG_2_4][2->1] 打印日志结果:[{<nil> 0 false 0} {101 2 false 1} {101 2 false 1} {103 3 false 2}] 
2026/02/07 14:34:04 [Node:1] getLogStartIndex index:0 last snapshot index:0
2026/02/07 14:34:04 [Node:1] getNextIndex len:4 last snapshot index:0
2026/02/07 14:34:04 [14:34:04.241] [Node:1] [LOG_REPLICA] [Trace:LOG_2_4][2->1] entry.Index:1 rf.getNextIndex():4
2026/02/07 14:34:04 [Node:1] getNextIndex len:4 last snapshot index:0
2026/02/07 14:34:04 [Node:1] getLogStartIndex index:1 last snapshot index:0
2026/02/07 14:34:04 [14:34:04.241] [Node:1] [LOG_REPLICA] [Trace:LOG_2_4][2->1] startIndex:1 rf.log[startIndex].Term:2 entry.Term:2
2026/02/07 14:34:04 [Node:1] getNextIndex len:4 last snapshot index:0
2026/02/07 14:34:04 [14:34:04.241] [Node:1] [LOG_REPLICA] [Trace:LOG_2_4][2->1] entry.Index:2 rf.getNextIndex():4
2026/02/07 14:34:04 [Node:1] getNextIndex len:4 last snapshot index:0
2026/02/07 14:34:04 [Node:1] getLogStartIndex index:2 last snapshot index:0
2026/02/07 14:34:04 [14:34:04.241] [Node:1] [LOG_REPLICA] [Trace:LOG_2_4][2->1] startIndex:2 rf.log[startIndex].Term:2 entry.Term:3
2026/02/07 14:34:04 [14:34:04.241] [Node:1] [LOG_REPLICA] [Trace:LOG_2_4][2->1] args logEntrys:[{101 2 false 1} {103 3 false 2}]
2026/02/07 14:34:04 [14:34:04.241] [Node:1] [LOG_REPLICA] [Trace:LOG_2_4][2->1] 复制日志结果:[{<nil> 0 false 0} {101 2 false 1} {101 2 false 1} {103 3 false 2}] 
2026/02/07 14:34:04 [14:34:04.241] [Node:2] [LOG_REPLICA] [Trace:LOG_2_4][2->1] 心跳返回 from peer:1 term:4 success:true
2026/02/07 14:34:04 [14:34:04.241] [Node:2] [LOG_REPLICA] [Trace:LOG_2_4][2->1] 日志复制返回成功 from peer:1 term:4 agreeCount:2 log [{101 2 false 1} {103 3 false 2}]
2026/02/07 14:34:04 [14:34:04.241] [Node:2] [LOG_REPLICA] [Trace:LOG_2_4][2->1] 日志复制返回成功 但是已经更新过了 from peer:1 term:4 matchIndex:2 log last index:2
2026/02/07 14:34:04 rfats [0xc00010c000 0xc00010c100 0xc00010c200]
2026/02/07 14:34:04 i 0 cmd1 <nil>, ok false
2026/02/07 14:34:04 i 1 cmd1 <nil>, ok false
2026/02/07 14:34:04 i 2 cmd1 <nil>, ok false
2026/02/07 14:34:04 nd 0, cmd1 <nil> cmd 104
2026/02/07 14:34:04 rfats [0xc00010c000 0xc00010c100 0xc00010c200]
2026/02/07 14:34:04 i 0 cmd1 <nil>, ok false
2026/02/07 14:34:04 i 1 cmd1 <nil>, ok false
2026/02/07 14:34:04 i 2 cmd1 <nil>, ok false
2026/02/07 14:34:04 nd 0, cmd1 <nil> cmd 104
2026/02/07 14:34:04 [14:34:04.291] [Node:0] [HEARTBEAT] [Trace:HB_0_3] 开始发送心跳广播 status LEADER term:3 commitIndex:2
2026/02/07 14:34:04 [14:34:04.291] [Node:1] [HEARTBEAT] [Trace:HB_1_4] Follower等心跳 status FOLLOWER term:4 commitIndex:2
2026/02/07 14:34:04 [14:34:04.291] [Node:2] [HEARTBEAT] [Trace:HB_2_4] 开始发送心跳广播 status LEADER term:4 commitIndex:2
2026/02/07 14:34:04 [Node:0] nextIndex:[2 2 3]
2026/02/07 14:34:04 [Node:0] getLogStartIndex index:1 last snapshot index:0
2026/02/07 14:34:04 [Node:2] nextIndex:[3 1 3]
2026/02/07 14:34:04 [Node:2] getLogStartIndex index:0 last snapshot index:0
2026/02/07 14:34:04 [Node:0] getNextIndex len:3 last snapshot index:0
2026/02/07 14:34:04 [Node:2] getNextIndex len:3 last snapshot index:0
2026/02/07 14:34:04 [Node:0] getLogStartIndex index:2 last snapshot index:0
2026/02/07 14:34:04 [Node:2] getLogStartIndex index:1 last snapshot index:0
2026/02/07 14:34:04 [14:34:04.291] [Node:0] [LOG_REPLICA] [Trace:LOG_0_3][0->1] 发送日志or心跳到 Node:1 开始 args:{3 0 1 2 [{103 3 false 2}] 2 LOG_0_3 0 {0 0 map[] map[]}}
2026/02/07 14:34:04 [Node:0] nextIndex:[2 2 3]
2026/02/07 14:34:04 [Node:2] nextIndex:[3 1 3]
2026/02/07 14:34:04 [Node:0] getLogStartIndex index:2 last snapshot index:0
2026/02/07 14:34:04 [14:34:04.291] [Node:2] [LOG_REPLICA] [Trace:LOG_2_4][2->1] 发送日志or心跳到 Node:1 开始 args:{4 2 0 0 [{101 2 false 1} {103 3 false 2}] 2 LOG_2_4 2 {0 0 map[] map[]}}
2026/02/07 14:34:04 [Node:2] getLogStartIndex index:2 last snapshot index:0
2026/02/07 14:34:04 [Node:2] getNextIndex len:3 last snapshot index:0
2026/02/07 14:34:04 [Node:0] getNextIndex len:3 last snapshot index:0
2026/02/07 14:34:04 [14:34:04.291] [Node:2] [LOG_REPLICA] [Trace:LOG_2_4][2->0] 发送日志or心跳到 Node:0 开始 args:{4 2 2 3 [] 2 LOG_2_4 2 {0 0 map[] map[]}}
2026/02/07 14:34:04 [14:34:04.291] [Node:0] [LOG_REPLICA] [Trace:LOG_0_3][0->2] 发送日志or心跳到 Node:2 开始 args:{3 0 2 3 [] 2 LOG_0_3 0 {0 0 map[] map[]}}
2026/02/07 14:34:04 rfats [0xc00010c000 0xc00010c100 0xc00010c200]
2026/02/07 14:34:04 i 0 cmd1 <nil>, ok false
2026/02/07 14:34:04 i 1 cmd1 <nil>, ok false
2026/02/07 14:34:04 i 2 cmd1 <nil>, ok false
2026/02/07 14:34:04 nd 0, cmd1 <nil> cmd 104
2026/02/07 14:34:04 [14:34:04.292] [Node:1] [LOG_REPLICA] [Trace:LOG_2_4][2->1] AppendEntries 收到 term:4 leaderId:2 prevLogIndex:0 prevLogTerm:0 entries:2 leaderCommit:2 isHeartbeat:false currentTerm:4 status:FOLLOWER log:[{101 2 false 1} {103 3 false 2}]
2026/02/07 14:34:04 [Node:1] getNextIndex len:4 last snapshot index:0
2026/02/07 14:34:04 [14:34:04.292] [Node:1] [LOG_REPLICA] [Trace:LOG_2_4][2->1] 打印日志结果:[{<nil> 0 false 0} {101 2 false 1} {101 2 false 1} {103 3 false 2}] 
2026/02/07 14:34:04 [Node:1] getLogStartIndex index:0 last snapshot index:0
2026/02/07 14:34:04 [Node:1] getNextIndex len:4 last snapshot index:0
2026/02/07 14:34:04 [14:34:04.292] [Node:1] [LOG_REPLICA] [Trace:LOG_2_4][2->1] entry.Index:1 rf.getNextIndex():4
2026/02/07 14:34:04 [Node:1] getNextIndex len:4 last snapshot index:0
2026/02/07 14:34:04 [Node:1] getLogStartIndex index:1 last snapshot index:0
2026/02/07 14:34:04 [14:34:04.292] [Node:1] [LOG_REPLICA] [Trace:LOG_2_4][2->1] startIndex:1 rf.log[startIndex].Term:2 entry.Term:2
2026/02/07 14:34:04 [Node:1] getNextIndex len:4 last snapshot index:0
2026/02/07 14:34:04 [14:34:04.292] [Node:1] [LOG_REPLICA] [Trace:LOG_2_4][2->1] entry.Index:2 rf.getNextIndex():4
2026/02/07 14:34:04 [Node:1] getNextIndex len:4 last snapshot index:0
2026/02/07 14:34:04 [Node:1] getLogStartIndex index:2 last snapshot index:0
2026/02/07 14:34:04 [14:34:04.292] [Node:1] [LOG_REPLICA] [Trace:LOG_2_4][2->1] startIndex:2 rf.log[startIndex].Term:2 entry.Term:3
2026/02/07 14:34:04 [14:34:04.292] [Node:1] [LOG_REPLICA] [Trace:LOG_2_4][2->1] args logEntrys:[{101 2 false 1} {103 3 false 2}]
2026/02/07 14:34:04 [14:34:04.292] [Node:1] [LOG_REPLICA] [Trace:LOG_2_4][2->1] 复制日志结果:[{<nil> 0 false 0} {101 2 false 1} {101 2 false 1} {103 3 false 2}] 
2026/02/07 14:34:04 [14:34:04.292] [Node:2] [LOG_REPLICA] [Trace:LOG_2_4][2->1] 心跳返回 from peer:1 term:4 success:true
2026/02/07 14:34:04 [14:34:04.292] [Node:2] [LOG_REPLICA] [Trace:LOG_2_4][2->1] 日志复制返回成功 from peer:1 term:4 agreeCount:2 log [{101 2 false 1} {103 3 false 2}]
2026/02/07 14:34:04 [14:34:04.292] [Node:2] [LOG_REPLICA] [Trace:LOG_2_4][2->1] 日志复制返回成功 但是已经更新过了 from peer:1 term:4 matchIndex:2 log last index:2
2026/02/07 14:34:04 rfats [0xc00010c000 0xc00010c100 0xc00010c200]
2026/02/07 14:34:04 i 0 cmd1 <nil>, ok false
2026/02/07 14:34:04 i 1 cmd1 <nil>, ok false
2026/02/07 14:34:04 i 2 cmd1 <nil>, ok false
2026/02/07 14:34:04 nd 0, cmd1 <nil> cmd 104
2026/02/07 14:34:04 rfats [0xc00010c000 0xc00010c100 0xc00010c200]
2026/02/07 14:34:04 i 0 cmd1 <nil>, ok false
2026/02/07 14:34:04 i 1 cmd1 <nil>, ok false
2026/02/07 14:34:04 i 2 cmd1 <nil>, ok false
2026/02/07 14:34:04 nd 0, cmd1 <nil> cmd 104
2026/02/07 14:34:04 [14:34:04.341] [Node:1] [HEARTBEAT] [Trace:HB_1_4] Follower等心跳 status FOLLOWER term:4 commitIndex:2
2026/02/07 14:34:04 [14:34:04.341] [Node:2] [HEARTBEAT] [Trace:HB_2_4] 开始发送心跳广播 status LEADER term:4 commitIndex:2
2026/02/07 14:34:04 [14:34:04.341] [Node:0] [HEARTBEAT] [Trace:HB_0_3] 开始发送心跳广播 status LEADER term:3 commitIndex:2
2026/02/07 14:34:04 [Node:0] nextIndex:[2 2 3]
2026/02/07 14:34:04 [Node:2] nextIndex:[3 1 3]
2026/02/07 14:34:04 [Node:2] getLogStartIndex index:2 last snapshot index:0
2026/02/07 14:34:04 [Node:2] getNextIndex len:3 last snapshot index:0
2026/02/07 14:34:04 [Node:0] getLogStartIndex index:2 last snapshot index:0
2026/02/07 14:34:04 [Node:0] getNextIndex len:3 last snapshot index:0
2026/02/07 14:34:04 [Node:2] nextIndex:[3 1 3]
2026/02/07 14:34:04 [14:34:04.341] [Node:2] [LOG_REPLICA] [Trace:LOG_2_4][2->0] 发送日志or心跳到 Node:0 开始 args:{4 2 2 3 [] 2 LOG_2_4 2 {0 0 map[] map[]}}
2026/02/07 14:34:04 [Node:2] getLogStartIndex index:0 last snapshot index:0
2026/02/07 14:34:04 [Node:2] getNextIndex len:3 last snapshot index:0
2026/02/07 14:34:04 [Node:0] nextIndex:[2 2 3]
2026/02/07 14:34:04 [14:34:04.341] [Node:0] [LOG_REPLICA] [Trace:LOG_0_3][0->2] 发送日志or心跳到 Node:2 开始 args:{3 0 2 3 [] 2 LOG_0_3 0 {0 0 map[] map[]}}
2026/02/07 14:34:04 [Node:0] getLogStartIndex index:1 last snapshot index:0
2026/02/07 14:34:04 [Node:2] getLogStartIndex index:1 last snapshot index:0
2026/02/07 14:34:04 [Node:0] getNextIndex len:3 last snapshot index:0
2026/02/07 14:34:04 [Node:0] getLogStartIndex index:2 last snapshot index:0
2026/02/07 14:34:04 [14:34:04.342] [Node:2] [LOG_REPLICA] [Trace:LOG_2_4][2->1] 发送日志or心跳到 Node:1 开始 args:{4 2 0 0 [{101 2 false 1} {103 3 false 2}] 2 LOG_2_4 2 {0 0 map[] map[]}}
2026/02/07 14:34:04 [14:34:04.342] [Node:0] [LOG_REPLICA] [Trace:LOG_0_3][0->1] 发送日志or心跳到 Node:1 开始 args:{3 0 1 2 [{103 3 false 2}] 2 LOG_0_3 0 {0 0 map[] map[]}}
2026/02/07 14:34:04 [14:34:04.342] [Node:1] [LOG_REPLICA] [Trace:LOG_2_4][2->1] AppendEntries 收到 term:4 leaderId:2 prevLogIndex:0 prevLogTerm:0 entries:2 leaderCommit:2 isHeartbeat:false currentTerm:4 status:FOLLOWER log:[{101 2 false 1} {103 3 false 2}]
2026/02/07 14:34:04 [Node:1] getNextIndex len:4 last snapshot index:0
2026/02/07 14:34:04 [14:34:04.342] [Node:1] [LOG_REPLICA] [Trace:LOG_2_4][2->1] 打印日志结果:[{<nil> 0 false 0} {101 2 false 1} {101 2 false 1} {103 3 false 2}] 
2026/02/07 14:34:04 [Node:1] getLogStartIndex index:0 last snapshot index:0
2026/02/07 14:34:04 [Node:1] getNextIndex len:4 last snapshot index:0
2026/02/07 14:34:04 [14:34:04.342] [Node:1] [LOG_REPLICA] [Trace:LOG_2_4][2->1] entry.Index:1 rf.getNextIndex():4
2026/02/07 14:34:04 [Node:1] getNextIndex len:4 last snapshot index:0
2026/02/07 14:34:04 [Node:1] getLogStartIndex index:1 last snapshot index:0
2026/02/07 14:34:04 [14:34:04.342] [Node:1] [LOG_REPLICA] [Trace:LOG_2_4][2->1] startIndex:1 rf.log[startIndex].Term:2 entry.Term:2
2026/02/07 14:34:04 [Node:1] getNextIndex len:4 last snapshot index:0
2026/02/07 14:34:04 [14:34:04.342] [Node:1] [LOG_REPLICA] [Trace:LOG_2_4][2->1] entry.Index:2 rf.getNextIndex():4
2026/02/07 14:34:04 [Node:1] getNextIndex len:4 last snapshot index:0
2026/02/07 14:34:04 [Node:1] getLogStartIndex index:2 last snapshot index:0
2026/02/07 14:34:04 [14:34:04.342] [Node:1] [LOG_REPLICA] [Trace:LOG_2_4][2->1] startIndex:2 rf.log[startIndex].Term:2 entry.Term:3
2026/02/07 14:34:04 [14:34:04.342] [Node:1] [LOG_REPLICA] [Trace:LOG_2_4][2->1] args logEntrys:[{101 2 false 1} {103 3 false 2}]
2026/02/07 14:34:04 [14:34:04.343] [Node:1] [LOG_REPLICA] [Trace:LOG_2_4][2->1] 复制日志结果:[{<nil> 0 false 0} {101 2 false 1} {101 2 false 1} {103 3 false 2}] 
2026/02/07 14:34:04 [14:34:04.343] [Node:2] [LOG_REPLICA] [Trace:LOG_2_4][2->1] 心跳返回 from peer:1 term:4 success:true
2026/02/07 14:34:04 [14:34:04.343] [Node:2] [LOG_REPLICA] [Trace:LOG_2_4][2->1] 日志复制返回成功 from peer:1 term:4 agreeCount:2 log [{101 2 false 1} {103 3 false 2}]
2026/02/07 14:34:04 [14:34:04.343] [Node:2] [LOG_REPLICA] [Trace:LOG_2_4][2->1] 日志复制返回成功 但是已经更新过了 from peer:1 term:4 matchIndex:2 log last index:2
2026/02/07 14:34:04 rfats [0xc00010c000 0xc00010c100 0xc00010c200]
2026/02/07 14:34:04 i 0 cmd1 <nil>, ok false
2026/02/07 14:34:04 i 1 cmd1 <nil>, ok false
2026/02/07 14:34:04 i 2 cmd1 <nil>, ok false
2026/02/07 14:34:04 nd 0, cmd1 <nil> cmd 104
2026/02/07 14:34:04 rfats [0xc00010c000 0xc00010c100 0xc00010c200]
2026/02/07 14:34:04 i 0 cmd1 <nil>, ok false
2026/02/07 14:34:04 i 1 cmd1 <nil>, ok false
2026/02/07 14:34:04 i 2 cmd1 <nil>, ok false
2026/02/07 14:34:04 nd 0, cmd1 <nil> cmd 104
2026/02/07 14:34:04 [14:34:04.391] [Node:2] [HEARTBEAT] [Trace:HB_2_4] 开始发送心跳广播 status LEADER term:4 commitIndex:2
2026/02/07 14:34:04 [14:34:04.391] [Node:1] [HEARTBEAT] [Trace:HB_1_4] Follower等心跳 status FOLLOWER term:4 commitIndex:2
2026/02/07 14:34:04 [14:34:04.391] [Node:0] [HEARTBEAT] [Trace:HB_0_3] 开始发送心跳广播 status LEADER term:3 commitIndex:2
2026/02/07 14:34:04 [Node:2] nextIndex:[3 1 3]
2026/02/07 14:34:04 [Node:2] getLogStartIndex index:0 last snapshot index:0
2026/02/07 14:34:04 [Node:2] getNextIndex len:3 last snapshot index:0
2026/02/07 14:34:04 [Node:0] nextIndex:[2 2 3]
2026/02/07 14:34:04 [Node:0] getLogStartIndex index:1 last snapshot index:0
2026/02/07 14:34:04 [Node:0] getNextIndex len:3 last snapshot index:0
2026/02/07 14:34:04 [Node:0] getLogStartIndex index:2 last snapshot index:0
2026/02/07 14:34:04 [Node:2] getLogStartIndex index:1 last snapshot index:0
2026/02/07 14:34:04 [14:34:04.392] [Node:0] [LOG_REPLICA] [Trace:LOG_0_3][0->1] 发送日志or心跳到 Node:1 开始 args:{3 0 1 2 [{103 3 false 2}] 2 LOG_0_3 0 {0 0 map[] map[]}}
2026/02/07 14:34:04 [Node:0] nextIndex:[2 2 3]
2026/02/07 14:34:04 [14:34:04.392] [Node:2] [LOG_REPLICA] [Trace:LOG_2_4][2->1] 发送日志or心跳到 Node:1 开始 args:{4 2 0 0 [{101 2 false 1} {103 3 false 2}] 2 LOG_2_4 2 {0 0 map[] map[]}}
2026/02/07 14:34:04 [Node:0] getLogStartIndex index:2 last snapshot index:0
2026/02/07 14:34:04 [Node:0] getNextIndex len:3 last snapshot index:0
2026/02/07 14:34:04 [Node:2] nextIndex:[3 1 3]
2026/02/07 14:34:04 [Node:2] getLogStartIndex index:2 last snapshot index:0
2026/02/07 14:34:04 [Node:2] getNextIndex len:3 last snapshot index:0
2026/02/07 14:34:04 [14:34:04.392] [Node:0] [LOG_REPLICA] [Trace:LOG_0_3][0->2] 发送日志or心跳到 Node:2 开始 args:{3 0 2 3 [] 2 LOG_0_3 0 {0 0 map[] map[]}}
2026/02/07 14:34:04 [14:34:04.392] [Node:2] [LOG_REPLICA] [Trace:LOG_2_4][2->0] 发送日志or心跳到 Node:0 开始 args:{4 2 2 3 [] 2 LOG_2_4 2 {0 0 map[] map[]}}
2026/02/07 14:34:04 [14:34:04.392] [Node:1] [LOG_REPLICA] [Trace:LOG_2_4][2->1] AppendEntries 收到 term:4 leaderId:2 prevLogIndex:0 prevLogTerm:0 entries:2 leaderCommit:2 isHeartbeat:false currentTerm:4 status:FOLLOWER log:[{101 2 false 1} {103 3 false 2}]
2026/02/07 14:34:04 [Node:1] getNextIndex len:4 last snapshot index:0
2026/02/07 14:34:04 [14:34:04.392] [Node:1] [LOG_REPLICA] [Trace:LOG_2_4][2->1] 打印日志结果:[{<nil> 0 false 0} {101 2 false 1} {101 2 false 1} {103 3 false 2}] 
2026/02/07 14:34:04 [Node:1] getLogStartIndex index:0 last snapshot index:0
2026/02/07 14:34:04 [Node:1] getNextIndex len:4 last snapshot index:0
2026/02/07 14:34:04 [14:34:04.392] [Node:1] [LOG_REPLICA] [Trace:LOG_2_4][2->1] entry.Index:1 rf.getNextIndex():4
2026/02/07 14:34:04 [Node:1] getNextIndex len:4 last snapshot index:0
2026/02/07 14:34:04 [Node:1] getLogStartIndex index:1 last snapshot index:0
2026/02/07 14:34:04 [14:34:04.392] [Node:1] [LOG_REPLICA] [Trace:LOG_2_4][2->1] startIndex:1 rf.log[startIndex].Term:2 entry.Term:2
2026/02/07 14:34:04 [Node:1] getNextIndex len:4 last snapshot index:0
2026/02/07 14:34:04 [14:34:04.392] [Node:1] [LOG_REPLICA] [Trace:LOG_2_4][2->1] entry.Index:2 rf.getNextIndex():4
2026/02/07 14:34:04 [Node:1] getNextIndex len:4 last snapshot index:0
2026/02/07 14:34:04 [Node:1] getLogStartIndex index:2 last snapshot index:0
2026/02/07 14:34:04 [14:34:04.392] [Node:1] [LOG_REPLICA] [Trace:LOG_2_4][2->1] startIndex:2 rf.log[startIndex].Term:2 entry.Term:3
2026/02/07 14:34:04 [14:34:04.393] [Node:1] [LOG_REPLICA] [Trace:LOG_2_4][2->1] args logEntrys:[{101 2 false 1} {103 3 false 2}]
2026/02/07 14:34:04 [14:34:04.393] [Node:1] [LOG_REPLICA] [Trace:LOG_2_4][2->1] 复制日志结果:[{<nil> 0 false 0} {101 2 false 1} {101 2 false 1} {103 3 false 2}] 
2026/02/07 14:34:04 [14:34:04.393] [Node:2] [LOG_REPLICA] [Trace:LOG_2_4][2->1] 心跳返回 from peer:1 term:4 success:true
2026/02/07 14:34:04 [14:34:04.393] [Node:2] [LOG_REPLICA] [Trace:LOG_2_4][2->1] 日志复制返回成功 from peer:1 term:4 agreeCount:2 log [{101 2 false 1} {103 3 false 2}]
2026/02/07 14:34:04 [14:34:04.393] [Node:2] [LOG_REPLICA] [Trace:LOG_2_4][2->1] 日志复制返回成功 但是已经更新过了 from peer:1 term:4 matchIndex:2 log last index:2
2026/02/07 14:34:04 rfats [0xc00010c000 0xc00010c100 0xc00010c200]
2026/02/07 14:34:04 i 0 cmd1 <nil>, ok false
2026/02/07 14:34:04 i 1 cmd1 <nil>, ok false
2026/02/07 14:34:04 i 2 cmd1 <nil>, ok false
2026/02/07 14:34:04 nd 0, cmd1 <nil> cmd 104
2026/02/07 14:34:04 rfats [0xc00010c000 0xc00010c100 0xc00010c200]
2026/02/07 14:34:04 i 0 cmd1 <nil>, ok false
2026/02/07 14:34:04 i 1 cmd1 <nil>, ok false
2026/02/07 14:34:04 i 2 cmd1 <nil>, ok false
2026/02/07 14:34:04 nd 0, cmd1 <nil> cmd 104
2026/02/07 14:34:04 rfats [0xc00010c000 0xc00010c100 0xc00010c200]
2026/02/07 14:34:04 i 0 cmd1 <nil>, ok false
2026/02/07 14:34:04 i 1 cmd1 <nil>, ok false
2026/02/07 14:34:04 i 2 cmd1 <nil>, ok false
2026/02/07 14:34:04 nd 0, cmd1 <nil> cmd 104
2026/02/07 14:34:04 [14:34:04.442] [Node:2] [HEARTBEAT] [Trace:HB_2_4] 开始发送心跳广播 status LEADER term:4 commitIndex:2
2026/02/07 14:34:04 [14:34:04.442] [Node:1] [HEARTBEAT] [Trace:HB_1_4] Follower等心跳 status FOLLOWER term:4 commitIndex:2
2026/02/07 14:34:04 [14:34:04.442] [Node:0] [HEARTBEAT] [Trace:HB_0_3] 开始发送心跳广播 status LEADER term:3 commitIndex:2
2026/02/07 14:34:04 [Node:2] nextIndex:[3 1 3]
2026/02/07 14:34:04 [Node:2] getLogStartIndex index:2 last snapshot index:0
2026/02/07 14:34:04 [Node:0] nextIndex:[2 2 3]
2026/02/07 14:34:04 [Node:2] getNextIndex len:3 last snapshot index:0
2026/02/07 14:34:04 [Node:0] getLogStartIndex index:1 last snapshot index:0
2026/02/07 14:34:04 [Node:0] getNextIndex len:3 last snapshot index:0
2026/02/07 14:34:04 [Node:0] getLogStartIndex index:2 last snapshot index:0
2026/02/07 14:34:04 [14:34:04.442] [Node:2] [LOG_REPLICA] [Trace:LOG_2_4][2->0] 发送日志or心跳到 Node:0 开始 args:{4 2 2 3 [] 2 LOG_2_4 2 {0 0 map[] map[]}}
2026/02/07 14:34:04 [Node:2] nextIndex:[3 1 3]
2026/02/07 14:34:04 [Node:2] getLogStartIndex index:0 last snapshot index:0
2026/02/07 14:34:04 [Node:0] nextIndex:[2 2 3]
2026/02/07 14:34:04 [Node:0] getLogStartIndex index:2 last snapshot index:0
2026/02/07 14:34:04 [14:34:04.442] [Node:0] [LOG_REPLICA] [Trace:LOG_0_3][0->1] 发送日志or心跳到 Node:1 开始 args:{3 0 1 2 [{103 3 false 2}] 2 LOG_0_3 0 {0 0 map[] map[]}}
2026/02/07 14:34:04 [Node:0] getNextIndex len:3 last snapshot index:0
2026/02/07 14:34:04 [Node:2] getNextIndex len:3 last snapshot index:0
2026/02/07 14:34:04 [14:34:04.442] [Node:0] [LOG_REPLICA] [Trace:LOG_0_3][0->2] 发送日志or心跳到 Node:2 开始 args:{3 0 2 3 [] 2 LOG_0_3 0 {0 0 map[] map[]}}
2026/02/07 14:34:04 [Node:2] getLogStartIndex index:1 last snapshot index:0
2026/02/07 14:34:04 [14:34:04.442] [Node:2] [LOG_REPLICA] [Trace:LOG_2_4][2->1] 发送日志or心跳到 Node:1 开始 args:{4 2 0 0 [{101 2 false 1} {103 3 false 2}] 2 LOG_2_4 2 {0 0 map[] map[]}}
2026/02/07 14:34:04 [14:34:04.442] [Node:1] [LOG_REPLICA] [Trace:LOG_2_4][2->1] AppendEntries 收到 term:4 leaderId:2 prevLogIndex:0 prevLogTerm:0 entries:2 leaderCommit:2 isHeartbeat:false currentTerm:4 status:FOLLOWER log:[{101 2 false 1} {103 3 false 2}]
2026/02/07 14:34:04 [Node:1] getNextIndex len:4 last snapshot index:0
2026/02/07 14:34:04 [14:34:04.442] [Node:1] [LOG_REPLICA] [Trace:LOG_2_4][2->1] 打印日志结果:[{<nil> 0 false 0} {101 2 false 1} {101 2 false 1} {103 3 false 2}] 
2026/02/07 14:34:04 [Node:1] getLogStartIndex index:0 last snapshot index:0
2026/02/07 14:34:04 [Node:1] getNextIndex len:4 last snapshot index:0
2026/02/07 14:34:04 [14:34:04.443] [Node:1] [LOG_REPLICA] [Trace:LOG_2_4][2->1] entry.Index:1 rf.getNextIndex():4
2026/02/07 14:34:04 [Node:1] getNextIndex len:4 last snapshot index:0
2026/02/07 14:34:04 [Node:1] getLogStartIndex index:1 last snapshot index:0
2026/02/07 14:34:04 [14:34:04.443] [Node:1] [LOG_REPLICA] [Trace:LOG_2_4][2->1] startIndex:1 rf.log[startIndex].Term:2 entry.Term:2
2026/02/07 14:34:04 [Node:1] getNextIndex len:4 last snapshot index:0
2026/02/07 14:34:04 [14:34:04.443] [Node:1] [LOG_REPLICA] [Trace:LOG_2_4][2->1] entry.Index:2 rf.getNextIndex():4
2026/02/07 14:34:04 [Node:1] getNextIndex len:4 last snapshot index:0
2026/02/07 14:34:04 [Node:1] getLogStartIndex index:2 last snapshot index:0
2026/02/07 14:34:04 [14:34:04.443] [Node:1] [LOG_REPLICA] [Trace:LOG_2_4][2->1] startIndex:2 rf.log[startIndex].Term:2 entry.Term:3
2026/02/07 14:34:04 [14:34:04.443] [Node:1] [LOG_REPLICA] [Trace:LOG_2_4][2->1] args logEntrys:[{101 2 false 1} {103 3 false 2}]
2026/02/07 14:34:04 [14:34:04.443] [Node:1] [LOG_REPLICA] [Trace:LOG_2_4][2->1] 复制日志结果:[{<nil> 0 false 0} {101 2 false 1} {101 2 false 1} {103 3 false 2}] 
2026/02/07 14:34:04 [14:34:04.443] [Node:2] [LOG_REPLICA] [Trace:LOG_2_4][2->1] 心跳返回 from peer:1 term:4 success:true
2026/02/07 14:34:04 [14:34:04.443] [Node:2] [LOG_REPLICA] [Trace:LOG_2_4][2->1] 日志复制返回成功 from peer:1 term:4 agreeCount:2 log [{101 2 false 1} {103 3 false 2}]
2026/02/07 14:34:04 [14:34:04.443] [Node:2] [LOG_REPLICA] [Trace:LOG_2_4][2->1] 日志复制返回成功 但是已经更新过了 from peer:1 term:4 matchIndex:2 log last index:2
2026/02/07 14:34:04 rfats [0xc00010c000 0xc00010c100 0xc00010c200]
2026/02/07 14:34:04 i 0 cmd1 <nil>, ok false
2026/02/07 14:34:04 i 1 cmd1 <nil>, ok false
2026/02/07 14:34:04 i 2 cmd1 <nil>, ok false
2026/02/07 14:34:04 nd 0, cmd1 <nil> cmd 104
2026/02/07 14:34:04 rfats [0xc00010c000 0xc00010c100 0xc00010c200]
2026/02/07 14:34:04 i 0 cmd1 <nil>, ok false
2026/02/07 14:34:04 i 1 cmd1 <nil>, ok false
2026/02/07 14:34:04 i 2 cmd1 <nil>, ok false
2026/02/07 14:34:04 nd 0, cmd1 <nil> cmd 104
2026/02/07 14:34:04 [14:34:04.492] [Node:1] [HEARTBEAT] [Trace:HB_1_4] Follower等心跳 status FOLLOWER term:4 commitIndex:2
2026/02/07 14:34:04 [14:34:04.492] [Node:0] [HEARTBEAT] [Trace:HB_0_3] 开始发送心跳广播 status LEADER term:3 commitIndex:2
2026/02/07 14:34:04 [14:34:04.492] [Node:2] [HEARTBEAT] [Trace:HB_2_4] 开始发送心跳广播 status LEADER term:4 commitIndex:2
2026/02/07 14:34:04 [Node:0] nextIndex:[2 2 3]
2026/02/07 14:34:04 [Node:0] getLogStartIndex index:1 last snapshot index:0
2026/02/07 14:34:04 [Node:0] getNextIndex len:3 last snapshot index:0
2026/02/07 14:34:04 [Node:2] nextIndex:[3 1 3]
2026/02/07 14:34:04 [Node:2] getLogStartIndex index:0 last snapshot index:0
2026/02/07 14:34:04 [Node:2] getNextIndex len:3 last snapshot index:0
2026/02/07 14:34:04 [Node:0] getLogStartIndex index:2 last snapshot index:0
2026/02/07 14:34:04 [Node:2] getLogStartIndex index:1 last snapshot index:0
2026/02/07 14:34:04 [14:34:04.492] [Node:0] [LOG_REPLICA] [Trace:LOG_0_3][0->1] 发送日志or心跳到 Node:1 开始 args:{3 0 1 2 [{103 3 false 2}] 2 LOG_0_3 0 {0 0 map[] map[]}}
2026/02/07 14:34:04 [Node:0] nextIndex:[2 2 3]
2026/02/07 14:34:04 [14:34:04.492] [Node:2] [LOG_REPLICA] [Trace:LOG_2_4][2->1] 发送日志or心跳到 Node:1 开始 args:{4 2 0 0 [{101 2 false 1} {103 3 false 2}] 2 LOG_2_4 2 {0 0 map[] map[]}}
2026/02/07 14:34:04 [Node:2] nextIndex:[3 1 3]
2026/02/07 14:34:04 [Node:2] getLogStartIndex index:2 last snapshot index:0
2026/02/07 14:34:04 [Node:2] getNextIndex len:3 last snapshot index:0
2026/02/07 14:34:04 [Node:0] getLogStartIndex index:2 last snapshot index:0
2026/02/07 14:34:04 [14:34:04.492] [Node:2] [LOG_REPLICA] [Trace:LOG_2_4][2->0] 发送日志or心跳到 Node:0 开始 args:{4 2 2 3 [] 2 LOG_2_4 2 {0 0 map[] map[]}}
2026/02/07 14:34:04 [Node:0] getNextIndex len:3 last snapshot index:0
2026/02/07 14:34:04 [14:34:04.492] [Node:0] [LOG_REPLICA] [Trace:LOG_0_3][0->2] 发送日志or心跳到 Node:2 开始 args:{3 0 2 3 [] 2 LOG_0_3 0 {0 0 map[] map[]}}
2026/02/07 14:34:04 [14:34:04.492] [Node:1] [LOG_REPLICA] [Trace:LOG_2_4][2->1] AppendEntries 收到 term:4 leaderId:2 prevLogIndex:0 prevLogTerm:0 entries:2 leaderCommit:2 isHeartbeat:false currentTerm:4 status:FOLLOWER log:[{101 2 false 1} {103 3 false 2}]
2026/02/07 14:34:04 [Node:1] getNextIndex len:4 last snapshot index:0
2026/02/07 14:34:04 [14:34:04.493] [Node:1] [LOG_REPLICA] [Trace:LOG_2_4][2->1] 打印日志结果:[{<nil> 0 false 0} {101 2 false 1} {101 2 false 1} {103 3 false 2}] 
2026/02/07 14:34:04 [Node:1] getLogStartIndex index:0 last snapshot index:0
2026/02/07 14:34:04 [Node:1] getNextIndex len:4 last snapshot index:0
2026/02/07 14:34:04 [14:34:04.493] [Node:1] [LOG_REPLICA] [Trace:LOG_2_4][2->1] entry.Index:1 rf.getNextIndex():4
2026/02/07 14:34:04 [Node:1] getNextIndex len:4 last snapshot index:0
2026/02/07 14:34:04 [Node:1] getLogStartIndex index:1 last snapshot index:0
2026/02/07 14:34:04 [14:34:04.493] [Node:1] [LOG_REPLICA] [Trace:LOG_2_4][2->1] startIndex:1 rf.log[startIndex].Term:2 entry.Term:2
2026/02/07 14:34:04 [Node:1] getNextIndex len:4 last snapshot index:0
2026/02/07 14:34:04 [14:34:04.493] [Node:1] [LOG_REPLICA] [Trace:LOG_2_4][2->1] entry.Index:2 rf.getNextIndex():4
2026/02/07 14:34:04 [Node:1] getNextIndex len:4 last snapshot index:0
2026/02/07 14:34:04 [Node:1] getLogStartIndex index:2 last snapshot index:0
2026/02/07 14:34:04 [14:34:04.493] [Node:1] [LOG_REPLICA] [Trace:LOG_2_4][2->1] startIndex:2 rf.log[startIndex].Term:2 entry.Term:3
2026/02/07 14:34:04 [14:34:04.493] [Node:1] [LOG_REPLICA] [Trace:LOG_2_4][2->1] args logEntrys:[{101 2 false 1} {103 3 false 2}]
2026/02/07 14:34:04 [14:34:04.493] [Node:1] [LOG_REPLICA] [Trace:LOG_2_4][2->1] 复制日志结果:[{<nil> 0 false 0} {101 2 false 1} {101 2 false 1} {103 3 false 2}] 
2026/02/07 14:34:04 [14:34:04.493] [Node:2] [LOG_REPLICA] [Trace:LOG_2_4][2->1] 心跳返回 from peer:1 term:4 success:true
2026/02/07 14:34:04 [14:34:04.493] [Node:2] [LOG_REPLICA] [Trace:LOG_2_4][2->1] 日志复制返回成功 from peer:1 term:4 agreeCount:2 log [{101 2 false 1} {103 3 false 2}]
2026/02/07 14:34:04 [14:34:04.493] [Node:2] [LOG_REPLICA] [Trace:LOG_2_4][2->1] 日志复制返回成功 但是已经更新过了 from peer:1 term:4 matchIndex:2 log last index:2
2026/02/07 14:34:04 rfats [0xc00010c000 0xc00010c100 0xc00010c200]
2026/02/07 14:34:04 i 0 cmd1 <nil>, ok false
2026/02/07 14:34:04 i 1 cmd1 <nil>, ok false
2026/02/07 14:34:04 i 2 cmd1 <nil>, ok false
2026/02/07 14:34:04 nd 0, cmd1 <nil> cmd 104
2026/02/07 14:34:04 rfats [0xc00010c000 0xc00010c100 0xc00010c200]
2026/02/07 14:34:04 i 0 cmd1 <nil>, ok false
2026/02/07 14:34:04 i 1 cmd1 <nil>, ok false
2026/02/07 14:34:04 i 2 cmd1 <nil>, ok false
2026/02/07 14:34:04 nd 0, cmd1 <nil> cmd 104
2026/02/07 14:34:04 rfats [0xc00010c000 0xc00010c100 0xc00010c200]
2026/02/07 14:34:04 i 0 cmd1 <nil>, ok false
2026/02/07 14:34:04 i 1 cmd1 <nil>, ok false
2026/02/07 14:34:04 i 2 cmd1 <nil>, ok false
2026/02/07 14:34:04 nd 0, cmd1 <nil> cmd 104
2026/02/07 14:34:04 [14:34:04.542] [Node:2] [HEARTBEAT] [Trace:HB_2_4] 开始发送心跳广播 status LEADER term:4 commitIndex:2
2026/02/07 14:34:04 [14:34:04.542] [Node:0] [HEARTBEAT] [Trace:HB_0_3] 开始发送心跳广播 status LEADER term:3 commitIndex:2
2026/02/07 14:34:04 [14:34:04.542] [Node:1] [HEARTBEAT] [Trace:HB_1_4] Follower等心跳 status FOLLOWER term:4 commitIndex:2
2026/02/07 14:34:04 [Node:2] nextIndex:[3 1 3]
2026/02/07 14:34:04 [Node:0] nextIndex:[2 2 3]
2026/02/07 14:34:04 [Node:2] getLogStartIndex index:0 last snapshot index:0
2026/02/07 14:34:04 [Node:0] getLogStartIndex index:2 last snapshot index:0
2026/02/07 14:34:04 [Node:2] getNextIndex len:3 last snapshot index:0
2026/02/07 14:34:04 [Node:0] getNextIndex len:3 last snapshot index:0
2026/02/07 14:34:04 [Node:2] getLogStartIndex index:1 last snapshot index:0
2026/02/07 14:34:04 [14:34:04.542] [Node:0] [LOG_REPLICA] [Trace:LOG_0_3][0->2] 发送日志or心跳到 Node:2 开始 args:{3 0 2 3 [] 2 LOG_0_3 0 {0 0 map[] map[]}}
2026/02/07 14:34:04 [14:34:04.542] [Node:2] [LOG_REPLICA] [Trace:LOG_2_4][2->1] 发送日志or心跳到 Node:1 开始 args:{4 2 0 0 [{101 2 false 1} {103 3 false 2}] 2 LOG_2_4 2 {0 0 map[] map[]}}
2026/02/07 14:34:04 [Node:2] nextIndex:[3 1 3]
2026/02/07 14:34:04 [Node:0] nextIndex:[2 2 3]
2026/02/07 14:34:04 [Node:0] getLogStartIndex index:1 last snapshot index:0
2026/02/07 14:34:04 [Node:2] getLogStartIndex index:2 last snapshot index:0
2026/02/07 14:34:04 [Node:0] getNextIndex len:3 last snapshot index:0
2026/02/07 14:34:04 [Node:0] getLogStartIndex index:2 last snapshot index:0
2026/02/07 14:34:04 [Node:2] getNextIndex len:3 last snapshot index:0
2026/02/07 14:34:04 [14:34:04.543] [Node:2] [LOG_REPLICA] [Trace:LOG_2_4][2->0] 发送日志or心跳到 Node:0 开始 args:{4 2 2 3 [] 2 LOG_2_4 2 {0 0 map[] map[]}}
2026/02/07 14:34:04 [14:34:04.543] [Node:0] [LOG_REPLICA] [Trace:LOG_0_3][0->1] 发送日志or心跳到 Node:1 开始 args:{3 0 1 2 [{103 3 false 2}] 2 LOG_0_3 0 {0 0 map[] map[]}}
2026/02/07 14:34:04 [14:34:04.543] [Node:1] [LOG_REPLICA] [Trace:LOG_2_4][2->1] AppendEntries 收到 term:4 leaderId:2 prevLogIndex:0 prevLogTerm:0 entries:2 leaderCommit:2 isHeartbeat:false currentTerm:4 status:FOLLOWER log:[{101 2 false 1} {103 3 false 2}]
2026/02/07 14:34:04 [Node:1] getNextIndex len:4 last snapshot index:0
2026/02/07 14:34:04 [14:34:04.543] [Node:1] [LOG_REPLICA] [Trace:LOG_2_4][2->1] 打印日志结果:[{<nil> 0 false 0} {101 2 false 1} {101 2 false 1} {103 3 false 2}] 
2026/02/07 14:34:04 [Node:1] getLogStartIndex index:0 last snapshot index:0
2026/02/07 14:34:04 [Node:1] getNextIndex len:4 last snapshot index:0
2026/02/07 14:34:04 [14:34:04.543] [Node:1] [LOG_REPLICA] [Trace:LOG_2_4][2->1] entry.Index:1 rf.getNextIndex():4
2026/02/07 14:34:04 [Node:1] getNextIndex len:4 last snapshot index:0
2026/02/07 14:34:04 [Node:1] getLogStartIndex index:1 last snapshot index:0
2026/02/07 14:34:04 [14:34:04.543] [Node:1] [LOG_REPLICA] [Trace:LOG_2_4][2->1] startIndex:1 rf.log[startIndex].Term:2 entry.Term:2
2026/02/07 14:34:04 [Node:1] getNextIndex len:4 last snapshot index:0
2026/02/07 14:34:04 [14:34:04.543] [Node:1] [LOG_REPLICA] [Trace:LOG_2_4][2->1] entry.Index:2 rf.getNextIndex():4
2026/02/07 14:34:04 [Node:1] getNextIndex len:4 last snapshot index:0
2026/02/07 14:34:04 [Node:1] getLogStartIndex index:2 last snapshot index:0
2026/02/07 14:34:04 [14:34:04.543] [Node:1] [LOG_REPLICA] [Trace:LOG_2_4][2->1] startIndex:2 rf.log[startIndex].Term:2 entry.Term:3
2026/02/07 14:34:04 [14:34:04.543] [Node:1] [LOG_REPLICA] [Trace:LOG_2_4][2->1] args logEntrys:[{101 2 false 1} {103 3 false 2}]
2026/02/07 14:34:04 [14:34:04.543] [Node:1] [LOG_REPLICA] [Trace:LOG_2_4][2->1] 复制日志结果:[{<nil> 0 false 0} {101 2 false 1} {101 2 false 1} {103 3 false 2}] 
2026/02/07 14:34:04 [14:34:04.544] [Node:2] [LOG_REPLICA] [Trace:LOG_2_4][2->1] 心跳返回 from peer:1 term:4 success:true
2026/02/07 14:34:04 [14:34:04.544] [Node:2] [LOG_REPLICA] [Trace:LOG_2_4][2->1] 日志复制返回成功 from peer:1 term:4 agreeCount:2 log [{101 2 false 1} {103 3 false 2}]
2026/02/07 14:34:04 [14:34:04.544] [Node:2] [LOG_REPLICA] [Trace:LOG_2_4][2->1] 日志复制返回成功 但是已经更新过了 from peer:1 term:4 matchIndex:2 log last index:2
2026/02/07 14:34:04 rfats [0xc00010c000 0xc00010c100 0xc00010c200]
2026/02/07 14:34:04 i 0 cmd1 <nil>, ok false
2026/02/07 14:34:04 i 1 cmd1 <nil>, ok false
2026/02/07 14:34:04 i 2 cmd1 <nil>, ok false
2026/02/07 14:34:04 nd 0, cmd1 <nil> cmd 104
2026/02/07 14:34:04 rfats [0xc00010c000 0xc00010c100 0xc00010c200]
2026/02/07 14:34:04 i 0 cmd1 <nil>, ok false
2026/02/07 14:34:04 i 1 cmd1 <nil>, ok false
2026/02/07 14:34:04 i 2 cmd1 <nil>, ok false
2026/02/07 14:34:04 nd 0, cmd1 <nil> cmd 104
2026/02/07 14:34:04 [14:34:04.593] [Node:2] [HEARTBEAT] [Trace:HB_2_4] 开始发送心跳广播 status LEADER term:4 commitIndex:2
2026/02/07 14:34:04 [14:34:04.593] [Node:1] [HEARTBEAT] [Trace:HB_1_4] Follower等心跳 status FOLLOWER term:4 commitIndex:2
2026/02/07 14:34:04 [14:34:04.593] [Node:0] [HEARTBEAT] [Trace:HB_0_3] 开始发送心跳广播 status LEADER term:3 commitIndex:2
2026/02/07 14:34:04 [Node:2] nextIndex:[3 1 3]
2026/02/07 14:34:04 [Node:2] getLogStartIndex index:0 last snapshot index:0
2026/02/07 14:34:04 [Node:0] nextIndex:[2 2 3]
2026/02/07 14:34:04 [Node:2] getNextIndex len:3 last snapshot index:0
2026/02/07 14:34:04 [Node:0] getLogStartIndex index:2 last snapshot index:0
2026/02/07 14:34:04 [Node:2] getLogStartIndex index:1 last snapshot index:0
2026/02/07 14:34:04 [Node:0] getNextIndex len:3 last snapshot index:0
2026/02/07 14:34:04 [Node:2] nextIndex:[3 1 3]
2026/02/07 14:34:04 [14:34:04.593] [Node:2] [LOG_REPLICA] [Trace:LOG_2_4][2->1] 发送日志or心跳到 Node:1 开始 args:{4 2 0 0 [{101 2 false 1} {103 3 false 2}] 2 LOG_2_4 2 {0 0 map[] map[]}}
2026/02/07 14:34:04 [Node:2] getLogStartIndex index:2 last snapshot index:0
2026/02/07 14:34:04 [14:34:04.593] [Node:0] [LOG_REPLICA] [Trace:LOG_0_3][0->2] 发送日志or心跳到 Node:2 开始 args:{3 0 2 3 [] 2 LOG_0_3 0 {0 0 map[] map[]}}
2026/02/07 14:34:04 [Node:0] nextIndex:[2 2 3]
2026/02/07 14:34:04 [Node:0] getLogStartIndex index:1 last snapshot index:0
2026/02/07 14:34:04 [Node:2] getNextIndex len:3 last snapshot index:0
2026/02/07 14:34:04 [Node:0] getNextIndex len:3 last snapshot index:0
2026/02/07 14:34:04 [14:34:04.593] [Node:2] [LOG_REPLICA] [Trace:LOG_2_4][2->0] 发送日志or心跳到 Node:0 开始 args:{4 2 2 3 [] 2 LOG_2_4 2 {0 0 map[] map[]}}
2026/02/07 14:34:04 [Node:0] getLogStartIndex index:2 last snapshot index:0
2026/02/07 14:34:04 [14:34:04.593] [Node:0] [LOG_REPLICA] [Trace:LOG_0_3][0->1] 发送日志or心跳到 Node:1 开始 args:{3 0 1 2 [{103 3 false 2}] 2 LOG_0_3 0 {0 0 map[] map[]}}
2026/02/07 14:34:04 [14:34:04.593] [Node:1] [LOG_REPLICA] [Trace:LOG_2_4][2->1] AppendEntries 收到 term:4 leaderId:2 prevLogIndex:0 prevLogTerm:0 entries:2 leaderCommit:2 isHeartbeat:false currentTerm:4 status:FOLLOWER log:[{101 2 false 1} {103 3 false 2}]
2026/02/07 14:34:04 [Node:1] getNextIndex len:4 last snapshot index:0
2026/02/07 14:34:04 [14:34:04.593] [Node:1] [LOG_REPLICA] [Trace:LOG_2_4][2->1] 打印日志结果:[{<nil> 0 false 0} {101 2 false 1} {101 2 false 1} {103 3 false 2}] 
2026/02/07 14:34:04 [Node:1] getLogStartIndex index:0 last snapshot index:0
2026/02/07 14:34:04 [Node:1] getNextIndex len:4 last snapshot index:0
2026/02/07 14:34:04 [14:34:04.594] [Node:1] [LOG_REPLICA] [Trace:LOG_2_4][2->1] entry.Index:1 rf.getNextIndex():4
2026/02/07 14:34:04 [Node:1] getNextIndex len:4 last snapshot index:0
2026/02/07 14:34:04 [Node:1] getLogStartIndex index:1 last snapshot index:0
2026/02/07 14:34:04 [14:34:04.594] [Node:1] [LOG_REPLICA] [Trace:LOG_2_4][2->1] startIndex:1 rf.log[startIndex].Term:2 entry.Term:2
2026/02/07 14:34:04 [Node:1] getNextIndex len:4 last snapshot index:0
2026/02/07 14:34:04 [14:34:04.594] [Node:1] [LOG_REPLICA] [Trace:LOG_2_4][2->1] entry.Index:2 rf.getNextIndex():4
2026/02/07 14:34:04 [Node:1] getNextIndex len:4 last snapshot index:0
2026/02/07 14:34:04 [Node:1] getLogStartIndex index:2 last snapshot index:0
2026/02/07 14:34:04 [14:34:04.594] [Node:1] [LOG_REPLICA] [Trace:LOG_2_4][2->1] startIndex:2 rf.log[startIndex].Term:2 entry.Term:3
2026/02/07 14:34:04 [14:34:04.594] [Node:1] [LOG_REPLICA] [Trace:LOG_2_4][2->1] args logEntrys:[{101 2 false 1} {103 3 false 2}]
2026/02/07 14:34:04 [14:34:04.594] [Node:1] [LOG_REPLICA] [Trace:LOG_2_4][2->1] 复制日志结果:[{<nil> 0 false 0} {101 2 false 1} {101 2 false 1} {103 3 false 2}] 
2026/02/07 14:34:04 [14:34:04.594] [Node:2] [LOG_REPLICA] [Trace:LOG_2_4][2->1] 心跳返回 from peer:1 term:4 success:true
2026/02/07 14:34:04 [14:34:04.594] [Node:2] [LOG_REPLICA] [Trace:LOG_2_4][2->1] 日志复制返回成功 from peer:1 term:4 agreeCount:2 log [{101 2 false 1} {103 3 false 2}]
2026/02/07 14:34:04 [14:34:04.594] [Node:2] [LOG_REPLICA] [Trace:LOG_2_4][2->1] 日志复制返回成功 但是已经更新过了 from peer:1 term:4 matchIndex:2 log last index:2
2026/02/07 14:34:04 rfats [0xc00010c000 0xc00010c100 0xc00010c200]
2026/02/07 14:34:04 i 0 cmd1 <nil>, ok false
2026/02/07 14:34:04 i 1 cmd1 <nil>, ok false
2026/02/07 14:34:04 i 2 cmd1 <nil>, ok false
2026/02/07 14:34:04 nd 0, cmd1 <nil> cmd 104
2026/02/07 14:34:04 rfats [0xc00010c000 0xc00010c100 0xc00010c200]
2026/02/07 14:34:04 i 0 cmd1 <nil>, ok false
2026/02/07 14:34:04 i 1 cmd1 <nil>, ok false
2026/02/07 14:34:04 i 2 cmd1 <nil>, ok false
2026/02/07 14:34:04 nd 0, cmd1 <nil> cmd 104
2026/02/07 14:34:04 [14:34:04.643] [Node:1] [HEARTBEAT] [Trace:HB_1_4] Follower等心跳 status FOLLOWER term:4 commitIndex:2
2026/02/07 14:34:04 [14:34:04.643] [Node:0] [HEARTBEAT] [Trace:HB_0_3] 开始发送心跳广播 status LEADER term:3 commitIndex:2
2026/02/07 14:34:04 [14:34:04.643] [Node:2] [HEARTBEAT] [Trace:HB_2_4] 开始发送心跳广播 status LEADER term:4 commitIndex:2
2026/02/07 14:34:04 rfats [0xc00010c000 0xc00010c100 0xc00010c200]
2026/02/07 14:34:04 [Node:0] nextIndex:[2 2 3]
2026/02/07 14:34:04 [Node:2] nextIndex:[3 1 3]
2026/02/07 14:34:04 [Node:2] getLogStartIndex index:0 last snapshot index:0
2026/02/07 14:34:04 i 0 cmd1 <nil>, ok false
2026/02/07 14:34:04 [Node:2] getNextIndex len:3 last snapshot index:0
2026/02/07 14:34:04 [Node:0] getLogStartIndex index:2 last snapshot index:0
2026/02/07 14:34:04 [Node:0] getNextIndex len:3 last snapshot index:0
2026/02/07 14:34:04 i 1 cmd1 <nil>, ok false
2026/02/07 14:34:04 [14:34:04.643] [Node:0] [LOG_REPLICA] [Trace:LOG_0_3][0->2] 发送日志or心跳到 Node:2 开始 args:{3 0 2 3 [] 2 LOG_0_3 0 {0 0 map[] map[]}}
2026/02/07 14:34:04 [Node:0] nextIndex:[2 2 3]
2026/02/07 14:34:04 i 2 cmd1 <nil>, ok false
2026/02/07 14:34:04 [Node:0] getLogStartIndex index:1 last snapshot index:0
2026/02/07 14:34:04 nd 0, cmd1 <nil> cmd 104
2026/02/07 14:34:04 [Node:0] getNextIndex len:3 last snapshot index:0
2026/02/07 14:34:04 [Node:2] getLogStartIndex index:1 last snapshot index:0
2026/02/07 14:34:04 [Node:0] getLogStartIndex index:2 last snapshot index:0
2026/02/07 14:34:04 [14:34:04.643] [Node:2] [LOG_REPLICA] [Trace:LOG_2_4][2->1] 发送日志or心跳到 Node:1 开始 args:{4 2 0 0 [{101 2 false 1} {103 3 false 2}] 2 LOG_2_4 2 {0 0 map[] map[]}}
2026/02/07 14:34:04 [14:34:04.644] [Node:0] [LOG_REPLICA] [Trace:LOG_0_3][0->1] 发送日志or心跳到 Node:1 开始 args:{3 0 1 2 [{103 3 false 2}] 2 LOG_0_3 0 {0 0 map[] map[]}}
2026/02/07 14:34:04 [Node:2] nextIndex:[3 1 3]
2026/02/07 14:34:04 [Node:2] getLogStartIndex index:2 last snapshot index:0
2026/02/07 14:34:04 [Node:2] getNextIndex len:3 last snapshot index:0
2026/02/07 14:34:04 [14:34:04.644] [Node:2] [LOG_REPLICA] [Trace:LOG_2_4][2->0] 发送日志or心跳到 Node:0 开始 args:{4 2 2 3 [] 2 LOG_2_4 2 {0 0 map[] map[]}}
2026/02/07 14:34:04 [14:34:04.644] [Node:1] [LOG_REPLICA] [Trace:LOG_2_4][2->1] AppendEntries 收到 term:4 leaderId:2 prevLogIndex:0 prevLogTerm:0 entries:2 leaderCommit:2 isHeartbeat:false currentTerm:4 status:FOLLOWER log:[{101 2 false 1} {103 3 false 2}]
2026/02/07 14:34:04 [Node:1] getNextIndex len:4 last snapshot index:0
2026/02/07 14:34:04 [14:34:04.644] [Node:1] [LOG_REPLICA] [Trace:LOG_2_4][2->1] 打印日志结果:[{<nil> 0 false 0} {101 2 false 1} {101 2 false 1} {103 3 false 2}] 
2026/02/07 14:34:04 [Node:1] getLogStartIndex index:0 last snapshot index:0
2026/02/07 14:34:04 [Node:1] getNextIndex len:4 last snapshot index:0
2026/02/07 14:34:04 [14:34:04.644] [Node:1] [LOG_REPLICA] [Trace:LOG_2_4][2->1] entry.Index:1 rf.getNextIndex():4
2026/02/07 14:34:04 [Node:1] getNextIndex len:4 last snapshot index:0
2026/02/07 14:34:04 [Node:1] getLogStartIndex index:1 last snapshot index:0
2026/02/07 14:34:04 [14:34:04.644] [Node:1] [LOG_REPLICA] [Trace:LOG_2_4][2->1] startIndex:1 rf.log[startIndex].Term:2 entry.Term:2
2026/02/07 14:34:04 [Node:1] getNextIndex len:4 last snapshot index:0
2026/02/07 14:34:04 [14:34:04.644] [Node:1] [LOG_REPLICA] [Trace:LOG_2_4][2->1] entry.Index:2 rf.getNextIndex():4
2026/02/07 14:34:04 [Node:1] getNextIndex len:4 last snapshot index:0
2026/02/07 14:34:04 [Node:1] getLogStartIndex index:2 last snapshot index:0
2026/02/07 14:34:04 [14:34:04.644] [Node:1] [LOG_REPLICA] [Trace:LOG_2_4][2->1] startIndex:2 rf.log[startIndex].Term:2 entry.Term:3
2026/02/07 14:34:04 [14:34:04.644] [Node:1] [LOG_REPLICA] [Trace:LOG_2_4][2->1] args logEntrys:[{101 2 false 1} {103 3 false 2}]
2026/02/07 14:34:04 [14:34:04.645] [Node:1] [LOG_REPLICA] [Trace:LOG_2_4][2->1] 复制日志结果:[{<nil> 0 false 0} {101 2 false 1} {101 2 false 1} {103 3 false 2}] 
2026/02/07 14:34:04 [14:34:04.645] [Node:2] [LOG_REPLICA] [Trace:LOG_2_4][2->1] 心跳返回 from peer:1 term:4 success:true
2026/02/07 14:34:04 [14:34:04.645] [Node:2] [LOG_REPLICA] [Trace:LOG_2_4][2->1] 日志复制返回成功 from peer:1 term:4 agreeCount:2 log [{101 2 false 1} {103 3 false 2}]
2026/02/07 14:34:04 [14:34:04.645] [Node:2] [LOG_REPLICA] [Trace:LOG_2_4][2->1] 日志复制返回成功 但是已经更新过了 from peer:1 term:4 matchIndex:2 log last index:2
2026/02/07 14:34:04 rfats [0xc00010c000 0xc00010c100 0xc00010c200]
2026/02/07 14:34:04 i 0 cmd1 <nil>, ok false
2026/02/07 14:34:04 i 1 cmd1 <nil>, ok false
2026/02/07 14:34:04 i 2 cmd1 <nil>, ok false
2026/02/07 14:34:04 nd 0, cmd1 <nil> cmd 104
2026/02/07 14:34:04 rfats [0xc00010c000 0xc00010c100 0xc00010c200]
2026/02/07 14:34:04 i 0 cmd1 <nil>, ok false
2026/02/07 14:34:04 i 1 cmd1 <nil>, ok false
2026/02/07 14:34:04 i 2 cmd1 <nil>, ok false
2026/02/07 14:34:04 nd 0, cmd1 <nil> cmd 104
2026/02/07 14:34:04 [14:34:04.694] [Node:0] [HEARTBEAT] [Trace:HB_0_3] 开始发送心跳广播 status LEADER term:3 commitIndex:2
2026/02/07 14:34:04 [14:34:04.694] [Node:2] [HEARTBEAT] [Trace:HB_2_4] 开始发送心跳广播 status LEADER term:4 commitIndex:2
2026/02/07 14:34:04 [14:34:04.694] [Node:1] [HEARTBEAT] [Trace:HB_1_4] Follower等心跳 status FOLLOWER term:4 commitIndex:2
2026/02/07 14:34:04 [Node:0] nextIndex:[2 2 3]
2026/02/07 14:34:04 [Node:2] nextIndex:[3 1 3]
2026/02/07 14:34:04 [Node:0] getLogStartIndex index:1 last snapshot index:0
2026/02/07 14:34:04 [Node:0] getNextIndex len:3 last snapshot index:0
2026/02/07 14:34:04 [Node:0] getLogStartIndex index:2 last snapshot index:0
2026/02/07 14:34:04 [Node:2] getLogStartIndex index:2 last snapshot index:0
2026/02/07 14:34:04 [14:34:04.694] [Node:0] [LOG_REPLICA] [Trace:LOG_0_3][0->1] 发送日志or心跳到 Node:1 开始 args:{3 0 1 2 [{103 3 false 2}] 2 LOG_0_3 0 {0 0 map[] map[]}}
2026/02/07 14:34:04 [Node:2] getNextIndex len:3 last snapshot index:0
2026/02/07 14:34:04 [Node:0] nextIndex:[2 2 3]
2026/02/07 14:34:04 [Node:2] nextIndex:[3 1 3]
2026/02/07 14:34:04 [Node:0] getLogStartIndex index:2 last snapshot index:0
2026/02/07 14:34:04 [14:34:04.695] [Node:2] [LOG_REPLICA] [Trace:LOG_2_4][2->0] 发送日志or心跳到 Node:0 开始 args:{4 2 2 3 [] 2 LOG_2_4 2 {0 0 map[] map[]}}
2026/02/07 14:34:04 [Node:0] getNextIndex len:3 last snapshot index:0
2026/02/07 14:34:04 [14:34:04.695] [Node:0] [LOG_REPLICA] [Trace:LOG_0_3][0->2] 发送日志or心跳到 Node:2 开始 args:{3 0 2 3 [] 2 LOG_0_3 0 {0 0 map[] map[]}}
2026/02/07 14:34:04 [Node:2] getLogStartIndex index:0 last snapshot index:0
2026/02/07 14:34:04 [Node:2] getNextIndex len:3 last snapshot index:0
2026/02/07 14:34:04 [Node:2] getLogStartIndex index:1 last snapshot index:0
2026/02/07 14:34:04 [14:34:04.695] [Node:2] [LOG_REPLICA] [Trace:LOG_2_4][2->1] 发送日志or心跳到 Node:1 开始 args:{4 2 0 0 [{101 2 false 1} {103 3 false 2}] 2 LOG_2_4 2 {0 0 map[] map[]}}
2026/02/07 14:34:04 [14:34:04.695] [Node:1] [LOG_REPLICA] [Trace:LOG_2_4][2->1] AppendEntries 收到 term:4 leaderId:2 prevLogIndex:0 prevLogTerm:0 entries:2 leaderCommit:2 isHeartbeat:false currentTerm:4 status:FOLLOWER log:[{101 2 false 1} {103 3 false 2}]
2026/02/07 14:34:04 [Node:1] getNextIndex len:4 last snapshot index:0
2026/02/07 14:34:04 [14:34:04.695] [Node:1] [LOG_REPLICA] [Trace:LOG_2_4][2->1] 打印日志结果:[{<nil> 0 false 0} {101 2 false 1} {101 2 false 1} {103 3 false 2}] 
2026/02/07 14:34:04 [Node:1] getLogStartIndex index:0 last snapshot index:0
2026/02/07 14:34:04 [Node:1] getNextIndex len:4 last snapshot index:0
2026/02/07 14:34:04 [14:34:04.695] [Node:1] [LOG_REPLICA] [Trace:LOG_2_4][2->1] entry.Index:1 rf.getNextIndex():4
2026/02/07 14:34:04 [Node:1] getNextIndex len:4 last snapshot index:0
2026/02/07 14:34:04 [Node:1] getLogStartIndex index:1 last snapshot index:0
2026/02/07 14:34:04 [14:34:04.695] [Node:1] [LOG_REPLICA] [Trace:LOG_2_4][2->1] startIndex:1 rf.log[startIndex].Term:2 entry.Term:2
2026/02/07 14:34:04 [Node:1] getNextIndex len:4 last snapshot index:0
2026/02/07 14:34:04 [14:34:04.695] [Node:1] [LOG_REPLICA] [Trace:LOG_2_4][2->1] entry.Index:2 rf.getNextIndex():4
2026/02/07 14:34:04 [Node:1] getNextIndex len:4 last snapshot index:0
2026/02/07 14:34:04 [Node:1] getLogStartIndex index:2 last snapshot index:0
2026/02/07 14:34:04 [14:34:04.695] [Node:1] [LOG_REPLICA] [Trace:LOG_2_4][2->1] startIndex:2 rf.log[startIndex].Term:2 entry.Term:3
2026/02/07 14:34:04 [14:34:04.696] [Node:1] [LOG_REPLICA] [Trace:LOG_2_4][2->1] args logEntrys:[{101 2 false 1} {103 3 false 2}]
2026/02/07 14:34:04 [14:34:04.696] [Node:1] [LOG_REPLICA] [Trace:LOG_2_4][2->1] 复制日志结果:[{<nil> 0 false 0} {101 2 false 1} {101 2 false 1} {103 3 false 2}] 
2026/02/07 14:34:04 [14:34:04.696] [Node:2] [LOG_REPLICA] [Trace:LOG_2_4][2->1] 心跳返回 from peer:1 term:4 success:true
2026/02/07 14:34:04 [14:34:04.696] [Node:2] [LOG_REPLICA] [Trace:LOG_2_4][2->1] 日志复制返回成功 from peer:1 term:4 agreeCount:2 log [{101 2 false 1} {103 3 false 2}]
2026/02/07 14:34:04 [14:34:04.696] [Node:2] [LOG_REPLICA] [Trace:LOG_2_4][2->1] 日志复制返回成功 但是已经更新过了 from peer:1 term:4 matchIndex:2 log last index:2
2026/02/07 14:34:04 rfats [0xc00010c000 0xc00010c100 0xc00010c200]
2026/02/07 14:34:04 i 0 cmd1 <nil>, ok false
2026/02/07 14:34:04 i 1 cmd1 <nil>, ok false
2026/02/07 14:34:04 i 2 cmd1 <nil>, ok false
2026/02/07 14:34:04 nd 0, cmd1 <nil> cmd 104
2026/02/07 14:34:04 rfats [0xc00010c000 0xc00010c100 0xc00010c200]
2026/02/07 14:34:04 i 0 cmd1 <nil>, ok false
2026/02/07 14:34:04 i 1 cmd1 <nil>, ok false
2026/02/07 14:34:04 i 2 cmd1 <nil>, ok false
2026/02/07 14:34:04 nd 0, cmd1 <nil> cmd 104
2026/02/07 14:34:04 [14:34:04.745] [Node:0] [HEARTBEAT] [Trace:HB_0_3] 开始发送心跳广播 status LEADER term:3 commitIndex:2
2026/02/07 14:34:04 [14:34:04.745] [Node:1] [HEARTBEAT] [Trace:HB_1_4] Follower等心跳 status FOLLOWER term:4 commitIndex:2
2026/02/07 14:34:04 [14:34:04.745] [Node:2] [HEARTBEAT] [Trace:HB_2_4] 开始发送心跳广播 status LEADER term:4 commitIndex:2
2026/02/07 14:34:04 [Node:0] nextIndex:[2 2 3]
2026/02/07 14:34:04 [Node:0] getLogStartIndex index:2 last snapshot index:0
2026/02/07 14:34:04 [Node:2] nextIndex:[3 1 3]
2026/02/07 14:34:04 [Node:2] getLogStartIndex index:2 last snapshot index:0
2026/02/07 14:34:04 [Node:0] getNextIndex len:3 last snapshot index:0
2026/02/07 14:34:04 [Node:2] getNextIndex len:3 last snapshot index:0
2026/02/07 14:34:04 [14:34:04.745] [Node:0] [LOG_REPLICA] [Trace:LOG_0_3][0->2] 发送日志or心跳到 Node:2 开始 args:{3 0 2 3 [] 2 LOG_0_3 0 {0 0 map[] map[]}}
2026/02/07 14:34:04 [Node:0] nextIndex:[2 2 3]
2026/02/07 14:34:04 [14:34:04.745] [Node:2] [LOG_REPLICA] [Trace:LOG_2_4][2->0] 发送日志or心跳到 Node:0 开始 args:{4 2 2 3 [] 2 LOG_2_4 2 {0 0 map[] map[]}}
2026/02/07 14:34:04 [Node:0] getLogStartIndex index:1 last snapshot index:0
2026/02/07 14:34:04 [Node:2] nextIndex:[3 1 3]
2026/02/07 14:34:04 [Node:2] getLogStartIndex index:0 last snapshot index:0
2026/02/07 14:34:04 [Node:2] getNextIndex len:3 last snapshot index:0
2026/02/07 14:34:04 [Node:2] getLogStartIndex index:1 last snapshot index:0
2026/02/07 14:34:04 [Node:0] getNextIndex len:3 last snapshot index:0
2026/02/07 14:34:04 [Node:0] getLogStartIndex index:2 last snapshot index:0
2026/02/07 14:34:04 [14:34:04.745] [Node:2] [LOG_REPLICA] [Trace:LOG_2_4][2->1] 发送日志or心跳到 Node:1 开始 args:{4 2 0 0 [{101 2 false 1} {103 3 false 2}] 2 LOG_2_4 2 {0 0 map[] map[]}}
2026/02/07 14:34:04 [14:34:04.745] [Node:0] [LOG_REPLICA] [Trace:LOG_0_3][0->1] 发送日志or心跳到 Node:1 开始 args:{3 0 1 2 [{103 3 false 2}] 2 LOG_0_3 0 {0 0 map[] map[]}}
2026/02/07 14:34:04 [14:34:04.746] [Node:1] [LOG_REPLICA] [Trace:LOG_2_4][2->1] AppendEntries 收到 term:4 leaderId:2 prevLogIndex:0 prevLogTerm:0 entries:2 leaderCommit:2 isHeartbeat:false currentTerm:4 status:FOLLOWER log:[{101 2 false 1} {103 3 false 2}]
2026/02/07 14:34:04 [Node:1] getNextIndex len:4 last snapshot index:0
2026/02/07 14:34:04 [14:34:04.746] [Node:1] [LOG_REPLICA] [Trace:LOG_2_4][2->1] 打印日志结果:[{<nil> 0 false 0} {101 2 false 1} {101 2 false 1} {103 3 false 2}] 
2026/02/07 14:34:04 [Node:1] getLogStartIndex index:0 last snapshot index:0
2026/02/07 14:34:04 [Node:1] getNextIndex len:4 last snapshot index:0
2026/02/07 14:34:04 [14:34:04.746] [Node:1] [LOG_REPLICA] [Trace:LOG_2_4][2->1] entry.Index:1 rf.getNextIndex():4
2026/02/07 14:34:04 [Node:1] getNextIndex len:4 last snapshot index:0
2026/02/07 14:34:04 [Node:1] getLogStartIndex index:1 last snapshot index:0
2026/02/07 14:34:04 [14:34:04.746] [Node:1] [LOG_REPLICA] [Trace:LOG_2_4][2->1] startIndex:1 rf.log[startIndex].Term:2 entry.Term:2
2026/02/07 14:34:04 [Node:1] getNextIndex len:4 last snapshot index:0
2026/02/07 14:34:04 [14:34:04.746] [Node:1] [LOG_REPLICA] [Trace:LOG_2_4][2->1] entry.Index:2 rf.getNextIndex():4
2026/02/07 14:34:04 [Node:1] getNextIndex len:4 last snapshot index:0
2026/02/07 14:34:04 [Node:1] getLogStartIndex index:2 last snapshot index:0
2026/02/07 14:34:04 [14:34:04.746] [Node:1] [LOG_REPLICA] [Trace:LOG_2_4][2->1] startIndex:2 rf.log[startIndex].Term:2 entry.Term:3
2026/02/07 14:34:04 [14:34:04.746] [Node:1] [LOG_REPLICA] [Trace:LOG_2_4][2->1] args logEntrys:[{101 2 false 1} {103 3 false 2}]
2026/02/07 14:34:04 [14:34:04.746] [Node:1] [LOG_REPLICA] [Trace:LOG_2_4][2->1] 复制日志结果:[{<nil> 0 false 0} {101 2 false 1} {101 2 false 1} {103 3 false 2}] 
2026/02/07 14:34:04 [14:34:04.747] [Node:2] [LOG_REPLICA] [Trace:LOG_2_4][2->1] 心跳返回 from peer:1 term:4 success:true
2026/02/07 14:34:04 [14:34:04.747] [Node:2] [LOG_REPLICA] [Trace:LOG_2_4][2->1] 日志复制返回成功 from peer:1 term:4 agreeCount:2 log [{101 2 false 1} {103 3 false 2}]
2026/02/07 14:34:04 [14:34:04.747] [Node:2] [LOG_REPLICA] [Trace:LOG_2_4][2->1] 日志复制返回成功 但是已经更新过了 from peer:1 term:4 matchIndex:2 log last index:2
2026/02/07 14:34:04 rfats [0xc00010c000 0xc00010c100 0xc00010c200]
2026/02/07 14:34:04 i 0 cmd1 <nil>, ok false
2026/02/07 14:34:04 i 1 cmd1 <nil>, ok false
2026/02/07 14:34:04 i 2 cmd1 <nil>, ok false
2026/02/07 14:34:04 nd 0, cmd1 <nil> cmd 104
2026/02/07 14:34:04 rfats [0xc00010c000 0xc00010c100 0xc00010c200]
2026/02/07 14:34:04 i 0 cmd1 <nil>, ok false
2026/02/07 14:34:04 i 1 cmd1 <nil>, ok false
2026/02/07 14:34:04 i 2 cmd1 <nil>, ok false
2026/02/07 14:34:04 nd 0, cmd1 <nil> cmd 104
2026/02/07 14:34:04 rfats [0xc00010c000 0xc00010c100 0xc00010c200]
2026/02/07 14:34:04 i 0 cmd1 <nil>, ok false
2026/02/07 14:34:04 i 1 cmd1 <nil>, ok false
2026/02/07 14:34:04 i 2 cmd1 <nil>, ok false
2026/02/07 14:34:04 nd 0, cmd1 <nil> cmd 104
2026/02/07 14:34:04 [14:34:04.796] [Node:0] [HEARTBEAT] [Trace:HB_0_3] 开始发送心跳广播 status LEADER term:3 commitIndex:2
2026/02/07 14:34:04 [14:34:04.796] [Node:1] [HEARTBEAT] [Trace:HB_1_4] Follower等心跳 status FOLLOWER term:4 commitIndex:2
2026/02/07 14:34:04 [14:34:04.796] [Node:2] [HEARTBEAT] [Trace:HB_2_4] 开始发送心跳广播 status LEADER term:4 commitIndex:2
2026/02/07 14:34:04 [Node:2] nextIndex:[3 1 3]
2026/02/07 14:34:04 [Node:2] getLogStartIndex index:0 last snapshot index:0
2026/02/07 14:34:04 [Node:2] getNextIndex len:3 last snapshot index:0
2026/02/07 14:34:04 [Node:2] getLogStartIndex index:1 last snapshot index:0
2026/02/07 14:34:04 [Node:0] nextIndex:[2 2 3]
2026/02/07 14:34:04 [Node:0] getLogStartIndex index:1 last snapshot index:0
2026/02/07 14:34:04 [Node:0] getNextIndex len:3 last snapshot index:0
2026/02/07 14:34:04 [14:34:04.796] [Node:2] [LOG_REPLICA] [Trace:LOG_2_4][2->1] 发送日志or心跳到 Node:1 开始 args:{4 2 0 0 [{101 2 false 1} {103 3 false 2}] 2 LOG_2_4 2 {0 0 map[] map[]}}
2026/02/07 14:34:04 [Node:0] getLogStartIndex index:2 last snapshot index:0
2026/02/07 14:34:04 [Node:2] nextIndex:[3 1 3]
2026/02/07 14:34:04 [14:34:04.796] [Node:0] [LOG_REPLICA] [Trace:LOG_0_3][0->1] 发送日志or心跳到 Node:1 开始 args:{3 0 1 2 [{103 3 false 2}] 2 LOG_0_3 0 {0 0 map[] map[]}}
2026/02/07 14:34:04 [Node:2] getLogStartIndex index:2 last snapshot index:0
2026/02/07 14:34:04 [Node:2] getNextIndex len:3 last snapshot index:0
2026/02/07 14:34:04 [Node:0] nextIndex:[2 2 3]
2026/02/07 14:34:04 [14:34:04.796] [Node:2] [LOG_REPLICA] [Trace:LOG_2_4][2->0] 发送日志or心跳到 Node:0 开始 args:{4 2 2 3 [] 2 LOG_2_4 2 {0 0 map[] map[]}}
2026/02/07 14:34:04 [Node:0] getLogStartIndex index:2 last snapshot index:0
2026/02/07 14:34:04 [Node:0] getNextIndex len:3 last snapshot index:0
2026/02/07 14:34:04 [14:34:04.796] [Node:0] [LOG_REPLICA] [Trace:LOG_0_3][0->2] 发送日志or心跳到 Node:2 开始 args:{3 0 2 3 [] 2 LOG_0_3 0 {0 0 map[] map[]}}
2026/02/07 14:34:04 [14:34:04.797] [Node:1] [LOG_REPLICA] [Trace:LOG_2_4][2->1] AppendEntries 收到 term:4 leaderId:2 prevLogIndex:0 prevLogTerm:0 entries:2 leaderCommit:2 isHeartbeat:false currentTerm:4 status:FOLLOWER log:[{101 2 false 1} {103 3 false 2}]
2026/02/07 14:34:04 [Node:1] getNextIndex len:4 last snapshot index:0
2026/02/07 14:34:04 [14:34:04.797] [Node:1] [LOG_REPLICA] [Trace:LOG_2_4][2->1] 打印日志结果:[{<nil> 0 false 0} {101 2 false 1} {101 2 false 1} {103 3 false 2}] 
2026/02/07 14:34:04 [Node:1] getLogStartIndex index:0 last snapshot index:0
2026/02/07 14:34:04 [Node:1] getNextIndex len:4 last snapshot index:0
2026/02/07 14:34:04 [14:34:04.797] [Node:1] [LOG_REPLICA] [Trace:LOG_2_4][2->1] entry.Index:1 rf.getNextIndex():4
2026/02/07 14:34:04 [Node:1] getNextIndex len:4 last snapshot index:0
2026/02/07 14:34:04 [Node:1] getLogStartIndex index:1 last snapshot index:0
2026/02/07 14:34:04 [14:34:04.797] [Node:1] [LOG_REPLICA] [Trace:LOG_2_4][2->1] startIndex:1 rf.log[startIndex].Term:2 entry.Term:2
2026/02/07 14:34:04 [Node:1] getNextIndex len:4 last snapshot index:0
2026/02/07 14:34:04 [14:34:04.797] [Node:1] [LOG_REPLICA] [Trace:LOG_2_4][2->1] entry.Index:2 rf.getNextIndex():4
2026/02/07 14:34:04 [Node:1] getNextIndex len:4 last snapshot index:0
2026/02/07 14:34:04 [Node:1] getLogStartIndex index:2 last snapshot index:0
2026/02/07 14:34:04 [14:34:04.797] [Node:1] [LOG_REPLICA] [Trace:LOG_2_4][2->1] startIndex:2 rf.log[startIndex].Term:2 entry.Term:3
2026/02/07 14:34:04 [14:34:04.797] [Node:1] [LOG_REPLICA] [Trace:LOG_2_4][2->1] args logEntrys:[{101 2 false 1} {103 3 false 2}]
2026/02/07 14:34:04 [14:34:04.797] [Node:1] [LOG_REPLICA] [Trace:LOG_2_4][2->1] 复制日志结果:[{<nil> 0 false 0} {101 2 false 1} {101 2 false 1} {103 3 false 2}] 
2026/02/07 14:34:04 [14:34:04.797] [Node:2] [LOG_REPLICA] [Trace:LOG_2_4][2->1] 心跳返回 from peer:1 term:4 success:true
2026/02/07 14:34:04 [14:34:04.797] [Node:2] [LOG_REPLICA] [Trace:LOG_2_4][2->1] 日志复制返回成功 from peer:1 term:4 agreeCount:2 log [{101 2 false 1} {103 3 false 2}]
2026/02/07 14:34:04 [14:34:04.797] [Node:2] [LOG_REPLICA] [Trace:LOG_2_4][2->1] 日志复制返回成功 但是已经更新过了 from peer:1 term:4 matchIndex:2 log last index:2
2026/02/07 14:34:04 rfats [0xc00010c000 0xc00010c100 0xc00010c200]
2026/02/07 14:34:04 i 0 cmd1 <nil>, ok false
2026/02/07 14:34:04 i 1 cmd1 <nil>, ok false
2026/02/07 14:34:04 i 2 cmd1 <nil>, ok false
2026/02/07 14:34:04 nd 0, cmd1 <nil> cmd 104
2026/02/07 14:34:04 rfats [0xc00010c000 0xc00010c100 0xc00010c200]
2026/02/07 14:34:04 i 0 cmd1 <nil>, ok false
2026/02/07 14:34:04 i 1 cmd1 <nil>, ok false
2026/02/07 14:34:04 i 2 cmd1 <nil>, ok false
2026/02/07 14:34:04 nd 0, cmd1 <nil> cmd 104
2026/02/07 14:34:04 [14:34:04.846] [Node:0] [HEARTBEAT] [Trace:HB_0_3] 开始发送心跳广播 status LEADER term:3 commitIndex:2
2026/02/07 14:34:04 [14:34:04.846] [Node:1] [HEARTBEAT] [Trace:HB_1_4] Follower等心跳 status FOLLOWER term:4 commitIndex:2
2026/02/07 14:34:04 [14:34:04.846] [Node:2] [HEARTBEAT] [Trace:HB_2_4] 开始发送心跳广播 status LEADER term:4 commitIndex:2
2026/02/07 14:34:04 [Node:0] nextIndex:[2 2 3]
2026/02/07 14:34:04 [Node:0] getLogStartIndex index:2 last snapshot index:0
2026/02/07 14:34:04 [Node:0] getNextIndex len:3 last snapshot index:0
2026/02/07 14:34:04 [Node:2] nextIndex:[3 1 3]
2026/02/07 14:34:04 [14:34:04.846] [Node:0] [LOG_REPLICA] [Trace:LOG_0_3][0->2] 发送日志or心跳到 Node:2 开始 args:{3 0 2 3 [] 2 LOG_0_3 0 {0 0 map[] map[]}}
2026/02/07 14:34:04 [Node:0] nextIndex:[2 2 3]
2026/02/07 14:34:04 [Node:0] getLogStartIndex index:1 last snapshot index:0
2026/02/07 14:34:04 [Node:0] getNextIndex len:3 last snapshot index:0
2026/02/07 14:34:04 [Node:2] getLogStartIndex index:2 last snapshot index:0
2026/02/07 14:34:04 [Node:2] getNextIndex len:3 last snapshot index:0
2026/02/07 14:34:04 [Node:0] getLogStartIndex index:2 last snapshot index:0
2026/02/07 14:34:04 [14:34:04.846] [Node:2] [LOG_REPLICA] [Trace:LOG_2_4][2->0] 发送日志or心跳到 Node:0 开始 args:{4 2 2 3 [] 2 LOG_2_4 2 {0 0 map[] map[]}}
2026/02/07 14:34:04 [14:34:04.847] [Node:0] [LOG_REPLICA] [Trace:LOG_0_3][0->1] 发送日志or心跳到 Node:1 开始 args:{3 0 1 2 [{103 3 false 2}] 2 LOG_0_3 0 {0 0 map[] map[]}}
2026/02/07 14:34:04 [Node:2] nextIndex:[3 1 3]
2026/02/07 14:34:04 [Node:2] getLogStartIndex index:0 last snapshot index:0
2026/02/07 14:34:04 [Node:2] getNextIndex len:3 last snapshot index:0
2026/02/07 14:34:04 [Node:2] getLogStartIndex index:1 last snapshot index:0
2026/02/07 14:34:04 [14:34:04.847] [Node:2] [LOG_REPLICA] [Trace:LOG_2_4][2->1] 发送日志or心跳到 Node:1 开始 args:{4 2 0 0 [{101 2 false 1} {103 3 false 2}] 2 LOG_2_4 2 {0 0 map[] map[]}}
2026/02/07 14:34:04 [14:34:04.847] [Node:1] [LOG_REPLICA] [Trace:LOG_2_4][2->1] AppendEntries 收到 term:4 leaderId:2 prevLogIndex:0 prevLogTerm:0 entries:2 leaderCommit:2 isHeartbeat:false currentTerm:4 status:FOLLOWER log:[{101 2 false 1} {103 3 false 2}]
2026/02/07 14:34:04 [Node:1] getNextIndex len:4 last snapshot index:0
2026/02/07 14:34:04 [14:34:04.847] [Node:1] [LOG_REPLICA] [Trace:LOG_2_4][2->1] 打印日志结果:[{<nil> 0 false 0} {101 2 false 1} {101 2 false 1} {103 3 false 2}] 
2026/02/07 14:34:04 [Node:1] getLogStartIndex index:0 last snapshot index:0
2026/02/07 14:34:04 [Node:1] getNextIndex len:4 last snapshot index:0
2026/02/07 14:34:04 [14:34:04.847] [Node:1] [LOG_REPLICA] [Trace:LOG_2_4][2->1] entry.Index:1 rf.getNextIndex():4
2026/02/07 14:34:04 [Node:1] getNextIndex len:4 last snapshot index:0
2026/02/07 14:34:04 [Node:1] getLogStartIndex index:1 last snapshot index:0
2026/02/07 14:34:04 [14:34:04.847] [Node:1] [LOG_REPLICA] [Trace:LOG_2_4][2->1] startIndex:1 rf.log[startIndex].Term:2 entry.Term:2
2026/02/07 14:34:04 [Node:1] getNextIndex len:4 last snapshot index:0
2026/02/07 14:34:04 [14:34:04.848] [Node:1] [LOG_REPLICA] [Trace:LOG_2_4][2->1] entry.Index:2 rf.getNextIndex():4
2026/02/07 14:34:04 [Node:1] getNextIndex len:4 last snapshot index:0
2026/02/07 14:34:04 [Node:1] getLogStartIndex index:2 last snapshot index:0
2026/02/07 14:34:04 [14:34:04.848] [Node:1] [LOG_REPLICA] [Trace:LOG_2_4][2->1] startIndex:2 rf.log[startIndex].Term:2 entry.Term:3
2026/02/07 14:34:04 [14:34:04.848] [Node:1] [LOG_REPLICA] [Trace:LOG_2_4][2->1] args logEntrys:[{101 2 false 1} {103 3 false 2}]
2026/02/07 14:34:04 [14:34:04.848] [Node:1] [LOG_REPLICA] [Trace:LOG_2_4][2->1] 复制日志结果:[{<nil> 0 false 0} {101 2 false 1} {101 2 false 1} {103 3 false 2}] 
2026/02/07 14:34:04 [14:34:04.848] [Node:2] [LOG_REPLICA] [Trace:LOG_2_4][2->1] 心跳返回 from peer:1 term:4 success:true
2026/02/07 14:34:04 [14:34:04.848] [Node:2] [LOG_REPLICA] [Trace:LOG_2_4][2->1] 日志复制返回成功 from peer:1 term:4 agreeCount:2 log [{101 2 false 1} {103 3 false 2}]
2026/02/07 14:34:04 [14:34:04.848] [Node:2] [LOG_REPLICA] [Trace:LOG_2_4][2->1] 日志复制返回成功 但是已经更新过了 from peer:1 term:4 matchIndex:2 log last index:2
2026/02/07 14:34:04 rfats [0xc00010c000 0xc00010c100 0xc00010c200]
2026/02/07 14:34:04 i 0 cmd1 <nil>, ok false
2026/02/07 14:34:04 i 1 cmd1 <nil>, ok false
2026/02/07 14:34:04 i 2 cmd1 <nil>, ok false
2026/02/07 14:34:04 nd 0, cmd1 <nil> cmd 104
2026/02/07 14:34:04 rfats [0xc00010c000 0xc00010c100 0xc00010c200]
2026/02/07 14:34:04 i 0 cmd1 <nil>, ok false
2026/02/07 14:34:04 i 1 cmd1 <nil>, ok false
2026/02/07 14:34:04 i 2 cmd1 <nil>, ok false
2026/02/07 14:34:04 nd 0, cmd1 <nil> cmd 104
2026/02/07 14:34:04 rfats [0xc00010c000 0xc00010c100 0xc00010c200]
2026/02/07 14:34:04 [14:34:04.896] [Node:2] [HEARTBEAT] [Trace:HB_2_4] 开始发送心跳广播 status LEADER term:4 commitIndex:2
2026/02/07 14:34:04 i 0 cmd1 <nil>, ok false
2026/02/07 14:34:04 i 1 cmd1 <nil>, ok false
2026/02/07 14:34:04 [14:34:04.896] [Node:0] [HEARTBEAT] [Trace:HB_0_3] 开始发送心跳广播 status LEADER term:3 commitIndex:2
2026/02/07 14:34:04 [Node:2] nextIndex:[3 1 3]
2026/02/07 14:34:04 [14:34:04.896] [Node:1] [HEARTBEAT] [Trace:HB_1_4] Follower等心跳 status FOLLOWER term:4 commitIndex:2
2026/02/07 14:34:04 [Node:0] nextIndex:[2 2 3]
2026/02/07 14:34:04 i 2 cmd1 <nil>, ok false
2026/02/07 14:34:04 [Node:0] getLogStartIndex index:2 last snapshot index:0
2026/02/07 14:34:04 nd 0, cmd1 <nil> cmd 104
2026/02/07 14:34:04 [Node:2] getLogStartIndex index:2 last snapshot index:0
2026/02/07 14:34:04 [Node:2] getNextIndex len:3 last snapshot index:0
2026/02/07 14:34:04 [Node:0] getNextIndex len:3 last snapshot index:0
2026/02/07 14:34:04 [Node:2] nextIndex:[3 1 3]
2026/02/07 14:34:04 [Node:2] getLogStartIndex index:0 last snapshot index:0
2026/02/07 14:34:04 [Node:2] getNextIndex len:3 last snapshot index:0
2026/02/07 14:34:04 [14:34:04.897] [Node:2] [LOG_REPLICA] [Trace:LOG_2_4][2->0] 发送日志or心跳到 Node:0 开始 args:{4 2 2 3 [] 2 LOG_2_4 2 {0 0 map[] map[]}}
2026/02/07 14:34:04 [Node:0] nextIndex:[2 2 3]
2026/02/07 14:34:04 [Node:2] getLogStartIndex index:1 last snapshot index:0
2026/02/07 14:34:04 [14:34:04.897] [Node:0] [LOG_REPLICA] [Trace:LOG_0_3][0->2] 发送日志or心跳到 Node:2 开始 args:{3 0 2 3 [] 2 LOG_0_3 0 {0 0 map[] map[]}}
2026/02/07 14:34:04 [Node:0] getLogStartIndex index:1 last snapshot index:0
2026/02/07 14:34:04 [14:34:04.897] [Node:2] [LOG_REPLICA] [Trace:LOG_2_4][2->1] 发送日志or心跳到 Node:1 开始 args:{4 2 0 0 [{101 2 false 1} {103 3 false 2}] 2 LOG_2_4 2 {0 0 map[] map[]}}
2026/02/07 14:34:04 [Node:0] getNextIndex len:3 last snapshot index:0
2026/02/07 14:34:04 [Node:0] getLogStartIndex index:2 last snapshot index:0
2026/02/07 14:34:04 [14:34:04.897] [Node:0] [LOG_REPLICA] [Trace:LOG_0_3][0->1] 发送日志or心跳到 Node:1 开始 args:{3 0 1 2 [{103 3 false 2}] 2 LOG_0_3 0 {0 0 map[] map[]}}
2026/02/07 14:34:04 [14:34:04.897] [Node:1] [LOG_REPLICA] [Trace:LOG_2_4][2->1] AppendEntries 收到 term:4 leaderId:2 prevLogIndex:0 prevLogTerm:0 entries:2 leaderCommit:2 isHeartbeat:false currentTerm:4 status:FOLLOWER log:[{101 2 false 1} {103 3 false 2}]
2026/02/07 14:34:04 [Node:1] getNextIndex len:4 last snapshot index:0
2026/02/07 14:34:04 [14:34:04.897] [Node:1] [LOG_REPLICA] [Trace:LOG_2_4][2->1] 打印日志结果:[{<nil> 0 false 0} {101 2 false 1} {101 2 false 1} {103 3 false 2}] 
2026/02/07 14:34:04 [Node:1] getLogStartIndex index:0 last snapshot index:0
2026/02/07 14:34:04 [Node:1] getNextIndex len:4 last snapshot index:0
2026/02/07 14:34:04 [14:34:04.897] [Node:1] [LOG_REPLICA] [Trace:LOG_2_4][2->1] entry.Index:1 rf.getNextIndex():4
2026/02/07 14:34:04 [Node:1] getNextIndex len:4 last snapshot index:0
2026/02/07 14:34:04 [Node:1] getLogStartIndex index:1 last snapshot index:0
2026/02/07 14:34:04 [14:34:04.897] [Node:1] [LOG_REPLICA] [Trace:LOG_2_4][2->1] startIndex:1 rf.log[startIndex].Term:2 entry.Term:2
2026/02/07 14:34:04 [Node:1] getNextIndex len:4 last snapshot index:0
2026/02/07 14:34:04 [14:34:04.897] [Node:1] [LOG_REPLICA] [Trace:LOG_2_4][2->1] entry.Index:2 rf.getNextIndex():4
2026/02/07 14:34:04 [Node:1] getNextIndex len:4 last snapshot index:0
2026/02/07 14:34:04 [Node:1] getLogStartIndex index:2 last snapshot index:0
2026/02/07 14:34:04 [14:34:04.898] [Node:1] [LOG_REPLICA] [Trace:LOG_2_4][2->1] startIndex:2 rf.log[startIndex].Term:2 entry.Term:3
2026/02/07 14:34:04 [14:34:04.898] [Node:1] [LOG_REPLICA] [Trace:LOG_2_4][2->1] args logEntrys:[{101 2 false 1} {103 3 false 2}]
2026/02/07 14:34:04 [14:34:04.898] [Node:1] [LOG_REPLICA] [Trace:LOG_2_4][2->1] 复制日志结果:[{<nil> 0 false 0} {101 2 false 1} {101 2 false 1} {103 3 false 2}] 
2026/02/07 14:34:04 [14:34:04.898] [Node:2] [LOG_REPLICA] [Trace:LOG_2_4][2->1] 心跳返回 from peer:1 term:4 success:true
2026/02/07 14:34:04 [14:34:04.898] [Node:2] [LOG_REPLICA] [Trace:LOG_2_4][2->1] 日志复制返回成功 from peer:1 term:4 agreeCount:2 log [{101 2 false 1} {103 3 false 2}]
2026/02/07 14:34:04 [14:34:04.898] [Node:2] [LOG_REPLICA] [Trace:LOG_2_4][2->1] 日志复制返回成功 但是已经更新过了 from peer:1 term:4 matchIndex:2 log last index:2
2026/02/07 14:34:04 rfats [0xc00010c000 0xc00010c100 0xc00010c200]
2026/02/07 14:34:04 i 0 cmd1 <nil>, ok false
2026/02/07 14:34:04 i 1 cmd1 <nil>, ok false
2026/02/07 14:34:04 i 2 cmd1 <nil>, ok false
2026/02/07 14:34:04 nd 0, cmd1 <nil> cmd 104
2026/02/07 14:34:04 rfats [0xc00010c000 0xc00010c100 0xc00010c200]
2026/02/07 14:34:04 i 0 cmd1 <nil>, ok false
2026/02/07 14:34:04 i 1 cmd1 <nil>, ok false
2026/02/07 14:34:04 i 2 cmd1 <nil>, ok false
2026/02/07 14:34:04 nd 0, cmd1 <nil> cmd 104
2026/02/07 14:34:04 [14:34:04.947] [Node:1] [HEARTBEAT] [Trace:HB_1_4] Follower等心跳 status FOLLOWER term:4 commitIndex:2
2026/02/07 14:34:04 [14:34:04.947] [Node:0] [HEARTBEAT] [Trace:HB_0_3] 开始发送心跳广播 status LEADER term:3 commitIndex:2
2026/02/07 14:34:04 [14:34:04.947] [Node:2] [HEARTBEAT] [Trace:HB_2_4] 开始发送心跳广播 status LEADER term:4 commitIndex:2
2026/02/07 14:34:04 [Node:0] nextIndex:[2 2 3]
2026/02/07 14:34:04 [Node:0] getLogStartIndex index:1 last snapshot index:0
2026/02/07 14:34:04 [Node:0] getNextIndex len:3 last snapshot index:0
2026/02/07 14:34:04 [Node:2] nextIndex:[3 1 3]
2026/02/07 14:34:04 [Node:0] getLogStartIndex index:2 last snapshot index:0
2026/02/07 14:34:04 [Node:2] getLogStartIndex index:0 last snapshot index:0
2026/02/07 14:34:04 [Node:2] getNextIndex len:3 last snapshot index:0
2026/02/07 14:34:04 [Node:2] getLogStartIndex index:1 last snapshot index:0
2026/02/07 14:34:04 [14:34:04.948] [Node:0] [LOG_REPLICA] [Trace:LOG_0_3][0->1] 发送日志or心跳到 Node:1 开始 args:{3 0 1 2 [{103 3 false 2}] 2 LOG_0_3 0 {0 0 map[] map[]}}
2026/02/07 14:34:04 [Node:0] nextIndex:[2 2 3]
2026/02/07 14:34:04 [Node:0] getLogStartIndex index:2 last snapshot index:0
2026/02/07 14:34:04 [Node:0] getNextIndex len:3 last snapshot index:0
2026/02/07 14:34:04 [Node:2] nextIndex:[3 1 3]
2026/02/07 14:34:04 [Node:2] getLogStartIndex index:2 last snapshot index:0
2026/02/07 14:34:04 [Node:2] getNextIndex len:3 last snapshot index:0
2026/02/07 14:34:04 [14:34:04.948] [Node:2] [LOG_REPLICA] [Trace:LOG_2_4][2->1] 发送日志or心跳到 Node:1 开始 args:{4 2 0 0 [{101 2 false 1} {103 3 false 2}] 2 LOG_2_4 2 {0 0 map[] map[]}}
2026/02/07 14:34:04 [14:34:04.948] [Node:0] [LOG_REPLICA] [Trace:LOG_0_3][0->2] 发送日志or心跳到 Node:2 开始 args:{3 0 2 3 [] 2 LOG_0_3 0 {0 0 map[] map[]}}
2026/02/07 14:34:04 [14:34:04.948] [Node:2] [LOG_REPLICA] [Trace:LOG_2_4][2->0] 发送日志or心跳到 Node:0 开始 args:{4 2 2 3 [] 2 LOG_2_4 2 {0 0 map[] map[]}}
2026/02/07 14:34:04 [14:34:04.948] [Node:1] [LOG_REPLICA] [Trace:LOG_2_4][2->1] AppendEntries 收到 term:4 leaderId:2 prevLogIndex:0 prevLogTerm:0 entries:2 leaderCommit:2 isHeartbeat:false currentTerm:4 status:FOLLOWER log:[{101 2 false 1} {103 3 false 2}]
2026/02/07 14:34:04 [Node:1] getNextIndex len:4 last snapshot index:0
2026/02/07 14:34:04 [14:34:04.948] [Node:1] [LOG_REPLICA] [Trace:LOG_2_4][2->1] 打印日志结果:[{<nil> 0 false 0} {101 2 false 1} {101 2 false 1} {103 3 false 2}] 
2026/02/07 14:34:04 [Node:1] getLogStartIndex index:0 last snapshot index:0
2026/02/07 14:34:04 [Node:1] getNextIndex len:4 last snapshot index:0
2026/02/07 14:34:04 [14:34:04.948] [Node:1] [LOG_REPLICA] [Trace:LOG_2_4][2->1] entry.Index:1 rf.getNextIndex():4
2026/02/07 14:34:04 [Node:1] getNextIndex len:4 last snapshot index:0
2026/02/07 14:34:04 [Node:1] getLogStartIndex index:1 last snapshot index:0
2026/02/07 14:34:04 [14:34:04.949] [Node:1] [LOG_REPLICA] [Trace:LOG_2_4][2->1] startIndex:1 rf.log[startIndex].Term:2 entry.Term:2
2026/02/07 14:34:04 [Node:1] getNextIndex len:4 last snapshot index:0
2026/02/07 14:34:04 [14:34:04.949] [Node:1] [LOG_REPLICA] [Trace:LOG_2_4][2->1] entry.Index:2 rf.getNextIndex():4
2026/02/07 14:34:04 [Node:1] getNextIndex len:4 last snapshot index:0
2026/02/07 14:34:04 [Node:1] getLogStartIndex index:2 last snapshot index:0
2026/02/07 14:34:04 [14:34:04.949] [Node:1] [LOG_REPLICA] [Trace:LOG_2_4][2->1] startIndex:2 rf.log[startIndex].Term:2 entry.Term:3
2026/02/07 14:34:04 [14:34:04.949] [Node:1] [LOG_REPLICA] [Trace:LOG_2_4][2->1] args logEntrys:[{101 2 false 1} {103 3 false 2}]
2026/02/07 14:34:04 [14:34:04.949] [Node:1] [LOG_REPLICA] [Trace:LOG_2_4][2->1] 复制日志结果:[{<nil> 0 false 0} {101 2 false 1} {101 2 false 1} {103 3 false 2}] 
2026/02/07 14:34:04 [14:34:04.949] [Node:2] [LOG_REPLICA] [Trace:LOG_2_4][2->1] 心跳返回 from peer:1 term:4 success:true
2026/02/07 14:34:04 [14:34:04.949] [Node:2] [LOG_REPLICA] [Trace:LOG_2_4][2->1] 日志复制返回成功 from peer:1 term:4 agreeCount:2 log [{101 2 false 1} {103 3 false 2}]
2026/02/07 14:34:04 [14:34:04.949] [Node:2] [LOG_REPLICA] [Trace:LOG_2_4][2->1] 日志复制返回成功 但是已经更新过了 from peer:1 term:4 matchIndex:2 log last index:2
2026/02/07 14:34:04 rfats [0xc00010c000 0xc00010c100 0xc00010c200]
2026/02/07 14:34:04 i 0 cmd1 <nil>, ok false
2026/02/07 14:34:04 i 1 cmd1 <nil>, ok false
2026/02/07 14:34:04 i 2 cmd1 <nil>, ok false
2026/02/07 14:34:04 nd 0, cmd1 <nil> cmd 104
2026/02/07 14:34:04 rfats [0xc00010c000 0xc00010c100 0xc00010c200]
2026/02/07 14:34:04 i 0 cmd1 <nil>, ok false
2026/02/07 14:34:04 i 1 cmd1 <nil>, ok false
2026/02/07 14:34:04 i 2 cmd1 <nil>, ok false
2026/02/07 14:34:04 nd 0, cmd1 <nil> cmd 104
2026/02/07 14:34:04 [14:34:04.998] [Node:1] [HEARTBEAT] [Trace:HB_1_4] Follower等心跳 status FOLLOWER term:4 commitIndex:2
2026/02/07 14:34:04 [14:34:04.998] [Node:2] [HEARTBEAT] [Trace:HB_2_4] 开始发送心跳广播 status LEADER term:4 commitIndex:2
2026/02/07 14:34:04 [Node:2] nextIndex:[3 1 3]
2026/02/07 14:34:04 [Node:2] getLogStartIndex index:0 last snapshot index:0
2026/02/07 14:34:04 [Node:2] getNextIndex len:3 last snapshot index:0
2026/02/07 14:34:04 [14:34:04.998] [Node:0] [HEARTBEAT] [Trace:HB_0_3] 开始发送心跳广播 status LEADER term:3 commitIndex:2
2026/02/07 14:34:04 [Node:2] getLogStartIndex index:1 last snapshot index:0
2026/02/07 14:34:04 [Node:0] nextIndex:[2 2 3]
2026/02/07 14:34:04 [Node:0] getLogStartIndex index:2 last snapshot index:0
2026/02/07 14:34:04 [14:34:04.998] [Node:2] [LOG_REPLICA] [Trace:LOG_2_4][2->1] 发送日志or心跳到 Node:1 开始 args:{4 2 0 0 [{101 2 false 1} {103 3 false 2}] 2 LOG_2_4 2 {0 0 map[] map[]}}
2026/02/07 14:34:04 [Node:0] getNextIndex len:3 last snapshot index:0
2026/02/07 14:34:04 [Node:2] nextIndex:[3 1 3]
2026/02/07 14:34:04 [Node:2] getLogStartIndex index:2 last snapshot index:0
2026/02/07 14:34:04 [Node:0] nextIndex:[2 2 3]
2026/02/07 14:34:04 [Node:0] getLogStartIndex index:1 last snapshot index:0
2026/02/07 14:34:04 [14:34:04.998] [Node:0] [LOG_REPLICA] [Trace:LOG_0_3][0->2] 发送日志or心跳到 Node:2 开始 args:{3 0 2 3 [] 2 LOG_0_3 0 {0 0 map[] map[]}}
2026/02/07 14:34:04 [Node:2] getNextIndex len:3 last snapshot index:0
2026/02/07 14:34:04 [Node:0] getNextIndex len:3 last snapshot index:0
2026/02/07 14:34:04 [Node:0] getLogStartIndex index:2 last snapshot index:0
2026/02/07 14:34:04 [14:34:04.999] [Node:2] [LOG_REPLICA] [Trace:LOG_2_4][2->0] 发送日志or心跳到 Node:0 开始 args:{4 2 2 3 [] 2 LOG_2_4 2 {0 0 map[] map[]}}
2026/02/07 14:34:04 [14:34:04.999] [Node:0] [LOG_REPLICA] [Trace:LOG_0_3][0->1] 发送日志or心跳到 Node:1 开始 args:{3 0 1 2 [{103 3 false 2}] 2 LOG_0_3 0 {0 0 map[] map[]}}
2026/02/07 14:34:04 [14:34:04.999] [Node:1] [LOG_REPLICA] [Trace:LOG_2_4][2->1] AppendEntries 收到 term:4 leaderId:2 prevLogIndex:0 prevLogTerm:0 entries:2 leaderCommit:2 isHeartbeat:false currentTerm:4 status:FOLLOWER log:[{101 2 false 1} {103 3 false 2}]
2026/02/07 14:34:04 [Node:1] getNextIndex len:4 last snapshot index:0
2026/02/07 14:34:04 [14:34:04.999] [Node:1] [LOG_REPLICA] [Trace:LOG_2_4][2->1] 打印日志结果:[{<nil> 0 false 0} {101 2 false 1} {101 2 false 1} {103 3 false 2}] 
2026/02/07 14:34:04 [Node:1] getLogStartIndex index:0 last snapshot index:0
2026/02/07 14:34:04 [Node:1] getNextIndex len:4 last snapshot index:0
2026/02/07 14:34:04 [14:34:04.999] [Node:1] [LOG_REPLICA] [Trace:LOG_2_4][2->1] entry.Index:1 rf.getNextIndex():4
2026/02/07 14:34:04 [Node:1] getNextIndex len:4 last snapshot index:0
2026/02/07 14:34:04 [Node:1] getLogStartIndex index:1 last snapshot index:0
2026/02/07 14:34:04 [14:34:04.999] [Node:1] [LOG_REPLICA] [Trace:LOG_2_4][2->1] startIndex:1 rf.log[startIndex].Term:2 entry.Term:2
2026/02/07 14:34:04 [Node:1] getNextIndex len:4 last snapshot index:0
2026/02/07 14:34:04 [14:34:04.999] [Node:1] [LOG_REPLICA] [Trace:LOG_2_4][2->1] entry.Index:2 rf.getNextIndex():4
2026/02/07 14:34:04 [Node:1] getNextIndex len:4 last snapshot index:0
2026/02/07 14:34:04 [Node:1] getLogStartIndex index:2 last snapshot index:0
2026/02/07 14:34:04 [14:34:04.999] [Node:1] [LOG_REPLICA] [Trace:LOG_2_4][2->1] startIndex:2 rf.log[startIndex].Term:2 entry.Term:3
2026/02/07 14:34:05 [14:34:05.000] [Node:1] [LOG_REPLICA] [Trace:LOG_2_4][2->1] args logEntrys:[{101 2 false 1} {103 3 false 2}]
2026/02/07 14:34:05 [14:34:05.000] [Node:1] [LOG_REPLICA] [Trace:LOG_2_4][2->1] 复制日志结果:[{<nil> 0 false 0} {101 2 false 1} {101 2 false 1} {103 3 false 2}] 
2026/02/07 14:34:05 [14:34:05.000] [Node:2] [LOG_REPLICA] [Trace:LOG_2_4][2->1] 心跳返回 from peer:1 term:4 success:true
2026/02/07 14:34:05 [14:34:05.000] [Node:2] [LOG_REPLICA] [Trace:LOG_2_4][2->1] 日志复制返回成功 from peer:1 term:4 agreeCount:2 log [{101 2 false 1} {103 3 false 2}]
2026/02/07 14:34:05 [14:34:05.000] [Node:2] [LOG_REPLICA] [Trace:LOG_2_4][2->1] 日志复制返回成功 但是已经更新过了 from peer:1 term:4 matchIndex:2 log last index:2
2026/02/07 14:34:05 rfats [0xc00010c000 0xc00010c100 0xc00010c200]
2026/02/07 14:34:05 i 0 cmd1 <nil>, ok false
2026/02/07 14:34:05 i 1 cmd1 <nil>, ok false
2026/02/07 14:34:05 i 2 cmd1 <nil>, ok false
2026/02/07 14:34:05 nd 0, cmd1 <nil> cmd 104
2026/02/07 14:34:05 rfats [0xc00010c000 0xc00010c100 0xc00010c200]
2026/02/07 14:34:05 i 0 cmd1 <nil>, ok false
2026/02/07 14:34:05 i 1 cmd1 <nil>, ok false
2026/02/07 14:34:05 i 2 cmd1 <nil>, ok false
2026/02/07 14:34:05 nd 0, cmd1 <nil> cmd 104
2026/02/07 14:34:05 rfats [0xc00010c000 0xc00010c100 0xc00010c200]
2026/02/07 14:34:05 i 0 cmd1 <nil>, ok false
2026/02/07 14:34:05 i 1 cmd1 <nil>, ok false
2026/02/07 14:34:05 i 2 cmd1 <nil>, ok false
2026/02/07 14:34:05 nd 0, cmd1 <nil> cmd 104
2026/02/07 14:34:05 [14:34:05.049] [Node:2] [HEARTBEAT] [Trace:HB_2_4] 开始发送心跳广播 status LEADER term:4 commitIndex:2
2026/02/07 14:34:05 [14:34:05.049] [Node:1] [HEARTBEAT] [Trace:HB_1_4] Follower等心跳 status FOLLOWER term:4 commitIndex:2
2026/02/07 14:34:05 [14:34:05.049] [Node:0] [HEARTBEAT] [Trace:HB_0_3] 开始发送心跳广播 status LEADER term:3 commitIndex:2
2026/02/07 14:34:05 [Node:2] nextIndex:[3 1 3]
2026/02/07 14:34:05 [Node:0] nextIndex:[2 2 3]
2026/02/07 14:34:05 [Node:0] getLogStartIndex index:2 last snapshot index:0
2026/02/07 14:34:05 [Node:0] getNextIndex len:3 last snapshot index:0
2026/02/07 14:34:05 [Node:2] getLogStartIndex index:0 last snapshot index:0
2026/02/07 14:34:05 [Node:2] getNextIndex len:3 last snapshot index:0
2026/02/07 14:34:05 [14:34:05.049] [Node:0] [LOG_REPLICA] [Trace:LOG_0_3][0->2] 发送日志or心跳到 Node:2 开始 args:{3 0 2 3 [] 2 LOG_0_3 0 {0 0 map[] map[]}}
2026/02/07 14:34:05 [Node:0] nextIndex:[2 2 3]
2026/02/07 14:34:05 [Node:0] getLogStartIndex index:1 last snapshot index:0
2026/02/07 14:34:05 [Node:2] getLogStartIndex index:1 last snapshot index:0
2026/02/07 14:34:05 [Node:0] getNextIndex len:3 last snapshot index:0
2026/02/07 14:34:05 [Node:0] getLogStartIndex index:2 last snapshot index:0
2026/02/07 14:34:05 [Node:2] nextIndex:[3 1 3]
2026/02/07 14:34:05 [14:34:05.049] [Node:0] [LOG_REPLICA] [Trace:LOG_0_3][0->1] 发送日志or心跳到 Node:1 开始 args:{3 0 1 2 [{103 3 false 2}] 2 LOG_0_3 0 {0 0 map[] map[]}}
2026/02/07 14:34:05 [Node:2] getLogStartIndex index:2 last snapshot index:0
2026/02/07 14:34:05 [14:34:05.049] [Node:2] [LOG_REPLICA] [Trace:LOG_2_4][2->1] 发送日志or心跳到 Node:1 开始 args:{4 2 0 0 [{101 2 false 1} {103 3 false 2}] 2 LOG_2_4 2 {0 0 map[] map[]}}
2026/02/07 14:34:05 [Node:2] getNextIndex len:3 last snapshot index:0
2026/02/07 14:34:05 [14:34:05.049] [Node:2] [LOG_REPLICA] [Trace:LOG_2_4][2->0] 发送日志or心跳到 Node:0 开始 args:{4 2 2 3 [] 2 LOG_2_4 2 {0 0 map[] map[]}}
2026/02/07 14:34:05 [14:34:05.050] [Node:1] [LOG_REPLICA] [Trace:LOG_2_4][2->1] AppendEntries 收到 term:4 leaderId:2 prevLogIndex:0 prevLogTerm:0 entries:2 leaderCommit:2 isHeartbeat:false currentTerm:4 status:FOLLOWER log:[{101 2 false 1} {103 3 false 2}]
2026/02/07 14:34:05 [Node:1] getNextIndex len:4 last snapshot index:0
2026/02/07 14:34:05 [14:34:05.050] [Node:1] [LOG_REPLICA] [Trace:LOG_2_4][2->1] 打印日志结果:[{<nil> 0 false 0} {101 2 false 1} {101 2 false 1} {103 3 false 2}] 
2026/02/07 14:34:05 [Node:1] getLogStartIndex index:0 last snapshot index:0
2026/02/07 14:34:05 [Node:1] getNextIndex len:4 last snapshot index:0
2026/02/07 14:34:05 [14:34:05.050] [Node:1] [LOG_REPLICA] [Trace:LOG_2_4][2->1] entry.Index:1 rf.getNextIndex():4
2026/02/07 14:34:05 [Node:1] getNextIndex len:4 last snapshot index:0
2026/02/07 14:34:05 [Node:1] getLogStartIndex index:1 last snapshot index:0
2026/02/07 14:34:05 [14:34:05.050] [Node:1] [LOG_REPLICA] [Trace:LOG_2_4][2->1] startIndex:1 rf.log[startIndex].Term:2 entry.Term:2
2026/02/07 14:34:05 [Node:1] getNextIndex len:4 last snapshot index:0
2026/02/07 14:34:05 [14:34:05.050] [Node:1] [LOG_REPLICA] [Trace:LOG_2_4][2->1] entry.Index:2 rf.getNextIndex():4
2026/02/07 14:34:05 [Node:1] getNextIndex len:4 last snapshot index:0
2026/02/07 14:34:05 [Node:1] getLogStartIndex index:2 last snapshot index:0
2026/02/07 14:34:05 [14:34:05.050] [Node:1] [LOG_REPLICA] [Trace:LOG_2_4][2->1] startIndex:2 rf.log[startIndex].Term:2 entry.Term:3
2026/02/07 14:34:05 [14:34:05.050] [Node:1] [LOG_REPLICA] [Trace:LOG_2_4][2->1] args logEntrys:[{101 2 false 1} {103 3 false 2}]
2026/02/07 14:34:05 [14:34:05.050] [Node:1] [LOG_REPLICA] [Trace:LOG_2_4][2->1] 复制日志结果:[{<nil> 0 false 0} {101 2 false 1} {101 2 false 1} {103 3 false 2}] 
2026/02/07 14:34:05 [14:34:05.050] [Node:2] [LOG_REPLICA] [Trace:LOG_2_4][2->1] 心跳返回 from peer:1 term:4 success:true
2026/02/07 14:34:05 [14:34:05.050] [Node:2] [LOG_REPLICA] [Trace:LOG_2_4][2->1] 日志复制返回成功 from peer:1 term:4 agreeCount:2 log [{101 2 false 1} {103 3 false 2}]
2026/02/07 14:34:05 [14:34:05.050] [Node:2] [LOG_REPLICA] [Trace:LOG_2_4][2->1] 日志复制返回成功 但是已经更新过了 from peer:1 term:4 matchIndex:2 log last index:2
2026/02/07 14:34:05 rfats [0xc00010c000 0xc00010c100 0xc00010c200]
2026/02/07 14:34:05 i 0 cmd1 <nil>, ok false
2026/02/07 14:34:05 i 1 cmd1 <nil>, ok false
2026/02/07 14:34:05 i 2 cmd1 <nil>, ok false
2026/02/07 14:34:05 nd 0, cmd1 <nil> cmd 104
2026/02/07 14:34:05 rfats [0xc00010c000 0xc00010c100 0xc00010c200]
2026/02/07 14:34:05 i 0 cmd1 <nil>, ok false
2026/02/07 14:34:05 i 1 cmd1 <nil>, ok false
2026/02/07 14:34:05 i 2 cmd1 <nil>, ok false
2026/02/07 14:34:05 nd 0, cmd1 <nil> cmd 104
2026/02/07 14:34:05 [14:34:05.099] [Node:1] [HEARTBEAT] [Trace:HB_1_4] Follower等心跳 status FOLLOWER term:4 commitIndex:2
2026/02/07 14:34:05 [14:34:05.099] [Node:0] [HEARTBEAT] [Trace:HB_0_3] 开始发送心跳广播 status LEADER term:3 commitIndex:2
2026/02/07 14:34:05 [14:34:05.099] [Node:2] [HEARTBEAT] [Trace:HB_2_4] 开始发送心跳广播 status LEADER term:4 commitIndex:2
2026/02/07 14:34:05 [Node:0] nextIndex:[2 2 3]
2026/02/07 14:34:05 [Node:0] getLogStartIndex index:2 last snapshot index:0
2026/02/07 14:34:05 [Node:0] getNextIndex len:3 last snapshot index:0
2026/02/07 14:34:05 [Node:2] nextIndex:[3 1 3]
2026/02/07 14:34:05 [Node:2] getLogStartIndex index:2 last snapshot index:0
2026/02/07 14:34:05 [Node:2] getNextIndex len:3 last snapshot index:0
2026/02/07 14:34:05 [Node:0] nextIndex:[2 2 3]
2026/02/07 14:34:05 [14:34:05.099] [Node:0] [LOG_REPLICA] [Trace:LOG_0_3][0->2] 发送日志or心跳到 Node:2 开始 args:{3 0 2 3 [] 2 LOG_0_3 0 {0 0 map[] map[]}}
2026/02/07 14:34:05 [14:34:05.099] [Node:2] [LOG_REPLICA] [Trace:LOG_2_4][2->0] 发送日志or心跳到 Node:0 开始 args:{4 2 2 3 [] 2 LOG_2_4 2 {0 0 map[] map[]}}
2026/02/07 14:34:05 [Node:0] getLogStartIndex index:1 last snapshot index:0
2026/02/07 14:34:05 [Node:0] getNextIndex len:3 last snapshot index:0
2026/02/07 14:34:05 [Node:0] getLogStartIndex index:2 last snapshot index:0
2026/02/07 14:34:05 [Node:2] nextIndex:[3 1 3]
2026/02/07 14:34:05 [Node:2] getLogStartIndex index:0 last snapshot index:0
2026/02/07 14:34:05 [Node:2] getNextIndex len:3 last snapshot index:0
2026/02/07 14:34:05 [14:34:05.099] [Node:0] [LOG_REPLICA] [Trace:LOG_0_3][0->1] 发送日志or心跳到 Node:1 开始 args:{3 0 1 2 [{103 3 false 2}] 2 LOG_0_3 0 {0 0 map[] map[]}}
2026/02/07 14:34:05 [Node:2] getLogStartIndex index:1 last snapshot index:0
2026/02/07 14:34:05 [14:34:05.100] [Node:2] [LOG_REPLICA] [Trace:LOG_2_4][2->1] 发送日志or心跳到 Node:1 开始 args:{4 2 0 0 [{101 2 false 1} {103 3 false 2}] 2 LOG_2_4 2 {0 0 map[] map[]}}
2026/02/07 14:34:05 [14:34:05.100] [Node:1] [LOG_REPLICA] [Trace:LOG_2_4][2->1] AppendEntries 收到 term:4 leaderId:2 prevLogIndex:0 prevLogTerm:0 entries:2 leaderCommit:2 isHeartbeat:false currentTerm:4 status:FOLLOWER log:[{101 2 false 1} {103 3 false 2}]
2026/02/07 14:34:05 [Node:1] getNextIndex len:4 last snapshot index:0
2026/02/07 14:34:05 [14:34:05.100] [Node:1] [LOG_REPLICA] [Trace:LOG_2_4][2->1] 打印日志结果:[{<nil> 0 false 0} {101 2 false 1} {101 2 false 1} {103 3 false 2}] 
2026/02/07 14:34:05 [Node:1] getLogStartIndex index:0 last snapshot index:0
2026/02/07 14:34:05 [Node:1] getNextIndex len:4 last snapshot index:0
2026/02/07 14:34:05 [14:34:05.100] [Node:1] [LOG_REPLICA] [Trace:LOG_2_4][2->1] entry.Index:1 rf.getNextIndex():4
2026/02/07 14:34:05 [Node:1] getNextIndex len:4 last snapshot index:0
2026/02/07 14:34:05 [Node:1] getLogStartIndex index:1 last snapshot index:0
2026/02/07 14:34:05 [14:34:05.100] [Node:1] [LOG_REPLICA] [Trace:LOG_2_4][2->1] startIndex:1 rf.log[startIndex].Term:2 entry.Term:2
2026/02/07 14:34:05 [Node:1] getNextIndex len:4 last snapshot index:0
2026/02/07 14:34:05 [14:34:05.100] [Node:1] [LOG_REPLICA] [Trace:LOG_2_4][2->1] entry.Index:2 rf.getNextIndex():4
2026/02/07 14:34:05 [Node:1] getNextIndex len:4 last snapshot index:0
2026/02/07 14:34:05 [Node:1] getLogStartIndex index:2 last snapshot index:0
2026/02/07 14:34:05 [14:34:05.100] [Node:1] [LOG_REPLICA] [Trace:LOG_2_4][2->1] startIndex:2 rf.log[startIndex].Term:2 entry.Term:3
2026/02/07 14:34:05 [14:34:05.101] [Node:1] [LOG_REPLICA] [Trace:LOG_2_4][2->1] args logEntrys:[{101 2 false 1} {103 3 false 2}]
2026/02/07 14:34:05 [14:34:05.101] [Node:1] [LOG_REPLICA] [Trace:LOG_2_4][2->1] 复制日志结果:[{<nil> 0 false 0} {101 2 false 1} {101 2 false 1} {103 3 false 2}] 
2026/02/07 14:34:05 [14:34:05.101] [Node:2] [LOG_REPLICA] [Trace:LOG_2_4][2->1] 心跳返回 from peer:1 term:4 success:true
2026/02/07 14:34:05 [14:34:05.101] [Node:2] [LOG_REPLICA] [Trace:LOG_2_4][2->1] 日志复制返回成功 from peer:1 term:4 agreeCount:2 log [{101 2 false 1} {103 3 false 2}]
2026/02/07 14:34:05 [14:34:05.101] [Node:2] [LOG_REPLICA] [Trace:LOG_2_4][2->1] 日志复制返回成功 但是已经更新过了 from peer:1 term:4 matchIndex:2 log last index:2
2026/02/07 14:34:05 rfats [0xc00010c000 0xc00010c100 0xc00010c200]
2026/02/07 14:34:05 i 0 cmd1 <nil>, ok false
2026/02/07 14:34:05 i 1 cmd1 <nil>, ok false
2026/02/07 14:34:05 i 2 cmd1 <nil>, ok false
2026/02/07 14:34:05 nd 0, cmd1 <nil> cmd 104
2026/02/07 14:34:05 rfats [0xc00010c000 0xc00010c100 0xc00010c200]
2026/02/07 14:34:05 i 0 cmd1 <nil>, ok false
2026/02/07 14:34:05 i 1 cmd1 <nil>, ok false
2026/02/07 14:34:05 i 2 cmd1 <nil>, ok false
2026/02/07 14:34:05 nd 0, cmd1 <nil> cmd 104
2026/02/07 14:34:05 rfats [0xc00010c000 0xc00010c100 0xc00010c200]
2026/02/07 14:34:05 i 0 cmd1 <nil>, ok false
2026/02/07 14:34:05 i 1 cmd1 <nil>, ok false
2026/02/07 14:34:05 i 2 cmd1 <nil>, ok false
2026/02/07 14:34:05 nd 0, cmd1 <nil> cmd 104
2026/02/07 14:34:05 [14:34:05.149] [Node:1] [HEARTBEAT] [Trace:HB_1_4] Follower等心跳 status FOLLOWER term:4 commitIndex:2
2026/02/07 14:34:05 [14:34:05.149] [Node:2] [HEARTBEAT] [Trace:HB_2_4] 开始发送心跳广播 status LEADER term:4 commitIndex:2
2026/02/07 14:34:05 [14:34:05.149] [Node:0] [HEARTBEAT] [Trace:HB_0_3] 开始发送心跳广播 status LEADER term:3 commitIndex:2
2026/02/07 14:34:05 [Node:0] nextIndex:[2 2 3]
2026/02/07 14:34:05 [Node:0] getLogStartIndex index:1 last snapshot index:0
2026/02/07 14:34:05 [Node:2] nextIndex:[3 1 3]
2026/02/07 14:34:05 [Node:0] getNextIndex len:3 last snapshot index:0
2026/02/07 14:34:05 [Node:2] getLogStartIndex index:2 last snapshot index:0
2026/02/07 14:34:05 [Node:2] getNextIndex len:3 last snapshot index:0
2026/02/07 14:34:05 [Node:0] getLogStartIndex index:2 last snapshot index:0
2026/02/07 14:34:05 [14:34:05.149] [Node:2] [LOG_REPLICA] [Trace:LOG_2_4][2->0] 发送日志or心跳到 Node:0 开始 args:{4 2 2 3 [] 2 LOG_2_4 2 {0 0 map[] map[]}}
2026/02/07 14:34:05 [Node:0] nextIndex:[2 2 3]
2026/02/07 14:34:05 [14:34:05.149] [Node:0] [LOG_REPLICA] [Trace:LOG_0_3][0->1] 发送日志or心跳到 Node:1 开始 args:{3 0 1 2 [{103 3 false 2}] 2 LOG_0_3 0 {0 0 map[] map[]}}
2026/02/07 14:34:05 [Node:2] nextIndex:[3 1 3]
2026/02/07 14:34:05 [Node:0] getLogStartIndex index:2 last snapshot index:0
2026/02/07 14:34:05 [Node:0] getNextIndex len:3 last snapshot index:0
2026/02/07 14:34:05 [Node:2] getLogStartIndex index:0 last snapshot index:0
2026/02/07 14:34:05 [Node:2] getNextIndex len:3 last snapshot index:0
2026/02/07 14:34:05 [14:34:05.150] [Node:0] [LOG_REPLICA] [Trace:LOG_0_3][0->2] 发送日志or心跳到 Node:2 开始 args:{3 0 2 3 [] 2 LOG_0_3 0 {0 0 map[] map[]}}
2026/02/07 14:34:05 [Node:2] getLogStartIndex index:1 last snapshot index:0
2026/02/07 14:34:05 [14:34:05.150] [Node:2] [LOG_REPLICA] [Trace:LOG_2_4][2->1] 发送日志or心跳到 Node:1 开始 args:{4 2 0 0 [{101 2 false 1} {103 3 false 2}] 2 LOG_2_4 2 {0 0 map[] map[]}}
2026/02/07 14:34:05 [14:34:05.150] [Node:1] [LOG_REPLICA] [Trace:LOG_2_4][2->1] AppendEntries 收到 term:4 leaderId:2 prevLogIndex:0 prevLogTerm:0 entries:2 leaderCommit:2 isHeartbeat:false currentTerm:4 status:FOLLOWER log:[{101 2 false 1} {103 3 false 2}]
2026/02/07 14:34:05 [Node:1] getNextIndex len:4 last snapshot index:0
2026/02/07 14:34:05 [14:34:05.150] [Node:1] [LOG_REPLICA] [Trace:LOG_2_4][2->1] 打印日志结果:[{<nil> 0 false 0} {101 2 false 1} {101 2 false 1} {103 3 false 2}] 
2026/02/07 14:34:05 [Node:1] getLogStartIndex index:0 last snapshot index:0
2026/02/07 14:34:05 [Node:1] getNextIndex len:4 last snapshot index:0
2026/02/07 14:34:05 [14:34:05.150] [Node:1] [LOG_REPLICA] [Trace:LOG_2_4][2->1] entry.Index:1 rf.getNextIndex():4
2026/02/07 14:34:05 [Node:1] getNextIndex len:4 last snapshot index:0
2026/02/07 14:34:05 [Node:1] getLogStartIndex index:1 last snapshot index:0
2026/02/07 14:34:05 [14:34:05.150] [Node:1] [LOG_REPLICA] [Trace:LOG_2_4][2->1] startIndex:1 rf.log[startIndex].Term:2 entry.Term:2
2026/02/07 14:34:05 [Node:1] getNextIndex len:4 last snapshot index:0
2026/02/07 14:34:05 [14:34:05.150] [Node:1] [LOG_REPLICA] [Trace:LOG_2_4][2->1] entry.Index:2 rf.getNextIndex():4
2026/02/07 14:34:05 [Node:1] getNextIndex len:4 last snapshot index:0
2026/02/07 14:34:05 [Node:1] getLogStartIndex index:2 last snapshot index:0
2026/02/07 14:34:05 [14:34:05.150] [Node:1] [LOG_REPLICA] [Trace:LOG_2_4][2->1] startIndex:2 rf.log[startIndex].Term:2 entry.Term:3
2026/02/07 14:34:05 [14:34:05.150] [Node:1] [LOG_REPLICA] [Trace:LOG_2_4][2->1] args logEntrys:[{101 2 false 1} {103 3 false 2}]
2026/02/07 14:34:05 [14:34:05.150] [Node:1] [LOG_REPLICA] [Trace:LOG_2_4][2->1] 复制日志结果:[{<nil> 0 false 0} {101 2 false 1} {101 2 false 1} {103 3 false 2}] 
2026/02/07 14:34:05 [14:34:05.151] [Node:2] [LOG_REPLICA] [Trace:LOG_2_4][2->1] 心跳返回 from peer:1 term:4 success:true
2026/02/07 14:34:05 [14:34:05.151] [Node:2] [LOG_REPLICA] [Trace:LOG_2_4][2->1] 日志复制返回成功 from peer:1 term:4 agreeCount:2 log [{101 2 false 1} {103 3 false 2}]
2026/02/07 14:34:05 [14:34:05.151] [Node:2] [LOG_REPLICA] [Trace:LOG_2_4][2->1] 日志复制返回成功 但是已经更新过了 from peer:1 term:4 matchIndex:2 log last index:2
2026/02/07 14:34:05 rfats [0xc00010c000 0xc00010c100 0xc00010c200]
2026/02/07 14:34:05 i 0 cmd1 <nil>, ok false
2026/02/07 14:34:05 i 1 cmd1 <nil>, ok false
2026/02/07 14:34:05 i 2 cmd1 <nil>, ok false
2026/02/07 14:34:05 nd 0, cmd1 <nil> cmd 104
2026/02/07 14:34:05 rfats [0xc00010c000 0xc00010c100 0xc00010c200]
2026/02/07 14:34:05 i 0 cmd1 <nil>, ok false
2026/02/07 14:34:05 i 1 cmd1 <nil>, ok false
2026/02/07 14:34:05 i 2 cmd1 <nil>, ok false
2026/02/07 14:34:05 nd 0, cmd1 <nil> cmd 104
2026/02/07 14:34:05 [14:34:05.200] [Node:0] [HEARTBEAT] [Trace:HB_0_3] 开始发送心跳广播 status LEADER term:3 commitIndex:2
2026/02/07 14:34:05 [14:34:05.200] [Node:1] [HEARTBEAT] [Trace:HB_1_4] Follower等心跳 status FOLLOWER term:4 commitIndex:2
2026/02/07 14:34:05 [14:34:05.200] [Node:2] [HEARTBEAT] [Trace:HB_2_4] 开始发送心跳广播 status LEADER term:4 commitIndex:2
2026/02/07 14:34:05 [Node:0] nextIndex:[2 2 3]
2026/02/07 14:34:05 [Node:0] getLogStartIndex index:1 last snapshot index:0
2026/02/07 14:34:05 [Node:0] getNextIndex len:3 last snapshot index:0
2026/02/07 14:34:05 [Node:0] getLogStartIndex index:2 last snapshot index:0
2026/02/07 14:34:05 [Node:2] nextIndex:[3 1 3]
2026/02/07 14:34:05 [Node:2] getLogStartIndex index:2 last snapshot index:0
2026/02/07 14:34:05 [Node:2] getNextIndex len:3 last snapshot index:0
2026/02/07 14:34:05 [Node:0] nextIndex:[2 2 3]
2026/02/07 14:34:05 [Node:0] getLogStartIndex index:2 last snapshot index:0
2026/02/07 14:34:05 [Node:2] nextIndex:[3 1 3]
2026/02/07 14:34:05 [14:34:05.200] [Node:0] [LOG_REPLICA] [Trace:LOG_0_3][0->1] 发送日志or心跳到 Node:1 开始 args:{3 0 1 2 [{103 3 false 2}] 2 LOG_0_3 0 {0 0 map[] map[]}}
2026/02/07 14:34:05 [Node:0] getNextIndex len:3 last snapshot index:0
2026/02/07 14:34:05 [14:34:05.200] [Node:2] [LOG_REPLICA] [Trace:LOG_2_4][2->0] 发送日志or心跳到 Node:0 开始 args:{4 2 2 3 [] 2 LOG_2_4 2 {0 0 map[] map[]}}
2026/02/07 14:34:05 [Node:2] getLogStartIndex index:0 last snapshot index:0
2026/02/07 14:34:05 [14:34:05.201] [Node:0] [LOG_REPLICA] [Trace:LOG_0_3][0->2] 发送日志or心跳到 Node:2 开始 args:{3 0 2 3 [] 2 LOG_0_3 0 {0 0 map[] map[]}}
2026/02/07 14:34:05 [Node:2] getNextIndex len:3 last snapshot index:0
2026/02/07 14:34:05 [Node:2] getLogStartIndex index:1 last snapshot index:0
2026/02/07 14:34:05 [14:34:05.201] [Node:2] [LOG_REPLICA] [Trace:LOG_2_4][2->1] 发送日志or心跳到 Node:1 开始 args:{4 2 0 0 [{101 2 false 1} {103 3 false 2}] 2 LOG_2_4 2 {0 0 map[] map[]}}
2026/02/07 14:34:05 [14:34:05.201] [Node:1] [LOG_REPLICA] [Trace:LOG_2_4][2->1] AppendEntries 收到 term:4 leaderId:2 prevLogIndex:0 prevLogTerm:0 entries:2 leaderCommit:2 isHeartbeat:false currentTerm:4 status:FOLLOWER log:[{101 2 false 1} {103 3 false 2}]
2026/02/07 14:34:05 [Node:1] getNextIndex len:4 last snapshot index:0
2026/02/07 14:34:05 [14:34:05.201] [Node:1] [LOG_REPLICA] [Trace:LOG_2_4][2->1] 打印日志结果:[{<nil> 0 false 0} {101 2 false 1} {101 2 false 1} {103 3 false 2}] 
2026/02/07 14:34:05 [Node:1] getLogStartIndex index:0 last snapshot index:0
2026/02/07 14:34:05 [Node:1] getNextIndex len:4 last snapshot index:0
2026/02/07 14:34:05 [14:34:05.201] [Node:1] [LOG_REPLICA] [Trace:LOG_2_4][2->1] entry.Index:1 rf.getNextIndex():4
2026/02/07 14:34:05 [Node:1] getNextIndex len:4 last snapshot index:0
2026/02/07 14:34:05 [Node:1] getLogStartIndex index:1 last snapshot index:0
2026/02/07 14:34:05 [14:34:05.201] [Node:1] [LOG_REPLICA] [Trace:LOG_2_4][2->1] startIndex:1 rf.log[startIndex].Term:2 entry.Term:2
2026/02/07 14:34:05 [Node:1] getNextIndex len:4 last snapshot index:0
2026/02/07 14:34:05 [14:34:05.201] [Node:1] [LOG_REPLICA] [Trace:LOG_2_4][2->1] entry.Index:2 rf.getNextIndex():4
2026/02/07 14:34:05 [Node:1] getNextIndex len:4 last snapshot index:0
2026/02/07 14:34:05 [Node:1] getLogStartIndex index:2 last snapshot index:0
2026/02/07 14:34:05 [14:34:05.201] [Node:1] [LOG_REPLICA] [Trace:LOG_2_4][2->1] startIndex:2 rf.log[startIndex].Term:2 entry.Term:3
2026/02/07 14:34:05 [14:34:05.202] [Node:1] [LOG_REPLICA] [Trace:LOG_2_4][2->1] args logEntrys:[{101 2 false 1} {103 3 false 2}]
2026/02/07 14:34:05 [14:34:05.202] [Node:1] [LOG_REPLICA] [Trace:LOG_2_4][2->1] 复制日志结果:[{<nil> 0 false 0} {101 2 false 1} {101 2 false 1} {103 3 false 2}] 
2026/02/07 14:34:05 [14:34:05.202] [Node:2] [LOG_REPLICA] [Trace:LOG_2_4][2->1] 心跳返回 from peer:1 term:4 success:true
2026/02/07 14:34:05 [14:34:05.202] [Node:2] [LOG_REPLICA] [Trace:LOG_2_4][2->1] 日志复制返回成功 from peer:1 term:4 agreeCount:2 log [{101 2 false 1} {103 3 false 2}]
2026/02/07 14:34:05 [14:34:05.202] [Node:2] [LOG_REPLICA] [Trace:LOG_2_4][2->1] 日志复制返回成功 但是已经更新过了 from peer:1 term:4 matchIndex:2 log last index:2
2026/02/07 14:34:05 rfats [0xc00010c000 0xc00010c100 0xc00010c200]
2026/02/07 14:34:05 i 0 cmd1 <nil>, ok false
2026/02/07 14:34:05 i 1 cmd1 <nil>, ok false
2026/02/07 14:34:05 i 2 cmd1 <nil>, ok false
2026/02/07 14:34:05 nd 0, cmd1 <nil> cmd 104
2026/02/07 14:34:05 rfats [0xc00010c000 0xc00010c100 0xc00010c200]
2026/02/07 14:34:05 i 0 cmd1 <nil>, ok false
2026/02/07 14:34:05 i 1 cmd1 <nil>, ok false
2026/02/07 14:34:05 i 2 cmd1 <nil>, ok false
2026/02/07 14:34:05 nd 0, cmd1 <nil> cmd 104
2026/02/07 14:34:05 [14:34:05.251] [Node:2] [HEARTBEAT] [Trace:HB_2_4] 开始发送心跳广播 status LEADER term:4 commitIndex:2
2026/02/07 14:34:05 [14:34:05.251] [Node:0] [HEARTBEAT] [Trace:HB_0_3] 开始发送心跳广播 status LEADER term:3 commitIndex:2
2026/02/07 14:34:05 [Node:2] nextIndex:[3 1 3]
2026/02/07 14:34:05 [Node:2] getLogStartIndex index:2 last snapshot index:0
2026/02/07 14:34:05 [Node:2] getNextIndex len:3 last snapshot index:0
2026/02/07 14:34:05 [14:34:05.251] [Node:1] [HEARTBEAT] [Trace:HB_1_4] Follower等心跳 status FOLLOWER term:4 commitIndex:2
2026/02/07 14:34:05 [Node:0] nextIndex:[2 2 3]
2026/02/07 14:34:05 [14:34:05.251] [Node:2] [LOG_REPLICA] [Trace:LOG_2_4][2->0] 发送日志or心跳到 Node:0 开始 args:{4 2 2 3 [] 2 LOG_2_4 2 {0 0 map[] map[]}}
2026/02/07 14:34:05 [Node:2] nextIndex:[3 1 3]
2026/02/07 14:34:05 [Node:2] getLogStartIndex index:0 last snapshot index:0
2026/02/07 14:34:05 [Node:2] getNextIndex len:3 last snapshot index:0
2026/02/07 14:34:05 [Node:0] getLogStartIndex index:2 last snapshot index:0
2026/02/07 14:34:05 [Node:0] getNextIndex len:3 last snapshot index:0
2026/02/07 14:34:05 [Node:2] getLogStartIndex index:1 last snapshot index:0
2026/02/07 14:34:05 [14:34:05.251] [Node:0] [LOG_REPLICA] [Trace:LOG_0_3][0->2] 发送日志or心跳到 Node:2 开始 args:{3 0 2 3 [] 2 LOG_0_3 0 {0 0 map[] map[]}}
2026/02/07 14:34:05 [Node:0] nextIndex:[2 2 3]
2026/02/07 14:34:05 [14:34:05.251] [Node:2] [LOG_REPLICA] [Trace:LOG_2_4][2->1] 发送日志or心跳到 Node:1 开始 args:{4 2 0 0 [{101 2 false 1} {103 3 false 2}] 2 LOG_2_4 2 {0 0 map[] map[]}}
2026/02/07 14:34:05 [Node:0] getLogStartIndex index:1 last snapshot index:0
2026/02/07 14:34:05 [Node:0] getNextIndex len:3 last snapshot index:0
2026/02/07 14:34:05 [Node:0] getLogStartIndex index:2 last snapshot index:0
2026/02/07 14:34:05 [14:34:05.252] [Node:0] [LOG_REPLICA] [Trace:LOG_0_3][0->1] 发送日志or心跳到 Node:1 开始 args:{3 0 1 2 [{103 3 false 2}] 2 LOG_0_3 0 {0 0 map[] map[]}}
2026/02/07 14:34:05 [14:34:05.252] [Node:1] [LOG_REPLICA] [Trace:LOG_2_4][2->1] AppendEntries 收到 term:4 leaderId:2 prevLogIndex:0 prevLogTerm:0 entries:2 leaderCommit:2 isHeartbeat:false currentTerm:4 status:FOLLOWER log:[{101 2 false 1} {103 3 false 2}]
2026/02/07 14:34:05 [Node:1] getNextIndex len:4 last snapshot index:0
2026/02/07 14:34:05 [14:34:05.252] [Node:1] [LOG_REPLICA] [Trace:LOG_2_4][2->1] 打印日志结果:[{<nil> 0 false 0} {101 2 false 1} {101 2 false 1} {103 3 false 2}] 
2026/02/07 14:34:05 [Node:1] getLogStartIndex index:0 last snapshot index:0
2026/02/07 14:34:05 [Node:1] getNextIndex len:4 last snapshot index:0
2026/02/07 14:34:05 [14:34:05.252] [Node:1] [LOG_REPLICA] [Trace:LOG_2_4][2->1] entry.Index:1 rf.getNextIndex():4
2026/02/07 14:34:05 [Node:1] getNextIndex len:4 last snapshot index:0
2026/02/07 14:34:05 [Node:1] getLogStartIndex index:1 last snapshot index:0
2026/02/07 14:34:05 [14:34:05.252] [Node:1] [LOG_REPLICA] [Trace:LOG_2_4][2->1] startIndex:1 rf.log[startIndex].Term:2 entry.Term:2
2026/02/07 14:34:05 [Node:1] getNextIndex len:4 last snapshot index:0
2026/02/07 14:34:05 [14:34:05.252] [Node:1] [LOG_REPLICA] [Trace:LOG_2_4][2->1] entry.Index:2 rf.getNextIndex():4
2026/02/07 14:34:05 [Node:1] getNextIndex len:4 last snapshot index:0
2026/02/07 14:34:05 [Node:1] getLogStartIndex index:2 last snapshot index:0
2026/02/07 14:34:05 [14:34:05.252] [Node:1] [LOG_REPLICA] [Trace:LOG_2_4][2->1] startIndex:2 rf.log[startIndex].Term:2 entry.Term:3
2026/02/07 14:34:05 [14:34:05.252] [Node:1] [LOG_REPLICA] [Trace:LOG_2_4][2->1] args logEntrys:[{101 2 false 1} {103 3 false 2}]
2026/02/07 14:34:05 [14:34:05.252] [Node:1] [LOG_REPLICA] [Trace:LOG_2_4][2->1] 复制日志结果:[{<nil> 0 false 0} {101 2 false 1} {101 2 false 1} {103 3 false 2}] 
2026/02/07 14:34:05 [14:34:05.253] [Node:2] [LOG_REPLICA] [Trace:LOG_2_4][2->1] 心跳返回 from peer:1 term:4 success:true
2026/02/07 14:34:05 [14:34:05.253] [Node:2] [LOG_REPLICA] [Trace:LOG_2_4][2->1] 日志复制返回成功 from peer:1 term:4 agreeCount:2 log [{101 2 false 1} {103 3 false 2}]
2026/02/07 14:34:05 [14:34:05.253] [Node:2] [LOG_REPLICA] [Trace:LOG_2_4][2->1] 日志复制返回成功 但是已经更新过了 from peer:1 term:4 matchIndex:2 log last index:2
2026/02/07 14:34:05 rfats [0xc00010c000 0xc00010c100 0xc00010c200]
2026/02/07 14:34:05 i 0 cmd1 <nil>, ok false
2026/02/07 14:34:05 i 1 cmd1 <nil>, ok false
2026/02/07 14:34:05 i 2 cmd1 <nil>, ok false
2026/02/07 14:34:05 nd 0, cmd1 <nil> cmd 104
2026/02/07 14:34:05 [14:34:05.275] [Node:2] [RPC_RECV] [Trace:CLIENT_2_1770446045275675000] 接收到日志命令:104 isLeader:true term:4
2026/02/07 14:34:05 [Node:2] getNextIndex len:3 last snapshot index:0
2026/02/07 14:34:05 返回的索引 3
2026/02/07 14:34:05 到这里了
2026/02/07 14:34:05 time.Since(t1).Seconds()
2026/02/07 14:34:05 rfats [0xc00010c000 0xc00010c100 0xc00010c200]
2026/02/07 14:34:05 i 0 cmd1 <nil>, ok false
2026/02/07 14:34:05 i 1 cmd1 <nil>, ok false
2026/02/07 14:34:05 i 2 cmd1 <nil>, ok false
2026/02/07 14:34:05 nd 0, cmd1 <nil> cmd 104
2026/02/07 14:34:05 rfats [0xc00010c000 0xc00010c100 0xc00010c200]
2026/02/07 14:34:05 i 0 cmd1 <nil>, ok false
2026/02/07 14:34:05 i 1 cmd1 <nil>, ok false
2026/02/07 14:34:05 i 2 cmd1 <nil>, ok false
2026/02/07 14:34:05 nd 0, cmd1 <nil> cmd 104
2026/02/07 14:34:05 [14:34:05.302] [Node:0] [HEARTBEAT] [Trace:HB_0_3] 开始发送心跳广播 status LEADER term:3 commitIndex:2
2026/02/07 14:34:05 [14:34:05.302] [Node:1] [HEARTBEAT] [Trace:HB_1_4] Follower等心跳 status FOLLOWER term:4 commitIndex:2
2026/02/07 14:34:05 [14:34:05.302] [Node:2] [HEARTBEAT] [Trace:HB_2_4] 开始发送心跳广播 status LEADER term:4 commitIndex:2
2026/02/07 14:34:05 [Node:0] nextIndex:[2 2 3]
2026/02/07 14:34:05 [Node:0] getLogStartIndex index:1 last snapshot index:0
2026/02/07 14:34:05 [Node:0] getNextIndex len:3 last snapshot index:0
2026/02/07 14:34:05 [Node:0] getLogStartIndex index:2 last snapshot index:0
2026/02/07 14:34:05 [Node:2] nextIndex:[3 1 3]
2026/02/07 14:34:05 [Node:2] getLogStartIndex index:2 last snapshot index:0
2026/02/07 14:34:05 [Node:2] getNextIndex len:4 last snapshot index:0
2026/02/07 14:34:05 [Node:0] nextIndex:[2 2 3]
2026/02/07 14:34:05 [14:34:05.302] [Node:0] [LOG_REPLICA] [Trace:LOG_0_3][0->1] 发送日志or心跳到 Node:1 开始 args:{3 0 1 2 [{103 3 false 2}] 2 LOG_0_3 0 {0 0 map[] map[]}}
2026/02/07 14:34:05 [Node:0] getLogStartIndex index:2 last snapshot index:0
2026/02/07 14:34:05 [Node:2] getLogStartIndex index:3 last snapshot index:0
2026/02/07 14:34:05 [Node:0] getNextIndex len:3 last snapshot index:0
2026/02/07 14:34:05 [14:34:05.302] [Node:2] [LOG_REPLICA] [Trace:LOG_2_4][2->0] 发送日志or心跳到 Node:0 开始 args:{4 2 2 3 [{104 4 false 3}] 2 LOG_2_4 2 {0 0 map[] map[]}}
2026/02/07 14:34:05 [Node:2] nextIndex:[3 1 3]
2026/02/07 14:34:05 [Node:2] getLogStartIndex index:0 last snapshot index:0
2026/02/07 14:34:05 [Node:2] getNextIndex len:4 last snapshot index:0
2026/02/07 14:34:05 [14:34:05.302] [Node:0] [LOG_REPLICA] [Trace:LOG_0_3][0->2] 发送日志or心跳到 Node:2 开始 args:{3 0 2 3 [] 2 LOG_0_3 0 {0 0 map[] map[]}}
2026/02/07 14:34:05 [Node:2] getLogStartIndex index:1 last snapshot index:0
2026/02/07 14:34:05 [14:34:05.302] [Node:2] [LOG_REPLICA] [Trace:LOG_2_4][2->1] 发送日志or心跳到 Node:1 开始 args:{4 2 0 0 [{101 2 false 1} {103 3 false 2} {104 4 false 3}] 2 LOG_2_4 2 {0 0 map[] map[]}}
2026/02/07 14:34:05 [14:34:05.303] [Node:1] [LOG_REPLICA] [Trace:LOG_2_4][2->1] AppendEntries 收到 term:4 leaderId:2 prevLogIndex:0 prevLogTerm:0 entries:3 leaderCommit:2 isHeartbeat:false currentTerm:4 status:FOLLOWER log:[{101 2 false 1} {103 3 false 2} {104 4 false 3}]
2026/02/07 14:34:05 [Node:1] getNextIndex len:4 last snapshot index:0
2026/02/07 14:34:05 [14:34:05.303] [Node:1] [LOG_REPLICA] [Trace:LOG_2_4][2->1] 打印日志结果:[{<nil> 0 false 0} {101 2 false 1} {101 2 false 1} {103 3 false 2}] 
2026/02/07 14:34:05 [Node:1] getLogStartIndex index:0 last snapshot index:0
2026/02/07 14:34:05 [Node:1] getNextIndex len:4 last snapshot index:0
2026/02/07 14:34:05 [14:34:05.303] [Node:1] [LOG_REPLICA] [Trace:LOG_2_4][2->1] entry.Index:1 rf.getNextIndex():4
2026/02/07 14:34:05 [Node:1] getNextIndex len:4 last snapshot index:0
2026/02/07 14:34:05 [Node:1] getLogStartIndex index:1 last snapshot index:0
2026/02/07 14:34:05 [14:34:05.303] [Node:1] [LOG_REPLICA] [Trace:LOG_2_4][2->1] startIndex:1 rf.log[startIndex].Term:2 entry.Term:2
2026/02/07 14:34:05 [Node:1] getNextIndex len:4 last snapshot index:0
2026/02/07 14:34:05 [14:34:05.303] [Node:1] [LOG_REPLICA] [Trace:LOG_2_4][2->1] entry.Index:2 rf.getNextIndex():4
2026/02/07 14:34:05 [Node:1] getNextIndex len:4 last snapshot index:0
2026/02/07 14:34:05 [Node:1] getLogStartIndex index:2 last snapshot index:0
2026/02/07 14:34:05 [14:34:05.303] [Node:1] [LOG_REPLICA] [Trace:LOG_2_4][2->1] startIndex:2 rf.log[startIndex].Term:2 entry.Term:3
2026/02/07 14:34:05 [14:34:05.303] [Node:1] [LOG_REPLICA] [Trace:LOG_2_4][2->1] args logEntrys:[{101 2 false 1} {103 3 false 2} {104 4 false 3}]
2026/02/07 14:34:05 [14:34:05.303] [Node:1] [LOG_REPLICA] [Trace:LOG_2_4][2->1] 复制日志结果:[{<nil> 0 false 0} {101 2 false 1} {101 2 false 1} {103 3 false 2} {104 4 false 3}] 
2026/02/07 14:34:05 [14:34:05.303] [Node:2] [LOG_REPLICA] [Trace:LOG_2_4][2->1] 心跳返回 from peer:1 term:4 success:true
2026/02/07 14:34:05 [14:34:05.303] [Node:2] [LOG_REPLICA] [Trace:LOG_2_4][2->1] 日志复制返回成功 from peer:1 term:4 agreeCount:2 log [{101 2 false 1} {103 3 false 2} {104 4 false 3}]
2026/02/07 14:34:05 [14:34:05.303] [Node:2] [LOG_REPLICA] [Trace:LOG_2_4][2->1] 更新后 server:1 matchIndex:3 nextIndex:4
2026/02/07 14:34:05 [Node:2] getNextIndex len:4 last snapshot index:0
2026/02/07 14:34:05 [Node:2] getLogStartIndex index:3 last snapshot index:0
2026/02/07 14:34:05 [14:34:05.303] [Node:2] [LOG_COMMIT] [Trace:LOG_2_4] 日志复制返回成功 多数同意，提交日志给KV服务器 index:3 term:4 majorityCount:2
2026/02/07 14:34:05 [Node:2] getLogStartIndex index:3 last snapshot index:0
2026/02/07 14:34:05 [Node:2] getLogStartIndex index:4 last snapshot index:0
2026/02/07 14:34:05 [14:34:05.303] [Node:2] [LOG_COMMIT] [Trace:APPLY_2_3] Applying logs count:1 log:[{104 4 false 3}] lastApplied:3
2026/02/07 14:34:05 rfats [0xc00010c000 0xc00010c100 0xc00010c200]
2026/02/07 14:34:05 i 0 cmd1 <nil>, ok false
2026/02/07 14:34:05 i 1 cmd1 <nil>, ok false
2026/02/07 14:34:05 i 2 cmd1 104, ok true
2026/02/07 14:34:05 nd 1, cmd1 104 cmd 104
2026/02/07 14:34:05 rfats [0xc00010c000 0xc00010c100 0xc00010c200]
2026/02/07 14:34:05 i 0 cmd1 <nil>, ok false
2026/02/07 14:34:05 i 1 cmd1 <nil>, ok false
2026/02/07 14:34:05 i 2 cmd1 104, ok true
2026/02/07 14:34:05 nd 1, cmd1 104 cmd 104
2026/02/07 14:34:05 [14:34:05.352] [Node:2] [HEARTBEAT] [Trace:HB_2_4] 开始发送心跳广播 status LEADER term:4 commitIndex:3
2026/02/07 14:34:05 [14:34:05.352] [Node:0] [HEARTBEAT] [Trace:HB_0_3] 开始发送心跳广播 status LEADER term:3 commitIndex:2
2026/02/07 14:34:05 [14:34:05.352] [Node:1] [HEARTBEAT] [Trace:HB_1_4] Follower等心跳 status FOLLOWER term:4 commitIndex:2
2026/02/07 14:34:05 [Node:2] nextIndex:[3 4 3]
2026/02/07 14:34:05 [Node:2] getLogStartIndex index:2 last snapshot index:0
2026/02/07 14:34:05 [Node:0] nextIndex:[2 2 3]
2026/02/07 14:34:05 [Node:2] getNextIndex len:4 last snapshot index:0
2026/02/07 14:34:05 [Node:2] getLogStartIndex index:3 last snapshot index:0
2026/02/07 14:34:05 [Node:0] getLogStartIndex index:2 last snapshot index:0
2026/02/07 14:34:05 [Node:2] nextIndex:[3 4 3]
2026/02/07 14:34:05 [Node:0] getNextIndex len:3 last snapshot index:0
2026/02/07 14:34:05 [14:34:05.352] [Node:2] [LOG_REPLICA] [Trace:LOG_2_4][2->0] 发送日志or心跳到 Node:0 开始 args:{4 2 2 3 [{104 4 false 3}] 3 LOG_2_4 2 {0 0 map[] map[]}}
2026/02/07 14:34:05 [14:34:05.352] [Node:0] [LOG_REPLICA] [Trace:LOG_0_3][0->2] 发送日志or心跳到 Node:2 开始 args:{3 0 2 3 [] 2 LOG_0_3 0 {0 0 map[] map[]}}
2026/02/07 14:34:05 [Node:0] nextIndex:[2 2 3]
2026/02/07 14:34:05 [Node:0] getLogStartIndex index:1 last snapshot index:0
2026/02/07 14:34:05 [Node:2] getLogStartIndex index:3 last snapshot index:0
2026/02/07 14:34:05 [Node:2] getNextIndex len:4 last snapshot index:0
2026/02/07 14:34:05 [Node:0] getNextIndex len:3 last snapshot index:0
2026/02/07 14:34:05 [Node:0] getLogStartIndex index:2 last snapshot index:0
2026/02/07 14:34:05 [14:34:05.352] [Node:2] [LOG_REPLICA] [Trace:LOG_2_4][2->1] 发送日志or心跳到 Node:1 开始 args:{4 2 3 4 [] 3 LOG_2_4 2 {0 0 map[] map[]}}
2026/02/07 14:34:05 [14:34:05.352] [Node:0] [LOG_REPLICA] [Trace:LOG_0_3][0->1] 发送日志or心跳到 Node:1 开始 args:{3 0 1 2 [{103 3 false 2}] 2 LOG_0_3 0 {0 0 map[] map[]}}
2026/02/07 14:34:05 [14:34:05.353] [Node:1] [HEARTBEAT] [Trace:LOG_2_4][2->1] AppendEntries 收到 term:4 leaderId:2 prevLogIndex:3 prevLogTerm:4 entries:0 leaderCommit:3 isHeartbeat:true currentTerm:4 status:FOLLOWER log:[]
2026/02/07 14:34:05 [Node:1] getNextIndex len:5 last snapshot index:0
2026/02/07 14:34:05 [14:34:05.353] [Node:1] [HEARTBEAT] [Trace:LOG_2_4][2->1] 打印日志结果:[{<nil> 0 false 0} {101 2 false 1} {101 2 false 1} {103 3 false 2} {104 4 false 3}] 
2026/02/07 14:34:05 [Node:1] getLogStartIndex index:3 last snapshot index:0
2026/02/07 14:34:05 [14:34:05.353] [Node:1] [HEARTBEAT] [Trace:LOG_2_4][2->1] Rejected: 收到LogEntry，但是term 不对 prevLogIndex:3 logLen:5 logEntry term:3 prevlogterm:4 LogIndex:3
2026/02/07 14:34:05 [14:34:05.353] [Node:2] [LOG_REPLICA] [Trace:LOG_2_4][2->1] 心跳返回 from peer:1 term:4 success:false
2026/02/07 14:34:05 [14:34:05.353] [Node:2] [LOG_REPLICA] [Trace:LOG_2_4][2->1] 日志复制返回失败，开始快速恢复 for peer:1 starting fast recovery replyLogIndex:3
2026/02/07 14:34:05 [Node:2] nextIndex:[3 3 3]
2026/02/07 14:34:05 [Node:2] getLogStartIndex index:2 last snapshot index:0
2026/02/07 14:34:05 [Node:2] getNextIndex len:4 last snapshot index:0
2026/02/07 14:34:05 [Node:2] getLogStartIndex index:3 last snapshot index:0
2026/02/07 14:34:05 [14:34:05.354] [Node:2] [LOG_REPLICA] [Trace:LOG_2_4][2->1] 发送日志or心跳到 Node:1 开始 args:{4 2 2 3 [{104 4 false 3}] 3 LOG_2_4 2 {0 0 map[] map[]}}
2026/02/07 14:34:05 [14:34:05.354] [Node:1] [LOG_REPLICA] [Trace:LOG_2_4][2->1] AppendEntries 收到 term:4 leaderId:2 prevLogIndex:2 prevLogTerm:3 entries:1 leaderCommit:3 isHeartbeat:false currentTerm:4 status:FOLLOWER log:[{104 4 false 3}]
2026/02/07 14:34:05 [Node:1] getNextIndex len:5 last snapshot index:0
2026/02/07 14:34:05 [14:34:05.354] [Node:1] [LOG_REPLICA] [Trace:LOG_2_4][2->1] 打印日志结果:[{<nil> 0 false 0} {101 2 false 1} {101 2 false 1} {103 3 false 2} {104 4 false 3}] 
2026/02/07 14:34:05 [Node:1] getLogStartIndex index:2 last snapshot index:0
2026/02/07 14:34:05 [14:34:05.354] [Node:1] [LOG_REPLICA] [Trace:LOG_2_4][2->1] Rejected: 收到LogEntry，但是term 不对 prevLogIndex:2 logLen:5 logEntry term:2 prevlogterm:3 LogIndex:1
2026/02/07 14:34:05 [14:34:05.354] [Node:2] [LOG_REPLICA] [Trace:LOG_2_4][2->1] 心跳返回 from peer:1 term:4 success:false
2026/02/07 14:34:05 [14:34:05.354] [Node:2] [LOG_REPLICA] [Trace:LOG_2_4][2->1] 日志复制返回失败，开始快速恢复 for peer:1 starting fast recovery replyLogIndex:1
2026/02/07 14:34:05 [Node:2] nextIndex:[3 1 3]
2026/02/07 14:34:05 [Node:2] getLogStartIndex index:0 last snapshot index:0
2026/02/07 14:34:05 [Node:2] getNextIndex len:4 last snapshot index:0
2026/02/07 14:34:05 [Node:2] getLogStartIndex index:1 last snapshot index:0
2026/02/07 14:34:05 [14:34:05.354] [Node:2] [LOG_REPLICA] [Trace:LOG_2_4][2->1] 发送日志or心跳到 Node:1 开始 args:{4 2 0 0 [{101 2 false 1} {103 3 false 2} {104 4 false 3}] 3 LOG_2_4 2 {0 0 map[] map[]}}
2026/02/07 14:34:05 [14:34:05.355] [Node:1] [LOG_REPLICA] [Trace:LOG_2_4][2->1] AppendEntries 收到 term:4 leaderId:2 prevLogIndex:0 prevLogTerm:0 entries:3 leaderCommit:3 isHeartbeat:false currentTerm:4 status:FOLLOWER log:[{101 2 false 1} {103 3 false 2} {104 4 false 3}]
2026/02/07 14:34:05 [Node:1] getNextIndex len:5 last snapshot index:0
2026/02/07 14:34:05 [14:34:05.355] [Node:1] [LOG_REPLICA] [Trace:LOG_2_4][2->1] 打印日志结果:[{<nil> 0 false 0} {101 2 false 1} {101 2 false 1} {103 3 false 2} {104 4 false 3}] 
2026/02/07 14:34:05 [Node:1] getLogStartIndex index:0 last snapshot index:0
2026/02/07 14:34:05 [Node:1] getNextIndex len:5 last snapshot index:0
2026/02/07 14:34:05 [14:34:05.355] [Node:1] [LOG_REPLICA] [Trace:LOG_2_4][2->1] entry.Index:1 rf.getNextIndex():5
2026/02/07 14:34:05 [Node:1] getNextIndex len:5 last snapshot index:0
2026/02/07 14:34:05 [Node:1] getLogStartIndex index:1 last snapshot index:0
2026/02/07 14:34:05 [14:34:05.355] [Node:1] [LOG_REPLICA] [Trace:LOG_2_4][2->1] startIndex:1 rf.log[startIndex].Term:2 entry.Term:2
2026/02/07 14:34:05 [Node:1] getNextIndex len:5 last snapshot index:0
2026/02/07 14:34:05 [14:34:05.355] [Node:1] [LOG_REPLICA] [Trace:LOG_2_4][2->1] entry.Index:2 rf.getNextIndex():5
2026/02/07 14:34:05 [Node:1] getNextIndex len:5 last snapshot index:0
2026/02/07 14:34:05 [Node:1] getLogStartIndex index:2 last snapshot index:0
2026/02/07 14:34:05 [14:34:05.355] [Node:1] [LOG_REPLICA] [Trace:LOG_2_4][2->1] startIndex:2 rf.log[startIndex].Term:2 entry.Term:3
2026/02/07 14:34:05 [14:34:05.355] [Node:1] [LOG_REPLICA] [Trace:LOG_2_4][2->1] args logEntrys:[{101 2 false 1} {103 3 false 2} {104 4 false 3}]
2026/02/07 14:34:05 [14:34:05.355] [Node:1] [LOG_REPLICA] [Trace:LOG_2_4][2->1] 复制日志结果:[{<nil> 0 false 0} {101 2 false 1} {101 2 false 1} {103 3 false 2} {104 4 false 3}] 
2026/02/07 14:34:05 [Node:1] getNextIndex len:5 last snapshot index:0
2026/02/07 14:34:05 [14:34:05.355] [Node:1] [LOG_COMMIT] [Trace:LOG_2_4][2->1] 收到LogEntry，并且Leader已经提交， 本地log 2->3 leaderCommit:3 lastApplied:1
2026/02/07 14:34:05 [Node:1] getLogStartIndex index:2 last snapshot index:0
2026/02/07 14:34:05 [Node:1] getLogStartIndex index:4 last snapshot index:0
2026/02/07 14:34:05 [14:34:05.355] [Node:1] [LOG_COMMIT] [Trace:APPLY_1_2] Applying logs count:2 log:[{101 2 false 1} {103 3 false 2}] lastApplied:2
2026/02/07 14:34:05 [14:34:05.356] [Node:2] [LOG_REPLICA] [Trace:LOG_2_4][2->1] 心跳返回 from peer:1 term:4 success:true
2026/02/07 14:34:05 [14:34:05.356] [Node:2] [LOG_REPLICA] [Trace:LOG_2_4][2->1] 日志复制返回成功 from peer:1 term:4 agreeCount:2 log [{101 2 false 1} {103 3 false 2} {104 4 false 3}]
2026/02/07 14:34:05 [14:34:05.356] [Node:2] [LOG_REPLICA] [Trace:LOG_2_4][2->1] 日志复制返回成功 但是已经更新过了 from peer:1 term:4 matchIndex:3 log last index:3
2026/02/07 14:34:05 rfats [0xc00010c000 0xc00010c100 0xc00010c200]
2026/02/07 14:34:05 i 0 cmd1 <nil>, ok false
2026/02/07 14:34:05 i 1 cmd1 <nil>, ok false
2026/02/07 14:34:05 i 2 cmd1 104, ok true
2026/02/07 14:34:05 nd 1, cmd1 104 cmd 104
2026/02/07 14:34:05 rfats [0xc00010c000 0xc00010c100 0xc00010c200]
2026/02/07 14:34:05 i 0 cmd1 <nil>, ok false
2026/02/07 14:34:05 i 1 cmd1 <nil>, ok false
2026/02/07 14:34:05 i 2 cmd1 104, ok true
2026/02/07 14:34:05 nd 1, cmd1 104 cmd 104
2026/02/07 14:34:05 rfats [0xc00010c000 0xc00010c100 0xc00010c200]
2026/02/07 14:34:05 [14:34:05.402] [Node:0] [HEARTBEAT] [Trace:HB_0_3] 开始发送心跳广播 status LEADER term:3 commitIndex:2
2026/02/07 14:34:05 i 0 cmd1 <nil>, ok false
2026/02/07 14:34:05 i 1 cmd1 <nil>, ok false
2026/02/07 14:34:05 [Node:0] nextIndex:[2 2 3]
2026/02/07 14:34:05 [Node:0] getLogStartIndex index:1 last snapshot index:0
2026/02/07 14:34:05 [Node:0] getNextIndex len:3 last snapshot index:0
2026/02/07 14:34:05 [Node:0] getLogStartIndex index:2 last snapshot index:0
2026/02/07 14:34:05 i 2 cmd1 104, ok true
2026/02/07 14:34:05 nd 1, cmd1 104 cmd 104
2026/02/07 14:34:05 [14:34:05.402] [Node:2] [HEARTBEAT] [Trace:HB_2_4] 开始发送心跳广播 status LEADER term:4 commitIndex:3
2026/02/07 14:34:05 [14:34:05.402] [Node:0] [LOG_REPLICA] [Trace:LOG_0_3][0->1] 发送日志or心跳到 Node:1 开始 args:{3 0 1 2 [{103 3 false 2}] 2 LOG_0_3 0 {0 0 map[] map[]}}
2026/02/07 14:34:05 [14:34:05.402] [Node:1] [HEARTBEAT] [Trace:HB_1_4] Follower等心跳 status FOLLOWER term:4 commitIndex:3
2026/02/07 14:34:05 [Node:0] nextIndex:[2 2 3]
2026/02/07 14:34:05 [Node:0] getLogStartIndex index:2 last snapshot index:0
2026/02/07 14:34:05 [Node:0] getNextIndex len:3 last snapshot index:0
2026/02/07 14:34:05 [Node:2] nextIndex:[3 1 3]
2026/02/07 14:34:05 [14:34:05.402] [Node:0] [LOG_REPLICA] [Trace:LOG_0_3][0->2] 发送日志or心跳到 Node:2 开始 args:{3 0 2 3 [] 2 LOG_0_3 0 {0 0 map[] map[]}}
2026/02/07 14:34:05 [Node:2] getLogStartIndex index:0 last snapshot index:0
2026/02/07 14:34:05 [Node:2] getNextIndex len:4 last snapshot index:0
2026/02/07 14:34:05 [Node:2] getLogStartIndex index:1 last snapshot index:0
2026/02/07 14:34:05 [Node:2] nextIndex:[3 1 3]
2026/02/07 14:34:05 [14:34:05.403] [Node:2] [LOG_REPLICA] [Trace:LOG_2_4][2->1] 发送日志or心跳到 Node:1 开始 args:{4 2 0 0 [{101 2 false 1} {103 3 false 2} {104 4 false 3}] 3 LOG_2_4 2 {0 0 map[] map[]}}
2026/02/07 14:34:05 [Node:2] getLogStartIndex index:2 last snapshot index:0
2026/02/07 14:34:05 [Node:2] getNextIndex len:4 last snapshot index:0
2026/02/07 14:34:05 [Node:2] getLogStartIndex index:3 last snapshot index:0
2026/02/07 14:34:05 [14:34:05.403] [Node:2] [LOG_REPLICA] [Trace:LOG_2_4][2->0] 发送日志or心跳到 Node:0 开始 args:{4 2 2 3 [{104 4 false 3}] 3 LOG_2_4 2 {0 0 map[] map[]}}
2026/02/07 14:34:05 [14:34:05.403] [Node:1] [LOG_REPLICA] [Trace:LOG_2_4][2->1] AppendEntries 收到 term:4 leaderId:2 prevLogIndex:0 prevLogTerm:0 entries:3 leaderCommit:3 isHeartbeat:false currentTerm:4 status:FOLLOWER log:[{101 2 false 1} {103 3 false 2} {104 4 false 3}]
2026/02/07 14:34:05 [Node:1] getNextIndex len:5 last snapshot index:0
2026/02/07 14:34:05 [14:34:05.403] [Node:1] [LOG_REPLICA] [Trace:LOG_2_4][2->1] 打印日志结果:[{<nil> 0 false 0} {101 2 false 1} {101 2 false 1} {103 3 false 2} {104 4 false 3}] 
2026/02/07 14:34:05 [Node:1] getLogStartIndex index:0 last snapshot index:0
2026/02/07 14:34:05 [Node:1] getNextIndex len:5 last snapshot index:0
2026/02/07 14:34:05 [14:34:05.403] [Node:1] [LOG_REPLICA] [Trace:LOG_2_4][2->1] entry.Index:1 rf.getNextIndex():5
2026/02/07 14:34:05 [Node:1] getNextIndex len:5 last snapshot index:0
2026/02/07 14:34:05 [Node:1] getLogStartIndex index:1 last snapshot index:0
2026/02/07 14:34:05 [14:34:05.403] [Node:1] [LOG_REPLICA] [Trace:LOG_2_4][2->1] startIndex:1 rf.log[startIndex].Term:2 entry.Term:2
2026/02/07 14:34:05 [Node:1] getNextIndex len:5 last snapshot index:0
2026/02/07 14:34:05 [14:34:05.403] [Node:1] [LOG_REPLICA] [Trace:LOG_2_4][2->1] entry.Index:2 rf.getNextIndex():5
2026/02/07 14:34:05 [Node:1] getNextIndex len:5 last snapshot index:0
2026/02/07 14:34:05 [Node:1] getLogStartIndex index:2 last snapshot index:0
2026/02/07 14:34:05 [14:34:05.403] [Node:1] [LOG_REPLICA] [Trace:LOG_2_4][2->1] startIndex:2 rf.log[startIndex].Term:2 entry.Term:3
2026/02/07 14:34:05 [14:34:05.403] [Node:1] [LOG_REPLICA] [Trace:LOG_2_4][2->1] args logEntrys:[{101 2 false 1} {103 3 false 2} {104 4 false 3}]
2026/02/07 14:34:05 [14:34:05.404] [Node:1] [LOG_REPLICA] [Trace:LOG_2_4][2->1] 复制日志结果:[{<nil> 0 false 0} {101 2 false 1} {101 2 false 1} {103 3 false 2} {104 4 false 3}] 
2026/02/07 14:34:05 [14:34:05.404] [Node:2] [LOG_REPLICA] [Trace:LOG_2_4][2->1] 心跳返回 from peer:1 term:4 success:true
2026/02/07 14:34:05 [14:34:05.404] [Node:2] [LOG_REPLICA] [Trace:LOG_2_4][2->1] 日志复制返回成功 from peer:1 term:4 agreeCount:2 log [{101 2 false 1} {103 3 false 2} {104 4 false 3}]
2026/02/07 14:34:05 [14:34:05.404] [Node:2] [LOG_REPLICA] [Trace:LOG_2_4][2->1] 日志复制返回成功 但是已经更新过了 from peer:1 term:4 matchIndex:3 log last index:3
2026/02/07 14:34:05 rfats [0xc00010c000 0xc00010c100 0xc00010c200]
2026/02/07 14:34:05 i 0 cmd1 <nil>, ok false
2026/02/07 14:34:05 i 1 cmd1 <nil>, ok false
2026/02/07 14:34:05 i 2 cmd1 104, ok true
2026/02/07 14:34:05 nd 1, cmd1 104 cmd 104
2026/02/07 14:34:05 rfats [0xc00010c000 0xc00010c100 0xc00010c200]
2026/02/07 14:34:05 i 0 cmd1 <nil>, ok false
2026/02/07 14:34:05 i 1 cmd1 <nil>, ok false
2026/02/07 14:34:05 i 2 cmd1 104, ok true
2026/02/07 14:34:05 nd 1, cmd1 104 cmd 104
2026/02/07 14:34:05 [14:34:05.453] [Node:2] [HEARTBEAT] [Trace:HB_2_4] 开始发送心跳广播 status LEADER term:4 commitIndex:3
2026/02/07 14:34:05 [14:34:05.453] [Node:0] [HEARTBEAT] [Trace:HB_0_3] 开始发送心跳广播 status LEADER term:3 commitIndex:2
2026/02/07 14:34:05 [14:34:05.453] [Node:1] [HEARTBEAT] [Trace:HB_1_4] Follower等心跳 status FOLLOWER term:4 commitIndex:3
2026/02/07 14:34:05 [Node:2] nextIndex:[3 1 3]
2026/02/07 14:34:05 [Node:0] nextIndex:[2 2 3]
2026/02/07 14:34:05 [Node:2] getLogStartIndex index:2 last snapshot index:0
2026/02/07 14:34:05 [Node:0] getLogStartIndex index:1 last snapshot index:0
2026/02/07 14:34:05 [Node:0] getNextIndex len:3 last snapshot index:0
2026/02/07 14:34:05 [Node:0] getLogStartIndex index:2 last snapshot index:0
2026/02/07 14:34:05 [Node:2] getNextIndex len:4 last snapshot index:0
2026/02/07 14:34:05 [Node:2] getLogStartIndex index:3 last snapshot index:0
2026/02/07 14:34:05 [Node:0] nextIndex:[2 2 3]
2026/02/07 14:34:05 [Node:0] getLogStartIndex index:2 last snapshot index:0
2026/02/07 14:34:05 [14:34:05.454] [Node:0] [LOG_REPLICA] [Trace:LOG_0_3][0->1] 发送日志or心跳到 Node:1 开始 args:{3 0 1 2 [{103 3 false 2}] 2 LOG_0_3 0 {0 0 map[] map[]}}
2026/02/07 14:34:05 [Node:0] getNextIndex len:3 last snapshot index:0
2026/02/07 14:34:05 [14:34:05.454] [Node:2] [LOG_REPLICA] [Trace:LOG_2_4][2->0] 发送日志or心跳到 Node:0 开始 args:{4 2 2 3 [{104 4 false 3}] 3 LOG_2_4 2 {0 0 map[] map[]}}
2026/02/07 14:34:05 [14:34:05.454] [Node:0] [LOG_REPLICA] [Trace:LOG_0_3][0->2] 发送日志or心跳到 Node:2 开始 args:{3 0 2 3 [] 2 LOG_0_3 0 {0 0 map[] map[]}}
2026/02/07 14:34:05 [Node:2] nextIndex:[3 1 3]
2026/02/07 14:34:05 [Node:2] getLogStartIndex index:0 last snapshot index:0
2026/02/07 14:34:05 [Node:2] getNextIndex len:4 last snapshot index:0
2026/02/07 14:34:05 [Node:2] getLogStartIndex index:1 last snapshot index:0
2026/02/07 14:34:05 [14:34:05.454] [Node:2] [LOG_REPLICA] [Trace:LOG_2_4][2->1] 发送日志or心跳到 Node:1 开始 args:{4 2 0 0 [{101 2 false 1} {103 3 false 2} {104 4 false 3}] 3 LOG_2_4 2 {0 0 map[] map[]}}
2026/02/07 14:34:05 [14:34:05.454] [Node:1] [LOG_REPLICA] [Trace:LOG_2_4][2->1] AppendEntries 收到 term:4 leaderId:2 prevLogIndex:0 prevLogTerm:0 entries:3 leaderCommit:3 isHeartbeat:false currentTerm:4 status:FOLLOWER log:[{101 2 false 1} {103 3 false 2} {104 4 false 3}]
2026/02/07 14:34:05 [Node:1] getNextIndex len:5 last snapshot index:0
2026/02/07 14:34:05 [14:34:05.454] [Node:1] [LOG_REPLICA] [Trace:LOG_2_4][2->1] 打印日志结果:[{<nil> 0 false 0} {101 2 false 1} {101 2 false 1} {103 3 false 2} {104 4 false 3}] 
2026/02/07 14:34:05 [Node:1] getLogStartIndex index:0 last snapshot index:0
2026/02/07 14:34:05 [Node:1] getNextIndex len:5 last snapshot index:0
2026/02/07 14:34:05 [14:34:05.454] [Node:1] [LOG_REPLICA] [Trace:LOG_2_4][2->1] entry.Index:1 rf.getNextIndex():5
2026/02/07 14:34:05 [Node:1] getNextIndex len:5 last snapshot index:0
2026/02/07 14:34:05 [Node:1] getLogStartIndex index:1 last snapshot index:0
2026/02/07 14:34:05 [14:34:05.454] [Node:1] [LOG_REPLICA] [Trace:LOG_2_4][2->1] startIndex:1 rf.log[startIndex].Term:2 entry.Term:2
2026/02/07 14:34:05 [Node:1] getNextIndex len:5 last snapshot index:0
2026/02/07 14:34:05 [14:34:05.454] [Node:1] [LOG_REPLICA] [Trace:LOG_2_4][2->1] entry.Index:2 rf.getNextIndex():5
2026/02/07 14:34:05 [Node:1] getNextIndex len:5 last snapshot index:0
2026/02/07 14:34:05 [Node:1] getLogStartIndex index:2 last snapshot index:0
2026/02/07 14:34:05 [14:34:05.455] [Node:1] [LOG_REPLICA] [Trace:LOG_2_4][2->1] startIndex:2 rf.log[startIndex].Term:2 entry.Term:3
2026/02/07 14:34:05 [14:34:05.455] [Node:1] [LOG_REPLICA] [Trace:LOG_2_4][2->1] args logEntrys:[{101 2 false 1} {103 3 false 2} {104 4 false 3}]
2026/02/07 14:34:05 [14:34:05.455] [Node:1] [LOG_REPLICA] [Trace:LOG_2_4][2->1] 复制日志结果:[{<nil> 0 false 0} {101 2 false 1} {101 2 false 1} {103 3 false 2} {104 4 false 3}] 
2026/02/07 14:34:05 [14:34:05.455] [Node:2] [LOG_REPLICA] [Trace:LOG_2_4][2->1] 心跳返回 from peer:1 term:4 success:true
2026/02/07 14:34:05 [14:34:05.455] [Node:2] [LOG_REPLICA] [Trace:LOG_2_4][2->1] 日志复制返回成功 from peer:1 term:4 agreeCount:2 log [{101 2 false 1} {103 3 false 2} {104 4 false 3}]
2026/02/07 14:34:05 [14:34:05.455] [Node:2] [LOG_REPLICA] [Trace:LOG_2_4][2->1] 日志复制返回成功 但是已经更新过了 from peer:1 term:4 matchIndex:3 log last index:3
2026/02/07 14:34:05 rfats [0xc00010c000 0xc00010c100 0xc00010c200]
2026/02/07 14:34:05 i 0 cmd1 <nil>, ok false
2026/02/07 14:34:05 i 1 cmd1 <nil>, ok false
2026/02/07 14:34:05 i 2 cmd1 104, ok true
2026/02/07 14:34:05 nd 1, cmd1 104 cmd 104
2026/02/07 14:34:05 rfats [0xc00010c000 0xc00010c100 0xc00010c200]
2026/02/07 14:34:05 i 0 cmd1 <nil>, ok false
2026/02/07 14:34:05 i 1 cmd1 <nil>, ok false
2026/02/07 14:34:05 i 2 cmd1 104, ok true
2026/02/07 14:34:05 nd 1, cmd1 104 cmd 104
2026/02/07 14:34:05 [14:34:05.504] [Node:2] [HEARTBEAT] [Trace:HB_2_4] 开始发送心跳广播 status LEADER term:4 commitIndex:3
2026/02/07 14:34:05 [14:34:05.504] [Node:1] [HEARTBEAT] [Trace:HB_1_4] Follower等心跳 status FOLLOWER term:4 commitIndex:3
2026/02/07 14:34:05 [14:34:05.504] [Node:0] [HEARTBEAT] [Trace:HB_0_3] 开始发送心跳广播 status LEADER term:3 commitIndex:2
2026/02/07 14:34:05 [Node:2] nextIndex:[3 1 3]
2026/02/07 14:34:05 [Node:2] getLogStartIndex index:0 last snapshot index:0
2026/02/07 14:34:05 [Node:0] nextIndex:[2 2 3]
2026/02/07 14:34:05 [Node:0] getLogStartIndex index:1 last snapshot index:0
2026/02/07 14:34:05 [Node:0] getNextIndex len:3 last snapshot index:0
2026/02/07 14:34:05 [Node:0] getLogStartIndex index:2 last snapshot index:0
2026/02/07 14:34:05 [Node:2] getNextIndex len:4 last snapshot index:0
2026/02/07 14:34:05 [Node:2] getLogStartIndex index:1 last snapshot index:0
2026/02/07 14:34:05 [Node:0] nextIndex:[2 2 3]
2026/02/07 14:34:05 [Node:0] getLogStartIndex index:2 last snapshot index:0
2026/02/07 14:34:05 [14:34:05.504] [Node:0] [LOG_REPLICA] [Trace:LOG_0_3][0->1] 发送日志or心跳到 Node:1 开始 args:{3 0 1 2 [{103 3 false 2}] 2 LOG_0_3 0 {0 0 map[] map[]}}
2026/02/07 14:34:05 [Node:0] getNextIndex len:3 last snapshot index:0
2026/02/07 14:34:05 [14:34:05.504] [Node:2] [LOG_REPLICA] [Trace:LOG_2_4][2->1] 发送日志or心跳到 Node:1 开始 args:{4 2 0 0 [{101 2 false 1} {103 3 false 2} {104 4 false 3}] 3 LOG_2_4 2 {0 0 map[] map[]}}
2026/02/07 14:34:05 [14:34:05.505] [Node:0] [LOG_REPLICA] [Trace:LOG_0_3][0->2] 发送日志or心跳到 Node:2 开始 args:{3 0 2 3 [] 2 LOG_0_3 0 {0 0 map[] map[]}}
2026/02/07 14:34:05 [Node:2] nextIndex:[3 1 3]
2026/02/07 14:34:05 [Node:2] getLogStartIndex index:2 last snapshot index:0
2026/02/07 14:34:05 [Node:2] getNextIndex len:4 last snapshot index:0
2026/02/07 14:34:05 [Node:2] getLogStartIndex index:3 last snapshot index:0
2026/02/07 14:34:05 [14:34:05.505] [Node:2] [LOG_REPLICA] [Trace:LOG_2_4][2->0] 发送日志or心跳到 Node:0 开始 args:{4 2 2 3 [{104 4 false 3}] 3 LOG_2_4 2 {0 0 map[] map[]}}
2026/02/07 14:34:05 [14:34:05.505] [Node:1] [LOG_REPLICA] [Trace:LOG_2_4][2->1] AppendEntries 收到 term:4 leaderId:2 prevLogIndex:0 prevLogTerm:0 entries:3 leaderCommit:3 isHeartbeat:false currentTerm:4 status:FOLLOWER log:[{101 2 false 1} {103 3 false 2} {104 4 false 3}]
2026/02/07 14:34:05 [Node:1] getNextIndex len:5 last snapshot index:0
2026/02/07 14:34:05 [14:34:05.505] [Node:1] [LOG_REPLICA] [Trace:LOG_2_4][2->1] 打印日志结果:[{<nil> 0 false 0} {101 2 false 1} {101 2 false 1} {103 3 false 2} {104 4 false 3}] 
2026/02/07 14:34:05 [Node:1] getLogStartIndex index:0 last snapshot index:0
2026/02/07 14:34:05 [Node:1] getNextIndex len:5 last snapshot index:0
2026/02/07 14:34:05 [14:34:05.505] [Node:1] [LOG_REPLICA] [Trace:LOG_2_4][2->1] entry.Index:1 rf.getNextIndex():5
2026/02/07 14:34:05 [Node:1] getNextIndex len:5 last snapshot index:0
2026/02/07 14:34:05 [Node:1] getLogStartIndex index:1 last snapshot index:0
2026/02/07 14:34:05 [14:34:05.505] [Node:1] [LOG_REPLICA] [Trace:LOG_2_4][2->1] startIndex:1 rf.log[startIndex].Term:2 entry.Term:2
2026/02/07 14:34:05 [Node:1] getNextIndex len:5 last snapshot index:0
2026/02/07 14:34:05 [14:34:05.505] [Node:1] [LOG_REPLICA] [Trace:LOG_2_4][2->1] entry.Index:2 rf.getNextIndex():5
2026/02/07 14:34:05 [Node:1] getNextIndex len:5 last snapshot index:0
2026/02/07 14:34:05 [Node:1] getLogStartIndex index:2 last snapshot index:0
2026/02/07 14:34:05 [14:34:05.505] [Node:1] [LOG_REPLICA] [Trace:LOG_2_4][2->1] startIndex:2 rf.log[startIndex].Term:2 entry.Term:3
2026/02/07 14:34:05 [14:34:05.505] [Node:1] [LOG_REPLICA] [Trace:LOG_2_4][2->1] args logEntrys:[{101 2 false 1} {103 3 false 2} {104 4 false 3}]
2026/02/07 14:34:05 [14:34:05.505] [Node:1] [LOG_REPLICA] [Trace:LOG_2_4][2->1] 复制日志结果:[{<nil> 0 false 0} {101 2 false 1} {101 2 false 1} {103 3 false 2} {104 4 false 3}] 
2026/02/07 14:34:05 [14:34:05.506] [Node:2] [LOG_REPLICA] [Trace:LOG_2_4][2->1] 心跳返回 from peer:1 term:4 success:true
2026/02/07 14:34:05 [14:34:05.506] [Node:2] [LOG_REPLICA] [Trace:LOG_2_4][2->1] 日志复制返回成功 from peer:1 term:4 agreeCount:2 log [{101 2 false 1} {103 3 false 2} {104 4 false 3}]
2026/02/07 14:34:05 [14:34:05.506] [Node:2] [LOG_REPLICA] [Trace:LOG_2_4][2->1] 日志复制返回成功 但是已经更新过了 from peer:1 term:4 matchIndex:3 log last index:3
2026/02/07 14:34:05 rfats [0xc00010c000 0xc00010c100 0xc00010c200]
2026/02/07 14:34:05 i 0 cmd1 <nil>, ok false
2026/02/07 14:34:05 i 1 cmd1 <nil>, ok false
2026/02/07 14:34:05 i 2 cmd1 104, ok true
2026/02/07 14:34:05 nd 1, cmd1 104 cmd 104
2026/02/07 14:34:05 rfats [0xc00010c000 0xc00010c100 0xc00010c200]
2026/02/07 14:34:05 i 0 cmd1 <nil>, ok false
2026/02/07 14:34:05 i 1 cmd1 <nil>, ok false
2026/02/07 14:34:05 i 2 cmd1 104, ok true
2026/02/07 14:34:05 nd 1, cmd1 104 cmd 104
2026/02/07 14:34:05 rfats [0xc00010c000 0xc00010c100 0xc00010c200]
2026/02/07 14:34:05 i 0 cmd1 <nil>, ok false
2026/02/07 14:34:05 i 1 cmd1 <nil>, ok false
2026/02/07 14:34:05 i 2 cmd1 104, ok true
2026/02/07 14:34:05 nd 1, cmd1 104 cmd 104
2026/02/07 14:34:05 [14:34:05.555] [Node:1] [HEARTBEAT] [Trace:HB_1_4] Follower等心跳 status FOLLOWER term:4 commitIndex:3
2026/02/07 14:34:05 [14:34:05.555] [Node:2] [HEARTBEAT] [Trace:HB_2_4] 开始发送心跳广播 status LEADER term:4 commitIndex:3
2026/02/07 14:34:05 [14:34:05.555] [Node:0] [HEARTBEAT] [Trace:HB_0_3] 开始发送心跳广播 status LEADER term:3 commitIndex:2
2026/02/07 14:34:05 [Node:2] nextIndex:[3 1 3]
2026/02/07 14:34:05 [Node:2] getLogStartIndex index:2 last snapshot index:0
2026/02/07 14:34:05 [Node:0] nextIndex:[2 2 3]
2026/02/07 14:34:05 [Node:0] getLogStartIndex index:2 last snapshot index:0
2026/02/07 14:34:05 [Node:2] getNextIndex len:4 last snapshot index:0
2026/02/07 14:34:05 [Node:2] getLogStartIndex index:3 last snapshot index:0
2026/02/07 14:34:05 [Node:0] getNextIndex len:3 last snapshot index:0
2026/02/07 14:34:05 [14:34:05.555] [Node:2] [LOG_REPLICA] [Trace:LOG_2_4][2->0] 发送日志or心跳到 Node:0 开始 args:{4 2 2 3 [{104 4 false 3}] 3 LOG_2_4 2 {0 0 map[] map[]}}
2026/02/07 14:34:05 [14:34:05.555] [Node:0] [LOG_REPLICA] [Trace:LOG_0_3][0->2] 发送日志or心跳到 Node:2 开始 args:{3 0 2 3 [] 2 LOG_0_3 0 {0 0 map[] map[]}}
2026/02/07 14:34:05 [Node:2] nextIndex:[3 1 3]
2026/02/07 14:34:05 [Node:0] nextIndex:[2 2 3]
2026/02/07 14:34:05 [Node:2] getLogStartIndex index:0 last snapshot index:0
2026/02/07 14:34:05 [Node:0] getLogStartIndex index:1 last snapshot index:0
2026/02/07 14:34:05 [Node:0] getNextIndex len:3 last snapshot index:0
2026/02/07 14:34:05 [Node:2] getNextIndex len:4 last snapshot index:0
2026/02/07 14:34:05 [Node:0] getLogStartIndex index:2 last snapshot index:0
2026/02/07 14:34:05 [Node:2] getLogStartIndex index:1 last snapshot index:0
2026/02/07 14:34:05 [14:34:05.555] [Node:0] [LOG_REPLICA] [Trace:LOG_0_3][0->1] 发送日志or心跳到 Node:1 开始 args:{3 0 1 2 [{103 3 false 2}] 2 LOG_0_3 0 {0 0 map[] map[]}}
2026/02/07 14:34:05 [14:34:05.555] [Node:2] [LOG_REPLICA] [Trace:LOG_2_4][2->1] 发送日志or心跳到 Node:1 开始 args:{4 2 0 0 [{101 2 false 1} {103 3 false 2} {104 4 false 3}] 3 LOG_2_4 2 {0 0 map[] map[]}}
2026/02/07 14:34:05 [14:34:05.556] [Node:1] [LOG_REPLICA] [Trace:LOG_2_4][2->1] AppendEntries 收到 term:4 leaderId:2 prevLogIndex:0 prevLogTerm:0 entries:3 leaderCommit:3 isHeartbeat:false currentTerm:4 status:FOLLOWER log:[{101 2 false 1} {103 3 false 2} {104 4 false 3}]
2026/02/07 14:34:05 [Node:1] getNextIndex len:5 last snapshot index:0
2026/02/07 14:34:05 [14:34:05.556] [Node:1] [LOG_REPLICA] [Trace:LOG_2_4][2->1] 打印日志结果:[{<nil> 0 false 0} {101 2 false 1} {101 2 false 1} {103 3 false 2} {104 4 false 3}] 
2026/02/07 14:34:05 [Node:1] getLogStartIndex index:0 last snapshot index:0
2026/02/07 14:34:05 [Node:1] getNextIndex len:5 last snapshot index:0
2026/02/07 14:34:05 [14:34:05.556] [Node:1] [LOG_REPLICA] [Trace:LOG_2_4][2->1] entry.Index:1 rf.getNextIndex():5
2026/02/07 14:34:05 [Node:1] getNextIndex len:5 last snapshot index:0
2026/02/07 14:34:05 [Node:1] getLogStartIndex index:1 last snapshot index:0
2026/02/07 14:34:05 [14:34:05.556] [Node:1] [LOG_REPLICA] [Trace:LOG_2_4][2->1] startIndex:1 rf.log[startIndex].Term:2 entry.Term:2
2026/02/07 14:34:05 [Node:1] getNextIndex len:5 last snapshot index:0
2026/02/07 14:34:05 [14:34:05.556] [Node:1] [LOG_REPLICA] [Trace:LOG_2_4][2->1] entry.Index:2 rf.getNextIndex():5
2026/02/07 14:34:05 [Node:1] getNextIndex len:5 last snapshot index:0
2026/02/07 14:34:05 [Node:1] getLogStartIndex index:2 last snapshot index:0
2026/02/07 14:34:05 [14:34:05.556] [Node:1] [LOG_REPLICA] [Trace:LOG_2_4][2->1] startIndex:2 rf.log[startIndex].Term:2 entry.Term:3
2026/02/07 14:34:05 [14:34:05.556] [Node:1] [LOG_REPLICA] [Trace:LOG_2_4][2->1] args logEntrys:[{101 2 false 1} {103 3 false 2} {104 4 false 3}]
2026/02/07 14:34:05 [14:34:05.556] [Node:1] [LOG_REPLICA] [Trace:LOG_2_4][2->1] 复制日志结果:[{<nil> 0 false 0} {101 2 false 1} {101 2 false 1} {103 3 false 2} {104 4 false 3}] 
2026/02/07 14:34:05 [14:34:05.556] [Node:2] [LOG_REPLICA] [Trace:LOG_2_4][2->1] 心跳返回 from peer:1 term:4 success:true
2026/02/07 14:34:05 [14:34:05.556] [Node:2] [LOG_REPLICA] [Trace:LOG_2_4][2->1] 日志复制返回成功 from peer:1 term:4 agreeCount:2 log [{101 2 false 1} {103 3 false 2} {104 4 false 3}]
2026/02/07 14:34:05 [14:34:05.556] [Node:2] [LOG_REPLICA] [Trace:LOG_2_4][2->1] 日志复制返回成功 但是已经更新过了 from peer:1 term:4 matchIndex:3 log last index:3
2026/02/07 14:34:05 rfats [0xc00010c000 0xc00010c100 0xc00010c200]
2026/02/07 14:34:05 i 0 cmd1 <nil>, ok false
2026/02/07 14:34:05 i 1 cmd1 <nil>, ok false
2026/02/07 14:34:05 i 2 cmd1 104, ok true
2026/02/07 14:34:05 nd 1, cmd1 104 cmd 104
2026/02/07 14:34:05 rfats [0xc00010c000 0xc00010c100 0xc00010c200]
2026/02/07 14:34:05 i 0 cmd1 <nil>, ok false
2026/02/07 14:34:05 i 1 cmd1 <nil>, ok false
2026/02/07 14:34:05 i 2 cmd1 104, ok true
2026/02/07 14:34:05 nd 1, cmd1 104 cmd 104
2026/02/07 14:34:05 [14:34:05.605] [Node:0] [HEARTBEAT] [Trace:HB_0_3] 开始发送心跳广播 status LEADER term:3 commitIndex:2
2026/02/07 14:34:05 [14:34:05.605] [Node:2] [HEARTBEAT] [Trace:HB_2_4] 开始发送心跳广播 status LEADER term:4 commitIndex:3
2026/02/07 14:34:05 [Node:0] nextIndex:[2 2 3]
2026/02/07 14:34:05 [Node:2] nextIndex:[3 1 3]
2026/02/07 14:34:05 [Node:2] getLogStartIndex index:0 last snapshot index:0
2026/02/07 14:34:05 [Node:0] getLogStartIndex index:2 last snapshot index:0
2026/02/07 14:34:05 [Node:0] getNextIndex len:3 last snapshot index:0
2026/02/07 14:34:05 [14:34:05.605] [Node:1] [HEARTBEAT] [Trace:HB_1_4] Follower等心跳 status FOLLOWER term:4 commitIndex:3
2026/02/07 14:34:05 [Node:2] getNextIndex len:4 last snapshot index:0
2026/02/07 14:34:05 [14:34:05.605] [Node:0] [LOG_REPLICA] [Trace:LOG_0_3][0->2] 发送日志or心跳到 Node:2 开始 args:{3 0 2 3 [] 2 LOG_0_3 0 {0 0 map[] map[]}}
2026/02/07 14:34:05 [Node:0] nextIndex:[2 2 3]
2026/02/07 14:34:05 [Node:2] getLogStartIndex index:1 last snapshot index:0
2026/02/07 14:34:05 [Node:0] getLogStartIndex index:1 last snapshot index:0
2026/02/07 14:34:05 [Node:0] getNextIndex len:3 last snapshot index:0
2026/02/07 14:34:05 [Node:0] getLogStartIndex index:2 last snapshot index:0
2026/02/07 14:34:05 [14:34:05.606] [Node:2] [LOG_REPLICA] [Trace:LOG_2_4][2->1] 发送日志or心跳到 Node:1 开始 args:{4 2 0 0 [{101 2 false 1} {103 3 false 2} {104 4 false 3}] 3 LOG_2_4 2 {0 0 map[] map[]}}
2026/02/07 14:34:05 [Node:2] nextIndex:[3 1 3]
2026/02/07 14:34:05 [14:34:05.606] [Node:0] [LOG_REPLICA] [Trace:LOG_0_3][0->1] 发送日志or心跳到 Node:1 开始 args:{3 0 1 2 [{103 3 false 2}] 2 LOG_0_3 0 {0 0 map[] map[]}}
2026/02/07 14:34:05 [Node:2] getLogStartIndex index:2 last snapshot index:0
2026/02/07 14:34:05 [Node:2] getNextIndex len:4 last snapshot index:0
2026/02/07 14:34:05 [Node:2] getLogStartIndex index:3 last snapshot index:0
2026/02/07 14:34:05 [14:34:05.606] [Node:2] [LOG_REPLICA] [Trace:LOG_2_4][2->0] 发送日志or心跳到 Node:0 开始 args:{4 2 2 3 [{104 4 false 3}] 3 LOG_2_4 2 {0 0 map[] map[]}}
2026/02/07 14:34:05 [14:34:05.606] [Node:1] [LOG_REPLICA] [Trace:LOG_2_4][2->1] AppendEntries 收到 term:4 leaderId:2 prevLogIndex:0 prevLogTerm:0 entries:3 leaderCommit:3 isHeartbeat:false currentTerm:4 status:FOLLOWER log:[{101 2 false 1} {103 3 false 2} {104 4 false 3}]
2026/02/07 14:34:05 [Node:1] getNextIndex len:5 last snapshot index:0
2026/02/07 14:34:05 [14:34:05.606] [Node:1] [LOG_REPLICA] [Trace:LOG_2_4][2->1] 打印日志结果:[{<nil> 0 false 0} {101 2 false 1} {101 2 false 1} {103 3 false 2} {104 4 false 3}] 
2026/02/07 14:34:05 [Node:1] getLogStartIndex index:0 last snapshot index:0
2026/02/07 14:34:05 [Node:1] getNextIndex len:5 last snapshot index:0
2026/02/07 14:34:05 [14:34:05.606] [Node:1] [LOG_REPLICA] [Trace:LOG_2_4][2->1] entry.Index:1 rf.getNextIndex():5
2026/02/07 14:34:05 [Node:1] getNextIndex len:5 last snapshot index:0
2026/02/07 14:34:05 [Node:1] getLogStartIndex index:1 last snapshot index:0
2026/02/07 14:34:05 [14:34:05.606] [Node:1] [LOG_REPLICA] [Trace:LOG_2_4][2->1] startIndex:1 rf.log[startIndex].Term:2 entry.Term:2
2026/02/07 14:34:05 [Node:1] getNextIndex len:5 last snapshot index:0
2026/02/07 14:34:05 [14:34:05.606] [Node:1] [LOG_REPLICA] [Trace:LOG_2_4][2->1] entry.Index:2 rf.getNextIndex():5
2026/02/07 14:34:05 [Node:1] getNextIndex len:5 last snapshot index:0
2026/02/07 14:34:05 [Node:1] getLogStartIndex index:2 last snapshot index:0
2026/02/07 14:34:05 [14:34:05.606] [Node:1] [LOG_REPLICA] [Trace:LOG_2_4][2->1] startIndex:2 rf.log[startIndex].Term:2 entry.Term:3
2026/02/07 14:34:05 [14:34:05.606] [Node:1] [LOG_REPLICA] [Trace:LOG_2_4][2->1] args logEntrys:[{101 2 false 1} {103 3 false 2} {104 4 false 3}]
2026/02/07 14:34:05 [14:34:05.606] [Node:1] [LOG_REPLICA] [Trace:LOG_2_4][2->1] 复制日志结果:[{<nil> 0 false 0} {101 2 false 1} {101 2 false 1} {103 3 false 2} {104 4 false 3}] 
2026/02/07 14:34:05 [14:34:05.607] [Node:2] [LOG_REPLICA] [Trace:LOG_2_4][2->1] 心跳返回 from peer:1 term:4 success:true
2026/02/07 14:34:05 [14:34:05.607] [Node:2] [LOG_REPLICA] [Trace:LOG_2_4][2->1] 日志复制返回成功 from peer:1 term:4 agreeCount:2 log [{101 2 false 1} {103 3 false 2} {104 4 false 3}]
2026/02/07 14:34:05 [14:34:05.607] [Node:2] [LOG_REPLICA] [Trace:LOG_2_4][2->1] 日志复制返回成功 但是已经更新过了 from peer:1 term:4 matchIndex:3 log last index:3
2026/02/07 14:34:05 rfats [0xc00010c000 0xc00010c100 0xc00010c200]
2026/02/07 14:34:05 i 0 cmd1 <nil>, ok false
2026/02/07 14:34:05 i 1 cmd1 <nil>, ok false
2026/02/07 14:34:05 i 2 cmd1 104, ok true
2026/02/07 14:34:05 nd 1, cmd1 104 cmd 104
2026/02/07 14:34:05 rfats [0xc00010c000 0xc00010c100 0xc00010c200]
2026/02/07 14:34:05 i 0 cmd1 <nil>, ok false
2026/02/07 14:34:05 i 1 cmd1 <nil>, ok false
2026/02/07 14:34:05 i 2 cmd1 104, ok true
2026/02/07 14:34:05 nd 1, cmd1 104 cmd 104
2026/02/07 14:34:05 rfats [0xc00010c000 0xc00010c100 0xc00010c200]
2026/02/07 14:34:05 i 0 cmd1 <nil>, ok false
2026/02/07 14:34:05 i 1 cmd1 <nil>, ok false
2026/02/07 14:34:05 i 2 cmd1 104, ok true
2026/02/07 14:34:05 nd 1, cmd1 104 cmd 104
2026/02/07 14:34:05 [14:34:05.655] [Node:0] [HEARTBEAT] [Trace:HB_0_3] 开始发送心跳广播 status LEADER term:3 commitIndex:2
2026/02/07 14:34:05 [14:34:05.655] [Node:2] [HEARTBEAT] [Trace:HB_2_4] 开始发送心跳广播 status LEADER term:4 commitIndex:3
2026/02/07 14:34:05 [Node:0] nextIndex:[2 2 3]
2026/02/07 14:34:05 [Node:0] getLogStartIndex index:2 last snapshot index:0
2026/02/07 14:34:05 [Node:2] nextIndex:[3 1 3]
2026/02/07 14:34:05 [Node:0] getNextIndex len:3 last snapshot index:0
2026/02/07 14:34:05 [Node:2] getLogStartIndex index:0 last snapshot index:0
2026/02/07 14:34:05 [14:34:05.655] [Node:1] [HEARTBEAT] [Trace:HB_1_4] Follower等心跳 status FOLLOWER term:4 commitIndex:3
2026/02/07 14:34:05 [Node:0] nextIndex:[2 2 3]
2026/02/07 14:34:05 [Node:2] getNextIndex len:4 last snapshot index:0
2026/02/07 14:34:05 [Node:0] getLogStartIndex index:1 last snapshot index:0
2026/02/07 14:34:05 [Node:2] getLogStartIndex index:1 last snapshot index:0
2026/02/07 14:34:05 [Node:0] getNextIndex len:3 last snapshot index:0
2026/02/07 14:34:05 [14:34:05.656] [Node:0] [LOG_REPLICA] [Trace:LOG_0_3][0->2] 发送日志or心跳到 Node:2 开始 args:{3 0 2 3 [] 2 LOG_0_3 0 {0 0 map[] map[]}}
2026/02/07 14:34:05 [Node:0] getLogStartIndex index:2 last snapshot index:0
2026/02/07 14:34:05 [14:34:05.656] [Node:2] [LOG_REPLICA] [Trace:LOG_2_4][2->1] 发送日志or心跳到 Node:1 开始 args:{4 2 0 0 [{101 2 false 1} {103 3 false 2} {104 4 false 3}] 3 LOG_2_4 2 {0 0 map[] map[]}}
2026/02/07 14:34:05 [14:34:05.656] [Node:0] [LOG_REPLICA] [Trace:LOG_0_3][0->1] 发送日志or心跳到 Node:1 开始 args:{3 0 1 2 [{103 3 false 2}] 2 LOG_0_3 0 {0 0 map[] map[]}}
2026/02/07 14:34:05 [Node:2] nextIndex:[3 1 3]
2026/02/07 14:34:05 [Node:2] getLogStartIndex index:2 last snapshot index:0
2026/02/07 14:34:05 [Node:2] getNextIndex len:4 last snapshot index:0
2026/02/07 14:34:05 [Node:2] getLogStartIndex index:3 last snapshot index:0
2026/02/07 14:34:05 [14:34:05.656] [Node:2] [LOG_REPLICA] [Trace:LOG_2_4][2->0] 发送日志or心跳到 Node:0 开始 args:{4 2 2 3 [{104 4 false 3}] 3 LOG_2_4 2 {0 0 map[] map[]}}
2026/02/07 14:34:05 [14:34:05.656] [Node:1] [LOG_REPLICA] [Trace:LOG_2_4][2->1] AppendEntries 收到 term:4 leaderId:2 prevLogIndex:0 prevLogTerm:0 entries:3 leaderCommit:3 isHeartbeat:false currentTerm:4 status:FOLLOWER log:[{101 2 false 1} {103 3 false 2} {104 4 false 3}]
2026/02/07 14:34:05 [Node:1] getNextIndex len:5 last snapshot index:0
2026/02/07 14:34:05 [14:34:05.656] [Node:1] [LOG_REPLICA] [Trace:LOG_2_4][2->1] 打印日志结果:[{<nil> 0 false 0} {101 2 false 1} {101 2 false 1} {103 3 false 2} {104 4 false 3}] 
2026/02/07 14:34:05 [Node:1] getLogStartIndex index:0 last snapshot index:0
2026/02/07 14:34:05 [Node:1] getNextIndex len:5 last snapshot index:0
2026/02/07 14:34:05 [14:34:05.656] [Node:1] [LOG_REPLICA] [Trace:LOG_2_4][2->1] entry.Index:1 rf.getNextIndex():5
2026/02/07 14:34:05 [Node:1] getNextIndex len:5 last snapshot index:0
2026/02/07 14:34:05 [Node:1] getLogStartIndex index:1 last snapshot index:0
2026/02/07 14:34:05 [14:34:05.656] [Node:1] [LOG_REPLICA] [Trace:LOG_2_4][2->1] startIndex:1 rf.log[startIndex].Term:2 entry.Term:2
2026/02/07 14:34:05 [Node:1] getNextIndex len:5 last snapshot index:0
2026/02/07 14:34:05 [14:34:05.656] [Node:1] [LOG_REPLICA] [Trace:LOG_2_4][2->1] entry.Index:2 rf.getNextIndex():5
2026/02/07 14:34:05 [Node:1] getNextIndex len:5 last snapshot index:0
2026/02/07 14:34:05 [Node:1] getLogStartIndex index:2 last snapshot index:0
2026/02/07 14:34:05 [14:34:05.656] [Node:1] [LOG_REPLICA] [Trace:LOG_2_4][2->1] startIndex:2 rf.log[startIndex].Term:2 entry.Term:3
2026/02/07 14:34:05 [14:34:05.656] [Node:1] [LOG_REPLICA] [Trace:LOG_2_4][2->1] args logEntrys:[{101 2 false 1} {103 3 false 2} {104 4 false 3}]
2026/02/07 14:34:05 [14:34:05.657] [Node:1] [LOG_REPLICA] [Trace:LOG_2_4][2->1] 复制日志结果:[{<nil> 0 false 0} {101 2 false 1} {101 2 false 1} {103 3 false 2} {104 4 false 3}] 
2026/02/07 14:34:05 [14:34:05.657] [Node:2] [LOG_REPLICA] [Trace:LOG_2_4][2->1] 心跳返回 from peer:1 term:4 success:true
2026/02/07 14:34:05 [14:34:05.657] [Node:2] [LOG_REPLICA] [Trace:LOG_2_4][2->1] 日志复制返回成功 from peer:1 term:4 agreeCount:2 log [{101 2 false 1} {103 3 false 2} {104 4 false 3}]
2026/02/07 14:34:05 [14:34:05.657] [Node:2] [LOG_REPLICA] [Trace:LOG_2_4][2->1] 日志复制返回成功 但是已经更新过了 from peer:1 term:4 matchIndex:3 log last index:3
2026/02/07 14:34:05 rfats [0xc00010c000 0xc00010c100 0xc00010c200]
2026/02/07 14:34:05 i 0 cmd1 <nil>, ok false
2026/02/07 14:34:05 i 1 cmd1 <nil>, ok false
2026/02/07 14:34:05 i 2 cmd1 104, ok true
2026/02/07 14:34:05 nd 1, cmd1 104 cmd 104
2026/02/07 14:34:05 rfats [0xc00010c000 0xc00010c100 0xc00010c200]
2026/02/07 14:34:05 i 0 cmd1 <nil>, ok false
2026/02/07 14:34:05 i 1 cmd1 <nil>, ok false
2026/02/07 14:34:05 i 2 cmd1 104, ok true
2026/02/07 14:34:05 nd 1, cmd1 104 cmd 104
2026/02/07 14:34:05 [14:34:05.707] [Node:0] [HEARTBEAT] [Trace:HB_0_3] 开始发送心跳广播 status LEADER term:3 commitIndex:2
2026/02/07 14:34:05 [14:34:05.707] [Node:2] [HEARTBEAT] [Trace:HB_2_4] 开始发送心跳广播 status LEADER term:4 commitIndex:3
2026/02/07 14:34:05 [14:34:05.707] [Node:1] [HEARTBEAT] [Trace:HB_1_4] Follower等心跳 status FOLLOWER term:4 commitIndex:3
2026/02/07 14:34:05 [Node:0] nextIndex:[2 2 3]
2026/02/07 14:34:05 [Node:0] getLogStartIndex index:1 last snapshot index:0
2026/02/07 14:34:05 [Node:2] nextIndex:[3 1 3]
2026/02/07 14:34:05 [Node:2] getLogStartIndex index:2 last snapshot index:0
2026/02/07 14:34:05 [Node:0] getNextIndex len:3 last snapshot index:0
2026/02/07 14:34:05 [Node:0] getLogStartIndex index:2 last snapshot index:0
2026/02/07 14:34:05 [Node:2] getNextIndex len:4 last snapshot index:0
2026/02/07 14:34:05 [Node:2] getLogStartIndex index:3 last snapshot index:0
2026/02/07 14:34:05 [14:34:05.707] [Node:0] [LOG_REPLICA] [Trace:LOG_0_3][0->1] 发送日志or心跳到 Node:1 开始 args:{3 0 1 2 [{103 3 false 2}] 2 LOG_0_3 0 {0 0 map[] map[]}}
2026/02/07 14:34:05 [Node:0] nextIndex:[2 2 3]
2026/02/07 14:34:05 [14:34:05.707] [Node:2] [LOG_REPLICA] [Trace:LOG_2_4][2->0] 发送日志or心跳到 Node:0 开始 args:{4 2 2 3 [{104 4 false 3}] 3 LOG_2_4 2 {0 0 map[] map[]}}
2026/02/07 14:34:05 [Node:2] nextIndex:[3 1 3]
2026/02/07 14:34:05 [Node:0] getLogStartIndex index:2 last snapshot index:0
2026/02/07 14:34:05 [Node:0] getNextIndex len:3 last snapshot index:0
2026/02/07 14:34:05 [Node:2] getLogStartIndex index:0 last snapshot index:0
2026/02/07 14:34:05 [Node:2] getNextIndex len:4 last snapshot index:0
2026/02/07 14:34:05 [14:34:05.707] [Node:0] [LOG_REPLICA] [Trace:LOG_0_3][0->2] 发送日志or心跳到 Node:2 开始 args:{3 0 2 3 [] 2 LOG_0_3 0 {0 0 map[] map[]}}
2026/02/07 14:34:05 [Node:2] getLogStartIndex index:1 last snapshot index:0
2026/02/07 14:34:05 [14:34:05.707] [Node:2] [LOG_REPLICA] [Trace:LOG_2_4][2->1] 发送日志or心跳到 Node:1 开始 args:{4 2 0 0 [{101 2 false 1} {103 3 false 2} {104 4 false 3}] 3 LOG_2_4 2 {0 0 map[] map[]}}
2026/02/07 14:34:05 [14:34:05.707] [Node:1] [LOG_REPLICA] [Trace:LOG_2_4][2->1] AppendEntries 收到 term:4 leaderId:2 prevLogIndex:0 prevLogTerm:0 entries:3 leaderCommit:3 isHeartbeat:false currentTerm:4 status:FOLLOWER log:[{101 2 false 1} {103 3 false 2} {104 4 false 3}]
2026/02/07 14:34:05 [Node:1] getNextIndex len:5 last snapshot index:0
2026/02/07 14:34:05 [14:34:05.707] [Node:1] [LOG_REPLICA] [Trace:LOG_2_4][2->1] 打印日志结果:[{<nil> 0 false 0} {101 2 false 1} {101 2 false 1} {103 3 false 2} {104 4 false 3}] 
2026/02/07 14:34:05 [Node:1] getLogStartIndex index:0 last snapshot index:0
2026/02/07 14:34:05 [Node:1] getNextIndex len:5 last snapshot index:0
2026/02/07 14:34:05 [14:34:05.708] [Node:1] [LOG_REPLICA] [Trace:LOG_2_4][2->1] entry.Index:1 rf.getNextIndex():5
2026/02/07 14:34:05 [Node:1] getNextIndex len:5 last snapshot index:0
2026/02/07 14:34:05 [Node:1] getLogStartIndex index:1 last snapshot index:0
2026/02/07 14:34:05 [14:34:05.708] [Node:1] [LOG_REPLICA] [Trace:LOG_2_4][2->1] startIndex:1 rf.log[startIndex].Term:2 entry.Term:2
2026/02/07 14:34:05 [Node:1] getNextIndex len:5 last snapshot index:0
2026/02/07 14:34:05 [14:34:05.708] [Node:1] [LOG_REPLICA] [Trace:LOG_2_4][2->1] entry.Index:2 rf.getNextIndex():5
2026/02/07 14:34:05 [Node:1] getNextIndex len:5 last snapshot index:0
2026/02/07 14:34:05 [Node:1] getLogStartIndex index:2 last snapshot index:0
2026/02/07 14:34:05 [14:34:05.708] [Node:1] [LOG_REPLICA] [Trace:LOG_2_4][2->1] startIndex:2 rf.log[startIndex].Term:2 entry.Term:3
2026/02/07 14:34:05 [14:34:05.708] [Node:1] [LOG_REPLICA] [Trace:LOG_2_4][2->1] args logEntrys:[{101 2 false 1} {103 3 false 2} {104 4 false 3}]
2026/02/07 14:34:05 [14:34:05.708] [Node:1] [LOG_REPLICA] [Trace:LOG_2_4][2->1] 复制日志结果:[{<nil> 0 false 0} {101 2 false 1} {101 2 false 1} {103 3 false 2} {104 4 false 3}] 
2026/02/07 14:34:05 [14:34:05.708] [Node:2] [LOG_REPLICA] [Trace:LOG_2_4][2->1] 心跳返回 from peer:1 term:4 success:true
2026/02/07 14:34:05 [14:34:05.708] [Node:2] [LOG_REPLICA] [Trace:LOG_2_4][2->1] 日志复制返回成功 from peer:1 term:4 agreeCount:2 log [{101 2 false 1} {103 3 false 2} {104 4 false 3}]
2026/02/07 14:34:05 [14:34:05.708] [Node:2] [LOG_REPLICA] [Trace:LOG_2_4][2->1] 日志复制返回成功 但是已经更新过了 from peer:1 term:4 matchIndex:3 log last index:3
2026/02/07 14:34:05 rfats [0xc00010c000 0xc00010c100 0xc00010c200]
2026/02/07 14:34:05 i 0 cmd1 <nil>, ok false
2026/02/07 14:34:05 i 1 cmd1 <nil>, ok false
2026/02/07 14:34:05 i 2 cmd1 104, ok true
2026/02/07 14:34:05 nd 1, cmd1 104 cmd 104
2026/02/07 14:34:05 rfats [0xc00010c000 0xc00010c100 0xc00010c200]
2026/02/07 14:34:05 i 0 cmd1 <nil>, ok false
2026/02/07 14:34:05 i 1 cmd1 <nil>, ok false
2026/02/07 14:34:05 i 2 cmd1 104, ok true
2026/02/07 14:34:05 nd 1, cmd1 104 cmd 104
2026/02/07 14:34:05 [14:34:05.757] [Node:2] [HEARTBEAT] [Trace:HB_2_4] 开始发送心跳广播 status LEADER term:4 commitIndex:3
2026/02/07 14:34:05 [Node:2] nextIndex:[3 1 3]
2026/02/07 14:34:05 [Node:2] getLogStartIndex index:0 last snapshot index:0
2026/02/07 14:34:05 [Node:2] getNextIndex len:4 last snapshot index:0
2026/02/07 14:34:05 [Node:2] getLogStartIndex index:1 last snapshot index:0
2026/02/07 14:34:05 [14:34:05.758] [Node:1] [HEARTBEAT] [Trace:HB_1_4] Follower等心跳 status FOLLOWER term:4 commitIndex:3
2026/02/07 14:34:05 [14:34:05.758] [Node:0] [HEARTBEAT] [Trace:HB_0_3] 开始发送心跳广播 status LEADER term:3 commitIndex:2
2026/02/07 14:34:05 [14:34:05.758] [Node:2] [LOG_REPLICA] [Trace:LOG_2_4][2->1] 发送日志or心跳到 Node:1 开始 args:{4 2 0 0 [{101 2 false 1} {103 3 false 2} {104 4 false 3}] 3 LOG_2_4 2 {0 0 map[] map[]}}
2026/02/07 14:34:05 [Node:2] nextIndex:[3 1 3]
2026/02/07 14:34:05 [Node:0] nextIndex:[2 2 3]
2026/02/07 14:34:05 [Node:0] getLogStartIndex index:2 last snapshot index:0
2026/02/07 14:34:05 [Node:2] getLogStartIndex index:2 last snapshot index:0
2026/02/07 14:34:05 [Node:0] getNextIndex len:3 last snapshot index:0
2026/02/07 14:34:05 [Node:2] getNextIndex len:4 last snapshot index:0
2026/02/07 14:34:05 [Node:2] getLogStartIndex index:3 last snapshot index:0
2026/02/07 14:34:05 [14:34:05.758] [Node:0] [LOG_REPLICA] [Trace:LOG_0_3][0->2] 发送日志or心跳到 Node:2 开始 args:{3 0 2 3 [] 2 LOG_0_3 0 {0 0 map[] map[]}}
2026/02/07 14:34:05 [Node:0] nextIndex:[2 2 3]
2026/02/07 14:34:05 [Node:0] getLogStartIndex index:1 last snapshot index:0
2026/02/07 14:34:05 [14:34:05.758] [Node:2] [LOG_REPLICA] [Trace:LOG_2_4][2->0] 发送日志or心跳到 Node:0 开始 args:{4 2 2 3 [{104 4 false 3}] 3 LOG_2_4 2 {0 0 map[] map[]}}
2026/02/07 14:34:05 [Node:0] getNextIndex len:3 last snapshot index:0
2026/02/07 14:34:05 [Node:0] getLogStartIndex index:2 last snapshot index:0
2026/02/07 14:34:05 [14:34:05.758] [Node:0] [LOG_REPLICA] [Trace:LOG_0_3][0->1] 发送日志or心跳到 Node:1 开始 args:{3 0 1 2 [{103 3 false 2}] 2 LOG_0_3 0 {0 0 map[] map[]}}
2026/02/07 14:34:05 [14:34:05.758] [Node:1] [LOG_REPLICA] [Trace:LOG_2_4][2->1] AppendEntries 收到 term:4 leaderId:2 prevLogIndex:0 prevLogTerm:0 entries:3 leaderCommit:3 isHeartbeat:false currentTerm:4 status:FOLLOWER log:[{101 2 false 1} {103 3 false 2} {104 4 false 3}]
2026/02/07 14:34:05 [Node:1] getNextIndex len:5 last snapshot index:0
2026/02/07 14:34:05 [14:34:05.758] [Node:1] [LOG_REPLICA] [Trace:LOG_2_4][2->1] 打印日志结果:[{<nil> 0 false 0} {101 2 false 1} {101 2 false 1} {103 3 false 2} {104 4 false 3}] 
2026/02/07 14:34:05 [Node:1] getLogStartIndex index:0 last snapshot index:0
2026/02/07 14:34:05 [Node:1] getNextIndex len:5 last snapshot index:0
2026/02/07 14:34:05 [14:34:05.758] [Node:1] [LOG_REPLICA] [Trace:LOG_2_4][2->1] entry.Index:1 rf.getNextIndex():5
2026/02/07 14:34:05 [Node:1] getNextIndex len:5 last snapshot index:0
2026/02/07 14:34:05 [Node:1] getLogStartIndex index:1 last snapshot index:0
2026/02/07 14:34:05 [14:34:05.758] [Node:1] [LOG_REPLICA] [Trace:LOG_2_4][2->1] startIndex:1 rf.log[startIndex].Term:2 entry.Term:2
2026/02/07 14:34:05 [Node:1] getNextIndex len:5 last snapshot index:0
2026/02/07 14:34:05 [14:34:05.758] [Node:1] [LOG_REPLICA] [Trace:LOG_2_4][2->1] entry.Index:2 rf.getNextIndex():5
2026/02/07 14:34:05 [Node:1] getNextIndex len:5 last snapshot index:0
2026/02/07 14:34:05 [Node:1] getLogStartIndex index:2 last snapshot index:0
2026/02/07 14:34:05 [14:34:05.758] [Node:1] [LOG_REPLICA] [Trace:LOG_2_4][2->1] startIndex:2 rf.log[startIndex].Term:2 entry.Term:3
2026/02/07 14:34:05 [14:34:05.758] [Node:1] [LOG_REPLICA] [Trace:LOG_2_4][2->1] args logEntrys:[{101 2 false 1} {103 3 false 2} {104 4 false 3}]
2026/02/07 14:34:05 [14:34:05.758] [Node:1] [LOG_REPLICA] [Trace:LOG_2_4][2->1] 复制日志结果:[{<nil> 0 false 0} {101 2 false 1} {101 2 false 1} {103 3 false 2} {104 4 false 3}] 
2026/02/07 14:34:05 rfats [0xc00010c000 0xc00010c100 0xc00010c200]
2026/02/07 14:34:05 i 0 cmd1 <nil>, ok false
2026/02/07 14:34:05 i 1 cmd1 <nil>, ok false
2026/02/07 14:34:05 i 2 cmd1 104, ok true
2026/02/07 14:34:05 nd 1, cmd1 104 cmd 104
2026/02/07 14:34:05 [14:34:05.759] [Node:2] [LOG_REPLICA] [Trace:LOG_2_4][2->1] 心跳返回 from peer:1 term:4 success:true
2026/02/07 14:34:05 [14:34:05.759] [Node:2] [LOG_REPLICA] [Trace:LOG_2_4][2->1] 日志复制返回成功 from peer:1 term:4 agreeCount:2 log [{101 2 false 1} {103 3 false 2} {104 4 false 3}]
2026/02/07 14:34:05 [14:34:05.759] [Node:2] [LOG_REPLICA] [Trace:LOG_2_4][2->1] 日志复制返回成功 但是已经更新过了 from peer:1 term:4 matchIndex:3 log last index:3
2026/02/07 14:34:05 rfats [0xc00010c000 0xc00010c100 0xc00010c200]
2026/02/07 14:34:05 i 0 cmd1 <nil>, ok false
2026/02/07 14:34:05 i 1 cmd1 <nil>, ok false
2026/02/07 14:34:05 i 2 cmd1 104, ok true
2026/02/07 14:34:05 nd 1, cmd1 104 cmd 104
2026/02/07 14:34:05 rfats [0xc00010c000 0xc00010c100 0xc00010c200]
2026/02/07 14:34:05 i 0 cmd1 <nil>, ok false
2026/02/07 14:34:05 i 1 cmd1 <nil>, ok false
2026/02/07 14:34:05 i 2 cmd1 104, ok true
2026/02/07 14:34:05 nd 1, cmd1 104 cmd 104
2026/02/07 14:34:05 [14:34:05.808] [Node:0] [HEARTBEAT] [Trace:HB_0_3] 开始发送心跳广播 status LEADER term:3 commitIndex:2
2026/02/07 14:34:05 [14:34:05.808] [Node:2] [HEARTBEAT] [Trace:HB_2_4] 开始发送心跳广播 status LEADER term:4 commitIndex:3
2026/02/07 14:34:05 [14:34:05.808] [Node:1] [HEARTBEAT] [Trace:HB_1_4] Follower等心跳 status FOLLOWER term:4 commitIndex:3
2026/02/07 14:34:05 [Node:0] nextIndex:[2 2 3]
2026/02/07 14:34:05 [Node:2] nextIndex:[3 1 3]
2026/02/07 14:34:05 [Node:2] getLogStartIndex index:2 last snapshot index:0
2026/02/07 14:34:05 [Node:0] getLogStartIndex index:2 last snapshot index:0
2026/02/07 14:34:05 [Node:0] getNextIndex len:3 last snapshot index:0
2026/02/07 14:34:05 [Node:2] getNextIndex len:4 last snapshot index:0
2026/02/07 14:34:05 [Node:2] getLogStartIndex index:3 last snapshot index:0
2026/02/07 14:34:05 [Node:0] nextIndex:[2 2 3]
2026/02/07 14:34:05 [Node:0] getLogStartIndex index:1 last snapshot index:0
2026/02/07 14:34:05 [14:34:05.808] [Node:0] [LOG_REPLICA] [Trace:LOG_0_3][0->2] 发送日志or心跳到 Node:2 开始 args:{3 0 2 3 [] 2 LOG_0_3 0 {0 0 map[] map[]}}
2026/02/07 14:34:05 [Node:0] getNextIndex len:3 last snapshot index:0
2026/02/07 14:34:05 [Node:2] nextIndex:[3 1 3]
2026/02/07 14:34:05 [14:34:05.808] [Node:2] [LOG_REPLICA] [Trace:LOG_2_4][2->0] 发送日志or心跳到 Node:0 开始 args:{4 2 2 3 [{104 4 false 3}] 3 LOG_2_4 2 {0 0 map[] map[]}}
2026/02/07 14:34:05 [Node:2] getLogStartIndex index:0 last snapshot index:0
2026/02/07 14:34:05 [Node:0] getLogStartIndex index:2 last snapshot index:0
2026/02/07 14:34:05 [Node:2] getNextIndex len:4 last snapshot index:0
2026/02/07 14:34:05 [Node:2] getLogStartIndex index:1 last snapshot index:0
2026/02/07 14:34:05 [14:34:05.809] [Node:0] [LOG_REPLICA] [Trace:LOG_0_3][0->1] 发送日志or心跳到 Node:1 开始 args:{3 0 1 2 [{103 3 false 2}] 2 LOG_0_3 0 {0 0 map[] map[]}}
2026/02/07 14:34:05 [14:34:05.809] [Node:2] [LOG_REPLICA] [Trace:LOG_2_4][2->1] 发送日志or心跳到 Node:1 开始 args:{4 2 0 0 [{101 2 false 1} {103 3 false 2} {104 4 false 3}] 3 LOG_2_4 2 {0 0 map[] map[]}}
2026/02/07 14:34:05 [14:34:05.812] [Node:1] [LOG_REPLICA] [Trace:LOG_2_4][2->1] AppendEntries 收到 term:4 leaderId:2 prevLogIndex:0 prevLogTerm:0 entries:3 leaderCommit:3 isHeartbeat:false currentTerm:4 status:FOLLOWER log:[{101 2 false 1} {103 3 false 2} {104 4 false 3}]
2026/02/07 14:34:05 [Node:1] getNextIndex len:5 last snapshot index:0
2026/02/07 14:34:05 [14:34:05.812] [Node:1] [LOG_REPLICA] [Trace:LOG_2_4][2->1] 打印日志结果:[{<nil> 0 false 0} {101 2 false 1} {101 2 false 1} {103 3 false 2} {104 4 false 3}] 
2026/02/07 14:34:05 [Node:1] getLogStartIndex index:0 last snapshot index:0
2026/02/07 14:34:05 [Node:1] getNextIndex len:5 last snapshot index:0
2026/02/07 14:34:05 [14:34:05.812] [Node:1] [LOG_REPLICA] [Trace:LOG_2_4][2->1] entry.Index:1 rf.getNextIndex():5
2026/02/07 14:34:05 [Node:1] getNextIndex len:5 last snapshot index:0
2026/02/07 14:34:05 [Node:1] getLogStartIndex index:1 last snapshot index:0
2026/02/07 14:34:05 [14:34:05.812] [Node:1] [LOG_REPLICA] [Trace:LOG_2_4][2->1] startIndex:1 rf.log[startIndex].Term:2 entry.Term:2
2026/02/07 14:34:05 [Node:1] getNextIndex len:5 last snapshot index:0
2026/02/07 14:34:05 [14:34:05.812] [Node:1] [LOG_REPLICA] [Trace:LOG_2_4][2->1] entry.Index:2 rf.getNextIndex():5
2026/02/07 14:34:05 [Node:1] getNextIndex len:5 last snapshot index:0
2026/02/07 14:34:05 [Node:1] getLogStartIndex index:2 last snapshot index:0
2026/02/07 14:34:05 [14:34:05.812] [Node:1] [LOG_REPLICA] [Trace:LOG_2_4][2->1] startIndex:2 rf.log[startIndex].Term:2 entry.Term:3
2026/02/07 14:34:05 [14:34:05.812] [Node:1] [LOG_REPLICA] [Trace:LOG_2_4][2->1] args logEntrys:[{101 2 false 1} {103 3 false 2} {104 4 false 3}]
2026/02/07 14:34:05 [14:34:05.812] [Node:1] [LOG_REPLICA] [Trace:LOG_2_4][2->1] 复制日志结果:[{<nil> 0 false 0} {101 2 false 1} {101 2 false 1} {103 3 false 2} {104 4 false 3}] 
2026/02/07 14:34:05 [14:34:05.813] [Node:2] [LOG_REPLICA] [Trace:LOG_2_4][2->1] 心跳返回 from peer:1 term:4 success:true
2026/02/07 14:34:05 [14:34:05.813] [Node:2] [LOG_REPLICA] [Trace:LOG_2_4][2->1] 日志复制返回成功 from peer:1 term:4 agreeCount:2 log [{101 2 false 1} {103 3 false 2} {104 4 false 3}]
2026/02/07 14:34:05 [14:34:05.813] [Node:2] [LOG_REPLICA] [Trace:LOG_2_4][2->1] 日志复制返回成功 但是已经更新过了 from peer:1 term:4 matchIndex:3 log last index:3
2026/02/07 14:34:05 rfats [0xc00010c000 0xc00010c100 0xc00010c200]
2026/02/07 14:34:05 i 0 cmd1 <nil>, ok false
2026/02/07 14:34:05 i 1 cmd1 <nil>, ok false
2026/02/07 14:34:05 i 2 cmd1 104, ok true
2026/02/07 14:34:05 nd 1, cmd1 104 cmd 104
2026/02/07 14:34:05 rfats [0xc00010c000 0xc00010c100 0xc00010c200]
2026/02/07 14:34:05 i 0 cmd1 <nil>, ok false
2026/02/07 14:34:05 i 1 cmd1 <nil>, ok false
2026/02/07 14:34:05 i 2 cmd1 104, ok true
2026/02/07 14:34:05 nd 1, cmd1 104 cmd 104
2026/02/07 14:34:05 [14:34:05.859] [Node:1] [HEARTBEAT] [Trace:HB_1_4] Follower等心跳 status FOLLOWER term:4 commitIndex:3
2026/02/07 14:34:05 [14:34:05.859] [Node:2] [HEARTBEAT] [Trace:HB_2_4] 开始发送心跳广播 status LEADER term:4 commitIndex:3
2026/02/07 14:34:05 [14:34:05.859] [Node:0] [HEARTBEAT] [Trace:HB_0_3] 开始发送心跳广播 status LEADER term:3 commitIndex:2
2026/02/07 14:34:05 [Node:0] nextIndex:[2 2 3]
2026/02/07 14:34:05 [Node:0] getLogStartIndex index:2 last snapshot index:0
2026/02/07 14:34:05 [Node:0] getNextIndex len:3 last snapshot index:0
2026/02/07 14:34:05 [Node:2] nextIndex:[3 1 3]
2026/02/07 14:34:05 [Node:2] getLogStartIndex index:0 last snapshot index:0
2026/02/07 14:34:05 [Node:0] nextIndex:[2 2 3]
2026/02/07 14:34:05 [Node:2] getNextIndex len:4 last snapshot index:0
2026/02/07 14:34:05 [Node:2] getLogStartIndex index:1 last snapshot index:0
2026/02/07 14:34:05 [14:34:05.859] [Node:0] [LOG_REPLICA] [Trace:LOG_0_3][0->2] 发送日志or心跳到 Node:2 开始 args:{3 0 2 3 [] 2 LOG_0_3 0 {0 0 map[] map[]}}
2026/02/07 14:34:05 [Node:2] nextIndex:[3 1 3]
2026/02/07 14:34:05 [Node:0] getLogStartIndex index:1 last snapshot index:0
2026/02/07 14:34:05 [14:34:05.859] [Node:2] [LOG_REPLICA] [Trace:LOG_2_4][2->1] 发送日志or心跳到 Node:1 开始 args:{4 2 0 0 [{101 2 false 1} {103 3 false 2} {104 4 false 3}] 3 LOG_2_4 2 {0 0 map[] map[]}}
2026/02/07 14:34:05 [Node:2] getLogStartIndex index:2 last snapshot index:0
2026/02/07 14:34:05 [Node:2] getNextIndex len:4 last snapshot index:0
2026/02/07 14:34:05 [Node:2] getLogStartIndex index:3 last snapshot index:0
2026/02/07 14:34:05 [Node:0] getNextIndex len:3 last snapshot index:0
2026/02/07 14:34:05 [Node:0] getLogStartIndex index:2 last snapshot index:0
2026/02/07 14:34:05 [14:34:05.859] [Node:2] [LOG_REPLICA] [Trace:LOG_2_4][2->0] 发送日志or心跳到 Node:0 开始 args:{4 2 2 3 [{104 4 false 3}] 3 LOG_2_4 2 {0 0 map[] map[]}}
2026/02/07 14:34:05 [14:34:05.859] [Node:0] [LOG_REPLICA] [Trace:LOG_0_3][0->1] 发送日志or心跳到 Node:1 开始 args:{3 0 1 2 [{103 3 false 2}] 2 LOG_0_3 0 {0 0 map[] map[]}}
2026/02/07 14:34:05 [14:34:05.860] [Node:1] [LOG_REPLICA] [Trace:LOG_2_4][2->1] AppendEntries 收到 term:4 leaderId:2 prevLogIndex:0 prevLogTerm:0 entries:3 leaderCommit:3 isHeartbeat:false currentTerm:4 status:FOLLOWER log:[{101 2 false 1} {103 3 false 2} {104 4 false 3}]
2026/02/07 14:34:05 [Node:1] getNextIndex len:5 last snapshot index:0
2026/02/07 14:34:05 [14:34:05.860] [Node:1] [LOG_REPLICA] [Trace:LOG_2_4][2->1] 打印日志结果:[{<nil> 0 false 0} {101 2 false 1} {101 2 false 1} {103 3 false 2} {104 4 false 3}] 
2026/02/07 14:34:05 [Node:1] getLogStartIndex index:0 last snapshot index:0
2026/02/07 14:34:05 [Node:1] getNextIndex len:5 last snapshot index:0
2026/02/07 14:34:05 [14:34:05.860] [Node:1] [LOG_REPLICA] [Trace:LOG_2_4][2->1] entry.Index:1 rf.getNextIndex():5
2026/02/07 14:34:05 [Node:1] getNextIndex len:5 last snapshot index:0
2026/02/07 14:34:05 [Node:1] getLogStartIndex index:1 last snapshot index:0
2026/02/07 14:34:05 [14:34:05.860] [Node:1] [LOG_REPLICA] [Trace:LOG_2_4][2->1] startIndex:1 rf.log[startIndex].Term:2 entry.Term:2
2026/02/07 14:34:05 [Node:1] getNextIndex len:5 last snapshot index:0
2026/02/07 14:34:05 [14:34:05.860] [Node:1] [LOG_REPLICA] [Trace:LOG_2_4][2->1] entry.Index:2 rf.getNextIndex():5
2026/02/07 14:34:05 [Node:1] getNextIndex len:5 last snapshot index:0
2026/02/07 14:34:05 [Node:1] getLogStartIndex index:2 last snapshot index:0
2026/02/07 14:34:05 [14:34:05.860] [Node:1] [LOG_REPLICA] [Trace:LOG_2_4][2->1] startIndex:2 rf.log[startIndex].Term:2 entry.Term:3
2026/02/07 14:34:05 [14:34:05.860] [Node:1] [LOG_REPLICA] [Trace:LOG_2_4][2->1] args logEntrys:[{101 2 false 1} {103 3 false 2} {104 4 false 3}]
2026/02/07 14:34:05 [14:34:05.860] [Node:1] [LOG_REPLICA] [Trace:LOG_2_4][2->1] 复制日志结果:[{<nil> 0 false 0} {101 2 false 1} {101 2 false 1} {103 3 false 2} {104 4 false 3}] 
2026/02/07 14:34:05 [14:34:05.860] [Node:2] [LOG_REPLICA] [Trace:LOG_2_4][2->1] 心跳返回 from peer:1 term:4 success:true
2026/02/07 14:34:05 [14:34:05.860] [Node:2] [LOG_REPLICA] [Trace:LOG_2_4][2->1] 日志复制返回成功 from peer:1 term:4 agreeCount:2 log [{101 2 false 1} {103 3 false 2} {104 4 false 3}]
2026/02/07 14:34:05 [14:34:05.860] [Node:2] [LOG_REPLICA] [Trace:LOG_2_4][2->1] 日志复制返回成功 但是已经更新过了 from peer:1 term:4 matchIndex:3 log last index:3
2026/02/07 14:34:05 rfats [0xc00010c000 0xc00010c100 0xc00010c200]
2026/02/07 14:34:05 i 0 cmd1 <nil>, ok false
2026/02/07 14:34:05 i 1 cmd1 <nil>, ok false
2026/02/07 14:34:05 i 2 cmd1 104, ok true
2026/02/07 14:34:05 nd 1, cmd1 104 cmd 104
2026/02/07 14:34:05 rfats [0xc00010c000 0xc00010c100 0xc00010c200]
2026/02/07 14:34:05 i 0 cmd1 <nil>, ok false
2026/02/07 14:34:05 i 1 cmd1 <nil>, ok false
2026/02/07 14:34:05 i 2 cmd1 104, ok true
2026/02/07 14:34:05 nd 1, cmd1 104 cmd 104
2026/02/07 14:34:05 rfats [0xc00010c000 0xc00010c100 0xc00010c200]
2026/02/07 14:34:05 i 0 cmd1 <nil>, ok false
2026/02/07 14:34:05 i 1 cmd1 <nil>, ok false
2026/02/07 14:34:05 i 2 cmd1 104, ok true
2026/02/07 14:34:05 nd 1, cmd1 104 cmd 104
2026/02/07 14:34:05 [14:34:05.909] [Node:1] [HEARTBEAT] [Trace:HB_1_4] Follower等心跳 status FOLLOWER term:4 commitIndex:3
2026/02/07 14:34:05 [14:34:05.909] [Node:0] [HEARTBEAT] [Trace:HB_0_3] 开始发送心跳广播 status LEADER term:3 commitIndex:2
2026/02/07 14:34:05 [14:34:05.909] [Node:2] [HEARTBEAT] [Trace:HB_2_4] 开始发送心跳广播 status LEADER term:4 commitIndex:3
2026/02/07 14:34:05 [Node:0] nextIndex:[2 2 3]
2026/02/07 14:34:05 [Node:0] getLogStartIndex index:2 last snapshot index:0
2026/02/07 14:34:05 [Node:2] nextIndex:[3 1 3]
2026/02/07 14:34:05 [Node:2] getLogStartIndex index:0 last snapshot index:0
2026/02/07 14:34:05 [Node:2] getNextIndex len:4 last snapshot index:0
2026/02/07 14:34:05 [Node:2] getLogStartIndex index:1 last snapshot index:0
2026/02/07 14:34:05 [Node:0] getNextIndex len:3 last snapshot index:0
2026/02/07 14:34:05 [Node:0] nextIndex:[2 2 3]
2026/02/07 14:34:05 [14:34:05.909] [Node:0] [LOG_REPLICA] [Trace:LOG_0_3][0->2] 发送日志or心跳到 Node:2 开始 args:{3 0 2 3 [] 2 LOG_0_3 0 {0 0 map[] map[]}}
2026/02/07 14:34:05 [14:34:05.909] [Node:2] [LOG_REPLICA] [Trace:LOG_2_4][2->1] 发送日志or心跳到 Node:1 开始 args:{4 2 0 0 [{101 2 false 1} {103 3 false 2} {104 4 false 3}] 3 LOG_2_4 2 {0 0 map[] map[]}}
2026/02/07 14:34:05 [Node:2] nextIndex:[3 1 3]
2026/02/07 14:34:05 [Node:0] getLogStartIndex index:1 last snapshot index:0
2026/02/07 14:34:05 [Node:0] getNextIndex len:3 last snapshot index:0
2026/02/07 14:34:05 [Node:2] getLogStartIndex index:2 last snapshot index:0
2026/02/07 14:34:05 [Node:2] getNextIndex len:4 last snapshot index:0
2026/02/07 14:34:05 [Node:0] getLogStartIndex index:2 last snapshot index:0
2026/02/07 14:34:05 [Node:2] getLogStartIndex index:3 last snapshot index:0
2026/02/07 14:34:05 [14:34:05.909] [Node:0] [LOG_REPLICA] [Trace:LOG_0_3][0->1] 发送日志or心跳到 Node:1 开始 args:{3 0 1 2 [{103 3 false 2}] 2 LOG_0_3 0 {0 0 map[] map[]}}
2026/02/07 14:34:05 [14:34:05.909] [Node:2] [LOG_REPLICA] [Trace:LOG_2_4][2->0] 发送日志or心跳到 Node:0 开始 args:{4 2 2 3 [{104 4 false 3}] 3 LOG_2_4 2 {0 0 map[] map[]}}
2026/02/07 14:34:05 [14:34:05.910] [Node:1] [LOG_REPLICA] [Trace:LOG_2_4][2->1] AppendEntries 收到 term:4 leaderId:2 prevLogIndex:0 prevLogTerm:0 entries:3 leaderCommit:3 isHeartbeat:false currentTerm:4 status:FOLLOWER log:[{101 2 false 1} {103 3 false 2} {104 4 false 3}]
2026/02/07 14:34:05 [Node:1] getNextIndex len:5 last snapshot index:0
2026/02/07 14:34:05 [14:34:05.910] [Node:1] [LOG_REPLICA] [Trace:LOG_2_4][2->1] 打印日志结果:[{<nil> 0 false 0} {101 2 false 1} {101 2 false 1} {103 3 false 2} {104 4 false 3}] 
2026/02/07 14:34:05 [Node:1] getLogStartIndex index:0 last snapshot index:0
2026/02/07 14:34:05 [Node:1] getNextIndex len:5 last snapshot index:0
2026/02/07 14:34:05 [14:34:05.910] [Node:1] [LOG_REPLICA] [Trace:LOG_2_4][2->1] entry.Index:1 rf.getNextIndex():5
2026/02/07 14:34:05 [Node:1] getNextIndex len:5 last snapshot index:0
2026/02/07 14:34:05 [Node:1] getLogStartIndex index:1 last snapshot index:0
2026/02/07 14:34:05 [14:34:05.910] [Node:1] [LOG_REPLICA] [Trace:LOG_2_4][2->1] startIndex:1 rf.log[startIndex].Term:2 entry.Term:2
2026/02/07 14:34:05 [Node:1] getNextIndex len:5 last snapshot index:0
2026/02/07 14:34:05 [14:34:05.910] [Node:1] [LOG_REPLICA] [Trace:LOG_2_4][2->1] entry.Index:2 rf.getNextIndex():5
2026/02/07 14:34:05 [Node:1] getNextIndex len:5 last snapshot index:0
2026/02/07 14:34:05 [Node:1] getLogStartIndex index:2 last snapshot index:0
2026/02/07 14:34:05 [14:34:05.910] [Node:1] [LOG_REPLICA] [Trace:LOG_2_4][2->1] startIndex:2 rf.log[startIndex].Term:2 entry.Term:3
2026/02/07 14:34:05 [14:34:05.910] [Node:1] [LOG_REPLICA] [Trace:LOG_2_4][2->1] args logEntrys:[{101 2 false 1} {103 3 false 2} {104 4 false 3}]
2026/02/07 14:34:05 [14:34:05.910] [Node:1] [LOG_REPLICA] [Trace:LOG_2_4][2->1] 复制日志结果:[{<nil> 0 false 0} {101 2 false 1} {101 2 false 1} {103 3 false 2} {104 4 false 3}] 
2026/02/07 14:34:05 [14:34:05.910] [Node:2] [LOG_REPLICA] [Trace:LOG_2_4][2->1] 心跳返回 from peer:1 term:4 success:true
2026/02/07 14:34:05 [14:34:05.910] [Node:2] [LOG_REPLICA] [Trace:LOG_2_4][2->1] 日志复制返回成功 from peer:1 term:4 agreeCount:2 log [{101 2 false 1} {103 3 false 2} {104 4 false 3}]
2026/02/07 14:34:05 [14:34:05.910] [Node:2] [LOG_REPLICA] [Trace:LOG_2_4][2->1] 日志复制返回成功 但是已经更新过了 from peer:1 term:4 matchIndex:3 log last index:3
2026/02/07 14:34:05 rfats [0xc00010c000 0xc00010c100 0xc00010c200]
2026/02/07 14:34:05 i 0 cmd1 <nil>, ok false
2026/02/07 14:34:05 i 1 cmd1 <nil>, ok false
2026/02/07 14:34:05 i 2 cmd1 104, ok true
2026/02/07 14:34:05 nd 1, cmd1 104 cmd 104
2026/02/07 14:34:05 rfats [0xc00010c000 0xc00010c100 0xc00010c200]
2026/02/07 14:34:05 i 0 cmd1 <nil>, ok false
2026/02/07 14:34:05 i 1 cmd1 <nil>, ok false
2026/02/07 14:34:05 i 2 cmd1 104, ok true
2026/02/07 14:34:05 nd 1, cmd1 104 cmd 104
2026/02/07 14:34:05 [14:34:05.960] [Node:0] [HEARTBEAT] [Trace:HB_0_3] 开始发送心跳广播 status LEADER term:3 commitIndex:2
2026/02/07 14:34:05 [14:34:05.960] [Node:2] [HEARTBEAT] [Trace:HB_2_4] 开始发送心跳广播 status LEADER term:4 commitIndex:3
2026/02/07 14:34:05 [14:34:05.960] [Node:1] [HEARTBEAT] [Trace:HB_1_4] Follower等心跳 status FOLLOWER term:4 commitIndex:3
2026/02/07 14:34:05 [Node:0] nextIndex:[2 2 3]
2026/02/07 14:34:05 [Node:2] nextIndex:[3 1 3]
2026/02/07 14:34:05 [Node:2] getLogStartIndex index:2 last snapshot index:0
2026/02/07 14:34:05 [Node:2] getNextIndex len:4 last snapshot index:0
2026/02/07 14:34:05 [Node:2] getLogStartIndex index:3 last snapshot index:0
2026/02/07 14:34:05 [Node:0] getLogStartIndex index:2 last snapshot index:0
2026/02/07 14:34:05 [14:34:05.960] [Node:2] [LOG_REPLICA] [Trace:LOG_2_4][2->0] 发送日志or心跳到 Node:0 开始 args:{4 2 2 3 [{104 4 false 3}] 3 LOG_2_4 2 {0 0 map[] map[]}}
2026/02/07 14:34:05 [Node:0] getNextIndex len:3 last snapshot index:0
2026/02/07 14:34:05 [Node:2] nextIndex:[3 1 3]
2026/02/07 14:34:05 [Node:2] getLogStartIndex index:0 last snapshot index:0
2026/02/07 14:34:05 [14:34:05.960] [Node:0] [LOG_REPLICA] [Trace:LOG_0_3][0->2] 发送日志or心跳到 Node:2 开始 args:{3 0 2 3 [] 2 LOG_0_3 0 {0 0 map[] map[]}}
2026/02/07 14:34:05 [Node:0] nextIndex:[2 2 3]
2026/02/07 14:34:05 [Node:0] getLogStartIndex index:1 last snapshot index:0
2026/02/07 14:34:05 [Node:2] getNextIndex len:4 last snapshot index:0
2026/02/07 14:34:05 [Node:2] getLogStartIndex index:1 last snapshot index:0
2026/02/07 14:34:05 [Node:0] getNextIndex len:3 last snapshot index:0
2026/02/07 14:34:05 [Node:0] getLogStartIndex index:2 last snapshot index:0
2026/02/07 14:34:05 [14:34:05.960] [Node:2] [LOG_REPLICA] [Trace:LOG_2_4][2->1] 发送日志or心跳到 Node:1 开始 args:{4 2 0 0 [{101 2 false 1} {103 3 false 2} {104 4 false 3}] 3 LOG_2_4 2 {0 0 map[] map[]}}
2026/02/07 14:34:05 [14:34:05.960] [Node:0] [LOG_REPLICA] [Trace:LOG_0_3][0->1] 发送日志or心跳到 Node:1 开始 args:{3 0 1 2 [{103 3 false 2}] 2 LOG_0_3 0 {0 0 map[] map[]}}
2026/02/07 14:34:05 [14:34:05.961] [Node:1] [LOG_REPLICA] [Trace:LOG_2_4][2->1] AppendEntries 收到 term:4 leaderId:2 prevLogIndex:0 prevLogTerm:0 entries:3 leaderCommit:3 isHeartbeat:false currentTerm:4 status:FOLLOWER log:[{101 2 false 1} {103 3 false 2} {104 4 false 3}]
2026/02/07 14:34:05 [Node:1] getNextIndex len:5 last snapshot index:0
2026/02/07 14:34:05 [14:34:05.961] [Node:1] [LOG_REPLICA] [Trace:LOG_2_4][2->1] 打印日志结果:[{<nil> 0 false 0} {101 2 false 1} {101 2 false 1} {103 3 false 2} {104 4 false 3}] 
2026/02/07 14:34:05 [Node:1] getLogStartIndex index:0 last snapshot index:0
2026/02/07 14:34:05 [Node:1] getNextIndex len:5 last snapshot index:0
2026/02/07 14:34:05 [14:34:05.961] [Node:1] [LOG_REPLICA] [Trace:LOG_2_4][2->1] entry.Index:1 rf.getNextIndex():5
2026/02/07 14:34:05 [Node:1] getNextIndex len:5 last snapshot index:0
2026/02/07 14:34:05 [Node:1] getLogStartIndex index:1 last snapshot index:0
2026/02/07 14:34:05 [14:34:05.961] [Node:1] [LOG_REPLICA] [Trace:LOG_2_4][2->1] startIndex:1 rf.log[startIndex].Term:2 entry.Term:2
2026/02/07 14:34:05 [Node:1] getNextIndex len:5 last snapshot index:0
2026/02/07 14:34:05 [14:34:05.961] [Node:1] [LOG_REPLICA] [Trace:LOG_2_4][2->1] entry.Index:2 rf.getNextIndex():5
2026/02/07 14:34:05 [Node:1] getNextIndex len:5 last snapshot index:0
2026/02/07 14:34:05 [Node:1] getLogStartIndex index:2 last snapshot index:0
2026/02/07 14:34:05 [14:34:05.961] [Node:1] [LOG_REPLICA] [Trace:LOG_2_4][2->1] startIndex:2 rf.log[startIndex].Term:2 entry.Term:3
2026/02/07 14:34:05 [14:34:05.961] [Node:1] [LOG_REPLICA] [Trace:LOG_2_4][2->1] args logEntrys:[{101 2 false 1} {103 3 false 2} {104 4 false 3}]
2026/02/07 14:34:05 [14:34:05.961] [Node:1] [LOG_REPLICA] [Trace:LOG_2_4][2->1] 复制日志结果:[{<nil> 0 false 0} {101 2 false 1} {101 2 false 1} {103 3 false 2} {104 4 false 3}] 
2026/02/07 14:34:05 [14:34:05.961] [Node:2] [LOG_REPLICA] [Trace:LOG_2_4][2->1] 心跳返回 from peer:1 term:4 success:true
2026/02/07 14:34:05 [14:34:05.961] [Node:2] [LOG_REPLICA] [Trace:LOG_2_4][2->1] 日志复制返回成功 from peer:1 term:4 agreeCount:2 log [{101 2 false 1} {103 3 false 2} {104 4 false 3}]
2026/02/07 14:34:05 [14:34:05.961] [Node:2] [LOG_REPLICA] [Trace:LOG_2_4][2->1] 日志复制返回成功 但是已经更新过了 from peer:1 term:4 matchIndex:3 log last index:3
2026/02/07 14:34:05 rfats [0xc00010c000 0xc00010c100 0xc00010c200]
2026/02/07 14:34:05 i 0 cmd1 <nil>, ok false
2026/02/07 14:34:05 i 1 cmd1 <nil>, ok false
2026/02/07 14:34:05 i 2 cmd1 104, ok true
2026/02/07 14:34:05 nd 1, cmd1 104 cmd 104
2026/02/07 14:34:05 rfats [0xc00010c000 0xc00010c100 0xc00010c200]
2026/02/07 14:34:05 i 0 cmd1 <nil>, ok false
2026/02/07 14:34:05 i 1 cmd1 <nil>, ok false
2026/02/07 14:34:05 i 2 cmd1 104, ok true
2026/02/07 14:34:05 nd 1, cmd1 104 cmd 104
2026/02/07 14:34:06 rfats [0xc00010c000 0xc00010c100 0xc00010c200]
2026/02/07 14:34:06 [14:34:06.011] [Node:1] [HEARTBEAT] [Trace:HB_1_4] Follower等心跳 status FOLLOWER term:4 commitIndex:3
2026/02/07 14:34:06 i 0 cmd1 <nil>, ok false
2026/02/07 14:34:06 [14:34:06.011] [Node:2] [HEARTBEAT] [Trace:HB_2_4] 开始发送心跳广播 status LEADER term:4 commitIndex:3
2026/02/07 14:34:06 [14:34:06.011] [Node:0] [HEARTBEAT] [Trace:HB_0_3] 开始发送心跳广播 status LEADER term:3 commitIndex:2
2026/02/07 14:34:06 [Node:2] nextIndex:[3 1 3]
2026/02/07 14:34:06 i 1 cmd1 <nil>, ok false
2026/02/07 14:34:06 i 2 cmd1 104, ok true
2026/02/07 14:34:06 [Node:0] nextIndex:[2 2 3]
2026/02/07 14:34:06 [Node:0] getLogStartIndex index:1 last snapshot index:0
2026/02/07 14:34:06 [Node:0] getNextIndex len:3 last snapshot index:0
2026/02/07 14:34:06 [Node:0] getLogStartIndex index:2 last snapshot index:0
2026/02/07 14:34:06 [Node:2] getLogStartIndex index:2 last snapshot index:0
2026/02/07 14:34:06 [Node:2] getNextIndex len:4 last snapshot index:0
2026/02/07 14:34:06 [14:34:06.011] [Node:0] [LOG_REPLICA] [Trace:LOG_0_3][0->1] 发送日志or心跳到 Node:1 开始 args:{3 0 1 2 [{103 3 false 2}] 2 LOG_0_3 0 {0 0 map[] map[]}}
2026/02/07 14:34:06 [Node:0] nextIndex:[2 2 3]
2026/02/07 14:34:06 [Node:0] getLogStartIndex index:2 last snapshot index:0
2026/02/07 14:34:06 [Node:0] getNextIndex len:3 last snapshot index:0
2026/02/07 14:34:06 [Node:2] getLogStartIndex index:3 last snapshot index:0
2026/02/07 14:34:06 nd 1, cmd1 104 cmd 104
2026/02/07 14:34:06 [14:34:06.011] [Node:0] [LOG_REPLICA] [Trace:LOG_0_3][0->2] 发送日志or心跳到 Node:2 开始 args:{3 0 2 3 [] 2 LOG_0_3 0 {0 0 map[] map[]}}
2026/02/07 14:34:06 [14:34:06.011] [Node:2] [LOG_REPLICA] [Trace:LOG_2_4][2->0] 发送日志or心跳到 Node:0 开始 args:{4 2 2 3 [{104 4 false 3}] 3 LOG_2_4 2 {0 0 map[] map[]}}
2026/02/07 14:34:06 [Node:2] nextIndex:[3 1 3]
2026/02/07 14:34:06 [Node:2] getLogStartIndex index:0 last snapshot index:0
2026/02/07 14:34:06 [Node:2] getNextIndex len:4 last snapshot index:0
2026/02/07 14:34:06 [Node:2] getLogStartIndex index:1 last snapshot index:0
2026/02/07 14:34:06 [14:34:06.011] [Node:2] [LOG_REPLICA] [Trace:LOG_2_4][2->1] 发送日志or心跳到 Node:1 开始 args:{4 2 0 0 [{101 2 false 1} {103 3 false 2} {104 4 false 3}] 3 LOG_2_4 2 {0 0 map[] map[]}}
2026/02/07 14:34:06 [14:34:06.012] [Node:1] [LOG_REPLICA] [Trace:LOG_2_4][2->1] AppendEntries 收到 term:4 leaderId:2 prevLogIndex:0 prevLogTerm:0 entries:3 leaderCommit:3 isHeartbeat:false currentTerm:4 status:FOLLOWER log:[{101 2 false 1} {103 3 false 2} {104 4 false 3}]
2026/02/07 14:34:06 [Node:1] getNextIndex len:5 last snapshot index:0
2026/02/07 14:34:06 [14:34:06.012] [Node:1] [LOG_REPLICA] [Trace:LOG_2_4][2->1] 打印日志结果:[{<nil> 0 false 0} {101 2 false 1} {101 2 false 1} {103 3 false 2} {104 4 false 3}] 
2026/02/07 14:34:06 [Node:1] getLogStartIndex index:0 last snapshot index:0
2026/02/07 14:34:06 [Node:1] getNextIndex len:5 last snapshot index:0
2026/02/07 14:34:06 [14:34:06.012] [Node:1] [LOG_REPLICA] [Trace:LOG_2_4][2->1] entry.Index:1 rf.getNextIndex():5
2026/02/07 14:34:06 [Node:1] getNextIndex len:5 last snapshot index:0
2026/02/07 14:34:06 [Node:1] getLogStartIndex index:1 last snapshot index:0
2026/02/07 14:34:06 [14:34:06.012] [Node:1] [LOG_REPLICA] [Trace:LOG_2_4][2->1] startIndex:1 rf.log[startIndex].Term:2 entry.Term:2
2026/02/07 14:34:06 [Node:1] getNextIndex len:5 last snapshot index:0
2026/02/07 14:34:06 [14:34:06.012] [Node:1] [LOG_REPLICA] [Trace:LOG_2_4][2->1] entry.Index:2 rf.getNextIndex():5
2026/02/07 14:34:06 [Node:1] getNextIndex len:5 last snapshot index:0
2026/02/07 14:34:06 [Node:1] getLogStartIndex index:2 last snapshot index:0
2026/02/07 14:34:06 [14:34:06.012] [Node:1] [LOG_REPLICA] [Trace:LOG_2_4][2->1] startIndex:2 rf.log[startIndex].Term:2 entry.Term:3
2026/02/07 14:34:06 [14:34:06.012] [Node:1] [LOG_REPLICA] [Trace:LOG_2_4][2->1] args logEntrys:[{101 2 false 1} {103 3 false 2} {104 4 false 3}]
2026/02/07 14:34:06 [14:34:06.012] [Node:1] [LOG_REPLICA] [Trace:LOG_2_4][2->1] 复制日志结果:[{<nil> 0 false 0} {101 2 false 1} {101 2 false 1} {103 3 false 2} {104 4 false 3}] 
2026/02/07 14:34:06 [14:34:06.012] [Node:2] [LOG_REPLICA] [Trace:LOG_2_4][2->1] 心跳返回 from peer:1 term:4 success:true
2026/02/07 14:34:06 [14:34:06.012] [Node:2] [LOG_REPLICA] [Trace:LOG_2_4][2->1] 日志复制返回成功 from peer:1 term:4 agreeCount:2 log [{101 2 false 1} {103 3 false 2} {104 4 false 3}]
2026/02/07 14:34:06 [14:34:06.012] [Node:2] [LOG_REPLICA] [Trace:LOG_2_4][2->1] 日志复制返回成功 但是已经更新过了 from peer:1 term:4 matchIndex:3 log last index:3
2026/02/07 14:34:06 rfats [0xc00010c000 0xc00010c100 0xc00010c200]
2026/02/07 14:34:06 i 0 cmd1 <nil>, ok false
2026/02/07 14:34:06 i 1 cmd1 <nil>, ok false
2026/02/07 14:34:06 i 2 cmd1 104, ok true
2026/02/07 14:34:06 nd 1, cmd1 104 cmd 104
2026/02/07 14:34:06 rfats [0xc00010c000 0xc00010c100 0xc00010c200]
2026/02/07 14:34:06 i 0 cmd1 <nil>, ok false
2026/02/07 14:34:06 i 1 cmd1 <nil>, ok false
2026/02/07 14:34:06 i 2 cmd1 104, ok true
2026/02/07 14:34:06 nd 1, cmd1 104 cmd 104
2026/02/07 14:34:06 [14:34:06.061] [Node:1] [HEARTBEAT] [Trace:HB_1_4] Follower等心跳 status FOLLOWER term:4 commitIndex:3
2026/02/07 14:34:06 [14:34:06.061] [Node:2] [HEARTBEAT] [Trace:HB_2_4] 开始发送心跳广播 status LEADER term:4 commitIndex:3
2026/02/07 14:34:06 [14:34:06.062] [Node:0] [HEARTBEAT] [Trace:HB_0_3] 开始发送心跳广播 status LEADER term:3 commitIndex:2
2026/02/07 14:34:06 [Node:2] nextIndex:[3 1 3]
2026/02/07 14:34:06 [Node:2] getLogStartIndex index:2 last snapshot index:0
2026/02/07 14:34:06 [Node:2] getNextIndex len:4 last snapshot index:0
2026/02/07 14:34:06 [Node:0] nextIndex:[2 2 3]
2026/02/07 14:34:06 [Node:0] getLogStartIndex index:1 last snapshot index:0
2026/02/07 14:34:06 [Node:2] getLogStartIndex index:3 last snapshot index:0
2026/02/07 14:34:06 [Node:0] getNextIndex len:3 last snapshot index:0
2026/02/07 14:34:06 [Node:0] getLogStartIndex index:2 last snapshot index:0
2026/02/07 14:34:06 [14:34:06.062] [Node:2] [LOG_REPLICA] [Trace:LOG_2_4][2->0] 发送日志or心跳到 Node:0 开始 args:{4 2 2 3 [{104 4 false 3}] 3 LOG_2_4 2 {0 0 map[] map[]}}
2026/02/07 14:34:06 [Node:2] nextIndex:[3 1 3]
2026/02/07 14:34:06 [14:34:06.062] [Node:0] [LOG_REPLICA] [Trace:LOG_0_3][0->1] 发送日志or心跳到 Node:1 开始 args:{3 0 1 2 [{103 3 false 2}] 2 LOG_0_3 0 {0 0 map[] map[]}}
2026/02/07 14:34:06 [Node:0] nextIndex:[2 2 3]
2026/02/07 14:34:06 [Node:0] getLogStartIndex index:2 last snapshot index:0
2026/02/07 14:34:06 [Node:0] getNextIndex len:3 last snapshot index:0
2026/02/07 14:34:06 [Node:2] getLogStartIndex index:0 last snapshot index:0
2026/02/07 14:34:06 [14:34:06.062] [Node:0] [LOG_REPLICA] [Trace:LOG_0_3][0->2] 发送日志or心跳到 Node:2 开始 args:{3 0 2 3 [] 2 LOG_0_3 0 {0 0 map[] map[]}}
2026/02/07 14:34:06 [Node:2] getNextIndex len:4 last snapshot index:0
2026/02/07 14:34:06 [Node:2] getLogStartIndex index:1 last snapshot index:0
2026/02/07 14:34:06 [14:34:06.062] [Node:2] [LOG_REPLICA] [Trace:LOG_2_4][2->1] 发送日志or心跳到 Node:1 开始 args:{4 2 0 0 [{101 2 false 1} {103 3 false 2} {104 4 false 3}] 3 LOG_2_4 2 {0 0 map[] map[]}}
2026/02/07 14:34:06 [14:34:06.062] [Node:1] [LOG_REPLICA] [Trace:LOG_2_4][2->1] AppendEntries 收到 term:4 leaderId:2 prevLogIndex:0 prevLogTerm:0 entries:3 leaderCommit:3 isHeartbeat:false currentTerm:4 status:FOLLOWER log:[{101 2 false 1} {103 3 false 2} {104 4 false 3}]
2026/02/07 14:34:06 [Node:1] getNextIndex len:5 last snapshot index:0
2026/02/07 14:34:06 [14:34:06.062] [Node:1] [LOG_REPLICA] [Trace:LOG_2_4][2->1] 打印日志结果:[{<nil> 0 false 0} {101 2 false 1} {101 2 false 1} {103 3 false 2} {104 4 false 3}] 
2026/02/07 14:34:06 [Node:1] getLogStartIndex index:0 last snapshot index:0
2026/02/07 14:34:06 [Node:1] getNextIndex len:5 last snapshot index:0
2026/02/07 14:34:06 [14:34:06.062] [Node:1] [LOG_REPLICA] [Trace:LOG_2_4][2->1] entry.Index:1 rf.getNextIndex():5
2026/02/07 14:34:06 [Node:1] getNextIndex len:5 last snapshot index:0
2026/02/07 14:34:06 [Node:1] getLogStartIndex index:1 last snapshot index:0
2026/02/07 14:34:06 [14:34:06.062] [Node:1] [LOG_REPLICA] [Trace:LOG_2_4][2->1] startIndex:1 rf.log[startIndex].Term:2 entry.Term:2
2026/02/07 14:34:06 [Node:1] getNextIndex len:5 last snapshot index:0
2026/02/07 14:34:06 [14:34:06.062] [Node:1] [LOG_REPLICA] [Trace:LOG_2_4][2->1] entry.Index:2 rf.getNextIndex():5
2026/02/07 14:34:06 [Node:1] getNextIndex len:5 last snapshot index:0
2026/02/07 14:34:06 [Node:1] getLogStartIndex index:2 last snapshot index:0
2026/02/07 14:34:06 [14:34:06.062] [Node:1] [LOG_REPLICA] [Trace:LOG_2_4][2->1] startIndex:2 rf.log[startIndex].Term:2 entry.Term:3
2026/02/07 14:34:06 [14:34:06.062] [Node:1] [LOG_REPLICA] [Trace:LOG_2_4][2->1] args logEntrys:[{101 2 false 1} {103 3 false 2} {104 4 false 3}]
2026/02/07 14:34:06 [14:34:06.063] [Node:1] [LOG_REPLICA] [Trace:LOG_2_4][2->1] 复制日志结果:[{<nil> 0 false 0} {101 2 false 1} {101 2 false 1} {103 3 false 2} {104 4 false 3}] 
2026/02/07 14:34:06 [14:34:06.063] [Node:2] [LOG_REPLICA] [Trace:LOG_2_4][2->1] 心跳返回 from peer:1 term:4 success:true
2026/02/07 14:34:06 [14:34:06.063] [Node:2] [LOG_REPLICA] [Trace:LOG_2_4][2->1] 日志复制返回成功 from peer:1 term:4 agreeCount:2 log [{101 2 false 1} {103 3 false 2} {104 4 false 3}]
2026/02/07 14:34:06 [14:34:06.063] [Node:2] [LOG_REPLICA] [Trace:LOG_2_4][2->1] 日志复制返回成功 但是已经更新过了 from peer:1 term:4 matchIndex:3 log last index:3
2026/02/07 14:34:06 rfats [0xc00010c000 0xc00010c100 0xc00010c200]
2026/02/07 14:34:06 i 0 cmd1 <nil>, ok false
2026/02/07 14:34:06 i 1 cmd1 <nil>, ok false
2026/02/07 14:34:06 i 2 cmd1 104, ok true
2026/02/07 14:34:06 nd 1, cmd1 104 cmd 104
2026/02/07 14:34:06 rfats [0xc00010c000 0xc00010c100 0xc00010c200]
2026/02/07 14:34:06 i 0 cmd1 <nil>, ok false
2026/02/07 14:34:06 i 1 cmd1 <nil>, ok false
2026/02/07 14:34:06 i 2 cmd1 104, ok true
2026/02/07 14:34:06 nd 1, cmd1 104 cmd 104
2026/02/07 14:34:06 [14:34:06.112] [Node:1] [HEARTBEAT] [Trace:HB_1_4] Follower等心跳 status FOLLOWER term:4 commitIndex:3
2026/02/07 14:34:06 [14:34:06.112] [Node:2] [HEARTBEAT] [Trace:HB_2_4] 开始发送心跳广播 status LEADER term:4 commitIndex:3
2026/02/07 14:34:06 [14:34:06.112] [Node:0] [HEARTBEAT] [Trace:HB_0_3] 开始发送心跳广播 status LEADER term:3 commitIndex:2
2026/02/07 14:34:06 [Node:2] nextIndex:[3 1 3]
2026/02/07 14:34:06 [Node:2] getLogStartIndex index:2 last snapshot index:0
2026/02/07 14:34:06 [Node:2] getNextIndex len:4 last snapshot index:0
2026/02/07 14:34:06 [Node:0] nextIndex:[2 2 3]
2026/02/07 14:34:06 [Node:0] getLogStartIndex index:1 last snapshot index:0
2026/02/07 14:34:06 [Node:0] getNextIndex len:3 last snapshot index:0
2026/02/07 14:34:06 [Node:0] getLogStartIndex index:2 last snapshot index:0
2026/02/07 14:34:06 [Node:2] getLogStartIndex index:3 last snapshot index:0
2026/02/07 14:34:06 [14:34:06.112] [Node:0] [LOG_REPLICA] [Trace:LOG_0_3][0->1] 发送日志or心跳到 Node:1 开始 args:{3 0 1 2 [{103 3 false 2}] 2 LOG_0_3 0 {0 0 map[] map[]}}
2026/02/07 14:34:06 [Node:0] nextIndex:[2 2 3]
2026/02/07 14:34:06 [Node:2] nextIndex:[3 1 3]
2026/02/07 14:34:06 [Node:0] getLogStartIndex index:2 last snapshot index:0
2026/02/07 14:34:06 [Node:0] getNextIndex len:3 last snapshot index:0
2026/02/07 14:34:06 [14:34:06.112] [Node:2] [LOG_REPLICA] [Trace:LOG_2_4][2->0] 发送日志or心跳到 Node:0 开始 args:{4 2 2 3 [{104 4 false 3}] 3 LOG_2_4 2 {0 0 map[] map[]}}
2026/02/07 14:34:06 [14:34:06.112] [Node:0] [LOG_REPLICA] [Trace:LOG_0_3][0->2] 发送日志or心跳到 Node:2 开始 args:{3 0 2 3 [] 2 LOG_0_3 0 {0 0 map[] map[]}}
2026/02/07 14:34:06 [Node:2] getLogStartIndex index:0 last snapshot index:0
2026/02/07 14:34:06 [Node:2] getNextIndex len:4 last snapshot index:0
2026/02/07 14:34:06 [Node:2] getLogStartIndex index:1 last snapshot index:0
2026/02/07 14:34:06 [14:34:06.113] [Node:2] [LOG_REPLICA] [Trace:LOG_2_4][2->1] 发送日志or心跳到 Node:1 开始 args:{4 2 0 0 [{101 2 false 1} {103 3 false 2} {104 4 false 3}] 3 LOG_2_4 2 {0 0 map[] map[]}}
2026/02/07 14:34:06 [14:34:06.113] [Node:1] [LOG_REPLICA] [Trace:LOG_2_4][2->1] AppendEntries 收到 term:4 leaderId:2 prevLogIndex:0 prevLogTerm:0 entries:3 leaderCommit:3 isHeartbeat:false currentTerm:4 status:FOLLOWER log:[{101 2 false 1} {103 3 false 2} {104 4 false 3}]
2026/02/07 14:34:06 [Node:1] getNextIndex len:5 last snapshot index:0
2026/02/07 14:34:06 [14:34:06.113] [Node:1] [LOG_REPLICA] [Trace:LOG_2_4][2->1] 打印日志结果:[{<nil> 0 false 0} {101 2 false 1} {101 2 false 1} {103 3 false 2} {104 4 false 3}] 
2026/02/07 14:34:06 [Node:1] getLogStartIndex index:0 last snapshot index:0
2026/02/07 14:34:06 [Node:1] getNextIndex len:5 last snapshot index:0
2026/02/07 14:34:06 [14:34:06.113] [Node:1] [LOG_REPLICA] [Trace:LOG_2_4][2->1] entry.Index:1 rf.getNextIndex():5
2026/02/07 14:34:06 [Node:1] getNextIndex len:5 last snapshot index:0
2026/02/07 14:34:06 [Node:1] getLogStartIndex index:1 last snapshot index:0
2026/02/07 14:34:06 [14:34:06.113] [Node:1] [LOG_REPLICA] [Trace:LOG_2_4][2->1] startIndex:1 rf.log[startIndex].Term:2 entry.Term:2
2026/02/07 14:34:06 [Node:1] getNextIndex len:5 last snapshot index:0
2026/02/07 14:34:06 [14:34:06.113] [Node:1] [LOG_REPLICA] [Trace:LOG_2_4][2->1] entry.Index:2 rf.getNextIndex():5
2026/02/07 14:34:06 [Node:1] getNextIndex len:5 last snapshot index:0
2026/02/07 14:34:06 [Node:1] getLogStartIndex index:2 last snapshot index:0
2026/02/07 14:34:06 [14:34:06.113] [Node:1] [LOG_REPLICA] [Trace:LOG_2_4][2->1] startIndex:2 rf.log[startIndex].Term:2 entry.Term:3
2026/02/07 14:34:06 [14:34:06.113] [Node:1] [LOG_REPLICA] [Trace:LOG_2_4][2->1] args logEntrys:[{101 2 false 1} {103 3 false 2} {104 4 false 3}]
2026/02/07 14:34:06 [14:34:06.113] [Node:1] [LOG_REPLICA] [Trace:LOG_2_4][2->1] 复制日志结果:[{<nil> 0 false 0} {101 2 false 1} {101 2 false 1} {103 3 false 2} {104 4 false 3}] 
2026/02/07 14:34:06 [14:34:06.114] [Node:2] [LOG_REPLICA] [Trace:LOG_2_4][2->1] 心跳返回 from peer:1 term:4 success:true
2026/02/07 14:34:06 [14:34:06.114] [Node:2] [LOG_REPLICA] [Trace:LOG_2_4][2->1] 日志复制返回成功 from peer:1 term:4 agreeCount:2 log [{101 2 false 1} {103 3 false 2} {104 4 false 3}]
2026/02/07 14:34:06 [14:34:06.114] [Node:2] [LOG_REPLICA] [Trace:LOG_2_4][2->1] 日志复制返回成功 但是已经更新过了 from peer:1 term:4 matchIndex:3 log last index:3
2026/02/07 14:34:06 rfats [0xc00010c000 0xc00010c100 0xc00010c200]
2026/02/07 14:34:06 i 0 cmd1 <nil>, ok false
2026/02/07 14:34:06 i 1 cmd1 <nil>, ok false
2026/02/07 14:34:06 i 2 cmd1 104, ok true
2026/02/07 14:34:06 nd 1, cmd1 104 cmd 104
2026/02/07 14:34:06 rfats [0xc00010c000 0xc00010c100 0xc00010c200]
2026/02/07 14:34:06 i 0 cmd1 <nil>, ok false
2026/02/07 14:34:06 i 1 cmd1 <nil>, ok false
2026/02/07 14:34:06 i 2 cmd1 104, ok true
2026/02/07 14:34:06 nd 1, cmd1 104 cmd 104
2026/02/07 14:34:06 rfats [0xc00010c000 0xc00010c100 0xc00010c200]
2026/02/07 14:34:06 i 0 cmd1 <nil>, ok false
2026/02/07 14:34:06 i 1 cmd1 <nil>, ok false
2026/02/07 14:34:06 i 2 cmd1 104, ok true
2026/02/07 14:34:06 nd 1, cmd1 104 cmd 104
2026/02/07 14:34:06 [14:34:06.163] [Node:2] [HEARTBEAT] [Trace:HB_2_4] 开始发送心跳广播 status LEADER term:4 commitIndex:3
2026/02/07 14:34:06 [14:34:06.163] [Node:0] [HEARTBEAT] [Trace:HB_0_3] 开始发送心跳广播 status LEADER term:3 commitIndex:2
2026/02/07 14:34:06 [14:34:06.163] [Node:1] [HEARTBEAT] [Trace:HB_1_4] Follower等心跳 status FOLLOWER term:4 commitIndex:3
2026/02/07 14:34:06 [Node:0] nextIndex:[2 2 3]
2026/02/07 14:34:06 [Node:2] nextIndex:[3 1 3]
2026/02/07 14:34:06 [Node:0] getLogStartIndex index:1 last snapshot index:0
2026/02/07 14:34:06 [Node:2] getLogStartIndex index:2 last snapshot index:0
2026/02/07 14:34:06 [Node:0] getNextIndex len:3 last snapshot index:0
2026/02/07 14:34:06 [Node:2] getNextIndex len:4 last snapshot index:0
2026/02/07 14:34:06 [Node:2] getLogStartIndex index:3 last snapshot index:0
2026/02/07 14:34:06 [Node:0] getLogStartIndex index:2 last snapshot index:0
2026/02/07 14:34:06 [14:34:06.163] [Node:2] [LOG_REPLICA] [Trace:LOG_2_4][2->0] 发送日志or心跳到 Node:0 开始 args:{4 2 2 3 [{104 4 false 3}] 3 LOG_2_4 2 {0 0 map[] map[]}}
2026/02/07 14:34:06 [Node:0] nextIndex:[2 2 3]
2026/02/07 14:34:06 [Node:0] getLogStartIndex index:2 last snapshot index:0
2026/02/07 14:34:06 [14:34:06.163] [Node:0] [LOG_REPLICA] [Trace:LOG_0_3][0->1] 发送日志or心跳到 Node:1 开始 args:{3 0 1 2 [{103 3 false 2}] 2 LOG_0_3 0 {0 0 map[] map[]}}
2026/02/07 14:34:06 [Node:2] nextIndex:[3 1 3]
2026/02/07 14:34:06 [Node:2] getLogStartIndex index:0 last snapshot index:0
2026/02/07 14:34:06 [Node:2] getNextIndex len:4 last snapshot index:0
2026/02/07 14:34:06 [Node:0] getNextIndex len:3 last snapshot index:0
2026/02/07 14:34:06 [Node:2] getLogStartIndex index:1 last snapshot index:0
2026/02/07 14:34:06 [14:34:06.163] [Node:0] [LOG_REPLICA] [Trace:LOG_0_3][0->2] 发送日志or心跳到 Node:2 开始 args:{3 0 2 3 [] 2 LOG_0_3 0 {0 0 map[] map[]}}
2026/02/07 14:34:06 [14:34:06.163] [Node:2] [LOG_REPLICA] [Trace:LOG_2_4][2->1] 发送日志or心跳到 Node:1 开始 args:{4 2 0 0 [{101 2 false 1} {103 3 false 2} {104 4 false 3}] 3 LOG_2_4 2 {0 0 map[] map[]}}
2026/02/07 14:34:06 [14:34:06.163] [Node:1] [LOG_REPLICA] [Trace:LOG_2_4][2->1] AppendEntries 收到 term:4 leaderId:2 prevLogIndex:0 prevLogTerm:0 entries:3 leaderCommit:3 isHeartbeat:false currentTerm:4 status:FOLLOWER log:[{101 2 false 1} {103 3 false 2} {104 4 false 3}]
2026/02/07 14:34:06 [Node:1] getNextIndex len:5 last snapshot index:0
2026/02/07 14:34:06 [14:34:06.163] [Node:1] [LOG_REPLICA] [Trace:LOG_2_4][2->1] 打印日志结果:[{<nil> 0 false 0} {101 2 false 1} {101 2 false 1} {103 3 false 2} {104 4 false 3}] 
2026/02/07 14:34:06 [Node:1] getLogStartIndex index:0 last snapshot index:0
2026/02/07 14:34:06 [Node:1] getNextIndex len:5 last snapshot index:0
2026/02/07 14:34:06 [14:34:06.164] [Node:1] [LOG_REPLICA] [Trace:LOG_2_4][2->1] entry.Index:1 rf.getNextIndex():5
2026/02/07 14:34:06 [Node:1] getNextIndex len:5 last snapshot index:0
2026/02/07 14:34:06 [Node:1] getLogStartIndex index:1 last snapshot index:0
2026/02/07 14:34:06 [14:34:06.164] [Node:1] [LOG_REPLICA] [Trace:LOG_2_4][2->1] startIndex:1 rf.log[startIndex].Term:2 entry.Term:2
2026/02/07 14:34:06 [Node:1] getNextIndex len:5 last snapshot index:0
2026/02/07 14:34:06 [14:34:06.164] [Node:1] [LOG_REPLICA] [Trace:LOG_2_4][2->1] entry.Index:2 rf.getNextIndex():5
2026/02/07 14:34:06 [Node:1] getNextIndex len:5 last snapshot index:0
2026/02/07 14:34:06 [Node:1] getLogStartIndex index:2 last snapshot index:0
2026/02/07 14:34:06 [14:34:06.164] [Node:1] [LOG_REPLICA] [Trace:LOG_2_4][2->1] startIndex:2 rf.log[startIndex].Term:2 entry.Term:3
2026/02/07 14:34:06 [14:34:06.164] [Node:1] [LOG_REPLICA] [Trace:LOG_2_4][2->1] args logEntrys:[{101 2 false 1} {103 3 false 2} {104 4 false 3}]
2026/02/07 14:34:06 [14:34:06.164] [Node:1] [LOG_REPLICA] [Trace:LOG_2_4][2->1] 复制日志结果:[{<nil> 0 false 0} {101 2 false 1} {101 2 false 1} {103 3 false 2} {104 4 false 3}] 
2026/02/07 14:34:06 [14:34:06.164] [Node:2] [LOG_REPLICA] [Trace:LOG_2_4][2->1] 心跳返回 from peer:1 term:4 success:true
2026/02/07 14:34:06 [14:34:06.164] [Node:2] [LOG_REPLICA] [Trace:LOG_2_4][2->1] 日志复制返回成功 from peer:1 term:4 agreeCount:2 log [{101 2 false 1} {103 3 false 2} {104 4 false 3}]
2026/02/07 14:34:06 [14:34:06.164] [Node:2] [LOG_REPLICA] [Trace:LOG_2_4][2->1] 日志复制返回成功 但是已经更新过了 from peer:1 term:4 matchIndex:3 log last index:3
2026/02/07 14:34:06 rfats [0xc00010c000 0xc00010c100 0xc00010c200]
2026/02/07 14:34:06 i 0 cmd1 <nil>, ok false
2026/02/07 14:34:06 i 1 cmd1 <nil>, ok false
2026/02/07 14:34:06 i 2 cmd1 104, ok true
2026/02/07 14:34:06 nd 1, cmd1 104 cmd 104
2026/02/07 14:34:06 rfats [0xc00010c000 0xc00010c100 0xc00010c200]
2026/02/07 14:34:06 i 0 cmd1 <nil>, ok false
2026/02/07 14:34:06 i 1 cmd1 <nil>, ok false
2026/02/07 14:34:06 i 2 cmd1 104, ok true
2026/02/07 14:34:06 nd 1, cmd1 104 cmd 104
2026/02/07 14:34:06 [14:34:06.214] [Node:2] [HEARTBEAT] [Trace:HB_2_4] 开始发送心跳广播 status LEADER term:4 commitIndex:3
2026/02/07 14:34:06 [14:34:06.214] [Node:0] [HEARTBEAT] [Trace:HB_0_3] 开始发送心跳广播 status LEADER term:3 commitIndex:2
2026/02/07 14:34:06 [14:34:06.214] [Node:1] [HEARTBEAT] [Trace:HB_1_4] Follower等心跳 status FOLLOWER term:4 commitIndex:3
2026/02/07 14:34:06 [Node:0] nextIndex:[2 2 3]
2026/02/07 14:34:06 [Node:0] getLogStartIndex index:1 last snapshot index:0
2026/02/07 14:34:06 [Node:0] getNextIndex len:3 last snapshot index:0
2026/02/07 14:34:06 [Node:2] nextIndex:[3 1 3]
2026/02/07 14:34:06 [Node:2] getLogStartIndex index:2 last snapshot index:0
2026/02/07 14:34:06 [Node:0] getLogStartIndex index:2 last snapshot index:0
2026/02/07 14:34:06 [Node:2] getNextIndex len:4 last snapshot index:0
2026/02/07 14:34:06 [Node:2] getLogStartIndex index:3 last snapshot index:0
2026/02/07 14:34:06 [14:34:06.214] [Node:0] [LOG_REPLICA] [Trace:LOG_0_3][0->1] 发送日志or心跳到 Node:1 开始 args:{3 0 1 2 [{103 3 false 2}] 2 LOG_0_3 0 {0 0 map[] map[]}}
2026/02/07 14:34:06 [Node:2] nextIndex:[3 1 3]
2026/02/07 14:34:06 [Node:2] getLogStartIndex index:0 last snapshot index:0
2026/02/07 14:34:06 [Node:2] getNextIndex len:4 last snapshot index:0
2026/02/07 14:34:06 [14:34:06.214] [Node:2] [LOG_REPLICA] [Trace:LOG_2_4][2->0] 发送日志or心跳到 Node:0 开始 args:{4 2 2 3 [{104 4 false 3}] 3 LOG_2_4 2 {0 0 map[] map[]}}
2026/02/07 14:34:06 [Node:0] nextIndex:[2 2 3]
2026/02/07 14:34:06 [Node:2] getLogStartIndex index:1 last snapshot index:0
2026/02/07 14:34:06 [Node:0] getLogStartIndex index:2 last snapshot index:0
2026/02/07 14:34:06 [Node:0] getNextIndex len:3 last snapshot index:0
2026/02/07 14:34:06 [14:34:06.214] [Node:2] [LOG_REPLICA] [Trace:LOG_2_4][2->1] 发送日志or心跳到 Node:1 开始 args:{4 2 0 0 [{101 2 false 1} {103 3 false 2} {104 4 false 3}] 3 LOG_2_4 2 {0 0 map[] map[]}}
2026/02/07 14:34:06 [14:34:06.214] [Node:0] [LOG_REPLICA] [Trace:LOG_0_3][0->2] 发送日志or心跳到 Node:2 开始 args:{3 0 2 3 [] 2 LOG_0_3 0 {0 0 map[] map[]}}
2026/02/07 14:34:06 [14:34:06.214] [Node:1] [LOG_REPLICA] [Trace:LOG_2_4][2->1] AppendEntries 收到 term:4 leaderId:2 prevLogIndex:0 prevLogTerm:0 entries:3 leaderCommit:3 isHeartbeat:false currentTerm:4 status:FOLLOWER log:[{101 2 false 1} {103 3 false 2} {104 4 false 3}]
2026/02/07 14:34:06 [Node:1] getNextIndex len:5 last snapshot index:0
2026/02/07 14:34:06 [14:34:06.214] [Node:1] [LOG_REPLICA] [Trace:LOG_2_4][2->1] 打印日志结果:[{<nil> 0 false 0} {101 2 false 1} {101 2 false 1} {103 3 false 2} {104 4 false 3}] 
2026/02/07 14:34:06 [Node:1] getLogStartIndex index:0 last snapshot index:0
2026/02/07 14:34:06 [Node:1] getNextIndex len:5 last snapshot index:0
2026/02/07 14:34:06 [14:34:06.215] [Node:1] [LOG_REPLICA] [Trace:LOG_2_4][2->1] entry.Index:1 rf.getNextIndex():5
2026/02/07 14:34:06 [Node:1] getNextIndex len:5 last snapshot index:0
2026/02/07 14:34:06 [Node:1] getLogStartIndex index:1 last snapshot index:0
2026/02/07 14:34:06 [14:34:06.215] [Node:1] [LOG_REPLICA] [Trace:LOG_2_4][2->1] startIndex:1 rf.log[startIndex].Term:2 entry.Term:2
2026/02/07 14:34:06 [Node:1] getNextIndex len:5 last snapshot index:0
2026/02/07 14:34:06 [14:34:06.215] [Node:1] [LOG_REPLICA] [Trace:LOG_2_4][2->1] entry.Index:2 rf.getNextIndex():5
2026/02/07 14:34:06 [Node:1] getNextIndex len:5 last snapshot index:0
2026/02/07 14:34:06 [Node:1] getLogStartIndex index:2 last snapshot index:0
2026/02/07 14:34:06 [14:34:06.215] [Node:1] [LOG_REPLICA] [Trace:LOG_2_4][2->1] startIndex:2 rf.log[startIndex].Term:2 entry.Term:3
2026/02/07 14:34:06 [14:34:06.215] [Node:1] [LOG_REPLICA] [Trace:LOG_2_4][2->1] args logEntrys:[{101 2 false 1} {103 3 false 2} {104 4 false 3}]
2026/02/07 14:34:06 [14:34:06.215] [Node:1] [LOG_REPLICA] [Trace:LOG_2_4][2->1] 复制日志结果:[{<nil> 0 false 0} {101 2 false 1} {101 2 false 1} {103 3 false 2} {104 4 false 3}] 
2026/02/07 14:34:06 [14:34:06.215] [Node:2] [LOG_REPLICA] [Trace:LOG_2_4][2->1] 心跳返回 from peer:1 term:4 success:true
2026/02/07 14:34:06 [14:34:06.215] [Node:2] [LOG_REPLICA] [Trace:LOG_2_4][2->1] 日志复制返回成功 from peer:1 term:4 agreeCount:2 log [{101 2 false 1} {103 3 false 2} {104 4 false 3}]
2026/02/07 14:34:06 [14:34:06.215] [Node:2] [LOG_REPLICA] [Trace:LOG_2_4][2->1] 日志复制返回成功 但是已经更新过了 from peer:1 term:4 matchIndex:3 log last index:3
2026/02/07 14:34:06 rfats [0xc00010c000 0xc00010c100 0xc00010c200]
2026/02/07 14:34:06 i 0 cmd1 <nil>, ok false
2026/02/07 14:34:06 i 1 cmd1 <nil>, ok false
2026/02/07 14:34:06 i 2 cmd1 104, ok true
2026/02/07 14:34:06 nd 1, cmd1 104 cmd 104
2026/02/07 14:34:06 rfats [0xc00010c000 0xc00010c100 0xc00010c200]
2026/02/07 14:34:06 i 0 cmd1 <nil>, ok false
2026/02/07 14:34:06 i 1 cmd1 <nil>, ok false
2026/02/07 14:34:06 i 2 cmd1 104, ok true
2026/02/07 14:34:06 nd 1, cmd1 104 cmd 104
2026/02/07 14:34:06 rfats [0xc00010c000 0xc00010c100 0xc00010c200]
2026/02/07 14:34:06 i 0 cmd1 <nil>, ok false
2026/02/07 14:34:06 i 1 cmd1 <nil>, ok false
2026/02/07 14:34:06 i 2 cmd1 104, ok true
2026/02/07 14:34:06 nd 1, cmd1 104 cmd 104
2026/02/07 14:34:06 [14:34:06.264] [Node:1] [HEARTBEAT] [Trace:HB_1_4] Follower等心跳 status FOLLOWER term:4 commitIndex:3
2026/02/07 14:34:06 [14:34:06.264] [Node:0] [HEARTBEAT] [Trace:HB_0_3] 开始发送心跳广播 status LEADER term:3 commitIndex:2
2026/02/07 14:34:06 [14:34:06.264] [Node:2] [HEARTBEAT] [Trace:HB_2_4] 开始发送心跳广播 status LEADER term:4 commitIndex:3
2026/02/07 14:34:06 [Node:0] nextIndex:[2 2 3]
2026/02/07 14:34:06 [Node:2] nextIndex:[3 1 3]
2026/02/07 14:34:06 [Node:2] getLogStartIndex index:2 last snapshot index:0
2026/02/07 14:34:06 [Node:0] getLogStartIndex index:2 last snapshot index:0
2026/02/07 14:34:06 [Node:0] getNextIndex len:3 last snapshot index:0
2026/02/07 14:34:06 [Node:2] getNextIndex len:4 last snapshot index:0
2026/02/07 14:34:06 [Node:2] getLogStartIndex index:3 last snapshot index:0
2026/02/07 14:34:06 [Node:0] nextIndex:[2 2 3]
2026/02/07 14:34:06 [14:34:06.264] [Node:0] [LOG_REPLICA] [Trace:LOG_0_3][0->2] 发送日志or心跳到 Node:2 开始 args:{3 0 2 3 [] 2 LOG_0_3 0 {0 0 map[] map[]}}
2026/02/07 14:34:06 [Node:0] getLogStartIndex index:1 last snapshot index:0
2026/02/07 14:34:06 [Node:0] getNextIndex len:3 last snapshot index:0
2026/02/07 14:34:06 [Node:2] nextIndex:[3 1 3]
2026/02/07 14:34:06 [14:34:06.264] [Node:2] [LOG_REPLICA] [Trace:LOG_2_4][2->0] 发送日志or心跳到 Node:0 开始 args:{4 2 2 3 [{104 4 false 3}] 3 LOG_2_4 2 {0 0 map[] map[]}}
2026/02/07 14:34:06 [Node:0] getLogStartIndex index:2 last snapshot index:0
2026/02/07 14:34:06 [Node:2] getLogStartIndex index:0 last snapshot index:0
2026/02/07 14:34:06 [Node:2] getNextIndex len:4 last snapshot index:0
2026/02/07 14:34:06 [Node:2] getLogStartIndex index:1 last snapshot index:0
2026/02/07 14:34:06 [14:34:06.264] [Node:0] [LOG_REPLICA] [Trace:LOG_0_3][0->1] 发送日志or心跳到 Node:1 开始 args:{3 0 1 2 [{103 3 false 2}] 2 LOG_0_3 0 {0 0 map[] map[]}}
2026/02/07 14:34:06 [14:34:06.264] [Node:2] [LOG_REPLICA] [Trace:LOG_2_4][2->1] 发送日志or心跳到 Node:1 开始 args:{4 2 0 0 [{101 2 false 1} {103 3 false 2} {104 4 false 3}] 3 LOG_2_4 2 {0 0 map[] map[]}}
2026/02/07 14:34:06 [14:34:06.265] [Node:1] [LOG_REPLICA] [Trace:LOG_2_4][2->1] AppendEntries 收到 term:4 leaderId:2 prevLogIndex:0 prevLogTerm:0 entries:3 leaderCommit:3 isHeartbeat:false currentTerm:4 status:FOLLOWER log:[{101 2 false 1} {103 3 false 2} {104 4 false 3}]
2026/02/07 14:34:06 [Node:1] getNextIndex len:5 last snapshot index:0
2026/02/07 14:34:06 [14:34:06.265] [Node:1] [LOG_REPLICA] [Trace:LOG_2_4][2->1] 打印日志结果:[{<nil> 0 false 0} {101 2 false 1} {101 2 false 1} {103 3 false 2} {104 4 false 3}] 
2026/02/07 14:34:06 [Node:1] getLogStartIndex index:0 last snapshot index:0
2026/02/07 14:34:06 [Node:1] getNextIndex len:5 last snapshot index:0
2026/02/07 14:34:06 [14:34:06.265] [Node:1] [LOG_REPLICA] [Trace:LOG_2_4][2->1] entry.Index:1 rf.getNextIndex():5
2026/02/07 14:34:06 [Node:1] getNextIndex len:5 last snapshot index:0
2026/02/07 14:34:06 [Node:1] getLogStartIndex index:1 last snapshot index:0
2026/02/07 14:34:06 [14:34:06.265] [Node:1] [LOG_REPLICA] [Trace:LOG_2_4][2->1] startIndex:1 rf.log[startIndex].Term:2 entry.Term:2
2026/02/07 14:34:06 [Node:1] getNextIndex len:5 last snapshot index:0
2026/02/07 14:34:06 [14:34:06.265] [Node:1] [LOG_REPLICA] [Trace:LOG_2_4][2->1] entry.Index:2 rf.getNextIndex():5
2026/02/07 14:34:06 [Node:1] getNextIndex len:5 last snapshot index:0
2026/02/07 14:34:06 [Node:1] getLogStartIndex index:2 last snapshot index:0
2026/02/07 14:34:06 [14:34:06.265] [Node:1] [LOG_REPLICA] [Trace:LOG_2_4][2->1] startIndex:2 rf.log[startIndex].Term:2 entry.Term:3
2026/02/07 14:34:06 [14:34:06.265] [Node:1] [LOG_REPLICA] [Trace:LOG_2_4][2->1] args logEntrys:[{101 2 false 1} {103 3 false 2} {104 4 false 3}]
2026/02/07 14:34:06 [14:34:06.265] [Node:1] [LOG_REPLICA] [Trace:LOG_2_4][2->1] 复制日志结果:[{<nil> 0 false 0} {101 2 false 1} {101 2 false 1} {103 3 false 2} {104 4 false 3}] 
2026/02/07 14:34:06 [14:34:06.265] [Node:2] [LOG_REPLICA] [Trace:LOG_2_4][2->1] 心跳返回 from peer:1 term:4 success:true
2026/02/07 14:34:06 [14:34:06.265] [Node:2] [LOG_REPLICA] [Trace:LOG_2_4][2->1] 日志复制返回成功 from peer:1 term:4 agreeCount:2 log [{101 2 false 1} {103 3 false 2} {104 4 false 3}]
2026/02/07 14:34:06 [14:34:06.265] [Node:2] [LOG_REPLICA] [Trace:LOG_2_4][2->1] 日志复制返回成功 但是已经更新过了 from peer:1 term:4 matchIndex:3 log last index:3
2026/02/07 14:34:06 rfats [0xc00010c000 0xc00010c100 0xc00010c200]
2026/02/07 14:34:06 i 0 cmd1 <nil>, ok false
2026/02/07 14:34:06 i 1 cmd1 <nil>, ok false
2026/02/07 14:34:06 i 2 cmd1 104, ok true
2026/02/07 14:34:06 nd 1, cmd1 104 cmd 104
2026/02/07 14:34:06 rfats [0xc00010c000 0xc00010c100 0xc00010c200]
2026/02/07 14:34:06 i 0 cmd1 <nil>, ok false
2026/02/07 14:34:06 i 1 cmd1 <nil>, ok false
2026/02/07 14:34:06 i 2 cmd1 104, ok true
2026/02/07 14:34:06 nd 1, cmd1 104 cmd 104
2026/02/07 14:34:06 [14:34:06.314] [Node:1] [HEARTBEAT] [Trace:HB_1_4] Follower等心跳 status FOLLOWER term:4 commitIndex:3
2026/02/07 14:34:06 [14:34:06.314] [Node:0] [HEARTBEAT] [Trace:HB_0_3] 开始发送心跳广播 status LEADER term:3 commitIndex:2
2026/02/07 14:34:06 [14:34:06.314] [Node:2] [HEARTBEAT] [Trace:HB_2_4] 开始发送心跳广播 status LEADER term:4 commitIndex:3
2026/02/07 14:34:06 [Node:0] nextIndex:[2 2 3]
2026/02/07 14:34:06 [Node:0] getLogStartIndex index:2 last snapshot index:0
2026/02/07 14:34:06 [Node:0] getNextIndex len:3 last snapshot index:0
2026/02/07 14:34:06 [Node:2] nextIndex:[3 1 3]
2026/02/07 14:34:06 [Node:0] nextIndex:[2 2 3]
2026/02/07 14:34:06 [Node:2] getLogStartIndex index:0 last snapshot index:0
2026/02/07 14:34:06 [Node:0] getLogStartIndex index:1 last snapshot index:0
2026/02/07 14:34:06 [Node:2] getNextIndex len:4 last snapshot index:0
2026/02/07 14:34:06 [Node:0] getNextIndex len:3 last snapshot index:0
2026/02/07 14:34:06 [Node:2] getLogStartIndex index:1 last snapshot index:0
2026/02/07 14:34:06 [Node:0] getLogStartIndex index:2 last snapshot index:0
2026/02/07 14:34:06 [14:34:06.314] [Node:0] [LOG_REPLICA] [Trace:LOG_0_3][0->2] 发送日志or心跳到 Node:2 开始 args:{3 0 2 3 [] 2 LOG_0_3 0 {0 0 map[] map[]}}
2026/02/07 14:34:06 [14:34:06.314] [Node:0] [LOG_REPLICA] [Trace:LOG_0_3][0->1] 发送日志or心跳到 Node:1 开始 args:{3 0 1 2 [{103 3 false 2}] 2 LOG_0_3 0 {0 0 map[] map[]}}
2026/02/07 14:34:06 [14:34:06.314] [Node:2] [LOG_REPLICA] [Trace:LOG_2_4][2->1] 发送日志or心跳到 Node:1 开始 args:{4 2 0 0 [{101 2 false 1} {103 3 false 2} {104 4 false 3}] 3 LOG_2_4 2 {0 0 map[] map[]}}
2026/02/07 14:34:06 [Node:2] nextIndex:[3 1 3]
2026/02/07 14:34:06 [Node:2] getLogStartIndex index:2 last snapshot index:0
2026/02/07 14:34:06 [Node:2] getNextIndex len:4 last snapshot index:0
2026/02/07 14:34:06 [Node:2] getLogStartIndex index:3 last snapshot index:0
2026/02/07 14:34:06 [14:34:06.314] [Node:2] [LOG_REPLICA] [Trace:LOG_2_4][2->0] 发送日志or心跳到 Node:0 开始 args:{4 2 2 3 [{104 4 false 3}] 3 LOG_2_4 2 {0 0 map[] map[]}}
2026/02/07 14:34:06 [14:34:06.315] [Node:1] [LOG_REPLICA] [Trace:LOG_2_4][2->1] AppendEntries 收到 term:4 leaderId:2 prevLogIndex:0 prevLogTerm:0 entries:3 leaderCommit:3 isHeartbeat:false currentTerm:4 status:FOLLOWER log:[{101 2 false 1} {103 3 false 2} {104 4 false 3}]
2026/02/07 14:34:06 [Node:1] getNextIndex len:5 last snapshot index:0
2026/02/07 14:34:06 [14:34:06.315] [Node:1] [LOG_REPLICA] [Trace:LOG_2_4][2->1] 打印日志结果:[{<nil> 0 false 0} {101 2 false 1} {101 2 false 1} {103 3 false 2} {104 4 false 3}] 
2026/02/07 14:34:06 [Node:1] getLogStartIndex index:0 last snapshot index:0
2026/02/07 14:34:06 [Node:1] getNextIndex len:5 last snapshot index:0
2026/02/07 14:34:06 [14:34:06.315] [Node:1] [LOG_REPLICA] [Trace:LOG_2_4][2->1] entry.Index:1 rf.getNextIndex():5
2026/02/07 14:34:06 [Node:1] getNextIndex len:5 last snapshot index:0
2026/02/07 14:34:06 [Node:1] getLogStartIndex index:1 last snapshot index:0
2026/02/07 14:34:06 [14:34:06.315] [Node:1] [LOG_REPLICA] [Trace:LOG_2_4][2->1] startIndex:1 rf.log[startIndex].Term:2 entry.Term:2
2026/02/07 14:34:06 [Node:1] getNextIndex len:5 last snapshot index:0
2026/02/07 14:34:06 [14:34:06.315] [Node:1] [LOG_REPLICA] [Trace:LOG_2_4][2->1] entry.Index:2 rf.getNextIndex():5
2026/02/07 14:34:06 [Node:1] getNextIndex len:5 last snapshot index:0
2026/02/07 14:34:06 [Node:1] getLogStartIndex index:2 last snapshot index:0
2026/02/07 14:34:06 [14:34:06.315] [Node:1] [LOG_REPLICA] [Trace:LOG_2_4][2->1] startIndex:2 rf.log[startIndex].Term:2 entry.Term:3
2026/02/07 14:34:06 [14:34:06.315] [Node:1] [LOG_REPLICA] [Trace:LOG_2_4][2->1] args logEntrys:[{101 2 false 1} {103 3 false 2} {104 4 false 3}]
2026/02/07 14:34:06 [14:34:06.315] [Node:1] [LOG_REPLICA] [Trace:LOG_2_4][2->1] 复制日志结果:[{<nil> 0 false 0} {101 2 false 1} {101 2 false 1} {103 3 false 2} {104 4 false 3}] 
2026/02/07 14:34:06 [14:34:06.315] [Node:2] [LOG_REPLICA] [Trace:LOG_2_4][2->1] 心跳返回 from peer:1 term:4 success:true
2026/02/07 14:34:06 [14:34:06.315] [Node:2] [LOG_REPLICA] [Trace:LOG_2_4][2->1] 日志复制返回成功 from peer:1 term:4 agreeCount:2 log [{101 2 false 1} {103 3 false 2} {104 4 false 3}]
2026/02/07 14:34:06 [14:34:06.315] [Node:2] [LOG_REPLICA] [Trace:LOG_2_4][2->1] 日志复制返回成功 但是已经更新过了 from peer:1 term:4 matchIndex:3 log last index:3
2026/02/07 14:34:06 rfats [0xc00010c000 0xc00010c100 0xc00010c200]
2026/02/07 14:34:06 i 0 cmd1 <nil>, ok false
2026/02/07 14:34:06 i 1 cmd1 <nil>, ok false
2026/02/07 14:34:06 i 2 cmd1 104, ok true
2026/02/07 14:34:06 nd 1, cmd1 104 cmd 104
2026/02/07 14:34:06 rfats [0xc00010c000 0xc00010c100 0xc00010c200]
2026/02/07 14:34:06 i 0 cmd1 <nil>, ok false
2026/02/07 14:34:06 i 1 cmd1 <nil>, ok false
2026/02/07 14:34:06 i 2 cmd1 104, ok true
2026/02/07 14:34:06 nd 1, cmd1 104 cmd 104
2026/02/07 14:34:06 rfats [0xc00010c000 0xc00010c100 0xc00010c200]
2026/02/07 14:34:06 i 0 cmd1 <nil>, ok false
2026/02/07 14:34:06 i 1 cmd1 <nil>, ok false
2026/02/07 14:34:06 i 2 cmd1 104, ok true
2026/02/07 14:34:06 nd 1, cmd1 104 cmd 104
2026/02/07 14:34:06 [14:34:06.364] [Node:1] [HEARTBEAT] [Trace:HB_1_4] Follower等心跳 status FOLLOWER term:4 commitIndex:3
2026/02/07 14:34:06 [14:34:06.364] [Node:2] [HEARTBEAT] [Trace:HB_2_4] 开始发送心跳广播 status LEADER term:4 commitIndex:3
2026/02/07 14:34:06 [14:34:06.364] [Node:0] [HEARTBEAT] [Trace:HB_0_3] 开始发送心跳广播 status LEADER term:3 commitIndex:2
2026/02/07 14:34:06 [Node:2] nextIndex:[3 1 3]
2026/02/07 14:34:06 [Node:2] getLogStartIndex index:2 last snapshot index:0
2026/02/07 14:34:06 [Node:0] nextIndex:[2 2 3]
2026/02/07 14:34:06 [Node:0] getLogStartIndex index:1 last snapshot index:0
2026/02/07 14:34:06 [Node:0] getNextIndex len:3 last snapshot index:0
2026/02/07 14:34:06 [Node:0] getLogStartIndex index:2 last snapshot index:0
2026/02/07 14:34:06 [Node:2] getNextIndex len:4 last snapshot index:0
2026/02/07 14:34:06 [Node:2] getLogStartIndex index:3 last snapshot index:0
2026/02/07 14:34:06 [14:34:06.364] [Node:0] [LOG_REPLICA] [Trace:LOG_0_3][0->1] 发送日志or心跳到 Node:1 开始 args:{3 0 1 2 [{103 3 false 2}] 2 LOG_0_3 0 {0 0 map[] map[]}}
2026/02/07 14:34:06 [14:34:06.365] [Node:2] [LOG_REPLICA] [Trace:LOG_2_4][2->0] 发送日志or心跳到 Node:0 开始 args:{4 2 2 3 [{104 4 false 3}] 3 LOG_2_4 2 {0 0 map[] map[]}}
2026/02/07 14:34:06 [Node:0] nextIndex:[2 2 3]
2026/02/07 14:34:06 [Node:0] getLogStartIndex index:2 last snapshot index:0
2026/02/07 14:34:06 [Node:2] nextIndex:[3 1 3]
2026/02/07 14:34:06 [Node:0] getNextIndex len:3 last snapshot index:0
2026/02/07 14:34:06 [Node:2] getLogStartIndex index:0 last snapshot index:0
2026/02/07 14:34:06 [14:34:06.365] [Node:0] [LOG_REPLICA] [Trace:LOG_0_3][0->2] 发送日志or心跳到 Node:2 开始 args:{3 0 2 3 [] 2 LOG_0_3 0 {0 0 map[] map[]}}
2026/02/07 14:34:06 [Node:2] getNextIndex len:4 last snapshot index:0
2026/02/07 14:34:06 [Node:2] getLogStartIndex index:1 last snapshot index:0
2026/02/07 14:34:06 [14:34:06.365] [Node:2] [LOG_REPLICA] [Trace:LOG_2_4][2->1] 发送日志or心跳到 Node:1 开始 args:{4 2 0 0 [{101 2 false 1} {103 3 false 2} {104 4 false 3}] 3 LOG_2_4 2 {0 0 map[] map[]}}
2026/02/07 14:34:06 [14:34:06.365] [Node:1] [LOG_REPLICA] [Trace:LOG_2_4][2->1] AppendEntries 收到 term:4 leaderId:2 prevLogIndex:0 prevLogTerm:0 entries:3 leaderCommit:3 isHeartbeat:false currentTerm:4 status:FOLLOWER log:[{101 2 false 1} {103 3 false 2} {104 4 false 3}]
2026/02/07 14:34:06 [Node:1] getNextIndex len:5 last snapshot index:0
2026/02/07 14:34:06 [14:34:06.365] [Node:1] [LOG_REPLICA] [Trace:LOG_2_4][2->1] 打印日志结果:[{<nil> 0 false 0} {101 2 false 1} {101 2 false 1} {103 3 false 2} {104 4 false 3}] 
2026/02/07 14:34:06 [Node:1] getLogStartIndex index:0 last snapshot index:0
2026/02/07 14:34:06 [Node:1] getNextIndex len:5 last snapshot index:0
2026/02/07 14:34:06 [14:34:06.365] [Node:1] [LOG_REPLICA] [Trace:LOG_2_4][2->1] entry.Index:1 rf.getNextIndex():5
2026/02/07 14:34:06 [Node:1] getNextIndex len:5 last snapshot index:0
2026/02/07 14:34:06 [Node:1] getLogStartIndex index:1 last snapshot index:0
2026/02/07 14:34:06 [14:34:06.365] [Node:1] [LOG_REPLICA] [Trace:LOG_2_4][2->1] startIndex:1 rf.log[startIndex].Term:2 entry.Term:2
2026/02/07 14:34:06 [Node:1] getNextIndex len:5 last snapshot index:0
2026/02/07 14:34:06 [14:34:06.365] [Node:1] [LOG_REPLICA] [Trace:LOG_2_4][2->1] entry.Index:2 rf.getNextIndex():5
2026/02/07 14:34:06 [Node:1] getNextIndex len:5 last snapshot index:0
2026/02/07 14:34:06 [Node:1] getLogStartIndex index:2 last snapshot index:0
2026/02/07 14:34:06 [14:34:06.365] [Node:1] [LOG_REPLICA] [Trace:LOG_2_4][2->1] startIndex:2 rf.log[startIndex].Term:2 entry.Term:3
2026/02/07 14:34:06 [14:34:06.365] [Node:1] [LOG_REPLICA] [Trace:LOG_2_4][2->1] args logEntrys:[{101 2 false 1} {103 3 false 2} {104 4 false 3}]
2026/02/07 14:34:06 [14:34:06.366] [Node:1] [LOG_REPLICA] [Trace:LOG_2_4][2->1] 复制日志结果:[{<nil> 0 false 0} {101 2 false 1} {101 2 false 1} {103 3 false 2} {104 4 false 3}] 
2026/02/07 14:34:06 [14:34:06.366] [Node:2] [LOG_REPLICA] [Trace:LOG_2_4][2->1] 心跳返回 from peer:1 term:4 success:true
2026/02/07 14:34:06 [14:34:06.366] [Node:2] [LOG_REPLICA] [Trace:LOG_2_4][2->1] 日志复制返回成功 from peer:1 term:4 agreeCount:2 log [{101 2 false 1} {103 3 false 2} {104 4 false 3}]
2026/02/07 14:34:06 [14:34:06.366] [Node:2] [LOG_REPLICA] [Trace:LOG_2_4][2->1] 日志复制返回成功 但是已经更新过了 from peer:1 term:4 matchIndex:3 log last index:3
2026/02/07 14:34:06 rfats [0xc00010c000 0xc00010c100 0xc00010c200]
2026/02/07 14:34:06 i 0 cmd1 <nil>, ok false
2026/02/07 14:34:06 i 1 cmd1 <nil>, ok false
2026/02/07 14:34:06 i 2 cmd1 104, ok true
2026/02/07 14:34:06 nd 1, cmd1 104 cmd 104
2026/02/07 14:34:06 rfats [0xc00010c000 0xc00010c100 0xc00010c200]
2026/02/07 14:34:06 i 0 cmd1 <nil>, ok false
2026/02/07 14:34:06 i 1 cmd1 <nil>, ok false
2026/02/07 14:34:06 i 2 cmd1 104, ok true
2026/02/07 14:34:06 nd 1, cmd1 104 cmd 104
2026/02/07 14:34:06 [14:34:06.415] [Node:2] [HEARTBEAT] [Trace:HB_2_4] 开始发送心跳广播 status LEADER term:4 commitIndex:3
2026/02/07 14:34:06 [14:34:06.415] [Node:1] [HEARTBEAT] [Trace:HB_1_4] Follower等心跳 status FOLLOWER term:4 commitIndex:3
2026/02/07 14:34:06 [14:34:06.415] [Node:0] [HEARTBEAT] [Trace:HB_0_3] 开始发送心跳广播 status LEADER term:3 commitIndex:2
2026/02/07 14:34:06 [Node:2] nextIndex:[3 1 3]
2026/02/07 14:34:06 [Node:2] getLogStartIndex index:2 last snapshot index:0
2026/02/07 14:34:06 [Node:2] getNextIndex len:4 last snapshot index:0
2026/02/07 14:34:06 [Node:2] getLogStartIndex index:3 last snapshot index:0
2026/02/07 14:34:06 [Node:0] nextIndex:[2 2 3]
2026/02/07 14:34:06 [Node:0] getLogStartIndex index:2 last snapshot index:0
2026/02/07 14:34:06 [Node:0] getNextIndex len:3 last snapshot index:0
2026/02/07 14:34:06 [14:34:06.415] [Node:2] [LOG_REPLICA] [Trace:LOG_2_4][2->0] 发送日志or心跳到 Node:0 开始 args:{4 2 2 3 [{104 4 false 3}] 3 LOG_2_4 2 {0 0 map[] map[]}}
2026/02/07 14:34:06 [Node:2] nextIndex:[3 1 3]
2026/02/07 14:34:06 [Node:2] getLogStartIndex index:0 last snapshot index:0
2026/02/07 14:34:06 [14:34:06.416] [Node:0] [LOG_REPLICA] [Trace:LOG_0_3][0->2] 发送日志or心跳到 Node:2 开始 args:{3 0 2 3 [] 2 LOG_0_3 0 {0 0 map[] map[]}}
2026/02/07 14:34:06 [Node:0] nextIndex:[2 2 3]
2026/02/07 14:34:06 [Node:0] getLogStartIndex index:1 last snapshot index:0
2026/02/07 14:34:06 [Node:2] getNextIndex len:4 last snapshot index:0
2026/02/07 14:34:06 [Node:2] getLogStartIndex index:1 last snapshot index:0
2026/02/07 14:34:06 [Node:0] getNextIndex len:3 last snapshot index:0
2026/02/07 14:34:06 [Node:0] getLogStartIndex index:2 last snapshot index:0
2026/02/07 14:34:06 [14:34:06.416] [Node:2] [LOG_REPLICA] [Trace:LOG_2_4][2->1] 发送日志or心跳到 Node:1 开始 args:{4 2 0 0 [{101 2 false 1} {103 3 false 2} {104 4 false 3}] 3 LOG_2_4 2 {0 0 map[] map[]}}
2026/02/07 14:34:06 [14:34:06.416] [Node:0] [LOG_REPLICA] [Trace:LOG_0_3][0->1] 发送日志or心跳到 Node:1 开始 args:{3 0 1 2 [{103 3 false 2}] 2 LOG_0_3 0 {0 0 map[] map[]}}
2026/02/07 14:34:06 [14:34:06.416] [Node:1] [LOG_REPLICA] [Trace:LOG_2_4][2->1] AppendEntries 收到 term:4 leaderId:2 prevLogIndex:0 prevLogTerm:0 entries:3 leaderCommit:3 isHeartbeat:false currentTerm:4 status:FOLLOWER log:[{101 2 false 1} {103 3 false 2} {104 4 false 3}]
2026/02/07 14:34:06 [Node:1] getNextIndex len:5 last snapshot index:0
2026/02/07 14:34:06 [14:34:06.416] [Node:1] [LOG_REPLICA] [Trace:LOG_2_4][2->1] 打印日志结果:[{<nil> 0 false 0} {101 2 false 1} {101 2 false 1} {103 3 false 2} {104 4 false 3}] 
2026/02/07 14:34:06 [Node:1] getLogStartIndex index:0 last snapshot index:0
2026/02/07 14:34:06 [Node:1] getNextIndex len:5 last snapshot index:0
2026/02/07 14:34:06 [14:34:06.416] [Node:1] [LOG_REPLICA] [Trace:LOG_2_4][2->1] entry.Index:1 rf.getNextIndex():5
2026/02/07 14:34:06 [Node:1] getNextIndex len:5 last snapshot index:0
2026/02/07 14:34:06 [Node:1] getLogStartIndex index:1 last snapshot index:0
2026/02/07 14:34:06 [14:34:06.416] [Node:1] [LOG_REPLICA] [Trace:LOG_2_4][2->1] startIndex:1 rf.log[startIndex].Term:2 entry.Term:2
2026/02/07 14:34:06 [Node:1] getNextIndex len:5 last snapshot index:0
2026/02/07 14:34:06 [14:34:06.416] [Node:1] [LOG_REPLICA] [Trace:LOG_2_4][2->1] entry.Index:2 rf.getNextIndex():5
2026/02/07 14:34:06 [Node:1] getNextIndex len:5 last snapshot index:0
2026/02/07 14:34:06 [Node:1] getLogStartIndex index:2 last snapshot index:0
2026/02/07 14:34:06 [14:34:06.416] [Node:1] [LOG_REPLICA] [Trace:LOG_2_4][2->1] startIndex:2 rf.log[startIndex].Term:2 entry.Term:3
2026/02/07 14:34:06 [14:34:06.416] [Node:1] [LOG_REPLICA] [Trace:LOG_2_4][2->1] args logEntrys:[{101 2 false 1} {103 3 false 2} {104 4 false 3}]
2026/02/07 14:34:06 [14:34:06.417] [Node:1] [LOG_REPLICA] [Trace:LOG_2_4][2->1] 复制日志结果:[{<nil> 0 false 0} {101 2 false 1} {101 2 false 1} {103 3 false 2} {104 4 false 3}] 
2026/02/07 14:34:06 [14:34:06.417] [Node:2] [LOG_REPLICA] [Trace:LOG_2_4][2->1] 心跳返回 from peer:1 term:4 success:true
2026/02/07 14:34:06 [14:34:06.417] [Node:2] [LOG_REPLICA] [Trace:LOG_2_4][2->1] 日志复制返回成功 from peer:1 term:4 agreeCount:2 log [{101 2 false 1} {103 3 false 2} {104 4 false 3}]
2026/02/07 14:34:06 [14:34:06.417] [Node:2] [LOG_REPLICA] [Trace:LOG_2_4][2->1] 日志复制返回成功 但是已经更新过了 from peer:1 term:4 matchIndex:3 log last index:3
2026/02/07 14:34:06 rfats [0xc00010c000 0xc00010c100 0xc00010c200]
2026/02/07 14:34:06 i 0 cmd1 <nil>, ok false
2026/02/07 14:34:06 i 1 cmd1 <nil>, ok false
2026/02/07 14:34:06 i 2 cmd1 104, ok true
2026/02/07 14:34:06 nd 1, cmd1 104 cmd 104
2026/02/07 14:34:06 rfats [0xc00010c000 0xc00010c100 0xc00010c200]
2026/02/07 14:34:06 i 0 cmd1 <nil>, ok false
2026/02/07 14:34:06 i 1 cmd1 <nil>, ok false
2026/02/07 14:34:06 i 2 cmd1 104, ok true
2026/02/07 14:34:06 nd 1, cmd1 104 cmd 104
2026/02/07 14:34:06 [14:34:06.465] [Node:1] [HEARTBEAT] [Trace:HB_1_4] Follower等心跳 status FOLLOWER term:4 commitIndex:3
2026/02/07 14:34:06 [14:34:06.465] [Node:2] [HEARTBEAT] [Trace:HB_2_4] 开始发送心跳广播 status LEADER term:4 commitIndex:3
2026/02/07 14:34:06 [14:34:06.465] [Node:0] [HEARTBEAT] [Trace:HB_0_3] 开始发送心跳广播 status LEADER term:3 commitIndex:2
2026/02/07 14:34:06 [Node:2] nextIndex:[3 1 3]
2026/02/07 14:34:06 [Node:0] nextIndex:[2 2 3]
2026/02/07 14:34:06 [Node:2] getLogStartIndex index:0 last snapshot index:0
2026/02/07 14:34:06 [Node:2] getNextIndex len:4 last snapshot index:0
2026/02/07 14:34:06 [Node:0] getLogStartIndex index:1 last snapshot index:0
2026/02/07 14:34:06 [Node:2] getLogStartIndex index:1 last snapshot index:0
2026/02/07 14:34:06 [Node:0] getNextIndex len:3 last snapshot index:0
2026/02/07 14:34:06 [Node:0] getLogStartIndex index:2 last snapshot index:0
2026/02/07 14:34:06 [Node:2] nextIndex:[3 1 3]
2026/02/07 14:34:06 [14:34:06.466] [Node:2] [LOG_REPLICA] [Trace:LOG_2_4][2->1] 发送日志or心跳到 Node:1 开始 args:{4 2 0 0 [{101 2 false 1} {103 3 false 2} {104 4 false 3}] 3 LOG_2_4 2 {0 0 map[] map[]}}
2026/02/07 14:34:06 [14:34:06.466] [Node:0] [LOG_REPLICA] [Trace:LOG_0_3][0->1] 发送日志or心跳到 Node:1 开始 args:{3 0 1 2 [{103 3 false 2}] 2 LOG_0_3 0 {0 0 map[] map[]}}
2026/02/07 14:34:06 [Node:2] getLogStartIndex index:2 last snapshot index:0
2026/02/07 14:34:06 [Node:2] getNextIndex len:4 last snapshot index:0
2026/02/07 14:34:06 [Node:0] nextIndex:[2 2 3]
2026/02/07 14:34:06 [Node:0] getLogStartIndex index:2 last snapshot index:0
2026/02/07 14:34:06 [Node:0] getNextIndex len:3 last snapshot index:0
2026/02/07 14:34:06 [Node:2] getLogStartIndex index:3 last snapshot index:0
2026/02/07 14:34:06 [14:34:06.466] [Node:0] [LOG_REPLICA] [Trace:LOG_0_3][0->2] 发送日志or心跳到 Node:2 开始 args:{3 0 2 3 [] 2 LOG_0_3 0 {0 0 map[] map[]}}
2026/02/07 14:34:06 [14:34:06.466] [Node:2] [LOG_REPLICA] [Trace:LOG_2_4][2->0] 发送日志or心跳到 Node:0 开始 args:{4 2 2 3 [{104 4 false 3}] 3 LOG_2_4 2 {0 0 map[] map[]}}
2026/02/07 14:34:06 [14:34:06.466] [Node:1] [LOG_REPLICA] [Trace:LOG_2_4][2->1] AppendEntries 收到 term:4 leaderId:2 prevLogIndex:0 prevLogTerm:0 entries:3 leaderCommit:3 isHeartbeat:false currentTerm:4 status:FOLLOWER log:[{101 2 false 1} {103 3 false 2} {104 4 false 3}]
2026/02/07 14:34:06 [Node:1] getNextIndex len:5 last snapshot index:0
2026/02/07 14:34:06 [14:34:06.466] [Node:1] [LOG_REPLICA] [Trace:LOG_2_4][2->1] 打印日志结果:[{<nil> 0 false 0} {101 2 false 1} {101 2 false 1} {103 3 false 2} {104 4 false 3}] 
2026/02/07 14:34:06 [Node:1] getLogStartIndex index:0 last snapshot index:0
2026/02/07 14:34:06 [Node:1] getNextIndex len:5 last snapshot index:0
2026/02/07 14:34:06 [14:34:06.466] [Node:1] [LOG_REPLICA] [Trace:LOG_2_4][2->1] entry.Index:1 rf.getNextIndex():5
2026/02/07 14:34:06 [Node:1] getNextIndex len:5 last snapshot index:0
2026/02/07 14:34:06 [Node:1] getLogStartIndex index:1 last snapshot index:0
2026/02/07 14:34:06 [14:34:06.466] [Node:1] [LOG_REPLICA] [Trace:LOG_2_4][2->1] startIndex:1 rf.log[startIndex].Term:2 entry.Term:2
2026/02/07 14:34:06 [Node:1] getNextIndex len:5 last snapshot index:0
2026/02/07 14:34:06 [14:34:06.466] [Node:1] [LOG_REPLICA] [Trace:LOG_2_4][2->1] entry.Index:2 rf.getNextIndex():5
2026/02/07 14:34:06 [Node:1] getNextIndex len:5 last snapshot index:0
2026/02/07 14:34:06 [Node:1] getLogStartIndex index:2 last snapshot index:0
2026/02/07 14:34:06 [14:34:06.466] [Node:1] [LOG_REPLICA] [Trace:LOG_2_4][2->1] startIndex:2 rf.log[startIndex].Term:2 entry.Term:3
2026/02/07 14:34:06 [14:34:06.467] [Node:1] [LOG_REPLICA] [Trace:LOG_2_4][2->1] args logEntrys:[{101 2 false 1} {103 3 false 2} {104 4 false 3}]
2026/02/07 14:34:06 [14:34:06.467] [Node:1] [LOG_REPLICA] [Trace:LOG_2_4][2->1] 复制日志结果:[{<nil> 0 false 0} {101 2 false 1} {101 2 false 1} {103 3 false 2} {104 4 false 3}] 
2026/02/07 14:34:06 [14:34:06.467] [Node:2] [LOG_REPLICA] [Trace:LOG_2_4][2->1] 心跳返回 from peer:1 term:4 success:true
2026/02/07 14:34:06 [14:34:06.467] [Node:2] [LOG_REPLICA] [Trace:LOG_2_4][2->1] 日志复制返回成功 from peer:1 term:4 agreeCount:2 log [{101 2 false 1} {103 3 false 2} {104 4 false 3}]
2026/02/07 14:34:06 [14:34:06.467] [Node:2] [LOG_REPLICA] [Trace:LOG_2_4][2->1] 日志复制返回成功 但是已经更新过了 from peer:1 term:4 matchIndex:3 log last index:3
2026/02/07 14:34:06 rfats [0xc00010c000 0xc00010c100 0xc00010c200]
2026/02/07 14:34:06 i 0 cmd1 <nil>, ok false
2026/02/07 14:34:06 i 1 cmd1 <nil>, ok false
2026/02/07 14:34:06 i 2 cmd1 104, ok true
2026/02/07 14:34:06 nd 1, cmd1 104 cmd 104
2026/02/07 14:34:06 rfats [0xc00010c000 0xc00010c100 0xc00010c200]
2026/02/07 14:34:06 i 0 cmd1 <nil>, ok false
2026/02/07 14:34:06 i 1 cmd1 <nil>, ok false
2026/02/07 14:34:06 i 2 cmd1 104, ok true
2026/02/07 14:34:06 nd 1, cmd1 104 cmd 104
2026/02/07 14:34:06 rfats [0xc00010c000 0xc00010c100 0xc00010c200]
2026/02/07 14:34:06 i 0 cmd1 <nil>, ok false
2026/02/07 14:34:06 i 1 cmd1 <nil>, ok false
2026/02/07 14:34:06 i 2 cmd1 104, ok true
2026/02/07 14:34:06 nd 1, cmd1 104 cmd 104
2026/02/07 14:34:06 [14:34:06.516] [Node:1] [HEARTBEAT] [Trace:HB_1_4] Follower等心跳 status FOLLOWER term:4 commitIndex:3
2026/02/07 14:34:06 [14:34:06.516] [Node:2] [HEARTBEAT] [Trace:HB_2_4] 开始发送心跳广播 status LEADER term:4 commitIndex:3
2026/02/07 14:34:06 [14:34:06.516] [Node:0] [HEARTBEAT] [Trace:HB_0_3] 开始发送心跳广播 status LEADER term:3 commitIndex:2
2026/02/07 14:34:06 [Node:2] nextIndex:[3 1 3]
2026/02/07 14:34:06 [Node:2] getLogStartIndex index:0 last snapshot index:0
2026/02/07 14:34:06 [Node:0] nextIndex:[2 2 3]
2026/02/07 14:34:06 [Node:2] getNextIndex len:4 last snapshot index:0
2026/02/07 14:34:06 [Node:2] getLogStartIndex index:1 last snapshot index:0
2026/02/07 14:34:06 [Node:0] getLogStartIndex index:1 last snapshot index:0
2026/02/07 14:34:06 [Node:0] getNextIndex len:3 last snapshot index:0
2026/02/07 14:34:06 [Node:2] nextIndex:[3 1 3]
2026/02/07 14:34:06 [Node:2] getLogStartIndex index:2 last snapshot index:0
2026/02/07 14:34:06 [14:34:06.516] [Node:2] [LOG_REPLICA] [Trace:LOG_2_4][2->1] 发送日志or心跳到 Node:1 开始 args:{4 2 0 0 [{101 2 false 1} {103 3 false 2} {104 4 false 3}] 3 LOG_2_4 2 {0 0 map[] map[]}}
2026/02/07 14:34:06 [Node:0] getLogStartIndex index:2 last snapshot index:0
2026/02/07 14:34:06 [Node:0] nextIndex:[2 2 3]
2026/02/07 14:34:06 [Node:2] getNextIndex len:4 last snapshot index:0
2026/02/07 14:34:06 [Node:0] getLogStartIndex index:2 last snapshot index:0
2026/02/07 14:34:06 [Node:0] getNextIndex len:3 last snapshot index:0
2026/02/07 14:34:06 [Node:2] getLogStartIndex index:3 last snapshot index:0
2026/02/07 14:34:06 [14:34:06.517] [Node:0] [LOG_REPLICA] [Trace:LOG_0_3][0->2] 发送日志or心跳到 Node:2 开始 args:{3 0 2 3 [] 2 LOG_0_3 0 {0 0 map[] map[]}}
2026/02/07 14:34:06 [14:34:06.517] [Node:0] [LOG_REPLICA] [Trace:LOG_0_3][0->1] 发送日志or心跳到 Node:1 开始 args:{3 0 1 2 [{103 3 false 2}] 2 LOG_0_3 0 {0 0 map[] map[]}}
2026/02/07 14:34:06 [14:34:06.517] [Node:2] [LOG_REPLICA] [Trace:LOG_2_4][2->0] 发送日志or心跳到 Node:0 开始 args:{4 2 2 3 [{104 4 false 3}] 3 LOG_2_4 2 {0 0 map[] map[]}}
2026/02/07 14:34:06 [14:34:06.517] [Node:1] [LOG_REPLICA] [Trace:LOG_2_4][2->1] AppendEntries 收到 term:4 leaderId:2 prevLogIndex:0 prevLogTerm:0 entries:3 leaderCommit:3 isHeartbeat:false currentTerm:4 status:FOLLOWER log:[{101 2 false 1} {103 3 false 2} {104 4 false 3}]
2026/02/07 14:34:06 [Node:1] getNextIndex len:5 last snapshot index:0
2026/02/07 14:34:06 [14:34:06.517] [Node:1] [LOG_REPLICA] [Trace:LOG_2_4][2->1] 打印日志结果:[{<nil> 0 false 0} {101 2 false 1} {101 2 false 1} {103 3 false 2} {104 4 false 3}] 
2026/02/07 14:34:06 [Node:1] getLogStartIndex index:0 last snapshot index:0
2026/02/07 14:34:06 [Node:1] getNextIndex len:5 last snapshot index:0
2026/02/07 14:34:06 [14:34:06.517] [Node:1] [LOG_REPLICA] [Trace:LOG_2_4][2->1] entry.Index:1 rf.getNextIndex():5
2026/02/07 14:34:06 [Node:1] getNextIndex len:5 last snapshot index:0
2026/02/07 14:34:06 [Node:1] getLogStartIndex index:1 last snapshot index:0
2026/02/07 14:34:06 [14:34:06.517] [Node:1] [LOG_REPLICA] [Trace:LOG_2_4][2->1] startIndex:1 rf.log[startIndex].Term:2 entry.Term:2
2026/02/07 14:34:06 [Node:1] getNextIndex len:5 last snapshot index:0
2026/02/07 14:34:06 [14:34:06.517] [Node:1] [LOG_REPLICA] [Trace:LOG_2_4][2->1] entry.Index:2 rf.getNextIndex():5
2026/02/07 14:34:06 [Node:1] getNextIndex len:5 last snapshot index:0
2026/02/07 14:34:06 [Node:1] getLogStartIndex index:2 last snapshot index:0
2026/02/07 14:34:06 [14:34:06.517] [Node:1] [LOG_REPLICA] [Trace:LOG_2_4][2->1] startIndex:2 rf.log[startIndex].Term:2 entry.Term:3
2026/02/07 14:34:06 [14:34:06.517] [Node:1] [LOG_REPLICA] [Trace:LOG_2_4][2->1] args logEntrys:[{101 2 false 1} {103 3 false 2} {104 4 false 3}]
2026/02/07 14:34:06 [14:34:06.517] [Node:1] [LOG_REPLICA] [Trace:LOG_2_4][2->1] 复制日志结果:[{<nil> 0 false 0} {101 2 false 1} {101 2 false 1} {103 3 false 2} {104 4 false 3}] 
2026/02/07 14:34:06 [14:34:06.518] [Node:2] [LOG_REPLICA] [Trace:LOG_2_4][2->1] 心跳返回 from peer:1 term:4 success:true
2026/02/07 14:34:06 [14:34:06.518] [Node:2] [LOG_REPLICA] [Trace:LOG_2_4][2->1] 日志复制返回成功 from peer:1 term:4 agreeCount:2 log [{101 2 false 1} {103 3 false 2} {104 4 false 3}]
2026/02/07 14:34:06 [14:34:06.518] [Node:2] [LOG_REPLICA] [Trace:LOG_2_4][2->1] 日志复制返回成功 但是已经更新过了 from peer:1 term:4 matchIndex:3 log last index:3
2026/02/07 14:34:06 rfats [0xc00010c000 0xc00010c100 0xc00010c200]
2026/02/07 14:34:06 i 0 cmd1 <nil>, ok false
2026/02/07 14:34:06 i 1 cmd1 <nil>, ok false
2026/02/07 14:34:06 i 2 cmd1 104, ok true
2026/02/07 14:34:06 nd 1, cmd1 104 cmd 104
2026/02/07 14:34:06 rfats [0xc00010c000 0xc00010c100 0xc00010c200]
2026/02/07 14:34:06 i 0 cmd1 <nil>, ok false
2026/02/07 14:34:06 i 1 cmd1 <nil>, ok false
2026/02/07 14:34:06 i 2 cmd1 104, ok true
2026/02/07 14:34:06 nd 1, cmd1 104 cmd 104
2026/02/07 14:34:06 [14:34:06.567] [Node:2] [HEARTBEAT] [Trace:HB_2_4] 开始发送心跳广播 status LEADER term:4 commitIndex:3
2026/02/07 14:34:06 [14:34:06.567] [Node:0] [HEARTBEAT] [Trace:HB_0_3] 开始发送心跳广播 status LEADER term:3 commitIndex:2
2026/02/07 14:34:06 [14:34:06.567] [Node:1] [HEARTBEAT] [Trace:HB_1_4] Follower等心跳 status FOLLOWER term:4 commitIndex:3
2026/02/07 14:34:06 [Node:2] nextIndex:[3 1 3]
2026/02/07 14:34:06 [Node:0] nextIndex:[2 2 3]
2026/02/07 14:34:06 [Node:0] getLogStartIndex index:1 last snapshot index:0
2026/02/07 14:34:06 [Node:0] getNextIndex len:3 last snapshot index:0
2026/02/07 14:34:06 [Node:0] getLogStartIndex index:2 last snapshot index:0
2026/02/07 14:34:06 [Node:2] getLogStartIndex index:0 last snapshot index:0
2026/02/07 14:34:06 [Node:2] getNextIndex len:4 last snapshot index:0
2026/02/07 14:34:06 [14:34:06.567] [Node:0] [LOG_REPLICA] [Trace:LOG_0_3][0->1] 发送日志or心跳到 Node:1 开始 args:{3 0 1 2 [{103 3 false 2}] 2 LOG_0_3 0 {0 0 map[] map[]}}
2026/02/07 14:34:06 [Node:0] nextIndex:[2 2 3]
2026/02/07 14:34:06 [Node:0] getLogStartIndex index:2 last snapshot index:0
2026/02/07 14:34:06 [Node:0] getNextIndex len:3 last snapshot index:0
2026/02/07 14:34:06 [Node:2] getLogStartIndex index:1 last snapshot index:0
2026/02/07 14:34:06 [14:34:06.567] [Node:0] [LOG_REPLICA] [Trace:LOG_0_3][0->2] 发送日志or心跳到 Node:2 开始 args:{3 0 2 3 [] 2 LOG_0_3 0 {0 0 map[] map[]}}
2026/02/07 14:34:06 [Node:2] nextIndex:[3 1 3]
2026/02/07 14:34:06 [14:34:06.567] [Node:2] [LOG_REPLICA] [Trace:LOG_2_4][2->1] 发送日志or心跳到 Node:1 开始 args:{4 2 0 0 [{101 2 false 1} {103 3 false 2} {104 4 false 3}] 3 LOG_2_4 2 {0 0 map[] map[]}}
2026/02/07 14:34:06 [Node:2] getLogStartIndex index:2 last snapshot index:0
2026/02/07 14:34:06 [Node:2] getNextIndex len:4 last snapshot index:0
2026/02/07 14:34:06 [Node:2] getLogStartIndex index:3 last snapshot index:0
2026/02/07 14:34:06 [14:34:06.567] [Node:2] [LOG_REPLICA] [Trace:LOG_2_4][2->0] 发送日志or心跳到 Node:0 开始 args:{4 2 2 3 [{104 4 false 3}] 3 LOG_2_4 2 {0 0 map[] map[]}}
2026/02/07 14:34:06 [14:34:06.568] [Node:1] [LOG_REPLICA] [Trace:LOG_2_4][2->1] AppendEntries 收到 term:4 leaderId:2 prevLogIndex:0 prevLogTerm:0 entries:3 leaderCommit:3 isHeartbeat:false currentTerm:4 status:FOLLOWER log:[{101 2 false 1} {103 3 false 2} {104 4 false 3}]
2026/02/07 14:34:06 [Node:1] getNextIndex len:5 last snapshot index:0
2026/02/07 14:34:06 [14:34:06.568] [Node:1] [LOG_REPLICA] [Trace:LOG_2_4][2->1] 打印日志结果:[{<nil> 0 false 0} {101 2 false 1} {101 2 false 1} {103 3 false 2} {104 4 false 3}] 
2026/02/07 14:34:06 [Node:1] getLogStartIndex index:0 last snapshot index:0
2026/02/07 14:34:06 [Node:1] getNextIndex len:5 last snapshot index:0
2026/02/07 14:34:06 [14:34:06.568] [Node:1] [LOG_REPLICA] [Trace:LOG_2_4][2->1] entry.Index:1 rf.getNextIndex():5
2026/02/07 14:34:06 [Node:1] getNextIndex len:5 last snapshot index:0
2026/02/07 14:34:06 [Node:1] getLogStartIndex index:1 last snapshot index:0
2026/02/07 14:34:06 [14:34:06.568] [Node:1] [LOG_REPLICA] [Trace:LOG_2_4][2->1] startIndex:1 rf.log[startIndex].Term:2 entry.Term:2
2026/02/07 14:34:06 [Node:1] getNextIndex len:5 last snapshot index:0
2026/02/07 14:34:06 [14:34:06.568] [Node:1] [LOG_REPLICA] [Trace:LOG_2_4][2->1] entry.Index:2 rf.getNextIndex():5
2026/02/07 14:34:06 [Node:1] getNextIndex len:5 last snapshot index:0
2026/02/07 14:34:06 [Node:1] getLogStartIndex index:2 last snapshot index:0
2026/02/07 14:34:06 [14:34:06.568] [Node:1] [LOG_REPLICA] [Trace:LOG_2_4][2->1] startIndex:2 rf.log[startIndex].Term:2 entry.Term:3
2026/02/07 14:34:06 [14:34:06.568] [Node:1] [LOG_REPLICA] [Trace:LOG_2_4][2->1] args logEntrys:[{101 2 false 1} {103 3 false 2} {104 4 false 3}]
2026/02/07 14:34:06 [14:34:06.568] [Node:1] [LOG_REPLICA] [Trace:LOG_2_4][2->1] 复制日志结果:[{<nil> 0 false 0} {101 2 false 1} {101 2 false 1} {103 3 false 2} {104 4 false 3}] 
2026/02/07 14:34:06 [14:34:06.568] [Node:2] [LOG_REPLICA] [Trace:LOG_2_4][2->1] 心跳返回 from peer:1 term:4 success:true
2026/02/07 14:34:06 [14:34:06.568] [Node:2] [LOG_REPLICA] [Trace:LOG_2_4][2->1] 日志复制返回成功 from peer:1 term:4 agreeCount:2 log [{101 2 false 1} {103 3 false 2} {104 4 false 3}]
2026/02/07 14:34:06 [14:34:06.568] [Node:2] [LOG_REPLICA] [Trace:LOG_2_4][2->1] 日志复制返回成功 但是已经更新过了 from peer:1 term:4 matchIndex:3 log last index:3
2026/02/07 14:34:06 rfats [0xc00010c000 0xc00010c100 0xc00010c200]
2026/02/07 14:34:06 i 0 cmd1 <nil>, ok false
2026/02/07 14:34:06 i 1 cmd1 <nil>, ok false
2026/02/07 14:34:06 i 2 cmd1 104, ok true
2026/02/07 14:34:06 nd 1, cmd1 104 cmd 104
2026/02/07 14:34:06 rfats [0xc00010c000 0xc00010c100 0xc00010c200]
2026/02/07 14:34:06 i 0 cmd1 <nil>, ok false
2026/02/07 14:34:06 i 1 cmd1 <nil>, ok false
2026/02/07 14:34:06 i 2 cmd1 104, ok true
2026/02/07 14:34:06 nd 1, cmd1 104 cmd 104
2026/02/07 14:34:06 rfats [0xc00010c000 0xc00010c100 0xc00010c200]
2026/02/07 14:34:06 i 0 cmd1 <nil>, ok false
2026/02/07 14:34:06 i 1 cmd1 <nil>, ok false
2026/02/07 14:34:06 i 2 cmd1 104, ok true
2026/02/07 14:34:06 nd 1, cmd1 104 cmd 104
2026/02/07 14:34:06 [14:34:06.617] [Node:0] [HEARTBEAT] [Trace:HB_0_3] 开始发送心跳广播 status LEADER term:3 commitIndex:2
2026/02/07 14:34:06 [14:34:06.617] [Node:1] [HEARTBEAT] [Trace:HB_1_4] Follower等心跳 status FOLLOWER term:4 commitIndex:3
2026/02/07 14:34:06 [14:34:06.617] [Node:2] [HEARTBEAT] [Trace:HB_2_4] 开始发送心跳广播 status LEADER term:4 commitIndex:3
2026/02/07 14:34:06 [Node:0] nextIndex:[2 2 3]
2026/02/07 14:34:06 [Node:0] getLogStartIndex index:1 last snapshot index:0
2026/02/07 14:34:06 [Node:2] nextIndex:[3 1 3]
2026/02/07 14:34:06 [Node:2] getLogStartIndex index:2 last snapshot index:0
2026/02/07 14:34:06 [Node:2] getNextIndex len:4 last snapshot index:0
2026/02/07 14:34:06 [Node:0] getNextIndex len:3 last snapshot index:0
2026/02/07 14:34:06 [Node:0] getLogStartIndex index:2 last snapshot index:0
2026/02/07 14:34:06 [Node:2] getLogStartIndex index:3 last snapshot index:0
2026/02/07 14:34:06 [14:34:06.617] [Node:0] [LOG_REPLICA] [Trace:LOG_0_3][0->1] 发送日志or心跳到 Node:1 开始 args:{3 0 1 2 [{103 3 false 2}] 2 LOG_0_3 0 {0 0 map[] map[]}}
2026/02/07 14:34:06 [Node:0] nextIndex:[2 2 3]
2026/02/07 14:34:06 [Node:0] getLogStartIndex index:2 last snapshot index:0
2026/02/07 14:34:06 [14:34:06.617] [Node:2] [LOG_REPLICA] [Trace:LOG_2_4][2->0] 发送日志or心跳到 Node:0 开始 args:{4 2 2 3 [{104 4 false 3}] 3 LOG_2_4 2 {0 0 map[] map[]}}
2026/02/07 14:34:06 [Node:0] getNextIndex len:3 last snapshot index:0
2026/02/07 14:34:06 [Node:2] nextIndex:[3 1 3]
2026/02/07 14:34:06 [Node:2] getLogStartIndex index:0 last snapshot index:0
2026/02/07 14:34:06 [Node:2] getNextIndex len:4 last snapshot index:0
2026/02/07 14:34:06 [Node:2] getLogStartIndex index:1 last snapshot index:0
2026/02/07 14:34:06 [14:34:06.617] [Node:0] [LOG_REPLICA] [Trace:LOG_0_3][0->2] 发送日志or心跳到 Node:2 开始 args:{3 0 2 3 [] 2 LOG_0_3 0 {0 0 map[] map[]}}
2026/02/07 14:34:06 [14:34:06.617] [Node:2] [LOG_REPLICA] [Trace:LOG_2_4][2->1] 发送日志or心跳到 Node:1 开始 args:{4 2 0 0 [{101 2 false 1} {103 3 false 2} {104 4 false 3}] 3 LOG_2_4 2 {0 0 map[] map[]}}
2026/02/07 14:34:06 [14:34:06.618] [Node:1] [LOG_REPLICA] [Trace:LOG_2_4][2->1] AppendEntries 收到 term:4 leaderId:2 prevLogIndex:0 prevLogTerm:0 entries:3 leaderCommit:3 isHeartbeat:false currentTerm:4 status:FOLLOWER log:[{101 2 false 1} {103 3 false 2} {104 4 false 3}]
2026/02/07 14:34:06 [Node:1] getNextIndex len:5 last snapshot index:0
2026/02/07 14:34:06 [14:34:06.618] [Node:1] [LOG_REPLICA] [Trace:LOG_2_4][2->1] 打印日志结果:[{<nil> 0 false 0} {101 2 false 1} {101 2 false 1} {103 3 false 2} {104 4 false 3}] 
2026/02/07 14:34:06 [Node:1] getLogStartIndex index:0 last snapshot index:0
2026/02/07 14:34:06 [Node:1] getNextIndex len:5 last snapshot index:0
2026/02/07 14:34:06 [14:34:06.618] [Node:1] [LOG_REPLICA] [Trace:LOG_2_4][2->1] entry.Index:1 rf.getNextIndex():5
2026/02/07 14:34:06 [Node:1] getNextIndex len:5 last snapshot index:0
2026/02/07 14:34:06 [Node:1] getLogStartIndex index:1 last snapshot index:0
2026/02/07 14:34:06 [14:34:06.618] [Node:1] [LOG_REPLICA] [Trace:LOG_2_4][2->1] startIndex:1 rf.log[startIndex].Term:2 entry.Term:2
2026/02/07 14:34:06 [Node:1] getNextIndex len:5 last snapshot index:0
2026/02/07 14:34:06 [14:34:06.618] [Node:1] [LOG_REPLICA] [Trace:LOG_2_4][2->1] entry.Index:2 rf.getNextIndex():5
2026/02/07 14:34:06 [Node:1] getNextIndex len:5 last snapshot index:0
2026/02/07 14:34:06 [Node:1] getLogStartIndex index:2 last snapshot index:0
2026/02/07 14:34:06 [14:34:06.618] [Node:1] [LOG_REPLICA] [Trace:LOG_2_4][2->1] startIndex:2 rf.log[startIndex].Term:2 entry.Term:3
2026/02/07 14:34:06 [14:34:06.618] [Node:1] [LOG_REPLICA] [Trace:LOG_2_4][2->1] args logEntrys:[{101 2 false 1} {103 3 false 2} {104 4 false 3}]
2026/02/07 14:34:06 [14:34:06.618] [Node:1] [LOG_REPLICA] [Trace:LOG_2_4][2->1] 复制日志结果:[{<nil> 0 false 0} {101 2 false 1} {101 2 false 1} {103 3 false 2} {104 4 false 3}] 
2026/02/07 14:34:06 [14:34:06.619] [Node:2] [LOG_REPLICA] [Trace:LOG_2_4][2->1] 心跳返回 from peer:1 term:4 success:true
2026/02/07 14:34:06 [14:34:06.619] [Node:2] [LOG_REPLICA] [Trace:LOG_2_4][2->1] 日志复制返回成功 from peer:1 term:4 agreeCount:2 log [{101 2 false 1} {103 3 false 2} {104 4 false 3}]
2026/02/07 14:34:06 [14:34:06.619] [Node:2] [LOG_REPLICA] [Trace:LOG_2_4][2->1] 日志复制返回成功 但是已经更新过了 from peer:1 term:4 matchIndex:3 log last index:3
2026/02/07 14:34:06 rfats [0xc00010c000 0xc00010c100 0xc00010c200]
2026/02/07 14:34:06 i 0 cmd1 <nil>, ok false
2026/02/07 14:34:06 i 1 cmd1 <nil>, ok false
2026/02/07 14:34:06 i 2 cmd1 104, ok true
2026/02/07 14:34:06 nd 1, cmd1 104 cmd 104
2026/02/07 14:34:06 rfats [0xc00010c000 0xc00010c100 0xc00010c200]
2026/02/07 14:34:06 i 0 cmd1 <nil>, ok false
2026/02/07 14:34:06 i 1 cmd1 <nil>, ok false
2026/02/07 14:34:06 i 2 cmd1 104, ok true
2026/02/07 14:34:06 nd 1, cmd1 104 cmd 104
2026/02/07 14:34:06 [14:34:06.668] [Node:1] [HEARTBEAT] [Trace:HB_1_4] Follower等心跳 status FOLLOWER term:4 commitIndex:3
2026/02/07 14:34:06 [14:34:06.668] [Node:2] [HEARTBEAT] [Trace:HB_2_4] 开始发送心跳广播 status LEADER term:4 commitIndex:3
2026/02/07 14:34:06 [14:34:06.668] [Node:0] [HEARTBEAT] [Trace:HB_0_3] 开始发送心跳广播 status LEADER term:3 commitIndex:2
2026/02/07 14:34:06 [Node:0] nextIndex:[2 2 3]
2026/02/07 14:34:06 [Node:0] getLogStartIndex index:1 last snapshot index:0
2026/02/07 14:34:06 [Node:2] nextIndex:[3 1 3]
2026/02/07 14:34:06 [Node:0] getNextIndex len:3 last snapshot index:0
2026/02/07 14:34:06 [Node:2] getLogStartIndex index:2 last snapshot index:0
2026/02/07 14:34:06 [Node:2] getNextIndex len:4 last snapshot index:0
2026/02/07 14:34:06 [Node:2] getLogStartIndex index:3 last snapshot index:0
2026/02/07 14:34:06 [Node:0] getLogStartIndex index:2 last snapshot index:0
2026/02/07 14:34:06 [14:34:06.668] [Node:2] [LOG_REPLICA] [Trace:LOG_2_4][2->0] 发送日志or心跳到 Node:0 开始 args:{4 2 2 3 [{104 4 false 3}] 3 LOG_2_4 2 {0 0 map[] map[]}}
2026/02/07 14:34:06 [Node:2] nextIndex:[3 1 3]
2026/02/07 14:34:06 [14:34:06.668] [Node:0] [LOG_REPLICA] [Trace:LOG_0_3][0->1] 发送日志or心跳到 Node:1 开始 args:{3 0 1 2 [{103 3 false 2}] 2 LOG_0_3 0 {0 0 map[] map[]}}
2026/02/07 14:34:06 [Node:2] getLogStartIndex index:0 last snapshot index:0
2026/02/07 14:34:06 [Node:2] getNextIndex len:4 last snapshot index:0
2026/02/07 14:34:06 [Node:0] nextIndex:[2 2 3]
2026/02/07 14:34:06 [Node:0] getLogStartIndex index:2 last snapshot index:0
2026/02/07 14:34:06 [Node:0] getNextIndex len:3 last snapshot index:0
2026/02/07 14:34:06 [Node:2] getLogStartIndex index:1 last snapshot index:0
2026/02/07 14:34:06 [14:34:06.668] [Node:0] [LOG_REPLICA] [Trace:LOG_0_3][0->2] 发送日志or心跳到 Node:2 开始 args:{3 0 2 3 [] 2 LOG_0_3 0 {0 0 map[] map[]}}
2026/02/07 14:34:06 [14:34:06.669] [Node:2] [LOG_REPLICA] [Trace:LOG_2_4][2->1] 发送日志or心跳到 Node:1 开始 args:{4 2 0 0 [{101 2 false 1} {103 3 false 2} {104 4 false 3}] 3 LOG_2_4 2 {0 0 map[] map[]}}
2026/02/07 14:34:06 [14:34:06.669] [Node:1] [LOG_REPLICA] [Trace:LOG_2_4][2->1] AppendEntries 收到 term:4 leaderId:2 prevLogIndex:0 prevLogTerm:0 entries:3 leaderCommit:3 isHeartbeat:false currentTerm:4 status:FOLLOWER log:[{101 2 false 1} {103 3 false 2} {104 4 false 3}]
2026/02/07 14:34:06 [Node:1] getNextIndex len:5 last snapshot index:0
2026/02/07 14:34:06 [14:34:06.669] [Node:1] [LOG_REPLICA] [Trace:LOG_2_4][2->1] 打印日志结果:[{<nil> 0 false 0} {101 2 false 1} {101 2 false 1} {103 3 false 2} {104 4 false 3}] 
2026/02/07 14:34:06 [Node:1] getLogStartIndex index:0 last snapshot index:0
2026/02/07 14:34:06 [Node:1] getNextIndex len:5 last snapshot index:0
2026/02/07 14:34:06 [14:34:06.669] [Node:1] [LOG_REPLICA] [Trace:LOG_2_4][2->1] entry.Index:1 rf.getNextIndex():5
2026/02/07 14:34:06 [Node:1] getNextIndex len:5 last snapshot index:0
2026/02/07 14:34:06 [Node:1] getLogStartIndex index:1 last snapshot index:0
2026/02/07 14:34:06 [14:34:06.669] [Node:1] [LOG_REPLICA] [Trace:LOG_2_4][2->1] startIndex:1 rf.log[startIndex].Term:2 entry.Term:2
2026/02/07 14:34:06 [Node:1] getNextIndex len:5 last snapshot index:0
2026/02/07 14:34:06 [14:34:06.669] [Node:1] [LOG_REPLICA] [Trace:LOG_2_4][2->1] entry.Index:2 rf.getNextIndex():5
2026/02/07 14:34:06 [Node:1] getNextIndex len:5 last snapshot index:0
2026/02/07 14:34:06 [Node:1] getLogStartIndex index:2 last snapshot index:0
2026/02/07 14:34:06 [14:34:06.669] [Node:1] [LOG_REPLICA] [Trace:LOG_2_4][2->1] startIndex:2 rf.log[startIndex].Term:2 entry.Term:3
2026/02/07 14:34:06 [14:34:06.669] [Node:1] [LOG_REPLICA] [Trace:LOG_2_4][2->1] args logEntrys:[{101 2 false 1} {103 3 false 2} {104 4 false 3}]
2026/02/07 14:34:06 [14:34:06.669] [Node:1] [LOG_REPLICA] [Trace:LOG_2_4][2->1] 复制日志结果:[{<nil> 0 false 0} {101 2 false 1} {101 2 false 1} {103 3 false 2} {104 4 false 3}] 
2026/02/07 14:34:06 [14:34:06.670] [Node:2] [LOG_REPLICA] [Trace:LOG_2_4][2->1] 心跳返回 from peer:1 term:4 success:true
2026/02/07 14:34:06 [14:34:06.670] [Node:2] [LOG_REPLICA] [Trace:LOG_2_4][2->1] 日志复制返回成功 from peer:1 term:4 agreeCount:2 log [{101 2 false 1} {103 3 false 2} {104 4 false 3}]
2026/02/07 14:34:06 [14:34:06.670] [Node:2] [LOG_REPLICA] [Trace:LOG_2_4][2->1] 日志复制返回成功 但是已经更新过了 from peer:1 term:4 matchIndex:3 log last index:3
2026/02/07 14:34:06 rfats [0xc00010c000 0xc00010c100 0xc00010c200]
2026/02/07 14:34:06 i 0 cmd1 <nil>, ok false
2026/02/07 14:34:06 i 1 cmd1 <nil>, ok false
2026/02/07 14:34:06 i 2 cmd1 104, ok true
2026/02/07 14:34:06 nd 1, cmd1 104 cmd 104
2026/02/07 14:34:06 rfats [0xc00010c000 0xc00010c100 0xc00010c200]
2026/02/07 14:34:06 i 0 cmd1 <nil>, ok false
2026/02/07 14:34:06 i 1 cmd1 <nil>, ok false
2026/02/07 14:34:06 i 2 cmd1 104, ok true
2026/02/07 14:34:06 nd 1, cmd1 104 cmd 104
2026/02/07 14:34:06 rfats [0xc00010c000 0xc00010c100 0xc00010c200]
2026/02/07 14:34:06 i 0 cmd1 <nil>, ok false
2026/02/07 14:34:06 i 1 cmd1 <nil>, ok false
2026/02/07 14:34:06 i 2 cmd1 104, ok true
2026/02/07 14:34:06 nd 1, cmd1 104 cmd 104
2026/02/07 14:34:06 [14:34:06.718] [Node:1] [HEARTBEAT] [Trace:HB_1_4] Follower等心跳 status FOLLOWER term:4 commitIndex:3
2026/02/07 14:34:06 [14:34:06.718] [Node:0] [HEARTBEAT] [Trace:HB_0_3] 开始发送心跳广播 status LEADER term:3 commitIndex:2
2026/02/07 14:34:06 [14:34:06.718] [Node:2] [HEARTBEAT] [Trace:HB_2_4] 开始发送心跳广播 status LEADER term:4 commitIndex:3
2026/02/07 14:34:06 [Node:0] nextIndex:[2 2 3]
2026/02/07 14:34:06 [Node:2] nextIndex:[3 1 3]
2026/02/07 14:34:06 [Node:0] getLogStartIndex index:1 last snapshot index:0
2026/02/07 14:34:06 [Node:0] getNextIndex len:3 last snapshot index:0
2026/02/07 14:34:06 [Node:2] getLogStartIndex index:2 last snapshot index:0
2026/02/07 14:34:06 [Node:2] getNextIndex len:4 last snapshot index:0
2026/02/07 14:34:06 [Node:0] getLogStartIndex index:2 last snapshot index:0
2026/02/07 14:34:06 [Node:2] getLogStartIndex index:3 last snapshot index:0
2026/02/07 14:34:06 [14:34:06.718] [Node:0] [LOG_REPLICA] [Trace:LOG_0_3][0->1] 发送日志or心跳到 Node:1 开始 args:{3 0 1 2 [{103 3 false 2}] 2 LOG_0_3 0 {0 0 map[] map[]}}
2026/02/07 14:34:06 [Node:0] nextIndex:[2 2 3]
2026/02/07 14:34:06 [Node:0] getLogStartIndex index:2 last snapshot index:0
2026/02/07 14:34:06 [Node:2] nextIndex:[3 1 3]
2026/02/07 14:34:06 [Node:2] getLogStartIndex index:0 last snapshot index:0
2026/02/07 14:34:06 [14:34:06.718] [Node:2] [LOG_REPLICA] [Trace:LOG_2_4][2->0] 发送日志or心跳到 Node:0 开始 args:{4 2 2 3 [{104 4 false 3}] 3 LOG_2_4 2 {0 0 map[] map[]}}
2026/02/07 14:34:06 [Node:0] getNextIndex len:3 last snapshot index:0
2026/02/07 14:34:06 [Node:2] getNextIndex len:4 last snapshot index:0
2026/02/07 14:34:06 [Node:2] getLogStartIndex index:1 last snapshot index:0
2026/02/07 14:34:06 [14:34:06.719] [Node:0] [LOG_REPLICA] [Trace:LOG_0_3][0->2] 发送日志or心跳到 Node:2 开始 args:{3 0 2 3 [] 2 LOG_0_3 0 {0 0 map[] map[]}}
2026/02/07 14:34:06 [14:34:06.719] [Node:2] [LOG_REPLICA] [Trace:LOG_2_4][2->1] 发送日志or心跳到 Node:1 开始 args:{4 2 0 0 [{101 2 false 1} {103 3 false 2} {104 4 false 3}] 3 LOG_2_4 2 {0 0 map[] map[]}}
2026/02/07 14:34:06 [14:34:06.719] [Node:1] [LOG_REPLICA] [Trace:LOG_2_4][2->1] AppendEntries 收到 term:4 leaderId:2 prevLogIndex:0 prevLogTerm:0 entries:3 leaderCommit:3 isHeartbeat:false currentTerm:4 status:FOLLOWER log:[{101 2 false 1} {103 3 false 2} {104 4 false 3}]
2026/02/07 14:34:06 [Node:1] getNextIndex len:5 last snapshot index:0
2026/02/07 14:34:06 [14:34:06.719] [Node:1] [LOG_REPLICA] [Trace:LOG_2_4][2->1] 打印日志结果:[{<nil> 0 false 0} {101 2 false 1} {101 2 false 1} {103 3 false 2} {104 4 false 3}] 
2026/02/07 14:34:06 [Node:1] getLogStartIndex index:0 last snapshot index:0
2026/02/07 14:34:06 [Node:1] getNextIndex len:5 last snapshot index:0
2026/02/07 14:34:06 [14:34:06.719] [Node:1] [LOG_REPLICA] [Trace:LOG_2_4][2->1] entry.Index:1 rf.getNextIndex():5
2026/02/07 14:34:06 [Node:1] getNextIndex len:5 last snapshot index:0
2026/02/07 14:34:06 [Node:1] getLogStartIndex index:1 last snapshot index:0
2026/02/07 14:34:06 [14:34:06.719] [Node:1] [LOG_REPLICA] [Trace:LOG_2_4][2->1] startIndex:1 rf.log[startIndex].Term:2 entry.Term:2
2026/02/07 14:34:06 [Node:1] getNextIndex len:5 last snapshot index:0
2026/02/07 14:34:06 [14:34:06.719] [Node:1] [LOG_REPLICA] [Trace:LOG_2_4][2->1] entry.Index:2 rf.getNextIndex():5
2026/02/07 14:34:06 [Node:1] getNextIndex len:5 last snapshot index:0
2026/02/07 14:34:06 [Node:1] getLogStartIndex index:2 last snapshot index:0
2026/02/07 14:34:06 [14:34:06.719] [Node:1] [LOG_REPLICA] [Trace:LOG_2_4][2->1] startIndex:2 rf.log[startIndex].Term:2 entry.Term:3
2026/02/07 14:34:06 [14:34:06.719] [Node:1] [LOG_REPLICA] [Trace:LOG_2_4][2->1] args logEntrys:[{101 2 false 1} {103 3 false 2} {104 4 false 3}]
2026/02/07 14:34:06 [14:34:06.719] [Node:1] [LOG_REPLICA] [Trace:LOG_2_4][2->1] 复制日志结果:[{<nil> 0 false 0} {101 2 false 1} {101 2 false 1} {103 3 false 2} {104 4 false 3}] 
2026/02/07 14:34:06 [14:34:06.720] [Node:2] [LOG_REPLICA] [Trace:LOG_2_4][2->1] 心跳返回 from peer:1 term:4 success:true
2026/02/07 14:34:06 [14:34:06.720] [Node:2] [LOG_REPLICA] [Trace:LOG_2_4][2->1] 日志复制返回成功 from peer:1 term:4 agreeCount:2 log [{101 2 false 1} {103 3 false 2} {104 4 false 3}]
2026/02/07 14:34:06 [14:34:06.720] [Node:2] [LOG_REPLICA] [Trace:LOG_2_4][2->1] 日志复制返回成功 但是已经更新过了 from peer:1 term:4 matchIndex:3 log last index:3
2026/02/07 14:34:06 rfats [0xc00010c000 0xc00010c100 0xc00010c200]
2026/02/07 14:34:06 i 0 cmd1 <nil>, ok false
2026/02/07 14:34:06 i 1 cmd1 <nil>, ok false
2026/02/07 14:34:06 i 2 cmd1 104, ok true
2026/02/07 14:34:06 nd 1, cmd1 104 cmd 104
2026/02/07 14:34:06 rfats [0xc00010c000 0xc00010c100 0xc00010c200]
2026/02/07 14:34:06 i 0 cmd1 <nil>, ok false
2026/02/07 14:34:06 i 1 cmd1 <nil>, ok false
2026/02/07 14:34:06 i 2 cmd1 104, ok true
2026/02/07 14:34:06 nd 1, cmd1 104 cmd 104
2026/02/07 14:34:06 [14:34:06.769] [Node:1] [HEARTBEAT] [Trace:HB_1_4] Follower等心跳 status FOLLOWER term:4 commitIndex:3
2026/02/07 14:34:06 [14:34:06.769] [Node:2] [HEARTBEAT] [Trace:HB_2_4] 开始发送心跳广播 status LEADER term:4 commitIndex:3
2026/02/07 14:34:06 [14:34:06.769] [Node:0] [HEARTBEAT] [Trace:HB_0_3] 开始发送心跳广播 status LEADER term:3 commitIndex:2
2026/02/07 14:34:06 [Node:2] nextIndex:[3 1 3]
2026/02/07 14:34:06 [Node:2] getLogStartIndex index:2 last snapshot index:0
2026/02/07 14:34:06 [Node:0] nextIndex:[2 2 3]
2026/02/07 14:34:06 [Node:2] getNextIndex len:4 last snapshot index:0
2026/02/07 14:34:06 [Node:0] getLogStartIndex index:1 last snapshot index:0
2026/02/07 14:34:06 [Node:2] getLogStartIndex index:3 last snapshot index:0
2026/02/07 14:34:06 [Node:0] getNextIndex len:3 last snapshot index:0
2026/02/07 14:34:06 [Node:0] getLogStartIndex index:2 last snapshot index:0
2026/02/07 14:34:06 [Node:2] nextIndex:[3 1 3]
2026/02/07 14:34:06 [Node:2] getLogStartIndex index:0 last snapshot index:0
2026/02/07 14:34:06 [Node:2] getNextIndex len:4 last snapshot index:0
2026/02/07 14:34:06 [14:34:06.769] [Node:0] [LOG_REPLICA] [Trace:LOG_0_3][0->1] 发送日志or心跳到 Node:1 开始 args:{3 0 1 2 [{103 3 false 2}] 2 LOG_0_3 0 {0 0 map[] map[]}}
2026/02/07 14:34:06 [14:34:06.769] [Node:2] [LOG_REPLICA] [Trace:LOG_2_4][2->0] 发送日志or心跳到 Node:0 开始 args:{4 2 2 3 [{104 4 false 3}] 3 LOG_2_4 2 {0 0 map[] map[]}}
2026/02/07 14:34:06 [Node:0] nextIndex:[2 2 3]
2026/02/07 14:34:06 [Node:2] getLogStartIndex index:1 last snapshot index:0
2026/02/07 14:34:06 [Node:0] getLogStartIndex index:2 last snapshot index:0
2026/02/07 14:34:06 [Node:0] getNextIndex len:3 last snapshot index:0
2026/02/07 14:34:06 [14:34:06.769] [Node:2] [LOG_REPLICA] [Trace:LOG_2_4][2->1] 发送日志or心跳到 Node:1 开始 args:{4 2 0 0 [{101 2 false 1} {103 3 false 2} {104 4 false 3}] 3 LOG_2_4 2 {0 0 map[] map[]}}
2026/02/07 14:34:06 [14:34:06.769] [Node:0] [LOG_REPLICA] [Trace:LOG_0_3][0->2] 发送日志or心跳到 Node:2 开始 args:{3 0 2 3 [] 2 LOG_0_3 0 {0 0 map[] map[]}}
2026/02/07 14:34:06 [14:34:06.770] [Node:1] [LOG_REPLICA] [Trace:LOG_2_4][2->1] AppendEntries 收到 term:4 leaderId:2 prevLogIndex:0 prevLogTerm:0 entries:3 leaderCommit:3 isHeartbeat:false currentTerm:4 status:FOLLOWER log:[{101 2 false 1} {103 3 false 2} {104 4 false 3}]
2026/02/07 14:34:06 [Node:1] getNextIndex len:5 last snapshot index:0
2026/02/07 14:34:06 [14:34:06.770] [Node:1] [LOG_REPLICA] [Trace:LOG_2_4][2->1] 打印日志结果:[{<nil> 0 false 0} {101 2 false 1} {101 2 false 1} {103 3 false 2} {104 4 false 3}] 
2026/02/07 14:34:06 [Node:1] getLogStartIndex index:0 last snapshot index:0
2026/02/07 14:34:06 [Node:1] getNextIndex len:5 last snapshot index:0
2026/02/07 14:34:06 [14:34:06.770] [Node:1] [LOG_REPLICA] [Trace:LOG_2_4][2->1] entry.Index:1 rf.getNextIndex():5
2026/02/07 14:34:06 [Node:1] getNextIndex len:5 last snapshot index:0
2026/02/07 14:34:06 [Node:1] getLogStartIndex index:1 last snapshot index:0
2026/02/07 14:34:06 [14:34:06.770] [Node:1] [LOG_REPLICA] [Trace:LOG_2_4][2->1] startIndex:1 rf.log[startIndex].Term:2 entry.Term:2
2026/02/07 14:34:06 [Node:1] getNextIndex len:5 last snapshot index:0
2026/02/07 14:34:06 [14:34:06.770] [Node:1] [LOG_REPLICA] [Trace:LOG_2_4][2->1] entry.Index:2 rf.getNextIndex():5
2026/02/07 14:34:06 [Node:1] getNextIndex len:5 last snapshot index:0
2026/02/07 14:34:06 [Node:1] getLogStartIndex index:2 last snapshot index:0
2026/02/07 14:34:06 [14:34:06.770] [Node:1] [LOG_REPLICA] [Trace:LOG_2_4][2->1] startIndex:2 rf.log[startIndex].Term:2 entry.Term:3
2026/02/07 14:34:06 [14:34:06.770] [Node:1] [LOG_REPLICA] [Trace:LOG_2_4][2->1] args logEntrys:[{101 2 false 1} {103 3 false 2} {104 4 false 3}]
2026/02/07 14:34:06 [14:34:06.770] [Node:1] [LOG_REPLICA] [Trace:LOG_2_4][2->1] 复制日志结果:[{<nil> 0 false 0} {101 2 false 1} {101 2 false 1} {103 3 false 2} {104 4 false 3}] 
2026/02/07 14:34:06 [14:34:06.770] [Node:2] [LOG_REPLICA] [Trace:LOG_2_4][2->1] 心跳返回 from peer:1 term:4 success:true
2026/02/07 14:34:06 [14:34:06.770] [Node:2] [LOG_REPLICA] [Trace:LOG_2_4][2->1] 日志复制返回成功 from peer:1 term:4 agreeCount:2 log [{101 2 false 1} {103 3 false 2} {104 4 false 3}]
2026/02/07 14:34:06 [14:34:06.770] [Node:2] [LOG_REPLICA] [Trace:LOG_2_4][2->1] 日志复制返回成功 但是已经更新过了 from peer:1 term:4 matchIndex:3 log last index:3
2026/02/07 14:34:06 rfats [0xc00010c000 0xc00010c100 0xc00010c200]
2026/02/07 14:34:06 i 0 cmd1 <nil>, ok false
2026/02/07 14:34:06 i 1 cmd1 <nil>, ok false
2026/02/07 14:34:06 i 2 cmd1 104, ok true
2026/02/07 14:34:06 nd 1, cmd1 104 cmd 104
2026/02/07 14:34:06 rfats [0xc00010c000 0xc00010c100 0xc00010c200]
2026/02/07 14:34:06 i 0 cmd1 <nil>, ok false
2026/02/07 14:34:06 i 1 cmd1 <nil>, ok false
2026/02/07 14:34:06 i 2 cmd1 104, ok true
2026/02/07 14:34:06 nd 1, cmd1 104 cmd 104
2026/02/07 14:34:06 [14:34:06.819] [Node:2] [HEARTBEAT] [Trace:HB_2_4] 开始发送心跳广播 status LEADER term:4 commitIndex:3
2026/02/07 14:34:06 [14:34:06.819] [Node:1] [HEARTBEAT] [Trace:HB_1_4] Follower等心跳 status FOLLOWER term:4 commitIndex:3
2026/02/07 14:34:06 [14:34:06.819] [Node:0] [HEARTBEAT] [Trace:HB_0_3] 开始发送心跳广播 status LEADER term:3 commitIndex:2
2026/02/07 14:34:06 [Node:2] nextIndex:[3 1 3]
2026/02/07 14:34:06 [Node:2] getLogStartIndex index:0 last snapshot index:0
2026/02/07 14:34:06 [Node:2] getNextIndex len:4 last snapshot index:0
2026/02/07 14:34:06 [Node:2] getLogStartIndex index:1 last snapshot index:0
2026/02/07 14:34:06 [Node:0] nextIndex:[2 2 3]
2026/02/07 14:34:06 [Node:0] getLogStartIndex index:1 last snapshot index:0
2026/02/07 14:34:06 [Node:0] getNextIndex len:3 last snapshot index:0
2026/02/07 14:34:06 [Node:0] getLogStartIndex index:2 last snapshot index:0
2026/02/07 14:34:06 [14:34:06.819] [Node:2] [LOG_REPLICA] [Trace:LOG_2_4][2->1] 发送日志or心跳到 Node:1 开始 args:{4 2 0 0 [{101 2 false 1} {103 3 false 2} {104 4 false 3}] 3 LOG_2_4 2 {0 0 map[] map[]}}
2026/02/07 14:34:06 [Node:2] nextIndex:[3 1 3]
2026/02/07 14:34:06 [14:34:06.819] [Node:0] [LOG_REPLICA] [Trace:LOG_0_3][0->1] 发送日志or心跳到 Node:1 开始 args:{3 0 1 2 [{103 3 false 2}] 2 LOG_0_3 0 {0 0 map[] map[]}}
2026/02/07 14:34:06 [Node:2] getLogStartIndex index:2 last snapshot index:0
2026/02/07 14:34:06 [Node:2] getNextIndex len:4 last snapshot index:0
2026/02/07 14:34:06 [Node:0] nextIndex:[2 2 3]
2026/02/07 14:34:06 [Node:2] getLogStartIndex index:3 last snapshot index:0
2026/02/07 14:34:06 [Node:0] getLogStartIndex index:2 last snapshot index:0
2026/02/07 14:34:06 [Node:0] getNextIndex len:3 last snapshot index:0
2026/02/07 14:34:06 [14:34:06.819] [Node:2] [LOG_REPLICA] [Trace:LOG_2_4][2->0] 发送日志or心跳到 Node:0 开始 args:{4 2 2 3 [{104 4 false 3}] 3 LOG_2_4 2 {0 0 map[] map[]}}
2026/02/07 14:34:06 [14:34:06.819] [Node:0] [LOG_REPLICA] [Trace:LOG_0_3][0->2] 发送日志or心跳到 Node:2 开始 args:{3 0 2 3 [] 2 LOG_0_3 0 {0 0 map[] map[]}}
2026/02/07 14:34:06 [14:34:06.820] [Node:1] [LOG_REPLICA] [Trace:LOG_2_4][2->1] AppendEntries 收到 term:4 leaderId:2 prevLogIndex:0 prevLogTerm:0 entries:3 leaderCommit:3 isHeartbeat:false currentTerm:4 status:FOLLOWER log:[{101 2 false 1} {103 3 false 2} {104 4 false 3}]
2026/02/07 14:34:06 [Node:1] getNextIndex len:5 last snapshot index:0
2026/02/07 14:34:06 [14:34:06.820] [Node:1] [LOG_REPLICA] [Trace:LOG_2_4][2->1] 打印日志结果:[{<nil> 0 false 0} {101 2 false 1} {101 2 false 1} {103 3 false 2} {104 4 false 3}] 
2026/02/07 14:34:06 [Node:1] getLogStartIndex index:0 last snapshot index:0
2026/02/07 14:34:06 [Node:1] getNextIndex len:5 last snapshot index:0
2026/02/07 14:34:06 [14:34:06.820] [Node:1] [LOG_REPLICA] [Trace:LOG_2_4][2->1] entry.Index:1 rf.getNextIndex():5
2026/02/07 14:34:06 [Node:1] getNextIndex len:5 last snapshot index:0
2026/02/07 14:34:06 [Node:1] getLogStartIndex index:1 last snapshot index:0
2026/02/07 14:34:06 [14:34:06.820] [Node:1] [LOG_REPLICA] [Trace:LOG_2_4][2->1] startIndex:1 rf.log[startIndex].Term:2 entry.Term:2
2026/02/07 14:34:06 [Node:1] getNextIndex len:5 last snapshot index:0
2026/02/07 14:34:06 [14:34:06.820] [Node:1] [LOG_REPLICA] [Trace:LOG_2_4][2->1] entry.Index:2 rf.getNextIndex():5
2026/02/07 14:34:06 [Node:1] getNextIndex len:5 last snapshot index:0
2026/02/07 14:34:06 [Node:1] getLogStartIndex index:2 last snapshot index:0
2026/02/07 14:34:06 [14:34:06.820] [Node:1] [LOG_REPLICA] [Trace:LOG_2_4][2->1] startIndex:2 rf.log[startIndex].Term:2 entry.Term:3
2026/02/07 14:34:06 [14:34:06.820] [Node:1] [LOG_REPLICA] [Trace:LOG_2_4][2->1] args logEntrys:[{101 2 false 1} {103 3 false 2} {104 4 false 3}]
2026/02/07 14:34:06 [14:34:06.820] [Node:1] [LOG_REPLICA] [Trace:LOG_2_4][2->1] 复制日志结果:[{<nil> 0 false 0} {101 2 false 1} {101 2 false 1} {103 3 false 2} {104 4 false 3}] 
2026/02/07 14:34:06 [14:34:06.820] [Node:2] [LOG_REPLICA] [Trace:LOG_2_4][2->1] 心跳返回 from peer:1 term:4 success:true
2026/02/07 14:34:06 [14:34:06.820] [Node:2] [LOG_REPLICA] [Trace:LOG_2_4][2->1] 日志复制返回成功 from peer:1 term:4 agreeCount:2 log [{101 2 false 1} {103 3 false 2} {104 4 false 3}]
2026/02/07 14:34:06 [14:34:06.820] [Node:2] [LOG_REPLICA] [Trace:LOG_2_4][2->1] 日志复制返回成功 但是已经更新过了 from peer:1 term:4 matchIndex:3 log last index:3
2026/02/07 14:34:06 rfats [0xc00010c000 0xc00010c100 0xc00010c200]
2026/02/07 14:34:06 i 0 cmd1 <nil>, ok false
2026/02/07 14:34:06 i 1 cmd1 <nil>, ok false
2026/02/07 14:34:06 i 2 cmd1 104, ok true
2026/02/07 14:34:06 nd 1, cmd1 104 cmd 104
2026/02/07 14:34:06 rfats [0xc00010c000 0xc00010c100 0xc00010c200]
2026/02/07 14:34:06 i 0 cmd1 <nil>, ok false
2026/02/07 14:34:06 i 1 cmd1 <nil>, ok false
2026/02/07 14:34:06 i 2 cmd1 104, ok true
2026/02/07 14:34:06 nd 1, cmd1 104 cmd 104
2026/02/07 14:34:06 rfats [0xc00010c000 0xc00010c100 0xc00010c200]
2026/02/07 14:34:06 i 0 cmd1 <nil>, ok false
2026/02/07 14:34:06 i 1 cmd1 <nil>, ok false
2026/02/07 14:34:06 i 2 cmd1 104, ok true
2026/02/07 14:34:06 nd 1, cmd1 104 cmd 104
2026/02/07 14:34:06 [14:34:06.870] [Node:0] [HEARTBEAT] [Trace:HB_0_3] 开始发送心跳广播 status LEADER term:3 commitIndex:2
2026/02/07 14:34:06 [14:34:06.870] [Node:1] [HEARTBEAT] [Trace:HB_1_4] Follower等心跳 status FOLLOWER term:4 commitIndex:3
2026/02/07 14:34:06 [Node:0] nextIndex:[2 2 3]
2026/02/07 14:34:06 [14:34:06.870] [Node:2] [HEARTBEAT] [Trace:HB_2_4] 开始发送心跳广播 status LEADER term:4 commitIndex:3
2026/02/07 14:34:06 [Node:0] getLogStartIndex index:2 last snapshot index:0
2026/02/07 14:34:06 [Node:0] getNextIndex len:3 last snapshot index:0
2026/02/07 14:34:06 [Node:2] nextIndex:[3 1 3]
2026/02/07 14:34:06 [14:34:06.870] [Node:0] [LOG_REPLICA] [Trace:LOG_0_3][0->2] 发送日志or心跳到 Node:2 开始 args:{3 0 2 3 [] 2 LOG_0_3 0 {0 0 map[] map[]}}
2026/02/07 14:34:06 [Node:2] getLogStartIndex index:0 last snapshot index:0
2026/02/07 14:34:06 [Node:2] getNextIndex len:4 last snapshot index:0
2026/02/07 14:34:06 [Node:2] getLogStartIndex index:1 last snapshot index:0
2026/02/07 14:34:06 [Node:0] nextIndex:[2 2 3]
2026/02/07 14:34:06 [Node:0] getLogStartIndex index:1 last snapshot index:0
2026/02/07 14:34:06 [14:34:06.870] [Node:2] [LOG_REPLICA] [Trace:LOG_2_4][2->1] 发送日志or心跳到 Node:1 开始 args:{4 2 0 0 [{101 2 false 1} {103 3 false 2} {104 4 false 3}] 3 LOG_2_4 2 {0 0 map[] map[]}}
2026/02/07 14:34:06 [Node:2] nextIndex:[3 1 3]
2026/02/07 14:34:06 [Node:2] getLogStartIndex index:2 last snapshot index:0
2026/02/07 14:34:06 [Node:0] getNextIndex len:3 last snapshot index:0
2026/02/07 14:34:06 [Node:2] getNextIndex len:4 last snapshot index:0
2026/02/07 14:34:06 [Node:2] getLogStartIndex index:3 last snapshot index:0
2026/02/07 14:34:06 [Node:0] getLogStartIndex index:2 last snapshot index:0
2026/02/07 14:34:06 [14:34:06.870] [Node:2] [LOG_REPLICA] [Trace:LOG_2_4][2->0] 发送日志or心跳到 Node:0 开始 args:{4 2 2 3 [{104 4 false 3}] 3 LOG_2_4 2 {0 0 map[] map[]}}
2026/02/07 14:34:06 [14:34:06.870] [Node:0] [LOG_REPLICA] [Trace:LOG_0_3][0->1] 发送日志or心跳到 Node:1 开始 args:{3 0 1 2 [{103 3 false 2}] 2 LOG_0_3 0 {0 0 map[] map[]}}
2026/02/07 14:34:06 [14:34:06.871] [Node:1] [LOG_REPLICA] [Trace:LOG_2_4][2->1] AppendEntries 收到 term:4 leaderId:2 prevLogIndex:0 prevLogTerm:0 entries:3 leaderCommit:3 isHeartbeat:false currentTerm:4 status:FOLLOWER log:[{101 2 false 1} {103 3 false 2} {104 4 false 3}]
2026/02/07 14:34:06 [Node:1] getNextIndex len:5 last snapshot index:0
2026/02/07 14:34:06 [14:34:06.871] [Node:1] [LOG_REPLICA] [Trace:LOG_2_4][2->1] 打印日志结果:[{<nil> 0 false 0} {101 2 false 1} {101 2 false 1} {103 3 false 2} {104 4 false 3}] 
2026/02/07 14:34:06 [Node:1] getLogStartIndex index:0 last snapshot index:0
2026/02/07 14:34:06 [Node:1] getNextIndex len:5 last snapshot index:0
2026/02/07 14:34:06 [14:34:06.871] [Node:1] [LOG_REPLICA] [Trace:LOG_2_4][2->1] entry.Index:1 rf.getNextIndex():5
2026/02/07 14:34:06 [Node:1] getNextIndex len:5 last snapshot index:0
2026/02/07 14:34:06 [Node:1] getLogStartIndex index:1 last snapshot index:0
2026/02/07 14:34:06 [14:34:06.871] [Node:1] [LOG_REPLICA] [Trace:LOG_2_4][2->1] startIndex:1 rf.log[startIndex].Term:2 entry.Term:2
2026/02/07 14:34:06 [Node:1] getNextIndex len:5 last snapshot index:0
2026/02/07 14:34:06 [14:34:06.871] [Node:1] [LOG_REPLICA] [Trace:LOG_2_4][2->1] entry.Index:2 rf.getNextIndex():5
2026/02/07 14:34:06 [Node:1] getNextIndex len:5 last snapshot index:0
2026/02/07 14:34:06 [Node:1] getLogStartIndex index:2 last snapshot index:0
2026/02/07 14:34:06 [14:34:06.871] [Node:1] [LOG_REPLICA] [Trace:LOG_2_4][2->1] startIndex:2 rf.log[startIndex].Term:2 entry.Term:3
2026/02/07 14:34:06 [14:34:06.871] [Node:1] [LOG_REPLICA] [Trace:LOG_2_4][2->1] args logEntrys:[{101 2 false 1} {103 3 false 2} {104 4 false 3}]
2026/02/07 14:34:06 [14:34:06.871] [Node:1] [LOG_REPLICA] [Trace:LOG_2_4][2->1] 复制日志结果:[{<nil> 0 false 0} {101 2 false 1} {101 2 false 1} {103 3 false 2} {104 4 false 3}] 
2026/02/07 14:34:06 [14:34:06.871] [Node:2] [LOG_REPLICA] [Trace:LOG_2_4][2->1] 心跳返回 from peer:1 term:4 success:true
2026/02/07 14:34:06 [14:34:06.871] [Node:2] [LOG_REPLICA] [Trace:LOG_2_4][2->1] 日志复制返回成功 from peer:1 term:4 agreeCount:2 log [{101 2 false 1} {103 3 false 2} {104 4 false 3}]
2026/02/07 14:34:06 [14:34:06.871] [Node:2] [LOG_REPLICA] [Trace:LOG_2_4][2->1] 日志复制返回成功 但是已经更新过了 from peer:1 term:4 matchIndex:3 log last index:3
2026/02/07 14:34:06 rfats [0xc00010c000 0xc00010c100 0xc00010c200]
2026/02/07 14:34:06 i 0 cmd1 <nil>, ok false
2026/02/07 14:34:06 i 1 cmd1 <nil>, ok false
2026/02/07 14:34:06 i 2 cmd1 104, ok true
2026/02/07 14:34:06 nd 1, cmd1 104 cmd 104
2026/02/07 14:34:06 rfats [0xc00010c000 0xc00010c100 0xc00010c200]
2026/02/07 14:34:06 i 0 cmd1 <nil>, ok false
2026/02/07 14:34:06 i 1 cmd1 <nil>, ok false
2026/02/07 14:34:06 i 2 cmd1 104, ok true
2026/02/07 14:34:06 nd 1, cmd1 104 cmd 104
2026/02/07 14:34:06 [14:34:06.921] [Node:0] [HEARTBEAT] [Trace:HB_0_3] 开始发送心跳广播 status LEADER term:3 commitIndex:2
2026/02/07 14:34:06 [14:34:06.921] [Node:2] [HEARTBEAT] [Trace:HB_2_4] 开始发送心跳广播 status LEADER term:4 commitIndex:3
2026/02/07 14:34:06 [14:34:06.921] [Node:1] [HEARTBEAT] [Trace:HB_1_4] Follower等心跳 status FOLLOWER term:4 commitIndex:3
2026/02/07 14:34:06 [Node:0] nextIndex:[2 2 3]
2026/02/07 14:34:06 [Node:0] getLogStartIndex index:2 last snapshot index:0
2026/02/07 14:34:06 [Node:2] nextIndex:[3 1 3]
2026/02/07 14:34:06 [Node:2] getLogStartIndex index:2 last snapshot index:0
2026/02/07 14:34:06 [Node:0] getNextIndex len:3 last snapshot index:0
2026/02/07 14:34:06 [Node:2] getNextIndex len:4 last snapshot index:0
2026/02/07 14:34:06 [Node:2] getLogStartIndex index:3 last snapshot index:0
2026/02/07 14:34:06 [14:34:06.921] [Node:0] [LOG_REPLICA] [Trace:LOG_0_3][0->2] 发送日志or心跳到 Node:2 开始 args:{3 0 2 3 [] 2 LOG_0_3 0 {0 0 map[] map[]}}
2026/02/07 14:34:06 [Node:0] nextIndex:[2 2 3]
2026/02/07 14:34:06 [14:34:06.921] [Node:2] [LOG_REPLICA] [Trace:LOG_2_4][2->0] 发送日志or心跳到 Node:0 开始 args:{4 2 2 3 [{104 4 false 3}] 3 LOG_2_4 2 {0 0 map[] map[]}}
2026/02/07 14:34:06 [Node:0] getLogStartIndex index:1 last snapshot index:0
2026/02/07 14:34:06 [Node:0] getNextIndex len:3 last snapshot index:0
2026/02/07 14:34:06 [Node:2] nextIndex:[3 1 3]
2026/02/07 14:34:06 [Node:0] getLogStartIndex index:2 last snapshot index:0
2026/02/07 14:34:06 [Node:2] getLogStartIndex index:0 last snapshot index:0
2026/02/07 14:34:06 [Node:2] getNextIndex len:4 last snapshot index:0
2026/02/07 14:34:06 [14:34:06.921] [Node:0] [LOG_REPLICA] [Trace:LOG_0_3][0->1] 发送日志or心跳到 Node:1 开始 args:{3 0 1 2 [{103 3 false 2}] 2 LOG_0_3 0 {0 0 map[] map[]}}
2026/02/07 14:34:06 [Node:2] getLogStartIndex index:1 last snapshot index:0
2026/02/07 14:34:06 [14:34:06.921] [Node:2] [LOG_REPLICA] [Trace:LOG_2_4][2->1] 发送日志or心跳到 Node:1 开始 args:{4 2 0 0 [{101 2 false 1} {103 3 false 2} {104 4 false 3}] 3 LOG_2_4 2 {0 0 map[] map[]}}
2026/02/07 14:34:06 [14:34:06.922] [Node:1] [LOG_REPLICA] [Trace:LOG_2_4][2->1] AppendEntries 收到 term:4 leaderId:2 prevLogIndex:0 prevLogTerm:0 entries:3 leaderCommit:3 isHeartbeat:false currentTerm:4 status:FOLLOWER log:[{101 2 false 1} {103 3 false 2} {104 4 false 3}]
2026/02/07 14:34:06 [Node:1] getNextIndex len:5 last snapshot index:0
2026/02/07 14:34:06 [14:34:06.922] [Node:1] [LOG_REPLICA] [Trace:LOG_2_4][2->1] 打印日志结果:[{<nil> 0 false 0} {101 2 false 1} {101 2 false 1} {103 3 false 2} {104 4 false 3}] 
2026/02/07 14:34:06 [Node:1] getLogStartIndex index:0 last snapshot index:0
2026/02/07 14:34:06 [Node:1] getNextIndex len:5 last snapshot index:0
2026/02/07 14:34:06 [14:34:06.922] [Node:1] [LOG_REPLICA] [Trace:LOG_2_4][2->1] entry.Index:1 rf.getNextIndex():5
2026/02/07 14:34:06 [Node:1] getNextIndex len:5 last snapshot index:0
2026/02/07 14:34:06 [Node:1] getLogStartIndex index:1 last snapshot index:0
2026/02/07 14:34:06 [14:34:06.922] [Node:1] [LOG_REPLICA] [Trace:LOG_2_4][2->1] startIndex:1 rf.log[startIndex].Term:2 entry.Term:2
2026/02/07 14:34:06 [Node:1] getNextIndex len:5 last snapshot index:0
2026/02/07 14:34:06 [14:34:06.922] [Node:1] [LOG_REPLICA] [Trace:LOG_2_4][2->1] entry.Index:2 rf.getNextIndex():5
2026/02/07 14:34:06 [Node:1] getNextIndex len:5 last snapshot index:0
2026/02/07 14:34:06 [Node:1] getLogStartIndex index:2 last snapshot index:0
2026/02/07 14:34:06 [14:34:06.922] [Node:1] [LOG_REPLICA] [Trace:LOG_2_4][2->1] startIndex:2 rf.log[startIndex].Term:2 entry.Term:3
2026/02/07 14:34:06 [14:34:06.922] [Node:1] [LOG_REPLICA] [Trace:LOG_2_4][2->1] args logEntrys:[{101 2 false 1} {103 3 false 2} {104 4 false 3}]
2026/02/07 14:34:06 [14:34:06.922] [Node:1] [LOG_REPLICA] [Trace:LOG_2_4][2->1] 复制日志结果:[{<nil> 0 false 0} {101 2 false 1} {101 2 false 1} {103 3 false 2} {104 4 false 3}] 
2026/02/07 14:34:06 [14:34:06.923] [Node:2] [LOG_REPLICA] [Trace:LOG_2_4][2->1] 心跳返回 from peer:1 term:4 success:true
2026/02/07 14:34:06 [14:34:06.923] [Node:2] [LOG_REPLICA] [Trace:LOG_2_4][2->1] 日志复制返回成功 from peer:1 term:4 agreeCount:2 log [{101 2 false 1} {103 3 false 2} {104 4 false 3}]
2026/02/07 14:34:06 [14:34:06.923] [Node:2] [LOG_REPLICA] [Trace:LOG_2_4][2->1] 日志复制返回成功 但是已经更新过了 from peer:1 term:4 matchIndex:3 log last index:3
2026/02/07 14:34:06 rfats [0xc00010c000 0xc00010c100 0xc00010c200]
2026/02/07 14:34:06 i 0 cmd1 <nil>, ok false
2026/02/07 14:34:06 i 1 cmd1 <nil>, ok false
2026/02/07 14:34:06 i 2 cmd1 104, ok true
2026/02/07 14:34:06 nd 1, cmd1 104 cmd 104
2026/02/07 14:34:06 rfats [0xc00010c000 0xc00010c100 0xc00010c200]
2026/02/07 14:34:06 i 0 cmd1 <nil>, ok false
2026/02/07 14:34:06 i 1 cmd1 <nil>, ok false
2026/02/07 14:34:06 i 2 cmd1 104, ok true
2026/02/07 14:34:06 nd 1, cmd1 104 cmd 104
2026/02/07 14:34:06 rfats [0xc00010c000 0xc00010c100 0xc00010c200]
2026/02/07 14:34:06 i 0 cmd1 <nil>, ok false
2026/02/07 14:34:06 i 1 cmd1 <nil>, ok false
2026/02/07 14:34:06 i 2 cmd1 104, ok true
2026/02/07 14:34:06 nd 1, cmd1 104 cmd 104
2026/02/07 14:34:06 [14:34:06.972] [Node:1] [HEARTBEAT] [Trace:HB_1_4] Follower等心跳 status FOLLOWER term:4 commitIndex:3
2026/02/07 14:34:06 [14:34:06.972] [Node:2] [HEARTBEAT] [Trace:HB_2_4] 开始发送心跳广播 status LEADER term:4 commitIndex:3
2026/02/07 14:34:06 [14:34:06.972] [Node:0] [HEARTBEAT] [Trace:HB_0_3] 开始发送心跳广播 status LEADER term:3 commitIndex:2
2026/02/07 14:34:06 [Node:0] nextIndex:[2 2 3]
2026/02/07 14:34:06 [Node:0] getLogStartIndex index:1 last snapshot index:0
2026/02/07 14:34:06 [Node:0] getNextIndex len:3 last snapshot index:0
2026/02/07 14:34:06 [Node:0] getLogStartIndex index:2 last snapshot index:0
2026/02/07 14:34:06 [Node:2] nextIndex:[3 1 3]
2026/02/07 14:34:06 [14:34:06.972] [Node:0] [LOG_REPLICA] [Trace:LOG_0_3][0->1] 发送日志or心跳到 Node:1 开始 args:{3 0 1 2 [{103 3 false 2}] 2 LOG_0_3 0 {0 0 map[] map[]}}
2026/02/07 14:34:06 [Node:2] getLogStartIndex index:2 last snapshot index:0
2026/02/07 14:34:06 [Node:2] getNextIndex len:4 last snapshot index:0
2026/02/07 14:34:06 [Node:2] getLogStartIndex index:3 last snapshot index:0
2026/02/07 14:34:06 [Node:0] nextIndex:[2 2 3]
2026/02/07 14:34:06 [Node:0] getLogStartIndex index:2 last snapshot index:0
2026/02/07 14:34:06 [Node:0] getNextIndex len:3 last snapshot index:0
2026/02/07 14:34:06 [Node:2] nextIndex:[3 1 3]
2026/02/07 14:34:06 [14:34:06.972] [Node:2] [LOG_REPLICA] [Trace:LOG_2_4][2->0] 发送日志or心跳到 Node:0 开始 args:{4 2 2 3 [{104 4 false 3}] 3 LOG_2_4 2 {0 0 map[] map[]}}
2026/02/07 14:34:06 [Node:2] getLogStartIndex index:0 last snapshot index:0
2026/02/07 14:34:06 [Node:2] getNextIndex len:4 last snapshot index:0
2026/02/07 14:34:06 [14:34:06.972] [Node:0] [LOG_REPLICA] [Trace:LOG_0_3][0->2] 发送日志or心跳到 Node:2 开始 args:{3 0 2 3 [] 2 LOG_0_3 0 {0 0 map[] map[]}}
2026/02/07 14:34:06 [Node:2] getLogStartIndex index:1 last snapshot index:0
2026/02/07 14:34:06 [14:34:06.972] [Node:2] [LOG_REPLICA] [Trace:LOG_2_4][2->1] 发送日志or心跳到 Node:1 开始 args:{4 2 0 0 [{101 2 false 1} {103 3 false 2} {104 4 false 3}] 3 LOG_2_4 2 {0 0 map[] map[]}}
2026/02/07 14:34:06 [14:34:06.973] [Node:1] [LOG_REPLICA] [Trace:LOG_2_4][2->1] AppendEntries 收到 term:4 leaderId:2 prevLogIndex:0 prevLogTerm:0 entries:3 leaderCommit:3 isHeartbeat:false currentTerm:4 status:FOLLOWER log:[{101 2 false 1} {103 3 false 2} {104 4 false 3}]
2026/02/07 14:34:06 [Node:1] getNextIndex len:5 last snapshot index:0
2026/02/07 14:34:06 [14:34:06.973] [Node:1] [LOG_REPLICA] [Trace:LOG_2_4][2->1] 打印日志结果:[{<nil> 0 false 0} {101 2 false 1} {101 2 false 1} {103 3 false 2} {104 4 false 3}] 
2026/02/07 14:34:06 [Node:1] getLogStartIndex index:0 last snapshot index:0
2026/02/07 14:34:06 [Node:1] getNextIndex len:5 last snapshot index:0
2026/02/07 14:34:06 [14:34:06.973] [Node:1] [LOG_REPLICA] [Trace:LOG_2_4][2->1] entry.Index:1 rf.getNextIndex():5
2026/02/07 14:34:06 [Node:1] getNextIndex len:5 last snapshot index:0
2026/02/07 14:34:06 [Node:1] getLogStartIndex index:1 last snapshot index:0
2026/02/07 14:34:06 [14:34:06.973] [Node:1] [LOG_REPLICA] [Trace:LOG_2_4][2->1] startIndex:1 rf.log[startIndex].Term:2 entry.Term:2
2026/02/07 14:34:06 [Node:1] getNextIndex len:5 last snapshot index:0
2026/02/07 14:34:06 [14:34:06.973] [Node:1] [LOG_REPLICA] [Trace:LOG_2_4][2->1] entry.Index:2 rf.getNextIndex():5
2026/02/07 14:34:06 [Node:1] getNextIndex len:5 last snapshot index:0
2026/02/07 14:34:06 [Node:1] getLogStartIndex index:2 last snapshot index:0
2026/02/07 14:34:06 [14:34:06.973] [Node:1] [LOG_REPLICA] [Trace:LOG_2_4][2->1] startIndex:2 rf.log[startIndex].Term:2 entry.Term:3
2026/02/07 14:34:06 [14:34:06.973] [Node:1] [LOG_REPLICA] [Trace:LOG_2_4][2->1] args logEntrys:[{101 2 false 1} {103 3 false 2} {104 4 false 3}]
2026/02/07 14:34:06 [14:34:06.973] [Node:1] [LOG_REPLICA] [Trace:LOG_2_4][2->1] 复制日志结果:[{<nil> 0 false 0} {101 2 false 1} {101 2 false 1} {103 3 false 2} {104 4 false 3}] 
2026/02/07 14:34:06 [14:34:06.973] [Node:2] [LOG_REPLICA] [Trace:LOG_2_4][2->1] 心跳返回 from peer:1 term:4 success:true
2026/02/07 14:34:06 [14:34:06.973] [Node:2] [LOG_REPLICA] [Trace:LOG_2_4][2->1] 日志复制返回成功 from peer:1 term:4 agreeCount:2 log [{101 2 false 1} {103 3 false 2} {104 4 false 3}]
2026/02/07 14:34:06 [14:34:06.973] [Node:2] [LOG_REPLICA] [Trace:LOG_2_4][2->1] 日志复制返回成功 但是已经更新过了 from peer:1 term:4 matchIndex:3 log last index:3
2026/02/07 14:34:06 rfats [0xc00010c000 0xc00010c100 0xc00010c200]
2026/02/07 14:34:06 i 0 cmd1 <nil>, ok false
2026/02/07 14:34:06 i 1 cmd1 <nil>, ok false
2026/02/07 14:34:06 i 2 cmd1 104, ok true
2026/02/07 14:34:06 nd 1, cmd1 104 cmd 104
2026/02/07 14:34:07 rfats [0xc00010c000 0xc00010c100 0xc00010c200]
2026/02/07 14:34:07 i 0 cmd1 <nil>, ok false
2026/02/07 14:34:07 i 1 cmd1 <nil>, ok false
2026/02/07 14:34:07 i 2 cmd1 104, ok true
2026/02/07 14:34:07 nd 1, cmd1 104 cmd 104
2026/02/07 14:34:07 [14:34:07.022] [Node:0] [HEARTBEAT] [Trace:HB_0_3] 开始发送心跳广播 status LEADER term:3 commitIndex:2
2026/02/07 14:34:07 [14:34:07.022] [Node:1] [HEARTBEAT] [Trace:HB_1_4] Follower等心跳 status FOLLOWER term:4 commitIndex:3
2026/02/07 14:34:07 [14:34:07.022] [Node:2] [HEARTBEAT] [Trace:HB_2_4] 开始发送心跳广播 status LEADER term:4 commitIndex:3
2026/02/07 14:34:07 [Node:0] nextIndex:[2 2 3]
2026/02/07 14:34:07 [Node:0] getLogStartIndex index:1 last snapshot index:0
2026/02/07 14:34:07 [Node:0] getNextIndex len:3 last snapshot index:0
2026/02/07 14:34:07 [Node:0] getLogStartIndex index:2 last snapshot index:0
2026/02/07 14:34:07 [Node:2] nextIndex:[3 1 3]
2026/02/07 14:34:07 [Node:2] getLogStartIndex index:2 last snapshot index:0
2026/02/07 14:34:07 [14:34:07.022] [Node:0] [LOG_REPLICA] [Trace:LOG_0_3][0->1] 发送日志or心跳到 Node:1 开始 args:{3 0 1 2 [{103 3 false 2}] 2 LOG_0_3 0 {0 0 map[] map[]}}
2026/02/07 14:34:07 [Node:2] getNextIndex len:4 last snapshot index:0
2026/02/07 14:34:07 [Node:2] getLogStartIndex index:3 last snapshot index:0
2026/02/07 14:34:07 [Node:0] nextIndex:[2 2 3]
2026/02/07 14:34:07 [14:34:07.022] [Node:2] [LOG_REPLICA] [Trace:LOG_2_4][2->0] 发送日志or心跳到 Node:0 开始 args:{4 2 2 3 [{104 4 false 3}] 3 LOG_2_4 2 {0 0 map[] map[]}}
2026/02/07 14:34:07 [Node:2] nextIndex:[3 1 3]
2026/02/07 14:34:07 [Node:2] getLogStartIndex index:0 last snapshot index:0
2026/02/07 14:34:07 [Node:0] getLogStartIndex index:2 last snapshot index:0
2026/02/07 14:34:07 [Node:2] getNextIndex len:4 last snapshot index:0
2026/02/07 14:34:07 [Node:2] getLogStartIndex index:1 last snapshot index:0
2026/02/07 14:34:07 [Node:0] getNextIndex len:3 last snapshot index:0
2026/02/07 14:34:07 [14:34:07.022] [Node:0] [LOG_REPLICA] [Trace:LOG_0_3][0->2] 发送日志or心跳到 Node:2 开始 args:{3 0 2 3 [] 2 LOG_0_3 0 {0 0 map[] map[]}}
2026/02/07 14:34:07 [14:34:07.022] [Node:2] [LOG_REPLICA] [Trace:LOG_2_4][2->1] 发送日志or心跳到 Node:1 开始 args:{4 2 0 0 [{101 2 false 1} {103 3 false 2} {104 4 false 3}] 3 LOG_2_4 2 {0 0 map[] map[]}}
2026/02/07 14:34:07 [14:34:07.023] [Node:1] [LOG_REPLICA] [Trace:LOG_2_4][2->1] AppendEntries 收到 term:4 leaderId:2 prevLogIndex:0 prevLogTerm:0 entries:3 leaderCommit:3 isHeartbeat:false currentTerm:4 status:FOLLOWER log:[{101 2 false 1} {103 3 false 2} {104 4 false 3}]
2026/02/07 14:34:07 [Node:1] getNextIndex len:5 last snapshot index:0
2026/02/07 14:34:07 [14:34:07.023] [Node:1] [LOG_REPLICA] [Trace:LOG_2_4][2->1] 打印日志结果:[{<nil> 0 false 0} {101 2 false 1} {101 2 false 1} {103 3 false 2} {104 4 false 3}] 
2026/02/07 14:34:07 [Node:1] getLogStartIndex index:0 last snapshot index:0
2026/02/07 14:34:07 [Node:1] getNextIndex len:5 last snapshot index:0
2026/02/07 14:34:07 [14:34:07.023] [Node:1] [LOG_REPLICA] [Trace:LOG_2_4][2->1] entry.Index:1 rf.getNextIndex():5
2026/02/07 14:34:07 [Node:1] getNextIndex len:5 last snapshot index:0
2026/02/07 14:34:07 [Node:1] getLogStartIndex index:1 last snapshot index:0
2026/02/07 14:34:07 [14:34:07.023] [Node:1] [LOG_REPLICA] [Trace:LOG_2_4][2->1] startIndex:1 rf.log[startIndex].Term:2 entry.Term:2
2026/02/07 14:34:07 [Node:1] getNextIndex len:5 last snapshot index:0
2026/02/07 14:34:07 [14:34:07.023] [Node:1] [LOG_REPLICA] [Trace:LOG_2_4][2->1] entry.Index:2 rf.getNextIndex():5
2026/02/07 14:34:07 [Node:1] getNextIndex len:5 last snapshot index:0
2026/02/07 14:34:07 [Node:1] getLogStartIndex index:2 last snapshot index:0
2026/02/07 14:34:07 [14:34:07.023] [Node:1] [LOG_REPLICA] [Trace:LOG_2_4][2->1] startIndex:2 rf.log[startIndex].Term:2 entry.Term:3
2026/02/07 14:34:07 [14:34:07.023] [Node:1] [LOG_REPLICA] [Trace:LOG_2_4][2->1] args logEntrys:[{101 2 false 1} {103 3 false 2} {104 4 false 3}]
2026/02/07 14:34:07 [14:34:07.023] [Node:1] [LOG_REPLICA] [Trace:LOG_2_4][2->1] 复制日志结果:[{<nil> 0 false 0} {101 2 false 1} {101 2 false 1} {103 3 false 2} {104 4 false 3}] 
2026/02/07 14:34:07 [14:34:07.024] [Node:2] [LOG_REPLICA] [Trace:LOG_2_4][2->1] 心跳返回 from peer:1 term:4 success:true
2026/02/07 14:34:07 [14:34:07.024] [Node:2] [LOG_REPLICA] [Trace:LOG_2_4][2->1] 日志复制返回成功 from peer:1 term:4 agreeCount:2 log [{101 2 false 1} {103 3 false 2} {104 4 false 3}]
2026/02/07 14:34:07 [14:34:07.024] [Node:2] [LOG_REPLICA] [Trace:LOG_2_4][2->1] 日志复制返回成功 但是已经更新过了 from peer:1 term:4 matchIndex:3 log last index:3
2026/02/07 14:34:07 rfats [0xc00010c000 0xc00010c100 0xc00010c200]
2026/02/07 14:34:07 i 0 cmd1 <nil>, ok false
2026/02/07 14:34:07 i 1 cmd1 <nil>, ok false
2026/02/07 14:34:07 i 2 cmd1 104, ok true
2026/02/07 14:34:07 nd 1, cmd1 104 cmd 104
2026/02/07 14:34:07 rfats [0xc00010c000 0xc00010c100 0xc00010c200]
2026/02/07 14:34:07 i 0 cmd1 <nil>, ok false
2026/02/07 14:34:07 i 1 cmd1 <nil>, ok false
2026/02/07 14:34:07 i 2 cmd1 104, ok true
2026/02/07 14:34:07 nd 1, cmd1 104 cmd 104
2026/02/07 14:34:07 rfats [0xc00010c000 0xc00010c100 0xc00010c200]
2026/02/07 14:34:07 i 0 cmd1 <nil>, ok false
2026/02/07 14:34:07 i 1 cmd1 <nil>, ok false
2026/02/07 14:34:07 i 2 cmd1 104, ok true
2026/02/07 14:34:07 nd 1, cmd1 104 cmd 104
2026/02/07 14:34:07 [14:34:07.072] [Node:1] [HEARTBEAT] [Trace:HB_1_4] Follower等心跳 status FOLLOWER term:4 commitIndex:3
2026/02/07 14:34:07 [14:34:07.072] [Node:0] [HEARTBEAT] [Trace:HB_0_3] 开始发送心跳广播 status LEADER term:3 commitIndex:2
2026/02/07 14:34:07 [14:34:07.072] [Node:2] [HEARTBEAT] [Trace:HB_2_4] 开始发送心跳广播 status LEADER term:4 commitIndex:3
2026/02/07 14:34:07 [Node:0] nextIndex:[2 2 3]
2026/02/07 14:34:07 [Node:2] nextIndex:[3 1 3]
2026/02/07 14:34:07 [Node:2] getLogStartIndex index:2 last snapshot index:0
2026/02/07 14:34:07 [Node:2] getNextIndex len:4 last snapshot index:0
2026/02/07 14:34:07 [Node:2] getLogStartIndex index:3 last snapshot index:0
2026/02/07 14:34:07 [Node:0] getLogStartIndex index:1 last snapshot index:0
2026/02/07 14:34:07 [Node:0] getNextIndex len:3 last snapshot index:0
2026/02/07 14:34:07 [Node:0] getLogStartIndex index:2 last snapshot index:0
2026/02/07 14:34:07 [14:34:07.072] [Node:2] [LOG_REPLICA] [Trace:LOG_2_4][2->0] 发送日志or心跳到 Node:0 开始 args:{4 2 2 3 [{104 4 false 3}] 3 LOG_2_4 2 {0 0 map[] map[]}}
2026/02/07 14:34:07 [14:34:07.072] [Node:0] [LOG_REPLICA] [Trace:LOG_0_3][0->1] 发送日志or心跳到 Node:1 开始 args:{3 0 1 2 [{103 3 false 2}] 2 LOG_0_3 0 {0 0 map[] map[]}}
2026/02/07 14:34:07 [Node:2] nextIndex:[3 1 3]
2026/02/07 14:34:07 [Node:2] getLogStartIndex index:0 last snapshot index:0
2026/02/07 14:34:07 [Node:2] getNextIndex len:4 last snapshot index:0
2026/02/07 14:34:07 [Node:0] nextIndex:[2 2 3]
2026/02/07 14:34:07 [Node:2] getLogStartIndex index:1 last snapshot index:0
2026/02/07 14:34:07 [Node:0] getLogStartIndex index:2 last snapshot index:0
2026/02/07 14:34:07 [14:34:07.073] [Node:2] [LOG_REPLICA] [Trace:LOG_2_4][2->1] 发送日志or心跳到 Node:1 开始 args:{4 2 0 0 [{101 2 false 1} {103 3 false 2} {104 4 false 3}] 3 LOG_2_4 2 {0 0 map[] map[]}}
2026/02/07 14:34:07 [Node:0] getNextIndex len:3 last snapshot index:0
2026/02/07 14:34:07 [14:34:07.073] [Node:0] [LOG_REPLICA] [Trace:LOG_0_3][0->2] 发送日志or心跳到 Node:2 开始 args:{3 0 2 3 [] 2 LOG_0_3 0 {0 0 map[] map[]}}
2026/02/07 14:34:07 [14:34:07.073] [Node:1] [LOG_REPLICA] [Trace:LOG_2_4][2->1] AppendEntries 收到 term:4 leaderId:2 prevLogIndex:0 prevLogTerm:0 entries:3 leaderCommit:3 isHeartbeat:false currentTerm:4 status:FOLLOWER log:[{101 2 false 1} {103 3 false 2} {104 4 false 3}]
2026/02/07 14:34:07 [Node:1] getNextIndex len:5 last snapshot index:0
2026/02/07 14:34:07 [14:34:07.073] [Node:1] [LOG_REPLICA] [Trace:LOG_2_4][2->1] 打印日志结果:[{<nil> 0 false 0} {101 2 false 1} {101 2 false 1} {103 3 false 2} {104 4 false 3}] 
2026/02/07 14:34:07 [Node:1] getLogStartIndex index:0 last snapshot index:0
2026/02/07 14:34:07 [Node:1] getNextIndex len:5 last snapshot index:0
2026/02/07 14:34:07 [14:34:07.073] [Node:1] [LOG_REPLICA] [Trace:LOG_2_4][2->1] entry.Index:1 rf.getNextIndex():5
2026/02/07 14:34:07 [Node:1] getNextIndex len:5 last snapshot index:0
2026/02/07 14:34:07 [Node:1] getLogStartIndex index:1 last snapshot index:0
2026/02/07 14:34:07 [14:34:07.073] [Node:1] [LOG_REPLICA] [Trace:LOG_2_4][2->1] startIndex:1 rf.log[startIndex].Term:2 entry.Term:2
2026/02/07 14:34:07 [Node:1] getNextIndex len:5 last snapshot index:0
2026/02/07 14:34:07 [14:34:07.073] [Node:1] [LOG_REPLICA] [Trace:LOG_2_4][2->1] entry.Index:2 rf.getNextIndex():5
2026/02/07 14:34:07 [Node:1] getNextIndex len:5 last snapshot index:0
2026/02/07 14:34:07 [Node:1] getLogStartIndex index:2 last snapshot index:0
2026/02/07 14:34:07 [14:34:07.073] [Node:1] [LOG_REPLICA] [Trace:LOG_2_4][2->1] startIndex:2 rf.log[startIndex].Term:2 entry.Term:3
2026/02/07 14:34:07 [14:34:07.073] [Node:1] [LOG_REPLICA] [Trace:LOG_2_4][2->1] args logEntrys:[{101 2 false 1} {103 3 false 2} {104 4 false 3}]
2026/02/07 14:34:07 [14:34:07.073] [Node:1] [LOG_REPLICA] [Trace:LOG_2_4][2->1] 复制日志结果:[{<nil> 0 false 0} {101 2 false 1} {101 2 false 1} {103 3 false 2} {104 4 false 3}] 
2026/02/07 14:34:07 [14:34:07.074] [Node:2] [LOG_REPLICA] [Trace:LOG_2_4][2->1] 心跳返回 from peer:1 term:4 success:true
2026/02/07 14:34:07 [14:34:07.074] [Node:2] [LOG_REPLICA] [Trace:LOG_2_4][2->1] 日志复制返回成功 from peer:1 term:4 agreeCount:2 log [{101 2 false 1} {103 3 false 2} {104 4 false 3}]
2026/02/07 14:34:07 [14:34:07.074] [Node:2] [LOG_REPLICA] [Trace:LOG_2_4][2->1] 日志复制返回成功 但是已经更新过了 from peer:1 term:4 matchIndex:3 log last index:3
2026/02/07 14:34:07 rfats [0xc00010c000 0xc00010c100 0xc00010c200]
2026/02/07 14:34:07 i 0 cmd1 <nil>, ok false
2026/02/07 14:34:07 i 1 cmd1 <nil>, ok false
2026/02/07 14:34:07 i 2 cmd1 104, ok true
2026/02/07 14:34:07 nd 1, cmd1 104 cmd 104
2026/02/07 14:34:07 rfats [0xc00010c000 0xc00010c100 0xc00010c200]
2026/02/07 14:34:07 i 0 cmd1 <nil>, ok false
2026/02/07 14:34:07 i 1 cmd1 <nil>, ok false
2026/02/07 14:34:07 i 2 cmd1 104, ok true
2026/02/07 14:34:07 nd 1, cmd1 104 cmd 104
2026/02/07 14:34:07 [14:34:07.123] [Node:2] [HEARTBEAT] [Trace:HB_2_4] 开始发送心跳广播 status LEADER term:4 commitIndex:3
2026/02/07 14:34:07 [14:34:07.123] [Node:1] [HEARTBEAT] [Trace:HB_1_4] Follower等心跳 status FOLLOWER term:4 commitIndex:3
2026/02/07 14:34:07 [14:34:07.123] [Node:0] [HEARTBEAT] [Trace:HB_0_3] 开始发送心跳广播 status LEADER term:3 commitIndex:2
2026/02/07 14:34:07 [Node:2] nextIndex:[3 1 3]
2026/02/07 14:34:07 [Node:2] getLogStartIndex index:2 last snapshot index:0
2026/02/07 14:34:07 [Node:0] nextIndex:[2 2 3]
2026/02/07 14:34:07 [Node:2] getNextIndex len:4 last snapshot index:0
2026/02/07 14:34:07 [Node:0] getLogStartIndex index:1 last snapshot index:0
2026/02/07 14:34:07 [Node:2] getLogStartIndex index:3 last snapshot index:0
2026/02/07 14:34:07 [Node:0] getNextIndex len:3 last snapshot index:0
2026/02/07 14:34:07 [Node:0] getLogStartIndex index:2 last snapshot index:0
2026/02/07 14:34:07 [14:34:07.123] [Node:2] [LOG_REPLICA] [Trace:LOG_2_4][2->0] 发送日志or心跳到 Node:0 开始 args:{4 2 2 3 [{104 4 false 3}] 3 LOG_2_4 2 {0 0 map[] map[]}}
2026/02/07 14:34:07 [Node:2] nextIndex:[3 1 3]
2026/02/07 14:34:07 [Node:0] nextIndex:[2 2 3]
2026/02/07 14:34:07 [Node:0] getLogStartIndex index:2 last snapshot index:0
2026/02/07 14:34:07 [Node:0] getNextIndex len:3 last snapshot index:0
2026/02/07 14:34:07 [Node:2] getLogStartIndex index:0 last snapshot index:0
2026/02/07 14:34:07 [14:34:07.124] [Node:0] [LOG_REPLICA] [Trace:LOG_0_3][0->1] 发送日志or心跳到 Node:1 开始 args:{3 0 1 2 [{103 3 false 2}] 2 LOG_0_3 0 {0 0 map[] map[]}}
2026/02/07 14:34:07 [Node:2] getNextIndex len:4 last snapshot index:0
2026/02/07 14:34:07 [Node:2] getLogStartIndex index:1 last snapshot index:0
2026/02/07 14:34:07 [14:34:07.124] [Node:0] [LOG_REPLICA] [Trace:LOG_0_3][0->2] 发送日志or心跳到 Node:2 开始 args:{3 0 2 3 [] 2 LOG_0_3 0 {0 0 map[] map[]}}
2026/02/07 14:34:07 [14:34:07.124] [Node:2] [LOG_REPLICA] [Trace:LOG_2_4][2->1] 发送日志or心跳到 Node:1 开始 args:{4 2 0 0 [{101 2 false 1} {103 3 false 2} {104 4 false 3}] 3 LOG_2_4 2 {0 0 map[] map[]}}
2026/02/07 14:34:07 [14:34:07.124] [Node:1] [LOG_REPLICA] [Trace:LOG_2_4][2->1] AppendEntries 收到 term:4 leaderId:2 prevLogIndex:0 prevLogTerm:0 entries:3 leaderCommit:3 isHeartbeat:false currentTerm:4 status:FOLLOWER log:[{101 2 false 1} {103 3 false 2} {104 4 false 3}]
2026/02/07 14:34:07 [Node:1] getNextIndex len:5 last snapshot index:0
2026/02/07 14:34:07 [14:34:07.124] [Node:1] [LOG_REPLICA] [Trace:LOG_2_4][2->1] 打印日志结果:[{<nil> 0 false 0} {101 2 false 1} {101 2 false 1} {103 3 false 2} {104 4 false 3}] 
2026/02/07 14:34:07 [Node:1] getLogStartIndex index:0 last snapshot index:0
2026/02/07 14:34:07 [Node:1] getNextIndex len:5 last snapshot index:0
2026/02/07 14:34:07 [14:34:07.124] [Node:1] [LOG_REPLICA] [Trace:LOG_2_4][2->1] entry.Index:1 rf.getNextIndex():5
2026/02/07 14:34:07 [Node:1] getNextIndex len:5 last snapshot index:0
2026/02/07 14:34:07 [Node:1] getLogStartIndex index:1 last snapshot index:0
2026/02/07 14:34:07 [14:34:07.124] [Node:1] [LOG_REPLICA] [Trace:LOG_2_4][2->1] startIndex:1 rf.log[startIndex].Term:2 entry.Term:2
2026/02/07 14:34:07 [Node:1] getNextIndex len:5 last snapshot index:0
2026/02/07 14:34:07 [14:34:07.124] [Node:1] [LOG_REPLICA] [Trace:LOG_2_4][2->1] entry.Index:2 rf.getNextIndex():5
2026/02/07 14:34:07 [Node:1] getNextIndex len:5 last snapshot index:0
2026/02/07 14:34:07 [Node:1] getLogStartIndex index:2 last snapshot index:0
2026/02/07 14:34:07 [14:34:07.124] [Node:1] [LOG_REPLICA] [Trace:LOG_2_4][2->1] startIndex:2 rf.log[startIndex].Term:2 entry.Term:3
2026/02/07 14:34:07 [14:34:07.124] [Node:1] [LOG_REPLICA] [Trace:LOG_2_4][2->1] args logEntrys:[{101 2 false 1} {103 3 false 2} {104 4 false 3}]
2026/02/07 14:34:07 [14:34:07.125] [Node:1] [LOG_REPLICA] [Trace:LOG_2_4][2->1] 复制日志结果:[{<nil> 0 false 0} {101 2 false 1} {101 2 false 1} {103 3 false 2} {104 4 false 3}] 
2026/02/07 14:34:07 [14:34:07.125] [Node:2] [LOG_REPLICA] [Trace:LOG_2_4][2->1] 心跳返回 from peer:1 term:4 success:true
2026/02/07 14:34:07 [14:34:07.125] [Node:2] [LOG_REPLICA] [Trace:LOG_2_4][2->1] 日志复制返回成功 from peer:1 term:4 agreeCount:2 log [{101 2 false 1} {103 3 false 2} {104 4 false 3}]
2026/02/07 14:34:07 [14:34:07.125] [Node:2] [LOG_REPLICA] [Trace:LOG_2_4][2->1] 日志复制返回成功 但是已经更新过了 from peer:1 term:4 matchIndex:3 log last index:3
2026/02/07 14:34:07 rfats [0xc00010c000 0xc00010c100 0xc00010c200]
2026/02/07 14:34:07 i 0 cmd1 <nil>, ok false
2026/02/07 14:34:07 i 1 cmd1 <nil>, ok false
2026/02/07 14:34:07 i 2 cmd1 104, ok true
2026/02/07 14:34:07 nd 1, cmd1 104 cmd 104
2026/02/07 14:34:07 rfats [0xc00010c000 0xc00010c100 0xc00010c200]
2026/02/07 14:34:07 i 0 cmd1 <nil>, ok false
2026/02/07 14:34:07 i 1 cmd1 <nil>, ok false
2026/02/07 14:34:07 i 2 cmd1 104, ok true
2026/02/07 14:34:07 nd 1, cmd1 104 cmd 104
2026/02/07 14:34:07 [14:34:07.174] [Node:1] [HEARTBEAT] [Trace:HB_1_4] Follower等心跳 status FOLLOWER term:4 commitIndex:3
2026/02/07 14:34:07 [14:34:07.174] [Node:0] [HEARTBEAT] [Trace:HB_0_3] 开始发送心跳广播 status LEADER term:3 commitIndex:2
2026/02/07 14:34:07 [14:34:07.174] [Node:2] [HEARTBEAT] [Trace:HB_2_4] 开始发送心跳广播 status LEADER term:4 commitIndex:3
2026/02/07 14:34:07 [Node:0] nextIndex:[2 2 3]
2026/02/07 14:34:07 [Node:2] nextIndex:[3 1 3]
2026/02/07 14:34:07 [Node:0] getLogStartIndex index:2 last snapshot index:0
2026/02/07 14:34:07 [Node:2] getLogStartIndex index:2 last snapshot index:0
2026/02/07 14:34:07 [Node:0] getNextIndex len:3 last snapshot index:0
2026/02/07 14:34:07 [Node:2] getNextIndex len:4 last snapshot index:0
2026/02/07 14:34:07 [Node:2] getLogStartIndex index:3 last snapshot index:0
2026/02/07 14:34:07 [Node:0] nextIndex:[2 2 3]
2026/02/07 14:34:07 [Node:2] nextIndex:[3 1 3]
2026/02/07 14:34:07 [Node:0] getLogStartIndex index:1 last snapshot index:0
2026/02/07 14:34:07 [Node:2] getLogStartIndex index:0 last snapshot index:0
2026/02/07 14:34:07 [Node:0] getNextIndex len:3 last snapshot index:0
2026/02/07 14:34:07 [14:34:07.174] [Node:2] [LOG_REPLICA] [Trace:LOG_2_4][2->0] 发送日志or心跳到 Node:0 开始 args:{4 2 2 3 [{104 4 false 3}] 3 LOG_2_4 2 {0 0 map[] map[]}}
2026/02/07 14:34:07 [14:34:07.174] [Node:0] [LOG_REPLICA] [Trace:LOG_0_3][0->2] 发送日志or心跳到 Node:2 开始 args:{3 0 2 3 [] 2 LOG_0_3 0 {0 0 map[] map[]}}
2026/02/07 14:34:07 [Node:2] getNextIndex len:4 last snapshot index:0
2026/02/07 14:34:07 [Node:2] getLogStartIndex index:1 last snapshot index:0
2026/02/07 14:34:07 [Node:0] getLogStartIndex index:2 last snapshot index:0
2026/02/07 14:34:07 [14:34:07.174] [Node:2] [LOG_REPLICA] [Trace:LOG_2_4][2->1] 发送日志or心跳到 Node:1 开始 args:{4 2 0 0 [{101 2 false 1} {103 3 false 2} {104 4 false 3}] 3 LOG_2_4 2 {0 0 map[] map[]}}
2026/02/07 14:34:07 [14:34:07.174] [Node:0] [LOG_REPLICA] [Trace:LOG_0_3][0->1] 发送日志or心跳到 Node:1 开始 args:{3 0 1 2 [{103 3 false 2}] 2 LOG_0_3 0 {0 0 map[] map[]}}
2026/02/07 14:34:07 rfats [0xc00010c000 0xc00010c100 0xc00010c200]
2026/02/07 14:34:07 [14:34:07.175] [Node:1] [LOG_REPLICA] [Trace:LOG_2_4][2->1] AppendEntries 收到 term:4 leaderId:2 prevLogIndex:0 prevLogTerm:0 entries:3 leaderCommit:3 isHeartbeat:false currentTerm:4 status:FOLLOWER log:[{101 2 false 1} {103 3 false 2} {104 4 false 3}]
2026/02/07 14:34:07 [Node:1] getNextIndex len:5 last snapshot index:0
2026/02/07 14:34:07 i 0 cmd1 <nil>, ok false
2026/02/07 14:34:07 i 1 cmd1 <nil>, ok false
2026/02/07 14:34:07 i 2 cmd1 104, ok true
2026/02/07 14:34:07 [14:34:07.175] [Node:1] [LOG_REPLICA] [Trace:LOG_2_4][2->1] 打印日志结果:[{<nil> 0 false 0} {101 2 false 1} {101 2 false 1} {103 3 false 2} {104 4 false 3}] 
2026/02/07 14:34:07 [Node:1] getLogStartIndex index:0 last snapshot index:0
2026/02/07 14:34:07 nd 1, cmd1 104 cmd 104
2026/02/07 14:34:07 [Node:1] getNextIndex len:5 last snapshot index:0
2026/02/07 14:34:07 [14:34:07.175] [Node:1] [LOG_REPLICA] [Trace:LOG_2_4][2->1] entry.Index:1 rf.getNextIndex():5
2026/02/07 14:34:07 [Node:1] getNextIndex len:5 last snapshot index:0
2026/02/07 14:34:07 [Node:1] getLogStartIndex index:1 last snapshot index:0
2026/02/07 14:34:07 [14:34:07.175] [Node:1] [LOG_REPLICA] [Trace:LOG_2_4][2->1] startIndex:1 rf.log[startIndex].Term:2 entry.Term:2
2026/02/07 14:34:07 [Node:1] getNextIndex len:5 last snapshot index:0
2026/02/07 14:34:07 [14:34:07.175] [Node:1] [LOG_REPLICA] [Trace:LOG_2_4][2->1] entry.Index:2 rf.getNextIndex():5
2026/02/07 14:34:07 [Node:1] getNextIndex len:5 last snapshot index:0
2026/02/07 14:34:07 [Node:1] getLogStartIndex index:2 last snapshot index:0
2026/02/07 14:34:07 [14:34:07.175] [Node:1] [LOG_REPLICA] [Trace:LOG_2_4][2->1] startIndex:2 rf.log[startIndex].Term:2 entry.Term:3
2026/02/07 14:34:07 [14:34:07.175] [Node:1] [LOG_REPLICA] [Trace:LOG_2_4][2->1] args logEntrys:[{101 2 false 1} {103 3 false 2} {104 4 false 3}]
2026/02/07 14:34:07 [14:34:07.175] [Node:1] [LOG_REPLICA] [Trace:LOG_2_4][2->1] 复制日志结果:[{<nil> 0 false 0} {101 2 false 1} {101 2 false 1} {103 3 false 2} {104 4 false 3}] 
2026/02/07 14:34:07 [14:34:07.176] [Node:2] [LOG_REPLICA] [Trace:LOG_2_4][2->1] 心跳返回 from peer:1 term:4 success:true
2026/02/07 14:34:07 [14:34:07.176] [Node:2] [LOG_REPLICA] [Trace:LOG_2_4][2->1] 日志复制返回成功 from peer:1 term:4 agreeCount:2 log [{101 2 false 1} {103 3 false 2} {104 4 false 3}]
2026/02/07 14:34:07 [14:34:07.176] [Node:2] [LOG_REPLICA] [Trace:LOG_2_4][2->1] 日志复制返回成功 但是已经更新过了 from peer:1 term:4 matchIndex:3 log last index:3
2026/02/07 14:34:07 rfats [0xc00010c000 0xc00010c100 0xc00010c200]
2026/02/07 14:34:07 i 0 cmd1 <nil>, ok false
2026/02/07 14:34:07 i 1 cmd1 <nil>, ok false
2026/02/07 14:34:07 i 2 cmd1 104, ok true
2026/02/07 14:34:07 nd 1, cmd1 104 cmd 104
2026/02/07 14:34:07 rfats [0xc00010c000 0xc00010c100 0xc00010c200]
2026/02/07 14:34:07 i 0 cmd1 <nil>, ok false
2026/02/07 14:34:07 i 1 cmd1 <nil>, ok false
2026/02/07 14:34:07 i 2 cmd1 104, ok true
2026/02/07 14:34:07 nd 1, cmd1 104 cmd 104
2026/02/07 14:34:07 [14:34:07.225] [Node:0] [HEARTBEAT] [Trace:HB_0_3] 开始发送心跳广播 status LEADER term:3 commitIndex:2
2026/02/07 14:34:07 [14:34:07.225] [Node:2] [HEARTBEAT] [Trace:HB_2_4] 开始发送心跳广播 status LEADER term:4 commitIndex:3
2026/02/07 14:34:07 [14:34:07.225] [Node:1] [HEARTBEAT] [Trace:HB_1_4] Follower等心跳 status FOLLOWER term:4 commitIndex:3
2026/02/07 14:34:07 [Node:0] nextIndex:[2 2 3]
2026/02/07 14:34:07 [Node:2] nextIndex:[3 1 3]
2026/02/07 14:34:07 [Node:0] getLogStartIndex index:1 last snapshot index:0
2026/02/07 14:34:07 [Node:2] getLogStartIndex index:2 last snapshot index:0
2026/02/07 14:34:07 [Node:2] getNextIndex len:4 last snapshot index:0
2026/02/07 14:34:07 [Node:0] getNextIndex len:3 last snapshot index:0
2026/02/07 14:34:07 [Node:2] getLogStartIndex index:3 last snapshot index:0
2026/02/07 14:34:07 [Node:0] getLogStartIndex index:2 last snapshot index:0
2026/02/07 14:34:07 [Node:2] nextIndex:[3 1 3]
2026/02/07 14:34:07 [Node:2] getLogStartIndex index:0 last snapshot index:0
2026/02/07 14:34:07 [Node:2] getNextIndex len:4 last snapshot index:0
2026/02/07 14:34:07 [Node:0] nextIndex:[2 2 3]
2026/02/07 14:34:07 [Node:0] getLogStartIndex index:2 last snapshot index:0
2026/02/07 14:34:07 [14:34:07.225] [Node:2] [LOG_REPLICA] [Trace:LOG_2_4][2->0] 发送日志or心跳到 Node:0 开始 args:{4 2 2 3 [{104 4 false 3}] 3 LOG_2_4 2 {0 0 map[] map[]}}
2026/02/07 14:34:07 [14:34:07.225] [Node:0] [LOG_REPLICA] [Trace:LOG_0_3][0->1] 发送日志or心跳到 Node:1 开始 args:{3 0 1 2 [{103 3 false 2}] 2 LOG_0_3 0 {0 0 map[] map[]}}
2026/02/07 14:34:07 [Node:2] getLogStartIndex index:1 last snapshot index:0
2026/02/07 14:34:07 [Node:0] getNextIndex len:3 last snapshot index:0
2026/02/07 14:34:07 [14:34:07.225] [Node:2] [LOG_REPLICA] [Trace:LOG_2_4][2->1] 发送日志or心跳到 Node:1 开始 args:{4 2 0 0 [{101 2 false 1} {103 3 false 2} {104 4 false 3}] 3 LOG_2_4 2 {0 0 map[] map[]}}
2026/02/07 14:34:07 [14:34:07.225] [Node:0] [LOG_REPLICA] [Trace:LOG_0_3][0->2] 发送日志or心跳到 Node:2 开始 args:{3 0 2 3 [] 2 LOG_0_3 0 {0 0 map[] map[]}}
2026/02/07 14:34:07 [14:34:07.226] [Node:1] [LOG_REPLICA] [Trace:LOG_2_4][2->1] AppendEntries 收到 term:4 leaderId:2 prevLogIndex:0 prevLogTerm:0 entries:3 leaderCommit:3 isHeartbeat:false currentTerm:4 status:FOLLOWER log:[{101 2 false 1} {103 3 false 2} {104 4 false 3}]
2026/02/07 14:34:07 [Node:1] getNextIndex len:5 last snapshot index:0
2026/02/07 14:34:07 [14:34:07.226] [Node:1] [LOG_REPLICA] [Trace:LOG_2_4][2->1] 打印日志结果:[{<nil> 0 false 0} {101 2 false 1} {101 2 false 1} {103 3 false 2} {104 4 false 3}] 
2026/02/07 14:34:07 [Node:1] getLogStartIndex index:0 last snapshot index:0
2026/02/07 14:34:07 [Node:1] getNextIndex len:5 last snapshot index:0
2026/02/07 14:34:07 [14:34:07.226] [Node:1] [LOG_REPLICA] [Trace:LOG_2_4][2->1] entry.Index:1 rf.getNextIndex():5
2026/02/07 14:34:07 [Node:1] getNextIndex len:5 last snapshot index:0
2026/02/07 14:34:07 [Node:1] getLogStartIndex index:1 last snapshot index:0
2026/02/07 14:34:07 [14:34:07.226] [Node:1] [LOG_REPLICA] [Trace:LOG_2_4][2->1] startIndex:1 rf.log[startIndex].Term:2 entry.Term:2
2026/02/07 14:34:07 [Node:1] getNextIndex len:5 last snapshot index:0
2026/02/07 14:34:07 [14:34:07.226] [Node:1] [LOG_REPLICA] [Trace:LOG_2_4][2->1] entry.Index:2 rf.getNextIndex():5
2026/02/07 14:34:07 [Node:1] getNextIndex len:5 last snapshot index:0
2026/02/07 14:34:07 [Node:1] getLogStartIndex index:2 last snapshot index:0
2026/02/07 14:34:07 [14:34:07.226] [Node:1] [LOG_REPLICA] [Trace:LOG_2_4][2->1] startIndex:2 rf.log[startIndex].Term:2 entry.Term:3
2026/02/07 14:34:07 [14:34:07.226] [Node:1] [LOG_REPLICA] [Trace:LOG_2_4][2->1] args logEntrys:[{101 2 false 1} {103 3 false 2} {104 4 false 3}]
2026/02/07 14:34:07 [14:34:07.226] [Node:1] [LOG_REPLICA] [Trace:LOG_2_4][2->1] 复制日志结果:[{<nil> 0 false 0} {101 2 false 1} {101 2 false 1} {103 3 false 2} {104 4 false 3}] 
2026/02/07 14:34:07 [14:34:07.226] [Node:2] [LOG_REPLICA] [Trace:LOG_2_4][2->1] 心跳返回 from peer:1 term:4 success:true
2026/02/07 14:34:07 [14:34:07.226] [Node:2] [LOG_REPLICA] [Trace:LOG_2_4][2->1] 日志复制返回成功 from peer:1 term:4 agreeCount:2 log [{101 2 false 1} {103 3 false 2} {104 4 false 3}]
2026/02/07 14:34:07 [14:34:07.226] [Node:2] [LOG_REPLICA] [Trace:LOG_2_4][2->1] 日志复制返回成功 但是已经更新过了 from peer:1 term:4 matchIndex:3 log last index:3
2026/02/07 14:34:07 rfats [0xc00010c000 0xc00010c100 0xc00010c200]
2026/02/07 14:34:07 i 0 cmd1 <nil>, ok false
2026/02/07 14:34:07 i 1 cmd1 <nil>, ok false
2026/02/07 14:34:07 i 2 cmd1 104, ok true
2026/02/07 14:34:07 nd 1, cmd1 104 cmd 104
2026/02/07 14:34:07 rfats [0xc00010c000 0xc00010c100 0xc00010c200]
2026/02/07 14:34:07 i 0 cmd1 <nil>, ok false
2026/02/07 14:34:07 i 1 cmd1 <nil>, ok false
2026/02/07 14:34:07 i 2 cmd1 104, ok true
2026/02/07 14:34:07 nd 1, cmd1 104 cmd 104
2026/02/07 14:34:07 [14:34:07.275] [Node:2] [HEARTBEAT] [Trace:HB_2_4] 开始发送心跳广播 status LEADER term:4 commitIndex:3
2026/02/07 14:34:07 [14:34:07.275] [Node:1] [HEARTBEAT] [Trace:HB_1_4] Follower等心跳 status FOLLOWER term:4 commitIndex:3
2026/02/07 14:34:07 [14:34:07.275] [Node:0] [HEARTBEAT] [Trace:HB_0_3] 开始发送心跳广播 status LEADER term:3 commitIndex:2
2026/02/07 14:34:07 [Node:2] nextIndex:[3 1 3]
2026/02/07 14:34:07 [Node:2] getLogStartIndex index:0 last snapshot index:0
2026/02/07 14:34:07 [Node:0] nextIndex:[2 2 3]
2026/02/07 14:34:07 [Node:2] getNextIndex len:4 last snapshot index:0
2026/02/07 14:34:07 [Node:0] getLogStartIndex index:2 last snapshot index:0
2026/02/07 14:34:07 [Node:0] getNextIndex len:3 last snapshot index:0
2026/02/07 14:34:07 [Node:2] getLogStartIndex index:1 last snapshot index:0
2026/02/07 14:34:07 [14:34:07.276] [Node:2] [LOG_REPLICA] [Trace:LOG_2_4][2->1] 发送日志or心跳到 Node:1 开始 args:{4 2 0 0 [{101 2 false 1} {103 3 false 2} {104 4 false 3}] 3 LOG_2_4 2 {0 0 map[] map[]}}
2026/02/07 14:34:07 [14:34:07.276] [Node:0] [LOG_REPLICA] [Trace:LOG_0_3][0->2] 发送日志or心跳到 Node:2 开始 args:{3 0 2 3 [] 2 LOG_0_3 0 {0 0 map[] map[]}}
2026/02/07 14:34:07 [Node:2] nextIndex:[3 1 3]
2026/02/07 14:34:07 [Node:2] getLogStartIndex index:2 last snapshot index:0
2026/02/07 14:34:07 [Node:0] nextIndex:[2 2 3]
2026/02/07 14:34:07 [Node:0] getLogStartIndex index:1 last snapshot index:0
2026/02/07 14:34:07 [Node:0] getNextIndex len:3 last snapshot index:0
2026/02/07 14:34:07 [Node:0] getLogStartIndex index:2 last snapshot index:0
2026/02/07 14:34:07 [Node:2] getNextIndex len:4 last snapshot index:0
2026/02/07 14:34:07 [Node:2] getLogStartIndex index:3 last snapshot index:0
2026/02/07 14:34:07 [14:34:07.276] [Node:0] [LOG_REPLICA] [Trace:LOG_0_3][0->1] 发送日志or心跳到 Node:1 开始 args:{3 0 1 2 [{103 3 false 2}] 2 LOG_0_3 0 {0 0 map[] map[]}}
2026/02/07 14:34:07 [14:34:07.276] [Node:2] [LOG_REPLICA] [Trace:LOG_2_4][2->0] 发送日志or心跳到 Node:0 开始 args:{4 2 2 3 [{104 4 false 3}] 3 LOG_2_4 2 {0 0 map[] map[]}}
2026/02/07 14:34:07 [14:34:07.276] [Node:1] [LOG_REPLICA] [Trace:LOG_2_4][2->1] AppendEntries 收到 term:4 leaderId:2 prevLogIndex:0 prevLogTerm:0 entries:3 leaderCommit:3 isHeartbeat:false currentTerm:4 status:FOLLOWER log:[{101 2 false 1} {103 3 false 2} {104 4 false 3}]
2026/02/07 14:34:07 [Node:1] getNextIndex len:5 last snapshot index:0
2026/02/07 14:34:07 [14:34:07.276] [Node:1] [LOG_REPLICA] [Trace:LOG_2_4][2->1] 打印日志结果:[{<nil> 0 false 0} {101 2 false 1} {101 2 false 1} {103 3 false 2} {104 4 false 3}] 
2026/02/07 14:34:07 [Node:1] getLogStartIndex index:0 last snapshot index:0
2026/02/07 14:34:07 [Node:1] getNextIndex len:5 last snapshot index:0
2026/02/07 14:34:07 [14:34:07.276] [Node:1] [LOG_REPLICA] [Trace:LOG_2_4][2->1] entry.Index:1 rf.getNextIndex():5
2026/02/07 14:34:07 [Node:1] getNextIndex len:5 last snapshot index:0
2026/02/07 14:34:07 [Node:1] getLogStartIndex index:1 last snapshot index:0
2026/02/07 14:34:07 [14:34:07.276] [Node:1] [LOG_REPLICA] [Trace:LOG_2_4][2->1] startIndex:1 rf.log[startIndex].Term:2 entry.Term:2
2026/02/07 14:34:07 [Node:1] getNextIndex len:5 last snapshot index:0
2026/02/07 14:34:07 [14:34:07.276] [Node:1] [LOG_REPLICA] [Trace:LOG_2_4][2->1] entry.Index:2 rf.getNextIndex():5
2026/02/07 14:34:07 [Node:1] getNextIndex len:5 last snapshot index:0
2026/02/07 14:34:07 [Node:1] getLogStartIndex index:2 last snapshot index:0
2026/02/07 14:34:07 [14:34:07.276] [Node:1] [LOG_REPLICA] [Trace:LOG_2_4][2->1] startIndex:2 rf.log[startIndex].Term:2 entry.Term:3
2026/02/07 14:34:07 [14:34:07.276] [Node:1] [LOG_REPLICA] [Trace:LOG_2_4][2->1] args logEntrys:[{101 2 false 1} {103 3 false 2} {104 4 false 3}]
2026/02/07 14:34:07 [14:34:07.277] [Node:1] [LOG_REPLICA] [Trace:LOG_2_4][2->1] 复制日志结果:[{<nil> 0 false 0} {101 2 false 1} {101 2 false 1} {103 3 false 2} {104 4 false 3}] 
2026/02/07 14:34:07 [14:34:07.277] [Node:2] [LOG_REPLICA] [Trace:LOG_2_4][2->1] 心跳返回 from peer:1 term:4 success:true
2026/02/07 14:34:07 [14:34:07.277] [Node:2] [LOG_REPLICA] [Trace:LOG_2_4][2->1] 日志复制返回成功 from peer:1 term:4 agreeCount:2 log [{101 2 false 1} {103 3 false 2} {104 4 false 3}]
2026/02/07 14:34:07 [14:34:07.277] [Node:2] [LOG_REPLICA] [Trace:LOG_2_4][2->1] 日志复制返回成功 但是已经更新过了 from peer:1 term:4 matchIndex:3 log last index:3
2026/02/07 14:34:07 [14:34:07.280] [Node:1] [RPC_RECV] [Trace:CLIENT_1_1770446047280801000] 接收到日志命令:104 isLeader:false term:4
2026/02/07 14:34:07 [14:34:07.280] [Node:2] [RPC_RECV] [Trace:CLIENT_2_1770446047280841000] 接收到日志命令:104 isLeader:true term:4
2026/02/07 14:34:07 [Node:2] getNextIndex len:4 last snapshot index:0
2026/02/07 14:34:07 返回的索引 4
2026/02/07 14:34:07 到这里了
2026/02/07 14:34:07 time.Since(t1).Seconds()
2026/02/07 14:34:07 rfats [0xc00010c000 0xc00010c100 0xc00010c200]
2026/02/07 14:34:07 i 0 cmd1 <nil>, ok false
2026/02/07 14:34:07 i 1 cmd1 <nil>, ok false
2026/02/07 14:34:07 i 2 cmd1 <nil>, ok false
2026/02/07 14:34:07 nd 0, cmd1 <nil> cmd 104
2026/02/07 14:34:07 rfats [0xc00010c000 0xc00010c100 0xc00010c200]
2026/02/07 14:34:07 i 0 cmd1 <nil>, ok false
2026/02/07 14:34:07 i 1 cmd1 <nil>, ok false
2026/02/07 14:34:07 i 2 cmd1 <nil>, ok false
2026/02/07 14:34:07 nd 0, cmd1 <nil> cmd 104
2026/02/07 14:34:07 rfats [0xc00010c000 0xc00010c100 0xc00010c200]
2026/02/07 14:34:07 i 0 cmd1 <nil>, ok false
2026/02/07 14:34:07 i 1 cmd1 <nil>, ok false
2026/02/07 14:34:07 i 2 cmd1 <nil>, ok false
2026/02/07 14:34:07 nd 0, cmd1 <nil> cmd 104
2026/02/07 14:34:07 [14:34:07.326] [Node:0] [HEARTBEAT] [Trace:HB_0_3] 开始发送心跳广播 status LEADER term:3 commitIndex:2
2026/02/07 14:34:07 [14:34:07.326] [Node:1] [HEARTBEAT] [Trace:HB_1_4] Follower等心跳 status FOLLOWER term:4 commitIndex:3
2026/02/07 14:34:07 [14:34:07.326] [Node:2] [HEARTBEAT] [Trace:HB_2_4] 开始发送心跳广播 status LEADER term:4 commitIndex:3
2026/02/07 14:34:07 [Node:0] nextIndex:[2 2 3]
2026/02/07 14:34:07 [Node:0] getLogStartIndex index:2 last snapshot index:0
2026/02/07 14:34:07 [Node:2] nextIndex:[3 1 3]
2026/02/07 14:34:07 [Node:0] getNextIndex len:3 last snapshot index:0
2026/02/07 14:34:07 [Node:2] getLogStartIndex index:0 last snapshot index:0
2026/02/07 14:34:07 [Node:2] getNextIndex len:5 last snapshot index:0
2026/02/07 14:34:07 [Node:2] getLogStartIndex index:1 last snapshot index:0
2026/02/07 14:34:07 [14:34:07.326] [Node:0] [LOG_REPLICA] [Trace:LOG_0_3][0->2] 发送日志or心跳到 Node:2 开始 args:{3 0 2 3 [] 2 LOG_0_3 0 {0 0 map[] map[]}}
2026/02/07 14:34:07 [Node:0] nextIndex:[2 2 3]
2026/02/07 14:34:07 [Node:2] nextIndex:[3 1 3]
2026/02/07 14:34:07 [Node:0] getLogStartIndex index:1 last snapshot index:0
2026/02/07 14:34:07 [14:34:07.326] [Node:2] [LOG_REPLICA] [Trace:LOG_2_4][2->1] 发送日志or心跳到 Node:1 开始 args:{4 2 0 0 [{101 2 false 1} {103 3 false 2} {104 4 false 3} {104 4 false 4}] 3 LOG_2_4 2 {0 0 map[] map[]}}
2026/02/07 14:34:07 [Node:0] getNextIndex len:3 last snapshot index:0
2026/02/07 14:34:07 [Node:2] getLogStartIndex index:2 last snapshot index:0
2026/02/07 14:34:07 [Node:2] getNextIndex len:5 last snapshot index:0
2026/02/07 14:34:07 [Node:2] getLogStartIndex index:3 last snapshot index:0
2026/02/07 14:34:07 [Node:0] getLogStartIndex index:2 last snapshot index:0
2026/02/07 14:34:07 [14:34:07.326] [Node:2] [LOG_REPLICA] [Trace:LOG_2_4][2->0] 发送日志or心跳到 Node:0 开始 args:{4 2 2 3 [{104 4 false 3} {104 4 false 4}] 3 LOG_2_4 2 {0 0 map[] map[]}}
2026/02/07 14:34:07 [14:34:07.326] [Node:0] [LOG_REPLICA] [Trace:LOG_0_3][0->1] 发送日志or心跳到 Node:1 开始 args:{3 0 1 2 [{103 3 false 2}] 2 LOG_0_3 0 {0 0 map[] map[]}}
2026/02/07 14:34:07 [14:34:07.327] [Node:1] [LOG_REPLICA] [Trace:LOG_2_4][2->1] AppendEntries 收到 term:4 leaderId:2 prevLogIndex:0 prevLogTerm:0 entries:4 leaderCommit:3 isHeartbeat:false currentTerm:4 status:FOLLOWER log:[{101 2 false 1} {103 3 false 2} {104 4 false 3} {104 4 false 4}]
2026/02/07 14:34:07 [Node:1] getNextIndex len:5 last snapshot index:0
2026/02/07 14:34:07 [14:34:07.327] [Node:1] [LOG_REPLICA] [Trace:LOG_2_4][2->1] 打印日志结果:[{<nil> 0 false 0} {101 2 false 1} {101 2 false 1} {103 3 false 2} {104 4 false 3}] 
2026/02/07 14:34:07 [Node:1] getLogStartIndex index:0 last snapshot index:0
2026/02/07 14:34:07 [Node:1] getNextIndex len:5 last snapshot index:0
2026/02/07 14:34:07 [14:34:07.327] [Node:1] [LOG_REPLICA] [Trace:LOG_2_4][2->1] entry.Index:1 rf.getNextIndex():5
2026/02/07 14:34:07 [Node:1] getNextIndex len:5 last snapshot index:0
2026/02/07 14:34:07 [Node:1] getLogStartIndex index:1 last snapshot index:0
2026/02/07 14:34:07 [14:34:07.327] [Node:1] [LOG_REPLICA] [Trace:LOG_2_4][2->1] startIndex:1 rf.log[startIndex].Term:2 entry.Term:2
2026/02/07 14:34:07 [Node:1] getNextIndex len:5 last snapshot index:0
2026/02/07 14:34:07 [14:34:07.327] [Node:1] [LOG_REPLICA] [Trace:LOG_2_4][2->1] entry.Index:2 rf.getNextIndex():5
2026/02/07 14:34:07 [Node:1] getNextIndex len:5 last snapshot index:0
2026/02/07 14:34:07 [Node:1] getLogStartIndex index:2 last snapshot index:0
2026/02/07 14:34:07 [14:34:07.327] [Node:1] [LOG_REPLICA] [Trace:LOG_2_4][2->1] startIndex:2 rf.log[startIndex].Term:2 entry.Term:3
2026/02/07 14:34:07 [14:34:07.327] [Node:1] [LOG_REPLICA] [Trace:LOG_2_4][2->1] args logEntrys:[{101 2 false 1} {103 3 false 2} {104 4 false 3} {104 4 false 4}]
2026/02/07 14:34:07 [14:34:07.327] [Node:1] [LOG_REPLICA] [Trace:LOG_2_4][2->1] 复制日志结果:[{<nil> 0 false 0} {101 2 false 1} {101 2 false 1} {103 3 false 2} {104 4 false 3} {104 4 false 4}] 
2026/02/07 14:34:07 [14:34:07.327] [Node:2] [LOG_REPLICA] [Trace:LOG_2_4][2->1] 心跳返回 from peer:1 term:4 success:true
2026/02/07 14:34:07 [14:34:07.327] [Node:2] [LOG_REPLICA] [Trace:LOG_2_4][2->1] 日志复制返回成功 from peer:1 term:4 agreeCount:2 log [{101 2 false 1} {103 3 false 2} {104 4 false 3} {104 4 false 4}]
2026/02/07 14:34:07 [14:34:07.327] [Node:2] [LOG_REPLICA] [Trace:LOG_2_4][2->1] 更新后 server:1 matchIndex:4 nextIndex:5
2026/02/07 14:34:07 [Node:2] getNextIndex len:5 last snapshot index:0
2026/02/07 14:34:07 [Node:2] getLogStartIndex index:4 last snapshot index:0
2026/02/07 14:34:07 [14:34:07.327] [Node:2] [LOG_COMMIT] [Trace:LOG_2_4] 日志复制返回成功 多数同意，提交日志给KV服务器 index:4 term:4 majorityCount:2
2026/02/07 14:34:07 [Node:2] getLogStartIndex index:4 last snapshot index:0
2026/02/07 14:34:07 [Node:2] getLogStartIndex index:5 last snapshot index:0
2026/02/07 14:34:07 [14:34:07.327] [Node:2] [LOG_COMMIT] [Trace:APPLY_2_4] Applying logs count:1 log:[{104 4 false 4}] lastApplied:4
2026/02/07 14:34:07 rfats [0xc00010c000 0xc00010c100 0xc00010c200]
2026/02/07 14:34:07 i 0 cmd1 <nil>, ok false
2026/02/07 14:34:07 i 1 cmd1 <nil>, ok false
2026/02/07 14:34:07 i 2 cmd1 104, ok true
2026/02/07 14:34:07 nd 1, cmd1 104 cmd 104
2026/02/07 14:34:07 rfats [0xc00010c000 0xc00010c100 0xc00010c200]
2026/02/07 14:34:07 i 0 cmd1 <nil>, ok false
2026/02/07 14:34:07 i 1 cmd1 <nil>, ok false
2026/02/07 14:34:07 i 2 cmd1 104, ok true
2026/02/07 14:34:07 nd 1, cmd1 104 cmd 104
2026/02/07 14:34:07 [14:34:07.376] [Node:2] [HEARTBEAT] [Trace:HB_2_4] 开始发送心跳广播 status LEADER term:4 commitIndex:4
2026/02/07 14:34:07 [14:34:07.376] [Node:1] [HEARTBEAT] [Trace:HB_1_4] Follower等心跳 status FOLLOWER term:4 commitIndex:3
2026/02/07 14:34:07 [14:34:07.376] [Node:0] [HEARTBEAT] [Trace:HB_0_3] 开始发送心跳广播 status LEADER term:3 commitIndex:2
2026/02/07 14:34:07 [Node:2] nextIndex:[3 5 3]
2026/02/07 14:34:07 [Node:2] getLogStartIndex index:2 last snapshot index:0
2026/02/07 14:34:07 [Node:2] getNextIndex len:5 last snapshot index:0
2026/02/07 14:34:07 [Node:0] nextIndex:[2 2 3]
2026/02/07 14:34:07 [Node:2] getLogStartIndex index:3 last snapshot index:0
2026/02/07 14:34:07 [Node:0] getLogStartIndex index:2 last snapshot index:0
2026/02/07 14:34:07 [Node:0] getNextIndex len:3 last snapshot index:0
2026/02/07 14:34:07 [Node:2] nextIndex:[3 5 3]
2026/02/07 14:34:07 [Node:2] getLogStartIndex index:4 last snapshot index:0
2026/02/07 14:34:07 [14:34:07.376] [Node:0] [LOG_REPLICA] [Trace:LOG_0_3][0->2] 发送日志or心跳到 Node:2 开始 args:{3 0 2 3 [] 2 LOG_0_3 0 {0 0 map[] map[]}}
2026/02/07 14:34:07 [Node:2] getNextIndex len:5 last snapshot index:0
2026/02/07 14:34:07 [14:34:07.376] [Node:2] [LOG_REPLICA] [Trace:LOG_2_4][2->0] 发送日志or心跳到 Node:0 开始 args:{4 2 2 3 [{104 4 false 3} {104 4 false 4}] 4 LOG_2_4 2 {0 0 map[] map[]}}
2026/02/07 14:34:07 [Node:0] nextIndex:[2 2 3]
2026/02/07 14:34:07 [Node:0] getLogStartIndex index:1 last snapshot index:0
2026/02/07 14:34:07 [14:34:07.376] [Node:2] [LOG_REPLICA] [Trace:LOG_2_4][2->1] 发送日志or心跳到 Node:1 开始 args:{4 2 4 4 [] 4 LOG_2_4 2 {0 0 map[] map[]}}
2026/02/07 14:34:07 [Node:0] getNextIndex len:3 last snapshot index:0
2026/02/07 14:34:07 [Node:0] getLogStartIndex index:2 last snapshot index:0
2026/02/07 14:34:07 [14:34:07.376] [Node:0] [LOG_REPLICA] [Trace:LOG_0_3][0->1] 发送日志or心跳到 Node:1 开始 args:{3 0 1 2 [{103 3 false 2}] 2 LOG_0_3 0 {0 0 map[] map[]}}
2026/02/07 14:34:07 [14:34:07.377] [Node:1] [HEARTBEAT] [Trace:LOG_2_4][2->1] AppendEntries 收到 term:4 leaderId:2 prevLogIndex:4 prevLogTerm:4 entries:0 leaderCommit:4 isHeartbeat:true currentTerm:4 status:FOLLOWER log:[]
2026/02/07 14:34:07 [Node:1] getNextIndex len:6 last snapshot index:0
2026/02/07 14:34:07 [14:34:07.377] [Node:1] [HEARTBEAT] [Trace:LOG_2_4][2->1] 打印日志结果:[{<nil> 0 false 0} {101 2 false 1} {101 2 false 1} {103 3 false 2} {104 4 false 3} {104 4 false 4}] 
2026/02/07 14:34:07 [Node:1] getLogStartIndex index:4 last snapshot index:0
2026/02/07 14:34:07 [14:34:07.377] [Node:1] [HEARTBEAT] [Trace:LOG_2_4][2->1] 复制日志结果:[{<nil> 0 false 0} {101 2 false 1} {101 2 false 1} {103 3 false 2} {104 4 false 3} {104 4 false 4}] 
2026/02/07 14:34:07 [Node:1] getNextIndex len:6 last snapshot index:0
2026/02/07 14:34:07 [14:34:07.377] [Node:1] [LOG_COMMIT] [Trace:LOG_2_4][2->1] 收到LogEntry，并且Leader已经提交， 本地log 3->4 leaderCommit:4 lastApplied:2
2026/02/07 14:34:07 [Node:1] getLogStartIndex index:3 last snapshot index:0
2026/02/07 14:34:07 [Node:1] getLogStartIndex index:5 last snapshot index:0
2026/02/07 14:34:07 [14:34:07.377] [Node:1] [LOG_COMMIT] [Trace:APPLY_1_3] Applying logs count:2 log:[{103 3 false 2} {104 4 false 3}] lastApplied:3
2026/02/07 14:34:07 [14:34:07.377] [Node:2] [LOG_REPLICA] [Trace:LOG_2_4][2->1] 心跳返回 from peer:1 term:4 success:true
2026/02/07 14:34:07 rfats [0xc00010c000 0xc00010c100 0xc00010c200]
2026/02/07 14:34:07 i 0 cmd1 <nil>, ok false
2026/02/07 14:34:07 i 1 cmd1 <nil>, ok false
2026/02/07 14:34:07 i 2 cmd1 104, ok true
2026/02/07 14:34:07 nd 1, cmd1 104 cmd 104
2026/02/07 14:34:07 rfats [0xc00010c000 0xc00010c100 0xc00010c200]
2026/02/07 14:34:07 i 0 cmd1 <nil>, ok false
2026/02/07 14:34:07 i 1 cmd1 <nil>, ok false
2026/02/07 14:34:07 i 2 cmd1 104, ok true
2026/02/07 14:34:07 nd 1, cmd1 104 cmd 104
2026/02/07 14:34:07 [14:34:07.427] [Node:0] [HEARTBEAT] [Trace:HB_0_3] 开始发送心跳广播 status LEADER term:3 commitIndex:2
2026/02/07 14:34:07 rfats [0xc00010c000 0xc00010c100 0xc00010c200]
2026/02/07 14:34:07 i 0 cmd1 <nil>, ok false
2026/02/07 14:34:07 [14:34:07.427] [Node:1] [HEARTBEAT] [Trace:HB_1_4] Follower等心跳 status FOLLOWER term:4 commitIndex:4
2026/02/07 14:34:07 [14:34:07.427] [Node:2] [HEARTBEAT] [Trace:HB_2_4] 开始发送心跳广播 status LEADER term:4 commitIndex:4
2026/02/07 14:34:07 i 1 cmd1 <nil>, ok false
2026/02/07 14:34:07 i 2 cmd1 104, ok true
2026/02/07 14:34:07 nd 1, cmd1 104 cmd 104
2026/02/07 14:34:07 [Node:0] nextIndex:[2 2 3]
2026/02/07 14:34:07 [Node:0] getLogStartIndex index:1 last snapshot index:0
2026/02/07 14:34:07 [Node:2] nextIndex:[3 5 3]
2026/02/07 14:34:07 [Node:0] getNextIndex len:3 last snapshot index:0
2026/02/07 14:34:07 [Node:2] getLogStartIndex index:2 last snapshot index:0
2026/02/07 14:34:07 [Node:2] getNextIndex len:5 last snapshot index:0
2026/02/07 14:34:07 [Node:2] getLogStartIndex index:3 last snapshot index:0
2026/02/07 14:34:07 [Node:0] getLogStartIndex index:2 last snapshot index:0
2026/02/07 14:34:07 [14:34:07.427] [Node:2] [LOG_REPLICA] [Trace:LOG_2_4][2->0] 发送日志or心跳到 Node:0 开始 args:{4 2 2 3 [{104 4 false 3} {104 4 false 4}] 4 LOG_2_4 2 {0 0 map[] map[]}}
2026/02/07 14:34:07 [Node:2] nextIndex:[3 5 3]
2026/02/07 14:34:07 [Node:2] getLogStartIndex index:4 last snapshot index:0
2026/02/07 14:34:07 [Node:0] nextIndex:[2 2 3]
2026/02/07 14:34:07 [14:34:07.427] [Node:0] [LOG_REPLICA] [Trace:LOG_0_3][0->1] 发送日志or心跳到 Node:1 开始 args:{3 0 1 2 [{103 3 false 2}] 2 LOG_0_3 0 {0 0 map[] map[]}}
2026/02/07 14:34:07 [Node:0] getLogStartIndex index:2 last snapshot index:0
2026/02/07 14:34:07 [Node:0] getNextIndex len:3 last snapshot index:0
2026/02/07 14:34:07 [Node:2] getNextIndex len:5 last snapshot index:0
2026/02/07 14:34:07 [14:34:07.427] [Node:0] [LOG_REPLICA] [Trace:LOG_0_3][0->2] 发送日志or心跳到 Node:2 开始 args:{3 0 2 3 [] 2 LOG_0_3 0 {0 0 map[] map[]}}
2026/02/07 14:34:07 [14:34:07.427] [Node:2] [LOG_REPLICA] [Trace:LOG_2_4][2->1] 发送日志or心跳到 Node:1 开始 args:{4 2 4 4 [] 4 LOG_2_4 2 {0 0 map[] map[]}}
2026/02/07 14:34:07 [14:34:07.427] [Node:1] [HEARTBEAT] [Trace:LOG_2_4][2->1] AppendEntries 收到 term:4 leaderId:2 prevLogIndex:4 prevLogTerm:4 entries:0 leaderCommit:4 isHeartbeat:true currentTerm:4 status:FOLLOWER log:[]
2026/02/07 14:34:07 [Node:1] getNextIndex len:6 last snapshot index:0
2026/02/07 14:34:07 [14:34:07.427] [Node:1] [HEARTBEAT] [Trace:LOG_2_4][2->1] 打印日志结果:[{<nil> 0 false 0} {101 2 false 1} {101 2 false 1} {103 3 false 2} {104 4 false 3} {104 4 false 4}] 
2026/02/07 14:34:07 [Node:1] getLogStartIndex index:4 last snapshot index:0
2026/02/07 14:34:07 [14:34:07.427] [Node:1] [HEARTBEAT] [Trace:LOG_2_4][2->1] 复制日志结果:[{<nil> 0 false 0} {101 2 false 1} {101 2 false 1} {103 3 false 2} {104 4 false 3} {104 4 false 4}] 
2026/02/07 14:34:07 [14:34:07.428] [Node:2] [LOG_REPLICA] [Trace:LOG_2_4][2->1] 心跳返回 from peer:1 term:4 success:true
2026/02/07 14:34:07 rfats [0xc00010c000 0xc00010c100 0xc00010c200]
2026/02/07 14:34:07 i 0 cmd1 <nil>, ok false
2026/02/07 14:34:07 i 1 cmd1 <nil>, ok false
2026/02/07 14:34:07 i 2 cmd1 104, ok true
2026/02/07 14:34:07 nd 1, cmd1 104 cmd 104
2026/02/07 14:34:07 rfats [0xc00010c000 0xc00010c100 0xc00010c200]
2026/02/07 14:34:07 i 0 cmd1 <nil>, ok false
2026/02/07 14:34:07 i 1 cmd1 <nil>, ok false
2026/02/07 14:34:07 i 2 cmd1 104, ok true
2026/02/07 14:34:07 nd 1, cmd1 104 cmd 104
2026/02/07 14:34:07 [14:34:07.477] [Node:1] [HEARTBEAT] [Trace:HB_1_4] Follower等心跳 status FOLLOWER term:4 commitIndex:4
2026/02/07 14:34:07 [14:34:07.477] [Node:0] [HEARTBEAT] [Trace:HB_0_3] 开始发送心跳广播 status LEADER term:3 commitIndex:2
2026/02/07 14:34:07 [14:34:07.477] [Node:2] [HEARTBEAT] [Trace:HB_2_4] 开始发送心跳广播 status LEADER term:4 commitIndex:4
2026/02/07 14:34:07 [Node:0] nextIndex:[2 2 3]
2026/02/07 14:34:07 [Node:0] getLogStartIndex index:2 last snapshot index:0
2026/02/07 14:34:07 [Node:0] getNextIndex len:3 last snapshot index:0
2026/02/07 14:34:07 [Node:2] nextIndex:[3 5 3]
2026/02/07 14:34:07 [Node:2] getLogStartIndex index:4 last snapshot index:0
2026/02/07 14:34:07 [Node:2] getNextIndex len:5 last snapshot index:0
2026/02/07 14:34:07 [Node:0] nextIndex:[2 2 3]
2026/02/07 14:34:07 [Node:0] getLogStartIndex index:1 last snapshot index:0
2026/02/07 14:34:07 [14:34:07.477] [Node:0] [LOG_REPLICA] [Trace:LOG_0_3][0->2] 发送日志or心跳到 Node:2 开始 args:{3 0 2 3 [] 2 LOG_0_3 0 {0 0 map[] map[]}}
2026/02/07 14:34:07 [Node:0] getNextIndex len:3 last snapshot index:0
2026/02/07 14:34:07 [Node:0] getLogStartIndex index:2 last snapshot index:0
2026/02/07 14:34:07 [14:34:07.477] [Node:2] [LOG_REPLICA] [Trace:LOG_2_4][2->1] 发送日志or心跳到 Node:1 开始 args:{4 2 4 4 [] 4 LOG_2_4 2 {0 0 map[] map[]}}
2026/02/07 14:34:07 [14:34:07.478] [Node:0] [LOG_REPLICA] [Trace:LOG_0_3][0->1] 发送日志or心跳到 Node:1 开始 args:{3 0 1 2 [{103 3 false 2}] 2 LOG_0_3 0 {0 0 map[] map[]}}
2026/02/07 14:34:07 [Node:2] nextIndex:[3 5 3]
2026/02/07 14:34:07 [Node:2] getLogStartIndex index:2 last snapshot index:0
2026/02/07 14:34:07 [Node:2] getNextIndex len:5 last snapshot index:0
2026/02/07 14:34:07 [Node:2] getLogStartIndex index:3 last snapshot index:0
2026/02/07 14:34:07 [14:34:07.478] [Node:2] [LOG_REPLICA] [Trace:LOG_2_4][2->0] 发送日志or心跳到 Node:0 开始 args:{4 2 2 3 [{104 4 false 3} {104 4 false 4}] 4 LOG_2_4 2 {0 0 map[] map[]}}
2026/02/07 14:34:07 [14:34:07.478] [Node:1] [HEARTBEAT] [Trace:LOG_2_4][2->1] AppendEntries 收到 term:4 leaderId:2 prevLogIndex:4 prevLogTerm:4 entries:0 leaderCommit:4 isHeartbeat:true currentTerm:4 status:FOLLOWER log:[]
2026/02/07 14:34:07 [Node:1] getNextIndex len:6 last snapshot index:0
2026/02/07 14:34:07 [14:34:07.478] [Node:1] [HEARTBEAT] [Trace:LOG_2_4][2->1] 打印日志结果:[{<nil> 0 false 0} {101 2 false 1} {101 2 false 1} {103 3 false 2} {104 4 false 3} {104 4 false 4}] 
2026/02/07 14:34:07 [Node:1] getLogStartIndex index:4 last snapshot index:0
2026/02/07 14:34:07 [14:34:07.478] [Node:1] [HEARTBEAT] [Trace:LOG_2_4][2->1] 复制日志结果:[{<nil> 0 false 0} {101 2 false 1} {101 2 false 1} {103 3 false 2} {104 4 false 3} {104 4 false 4}] 
2026/02/07 14:34:07 [14:34:07.478] [Node:2] [LOG_REPLICA] [Trace:LOG_2_4][2->1] 心跳返回 from peer:1 term:4 success:true
2026/02/07 14:34:07 rfats [0xc00010c000 0xc00010c100 0xc00010c200]
2026/02/07 14:34:07 i 0 cmd1 <nil>, ok false
2026/02/07 14:34:07 i 1 cmd1 <nil>, ok false
2026/02/07 14:34:07 i 2 cmd1 104, ok true
2026/02/07 14:34:07 nd 1, cmd1 104 cmd 104
2026/02/07 14:34:07 rfats [0xc00010c000 0xc00010c100 0xc00010c200]
2026/02/07 14:34:07 i 0 cmd1 <nil>, ok false
2026/02/07 14:34:07 i 1 cmd1 <nil>, ok false
2026/02/07 14:34:07 i 2 cmd1 104, ok true
2026/02/07 14:34:07 nd 1, cmd1 104 cmd 104
2026/02/07 14:34:07 [14:34:07.528] [Node:2] [HEARTBEAT] [Trace:HB_2_4] 开始发送心跳广播 status LEADER term:4 commitIndex:4
2026/02/07 14:34:07 [14:34:07.528] [Node:0] [HEARTBEAT] [Trace:HB_0_3] 开始发送心跳广播 status LEADER term:3 commitIndex:2
2026/02/07 14:34:07 [14:34:07.528] [Node:1] [HEARTBEAT] [Trace:HB_1_4] Follower等心跳 status FOLLOWER term:4 commitIndex:4
2026/02/07 14:34:07 [Node:2] nextIndex:[3 5 3]
2026/02/07 14:34:07 [Node:0] nextIndex:[2 2 3]
2026/02/07 14:34:07 [Node:2] getLogStartIndex index:2 last snapshot index:0
2026/02/07 14:34:07 [Node:2] getNextIndex len:5 last snapshot index:0
2026/02/07 14:34:07 [Node:0] getLogStartIndex index:2 last snapshot index:0
2026/02/07 14:34:07 [Node:0] getNextIndex len:3 last snapshot index:0
2026/02/07 14:34:07 [14:34:07.528] [Node:0] [LOG_REPLICA] [Trace:LOG_0_3][0->2] 发送日志or心跳到 Node:2 开始 args:{3 0 2 3 [] 2 LOG_0_3 0 {0 0 map[] map[]}}
2026/02/07 14:34:07 [Node:2] getLogStartIndex index:3 last snapshot index:0
2026/02/07 14:34:07 [Node:0] nextIndex:[2 2 3]
2026/02/07 14:34:07 [14:34:07.528] [Node:2] [LOG_REPLICA] [Trace:LOG_2_4][2->0] 发送日志or心跳到 Node:0 开始 args:{4 2 2 3 [{104 4 false 3} {104 4 false 4}] 4 LOG_2_4 2 {0 0 map[] map[]}}
2026/02/07 14:34:07 [Node:2] nextIndex:[3 5 3]
2026/02/07 14:34:07 [Node:0] getLogStartIndex index:1 last snapshot index:0
2026/02/07 14:34:07 [Node:0] getNextIndex len:3 last snapshot index:0
2026/02/07 14:34:07 [Node:0] getLogStartIndex index:2 last snapshot index:0
2026/02/07 14:34:07 [Node:2] getLogStartIndex index:4 last snapshot index:0
2026/02/07 14:34:07 [Node:2] getNextIndex len:5 last snapshot index:0
2026/02/07 14:34:07 [14:34:07.528] [Node:0] [LOG_REPLICA] [Trace:LOG_0_3][0->1] 发送日志or心跳到 Node:1 开始 args:{3 0 1 2 [{103 3 false 2}] 2 LOG_0_3 0 {0 0 map[] map[]}}
2026/02/07 14:34:07 [14:34:07.528] [Node:2] [LOG_REPLICA] [Trace:LOG_2_4][2->1] 发送日志or心跳到 Node:1 开始 args:{4 2 4 4 [] 4 LOG_2_4 2 {0 0 map[] map[]}}
2026/02/07 14:34:07 [14:34:07.529] [Node:1] [HEARTBEAT] [Trace:LOG_2_4][2->1] AppendEntries 收到 term:4 leaderId:2 prevLogIndex:4 prevLogTerm:4 entries:0 leaderCommit:4 isHeartbeat:true currentTerm:4 status:FOLLOWER log:[]
2026/02/07 14:34:07 [Node:1] getNextIndex len:6 last snapshot index:0
2026/02/07 14:34:07 [14:34:07.529] [Node:1] [HEARTBEAT] [Trace:LOG_2_4][2->1] 打印日志结果:[{<nil> 0 false 0} {101 2 false 1} {101 2 false 1} {103 3 false 2} {104 4 false 3} {104 4 false 4}] 
2026/02/07 14:34:07 [Node:1] getLogStartIndex index:4 last snapshot index:0
2026/02/07 14:34:07 [14:34:07.529] [Node:1] [HEARTBEAT] [Trace:LOG_2_4][2->1] 复制日志结果:[{<nil> 0 false 0} {101 2 false 1} {101 2 false 1} {103 3 false 2} {104 4 false 3} {104 4 false 4}] 
2026/02/07 14:34:07 [14:34:07.529] [Node:2] [LOG_REPLICA] [Trace:LOG_2_4][2->1] 心跳返回 from peer:1 term:4 success:true
2026/02/07 14:34:07 rfats [0xc00010c000 0xc00010c100 0xc00010c200]
2026/02/07 14:34:07 i 0 cmd1 <nil>, ok false
2026/02/07 14:34:07 i 1 cmd1 <nil>, ok false
2026/02/07 14:34:07 i 2 cmd1 104, ok true
2026/02/07 14:34:07 nd 1, cmd1 104 cmd 104
2026/02/07 14:34:07 rfats [0xc00010c000 0xc00010c100 0xc00010c200]
2026/02/07 14:34:07 i 0 cmd1 <nil>, ok false
2026/02/07 14:34:07 i 1 cmd1 <nil>, ok false
2026/02/07 14:34:07 i 2 cmd1 104, ok true
2026/02/07 14:34:07 nd 1, cmd1 104 cmd 104
2026/02/07 14:34:07 rfats [0xc00010c000 0xc00010c100 0xc00010c200]
2026/02/07 14:34:07 i 0 cmd1 <nil>, ok false
2026/02/07 14:34:07 i 1 cmd1 <nil>, ok false
2026/02/07 14:34:07 i 2 cmd1 104, ok true
2026/02/07 14:34:07 nd 1, cmd1 104 cmd 104
2026/02/07 14:34:07 [14:34:07.578] [Node:1] [HEARTBEAT] [Trace:HB_1_4] Follower等心跳 status FOLLOWER term:4 commitIndex:4
2026/02/07 14:34:07 [14:34:07.578] [Node:0] [HEARTBEAT] [Trace:HB_0_3] 开始发送心跳广播 status LEADER term:3 commitIndex:2
2026/02/07 14:34:07 [Node:0] nextIndex:[2 2 3]
2026/02/07 14:34:07 [Node:0] getLogStartIndex index:2 last snapshot index:0
2026/02/07 14:34:07 [Node:0] getNextIndex len:3 last snapshot index:0
2026/02/07 14:34:07 [14:34:07.578] [Node:0] [LOG_REPLICA] [Trace:LOG_0_3][0->2] 发送日志or心跳到 Node:2 开始 args:{3 0 2 3 [] 2 LOG_0_3 0 {0 0 map[] map[]}}
2026/02/07 14:34:07 [14:34:07.578] [Node:2] [HEARTBEAT] [Trace:HB_2_4] 开始发送心跳广播 status LEADER term:4 commitIndex:4
2026/02/07 14:34:07 [Node:0] nextIndex:[2 2 3]
2026/02/07 14:34:07 [Node:2] nextIndex:[3 5 3]
2026/02/07 14:34:07 [Node:0] getLogStartIndex index:1 last snapshot index:0
2026/02/07 14:34:07 [Node:2] getLogStartIndex index:4 last snapshot index:0
2026/02/07 14:34:07 [Node:2] getNextIndex len:5 last snapshot index:0
2026/02/07 14:34:07 [Node:2] nextIndex:[3 5 3]
2026/02/07 14:34:07 [14:34:07.578] [Node:2] [LOG_REPLICA] [Trace:LOG_2_4][2->1] 发送日志or心跳到 Node:1 开始 args:{4 2 4 4 [] 4 LOG_2_4 2 {0 0 map[] map[]}}
2026/02/07 14:34:07 [Node:2] getLogStartIndex index:2 last snapshot index:0
2026/02/07 14:34:07 [Node:2] getNextIndex len:5 last snapshot index:0
2026/02/07 14:34:07 [Node:2] getLogStartIndex index:3 last snapshot index:0
2026/02/07 14:34:07 [Node:0] getNextIndex len:3 last snapshot index:0
2026/02/07 14:34:07 [14:34:07.578] [Node:2] [LOG_REPLICA] [Trace:LOG_2_4][2->0] 发送日志or心跳到 Node:0 开始 args:{4 2 2 3 [{104 4 false 3} {104 4 false 4}] 4 LOG_2_4 2 {0 0 map[] map[]}}
2026/02/07 14:34:07 [Node:0] getLogStartIndex index:2 last snapshot index:0
2026/02/07 14:34:07 [14:34:07.578] [Node:0] [LOG_REPLICA] [Trace:LOG_0_3][0->1] 发送日志or心跳到 Node:1 开始 args:{3 0 1 2 [{103 3 false 2}] 2 LOG_0_3 0 {0 0 map[] map[]}}
2026/02/07 14:34:07 [14:34:07.579] [Node:1] [HEARTBEAT] [Trace:LOG_2_4][2->1] AppendEntries 收到 term:4 leaderId:2 prevLogIndex:4 prevLogTerm:4 entries:0 leaderCommit:4 isHeartbeat:true currentTerm:4 status:FOLLOWER log:[]
2026/02/07 14:34:07 [Node:1] getNextIndex len:6 last snapshot index:0
2026/02/07 14:34:07 [14:34:07.579] [Node:1] [HEARTBEAT] [Trace:LOG_2_4][2->1] 打印日志结果:[{<nil> 0 false 0} {101 2 false 1} {101 2 false 1} {103 3 false 2} {104 4 false 3} {104 4 false 4}] 
2026/02/07 14:34:07 [Node:1] getLogStartIndex index:4 last snapshot index:0
2026/02/07 14:34:07 [14:34:07.579] [Node:1] [HEARTBEAT] [Trace:LOG_2_4][2->1] 复制日志结果:[{<nil> 0 false 0} {101 2 false 1} {101 2 false 1} {103 3 false 2} {104 4 false 3} {104 4 false 4}] 
2026/02/07 14:34:07 [14:34:07.579] [Node:2] [LOG_REPLICA] [Trace:LOG_2_4][2->1] 心跳返回 from peer:1 term:4 success:true
2026/02/07 14:34:07 rfats [0xc00010c000 0xc00010c100 0xc00010c200]
2026/02/07 14:34:07 i 0 cmd1 <nil>, ok false
2026/02/07 14:34:07 i 1 cmd1 <nil>, ok false
2026/02/07 14:34:07 i 2 cmd1 104, ok true
2026/02/07 14:34:07 nd 1, cmd1 104 cmd 104
2026/02/07 14:34:07 rfats [0xc00010c000 0xc00010c100 0xc00010c200]
2026/02/07 14:34:07 i 0 cmd1 <nil>, ok false
2026/02/07 14:34:07 i 1 cmd1 <nil>, ok false
2026/02/07 14:34:07 i 2 cmd1 104, ok true
2026/02/07 14:34:07 nd 1, cmd1 104 cmd 104
2026/02/07 14:34:07 [14:34:07.629] [Node:2] [HEARTBEAT] [Trace:HB_2_4] 开始发送心跳广播 status LEADER term:4 commitIndex:4
2026/02/07 14:34:07 [14:34:07.629] [Node:0] [HEARTBEAT] [Trace:HB_0_3] 开始发送心跳广播 status LEADER term:3 commitIndex:2
2026/02/07 14:34:07 [Node:2] nextIndex:[3 5 3]
2026/02/07 14:34:07 [14:34:07.629] [Node:1] [HEARTBEAT] [Trace:HB_1_4] Follower等心跳 status FOLLOWER term:4 commitIndex:4
2026/02/07 14:34:07 [Node:0] nextIndex:[2 2 3]
2026/02/07 14:34:07 [Node:0] getLogStartIndex index:1 last snapshot index:0
2026/02/07 14:34:07 [Node:0] getNextIndex len:3 last snapshot index:0
2026/02/07 14:34:07 [Node:2] getLogStartIndex index:4 last snapshot index:0
2026/02/07 14:34:07 [Node:2] getNextIndex len:5 last snapshot index:0
2026/02/07 14:34:07 [Node:0] getLogStartIndex index:2 last snapshot index:0
2026/02/07 14:34:07 [14:34:07.629] [Node:2] [LOG_REPLICA] [Trace:LOG_2_4][2->1] 发送日志or心跳到 Node:1 开始 args:{4 2 4 4 [] 4 LOG_2_4 2 {0 0 map[] map[]}}
2026/02/07 14:34:07 [Node:2] nextIndex:[3 5 3]
2026/02/07 14:34:07 [14:34:07.629] [Node:0] [LOG_REPLICA] [Trace:LOG_0_3][0->1] 发送日志or心跳到 Node:1 开始 args:{3 0 1 2 [{103 3 false 2}] 2 LOG_0_3 0 {0 0 map[] map[]}}
2026/02/07 14:34:07 [Node:2] getLogStartIndex index:2 last snapshot index:0
2026/02/07 14:34:07 [Node:0] nextIndex:[2 2 3]
2026/02/07 14:34:07 [Node:2] getNextIndex len:5 last snapshot index:0
2026/02/07 14:34:07 [Node:2] getLogStartIndex index:3 last snapshot index:0
2026/02/07 14:34:07 [Node:0] getLogStartIndex index:2 last snapshot index:0
2026/02/07 14:34:07 [Node:0] getNextIndex len:3 last snapshot index:0
2026/02/07 14:34:07 [14:34:07.629] [Node:2] [LOG_REPLICA] [Trace:LOG_2_4][2->0] 发送日志or心跳到 Node:0 开始 args:{4 2 2 3 [{104 4 false 3} {104 4 false 4}] 4 LOG_2_4 2 {0 0 map[] map[]}}
2026/02/07 14:34:07 [14:34:07.629] [Node:0] [LOG_REPLICA] [Trace:LOG_0_3][0->2] 发送日志or心跳到 Node:2 开始 args:{3 0 2 3 [] 2 LOG_0_3 0 {0 0 map[] map[]}}
2026/02/07 14:34:07 [14:34:07.630] [Node:1] [HEARTBEAT] [Trace:LOG_2_4][2->1] AppendEntries 收到 term:4 leaderId:2 prevLogIndex:4 prevLogTerm:4 entries:0 leaderCommit:4 isHeartbeat:true currentTerm:4 status:FOLLOWER log:[]
2026/02/07 14:34:07 [Node:1] getNextIndex len:6 last snapshot index:0
2026/02/07 14:34:07 [14:34:07.630] [Node:1] [HEARTBEAT] [Trace:LOG_2_4][2->1] 打印日志结果:[{<nil> 0 false 0} {101 2 false 1} {101 2 false 1} {103 3 false 2} {104 4 false 3} {104 4 false 4}] 
2026/02/07 14:34:07 [Node:1] getLogStartIndex index:4 last snapshot index:0
2026/02/07 14:34:07 [14:34:07.630] [Node:1] [HEARTBEAT] [Trace:LOG_2_4][2->1] 复制日志结果:[{<nil> 0 false 0} {101 2 false 1} {101 2 false 1} {103 3 false 2} {104 4 false 3} {104 4 false 4}] 
2026/02/07 14:34:07 [14:34:07.630] [Node:2] [LOG_REPLICA] [Trace:LOG_2_4][2->1] 心跳返回 from peer:1 term:4 success:true
2026/02/07 14:34:07 rfats [0xc00010c000 0xc00010c100 0xc00010c200]
2026/02/07 14:34:07 i 0 cmd1 <nil>, ok false
2026/02/07 14:34:07 i 1 cmd1 <nil>, ok false
2026/02/07 14:34:07 i 2 cmd1 104, ok true
2026/02/07 14:34:07 nd 1, cmd1 104 cmd 104
2026/02/07 14:34:07 rfats [0xc00010c000 0xc00010c100 0xc00010c200]
2026/02/07 14:34:07 i 0 cmd1 <nil>, ok false
2026/02/07 14:34:07 i 1 cmd1 <nil>, ok false
2026/02/07 14:34:07 i 2 cmd1 104, ok true
2026/02/07 14:34:07 nd 1, cmd1 104 cmd 104
2026/02/07 14:34:07 rfats [0xc00010c000 0xc00010c100 0xc00010c200]
2026/02/07 14:34:07 i 0 cmd1 <nil>, ok false
2026/02/07 14:34:07 i 1 cmd1 <nil>, ok false
2026/02/07 14:34:07 i 2 cmd1 104, ok true
2026/02/07 14:34:07 nd 1, cmd1 104 cmd 104
2026/02/07 14:34:07 [14:34:07.680] [Node:0] [HEARTBEAT] [Trace:HB_0_3] 开始发送心跳广播 status LEADER term:3 commitIndex:2
2026/02/07 14:34:07 [14:34:07.680] [Node:1] [HEARTBEAT] [Trace:HB_1_4] Follower等心跳 status FOLLOWER term:4 commitIndex:4
2026/02/07 14:34:07 [14:34:07.680] [Node:2] [HEARTBEAT] [Trace:HB_2_4] 开始发送心跳广播 status LEADER term:4 commitIndex:4
2026/02/07 14:34:07 [Node:0] nextIndex:[2 2 3]
2026/02/07 14:34:07 [Node:0] getLogStartIndex index:1 last snapshot index:0
2026/02/07 14:34:07 [Node:0] getNextIndex len:3 last snapshot index:0
2026/02/07 14:34:07 [Node:2] nextIndex:[3 5 3]
2026/02/07 14:34:07 [Node:2] getLogStartIndex index:2 last snapshot index:0
2026/02/07 14:34:07 [Node:0] getLogStartIndex index:2 last snapshot index:0
2026/02/07 14:34:07 [Node:2] getNextIndex len:5 last snapshot index:0
2026/02/07 14:34:07 [Node:2] getLogStartIndex index:3 last snapshot index:0
2026/02/07 14:34:07 [Node:0] nextIndex:[2 2 3]
2026/02/07 14:34:07 [Node:0] getLogStartIndex index:2 last snapshot index:0
2026/02/07 14:34:07 [14:34:07.680] [Node:2] [LOG_REPLICA] [Trace:LOG_2_4][2->0] 发送日志or心跳到 Node:0 开始 args:{4 2 2 3 [{104 4 false 3} {104 4 false 4}] 4 LOG_2_4 2 {0 0 map[] map[]}}
2026/02/07 14:34:07 [Node:2] nextIndex:[3 5 3]
2026/02/07 14:34:07 [Node:2] getLogStartIndex index:4 last snapshot index:0
2026/02/07 14:34:07 [Node:2] getNextIndex len:5 last snapshot index:0
2026/02/07 14:34:07 [14:34:07.680] [Node:0] [LOG_REPLICA] [Trace:LOG_0_3][0->1] 发送日志or心跳到 Node:1 开始 args:{3 0 1 2 [{103 3 false 2}] 2 LOG_0_3 0 {0 0 map[] map[]}}
2026/02/07 14:34:07 [14:34:07.680] [Node:2] [LOG_REPLICA] [Trace:LOG_2_4][2->1] 发送日志or心跳到 Node:1 开始 args:{4 2 4 4 [] 4 LOG_2_4 2 {0 0 map[] map[]}}
2026/02/07 14:34:07 [Node:0] getNextIndex len:3 last snapshot index:0
2026/02/07 14:34:07 [14:34:07.680] [Node:0] [LOG_REPLICA] [Trace:LOG_0_3][0->2] 发送日志or心跳到 Node:2 开始 args:{3 0 2 3 [] 2 LOG_0_3 0 {0 0 map[] map[]}}
2026/02/07 14:34:07 [14:34:07.681] [Node:1] [HEARTBEAT] [Trace:LOG_2_4][2->1] AppendEntries 收到 term:4 leaderId:2 prevLogIndex:4 prevLogTerm:4 entries:0 leaderCommit:4 isHeartbeat:true currentTerm:4 status:FOLLOWER log:[]
2026/02/07 14:34:07 [Node:1] getNextIndex len:6 last snapshot index:0
2026/02/07 14:34:07 [14:34:07.681] [Node:1] [HEARTBEAT] [Trace:LOG_2_4][2->1] 打印日志结果:[{<nil> 0 false 0} {101 2 false 1} {101 2 false 1} {103 3 false 2} {104 4 false 3} {104 4 false 4}] 
2026/02/07 14:34:07 [Node:1] getLogStartIndex index:4 last snapshot index:0
2026/02/07 14:34:07 [14:34:07.681] [Node:1] [HEARTBEAT] [Trace:LOG_2_4][2->1] 复制日志结果:[{<nil> 0 false 0} {101 2 false 1} {101 2 false 1} {103 3 false 2} {104 4 false 3} {104 4 false 4}] 
2026/02/07 14:34:07 [14:34:07.681] [Node:2] [LOG_REPLICA] [Trace:LOG_2_4][2->1] 心跳返回 from peer:1 term:4 success:true
2026/02/07 14:34:07 rfats [0xc00010c000 0xc00010c100 0xc00010c200]
2026/02/07 14:34:07 i 0 cmd1 <nil>, ok false
2026/02/07 14:34:07 i 1 cmd1 <nil>, ok false
2026/02/07 14:34:07 i 2 cmd1 104, ok true
2026/02/07 14:34:07 nd 1, cmd1 104 cmd 104
2026/02/07 14:34:07 rfats [0xc00010c000 0xc00010c100 0xc00010c200]
2026/02/07 14:34:07 i 0 cmd1 <nil>, ok false
2026/02/07 14:34:07 i 1 cmd1 <nil>, ok false
2026/02/07 14:34:07 i 2 cmd1 104, ok true
2026/02/07 14:34:07 nd 1, cmd1 104 cmd 104
2026/02/07 14:34:07 [14:34:07.731] [Node:2] [HEARTBEAT] [Trace:HB_2_4] 开始发送心跳广播 status LEADER term:4 commitIndex:4
2026/02/07 14:34:07 [14:34:07.731] [Node:0] [HEARTBEAT] [Trace:HB_0_3] 开始发送心跳广播 status LEADER term:3 commitIndex:2
2026/02/07 14:34:07 [14:34:07.731] [Node:1] [HEARTBEAT] [Trace:HB_1_4] Follower等心跳 status FOLLOWER term:4 commitIndex:4
2026/02/07 14:34:07 [Node:0] nextIndex:[2 2 3]
2026/02/07 14:34:07 [Node:2] nextIndex:[3 5 3]
2026/02/07 14:34:07 [Node:2] getLogStartIndex index:4 last snapshot index:0
2026/02/07 14:34:07 [Node:2] getNextIndex len:5 last snapshot index:0
2026/02/07 14:34:07 [Node:0] getLogStartIndex index:2 last snapshot index:0
2026/02/07 14:34:07 [Node:0] getNextIndex len:3 last snapshot index:0
2026/02/07 14:34:07 [14:34:07.731] [Node:2] [LOG_REPLICA] [Trace:LOG_2_4][2->1] 发送日志or心跳到 Node:1 开始 args:{4 2 4 4 [] 4 LOG_2_4 2 {0 0 map[] map[]}}
2026/02/07 14:34:07 [Node:2] nextIndex:[3 5 3]
2026/02/07 14:34:07 [Node:0] nextIndex:[2 2 3]
2026/02/07 14:34:07 [14:34:07.731] [Node:0] [LOG_REPLICA] [Trace:LOG_0_3][0->2] 发送日志or心跳到 Node:2 开始 args:{3 0 2 3 [] 2 LOG_0_3 0 {0 0 map[] map[]}}
2026/02/07 14:34:07 [Node:2] getLogStartIndex index:2 last snapshot index:0
2026/02/07 14:34:07 [Node:0] getLogStartIndex index:1 last snapshot index:0
2026/02/07 14:34:07 [Node:0] getNextIndex len:3 last snapshot index:0
2026/02/07 14:34:07 [Node:0] getLogStartIndex index:2 last snapshot index:0
2026/02/07 14:34:07 [Node:2] getNextIndex len:5 last snapshot index:0
2026/02/07 14:34:07 [Node:2] getLogStartIndex index:3 last snapshot index:0
2026/02/07 14:34:07 [14:34:07.731] [Node:0] [LOG_REPLICA] [Trace:LOG_0_3][0->1] 发送日志or心跳到 Node:1 开始 args:{3 0 1 2 [{103 3 false 2}] 2 LOG_0_3 0 {0 0 map[] map[]}}
2026/02/07 14:34:07 [14:34:07.731] [Node:2] [LOG_REPLICA] [Trace:LOG_2_4][2->0] 发送日志or心跳到 Node:0 开始 args:{4 2 2 3 [{104 4 false 3} {104 4 false 4}] 4 LOG_2_4 2 {0 0 map[] map[]}}
2026/02/07 14:34:07 [14:34:07.731] [Node:1] [HEARTBEAT] [Trace:LOG_2_4][2->1] AppendEntries 收到 term:4 leaderId:2 prevLogIndex:4 prevLogTerm:4 entries:0 leaderCommit:4 isHeartbeat:true currentTerm:4 status:FOLLOWER log:[]
2026/02/07 14:34:07 [Node:1] getNextIndex len:6 last snapshot index:0
2026/02/07 14:34:07 [14:34:07.731] [Node:1] [HEARTBEAT] [Trace:LOG_2_4][2->1] 打印日志结果:[{<nil> 0 false 0} {101 2 false 1} {101 2 false 1} {103 3 false 2} {104 4 false 3} {104 4 false 4}] 
2026/02/07 14:34:07 [Node:1] getLogStartIndex index:4 last snapshot index:0
2026/02/07 14:34:07 [14:34:07.731] [Node:1] [HEARTBEAT] [Trace:LOG_2_4][2->1] 复制日志结果:[{<nil> 0 false 0} {101 2 false 1} {101 2 false 1} {103 3 false 2} {104 4 false 3} {104 4 false 4}] 
2026/02/07 14:34:07 [14:34:07.732] [Node:2] [LOG_REPLICA] [Trace:LOG_2_4][2->1] 心跳返回 from peer:1 term:4 success:true
2026/02/07 14:34:07 rfats [0xc00010c000 0xc00010c100 0xc00010c200]
2026/02/07 14:34:07 i 0 cmd1 <nil>, ok false
2026/02/07 14:34:07 i 1 cmd1 <nil>, ok false
2026/02/07 14:34:07 i 2 cmd1 104, ok true
2026/02/07 14:34:07 nd 1, cmd1 104 cmd 104
2026/02/07 14:34:07 rfats [0xc00010c000 0xc00010c100 0xc00010c200]
2026/02/07 14:34:07 i 0 cmd1 <nil>, ok false
2026/02/07 14:34:07 i 1 cmd1 <nil>, ok false
2026/02/07 14:34:07 i 2 cmd1 104, ok true
2026/02/07 14:34:07 nd 1, cmd1 104 cmd 104
2026/02/07 14:34:07 rfats [0xc00010c000 0xc00010c100 0xc00010c200]
2026/02/07 14:34:07 i 0 cmd1 <nil>, ok false
2026/02/07 14:34:07 i 1 cmd1 <nil>, ok false
2026/02/07 14:34:07 i 2 cmd1 104, ok true
2026/02/07 14:34:07 nd 1, cmd1 104 cmd 104
2026/02/07 14:34:07 [14:34:07.781] [Node:0] [HEARTBEAT] [Trace:HB_0_3] 开始发送心跳广播 status LEADER term:3 commitIndex:2
2026/02/07 14:34:07 [14:34:07.781] [Node:1] [HEARTBEAT] [Trace:HB_1_4] Follower等心跳 status FOLLOWER term:4 commitIndex:4
2026/02/07 14:34:07 [14:34:07.781] [Node:2] [HEARTBEAT] [Trace:HB_2_4] 开始发送心跳广播 status LEADER term:4 commitIndex:4
2026/02/07 14:34:07 [Node:0] nextIndex:[2 2 3]
2026/02/07 14:34:07 [Node:0] getLogStartIndex index:1 last snapshot index:0
2026/02/07 14:34:07 [Node:0] getNextIndex len:3 last snapshot index:0
2026/02/07 14:34:07 [Node:0] getLogStartIndex index:2 last snapshot index:0
2026/02/07 14:34:07 [Node:2] nextIndex:[3 5 3]
2026/02/07 14:34:07 [Node:2] getLogStartIndex index:4 last snapshot index:0
2026/02/07 14:34:07 [Node:2] getNextIndex len:5 last snapshot index:0
2026/02/07 14:34:07 [Node:0] nextIndex:[2 2 3]
2026/02/07 14:34:07 [14:34:07.781] [Node:0] [LOG_REPLICA] [Trace:LOG_0_3][0->1] 发送日志or心跳到 Node:1 开始 args:{3 0 1 2 [{103 3 false 2}] 2 LOG_0_3 0 {0 0 map[] map[]}}
2026/02/07 14:34:07 [Node:0] getLogStartIndex index:2 last snapshot index:0
2026/02/07 14:34:07 [Node:0] getNextIndex len:3 last snapshot index:0
2026/02/07 14:34:07 [14:34:07.781] [Node:2] [LOG_REPLICA] [Trace:LOG_2_4][2->1] 发送日志or心跳到 Node:1 开始 args:{4 2 4 4 [] 4 LOG_2_4 2 {0 0 map[] map[]}}
2026/02/07 14:34:07 [Node:2] nextIndex:[3 5 3]
2026/02/07 14:34:07 [Node:2] getLogStartIndex index:2 last snapshot index:0
2026/02/07 14:34:07 [14:34:07.781] [Node:0] [LOG_REPLICA] [Trace:LOG_0_3][0->2] 发送日志or心跳到 Node:2 开始 args:{3 0 2 3 [] 2 LOG_0_3 0 {0 0 map[] map[]}}
2026/02/07 14:34:07 [Node:2] getNextIndex len:5 last snapshot index:0
2026/02/07 14:34:07 [Node:2] getLogStartIndex index:3 last snapshot index:0
2026/02/07 14:34:07 [14:34:07.781] [Node:2] [LOG_REPLICA] [Trace:LOG_2_4][2->0] 发送日志or心跳到 Node:0 开始 args:{4 2 2 3 [{104 4 false 3} {104 4 false 4}] 4 LOG_2_4 2 {0 0 map[] map[]}}
2026/02/07 14:34:07 [14:34:07.782] [Node:1] [HEARTBEAT] [Trace:LOG_2_4][2->1] AppendEntries 收到 term:4 leaderId:2 prevLogIndex:4 prevLogTerm:4 entries:0 leaderCommit:4 isHeartbeat:true currentTerm:4 status:FOLLOWER log:[]
2026/02/07 14:34:07 [Node:1] getNextIndex len:6 last snapshot index:0
2026/02/07 14:34:07 [14:34:07.782] [Node:1] [HEARTBEAT] [Trace:LOG_2_4][2->1] 打印日志结果:[{<nil> 0 false 0} {101 2 false 1} {101 2 false 1} {103 3 false 2} {104 4 false 3} {104 4 false 4}] 
2026/02/07 14:34:07 [Node:1] getLogStartIndex index:4 last snapshot index:0
2026/02/07 14:34:07 [14:34:07.782] [Node:1] [HEARTBEAT] [Trace:LOG_2_4][2->1] 复制日志结果:[{<nil> 0 false 0} {101 2 false 1} {101 2 false 1} {103 3 false 2} {104 4 false 3} {104 4 false 4}] 
2026/02/07 14:34:07 [14:34:07.783] [Node:2] [LOG_REPLICA] [Trace:LOG_2_4][2->1] 心跳返回 from peer:1 term:4 success:true
2026/02/07 14:34:07 rfats [0xc00010c000 0xc00010c100 0xc00010c200]
2026/02/07 14:34:07 i 0 cmd1 <nil>, ok false
2026/02/07 14:34:07 i 1 cmd1 <nil>, ok false
2026/02/07 14:34:07 i 2 cmd1 104, ok true
2026/02/07 14:34:07 nd 1, cmd1 104 cmd 104
2026/02/07 14:34:07 rfats [0xc00010c000 0xc00010c100 0xc00010c200]
2026/02/07 14:34:07 i 0 cmd1 <nil>, ok false
2026/02/07 14:34:07 i 1 cmd1 <nil>, ok false
2026/02/07 14:34:07 i 2 cmd1 104, ok true
2026/02/07 14:34:07 nd 1, cmd1 104 cmd 104
2026/02/07 14:34:07 [14:34:07.831] [Node:0] [HEARTBEAT] [Trace:HB_0_3] 开始发送心跳广播 status LEADER term:3 commitIndex:2
2026/02/07 14:34:07 [14:34:07.831] [Node:1] [HEARTBEAT] [Trace:HB_1_4] Follower等心跳 status FOLLOWER term:4 commitIndex:4
2026/02/07 14:34:07 [14:34:07.831] [Node:2] [HEARTBEAT] [Trace:HB_2_4] 开始发送心跳广播 status LEADER term:4 commitIndex:4
2026/02/07 14:34:07 [Node:2] nextIndex:[3 5 3]
2026/02/07 14:34:07 [Node:2] getLogStartIndex index:2 last snapshot index:0
2026/02/07 14:34:07 [Node:2] getNextIndex len:5 last snapshot index:0
2026/02/07 14:34:07 [Node:2] getLogStartIndex index:3 last snapshot index:0
2026/02/07 14:34:07 [Node:0] nextIndex:[2 2 3]
2026/02/07 14:34:07 [Node:0] getLogStartIndex index:1 last snapshot index:0
2026/02/07 14:34:07 [Node:0] getNextIndex len:3 last snapshot index:0
2026/02/07 14:34:07 [14:34:07.831] [Node:2] [LOG_REPLICA] [Trace:LOG_2_4][2->0] 发送日志or心跳到 Node:0 开始 args:{4 2 2 3 [{104 4 false 3} {104 4 false 4}] 4 LOG_2_4 2 {0 0 map[] map[]}}
2026/02/07 14:34:07 [Node:0] getLogStartIndex index:2 last snapshot index:0
2026/02/07 14:34:07 [Node:2] nextIndex:[3 5 3]
2026/02/07 14:34:07 [Node:2] getLogStartIndex index:4 last snapshot index:0
2026/02/07 14:34:07 [Node:2] getNextIndex len:5 last snapshot index:0
2026/02/07 14:34:07 [14:34:07.831] [Node:0] [LOG_REPLICA] [Trace:LOG_0_3][0->1] 发送日志or心跳到 Node:1 开始 args:{3 0 1 2 [{103 3 false 2}] 2 LOG_0_3 0 {0 0 map[] map[]}}
2026/02/07 14:34:07 [Node:0] nextIndex:[2 2 3]
2026/02/07 14:34:07 [Node:0] getLogStartIndex index:2 last snapshot index:0
2026/02/07 14:34:07 [Node:0] getNextIndex len:3 last snapshot index:0
2026/02/07 14:34:07 [14:34:07.831] [Node:2] [LOG_REPLICA] [Trace:LOG_2_4][2->1] 发送日志or心跳到 Node:1 开始 args:{4 2 4 4 [] 4 LOG_2_4 2 {0 0 map[] map[]}}
2026/02/07 14:34:07 [14:34:07.831] [Node:0] [LOG_REPLICA] [Trace:LOG_0_3][0->2] 发送日志or心跳到 Node:2 开始 args:{3 0 2 3 [] 2 LOG_0_3 0 {0 0 map[] map[]}}
2026/02/07 14:34:07 [14:34:07.832] [Node:1] [HEARTBEAT] [Trace:LOG_2_4][2->1] AppendEntries 收到 term:4 leaderId:2 prevLogIndex:4 prevLogTerm:4 entries:0 leaderCommit:4 isHeartbeat:true currentTerm:4 status:FOLLOWER log:[]
2026/02/07 14:34:07 [Node:1] getNextIndex len:6 last snapshot index:0
2026/02/07 14:34:07 [14:34:07.832] [Node:1] [HEARTBEAT] [Trace:LOG_2_4][2->1] 打印日志结果:[{<nil> 0 false 0} {101 2 false 1} {101 2 false 1} {103 3 false 2} {104 4 false 3} {104 4 false 4}] 
2026/02/07 14:34:07 [Node:1] getLogStartIndex index:4 last snapshot index:0
2026/02/07 14:34:07 [14:34:07.832] [Node:1] [HEARTBEAT] [Trace:LOG_2_4][2->1] 复制日志结果:[{<nil> 0 false 0} {101 2 false 1} {101 2 false 1} {103 3 false 2} {104 4 false 3} {104 4 false 4}] 
2026/02/07 14:34:07 [14:34:07.832] [Node:2] [LOG_REPLICA] [Trace:LOG_2_4][2->1] 心跳返回 from peer:1 term:4 success:true
2026/02/07 14:34:07 rfats [0xc00010c000 0xc00010c100 0xc00010c200]
2026/02/07 14:34:07 i 0 cmd1 <nil>, ok false
2026/02/07 14:34:07 i 1 cmd1 <nil>, ok false
2026/02/07 14:34:07 i 2 cmd1 104, ok true
2026/02/07 14:34:07 nd 1, cmd1 104 cmd 104
2026/02/07 14:34:07 rfats [0xc00010c000 0xc00010c100 0xc00010c200]
2026/02/07 14:34:07 i 0 cmd1 <nil>, ok false
2026/02/07 14:34:07 i 1 cmd1 <nil>, ok false
2026/02/07 14:34:07 i 2 cmd1 104, ok true
2026/02/07 14:34:07 nd 1, cmd1 104 cmd 104
2026/02/07 14:34:07 [14:34:07.881] [Node:2] [HEARTBEAT] [Trace:HB_2_4] 开始发送心跳广播 status LEADER term:4 commitIndex:4
2026/02/07 14:34:07 [14:34:07.881] [Node:1] [HEARTBEAT] [Trace:HB_1_4] Follower等心跳 status FOLLOWER term:4 commitIndex:4
2026/02/07 14:34:07 [14:34:07.881] [Node:0] [HEARTBEAT] [Trace:HB_0_3] 开始发送心跳广播 status LEADER term:3 commitIndex:2
2026/02/07 14:34:07 [Node:2] nextIndex:[3 5 3]
2026/02/07 14:34:07 [Node:2] getLogStartIndex index:4 last snapshot index:0
2026/02/07 14:34:07 [Node:0] nextIndex:[2 2 3]
2026/02/07 14:34:07 [Node:2] getNextIndex len:5 last snapshot index:0
2026/02/07 14:34:07 [Node:0] getLogStartIndex index:1 last snapshot index:0
2026/02/07 14:34:07 [Node:0] getNextIndex len:3 last snapshot index:0
2026/02/07 14:34:07 [Node:0] getLogStartIndex index:2 last snapshot index:0
2026/02/07 14:34:07 [14:34:07.881] [Node:2] [LOG_REPLICA] [Trace:LOG_2_4][2->1] 发送日志or心跳到 Node:1 开始 args:{4 2 4 4 [] 4 LOG_2_4 2 {0 0 map[] map[]}}
2026/02/07 14:34:07 [Node:2] nextIndex:[3 5 3]
2026/02/07 14:34:07 [14:34:07.882] [Node:0] [LOG_REPLICA] [Trace:LOG_0_3][0->1] 发送日志or心跳到 Node:1 开始 args:{3 0 1 2 [{103 3 false 2}] 2 LOG_0_3 0 {0 0 map[] map[]}}
2026/02/07 14:34:07 [Node:2] getLogStartIndex index:2 last snapshot index:0
2026/02/07 14:34:07 [Node:2] getNextIndex len:5 last snapshot index:0
2026/02/07 14:34:07 [Node:2] getLogStartIndex index:3 last snapshot index:0
2026/02/07 14:34:07 [Node:0] nextIndex:[2 2 3]
2026/02/07 14:34:07 [Node:0] getLogStartIndex index:2 last snapshot index:0
2026/02/07 14:34:07 [Node:0] getNextIndex len:3 last snapshot index:0
2026/02/07 14:34:07 [14:34:07.882] [Node:2] [LOG_REPLICA] [Trace:LOG_2_4][2->0] 发送日志or心跳到 Node:0 开始 args:{4 2 2 3 [{104 4 false 3} {104 4 false 4}] 4 LOG_2_4 2 {0 0 map[] map[]}}
2026/02/07 14:34:07 [14:34:07.882] [Node:0] [LOG_REPLICA] [Trace:LOG_0_3][0->2] 发送日志or心跳到 Node:2 开始 args:{3 0 2 3 [] 2 LOG_0_3 0 {0 0 map[] map[]}}
2026/02/07 14:34:07 [14:34:07.882] [Node:1] [HEARTBEAT] [Trace:LOG_2_4][2->1] AppendEntries 收到 term:4 leaderId:2 prevLogIndex:4 prevLogTerm:4 entries:0 leaderCommit:4 isHeartbeat:true currentTerm:4 status:FOLLOWER log:[]
2026/02/07 14:34:07 [Node:1] getNextIndex len:6 last snapshot index:0
2026/02/07 14:34:07 rfats [0xc00010c000 0xc00010c100 0xc00010c200]
2026/02/07 14:34:07 i 0 cmd1 <nil>, ok false
2026/02/07 14:34:07 i 1 cmd1 <nil>, ok false
2026/02/07 14:34:07 i 2 cmd1 104, ok true
2026/02/07 14:34:07 [14:34:07.882] [Node:1] [HEARTBEAT] [Trace:LOG_2_4][2->1] 打印日志结果:[{<nil> 0 false 0} {101 2 false 1} {101 2 false 1} {103 3 false 2} {104 4 false 3} {104 4 false 4}] 
2026/02/07 14:34:07 [Node:1] getLogStartIndex index:4 last snapshot index:0
2026/02/07 14:34:07 nd 1, cmd1 104 cmd 104
2026/02/07 14:34:07 [14:34:07.882] [Node:1] [HEARTBEAT] [Trace:LOG_2_4][2->1] 复制日志结果:[{<nil> 0 false 0} {101 2 false 1} {101 2 false 1} {103 3 false 2} {104 4 false 3} {104 4 false 4}] 
2026/02/07 14:34:07 [14:34:07.882] [Node:2] [LOG_REPLICA] [Trace:LOG_2_4][2->1] 心跳返回 from peer:1 term:4 success:true
2026/02/07 14:34:07 rfats [0xc00010c000 0xc00010c100 0xc00010c200]
2026/02/07 14:34:07 i 0 cmd1 <nil>, ok false
2026/02/07 14:34:07 i 1 cmd1 <nil>, ok false
2026/02/07 14:34:07 i 2 cmd1 104, ok true
2026/02/07 14:34:07 nd 1, cmd1 104 cmd 104
2026/02/07 14:34:07 rfats [0xc00010c000 0xc00010c100 0xc00010c200]
2026/02/07 14:34:07 i 0 cmd1 <nil>, ok false
2026/02/07 14:34:07 i 1 cmd1 <nil>, ok false
2026/02/07 14:34:07 i 2 cmd1 104, ok true
2026/02/07 14:34:07 nd 1, cmd1 104 cmd 104
2026/02/07 14:34:07 [14:34:07.932] [Node:0] [HEARTBEAT] [Trace:HB_0_3] 开始发送心跳广播 status LEADER term:3 commitIndex:2
2026/02/07 14:34:07 [14:34:07.932] [Node:1] [HEARTBEAT] [Trace:HB_1_4] Follower等心跳 status FOLLOWER term:4 commitIndex:4
2026/02/07 14:34:07 [14:34:07.932] [Node:2] [HEARTBEAT] [Trace:HB_2_4] 开始发送心跳广播 status LEADER term:4 commitIndex:4
2026/02/07 14:34:07 [Node:0] nextIndex:[2 2 3]
2026/02/07 14:34:07 [Node:2] nextIndex:[3 5 3]
2026/02/07 14:34:07 [Node:2] getLogStartIndex index:2 last snapshot index:0
2026/02/07 14:34:07 [Node:0] getLogStartIndex index:1 last snapshot index:0
2026/02/07 14:34:07 [Node:2] getNextIndex len:5 last snapshot index:0
2026/02/07 14:34:07 [Node:0] getNextIndex len:3 last snapshot index:0
2026/02/07 14:34:07 [Node:0] getLogStartIndex index:2 last snapshot index:0
2026/02/07 14:34:07 [Node:2] getLogStartIndex index:3 last snapshot index:0
2026/02/07 14:34:07 [14:34:07.933] [Node:0] [LOG_REPLICA] [Trace:LOG_0_3][0->1] 发送日志or心跳到 Node:1 开始 args:{3 0 1 2 [{103 3 false 2}] 2 LOG_0_3 0 {0 0 map[] map[]}}
2026/02/07 14:34:07 [Node:0] nextIndex:[2 2 3]
2026/02/07 14:34:07 [14:34:07.933] [Node:2] [LOG_REPLICA] [Trace:LOG_2_4][2->0] 发送日志or心跳到 Node:0 开始 args:{4 2 2 3 [{104 4 false 3} {104 4 false 4}] 4 LOG_2_4 2 {0 0 map[] map[]}}
2026/02/07 14:34:07 [Node:0] getLogStartIndex index:2 last snapshot index:0
2026/02/07 14:34:07 [Node:0] getNextIndex len:3 last snapshot index:0
2026/02/07 14:34:07 [Node:2] nextIndex:[3 5 3]
2026/02/07 14:34:07 [14:34:07.933] [Node:0] [LOG_REPLICA] [Trace:LOG_0_3][0->2] 发送日志or心跳到 Node:2 开始 args:{3 0 2 3 [] 2 LOG_0_3 0 {0 0 map[] map[]}}
2026/02/07 14:34:07 [Node:2] getLogStartIndex index:4 last snapshot index:0
2026/02/07 14:34:07 [Node:2] getNextIndex len:5 last snapshot index:0
2026/02/07 14:34:07 [14:34:07.933] [Node:2] [LOG_REPLICA] [Trace:LOG_2_4][2->1] 发送日志or心跳到 Node:1 开始 args:{4 2 4 4 [] 4 LOG_2_4 2 {0 0 map[] map[]}}
2026/02/07 14:34:07 [14:34:07.933] [Node:1] [HEARTBEAT] [Trace:LOG_2_4][2->1] AppendEntries 收到 term:4 leaderId:2 prevLogIndex:4 prevLogTerm:4 entries:0 leaderCommit:4 isHeartbeat:true currentTerm:4 status:FOLLOWER log:[]
2026/02/07 14:34:07 [Node:1] getNextIndex len:6 last snapshot index:0
2026/02/07 14:34:07 [14:34:07.933] [Node:1] [HEARTBEAT] [Trace:LOG_2_4][2->1] 打印日志结果:[{<nil> 0 false 0} {101 2 false 1} {101 2 false 1} {103 3 false 2} {104 4 false 3} {104 4 false 4}] 
2026/02/07 14:34:07 [Node:1] getLogStartIndex index:4 last snapshot index:0
2026/02/07 14:34:07 [14:34:07.933] [Node:1] [HEARTBEAT] [Trace:LOG_2_4][2->1] 复制日志结果:[{<nil> 0 false 0} {101 2 false 1} {101 2 false 1} {103 3 false 2} {104 4 false 3} {104 4 false 4}] 
2026/02/07 14:34:07 [14:34:07.933] [Node:2] [LOG_REPLICA] [Trace:LOG_2_4][2->1] 心跳返回 from peer:1 term:4 success:true
2026/02/07 14:34:07 rfats [0xc00010c000 0xc00010c100 0xc00010c200]
2026/02/07 14:34:07 i 0 cmd1 <nil>, ok false
2026/02/07 14:34:07 i 1 cmd1 <nil>, ok false
2026/02/07 14:34:07 i 2 cmd1 104, ok true
2026/02/07 14:34:07 nd 1, cmd1 104 cmd 104
2026/02/07 14:34:07 rfats [0xc00010c000 0xc00010c100 0xc00010c200]
2026/02/07 14:34:07 i 0 cmd1 <nil>, ok false
2026/02/07 14:34:07 i 1 cmd1 <nil>, ok false
2026/02/07 14:34:07 i 2 cmd1 104, ok true
2026/02/07 14:34:07 nd 1, cmd1 104 cmd 104
2026/02/07 14:34:07 [14:34:07.983] [Node:0] [HEARTBEAT] [Trace:HB_0_3] 开始发送心跳广播 status LEADER term:3 commitIndex:2
2026/02/07 14:34:07 [14:34:07.983] [Node:2] [HEARTBEAT] [Trace:HB_2_4] 开始发送心跳广播 status LEADER term:4 commitIndex:4
2026/02/07 14:34:07 [Node:0] nextIndex:[2 2 3]
2026/02/07 14:34:07 [Node:0] getLogStartIndex index:1 last snapshot index:0
2026/02/07 14:34:07 [Node:0] getNextIndex len:3 last snapshot index:0
2026/02/07 14:34:07 [Node:0] getLogStartIndex index:2 last snapshot index:0
2026/02/07 14:34:07 [14:34:07.983] [Node:1] [HEARTBEAT] [Trace:HB_1_4] Follower等心跳 status FOLLOWER term:4 commitIndex:4
2026/02/07 14:34:07 [Node:2] nextIndex:[3 5 3]
2026/02/07 14:34:07 [Node:2] getLogStartIndex index:2 last snapshot index:0
2026/02/07 14:34:07 [14:34:07.983] [Node:0] [LOG_REPLICA] [Trace:LOG_0_3][0->1] 发送日志or心跳到 Node:1 开始 args:{3 0 1 2 [{103 3 false 2}] 2 LOG_0_3 0 {0 0 map[] map[]}}
2026/02/07 14:34:07 [Node:0] nextIndex:[2 2 3]
2026/02/07 14:34:07 [Node:0] getLogStartIndex index:2 last snapshot index:0
2026/02/07 14:34:07 [Node:0] getNextIndex len:3 last snapshot index:0
2026/02/07 14:34:07 [Node:2] getNextIndex len:5 last snapshot index:0
2026/02/07 14:34:07 [Node:2] getLogStartIndex index:3 last snapshot index:0
2026/02/07 14:34:07 [14:34:07.983] [Node:0] [LOG_REPLICA] [Trace:LOG_0_3][0->2] 发送日志or心跳到 Node:2 开始 args:{3 0 2 3 [] 2 LOG_0_3 0 {0 0 map[] map[]}}
2026/02/07 14:34:07 [Node:2] nextIndex:[3 5 3]
2026/02/07 14:34:07 [14:34:07.983] [Node:2] [LOG_REPLICA] [Trace:LOG_2_4][2->0] 发送日志or心跳到 Node:0 开始 args:{4 2 2 3 [{104 4 false 3} {104 4 false 4}] 4 LOG_2_4 2 {0 0 map[] map[]}}
2026/02/07 14:34:07 [Node:2] getLogStartIndex index:4 last snapshot index:0
2026/02/07 14:34:07 [Node:2] getNextIndex len:5 last snapshot index:0
2026/02/07 14:34:07 [14:34:07.983] [Node:2] [LOG_REPLICA] [Trace:LOG_2_4][2->1] 发送日志or心跳到 Node:1 开始 args:{4 2 4 4 [] 4 LOG_2_4 2 {0 0 map[] map[]}}
2026/02/07 14:34:07 [14:34:07.984] [Node:1] [HEARTBEAT] [Trace:LOG_2_4][2->1] AppendEntries 收到 term:4 leaderId:2 prevLogIndex:4 prevLogTerm:4 entries:0 leaderCommit:4 isHeartbeat:true currentTerm:4 status:FOLLOWER log:[]
2026/02/07 14:34:07 [Node:1] getNextIndex len:6 last snapshot index:0
2026/02/07 14:34:07 [14:34:07.984] [Node:1] [HEARTBEAT] [Trace:LOG_2_4][2->1] 打印日志结果:[{<nil> 0 false 0} {101 2 false 1} {101 2 false 1} {103 3 false 2} {104 4 false 3} {104 4 false 4}] 
2026/02/07 14:34:07 [Node:1] getLogStartIndex index:4 last snapshot index:0
2026/02/07 14:34:07 [14:34:07.984] [Node:1] [HEARTBEAT] [Trace:LOG_2_4][2->1] 复制日志结果:[{<nil> 0 false 0} {101 2 false 1} {101 2 false 1} {103 3 false 2} {104 4 false 3} {104 4 false 4}] 
2026/02/07 14:34:07 [14:34:07.984] [Node:2] [LOG_REPLICA] [Trace:LOG_2_4][2->1] 心跳返回 from peer:1 term:4 success:true
2026/02/07 14:34:07 rfats [0xc00010c000 0xc00010c100 0xc00010c200]
2026/02/07 14:34:07 i 0 cmd1 <nil>, ok false
2026/02/07 14:34:07 i 1 cmd1 <nil>, ok false
2026/02/07 14:34:07 i 2 cmd1 104, ok true
2026/02/07 14:34:07 nd 1, cmd1 104 cmd 104
2026/02/07 14:34:08 rfats [0xc00010c000 0xc00010c100 0xc00010c200]
2026/02/07 14:34:08 i 0 cmd1 <nil>, ok false
2026/02/07 14:34:08 i 1 cmd1 <nil>, ok false
2026/02/07 14:34:08 i 2 cmd1 104, ok true
2026/02/07 14:34:08 nd 1, cmd1 104 cmd 104
2026/02/07 14:34:08 rfats [0xc00010c000 0xc00010c100 0xc00010c200]
2026/02/07 14:34:08 i 0 cmd1 <nil>, ok false
2026/02/07 14:34:08 i 1 cmd1 <nil>, ok false
2026/02/07 14:34:08 i 2 cmd1 104, ok true
2026/02/07 14:34:08 nd 1, cmd1 104 cmd 104
2026/02/07 14:34:08 [14:34:08.034] [Node:2] [HEARTBEAT] [Trace:HB_2_4] 开始发送心跳广播 status LEADER term:4 commitIndex:4
2026/02/07 14:34:08 [14:34:08.034] [Node:0] [HEARTBEAT] [Trace:HB_0_3] 开始发送心跳广播 status LEADER term:3 commitIndex:2
2026/02/07 14:34:08 [14:34:08.034] [Node:1] [HEARTBEAT] [Trace:HB_1_4] Follower等心跳 status FOLLOWER term:4 commitIndex:4
2026/02/07 14:34:08 [Node:2] nextIndex:[3 5 3]
2026/02/07 14:34:08 [Node:2] getLogStartIndex index:4 last snapshot index:0
2026/02/07 14:34:08 [Node:0] nextIndex:[2 2 3]
2026/02/07 14:34:08 [Node:2] getNextIndex len:5 last snapshot index:0
2026/02/07 14:34:08 [Node:0] getLogStartIndex index:1 last snapshot index:0
2026/02/07 14:34:08 [Node:0] getNextIndex len:3 last snapshot index:0
2026/02/07 14:34:08 [14:34:08.034] [Node:2] [LOG_REPLICA] [Trace:LOG_2_4][2->1] 发送日志or心跳到 Node:1 开始 args:{4 2 4 4 [] 4 LOG_2_4 2 {0 0 map[] map[]}}
2026/02/07 14:34:08 [Node:2] nextIndex:[3 5 3]
2026/02/07 14:34:08 [Node:0] getLogStartIndex index:2 last snapshot index:0
2026/02/07 14:34:08 [Node:2] getLogStartIndex index:2 last snapshot index:0
2026/02/07 14:34:08 [Node:2] getNextIndex len:5 last snapshot index:0
2026/02/07 14:34:08 [14:34:08.034] [Node:0] [LOG_REPLICA] [Trace:LOG_0_3][0->1] 发送日志or心跳到 Node:1 开始 args:{3 0 1 2 [{103 3 false 2}] 2 LOG_0_3 0 {0 0 map[] map[]}}
2026/02/07 14:34:08 [Node:2] getLogStartIndex index:3 last snapshot index:0
2026/02/07 14:34:08 [Node:0] nextIndex:[2 2 3]
2026/02/07 14:34:08 [Node:0] getLogStartIndex index:2 last snapshot index:0
2026/02/07 14:34:08 [14:34:08.034] [Node:2] [LOG_REPLICA] [Trace:LOG_2_4][2->0] 发送日志or心跳到 Node:0 开始 args:{4 2 2 3 [{104 4 false 3} {104 4 false 4}] 4 LOG_2_4 2 {0 0 map[] map[]}}
2026/02/07 14:34:08 [Node:0] getNextIndex len:3 last snapshot index:0
2026/02/07 14:34:08 [14:34:08.034] [Node:0] [LOG_REPLICA] [Trace:LOG_0_3][0->2] 发送日志or心跳到 Node:2 开始 args:{3 0 2 3 [] 2 LOG_0_3 0 {0 0 map[] map[]}}
2026/02/07 14:34:08 [14:34:08.034] [Node:1] [HEARTBEAT] [Trace:LOG_2_4][2->1] AppendEntries 收到 term:4 leaderId:2 prevLogIndex:4 prevLogTerm:4 entries:0 leaderCommit:4 isHeartbeat:true currentTerm:4 status:FOLLOWER log:[]
2026/02/07 14:34:08 [Node:1] getNextIndex len:6 last snapshot index:0
2026/02/07 14:34:08 [14:34:08.034] [Node:1] [HEARTBEAT] [Trace:LOG_2_4][2->1] 打印日志结果:[{<nil> 0 false 0} {101 2 false 1} {101 2 false 1} {103 3 false 2} {104 4 false 3} {104 4 false 4}] 
2026/02/07 14:34:08 [Node:1] getLogStartIndex index:4 last snapshot index:0
2026/02/07 14:34:08 [14:34:08.034] [Node:1] [HEARTBEAT] [Trace:LOG_2_4][2->1] 复制日志结果:[{<nil> 0 false 0} {101 2 false 1} {101 2 false 1} {103 3 false 2} {104 4 false 3} {104 4 false 4}] 
2026/02/07 14:34:08 [14:34:08.035] [Node:2] [LOG_REPLICA] [Trace:LOG_2_4][2->1] 心跳返回 from peer:1 term:4 success:true
2026/02/07 14:34:08 rfats [0xc00010c000 0xc00010c100 0xc00010c200]
2026/02/07 14:34:08 i 0 cmd1 <nil>, ok false
2026/02/07 14:34:08 i 1 cmd1 <nil>, ok false
2026/02/07 14:34:08 i 2 cmd1 104, ok true
2026/02/07 14:34:08 nd 1, cmd1 104 cmd 104
2026/02/07 14:34:08 rfats [0xc00010c000 0xc00010c100 0xc00010c200]
2026/02/07 14:34:08 i 0 cmd1 <nil>, ok false
2026/02/07 14:34:08 i 1 cmd1 <nil>, ok false
2026/02/07 14:34:08 i 2 cmd1 104, ok true
2026/02/07 14:34:08 nd 1, cmd1 104 cmd 104
2026/02/07 14:34:08 [14:34:08.084] [Node:2] [HEARTBEAT] [Trace:HB_2_4] 开始发送心跳广播 status LEADER term:4 commitIndex:4
2026/02/07 14:34:08 [14:34:08.084] [Node:1] [HEARTBEAT] [Trace:HB_1_4] Follower等心跳 status FOLLOWER term:4 commitIndex:4
2026/02/07 14:34:08 [14:34:08.084] [Node:0] [HEARTBEAT] [Trace:HB_0_3] 开始发送心跳广播 status LEADER term:3 commitIndex:2
2026/02/07 14:34:08 [Node:2] nextIndex:[3 5 3]
2026/02/07 14:34:08 [Node:2] getLogStartIndex index:2 last snapshot index:0
2026/02/07 14:34:08 [Node:2] getNextIndex len:5 last snapshot index:0
2026/02/07 14:34:08 [Node:2] getLogStartIndex index:3 last snapshot index:0
2026/02/07 14:34:08 [Node:0] nextIndex:[2 2 3]
2026/02/07 14:34:08 [Node:0] getLogStartIndex index:1 last snapshot index:0
2026/02/07 14:34:08 [Node:0] getNextIndex len:3 last snapshot index:0
2026/02/07 14:34:08 [14:34:08.084] [Node:2] [LOG_REPLICA] [Trace:LOG_2_4][2->0] 发送日志or心跳到 Node:0 开始 args:{4 2 2 3 [{104 4 false 3} {104 4 false 4}] 4 LOG_2_4 2 {0 0 map[] map[]}}
2026/02/07 14:34:08 [Node:0] getLogStartIndex index:2 last snapshot index:0
2026/02/07 14:34:08 [Node:2] nextIndex:[3 5 3]
2026/02/07 14:34:08 [Node:2] getLogStartIndex index:4 last snapshot index:0
2026/02/07 14:34:08 [Node:0] nextIndex:[2 2 3]
2026/02/07 14:34:08 [Node:0] getLogStartIndex index:2 last snapshot index:0
2026/02/07 14:34:08 [Node:0] getNextIndex len:3 last snapshot index:0
2026/02/07 14:34:08 [14:34:08.084] [Node:0] [LOG_REPLICA] [Trace:LOG_0_3][0->1] 发送日志or心跳到 Node:1 开始 args:{3 0 1 2 [{103 3 false 2}] 2 LOG_0_3 0 {0 0 map[] map[]}}
2026/02/07 14:34:08 [14:34:08.084] [Node:0] [LOG_REPLICA] [Trace:LOG_0_3][0->2] 发送日志or心跳到 Node:2 开始 args:{3 0 2 3 [] 2 LOG_0_3 0 {0 0 map[] map[]}}
2026/02/07 14:34:08 [Node:2] getNextIndex len:5 last snapshot index:0
2026/02/07 14:34:08 [14:34:08.084] [Node:2] [LOG_REPLICA] [Trace:LOG_2_4][2->1] 发送日志or心跳到 Node:1 开始 args:{4 2 4 4 [] 4 LOG_2_4 2 {0 0 map[] map[]}}
2026/02/07 14:34:08 [14:34:08.085] [Node:1] [HEARTBEAT] [Trace:LOG_2_4][2->1] AppendEntries 收到 term:4 leaderId:2 prevLogIndex:4 prevLogTerm:4 entries:0 leaderCommit:4 isHeartbeat:true currentTerm:4 status:FOLLOWER log:[]
2026/02/07 14:34:08 [Node:1] getNextIndex len:6 last snapshot index:0
2026/02/07 14:34:08 [14:34:08.085] [Node:1] [HEARTBEAT] [Trace:LOG_2_4][2->1] 打印日志结果:[{<nil> 0 false 0} {101 2 false 1} {101 2 false 1} {103 3 false 2} {104 4 false 3} {104 4 false 4}] 
2026/02/07 14:34:08 [Node:1] getLogStartIndex index:4 last snapshot index:0
2026/02/07 14:34:08 [14:34:08.085] [Node:1] [HEARTBEAT] [Trace:LOG_2_4][2->1] 复制日志结果:[{<nil> 0 false 0} {101 2 false 1} {101 2 false 1} {103 3 false 2} {104 4 false 3} {104 4 false 4}] 
2026/02/07 14:34:08 [14:34:08.085] [Node:2] [LOG_REPLICA] [Trace:LOG_2_4][2->1] 心跳返回 from peer:1 term:4 success:true
2026/02/07 14:34:08 rfats [0xc00010c000 0xc00010c100 0xc00010c200]
2026/02/07 14:34:08 i 0 cmd1 <nil>, ok false
2026/02/07 14:34:08 i 1 cmd1 <nil>, ok false
2026/02/07 14:34:08 i 2 cmd1 104, ok true
2026/02/07 14:34:08 nd 1, cmd1 104 cmd 104
2026/02/07 14:34:08 rfats [0xc00010c000 0xc00010c100 0xc00010c200]
2026/02/07 14:34:08 i 0 cmd1 <nil>, ok false
2026/02/07 14:34:08 i 1 cmd1 <nil>, ok false
2026/02/07 14:34:08 i 2 cmd1 104, ok true
2026/02/07 14:34:08 nd 1, cmd1 104 cmd 104
2026/02/07 14:34:08 rfats [0xc00010c000 0xc00010c100 0xc00010c200]
2026/02/07 14:34:08 i 0 cmd1 <nil>, ok false
2026/02/07 14:34:08 i 1 cmd1 <nil>, ok false
2026/02/07 14:34:08 i 2 cmd1 104, ok true
2026/02/07 14:34:08 nd 1, cmd1 104 cmd 104
2026/02/07 14:34:08 [14:34:08.134] [Node:1] [HEARTBEAT] [Trace:HB_1_4] Follower等心跳 status FOLLOWER term:4 commitIndex:4
2026/02/07 14:34:08 [14:34:08.134] [Node:2] [HEARTBEAT] [Trace:HB_2_4] 开始发送心跳广播 status LEADER term:4 commitIndex:4
2026/02/07 14:34:08 [14:34:08.134] [Node:0] [HEARTBEAT] [Trace:HB_0_3] 开始发送心跳广播 status LEADER term:3 commitIndex:2
2026/02/07 14:34:08 [Node:2] nextIndex:[3 5 3]
2026/02/07 14:34:08 [Node:0] nextIndex:[2 2 3]
2026/02/07 14:34:08 [Node:2] getLogStartIndex index:2 last snapshot index:0
2026/02/07 14:34:08 [Node:0] getLogStartIndex index:1 last snapshot index:0
2026/02/07 14:34:08 [Node:2] getNextIndex len:5 last snapshot index:0
2026/02/07 14:34:08 [Node:0] getNextIndex len:3 last snapshot index:0
2026/02/07 14:34:08 [Node:2] getLogStartIndex index:3 last snapshot index:0
2026/02/07 14:34:08 [Node:0] getLogStartIndex index:2 last snapshot index:0
2026/02/07 14:34:08 [Node:2] nextIndex:[3 5 3]
2026/02/07 14:34:08 [14:34:08.135] [Node:0] [LOG_REPLICA] [Trace:LOG_0_3][0->1] 发送日志or心跳到 Node:1 开始 args:{3 0 1 2 [{103 3 false 2}] 2 LOG_0_3 0 {0 0 map[] map[]}}
2026/02/07 14:34:08 [Node:2] getLogStartIndex index:4 last snapshot index:0
2026/02/07 14:34:08 [Node:2] getNextIndex len:5 last snapshot index:0
2026/02/07 14:34:08 [14:34:08.135] [Node:2] [LOG_REPLICA] [Trace:LOG_2_4][2->0] 发送日志or心跳到 Node:0 开始 args:{4 2 2 3 [{104 4 false 3} {104 4 false 4}] 4 LOG_2_4 2 {0 0 map[] map[]}}
2026/02/07 14:34:08 [Node:0] nextIndex:[2 2 3]
2026/02/07 14:34:08 [14:34:08.135] [Node:2] [LOG_REPLICA] [Trace:LOG_2_4][2->1] 发送日志or心跳到 Node:1 开始 args:{4 2 4 4 [] 4 LOG_2_4 2 {0 0 map[] map[]}}
2026/02/07 14:34:08 [Node:0] getLogStartIndex index:2 last snapshot index:0
2026/02/07 14:34:08 [Node:0] getNextIndex len:3 last snapshot index:0
2026/02/07 14:34:08 [14:34:08.135] [Node:0] [LOG_REPLICA] [Trace:LOG_0_3][0->2] 发送日志or心跳到 Node:2 开始 args:{3 0 2 3 [] 2 LOG_0_3 0 {0 0 map[] map[]}}
2026/02/07 14:34:08 [14:34:08.135] [Node:1] [HEARTBEAT] [Trace:LOG_2_4][2->1] AppendEntries 收到 term:4 leaderId:2 prevLogIndex:4 prevLogTerm:4 entries:0 leaderCommit:4 isHeartbeat:true currentTerm:4 status:FOLLOWER log:[]
2026/02/07 14:34:08 [Node:1] getNextIndex len:6 last snapshot index:0
2026/02/07 14:34:08 [14:34:08.135] [Node:1] [HEARTBEAT] [Trace:LOG_2_4][2->1] 打印日志结果:[{<nil> 0 false 0} {101 2 false 1} {101 2 false 1} {103 3 false 2} {104 4 false 3} {104 4 false 4}] 
2026/02/07 14:34:08 [Node:1] getLogStartIndex index:4 last snapshot index:0
2026/02/07 14:34:08 [14:34:08.135] [Node:1] [HEARTBEAT] [Trace:LOG_2_4][2->1] 复制日志结果:[{<nil> 0 false 0} {101 2 false 1} {101 2 false 1} {103 3 false 2} {104 4 false 3} {104 4 false 4}] 
2026/02/07 14:34:08 [14:34:08.135] [Node:2] [LOG_REPLICA] [Trace:LOG_2_4][2->1] 心跳返回 from peer:1 term:4 success:true
2026/02/07 14:34:08 rfats [0xc00010c000 0xc00010c100 0xc00010c200]
2026/02/07 14:34:08 i 0 cmd1 <nil>, ok false
2026/02/07 14:34:08 i 1 cmd1 <nil>, ok false
2026/02/07 14:34:08 i 2 cmd1 104, ok true
2026/02/07 14:34:08 nd 1, cmd1 104 cmd 104
2026/02/07 14:34:08 rfats [0xc00010c000 0xc00010c100 0xc00010c200]
2026/02/07 14:34:08 i 0 cmd1 <nil>, ok false
2026/02/07 14:34:08 i 1 cmd1 <nil>, ok false
2026/02/07 14:34:08 i 2 cmd1 104, ok true
2026/02/07 14:34:08 nd 1, cmd1 104 cmd 104
2026/02/07 14:34:08 [14:34:08.185] [Node:1] [HEARTBEAT] [Trace:HB_1_4] Follower等心跳 status FOLLOWER term:4 commitIndex:4
2026/02/07 14:34:08 [14:34:08.185] [Node:2] [HEARTBEAT] [Trace:HB_2_4] 开始发送心跳广播 status LEADER term:4 commitIndex:4
2026/02/07 14:34:08 [14:34:08.185] [Node:0] [HEARTBEAT] [Trace:HB_0_3] 开始发送心跳广播 status LEADER term:3 commitIndex:2
2026/02/07 14:34:08 [Node:0] nextIndex:[2 2 3]
2026/02/07 14:34:08 [Node:0] getLogStartIndex index:2 last snapshot index:0
2026/02/07 14:34:08 [Node:0] getNextIndex len:3 last snapshot index:0
2026/02/07 14:34:08 [Node:2] nextIndex:[3 5 3]
2026/02/07 14:34:08 [Node:2] getLogStartIndex index:4 last snapshot index:0
2026/02/07 14:34:08 [Node:2] getNextIndex len:5 last snapshot index:0
2026/02/07 14:34:08 [Node:0] nextIndex:[2 2 3]
2026/02/07 14:34:08 [14:34:08.186] [Node:0] [LOG_REPLICA] [Trace:LOG_0_3][0->2] 发送日志or心跳到 Node:2 开始 args:{3 0 2 3 [] 2 LOG_0_3 0 {0 0 map[] map[]}}
2026/02/07 14:34:08 [14:34:08.186] [Node:2] [LOG_REPLICA] [Trace:LOG_2_4][2->1] 发送日志or心跳到 Node:1 开始 args:{4 2 4 4 [] 4 LOG_2_4 2 {0 0 map[] map[]}}
2026/02/07 14:34:08 [Node:0] getLogStartIndex index:1 last snapshot index:0
2026/02/07 14:34:08 [Node:2] nextIndex:[3 5 3]
2026/02/07 14:34:08 [Node:2] getLogStartIndex index:2 last snapshot index:0
2026/02/07 14:34:08 [Node:0] getNextIndex len:3 last snapshot index:0
2026/02/07 14:34:08 [Node:2] getNextIndex len:5 last snapshot index:0
2026/02/07 14:34:08 [Node:2] getLogStartIndex index:3 last snapshot index:0
2026/02/07 14:34:08 [Node:0] getLogStartIndex index:2 last snapshot index:0
2026/02/07 14:34:08 [14:34:08.186] [Node:2] [LOG_REPLICA] [Trace:LOG_2_4][2->0] 发送日志or心跳到 Node:0 开始 args:{4 2 2 3 [{104 4 false 3} {104 4 false 4}] 4 LOG_2_4 2 {0 0 map[] map[]}}
2026/02/07 14:34:08 [14:34:08.186] [Node:0] [LOG_REPLICA] [Trace:LOG_0_3][0->1] 发送日志or心跳到 Node:1 开始 args:{3 0 1 2 [{103 3 false 2}] 2 LOG_0_3 0 {0 0 map[] map[]}}
2026/02/07 14:34:08 [14:34:08.186] [Node:1] [HEARTBEAT] [Trace:LOG_2_4][2->1] AppendEntries 收到 term:4 leaderId:2 prevLogIndex:4 prevLogTerm:4 entries:0 leaderCommit:4 isHeartbeat:true currentTerm:4 status:FOLLOWER log:[]
2026/02/07 14:34:08 [Node:1] getNextIndex len:6 last snapshot index:0
2026/02/07 14:34:08 [14:34:08.186] [Node:1] [HEARTBEAT] [Trace:LOG_2_4][2->1] 打印日志结果:[{<nil> 0 false 0} {101 2 false 1} {101 2 false 1} {103 3 false 2} {104 4 false 3} {104 4 false 4}] 
2026/02/07 14:34:08 [Node:1] getLogStartIndex index:4 last snapshot index:0
2026/02/07 14:34:08 [14:34:08.186] [Node:1] [HEARTBEAT] [Trace:LOG_2_4][2->1] 复制日志结果:[{<nil> 0 false 0} {101 2 false 1} {101 2 false 1} {103 3 false 2} {104 4 false 3} {104 4 false 4}] 
2026/02/07 14:34:08 [14:34:08.186] [Node:2] [LOG_REPLICA] [Trace:LOG_2_4][2->1] 心跳返回 from peer:1 term:4 success:true
2026/02/07 14:34:08 rfats [0xc00010c000 0xc00010c100 0xc00010c200]
2026/02/07 14:34:08 i 0 cmd1 <nil>, ok false
2026/02/07 14:34:08 i 1 cmd1 <nil>, ok false
2026/02/07 14:34:08 i 2 cmd1 104, ok true
2026/02/07 14:34:08 nd 1, cmd1 104 cmd 104
2026/02/07 14:34:08 rfats [0xc00010c000 0xc00010c100 0xc00010c200]
2026/02/07 14:34:08 i 0 cmd1 <nil>, ok false
2026/02/07 14:34:08 i 1 cmd1 <nil>, ok false
2026/02/07 14:34:08 i 2 cmd1 104, ok true
2026/02/07 14:34:08 nd 1, cmd1 104 cmd 104
2026/02/07 14:34:08 rfats [0xc00010c000 0xc00010c100 0xc00010c200]
2026/02/07 14:34:08 i 0 cmd1 <nil>, ok false
2026/02/07 14:34:08 i 1 cmd1 <nil>, ok false
2026/02/07 14:34:08 i 2 cmd1 104, ok true
2026/02/07 14:34:08 nd 1, cmd1 104 cmd 104
2026/02/07 14:34:08 [14:34:08.236] [Node:0] [HEARTBEAT] [Trace:HB_0_3] 开始发送心跳广播 status LEADER term:3 commitIndex:2
2026/02/07 14:34:08 [14:34:08.236] [Node:1] [HEARTBEAT] [Trace:HB_1_4] Follower等心跳 status FOLLOWER term:4 commitIndex:4
2026/02/07 14:34:08 [14:34:08.236] [Node:2] [HEARTBEAT] [Trace:HB_2_4] 开始发送心跳广播 status LEADER term:4 commitIndex:4
2026/02/07 14:34:08 [Node:2] nextIndex:[3 5 3]
2026/02/07 14:34:08 [Node:2] getLogStartIndex index:2 last snapshot index:0
2026/02/07 14:34:08 [Node:2] getNextIndex len:5 last snapshot index:0
2026/02/07 14:34:08 [Node:2] getLogStartIndex index:3 last snapshot index:0
2026/02/07 14:34:08 [Node:0] nextIndex:[2 2 3]
2026/02/07 14:34:08 [Node:0] getLogStartIndex index:1 last snapshot index:0
2026/02/07 14:34:08 [14:34:08.236] [Node:2] [LOG_REPLICA] [Trace:LOG_2_4][2->0] 发送日志or心跳到 Node:0 开始 args:{4 2 2 3 [{104 4 false 3} {104 4 false 4}] 4 LOG_2_4 2 {0 0 map[] map[]}}
2026/02/07 14:34:08 [Node:2] nextIndex:[3 5 3]
2026/02/07 14:34:08 [Node:0] getNextIndex len:3 last snapshot index:0
2026/02/07 14:34:08 [Node:2] getLogStartIndex index:4 last snapshot index:0
2026/02/07 14:34:08 [Node:0] getLogStartIndex index:2 last snapshot index:0
2026/02/07 14:34:08 [Node:2] getNextIndex len:5 last snapshot index:0
2026/02/07 14:34:08 [14:34:08.236] [Node:2] [LOG_REPLICA] [Trace:LOG_2_4][2->1] 发送日志or心跳到 Node:1 开始 args:{4 2 4 4 [] 4 LOG_2_4 2 {0 0 map[] map[]}}
2026/02/07 14:34:08 [Node:0] nextIndex:[2 2 3]
2026/02/07 14:34:08 [14:34:08.236] [Node:0] [LOG_REPLICA] [Trace:LOG_0_3][0->1] 发送日志or心跳到 Node:1 开始 args:{3 0 1 2 [{103 3 false 2}] 2 LOG_0_3 0 {0 0 map[] map[]}}
2026/02/07 14:34:08 [Node:0] getLogStartIndex index:2 last snapshot index:0
2026/02/07 14:34:08 [Node:0] getNextIndex len:3 last snapshot index:0
2026/02/07 14:34:08 [14:34:08.236] [Node:0] [LOG_REPLICA] [Trace:LOG_0_3][0->2] 发送日志or心跳到 Node:2 开始 args:{3 0 2 3 [] 2 LOG_0_3 0 {0 0 map[] map[]}}
2026/02/07 14:34:08 [14:34:08.237] [Node:1] [HEARTBEAT] [Trace:LOG_2_4][2->1] AppendEntries 收到 term:4 leaderId:2 prevLogIndex:4 prevLogTerm:4 entries:0 leaderCommit:4 isHeartbeat:true currentTerm:4 status:FOLLOWER log:[]
2026/02/07 14:34:08 [Node:1] getNextIndex len:6 last snapshot index:0
2026/02/07 14:34:08 [14:34:08.237] [Node:1] [HEARTBEAT] [Trace:LOG_2_4][2->1] 打印日志结果:[{<nil> 0 false 0} {101 2 false 1} {101 2 false 1} {103 3 false 2} {104 4 false 3} {104 4 false 4}] 
2026/02/07 14:34:08 [Node:1] getLogStartIndex index:4 last snapshot index:0
2026/02/07 14:34:08 [14:34:08.237] [Node:1] [HEARTBEAT] [Trace:LOG_2_4][2->1] 复制日志结果:[{<nil> 0 false 0} {101 2 false 1} {101 2 false 1} {103 3 false 2} {104 4 false 3} {104 4 false 4}] 
2026/02/07 14:34:08 [14:34:08.237] [Node:2] [LOG_REPLICA] [Trace:LOG_2_4][2->1] 心跳返回 from peer:1 term:4 success:true
2026/02/07 14:34:08 rfats [0xc00010c000 0xc00010c100 0xc00010c200]
2026/02/07 14:34:08 i 0 cmd1 <nil>, ok false
2026/02/07 14:34:08 i 1 cmd1 <nil>, ok false
2026/02/07 14:34:08 i 2 cmd1 104, ok true
2026/02/07 14:34:08 nd 1, cmd1 104 cmd 104
2026/02/07 14:34:08 rfats [0xc00010c000 0xc00010c100 0xc00010c200]
2026/02/07 14:34:08 i 0 cmd1 <nil>, ok false
2026/02/07 14:34:08 i 1 cmd1 <nil>, ok false
2026/02/07 14:34:08 i 2 cmd1 104, ok true
2026/02/07 14:34:08 nd 1, cmd1 104 cmd 104
2026/02/07 14:34:08 [14:34:08.286] [Node:2] [HEARTBEAT] [Trace:HB_2_4] 开始发送心跳广播 status LEADER term:4 commitIndex:4
2026/02/07 14:34:08 [14:34:08.286] [Node:1] [HEARTBEAT] [Trace:HB_1_4] Follower等心跳 status FOLLOWER term:4 commitIndex:4
2026/02/07 14:34:08 [14:34:08.286] [Node:0] [HEARTBEAT] [Trace:HB_0_3] 开始发送心跳广播 status LEADER term:3 commitIndex:2
2026/02/07 14:34:08 [Node:2] nextIndex:[3 5 3]
2026/02/07 14:34:08 [Node:2] getLogStartIndex index:2 last snapshot index:0
2026/02/07 14:34:08 [Node:2] getNextIndex len:5 last snapshot index:0
2026/02/07 14:34:08 [Node:0] nextIndex:[2 2 3]
2026/02/07 14:34:08 [Node:2] getLogStartIndex index:3 last snapshot index:0
2026/02/07 14:34:08 [Node:0] getLogStartIndex index:1 last snapshot index:0
2026/02/07 14:34:08 [Node:0] getNextIndex len:3 last snapshot index:0
2026/02/07 14:34:08 [14:34:08.286] [Node:2] [LOG_REPLICA] [Trace:LOG_2_4][2->0] 发送日志or心跳到 Node:0 开始 args:{4 2 2 3 [{104 4 false 3} {104 4 false 4}] 4 LOG_2_4 2 {0 0 map[] map[]}}
2026/02/07 14:34:08 [Node:2] nextIndex:[3 5 3]
2026/02/07 14:34:08 [Node:0] getLogStartIndex index:2 last snapshot index:0
2026/02/07 14:34:08 [Node:2] getLogStartIndex index:4 last snapshot index:0
2026/02/07 14:34:08 [Node:2] getNextIndex len:5 last snapshot index:0
2026/02/07 14:34:08 [14:34:08.286] [Node:0] [LOG_REPLICA] [Trace:LOG_0_3][0->1] 发送日志or心跳到 Node:1 开始 args:{3 0 1 2 [{103 3 false 2}] 2 LOG_0_3 0 {0 0 map[] map[]}}
2026/02/07 14:34:08 [14:34:08.287] [Node:2] [LOG_REPLICA] [Trace:LOG_2_4][2->1] 发送日志or心跳到 Node:1 开始 args:{4 2 4 4 [] 4 LOG_2_4 2 {0 0 map[] map[]}}
2026/02/07 14:34:08 [Node:0] nextIndex:[2 2 3]
2026/02/07 14:34:08 [Node:0] getLogStartIndex index:2 last snapshot index:0
2026/02/07 14:34:08 [Node:0] getNextIndex len:3 last snapshot index:0
2026/02/07 14:34:08 [14:34:08.287] [Node:0] [LOG_REPLICA] [Trace:LOG_0_3][0->2] 发送日志or心跳到 Node:2 开始 args:{3 0 2 3 [] 2 LOG_0_3 0 {0 0 map[] map[]}}
2026/02/07 14:34:08 [14:34:08.287] [Node:1] [HEARTBEAT] [Trace:LOG_2_4][2->1] AppendEntries 收到 term:4 leaderId:2 prevLogIndex:4 prevLogTerm:4 entries:0 leaderCommit:4 isHeartbeat:true currentTerm:4 status:FOLLOWER log:[]
2026/02/07 14:34:08 [Node:1] getNextIndex len:6 last snapshot index:0
2026/02/07 14:34:08 [14:34:08.287] [Node:1] [HEARTBEAT] [Trace:LOG_2_4][2->1] 打印日志结果:[{<nil> 0 false 0} {101 2 false 1} {101 2 false 1} {103 3 false 2} {104 4 false 3} {104 4 false 4}] 
2026/02/07 14:34:08 [Node:1] getLogStartIndex index:4 last snapshot index:0
2026/02/07 14:34:08 [14:34:08.287] [Node:1] [HEARTBEAT] [Trace:LOG_2_4][2->1] 复制日志结果:[{<nil> 0 false 0} {101 2 false 1} {101 2 false 1} {103 3 false 2} {104 4 false 3} {104 4 false 4}] 
2026/02/07 14:34:08 [14:34:08.287] [Node:2] [LOG_REPLICA] [Trace:LOG_2_4][2->1] 心跳返回 from peer:1 term:4 success:true
2026/02/07 14:34:08 rfats [0xc00010c000 0xc00010c100 0xc00010c200]
2026/02/07 14:34:08 i 0 cmd1 <nil>, ok false
2026/02/07 14:34:08 i 1 cmd1 <nil>, ok false
2026/02/07 14:34:08 i 2 cmd1 104, ok true
2026/02/07 14:34:08 nd 1, cmd1 104 cmd 104
2026/02/07 14:34:08 rfats [0xc00010c000 0xc00010c100 0xc00010c200]
2026/02/07 14:34:08 i 0 cmd1 <nil>, ok false
2026/02/07 14:34:08 i 1 cmd1 <nil>, ok false
2026/02/07 14:34:08 i 2 cmd1 104, ok true
2026/02/07 14:34:08 nd 1, cmd1 104 cmd 104
2026/02/07 14:34:08 rfats [0xc00010c000 0xc00010c100 0xc00010c200]
2026/02/07 14:34:08 i 0 cmd1 <nil>, ok false
2026/02/07 14:34:08 i 1 cmd1 <nil>, ok false
2026/02/07 14:34:08 i 2 cmd1 104, ok true
2026/02/07 14:34:08 nd 1, cmd1 104 cmd 104
2026/02/07 14:34:08 [14:34:08.336] [Node:2] [HEARTBEAT] [Trace:HB_2_4] 开始发送心跳广播 status LEADER term:4 commitIndex:4
2026/02/07 14:34:08 [14:34:08.336] [Node:1] [HEARTBEAT] [Trace:HB_1_4] Follower等心跳 status FOLLOWER term:4 commitIndex:4
2026/02/07 14:34:08 [14:34:08.336] [Node:0] [HEARTBEAT] [Trace:HB_0_3] 开始发送心跳广播 status LEADER term:3 commitIndex:2
2026/02/07 14:34:08 [Node:2] nextIndex:[3 5 3]
2026/02/07 14:34:08 [Node:0] nextIndex:[2 2 3]
2026/02/07 14:34:08 [Node:0] getLogStartIndex index:1 last snapshot index:0
2026/02/07 14:34:08 [Node:2] getLogStartIndex index:4 last snapshot index:0
2026/02/07 14:34:08 [Node:0] getNextIndex len:3 last snapshot index:0
2026/02/07 14:34:08 [Node:0] getLogStartIndex index:2 last snapshot index:0
2026/02/07 14:34:08 [Node:2] getNextIndex len:5 last snapshot index:0
2026/02/07 14:34:08 [14:34:08.336] [Node:0] [LOG_REPLICA] [Trace:LOG_0_3][0->1] 发送日志or心跳到 Node:1 开始 args:{3 0 1 2 [{103 3 false 2}] 2 LOG_0_3 0 {0 0 map[] map[]}}
2026/02/07 14:34:08 [14:34:08.337] [Node:2] [LOG_REPLICA] [Trace:LOG_2_4][2->1] 发送日志or心跳到 Node:1 开始 args:{4 2 4 4 [] 4 LOG_2_4 2 {0 0 map[] map[]}}
2026/02/07 14:34:08 [Node:0] nextIndex:[2 2 3]
2026/02/07 14:34:08 [Node:2] nextIndex:[3 5 3]
2026/02/07 14:34:08 [Node:2] getLogStartIndex index:2 last snapshot index:0
2026/02/07 14:34:08 [Node:2] getNextIndex len:5 last snapshot index:0
2026/02/07 14:34:08 [Node:2] getLogStartIndex index:3 last snapshot index:0
2026/02/07 14:34:08 [Node:0] getLogStartIndex index:2 last snapshot index:0
2026/02/07 14:34:08 [Node:0] getNextIndex len:3 last snapshot index:0
2026/02/07 14:34:08 [14:34:08.337] [Node:2] [LOG_REPLICA] [Trace:LOG_2_4][2->0] 发送日志or心跳到 Node:0 开始 args:{4 2 2 3 [{104 4 false 3} {104 4 false 4}] 4 LOG_2_4 2 {0 0 map[] map[]}}
2026/02/07 14:34:08 [14:34:08.337] [Node:0] [LOG_REPLICA] [Trace:LOG_0_3][0->2] 发送日志or心跳到 Node:2 开始 args:{3 0 2 3 [] 2 LOG_0_3 0 {0 0 map[] map[]}}
2026/02/07 14:34:08 [14:34:08.337] [Node:1] [HEARTBEAT] [Trace:LOG_2_4][2->1] AppendEntries 收到 term:4 leaderId:2 prevLogIndex:4 prevLogTerm:4 entries:0 leaderCommit:4 isHeartbeat:true currentTerm:4 status:FOLLOWER log:[]
2026/02/07 14:34:08 [Node:1] getNextIndex len:6 last snapshot index:0
2026/02/07 14:34:08 [14:34:08.337] [Node:1] [HEARTBEAT] [Trace:LOG_2_4][2->1] 打印日志结果:[{<nil> 0 false 0} {101 2 false 1} {101 2 false 1} {103 3 false 2} {104 4 false 3} {104 4 false 4}] 
2026/02/07 14:34:08 [Node:1] getLogStartIndex index:4 last snapshot index:0
2026/02/07 14:34:08 [14:34:08.337] [Node:1] [HEARTBEAT] [Trace:LOG_2_4][2->1] 复制日志结果:[{<nil> 0 false 0} {101 2 false 1} {101 2 false 1} {103 3 false 2} {104 4 false 3} {104 4 false 4}] 
2026/02/07 14:34:08 [14:34:08.337] [Node:2] [LOG_REPLICA] [Trace:LOG_2_4][2->1] 心跳返回 from peer:1 term:4 success:true
2026/02/07 14:34:08 rfats [0xc00010c000 0xc00010c100 0xc00010c200]
2026/02/07 14:34:08 i 0 cmd1 <nil>, ok false
2026/02/07 14:34:08 i 1 cmd1 <nil>, ok false
2026/02/07 14:34:08 i 2 cmd1 104, ok true
2026/02/07 14:34:08 nd 1, cmd1 104 cmd 104
2026/02/07 14:34:08 rfats [0xc00010c000 0xc00010c100 0xc00010c200]
2026/02/07 14:34:08 i 0 cmd1 <nil>, ok false
2026/02/07 14:34:08 i 1 cmd1 <nil>, ok false
2026/02/07 14:34:08 i 2 cmd1 104, ok true
2026/02/07 14:34:08 nd 1, cmd1 104 cmd 104
2026/02/07 14:34:08 [14:34:08.387] [Node:1] [HEARTBEAT] [Trace:HB_1_4] Follower等心跳 status FOLLOWER term:4 commitIndex:4
2026/02/07 14:34:08 [14:34:08.387] [Node:0] [HEARTBEAT] [Trace:HB_0_3] 开始发送心跳广播 status LEADER term:3 commitIndex:2
2026/02/07 14:34:08 [14:34:08.387] [Node:2] [HEARTBEAT] [Trace:HB_2_4] 开始发送心跳广播 status LEADER term:4 commitIndex:4
2026/02/07 14:34:08 [Node:2] nextIndex:[3 5 3]
2026/02/07 14:34:08 [Node:0] nextIndex:[2 2 3]
2026/02/07 14:34:08 [Node:2] getLogStartIndex index:2 last snapshot index:0
2026/02/07 14:34:08 [Node:2] getNextIndex len:5 last snapshot index:0
2026/02/07 14:34:08 [Node:0] getLogStartIndex index:1 last snapshot index:0
2026/02/07 14:34:08 [Node:2] getLogStartIndex index:3 last snapshot index:0
2026/02/07 14:34:08 [Node:0] getNextIndex len:3 last snapshot index:0
2026/02/07 14:34:08 [Node:0] getLogStartIndex index:2 last snapshot index:0
2026/02/07 14:34:08 [Node:2] nextIndex:[3 5 3]
2026/02/07 14:34:08 [Node:2] getLogStartIndex index:4 last snapshot index:0
2026/02/07 14:34:08 [14:34:08.388] [Node:2] [LOG_REPLICA] [Trace:LOG_2_4][2->0] 发送日志or心跳到 Node:0 开始 args:{4 2 2 3 [{104 4 false 3} {104 4 false 4}] 4 LOG_2_4 2 {0 0 map[] map[]}}
2026/02/07 14:34:08 [14:34:08.388] [Node:0] [LOG_REPLICA] [Trace:LOG_0_3][0->1] 发送日志or心跳到 Node:1 开始 args:{3 0 1 2 [{103 3 false 2}] 2 LOG_0_3 0 {0 0 map[] map[]}}
2026/02/07 14:34:08 [Node:2] getNextIndex len:5 last snapshot index:0
2026/02/07 14:34:08 [Node:0] nextIndex:[2 2 3]
2026/02/07 14:34:08 [Node:0] getLogStartIndex index:2 last snapshot index:0
2026/02/07 14:34:08 [14:34:08.388] [Node:2] [LOG_REPLICA] [Trace:LOG_2_4][2->1] 发送日志or心跳到 Node:1 开始 args:{4 2 4 4 [] 4 LOG_2_4 2 {0 0 map[] map[]}}
2026/02/07 14:34:08 [Node:0] getNextIndex len:3 last snapshot index:0
2026/02/07 14:34:08 [14:34:08.388] [Node:0] [LOG_REPLICA] [Trace:LOG_0_3][0->2] 发送日志or心跳到 Node:2 开始 args:{3 0 2 3 [] 2 LOG_0_3 0 {0 0 map[] map[]}}
2026/02/07 14:34:08 [14:34:08.388] [Node:1] [HEARTBEAT] [Trace:LOG_2_4][2->1] AppendEntries 收到 term:4 leaderId:2 prevLogIndex:4 prevLogTerm:4 entries:0 leaderCommit:4 isHeartbeat:true currentTerm:4 status:FOLLOWER log:[]
2026/02/07 14:34:08 [Node:1] getNextIndex len:6 last snapshot index:0
2026/02/07 14:34:08 [14:34:08.388] [Node:1] [HEARTBEAT] [Trace:LOG_2_4][2->1] 打印日志结果:[{<nil> 0 false 0} {101 2 false 1} {101 2 false 1} {103 3 false 2} {104 4 false 3} {104 4 false 4}] 
2026/02/07 14:34:08 [Node:1] getLogStartIndex index:4 last snapshot index:0
2026/02/07 14:34:08 [14:34:08.388] [Node:1] [HEARTBEAT] [Trace:LOG_2_4][2->1] 复制日志结果:[{<nil> 0 false 0} {101 2 false 1} {101 2 false 1} {103 3 false 2} {104 4 false 3} {104 4 false 4}] 
2026/02/07 14:34:08 [14:34:08.388] [Node:2] [LOG_REPLICA] [Trace:LOG_2_4][2->1] 心跳返回 from peer:1 term:4 success:true
2026/02/07 14:34:08 rfats [0xc00010c000 0xc00010c100 0xc00010c200]
2026/02/07 14:34:08 i 0 cmd1 <nil>, ok false
2026/02/07 14:34:08 i 1 cmd1 <nil>, ok false
2026/02/07 14:34:08 i 2 cmd1 104, ok true
2026/02/07 14:34:08 nd 1, cmd1 104 cmd 104
2026/02/07 14:34:08 rfats [0xc00010c000 0xc00010c100 0xc00010c200]
2026/02/07 14:34:08 i 0 cmd1 <nil>, ok false
2026/02/07 14:34:08 i 1 cmd1 <nil>, ok false
2026/02/07 14:34:08 i 2 cmd1 104, ok true
2026/02/07 14:34:08 nd 1, cmd1 104 cmd 104
2026/02/07 14:34:08 [14:34:08.438] [Node:2] [HEARTBEAT] [Trace:HB_2_4] 开始发送心跳广播 status LEADER term:4 commitIndex:4
2026/02/07 14:34:08 [14:34:08.439] [Node:0] [HEARTBEAT] [Trace:HB_0_3] 开始发送心跳广播 status LEADER term:3 commitIndex:2
2026/02/07 14:34:08 [14:34:08.439] [Node:1] [HEARTBEAT] [Trace:HB_1_4] Follower等心跳 status FOLLOWER term:4 commitIndex:4
2026/02/07 14:34:08 [Node:0] nextIndex:[2 2 3]
2026/02/07 14:34:08 [Node:0] getLogStartIndex index:1 last snapshot index:0
2026/02/07 14:34:08 [Node:0] getNextIndex len:3 last snapshot index:0
2026/02/07 14:34:08 [Node:0] getLogStartIndex index:2 last snapshot index:0
2026/02/07 14:34:08 [Node:2] nextIndex:[3 5 3]
2026/02/07 14:34:08 [Node:2] getLogStartIndex index:2 last snapshot index:0
2026/02/07 14:34:08 [Node:2] getNextIndex len:5 last snapshot index:0
2026/02/07 14:34:08 [14:34:08.439] [Node:0] [LOG_REPLICA] [Trace:LOG_0_3][0->1] 发送日志or心跳到 Node:1 开始 args:{3 0 1 2 [{103 3 false 2}] 2 LOG_0_3 0 {0 0 map[] map[]}}
2026/02/07 14:34:08 [Node:0] nextIndex:[2 2 3]
2026/02/07 14:34:08 [Node:0] getLogStartIndex index:2 last snapshot index:0
2026/02/07 14:34:08 [Node:2] getLogStartIndex index:3 last snapshot index:0
2026/02/07 14:34:08 rfats [0xc00010c000 0xc00010c100 0xc00010c200]
2026/02/07 14:34:08 i 0 cmd1 <nil>, ok false
2026/02/07 14:34:08 i 1 cmd1 <nil>, ok false
2026/02/07 14:34:08 i 2 cmd1 104, ok true
2026/02/07 14:34:08 [14:34:08.439] [Node:2] [LOG_REPLICA] [Trace:LOG_2_4][2->0] 发送日志or心跳到 Node:0 开始 args:{4 2 2 3 [{104 4 false 3} {104 4 false 4}] 4 LOG_2_4 2 {0 0 map[] map[]}}
2026/02/07 14:34:08 [Node:0] getNextIndex len:3 last snapshot index:0
2026/02/07 14:34:08 [Node:2] nextIndex:[3 5 3]
2026/02/07 14:34:08 [Node:2] getLogStartIndex index:4 last snapshot index:0
2026/02/07 14:34:08 [14:34:08.439] [Node:0] [LOG_REPLICA] [Trace:LOG_0_3][0->2] 发送日志or心跳到 Node:2 开始 args:{3 0 2 3 [] 2 LOG_0_3 0 {0 0 map[] map[]}}
2026/02/07 14:34:08 nd 1, cmd1 104 cmd 104
2026/02/07 14:34:08 [Node:2] getNextIndex len:5 last snapshot index:0
2026/02/07 14:34:08 [14:34:08.439] [Node:2] [LOG_REPLICA] [Trace:LOG_2_4][2->1] 发送日志or心跳到 Node:1 开始 args:{4 2 4 4 [] 4 LOG_2_4 2 {0 0 map[] map[]}}
2026/02/07 14:34:08 [14:34:08.439] [Node:1] [HEARTBEAT] [Trace:LOG_2_4][2->1] AppendEntries 收到 term:4 leaderId:2 prevLogIndex:4 prevLogTerm:4 entries:0 leaderCommit:4 isHeartbeat:true currentTerm:4 status:FOLLOWER log:[]
2026/02/07 14:34:08 [Node:1] getNextIndex len:6 last snapshot index:0
2026/02/07 14:34:08 [14:34:08.439] [Node:1] [HEARTBEAT] [Trace:LOG_2_4][2->1] 打印日志结果:[{<nil> 0 false 0} {101 2 false 1} {101 2 false 1} {103 3 false 2} {104 4 false 3} {104 4 false 4}] 
2026/02/07 14:34:08 [Node:1] getLogStartIndex index:4 last snapshot index:0
2026/02/07 14:34:08 [14:34:08.439] [Node:1] [HEARTBEAT] [Trace:LOG_2_4][2->1] 复制日志结果:[{<nil> 0 false 0} {101 2 false 1} {101 2 false 1} {103 3 false 2} {104 4 false 3} {104 4 false 4}] 
2026/02/07 14:34:08 [14:34:08.440] [Node:2] [LOG_REPLICA] [Trace:LOG_2_4][2->1] 心跳返回 from peer:1 term:4 success:true
2026/02/07 14:34:08 rfats [0xc00010c000 0xc00010c100 0xc00010c200]
2026/02/07 14:34:08 i 0 cmd1 <nil>, ok false
2026/02/07 14:34:08 i 1 cmd1 <nil>, ok false
2026/02/07 14:34:08 i 2 cmd1 104, ok true
2026/02/07 14:34:08 nd 1, cmd1 104 cmd 104
2026/02/07 14:34:08 rfats [0xc00010c000 0xc00010c100 0xc00010c200]
2026/02/07 14:34:08 i 0 cmd1 <nil>, ok false
2026/02/07 14:34:08 i 1 cmd1 <nil>, ok false
2026/02/07 14:34:08 i 2 cmd1 104, ok true
2026/02/07 14:34:08 nd 1, cmd1 104 cmd 104
2026/02/07 14:34:08 [14:34:08.489] [Node:0] [HEARTBEAT] [Trace:HB_0_3] 开始发送心跳广播 status LEADER term:3 commitIndex:2
2026/02/07 14:34:08 [14:34:08.489] [Node:1] [HEARTBEAT] [Trace:HB_1_4] Follower等心跳 status FOLLOWER term:4 commitIndex:4
2026/02/07 14:34:08 [14:34:08.489] [Node:2] [HEARTBEAT] [Trace:HB_2_4] 开始发送心跳广播 status LEADER term:4 commitIndex:4
2026/02/07 14:34:08 [Node:0] nextIndex:[2 2 3]
2026/02/07 14:34:08 [Node:2] nextIndex:[3 5 3]
2026/02/07 14:34:08 [Node:0] getLogStartIndex index:1 last snapshot index:0
2026/02/07 14:34:08 [Node:2] getLogStartIndex index:2 last snapshot index:0
2026/02/07 14:34:08 [Node:0] getNextIndex len:3 last snapshot index:0
2026/02/07 14:34:08 [Node:2] getNextIndex len:5 last snapshot index:0
2026/02/07 14:34:08 [Node:0] getLogStartIndex index:2 last snapshot index:0
2026/02/07 14:34:08 [Node:2] getLogStartIndex index:3 last snapshot index:0
2026/02/07 14:34:08 [14:34:08.490] [Node:0] [LOG_REPLICA] [Trace:LOG_0_3][0->1] 发送日志or心跳到 Node:1 开始 args:{3 0 1 2 [{103 3 false 2}] 2 LOG_0_3 0 {0 0 map[] map[]}}
2026/02/07 14:34:08 [14:34:08.490] [Node:2] [LOG_REPLICA] [Trace:LOG_2_4][2->0] 发送日志or心跳到 Node:0 开始 args:{4 2 2 3 [{104 4 false 3} {104 4 false 4}] 4 LOG_2_4 2 {0 0 map[] map[]}}
2026/02/07 14:34:08 [Node:0] nextIndex:[2 2 3]
2026/02/07 14:34:08 [Node:2] nextIndex:[3 5 3]
2026/02/07 14:34:08 [Node:2] getLogStartIndex index:4 last snapshot index:0
2026/02/07 14:34:08 [Node:2] getNextIndex len:5 last snapshot index:0
2026/02/07 14:34:08 [Node:0] getLogStartIndex index:2 last snapshot index:0
2026/02/07 14:34:08 [14:34:08.490] [Node:2] [LOG_REPLICA] [Trace:LOG_2_4][2->1] 发送日志or心跳到 Node:1 开始 args:{4 2 4 4 [] 4 LOG_2_4 2 {0 0 map[] map[]}}
2026/02/07 14:34:08 [Node:0] getNextIndex len:3 last snapshot index:0
2026/02/07 14:34:08 [14:34:08.490] [Node:0] [LOG_REPLICA] [Trace:LOG_0_3][0->2] 发送日志or心跳到 Node:2 开始 args:{3 0 2 3 [] 2 LOG_0_3 0 {0 0 map[] map[]}}
2026/02/07 14:34:08 [14:34:08.490] [Node:1] [HEARTBEAT] [Trace:LOG_2_4][2->1] AppendEntries 收到 term:4 leaderId:2 prevLogIndex:4 prevLogTerm:4 entries:0 leaderCommit:4 isHeartbeat:true currentTerm:4 status:FOLLOWER log:[]
2026/02/07 14:34:08 [Node:1] getNextIndex len:6 last snapshot index:0
2026/02/07 14:34:08 [14:34:08.490] [Node:1] [HEARTBEAT] [Trace:LOG_2_4][2->1] 打印日志结果:[{<nil> 0 false 0} {101 2 false 1} {101 2 false 1} {103 3 false 2} {104 4 false 3} {104 4 false 4}] 
2026/02/07 14:34:08 [Node:1] getLogStartIndex index:4 last snapshot index:0
2026/02/07 14:34:08 [14:34:08.490] [Node:1] [HEARTBEAT] [Trace:LOG_2_4][2->1] 复制日志结果:[{<nil> 0 false 0} {101 2 false 1} {101 2 false 1} {103 3 false 2} {104 4 false 3} {104 4 false 4}] 
2026/02/07 14:34:08 [14:34:08.490] [Node:2] [LOG_REPLICA] [Trace:LOG_2_4][2->1] 心跳返回 from peer:1 term:4 success:true
2026/02/07 14:34:08 rfats [0xc00010c000 0xc00010c100 0xc00010c200]
2026/02/07 14:34:08 i 0 cmd1 <nil>, ok false
2026/02/07 14:34:08 i 1 cmd1 <nil>, ok false
2026/02/07 14:34:08 i 2 cmd1 104, ok true
2026/02/07 14:34:08 nd 1, cmd1 104 cmd 104
2026/02/07 14:34:08 rfats [0xc00010c000 0xc00010c100 0xc00010c200]
2026/02/07 14:34:08 i 0 cmd1 <nil>, ok false
2026/02/07 14:34:08 i 1 cmd1 <nil>, ok false
2026/02/07 14:34:08 i 2 cmd1 104, ok true
2026/02/07 14:34:08 nd 1, cmd1 104 cmd 104
2026/02/07 14:34:08 [14:34:08.540] [Node:1] [HEARTBEAT] [Trace:HB_1_4] Follower等心跳 status FOLLOWER term:4 commitIndex:4
2026/02/07 14:34:08 [14:34:08.540] [Node:2] [HEARTBEAT] [Trace:HB_2_4] 开始发送心跳广播 status LEADER term:4 commitIndex:4
2026/02/07 14:34:08 [14:34:08.540] [Node:0] [HEARTBEAT] [Trace:HB_0_3] 开始发送心跳广播 status LEADER term:3 commitIndex:2
2026/02/07 14:34:08 [Node:2] nextIndex:[3 5 3]
2026/02/07 14:34:08 [Node:0] nextIndex:[2 2 3]
2026/02/07 14:34:08 [Node:2] getLogStartIndex index:4 last snapshot index:0
2026/02/07 14:34:08 [Node:2] getNextIndex len:5 last snapshot index:0
2026/02/07 14:34:08 [Node:0] getLogStartIndex index:2 last snapshot index:0
2026/02/07 14:34:08 [Node:0] getNextIndex len:3 last snapshot index:0
2026/02/07 14:34:08 [14:34:08.540] [Node:2] [LOG_REPLICA] [Trace:LOG_2_4][2->1] 发送日志or心跳到 Node:1 开始 args:{4 2 4 4 [] 4 LOG_2_4 2 {0 0 map[] map[]}}
2026/02/07 14:34:08 [Node:2] nextIndex:[3 5 3]
2026/02/07 14:34:08 [Node:2] getLogStartIndex index:2 last snapshot index:0
2026/02/07 14:34:08 [Node:2] getNextIndex len:5 last snapshot index:0
2026/02/07 14:34:08 [Node:0] nextIndex:[2 2 3]
2026/02/07 14:34:08 [Node:0] getLogStartIndex index:1 last snapshot index:0
2026/02/07 14:34:08 [14:34:08.540] [Node:0] [LOG_REPLICA] [Trace:LOG_0_3][0->2] 发送日志or心跳到 Node:2 开始 args:{3 0 2 3 [] 2 LOG_0_3 0 {0 0 map[] map[]}}
2026/02/07 14:34:08 [Node:2] getLogStartIndex index:3 last snapshot index:0
2026/02/07 14:34:08 [Node:0] getNextIndex len:3 last snapshot index:0
2026/02/07 14:34:08 [Node:0] getLogStartIndex index:2 last snapshot index:0
2026/02/07 14:34:08 [14:34:08.540] [Node:2] [LOG_REPLICA] [Trace:LOG_2_4][2->0] 发送日志or心跳到 Node:0 开始 args:{4 2 2 3 [{104 4 false 3} {104 4 false 4}] 4 LOG_2_4 2 {0 0 map[] map[]}}
2026/02/07 14:34:08 [14:34:08.540] [Node:0] [LOG_REPLICA] [Trace:LOG_0_3][0->1] 发送日志or心跳到 Node:1 开始 args:{3 0 1 2 [{103 3 false 2}] 2 LOG_0_3 0 {0 0 map[] map[]}}
2026/02/07 14:34:08 [14:34:08.541] [Node:1] [HEARTBEAT] [Trace:LOG_2_4][2->1] AppendEntries 收到 term:4 leaderId:2 prevLogIndex:4 prevLogTerm:4 entries:0 leaderCommit:4 isHeartbeat:true currentTerm:4 status:FOLLOWER log:[]
2026/02/07 14:34:08 [Node:1] getNextIndex len:6 last snapshot index:0
2026/02/07 14:34:08 [14:34:08.541] [Node:1] [HEARTBEAT] [Trace:LOG_2_4][2->1] 打印日志结果:[{<nil> 0 false 0} {101 2 false 1} {101 2 false 1} {103 3 false 2} {104 4 false 3} {104 4 false 4}] 
2026/02/07 14:34:08 [Node:1] getLogStartIndex index:4 last snapshot index:0
2026/02/07 14:34:08 [14:34:08.541] [Node:1] [HEARTBEAT] [Trace:LOG_2_4][2->1] 复制日志结果:[{<nil> 0 false 0} {101 2 false 1} {101 2 false 1} {103 3 false 2} {104 4 false 3} {104 4 false 4}] 
2026/02/07 14:34:08 [14:34:08.541] [Node:2] [LOG_REPLICA] [Trace:LOG_2_4][2->1] 心跳返回 from peer:1 term:4 success:true
2026/02/07 14:34:08 rfats [0xc00010c000 0xc00010c100 0xc00010c200]
2026/02/07 14:34:08 i 0 cmd1 <nil>, ok false
2026/02/07 14:34:08 i 1 cmd1 <nil>, ok false
2026/02/07 14:34:08 i 2 cmd1 104, ok true
2026/02/07 14:34:08 nd 1, cmd1 104 cmd 104
2026/02/07 14:34:08 rfats [0xc00010c000 0xc00010c100 0xc00010c200]
2026/02/07 14:34:08 i 0 cmd1 <nil>, ok false
2026/02/07 14:34:08 i 1 cmd1 <nil>, ok false
2026/02/07 14:34:08 i 2 cmd1 104, ok true
2026/02/07 14:34:08 nd 1, cmd1 104 cmd 104
2026/02/07 14:34:08 rfats [0xc00010c000 0xc00010c100 0xc00010c200]
2026/02/07 14:34:08 i 0 cmd1 <nil>, ok false
2026/02/07 14:34:08 i 1 cmd1 <nil>, ok false
2026/02/07 14:34:08 i 2 cmd1 104, ok true
2026/02/07 14:34:08 nd 1, cmd1 104 cmd 104
2026/02/07 14:34:08 [14:34:08.591] [Node:0] [HEARTBEAT] [Trace:HB_0_3] 开始发送心跳广播 status LEADER term:3 commitIndex:2
2026/02/07 14:34:08 [14:34:08.591] [Node:2] [HEARTBEAT] [Trace:HB_2_4] 开始发送心跳广播 status LEADER term:4 commitIndex:4
2026/02/07 14:34:08 [Node:0] nextIndex:[2 2 3]
2026/02/07 14:34:08 [Node:0] getLogStartIndex index:1 last snapshot index:0
2026/02/07 14:34:08 [14:34:08.591] [Node:1] [HEARTBEAT] [Trace:HB_1_4] Follower等心跳 status FOLLOWER term:4 commitIndex:4
2026/02/07 14:34:08 [Node:2] nextIndex:[3 5 3]
2026/02/07 14:34:08 [Node:0] getNextIndex len:3 last snapshot index:0
2026/02/07 14:34:08 [Node:0] getLogStartIndex index:2 last snapshot index:0
2026/02/07 14:34:08 [Node:2] getLogStartIndex index:4 last snapshot index:0
2026/02/07 14:34:08 [Node:2] getNextIndex len:5 last snapshot index:0
2026/02/07 14:34:08 [14:34:08.591] [Node:0] [LOG_REPLICA] [Trace:LOG_0_3][0->1] 发送日志or心跳到 Node:1 开始 args:{3 0 1 2 [{103 3 false 2}] 2 LOG_0_3 0 {0 0 map[] map[]}}
2026/02/07 14:34:08 [Node:0] nextIndex:[2 2 3]
2026/02/07 14:34:08 [14:34:08.591] [Node:2] [LOG_REPLICA] [Trace:LOG_2_4][2->1] 发送日志or心跳到 Node:1 开始 args:{4 2 4 4 [] 4 LOG_2_4 2 {0 0 map[] map[]}}
2026/02/07 14:34:08 [Node:0] getLogStartIndex index:2 last snapshot index:0
2026/02/07 14:34:08 [Node:0] getNextIndex len:3 last snapshot index:0
2026/02/07 14:34:08 [Node:2] nextIndex:[3 5 3]
2026/02/07 14:34:08 [14:34:08.591] [Node:0] [LOG_REPLICA] [Trace:LOG_0_3][0->2] 发送日志or心跳到 Node:2 开始 args:{3 0 2 3 [] 2 LOG_0_3 0 {0 0 map[] map[]}}
2026/02/07 14:34:08 [Node:2] getLogStartIndex index:2 last snapshot index:0
2026/02/07 14:34:08 [Node:2] getNextIndex len:5 last snapshot index:0
2026/02/07 14:34:08 [Node:2] getLogStartIndex index:3 last snapshot index:0
2026/02/07 14:34:08 [14:34:08.591] [Node:2] [LOG_REPLICA] [Trace:LOG_2_4][2->0] 发送日志or心跳到 Node:0 开始 args:{4 2 2 3 [{104 4 false 3} {104 4 false 4}] 4 LOG_2_4 2 {0 0 map[] map[]}}
2026/02/07 14:34:08 [14:34:08.591] [Node:1] [HEARTBEAT] [Trace:LOG_2_4][2->1] AppendEntries 收到 term:4 leaderId:2 prevLogIndex:4 prevLogTerm:4 entries:0 leaderCommit:4 isHeartbeat:true currentTerm:4 status:FOLLOWER log:[]
2026/02/07 14:34:08 [Node:1] getNextIndex len:6 last snapshot index:0
2026/02/07 14:34:08 [14:34:08.591] [Node:1] [HEARTBEAT] [Trace:LOG_2_4][2->1] 打印日志结果:[{<nil> 0 false 0} {101 2 false 1} {101 2 false 1} {103 3 false 2} {104 4 false 3} {104 4 false 4}] 
2026/02/07 14:34:08 [Node:1] getLogStartIndex index:4 last snapshot index:0
2026/02/07 14:34:08 [14:34:08.591] [Node:1] [HEARTBEAT] [Trace:LOG_2_4][2->1] 复制日志结果:[{<nil> 0 false 0} {101 2 false 1} {101 2 false 1} {103 3 false 2} {104 4 false 3} {104 4 false 4}] 
2026/02/07 14:34:08 [14:34:08.592] [Node:2] [LOG_REPLICA] [Trace:LOG_2_4][2->1] 心跳返回 from peer:1 term:4 success:true
2026/02/07 14:34:08 rfats [0xc00010c000 0xc00010c100 0xc00010c200]
2026/02/07 14:34:08 i 0 cmd1 <nil>, ok false
2026/02/07 14:34:08 i 1 cmd1 <nil>, ok false
2026/02/07 14:34:08 i 2 cmd1 104, ok true
2026/02/07 14:34:08 nd 1, cmd1 104 cmd 104
2026/02/07 14:34:08 rfats [0xc00010c000 0xc00010c100 0xc00010c200]
2026/02/07 14:34:08 i 0 cmd1 <nil>, ok false
2026/02/07 14:34:08 i 1 cmd1 <nil>, ok false
2026/02/07 14:34:08 i 2 cmd1 104, ok true
2026/02/07 14:34:08 nd 1, cmd1 104 cmd 104
2026/02/07 14:34:08 [14:34:08.641] [Node:2] [HEARTBEAT] [Trace:HB_2_4] 开始发送心跳广播 status LEADER term:4 commitIndex:4
2026/02/07 14:34:08 [14:34:08.641] [Node:0] [HEARTBEAT] [Trace:HB_0_3] 开始发送心跳广播 status LEADER term:3 commitIndex:2
2026/02/07 14:34:08 [14:34:08.641] [Node:1] [HEARTBEAT] [Trace:HB_1_4] Follower等心跳 status FOLLOWER term:4 commitIndex:4
2026/02/07 14:34:08 [Node:2] nextIndex:[3 5 3]
2026/02/07 14:34:08 [Node:0] nextIndex:[2 2 3]
2026/02/07 14:34:08 [Node:0] getLogStartIndex index:1 last snapshot index:0
2026/02/07 14:34:08 [Node:2] getLogStartIndex index:4 last snapshot index:0
2026/02/07 14:34:08 [Node:0] getNextIndex len:3 last snapshot index:0
2026/02/07 14:34:08 [Node:0] getLogStartIndex index:2 last snapshot index:0
2026/02/07 14:34:08 [Node:2] getNextIndex len:5 last snapshot index:0
2026/02/07 14:34:08 [Node:0] nextIndex:[2 2 3]
2026/02/07 14:34:08 [14:34:08.641] [Node:0] [LOG_REPLICA] [Trace:LOG_0_3][0->1] 发送日志or心跳到 Node:1 开始 args:{3 0 1 2 [{103 3 false 2}] 2 LOG_0_3 0 {0 0 map[] map[]}}
2026/02/07 14:34:08 [14:34:08.641] [Node:2] [LOG_REPLICA] [Trace:LOG_2_4][2->1] 发送日志or心跳到 Node:1 开始 args:{4 2 4 4 [] 4 LOG_2_4 2 {0 0 map[] map[]}}
2026/02/07 14:34:08 [Node:2] nextIndex:[3 5 3]
2026/02/07 14:34:08 [Node:0] getLogStartIndex index:2 last snapshot index:0
2026/02/07 14:34:08 [Node:0] getNextIndex len:3 last snapshot index:0
2026/02/07 14:34:08 [14:34:08.642] [Node:0] [LOG_REPLICA] [Trace:LOG_0_3][0->2] 发送日志or心跳到 Node:2 开始 args:{3 0 2 3 [] 2 LOG_0_3 0 {0 0 map[] map[]}}
2026/02/07 14:34:08 [Node:2] getLogStartIndex index:2 last snapshot index:0
2026/02/07 14:34:08 [Node:2] getNextIndex len:5 last snapshot index:0
2026/02/07 14:34:08 [Node:2] getLogStartIndex index:3 last snapshot index:0
2026/02/07 14:34:08 [14:34:08.642] [Node:2] [LOG_REPLICA] [Trace:LOG_2_4][2->0] 发送日志or心跳到 Node:0 开始 args:{4 2 2 3 [{104 4 false 3} {104 4 false 4}] 4 LOG_2_4 2 {0 0 map[] map[]}}
2026/02/07 14:34:08 [14:34:08.642] [Node:1] [HEARTBEAT] [Trace:LOG_2_4][2->1] AppendEntries 收到 term:4 leaderId:2 prevLogIndex:4 prevLogTerm:4 entries:0 leaderCommit:4 isHeartbeat:true currentTerm:4 status:FOLLOWER log:[]
2026/02/07 14:34:08 [Node:1] getNextIndex len:6 last snapshot index:0
2026/02/07 14:34:08 [14:34:08.642] [Node:1] [HEARTBEAT] [Trace:LOG_2_4][2->1] 打印日志结果:[{<nil> 0 false 0} {101 2 false 1} {101 2 false 1} {103 3 false 2} {104 4 false 3} {104 4 false 4}] 
2026/02/07 14:34:08 [Node:1] getLogStartIndex index:4 last snapshot index:0
2026/02/07 14:34:08 [14:34:08.642] [Node:1] [HEARTBEAT] [Trace:LOG_2_4][2->1] 复制日志结果:[{<nil> 0 false 0} {101 2 false 1} {101 2 false 1} {103 3 false 2} {104 4 false 3} {104 4 false 4}] 
2026/02/07 14:34:08 [14:34:08.642] [Node:2] [LOG_REPLICA] [Trace:LOG_2_4][2->1] 心跳返回 from peer:1 term:4 success:true
2026/02/07 14:34:08 rfats [0xc00010c000 0xc00010c100 0xc00010c200]
2026/02/07 14:34:08 i 0 cmd1 <nil>, ok false
2026/02/07 14:34:08 i 1 cmd1 <nil>, ok false
2026/02/07 14:34:08 i 2 cmd1 104, ok true
2026/02/07 14:34:08 nd 1, cmd1 104 cmd 104
2026/02/07 14:34:08 rfats [0xc00010c000 0xc00010c100 0xc00010c200]
2026/02/07 14:34:08 i 0 cmd1 <nil>, ok false
2026/02/07 14:34:08 i 1 cmd1 <nil>, ok false
2026/02/07 14:34:08 i 2 cmd1 104, ok true
2026/02/07 14:34:08 nd 1, cmd1 104 cmd 104
2026/02/07 14:34:08 rfats [0xc00010c000 0xc00010c100 0xc00010c200]
2026/02/07 14:34:08 i 0 cmd1 <nil>, ok false
2026/02/07 14:34:08 i 1 cmd1 <nil>, ok false
2026/02/07 14:34:08 i 2 cmd1 104, ok true
2026/02/07 14:34:08 nd 1, cmd1 104 cmd 104
2026/02/07 14:34:08 [14:34:08.692] [Node:1] [HEARTBEAT] [Trace:HB_1_4] Follower等心跳 status FOLLOWER term:4 commitIndex:4
2026/02/07 14:34:08 [14:34:08.692] [Node:0] [HEARTBEAT] [Trace:HB_0_3] 开始发送心跳广播 status LEADER term:3 commitIndex:2
2026/02/07 14:34:08 [14:34:08.692] [Node:2] [HEARTBEAT] [Trace:HB_2_4] 开始发送心跳广播 status LEADER term:4 commitIndex:4
2026/02/07 14:34:08 [Node:2] nextIndex:[3 5 3]
2026/02/07 14:34:08 [Node:2] getLogStartIndex index:4 last snapshot index:0
2026/02/07 14:34:08 [Node:0] nextIndex:[2 2 3]
2026/02/07 14:34:08 [Node:2] getNextIndex len:5 last snapshot index:0
2026/02/07 14:34:08 [Node:0] getLogStartIndex index:1 last snapshot index:0
2026/02/07 14:34:08 [Node:0] getNextIndex len:3 last snapshot index:0
2026/02/07 14:34:08 [14:34:08.692] [Node:2] [LOG_REPLICA] [Trace:LOG_2_4][2->1] 发送日志or心跳到 Node:1 开始 args:{4 2 4 4 [] 4 LOG_2_4 2 {0 0 map[] map[]}}
2026/02/07 14:34:08 [Node:0] getLogStartIndex index:2 last snapshot index:0
2026/02/07 14:34:08 [Node:2] nextIndex:[3 5 3]
2026/02/07 14:34:08 [Node:2] getLogStartIndex index:2 last snapshot index:0
2026/02/07 14:34:08 [Node:2] getNextIndex len:5 last snapshot index:0
2026/02/07 14:34:08 [Node:0] nextIndex:[2 2 3]
2026/02/07 14:34:08 [Node:0] getLogStartIndex index:2 last snapshot index:0
2026/02/07 14:34:08 [Node:0] getNextIndex len:3 last snapshot index:0
2026/02/07 14:34:08 [14:34:08.692] [Node:0] [LOG_REPLICA] [Trace:LOG_0_3][0->2] 发送日志or心跳到 Node:2 开始 args:{3 0 2 3 [] 2 LOG_0_3 0 {0 0 map[] map[]}}
2026/02/07 14:34:08 [14:34:08.692] [Node:0] [LOG_REPLICA] [Trace:LOG_0_3][0->1] 发送日志or心跳到 Node:1 开始 args:{3 0 1 2 [{103 3 false 2}] 2 LOG_0_3 0 {0 0 map[] map[]}}
2026/02/07 14:34:08 [Node:2] getLogStartIndex index:3 last snapshot index:0
2026/02/07 14:34:08 [14:34:08.692] [Node:2] [LOG_REPLICA] [Trace:LOG_2_4][2->0] 发送日志or心跳到 Node:0 开始 args:{4 2 2 3 [{104 4 false 3} {104 4 false 4}] 4 LOG_2_4 2 {0 0 map[] map[]}}
2026/02/07 14:34:08 [14:34:08.692] [Node:1] [HEARTBEAT] [Trace:LOG_2_4][2->1] AppendEntries 收到 term:4 leaderId:2 prevLogIndex:4 prevLogTerm:4 entries:0 leaderCommit:4 isHeartbeat:true currentTerm:4 status:FOLLOWER log:[]
2026/02/07 14:34:08 [Node:1] getNextIndex len:6 last snapshot index:0
2026/02/07 14:34:08 [14:34:08.692] [Node:1] [HEARTBEAT] [Trace:LOG_2_4][2->1] 打印日志结果:[{<nil> 0 false 0} {101 2 false 1} {101 2 false 1} {103 3 false 2} {104 4 false 3} {104 4 false 4}] 
2026/02/07 14:34:08 [Node:1] getLogStartIndex index:4 last snapshot index:0
2026/02/07 14:34:08 [14:34:08.692] [Node:1] [HEARTBEAT] [Trace:LOG_2_4][2->1] 复制日志结果:[{<nil> 0 false 0} {101 2 false 1} {101 2 false 1} {103 3 false 2} {104 4 false 3} {104 4 false 4}] 
2026/02/07 14:34:08 [14:34:08.693] [Node:2] [LOG_REPLICA] [Trace:LOG_2_4][2->1] 心跳返回 from peer:1 term:4 success:true
2026/02/07 14:34:08 rfats [0xc00010c000 0xc00010c100 0xc00010c200]
2026/02/07 14:34:08 i 0 cmd1 <nil>, ok false
2026/02/07 14:34:08 i 1 cmd1 <nil>, ok false
2026/02/07 14:34:08 i 2 cmd1 104, ok true
2026/02/07 14:34:08 nd 1, cmd1 104 cmd 104
2026/02/07 14:34:08 rfats [0xc00010c000 0xc00010c100 0xc00010c200]
2026/02/07 14:34:08 i 0 cmd1 <nil>, ok false
2026/02/07 14:34:08 i 1 cmd1 <nil>, ok false
2026/02/07 14:34:08 i 2 cmd1 104, ok true
2026/02/07 14:34:08 nd 1, cmd1 104 cmd 104
2026/02/07 14:34:08 [14:34:08.742] [Node:1] [HEARTBEAT] [Trace:HB_1_4] Follower等心跳 status FOLLOWER term:4 commitIndex:4
2026/02/07 14:34:08 [14:34:08.742] [Node:2] [HEARTBEAT] [Trace:HB_2_4] 开始发送心跳广播 status LEADER term:4 commitIndex:4
2026/02/07 14:34:08 [14:34:08.742] [Node:0] [HEARTBEAT] [Trace:HB_0_3] 开始发送心跳广播 status LEADER term:3 commitIndex:2
2026/02/07 14:34:08 [Node:2] nextIndex:[3 5 3]
2026/02/07 14:34:08 [Node:2] getLogStartIndex index:4 last snapshot index:0
2026/02/07 14:34:08 [Node:0] nextIndex:[2 2 3]
2026/02/07 14:34:08 [Node:0] getLogStartIndex index:2 last snapshot index:0
2026/02/07 14:34:08 [Node:0] getNextIndex len:3 last snapshot index:0
2026/02/07 14:34:08 [Node:2] getNextIndex len:5 last snapshot index:0
2026/02/07 14:34:08 [14:34:08.742] [Node:0] [LOG_REPLICA] [Trace:LOG_0_3][0->2] 发送日志or心跳到 Node:2 开始 args:{3 0 2 3 [] 2 LOG_0_3 0 {0 0 map[] map[]}}
2026/02/07 14:34:08 [Node:0] nextIndex:[2 2 3]
2026/02/07 14:34:08 [14:34:08.742] [Node:2] [LOG_REPLICA] [Trace:LOG_2_4][2->1] 发送日志or心跳到 Node:1 开始 args:{4 2 4 4 [] 4 LOG_2_4 2 {0 0 map[] map[]}}
2026/02/07 14:34:08 [Node:2] nextIndex:[3 5 3]
2026/02/07 14:34:08 [Node:2] getLogStartIndex index:2 last snapshot index:0
2026/02/07 14:34:08 [Node:0] getLogStartIndex index:1 last snapshot index:0
2026/02/07 14:34:08 [Node:0] getNextIndex len:3 last snapshot index:0
2026/02/07 14:34:08 [Node:2] getNextIndex len:5 last snapshot index:0
2026/02/07 14:34:08 [Node:0] getLogStartIndex index:2 last snapshot index:0
2026/02/07 14:34:08 [Node:2] getLogStartIndex index:3 last snapshot index:0
2026/02/07 14:34:08 [14:34:08.742] [Node:0] [LOG_REPLICA] [Trace:LOG_0_3][0->1] 发送日志or心跳到 Node:1 开始 args:{3 0 1 2 [{103 3 false 2}] 2 LOG_0_3 0 {0 0 map[] map[]}}
2026/02/07 14:34:08 [14:34:08.742] [Node:2] [LOG_REPLICA] [Trace:LOG_2_4][2->0] 发送日志or心跳到 Node:0 开始 args:{4 2 2 3 [{104 4 false 3} {104 4 false 4}] 4 LOG_2_4 2 {0 0 map[] map[]}}
2026/02/07 14:34:08 [14:34:08.743] [Node:1] [HEARTBEAT] [Trace:LOG_2_4][2->1] AppendEntries 收到 term:4 leaderId:2 prevLogIndex:4 prevLogTerm:4 entries:0 leaderCommit:4 isHeartbeat:true currentTerm:4 status:FOLLOWER log:[]
2026/02/07 14:34:08 [Node:1] getNextIndex len:6 last snapshot index:0
2026/02/07 14:34:08 [14:34:08.743] [Node:1] [HEARTBEAT] [Trace:LOG_2_4][2->1] 打印日志结果:[{<nil> 0 false 0} {101 2 false 1} {101 2 false 1} {103 3 false 2} {104 4 false 3} {104 4 false 4}] 
2026/02/07 14:34:08 [Node:1] getLogStartIndex index:4 last snapshot index:0
2026/02/07 14:34:08 [14:34:08.743] [Node:1] [HEARTBEAT] [Trace:LOG_2_4][2->1] 复制日志结果:[{<nil> 0 false 0} {101 2 false 1} {101 2 false 1} {103 3 false 2} {104 4 false 3} {104 4 false 4}] 
2026/02/07 14:34:08 [14:34:08.743] [Node:2] [LOG_REPLICA] [Trace:LOG_2_4][2->1] 心跳返回 from peer:1 term:4 success:true
2026/02/07 14:34:08 rfats [0xc00010c000 0xc00010c100 0xc00010c200]
2026/02/07 14:34:08 i 0 cmd1 <nil>, ok false
2026/02/07 14:34:08 i 1 cmd1 <nil>, ok false
2026/02/07 14:34:08 i 2 cmd1 104, ok true
2026/02/07 14:34:08 nd 1, cmd1 104 cmd 104
2026/02/07 14:34:08 rfats [0xc00010c000 0xc00010c100 0xc00010c200]
2026/02/07 14:34:08 i 0 cmd1 <nil>, ok false
2026/02/07 14:34:08 i 1 cmd1 <nil>, ok false
2026/02/07 14:34:08 i 2 cmd1 104, ok true
2026/02/07 14:34:08 nd 1, cmd1 104 cmd 104
2026/02/07 14:34:08 [14:34:08.793] [Node:0] [HEARTBEAT] [Trace:HB_0_3] 开始发送心跳广播 status LEADER term:3 commitIndex:2
2026/02/07 14:34:08 [14:34:08.793] [Node:2] [HEARTBEAT] [Trace:HB_2_4] 开始发送心跳广播 status LEADER term:4 commitIndex:4
2026/02/07 14:34:08 [14:34:08.793] [Node:1] [HEARTBEAT] [Trace:HB_1_4] Follower等心跳 status FOLLOWER term:4 commitIndex:4
2026/02/07 14:34:08 [Node:2] nextIndex:[3 5 3]
2026/02/07 14:34:08 rfats [0xc00010c000 0xc00010c100 0xc00010c200]
2026/02/07 14:34:08 i 0 cmd1 <nil>, ok false
2026/02/07 14:34:08 [Node:0] nextIndex:[2 2 3]
2026/02/07 14:34:08 [Node:0] getLogStartIndex index:2 last snapshot index:0
2026/02/07 14:34:08 [Node:0] getNextIndex len:3 last snapshot index:0
2026/02/07 14:34:08 [Node:2] getLogStartIndex index:4 last snapshot index:0
2026/02/07 14:34:08 [Node:2] getNextIndex len:5 last snapshot index:0
2026/02/07 14:34:08 [Node:0] nextIndex:[2 2 3]
2026/02/07 14:34:08 [Node:0] getLogStartIndex index:1 last snapshot index:0
2026/02/07 14:34:08 [Node:2] nextIndex:[3 5 3]
2026/02/07 14:34:08 i 1 cmd1 <nil>, ok false
2026/02/07 14:34:08 i 2 cmd1 104, ok true
2026/02/07 14:34:08 nd 1, cmd1 104 cmd 104
2026/02/07 14:34:08 [Node:0] getNextIndex len:3 last snapshot index:0
2026/02/07 14:34:08 [Node:0] getLogStartIndex index:2 last snapshot index:0
2026/02/07 14:34:08 [14:34:08.793] [Node:0] [LOG_REPLICA] [Trace:LOG_0_3][0->2] 发送日志or心跳到 Node:2 开始 args:{3 0 2 3 [] 2 LOG_0_3 0 {0 0 map[] map[]}}
2026/02/07 14:34:08 [14:34:08.793] [Node:2] [LOG_REPLICA] [Trace:LOG_2_4][2->1] 发送日志or心跳到 Node:1 开始 args:{4 2 4 4 [] 4 LOG_2_4 2 {0 0 map[] map[]}}
2026/02/07 14:34:08 [14:34:08.793] [Node:0] [LOG_REPLICA] [Trace:LOG_0_3][0->1] 发送日志or心跳到 Node:1 开始 args:{3 0 1 2 [{103 3 false 2}] 2 LOG_0_3 0 {0 0 map[] map[]}}
2026/02/07 14:34:08 [Node:2] getLogStartIndex index:2 last snapshot index:0
2026/02/07 14:34:08 [Node:2] getNextIndex len:5 last snapshot index:0
2026/02/07 14:34:08 [Node:2] getLogStartIndex index:3 last snapshot index:0
2026/02/07 14:34:08 [14:34:08.793] [Node:2] [LOG_REPLICA] [Trace:LOG_2_4][2->0] 发送日志or心跳到 Node:0 开始 args:{4 2 2 3 [{104 4 false 3} {104 4 false 4}] 4 LOG_2_4 2 {0 0 map[] map[]}}
2026/02/07 14:34:08 [14:34:08.794] [Node:1] [HEARTBEAT] [Trace:LOG_2_4][2->1] AppendEntries 收到 term:4 leaderId:2 prevLogIndex:4 prevLogTerm:4 entries:0 leaderCommit:4 isHeartbeat:true currentTerm:4 status:FOLLOWER log:[]
2026/02/07 14:34:08 [Node:1] getNextIndex len:6 last snapshot index:0
2026/02/07 14:34:08 [14:34:08.794] [Node:1] [HEARTBEAT] [Trace:LOG_2_4][2->1] 打印日志结果:[{<nil> 0 false 0} {101 2 false 1} {101 2 false 1} {103 3 false 2} {104 4 false 3} {104 4 false 4}] 
2026/02/07 14:34:08 [Node:1] getLogStartIndex index:4 last snapshot index:0
2026/02/07 14:34:08 [14:34:08.794] [Node:1] [HEARTBEAT] [Trace:LOG_2_4][2->1] 复制日志结果:[{<nil> 0 false 0} {101 2 false 1} {101 2 false 1} {103 3 false 2} {104 4 false 3} {104 4 false 4}] 
2026/02/07 14:34:08 [14:34:08.794] [Node:2] [LOG_REPLICA] [Trace:LOG_2_4][2->1] 心跳返回 from peer:1 term:4 success:true
2026/02/07 14:34:08 rfats [0xc00010c000 0xc00010c100 0xc00010c200]
2026/02/07 14:34:08 i 0 cmd1 <nil>, ok false
2026/02/07 14:34:08 i 1 cmd1 <nil>, ok false
2026/02/07 14:34:08 i 2 cmd1 104, ok true
2026/02/07 14:34:08 nd 1, cmd1 104 cmd 104
2026/02/07 14:34:08 rfats [0xc00010c000 0xc00010c100 0xc00010c200]
2026/02/07 14:34:08 i 0 cmd1 <nil>, ok false
2026/02/07 14:34:08 i 1 cmd1 <nil>, ok false
2026/02/07 14:34:08 i 2 cmd1 104, ok true
2026/02/07 14:34:08 nd 1, cmd1 104 cmd 104
2026/02/07 14:34:08 [14:34:08.844] [Node:0] [HEARTBEAT] [Trace:HB_0_3] 开始发送心跳广播 status LEADER term:3 commitIndex:2
2026/02/07 14:34:08 [14:34:08.844] [Node:2] [HEARTBEAT] [Trace:HB_2_4] 开始发送心跳广播 status LEADER term:4 commitIndex:4
2026/02/07 14:34:08 [14:34:08.844] [Node:1] [HEARTBEAT] [Trace:HB_1_4] Follower等心跳 status FOLLOWER term:4 commitIndex:4
2026/02/07 14:34:08 [Node:2] nextIndex:[3 5 3]
2026/02/07 14:34:08 [Node:2] getLogStartIndex index:2 last snapshot index:0
2026/02/07 14:34:08 [Node:2] getNextIndex len:5 last snapshot index:0
2026/02/07 14:34:08 [Node:2] getLogStartIndex index:3 last snapshot index:0
2026/02/07 14:34:08 [Node:0] nextIndex:[2 2 3]
2026/02/07 14:34:08 [Node:0] getLogStartIndex index:2 last snapshot index:0
2026/02/07 14:34:08 [Node:2] nextIndex:[3 5 3]
2026/02/07 14:34:08 [14:34:08.844] [Node:2] [LOG_REPLICA] [Trace:LOG_2_4][2->0] 发送日志or心跳到 Node:0 开始 args:{4 2 2 3 [{104 4 false 3} {104 4 false 4}] 4 LOG_2_4 2 {0 0 map[] map[]}}
2026/02/07 14:34:08 [Node:2] getLogStartIndex index:4 last snapshot index:0
2026/02/07 14:34:08 [Node:0] getNextIndex len:3 last snapshot index:0
2026/02/07 14:34:08 [Node:2] getNextIndex len:5 last snapshot index:0
2026/02/07 14:34:08 [14:34:08.844] [Node:0] [LOG_REPLICA] [Trace:LOG_0_3][0->2] 发送日志or心跳到 Node:2 开始 args:{3 0 2 3 [] 2 LOG_0_3 0 {0 0 map[] map[]}}
2026/02/07 14:34:08 [Node:0] nextIndex:[2 2 3]
2026/02/07 14:34:08 [Node:0] getLogStartIndex index:1 last snapshot index:0
2026/02/07 14:34:08 [14:34:08.844] [Node:2] [LOG_REPLICA] [Trace:LOG_2_4][2->1] 发送日志or心跳到 Node:1 开始 args:{4 2 4 4 [] 4 LOG_2_4 2 {0 0 map[] map[]}}
2026/02/07 14:34:08 [Node:0] getNextIndex len:3 last snapshot index:0
2026/02/07 14:34:08 [Node:0] getLogStartIndex index:2 last snapshot index:0
2026/02/07 14:34:08 [14:34:08.844] [Node:0] [LOG_REPLICA] [Trace:LOG_0_3][0->1] 发送日志or心跳到 Node:1 开始 args:{3 0 1 2 [{103 3 false 2}] 2 LOG_0_3 0 {0 0 map[] map[]}}
2026/02/07 14:34:08 [14:34:08.845] [Node:1] [HEARTBEAT] [Trace:LOG_2_4][2->1] AppendEntries 收到 term:4 leaderId:2 prevLogIndex:4 prevLogTerm:4 entries:0 leaderCommit:4 isHeartbeat:true currentTerm:4 status:FOLLOWER log:[]
2026/02/07 14:34:08 [Node:1] getNextIndex len:6 last snapshot index:0
2026/02/07 14:34:08 [14:34:08.845] [Node:1] [HEARTBEAT] [Trace:LOG_2_4][2->1] 打印日志结果:[{<nil> 0 false 0} {101 2 false 1} {101 2 false 1} {103 3 false 2} {104 4 false 3} {104 4 false 4}] 
2026/02/07 14:34:08 [Node:1] getLogStartIndex index:4 last snapshot index:0
2026/02/07 14:34:08 [14:34:08.845] [Node:1] [HEARTBEAT] [Trace:LOG_2_4][2->1] 复制日志结果:[{<nil> 0 false 0} {101 2 false 1} {101 2 false 1} {103 3 false 2} {104 4 false 3} {104 4 false 4}] 
2026/02/07 14:34:08 [14:34:08.845] [Node:2] [LOG_REPLICA] [Trace:LOG_2_4][2->1] 心跳返回 from peer:1 term:4 success:true
2026/02/07 14:34:08 rfats [0xc00010c000 0xc00010c100 0xc00010c200]
2026/02/07 14:34:08 i 0 cmd1 <nil>, ok false
2026/02/07 14:34:08 i 1 cmd1 <nil>, ok false
2026/02/07 14:34:08 i 2 cmd1 104, ok true
2026/02/07 14:34:08 nd 1, cmd1 104 cmd 104
2026/02/07 14:34:08 rfats [0xc00010c000 0xc00010c100 0xc00010c200]
2026/02/07 14:34:08 i 0 cmd1 <nil>, ok false
2026/02/07 14:34:08 i 1 cmd1 <nil>, ok false
2026/02/07 14:34:08 i 2 cmd1 104, ok true
2026/02/07 14:34:08 nd 1, cmd1 104 cmd 104
2026/02/07 14:34:08 [14:34:08.895] [Node:2] [HEARTBEAT] [Trace:HB_2_4] 开始发送心跳广播 status LEADER term:4 commitIndex:4
2026/02/07 14:34:08 [14:34:08.895] [Node:1] [HEARTBEAT] [Trace:HB_1_4] Follower等心跳 status FOLLOWER term:4 commitIndex:4
2026/02/07 14:34:08 [14:34:08.895] [Node:0] [HEARTBEAT] [Trace:HB_0_3] 开始发送心跳广播 status LEADER term:3 commitIndex:2
2026/02/07 14:34:08 [Node:2] nextIndex:[3 5 3]
2026/02/07 14:34:08 [Node:2] getLogStartIndex index:2 last snapshot index:0
2026/02/07 14:34:08 [Node:2] getNextIndex len:5 last snapshot index:0
2026/02/07 14:34:08 [Node:2] getLogStartIndex index:3 last snapshot index:0
2026/02/07 14:34:08 [Node:0] nextIndex:[2 2 3]
2026/02/07 14:34:08 [Node:0] getLogStartIndex index:2 last snapshot index:0
2026/02/07 14:34:08 [14:34:08.895] [Node:2] [LOG_REPLICA] [Trace:LOG_2_4][2->0] 发送日志or心跳到 Node:0 开始 args:{4 2 2 3 [{104 4 false 3} {104 4 false 4}] 4 LOG_2_4 2 {0 0 map[] map[]}}
2026/02/07 14:34:08 [Node:0] getNextIndex len:3 last snapshot index:0
2026/02/07 14:34:08 [Node:2] nextIndex:[3 5 3]
2026/02/07 14:34:08 [Node:2] getLogStartIndex index:4 last snapshot index:0
2026/02/07 14:34:08 [Node:2] getNextIndex len:5 last snapshot index:0
2026/02/07 14:34:08 [14:34:08.895] [Node:0] [LOG_REPLICA] [Trace:LOG_0_3][0->2] 发送日志or心跳到 Node:2 开始 args:{3 0 2 3 [] 2 LOG_0_3 0 {0 0 map[] map[]}}
2026/02/07 14:34:08 [Node:0] nextIndex:[2 2 3]
2026/02/07 14:34:08 [Node:0] getLogStartIndex index:1 last snapshot index:0
2026/02/07 14:34:08 [14:34:08.895] [Node:2] [LOG_REPLICA] [Trace:LOG_2_4][2->1] 发送日志or心跳到 Node:1 开始 args:{4 2 4 4 [] 4 LOG_2_4 2 {0 0 map[] map[]}}
2026/02/07 14:34:08 [Node:0] getNextIndex len:3 last snapshot index:0
2026/02/07 14:34:08 [Node:0] getLogStartIndex index:2 last snapshot index:0
2026/02/07 14:34:08 [14:34:08.895] [Node:0] [LOG_REPLICA] [Trace:LOG_0_3][0->1] 发送日志or心跳到 Node:1 开始 args:{3 0 1 2 [{103 3 false 2}] 2 LOG_0_3 0 {0 0 map[] map[]}}
2026/02/07 14:34:08 [14:34:08.896] [Node:1] [HEARTBEAT] [Trace:LOG_2_4][2->1] AppendEntries 收到 term:4 leaderId:2 prevLogIndex:4 prevLogTerm:4 entries:0 leaderCommit:4 isHeartbeat:true currentTerm:4 status:FOLLOWER log:[]
2026/02/07 14:34:08 [Node:1] getNextIndex len:6 last snapshot index:0
2026/02/07 14:34:08 [14:34:08.896] [Node:1] [HEARTBEAT] [Trace:LOG_2_4][2->1] 打印日志结果:[{<nil> 0 false 0} {101 2 false 1} {101 2 false 1} {103 3 false 2} {104 4 false 3} {104 4 false 4}] 
2026/02/07 14:34:08 [Node:1] getLogStartIndex index:4 last snapshot index:0
2026/02/07 14:34:08 [14:34:08.896] [Node:1] [HEARTBEAT] [Trace:LOG_2_4][2->1] 复制日志结果:[{<nil> 0 false 0} {101 2 false 1} {101 2 false 1} {103 3 false 2} {104 4 false 3} {104 4 false 4}] 
2026/02/07 14:34:08 [14:34:08.896] [Node:2] [LOG_REPLICA] [Trace:LOG_2_4][2->1] 心跳返回 from peer:1 term:4 success:true
2026/02/07 14:34:08 rfats [0xc00010c000 0xc00010c100 0xc00010c200]
2026/02/07 14:34:08 i 0 cmd1 <nil>, ok false
2026/02/07 14:34:08 i 1 cmd1 <nil>, ok false
2026/02/07 14:34:08 i 2 cmd1 104, ok true
2026/02/07 14:34:08 nd 1, cmd1 104 cmd 104
2026/02/07 14:34:08 rfats [0xc00010c000 0xc00010c100 0xc00010c200]
2026/02/07 14:34:08 i 0 cmd1 <nil>, ok false
2026/02/07 14:34:08 i 1 cmd1 <nil>, ok false
2026/02/07 14:34:08 i 2 cmd1 104, ok true
2026/02/07 14:34:08 nd 1, cmd1 104 cmd 104
2026/02/07 14:34:08 rfats [0xc00010c000 0xc00010c100 0xc00010c200]
2026/02/07 14:34:08 i 0 cmd1 <nil>, ok false
2026/02/07 14:34:08 i 1 cmd1 <nil>, ok false
2026/02/07 14:34:08 i 2 cmd1 104, ok true
2026/02/07 14:34:08 nd 1, cmd1 104 cmd 104
2026/02/07 14:34:08 [14:34:08.945] [Node:0] [HEARTBEAT] [Trace:HB_0_3] 开始发送心跳广播 status LEADER term:3 commitIndex:2
2026/02/07 14:34:08 [14:34:08.945] [Node:1] [HEARTBEAT] [Trace:HB_1_4] Follower等心跳 status FOLLOWER term:4 commitIndex:4
2026/02/07 14:34:08 [Node:0] nextIndex:[2 2 3]
2026/02/07 14:34:08 [Node:0] getLogStartIndex index:2 last snapshot index:0
2026/02/07 14:34:08 [Node:0] getNextIndex len:3 last snapshot index:0
2026/02/07 14:34:08 [14:34:08.945] [Node:2] [HEARTBEAT] [Trace:HB_2_4] 开始发送心跳广播 status LEADER term:4 commitIndex:4
2026/02/07 14:34:08 [Node:0] nextIndex:[2 2 3]
2026/02/07 14:34:08 [14:34:08.945] [Node:0] [LOG_REPLICA] [Trace:LOG_0_3][0->2] 发送日志or心跳到 Node:2 开始 args:{3 0 2 3 [] 2 LOG_0_3 0 {0 0 map[] map[]}}
2026/02/07 14:34:08 [Node:2] nextIndex:[3 5 3]
2026/02/07 14:34:08 [Node:2] getLogStartIndex index:2 last snapshot index:0
2026/02/07 14:34:08 [Node:0] getLogStartIndex index:1 last snapshot index:0
2026/02/07 14:34:08 [Node:0] getNextIndex len:3 last snapshot index:0
2026/02/07 14:34:08 [Node:2] getNextIndex len:5 last snapshot index:0
2026/02/07 14:34:08 [Node:2] getLogStartIndex index:3 last snapshot index:0
2026/02/07 14:34:08 [Node:0] getLogStartIndex index:2 last snapshot index:0
2026/02/07 14:34:08 [Node:2] nextIndex:[3 5 3]
2026/02/07 14:34:08 [14:34:08.946] [Node:2] [LOG_REPLICA] [Trace:LOG_2_4][2->0] 发送日志or心跳到 Node:0 开始 args:{4 2 2 3 [{104 4 false 3} {104 4 false 4}] 4 LOG_2_4 2 {0 0 map[] map[]}}
2026/02/07 14:34:08 [14:34:08.946] [Node:0] [LOG_REPLICA] [Trace:LOG_0_3][0->1] 发送日志or心跳到 Node:1 开始 args:{3 0 1 2 [{103 3 false 2}] 2 LOG_0_3 0 {0 0 map[] map[]}}
2026/02/07 14:34:08 [Node:2] getLogStartIndex index:4 last snapshot index:0
2026/02/07 14:34:08 [Node:2] getNextIndex len:5 last snapshot index:0
2026/02/07 14:34:08 [14:34:08.946] [Node:2] [LOG_REPLICA] [Trace:LOG_2_4][2->1] 发送日志or心跳到 Node:1 开始 args:{4 2 4 4 [] 4 LOG_2_4 2 {0 0 map[] map[]}}
2026/02/07 14:34:08 [14:34:08.946] [Node:1] [HEARTBEAT] [Trace:LOG_2_4][2->1] AppendEntries 收到 term:4 leaderId:2 prevLogIndex:4 prevLogTerm:4 entries:0 leaderCommit:4 isHeartbeat:true currentTerm:4 status:FOLLOWER log:[]
2026/02/07 14:34:08 [Node:1] getNextIndex len:6 last snapshot index:0
2026/02/07 14:34:08 [14:34:08.946] [Node:1] [HEARTBEAT] [Trace:LOG_2_4][2->1] 打印日志结果:[{<nil> 0 false 0} {101 2 false 1} {101 2 false 1} {103 3 false 2} {104 4 false 3} {104 4 false 4}] 
2026/02/07 14:34:08 [Node:1] getLogStartIndex index:4 last snapshot index:0
2026/02/07 14:34:08 [14:34:08.946] [Node:1] [HEARTBEAT] [Trace:LOG_2_4][2->1] 复制日志结果:[{<nil> 0 false 0} {101 2 false 1} {101 2 false 1} {103 3 false 2} {104 4 false 3} {104 4 false 4}] 
2026/02/07 14:34:08 [14:34:08.947] [Node:2] [LOG_REPLICA] [Trace:LOG_2_4][2->1] 心跳返回 from peer:1 term:4 success:true
2026/02/07 14:34:08 rfats [0xc00010c000 0xc00010c100 0xc00010c200]
2026/02/07 14:34:08 i 0 cmd1 <nil>, ok false
2026/02/07 14:34:08 i 1 cmd1 <nil>, ok false
2026/02/07 14:34:08 i 2 cmd1 104, ok true
2026/02/07 14:34:08 nd 1, cmd1 104 cmd 104
2026/02/07 14:34:08 rfats [0xc00010c000 0xc00010c100 0xc00010c200]
2026/02/07 14:34:08 i 0 cmd1 <nil>, ok false
2026/02/07 14:34:08 i 1 cmd1 <nil>, ok false
2026/02/07 14:34:08 i 2 cmd1 104, ok true
2026/02/07 14:34:08 nd 1, cmd1 104 cmd 104
2026/02/07 14:34:08 [14:34:08.996] [Node:2] [HEARTBEAT] [Trace:HB_2_4] 开始发送心跳广播 status LEADER term:4 commitIndex:4
2026/02/07 14:34:08 [14:34:08.996] [Node:0] [HEARTBEAT] [Trace:HB_0_3] 开始发送心跳广播 status LEADER term:3 commitIndex:2
2026/02/07 14:34:08 [14:34:08.996] [Node:1] [HEARTBEAT] [Trace:HB_1_4] Follower等心跳 status FOLLOWER term:4 commitIndex:4
2026/02/07 14:34:08 [Node:2] nextIndex:[3 5 3]
2026/02/07 14:34:08 [Node:2] getLogStartIndex index:2 last snapshot index:0
2026/02/07 14:34:08 [Node:0] nextIndex:[2 2 3]
2026/02/07 14:34:08 [Node:0] getLogStartIndex index:2 last snapshot index:0
2026/02/07 14:34:08 [Node:0] getNextIndex len:3 last snapshot index:0
2026/02/07 14:34:08 [Node:2] getNextIndex len:5 last snapshot index:0
2026/02/07 14:34:08 [Node:0] nextIndex:[2 2 3]
2026/02/07 14:34:08 [Node:0] getLogStartIndex index:1 last snapshot index:0
2026/02/07 14:34:08 [Node:2] getLogStartIndex index:3 last snapshot index:0
2026/02/07 14:34:08 [Node:0] getNextIndex len:3 last snapshot index:0
2026/02/07 14:34:08 [14:34:08.996] [Node:0] [LOG_REPLICA] [Trace:LOG_0_3][0->2] 发送日志or心跳到 Node:2 开始 args:{3 0 2 3 [] 2 LOG_0_3 0 {0 0 map[] map[]}}
2026/02/07 14:34:08 [Node:2] nextIndex:[3 5 3]
2026/02/07 14:34:08 [Node:0] getLogStartIndex index:2 last snapshot index:0
2026/02/07 14:34:08 [14:34:08.996] [Node:2] [LOG_REPLICA] [Trace:LOG_2_4][2->0] 发送日志or心跳到 Node:0 开始 args:{4 2 2 3 [{104 4 false 3} {104 4 false 4}] 4 LOG_2_4 2 {0 0 map[] map[]}}
2026/02/07 14:34:08 [14:34:08.996] [Node:0] [LOG_REPLICA] [Trace:LOG_0_3][0->1] 发送日志or心跳到 Node:1 开始 args:{3 0 1 2 [{103 3 false 2}] 2 LOG_0_3 0 {0 0 map[] map[]}}
2026/02/07 14:34:08 [Node:2] getLogStartIndex index:4 last snapshot index:0
2026/02/07 14:34:08 [Node:2] getNextIndex len:5 last snapshot index:0
2026/02/07 14:34:08 [14:34:08.996] [Node:2] [LOG_REPLICA] [Trace:LOG_2_4][2->1] 发送日志or心跳到 Node:1 开始 args:{4 2 4 4 [] 4 LOG_2_4 2 {0 0 map[] map[]}}
2026/02/07 14:34:08 [14:34:08.997] [Node:1] [HEARTBEAT] [Trace:LOG_2_4][2->1] AppendEntries 收到 term:4 leaderId:2 prevLogIndex:4 prevLogTerm:4 entries:0 leaderCommit:4 isHeartbeat:true currentTerm:4 status:FOLLOWER log:[]
2026/02/07 14:34:08 [Node:1] getNextIndex len:6 last snapshot index:0
2026/02/07 14:34:08 [14:34:08.997] [Node:1] [HEARTBEAT] [Trace:LOG_2_4][2->1] 打印日志结果:[{<nil> 0 false 0} {101 2 false 1} {101 2 false 1} {103 3 false 2} {104 4 false 3} {104 4 false 4}] 
2026/02/07 14:34:08 [Node:1] getLogStartIndex index:4 last snapshot index:0
2026/02/07 14:34:08 [14:34:08.997] [Node:1] [HEARTBEAT] [Trace:LOG_2_4][2->1] 复制日志结果:[{<nil> 0 false 0} {101 2 false 1} {101 2 false 1} {103 3 false 2} {104 4 false 3} {104 4 false 4}] 
2026/02/07 14:34:08 [14:34:08.997] [Node:2] [LOG_REPLICA] [Trace:LOG_2_4][2->1] 心跳返回 from peer:1 term:4 success:true
2026/02/07 14:34:09 rfats [0xc00010c000 0xc00010c100 0xc00010c200]
2026/02/07 14:34:09 i 0 cmd1 <nil>, ok false
2026/02/07 14:34:09 i 1 cmd1 <nil>, ok false
2026/02/07 14:34:09 i 2 cmd1 104, ok true
2026/02/07 14:34:09 nd 1, cmd1 104 cmd 104
2026/02/07 14:34:09 rfats [0xc00010c000 0xc00010c100 0xc00010c200]
2026/02/07 14:34:09 i 0 cmd1 <nil>, ok false
2026/02/07 14:34:09 i 1 cmd1 <nil>, ok false
2026/02/07 14:34:09 i 2 cmd1 104, ok true
2026/02/07 14:34:09 nd 1, cmd1 104 cmd 104
2026/02/07 14:34:09 rfats [0xc00010c000 0xc00010c100 0xc00010c200]
2026/02/07 14:34:09 i 0 cmd1 <nil>, ok false
2026/02/07 14:34:09 i 1 cmd1 <nil>, ok false
2026/02/07 14:34:09 i 2 cmd1 104, ok true
2026/02/07 14:34:09 nd 1, cmd1 104 cmd 104
2026/02/07 14:34:09 [14:34:09.046] [Node:2] [HEARTBEAT] [Trace:HB_2_4] 开始发送心跳广播 status LEADER term:4 commitIndex:4
2026/02/07 14:34:09 [14:34:09.046] [Node:0] [HEARTBEAT] [Trace:HB_0_3] 开始发送心跳广播 status LEADER term:3 commitIndex:2
2026/02/07 14:34:09 [14:34:09.046] [Node:1] [HEARTBEAT] [Trace:HB_1_4] Follower等心跳 status FOLLOWER term:4 commitIndex:4
2026/02/07 14:34:09 [Node:2] nextIndex:[3 5 3]
2026/02/07 14:34:09 [Node:2] getLogStartIndex index:4 last snapshot index:0
2026/02/07 14:34:09 [Node:0] nextIndex:[2 2 3]
2026/02/07 14:34:09 [Node:0] getLogStartIndex index:1 last snapshot index:0
2026/02/07 14:34:09 [Node:2] getNextIndex len:5 last snapshot index:0
2026/02/07 14:34:09 [Node:2] nextIndex:[3 5 3]
2026/02/07 14:34:09 [Node:2] getLogStartIndex index:2 last snapshot index:0
2026/02/07 14:34:09 [Node:2] getNextIndex len:5 last snapshot index:0
2026/02/07 14:34:09 [14:34:09.046] [Node:2] [LOG_REPLICA] [Trace:LOG_2_4][2->1] 发送日志or心跳到 Node:1 开始 args:{4 2 4 4 [] 4 LOG_2_4 2 {0 0 map[] map[]}}
2026/02/07 14:34:09 [Node:0] getNextIndex len:3 last snapshot index:0
2026/02/07 14:34:09 [Node:0] getLogStartIndex index:2 last snapshot index:0
2026/02/07 14:34:09 [Node:2] getLogStartIndex index:3 last snapshot index:0
2026/02/07 14:34:09 [14:34:09.046] [Node:0] [LOG_REPLICA] [Trace:LOG_0_3][0->1] 发送日志or心跳到 Node:1 开始 args:{3 0 1 2 [{103 3 false 2}] 2 LOG_0_3 0 {0 0 map[] map[]}}
2026/02/07 14:34:09 [14:34:09.046] [Node:2] [LOG_REPLICA] [Trace:LOG_2_4][2->0] 发送日志or心跳到 Node:0 开始 args:{4 2 2 3 [{104 4 false 3} {104 4 false 4}] 4 LOG_2_4 2 {0 0 map[] map[]}}
2026/02/07 14:34:09 [Node:0] nextIndex:[2 2 3]
2026/02/07 14:34:09 [Node:0] getLogStartIndex index:2 last snapshot index:0
2026/02/07 14:34:09 [Node:0] getNextIndex len:3 last snapshot index:0
2026/02/07 14:34:09 [14:34:09.047] [Node:0] [LOG_REPLICA] [Trace:LOG_0_3][0->2] 发送日志or心跳到 Node:2 开始 args:{3 0 2 3 [] 2 LOG_0_3 0 {0 0 map[] map[]}}
2026/02/07 14:34:09 [14:34:09.047] [Node:1] [HEARTBEAT] [Trace:LOG_2_4][2->1] AppendEntries 收到 term:4 leaderId:2 prevLogIndex:4 prevLogTerm:4 entries:0 leaderCommit:4 isHeartbeat:true currentTerm:4 status:FOLLOWER log:[]
2026/02/07 14:34:09 [Node:1] getNextIndex len:6 last snapshot index:0
2026/02/07 14:34:09 [14:34:09.047] [Node:1] [HEARTBEAT] [Trace:LOG_2_4][2->1] 打印日志结果:[{<nil> 0 false 0} {101 2 false 1} {101 2 false 1} {103 3 false 2} {104 4 false 3} {104 4 false 4}] 
2026/02/07 14:34:09 [Node:1] getLogStartIndex index:4 last snapshot index:0
2026/02/07 14:34:09 [14:34:09.047] [Node:1] [HEARTBEAT] [Trace:LOG_2_4][2->1] 复制日志结果:[{<nil> 0 false 0} {101 2 false 1} {101 2 false 1} {103 3 false 2} {104 4 false 3} {104 4 false 4}] 
2026/02/07 14:34:09 [14:34:09.047] [Node:2] [LOG_REPLICA] [Trace:LOG_2_4][2->1] 心跳返回 from peer:1 term:4 success:true
2026/02/07 14:34:09 rfats [0xc00010c000 0xc00010c100 0xc00010c200]
2026/02/07 14:34:09 i 0 cmd1 <nil>, ok false
2026/02/07 14:34:09 i 1 cmd1 <nil>, ok false
2026/02/07 14:34:09 i 2 cmd1 104, ok true
2026/02/07 14:34:09 nd 1, cmd1 104 cmd 104
2026/02/07 14:34:09 rfats [0xc00010c000 0xc00010c100 0xc00010c200]
2026/02/07 14:34:09 i 0 cmd1 <nil>, ok false
2026/02/07 14:34:09 i 1 cmd1 <nil>, ok false
2026/02/07 14:34:09 i 2 cmd1 104, ok true
2026/02/07 14:34:09 nd 1, cmd1 104 cmd 104
2026/02/07 14:34:09 [14:34:09.097] [Node:2] [HEARTBEAT] [Trace:HB_2_4] 开始发送心跳广播 status LEADER term:4 commitIndex:4
2026/02/07 14:34:09 [14:34:09.097] [Node:0] [HEARTBEAT] [Trace:HB_0_3] 开始发送心跳广播 status LEADER term:3 commitIndex:2
2026/02/07 14:34:09 [14:34:09.097] [Node:1] [HEARTBEAT] [Trace:HB_1_4] Follower等心跳 status FOLLOWER term:4 commitIndex:4
2026/02/07 14:34:09 [Node:2] nextIndex:[3 5 3]
2026/02/07 14:34:09 [Node:2] getLogStartIndex index:2 last snapshot index:0
2026/02/07 14:34:09 [Node:2] getNextIndex len:5 last snapshot index:0
2026/02/07 14:34:09 [Node:0] nextIndex:[2 2 3]
2026/02/07 14:34:09 [Node:0] getLogStartIndex index:1 last snapshot index:0
2026/02/07 14:34:09 [Node:2] getLogStartIndex index:3 last snapshot index:0
2026/02/07 14:34:09 [Node:0] getNextIndex len:3 last snapshot index:0
2026/02/07 14:34:09 [Node:0] getLogStartIndex index:2 last snapshot index:0
2026/02/07 14:34:09 [14:34:09.097] [Node:2] [LOG_REPLICA] [Trace:LOG_2_4][2->0] 发送日志or心跳到 Node:0 开始 args:{4 2 2 3 [{104 4 false 3} {104 4 false 4}] 4 LOG_2_4 2 {0 0 map[] map[]}}
2026/02/07 14:34:09 [Node:0] nextIndex:[2 2 3]
2026/02/07 14:34:09 [Node:0] getLogStartIndex index:2 last snapshot index:0
2026/02/07 14:34:09 [Node:0] getNextIndex len:3 last snapshot index:0
2026/02/07 14:34:09 [14:34:09.097] [Node:0] [LOG_REPLICA] [Trace:LOG_0_3][0->2] 发送日志or心跳到 Node:2 开始 args:{3 0 2 3 [] 2 LOG_0_3 0 {0 0 map[] map[]}}
2026/02/07 14:34:09 [14:34:09.097] [Node:0] [LOG_REPLICA] [Trace:LOG_0_3][0->1] 发送日志or心跳到 Node:1 开始 args:{3 0 1 2 [{103 3 false 2}] 2 LOG_0_3 0 {0 0 map[] map[]}}
2026/02/07 14:34:09 [Node:2] nextIndex:[3 5 3]
2026/02/07 14:34:09 [Node:2] getLogStartIndex index:4 last snapshot index:0
2026/02/07 14:34:09 [Node:2] getNextIndex len:5 last snapshot index:0
2026/02/07 14:34:09 [14:34:09.098] [Node:2] [LOG_REPLICA] [Trace:LOG_2_4][2->1] 发送日志or心跳到 Node:1 开始 args:{4 2 4 4 [] 4 LOG_2_4 2 {0 0 map[] map[]}}
2026/02/07 14:34:09 [14:34:09.098] [Node:1] [HEARTBEAT] [Trace:LOG_2_4][2->1] AppendEntries 收到 term:4 leaderId:2 prevLogIndex:4 prevLogTerm:4 entries:0 leaderCommit:4 isHeartbeat:true currentTerm:4 status:FOLLOWER log:[]
2026/02/07 14:34:09 [Node:1] getNextIndex len:6 last snapshot index:0
2026/02/07 14:34:09 [14:34:09.098] [Node:1] [HEARTBEAT] [Trace:LOG_2_4][2->1] 打印日志结果:[{<nil> 0 false 0} {101 2 false 1} {101 2 false 1} {103 3 false 2} {104 4 false 3} {104 4 false 4}] 
2026/02/07 14:34:09 [Node:1] getLogStartIndex index:4 last snapshot index:0
2026/02/07 14:34:09 [14:34:09.098] [Node:1] [HEARTBEAT] [Trace:LOG_2_4][2->1] 复制日志结果:[{<nil> 0 false 0} {101 2 false 1} {101 2 false 1} {103 3 false 2} {104 4 false 3} {104 4 false 4}] 
2026/02/07 14:34:09 [14:34:09.098] [Node:2] [LOG_REPLICA] [Trace:LOG_2_4][2->1] 心跳返回 from peer:1 term:4 success:true
2026/02/07 14:34:09 rfats [0xc00010c000 0xc00010c100 0xc00010c200]
2026/02/07 14:34:09 i 0 cmd1 <nil>, ok false
2026/02/07 14:34:09 i 1 cmd1 <nil>, ok false
2026/02/07 14:34:09 i 2 cmd1 104, ok true
2026/02/07 14:34:09 nd 1, cmd1 104 cmd 104
2026/02/07 14:34:09 rfats [0xc00010c000 0xc00010c100 0xc00010c200]
2026/02/07 14:34:09 i 0 cmd1 <nil>, ok false
2026/02/07 14:34:09 i 1 cmd1 <nil>, ok false
2026/02/07 14:34:09 i 2 cmd1 104, ok true
2026/02/07 14:34:09 nd 1, cmd1 104 cmd 104
2026/02/07 14:34:09 rfats [0xc00010c000 0xc00010c100 0xc00010c200]
2026/02/07 14:34:09 i 0 cmd1 <nil>, ok false
2026/02/07 14:34:09 i 1 cmd1 <nil>, ok false
2026/02/07 14:34:09 i 2 cmd1 104, ok true
2026/02/07 14:34:09 [14:34:09.148] [Node:0] [HEARTBEAT] [Trace:HB_0_3] 开始发送心跳广播 status LEADER term:3 commitIndex:2
2026/02/07 14:34:09 nd 1, cmd1 104 cmd 104
2026/02/07 14:34:09 [14:34:09.148] [Node:1] [HEARTBEAT] [Trace:HB_1_4] Follower等心跳 status FOLLOWER term:4 commitIndex:4
2026/02/07 14:34:09 [Node:0] nextIndex:[2 2 3]
2026/02/07 14:34:09 [Node:0] getLogStartIndex index:1 last snapshot index:0
2026/02/07 14:34:09 [Node:0] getNextIndex len:3 last snapshot index:0
2026/02/07 14:34:09 [Node:0] getLogStartIndex index:2 last snapshot index:0
2026/02/07 14:34:09 [14:34:09.148] [Node:2] [HEARTBEAT] [Trace:HB_2_4] 开始发送心跳广播 status LEADER term:4 commitIndex:4
2026/02/07 14:34:09 [14:34:09.148] [Node:0] [LOG_REPLICA] [Trace:LOG_0_3][0->1] 发送日志or心跳到 Node:1 开始 args:{3 0 1 2 [{103 3 false 2}] 2 LOG_0_3 0 {0 0 map[] map[]}}
2026/02/07 14:34:09 [Node:0] nextIndex:[2 2 3]
2026/02/07 14:34:09 [Node:0] getLogStartIndex index:2 last snapshot index:0
2026/02/07 14:34:09 [Node:0] getNextIndex len:3 last snapshot index:0
2026/02/07 14:34:09 [Node:2] nextIndex:[3 5 3]
2026/02/07 14:34:09 [14:34:09.148] [Node:0] [LOG_REPLICA] [Trace:LOG_0_3][0->2] 发送日志or心跳到 Node:2 开始 args:{3 0 2 3 [] 2 LOG_0_3 0 {0 0 map[] map[]}}
2026/02/07 14:34:09 [Node:2] getLogStartIndex index:4 last snapshot index:0
2026/02/07 14:34:09 [Node:2] getNextIndex len:5 last snapshot index:0
2026/02/07 14:34:09 [14:34:09.148] [Node:2] [LOG_REPLICA] [Trace:LOG_2_4][2->1] 发送日志or心跳到 Node:1 开始 args:{4 2 4 4 [] 4 LOG_2_4 2 {0 0 map[] map[]}}
2026/02/07 14:34:09 [Node:2] nextIndex:[3 5 3]
2026/02/07 14:34:09 [Node:2] getLogStartIndex index:2 last snapshot index:0
2026/02/07 14:34:09 [Node:2] getNextIndex len:5 last snapshot index:0
2026/02/07 14:34:09 [Node:2] getLogStartIndex index:3 last snapshot index:0
2026/02/07 14:34:09 [14:34:09.148] [Node:2] [LOG_REPLICA] [Trace:LOG_2_4][2->0] 发送日志or心跳到 Node:0 开始 args:{4 2 2 3 [{104 4 false 3} {104 4 false 4}] 4 LOG_2_4 2 {0 0 map[] map[]}}
2026/02/07 14:34:09 [14:34:09.149] [Node:1] [HEARTBEAT] [Trace:LOG_2_4][2->1] AppendEntries 收到 term:4 leaderId:2 prevLogIndex:4 prevLogTerm:4 entries:0 leaderCommit:4 isHeartbeat:true currentTerm:4 status:FOLLOWER log:[]
2026/02/07 14:34:09 [Node:1] getNextIndex len:6 last snapshot index:0
2026/02/07 14:34:09 [14:34:09.149] [Node:1] [HEARTBEAT] [Trace:LOG_2_4][2->1] 打印日志结果:[{<nil> 0 false 0} {101 2 false 1} {101 2 false 1} {103 3 false 2} {104 4 false 3} {104 4 false 4}] 
2026/02/07 14:34:09 [Node:1] getLogStartIndex index:4 last snapshot index:0
2026/02/07 14:34:09 [14:34:09.149] [Node:1] [HEARTBEAT] [Trace:LOG_2_4][2->1] 复制日志结果:[{<nil> 0 false 0} {101 2 false 1} {101 2 false 1} {103 3 false 2} {104 4 false 3} {104 4 false 4}] 
2026/02/07 14:34:09 [14:34:09.149] [Node:2] [LOG_REPLICA] [Trace:LOG_2_4][2->1] 心跳返回 from peer:1 term:4 success:true
2026/02/07 14:34:09 rfats [0xc00010c000 0xc00010c100 0xc00010c200]
2026/02/07 14:34:09 i 0 cmd1 <nil>, ok false
2026/02/07 14:34:09 i 1 cmd1 <nil>, ok false
2026/02/07 14:34:09 i 2 cmd1 104, ok true
2026/02/07 14:34:09 nd 1, cmd1 104 cmd 104
2026/02/07 14:34:09 rfats [0xc00010c000 0xc00010c100 0xc00010c200]
2026/02/07 14:34:09 i 0 cmd1 <nil>, ok false
2026/02/07 14:34:09 i 1 cmd1 <nil>, ok false
2026/02/07 14:34:09 i 2 cmd1 104, ok true
2026/02/07 14:34:09 nd 1, cmd1 104 cmd 104
2026/02/07 14:34:09 [14:34:09.199] [Node:1] [HEARTBEAT] [Trace:HB_1_4] Follower等心跳 status FOLLOWER term:4 commitIndex:4
2026/02/07 14:34:09 [14:34:09.199] [Node:0] [HEARTBEAT] [Trace:HB_0_3] 开始发送心跳广播 status LEADER term:3 commitIndex:2
2026/02/07 14:34:09 [14:34:09.199] [Node:2] [HEARTBEAT] [Trace:HB_2_4] 开始发送心跳广播 status LEADER term:4 commitIndex:4
2026/02/07 14:34:09 [Node:0] nextIndex:[2 2 3]
2026/02/07 14:34:09 [Node:0] getLogStartIndex index:2 last snapshot index:0
2026/02/07 14:34:09 [Node:0] getNextIndex len:3 last snapshot index:0
2026/02/07 14:34:09 [Node:2] nextIndex:[3 5 3]
2026/02/07 14:34:09 [14:34:09.199] [Node:0] [LOG_REPLICA] [Trace:LOG_0_3][0->2] 发送日志or心跳到 Node:2 开始 args:{3 0 2 3 [] 2 LOG_0_3 0 {0 0 map[] map[]}}
2026/02/07 14:34:09 [Node:0] nextIndex:[2 2 3]
2026/02/07 14:34:09 [Node:2] getLogStartIndex index:4 last snapshot index:0
2026/02/07 14:34:09 [Node:2] getNextIndex len:5 last snapshot index:0
2026/02/07 14:34:09 [Node:0] getLogStartIndex index:1 last snapshot index:0
2026/02/07 14:34:09 [Node:0] getNextIndex len:3 last snapshot index:0
2026/02/07 14:34:09 [14:34:09.199] [Node:2] [LOG_REPLICA] [Trace:LOG_2_4][2->1] 发送日志or心跳到 Node:1 开始 args:{4 2 4 4 [] 4 LOG_2_4 2 {0 0 map[] map[]}}
2026/02/07 14:34:09 [Node:2] nextIndex:[3 5 3]
2026/02/07 14:34:09 [Node:2] getLogStartIndex index:2 last snapshot index:0
2026/02/07 14:34:09 [Node:0] getLogStartIndex index:2 last snapshot index:0
2026/02/07 14:34:09 [Node:2] getNextIndex len:5 last snapshot index:0
2026/02/07 14:34:09 [Node:2] getLogStartIndex index:3 last snapshot index:0
2026/02/07 14:34:09 [14:34:09.199] [Node:0] [LOG_REPLICA] [Trace:LOG_0_3][0->1] 发送日志or心跳到 Node:1 开始 args:{3 0 1 2 [{103 3 false 2}] 2 LOG_0_3 0 {0 0 map[] map[]}}
2026/02/07 14:34:09 [14:34:09.199] [Node:2] [LOG_REPLICA] [Trace:LOG_2_4][2->0] 发送日志or心跳到 Node:0 开始 args:{4 2 2 3 [{104 4 false 3} {104 4 false 4}] 4 LOG_2_4 2 {0 0 map[] map[]}}
2026/02/07 14:34:09 [14:34:09.200] [Node:1] [HEARTBEAT] [Trace:LOG_2_4][2->1] AppendEntries 收到 term:4 leaderId:2 prevLogIndex:4 prevLogTerm:4 entries:0 leaderCommit:4 isHeartbeat:true currentTerm:4 status:FOLLOWER log:[]
2026/02/07 14:34:09 [Node:1] getNextIndex len:6 last snapshot index:0
2026/02/07 14:34:09 [14:34:09.200] [Node:1] [HEARTBEAT] [Trace:LOG_2_4][2->1] 打印日志结果:[{<nil> 0 false 0} {101 2 false 1} {101 2 false 1} {103 3 false 2} {104 4 false 3} {104 4 false 4}] 
2026/02/07 14:34:09 [Node:1] getLogStartIndex index:4 last snapshot index:0
2026/02/07 14:34:09 [14:34:09.200] [Node:1] [HEARTBEAT] [Trace:LOG_2_4][2->1] 复制日志结果:[{<nil> 0 false 0} {101 2 false 1} {101 2 false 1} {103 3 false 2} {104 4 false 3} {104 4 false 4}] 
2026/02/07 14:34:09 [14:34:09.200] [Node:2] [LOG_REPLICA] [Trace:LOG_2_4][2->1] 心跳返回 from peer:1 term:4 success:true
2026/02/07 14:34:09 rfats [0xc00010c000 0xc00010c100 0xc00010c200]
2026/02/07 14:34:09 i 0 cmd1 <nil>, ok false
2026/02/07 14:34:09 i 1 cmd1 <nil>, ok false
2026/02/07 14:34:09 i 2 cmd1 104, ok true
2026/02/07 14:34:09 nd 1, cmd1 104 cmd 104
2026/02/07 14:34:09 rfats [0xc00010c000 0xc00010c100 0xc00010c200]
2026/02/07 14:34:09 i 0 cmd1 <nil>, ok false
2026/02/07 14:34:09 i 1 cmd1 <nil>, ok false
2026/02/07 14:34:09 i 2 cmd1 104, ok true
2026/02/07 14:34:09 nd 1, cmd1 104 cmd 104
2026/02/07 14:34:09 [14:34:09.249] [Node:1] [HEARTBEAT] [Trace:HB_1_4] Follower等心跳 status FOLLOWER term:4 commitIndex:4
2026/02/07 14:34:09 [14:34:09.249] [Node:2] [HEARTBEAT] [Trace:HB_2_4] 开始发送心跳广播 status LEADER term:4 commitIndex:4
2026/02/07 14:34:09 [14:34:09.249] [Node:0] [HEARTBEAT] [Trace:HB_0_3] 开始发送心跳广播 status LEADER term:3 commitIndex:2
2026/02/07 14:34:09 [Node:2] nextIndex:[3 5 3]
2026/02/07 14:34:09 [Node:2] getLogStartIndex index:2 last snapshot index:0
2026/02/07 14:34:09 [Node:2] getNextIndex len:5 last snapshot index:0
2026/02/07 14:34:09 [Node:2] getLogStartIndex index:3 last snapshot index:0
2026/02/07 14:34:09 [Node:0] nextIndex:[2 2 3]
2026/02/07 14:34:09 [Node:0] getLogStartIndex index:1 last snapshot index:0
2026/02/07 14:34:09 [Node:0] getNextIndex len:3 last snapshot index:0
2026/02/07 14:34:09 [14:34:09.249] [Node:2] [LOG_REPLICA] [Trace:LOG_2_4][2->0] 发送日志or心跳到 Node:0 开始 args:{4 2 2 3 [{104 4 false 3} {104 4 false 4}] 4 LOG_2_4 2 {0 0 map[] map[]}}
2026/02/07 14:34:09 [Node:2] nextIndex:[3 5 3]
2026/02/07 14:34:09 [Node:2] getLogStartIndex index:4 last snapshot index:0
2026/02/07 14:34:09 [Node:2] getNextIndex len:5 last snapshot index:0
2026/02/07 14:34:09 [Node:0] getLogStartIndex index:2 last snapshot index:0
2026/02/07 14:34:09 [14:34:09.249] [Node:2] [LOG_REPLICA] [Trace:LOG_2_4][2->1] 发送日志or心跳到 Node:1 开始 args:{4 2 4 4 [] 4 LOG_2_4 2 {0 0 map[] map[]}}
2026/02/07 14:34:09 [14:34:09.249] [Node:0] [LOG_REPLICA] [Trace:LOG_0_3][0->1] 发送日志or心跳到 Node:1 开始 args:{3 0 1 2 [{103 3 false 2}] 2 LOG_0_3 0 {0 0 map[] map[]}}
2026/02/07 14:34:09 [Node:0] nextIndex:[2 2 3]
2026/02/07 14:34:09 [Node:0] getLogStartIndex index:2 last snapshot index:0
2026/02/07 14:34:09 [Node:0] getNextIndex len:3 last snapshot index:0
2026/02/07 14:34:09 [14:34:09.250] [Node:0] [LOG_REPLICA] [Trace:LOG_0_3][0->2] 发送日志or心跳到 Node:2 开始 args:{3 0 2 3 [] 2 LOG_0_3 0 {0 0 map[] map[]}}
2026/02/07 14:34:09 [14:34:09.250] [Node:1] [HEARTBEAT] [Trace:LOG_2_4][2->1] AppendEntries 收到 term:4 leaderId:2 prevLogIndex:4 prevLogTerm:4 entries:0 leaderCommit:4 isHeartbeat:true currentTerm:4 status:FOLLOWER log:[]
2026/02/07 14:34:09 [Node:1] getNextIndex len:6 last snapshot index:0
2026/02/07 14:34:09 [14:34:09.250] [Node:1] [HEARTBEAT] [Trace:LOG_2_4][2->1] 打印日志结果:[{<nil> 0 false 0} {101 2 false 1} {101 2 false 1} {103 3 false 2} {104 4 false 3} {104 4 false 4}] 
2026/02/07 14:34:09 [Node:1] getLogStartIndex index:4 last snapshot index:0
2026/02/07 14:34:09 [14:34:09.250] [Node:1] [HEARTBEAT] [Trace:LOG_2_4][2->1] 复制日志结果:[{<nil> 0 false 0} {101 2 false 1} {101 2 false 1} {103 3 false 2} {104 4 false 3} {104 4 false 4}] 
2026/02/07 14:34:09 [14:34:09.250] [Node:2] [LOG_REPLICA] [Trace:LOG_2_4][2->1] 心跳返回 from peer:1 term:4 success:true
2026/02/07 14:34:09 rfats [0xc00010c000 0xc00010c100 0xc00010c200]
2026/02/07 14:34:09 i 0 cmd1 <nil>, ok false
2026/02/07 14:34:09 i 1 cmd1 <nil>, ok false
2026/02/07 14:34:09 i 2 cmd1 104, ok true
2026/02/07 14:34:09 nd 1, cmd1 104 cmd 104
2026/02/07 14:34:09 rfats [0xc00010c000 0xc00010c100 0xc00010c200]
2026/02/07 14:34:09 i 0 cmd1 <nil>, ok false
2026/02/07 14:34:09 i 1 cmd1 <nil>, ok false
2026/02/07 14:34:09 i 2 cmd1 104, ok true
2026/02/07 14:34:09 nd 1, cmd1 104 cmd 104
2026/02/07 14:34:09 [14:34:09.293] [Node:1] [RPC_RECV] [Trace:CLIENT_1_1770446049293908000] 接收到日志命令:104 isLeader:false term:4
2026/02/07 14:34:09 [14:34:09.293] [Node:2] [RPC_RECV] [Trace:CLIENT_2_1770446049293967000] 接收到日志命令:104 isLeader:true term:4
2026/02/07 14:34:09 [Node:2] getNextIndex len:5 last snapshot index:0
2026/02/07 14:34:09 返回的索引 5
2026/02/07 14:34:09 到这里了
2026/02/07 14:34:09 time.Since(t1).Seconds()
2026/02/07 14:34:09 rfats [0xc00010c000 0xc00010c100 0xc00010c200]
2026/02/07 14:34:09 i 0 cmd1 <nil>, ok false
2026/02/07 14:34:09 i 1 cmd1 <nil>, ok false
2026/02/07 14:34:09 i 2 cmd1 <nil>, ok false
2026/02/07 14:34:09 nd 0, cmd1 <nil> cmd 104
2026/02/07 14:34:09 [14:34:09.299] [Node:0] [HEARTBEAT] [Trace:HB_0_3] 开始发送心跳广播 status LEADER term:3 commitIndex:2
2026/02/07 14:34:09 [14:34:09.299] [Node:1] [HEARTBEAT] [Trace:HB_1_4] Follower等心跳 status FOLLOWER term:4 commitIndex:4
2026/02/07 14:34:09 [14:34:09.299] [Node:2] [HEARTBEAT] [Trace:HB_2_4] 开始发送心跳广播 status LEADER term:4 commitIndex:4
2026/02/07 14:34:09 [Node:0] nextIndex:[2 2 3]
2026/02/07 14:34:09 [Node:0] getLogStartIndex index:1 last snapshot index:0
2026/02/07 14:34:09 [Node:0] getNextIndex len:3 last snapshot index:0
2026/02/07 14:34:09 [Node:0] getLogStartIndex index:2 last snapshot index:0
2026/02/07 14:34:09 [Node:2] nextIndex:[3 5 3]
2026/02/07 14:34:09 [Node:2] getLogStartIndex index:4 last snapshot index:0
2026/02/07 14:34:09 [Node:0] nextIndex:[2 2 3]
2026/02/07 14:34:09 [Node:2] getNextIndex len:6 last snapshot index:0
2026/02/07 14:34:09 [Node:0] getLogStartIndex index:2 last snapshot index:0
2026/02/07 14:34:09 [Node:2] getLogStartIndex index:5 last snapshot index:0
2026/02/07 14:34:09 [14:34:09.299] [Node:0] [LOG_REPLICA] [Trace:LOG_0_3][0->1] 发送日志or心跳到 Node:1 开始 args:{3 0 1 2 [{103 3 false 2}] 2 LOG_0_3 0 {0 0 map[] map[]}}
2026/02/07 14:34:09 [Node:2] nextIndex:[3 5 3]
2026/02/07 14:34:09 [14:34:09.300] [Node:2] [LOG_REPLICA] [Trace:LOG_2_4][2->1] 发送日志or心跳到 Node:1 开始 args:{4 2 4 4 [{104 4 false 5}] 4 LOG_2_4 2 {0 0 map[] map[]}}
2026/02/07 14:34:09 [Node:2] getLogStartIndex index:2 last snapshot index:0
2026/02/07 14:34:09 [Node:2] getNextIndex len:6 last snapshot index:0
2026/02/07 14:34:09 [Node:2] getLogStartIndex index:3 last snapshot index:0
2026/02/07 14:34:09 [Node:0] getNextIndex len:3 last snapshot index:0
2026/02/07 14:34:09 [14:34:09.300] [Node:2] [LOG_REPLICA] [Trace:LOG_2_4][2->0] 发送日志or心跳到 Node:0 开始 args:{4 2 2 3 [{104 4 false 3} {104 4 false 4} {104 4 false 5}] 4 LOG_2_4 2 {0 0 map[] map[]}}
2026/02/07 14:34:09 [14:34:09.300] [Node:0] [LOG_REPLICA] [Trace:LOG_0_3][0->2] 发送日志or心跳到 Node:2 开始 args:{3 0 2 3 [] 2 LOG_0_3 0 {0 0 map[] map[]}}
2026/02/07 14:34:09 [14:34:09.300] [Node:1] [LOG_REPLICA] [Trace:LOG_2_4][2->1] AppendEntries 收到 term:4 leaderId:2 prevLogIndex:4 prevLogTerm:4 entries:1 leaderCommit:4 isHeartbeat:false currentTerm:4 status:FOLLOWER log:[{104 4 false 5}]
2026/02/07 14:34:09 [Node:1] getNextIndex len:6 last snapshot index:0
2026/02/07 14:34:09 [14:34:09.300] [Node:1] [LOG_REPLICA] [Trace:LOG_2_4][2->1] 打印日志结果:[{<nil> 0 false 0} {101 2 false 1} {101 2 false 1} {103 3 false 2} {104 4 false 3} {104 4 false 4}] 
2026/02/07 14:34:09 [Node:1] getLogStartIndex index:4 last snapshot index:0
2026/02/07 14:34:09 [Node:1] getNextIndex len:6 last snapshot index:0
2026/02/07 14:34:09 [14:34:09.300] [Node:1] [LOG_REPLICA] [Trace:LOG_2_4][2->1] entry.Index:5 rf.getNextIndex():6
2026/02/07 14:34:09 [Node:1] getNextIndex len:6 last snapshot index:0
2026/02/07 14:34:09 [Node:1] getLogStartIndex index:5 last snapshot index:0
2026/02/07 14:34:09 [14:34:09.300] [Node:1] [LOG_REPLICA] [Trace:LOG_2_4][2->1] startIndex:5 rf.log[startIndex].Term:4 entry.Term:4
2026/02/07 14:34:09 [14:34:09.300] [Node:1] [LOG_REPLICA] [Trace:LOG_2_4][2->1] args logEntrys:[{104 4 false 5}]
2026/02/07 14:34:09 [14:34:09.300] [Node:1] [LOG_REPLICA] [Trace:LOG_2_4][2->1] 复制日志结果:[{<nil> 0 false 0} {101 2 false 1} {101 2 false 1} {103 3 false 2} {104 4 false 3} {104 4 false 4} {104 4 false 5}] 
2026/02/07 14:34:09 [14:34:09.301] [Node:2] [LOG_REPLICA] [Trace:LOG_2_4][2->1] 心跳返回 from peer:1 term:4 success:true
2026/02/07 14:34:09 [14:34:09.301] [Node:2] [LOG_REPLICA] [Trace:LOG_2_4][2->1] 日志复制返回成功 from peer:1 term:4 agreeCount:2 log [{104 4 false 5}]
2026/02/07 14:34:09 [14:34:09.301] [Node:2] [LOG_REPLICA] [Trace:LOG_2_4][2->1] 更新后 server:1 matchIndex:5 nextIndex:6
2026/02/07 14:34:09 [Node:2] getNextIndex len:6 last snapshot index:0
2026/02/07 14:34:09 [Node:2] getLogStartIndex index:5 last snapshot index:0
2026/02/07 14:34:09 [14:34:09.301] [Node:2] [LOG_COMMIT] [Trace:LOG_2_4] 日志复制返回成功 多数同意，提交日志给KV服务器 index:5 term:4 majorityCount:2
2026/02/07 14:34:09 [Node:2] getLogStartIndex index:5 last snapshot index:0
2026/02/07 14:34:09 [Node:2] getLogStartIndex index:6 last snapshot index:0
2026/02/07 14:34:09 [14:34:09.301] [Node:2] [LOG_COMMIT] [Trace:APPLY_2_5] Applying logs count:1 log:[{104 4 false 5}] lastApplied:5
2026/02/07 14:34:09 rfats [0xc00010c000 0xc00010c100 0xc00010c200]
2026/02/07 14:34:09 i 0 cmd1 <nil>, ok false
2026/02/07 14:34:09 i 1 cmd1 <nil>, ok false
2026/02/07 14:34:09 i 2 cmd1 104, ok true
2026/02/07 14:34:09 nd 1, cmd1 104 cmd 104
2026/02/07 14:34:09 rfats [0xc00010c000 0xc00010c100 0xc00010c200]
2026/02/07 14:34:09 i 0 cmd1 <nil>, ok false
2026/02/07 14:34:09 i 1 cmd1 <nil>, ok false
2026/02/07 14:34:09 i 2 cmd1 104, ok true
2026/02/07 14:34:09 nd 1, cmd1 104 cmd 104
2026/02/07 14:34:09 [14:34:09.350] [Node:2] [HEARTBEAT] [Trace:HB_2_4] 开始发送心跳广播 status LEADER term:4 commitIndex:5
2026/02/07 14:34:09 [14:34:09.350] [Node:0] [HEARTBEAT] [Trace:HB_0_3] 开始发送心跳广播 status LEADER term:3 commitIndex:2
2026/02/07 14:34:09 [14:34:09.350] [Node:1] [HEARTBEAT] [Trace:HB_1_4] Follower等心跳 status FOLLOWER term:4 commitIndex:4
2026/02/07 14:34:09 [Node:2] nextIndex:[3 6 3]
2026/02/07 14:34:09 [Node:0] nextIndex:[2 2 3]
2026/02/07 14:34:09 [Node:0] getLogStartIndex index:2 last snapshot index:0
2026/02/07 14:34:09 [Node:0] getNextIndex len:3 last snapshot index:0
2026/02/07 14:34:09 [Node:2] getLogStartIndex index:5 last snapshot index:0
2026/02/07 14:34:09 [14:34:09.351] [Node:0] [LOG_REPLICA] [Trace:LOG_0_3][0->2] 发送日志or心跳到 Node:2 开始 args:{3 0 2 3 [] 2 LOG_0_3 0 {0 0 map[] map[]}}
2026/02/07 14:34:09 [Node:2] getNextIndex len:6 last snapshot index:0
2026/02/07 14:34:09 [Node:0] nextIndex:[2 2 3]
2026/02/07 14:34:09 [Node:0] getLogStartIndex index:1 last snapshot index:0
2026/02/07 14:34:09 [Node:2] nextIndex:[3 6 3]
2026/02/07 14:34:09 [Node:2] getLogStartIndex index:2 last snapshot index:0
2026/02/07 14:34:09 [Node:0] getNextIndex len:3 last snapshot index:0
2026/02/07 14:34:09 [Node:2] getNextIndex len:6 last snapshot index:0
2026/02/07 14:34:09 [Node:0] getLogStartIndex index:2 last snapshot index:0
2026/02/07 14:34:09 [Node:2] getLogStartIndex index:3 last snapshot index:0
2026/02/07 14:34:09 [14:34:09.351] [Node:2] [LOG_REPLICA] [Trace:LOG_2_4][2->1] 发送日志or心跳到 Node:1 开始 args:{4 2 5 4 [] 5 LOG_2_4 2 {0 0 map[] map[]}}
2026/02/07 14:34:09 [14:34:09.351] [Node:0] [LOG_REPLICA] [Trace:LOG_0_3][0->1] 发送日志or心跳到 Node:1 开始 args:{3 0 1 2 [{103 3 false 2}] 2 LOG_0_3 0 {0 0 map[] map[]}}
2026/02/07 14:34:09 [14:34:09.351] [Node:2] [LOG_REPLICA] [Trace:LOG_2_4][2->0] 发送日志or心跳到 Node:0 开始 args:{4 2 2 3 [{104 4 false 3} {104 4 false 4} {104 4 false 5}] 5 LOG_2_4 2 {0 0 map[] map[]}}
2026/02/07 14:34:09 [14:34:09.351] [Node:1] [HEARTBEAT] [Trace:LOG_2_4][2->1] AppendEntries 收到 term:4 leaderId:2 prevLogIndex:5 prevLogTerm:4 entries:0 leaderCommit:5 isHeartbeat:true currentTerm:4 status:FOLLOWER log:[]
2026/02/07 14:34:09 [Node:1] getNextIndex len:7 last snapshot index:0
2026/02/07 14:34:09 [14:34:09.351] [Node:1] [HEARTBEAT] [Trace:LOG_2_4][2->1] 打印日志结果:[{<nil> 0 false 0} {101 2 false 1} {101 2 false 1} {103 3 false 2} {104 4 false 3} {104 4 false 4} {104 4 false 5}] 
2026/02/07 14:34:09 [Node:1] getLogStartIndex index:5 last snapshot index:0
2026/02/07 14:34:09 [14:34:09.351] [Node:1] [HEARTBEAT] [Trace:LOG_2_4][2->1] 复制日志结果:[{<nil> 0 false 0} {101 2 false 1} {101 2 false 1} {103 3 false 2} {104 4 false 3} {104 4 false 4} {104 4 false 5}] 
2026/02/07 14:34:09 [Node:1] getNextIndex len:7 last snapshot index:0
2026/02/07 14:34:09 [14:34:09.351] [Node:1] [LOG_COMMIT] [Trace:LOG_2_4][2->1] 收到LogEntry，并且Leader已经提交， 本地log 4->5 leaderCommit:5 lastApplied:3
2026/02/07 14:34:09 [Node:1] getLogStartIndex index:4 last snapshot index:0
2026/02/07 14:34:09 [Node:1] getLogStartIndex index:6 last snapshot index:0
2026/02/07 14:34:09 [14:34:09.351] [Node:1] [LOG_COMMIT] [Trace:APPLY_1_4] Applying logs count:2 log:[{104 4 false 3} {104 4 false 4}] lastApplied:4
2026/02/07 14:34:09 [14:34:09.352] [Node:2] [LOG_REPLICA] [Trace:LOG_2_4][2->1] 心跳返回 from peer:1 term:4 success:true
2026/02/07 14:34:09 rfats [0xc00010c000 0xc00010c100 0xc00010c200]
2026/02/07 14:34:09 i 0 cmd1 <nil>, ok false
2026/02/07 14:34:09 i 1 cmd1 <nil>, ok false
2026/02/07 14:34:09 i 2 cmd1 104, ok true
2026/02/07 14:34:09 nd 1, cmd1 104 cmd 104
2026/02/07 14:34:09 rfats [0xc00010c000 0xc00010c100 0xc00010c200]
2026/02/07 14:34:09 i 0 cmd1 <nil>, ok false
2026/02/07 14:34:09 i 1 cmd1 <nil>, ok false
2026/02/07 14:34:09 i 2 cmd1 104, ok true
2026/02/07 14:34:09 nd 1, cmd1 104 cmd 104
2026/02/07 14:34:09 rfats [0xc00010c000 0xc00010c100 0xc00010c200]
2026/02/07 14:34:09 i 0 cmd1 <nil>, ok false
2026/02/07 14:34:09 i 1 cmd1 <nil>, ok false
2026/02/07 14:34:09 i 2 cmd1 104, ok true
2026/02/07 14:34:09 nd 1, cmd1 104 cmd 104
2026/02/07 14:34:09 [14:34:09.401] [Node:2] [HEARTBEAT] [Trace:HB_2_4] 开始发送心跳广播 status LEADER term:4 commitIndex:5
2026/02/07 14:34:09 [14:34:09.401] [Node:0] [HEARTBEAT] [Trace:HB_0_3] 开始发送心跳广播 status LEADER term:3 commitIndex:2
2026/02/07 14:34:09 [Node:2] nextIndex:[3 6 3]
2026/02/07 14:34:09 [Node:2] getLogStartIndex index:2 last snapshot index:0
2026/02/07 14:34:09 [14:34:09.401] [Node:1] [HEARTBEAT] [Trace:HB_1_4] Follower等心跳 status FOLLOWER term:4 commitIndex:5
2026/02/07 14:34:09 [Node:0] nextIndex:[2 2 3]
2026/02/07 14:34:09 [Node:2] getNextIndex len:6 last snapshot index:0
2026/02/07 14:34:09 [Node:2] getLogStartIndex index:3 last snapshot index:0
2026/02/07 14:34:09 [Node:0] getLogStartIndex index:1 last snapshot index:0
2026/02/07 14:34:09 [Node:0] getNextIndex len:3 last snapshot index:0
2026/02/07 14:34:09 [Node:0] getLogStartIndex index:2 last snapshot index:0
2026/02/07 14:34:09 [Node:2] nextIndex:[3 6 3]
2026/02/07 14:34:09 [Node:2] getLogStartIndex index:5 last snapshot index:0
2026/02/07 14:34:09 [14:34:09.401] [Node:2] [LOG_REPLICA] [Trace:LOG_2_4][2->0] 发送日志or心跳到 Node:0 开始 args:{4 2 2 3 [{104 4 false 3} {104 4 false 4} {104 4 false 5}] 5 LOG_2_4 2 {0 0 map[] map[]}}
2026/02/07 14:34:09 [Node:0] nextIndex:[2 2 3]
2026/02/07 14:34:09 [Node:2] getNextIndex len:6 last snapshot index:0
2026/02/07 14:34:09 [Node:0] getLogStartIndex index:2 last snapshot index:0
2026/02/07 14:34:09 [14:34:09.401] [Node:0] [LOG_REPLICA] [Trace:LOG_0_3][0->1] 发送日志or心跳到 Node:1 开始 args:{3 0 1 2 [{103 3 false 2}] 2 LOG_0_3 0 {0 0 map[] map[]}}
2026/02/07 14:34:09 [14:34:09.401] [Node:2] [LOG_REPLICA] [Trace:LOG_2_4][2->1] 发送日志or心跳到 Node:1 开始 args:{4 2 5 4 [] 5 LOG_2_4 2 {0 0 map[] map[]}}
2026/02/07 14:34:09 [Node:0] getNextIndex len:3 last snapshot index:0
2026/02/07 14:34:09 [14:34:09.401] [Node:0] [LOG_REPLICA] [Trace:LOG_0_3][0->2] 发送日志or心跳到 Node:2 开始 args:{3 0 2 3 [] 2 LOG_0_3 0 {0 0 map[] map[]}}
2026/02/07 14:34:09 [14:34:09.402] [Node:1] [HEARTBEAT] [Trace:LOG_2_4][2->1] AppendEntries 收到 term:4 leaderId:2 prevLogIndex:5 prevLogTerm:4 entries:0 leaderCommit:5 isHeartbeat:true currentTerm:4 status:FOLLOWER log:[]
2026/02/07 14:34:09 [Node:1] getNextIndex len:7 last snapshot index:0
2026/02/07 14:34:09 [14:34:09.402] [Node:1] [HEARTBEAT] [Trace:LOG_2_4][2->1] 打印日志结果:[{<nil> 0 false 0} {101 2 false 1} {101 2 false 1} {103 3 false 2} {104 4 false 3} {104 4 false 4} {104 4 false 5}] 
2026/02/07 14:34:09 [Node:1] getLogStartIndex index:5 last snapshot index:0
2026/02/07 14:34:09 [14:34:09.402] [Node:1] [HEARTBEAT] [Trace:LOG_2_4][2->1] 复制日志结果:[{<nil> 0 false 0} {101 2 false 1} {101 2 false 1} {103 3 false 2} {104 4 false 3} {104 4 false 4} {104 4 false 5}] 
2026/02/07 14:34:09 [14:34:09.402] [Node:2] [LOG_REPLICA] [Trace:LOG_2_4][2->1] 心跳返回 from peer:1 term:4 success:true
2026/02/07 14:34:09 rfats [0xc00010c000 0xc00010c100 0xc00010c200]
2026/02/07 14:34:09 i 0 cmd1 <nil>, ok false
2026/02/07 14:34:09 i 1 cmd1 <nil>, ok false
2026/02/07 14:34:09 i 2 cmd1 104, ok true
2026/02/07 14:34:09 nd 1, cmd1 104 cmd 104
2026/02/07 14:34:09 rfats [0xc00010c000 0xc00010c100 0xc00010c200]
2026/02/07 14:34:09 i 0 cmd1 <nil>, ok false
2026/02/07 14:34:09 i 1 cmd1 <nil>, ok false
2026/02/07 14:34:09 i 2 cmd1 104, ok true
2026/02/07 14:34:09 nd 1, cmd1 104 cmd 104
2026/02/07 14:34:09 [14:34:09.451] [Node:1] [HEARTBEAT] [Trace:HB_1_4] Follower等心跳 status FOLLOWER term:4 commitIndex:5
2026/02/07 14:34:09 [14:34:09.451] [Node:2] [HEARTBEAT] [Trace:HB_2_4] 开始发送心跳广播 status LEADER term:4 commitIndex:5
2026/02/07 14:34:09 [Node:2] nextIndex:[3 6 3]
2026/02/07 14:34:09 [Node:2] getLogStartIndex index:5 last snapshot index:0
2026/02/07 14:34:09 [Node:2] getNextIndex len:6 last snapshot index:0
2026/02/07 14:34:09 [14:34:09.452] [Node:2] [LOG_REPLICA] [Trace:LOG_2_4][2->1] 发送日志or心跳到 Node:1 开始 args:{4 2 5 4 [] 5 LOG_2_4 2 {0 0 map[] map[]}}
2026/02/07 14:34:09 [Node:2] nextIndex:[3 6 3]
2026/02/07 14:34:09 [Node:2] getLogStartIndex index:2 last snapshot index:0
2026/02/07 14:34:09 [Node:2] getNextIndex len:6 last snapshot index:0
2026/02/07 14:34:09 [Node:2] getLogStartIndex index:3 last snapshot index:0
2026/02/07 14:34:09 [14:34:09.452] [Node:2] [LOG_REPLICA] [Trace:LOG_2_4][2->0] 发送日志or心跳到 Node:0 开始 args:{4 2 2 3 [{104 4 false 3} {104 4 false 4} {104 4 false 5}] 5 LOG_2_4 2 {0 0 map[] map[]}}
2026/02/07 14:34:09 [14:34:09.451] [Node:0] [HEARTBEAT] [Trace:HB_0_3] 开始发送心跳广播 status LEADER term:3 commitIndex:2
2026/02/07 14:34:09 [Node:0] nextIndex:[2 2 3]
2026/02/07 14:34:09 [Node:0] getLogStartIndex index:1 last snapshot index:0
2026/02/07 14:34:09 [Node:0] getNextIndex len:3 last snapshot index:0
2026/02/07 14:34:09 [Node:0] getLogStartIndex index:2 last snapshot index:0
2026/02/07 14:34:09 [Node:0] nextIndex:[2 2 3]
2026/02/07 14:34:09 [14:34:09.452] [Node:0] [LOG_REPLICA] [Trace:LOG_0_3][0->1] 发送日志or心跳到 Node:1 开始 args:{3 0 1 2 [{103 3 false 2}] 2 LOG_0_3 0 {0 0 map[] map[]}}
2026/02/07 14:34:09 [Node:0] getLogStartIndex index:2 last snapshot index:0
2026/02/07 14:34:09 [Node:0] getNextIndex len:3 last snapshot index:0
2026/02/07 14:34:09 [14:34:09.452] [Node:0] [LOG_REPLICA] [Trace:LOG_0_3][0->2] 发送日志or心跳到 Node:2 开始 args:{3 0 2 3 [] 2 LOG_0_3 0 {0 0 map[] map[]}}
2026/02/07 14:34:09 [14:34:09.452] [Node:1] [HEARTBEAT] [Trace:LOG_2_4][2->1] AppendEntries 收到 term:4 leaderId:2 prevLogIndex:5 prevLogTerm:4 entries:0 leaderCommit:5 isHeartbeat:true currentTerm:4 status:FOLLOWER log:[]
2026/02/07 14:34:09 [Node:1] getNextIndex len:7 last snapshot index:0
2026/02/07 14:34:09 [14:34:09.452] [Node:1] [HEARTBEAT] [Trace:LOG_2_4][2->1] 打印日志结果:[{<nil> 0 false 0} {101 2 false 1} {101 2 false 1} {103 3 false 2} {104 4 false 3} {104 4 false 4} {104 4 false 5}] 
2026/02/07 14:34:09 [Node:1] getLogStartIndex index:5 last snapshot index:0
2026/02/07 14:34:09 [14:34:09.452] [Node:1] [HEARTBEAT] [Trace:LOG_2_4][2->1] 复制日志结果:[{<nil> 0 false 0} {101 2 false 1} {101 2 false 1} {103 3 false 2} {104 4 false 3} {104 4 false 4} {104 4 false 5}] 
2026/02/07 14:34:09 [14:34:09.452] [Node:2] [LOG_REPLICA] [Trace:LOG_2_4][2->1] 心跳返回 from peer:1 term:4 success:true
2026/02/07 14:34:09 rfats [0xc00010c000 0xc00010c100 0xc00010c200]
2026/02/07 14:34:09 i 0 cmd1 <nil>, ok false
2026/02/07 14:34:09 i 1 cmd1 <nil>, ok false
2026/02/07 14:34:09 i 2 cmd1 104, ok true
2026/02/07 14:34:09 nd 1, cmd1 104 cmd 104
2026/02/07 14:34:09 rfats [0xc00010c000 0xc00010c100 0xc00010c200]
2026/02/07 14:34:09 i 0 cmd1 <nil>, ok false
2026/02/07 14:34:09 i 1 cmd1 <nil>, ok false
2026/02/07 14:34:09 i 2 cmd1 104, ok true
2026/02/07 14:34:09 nd 1, cmd1 104 cmd 104
2026/02/07 14:34:09 rfats [0xc00010c000 0xc00010c100 0xc00010c200]
2026/02/07 14:34:09 i 0 cmd1 <nil>, ok false
2026/02/07 14:34:09 i 1 cmd1 <nil>, ok false
2026/02/07 14:34:09 i 2 cmd1 104, ok true
2026/02/07 14:34:09 nd 1, cmd1 104 cmd 104
2026/02/07 14:34:09 [14:34:09.502] [Node:1] [HEARTBEAT] [Trace:HB_1_4] Follower等心跳 status FOLLOWER term:4 commitIndex:5
2026/02/07 14:34:09 [14:34:09.502] [Node:2] [HEARTBEAT] [Trace:HB_2_4] 开始发送心跳广播 status LEADER term:4 commitIndex:5
2026/02/07 14:34:09 [Node:2] nextIndex:[3 6 3]
2026/02/07 14:34:09 [Node:2] getLogStartIndex index:2 last snapshot index:0
2026/02/07 14:34:09 [Node:2] getNextIndex len:6 last snapshot index:0
2026/02/07 14:34:09 [Node:2] getLogStartIndex index:3 last snapshot index:0
2026/02/07 14:34:09 [Node:2] nextIndex:[3 6 3]
2026/02/07 14:34:09 [Node:2] getLogStartIndex index:5 last snapshot index:0
2026/02/07 14:34:09 [Node:2] getNextIndex len:6 last snapshot index:0
2026/02/07 14:34:09 [14:34:09.502] [Node:2] [LOG_REPLICA] [Trace:LOG_2_4][2->0] 发送日志or心跳到 Node:0 开始 args:{4 2 2 3 [{104 4 false 3} {104 4 false 4} {104 4 false 5}] 5 LOG_2_4 2 {0 0 map[] map[]}}
2026/02/07 14:34:09 [14:34:09.502] [Node:2] [LOG_REPLICA] [Trace:LOG_2_4][2->1] 发送日志or心跳到 Node:1 开始 args:{4 2 5 4 [] 5 LOG_2_4 2 {0 0 map[] map[]}}
2026/02/07 14:34:09 [14:34:09.502] [Node:0] [HEARTBEAT] [Trace:HB_0_3] 开始发送心跳广播 status LEADER term:3 commitIndex:2
2026/02/07 14:34:09 [Node:0] nextIndex:[2 2 3]
2026/02/07 14:34:09 [Node:0] getLogStartIndex index:2 last snapshot index:0
2026/02/07 14:34:09 [Node:0] getNextIndex len:3 last snapshot index:0
2026/02/07 14:34:09 [14:34:09.502] [Node:0] [LOG_REPLICA] [Trace:LOG_0_3][0->2] 发送日志or心跳到 Node:2 开始 args:{3 0 2 3 [] 2 LOG_0_3 0 {0 0 map[] map[]}}
2026/02/07 14:34:09 [Node:0] nextIndex:[2 2 3]
2026/02/07 14:34:09 [Node:0] getLogStartIndex index:1 last snapshot index:0
2026/02/07 14:34:09 [Node:0] getNextIndex len:3 last snapshot index:0
2026/02/07 14:34:09 [Node:0] getLogStartIndex index:2 last snapshot index:0
2026/02/07 14:34:09 [14:34:09.502] [Node:0] [LOG_REPLICA] [Trace:LOG_0_3][0->1] 发送日志or心跳到 Node:1 开始 args:{3 0 1 2 [{103 3 false 2}] 2 LOG_0_3 0 {0 0 map[] map[]}}
2026/02/07 14:34:09 [14:34:09.502] [Node:1] [HEARTBEAT] [Trace:LOG_2_4][2->1] AppendEntries 收到 term:4 leaderId:2 prevLogIndex:5 prevLogTerm:4 entries:0 leaderCommit:5 isHeartbeat:true currentTerm:4 status:FOLLOWER log:[]
2026/02/07 14:34:09 [Node:1] getNextIndex len:7 last snapshot index:0
2026/02/07 14:34:09 [14:34:09.502] [Node:1] [HEARTBEAT] [Trace:LOG_2_4][2->1] 打印日志结果:[{<nil> 0 false 0} {101 2 false 1} {101 2 false 1} {103 3 false 2} {104 4 false 3} {104 4 false 4} {104 4 false 5}] 
2026/02/07 14:34:09 [Node:1] getLogStartIndex index:5 last snapshot index:0
2026/02/07 14:34:09 [14:34:09.502] [Node:1] [HEARTBEAT] [Trace:LOG_2_4][2->1] 复制日志结果:[{<nil> 0 false 0} {101 2 false 1} {101 2 false 1} {103 3 false 2} {104 4 false 3} {104 4 false 4} {104 4 false 5}] 
2026/02/07 14:34:09 [14:34:09.503] [Node:2] [LOG_REPLICA] [Trace:LOG_2_4][2->1] 心跳返回 from peer:1 term:4 success:true
2026/02/07 14:34:09 rfats [0xc00010c000 0xc00010c100 0xc00010c200]
2026/02/07 14:34:09 i 0 cmd1 <nil>, ok false
2026/02/07 14:34:09 i 1 cmd1 <nil>, ok false
2026/02/07 14:34:09 i 2 cmd1 104, ok true
2026/02/07 14:34:09 nd 1, cmd1 104 cmd 104
2026/02/07 14:34:09 rfats [0xc00010c000 0xc00010c100 0xc00010c200]
2026/02/07 14:34:09 i 0 cmd1 <nil>, ok false
2026/02/07 14:34:09 i 1 cmd1 <nil>, ok false
2026/02/07 14:34:09 i 2 cmd1 104, ok true
2026/02/07 14:34:09 nd 1, cmd1 104 cmd 104
2026/02/07 14:34:09 [14:34:09.552] [Node:0] [HEARTBEAT] [Trace:HB_0_3] 开始发送心跳广播 status LEADER term:3 commitIndex:2
2026/02/07 14:34:09 [14:34:09.552] [Node:2] [HEARTBEAT] [Trace:HB_2_4] 开始发送心跳广播 status LEADER term:4 commitIndex:5
2026/02/07 14:34:09 [Node:0] nextIndex:[2 2 3]
2026/02/07 14:34:09 [14:34:09.552] [Node:1] [HEARTBEAT] [Trace:HB_1_4] Follower等心跳 status FOLLOWER term:4 commitIndex:5
2026/02/07 14:34:09 [Node:2] nextIndex:[3 6 3]
2026/02/07 14:34:09 [Node:0] getLogStartIndex index:1 last snapshot index:0
2026/02/07 14:34:09 [Node:2] getLogStartIndex index:5 last snapshot index:0
2026/02/07 14:34:09 [Node:0] getNextIndex len:3 last snapshot index:0
2026/02/07 14:34:09 [Node:2] getNextIndex len:6 last snapshot index:0
2026/02/07 14:34:09 [Node:0] getLogStartIndex index:2 last snapshot index:0
2026/02/07 14:34:09 [Node:0] nextIndex:[2 2 3]
2026/02/07 14:34:09 [Node:0] getLogStartIndex index:2 last snapshot index:0
2026/02/07 14:34:09 [Node:2] nextIndex:[3 6 3]
2026/02/07 14:34:09 [Node:2] getLogStartIndex index:2 last snapshot index:0
2026/02/07 14:34:09 [14:34:09.553] [Node:2] [LOG_REPLICA] [Trace:LOG_2_4][2->1] 发送日志or心跳到 Node:1 开始 args:{4 2 5 4 [] 5 LOG_2_4 2 {0 0 map[] map[]}}
2026/02/07 14:34:09 [14:34:09.553] [Node:0] [LOG_REPLICA] [Trace:LOG_0_3][0->1] 发送日志or心跳到 Node:1 开始 args:{3 0 1 2 [{103 3 false 2}] 2 LOG_0_3 0 {0 0 map[] map[]}}
2026/02/07 14:34:09 [Node:0] getNextIndex len:3 last snapshot index:0
2026/02/07 14:34:09 [14:34:09.553] [Node:0] [LOG_REPLICA] [Trace:LOG_0_3][0->2] 发送日志or心跳到 Node:2 开始 args:{3 0 2 3 [] 2 LOG_0_3 0 {0 0 map[] map[]}}
2026/02/07 14:34:09 [Node:2] getNextIndex len:6 last snapshot index:0
2026/02/07 14:34:09 [Node:2] getLogStartIndex index:3 last snapshot index:0
2026/02/07 14:34:09 [14:34:09.553] [Node:2] [LOG_REPLICA] [Trace:LOG_2_4][2->0] 发送日志or心跳到 Node:0 开始 args:{4 2 2 3 [{104 4 false 3} {104 4 false 4} {104 4 false 5}] 5 LOG_2_4 2 {0 0 map[] map[]}}
2026/02/07 14:34:09 [14:34:09.553] [Node:1] [HEARTBEAT] [Trace:LOG_2_4][2->1] AppendEntries 收到 term:4 leaderId:2 prevLogIndex:5 prevLogTerm:4 entries:0 leaderCommit:5 isHeartbeat:true currentTerm:4 status:FOLLOWER log:[]
2026/02/07 14:34:09 [Node:1] getNextIndex len:7 last snapshot index:0
2026/02/07 14:34:09 [14:34:09.553] [Node:1] [HEARTBEAT] [Trace:LOG_2_4][2->1] 打印日志结果:[{<nil> 0 false 0} {101 2 false 1} {101 2 false 1} {103 3 false 2} {104 4 false 3} {104 4 false 4} {104 4 false 5}] 
2026/02/07 14:34:09 [Node:1] getLogStartIndex index:5 last snapshot index:0
2026/02/07 14:34:09 [14:34:09.553] [Node:1] [HEARTBEAT] [Trace:LOG_2_4][2->1] 复制日志结果:[{<nil> 0 false 0} {101 2 false 1} {101 2 false 1} {103 3 false 2} {104 4 false 3} {104 4 false 4} {104 4 false 5}] 
2026/02/07 14:34:09 [14:34:09.553] [Node:2] [LOG_REPLICA] [Trace:LOG_2_4][2->1] 心跳返回 from peer:1 term:4 success:true
2026/02/07 14:34:09 rfats [0xc00010c000 0xc00010c100 0xc00010c200]
2026/02/07 14:34:09 i 0 cmd1 <nil>, ok false
2026/02/07 14:34:09 i 1 cmd1 <nil>, ok false
2026/02/07 14:34:09 i 2 cmd1 104, ok true
2026/02/07 14:34:09 nd 1, cmd1 104 cmd 104
2026/02/07 14:34:09 rfats [0xc00010c000 0xc00010c100 0xc00010c200]
2026/02/07 14:34:09 i 0 cmd1 <nil>, ok false
2026/02/07 14:34:09 i 1 cmd1 <nil>, ok false
2026/02/07 14:34:09 i 2 cmd1 104, ok true
2026/02/07 14:34:09 nd 1, cmd1 104 cmd 104
2026/02/07 14:34:09 [14:34:09.603] [Node:1] [HEARTBEAT] [Trace:HB_1_4] Follower等心跳 status FOLLOWER term:4 commitIndex:5
2026/02/07 14:34:09 [14:34:09.603] [Node:0] [HEARTBEAT] [Trace:HB_0_3] 开始发送心跳广播 status LEADER term:3 commitIndex:2
2026/02/07 14:34:09 [Node:0] nextIndex:[2 2 3]
2026/02/07 14:34:09 [Node:0] getLogStartIndex index:1 last snapshot index:0
2026/02/07 14:34:09 [Node:0] getNextIndex len:3 last snapshot index:0
2026/02/07 14:34:09 [Node:0] getLogStartIndex index:2 last snapshot index:0
2026/02/07 14:34:09 [Node:0] nextIndex:[2 2 3]
2026/02/07 14:34:09 [Node:0] getLogStartIndex index:2 last snapshot index:0
2026/02/07 14:34:09 [14:34:09.603] [Node:2] [HEARTBEAT] [Trace:HB_2_4] 开始发送心跳广播 status LEADER term:4 commitIndex:5
2026/02/07 14:34:09 [14:34:09.604] [Node:0] [LOG_REPLICA] [Trace:LOG_0_3][0->1] 发送日志or心跳到 Node:1 开始 args:{3 0 1 2 [{103 3 false 2}] 2 LOG_0_3 0 {0 0 map[] map[]}}
2026/02/07 14:34:09 [Node:2] nextIndex:[3 6 3]
2026/02/07 14:34:09 [Node:2] getLogStartIndex index:5 last snapshot index:0
2026/02/07 14:34:09 [Node:2] getNextIndex len:6 last snapshot index:0
2026/02/07 14:34:09 [Node:0] getNextIndex len:3 last snapshot index:0
2026/02/07 14:34:09 [14:34:09.604] [Node:2] [LOG_REPLICA] [Trace:LOG_2_4][2->1] 发送日志or心跳到 Node:1 开始 args:{4 2 5 4 [] 5 LOG_2_4 2 {0 0 map[] map[]}}
2026/02/07 14:34:09 [Node:2] nextIndex:[3 6 3]
2026/02/07 14:34:09 [14:34:09.604] [Node:0] [LOG_REPLICA] [Trace:LOG_0_3][0->2] 发送日志or心跳到 Node:2 开始 args:{3 0 2 3 [] 2 LOG_0_3 0 {0 0 map[] map[]}}
2026/02/07 14:34:09 [Node:2] getLogStartIndex index:2 last snapshot index:0
2026/02/07 14:34:09 [Node:2] getNextIndex len:6 last snapshot index:0
2026/02/07 14:34:09 [Node:2] getLogStartIndex index:3 last snapshot index:0
2026/02/07 14:34:09 [14:34:09.604] [Node:2] [LOG_REPLICA] [Trace:LOG_2_4][2->0] 发送日志or心跳到 Node:0 开始 args:{4 2 2 3 [{104 4 false 3} {104 4 false 4} {104 4 false 5}] 5 LOG_2_4 2 {0 0 map[] map[]}}
2026/02/07 14:34:09 [14:34:09.604] [Node:1] [HEARTBEAT] [Trace:LOG_2_4][2->1] AppendEntries 收到 term:4 leaderId:2 prevLogIndex:5 prevLogTerm:4 entries:0 leaderCommit:5 isHeartbeat:true currentTerm:4 status:FOLLOWER log:[]
2026/02/07 14:34:09 [Node:1] getNextIndex len:7 last snapshot index:0
2026/02/07 14:34:09 [14:34:09.604] [Node:1] [HEARTBEAT] [Trace:LOG_2_4][2->1] 打印日志结果:[{<nil> 0 false 0} {101 2 false 1} {101 2 false 1} {103 3 false 2} {104 4 false 3} {104 4 false 4} {104 4 false 5}] 
2026/02/07 14:34:09 [Node:1] getLogStartIndex index:5 last snapshot index:0
2026/02/07 14:34:09 [14:34:09.604] [Node:1] [HEARTBEAT] [Trace:LOG_2_4][2->1] 复制日志结果:[{<nil> 0 false 0} {101 2 false 1} {101 2 false 1} {103 3 false 2} {104 4 false 3} {104 4 false 4} {104 4 false 5}] 
2026/02/07 14:34:09 [14:34:09.605] [Node:2] [LOG_REPLICA] [Trace:LOG_2_4][2->1] 心跳返回 from peer:1 term:4 success:true
2026/02/07 14:34:09 rfats [0xc00010c000 0xc00010c100 0xc00010c200]
2026/02/07 14:34:09 i 0 cmd1 <nil>, ok false
2026/02/07 14:34:09 i 1 cmd1 <nil>, ok false
2026/02/07 14:34:09 i 2 cmd1 104, ok true
2026/02/07 14:34:09 nd 1, cmd1 104 cmd 104
2026/02/07 14:34:09 rfats [0xc00010c000 0xc00010c100 0xc00010c200]
2026/02/07 14:34:09 i 0 cmd1 <nil>, ok false
2026/02/07 14:34:09 i 1 cmd1 <nil>, ok false
2026/02/07 14:34:09 i 2 cmd1 104, ok true
2026/02/07 14:34:09 nd 1, cmd1 104 cmd 104
2026/02/07 14:34:09 rfats [0xc00010c000 0xc00010c100 0xc00010c200]
2026/02/07 14:34:09 i 0 cmd1 <nil>, ok false
2026/02/07 14:34:09 i 1 cmd1 <nil>, ok false
2026/02/07 14:34:09 i 2 cmd1 104, ok true
2026/02/07 14:34:09 nd 1, cmd1 104 cmd 104
2026/02/07 14:34:09 [14:34:09.654] [Node:2] [HEARTBEAT] [Trace:HB_2_4] 开始发送心跳广播 status LEADER term:4 commitIndex:5
2026/02/07 14:34:09 [14:34:09.654] [Node:0] [HEARTBEAT] [Trace:HB_0_3] 开始发送心跳广播 status LEADER term:3 commitIndex:2
2026/02/07 14:34:09 [14:34:09.654] [Node:1] [HEARTBEAT] [Trace:HB_1_4] Follower等心跳 status FOLLOWER term:4 commitIndex:5
2026/02/07 14:34:09 [Node:2] nextIndex:[3 6 3]
2026/02/07 14:34:09 [Node:2] getLogStartIndex index:2 last snapshot index:0
2026/02/07 14:34:09 [Node:0] nextIndex:[2 2 3]
2026/02/07 14:34:09 [Node:2] getNextIndex len:6 last snapshot index:0
2026/02/07 14:34:09 [Node:2] getLogStartIndex index:3 last snapshot index:0
2026/02/07 14:34:09 [Node:0] getLogStartIndex index:1 last snapshot index:0
2026/02/07 14:34:09 [Node:0] getNextIndex len:3 last snapshot index:0
2026/02/07 14:34:09 [Node:2] nextIndex:[3 6 3]
2026/02/07 14:34:09 [Node:0] getLogStartIndex index:2 last snapshot index:0
2026/02/07 14:34:09 [14:34:09.654] [Node:2] [LOG_REPLICA] [Trace:LOG_2_4][2->0] 发送日志or心跳到 Node:0 开始 args:{4 2 2 3 [{104 4 false 3} {104 4 false 4} {104 4 false 5}] 5 LOG_2_4 2 {0 0 map[] map[]}}
2026/02/07 14:34:09 [14:34:09.654] [Node:0] [LOG_REPLICA] [Trace:LOG_0_3][0->1] 发送日志or心跳到 Node:1 开始 args:{3 0 1 2 [{103 3 false 2}] 2 LOG_0_3 0 {0 0 map[] map[]}}
2026/02/07 14:34:09 [Node:2] getLogStartIndex index:5 last snapshot index:0
2026/02/07 14:34:09 [Node:2] getNextIndex len:6 last snapshot index:0
2026/02/07 14:34:09 [Node:0] nextIndex:[2 2 3]
2026/02/07 14:34:09 [14:34:09.654] [Node:2] [LOG_REPLICA] [Trace:LOG_2_4][2->1] 发送日志or心跳到 Node:1 开始 args:{4 2 5 4 [] 5 LOG_2_4 2 {0 0 map[] map[]}}
2026/02/07 14:34:09 [Node:0] getLogStartIndex index:2 last snapshot index:0
2026/02/07 14:34:09 [Node:0] getNextIndex len:3 last snapshot index:0
2026/02/07 14:34:09 [14:34:09.655] [Node:0] [LOG_REPLICA] [Trace:LOG_0_3][0->2] 发送日志or心跳到 Node:2 开始 args:{3 0 2 3 [] 2 LOG_0_3 0 {0 0 map[] map[]}}
2026/02/07 14:34:09 [14:34:09.655] [Node:1] [HEARTBEAT] [Trace:LOG_2_4][2->1] AppendEntries 收到 term:4 leaderId:2 prevLogIndex:5 prevLogTerm:4 entries:0 leaderCommit:5 isHeartbeat:true currentTerm:4 status:FOLLOWER log:[]
2026/02/07 14:34:09 [Node:1] getNextIndex len:7 last snapshot index:0
2026/02/07 14:34:09 [14:34:09.655] [Node:1] [HEARTBEAT] [Trace:LOG_2_4][2->1] 打印日志结果:[{<nil> 0 false 0} {101 2 false 1} {101 2 false 1} {103 3 false 2} {104 4 false 3} {104 4 false 4} {104 4 false 5}] 
2026/02/07 14:34:09 [Node:1] getLogStartIndex index:5 last snapshot index:0
2026/02/07 14:34:09 [14:34:09.655] [Node:1] [HEARTBEAT] [Trace:LOG_2_4][2->1] 复制日志结果:[{<nil> 0 false 0} {101 2 false 1} {101 2 false 1} {103 3 false 2} {104 4 false 3} {104 4 false 4} {104 4 false 5}] 
2026/02/07 14:34:09 [14:34:09.655] [Node:2] [LOG_REPLICA] [Trace:LOG_2_4][2->1] 心跳返回 from peer:1 term:4 success:true
2026/02/07 14:34:09 rfats [0xc00010c000 0xc00010c100 0xc00010c200]
2026/02/07 14:34:09 i 0 cmd1 <nil>, ok false
2026/02/07 14:34:09 i 1 cmd1 <nil>, ok false
2026/02/07 14:34:09 i 2 cmd1 104, ok true
2026/02/07 14:34:09 nd 1, cmd1 104 cmd 104
2026/02/07 14:34:09 rfats [0xc00010c000 0xc00010c100 0xc00010c200]
2026/02/07 14:34:09 i 0 cmd1 <nil>, ok false
2026/02/07 14:34:09 i 1 cmd1 <nil>, ok false
2026/02/07 14:34:09 i 2 cmd1 104, ok true
2026/02/07 14:34:09 nd 1, cmd1 104 cmd 104
2026/02/07 14:34:09 [14:34:09.705] [Node:2] [HEARTBEAT] [Trace:HB_2_4] 开始发送心跳广播 status LEADER term:4 commitIndex:5
2026/02/07 14:34:09 [14:34:09.705] [Node:1] [HEARTBEAT] [Trace:HB_1_4] Follower等心跳 status FOLLOWER term:4 commitIndex:5
2026/02/07 14:34:09 [14:34:09.705] [Node:0] [HEARTBEAT] [Trace:HB_0_3] 开始发送心跳广播 status LEADER term:3 commitIndex:2
2026/02/07 14:34:09 [Node:2] nextIndex:[3 6 3]
2026/02/07 14:34:09 [Node:2] getLogStartIndex index:2 last snapshot index:0
2026/02/07 14:34:09 [Node:0] nextIndex:[2 2 3]
2026/02/07 14:34:09 [Node:2] getNextIndex len:6 last snapshot index:0
2026/02/07 14:34:09 [Node:0] getLogStartIndex index:2 last snapshot index:0
2026/02/07 14:34:09 [Node:2] getLogStartIndex index:3 last snapshot index:0
2026/02/07 14:34:09 [Node:0] getNextIndex len:3 last snapshot index:0
2026/02/07 14:34:09 [14:34:09.705] [Node:0] [LOG_REPLICA] [Trace:LOG_0_3][0->2] 发送日志or心跳到 Node:2 开始 args:{3 0 2 3 [] 2 LOG_0_3 0 {0 0 map[] map[]}}
2026/02/07 14:34:09 [14:34:09.705] [Node:2] [LOG_REPLICA] [Trace:LOG_2_4][2->0] 发送日志or心跳到 Node:0 开始 args:{4 2 2 3 [{104 4 false 3} {104 4 false 4} {104 4 false 5}] 5 LOG_2_4 2 {0 0 map[] map[]}}
2026/02/07 14:34:09 [Node:2] nextIndex:[3 6 3]
2026/02/07 14:34:09 [Node:2] getLogStartIndex index:5 last snapshot index:0
2026/02/07 14:34:09 [Node:2] getNextIndex len:6 last snapshot index:0
2026/02/07 14:34:09 [Node:0] nextIndex:[2 2 3]
2026/02/07 14:34:09 [Node:0] getLogStartIndex index:1 last snapshot index:0
2026/02/07 14:34:09 [14:34:09.705] [Node:2] [LOG_REPLICA] [Trace:LOG_2_4][2->1] 发送日志or心跳到 Node:1 开始 args:{4 2 5 4 [] 5 LOG_2_4 2 {0 0 map[] map[]}}
2026/02/07 14:34:09 [Node:0] getNextIndex len:3 last snapshot index:0
2026/02/07 14:34:09 [Node:0] getLogStartIndex index:2 last snapshot index:0
2026/02/07 14:34:09 [14:34:09.705] [Node:0] [LOG_REPLICA] [Trace:LOG_0_3][0->1] 发送日志or心跳到 Node:1 开始 args:{3 0 1 2 [{103 3 false 2}] 2 LOG_0_3 0 {0 0 map[] map[]}}
2026/02/07 14:34:09 [14:34:09.706] [Node:1] [HEARTBEAT] [Trace:LOG_2_4][2->1] AppendEntries 收到 term:4 leaderId:2 prevLogIndex:5 prevLogTerm:4 entries:0 leaderCommit:5 isHeartbeat:true currentTerm:4 status:FOLLOWER log:[]
2026/02/07 14:34:09 [Node:1] getNextIndex len:7 last snapshot index:0
2026/02/07 14:34:09 [14:34:09.706] [Node:1] [HEARTBEAT] [Trace:LOG_2_4][2->1] 打印日志结果:[{<nil> 0 false 0} {101 2 false 1} {101 2 false 1} {103 3 false 2} {104 4 false 3} {104 4 false 4} {104 4 false 5}] 
2026/02/07 14:34:09 [Node:1] getLogStartIndex index:5 last snapshot index:0
2026/02/07 14:34:09 [14:34:09.706] [Node:1] [HEARTBEAT] [Trace:LOG_2_4][2->1] 复制日志结果:[{<nil> 0 false 0} {101 2 false 1} {101 2 false 1} {103 3 false 2} {104 4 false 3} {104 4 false 4} {104 4 false 5}] 
2026/02/07 14:34:09 [14:34:09.706] [Node:2] [LOG_REPLICA] [Trace:LOG_2_4][2->1] 心跳返回 from peer:1 term:4 success:true
2026/02/07 14:34:09 rfats [0xc00010c000 0xc00010c100 0xc00010c200]
2026/02/07 14:34:09 i 0 cmd1 <nil>, ok false
2026/02/07 14:34:09 i 1 cmd1 <nil>, ok false
2026/02/07 14:34:09 i 2 cmd1 104, ok true
2026/02/07 14:34:09 nd 1, cmd1 104 cmd 104
2026/02/07 14:34:09 rfats [0xc00010c000 0xc00010c100 0xc00010c200]
2026/02/07 14:34:09 i 0 cmd1 <nil>, ok false
2026/02/07 14:34:09 i 1 cmd1 <nil>, ok false
2026/02/07 14:34:09 i 2 cmd1 104, ok true
2026/02/07 14:34:09 nd 1, cmd1 104 cmd 104
2026/02/07 14:34:09 rfats [0xc00010c000 0xc00010c100 0xc00010c200]
2026/02/07 14:34:09 i 0 cmd1 <nil>, ok false
2026/02/07 14:34:09 i 1 cmd1 <nil>, ok false
2026/02/07 14:34:09 i 2 cmd1 104, ok true
2026/02/07 14:34:09 nd 1, cmd1 104 cmd 104
2026/02/07 14:34:09 [14:34:09.755] [Node:2] [HEARTBEAT] [Trace:HB_2_4] 开始发送心跳广播 status LEADER term:4 commitIndex:5
2026/02/07 14:34:09 [14:34:09.755] [Node:1] [HEARTBEAT] [Trace:HB_1_4] Follower等心跳 status FOLLOWER term:4 commitIndex:5
2026/02/07 14:34:09 [14:34:09.755] [Node:0] [HEARTBEAT] [Trace:HB_0_3] 开始发送心跳广播 status LEADER term:3 commitIndex:2
2026/02/07 14:34:09 [Node:2] nextIndex:[3 6 3]
2026/02/07 14:34:09 [Node:2] getLogStartIndex index:5 last snapshot index:0
2026/02/07 14:34:09 [Node:0] nextIndex:[2 2 3]
2026/02/07 14:34:09 [Node:2] getNextIndex len:6 last snapshot index:0
2026/02/07 14:34:09 [Node:0] getLogStartIndex index:2 last snapshot index:0
2026/02/07 14:34:09 [Node:0] getNextIndex len:3 last snapshot index:0
2026/02/07 14:34:09 [14:34:09.756] [Node:2] [LOG_REPLICA] [Trace:LOG_2_4][2->1] 发送日志or心跳到 Node:1 开始 args:{4 2 5 4 [] 5 LOG_2_4 2 {0 0 map[] map[]}}
2026/02/07 14:34:09 [Node:2] nextIndex:[3 6 3]
2026/02/07 14:34:09 [14:34:09.756] [Node:0] [LOG_REPLICA] [Trace:LOG_0_3][0->2] 发送日志or心跳到 Node:2 开始 args:{3 0 2 3 [] 2 LOG_0_3 0 {0 0 map[] map[]}}
2026/02/07 14:34:09 [Node:0] nextIndex:[2 2 3]
2026/02/07 14:34:09 [Node:2] getLogStartIndex index:2 last snapshot index:0
2026/02/07 14:34:09 [Node:0] getLogStartIndex index:1 last snapshot index:0
2026/02/07 14:34:09 [Node:2] getNextIndex len:6 last snapshot index:0
2026/02/07 14:34:09 [Node:0] getNextIndex len:3 last snapshot index:0
2026/02/07 14:34:09 [Node:2] getLogStartIndex index:3 last snapshot index:0
2026/02/07 14:34:09 [Node:0] getLogStartIndex index:2 last snapshot index:0
2026/02/07 14:34:09 [14:34:09.756] [Node:0] [LOG_REPLICA] [Trace:LOG_0_3][0->1] 发送日志or心跳到 Node:1 开始 args:{3 0 1 2 [{103 3 false 2}] 2 LOG_0_3 0 {0 0 map[] map[]}}
2026/02/07 14:34:09 [14:34:09.756] [Node:2] [LOG_REPLICA] [Trace:LOG_2_4][2->0] 发送日志or心跳到 Node:0 开始 args:{4 2 2 3 [{104 4 false 3} {104 4 false 4} {104 4 false 5}] 5 LOG_2_4 2 {0 0 map[] map[]}}
2026/02/07 14:34:09 [14:34:09.756] [Node:1] [HEARTBEAT] [Trace:LOG_2_4][2->1] AppendEntries 收到 term:4 leaderId:2 prevLogIndex:5 prevLogTerm:4 entries:0 leaderCommit:5 isHeartbeat:true currentTerm:4 status:FOLLOWER log:[]
2026/02/07 14:34:09 [Node:1] getNextIndex len:7 last snapshot index:0
2026/02/07 14:34:09 [14:34:09.756] [Node:1] [HEARTBEAT] [Trace:LOG_2_4][2->1] 打印日志结果:[{<nil> 0 false 0} {101 2 false 1} {101 2 false 1} {103 3 false 2} {104 4 false 3} {104 4 false 4} {104 4 false 5}] 
2026/02/07 14:34:09 [Node:1] getLogStartIndex index:5 last snapshot index:0
2026/02/07 14:34:09 [14:34:09.756] [Node:1] [HEARTBEAT] [Trace:LOG_2_4][2->1] 复制日志结果:[{<nil> 0 false 0} {101 2 false 1} {101 2 false 1} {103 3 false 2} {104 4 false 3} {104 4 false 4} {104 4 false 5}] 
2026/02/07 14:34:09 [14:34:09.756] [Node:2] [LOG_REPLICA] [Trace:LOG_2_4][2->1] 心跳返回 from peer:1 term:4 success:true
2026/02/07 14:34:09 rfats [0xc00010c000 0xc00010c100 0xc00010c200]
2026/02/07 14:34:09 i 0 cmd1 <nil>, ok false
2026/02/07 14:34:09 i 1 cmd1 <nil>, ok false
2026/02/07 14:34:09 i 2 cmd1 104, ok true
2026/02/07 14:34:09 nd 1, cmd1 104 cmd 104
2026/02/07 14:34:09 rfats [0xc00010c000 0xc00010c100 0xc00010c200]
2026/02/07 14:34:09 i 0 cmd1 <nil>, ok false
2026/02/07 14:34:09 i 1 cmd1 <nil>, ok false
2026/02/07 14:34:09 i 2 cmd1 104, ok true
2026/02/07 14:34:09 nd 1, cmd1 104 cmd 104
2026/02/07 14:34:09 [14:34:09.806] [Node:0] [HEARTBEAT] [Trace:HB_0_3] 开始发送心跳广播 status LEADER term:3 commitIndex:2
2026/02/07 14:34:09 [14:34:09.806] [Node:1] [HEARTBEAT] [Trace:HB_1_4] Follower等心跳 status FOLLOWER term:4 commitIndex:5
2026/02/07 14:34:09 [Node:0] nextIndex:[2 2 3]
2026/02/07 14:34:09 [Node:0] getLogStartIndex index:2 last snapshot index:0
2026/02/07 14:34:09 [Node:0] getNextIndex len:3 last snapshot index:0
2026/02/07 14:34:09 [14:34:09.806] [Node:2] [HEARTBEAT] [Trace:HB_2_4] 开始发送心跳广播 status LEADER term:4 commitIndex:5
2026/02/07 14:34:09 [14:34:09.806] [Node:0] [LOG_REPLICA] [Trace:LOG_0_3][0->2] 发送日志or心跳到 Node:2 开始 args:{3 0 2 3 [] 2 LOG_0_3 0 {0 0 map[] map[]}}
2026/02/07 14:34:09 [Node:0] nextIndex:[2 2 3]
2026/02/07 14:34:09 [Node:0] getLogStartIndex index:1 last snapshot index:0
2026/02/07 14:34:09 [Node:0] getNextIndex len:3 last snapshot index:0
2026/02/07 14:34:09 [Node:0] getLogStartIndex index:2 last snapshot index:0
2026/02/07 14:34:09 [Node:2] nextIndex:[3 6 3]
2026/02/07 14:34:09 [Node:2] getLogStartIndex index:2 last snapshot index:0
2026/02/07 14:34:09 [14:34:09.806] [Node:0] [LOG_REPLICA] [Trace:LOG_0_3][0->1] 发送日志or心跳到 Node:1 开始 args:{3 0 1 2 [{103 3 false 2}] 2 LOG_0_3 0 {0 0 map[] map[]}}
2026/02/07 14:34:09 [Node:2] getNextIndex len:6 last snapshot index:0
2026/02/07 14:34:09 [Node:2] getLogStartIndex index:3 last snapshot index:0
2026/02/07 14:34:09 [14:34:09.806] [Node:2] [LOG_REPLICA] [Trace:LOG_2_4][2->0] 发送日志or心跳到 Node:0 开始 args:{4 2 2 3 [{104 4 false 3} {104 4 false 4} {104 4 false 5}] 5 LOG_2_4 2 {0 0 map[] map[]}}
2026/02/07 14:34:09 [Node:2] nextIndex:[3 6 3]
2026/02/07 14:34:09 [Node:2] getLogStartIndex index:5 last snapshot index:0
2026/02/07 14:34:09 [Node:2] getNextIndex len:6 last snapshot index:0
2026/02/07 14:34:09 [14:34:09.806] [Node:2] [LOG_REPLICA] [Trace:LOG_2_4][2->1] 发送日志or心跳到 Node:1 开始 args:{4 2 5 4 [] 5 LOG_2_4 2 {0 0 map[] map[]}}
2026/02/07 14:34:09 [14:34:09.807] [Node:1] [HEARTBEAT] [Trace:LOG_2_4][2->1] AppendEntries 收到 term:4 leaderId:2 prevLogIndex:5 prevLogTerm:4 entries:0 leaderCommit:5 isHeartbeat:true currentTerm:4 status:FOLLOWER log:[]
2026/02/07 14:34:09 [Node:1] getNextIndex len:7 last snapshot index:0
2026/02/07 14:34:09 [14:34:09.807] [Node:1] [HEARTBEAT] [Trace:LOG_2_4][2->1] 打印日志结果:[{<nil> 0 false 0} {101 2 false 1} {101 2 false 1} {103 3 false 2} {104 4 false 3} {104 4 false 4} {104 4 false 5}] 
2026/02/07 14:34:09 [Node:1] getLogStartIndex index:5 last snapshot index:0
2026/02/07 14:34:09 [14:34:09.807] [Node:1] [HEARTBEAT] [Trace:LOG_2_4][2->1] 复制日志结果:[{<nil> 0 false 0} {101 2 false 1} {101 2 false 1} {103 3 false 2} {104 4 false 3} {104 4 false 4} {104 4 false 5}] 
2026/02/07 14:34:09 [14:34:09.807] [Node:2] [LOG_REPLICA] [Trace:LOG_2_4][2->1] 心跳返回 from peer:1 term:4 success:true
2026/02/07 14:34:09 rfats [0xc00010c000 0xc00010c100 0xc00010c200]
2026/02/07 14:34:09 i 0 cmd1 <nil>, ok false
2026/02/07 14:34:09 i 1 cmd1 <nil>, ok false
2026/02/07 14:34:09 i 2 cmd1 104, ok true
2026/02/07 14:34:09 nd 1, cmd1 104 cmd 104
2026/02/07 14:34:09 rfats [0xc00010c000 0xc00010c100 0xc00010c200]
2026/02/07 14:34:09 i 0 cmd1 <nil>, ok false
2026/02/07 14:34:09 i 1 cmd1 <nil>, ok false
2026/02/07 14:34:09 i 2 cmd1 104, ok true
2026/02/07 14:34:09 nd 1, cmd1 104 cmd 104
2026/02/07 14:34:09 rfats [0xc00010c000 0xc00010c100 0xc00010c200]
2026/02/07 14:34:09 i 0 cmd1 <nil>, ok false
2026/02/07 14:34:09 [14:34:09.856] [Node:1] [HEARTBEAT] [Trace:HB_1_4] Follower等心跳 status FOLLOWER term:4 commitIndex:5
2026/02/07 14:34:09 [14:34:09.856] [Node:2] [HEARTBEAT] [Trace:HB_2_4] 开始发送心跳广播 status LEADER term:4 commitIndex:5
2026/02/07 14:34:09 [14:34:09.856] [Node:0] [HEARTBEAT] [Trace:HB_0_3] 开始发送心跳广播 status LEADER term:3 commitIndex:2
2026/02/07 14:34:09 i 1 cmd1 <nil>, ok false
2026/02/07 14:34:09 i 2 cmd1 104, ok true
2026/02/07 14:34:09 nd 1, cmd1 104 cmd 104
2026/02/07 14:34:09 [Node:2] nextIndex:[3 6 3]
2026/02/07 14:34:09 [Node:2] getLogStartIndex index:2 last snapshot index:0
2026/02/07 14:34:09 [Node:0] nextIndex:[2 2 3]
2026/02/07 14:34:09 [Node:0] getLogStartIndex index:2 last snapshot index:0
2026/02/07 14:34:09 [Node:0] getNextIndex len:3 last snapshot index:0
2026/02/07 14:34:09 [Node:2] getNextIndex len:6 last snapshot index:0
2026/02/07 14:34:09 [Node:2] getLogStartIndex index:3 last snapshot index:0
2026/02/07 14:34:09 [Node:0] nextIndex:[2 2 3]
2026/02/07 14:34:09 [Node:0] getLogStartIndex index:1 last snapshot index:0
2026/02/07 14:34:09 [Node:2] nextIndex:[3 6 3]
2026/02/07 14:34:09 [14:34:09.856] [Node:0] [LOG_REPLICA] [Trace:LOG_0_3][0->2] 发送日志or心跳到 Node:2 开始 args:{3 0 2 3 [] 2 LOG_0_3 0 {0 0 map[] map[]}}
2026/02/07 14:34:09 [Node:2] getLogStartIndex index:5 last snapshot index:0
2026/02/07 14:34:09 [Node:2] getNextIndex len:6 last snapshot index:0
2026/02/07 14:34:09 [Node:0] getNextIndex len:3 last snapshot index:0
2026/02/07 14:34:09 [14:34:09.856] [Node:2] [LOG_REPLICA] [Trace:LOG_2_4][2->0] 发送日志or心跳到 Node:0 开始 args:{4 2 2 3 [{104 4 false 3} {104 4 false 4} {104 4 false 5}] 5 LOG_2_4 2 {0 0 map[] map[]}}
2026/02/07 14:34:09 [Node:0] getLogStartIndex index:2 last snapshot index:0
2026/02/07 14:34:09 [14:34:09.856] [Node:2] [LOG_REPLICA] [Trace:LOG_2_4][2->1] 发送日志or心跳到 Node:1 开始 args:{4 2 5 4 [] 5 LOG_2_4 2 {0 0 map[] map[]}}
2026/02/07 14:34:09 [14:34:09.856] [Node:0] [LOG_REPLICA] [Trace:LOG_0_3][0->1] 发送日志or心跳到 Node:1 开始 args:{3 0 1 2 [{103 3 false 2}] 2 LOG_0_3 0 {0 0 map[] map[]}}
2026/02/07 14:34:09 [14:34:09.857] [Node:1] [HEARTBEAT] [Trace:LOG_2_4][2->1] AppendEntries 收到 term:4 leaderId:2 prevLogIndex:5 prevLogTerm:4 entries:0 leaderCommit:5 isHeartbeat:true currentTerm:4 status:FOLLOWER log:[]
2026/02/07 14:34:09 [Node:1] getNextIndex len:7 last snapshot index:0
2026/02/07 14:34:09 [14:34:09.857] [Node:1] [HEARTBEAT] [Trace:LOG_2_4][2->1] 打印日志结果:[{<nil> 0 false 0} {101 2 false 1} {101 2 false 1} {103 3 false 2} {104 4 false 3} {104 4 false 4} {104 4 false 5}] 
2026/02/07 14:34:09 [Node:1] getLogStartIndex index:5 last snapshot index:0
2026/02/07 14:34:09 [14:34:09.857] [Node:1] [HEARTBEAT] [Trace:LOG_2_4][2->1] 复制日志结果:[{<nil> 0 false 0} {101 2 false 1} {101 2 false 1} {103 3 false 2} {104 4 false 3} {104 4 false 4} {104 4 false 5}] 
2026/02/07 14:34:09 [14:34:09.857] [Node:2] [LOG_REPLICA] [Trace:LOG_2_4][2->1] 心跳返回 from peer:1 term:4 success:true
2026/02/07 14:34:09 rfats [0xc00010c000 0xc00010c100 0xc00010c200]
2026/02/07 14:34:09 i 0 cmd1 <nil>, ok false
2026/02/07 14:34:09 i 1 cmd1 <nil>, ok false
2026/02/07 14:34:09 i 2 cmd1 104, ok true
2026/02/07 14:34:09 nd 1, cmd1 104 cmd 104
2026/02/07 14:34:09 rfats [0xc00010c000 0xc00010c100 0xc00010c200]
2026/02/07 14:34:09 i 0 cmd1 <nil>, ok false
2026/02/07 14:34:09 i 1 cmd1 <nil>, ok false
2026/02/07 14:34:09 i 2 cmd1 104, ok true
2026/02/07 14:34:09 nd 1, cmd1 104 cmd 104
2026/02/07 14:34:09 [14:34:09.907] [Node:1] [HEARTBEAT] [Trace:HB_1_4] Follower等心跳 status FOLLOWER term:4 commitIndex:5
2026/02/07 14:34:09 [14:34:09.907] [Node:2] [HEARTBEAT] [Trace:HB_2_4] 开始发送心跳广播 status LEADER term:4 commitIndex:5
2026/02/07 14:34:09 [14:34:09.907] [Node:0] [HEARTBEAT] [Trace:HB_0_3] 开始发送心跳广播 status LEADER term:3 commitIndex:2
2026/02/07 14:34:09 [Node:2] nextIndex:[3 6 3]
2026/02/07 14:34:09 [Node:0] nextIndex:[2 2 3]
2026/02/07 14:34:09 [Node:0] getLogStartIndex index:2 last snapshot index:0
2026/02/07 14:34:09 [Node:0] getNextIndex len:3 last snapshot index:0
2026/02/07 14:34:09 [Node:2] getLogStartIndex index:2 last snapshot index:0
2026/02/07 14:34:09 [Node:2] getNextIndex len:6 last snapshot index:0
2026/02/07 14:34:09 [14:34:09.907] [Node:0] [LOG_REPLICA] [Trace:LOG_0_3][0->2] 发送日志or心跳到 Node:2 开始 args:{3 0 2 3 [] 2 LOG_0_3 0 {0 0 map[] map[]}}
2026/02/07 14:34:09 [Node:0] nextIndex:[2 2 3]
2026/02/07 14:34:09 [Node:2] getLogStartIndex index:3 last snapshot index:0
2026/02/07 14:34:09 [Node:2] nextIndex:[3 6 3]
2026/02/07 14:34:09 [Node:2] getLogStartIndex index:5 last snapshot index:0
2026/02/07 14:34:09 [Node:2] getNextIndex len:6 last snapshot index:0
2026/02/07 14:34:09 [Node:0] getLogStartIndex index:1 last snapshot index:0
2026/02/07 14:34:09 [14:34:09.907] [Node:2] [LOG_REPLICA] [Trace:LOG_2_4][2->0] 发送日志or心跳到 Node:0 开始 args:{4 2 2 3 [{104 4 false 3} {104 4 false 4} {104 4 false 5}] 5 LOG_2_4 2 {0 0 map[] map[]}}
2026/02/07 14:34:09 [Node:0] getNextIndex len:3 last snapshot index:0
2026/02/07 14:34:09 [Node:0] getLogStartIndex index:2 last snapshot index:0
2026/02/07 14:34:09 [14:34:09.907] [Node:2] [LOG_REPLICA] [Trace:LOG_2_4][2->1] 发送日志or心跳到 Node:1 开始 args:{4 2 5 4 [] 5 LOG_2_4 2 {0 0 map[] map[]}}
2026/02/07 14:34:09 [14:34:09.907] [Node:0] [LOG_REPLICA] [Trace:LOG_0_3][0->1] 发送日志or心跳到 Node:1 开始 args:{3 0 1 2 [{103 3 false 2}] 2 LOG_0_3 0 {0 0 map[] map[]}}
2026/02/07 14:34:09 [14:34:09.908] [Node:1] [HEARTBEAT] [Trace:LOG_2_4][2->1] AppendEntries 收到 term:4 leaderId:2 prevLogIndex:5 prevLogTerm:4 entries:0 leaderCommit:5 isHeartbeat:true currentTerm:4 status:FOLLOWER log:[]
2026/02/07 14:34:09 [Node:1] getNextIndex len:7 last snapshot index:0
2026/02/07 14:34:09 [14:34:09.908] [Node:1] [HEARTBEAT] [Trace:LOG_2_4][2->1] 打印日志结果:[{<nil> 0 false 0} {101 2 false 1} {101 2 false 1} {103 3 false 2} {104 4 false 3} {104 4 false 4} {104 4 false 5}] 
2026/02/07 14:34:09 [Node:1] getLogStartIndex index:5 last snapshot index:0
2026/02/07 14:34:09 [14:34:09.908] [Node:1] [HEARTBEAT] [Trace:LOG_2_4][2->1] 复制日志结果:[{<nil> 0 false 0} {101 2 false 1} {101 2 false 1} {103 3 false 2} {104 4 false 3} {104 4 false 4} {104 4 false 5}] 
2026/02/07 14:34:09 [14:34:09.908] [Node:2] [LOG_REPLICA] [Trace:LOG_2_4][2->1] 心跳返回 from peer:1 term:4 success:true
2026/02/07 14:34:09 rfats [0xc00010c000 0xc00010c100 0xc00010c200]
2026/02/07 14:34:09 i 0 cmd1 <nil>, ok false
2026/02/07 14:34:09 i 1 cmd1 <nil>, ok false
2026/02/07 14:34:09 i 2 cmd1 104, ok true
2026/02/07 14:34:09 nd 1, cmd1 104 cmd 104
2026/02/07 14:34:09 rfats [0xc00010c000 0xc00010c100 0xc00010c200]
2026/02/07 14:34:09 i 0 cmd1 <nil>, ok false
2026/02/07 14:34:09 i 1 cmd1 <nil>, ok false
2026/02/07 14:34:09 i 2 cmd1 104, ok true
2026/02/07 14:34:09 nd 1, cmd1 104 cmd 104
2026/02/07 14:34:09 [14:34:09.957] [Node:0] [HEARTBEAT] [Trace:HB_0_3] 开始发送心跳广播 status LEADER term:3 commitIndex:2
2026/02/07 14:34:09 [14:34:09.957] [Node:1] [HEARTBEAT] [Trace:HB_1_4] Follower等心跳 status FOLLOWER term:4 commitIndex:5
2026/02/07 14:34:09 [14:34:09.957] [Node:2] [HEARTBEAT] [Trace:HB_2_4] 开始发送心跳广播 status LEADER term:4 commitIndex:5
2026/02/07 14:34:09 [Node:0] nextIndex:[2 2 3]
2026/02/07 14:34:09 [Node:0] getLogStartIndex index:1 last snapshot index:0
2026/02/07 14:34:09 [Node:2] nextIndex:[3 6 3]
2026/02/07 14:34:09 [Node:0] getNextIndex len:3 last snapshot index:0
2026/02/07 14:34:09 [Node:0] getLogStartIndex index:2 last snapshot index:0
2026/02/07 14:34:09 [Node:2] getLogStartIndex index:5 last snapshot index:0
2026/02/07 14:34:09 [Node:2] getNextIndex len:6 last snapshot index:0
2026/02/07 14:34:09 [Node:0] nextIndex:[2 2 3]
2026/02/07 14:34:09 [Node:2] nextIndex:[3 6 3]
2026/02/07 14:34:09 [Node:0] getLogStartIndex index:2 last snapshot index:0
2026/02/07 14:34:09 [Node:2] getLogStartIndex index:2 last snapshot index:0
2026/02/07 14:34:09 [Node:0] getNextIndex len:3 last snapshot index:0
2026/02/07 14:34:09 [14:34:09.957] [Node:0] [LOG_REPLICA] [Trace:LOG_0_3][0->1] 发送日志or心跳到 Node:1 开始 args:{3 0 1 2 [{103 3 false 2}] 2 LOG_0_3 0 {0 0 map[] map[]}}
2026/02/07 14:34:09 [14:34:09.957] [Node:0] [LOG_REPLICA] [Trace:LOG_0_3][0->2] 发送日志or心跳到 Node:2 开始 args:{3 0 2 3 [] 2 LOG_0_3 0 {0 0 map[] map[]}}
2026/02/07 14:34:09 [Node:2] getNextIndex len:6 last snapshot index:0
2026/02/07 14:34:09 [Node:2] getLogStartIndex index:3 last snapshot index:0
2026/02/07 14:34:09 [14:34:09.957] [Node:2] [LOG_REPLICA] [Trace:LOG_2_4][2->1] 发送日志or心跳到 Node:1 开始 args:{4 2 5 4 [] 5 LOG_2_4 2 {0 0 map[] map[]}}
2026/02/07 14:34:09 [14:34:09.958] [Node:2] [LOG_REPLICA] [Trace:LOG_2_4][2->0] 发送日志or心跳到 Node:0 开始 args:{4 2 2 3 [{104 4 false 3} {104 4 false 4} {104 4 false 5}] 5 LOG_2_4 2 {0 0 map[] map[]}}
2026/02/07 14:34:09 [14:34:09.958] [Node:1] [HEARTBEAT] [Trace:LOG_2_4][2->1] AppendEntries 收到 term:4 leaderId:2 prevLogIndex:5 prevLogTerm:4 entries:0 leaderCommit:5 isHeartbeat:true currentTerm:4 status:FOLLOWER log:[]
2026/02/07 14:34:09 [Node:1] getNextIndex len:7 last snapshot index:0
2026/02/07 14:34:09 [14:34:09.958] [Node:1] [HEARTBEAT] [Trace:LOG_2_4][2->1] 打印日志结果:[{<nil> 0 false 0} {101 2 false 1} {101 2 false 1} {103 3 false 2} {104 4 false 3} {104 4 false 4} {104 4 false 5}] 
2026/02/07 14:34:09 [Node:1] getLogStartIndex index:5 last snapshot index:0
2026/02/07 14:34:09 [14:34:09.958] [Node:1] [HEARTBEAT] [Trace:LOG_2_4][2->1] 复制日志结果:[{<nil> 0 false 0} {101 2 false 1} {101 2 false 1} {103 3 false 2} {104 4 false 3} {104 4 false 4} {104 4 false 5}] 
2026/02/07 14:34:09 [14:34:09.958] [Node:2] [LOG_REPLICA] [Trace:LOG_2_4][2->1] 心跳返回 from peer:1 term:4 success:true
2026/02/07 14:34:09 rfats [0xc00010c000 0xc00010c100 0xc00010c200]
2026/02/07 14:34:09 i 0 cmd1 <nil>, ok false
2026/02/07 14:34:09 i 1 cmd1 <nil>, ok false
2026/02/07 14:34:09 i 2 cmd1 104, ok true
2026/02/07 14:34:09 nd 1, cmd1 104 cmd 104
2026/02/07 14:34:09 rfats [0xc00010c000 0xc00010c100 0xc00010c200]
2026/02/07 14:34:09 i 0 cmd1 <nil>, ok false
2026/02/07 14:34:09 i 1 cmd1 <nil>, ok false
2026/02/07 14:34:09 i 2 cmd1 104, ok true
2026/02/07 14:34:09 nd 1, cmd1 104 cmd 104
2026/02/07 14:34:10 rfats [0xc00010c000 0xc00010c100 0xc00010c200]
2026/02/07 14:34:10 i 0 cmd1 <nil>, ok false
2026/02/07 14:34:10 i 1 cmd1 <nil>, ok false
2026/02/07 14:34:10 i 2 cmd1 104, ok true
2026/02/07 14:34:10 nd 1, cmd1 104 cmd 104
2026/02/07 14:34:10 [14:34:10.008] [Node:2] [HEARTBEAT] [Trace:HB_2_4] 开始发送心跳广播 status LEADER term:4 commitIndex:5
2026/02/07 14:34:10 [14:34:10.008] [Node:1] [HEARTBEAT] [Trace:HB_1_4] Follower等心跳 status FOLLOWER term:4 commitIndex:5
2026/02/07 14:34:10 [14:34:10.008] [Node:0] [HEARTBEAT] [Trace:HB_0_3] 开始发送心跳广播 status LEADER term:3 commitIndex:2
2026/02/07 14:34:10 [Node:2] nextIndex:[3 6 3]
2026/02/07 14:34:10 [Node:2] getLogStartIndex index:2 last snapshot index:0
2026/02/07 14:34:10 [Node:0] nextIndex:[2 2 3]
2026/02/07 14:34:10 [Node:0] getLogStartIndex index:1 last snapshot index:0
2026/02/07 14:34:10 [Node:0] getNextIndex len:3 last snapshot index:0
2026/02/07 14:34:10 [Node:0] getLogStartIndex index:2 last snapshot index:0
2026/02/07 14:34:10 [Node:2] getNextIndex len:6 last snapshot index:0
2026/02/07 14:34:10 [14:34:10.008] [Node:0] [LOG_REPLICA] [Trace:LOG_0_3][0->1] 发送日志or心跳到 Node:1 开始 args:{3 0 1 2 [{103 3 false 2}] 2 LOG_0_3 0 {0 0 map[] map[]}}
2026/02/07 14:34:10 [Node:2] getLogStartIndex index:3 last snapshot index:0
2026/02/07 14:34:10 [Node:0] nextIndex:[2 2 3]
2026/02/07 14:34:10 [Node:0] getLogStartIndex index:2 last snapshot index:0
2026/02/07 14:34:10 [Node:0] getNextIndex len:3 last snapshot index:0
2026/02/07 14:34:10 [14:34:10.008] [Node:2] [LOG_REPLICA] [Trace:LOG_2_4][2->0] 发送日志or心跳到 Node:0 开始 args:{4 2 2 3 [{104 4 false 3} {104 4 false 4} {104 4 false 5}] 5 LOG_2_4 2 {0 0 map[] map[]}}
2026/02/07 14:34:10 [Node:2] nextIndex:[3 6 3]
2026/02/07 14:34:10 [Node:2] getLogStartIndex index:5 last snapshot index:0
2026/02/07 14:34:10 [Node:2] getNextIndex len:6 last snapshot index:0
2026/02/07 14:34:10 [14:34:10.008] [Node:0] [LOG_REPLICA] [Trace:LOG_0_3][0->2] 发送日志or心跳到 Node:2 开始 args:{3 0 2 3 [] 2 LOG_0_3 0 {0 0 map[] map[]}}
2026/02/07 14:34:10 [14:34:10.008] [Node:2] [LOG_REPLICA] [Trace:LOG_2_4][2->1] 发送日志or心跳到 Node:1 开始 args:{4 2 5 4 [] 5 LOG_2_4 2 {0 0 map[] map[]}}
2026/02/07 14:34:10 [14:34:10.008] [Node:1] [HEARTBEAT] [Trace:LOG_2_4][2->1] AppendEntries 收到 term:4 leaderId:2 prevLogIndex:5 prevLogTerm:4 entries:0 leaderCommit:5 isHeartbeat:true currentTerm:4 status:FOLLOWER log:[]
2026/02/07 14:34:10 [Node:1] getNextIndex len:7 last snapshot index:0
2026/02/07 14:34:10 [14:34:10.009] [Node:1] [HEARTBEAT] [Trace:LOG_2_4][2->1] 打印日志结果:[{<nil> 0 false 0} {101 2 false 1} {101 2 false 1} {103 3 false 2} {104 4 false 3} {104 4 false 4} {104 4 false 5}] 
2026/02/07 14:34:10 [Node:1] getLogStartIndex index:5 last snapshot index:0
2026/02/07 14:34:10 [14:34:10.009] [Node:1] [HEARTBEAT] [Trace:LOG_2_4][2->1] 复制日志结果:[{<nil> 0 false 0} {101 2 false 1} {101 2 false 1} {103 3 false 2} {104 4 false 3} {104 4 false 4} {104 4 false 5}] 
2026/02/07 14:34:10 [14:34:10.009] [Node:2] [LOG_REPLICA] [Trace:LOG_2_4][2->1] 心跳返回 from peer:1 term:4 success:true
2026/02/07 14:34:10 rfats [0xc00010c000 0xc00010c100 0xc00010c200]
2026/02/07 14:34:10 i 0 cmd1 <nil>, ok false
2026/02/07 14:34:10 i 1 cmd1 <nil>, ok false
2026/02/07 14:34:10 i 2 cmd1 104, ok true
2026/02/07 14:34:10 nd 1, cmd1 104 cmd 104
2026/02/07 14:34:10 rfats [0xc00010c000 0xc00010c100 0xc00010c200]
2026/02/07 14:34:10 i 0 cmd1 <nil>, ok false
2026/02/07 14:34:10 i 1 cmd1 <nil>, ok false
2026/02/07 14:34:10 i 2 cmd1 104, ok true
2026/02/07 14:34:10 nd 1, cmd1 104 cmd 104
2026/02/07 14:34:10 [14:34:10.058] [Node:2] [HEARTBEAT] [Trace:HB_2_4] 开始发送心跳广播 status LEADER term:4 commitIndex:5
2026/02/07 14:34:10 [14:34:10.058] [Node:0] [HEARTBEAT] [Trace:HB_0_3] 开始发送心跳广播 status LEADER term:3 commitIndex:2
2026/02/07 14:34:10 [14:34:10.058] [Node:1] [HEARTBEAT] [Trace:HB_1_4] Follower等心跳 status FOLLOWER term:4 commitIndex:5
2026/02/07 14:34:10 [Node:2] nextIndex:[3 6 3]
2026/02/07 14:34:10 [Node:0] nextIndex:[2 2 3]
2026/02/07 14:34:10 [Node:0] getLogStartIndex index:1 last snapshot index:0
2026/02/07 14:34:10 [Node:0] getNextIndex len:3 last snapshot index:0
2026/02/07 14:34:10 [Node:0] getLogStartIndex index:2 last snapshot index:0
2026/02/07 14:34:10 [Node:2] getLogStartIndex index:2 last snapshot index:0
2026/02/07 14:34:10 [Node:2] getNextIndex len:6 last snapshot index:0
2026/02/07 14:34:10 [14:34:10.058] [Node:0] [LOG_REPLICA] [Trace:LOG_0_3][0->1] 发送日志or心跳到 Node:1 开始 args:{3 0 1 2 [{103 3 false 2}] 2 LOG_0_3 0 {0 0 map[] map[]}}
2026/02/07 14:34:10 [Node:2] getLogStartIndex index:3 last snapshot index:0
2026/02/07 14:34:10 [Node:0] nextIndex:[2 2 3]
2026/02/07 14:34:10 [Node:0] getLogStartIndex index:2 last snapshot index:0
2026/02/07 14:34:10 [Node:0] getNextIndex len:3 last snapshot index:0
2026/02/07 14:34:10 [Node:2] nextIndex:[3 6 3]
2026/02/07 14:34:10 [14:34:10.058] [Node:2] [LOG_REPLICA] [Trace:LOG_2_4][2->0] 发送日志or心跳到 Node:0 开始 args:{4 2 2 3 [{104 4 false 3} {104 4 false 4} {104 4 false 5}] 5 LOG_2_4 2 {0 0 map[] map[]}}
2026/02/07 14:34:10 [14:34:10.058] [Node:0] [LOG_REPLICA] [Trace:LOG_0_3][0->2] 发送日志or心跳到 Node:2 开始 args:{3 0 2 3 [] 2 LOG_0_3 0 {0 0 map[] map[]}}
2026/02/07 14:34:10 [Node:2] getLogStartIndex index:5 last snapshot index:0
2026/02/07 14:34:10 [Node:2] getNextIndex len:6 last snapshot index:0
2026/02/07 14:34:10 [14:34:10.058] [Node:2] [LOG_REPLICA] [Trace:LOG_2_4][2->1] 发送日志or心跳到 Node:1 开始 args:{4 2 5 4 [] 5 LOG_2_4 2 {0 0 map[] map[]}}
2026/02/07 14:34:10 [14:34:10.059] [Node:1] [HEARTBEAT] [Trace:LOG_2_4][2->1] AppendEntries 收到 term:4 leaderId:2 prevLogIndex:5 prevLogTerm:4 entries:0 leaderCommit:5 isHeartbeat:true currentTerm:4 status:FOLLOWER log:[]
2026/02/07 14:34:10 [Node:1] getNextIndex len:7 last snapshot index:0
2026/02/07 14:34:10 [14:34:10.059] [Node:1] [HEARTBEAT] [Trace:LOG_2_4][2->1] 打印日志结果:[{<nil> 0 false 0} {101 2 false 1} {101 2 false 1} {103 3 false 2} {104 4 false 3} {104 4 false 4} {104 4 false 5}] 
2026/02/07 14:34:10 [Node:1] getLogStartIndex index:5 last snapshot index:0
2026/02/07 14:34:10 [14:34:10.059] [Node:1] [HEARTBEAT] [Trace:LOG_2_4][2->1] 复制日志结果:[{<nil> 0 false 0} {101 2 false 1} {101 2 false 1} {103 3 false 2} {104 4 false 3} {104 4 false 4} {104 4 false 5}] 
2026/02/07 14:34:10 [14:34:10.059] [Node:2] [LOG_REPLICA] [Trace:LOG_2_4][2->1] 心跳返回 from peer:1 term:4 success:true
2026/02/07 14:34:10 rfats [0xc00010c000 0xc00010c100 0xc00010c200]
2026/02/07 14:34:10 i 0 cmd1 <nil>, ok false
2026/02/07 14:34:10 i 1 cmd1 <nil>, ok false
2026/02/07 14:34:10 i 2 cmd1 104, ok true
2026/02/07 14:34:10 nd 1, cmd1 104 cmd 104
2026/02/07 14:34:10 rfats [0xc00010c000 0xc00010c100 0xc00010c200]
2026/02/07 14:34:10 i 0 cmd1 <nil>, ok false
2026/02/07 14:34:10 i 1 cmd1 <nil>, ok false
2026/02/07 14:34:10 i 2 cmd1 104, ok true
2026/02/07 14:34:10 nd 1, cmd1 104 cmd 104
2026/02/07 14:34:10 rfats [0xc00010c000 0xc00010c100 0xc00010c200]
2026/02/07 14:34:10 i 0 cmd1 <nil>, ok false
2026/02/07 14:34:10 i 1 cmd1 <nil>, ok false
2026/02/07 14:34:10 i 2 cmd1 104, ok true
2026/02/07 14:34:10 nd 1, cmd1 104 cmd 104
2026/02/07 14:34:10 [14:34:10.108] [Node:0] [HEARTBEAT] [Trace:HB_0_3] 开始发送心跳广播 status LEADER term:3 commitIndex:2
2026/02/07 14:34:10 [14:34:10.108] [Node:1] [HEARTBEAT] [Trace:HB_1_4] Follower等心跳 status FOLLOWER term:4 commitIndex:5
2026/02/07 14:34:10 [14:34:10.108] [Node:2] [HEARTBEAT] [Trace:HB_2_4] 开始发送心跳广播 status LEADER term:4 commitIndex:5
2026/02/07 14:34:10 [Node:0] nextIndex:[2 2 3]
2026/02/07 14:34:10 [Node:2] nextIndex:[3 6 3]
2026/02/07 14:34:10 [Node:0] getLogStartIndex index:2 last snapshot index:0
2026/02/07 14:34:10 [Node:2] getLogStartIndex index:2 last snapshot index:0
2026/02/07 14:34:10 [Node:0] getNextIndex len:3 last snapshot index:0
2026/02/07 14:34:10 [Node:2] getNextIndex len:6 last snapshot index:0
2026/02/07 14:34:10 [Node:2] getLogStartIndex index:3 last snapshot index:0
2026/02/07 14:34:10 [14:34:10.108] [Node:0] [LOG_REPLICA] [Trace:LOG_0_3][0->2] 发送日志or心跳到 Node:2 开始 args:{3 0 2 3 [] 2 LOG_0_3 0 {0 0 map[] map[]}}
2026/02/07 14:34:10 [Node:0] nextIndex:[2 2 3]
2026/02/07 14:34:10 [Node:0] getLogStartIndex index:1 last snapshot index:0
2026/02/07 14:34:10 [Node:0] getNextIndex len:3 last snapshot index:0
2026/02/07 14:34:10 [14:34:10.108] [Node:2] [LOG_REPLICA] [Trace:LOG_2_4][2->0] 发送日志or心跳到 Node:0 开始 args:{4 2 2 3 [{104 4 false 3} {104 4 false 4} {104 4 false 5}] 5 LOG_2_4 2 {0 0 map[] map[]}}
2026/02/07 14:34:10 [Node:2] nextIndex:[3 6 3]
2026/02/07 14:34:10 [Node:0] getLogStartIndex index:2 last snapshot index:0
2026/02/07 14:34:10 [Node:2] getLogStartIndex index:5 last snapshot index:0
2026/02/07 14:34:10 [Node:2] getNextIndex len:6 last snapshot index:0
2026/02/07 14:34:10 [14:34:10.108] [Node:0] [LOG_REPLICA] [Trace:LOG_0_3][0->1] 发送日志or心跳到 Node:1 开始 args:{3 0 1 2 [{103 3 false 2}] 2 LOG_0_3 0 {0 0 map[] map[]}}
2026/02/07 14:34:10 [14:34:10.108] [Node:2] [LOG_REPLICA] [Trace:LOG_2_4][2->1] 发送日志or心跳到 Node:1 开始 args:{4 2 5 4 [] 5 LOG_2_4 2 {0 0 map[] map[]}}
2026/02/07 14:34:10 [14:34:10.109] [Node:1] [HEARTBEAT] [Trace:LOG_2_4][2->1] AppendEntries 收到 term:4 leaderId:2 prevLogIndex:5 prevLogTerm:4 entries:0 leaderCommit:5 isHeartbeat:true currentTerm:4 status:FOLLOWER log:[]
2026/02/07 14:34:10 [Node:1] getNextIndex len:7 last snapshot index:0
2026/02/07 14:34:10 [14:34:10.109] [Node:1] [HEARTBEAT] [Trace:LOG_2_4][2->1] 打印日志结果:[{<nil> 0 false 0} {101 2 false 1} {101 2 false 1} {103 3 false 2} {104 4 false 3} {104 4 false 4} {104 4 false 5}] 
2026/02/07 14:34:10 [Node:1] getLogStartIndex index:5 last snapshot index:0
2026/02/07 14:34:10 [14:34:10.109] [Node:1] [HEARTBEAT] [Trace:LOG_2_4][2->1] 复制日志结果:[{<nil> 0 false 0} {101 2 false 1} {101 2 false 1} {103 3 false 2} {104 4 false 3} {104 4 false 4} {104 4 false 5}] 
2026/02/07 14:34:10 [14:34:10.109] [Node:2] [LOG_REPLICA] [Trace:LOG_2_4][2->1] 心跳返回 from peer:1 term:4 success:true
2026/02/07 14:34:10 rfats [0xc00010c000 0xc00010c100 0xc00010c200]
2026/02/07 14:34:10 i 0 cmd1 <nil>, ok false
2026/02/07 14:34:10 i 1 cmd1 <nil>, ok false
2026/02/07 14:34:10 i 2 cmd1 104, ok true
2026/02/07 14:34:10 nd 1, cmd1 104 cmd 104
2026/02/07 14:34:10 rfats [0xc00010c000 0xc00010c100 0xc00010c200]
2026/02/07 14:34:10 i 0 cmd1 <nil>, ok false
2026/02/07 14:34:10 i 1 cmd1 <nil>, ok false
2026/02/07 14:34:10 i 2 cmd1 104, ok true
2026/02/07 14:34:10 nd 1, cmd1 104 cmd 104
2026/02/07 14:34:10 [14:34:10.159] [Node:2] [HEARTBEAT] [Trace:HB_2_4] 开始发送心跳广播 status LEADER term:4 commitIndex:5
2026/02/07 14:34:10 [14:34:10.159] [Node:0] [HEARTBEAT] [Trace:HB_0_3] 开始发送心跳广播 status LEADER term:3 commitIndex:2
2026/02/07 14:34:10 [Node:2] nextIndex:[3 6 3]
2026/02/07 14:34:10 [Node:2] getLogStartIndex index:5 last snapshot index:0
2026/02/07 14:34:10 [Node:0] nextIndex:[2 2 3]
2026/02/07 14:34:10 [Node:0] getLogStartIndex index:1 last snapshot index:0
2026/02/07 14:34:10 [Node:0] getNextIndex len:3 last snapshot index:0
2026/02/07 14:34:10 [Node:2] getNextIndex len:6 last snapshot index:0
2026/02/07 14:34:10 [Node:0] getLogStartIndex index:2 last snapshot index:0
2026/02/07 14:34:10 [14:34:10.159] [Node:2] [LOG_REPLICA] [Trace:LOG_2_4][2->1] 发送日志or心跳到 Node:1 开始 args:{4 2 5 4 [] 5 LOG_2_4 2 {0 0 map[] map[]}}
2026/02/07 14:34:10 [14:34:10.159] [Node:1] [HEARTBEAT] [Trace:HB_1_4] Follower等心跳 status FOLLOWER term:4 commitIndex:5
2026/02/07 14:34:10 [Node:2] nextIndex:[3 6 3]
2026/02/07 14:34:10 [Node:0] nextIndex:[2 2 3]
2026/02/07 14:34:10 [Node:0] getLogStartIndex index:2 last snapshot index:0
2026/02/07 14:34:10 [Node:0] getNextIndex len:3 last snapshot index:0
2026/02/07 14:34:10 [Node:2] getLogStartIndex index:2 last snapshot index:0
2026/02/07 14:34:10 [14:34:10.159] [Node:0] [LOG_REPLICA] [Trace:LOG_0_3][0->1] 发送日志or心跳到 Node:1 开始 args:{3 0 1 2 [{103 3 false 2}] 2 LOG_0_3 0 {0 0 map[] map[]}}
2026/02/07 14:34:10 [14:34:10.159] [Node:0] [LOG_REPLICA] [Trace:LOG_0_3][0->2] 发送日志or心跳到 Node:2 开始 args:{3 0 2 3 [] 2 LOG_0_3 0 {0 0 map[] map[]}}
2026/02/07 14:34:10 [Node:2] getNextIndex len:6 last snapshot index:0
2026/02/07 14:34:10 [Node:2] getLogStartIndex index:3 last snapshot index:0
2026/02/07 14:34:10 [14:34:10.160] [Node:2] [LOG_REPLICA] [Trace:LOG_2_4][2->0] 发送日志or心跳到 Node:0 开始 args:{4 2 2 3 [{104 4 false 3} {104 4 false 4} {104 4 false 5}] 5 LOG_2_4 2 {0 0 map[] map[]}}
2026/02/07 14:34:10 [14:34:10.160] [Node:1] [HEARTBEAT] [Trace:LOG_2_4][2->1] AppendEntries 收到 term:4 leaderId:2 prevLogIndex:5 prevLogTerm:4 entries:0 leaderCommit:5 isHeartbeat:true currentTerm:4 status:FOLLOWER log:[]
2026/02/07 14:34:10 [Node:1] getNextIndex len:7 last snapshot index:0
2026/02/07 14:34:10 [14:34:10.160] [Node:1] [HEARTBEAT] [Trace:LOG_2_4][2->1] 打印日志结果:[{<nil> 0 false 0} {101 2 false 1} {101 2 false 1} {103 3 false 2} {104 4 false 3} {104 4 false 4} {104 4 false 5}] 
2026/02/07 14:34:10 [Node:1] getLogStartIndex index:5 last snapshot index:0
2026/02/07 14:34:10 [14:34:10.160] [Node:1] [HEARTBEAT] [Trace:LOG_2_4][2->1] 复制日志结果:[{<nil> 0 false 0} {101 2 false 1} {101 2 false 1} {103 3 false 2} {104 4 false 3} {104 4 false 4} {104 4 false 5}] 
2026/02/07 14:34:10 [14:34:10.160] [Node:2] [LOG_REPLICA] [Trace:LOG_2_4][2->1] 心跳返回 from peer:1 term:4 success:true
2026/02/07 14:34:10 rfats [0xc00010c000 0xc00010c100 0xc00010c200]
2026/02/07 14:34:10 i 0 cmd1 <nil>, ok false
2026/02/07 14:34:10 i 1 cmd1 <nil>, ok false
2026/02/07 14:34:10 i 2 cmd1 104, ok true
2026/02/07 14:34:10 nd 1, cmd1 104 cmd 104
2026/02/07 14:34:10 rfats [0xc00010c000 0xc00010c100 0xc00010c200]
2026/02/07 14:34:10 i 0 cmd1 <nil>, ok false
2026/02/07 14:34:10 i 1 cmd1 <nil>, ok false
2026/02/07 14:34:10 i 2 cmd1 104, ok true
2026/02/07 14:34:10 nd 1, cmd1 104 cmd 104
2026/02/07 14:34:10 [14:34:10.210] [Node:2] [HEARTBEAT] [Trace:HB_2_4] 开始发送心跳广播 status LEADER term:4 commitIndex:5
2026/02/07 14:34:10 [14:34:10.210] [Node:1] [HEARTBEAT] [Trace:HB_1_4] Follower等心跳 status FOLLOWER term:4 commitIndex:5
2026/02/07 14:34:10 [Node:2] nextIndex:[3 6 3]
2026/02/07 14:34:10 [14:34:10.210] [Node:0] [HEARTBEAT] [Trace:HB_0_3] 开始发送心跳广播 status LEADER term:3 commitIndex:2
2026/02/07 14:34:10 [Node:2] getLogStartIndex index:5 last snapshot index:0
2026/02/07 14:34:10 [Node:0] nextIndex:[2 2 3]
2026/02/07 14:34:10 [Node:0] getLogStartIndex index:2 last snapshot index:0
2026/02/07 14:34:10 [Node:0] getNextIndex len:3 last snapshot index:0
2026/02/07 14:34:10 [Node:2] getNextIndex len:6 last snapshot index:0
2026/02/07 14:34:10 [14:34:10.210] [Node:0] [LOG_REPLICA] [Trace:LOG_0_3][0->2] 发送日志or心跳到 Node:2 开始 args:{3 0 2 3 [] 2 LOG_0_3 0 {0 0 map[] map[]}}
2026/02/07 14:34:10 [Node:0] nextIndex:[2 2 3]
2026/02/07 14:34:10 [Node:2] nextIndex:[3 6 3]
2026/02/07 14:34:10 [Node:2] getLogStartIndex index:2 last snapshot index:0
2026/02/07 14:34:10 [14:34:10.210] [Node:2] [LOG_REPLICA] [Trace:LOG_2_4][2->1] 发送日志or心跳到 Node:1 开始 args:{4 2 5 4 [] 5 LOG_2_4 2 {0 0 map[] map[]}}
2026/02/07 14:34:10 [Node:0] getLogStartIndex index:1 last snapshot index:0
2026/02/07 14:34:10 [Node:2] getNextIndex len:6 last snapshot index:0
2026/02/07 14:34:10 [Node:0] getNextIndex len:3 last snapshot index:0
2026/02/07 14:34:10 [Node:2] getLogStartIndex index:3 last snapshot index:0
2026/02/07 14:34:10 [Node:0] getLogStartIndex index:2 last snapshot index:0
2026/02/07 14:34:10 [14:34:10.210] [Node:0] [LOG_REPLICA] [Trace:LOG_0_3][0->1] 发送日志or心跳到 Node:1 开始 args:{3 0 1 2 [{103 3 false 2}] 2 LOG_0_3 0 {0 0 map[] map[]}}
2026/02/07 14:34:10 [14:34:10.210] [Node:2] [LOG_REPLICA] [Trace:LOG_2_4][2->0] 发送日志or心跳到 Node:0 开始 args:{4 2 2 3 [{104 4 false 3} {104 4 false 4} {104 4 false 5}] 5 LOG_2_4 2 {0 0 map[] map[]}}
2026/02/07 14:34:10 [14:34:10.210] [Node:1] [HEARTBEAT] [Trace:LOG_2_4][2->1] AppendEntries 收到 term:4 leaderId:2 prevLogIndex:5 prevLogTerm:4 entries:0 leaderCommit:5 isHeartbeat:true currentTerm:4 status:FOLLOWER log:[]
2026/02/07 14:34:10 [Node:1] getNextIndex len:7 last snapshot index:0
2026/02/07 14:34:10 [14:34:10.210] [Node:1] [HEARTBEAT] [Trace:LOG_2_4][2->1] 打印日志结果:[{<nil> 0 false 0} {101 2 false 1} {101 2 false 1} {103 3 false 2} {104 4 false 3} {104 4 false 4} {104 4 false 5}] 
2026/02/07 14:34:10 [Node:1] getLogStartIndex index:5 last snapshot index:0
2026/02/07 14:34:10 [14:34:10.210] [Node:1] [HEARTBEAT] [Trace:LOG_2_4][2->1] 复制日志结果:[{<nil> 0 false 0} {101 2 false 1} {101 2 false 1} {103 3 false 2} {104 4 false 3} {104 4 false 4} {104 4 false 5}] 
2026/02/07 14:34:10 [14:34:10.211] [Node:2] [LOG_REPLICA] [Trace:LOG_2_4][2->1] 心跳返回 from peer:1 term:4 success:true
2026/02/07 14:34:10 rfats [0xc00010c000 0xc00010c100 0xc00010c200]
2026/02/07 14:34:10 i 0 cmd1 <nil>, ok false
2026/02/07 14:34:10 i 1 cmd1 <nil>, ok false
2026/02/07 14:34:10 i 2 cmd1 104, ok true
2026/02/07 14:34:10 nd 1, cmd1 104 cmd 104
2026/02/07 14:34:10 rfats [0xc00010c000 0xc00010c100 0xc00010c200]
2026/02/07 14:34:10 i 0 cmd1 <nil>, ok false
2026/02/07 14:34:10 i 1 cmd1 <nil>, ok false
2026/02/07 14:34:10 i 2 cmd1 104, ok true
2026/02/07 14:34:10 nd 1, cmd1 104 cmd 104
2026/02/07 14:34:10 rfats [0xc00010c000 0xc00010c100 0xc00010c200]
2026/02/07 14:34:10 i 0 cmd1 <nil>, ok false
2026/02/07 14:34:10 i 1 cmd1 <nil>, ok false
2026/02/07 14:34:10 i 2 cmd1 104, ok true
2026/02/07 14:34:10 nd 1, cmd1 104 cmd 104
2026/02/07 14:34:10 [14:34:10.260] [Node:2] [HEARTBEAT] [Trace:HB_2_4] 开始发送心跳广播 status LEADER term:4 commitIndex:5
2026/02/07 14:34:10 [14:34:10.260] [Node:1] [HEARTBEAT] [Trace:HB_1_4] Follower等心跳 status FOLLOWER term:4 commitIndex:5
2026/02/07 14:34:10 [Node:2] nextIndex:[3 6 3]
2026/02/07 14:34:10 [14:34:10.260] [Node:0] [HEARTBEAT] [Trace:HB_0_3] 开始发送心跳广播 status LEADER term:3 commitIndex:2
2026/02/07 14:34:10 [Node:2] getLogStartIndex index:5 last snapshot index:0
2026/02/07 14:34:10 [Node:2] getNextIndex len:6 last snapshot index:0
2026/02/07 14:34:10 [Node:0] nextIndex:[2 2 3]
2026/02/07 14:34:10 [14:34:10.260] [Node:2] [LOG_REPLICA] [Trace:LOG_2_4][2->1] 发送日志or心跳到 Node:1 开始 args:{4 2 5 4 [] 5 LOG_2_4 2 {0 0 map[] map[]}}
2026/02/07 14:34:10 [Node:0] getLogStartIndex index:1 last snapshot index:0
2026/02/07 14:34:10 [Node:0] getNextIndex len:3 last snapshot index:0
2026/02/07 14:34:10 [Node:2] nextIndex:[3 6 3]
2026/02/07 14:34:10 [Node:2] getLogStartIndex index:2 last snapshot index:0
2026/02/07 14:34:10 [Node:2] getNextIndex len:6 last snapshot index:0
2026/02/07 14:34:10 [Node:0] getLogStartIndex index:2 last snapshot index:0
2026/02/07 14:34:10 [Node:2] getLogStartIndex index:3 last snapshot index:0
2026/02/07 14:34:10 [14:34:10.261] [Node:0] [LOG_REPLICA] [Trace:LOG_0_3][0->1] 发送日志or心跳到 Node:1 开始 args:{3 0 1 2 [{103 3 false 2}] 2 LOG_0_3 0 {0 0 map[] map[]}}
2026/02/07 14:34:10 [Node:0] nextIndex:[2 2 3]
2026/02/07 14:34:10 [14:34:10.261] [Node:2] [LOG_REPLICA] [Trace:LOG_2_4][2->0] 发送日志or心跳到 Node:0 开始 args:{4 2 2 3 [{104 4 false 3} {104 4 false 4} {104 4 false 5}] 5 LOG_2_4 2 {0 0 map[] map[]}}
2026/02/07 14:34:10 [Node:0] getLogStartIndex index:2 last snapshot index:0
2026/02/07 14:34:10 [Node:0] getNextIndex len:3 last snapshot index:0
2026/02/07 14:34:10 [14:34:10.261] [Node:0] [LOG_REPLICA] [Trace:LOG_0_3][0->2] 发送日志or心跳到 Node:2 开始 args:{3 0 2 3 [] 2 LOG_0_3 0 {0 0 map[] map[]}}
2026/02/07 14:34:10 [14:34:10.261] [Node:1] [HEARTBEAT] [Trace:LOG_2_4][2->1] AppendEntries 收到 term:4 leaderId:2 prevLogIndex:5 prevLogTerm:4 entries:0 leaderCommit:5 isHeartbeat:true currentTerm:4 status:FOLLOWER log:[]
2026/02/07 14:34:10 [Node:1] getNextIndex len:7 last snapshot index:0
2026/02/07 14:34:10 [14:34:10.261] [Node:1] [HEARTBEAT] [Trace:LOG_2_4][2->1] 打印日志结果:[{<nil> 0 false 0} {101 2 false 1} {101 2 false 1} {103 3 false 2} {104 4 false 3} {104 4 false 4} {104 4 false 5}] 
2026/02/07 14:34:10 [Node:1] getLogStartIndex index:5 last snapshot index:0
2026/02/07 14:34:10 [14:34:10.261] [Node:1] [HEARTBEAT] [Trace:LOG_2_4][2->1] 复制日志结果:[{<nil> 0 false 0} {101 2 false 1} {101 2 false 1} {103 3 false 2} {104 4 false 3} {104 4 false 4} {104 4 false 5}] 
2026/02/07 14:34:10 [14:34:10.261] [Node:2] [LOG_REPLICA] [Trace:LOG_2_4][2->1] 心跳返回 from peer:1 term:4 success:true
2026/02/07 14:34:10 rfats [0xc00010c000 0xc00010c100 0xc00010c200]
2026/02/07 14:34:10 i 0 cmd1 <nil>, ok false
2026/02/07 14:34:10 i 1 cmd1 <nil>, ok false
2026/02/07 14:34:10 i 2 cmd1 104, ok true
2026/02/07 14:34:10 nd 1, cmd1 104 cmd 104
2026/02/07 14:34:10 rfats [0xc00010c000 0xc00010c100 0xc00010c200]
2026/02/07 14:34:10 i 0 cmd1 <nil>, ok false
2026/02/07 14:34:10 i 1 cmd1 <nil>, ok false
2026/02/07 14:34:10 i 2 cmd1 104, ok true
2026/02/07 14:34:10 nd 1, cmd1 104 cmd 104
2026/02/07 14:34:10 [14:34:10.311] [Node:0] [HEARTBEAT] [Trace:HB_0_3] 开始发送心跳广播 status LEADER term:3 commitIndex:2
2026/02/07 14:34:10 [14:34:10.311] [Node:2] [HEARTBEAT] [Trace:HB_2_4] 开始发送心跳广播 status LEADER term:4 commitIndex:5
2026/02/07 14:34:10 [14:34:10.311] [Node:1] [HEARTBEAT] [Trace:HB_1_4] Follower等心跳 status FOLLOWER term:4 commitIndex:5
2026/02/07 14:34:10 [Node:0] nextIndex:[2 2 3]
2026/02/07 14:34:10 [Node:0] getLogStartIndex index:2 last snapshot index:0
2026/02/07 14:34:10 [Node:0] getNextIndex len:3 last snapshot index:0
2026/02/07 14:34:10 [Node:2] nextIndex:[3 6 3]
2026/02/07 14:34:10 [Node:0] nextIndex:[2 2 3]
2026/02/07 14:34:10 [Node:0] getLogStartIndex index:1 last snapshot index:0
2026/02/07 14:34:10 [Node:0] getNextIndex len:3 last snapshot index:0
2026/02/07 14:34:10 [Node:0] getLogStartIndex index:2 last snapshot index:0
2026/02/07 14:34:10 [14:34:10.311] [Node:0] [LOG_REPLICA] [Trace:LOG_0_3][0->2] 发送日志or心跳到 Node:2 开始 args:{3 0 2 3 [] 2 LOG_0_3 0 {0 0 map[] map[]}}
2026/02/07 14:34:10 [Node:2] getLogStartIndex index:5 last snapshot index:0
2026/02/07 14:34:10 [14:34:10.311] [Node:0] [LOG_REPLICA] [Trace:LOG_0_3][0->1] 发送日志or心跳到 Node:1 开始 args:{3 0 1 2 [{103 3 false 2}] 2 LOG_0_3 0 {0 0 map[] map[]}}
2026/02/07 14:34:10 [Node:2] getNextIndex len:6 last snapshot index:0
2026/02/07 14:34:10 [14:34:10.311] [Node:2] [LOG_REPLICA] [Trace:LOG_2_4][2->1] 发送日志or心跳到 Node:1 开始 args:{4 2 5 4 [] 5 LOG_2_4 2 {0 0 map[] map[]}}
2026/02/07 14:34:10 [Node:2] nextIndex:[3 6 3]
2026/02/07 14:34:10 [Node:2] getLogStartIndex index:2 last snapshot index:0
2026/02/07 14:34:10 [Node:2] getNextIndex len:6 last snapshot index:0
2026/02/07 14:34:10 [Node:2] getLogStartIndex index:3 last snapshot index:0
2026/02/07 14:34:10 [14:34:10.311] [Node:2] [LOG_REPLICA] [Trace:LOG_2_4][2->0] 发送日志or心跳到 Node:0 开始 args:{4 2 2 3 [{104 4 false 3} {104 4 false 4} {104 4 false 5}] 5 LOG_2_4 2 {0 0 map[] map[]}}
2026/02/07 14:34:10 [14:34:10.311] [Node:1] [HEARTBEAT] [Trace:LOG_2_4][2->1] AppendEntries 收到 term:4 leaderId:2 prevLogIndex:5 prevLogTerm:4 entries:0 leaderCommit:5 isHeartbeat:true currentTerm:4 status:FOLLOWER log:[]
2026/02/07 14:34:10 [Node:1] getNextIndex len:7 last snapshot index:0
2026/02/07 14:34:10 [14:34:10.312] [Node:1] [HEARTBEAT] [Trace:LOG_2_4][2->1] 打印日志结果:[{<nil> 0 false 0} {101 2 false 1} {101 2 false 1} {103 3 false 2} {104 4 false 3} {104 4 false 4} {104 4 false 5}] 
2026/02/07 14:34:10 [Node:1] getLogStartIndex index:5 last snapshot index:0
2026/02/07 14:34:10 [14:34:10.312] [Node:1] [HEARTBEAT] [Trace:LOG_2_4][2->1] 复制日志结果:[{<nil> 0 false 0} {101 2 false 1} {101 2 false 1} {103 3 false 2} {104 4 false 3} {104 4 false 4} {104 4 false 5}] 
2026/02/07 14:34:10 [14:34:10.312] [Node:2] [LOG_REPLICA] [Trace:LOG_2_4][2->1] 心跳返回 from peer:1 term:4 success:true
2026/02/07 14:34:10 rfats [0xc00010c000 0xc00010c100 0xc00010c200]
2026/02/07 14:34:10 i 0 cmd1 <nil>, ok false
2026/02/07 14:34:10 i 1 cmd1 <nil>, ok false
2026/02/07 14:34:10 i 2 cmd1 104, ok true
2026/02/07 14:34:10 nd 1, cmd1 104 cmd 104
2026/02/07 14:34:10 rfats [0xc00010c000 0xc00010c100 0xc00010c200]
2026/02/07 14:34:10 i 0 cmd1 <nil>, ok false
2026/02/07 14:34:10 i 1 cmd1 <nil>, ok false
2026/02/07 14:34:10 i 2 cmd1 104, ok true
2026/02/07 14:34:10 nd 1, cmd1 104 cmd 104
2026/02/07 14:34:10 rfats [0xc00010c000 0xc00010c100 0xc00010c200]
2026/02/07 14:34:10 i 0 cmd1 <nil>, ok false
2026/02/07 14:34:10 i 1 cmd1 <nil>, ok false
2026/02/07 14:34:10 i 2 cmd1 104, ok true
2026/02/07 14:34:10 nd 1, cmd1 104 cmd 104
2026/02/07 14:34:10 [14:34:10.361] [Node:0] [HEARTBEAT] [Trace:HB_0_3] 开始发送心跳广播 status LEADER term:3 commitIndex:2
2026/02/07 14:34:10 [14:34:10.361] [Node:2] [HEARTBEAT] [Trace:HB_2_4] 开始发送心跳广播 status LEADER term:4 commitIndex:5
2026/02/07 14:34:10 [14:34:10.361] [Node:1] [HEARTBEAT] [Trace:HB_1_4] Follower等心跳 status FOLLOWER term:4 commitIndex:5
2026/02/07 14:34:10 [Node:2] nextIndex:[3 6 3]
2026/02/07 14:34:10 [Node:2] getLogStartIndex index:5 last snapshot index:0
2026/02/07 14:34:10 [Node:2] getNextIndex len:6 last snapshot index:0
2026/02/07 14:34:10 [Node:0] nextIndex:[2 2 3]
2026/02/07 14:34:10 [Node:0] getLogStartIndex index:1 last snapshot index:0
2026/02/07 14:34:10 [Node:2] nextIndex:[3 6 3]
2026/02/07 14:34:10 [Node:2] getLogStartIndex index:2 last snapshot index:0
2026/02/07 14:34:10 [14:34:10.361] [Node:2] [LOG_REPLICA] [Trace:LOG_2_4][2->1] 发送日志or心跳到 Node:1 开始 args:{4 2 5 4 [] 5 LOG_2_4 2 {0 0 map[] map[]}}
2026/02/07 14:34:10 [Node:0] getNextIndex len:3 last snapshot index:0
2026/02/07 14:34:10 [Node:0] getLogStartIndex index:2 last snapshot index:0
2026/02/07 14:34:10 [Node:2] getNextIndex len:6 last snapshot index:0
2026/02/07 14:34:10 [Node:2] getLogStartIndex index:3 last snapshot index:0
2026/02/07 14:34:10 [14:34:10.361] [Node:0] [LOG_REPLICA] [Trace:LOG_0_3][0->1] 发送日志or心跳到 Node:1 开始 args:{3 0 1 2 [{103 3 false 2}] 2 LOG_0_3 0 {0 0 map[] map[]}}
2026/02/07 14:34:10 [Node:0] nextIndex:[2 2 3]
2026/02/07 14:34:10 [14:34:10.361] [Node:2] [LOG_REPLICA] [Trace:LOG_2_4][2->0] 发送日志or心跳到 Node:0 开始 args:{4 2 2 3 [{104 4 false 3} {104 4 false 4} {104 4 false 5}] 5 LOG_2_4 2 {0 0 map[] map[]}}
2026/02/07 14:34:10 [Node:0] getLogStartIndex index:2 last snapshot index:0
2026/02/07 14:34:10 [Node:0] getNextIndex len:3 last snapshot index:0
2026/02/07 14:34:10 [14:34:10.361] [Node:0] [LOG_REPLICA] [Trace:LOG_0_3][0->2] 发送日志or心跳到 Node:2 开始 args:{3 0 2 3 [] 2 LOG_0_3 0 {0 0 map[] map[]}}
2026/02/07 14:34:10 [14:34:10.361] [Node:1] [HEARTBEAT] [Trace:LOG_2_4][2->1] AppendEntries 收到 term:4 leaderId:2 prevLogIndex:5 prevLogTerm:4 entries:0 leaderCommit:5 isHeartbeat:true currentTerm:4 status:FOLLOWER log:[]
2026/02/07 14:34:10 [Node:1] getNextIndex len:7 last snapshot index:0
2026/02/07 14:34:10 [14:34:10.362] [Node:1] [HEARTBEAT] [Trace:LOG_2_4][2->1] 打印日志结果:[{<nil> 0 false 0} {101 2 false 1} {101 2 false 1} {103 3 false 2} {104 4 false 3} {104 4 false 4} {104 4 false 5}] 
2026/02/07 14:34:10 [Node:1] getLogStartIndex index:5 last snapshot index:0
2026/02/07 14:34:10 [14:34:10.362] [Node:1] [HEARTBEAT] [Trace:LOG_2_4][2->1] 复制日志结果:[{<nil> 0 false 0} {101 2 false 1} {101 2 false 1} {103 3 false 2} {104 4 false 3} {104 4 false 4} {104 4 false 5}] 
2026/02/07 14:34:10 [14:34:10.362] [Node:2] [LOG_REPLICA] [Trace:LOG_2_4][2->1] 心跳返回 from peer:1 term:4 success:true
2026/02/07 14:34:10 rfats [0xc00010c000 0xc00010c100 0xc00010c200]
2026/02/07 14:34:10 i 0 cmd1 <nil>, ok false
2026/02/07 14:34:10 i 1 cmd1 <nil>, ok false
2026/02/07 14:34:10 i 2 cmd1 104, ok true
2026/02/07 14:34:10 nd 1, cmd1 104 cmd 104
2026/02/07 14:34:10 rfats [0xc00010c000 0xc00010c100 0xc00010c200]
2026/02/07 14:34:10 i 0 cmd1 <nil>, ok false
2026/02/07 14:34:10 i 1 cmd1 <nil>, ok false
2026/02/07 14:34:10 i 2 cmd1 104, ok true
2026/02/07 14:34:10 nd 1, cmd1 104 cmd 104
2026/02/07 14:34:10 [14:34:10.412] [Node:1] [HEARTBEAT] [Trace:HB_1_4] Follower等心跳 status FOLLOWER term:4 commitIndex:5
2026/02/07 14:34:10 [14:34:10.412] [Node:2] [HEARTBEAT] [Trace:HB_2_4] 开始发送心跳广播 status LEADER term:4 commitIndex:5
2026/02/07 14:34:10 [14:34:10.412] [Node:0] [HEARTBEAT] [Trace:HB_0_3] 开始发送心跳广播 status LEADER term:3 commitIndex:2
2026/02/07 14:34:10 [Node:2] nextIndex:[3 6 3]
2026/02/07 14:34:10 [Node:0] nextIndex:[2 2 3]
2026/02/07 14:34:10 [Node:2] getLogStartIndex index:5 last snapshot index:0
2026/02/07 14:34:10 [Node:0] getLogStartIndex index:1 last snapshot index:0
2026/02/07 14:34:10 [Node:0] getNextIndex len:3 last snapshot index:0
2026/02/07 14:34:10 [Node:0] getLogStartIndex index:2 last snapshot index:0
2026/02/07 14:34:10 [Node:2] getNextIndex len:6 last snapshot index:0
2026/02/07 14:34:10 [Node:0] nextIndex:[2 2 3]
2026/02/07 14:34:10 [14:34:10.412] [Node:2] [LOG_REPLICA] [Trace:LOG_2_4][2->1] 发送日志or心跳到 Node:1 开始 args:{4 2 5 4 [] 5 LOG_2_4 2 {0 0 map[] map[]}}
2026/02/07 14:34:10 [14:34:10.412] [Node:0] [LOG_REPLICA] [Trace:LOG_0_3][0->1] 发送日志or心跳到 Node:1 开始 args:{3 0 1 2 [{103 3 false 2}] 2 LOG_0_3 0 {0 0 map[] map[]}}
2026/02/07 14:34:10 [Node:0] getLogStartIndex index:2 last snapshot index:0
2026/02/07 14:34:10 [Node:2] nextIndex:[3 6 3]
2026/02/07 14:34:10 [Node:0] getNextIndex len:3 last snapshot index:0
2026/02/07 14:34:10 [Node:2] getLogStartIndex index:2 last snapshot index:0
2026/02/07 14:34:10 [14:34:10.412] [Node:0] [LOG_REPLICA] [Trace:LOG_0_3][0->2] 发送日志or心跳到 Node:2 开始 args:{3 0 2 3 [] 2 LOG_0_3 0 {0 0 map[] map[]}}
2026/02/07 14:34:10 [Node:2] getNextIndex len:6 last snapshot index:0
2026/02/07 14:34:10 [Node:2] getLogStartIndex index:3 last snapshot index:0
2026/02/07 14:34:10 [14:34:10.412] [Node:2] [LOG_REPLICA] [Trace:LOG_2_4][2->0] 发送日志or心跳到 Node:0 开始 args:{4 2 2 3 [{104 4 false 3} {104 4 false 4} {104 4 false 5}] 5 LOG_2_4 2 {0 0 map[] map[]}}
2026/02/07 14:34:10 [14:34:10.412] [Node:1] [HEARTBEAT] [Trace:LOG_2_4][2->1] AppendEntries 收到 term:4 leaderId:2 prevLogIndex:5 prevLogTerm:4 entries:0 leaderCommit:5 isHeartbeat:true currentTerm:4 status:FOLLOWER log:[]
2026/02/07 14:34:10 [Node:1] getNextIndex len:7 last snapshot index:0
2026/02/07 14:34:10 [14:34:10.412] [Node:1] [HEARTBEAT] [Trace:LOG_2_4][2->1] 打印日志结果:[{<nil> 0 false 0} {101 2 false 1} {101 2 false 1} {103 3 false 2} {104 4 false 3} {104 4 false 4} {104 4 false 5}] 
2026/02/07 14:34:10 [Node:1] getLogStartIndex index:5 last snapshot index:0
2026/02/07 14:34:10 [14:34:10.412] [Node:1] [HEARTBEAT] [Trace:LOG_2_4][2->1] 复制日志结果:[{<nil> 0 false 0} {101 2 false 1} {101 2 false 1} {103 3 false 2} {104 4 false 3} {104 4 false 4} {104 4 false 5}] 
2026/02/07 14:34:10 [14:34:10.413] [Node:2] [LOG_REPLICA] [Trace:LOG_2_4][2->1] 心跳返回 from peer:1 term:4 success:true
2026/02/07 14:34:10 rfats [0xc00010c000 0xc00010c100 0xc00010c200]
2026/02/07 14:34:10 i 0 cmd1 <nil>, ok false
2026/02/07 14:34:10 i 1 cmd1 <nil>, ok false
2026/02/07 14:34:10 i 2 cmd1 104, ok true
2026/02/07 14:34:10 nd 1, cmd1 104 cmd 104
2026/02/07 14:34:10 rfats [0xc00010c000 0xc00010c100 0xc00010c200]
2026/02/07 14:34:10 i 0 cmd1 <nil>, ok false
2026/02/07 14:34:10 i 1 cmd1 <nil>, ok false
2026/02/07 14:34:10 i 2 cmd1 104, ok true
2026/02/07 14:34:10 nd 1, cmd1 104 cmd 104
2026/02/07 14:34:10 rfats [0xc00010c000 0xc00010c100 0xc00010c200]
2026/02/07 14:34:10 i 0 cmd1 <nil>, ok false
2026/02/07 14:34:10 i 1 cmd1 <nil>, ok false
2026/02/07 14:34:10 i 2 cmd1 104, ok true
2026/02/07 14:34:10 nd 1, cmd1 104 cmd 104
2026/02/07 14:34:10 [14:34:10.462] [Node:2] [HEARTBEAT] [Trace:HB_2_4] 开始发送心跳广播 status LEADER term:4 commitIndex:5
2026/02/07 14:34:10 [Node:2] nextIndex:[3 6 3]
2026/02/07 14:34:10 [Node:2] getLogStartIndex index:5 last snapshot index:0
2026/02/07 14:34:10 [Node:2] getNextIndex len:6 last snapshot index:0
2026/02/07 14:34:10 [14:34:10.462] [Node:0] [HEARTBEAT] [Trace:HB_0_3] 开始发送心跳广播 status LEADER term:3 commitIndex:2
2026/02/07 14:34:10 [14:34:10.462] [Node:1] [HEARTBEAT] [Trace:HB_1_4] Follower等心跳 status FOLLOWER term:4 commitIndex:5
2026/02/07 14:34:10 [Node:0] nextIndex:[2 2 3]
2026/02/07 14:34:10 [Node:0] getLogStartIndex index:1 last snapshot index:0
2026/02/07 14:34:10 [Node:0] getNextIndex len:3 last snapshot index:0
2026/02/07 14:34:10 [Node:0] getLogStartIndex index:2 last snapshot index:0
2026/02/07 14:34:10 [14:34:10.462] [Node:2] [LOG_REPLICA] [Trace:LOG_2_4][2->1] 发送日志or心跳到 Node:1 开始 args:{4 2 5 4 [] 5 LOG_2_4 2 {0 0 map[] map[]}}
2026/02/07 14:34:10 [Node:2] nextIndex:[3 6 3]
2026/02/07 14:34:10 [14:34:10.462] [Node:0] [LOG_REPLICA] [Trace:LOG_0_3][0->1] 发送日志or心跳到 Node:1 开始 args:{3 0 1 2 [{103 3 false 2}] 2 LOG_0_3 0 {0 0 map[] map[]}}
2026/02/07 14:34:10 [Node:0] nextIndex:[2 2 3]
2026/02/07 14:34:10 [Node:2] getLogStartIndex index:2 last snapshot index:0
2026/02/07 14:34:10 [Node:0] getLogStartIndex index:2 last snapshot index:0
2026/02/07 14:34:10 [Node:0] getNextIndex len:3 last snapshot index:0
2026/02/07 14:34:10 [Node:2] getNextIndex len:6 last snapshot index:0
2026/02/07 14:34:10 [Node:2] getLogStartIndex index:3 last snapshot index:0
2026/02/07 14:34:10 [14:34:10.462] [Node:0] [LOG_REPLICA] [Trace:LOG_0_3][0->2] 发送日志or心跳到 Node:2 开始 args:{3 0 2 3 [] 2 LOG_0_3 0 {0 0 map[] map[]}}
2026/02/07 14:34:10 [14:34:10.462] [Node:2] [LOG_REPLICA] [Trace:LOG_2_4][2->0] 发送日志or心跳到 Node:0 开始 args:{4 2 2 3 [{104 4 false 3} {104 4 false 4} {104 4 false 5}] 5 LOG_2_4 2 {0 0 map[] map[]}}
2026/02/07 14:34:10 [14:34:10.463] [Node:1] [HEARTBEAT] [Trace:LOG_2_4][2->1] AppendEntries 收到 term:4 leaderId:2 prevLogIndex:5 prevLogTerm:4 entries:0 leaderCommit:5 isHeartbeat:true currentTerm:4 status:FOLLOWER log:[]
2026/02/07 14:34:10 [Node:1] getNextIndex len:7 last snapshot index:0
2026/02/07 14:34:10 [14:34:10.463] [Node:1] [HEARTBEAT] [Trace:LOG_2_4][2->1] 打印日志结果:[{<nil> 0 false 0} {101 2 false 1} {101 2 false 1} {103 3 false 2} {104 4 false 3} {104 4 false 4} {104 4 false 5}] 
2026/02/07 14:34:10 [Node:1] getLogStartIndex index:5 last snapshot index:0
2026/02/07 14:34:10 [14:34:10.463] [Node:1] [HEARTBEAT] [Trace:LOG_2_4][2->1] 复制日志结果:[{<nil> 0 false 0} {101 2 false 1} {101 2 false 1} {103 3 false 2} {104 4 false 3} {104 4 false 4} {104 4 false 5}] 
2026/02/07 14:34:10 [14:34:10.463] [Node:2] [LOG_REPLICA] [Trace:LOG_2_4][2->1] 心跳返回 from peer:1 term:4 success:true
2026/02/07 14:34:10 rfats [0xc00010c000 0xc00010c100 0xc00010c200]
2026/02/07 14:34:10 i 0 cmd1 <nil>, ok false
2026/02/07 14:34:10 i 1 cmd1 <nil>, ok false
2026/02/07 14:34:10 i 2 cmd1 104, ok true
2026/02/07 14:34:10 nd 1, cmd1 104 cmd 104
2026/02/07 14:34:10 rfats [0xc00010c000 0xc00010c100 0xc00010c200]
2026/02/07 14:34:10 i 0 cmd1 <nil>, ok false
2026/02/07 14:34:10 i 1 cmd1 <nil>, ok false
2026/02/07 14:34:10 i 2 cmd1 104, ok true
2026/02/07 14:34:10 nd 1, cmd1 104 cmd 104
2026/02/07 14:34:10 [14:34:10.513] [Node:1] [HEARTBEAT] [Trace:HB_1_4] Follower等心跳 status FOLLOWER term:4 commitIndex:5
2026/02/07 14:34:10 [14:34:10.513] [Node:2] [HEARTBEAT] [Trace:HB_2_4] 开始发送心跳广播 status LEADER term:4 commitIndex:5
2026/02/07 14:34:10 [14:34:10.513] [Node:0] [HEARTBEAT] [Trace:HB_0_3] 开始发送心跳广播 status LEADER term:3 commitIndex:2
2026/02/07 14:34:10 [Node:2] nextIndex:[3 6 3]
2026/02/07 14:34:10 [Node:2] getLogStartIndex index:2 last snapshot index:0
2026/02/07 14:34:10 [Node:2] getNextIndex len:6 last snapshot index:0
2026/02/07 14:34:10 [Node:2] getLogStartIndex index:3 last snapshot index:0
2026/02/07 14:34:10 [Node:2] nextIndex:[3 6 3]
2026/02/07 14:34:10 [14:34:10.513] [Node:2] [LOG_REPLICA] [Trace:LOG_2_4][2->0] 发送日志or心跳到 Node:0 开始 args:{4 2 2 3 [{104 4 false 3} {104 4 false 4} {104 4 false 5}] 5 LOG_2_4 2 {0 0 map[] map[]}}
2026/02/07 14:34:10 [Node:2] getLogStartIndex index:5 last snapshot index:0
2026/02/07 14:34:10 [Node:2] getNextIndex len:6 last snapshot index:0
2026/02/07 14:34:10 [Node:0] nextIndex:[2 2 3]
2026/02/07 14:34:10 [14:34:10.513] [Node:2] [LOG_REPLICA] [Trace:LOG_2_4][2->1] 发送日志or心跳到 Node:1 开始 args:{4 2 5 4 [] 5 LOG_2_4 2 {0 0 map[] map[]}}
2026/02/07 14:34:10 [Node:0] getLogStartIndex index:2 last snapshot index:0
2026/02/07 14:34:10 [Node:0] getNextIndex len:3 last snapshot index:0
2026/02/07 14:34:10 [14:34:10.513] [Node:0] [LOG_REPLICA] [Trace:LOG_0_3][0->2] 发送日志or心跳到 Node:2 开始 args:{3 0 2 3 [] 2 LOG_0_3 0 {0 0 map[] map[]}}
2026/02/07 14:34:10 [Node:0] nextIndex:[2 2 3]
2026/02/07 14:34:10 [Node:0] getLogStartIndex index:1 last snapshot index:0
2026/02/07 14:34:10 [Node:0] getNextIndex len:3 last snapshot index:0
2026/02/07 14:34:10 [Node:0] getLogStartIndex index:2 last snapshot index:0
2026/02/07 14:34:10 [14:34:10.513] [Node:0] [LOG_REPLICA] [Trace:LOG_0_3][0->1] 发送日志or心跳到 Node:1 开始 args:{3 0 1 2 [{103 3 false 2}] 2 LOG_0_3 0 {0 0 map[] map[]}}
2026/02/07 14:34:10 [14:34:10.513] [Node:1] [HEARTBEAT] [Trace:LOG_2_4][2->1] AppendEntries 收到 term:4 leaderId:2 prevLogIndex:5 prevLogTerm:4 entries:0 leaderCommit:5 isHeartbeat:true currentTerm:4 status:FOLLOWER log:[]
2026/02/07 14:34:10 [Node:1] getNextIndex len:7 last snapshot index:0
2026/02/07 14:34:10 [14:34:10.513] [Node:1] [HEARTBEAT] [Trace:LOG_2_4][2->1] 打印日志结果:[{<nil> 0 false 0} {101 2 false 1} {101 2 false 1} {103 3 false 2} {104 4 false 3} {104 4 false 4} {104 4 false 5}] 
2026/02/07 14:34:10 [Node:1] getLogStartIndex index:5 last snapshot index:0
2026/02/07 14:34:10 [14:34:10.513] [Node:1] [HEARTBEAT] [Trace:LOG_2_4][2->1] 复制日志结果:[{<nil> 0 false 0} {101 2 false 1} {101 2 false 1} {103 3 false 2} {104 4 false 3} {104 4 false 4} {104 4 false 5}] 
2026/02/07 14:34:10 [14:34:10.514] [Node:2] [LOG_REPLICA] [Trace:LOG_2_4][2->1] 心跳返回 from peer:1 term:4 success:true
2026/02/07 14:34:10 rfats [0xc00010c000 0xc00010c100 0xc00010c200]
2026/02/07 14:34:10 i 0 cmd1 <nil>, ok false
2026/02/07 14:34:10 i 1 cmd1 <nil>, ok false
2026/02/07 14:34:10 i 2 cmd1 104, ok true
2026/02/07 14:34:10 nd 1, cmd1 104 cmd 104
2026/02/07 14:34:10 rfats [0xc00010c000 0xc00010c100 0xc00010c200]
2026/02/07 14:34:10 i 0 cmd1 <nil>, ok false
2026/02/07 14:34:10 i 1 cmd1 <nil>, ok false
2026/02/07 14:34:10 i 2 cmd1 104, ok true
2026/02/07 14:34:10 nd 1, cmd1 104 cmd 104
2026/02/07 14:34:10 rfats [0xc00010c000 0xc00010c100 0xc00010c200]
2026/02/07 14:34:10 i 0 cmd1 <nil>, ok false
2026/02/07 14:34:10 i 1 cmd1 <nil>, ok false
2026/02/07 14:34:10 i 2 cmd1 104, ok true
2026/02/07 14:34:10 nd 1, cmd1 104 cmd 104
2026/02/07 14:34:10 [14:34:10.563] [Node:0] [HEARTBEAT] [Trace:HB_0_3] 开始发送心跳广播 status LEADER term:3 commitIndex:2
2026/02/07 14:34:10 [14:34:10.563] [Node:1] [HEARTBEAT] [Trace:HB_1_4] Follower等心跳 status FOLLOWER term:4 commitIndex:5
2026/02/07 14:34:10 [14:34:10.563] [Node:2] [HEARTBEAT] [Trace:HB_2_4] 开始发送心跳广播 status LEADER term:4 commitIndex:5
2026/02/07 14:34:10 [Node:0] nextIndex:[2 2 3]
2026/02/07 14:34:10 [Node:0] getLogStartIndex index:2 last snapshot index:0
2026/02/07 14:34:10 [Node:2] nextIndex:[3 6 3]
2026/02/07 14:34:10 [Node:2] getLogStartIndex index:5 last snapshot index:0
2026/02/07 14:34:10 [Node:0] getNextIndex len:3 last snapshot index:0
2026/02/07 14:34:10 [Node:2] getNextIndex len:6 last snapshot index:0
2026/02/07 14:34:10 [14:34:10.563] [Node:0] [LOG_REPLICA] [Trace:LOG_0_3][0->2] 发送日志or心跳到 Node:2 开始 args:{3 0 2 3 [] 2 LOG_0_3 0 {0 0 map[] map[]}}
2026/02/07 14:34:10 [14:34:10.563] [Node:2] [LOG_REPLICA] [Trace:LOG_2_4][2->1] 发送日志or心跳到 Node:1 开始 args:{4 2 5 4 [] 5 LOG_2_4 2 {0 0 map[] map[]}}
2026/02/07 14:34:10 [Node:0] nextIndex:[2 2 3]
2026/02/07 14:34:10 [Node:2] nextIndex:[3 6 3]
2026/02/07 14:34:10 [Node:2] getLogStartIndex index:2 last snapshot index:0
2026/02/07 14:34:10 [Node:0] getLogStartIndex index:1 last snapshot index:0
2026/02/07 14:34:10 [Node:2] getNextIndex len:6 last snapshot index:0
2026/02/07 14:34:10 [Node:0] getNextIndex len:3 last snapshot index:0
2026/02/07 14:34:10 [Node:0] getLogStartIndex index:2 last snapshot index:0
2026/02/07 14:34:10 [Node:2] getLogStartIndex index:3 last snapshot index:0
2026/02/07 14:34:10 [14:34:10.563] [Node:0] [LOG_REPLICA] [Trace:LOG_0_3][0->1] 发送日志or心跳到 Node:1 开始 args:{3 0 1 2 [{103 3 false 2}] 2 LOG_0_3 0 {0 0 map[] map[]}}
2026/02/07 14:34:10 [14:34:10.563] [Node:2] [LOG_REPLICA] [Trace:LOG_2_4][2->0] 发送日志or心跳到 Node:0 开始 args:{4 2 2 3 [{104 4 false 3} {104 4 false 4} {104 4 false 5}] 5 LOG_2_4 2 {0 0 map[] map[]}}
2026/02/07 14:34:10 [14:34:10.564] [Node:1] [HEARTBEAT] [Trace:LOG_2_4][2->1] AppendEntries 收到 term:4 leaderId:2 prevLogIndex:5 prevLogTerm:4 entries:0 leaderCommit:5 isHeartbeat:true currentTerm:4 status:FOLLOWER log:[]
2026/02/07 14:34:10 [Node:1] getNextIndex len:7 last snapshot index:0
2026/02/07 14:34:10 [14:34:10.564] [Node:1] [HEARTBEAT] [Trace:LOG_2_4][2->1] 打印日志结果:[{<nil> 0 false 0} {101 2 false 1} {101 2 false 1} {103 3 false 2} {104 4 false 3} {104 4 false 4} {104 4 false 5}] 
2026/02/07 14:34:10 [Node:1] getLogStartIndex index:5 last snapshot index:0
2026/02/07 14:34:10 [14:34:10.564] [Node:1] [HEARTBEAT] [Trace:LOG_2_4][2->1] 复制日志结果:[{<nil> 0 false 0} {101 2 false 1} {101 2 false 1} {103 3 false 2} {104 4 false 3} {104 4 false 4} {104 4 false 5}] 
2026/02/07 14:34:10 [14:34:10.564] [Node:2] [LOG_REPLICA] [Trace:LOG_2_4][2->1] 心跳返回 from peer:1 term:4 success:true
2026/02/07 14:34:10 rfats [0xc00010c000 0xc00010c100 0xc00010c200]
2026/02/07 14:34:10 i 0 cmd1 <nil>, ok false
2026/02/07 14:34:10 i 1 cmd1 <nil>, ok false
2026/02/07 14:34:10 i 2 cmd1 104, ok true
2026/02/07 14:34:10 nd 1, cmd1 104 cmd 104
2026/02/07 14:34:10 rfats [0xc00010c000 0xc00010c100 0xc00010c200]
2026/02/07 14:34:10 i 0 cmd1 <nil>, ok false
2026/02/07 14:34:10 i 1 cmd1 <nil>, ok false
2026/02/07 14:34:10 i 2 cmd1 104, ok true
2026/02/07 14:34:10 nd 1, cmd1 104 cmd 104
2026/02/07 14:34:10 [14:34:10.614] [Node:2] [HEARTBEAT] [Trace:HB_2_4] 开始发送心跳广播 status LEADER term:4 commitIndex:5
2026/02/07 14:34:10 [14:34:10.614] [Node:0] [HEARTBEAT] [Trace:HB_0_3] 开始发送心跳广播 status LEADER term:3 commitIndex:2
2026/02/07 14:34:10 [14:34:10.614] [Node:1] [HEARTBEAT] [Trace:HB_1_4] Follower等心跳 status FOLLOWER term:4 commitIndex:5
2026/02/07 14:34:10 [Node:2] nextIndex:[3 6 3]
2026/02/07 14:34:10 [Node:2] getLogStartIndex index:5 last snapshot index:0
2026/02/07 14:34:10 [Node:2] getNextIndex len:6 last snapshot index:0
2026/02/07 14:34:10 [14:34:10.614] [Node:2] [LOG_REPLICA] [Trace:LOG_2_4][2->1] 发送日志or心跳到 Node:1 开始 args:{4 2 5 4 [] 5 LOG_2_4 2 {0 0 map[] map[]}}
2026/02/07 14:34:10 [Node:0] nextIndex:[2 2 3]
2026/02/07 14:34:10 [Node:0] getLogStartIndex index:1 last snapshot index:0
2026/02/07 14:34:10 [Node:0] getNextIndex len:3 last snapshot index:0
2026/02/07 14:34:10 [Node:2] nextIndex:[3 6 3]
2026/02/07 14:34:10 [Node:0] getLogStartIndex index:2 last snapshot index:0
2026/02/07 14:34:10 [Node:2] getLogStartIndex index:2 last snapshot index:0
2026/02/07 14:34:10 [Node:2] getNextIndex len:6 last snapshot index:0
2026/02/07 14:34:10 [Node:2] getLogStartIndex index:3 last snapshot index:0
2026/02/07 14:34:10 [14:34:10.614] [Node:0] [LOG_REPLICA] [Trace:LOG_0_3][0->1] 发送日志or心跳到 Node:1 开始 args:{3 0 1 2 [{103 3 false 2}] 2 LOG_0_3 0 {0 0 map[] map[]}}
2026/02/07 14:34:10 [14:34:10.614] [Node:2] [LOG_REPLICA] [Trace:LOG_2_4][2->0] 发送日志or心跳到 Node:0 开始 args:{4 2 2 3 [{104 4 false 3} {104 4 false 4} {104 4 false 5}] 5 LOG_2_4 2 {0 0 map[] map[]}}
2026/02/07 14:34:10 [Node:0] nextIndex:[2 2 3]
2026/02/07 14:34:10 [Node:0] getLogStartIndex index:2 last snapshot index:0
2026/02/07 14:34:10 [Node:0] getNextIndex len:3 last snapshot index:0
2026/02/07 14:34:10 [14:34:10.614] [Node:0] [LOG_REPLICA] [Trace:LOG_0_3][0->2] 发送日志or心跳到 Node:2 开始 args:{3 0 2 3 [] 2 LOG_0_3 0 {0 0 map[] map[]}}
2026/02/07 14:34:10 [14:34:10.615] [Node:1] [HEARTBEAT] [Trace:LOG_2_4][2->1] AppendEntries 收到 term:4 leaderId:2 prevLogIndex:5 prevLogTerm:4 entries:0 leaderCommit:5 isHeartbeat:true currentTerm:4 status:FOLLOWER log:[]
2026/02/07 14:34:10 [Node:1] getNextIndex len:7 last snapshot index:0
2026/02/07 14:34:10 [14:34:10.615] [Node:1] [HEARTBEAT] [Trace:LOG_2_4][2->1] 打印日志结果:[{<nil> 0 false 0} {101 2 false 1} {101 2 false 1} {103 3 false 2} {104 4 false 3} {104 4 false 4} {104 4 false 5}] 
2026/02/07 14:34:10 [Node:1] getLogStartIndex index:5 last snapshot index:0
2026/02/07 14:34:10 [14:34:10.615] [Node:1] [HEARTBEAT] [Trace:LOG_2_4][2->1] 复制日志结果:[{<nil> 0 false 0} {101 2 false 1} {101 2 false 1} {103 3 false 2} {104 4 false 3} {104 4 false 4} {104 4 false 5}] 
2026/02/07 14:34:10 [14:34:10.615] [Node:2] [LOG_REPLICA] [Trace:LOG_2_4][2->1] 心跳返回 from peer:1 term:4 success:true
2026/02/07 14:34:10 rfats [0xc00010c000 0xc00010c100 0xc00010c200]
2026/02/07 14:34:10 i 0 cmd1 <nil>, ok false
2026/02/07 14:34:10 i 1 cmd1 <nil>, ok false
2026/02/07 14:34:10 i 2 cmd1 104, ok true
2026/02/07 14:34:10 nd 1, cmd1 104 cmd 104
2026/02/07 14:34:10 rfats [0xc00010c000 0xc00010c100 0xc00010c200]
2026/02/07 14:34:10 i 0 cmd1 <nil>, ok false
2026/02/07 14:34:10 i 1 cmd1 <nil>, ok false
2026/02/07 14:34:10 i 2 cmd1 104, ok true
2026/02/07 14:34:10 nd 1, cmd1 104 cmd 104
2026/02/07 14:34:10 rfats [0xc00010c000 0xc00010c100 0xc00010c200]
2026/02/07 14:34:10 i 0 cmd1 <nil>, ok false
2026/02/07 14:34:10 [14:34:10.665] [Node:2] [HEARTBEAT] [Trace:HB_2_4] 开始发送心跳广播 status LEADER term:4 commitIndex:5
2026/02/07 14:34:10 [14:34:10.665] [Node:1] [HEARTBEAT] [Trace:HB_1_4] Follower等心跳 status FOLLOWER term:4 commitIndex:5
2026/02/07 14:34:10 [14:34:10.665] [Node:0] [HEARTBEAT] [Trace:HB_0_3] 开始发送心跳广播 status LEADER term:3 commitIndex:2
2026/02/07 14:34:10 i 1 cmd1 <nil>, ok false
2026/02/07 14:34:10 [Node:2] nextIndex:[3 6 3]
2026/02/07 14:34:10 i 2 cmd1 104, ok true
2026/02/07 14:34:10 nd 1, cmd1 104 cmd 104
2026/02/07 14:34:10 [Node:0] nextIndex:[2 2 3]
2026/02/07 14:34:10 [Node:0] getLogStartIndex index:1 last snapshot index:0
2026/02/07 14:34:10 [Node:0] getNextIndex len:3 last snapshot index:0
2026/02/07 14:34:10 [Node:0] getLogStartIndex index:2 last snapshot index:0
2026/02/07 14:34:10 [Node:2] getLogStartIndex index:5 last snapshot index:0
2026/02/07 14:34:10 [Node:2] getNextIndex len:6 last snapshot index:0
2026/02/07 14:34:10 [14:34:10.665] [Node:0] [LOG_REPLICA] [Trace:LOG_0_3][0->1] 发送日志or心跳到 Node:1 开始 args:{3 0 1 2 [{103 3 false 2}] 2 LOG_0_3 0 {0 0 map[] map[]}}
2026/02/07 14:34:10 [Node:2] nextIndex:[3 6 3]
2026/02/07 14:34:10 [Node:0] nextIndex:[2 2 3]
2026/02/07 14:34:10 [Node:0] getLogStartIndex index:2 last snapshot index:0
2026/02/07 14:34:10 [14:34:10.665] [Node:2] [LOG_REPLICA] [Trace:LOG_2_4][2->1] 发送日志or心跳到 Node:1 开始 args:{4 2 5 4 [] 5 LOG_2_4 2 {0 0 map[] map[]}}
2026/02/07 14:34:10 [Node:0] getNextIndex len:3 last snapshot index:0
2026/02/07 14:34:10 [14:34:10.665] [Node:0] [LOG_REPLICA] [Trace:LOG_0_3][0->2] 发送日志or心跳到 Node:2 开始 args:{3 0 2 3 [] 2 LOG_0_3 0 {0 0 map[] map[]}}
2026/02/07 14:34:10 [Node:2] getLogStartIndex index:2 last snapshot index:0
2026/02/07 14:34:10 [Node:2] getNextIndex len:6 last snapshot index:0
2026/02/07 14:34:10 [Node:2] getLogStartIndex index:3 last snapshot index:0
2026/02/07 14:34:10 [14:34:10.665] [Node:2] [LOG_REPLICA] [Trace:LOG_2_4][2->0] 发送日志or心跳到 Node:0 开始 args:{4 2 2 3 [{104 4 false 3} {104 4 false 4} {104 4 false 5}] 5 LOG_2_4 2 {0 0 map[] map[]}}
2026/02/07 14:34:10 [14:34:10.666] [Node:1] [HEARTBEAT] [Trace:LOG_2_4][2->1] AppendEntries 收到 term:4 leaderId:2 prevLogIndex:5 prevLogTerm:4 entries:0 leaderCommit:5 isHeartbeat:true currentTerm:4 status:FOLLOWER log:[]
2026/02/07 14:34:10 [Node:1] getNextIndex len:7 last snapshot index:0
2026/02/07 14:34:10 [14:34:10.666] [Node:1] [HEARTBEAT] [Trace:LOG_2_4][2->1] 打印日志结果:[{<nil> 0 false 0} {101 2 false 1} {101 2 false 1} {103 3 false 2} {104 4 false 3} {104 4 false 4} {104 4 false 5}] 
2026/02/07 14:34:10 [Node:1] getLogStartIndex index:5 last snapshot index:0
2026/02/07 14:34:10 [14:34:10.666] [Node:1] [HEARTBEAT] [Trace:LOG_2_4][2->1] 复制日志结果:[{<nil> 0 false 0} {101 2 false 1} {101 2 false 1} {103 3 false 2} {104 4 false 3} {104 4 false 4} {104 4 false 5}] 
2026/02/07 14:34:10 [14:34:10.666] [Node:2] [LOG_REPLICA] [Trace:LOG_2_4][2->1] 心跳返回 from peer:1 term:4 success:true
2026/02/07 14:34:10 rfats [0xc00010c000 0xc00010c100 0xc00010c200]
2026/02/07 14:34:10 i 0 cmd1 <nil>, ok false
2026/02/07 14:34:10 i 1 cmd1 <nil>, ok false
2026/02/07 14:34:10 i 2 cmd1 104, ok true
2026/02/07 14:34:10 nd 1, cmd1 104 cmd 104
2026/02/07 14:34:10 rfats [0xc00010c000 0xc00010c100 0xc00010c200]
2026/02/07 14:34:10 i 0 cmd1 <nil>, ok false
2026/02/07 14:34:10 i 1 cmd1 <nil>, ok false
2026/02/07 14:34:10 i 2 cmd1 104, ok true
2026/02/07 14:34:10 nd 1, cmd1 104 cmd 104
2026/02/07 14:34:10 [14:34:10.716] [Node:1] [HEARTBEAT] [Trace:HB_1_4] Follower等心跳 status FOLLOWER term:4 commitIndex:5
2026/02/07 14:34:10 [14:34:10.716] [Node:2] [HEARTBEAT] [Trace:HB_2_4] 开始发送心跳广播 status LEADER term:4 commitIndex:5
2026/02/07 14:34:10 [14:34:10.716] [Node:0] [HEARTBEAT] [Trace:HB_0_3] 开始发送心跳广播 status LEADER term:3 commitIndex:2
2026/02/07 14:34:10 [Node:2] nextIndex:[3 6 3]
2026/02/07 14:34:10 [Node:2] getLogStartIndex index:5 last snapshot index:0
2026/02/07 14:34:10 [Node:2] getNextIndex len:6 last snapshot index:0
2026/02/07 14:34:10 [Node:0] nextIndex:[2 2 3]
2026/02/07 14:34:10 [Node:0] getLogStartIndex index:2 last snapshot index:0
2026/02/07 14:34:10 [14:34:10.716] [Node:2] [LOG_REPLICA] [Trace:LOG_2_4][2->1] 发送日志or心跳到 Node:1 开始 args:{4 2 5 4 [] 5 LOG_2_4 2 {0 0 map[] map[]}}
2026/02/07 14:34:10 [Node:2] nextIndex:[3 6 3]
2026/02/07 14:34:10 [Node:0] getNextIndex len:3 last snapshot index:0
2026/02/07 14:34:10 [Node:2] getLogStartIndex index:2 last snapshot index:0
2026/02/07 14:34:10 [Node:2] getNextIndex len:6 last snapshot index:0
2026/02/07 14:34:10 [14:34:10.716] [Node:0] [LOG_REPLICA] [Trace:LOG_0_3][0->2] 发送日志or心跳到 Node:2 开始 args:{3 0 2 3 [] 2 LOG_0_3 0 {0 0 map[] map[]}}
2026/02/07 14:34:10 [Node:2] getLogStartIndex index:3 last snapshot index:0
2026/02/07 14:34:10 [Node:0] nextIndex:[2 2 3]
2026/02/07 14:34:10 [Node:0] getLogStartIndex index:1 last snapshot index:0
2026/02/07 14:34:10 [Node:0] getNextIndex len:3 last snapshot index:0
2026/02/07 14:34:10 [14:34:10.716] [Node:2] [LOG_REPLICA] [Trace:LOG_2_4][2->0] 发送日志or心跳到 Node:0 开始 args:{4 2 2 3 [{104 4 false 3} {104 4 false 4} {104 4 false 5}] 5 LOG_2_4 2 {0 0 map[] map[]}}
2026/02/07 14:34:10 [Node:0] getLogStartIndex index:2 last snapshot index:0
2026/02/07 14:34:10 [14:34:10.717] [Node:0] [LOG_REPLICA] [Trace:LOG_0_3][0->1] 发送日志or心跳到 Node:1 开始 args:{3 0 1 2 [{103 3 false 2}] 2 LOG_0_3 0 {0 0 map[] map[]}}
2026/02/07 14:34:10 [14:34:10.717] [Node:1] [HEARTBEAT] [Trace:LOG_2_4][2->1] AppendEntries 收到 term:4 leaderId:2 prevLogIndex:5 prevLogTerm:4 entries:0 leaderCommit:5 isHeartbeat:true currentTerm:4 status:FOLLOWER log:[]
2026/02/07 14:34:10 [Node:1] getNextIndex len:7 last snapshot index:0
2026/02/07 14:34:10 [14:34:10.717] [Node:1] [HEARTBEAT] [Trace:LOG_2_4][2->1] 打印日志结果:[{<nil> 0 false 0} {101 2 false 1} {101 2 false 1} {103 3 false 2} {104 4 false 3} {104 4 false 4} {104 4 false 5}] 
2026/02/07 14:34:10 [Node:1] getLogStartIndex index:5 last snapshot index:0
2026/02/07 14:34:10 [14:34:10.717] [Node:1] [HEARTBEAT] [Trace:LOG_2_4][2->1] 复制日志结果:[{<nil> 0 false 0} {101 2 false 1} {101 2 false 1} {103 3 false 2} {104 4 false 3} {104 4 false 4} {104 4 false 5}] 
2026/02/07 14:34:10 [14:34:10.717] [Node:2] [LOG_REPLICA] [Trace:LOG_2_4][2->1] 心跳返回 from peer:1 term:4 success:true
2026/02/07 14:34:10 rfats [0xc00010c000 0xc00010c100 0xc00010c200]
2026/02/07 14:34:10 i 0 cmd1 <nil>, ok false
2026/02/07 14:34:10 i 1 cmd1 <nil>, ok false
2026/02/07 14:34:10 i 2 cmd1 104, ok true
2026/02/07 14:34:10 nd 1, cmd1 104 cmd 104
2026/02/07 14:34:10 rfats [0xc00010c000 0xc00010c100 0xc00010c200]
2026/02/07 14:34:10 i 0 cmd1 <nil>, ok false
2026/02/07 14:34:10 i 1 cmd1 <nil>, ok false
2026/02/07 14:34:10 i 2 cmd1 104, ok true
2026/02/07 14:34:10 nd 1, cmd1 104 cmd 104
2026/02/07 14:34:10 [14:34:10.767] [Node:0] [HEARTBEAT] [Trace:HB_0_3] 开始发送心跳广播 status LEADER term:3 commitIndex:2
2026/02/07 14:34:10 [14:34:10.767] [Node:1] [HEARTBEAT] [Trace:HB_1_4] Follower等心跳 status FOLLOWER term:4 commitIndex:5
2026/02/07 14:34:10 [14:34:10.767] [Node:2] [HEARTBEAT] [Trace:HB_2_4] 开始发送心跳广播 status LEADER term:4 commitIndex:5
2026/02/07 14:34:10 [Node:0] nextIndex:[2 2 3]
2026/02/07 14:34:10 [Node:0] getLogStartIndex index:1 last snapshot index:0
2026/02/07 14:34:10 [Node:0] getNextIndex len:3 last snapshot index:0
2026/02/07 14:34:10 [Node:0] getLogStartIndex index:2 last snapshot index:0
2026/02/07 14:34:10 [Node:2] nextIndex:[3 6 3]
2026/02/07 14:34:10 [Node:2] getLogStartIndex index:2 last snapshot index:0
2026/02/07 14:34:10 [Node:0] nextIndex:[2 2 3]
2026/02/07 14:34:10 [14:34:10.767] [Node:0] [LOG_REPLICA] [Trace:LOG_0_3][0->1] 发送日志or心跳到 Node:1 开始 args:{3 0 1 2 [{103 3 false 2}] 2 LOG_0_3 0 {0 0 map[] map[]}}
2026/02/07 14:34:10 [Node:0] getLogStartIndex index:2 last snapshot index:0
2026/02/07 14:34:10 [Node:2] getNextIndex len:6 last snapshot index:0
2026/02/07 14:34:10 [Node:2] getLogStartIndex index:3 last snapshot index:0
2026/02/07 14:34:10 [Node:0] getNextIndex len:3 last snapshot index:0
2026/02/07 14:34:10 [Node:2] nextIndex:[3 6 3]
2026/02/07 14:34:10 [Node:2] getLogStartIndex index:5 last snapshot index:0
2026/02/07 14:34:10 [14:34:10.767] [Node:0] [LOG_REPLICA] [Trace:LOG_0_3][0->2] 发送日志or心跳到 Node:2 开始 args:{3 0 2 3 [] 2 LOG_0_3 0 {0 0 map[] map[]}}
2026/02/07 14:34:10 [14:34:10.767] [Node:2] [LOG_REPLICA] [Trace:LOG_2_4][2->0] 发送日志or心跳到 Node:0 开始 args:{4 2 2 3 [{104 4 false 3} {104 4 false 4} {104 4 false 5}] 5 LOG_2_4 2 {0 0 map[] map[]}}
2026/02/07 14:34:10 [Node:2] getNextIndex len:6 last snapshot index:0
2026/02/07 14:34:10 [14:34:10.767] [Node:2] [LOG_REPLICA] [Trace:LOG_2_4][2->1] 发送日志or心跳到 Node:1 开始 args:{4 2 5 4 [] 5 LOG_2_4 2 {0 0 map[] map[]}}
2026/02/07 14:34:10 [14:34:10.768] [Node:1] [HEARTBEAT] [Trace:LOG_2_4][2->1] AppendEntries 收到 term:4 leaderId:2 prevLogIndex:5 prevLogTerm:4 entries:0 leaderCommit:5 isHeartbeat:true currentTerm:4 status:FOLLOWER log:[]
2026/02/07 14:34:10 [Node:1] getNextIndex len:7 last snapshot index:0
2026/02/07 14:34:10 [14:34:10.768] [Node:1] [HEARTBEAT] [Trace:LOG_2_4][2->1] 打印日志结果:[{<nil> 0 false 0} {101 2 false 1} {101 2 false 1} {103 3 false 2} {104 4 false 3} {104 4 false 4} {104 4 false 5}] 
2026/02/07 14:34:10 [Node:1] getLogStartIndex index:5 last snapshot index:0
2026/02/07 14:34:10 [14:34:10.768] [Node:1] [HEARTBEAT] [Trace:LOG_2_4][2->1] 复制日志结果:[{<nil> 0 false 0} {101 2 false 1} {101 2 false 1} {103 3 false 2} {104 4 false 3} {104 4 false 4} {104 4 false 5}] 
2026/02/07 14:34:10 [14:34:10.768] [Node:2] [LOG_REPLICA] [Trace:LOG_2_4][2->1] 心跳返回 from peer:1 term:4 success:true
2026/02/07 14:34:10 rfats [0xc00010c000 0xc00010c100 0xc00010c200]
2026/02/07 14:34:10 i 0 cmd1 <nil>, ok false
2026/02/07 14:34:10 i 1 cmd1 <nil>, ok false
2026/02/07 14:34:10 i 2 cmd1 104, ok true
2026/02/07 14:34:10 nd 1, cmd1 104 cmd 104
2026/02/07 14:34:10 rfats [0xc00010c000 0xc00010c100 0xc00010c200]
2026/02/07 14:34:10 i 0 cmd1 <nil>, ok false
2026/02/07 14:34:10 i 1 cmd1 <nil>, ok false
2026/02/07 14:34:10 i 2 cmd1 104, ok true
2026/02/07 14:34:10 nd 1, cmd1 104 cmd 104
2026/02/07 14:34:10 rfats [0xc00010c000 0xc00010c100 0xc00010c200]
2026/02/07 14:34:10 i 0 cmd1 <nil>, ok false
2026/02/07 14:34:10 i 1 cmd1 <nil>, ok false
2026/02/07 14:34:10 i 2 cmd1 104, ok true
2026/02/07 14:34:10 nd 1, cmd1 104 cmd 104
2026/02/07 14:34:10 [14:34:10.817] [Node:2] [HEARTBEAT] [Trace:HB_2_4] 开始发送心跳广播 status LEADER term:4 commitIndex:5
2026/02/07 14:34:10 [14:34:10.817] [Node:1] [HEARTBEAT] [Trace:HB_1_4] Follower等心跳 status FOLLOWER term:4 commitIndex:5
2026/02/07 14:34:10 [Node:2] nextIndex:[3 6 3]
2026/02/07 14:34:10 [Node:2] getLogStartIndex index:2 last snapshot index:0
2026/02/07 14:34:10 [14:34:10.817] [Node:0] [HEARTBEAT] [Trace:HB_0_3] 开始发送心跳广播 status LEADER term:3 commitIndex:2
2026/02/07 14:34:10 [Node:2] getNextIndex len:6 last snapshot index:0
2026/02/07 14:34:10 [Node:2] getLogStartIndex index:3 last snapshot index:0
2026/02/07 14:34:10 [Node:0] nextIndex:[2 2 3]
2026/02/07 14:34:10 [Node:0] getLogStartIndex index:2 last snapshot index:0
2026/02/07 14:34:10 [Node:0] getNextIndex len:3 last snapshot index:0
2026/02/07 14:34:10 [14:34:10.817] [Node:2] [LOG_REPLICA] [Trace:LOG_2_4][2->0] 发送日志or心跳到 Node:0 开始 args:{4 2 2 3 [{104 4 false 3} {104 4 false 4} {104 4 false 5}] 5 LOG_2_4 2 {0 0 map[] map[]}}
2026/02/07 14:34:10 [Node:2] nextIndex:[3 6 3]
2026/02/07 14:34:10 [Node:2] getLogStartIndex index:5 last snapshot index:0
2026/02/07 14:34:10 [14:34:10.817] [Node:0] [LOG_REPLICA] [Trace:LOG_0_3][0->2] 发送日志or心跳到 Node:2 开始 args:{3 0 2 3 [] 2 LOG_0_3 0 {0 0 map[] map[]}}
2026/02/07 14:34:10 [Node:0] nextIndex:[2 2 3]
2026/02/07 14:34:10 [Node:2] getNextIndex len:6 last snapshot index:0
2026/02/07 14:34:10 [Node:0] getLogStartIndex index:1 last snapshot index:0
2026/02/07 14:34:10 [14:34:10.817] [Node:2] [LOG_REPLICA] [Trace:LOG_2_4][2->1] 发送日志or心跳到 Node:1 开始 args:{4 2 5 4 [] 5 LOG_2_4 2 {0 0 map[] map[]}}
2026/02/07 14:34:10 [Node:0] getNextIndex len:3 last snapshot index:0
2026/02/07 14:34:10 [Node:0] getLogStartIndex index:2 last snapshot index:0
2026/02/07 14:34:10 [14:34:10.818] [Node:0] [LOG_REPLICA] [Trace:LOG_0_3][0->1] 发送日志or心跳到 Node:1 开始 args:{3 0 1 2 [{103 3 false 2}] 2 LOG_0_3 0 {0 0 map[] map[]}}
2026/02/07 14:34:10 [14:34:10.818] [Node:1] [HEARTBEAT] [Trace:LOG_2_4][2->1] AppendEntries 收到 term:4 leaderId:2 prevLogIndex:5 prevLogTerm:4 entries:0 leaderCommit:5 isHeartbeat:true currentTerm:4 status:FOLLOWER log:[]
2026/02/07 14:34:10 [Node:1] getNextIndex len:7 last snapshot index:0
2026/02/07 14:34:10 [14:34:10.818] [Node:1] [HEARTBEAT] [Trace:LOG_2_4][2->1] 打印日志结果:[{<nil> 0 false 0} {101 2 false 1} {101 2 false 1} {103 3 false 2} {104 4 false 3} {104 4 false 4} {104 4 false 5}] 
2026/02/07 14:34:10 [Node:1] getLogStartIndex index:5 last snapshot index:0
2026/02/07 14:34:10 [14:34:10.818] [Node:1] [HEARTBEAT] [Trace:LOG_2_4][2->1] 复制日志结果:[{<nil> 0 false 0} {101 2 false 1} {101 2 false 1} {103 3 false 2} {104 4 false 3} {104 4 false 4} {104 4 false 5}] 
2026/02/07 14:34:10 [14:34:10.818] [Node:2] [LOG_REPLICA] [Trace:LOG_2_4][2->1] 心跳返回 from peer:1 term:4 success:true
2026/02/07 14:34:10 rfats [0xc00010c000 0xc00010c100 0xc00010c200]
2026/02/07 14:34:10 i 0 cmd1 <nil>, ok false
2026/02/07 14:34:10 i 1 cmd1 <nil>, ok false
2026/02/07 14:34:10 i 2 cmd1 104, ok true
2026/02/07 14:34:10 nd 1, cmd1 104 cmd 104
2026/02/07 14:34:10 rfats [0xc00010c000 0xc00010c100 0xc00010c200]
2026/02/07 14:34:10 i 0 cmd1 <nil>, ok false
2026/02/07 14:34:10 i 1 cmd1 <nil>, ok false
2026/02/07 14:34:10 i 2 cmd1 104, ok true
2026/02/07 14:34:10 nd 1, cmd1 104 cmd 104
2026/02/07 14:34:10 [14:34:10.867] [Node:1] [HEARTBEAT] [Trace:HB_1_4] Follower等心跳 status FOLLOWER term:4 commitIndex:5
2026/02/07 14:34:10 [14:34:10.867] [Node:2] [HEARTBEAT] [Trace:HB_2_4] 开始发送心跳广播 status LEADER term:4 commitIndex:5
2026/02/07 14:34:10 [14:34:10.867] [Node:0] [HEARTBEAT] [Trace:HB_0_3] 开始发送心跳广播 status LEADER term:3 commitIndex:2
2026/02/07 14:34:10 [Node:2] nextIndex:[3 6 3]
2026/02/07 14:34:10 [Node:2] getLogStartIndex index:5 last snapshot index:0
2026/02/07 14:34:10 [Node:2] getNextIndex len:6 last snapshot index:0
2026/02/07 14:34:10 [Node:0] nextIndex:[2 2 3]
2026/02/07 14:34:10 [Node:2] nextIndex:[3 6 3]
2026/02/07 14:34:10 [14:34:10.868] [Node:2] [LOG_REPLICA] [Trace:LOG_2_4][2->1] 发送日志or心跳到 Node:1 开始 args:{4 2 5 4 [] 5 LOG_2_4 2 {0 0 map[] map[]}}
2026/02/07 14:34:10 [Node:0] getLogStartIndex index:1 last snapshot index:0
2026/02/07 14:34:10 [Node:2] getLogStartIndex index:2 last snapshot index:0
2026/02/07 14:34:10 [Node:0] getNextIndex len:3 last snapshot index:0
2026/02/07 14:34:10 [Node:2] getNextIndex len:6 last snapshot index:0
2026/02/07 14:34:10 [Node:2] getLogStartIndex index:3 last snapshot index:0
2026/02/07 14:34:10 [Node:0] getLogStartIndex index:2 last snapshot index:0
2026/02/07 14:34:10 [Node:0] nextIndex:[2 2 3]
2026/02/07 14:34:10 [14:34:10.868] [Node:0] [LOG_REPLICA] [Trace:LOG_0_3][0->1] 发送日志or心跳到 Node:1 开始 args:{3 0 1 2 [{103 3 false 2}] 2 LOG_0_3 0 {0 0 map[] map[]}}
2026/02/07 14:34:10 [Node:0] getLogStartIndex index:2 last snapshot index:0
2026/02/07 14:34:10 [Node:0] getNextIndex len:3 last snapshot index:0
2026/02/07 14:34:10 [14:34:10.868] [Node:2] [LOG_REPLICA] [Trace:LOG_2_4][2->0] 发送日志or心跳到 Node:0 开始 args:{4 2 2 3 [{104 4 false 3} {104 4 false 4} {104 4 false 5}] 5 LOG_2_4 2 {0 0 map[] map[]}}
2026/02/07 14:34:10 [14:34:10.868] [Node:0] [LOG_REPLICA] [Trace:LOG_0_3][0->2] 发送日志or心跳到 Node:2 开始 args:{3 0 2 3 [] 2 LOG_0_3 0 {0 0 map[] map[]}}
2026/02/07 14:34:10 [14:34:10.868] [Node:1] [HEARTBEAT] [Trace:LOG_2_4][2->1] AppendEntries 收到 term:4 leaderId:2 prevLogIndex:5 prevLogTerm:4 entries:0 leaderCommit:5 isHeartbeat:true currentTerm:4 status:FOLLOWER log:[]
2026/02/07 14:34:10 [Node:1] getNextIndex len:7 last snapshot index:0
2026/02/07 14:34:10 [14:34:10.868] [Node:1] [HEARTBEAT] [Trace:LOG_2_4][2->1] 打印日志结果:[{<nil> 0 false 0} {101 2 false 1} {101 2 false 1} {103 3 false 2} {104 4 false 3} {104 4 false 4} {104 4 false 5}] 
2026/02/07 14:34:10 [Node:1] getLogStartIndex index:5 last snapshot index:0
2026/02/07 14:34:10 [14:34:10.868] [Node:1] [HEARTBEAT] [Trace:LOG_2_4][2->1] 复制日志结果:[{<nil> 0 false 0} {101 2 false 1} {101 2 false 1} {103 3 false 2} {104 4 false 3} {104 4 false 4} {104 4 false 5}] 
2026/02/07 14:34:10 [14:34:10.868] [Node:2] [LOG_REPLICA] [Trace:LOG_2_4][2->1] 心跳返回 from peer:1 term:4 success:true
2026/02/07 14:34:10 rfats [0xc00010c000 0xc00010c100 0xc00010c200]
2026/02/07 14:34:10 i 0 cmd1 <nil>, ok false
2026/02/07 14:34:10 i 1 cmd1 <nil>, ok false
2026/02/07 14:34:10 i 2 cmd1 104, ok true
2026/02/07 14:34:10 nd 1, cmd1 104 cmd 104
2026/02/07 14:34:10 rfats [0xc00010c000 0xc00010c100 0xc00010c200]
2026/02/07 14:34:10 i 0 cmd1 <nil>, ok false
2026/02/07 14:34:10 i 1 cmd1 <nil>, ok false
2026/02/07 14:34:10 i 2 cmd1 104, ok true
2026/02/07 14:34:10 nd 1, cmd1 104 cmd 104
2026/02/07 14:34:10 rfats [0xc00010c000 0xc00010c100 0xc00010c200]
2026/02/07 14:34:10 i 0 cmd1 <nil>, ok false
2026/02/07 14:34:10 i 1 cmd1 <nil>, ok false
2026/02/07 14:34:10 i 2 cmd1 104, ok true
2026/02/07 14:34:10 nd 1, cmd1 104 cmd 104
2026/02/07 14:34:10 [14:34:10.918] [Node:1] [HEARTBEAT] [Trace:HB_1_4] Follower等心跳 status FOLLOWER term:4 commitIndex:5
2026/02/07 14:34:10 [14:34:10.918] [Node:2] [HEARTBEAT] [Trace:HB_2_4] 开始发送心跳广播 status LEADER term:4 commitIndex:5
2026/02/07 14:34:10 [Node:2] nextIndex:[3 6 3]
2026/02/07 14:34:10 [Node:2] getLogStartIndex index:2 last snapshot index:0
2026/02/07 14:34:10 [Node:2] getNextIndex len:6 last snapshot index:0
2026/02/07 14:34:10 [Node:2] getLogStartIndex index:3 last snapshot index:0
2026/02/07 14:34:10 [14:34:10.918] [Node:0] [HEARTBEAT] [Trace:HB_0_3] 开始发送心跳广播 status LEADER term:3 commitIndex:2
2026/02/07 14:34:10 [Node:2] nextIndex:[3 6 3]
2026/02/07 14:34:10 [Node:0] nextIndex:[2 2 3]
2026/02/07 14:34:10 [Node:0] getLogStartIndex index:2 last snapshot index:0
2026/02/07 14:34:10 [14:34:10.918] [Node:2] [LOG_REPLICA] [Trace:LOG_2_4][2->0] 发送日志or心跳到 Node:0 开始 args:{4 2 2 3 [{104 4 false 3} {104 4 false 4} {104 4 false 5}] 5 LOG_2_4 2 {0 0 map[] map[]}}
2026/02/07 14:34:10 [Node:2] getLogStartIndex index:5 last snapshot index:0
2026/02/07 14:34:10 [Node:2] getNextIndex len:6 last snapshot index:0
2026/02/07 14:34:10 [Node:0] getNextIndex len:3 last snapshot index:0
2026/02/07 14:34:10 [14:34:10.918] [Node:2] [LOG_REPLICA] [Trace:LOG_2_4][2->1] 发送日志or心跳到 Node:1 开始 args:{4 2 5 4 [] 5 LOG_2_4 2 {0 0 map[] map[]}}
2026/02/07 14:34:10 [14:34:10.918] [Node:0] [LOG_REPLICA] [Trace:LOG_0_3][0->2] 发送日志or心跳到 Node:2 开始 args:{3 0 2 3 [] 2 LOG_0_3 0 {0 0 map[] map[]}}
2026/02/07 14:34:10 [Node:0] nextIndex:[2 2 3]
2026/02/07 14:34:10 [Node:0] getLogStartIndex index:1 last snapshot index:0
2026/02/07 14:34:10 [Node:0] getNextIndex len:3 last snapshot index:0
2026/02/07 14:34:10 [Node:0] getLogStartIndex index:2 last snapshot index:0
2026/02/07 14:34:10 [14:34:10.918] [Node:0] [LOG_REPLICA] [Trace:LOG_0_3][0->1] 发送日志or心跳到 Node:1 开始 args:{3 0 1 2 [{103 3 false 2}] 2 LOG_0_3 0 {0 0 map[] map[]}}
2026/02/07 14:34:10 [14:34:10.918] [Node:1] [HEARTBEAT] [Trace:LOG_2_4][2->1] AppendEntries 收到 term:4 leaderId:2 prevLogIndex:5 prevLogTerm:4 entries:0 leaderCommit:5 isHeartbeat:true currentTerm:4 status:FOLLOWER log:[]
2026/02/07 14:34:10 [Node:1] getNextIndex len:7 last snapshot index:0
2026/02/07 14:34:10 [14:34:10.918] [Node:1] [HEARTBEAT] [Trace:LOG_2_4][2->1] 打印日志结果:[{<nil> 0 false 0} {101 2 false 1} {101 2 false 1} {103 3 false 2} {104 4 false 3} {104 4 false 4} {104 4 false 5}] 
2026/02/07 14:34:10 [Node:1] getLogStartIndex index:5 last snapshot index:0
2026/02/07 14:34:10 [14:34:10.918] [Node:1] [HEARTBEAT] [Trace:LOG_2_4][2->1] 复制日志结果:[{<nil> 0 false 0} {101 2 false 1} {101 2 false 1} {103 3 false 2} {104 4 false 3} {104 4 false 4} {104 4 false 5}] 
2026/02/07 14:34:10 [14:34:10.919] [Node:2] [LOG_REPLICA] [Trace:LOG_2_4][2->1] 心跳返回 from peer:1 term:4 success:true
2026/02/07 14:34:10 rfats [0xc00010c000 0xc00010c100 0xc00010c200]
2026/02/07 14:34:10 i 0 cmd1 <nil>, ok false
2026/02/07 14:34:10 i 1 cmd1 <nil>, ok false
2026/02/07 14:34:10 i 2 cmd1 104, ok true
2026/02/07 14:34:10 nd 1, cmd1 104 cmd 104
2026/02/07 14:34:10 rfats [0xc00010c000 0xc00010c100 0xc00010c200]
2026/02/07 14:34:10 i 0 cmd1 <nil>, ok false
2026/02/07 14:34:10 i 1 cmd1 <nil>, ok false
2026/02/07 14:34:10 i 2 cmd1 104, ok true
2026/02/07 14:34:10 nd 1, cmd1 104 cmd 104
2026/02/07 14:34:10 [14:34:10.968] [Node:1] [HEARTBEAT] [Trace:HB_1_4] Follower等心跳 status FOLLOWER term:4 commitIndex:5
2026/02/07 14:34:10 [14:34:10.968] [Node:0] [HEARTBEAT] [Trace:HB_0_3] 开始发送心跳广播 status LEADER term:3 commitIndex:2
2026/02/07 14:34:10 [14:34:10.968] [Node:2] [HEARTBEAT] [Trace:HB_2_4] 开始发送心跳广播 status LEADER term:4 commitIndex:5
2026/02/07 14:34:10 [Node:2] nextIndex:[3 6 3]
2026/02/07 14:34:10 [Node:2] getLogStartIndex index:5 last snapshot index:0
2026/02/07 14:34:10 [Node:2] getNextIndex len:6 last snapshot index:0
2026/02/07 14:34:10 [Node:0] nextIndex:[2 2 3]
2026/02/07 14:34:10 [Node:0] getLogStartIndex index:2 last snapshot index:0
2026/02/07 14:34:10 [Node:2] nextIndex:[3 6 3]
2026/02/07 14:34:10 [Node:2] getLogStartIndex index:2 last snapshot index:0
2026/02/07 14:34:10 [14:34:10.969] [Node:2] [LOG_REPLICA] [Trace:LOG_2_4][2->1] 发送日志or心跳到 Node:1 开始 args:{4 2 5 4 [] 5 LOG_2_4 2 {0 0 map[] map[]}}
2026/02/07 14:34:10 [Node:0] getNextIndex len:3 last snapshot index:0
2026/02/07 14:34:10 [14:34:10.969] [Node:0] [LOG_REPLICA] [Trace:LOG_0_3][0->2] 发送日志or心跳到 Node:2 开始 args:{3 0 2 3 [] 2 LOG_0_3 0 {0 0 map[] map[]}}
2026/02/07 14:34:10 [Node:2] getNextIndex len:6 last snapshot index:0
2026/02/07 14:34:10 [Node:2] getLogStartIndex index:3 last snapshot index:0
2026/02/07 14:34:10 [Node:0] nextIndex:[2 2 3]
2026/02/07 14:34:10 [Node:0] getLogStartIndex index:1 last snapshot index:0
2026/02/07 14:34:10 [14:34:10.969] [Node:2] [LOG_REPLICA] [Trace:LOG_2_4][2->0] 发送日志or心跳到 Node:0 开始 args:{4 2 2 3 [{104 4 false 3} {104 4 false 4} {104 4 false 5}] 5 LOG_2_4 2 {0 0 map[] map[]}}
2026/02/07 14:34:10 [Node:0] getNextIndex len:3 last snapshot index:0
2026/02/07 14:34:10 [Node:0] getLogStartIndex index:2 last snapshot index:0
2026/02/07 14:34:10 [14:34:10.969] [Node:0] [LOG_REPLICA] [Trace:LOG_0_3][0->1] 发送日志or心跳到 Node:1 开始 args:{3 0 1 2 [{103 3 false 2}] 2 LOG_0_3 0 {0 0 map[] map[]}}
2026/02/07 14:34:10 [14:34:10.969] [Node:1] [HEARTBEAT] [Trace:LOG_2_4][2->1] AppendEntries 收到 term:4 leaderId:2 prevLogIndex:5 prevLogTerm:4 entries:0 leaderCommit:5 isHeartbeat:true currentTerm:4 status:FOLLOWER log:[]
2026/02/07 14:34:10 [Node:1] getNextIndex len:7 last snapshot index:0
2026/02/07 14:34:10 [14:34:10.969] [Node:1] [HEARTBEAT] [Trace:LOG_2_4][2->1] 打印日志结果:[{<nil> 0 false 0} {101 2 false 1} {101 2 false 1} {103 3 false 2} {104 4 false 3} {104 4 false 4} {104 4 false 5}] 
2026/02/07 14:34:10 [Node:1] getLogStartIndex index:5 last snapshot index:0
2026/02/07 14:34:10 [14:34:10.969] [Node:1] [HEARTBEAT] [Trace:LOG_2_4][2->1] 复制日志结果:[{<nil> 0 false 0} {101 2 false 1} {101 2 false 1} {103 3 false 2} {104 4 false 3} {104 4 false 4} {104 4 false 5}] 
2026/02/07 14:34:10 [14:34:10.969] [Node:2] [LOG_REPLICA] [Trace:LOG_2_4][2->1] 心跳返回 from peer:1 term:4 success:true
2026/02/07 14:34:10 rfats [0xc00010c000 0xc00010c100 0xc00010c200]
2026/02/07 14:34:10 i 0 cmd1 <nil>, ok false
2026/02/07 14:34:10 i 1 cmd1 <nil>, ok false
2026/02/07 14:34:10 i 2 cmd1 104, ok true
2026/02/07 14:34:10 nd 1, cmd1 104 cmd 104
2026/02/07 14:34:11 rfats [0xc00010c000 0xc00010c100 0xc00010c200]
2026/02/07 14:34:11 i 0 cmd1 <nil>, ok false
2026/02/07 14:34:11 i 1 cmd1 <nil>, ok false
2026/02/07 14:34:11 i 2 cmd1 104, ok true
2026/02/07 14:34:11 nd 1, cmd1 104 cmd 104
2026/02/07 14:34:11 [14:34:11.019] [Node:0] [HEARTBEAT] [Trace:HB_0_3] 开始发送心跳广播 status LEADER term:3 commitIndex:2
2026/02/07 14:34:11 [14:34:11.019] [Node:2] [HEARTBEAT] [Trace:HB_2_4] 开始发送心跳广播 status LEADER term:4 commitIndex:5
2026/02/07 14:34:11 [14:34:11.019] [Node:1] [HEARTBEAT] [Trace:HB_1_4] Follower等心跳 status FOLLOWER term:4 commitIndex:5
2026/02/07 14:34:11 [Node:2] nextIndex:[3 6 3]
2026/02/07 14:34:11 [Node:2] getLogStartIndex index:2 last snapshot index:0
2026/02/07 14:34:11 [Node:2] getNextIndex len:6 last snapshot index:0
2026/02/07 14:34:11 [Node:2] getLogStartIndex index:3 last snapshot index:0
2026/02/07 14:34:11 [14:34:11.019] [Node:2] [LOG_REPLICA] [Trace:LOG_2_4][2->0] 发送日志or心跳到 Node:0 开始 args:{4 2 2 3 [{104 4 false 3} {104 4 false 4} {104 4 false 5}] 5 LOG_2_4 2 {0 0 map[] map[]}}
2026/02/07 14:34:11 [Node:2] nextIndex:[3 6 3]
2026/02/07 14:34:11 [Node:2] getLogStartIndex index:5 last snapshot index:0
2026/02/07 14:34:11 [Node:2] getNextIndex len:6 last snapshot index:0
2026/02/07 14:34:11 [Node:0] nextIndex:[2 2 3]
2026/02/07 14:34:11 [Node:0] getLogStartIndex index:2 last snapshot index:0
2026/02/07 14:34:11 [14:34:11.019] [Node:2] [LOG_REPLICA] [Trace:LOG_2_4][2->1] 发送日志or心跳到 Node:1 开始 args:{4 2 5 4 [] 5 LOG_2_4 2 {0 0 map[] map[]}}
2026/02/07 14:34:11 [Node:0] getNextIndex len:3 last snapshot index:0
2026/02/07 14:34:11 [Node:0] nextIndex:[2 2 3]
2026/02/07 14:34:11 [Node:0] getLogStartIndex index:1 last snapshot index:0
2026/02/07 14:34:11 [Node:0] getNextIndex len:3 last snapshot index:0
2026/02/07 14:34:11 [Node:0] getLogStartIndex index:2 last snapshot index:0
2026/02/07 14:34:11 [14:34:11.019] [Node:0] [LOG_REPLICA] [Trace:LOG_0_3][0->2] 发送日志or心跳到 Node:2 开始 args:{3 0 2 3 [] 2 LOG_0_3 0 {0 0 map[] map[]}}
2026/02/07 14:34:11 [14:34:11.020] [Node:0] [LOG_REPLICA] [Trace:LOG_0_3][0->1] 发送日志or心跳到 Node:1 开始 args:{3 0 1 2 [{103 3 false 2}] 2 LOG_0_3 0 {0 0 map[] map[]}}
2026/02/07 14:34:11 [14:34:11.020] [Node:1] [HEARTBEAT] [Trace:LOG_2_4][2->1] AppendEntries 收到 term:4 leaderId:2 prevLogIndex:5 prevLogTerm:4 entries:0 leaderCommit:5 isHeartbeat:true currentTerm:4 status:FOLLOWER log:[]
2026/02/07 14:34:11 [Node:1] getNextIndex len:7 last snapshot index:0
2026/02/07 14:34:11 [14:34:11.020] [Node:1] [HEARTBEAT] [Trace:LOG_2_4][2->1] 打印日志结果:[{<nil> 0 false 0} {101 2 false 1} {101 2 false 1} {103 3 false 2} {104 4 false 3} {104 4 false 4} {104 4 false 5}] 
2026/02/07 14:34:11 [Node:1] getLogStartIndex index:5 last snapshot index:0
2026/02/07 14:34:11 [14:34:11.020] [Node:1] [HEARTBEAT] [Trace:LOG_2_4][2->1] 复制日志结果:[{<nil> 0 false 0} {101 2 false 1} {101 2 false 1} {103 3 false 2} {104 4 false 3} {104 4 false 4} {104 4 false 5}] 
2026/02/07 14:34:11 [14:34:11.020] [Node:2] [LOG_REPLICA] [Trace:LOG_2_4][2->1] 心跳返回 from peer:1 term:4 success:true
2026/02/07 14:34:11 rfats [0xc00010c000 0xc00010c100 0xc00010c200]
2026/02/07 14:34:11 i 0 cmd1 <nil>, ok false
2026/02/07 14:34:11 i 1 cmd1 <nil>, ok false
2026/02/07 14:34:11 i 2 cmd1 104, ok true
2026/02/07 14:34:11 nd 1, cmd1 104 cmd 104
2026/02/07 14:34:11 rfats [0xc00010c000 0xc00010c100 0xc00010c200]
2026/02/07 14:34:11 i 0 cmd1 <nil>, ok false
2026/02/07 14:34:11 i 1 cmd1 <nil>, ok false
2026/02/07 14:34:11 i 2 cmd1 104, ok true
2026/02/07 14:34:11 nd 1, cmd1 104 cmd 104
2026/02/07 14:34:11 rfats [0xc00010c000 0xc00010c100 0xc00010c200]
2026/02/07 14:34:11 i 0 cmd1 <nil>, ok false
2026/02/07 14:34:11 i 1 cmd1 <nil>, ok false
2026/02/07 14:34:11 i 2 cmd1 104, ok true
2026/02/07 14:34:11 nd 1, cmd1 104 cmd 104
2026/02/07 14:34:11 [14:34:11.070] [Node:1] [HEARTBEAT] [Trace:HB_1_4] Follower等心跳 status FOLLOWER term:4 commitIndex:5
2026/02/07 14:34:11 [14:34:11.070] [Node:0] [HEARTBEAT] [Trace:HB_0_3] 开始发送心跳广播 status LEADER term:3 commitIndex:2
2026/02/07 14:34:11 [14:34:11.070] [Node:2] [HEARTBEAT] [Trace:HB_2_4] 开始发送心跳广播 status LEADER term:4 commitIndex:5
2026/02/07 14:34:11 [Node:0] nextIndex:[2 2 3]
2026/02/07 14:34:11 [Node:0] getLogStartIndex index:1 last snapshot index:0
2026/02/07 14:34:11 [Node:2] nextIndex:[3 6 3]
2026/02/07 14:34:11 [Node:0] getNextIndex len:3 last snapshot index:0
2026/02/07 14:34:11 [Node:2] getLogStartIndex index:5 last snapshot index:0
2026/02/07 14:34:11 [Node:2] getNextIndex len:6 last snapshot index:0
2026/02/07 14:34:11 [Node:0] getLogStartIndex index:2 last snapshot index:0
2026/02/07 14:34:11 [14:34:11.070] [Node:2] [LOG_REPLICA] [Trace:LOG_2_4][2->1] 发送日志or心跳到 Node:1 开始 args:{4 2 5 4 [] 5 LOG_2_4 2 {0 0 map[] map[]}}
2026/02/07 14:34:11 [Node:2] nextIndex:[3 6 3]
2026/02/07 14:34:11 [Node:2] getLogStartIndex index:2 last snapshot index:0
2026/02/07 14:34:11 [Node:0] nextIndex:[2 2 3]
2026/02/07 14:34:11 [14:34:11.070] [Node:0] [LOG_REPLICA] [Trace:LOG_0_3][0->1] 发送日志or心跳到 Node:1 开始 args:{3 0 1 2 [{103 3 false 2}] 2 LOG_0_3 0 {0 0 map[] map[]}}
2026/02/07 14:34:11 [Node:2] getNextIndex len:6 last snapshot index:0
2026/02/07 14:34:11 [Node:0] getLogStartIndex index:2 last snapshot index:0
2026/02/07 14:34:11 [Node:0] getNextIndex len:3 last snapshot index:0
2026/02/07 14:34:11 [Node:2] getLogStartIndex index:3 last snapshot index:0
2026/02/07 14:34:11 [14:34:11.071] [Node:0] [LOG_REPLICA] [Trace:LOG_0_3][0->2] 发送日志or心跳到 Node:2 开始 args:{3 0 2 3 [] 2 LOG_0_3 0 {0 0 map[] map[]}}
2026/02/07 14:34:11 [14:34:11.071] [Node:2] [LOG_REPLICA] [Trace:LOG_2_4][2->0] 发送日志or心跳到 Node:0 开始 args:{4 2 2 3 [{104 4 false 3} {104 4 false 4} {104 4 false 5}] 5 LOG_2_4 2 {0 0 map[] map[]}}
2026/02/07 14:34:11 [14:34:11.071] [Node:1] [HEARTBEAT] [Trace:LOG_2_4][2->1] AppendEntries 收到 term:4 leaderId:2 prevLogIndex:5 prevLogTerm:4 entries:0 leaderCommit:5 isHeartbeat:true currentTerm:4 status:FOLLOWER log:[]
2026/02/07 14:34:11 [Node:1] getNextIndex len:7 last snapshot index:0
2026/02/07 14:34:11 [14:34:11.075] [Node:1] [HEARTBEAT] [Trace:LOG_2_4][2->1] 打印日志结果:[{<nil> 0 false 0} {101 2 false 1} {101 2 false 1} {103 3 false 2} {104 4 false 3} {104 4 false 4} {104 4 false 5}] 
2026/02/07 14:34:11 [Node:1] getLogStartIndex index:5 last snapshot index:0
2026/02/07 14:34:11 [14:34:11.078] [Node:1] [HEARTBEAT] [Trace:LOG_2_4][2->1] 复制日志结果:[{<nil> 0 false 0} {101 2 false 1} {101 2 false 1} {103 3 false 2} {104 4 false 3} {104 4 false 4} {104 4 false 5}] 
2026/02/07 14:34:11 [14:34:11.078] [Node:2] [LOG_REPLICA] [Trace:LOG_2_4][2->1] 心跳返回 from peer:1 term:4 success:true
2026/02/07 14:34:11 rfats [0xc00010c000 0xc00010c100 0xc00010c200]
2026/02/07 14:34:11 i 0 cmd1 <nil>, ok false
2026/02/07 14:34:11 i 1 cmd1 <nil>, ok false
2026/02/07 14:34:11 i 2 cmd1 104, ok true
2026/02/07 14:34:11 nd 1, cmd1 104 cmd 104
2026/02/07 14:34:11 rfats [0xc00010c000 0xc00010c100 0xc00010c200]
2026/02/07 14:34:11 i 0 cmd1 <nil>, ok false
2026/02/07 14:34:11 i 1 cmd1 <nil>, ok false
2026/02/07 14:34:11 i 2 cmd1 104, ok true
2026/02/07 14:34:11 nd 1, cmd1 104 cmd 104
2026/02/07 14:34:11 [14:34:11.120] [Node:1] [HEARTBEAT] [Trace:HB_1_4] Follower等心跳 status FOLLOWER term:4 commitIndex:5
2026/02/07 14:34:11 [14:34:11.120] [Node:0] [HEARTBEAT] [Trace:HB_0_3] 开始发送心跳广播 status LEADER term:3 commitIndex:2
2026/02/07 14:34:11 [14:34:11.120] [Node:2] [HEARTBEAT] [Trace:HB_2_4] 开始发送心跳广播 status LEADER term:4 commitIndex:5
2026/02/07 14:34:11 [Node:0] nextIndex:[2 2 3]
2026/02/07 14:34:11 [Node:2] nextIndex:[3 6 3]
2026/02/07 14:34:11 [Node:2] getLogStartIndex index:5 last snapshot index:0
2026/02/07 14:34:11 [Node:2] getNextIndex len:6 last snapshot index:0
2026/02/07 14:34:11 [14:34:11.121] [Node:2] [LOG_REPLICA] [Trace:LOG_2_4][2->1] 发送日志or心跳到 Node:1 开始 args:{4 2 5 4 [] 5 LOG_2_4 2 {0 0 map[] map[]}}
2026/02/07 14:34:11 [Node:0] getLogStartIndex index:2 last snapshot index:0
2026/02/07 14:34:11 [Node:0] getNextIndex len:3 last snapshot index:0
2026/02/07 14:34:11 [Node:2] nextIndex:[3 6 3]
2026/02/07 14:34:11 [Node:2] getLogStartIndex index:2 last snapshot index:0
2026/02/07 14:34:11 [Node:2] getNextIndex len:6 last snapshot index:0
2026/02/07 14:34:11 [Node:0] nextIndex:[2 2 3]
2026/02/07 14:34:11 [Node:0] getLogStartIndex index:1 last snapshot index:0
2026/02/07 14:34:11 [Node:0] getNextIndex len:3 last snapshot index:0
2026/02/07 14:34:11 [Node:0] getLogStartIndex index:2 last snapshot index:0
2026/02/07 14:34:11 [Node:2] getLogStartIndex index:3 last snapshot index:0
2026/02/07 14:34:11 [14:34:11.121] [Node:0] [LOG_REPLICA] [Trace:LOG_0_3][0->2] 发送日志or心跳到 Node:2 开始 args:{3 0 2 3 [] 2 LOG_0_3 0 {0 0 map[] map[]}}
2026/02/07 14:34:11 [14:34:11.121] [Node:0] [LOG_REPLICA] [Trace:LOG_0_3][0->1] 发送日志or心跳到 Node:1 开始 args:{3 0 1 2 [{103 3 false 2}] 2 LOG_0_3 0 {0 0 map[] map[]}}
2026/02/07 14:34:11 [14:34:11.121] [Node:2] [LOG_REPLICA] [Trace:LOG_2_4][2->0] 发送日志or心跳到 Node:0 开始 args:{4 2 2 3 [{104 4 false 3} {104 4 false 4} {104 4 false 5}] 5 LOG_2_4 2 {0 0 map[] map[]}}
2026/02/07 14:34:11 [14:34:11.121] [Node:1] [HEARTBEAT] [Trace:LOG_2_4][2->1] AppendEntries 收到 term:4 leaderId:2 prevLogIndex:5 prevLogTerm:4 entries:0 leaderCommit:5 isHeartbeat:true currentTerm:4 status:FOLLOWER log:[]
2026/02/07 14:34:11 [Node:1] getNextIndex len:7 last snapshot index:0
2026/02/07 14:34:11 [14:34:11.121] [Node:1] [HEARTBEAT] [Trace:LOG_2_4][2->1] 打印日志结果:[{<nil> 0 false 0} {101 2 false 1} {101 2 false 1} {103 3 false 2} {104 4 false 3} {104 4 false 4} {104 4 false 5}] 
2026/02/07 14:34:11 [Node:1] getLogStartIndex index:5 last snapshot index:0
2026/02/07 14:34:11 [14:34:11.121] [Node:1] [HEARTBEAT] [Trace:LOG_2_4][2->1] 复制日志结果:[{<nil> 0 false 0} {101 2 false 1} {101 2 false 1} {103 3 false 2} {104 4 false 3} {104 4 false 4} {104 4 false 5}] 
2026/02/07 14:34:11 [14:34:11.121] [Node:2] [LOG_REPLICA] [Trace:LOG_2_4][2->1] 心跳返回 from peer:1 term:4 success:true
2026/02/07 14:34:11 rfats [0xc00010c000 0xc00010c100 0xc00010c200]
2026/02/07 14:34:11 i 0 cmd1 <nil>, ok false
2026/02/07 14:34:11 i 1 cmd1 <nil>, ok false
2026/02/07 14:34:11 i 2 cmd1 104, ok true
2026/02/07 14:34:11 nd 1, cmd1 104 cmd 104
2026/02/07 14:34:11 rfats [0xc00010c000 0xc00010c100 0xc00010c200]
2026/02/07 14:34:11 i 0 cmd1 <nil>, ok false
2026/02/07 14:34:11 i 1 cmd1 <nil>, ok false
2026/02/07 14:34:11 i 2 cmd1 104, ok true
2026/02/07 14:34:11 nd 1, cmd1 104 cmd 104
2026/02/07 14:34:11 rfats [0xc00010c000 0xc00010c100 0xc00010c200]
2026/02/07 14:34:11 i 0 cmd1 <nil>, ok false
2026/02/07 14:34:11 i 1 cmd1 <nil>, ok false
2026/02/07 14:34:11 i 2 cmd1 104, ok true
2026/02/07 14:34:11 nd 1, cmd1 104 cmd 104
2026/02/07 14:34:11 [14:34:11.171] [Node:2] [HEARTBEAT] [Trace:HB_2_4] 开始发送心跳广播 status LEADER term:4 commitIndex:5
2026/02/07 14:34:11 [14:34:11.171] [Node:0] [HEARTBEAT] [Trace:HB_0_3] 开始发送心跳广播 status LEADER term:3 commitIndex:2
2026/02/07 14:34:11 [14:34:11.171] [Node:1] [HEARTBEAT] [Trace:HB_1_4] Follower等心跳 status FOLLOWER term:4 commitIndex:5
2026/02/07 14:34:11 [Node:2] nextIndex:[3 6 3]
2026/02/07 14:34:11 [Node:0] nextIndex:[2 2 3]
2026/02/07 14:34:11 [Node:2] getLogStartIndex index:2 last snapshot index:0
2026/02/07 14:34:11 [Node:2] getNextIndex len:6 last snapshot index:0
2026/02/07 14:34:11 [Node:2] getLogStartIndex index:3 last snapshot index:0
2026/02/07 14:34:11 [Node:0] getLogStartIndex index:1 last snapshot index:0
2026/02/07 14:34:11 [Node:2] nextIndex:[3 6 3]
2026/02/07 14:34:11 [Node:0] getNextIndex len:3 last snapshot index:0
2026/02/07 14:34:11 [14:34:11.171] [Node:2] [LOG_REPLICA] [Trace:LOG_2_4][2->0] 发送日志or心跳到 Node:0 开始 args:{4 2 2 3 [{104 4 false 3} {104 4 false 4} {104 4 false 5}] 5 LOG_2_4 2 {0 0 map[] map[]}}
2026/02/07 14:34:11 [Node:2] getLogStartIndex index:5 last snapshot index:0
2026/02/07 14:34:11 [Node:2] getNextIndex len:6 last snapshot index:0
2026/02/07 14:34:11 [Node:0] getLogStartIndex index:2 last snapshot index:0
2026/02/07 14:34:11 [14:34:11.171] [Node:2] [LOG_REPLICA] [Trace:LOG_2_4][2->1] 发送日志or心跳到 Node:1 开始 args:{4 2 5 4 [] 5 LOG_2_4 2 {0 0 map[] map[]}}
2026/02/07 14:34:11 [Node:0] nextIndex:[2 2 3]
2026/02/07 14:34:11 [14:34:11.171] [Node:0] [LOG_REPLICA] [Trace:LOG_0_3][0->1] 发送日志or心跳到 Node:1 开始 args:{3 0 1 2 [{103 3 false 2}] 2 LOG_0_3 0 {0 0 map[] map[]}}
2026/02/07 14:34:11 [Node:0] getLogStartIndex index:2 last snapshot index:0
2026/02/07 14:34:11 [Node:0] getNextIndex len:3 last snapshot index:0
2026/02/07 14:34:11 [14:34:11.171] [Node:0] [LOG_REPLICA] [Trace:LOG_0_3][0->2] 发送日志or心跳到 Node:2 开始 args:{3 0 2 3 [] 2 LOG_0_3 0 {0 0 map[] map[]}}
2026/02/07 14:34:11 [14:34:11.171] [Node:1] [HEARTBEAT] [Trace:LOG_2_4][2->1] AppendEntries 收到 term:4 leaderId:2 prevLogIndex:5 prevLogTerm:4 entries:0 leaderCommit:5 isHeartbeat:true currentTerm:4 status:FOLLOWER log:[]
2026/02/07 14:34:11 [Node:1] getNextIndex len:7 last snapshot index:0
2026/02/07 14:34:11 [14:34:11.171] [Node:1] [HEARTBEAT] [Trace:LOG_2_4][2->1] 打印日志结果:[{<nil> 0 false 0} {101 2 false 1} {101 2 false 1} {103 3 false 2} {104 4 false 3} {104 4 false 4} {104 4 false 5}] 
2026/02/07 14:34:11 [Node:1] getLogStartIndex index:5 last snapshot index:0
2026/02/07 14:34:11 [14:34:11.172] [Node:1] [HEARTBEAT] [Trace:LOG_2_4][2->1] 复制日志结果:[{<nil> 0 false 0} {101 2 false 1} {101 2 false 1} {103 3 false 2} {104 4 false 3} {104 4 false 4} {104 4 false 5}] 
2026/02/07 14:34:11 [14:34:11.172] [Node:2] [LOG_REPLICA] [Trace:LOG_2_4][2->1] 心跳返回 from peer:1 term:4 success:true
2026/02/07 14:34:11 rfats [0xc00010c000 0xc00010c100 0xc00010c200]
2026/02/07 14:34:11 i 0 cmd1 <nil>, ok false
2026/02/07 14:34:11 i 1 cmd1 <nil>, ok false
2026/02/07 14:34:11 i 2 cmd1 104, ok true
2026/02/07 14:34:11 nd 1, cmd1 104 cmd 104
2026/02/07 14:34:11 rfats [0xc00010c000 0xc00010c100 0xc00010c200]
2026/02/07 14:34:11 i 0 cmd1 <nil>, ok false
2026/02/07 14:34:11 i 1 cmd1 <nil>, ok false
2026/02/07 14:34:11 i 2 cmd1 104, ok true
2026/02/07 14:34:11 nd 1, cmd1 104 cmd 104
2026/02/07 14:34:11 [14:34:11.222] [Node:2] [HEARTBEAT] [Trace:HB_2_4] 开始发送心跳广播 status LEADER term:4 commitIndex:5
2026/02/07 14:34:11 [14:34:11.222] [Node:1] [HEARTBEAT] [Trace:HB_1_4] Follower等心跳 status FOLLOWER term:4 commitIndex:5
2026/02/07 14:34:11 [Node:2] nextIndex:[3 6 3]
2026/02/07 14:34:11 [Node:2] getLogStartIndex index:5 last snapshot index:0
2026/02/07 14:34:11 [Node:2] getNextIndex len:6 last snapshot index:0
2026/02/07 14:34:11 [14:34:11.222] [Node:2] [LOG_REPLICA] [Trace:LOG_2_4][2->1] 发送日志or心跳到 Node:1 开始 args:{4 2 5 4 [] 5 LOG_2_4 2 {0 0 map[] map[]}}
2026/02/07 14:34:11 [Node:2] nextIndex:[3 6 3]
2026/02/07 14:34:11 [Node:2] getLogStartIndex index:2 last snapshot index:0
2026/02/07 14:34:11 [Node:2] getNextIndex len:6 last snapshot index:0
2026/02/07 14:34:11 [14:34:11.222] [Node:0] [HEARTBEAT] [Trace:HB_0_3] 开始发送心跳广播 status LEADER term:3 commitIndex:2
2026/02/07 14:34:11 [Node:2] getLogStartIndex index:3 last snapshot index:0
2026/02/07 14:34:11 [Node:0] nextIndex:[2 2 3]
2026/02/07 14:34:11 [Node:0] getLogStartIndex index:1 last snapshot index:0
2026/02/07 14:34:11 [14:34:11.222] [Node:2] [LOG_REPLICA] [Trace:LOG_2_4][2->0] 发送日志or心跳到 Node:0 开始 args:{4 2 2 3 [{104 4 false 3} {104 4 false 4} {104 4 false 5}] 5 LOG_2_4 2 {0 0 map[] map[]}}
2026/02/07 14:34:11 [Node:0] getNextIndex len:3 last snapshot index:0
2026/02/07 14:34:11 [Node:0] getLogStartIndex index:2 last snapshot index:0
2026/02/07 14:34:11 [Node:0] nextIndex:[2 2 3]
2026/02/07 14:34:11 [14:34:11.222] [Node:0] [LOG_REPLICA] [Trace:LOG_0_3][0->1] 发送日志or心跳到 Node:1 开始 args:{3 0 1 2 [{103 3 false 2}] 2 LOG_0_3 0 {0 0 map[] map[]}}
2026/02/07 14:34:11 [Node:0] getLogStartIndex index:2 last snapshot index:0
2026/02/07 14:34:11 [Node:0] getNextIndex len:3 last snapshot index:0
2026/02/07 14:34:11 [14:34:11.222] [Node:0] [LOG_REPLICA] [Trace:LOG_0_3][0->2] 发送日志or心跳到 Node:2 开始 args:{3 0 2 3 [] 2 LOG_0_3 0 {0 0 map[] map[]}}
2026/02/07 14:34:11 [14:34:11.222] [Node:1] [HEARTBEAT] [Trace:LOG_2_4][2->1] AppendEntries 收到 term:4 leaderId:2 prevLogIndex:5 prevLogTerm:4 entries:0 leaderCommit:5 isHeartbeat:true currentTerm:4 status:FOLLOWER log:[]
2026/02/07 14:34:11 [Node:1] getNextIndex len:7 last snapshot index:0
2026/02/07 14:34:11 [14:34:11.222] [Node:1] [HEARTBEAT] [Trace:LOG_2_4][2->1] 打印日志结果:[{<nil> 0 false 0} {101 2 false 1} {101 2 false 1} {103 3 false 2} {104 4 false 3} {104 4 false 4} {104 4 false 5}] 
2026/02/07 14:34:11 [Node:1] getLogStartIndex index:5 last snapshot index:0
2026/02/07 14:34:11 [14:34:11.222] [Node:1] [HEARTBEAT] [Trace:LOG_2_4][2->1] 复制日志结果:[{<nil> 0 false 0} {101 2 false 1} {101 2 false 1} {103 3 false 2} {104 4 false 3} {104 4 false 4} {104 4 false 5}] 
2026/02/07 14:34:11 [14:34:11.223] [Node:2] [LOG_REPLICA] [Trace:LOG_2_4][2->1] 心跳返回 from peer:1 term:4 success:true
2026/02/07 14:34:11 rfats [0xc00010c000 0xc00010c100 0xc00010c200]
2026/02/07 14:34:11 i 0 cmd1 <nil>, ok false
2026/02/07 14:34:11 i 1 cmd1 <nil>, ok false
2026/02/07 14:34:11 i 2 cmd1 104, ok true
2026/02/07 14:34:11 nd 1, cmd1 104 cmd 104
2026/02/07 14:34:11 rfats [0xc00010c000 0xc00010c100 0xc00010c200]
2026/02/07 14:34:11 i 0 cmd1 <nil>, ok false
2026/02/07 14:34:11 i 1 cmd1 <nil>, ok false
2026/02/07 14:34:11 i 2 cmd1 104, ok true
2026/02/07 14:34:11 nd 1, cmd1 104 cmd 104
2026/02/07 14:34:11 [14:34:11.272] [Node:0] [HEARTBEAT] [Trace:HB_0_3] 开始发送心跳广播 status LEADER term:3 commitIndex:2
2026/02/07 14:34:11 [14:34:11.272] [Node:2] [HEARTBEAT] [Trace:HB_2_4] 开始发送心跳广播 status LEADER term:4 commitIndex:5
2026/02/07 14:34:11 [14:34:11.272] [Node:1] [HEARTBEAT] [Trace:HB_1_4] Follower等心跳 status FOLLOWER term:4 commitIndex:5
2026/02/07 14:34:11 [Node:0] nextIndex:[2 2 3]
2026/02/07 14:34:11 [Node:0] getLogStartIndex index:1 last snapshot index:0
2026/02/07 14:34:11 [Node:2] nextIndex:[3 6 3]
2026/02/07 14:34:11 [Node:2] getLogStartIndex index:2 last snapshot index:0
2026/02/07 14:34:11 [Node:0] getNextIndex len:3 last snapshot index:0
2026/02/07 14:34:11 [Node:0] getLogStartIndex index:2 last snapshot index:0
2026/02/07 14:34:11 [Node:2] getNextIndex len:6 last snapshot index:0
2026/02/07 14:34:11 [14:34:11.273] [Node:0] [LOG_REPLICA] [Trace:LOG_0_3][0->1] 发送日志or心跳到 Node:1 开始 args:{3 0 1 2 [{103 3 false 2}] 2 LOG_0_3 0 {0 0 map[] map[]}}
2026/02/07 14:34:11 [Node:0] nextIndex:[2 2 3]
2026/02/07 14:34:11 [Node:0] getLogStartIndex index:2 last snapshot index:0
2026/02/07 14:34:11 [Node:0] getNextIndex len:3 last snapshot index:0
2026/02/07 14:34:11 [Node:2] getLogStartIndex index:3 last snapshot index:0
2026/02/07 14:34:11 [14:34:11.273] [Node:0] [LOG_REPLICA] [Trace:LOG_0_3][0->2] 发送日志or心跳到 Node:2 开始 args:{3 0 2 3 [] 2 LOG_0_3 0 {0 0 map[] map[]}}
2026/02/07 14:34:11 [Node:2] nextIndex:[3 6 3]
2026/02/07 14:34:11 [Node:2] getLogStartIndex index:5 last snapshot index:0
2026/02/07 14:34:11 [Node:2] getNextIndex len:6 last snapshot index:0
2026/02/07 14:34:11 [14:34:11.273] [Node:2] [LOG_REPLICA] [Trace:LOG_2_4][2->0] 发送日志or心跳到 Node:0 开始 args:{4 2 2 3 [{104 4 false 3} {104 4 false 4} {104 4 false 5}] 5 LOG_2_4 2 {0 0 map[] map[]}}
2026/02/07 14:34:11 [14:34:11.273] [Node:2] [LOG_REPLICA] [Trace:LOG_2_4][2->1] 发送日志or心跳到 Node:1 开始 args:{4 2 5 4 [] 5 LOG_2_4 2 {0 0 map[] map[]}}
2026/02/07 14:34:11 [14:34:11.273] [Node:1] [HEARTBEAT] [Trace:LOG_2_4][2->1] AppendEntries 收到 term:4 leaderId:2 prevLogIndex:5 prevLogTerm:4 entries:0 leaderCommit:5 isHeartbeat:true currentTerm:4 status:FOLLOWER log:[]
2026/02/07 14:34:11 [Node:1] getNextIndex len:7 last snapshot index:0
2026/02/07 14:34:11 [14:34:11.273] [Node:1] [HEARTBEAT] [Trace:LOG_2_4][2->1] 打印日志结果:[{<nil> 0 false 0} {101 2 false 1} {101 2 false 1} {103 3 false 2} {104 4 false 3} {104 4 false 4} {104 4 false 5}] 
2026/02/07 14:34:11 [Node:1] getLogStartIndex index:5 last snapshot index:0
2026/02/07 14:34:11 [14:34:11.274] [Node:1] [HEARTBEAT] [Trace:LOG_2_4][2->1] 复制日志结果:[{<nil> 0 false 0} {101 2 false 1} {101 2 false 1} {103 3 false 2} {104 4 false 3} {104 4 false 4} {104 4 false 5}] 
2026/02/07 14:34:11 [14:34:11.274] [Node:2] [LOG_REPLICA] [Trace:LOG_2_4][2->1] 心跳返回 from peer:1 term:4 success:true
2026/02/07 14:34:11 rfats [0xc00010c000 0xc00010c100 0xc00010c200]
2026/02/07 14:34:11 i 0 cmd1 <nil>, ok false
2026/02/07 14:34:11 i 1 cmd1 <nil>, ok false
2026/02/07 14:34:11 i 2 cmd1 104, ok true
2026/02/07 14:34:11 nd 1, cmd1 104 cmd 104
2026/02/07 14:34:11 [14:34:11.296] [Node:1] [RPC_RECV] [Trace:CLIENT_1_1770446051296485000] 接收到日志命令:104 isLeader:false term:4
2026/02/07 14:34:11 [14:34:11.296] [Node:2] [RPC_RECV] [Trace:CLIENT_2_1770446051296577000] 接收到日志命令:104 isLeader:true term:4
2026/02/07 14:34:11 [Node:2] getNextIndex len:6 last snapshot index:0
2026/02/07 14:34:11 返回的索引 6
2026/02/07 14:34:11 到这里了
2026/02/07 14:34:11 time.Since(t1).Seconds()
2026/02/07 14:34:11 rfats [0xc00010c000 0xc00010c100 0xc00010c200]
2026/02/07 14:34:11 i 0 cmd1 <nil>, ok false
2026/02/07 14:34:11 i 1 cmd1 <nil>, ok false
2026/02/07 14:34:11 i 2 cmd1 <nil>, ok false
2026/02/07 14:34:11 nd 0, cmd1 <nil> cmd 104
2026/02/07 14:34:11 rfats [0xc00010c000 0xc00010c100 0xc00010c200]
2026/02/07 14:34:11 i 0 cmd1 <nil>, ok false
2026/02/07 14:34:11 i 1 cmd1 <nil>, ok false
2026/02/07 14:34:11 i 2 cmd1 <nil>, ok false
2026/02/07 14:34:11 nd 0, cmd1 <nil> cmd 104
2026/02/07 14:34:11 [14:34:11.323] [Node:1] [HEARTBEAT] [Trace:HB_1_4] Follower等心跳 status FOLLOWER term:4 commitIndex:5
2026/02/07 14:34:11 [14:34:11.323] [Node:0] [HEARTBEAT] [Trace:HB_0_3] 开始发送心跳广播 status LEADER term:3 commitIndex:2
2026/02/07 14:34:11 [Node:0] nextIndex:[2 2 3]
2026/02/07 14:34:11 [14:34:11.323] [Node:2] [HEARTBEAT] [Trace:HB_2_4] 开始发送心跳广播 status LEADER term:4 commitIndex:5
2026/02/07 14:34:11 [Node:0] getLogStartIndex index:2 last snapshot index:0
2026/02/07 14:34:11 [Node:0] getNextIndex len:3 last snapshot index:0
2026/02/07 14:34:11 [Node:0] nextIndex:[2 2 3]
2026/02/07 14:34:11 [Node:0] getLogStartIndex index:1 last snapshot index:0
2026/02/07 14:34:11 [Node:0] getNextIndex len:3 last snapshot index:0
2026/02/07 14:34:11 [Node:0] getLogStartIndex index:2 last snapshot index:0
2026/02/07 14:34:11 [Node:2] nextIndex:[3 6 3]
2026/02/07 14:34:11 [14:34:11.323] [Node:0] [LOG_REPLICA] [Trace:LOG_0_3][0->2] 发送日志or心跳到 Node:2 开始 args:{3 0 2 3 [] 2 LOG_0_3 0 {0 0 map[] map[]}}
2026/02/07 14:34:11 [14:34:11.323] [Node:0] [LOG_REPLICA] [Trace:LOG_0_3][0->1] 发送日志or心跳到 Node:1 开始 args:{3 0 1 2 [{103 3 false 2}] 2 LOG_0_3 0 {0 0 map[] map[]}}
2026/02/07 14:34:11 [Node:2] getLogStartIndex index:2 last snapshot index:0
2026/02/07 14:34:11 [Node:2] getNextIndex len:7 last snapshot index:0
2026/02/07 14:34:11 [Node:2] getLogStartIndex index:3 last snapshot index:0
2026/02/07 14:34:11 [Node:2] nextIndex:[3 6 3]
2026/02/07 14:34:11 [Node:2] getLogStartIndex index:5 last snapshot index:0
2026/02/07 14:34:11 [14:34:11.324] [Node:2] [LOG_REPLICA] [Trace:LOG_2_4][2->0] 发送日志or心跳到 Node:0 开始 args:{4 2 2 3 [{104 4 false 3} {104 4 false 4} {104 4 false 5} {104 4 false 6}] 5 LOG_2_4 2 {0 0 map[] map[]}}
2026/02/07 14:34:11 [Node:2] getNextIndex len:7 last snapshot index:0
2026/02/07 14:34:11 [Node:2] getLogStartIndex index:6 last snapshot index:0
2026/02/07 14:34:11 [14:34:11.324] [Node:2] [LOG_REPLICA] [Trace:LOG_2_4][2->1] 发送日志or心跳到 Node:1 开始 args:{4 2 5 4 [{104 4 false 6}] 5 LOG_2_4 2 {0 0 map[] map[]}}
2026/02/07 14:34:11 [14:34:11.324] [Node:1] [LOG_REPLICA] [Trace:LOG_2_4][2->1] AppendEntries 收到 term:4 leaderId:2 prevLogIndex:5 prevLogTerm:4 entries:1 leaderCommit:5 isHeartbeat:false currentTerm:4 status:FOLLOWER log:[{104 4 false 6}]
2026/02/07 14:34:11 [Node:1] getNextIndex len:7 last snapshot index:0
2026/02/07 14:34:11 [14:34:11.324] [Node:1] [LOG_REPLICA] [Trace:LOG_2_4][2->1] 打印日志结果:[{<nil> 0 false 0} {101 2 false 1} {101 2 false 1} {103 3 false 2} {104 4 false 3} {104 4 false 4} {104 4 false 5}] 
2026/02/07 14:34:11 [Node:1] getLogStartIndex index:5 last snapshot index:0
2026/02/07 14:34:11 [Node:1] getNextIndex len:7 last snapshot index:0
2026/02/07 14:34:11 [14:34:11.324] [Node:1] [LOG_REPLICA] [Trace:LOG_2_4][2->1] entry.Index:6 rf.getNextIndex():7
2026/02/07 14:34:11 [Node:1] getNextIndex len:7 last snapshot index:0
2026/02/07 14:34:11 [Node:1] getLogStartIndex index:6 last snapshot index:0
2026/02/07 14:34:11 [14:34:11.324] [Node:1] [LOG_REPLICA] [Trace:LOG_2_4][2->1] startIndex:6 rf.log[startIndex].Term:4 entry.Term:4
2026/02/07 14:34:11 [14:34:11.324] [Node:1] [LOG_REPLICA] [Trace:LOG_2_4][2->1] args logEntrys:[{104 4 false 6}]
2026/02/07 14:34:11 [14:34:11.325] [Node:1] [LOG_REPLICA] [Trace:LOG_2_4][2->1] 复制日志结果:[{<nil> 0 false 0} {101 2 false 1} {101 2 false 1} {103 3 false 2} {104 4 false 3} {104 4 false 4} {104 4 false 5} {104 4 false 6}] 
2026/02/07 14:34:11 [14:34:11.325] [Node:2] [LOG_REPLICA] [Trace:LOG_2_4][2->1] 心跳返回 from peer:1 term:4 success:true
2026/02/07 14:34:11 [14:34:11.325] [Node:2] [LOG_REPLICA] [Trace:LOG_2_4][2->1] 日志复制返回成功 from peer:1 term:4 agreeCount:2 log [{104 4 false 6}]
2026/02/07 14:34:11 [14:34:11.325] [Node:2] [LOG_REPLICA] [Trace:LOG_2_4][2->1] 更新后 server:1 matchIndex:6 nextIndex:7
2026/02/07 14:34:11 [Node:2] getNextIndex len:7 last snapshot index:0
2026/02/07 14:34:11 [Node:2] getLogStartIndex index:6 last snapshot index:0
2026/02/07 14:34:11 [14:34:11.325] [Node:2] [LOG_COMMIT] [Trace:LOG_2_4] 日志复制返回成功 多数同意，提交日志给KV服务器 index:6 term:4 majorityCount:2
2026/02/07 14:34:11 [Node:2] getLogStartIndex index:6 last snapshot index:0
2026/02/07 14:34:11 [Node:2] getLogStartIndex index:7 last snapshot index:0
2026/02/07 14:34:11 [14:34:11.325] [Node:2] [LOG_COMMIT] [Trace:APPLY_2_6] Applying logs count:1 log:[{104 4 false 6}] lastApplied:6
2026/02/07 14:34:11 rfats [0xc00010c000 0xc00010c100 0xc00010c200]
2026/02/07 14:34:11 i 0 cmd1 <nil>, ok false
2026/02/07 14:34:11 i 1 cmd1 <nil>, ok false
2026/02/07 14:34:11 i 2 cmd1 104, ok true
2026/02/07 14:34:11 nd 1, cmd1 104 cmd 104
2026/02/07 14:34:11 rfats [0xc00010c000 0xc00010c100 0xc00010c200]
2026/02/07 14:34:11 i 0 cmd1 <nil>, ok false
2026/02/07 14:34:11 i 1 cmd1 <nil>, ok false
2026/02/07 14:34:11 i 2 cmd1 104, ok true
2026/02/07 14:34:11 nd 1, cmd1 104 cmd 104
2026/02/07 14:34:11 [14:34:11.374] [Node:1] [HEARTBEAT] [Trace:HB_1_4] Follower等心跳 status FOLLOWER term:4 commitIndex:5
2026/02/07 14:34:11 [14:34:11.374] [Node:2] [HEARTBEAT] [Trace:HB_2_4] 开始发送心跳广播 status LEADER term:4 commitIndex:6
2026/02/07 14:34:11 [14:34:11.374] [Node:0] [HEARTBEAT] [Trace:HB_0_3] 开始发送心跳广播 status LEADER term:3 commitIndex:2
2026/02/07 14:34:11 [Node:0] nextIndex:[2 2 3]
2026/02/07 14:34:11 [Node:0] getLogStartIndex index:1 last snapshot index:0
2026/02/07 14:34:11 [Node:0] getNextIndex len:3 last snapshot index:0
2026/02/07 14:34:11 [Node:2] nextIndex:[3 7 3]
2026/02/07 14:34:11 [Node:2] getLogStartIndex index:6 last snapshot index:0
2026/02/07 14:34:11 [Node:2] getNextIndex len:7 last snapshot index:0
2026/02/07 14:34:11 [Node:0] getLogStartIndex index:2 last snapshot index:0
2026/02/07 14:34:11 [Node:2] nextIndex:[3 7 3]
2026/02/07 14:34:11 [Node:2] getLogStartIndex index:2 last snapshot index:0
2026/02/07 14:34:11 [Node:2] getNextIndex len:7 last snapshot index:0
2026/02/07 14:34:11 [Node:2] getLogStartIndex index:3 last snapshot index:0
2026/02/07 14:34:11 [Node:0] nextIndex:[2 2 3]
2026/02/07 14:34:11 [Node:0] getLogStartIndex index:2 last snapshot index:0
2026/02/07 14:34:11 [14:34:11.374] [Node:2] [LOG_REPLICA] [Trace:LOG_2_4][2->1] 发送日志or心跳到 Node:1 开始 args:{4 2 6 4 [] 6 LOG_2_4 2 {0 0 map[] map[]}}
2026/02/07 14:34:11 [14:34:11.374] [Node:0] [LOG_REPLICA] [Trace:LOG_0_3][0->1] 发送日志or心跳到 Node:1 开始 args:{3 0 1 2 [{103 3 false 2}] 2 LOG_0_3 0 {0 0 map[] map[]}}
2026/02/07 14:34:11 [Node:0] getNextIndex len:3 last snapshot index:0
2026/02/07 14:34:11 [14:34:11.374] [Node:2] [LOG_REPLICA] [Trace:LOG_2_4][2->0] 发送日志or心跳到 Node:0 开始 args:{4 2 2 3 [{104 4 false 3} {104 4 false 4} {104 4 false 5} {104 4 false 6}] 6 LOG_2_4 2 {0 0 map[] map[]}}
2026/02/07 14:34:11 [14:34:11.374] [Node:0] [LOG_REPLICA] [Trace:LOG_0_3][0->2] 发送日志or心跳到 Node:2 开始 args:{3 0 2 3 [] 2 LOG_0_3 0 {0 0 map[] map[]}}
2026/02/07 14:34:11 [14:34:11.375] [Node:1] [HEARTBEAT] [Trace:LOG_2_4][2->1] AppendEntries 收到 term:4 leaderId:2 prevLogIndex:6 prevLogTerm:4 entries:0 leaderCommit:6 isHeartbeat:true currentTerm:4 status:FOLLOWER log:[]
2026/02/07 14:34:11 [Node:1] getNextIndex len:8 last snapshot index:0
2026/02/07 14:34:11 [14:34:11.375] [Node:1] [HEARTBEAT] [Trace:LOG_2_4][2->1] 打印日志结果:[{<nil> 0 false 0} {101 2 false 1} {101 2 false 1} {103 3 false 2} {104 4 false 3} {104 4 false 4} {104 4 false 5} {104 4 false 6}] 
2026/02/07 14:34:11 [Node:1] getLogStartIndex index:6 last snapshot index:0
2026/02/07 14:34:11 [14:34:11.375] [Node:1] [HEARTBEAT] [Trace:LOG_2_4][2->1] 复制日志结果:[{<nil> 0 false 0} {101 2 false 1} {101 2 false 1} {103 3 false 2} {104 4 false 3} {104 4 false 4} {104 4 false 5} {104 4 false 6}] 
2026/02/07 14:34:11 [Node:1] getNextIndex len:8 last snapshot index:0
2026/02/07 14:34:11 [14:34:11.375] [Node:1] [LOG_COMMIT] [Trace:LOG_2_4][2->1] 收到LogEntry，并且Leader已经提交， 本地log 5->6 leaderCommit:6 lastApplied:4
2026/02/07 14:34:11 [Node:1] getLogStartIndex index:5 last snapshot index:0
2026/02/07 14:34:11 [Node:1] getLogStartIndex index:7 last snapshot index:0
2026/02/07 14:34:11 [14:34:11.375] [Node:1] [LOG_COMMIT] [Trace:APPLY_1_5] Applying logs count:2 log:[{104 4 false 4} {104 4 false 5}] lastApplied:5
2026/02/07 14:34:11 [14:34:11.375] [Node:2] [LOG_REPLICA] [Trace:LOG_2_4][2->1] 心跳返回 from peer:1 term:4 success:true
2026/02/07 14:34:11 rfats [0xc00010c000 0xc00010c100 0xc00010c200]
2026/02/07 14:34:11 i 0 cmd1 <nil>, ok false
2026/02/07 14:34:11 i 1 cmd1 <nil>, ok false
2026/02/07 14:34:11 i 2 cmd1 104, ok true
2026/02/07 14:34:11 nd 1, cmd1 104 cmd 104
2026/02/07 14:34:11 rfats [0xc00010c000 0xc00010c100 0xc00010c200]
2026/02/07 14:34:11 i 0 cmd1 <nil>, ok false
2026/02/07 14:34:11 i 1 cmd1 <nil>, ok false
2026/02/07 14:34:11 i 2 cmd1 104, ok true
2026/02/07 14:34:11 nd 1, cmd1 104 cmd 104
2026/02/07 14:34:11 rfats [0xc00010c000 0xc00010c100 0xc00010c200]
2026/02/07 14:34:11 i 0 cmd1 <nil>, ok false
2026/02/07 14:34:11 i 1 cmd1 <nil>, ok false
2026/02/07 14:34:11 i 2 cmd1 104, ok true
2026/02/07 14:34:11 nd 1, cmd1 104 cmd 104
2026/02/07 14:34:11 [14:34:11.424] [Node:0] [HEARTBEAT] [Trace:HB_0_3] 开始发送心跳广播 status LEADER term:3 commitIndex:2
2026/02/07 14:34:11 [14:34:11.424] [Node:1] [HEARTBEAT] [Trace:HB_1_4] Follower等心跳 status FOLLOWER term:4 commitIndex:6
2026/02/07 14:34:11 [Node:0] nextIndex:[2 2 3]
2026/02/07 14:34:11 [Node:0] getLogStartIndex index:2 last snapshot index:0
2026/02/07 14:34:11 [Node:0] getNextIndex len:3 last snapshot index:0
2026/02/07 14:34:11 [14:34:11.424] [Node:2] [HEARTBEAT] [Trace:HB_2_4] 开始发送心跳广播 status LEADER term:4 commitIndex:6
2026/02/07 14:34:11 [Node:0] nextIndex:[2 2 3]
2026/02/07 14:34:11 [Node:2] nextIndex:[3 7 3]
2026/02/07 14:34:11 [Node:0] getLogStartIndex index:1 last snapshot index:0
2026/02/07 14:34:11 [Node:0] getNextIndex len:3 last snapshot index:0
2026/02/07 14:34:11 [14:34:11.424] [Node:0] [LOG_REPLICA] [Trace:LOG_0_3][0->2] 发送日志or心跳到 Node:2 开始 args:{3 0 2 3 [] 2 LOG_0_3 0 {0 0 map[] map[]}}
2026/02/07 14:34:11 [Node:2] getLogStartIndex index:6 last snapshot index:0
2026/02/07 14:34:11 [Node:0] getLogStartIndex index:2 last snapshot index:0
2026/02/07 14:34:11 [Node:2] getNextIndex len:7 last snapshot index:0
2026/02/07 14:34:11 [14:34:11.424] [Node:0] [LOG_REPLICA] [Trace:LOG_0_3][0->1] 发送日志or心跳到 Node:1 开始 args:{3 0 1 2 [{103 3 false 2}] 2 LOG_0_3 0 {0 0 map[] map[]}}
2026/02/07 14:34:11 [Node:2] nextIndex:[3 7 3]
2026/02/07 14:34:11 [14:34:11.424] [Node:2] [LOG_REPLICA] [Trace:LOG_2_4][2->1] 发送日志or心跳到 Node:1 开始 args:{4 2 6 4 [] 6 LOG_2_4 2 {0 0 map[] map[]}}
2026/02/07 14:34:11 [Node:2] getLogStartIndex index:2 last snapshot index:0
2026/02/07 14:34:11 [Node:2] getNextIndex len:7 last snapshot index:0
2026/02/07 14:34:11 [Node:2] getLogStartIndex index:3 last snapshot index:0
2026/02/07 14:34:11 [14:34:11.424] [Node:2] [LOG_REPLICA] [Trace:LOG_2_4][2->0] 发送日志or心跳到 Node:0 开始 args:{4 2 2 3 [{104 4 false 3} {104 4 false 4} {104 4 false 5} {104 4 false 6}] 6 LOG_2_4 2 {0 0 map[] map[]}}
2026/02/07 14:34:11 [14:34:11.425] [Node:1] [HEARTBEAT] [Trace:LOG_2_4][2->1] AppendEntries 收到 term:4 leaderId:2 prevLogIndex:6 prevLogTerm:4 entries:0 leaderCommit:6 isHeartbeat:true currentTerm:4 status:FOLLOWER log:[]
2026/02/07 14:34:11 [Node:1] getNextIndex len:8 last snapshot index:0
2026/02/07 14:34:11 [14:34:11.425] [Node:1] [HEARTBEAT] [Trace:LOG_2_4][2->1] 打印日志结果:[{<nil> 0 false 0} {101 2 false 1} {101 2 false 1} {103 3 false 2} {104 4 false 3} {104 4 false 4} {104 4 false 5} {104 4 false 6}] 
2026/02/07 14:34:11 [Node:1] getLogStartIndex index:6 last snapshot index:0
2026/02/07 14:34:11 [14:34:11.425] [Node:1] [HEARTBEAT] [Trace:LOG_2_4][2->1] 复制日志结果:[{<nil> 0 false 0} {101 2 false 1} {101 2 false 1} {103 3 false 2} {104 4 false 3} {104 4 false 4} {104 4 false 5} {104 4 false 6}] 
2026/02/07 14:34:11 [14:34:11.425] [Node:2] [LOG_REPLICA] [Trace:LOG_2_4][2->1] 心跳返回 from peer:1 term:4 success:true
2026/02/07 14:34:11 rfats [0xc00010c000 0xc00010c100 0xc00010c200]
2026/02/07 14:34:11 i 0 cmd1 <nil>, ok false
2026/02/07 14:34:11 i 1 cmd1 <nil>, ok false
2026/02/07 14:34:11 i 2 cmd1 104, ok true
2026/02/07 14:34:11 nd 1, cmd1 104 cmd 104
2026/02/07 14:34:11 rfats [0xc00010c000 0xc00010c100 0xc00010c200]
2026/02/07 14:34:11 i 0 cmd1 <nil>, ok false
2026/02/07 14:34:11 i 1 cmd1 <nil>, ok false
2026/02/07 14:34:11 i 2 cmd1 104, ok true
2026/02/07 14:34:11 nd 1, cmd1 104 cmd 104
2026/02/07 14:34:11 [14:34:11.474] [Node:0] [HEARTBEAT] [Trace:HB_0_3] 开始发送心跳广播 status LEADER term:3 commitIndex:2
2026/02/07 14:34:11 [14:34:11.474] [Node:1] [HEARTBEAT] [Trace:HB_1_4] Follower等心跳 status FOLLOWER term:4 commitIndex:6
2026/02/07 14:34:11 [14:34:11.474] [Node:2] [HEARTBEAT] [Trace:HB_2_4] 开始发送心跳广播 status LEADER term:4 commitIndex:6
2026/02/07 14:34:11 [Node:0] nextIndex:[2 2 3]
2026/02/07 14:34:11 [Node:0] getLogStartIndex index:2 last snapshot index:0
2026/02/07 14:34:11 [Node:0] getNextIndex len:3 last snapshot index:0
2026/02/07 14:34:11 [Node:2] nextIndex:[3 7 3]
2026/02/07 14:34:11 [Node:2] getLogStartIndex index:2 last snapshot index:0
2026/02/07 14:34:11 [14:34:11.474] [Node:0] [LOG_REPLICA] [Trace:LOG_0_3][0->2] 发送日志or心跳到 Node:2 开始 args:{3 0 2 3 [] 2 LOG_0_3 0 {0 0 map[] map[]}}
2026/02/07 14:34:11 [Node:2] getNextIndex len:7 last snapshot index:0
2026/02/07 14:34:11 [Node:0] nextIndex:[2 2 3]
2026/02/07 14:34:11 [Node:2] getLogStartIndex index:3 last snapshot index:0
2026/02/07 14:34:11 [Node:0] getLogStartIndex index:1 last snapshot index:0
2026/02/07 14:34:11 [Node:0] getNextIndex len:3 last snapshot index:0
2026/02/07 14:34:11 [Node:0] getLogStartIndex index:2 last snapshot index:0
2026/02/07 14:34:11 [Node:2] nextIndex:[3 7 3]
2026/02/07 14:34:11 [Node:2] getLogStartIndex index:6 last snapshot index:0
2026/02/07 14:34:11 [14:34:11.474] [Node:2] [LOG_REPLICA] [Trace:LOG_2_4][2->0] 发送日志or心跳到 Node:0 开始 args:{4 2 2 3 [{104 4 false 3} {104 4 false 4} {104 4 false 5} {104 4 false 6}] 6 LOG_2_4 2 {0 0 map[] map[]}}
2026/02/07 14:34:11 [Node:2] getNextIndex len:7 last snapshot index:0
2026/02/07 14:34:11 [14:34:11.474] [Node:0] [LOG_REPLICA] [Trace:LOG_0_3][0->1] 发送日志or心跳到 Node:1 开始 args:{3 0 1 2 [{103 3 false 2}] 2 LOG_0_3 0 {0 0 map[] map[]}}
2026/02/07 14:34:11 [14:34:11.474] [Node:2] [LOG_REPLICA] [Trace:LOG_2_4][2->1] 发送日志or心跳到 Node:1 开始 args:{4 2 6 4 [] 6 LOG_2_4 2 {0 0 map[] map[]}}
2026/02/07 14:34:11 [14:34:11.475] [Node:1] [HEARTBEAT] [Trace:LOG_2_4][2->1] AppendEntries 收到 term:4 leaderId:2 prevLogIndex:6 prevLogTerm:4 entries:0 leaderCommit:6 isHeartbeat:true currentTerm:4 status:FOLLOWER log:[]
2026/02/07 14:34:11 [Node:1] getNextIndex len:8 last snapshot index:0
2026/02/07 14:34:11 [14:34:11.475] [Node:1] [HEARTBEAT] [Trace:LOG_2_4][2->1] 打印日志结果:[{<nil> 0 false 0} {101 2 false 1} {101 2 false 1} {103 3 false 2} {104 4 false 3} {104 4 false 4} {104 4 false 5} {104 4 false 6}] 
2026/02/07 14:34:11 [Node:1] getLogStartIndex index:6 last snapshot index:0
2026/02/07 14:34:11 [14:34:11.475] [Node:1] [HEARTBEAT] [Trace:LOG_2_4][2->1] 复制日志结果:[{<nil> 0 false 0} {101 2 false 1} {101 2 false 1} {103 3 false 2} {104 4 false 3} {104 4 false 4} {104 4 false 5} {104 4 false 6}] 
2026/02/07 14:34:11 [14:34:11.475] [Node:2] [LOG_REPLICA] [Trace:LOG_2_4][2->1] 心跳返回 from peer:1 term:4 success:true
2026/02/07 14:34:11 rfats [0xc00010c000 0xc00010c100 0xc00010c200]
2026/02/07 14:34:11 i 0 cmd1 <nil>, ok false
2026/02/07 14:34:11 i 1 cmd1 <nil>, ok false
2026/02/07 14:34:11 i 2 cmd1 104, ok true
2026/02/07 14:34:11 nd 1, cmd1 104 cmd 104
2026/02/07 14:34:11 rfats [0xc00010c000 0xc00010c100 0xc00010c200]
2026/02/07 14:34:11 i 0 cmd1 <nil>, ok false
2026/02/07 14:34:11 i 1 cmd1 <nil>, ok false
2026/02/07 14:34:11 i 2 cmd1 104, ok true
2026/02/07 14:34:11 nd 1, cmd1 104 cmd 104
2026/02/07 14:34:11 rfats [0xc00010c000 0xc00010c100 0xc00010c200]
2026/02/07 14:34:11 i 0 cmd1 <nil>, ok false
2026/02/07 14:34:11 [14:34:11.525] [Node:2] [HEARTBEAT] [Trace:HB_2_4] 开始发送心跳广播 status LEADER term:4 commitIndex:6
2026/02/07 14:34:11 [14:34:11.525] [Node:1] [HEARTBEAT] [Trace:HB_1_4] Follower等心跳 status FOLLOWER term:4 commitIndex:6
2026/02/07 14:34:11 [14:34:11.525] [Node:0] [HEARTBEAT] [Trace:HB_0_3] 开始发送心跳广播 status LEADER term:3 commitIndex:2
2026/02/07 14:34:11 i 1 cmd1 <nil>, ok false
2026/02/07 14:34:11 [Node:2] nextIndex:[3 7 3]
2026/02/07 14:34:11 i 2 cmd1 104, ok true
2026/02/07 14:34:11 [Node:2] getLogStartIndex index:2 last snapshot index:0
2026/02/07 14:34:11 [Node:2] getNextIndex len:7 last snapshot index:0
2026/02/07 14:34:11 [Node:2] getLogStartIndex index:3 last snapshot index:0
2026/02/07 14:34:11 nd 1, cmd1 104 cmd 104
2026/02/07 14:34:11 [Node:0] nextIndex:[2 2 3]
2026/02/07 14:34:11 [Node:0] getLogStartIndex index:1 last snapshot index:0
2026/02/07 14:34:11 [Node:2] nextIndex:[3 7 3]
2026/02/07 14:34:11 [Node:2] getLogStartIndex index:6 last snapshot index:0
2026/02/07 14:34:11 [Node:2] getNextIndex len:7 last snapshot index:0
2026/02/07 14:34:11 [14:34:11.525] [Node:2] [LOG_REPLICA] [Trace:LOG_2_4][2->0] 发送日志or心跳到 Node:0 开始 args:{4 2 2 3 [{104 4 false 3} {104 4 false 4} {104 4 false 5} {104 4 false 6}] 6 LOG_2_4 2 {0 0 map[] map[]}}
2026/02/07 14:34:11 [14:34:11.526] [Node:2] [LOG_REPLICA] [Trace:LOG_2_4][2->1] 发送日志or心跳到 Node:1 开始 args:{4 2 6 4 [] 6 LOG_2_4 2 {0 0 map[] map[]}}
2026/02/07 14:34:11 [Node:0] getNextIndex len:3 last snapshot index:0
2026/02/07 14:34:11 [Node:0] getLogStartIndex index:2 last snapshot index:0
2026/02/07 14:34:11 [14:34:11.526] [Node:0] [LOG_REPLICA] [Trace:LOG_0_3][0->1] 发送日志or心跳到 Node:1 开始 args:{3 0 1 2 [{103 3 false 2}] 2 LOG_0_3 0 {0 0 map[] map[]}}
2026/02/07 14:34:11 [Node:0] nextIndex:[2 2 3]
2026/02/07 14:34:11 [Node:0] getLogStartIndex index:2 last snapshot index:0
2026/02/07 14:34:11 [Node:0] getNextIndex len:3 last snapshot index:0
2026/02/07 14:34:11 [14:34:11.526] [Node:0] [LOG_REPLICA] [Trace:LOG_0_3][0->2] 发送日志or心跳到 Node:2 开始 args:{3 0 2 3 [] 2 LOG_0_3 0 {0 0 map[] map[]}}
2026/02/07 14:34:11 [14:34:11.526] [Node:1] [HEARTBEAT] [Trace:LOG_2_4][2->1] AppendEntries 收到 term:4 leaderId:2 prevLogIndex:6 prevLogTerm:4 entries:0 leaderCommit:6 isHeartbeat:true currentTerm:4 status:FOLLOWER log:[]
2026/02/07 14:34:11 [Node:1] getNextIndex len:8 last snapshot index:0
2026/02/07 14:34:11 [14:34:11.526] [Node:1] [HEARTBEAT] [Trace:LOG_2_4][2->1] 打印日志结果:[{<nil> 0 false 0} {101 2 false 1} {101 2 false 1} {103 3 false 2} {104 4 false 3} {104 4 false 4} {104 4 false 5} {104 4 false 6}] 
2026/02/07 14:34:11 [Node:1] getLogStartIndex index:6 last snapshot index:0
2026/02/07 14:34:11 [14:34:11.526] [Node:1] [HEARTBEAT] [Trace:LOG_2_4][2->1] 复制日志结果:[{<nil> 0 false 0} {101 2 false 1} {101 2 false 1} {103 3 false 2} {104 4 false 3} {104 4 false 4} {104 4 false 5} {104 4 false 6}] 
2026/02/07 14:34:11 [14:34:11.526] [Node:2] [LOG_REPLICA] [Trace:LOG_2_4][2->1] 心跳返回 from peer:1 term:4 success:true
2026/02/07 14:34:11 rfats [0xc00010c000 0xc00010c100 0xc00010c200]
2026/02/07 14:34:11 i 0 cmd1 <nil>, ok false
2026/02/07 14:34:11 i 1 cmd1 <nil>, ok false
2026/02/07 14:34:11 i 2 cmd1 104, ok true
2026/02/07 14:34:11 nd 1, cmd1 104 cmd 104
2026/02/07 14:34:11 rfats [0xc00010c000 0xc00010c100 0xc00010c200]
2026/02/07 14:34:11 i 0 cmd1 <nil>, ok false
2026/02/07 14:34:11 i 1 cmd1 <nil>, ok false
2026/02/07 14:34:11 i 2 cmd1 104, ok true
2026/02/07 14:34:11 nd 1, cmd1 104 cmd 104
2026/02/07 14:34:11 [14:34:11.576] [Node:0] [HEARTBEAT] [Trace:HB_0_3] 开始发送心跳广播 status LEADER term:3 commitIndex:2
2026/02/07 14:34:11 [14:34:11.576] [Node:1] [HEARTBEAT] [Trace:HB_1_4] Follower等心跳 status FOLLOWER term:4 commitIndex:6
2026/02/07 14:34:11 [14:34:11.576] [Node:2] [HEARTBEAT] [Trace:HB_2_4] 开始发送心跳广播 status LEADER term:4 commitIndex:6
2026/02/07 14:34:11 [Node:0] nextIndex:[2 2 3]
2026/02/07 14:34:11 [Node:0] getLogStartIndex index:1 last snapshot index:0
2026/02/07 14:34:11 [Node:0] getNextIndex len:3 last snapshot index:0
2026/02/07 14:34:11 [Node:2] nextIndex:[3 7 3]
2026/02/07 14:34:11 [Node:0] getLogStartIndex index:2 last snapshot index:0
2026/02/07 14:34:11 [Node:2] getLogStartIndex index:6 last snapshot index:0
2026/02/07 14:34:11 [Node:2] getNextIndex len:7 last snapshot index:0
2026/02/07 14:34:11 [Node:0] nextIndex:[2 2 3]
2026/02/07 14:34:11 [Node:0] getLogStartIndex index:2 last snapshot index:0
2026/02/07 14:34:11 [Node:0] getNextIndex len:3 last snapshot index:0
2026/02/07 14:34:11 [Node:2] nextIndex:[3 7 3]
2026/02/07 14:34:11 [14:34:11.576] [Node:0] [LOG_REPLICA] [Trace:LOG_0_3][0->1] 发送日志or心跳到 Node:1 开始 args:{3 0 1 2 [{103 3 false 2}] 2 LOG_0_3 0 {0 0 map[] map[]}}
2026/02/07 14:34:11 [14:34:11.576] [Node:0] [LOG_REPLICA] [Trace:LOG_0_3][0->2] 发送日志or心跳到 Node:2 开始 args:{3 0 2 3 [] 2 LOG_0_3 0 {0 0 map[] map[]}}
2026/02/07 14:34:11 [14:34:11.576] [Node:2] [LOG_REPLICA] [Trace:LOG_2_4][2->1] 发送日志or心跳到 Node:1 开始 args:{4 2 6 4 [] 6 LOG_2_4 2 {0 0 map[] map[]}}
2026/02/07 14:34:11 [Node:2] getLogStartIndex index:2 last snapshot index:0
2026/02/07 14:34:11 [Node:2] getNextIndex len:7 last snapshot index:0
2026/02/07 14:34:11 [Node:2] getLogStartIndex index:3 last snapshot index:0
2026/02/07 14:34:11 [14:34:11.576] [Node:2] [LOG_REPLICA] [Trace:LOG_2_4][2->0] 发送日志or心跳到 Node:0 开始 args:{4 2 2 3 [{104 4 false 3} {104 4 false 4} {104 4 false 5} {104 4 false 6}] 6 LOG_2_4 2 {0 0 map[] map[]}}
2026/02/07 14:34:11 [14:34:11.577] [Node:1] [HEARTBEAT] [Trace:LOG_2_4][2->1] AppendEntries 收到 term:4 leaderId:2 prevLogIndex:6 prevLogTerm:4 entries:0 leaderCommit:6 isHeartbeat:true currentTerm:4 status:FOLLOWER log:[]
2026/02/07 14:34:11 [Node:1] getNextIndex len:8 last snapshot index:0
2026/02/07 14:34:11 [14:34:11.577] [Node:1] [HEARTBEAT] [Trace:LOG_2_4][2->1] 打印日志结果:[{<nil> 0 false 0} {101 2 false 1} {101 2 false 1} {103 3 false 2} {104 4 false 3} {104 4 false 4} {104 4 false 5} {104 4 false 6}] 
2026/02/07 14:34:11 [Node:1] getLogStartIndex index:6 last snapshot index:0
2026/02/07 14:34:11 [14:34:11.577] [Node:1] [HEARTBEAT] [Trace:LOG_2_4][2->1] 复制日志结果:[{<nil> 0 false 0} {101 2 false 1} {101 2 false 1} {103 3 false 2} {104 4 false 3} {104 4 false 4} {104 4 false 5} {104 4 false 6}] 
2026/02/07 14:34:11 [14:34:11.577] [Node:2] [LOG_REPLICA] [Trace:LOG_2_4][2->1] 心跳返回 from peer:1 term:4 success:true
2026/02/07 14:34:11 rfats [0xc00010c000 0xc00010c100 0xc00010c200]
2026/02/07 14:34:11 i 0 cmd1 <nil>, ok false
2026/02/07 14:34:11 i 1 cmd1 <nil>, ok false
2026/02/07 14:34:11 i 2 cmd1 104, ok true
2026/02/07 14:34:11 nd 1, cmd1 104 cmd 104
2026/02/07 14:34:11 rfats [0xc00010c000 0xc00010c100 0xc00010c200]
2026/02/07 14:34:11 i 0 cmd1 <nil>, ok false
2026/02/07 14:34:11 i 1 cmd1 <nil>, ok false
2026/02/07 14:34:11 i 2 cmd1 104, ok true
2026/02/07 14:34:11 nd 1, cmd1 104 cmd 104
2026/02/07 14:34:11 [14:34:11.627] [Node:0] [HEARTBEAT] [Trace:HB_0_3] 开始发送心跳广播 status LEADER term:3 commitIndex:2
2026/02/07 14:34:11 [14:34:11.627] [Node:2] [HEARTBEAT] [Trace:HB_2_4] 开始发送心跳广播 status LEADER term:4 commitIndex:6
2026/02/07 14:34:11 [14:34:11.627] [Node:1] [HEARTBEAT] [Trace:HB_1_4] Follower等心跳 status FOLLOWER term:4 commitIndex:6
2026/02/07 14:34:11 [Node:0] nextIndex:[2 2 3]
2026/02/07 14:34:11 [Node:2] nextIndex:[3 7 3]
2026/02/07 14:34:11 [Node:2] getLogStartIndex index:6 last snapshot index:0
2026/02/07 14:34:11 [Node:0] getLogStartIndex index:2 last snapshot index:0
2026/02/07 14:34:11 [Node:2] getNextIndex len:7 last snapshot index:0
2026/02/07 14:34:11 [Node:0] getNextIndex len:3 last snapshot index:0
2026/02/07 14:34:11 [Node:0] nextIndex:[2 2 3]
2026/02/07 14:34:11 [Node:2] nextIndex:[3 7 3]
2026/02/07 14:34:11 [14:34:11.627] [Node:2] [LOG_REPLICA] [Trace:LOG_2_4][2->1] 发送日志or心跳到 Node:1 开始 args:{4 2 6 4 [] 6 LOG_2_4 2 {0 0 map[] map[]}}
2026/02/07 14:34:11 [Node:0] getLogStartIndex index:1 last snapshot index:0
2026/02/07 14:34:11 [14:34:11.627] [Node:0] [LOG_REPLICA] [Trace:LOG_0_3][0->2] 发送日志or心跳到 Node:2 开始 args:{3 0 2 3 [] 2 LOG_0_3 0 {0 0 map[] map[]}}
2026/02/07 14:34:11 [Node:2] getLogStartIndex index:2 last snapshot index:0
2026/02/07 14:34:11 [Node:0] getNextIndex len:3 last snapshot index:0
2026/02/07 14:34:11 [Node:0] getLogStartIndex index:2 last snapshot index:0
2026/02/07 14:34:11 [Node:2] getNextIndex len:7 last snapshot index:0
2026/02/07 14:34:11 [14:34:11.627] [Node:0] [LOG_REPLICA] [Trace:LOG_0_3][0->1] 发送日志or心跳到 Node:1 开始 args:{3 0 1 2 [{103 3 false 2}] 2 LOG_0_3 0 {0 0 map[] map[]}}
2026/02/07 14:34:11 [Node:2] getLogStartIndex index:3 last snapshot index:0
2026/02/07 14:34:11 [14:34:11.627] [Node:2] [LOG_REPLICA] [Trace:LOG_2_4][2->0] 发送日志or心跳到 Node:0 开始 args:{4 2 2 3 [{104 4 false 3} {104 4 false 4} {104 4 false 5} {104 4 false 6}] 6 LOG_2_4 2 {0 0 map[] map[]}}
2026/02/07 14:34:11 [14:34:11.628] [Node:1] [HEARTBEAT] [Trace:LOG_2_4][2->1] AppendEntries 收到 term:4 leaderId:2 prevLogIndex:6 prevLogTerm:4 entries:0 leaderCommit:6 isHeartbeat:true currentTerm:4 status:FOLLOWER log:[]
2026/02/07 14:34:11 [Node:1] getNextIndex len:8 last snapshot index:0
2026/02/07 14:34:11 [14:34:11.628] [Node:1] [HEARTBEAT] [Trace:LOG_2_4][2->1] 打印日志结果:[{<nil> 0 false 0} {101 2 false 1} {101 2 false 1} {103 3 false 2} {104 4 false 3} {104 4 false 4} {104 4 false 5} {104 4 false 6}] 
2026/02/07 14:34:11 [Node:1] getLogStartIndex index:6 last snapshot index:0
2026/02/07 14:34:11 [14:34:11.628] [Node:1] [HEARTBEAT] [Trace:LOG_2_4][2->1] 复制日志结果:[{<nil> 0 false 0} {101 2 false 1} {101 2 false 1} {103 3 false 2} {104 4 false 3} {104 4 false 4} {104 4 false 5} {104 4 false 6}] 
2026/02/07 14:34:11 [14:34:11.628] [Node:2] [LOG_REPLICA] [Trace:LOG_2_4][2->1] 心跳返回 from peer:1 term:4 success:true
2026/02/07 14:34:11 rfats [0xc00010c000 0xc00010c100 0xc00010c200]
2026/02/07 14:34:11 i 0 cmd1 <nil>, ok false
2026/02/07 14:34:11 i 1 cmd1 <nil>, ok false
2026/02/07 14:34:11 i 2 cmd1 104, ok true
2026/02/07 14:34:11 nd 1, cmd1 104 cmd 104
2026/02/07 14:34:11 rfats [0xc00010c000 0xc00010c100 0xc00010c200]
2026/02/07 14:34:11 i 0 cmd1 <nil>, ok false
2026/02/07 14:34:11 i 1 cmd1 <nil>, ok false
2026/02/07 14:34:11 i 2 cmd1 104, ok true
2026/02/07 14:34:11 nd 1, cmd1 104 cmd 104
2026/02/07 14:34:11 rfats [0xc00010c000 0xc00010c100 0xc00010c200]
2026/02/07 14:34:11 i 0 cmd1 <nil>, ok false
2026/02/07 14:34:11 i 1 cmd1 <nil>, ok false
2026/02/07 14:34:11 i 2 cmd1 104, ok true
2026/02/07 14:34:11 nd 1, cmd1 104 cmd 104
2026/02/07 14:34:11 [14:34:11.677] [Node:1] [HEARTBEAT] [Trace:HB_1_4] Follower等心跳 status FOLLOWER term:4 commitIndex:6
2026/02/07 14:34:11 [14:34:11.677] [Node:0] [HEARTBEAT] [Trace:HB_0_3] 开始发送心跳广播 status LEADER term:3 commitIndex:2
2026/02/07 14:34:11 [14:34:11.677] [Node:2] [HEARTBEAT] [Trace:HB_2_4] 开始发送心跳广播 status LEADER term:4 commitIndex:6
2026/02/07 14:34:11 [Node:2] nextIndex:[3 7 3]
2026/02/07 14:34:11 [Node:2] getLogStartIndex index:6 last snapshot index:0
2026/02/07 14:34:11 [Node:2] getNextIndex len:7 last snapshot index:0
2026/02/07 14:34:11 [14:34:11.678] [Node:2] [LOG_REPLICA] [Trace:LOG_2_4][2->1] 发送日志or心跳到 Node:1 开始 args:{4 2 6 4 [] 6 LOG_2_4 2 {0 0 map[] map[]}}
2026/02/07 14:34:11 [Node:0] nextIndex:[2 2 3]
2026/02/07 14:34:11 [Node:0] getLogStartIndex index:2 last snapshot index:0
2026/02/07 14:34:11 [Node:2] nextIndex:[3 7 3]
2026/02/07 14:34:11 [Node:2] getLogStartIndex index:2 last snapshot index:0
2026/02/07 14:34:11 [Node:2] getNextIndex len:7 last snapshot index:0
2026/02/07 14:34:11 [Node:0] getNextIndex len:3 last snapshot index:0
2026/02/07 14:34:11 [Node:2] getLogStartIndex index:3 last snapshot index:0
2026/02/07 14:34:11 [14:34:11.678] [Node:0] [LOG_REPLICA] [Trace:LOG_0_3][0->2] 发送日志or心跳到 Node:2 开始 args:{3 0 2 3 [] 2 LOG_0_3 0 {0 0 map[] map[]}}
2026/02/07 14:34:11 [Node:0] nextIndex:[2 2 3]
2026/02/07 14:34:11 [14:34:11.678] [Node:2] [LOG_REPLICA] [Trace:LOG_2_4][2->0] 发送日志or心跳到 Node:0 开始 args:{4 2 2 3 [{104 4 false 3} {104 4 false 4} {104 4 false 5} {104 4 false 6}] 6 LOG_2_4 2 {0 0 map[] map[]}}
2026/02/07 14:34:11 [Node:0] getLogStartIndex index:1 last snapshot index:0
2026/02/07 14:34:11 [Node:0] getNextIndex len:3 last snapshot index:0
2026/02/07 14:34:11 [Node:0] getLogStartIndex index:2 last snapshot index:0
2026/02/07 14:34:11 [14:34:11.678] [Node:0] [LOG_REPLICA] [Trace:LOG_0_3][0->1] 发送日志or心跳到 Node:1 开始 args:{3 0 1 2 [{103 3 false 2}] 2 LOG_0_3 0 {0 0 map[] map[]}}
2026/02/07 14:34:11 [14:34:11.678] [Node:1] [HEARTBEAT] [Trace:LOG_2_4][2->1] AppendEntries 收到 term:4 leaderId:2 prevLogIndex:6 prevLogTerm:4 entries:0 leaderCommit:6 isHeartbeat:true currentTerm:4 status:FOLLOWER log:[]
2026/02/07 14:34:11 [Node:1] getNextIndex len:8 last snapshot index:0
2026/02/07 14:34:11 [14:34:11.678] [Node:1] [HEARTBEAT] [Trace:LOG_2_4][2->1] 打印日志结果:[{<nil> 0 false 0} {101 2 false 1} {101 2 false 1} {103 3 false 2} {104 4 false 3} {104 4 false 4} {104 4 false 5} {104 4 false 6}] 
2026/02/07 14:34:11 [Node:1] getLogStartIndex index:6 last snapshot index:0
2026/02/07 14:34:11 [14:34:11.678] [Node:1] [HEARTBEAT] [Trace:LOG_2_4][2->1] 复制日志结果:[{<nil> 0 false 0} {101 2 false 1} {101 2 false 1} {103 3 false 2} {104 4 false 3} {104 4 false 4} {104 4 false 5} {104 4 false 6}] 
2026/02/07 14:34:11 [14:34:11.678] [Node:2] [LOG_REPLICA] [Trace:LOG_2_4][2->1] 心跳返回 from peer:1 term:4 success:true
2026/02/07 14:34:11 rfats [0xc00010c000 0xc00010c100 0xc00010c200]
2026/02/07 14:34:11 i 0 cmd1 <nil>, ok false
2026/02/07 14:34:11 i 1 cmd1 <nil>, ok false
2026/02/07 14:34:11 i 2 cmd1 104, ok true
2026/02/07 14:34:11 nd 1, cmd1 104 cmd 104
2026/02/07 14:34:11 rfats [0xc00010c000 0xc00010c100 0xc00010c200]
2026/02/07 14:34:11 i 0 cmd1 <nil>, ok false
2026/02/07 14:34:11 i 1 cmd1 <nil>, ok false
2026/02/07 14:34:11 i 2 cmd1 104, ok true
2026/02/07 14:34:11 nd 1, cmd1 104 cmd 104
2026/02/07 14:34:11 [14:34:11.728] [Node:1] [HEARTBEAT] [Trace:HB_1_4] Follower等心跳 status FOLLOWER term:4 commitIndex:6
2026/02/07 14:34:11 [14:34:11.728] [Node:0] [HEARTBEAT] [Trace:HB_0_3] 开始发送心跳广播 status LEADER term:3 commitIndex:2
2026/02/07 14:34:11 [14:34:11.728] [Node:2] [HEARTBEAT] [Trace:HB_2_4] 开始发送心跳广播 status LEADER term:4 commitIndex:6
2026/02/07 14:34:11 [Node:0] nextIndex:[2 2 3]
2026/02/07 14:34:11 [Node:0] getLogStartIndex index:2 last snapshot index:0
2026/02/07 14:34:11 [Node:0] getNextIndex len:3 last snapshot index:0
2026/02/07 14:34:11 [Node:2] nextIndex:[3 7 3]
2026/02/07 14:34:11 [Node:2] getLogStartIndex index:6 last snapshot index:0
2026/02/07 14:34:11 [14:34:11.728] [Node:0] [LOG_REPLICA] [Trace:LOG_0_3][0->2] 发送日志or心跳到 Node:2 开始 args:{3 0 2 3 [] 2 LOG_0_3 0 {0 0 map[] map[]}}
2026/02/07 14:34:11 [Node:0] nextIndex:[2 2 3]
2026/02/07 14:34:11 [Node:2] getNextIndex len:7 last snapshot index:0
2026/02/07 14:34:11 [Node:0] getLogStartIndex index:1 last snapshot index:0
2026/02/07 14:34:11 [Node:0] getNextIndex len:3 last snapshot index:0
2026/02/07 14:34:11 [14:34:11.728] [Node:2] [LOG_REPLICA] [Trace:LOG_2_4][2->1] 发送日志or心跳到 Node:1 开始 args:{4 2 6 4 [] 6 LOG_2_4 2 {0 0 map[] map[]}}
2026/02/07 14:34:11 [Node:0] getLogStartIndex index:2 last snapshot index:0
2026/02/07 14:34:11 [Node:2] nextIndex:[3 7 3]
2026/02/07 14:34:11 [Node:2] getLogStartIndex index:2 last snapshot index:0
2026/02/07 14:34:11 [Node:2] getNextIndex len:7 last snapshot index:0
2026/02/07 14:34:11 [14:34:11.728] [Node:0] [LOG_REPLICA] [Trace:LOG_0_3][0->1] 发送日志or心跳到 Node:1 开始 args:{3 0 1 2 [{103 3 false 2}] 2 LOG_0_3 0 {0 0 map[] map[]}}
2026/02/07 14:34:11 [Node:2] getLogStartIndex index:3 last snapshot index:0
2026/02/07 14:34:11 [14:34:11.728] [Node:2] [LOG_REPLICA] [Trace:LOG_2_4][2->0] 发送日志or心跳到 Node:0 开始 args:{4 2 2 3 [{104 4 false 3} {104 4 false 4} {104 4 false 5} {104 4 false 6}] 6 LOG_2_4 2 {0 0 map[] map[]}}
2026/02/07 14:34:11 [14:34:11.729] [Node:1] [HEARTBEAT] [Trace:LOG_2_4][2->1] AppendEntries 收到 term:4 leaderId:2 prevLogIndex:6 prevLogTerm:4 entries:0 leaderCommit:6 isHeartbeat:true currentTerm:4 status:FOLLOWER log:[]
2026/02/07 14:34:11 [Node:1] getNextIndex len:8 last snapshot index:0
2026/02/07 14:34:11 [14:34:11.729] [Node:1] [HEARTBEAT] [Trace:LOG_2_4][2->1] 打印日志结果:[{<nil> 0 false 0} {101 2 false 1} {101 2 false 1} {103 3 false 2} {104 4 false 3} {104 4 false 4} {104 4 false 5} {104 4 false 6}] 
2026/02/07 14:34:11 [Node:1] getLogStartIndex index:6 last snapshot index:0
2026/02/07 14:34:11 [14:34:11.729] [Node:1] [HEARTBEAT] [Trace:LOG_2_4][2->1] 复制日志结果:[{<nil> 0 false 0} {101 2 false 1} {101 2 false 1} {103 3 false 2} {104 4 false 3} {104 4 false 4} {104 4 false 5} {104 4 false 6}] 
2026/02/07 14:34:11 [14:34:11.729] [Node:2] [LOG_REPLICA] [Trace:LOG_2_4][2->1] 心跳返回 from peer:1 term:4 success:true
2026/02/07 14:34:11 rfats [0xc00010c000 0xc00010c100 0xc00010c200]
2026/02/07 14:34:11 i 0 cmd1 <nil>, ok false
2026/02/07 14:34:11 i 1 cmd1 <nil>, ok false
2026/02/07 14:34:11 i 2 cmd1 104, ok true
2026/02/07 14:34:11 nd 1, cmd1 104 cmd 104
2026/02/07 14:34:11 rfats [0xc00010c000 0xc00010c100 0xc00010c200]
2026/02/07 14:34:11 i 0 cmd1 <nil>, ok false
2026/02/07 14:34:11 i 1 cmd1 <nil>, ok false
2026/02/07 14:34:11 i 2 cmd1 104, ok true
2026/02/07 14:34:11 nd 1, cmd1 104 cmd 104
2026/02/07 14:34:11 rfats [0xc00010c000 0xc00010c100 0xc00010c200]
2026/02/07 14:34:11 i 0 cmd1 <nil>, ok false
2026/02/07 14:34:11 i 1 cmd1 <nil>, ok false
2026/02/07 14:34:11 i 2 cmd1 104, ok true
2026/02/07 14:34:11 nd 1, cmd1 104 cmd 104
2026/02/07 14:34:11 [14:34:11.778] [Node:2] [HEARTBEAT] [Trace:HB_2_4] 开始发送心跳广播 status LEADER term:4 commitIndex:6
2026/02/07 14:34:11 [14:34:11.778] [Node:0] [HEARTBEAT] [Trace:HB_0_3] 开始发送心跳广播 status LEADER term:3 commitIndex:2
2026/02/07 14:34:11 [Node:0] nextIndex:[2 2 3]
2026/02/07 14:34:11 [14:34:11.778] [Node:1] [HEARTBEAT] [Trace:HB_1_4] Follower等心跳 status FOLLOWER term:4 commitIndex:6
2026/02/07 14:34:11 [Node:2] nextIndex:[3 7 3]
2026/02/07 14:34:11 [Node:0] getLogStartIndex index:1 last snapshot index:0
2026/02/07 14:34:11 [Node:0] getNextIndex len:3 last snapshot index:0
2026/02/07 14:34:11 [Node:0] getLogStartIndex index:2 last snapshot index:0
2026/02/07 14:34:11 [Node:2] getLogStartIndex index:6 last snapshot index:0
2026/02/07 14:34:11 [Node:2] getNextIndex len:7 last snapshot index:0
2026/02/07 14:34:11 [Node:0] nextIndex:[2 2 3]
2026/02/07 14:34:11 [14:34:11.778] [Node:0] [LOG_REPLICA] [Trace:LOG_0_3][0->1] 发送日志or心跳到 Node:1 开始 args:{3 0 1 2 [{103 3 false 2}] 2 LOG_0_3 0 {0 0 map[] map[]}}
2026/02/07 14:34:11 [Node:2] nextIndex:[3 7 3]
2026/02/07 14:34:11 [Node:0] getLogStartIndex index:2 last snapshot index:0
2026/02/07 14:34:11 [Node:0] getNextIndex len:3 last snapshot index:0
2026/02/07 14:34:11 [14:34:11.778] [Node:2] [LOG_REPLICA] [Trace:LOG_2_4][2->1] 发送日志or心跳到 Node:1 开始 args:{4 2 6 4 [] 6 LOG_2_4 2 {0 0 map[] map[]}}
2026/02/07 14:34:11 [14:34:11.779] [Node:0] [LOG_REPLICA] [Trace:LOG_0_3][0->2] 发送日志or心跳到 Node:2 开始 args:{3 0 2 3 [] 2 LOG_0_3 0 {0 0 map[] map[]}}
2026/02/07 14:34:11 [Node:2] getLogStartIndex index:2 last snapshot index:0
2026/02/07 14:34:11 [Node:2] getNextIndex len:7 last snapshot index:0
2026/02/07 14:34:11 [Node:2] getLogStartIndex index:3 last snapshot index:0
2026/02/07 14:34:11 [14:34:11.779] [Node:2] [LOG_REPLICA] [Trace:LOG_2_4][2->0] 发送日志or心跳到 Node:0 开始 args:{4 2 2 3 [{104 4 false 3} {104 4 false 4} {104 4 false 5} {104 4 false 6}] 6 LOG_2_4 2 {0 0 map[] map[]}}
2026/02/07 14:34:11 [14:34:11.779] [Node:1] [HEARTBEAT] [Trace:LOG_2_4][2->1] AppendEntries 收到 term:4 leaderId:2 prevLogIndex:6 prevLogTerm:4 entries:0 leaderCommit:6 isHeartbeat:true currentTerm:4 status:FOLLOWER log:[]
2026/02/07 14:34:11 [Node:1] getNextIndex len:8 last snapshot index:0
2026/02/07 14:34:11 [14:34:11.779] [Node:1] [HEARTBEAT] [Trace:LOG_2_4][2->1] 打印日志结果:[{<nil> 0 false 0} {101 2 false 1} {101 2 false 1} {103 3 false 2} {104 4 false 3} {104 4 false 4} {104 4 false 5} {104 4 false 6}] 
2026/02/07 14:34:11 [Node:1] getLogStartIndex index:6 last snapshot index:0
2026/02/07 14:34:11 [14:34:11.779] [Node:1] [HEARTBEAT] [Trace:LOG_2_4][2->1] 复制日志结果:[{<nil> 0 false 0} {101 2 false 1} {101 2 false 1} {103 3 false 2} {104 4 false 3} {104 4 false 4} {104 4 false 5} {104 4 false 6}] 
2026/02/07 14:34:11 [14:34:11.779] [Node:2] [LOG_REPLICA] [Trace:LOG_2_4][2->1] 心跳返回 from peer:1 term:4 success:true
2026/02/07 14:34:11 rfats [0xc00010c000 0xc00010c100 0xc00010c200]
2026/02/07 14:34:11 i 0 cmd1 <nil>, ok false
2026/02/07 14:34:11 i 1 cmd1 <nil>, ok false
2026/02/07 14:34:11 i 2 cmd1 104, ok true
2026/02/07 14:34:11 nd 1, cmd1 104 cmd 104
2026/02/07 14:34:11 rfats [0xc00010c000 0xc00010c100 0xc00010c200]
2026/02/07 14:34:11 i 0 cmd1 <nil>, ok false
2026/02/07 14:34:11 i 1 cmd1 <nil>, ok false
2026/02/07 14:34:11 i 2 cmd1 104, ok true
2026/02/07 14:34:11 nd 1, cmd1 104 cmd 104
2026/02/07 14:34:11 [14:34:11.829] [Node:0] [HEARTBEAT] [Trace:HB_0_3] 开始发送心跳广播 status LEADER term:3 commitIndex:2
2026/02/07 14:34:11 [14:34:11.829] [Node:1] [HEARTBEAT] [Trace:HB_1_4] Follower等心跳 status FOLLOWER term:4 commitIndex:6
2026/02/07 14:34:11 [14:34:11.829] [Node:2] [HEARTBEAT] [Trace:HB_2_4] 开始发送心跳广播 status LEADER term:4 commitIndex:6
2026/02/07 14:34:11 [Node:0] nextIndex:[2 2 3]
2026/02/07 14:34:11 [Node:2] nextIndex:[3 7 3]
2026/02/07 14:34:11 [Node:0] getLogStartIndex index:2 last snapshot index:0
2026/02/07 14:34:11 [Node:0] getNextIndex len:3 last snapshot index:0
2026/02/07 14:34:11 [Node:2] getLogStartIndex index:6 last snapshot index:0
2026/02/07 14:34:11 [Node:2] getNextIndex len:7 last snapshot index:0
2026/02/07 14:34:11 [14:34:11.829] [Node:0] [LOG_REPLICA] [Trace:LOG_0_3][0->2] 发送日志or心跳到 Node:2 开始 args:{3 0 2 3 [] 2 LOG_0_3 0 {0 0 map[] map[]}}
2026/02/07 14:34:11 [14:34:11.829] [Node:2] [LOG_REPLICA] [Trace:LOG_2_4][2->1] 发送日志or心跳到 Node:1 开始 args:{4 2 6 4 [] 6 LOG_2_4 2 {0 0 map[] map[]}}
2026/02/07 14:34:11 [Node:2] nextIndex:[3 7 3]
2026/02/07 14:34:11 [Node:0] nextIndex:[2 2 3]
2026/02/07 14:34:11 [Node:2] getLogStartIndex index:2 last snapshot index:0
2026/02/07 14:34:11 [Node:2] getNextIndex len:7 last snapshot index:0
2026/02/07 14:34:11 [Node:2] getLogStartIndex index:3 last snapshot index:0
2026/02/07 14:34:11 [Node:0] getLogStartIndex index:1 last snapshot index:0
2026/02/07 14:34:11 [14:34:11.829] [Node:2] [LOG_REPLICA] [Trace:LOG_2_4][2->0] 发送日志or心跳到 Node:0 开始 args:{4 2 2 3 [{104 4 false 3} {104 4 false 4} {104 4 false 5} {104 4 false 6}] 6 LOG_2_4 2 {0 0 map[] map[]}}
2026/02/07 14:34:11 [Node:0] getNextIndex len:3 last snapshot index:0
2026/02/07 14:34:11 [Node:0] getLogStartIndex index:2 last snapshot index:0
2026/02/07 14:34:11 [14:34:11.829] [Node:0] [LOG_REPLICA] [Trace:LOG_0_3][0->1] 发送日志or心跳到 Node:1 开始 args:{3 0 1 2 [{103 3 false 2}] 2 LOG_0_3 0 {0 0 map[] map[]}}
2026/02/07 14:34:11 [14:34:11.830] [Node:1] [HEARTBEAT] [Trace:LOG_2_4][2->1] AppendEntries 收到 term:4 leaderId:2 prevLogIndex:6 prevLogTerm:4 entries:0 leaderCommit:6 isHeartbeat:true currentTerm:4 status:FOLLOWER log:[]
2026/02/07 14:34:11 [Node:1] getNextIndex len:8 last snapshot index:0
2026/02/07 14:34:11 [14:34:11.830] [Node:1] [HEARTBEAT] [Trace:LOG_2_4][2->1] 打印日志结果:[{<nil> 0 false 0} {101 2 false 1} {101 2 false 1} {103 3 false 2} {104 4 false 3} {104 4 false 4} {104 4 false 5} {104 4 false 6}] 
2026/02/07 14:34:11 [Node:1] getLogStartIndex index:6 last snapshot index:0
2026/02/07 14:34:11 [14:34:11.830] [Node:1] [HEARTBEAT] [Trace:LOG_2_4][2->1] 复制日志结果:[{<nil> 0 false 0} {101 2 false 1} {101 2 false 1} {103 3 false 2} {104 4 false 3} {104 4 false 4} {104 4 false 5} {104 4 false 6}] 
2026/02/07 14:34:11 [14:34:11.830] [Node:2] [LOG_REPLICA] [Trace:LOG_2_4][2->1] 心跳返回 from peer:1 term:4 success:true
2026/02/07 14:34:11 rfats [0xc00010c000 0xc00010c100 0xc00010c200]
2026/02/07 14:34:11 i 0 cmd1 <nil>, ok false
2026/02/07 14:34:11 i 1 cmd1 <nil>, ok false
2026/02/07 14:34:11 i 2 cmd1 104, ok true
2026/02/07 14:34:11 nd 1, cmd1 104 cmd 104
2026/02/07 14:34:11 rfats [0xc00010c000 0xc00010c100 0xc00010c200]
2026/02/07 14:34:11 i 0 cmd1 <nil>, ok false
2026/02/07 14:34:11 i 1 cmd1 <nil>, ok false
2026/02/07 14:34:11 i 2 cmd1 104, ok true
2026/02/07 14:34:11 nd 1, cmd1 104 cmd 104
2026/02/07 14:34:11 rfats [0xc00010c000 0xc00010c100 0xc00010c200]
2026/02/07 14:34:11 [14:34:11.880] [Node:2] [HEARTBEAT] [Trace:HB_2_4] 开始发送心跳广播 status LEADER term:4 commitIndex:6
2026/02/07 14:34:11 i 0 cmd1 <nil>, ok false
2026/02/07 14:34:11 [14:34:11.880] [Node:1] [HEARTBEAT] [Trace:HB_1_4] Follower等心跳 status FOLLOWER term:4 commitIndex:6
2026/02/07 14:34:11 [14:34:11.880] [Node:0] [HEARTBEAT] [Trace:HB_0_3] 开始发送心跳广播 status LEADER term:3 commitIndex:2
2026/02/07 14:34:11 [Node:2] nextIndex:[3 7 3]
2026/02/07 14:34:11 [Node:2] getLogStartIndex index:6 last snapshot index:0
2026/02/07 14:34:11 [Node:0] nextIndex:[2 2 3]
2026/02/07 14:34:11 [Node:0] getLogStartIndex index:1 last snapshot index:0
2026/02/07 14:34:11 i 1 cmd1 <nil>, ok false
2026/02/07 14:34:11 [Node:2] getNextIndex len:7 last snapshot index:0
2026/02/07 14:34:11 [14:34:11.880] [Node:2] [LOG_REPLICA] [Trace:LOG_2_4][2->1] 发送日志or心跳到 Node:1 开始 args:{4 2 6 4 [] 6 LOG_2_4 2 {0 0 map[] map[]}}
2026/02/07 14:34:11 [Node:0] getNextIndex len:3 last snapshot index:0
2026/02/07 14:34:11 [Node:0] getLogStartIndex index:2 last snapshot index:0
2026/02/07 14:34:11 [Node:2] nextIndex:[3 7 3]
2026/02/07 14:34:11 [Node:2] getLogStartIndex index:2 last snapshot index:0
2026/02/07 14:34:11 [Node:2] getNextIndex len:7 last snapshot index:0
2026/02/07 14:34:11 [Node:0] nextIndex:[2 2 3]
2026/02/07 14:34:11 [Node:0] getLogStartIndex index:2 last snapshot index:0
2026/02/07 14:34:11 i 2 cmd1 104, ok true
2026/02/07 14:34:11 nd 1, cmd1 104 cmd 104
2026/02/07 14:34:11 [Node:2] getLogStartIndex index:3 last snapshot index:0
2026/02/07 14:34:11 [14:34:11.880] [Node:0] [LOG_REPLICA] [Trace:LOG_0_3][0->1] 发送日志or心跳到 Node:1 开始 args:{3 0 1 2 [{103 3 false 2}] 2 LOG_0_3 0 {0 0 map[] map[]}}
2026/02/07 14:34:11 [Node:0] getNextIndex len:3 last snapshot index:0
2026/02/07 14:34:11 [14:34:11.880] [Node:2] [LOG_REPLICA] [Trace:LOG_2_4][2->0] 发送日志or心跳到 Node:0 开始 args:{4 2 2 3 [{104 4 false 3} {104 4 false 4} {104 4 false 5} {104 4 false 6}] 6 LOG_2_4 2 {0 0 map[] map[]}}
2026/02/07 14:34:11 [14:34:11.880] [Node:0] [LOG_REPLICA] [Trace:LOG_0_3][0->2] 发送日志or心跳到 Node:2 开始 args:{3 0 2 3 [] 2 LOG_0_3 0 {0 0 map[] map[]}}
2026/02/07 14:34:11 [14:34:11.881] [Node:1] [HEARTBEAT] [Trace:LOG_2_4][2->1] AppendEntries 收到 term:4 leaderId:2 prevLogIndex:6 prevLogTerm:4 entries:0 leaderCommit:6 isHeartbeat:true currentTerm:4 status:FOLLOWER log:[]
2026/02/07 14:34:11 [Node:1] getNextIndex len:8 last snapshot index:0
2026/02/07 14:34:11 [14:34:11.881] [Node:1] [HEARTBEAT] [Trace:LOG_2_4][2->1] 打印日志结果:[{<nil> 0 false 0} {101 2 false 1} {101 2 false 1} {103 3 false 2} {104 4 false 3} {104 4 false 4} {104 4 false 5} {104 4 false 6}] 
2026/02/07 14:34:11 [Node:1] getLogStartIndex index:6 last snapshot index:0
2026/02/07 14:34:11 [14:34:11.881] [Node:1] [HEARTBEAT] [Trace:LOG_2_4][2->1] 复制日志结果:[{<nil> 0 false 0} {101 2 false 1} {101 2 false 1} {103 3 false 2} {104 4 false 3} {104 4 false 4} {104 4 false 5} {104 4 false 6}] 
2026/02/07 14:34:11 [14:34:11.881] [Node:2] [LOG_REPLICA] [Trace:LOG_2_4][2->1] 心跳返回 from peer:1 term:4 success:true
2026/02/07 14:34:11 rfats [0xc00010c000 0xc00010c100 0xc00010c200]
2026/02/07 14:34:11 i 0 cmd1 <nil>, ok false
2026/02/07 14:34:11 i 1 cmd1 <nil>, ok false
2026/02/07 14:34:11 i 2 cmd1 104, ok true
2026/02/07 14:34:11 nd 1, cmd1 104 cmd 104
2026/02/07 14:34:11 rfats [0xc00010c000 0xc00010c100 0xc00010c200]
2026/02/07 14:34:11 i 0 cmd1 <nil>, ok false
2026/02/07 14:34:11 i 1 cmd1 <nil>, ok false
2026/02/07 14:34:11 i 2 cmd1 104, ok true
2026/02/07 14:34:11 nd 1, cmd1 104 cmd 104
2026/02/07 14:34:11 [14:34:11.931] [Node:2] [HEARTBEAT] [Trace:HB_2_4] 开始发送心跳广播 status LEADER term:4 commitIndex:6
2026/02/07 14:34:11 [14:34:11.931] [Node:0] [HEARTBEAT] [Trace:HB_0_3] 开始发送心跳广播 status LEADER term:3 commitIndex:2
2026/02/07 14:34:11 [Node:2] nextIndex:[3 7 3]
2026/02/07 14:34:11 [Node:2] getLogStartIndex index:2 last snapshot index:0
2026/02/07 14:34:11 [14:34:11.931] [Node:1] [HEARTBEAT] [Trace:HB_1_4] Follower等心跳 status FOLLOWER term:4 commitIndex:6
2026/02/07 14:34:11 [Node:2] getNextIndex len:7 last snapshot index:0
2026/02/07 14:34:11 [Node:2] getLogStartIndex index:3 last snapshot index:0
2026/02/07 14:34:11 [Node:0] nextIndex:[2 2 3]
2026/02/07 14:34:11 [Node:0] getLogStartIndex index:2 last snapshot index:0
2026/02/07 14:34:11 [Node:0] getNextIndex len:3 last snapshot index:0
2026/02/07 14:34:11 [Node:2] nextIndex:[3 7 3]
2026/02/07 14:34:11 [14:34:11.931] [Node:2] [LOG_REPLICA] [Trace:LOG_2_4][2->0] 发送日志or心跳到 Node:0 开始 args:{4 2 2 3 [{104 4 false 3} {104 4 false 4} {104 4 false 5} {104 4 false 6}] 6 LOG_2_4 2 {0 0 map[] map[]}}
2026/02/07 14:34:11 [Node:2] getLogStartIndex index:6 last snapshot index:0
2026/02/07 14:34:11 [14:34:11.931] [Node:0] [LOG_REPLICA] [Trace:LOG_0_3][0->2] 发送日志or心跳到 Node:2 开始 args:{3 0 2 3 [] 2 LOG_0_3 0 {0 0 map[] map[]}}
2026/02/07 14:34:11 [Node:0] nextIndex:[2 2 3]
2026/02/07 14:34:11 [Node:2] getNextIndex len:7 last snapshot index:0
2026/02/07 14:34:11 [Node:0] getLogStartIndex index:1 last snapshot index:0
2026/02/07 14:34:11 [Node:0] getNextIndex len:3 last snapshot index:0
2026/02/07 14:34:11 [14:34:11.931] [Node:2] [LOG_REPLICA] [Trace:LOG_2_4][2->1] 发送日志or心跳到 Node:1 开始 args:{4 2 6 4 [] 6 LOG_2_4 2 {0 0 map[] map[]}}
2026/02/07 14:34:11 [Node:0] getLogStartIndex index:2 last snapshot index:0
2026/02/07 14:34:11 [14:34:11.931] [Node:0] [LOG_REPLICA] [Trace:LOG_0_3][0->1] 发送日志or心跳到 Node:1 开始 args:{3 0 1 2 [{103 3 false 2}] 2 LOG_0_3 0 {0 0 map[] map[]}}
2026/02/07 14:34:11 [14:34:11.931] [Node:1] [HEARTBEAT] [Trace:LOG_2_4][2->1] AppendEntries 收到 term:4 leaderId:2 prevLogIndex:6 prevLogTerm:4 entries:0 leaderCommit:6 isHeartbeat:true currentTerm:4 status:FOLLOWER log:[]
2026/02/07 14:34:11 [Node:1] getNextIndex len:8 last snapshot index:0
2026/02/07 14:34:11 [14:34:11.931] [Node:1] [HEARTBEAT] [Trace:LOG_2_4][2->1] 打印日志结果:[{<nil> 0 false 0} {101 2 false 1} {101 2 false 1} {103 3 false 2} {104 4 false 3} {104 4 false 4} {104 4 false 5} {104 4 false 6}] 
2026/02/07 14:34:11 [Node:1] getLogStartIndex index:6 last snapshot index:0
2026/02/07 14:34:11 [14:34:11.931] [Node:1] [HEARTBEAT] [Trace:LOG_2_4][2->1] 复制日志结果:[{<nil> 0 false 0} {101 2 false 1} {101 2 false 1} {103 3 false 2} {104 4 false 3} {104 4 false 4} {104 4 false 5} {104 4 false 6}] 
2026/02/07 14:34:11 [14:34:11.932] [Node:2] [LOG_REPLICA] [Trace:LOG_2_4][2->1] 心跳返回 from peer:1 term:4 success:true
2026/02/07 14:34:11 rfats [0xc00010c000 0xc00010c100 0xc00010c200]
2026/02/07 14:34:11 i 0 cmd1 <nil>, ok false
2026/02/07 14:34:11 i 1 cmd1 <nil>, ok false
2026/02/07 14:34:11 i 2 cmd1 104, ok true
2026/02/07 14:34:11 nd 1, cmd1 104 cmd 104
2026/02/07 14:34:11 rfats [0xc00010c000 0xc00010c100 0xc00010c200]
2026/02/07 14:34:11 i 0 cmd1 <nil>, ok false
2026/02/07 14:34:11 i 1 cmd1 <nil>, ok false
2026/02/07 14:34:11 i 2 cmd1 104, ok true
2026/02/07 14:34:11 nd 1, cmd1 104 cmd 104
2026/02/07 14:34:11 [14:34:11.981] [Node:2] [HEARTBEAT] [Trace:HB_2_4] 开始发送心跳广播 status LEADER term:4 commitIndex:6
2026/02/07 14:34:11 [14:34:11.981] [Node:0] [HEARTBEAT] [Trace:HB_0_3] 开始发送心跳广播 status LEADER term:3 commitIndex:2
2026/02/07 14:34:11 [Node:2] nextIndex:[3 7 3]
2026/02/07 14:34:11 [Node:2] getLogStartIndex index:2 last snapshot index:0
2026/02/07 14:34:11 [Node:2] getNextIndex len:7 last snapshot index:0
2026/02/07 14:34:11 [Node:2] getLogStartIndex index:3 last snapshot index:0
2026/02/07 14:34:11 [Node:0] nextIndex:[2 2 3]
2026/02/07 14:34:11 [Node:2] nextIndex:[3 7 3]
2026/02/07 14:34:11 [Node:2] getLogStartIndex index:6 last snapshot index:0
2026/02/07 14:34:11 [Node:0] getLogStartIndex index:2 last snapshot index:0
2026/02/07 14:34:11 [Node:0] getNextIndex len:3 last snapshot index:0
2026/02/07 14:34:11 [14:34:11.982] [Node:0] [LOG_REPLICA] [Trace:LOG_0_3][0->2] 发送日志or心跳到 Node:2 开始 args:{3 0 2 3 [] 2 LOG_0_3 0 {0 0 map[] map[]}}
2026/02/07 14:34:11 [14:34:11.981] [Node:1] [HEARTBEAT] [Trace:HB_1_4] Follower等心跳 status FOLLOWER term:4 commitIndex:6
2026/02/07 14:34:11 [Node:2] getNextIndex len:7 last snapshot index:0
2026/02/07 14:34:11 [14:34:11.982] [Node:2] [LOG_REPLICA] [Trace:LOG_2_4][2->0] 发送日志or心跳到 Node:0 开始 args:{4 2 2 3 [{104 4 false 3} {104 4 false 4} {104 4 false 5} {104 4 false 6}] 6 LOG_2_4 2 {0 0 map[] map[]}}
2026/02/07 14:34:11 [14:34:11.982] [Node:2] [LOG_REPLICA] [Trace:LOG_2_4][2->1] 发送日志or心跳到 Node:1 开始 args:{4 2 6 4 [] 6 LOG_2_4 2 {0 0 map[] map[]}}
2026/02/07 14:34:11 [Node:0] nextIndex:[2 2 3]
2026/02/07 14:34:11 [Node:0] getLogStartIndex index:1 last snapshot index:0
2026/02/07 14:34:11 [Node:0] getNextIndex len:3 last snapshot index:0
2026/02/07 14:34:11 [Node:0] getLogStartIndex index:2 last snapshot index:0
2026/02/07 14:34:11 [14:34:11.982] [Node:0] [LOG_REPLICA] [Trace:LOG_0_3][0->1] 发送日志or心跳到 Node:1 开始 args:{3 0 1 2 [{103 3 false 2}] 2 LOG_0_3 0 {0 0 map[] map[]}}
2026/02/07 14:34:11 [14:34:11.982] [Node:1] [HEARTBEAT] [Trace:LOG_2_4][2->1] AppendEntries 收到 term:4 leaderId:2 prevLogIndex:6 prevLogTerm:4 entries:0 leaderCommit:6 isHeartbeat:true currentTerm:4 status:FOLLOWER log:[]
2026/02/07 14:34:11 [Node:1] getNextIndex len:8 last snapshot index:0
2026/02/07 14:34:11 [14:34:11.982] [Node:1] [HEARTBEAT] [Trace:LOG_2_4][2->1] 打印日志结果:[{<nil> 0 false 0} {101 2 false 1} {101 2 false 1} {103 3 false 2} {104 4 false 3} {104 4 false 4} {104 4 false 5} {104 4 false 6}] 
2026/02/07 14:34:11 [Node:1] getLogStartIndex index:6 last snapshot index:0
2026/02/07 14:34:11 [14:34:11.982] [Node:1] [HEARTBEAT] [Trace:LOG_2_4][2->1] 复制日志结果:[{<nil> 0 false 0} {101 2 false 1} {101 2 false 1} {103 3 false 2} {104 4 false 3} {104 4 false 4} {104 4 false 5} {104 4 false 6}] 
2026/02/07 14:34:11 [14:34:11.983] [Node:2] [LOG_REPLICA] [Trace:LOG_2_4][2->1] 心跳返回 from peer:1 term:4 success:true
2026/02/07 14:34:11 rfats [0xc00010c000 0xc00010c100 0xc00010c200]
2026/02/07 14:34:11 i 0 cmd1 <nil>, ok false
2026/02/07 14:34:11 i 1 cmd1 <nil>, ok false
2026/02/07 14:34:11 i 2 cmd1 104, ok true
2026/02/07 14:34:11 nd 1, cmd1 104 cmd 104
2026/02/07 14:34:12 rfats [0xc00010c000 0xc00010c100 0xc00010c200]
2026/02/07 14:34:12 i 0 cmd1 <nil>, ok false
2026/02/07 14:34:12 i 1 cmd1 <nil>, ok false
2026/02/07 14:34:12 i 2 cmd1 104, ok true
2026/02/07 14:34:12 nd 1, cmd1 104 cmd 104
2026/02/07 14:34:12 rfats [0xc00010c000 0xc00010c100 0xc00010c200]
2026/02/07 14:34:12 i 0 cmd1 <nil>, ok false
2026/02/07 14:34:12 i 1 cmd1 <nil>, ok false
2026/02/07 14:34:12 i 2 cmd1 104, ok true
2026/02/07 14:34:12 nd 1, cmd1 104 cmd 104
2026/02/07 14:34:12 [14:34:12.038] [Node:0] [HEARTBEAT] [Trace:HB_0_3] 开始发送心跳广播 status LEADER term:3 commitIndex:2
2026/02/07 14:34:12 [14:34:12.038] [Node:2] [HEARTBEAT] [Trace:HB_2_4] 开始发送心跳广播 status LEADER term:4 commitIndex:6
2026/02/07 14:34:12 [Node:0] nextIndex:[2 2 3]
2026/02/07 14:34:12 [14:34:12.038] [Node:1] [HEARTBEAT] [Trace:HB_1_4] Follower等心跳 status FOLLOWER term:4 commitIndex:6
2026/02/07 14:34:12 [Node:0] getLogStartIndex index:2 last snapshot index:0
2026/02/07 14:34:12 [Node:2] nextIndex:[3 7 3]
2026/02/07 14:34:12 [Node:0] getNextIndex len:3 last snapshot index:0
2026/02/07 14:34:12 [Node:2] getLogStartIndex index:2 last snapshot index:0
2026/02/07 14:34:12 [Node:2] getNextIndex len:7 last snapshot index:0
2026/02/07 14:34:12 [Node:2] getLogStartIndex index:3 last snapshot index:0
2026/02/07 14:34:12 [14:34:12.038] [Node:0] [LOG_REPLICA] [Trace:LOG_0_3][0->2] 发送日志or心跳到 Node:2 开始 args:{3 0 2 3 [] 2 LOG_0_3 0 {0 0 map[] map[]}}
2026/02/07 14:34:12 [Node:0] nextIndex:[2 2 3]
2026/02/07 14:34:12 [Node:0] getLogStartIndex index:1 last snapshot index:0
2026/02/07 14:34:12 [Node:0] getNextIndex len:3 last snapshot index:0
2026/02/07 14:34:12 [14:34:12.038] [Node:2] [LOG_REPLICA] [Trace:LOG_2_4][2->0] 发送日志or心跳到 Node:0 开始 args:{4 2 2 3 [{104 4 false 3} {104 4 false 4} {104 4 false 5} {104 4 false 6}] 6 LOG_2_4 2 {0 0 map[] map[]}}
2026/02/07 14:34:12 [Node:2] nextIndex:[3 7 3]
2026/02/07 14:34:12 [Node:2] getLogStartIndex index:6 last snapshot index:0
2026/02/07 14:34:12 [Node:2] getNextIndex len:7 last snapshot index:0
2026/02/07 14:34:12 [14:34:12.046] [Node:2] [LOG_REPLICA] [Trace:LOG_2_4][2->1] 发送日志or心跳到 Node:1 开始 args:{4 2 6 4 [] 6 LOG_2_4 2 {0 0 map[] map[]}}
2026/02/07 14:34:12 [Node:0] getLogStartIndex index:2 last snapshot index:0
2026/02/07 14:34:12 [14:34:12.047] [Node:0] [LOG_REPLICA] [Trace:LOG_0_3][0->1] 发送日志or心跳到 Node:1 开始 args:{3 0 1 2 [{103 3 false 2}] 2 LOG_0_3 0 {0 0 map[] map[]}}
2026/02/07 14:34:12 [14:34:12.048] [Node:1] [HEARTBEAT] [Trace:LOG_2_4][2->1] AppendEntries 收到 term:4 leaderId:2 prevLogIndex:6 prevLogTerm:4 entries:0 leaderCommit:6 isHeartbeat:true currentTerm:4 status:FOLLOWER log:[]
2026/02/07 14:34:12 [Node:1] getNextIndex len:8 last snapshot index:0
2026/02/07 14:34:12 [14:34:12.048] [Node:1] [HEARTBEAT] [Trace:LOG_2_4][2->1] 打印日志结果:[{<nil> 0 false 0} {101 2 false 1} {101 2 false 1} {103 3 false 2} {104 4 false 3} {104 4 false 4} {104 4 false 5} {104 4 false 6}] 
2026/02/07 14:34:12 [Node:1] getLogStartIndex index:6 last snapshot index:0
2026/02/07 14:34:12 [14:34:12.048] [Node:1] [HEARTBEAT] [Trace:LOG_2_4][2->1] 复制日志结果:[{<nil> 0 false 0} {101 2 false 1} {101 2 false 1} {103 3 false 2} {104 4 false 3} {104 4 false 4} {104 4 false 5} {104 4 false 6}] 
2026/02/07 14:34:12 [14:34:12.048] [Node:2] [LOG_REPLICA] [Trace:LOG_2_4][2->1] 心跳返回 from peer:1 term:4 success:true
2026/02/07 14:34:12 rfats [0xc00010c000 0xc00010c100 0xc00010c200]
2026/02/07 14:34:12 i 0 cmd1 <nil>, ok false
2026/02/07 14:34:12 i 1 cmd1 <nil>, ok false
2026/02/07 14:34:12 i 2 cmd1 104, ok true
2026/02/07 14:34:12 nd 1, cmd1 104 cmd 104
2026/02/07 14:34:12 rfats [0xc00010c000 0xc00010c100 0xc00010c200]
2026/02/07 14:34:12 i 0 cmd1 <nil>, ok false
2026/02/07 14:34:12 i 1 cmd1 <nil>, ok false
2026/02/07 14:34:12 i 2 cmd1 104, ok true
2026/02/07 14:34:12 nd 1, cmd1 104 cmd 104
2026/02/07 14:34:12 [14:34:12.089] [Node:0] [HEARTBEAT] [Trace:HB_0_3] 开始发送心跳广播 status LEADER term:3 commitIndex:2
2026/02/07 14:34:12 [14:34:12.089] [Node:1] [HEARTBEAT] [Trace:HB_1_4] Follower等心跳 status FOLLOWER term:4 commitIndex:6
2026/02/07 14:34:12 [14:34:12.089] [Node:2] [HEARTBEAT] [Trace:HB_2_4] 开始发送心跳广播 status LEADER term:4 commitIndex:6
2026/02/07 14:34:12 [Node:2] nextIndex:[3 7 3]
2026/02/07 14:34:12 [Node:2] getLogStartIndex index:2 last snapshot index:0
2026/02/07 14:34:12 [Node:0] nextIndex:[2 2 3]
2026/02/07 14:34:12 [Node:2] getNextIndex len:7 last snapshot index:0
2026/02/07 14:34:12 [Node:0] getLogStartIndex index:1 last snapshot index:0
2026/02/07 14:34:12 [Node:0] getNextIndex len:3 last snapshot index:0
2026/02/07 14:34:12 [Node:0] getLogStartIndex index:2 last snapshot index:0
2026/02/07 14:34:12 [Node:2] getLogStartIndex index:3 last snapshot index:0
2026/02/07 14:34:12 [14:34:12.089] [Node:0] [LOG_REPLICA] [Trace:LOG_0_3][0->1] 发送日志or心跳到 Node:1 开始 args:{3 0 1 2 [{103 3 false 2}] 2 LOG_0_3 0 {0 0 map[] map[]}}
2026/02/07 14:34:12 [14:34:12.089] [Node:2] [LOG_REPLICA] [Trace:LOG_2_4][2->0] 发送日志or心跳到 Node:0 开始 args:{4 2 2 3 [{104 4 false 3} {104 4 false 4} {104 4 false 5} {104 4 false 6}] 6 LOG_2_4 2 {0 0 map[] map[]}}
2026/02/07 14:34:12 [Node:0] nextIndex:[2 2 3]
2026/02/07 14:34:12 [Node:0] getLogStartIndex index:2 last snapshot index:0
2026/02/07 14:34:12 [Node:2] nextIndex:[3 7 3]
2026/02/07 14:34:12 [Node:2] getLogStartIndex index:6 last snapshot index:0
2026/02/07 14:34:12 [Node:0] getNextIndex len:3 last snapshot index:0
2026/02/07 14:34:12 [Node:2] getNextIndex len:7 last snapshot index:0
2026/02/07 14:34:12 rfats [0xc00010c000 0xc00010c100 0xc00010c200]
2026/02/07 14:34:12 i 0 cmd1 <nil>, ok false
2026/02/07 14:34:12 [14:34:12.090] [Node:0] [LOG_REPLICA] [Trace:LOG_0_3][0->2] 发送日志or心跳到 Node:2 开始 args:{3 0 2 3 [] 2 LOG_0_3 0 {0 0 map[] map[]}}
2026/02/07 14:34:12 i 1 cmd1 <nil>, ok false
2026/02/07 14:34:12 i 2 cmd1 104, ok true
2026/02/07 14:34:12 nd 1, cmd1 104 cmd 104
2026/02/07 14:34:12 [14:34:12.090] [Node:2] [LOG_REPLICA] [Trace:LOG_2_4][2->1] 发送日志or心跳到 Node:1 开始 args:{4 2 6 4 [] 6 LOG_2_4 2 {0 0 map[] map[]}}
2026/02/07 14:34:12 [14:34:12.091] [Node:1] [HEARTBEAT] [Trace:LOG_2_4][2->1] AppendEntries 收到 term:4 leaderId:2 prevLogIndex:6 prevLogTerm:4 entries:0 leaderCommit:6 isHeartbeat:true currentTerm:4 status:FOLLOWER log:[]
2026/02/07 14:34:12 [Node:1] getNextIndex len:8 last snapshot index:0
2026/02/07 14:34:12 [14:34:12.091] [Node:1] [HEARTBEAT] [Trace:LOG_2_4][2->1] 打印日志结果:[{<nil> 0 false 0} {101 2 false 1} {101 2 false 1} {103 3 false 2} {104 4 false 3} {104 4 false 4} {104 4 false 5} {104 4 false 6}] 
2026/02/07 14:34:12 [Node:1] getLogStartIndex index:6 last snapshot index:0
2026/02/07 14:34:12 [14:34:12.091] [Node:1] [HEARTBEAT] [Trace:LOG_2_4][2->1] 复制日志结果:[{<nil> 0 false 0} {101 2 false 1} {101 2 false 1} {103 3 false 2} {104 4 false 3} {104 4 false 4} {104 4 false 5} {104 4 false 6}] 
2026/02/07 14:34:12 [14:34:12.092] [Node:2] [LOG_REPLICA] [Trace:LOG_2_4][2->1] 心跳返回 from peer:1 term:4 success:true
2026/02/07 14:34:12 rfats [0xc00010c000 0xc00010c100 0xc00010c200]
2026/02/07 14:34:12 i 0 cmd1 <nil>, ok false
2026/02/07 14:34:12 i 1 cmd1 <nil>, ok false
2026/02/07 14:34:12 i 2 cmd1 104, ok true
2026/02/07 14:34:12 nd 1, cmd1 104 cmd 104
2026/02/07 14:34:12 rfats [0xc00010c000 0xc00010c100 0xc00010c200]
2026/02/07 14:34:12 i 0 cmd1 <nil>, ok false
2026/02/07 14:34:12 i 1 cmd1 <nil>, ok false
2026/02/07 14:34:12 i 2 cmd1 104, ok true
2026/02/07 14:34:12 nd 1, cmd1 104 cmd 104
2026/02/07 14:34:12 [14:34:12.140] [Node:0] [HEARTBEAT] [Trace:HB_0_3] 开始发送心跳广播 status LEADER term:3 commitIndex:2
2026/02/07 14:34:12 [14:34:12.140] [Node:2] [HEARTBEAT] [Trace:HB_2_4] 开始发送心跳广播 status LEADER term:4 commitIndex:6
2026/02/07 14:34:12 [Node:0] nextIndex:[2 2 3]
2026/02/07 14:34:12 [14:34:12.140] [Node:1] [HEARTBEAT] [Trace:HB_1_4] Follower等心跳 status FOLLOWER term:4 commitIndex:6
2026/02/07 14:34:12 [Node:0] getLogStartIndex index:2 last snapshot index:0
2026/02/07 14:34:12 [Node:0] getNextIndex len:3 last snapshot index:0
2026/02/07 14:34:12 [Node:2] nextIndex:[3 7 3]
2026/02/07 14:34:12 [Node:2] getLogStartIndex index:2 last snapshot index:0
2026/02/07 14:34:12 [14:34:12.140] [Node:0] [LOG_REPLICA] [Trace:LOG_0_3][0->2] 发送日志or心跳到 Node:2 开始 args:{3 0 2 3 [] 2 LOG_0_3 0 {0 0 map[] map[]}}
2026/02/07 14:34:12 [Node:0] nextIndex:[2 2 3]
2026/02/07 14:34:12 [Node:0] getLogStartIndex index:1 last snapshot index:0
2026/02/07 14:34:12 [Node:0] getNextIndex len:3 last snapshot index:0
2026/02/07 14:34:12 [Node:2] getNextIndex len:7 last snapshot index:0
2026/02/07 14:34:12 [Node:0] getLogStartIndex index:2 last snapshot index:0
2026/02/07 14:34:12 [Node:2] getLogStartIndex index:3 last snapshot index:0
2026/02/07 14:34:12 [14:34:12.140] [Node:0] [LOG_REPLICA] [Trace:LOG_0_3][0->1] 发送日志or心跳到 Node:1 开始 args:{3 0 1 2 [{103 3 false 2}] 2 LOG_0_3 0 {0 0 map[] map[]}}
2026/02/07 14:34:12 [Node:2] nextIndex:[3 7 3]
2026/02/07 14:34:12 [Node:2] getLogStartIndex index:6 last snapshot index:0
2026/02/07 14:34:12 [14:34:12.140] [Node:2] [LOG_REPLICA] [Trace:LOG_2_4][2->0] 发送日志or心跳到 Node:0 开始 args:{4 2 2 3 [{104 4 false 3} {104 4 false 4} {104 4 false 5} {104 4 false 6}] 6 LOG_2_4 2 {0 0 map[] map[]}}
2026/02/07 14:34:12 [Node:2] getNextIndex len:7 last snapshot index:0
2026/02/07 14:34:12 [14:34:12.140] [Node:2] [LOG_REPLICA] [Trace:LOG_2_4][2->1] 发送日志or心跳到 Node:1 开始 args:{4 2 6 4 [] 6 LOG_2_4 2 {0 0 map[] map[]}}
2026/02/07 14:34:12 [14:34:12.141] [Node:1] [HEARTBEAT] [Trace:LOG_2_4][2->1] AppendEntries 收到 term:4 leaderId:2 prevLogIndex:6 prevLogTerm:4 entries:0 leaderCommit:6 isHeartbeat:true currentTerm:4 status:FOLLOWER log:[]
2026/02/07 14:34:12 [Node:1] getNextIndex len:8 last snapshot index:0
2026/02/07 14:34:12 [14:34:12.141] [Node:1] [HEARTBEAT] [Trace:LOG_2_4][2->1] 打印日志结果:[{<nil> 0 false 0} {101 2 false 1} {101 2 false 1} {103 3 false 2} {104 4 false 3} {104 4 false 4} {104 4 false 5} {104 4 false 6}] 
2026/02/07 14:34:12 [Node:1] getLogStartIndex index:6 last snapshot index:0
2026/02/07 14:34:12 [14:34:12.141] [Node:1] [HEARTBEAT] [Trace:LOG_2_4][2->1] 复制日志结果:[{<nil> 0 false 0} {101 2 false 1} {101 2 false 1} {103 3 false 2} {104 4 false 3} {104 4 false 4} {104 4 false 5} {104 4 false 6}] 
2026/02/07 14:34:12 [14:34:12.141] [Node:2] [LOG_REPLICA] [Trace:LOG_2_4][2->1] 心跳返回 from peer:1 term:4 success:true
2026/02/07 14:34:12 rfats [0xc00010c000 0xc00010c100 0xc00010c200]
2026/02/07 14:34:12 i 0 cmd1 <nil>, ok false
2026/02/07 14:34:12 i 1 cmd1 <nil>, ok false
2026/02/07 14:34:12 i 2 cmd1 104, ok true
2026/02/07 14:34:12 nd 1, cmd1 104 cmd 104
2026/02/07 14:34:12 rfats [0xc00010c000 0xc00010c100 0xc00010c200]
2026/02/07 14:34:12 i 0 cmd1 <nil>, ok false
2026/02/07 14:34:12 i 1 cmd1 <nil>, ok false
2026/02/07 14:34:12 i 2 cmd1 104, ok true
2026/02/07 14:34:12 nd 1, cmd1 104 cmd 104
2026/02/07 14:34:12 [14:34:12.191] [Node:1] [HEARTBEAT] [Trace:HB_1_4] Follower等心跳 status FOLLOWER term:4 commitIndex:6
2026/02/07 14:34:12 [14:34:12.191] [Node:2] [HEARTBEAT] [Trace:HB_2_4] 开始发送心跳广播 status LEADER term:4 commitIndex:6
2026/02/07 14:34:12 [14:34:12.191] [Node:0] [HEARTBEAT] [Trace:HB_0_3] 开始发送心跳广播 status LEADER term:3 commitIndex:2
2026/02/07 14:34:12 [Node:2] nextIndex:[3 7 3]
2026/02/07 14:34:12 [Node:0] nextIndex:[2 2 3]
2026/02/07 14:34:12 [Node:0] getLogStartIndex index:1 last snapshot index:0
2026/02/07 14:34:12 [Node:0] getNextIndex len:3 last snapshot index:0
2026/02/07 14:34:12 [Node:0] getLogStartIndex index:2 last snapshot index:0
2026/02/07 14:34:12 [Node:2] getLogStartIndex index:6 last snapshot index:0
2026/02/07 14:34:12 [Node:2] getNextIndex len:7 last snapshot index:0
2026/02/07 14:34:12 [14:34:12.191] [Node:0] [LOG_REPLICA] [Trace:LOG_0_3][0->1] 发送日志or心跳到 Node:1 开始 args:{3 0 1 2 [{103 3 false 2}] 2 LOG_0_3 0 {0 0 map[] map[]}}
2026/02/07 14:34:12 [Node:2] nextIndex:[3 7 3]
2026/02/07 14:34:12 [Node:0] nextIndex:[2 2 3]
2026/02/07 14:34:12 [Node:0] getLogStartIndex index:2 last snapshot index:0
2026/02/07 14:34:12 [14:34:12.191] [Node:2] [LOG_REPLICA] [Trace:LOG_2_4][2->1] 发送日志or心跳到 Node:1 开始 args:{4 2 6 4 [] 6 LOG_2_4 2 {0 0 map[] map[]}}
2026/02/07 14:34:12 [Node:2] getLogStartIndex index:2 last snapshot index:0
2026/02/07 14:34:12 [Node:2] getNextIndex len:7 last snapshot index:0
2026/02/07 14:34:12 [Node:0] getNextIndex len:3 last snapshot index:0
2026/02/07 14:34:12 [14:34:12.191] [Node:0] [LOG_REPLICA] [Trace:LOG_0_3][0->2] 发送日志or心跳到 Node:2 开始 args:{3 0 2 3 [] 2 LOG_0_3 0 {0 0 map[] map[]}}
2026/02/07 14:34:12 [Node:2] getLogStartIndex index:3 last snapshot index:0
2026/02/07 14:34:12 [14:34:12.191] [Node:2] [LOG_REPLICA] [Trace:LOG_2_4][2->0] 发送日志or心跳到 Node:0 开始 args:{4 2 2 3 [{104 4 false 3} {104 4 false 4} {104 4 false 5} {104 4 false 6}] 6 LOG_2_4 2 {0 0 map[] map[]}}
2026/02/07 14:34:12 [14:34:12.192] [Node:1] [HEARTBEAT] [Trace:LOG_2_4][2->1] AppendEntries 收到 term:4 leaderId:2 prevLogIndex:6 prevLogTerm:4 entries:0 leaderCommit:6 isHeartbeat:true currentTerm:4 status:FOLLOWER log:[]
2026/02/07 14:34:12 [Node:1] getNextIndex len:8 last snapshot index:0
2026/02/07 14:34:12 [14:34:12.192] [Node:1] [HEARTBEAT] [Trace:LOG_2_4][2->1] 打印日志结果:[{<nil> 0 false 0} {101 2 false 1} {101 2 false 1} {103 3 false 2} {104 4 false 3} {104 4 false 4} {104 4 false 5} {104 4 false 6}] 
2026/02/07 14:34:12 [Node:1] getLogStartIndex index:6 last snapshot index:0
2026/02/07 14:34:12 [14:34:12.192] [Node:1] [HEARTBEAT] [Trace:LOG_2_4][2->1] 复制日志结果:[{<nil> 0 false 0} {101 2 false 1} {101 2 false 1} {103 3 false 2} {104 4 false 3} {104 4 false 4} {104 4 false 5} {104 4 false 6}] 
2026/02/07 14:34:12 [14:34:12.192] [Node:2] [LOG_REPLICA] [Trace:LOG_2_4][2->1] 心跳返回 from peer:1 term:4 success:true
2026/02/07 14:34:12 rfats [0xc00010c000 0xc00010c100 0xc00010c200]
2026/02/07 14:34:12 i 0 cmd1 <nil>, ok false
2026/02/07 14:34:12 i 1 cmd1 <nil>, ok false
2026/02/07 14:34:12 i 2 cmd1 104, ok true
2026/02/07 14:34:12 nd 1, cmd1 104 cmd 104
2026/02/07 14:34:12 rfats [0xc00010c000 0xc00010c100 0xc00010c200]
2026/02/07 14:34:12 i 0 cmd1 <nil>, ok false
2026/02/07 14:34:12 i 1 cmd1 <nil>, ok false
2026/02/07 14:34:12 i 2 cmd1 104, ok true
2026/02/07 14:34:12 nd 1, cmd1 104 cmd 104
2026/02/07 14:34:12 rfats [0xc00010c000 0xc00010c100 0xc00010c200]
2026/02/07 14:34:12 i 0 cmd1 <nil>, ok false
2026/02/07 14:34:12 i 1 cmd1 <nil>, ok false
2026/02/07 14:34:12 i 2 cmd1 104, ok true
2026/02/07 14:34:12 nd 1, cmd1 104 cmd 104
2026/02/07 14:34:12 [14:34:12.241] [Node:1] [HEARTBEAT] [Trace:HB_1_4] Follower等心跳 status FOLLOWER term:4 commitIndex:6
2026/02/07 14:34:12 [14:34:12.241] [Node:0] [HEARTBEAT] [Trace:HB_0_3] 开始发送心跳广播 status LEADER term:3 commitIndex:2
2026/02/07 14:34:12 [14:34:12.241] [Node:2] [HEARTBEAT] [Trace:HB_2_4] 开始发送心跳广播 status LEADER term:4 commitIndex:6
2026/02/07 14:34:12 [Node:2] nextIndex:[3 7 3]
2026/02/07 14:34:12 [Node:2] getLogStartIndex index:6 last snapshot index:0
2026/02/07 14:34:12 [Node:2] getNextIndex len:7 last snapshot index:0
2026/02/07 14:34:12 [Node:0] nextIndex:[2 2 3]
2026/02/07 14:34:12 [Node:0] getLogStartIndex index:1 last snapshot index:0
2026/02/07 14:34:12 [14:34:12.241] [Node:2] [LOG_REPLICA] [Trace:LOG_2_4][2->1] 发送日志or心跳到 Node:1 开始 args:{4 2 6 4 [] 6 LOG_2_4 2 {0 0 map[] map[]}}
2026/02/07 14:34:12 [Node:2] nextIndex:[3 7 3]
2026/02/07 14:34:12 [Node:2] getLogStartIndex index:2 last snapshot index:0
2026/02/07 14:34:12 [Node:0] getNextIndex len:3 last snapshot index:0
2026/02/07 14:34:12 [Node:0] getLogStartIndex index:2 last snapshot index:0
2026/02/07 14:34:12 [Node:2] getNextIndex len:7 last snapshot index:0
2026/02/07 14:34:12 [Node:2] getLogStartIndex index:3 last snapshot index:0
2026/02/07 14:34:12 [14:34:12.241] [Node:0] [LOG_REPLICA] [Trace:LOG_0_3][0->1] 发送日志or心跳到 Node:1 开始 args:{3 0 1 2 [{103 3 false 2}] 2 LOG_0_3 0 {0 0 map[] map[]}}
2026/02/07 14:34:12 [14:34:12.241] [Node:2] [LOG_REPLICA] [Trace:LOG_2_4][2->0] 发送日志or心跳到 Node:0 开始 args:{4 2 2 3 [{104 4 false 3} {104 4 false 4} {104 4 false 5} {104 4 false 6}] 6 LOG_2_4 2 {0 0 map[] map[]}}
2026/02/07 14:34:12 [Node:0] nextIndex:[2 2 3]
2026/02/07 14:34:12 [Node:0] getLogStartIndex index:2 last snapshot index:0
2026/02/07 14:34:12 [Node:0] getNextIndex len:3 last snapshot index:0
2026/02/07 14:34:12 [14:34:12.241] [Node:0] [LOG_REPLICA] [Trace:LOG_0_3][0->2] 发送日志or心跳到 Node:2 开始 args:{3 0 2 3 [] 2 LOG_0_3 0 {0 0 map[] map[]}}
2026/02/07 14:34:12 [14:34:12.242] [Node:1] [HEARTBEAT] [Trace:LOG_2_4][2->1] AppendEntries 收到 term:4 leaderId:2 prevLogIndex:6 prevLogTerm:4 entries:0 leaderCommit:6 isHeartbeat:true currentTerm:4 status:FOLLOWER log:[]
2026/02/07 14:34:12 [Node:1] getNextIndex len:8 last snapshot index:0
2026/02/07 14:34:12 [14:34:12.242] [Node:1] [HEARTBEAT] [Trace:LOG_2_4][2->1] 打印日志结果:[{<nil> 0 false 0} {101 2 false 1} {101 2 false 1} {103 3 false 2} {104 4 false 3} {104 4 false 4} {104 4 false 5} {104 4 false 6}] 
2026/02/07 14:34:12 [Node:1] getLogStartIndex index:6 last snapshot index:0
2026/02/07 14:34:12 [14:34:12.242] [Node:1] [HEARTBEAT] [Trace:LOG_2_4][2->1] 复制日志结果:[{<nil> 0 false 0} {101 2 false 1} {101 2 false 1} {103 3 false 2} {104 4 false 3} {104 4 false 4} {104 4 false 5} {104 4 false 6}] 
2026/02/07 14:34:12 [14:34:12.242] [Node:2] [LOG_REPLICA] [Trace:LOG_2_4][2->1] 心跳返回 from peer:1 term:4 success:true
2026/02/07 14:34:12 rfats [0xc00010c000 0xc00010c100 0xc00010c200]
2026/02/07 14:34:12 i 0 cmd1 <nil>, ok false
2026/02/07 14:34:12 i 1 cmd1 <nil>, ok false
2026/02/07 14:34:12 i 2 cmd1 104, ok true
2026/02/07 14:34:12 nd 1, cmd1 104 cmd 104
2026/02/07 14:34:12 rfats [0xc00010c000 0xc00010c100 0xc00010c200]
2026/02/07 14:34:12 i 0 cmd1 <nil>, ok false
2026/02/07 14:34:12 i 1 cmd1 <nil>, ok false
2026/02/07 14:34:12 i 2 cmd1 104, ok true
2026/02/07 14:34:12 nd 1, cmd1 104 cmd 104
2026/02/07 14:34:12 [14:34:12.291] [Node:2] [HEARTBEAT] [Trace:HB_2_4] 开始发送心跳广播 status LEADER term:4 commitIndex:6
2026/02/07 14:34:12 [14:34:12.291] [Node:0] [HEARTBEAT] [Trace:HB_0_3] 开始发送心跳广播 status LEADER term:3 commitIndex:2
2026/02/07 14:34:12 [14:34:12.291] [Node:1] [HEARTBEAT] [Trace:HB_1_4] Follower等心跳 status FOLLOWER term:4 commitIndex:6
2026/02/07 14:34:12 [Node:2] nextIndex:[3 7 3]
2026/02/07 14:34:12 [Node:0] nextIndex:[2 2 3]
2026/02/07 14:34:12 [Node:2] getLogStartIndex index:2 last snapshot index:0
2026/02/07 14:34:12 [Node:2] getNextIndex len:7 last snapshot index:0
2026/02/07 14:34:12 [Node:0] getLogStartIndex index:1 last snapshot index:0
2026/02/07 14:34:12 [Node:0] getNextIndex len:3 last snapshot index:0
2026/02/07 14:34:12 [Node:0] getLogStartIndex index:2 last snapshot index:0
2026/02/07 14:34:12 [Node:2] getLogStartIndex index:3 last snapshot index:0
2026/02/07 14:34:12 [Node:0] nextIndex:[2 2 3]
2026/02/07 14:34:12 [14:34:12.292] [Node:0] [LOG_REPLICA] [Trace:LOG_0_3][0->1] 发送日志or心跳到 Node:1 开始 args:{3 0 1 2 [{103 3 false 2}] 2 LOG_0_3 0 {0 0 map[] map[]}}
2026/02/07 14:34:12 [Node:0] getLogStartIndex index:2 last snapshot index:0
2026/02/07 14:34:12 [14:34:12.292] [Node:2] [LOG_REPLICA] [Trace:LOG_2_4][2->0] 发送日志or心跳到 Node:0 开始 args:{4 2 2 3 [{104 4 false 3} {104 4 false 4} {104 4 false 5} {104 4 false 6}] 6 LOG_2_4 2 {0 0 map[] map[]}}
2026/02/07 14:34:12 [Node:2] nextIndex:[3 7 3]
2026/02/07 14:34:12 [Node:2] getLogStartIndex index:6 last snapshot index:0
2026/02/07 14:34:12 [Node:2] getNextIndex len:7 last snapshot index:0
2026/02/07 14:34:12 [Node:0] getNextIndex len:3 last snapshot index:0
2026/02/07 14:34:12 [14:34:12.292] [Node:2] [LOG_REPLICA] [Trace:LOG_2_4][2->1] 发送日志or心跳到 Node:1 开始 args:{4 2 6 4 [] 6 LOG_2_4 2 {0 0 map[] map[]}}
2026/02/07 14:34:12 [14:34:12.292] [Node:0] [LOG_REPLICA] [Trace:LOG_0_3][0->2] 发送日志or心跳到 Node:2 开始 args:{3 0 2 3 [] 2 LOG_0_3 0 {0 0 map[] map[]}}
2026/02/07 14:34:12 [14:34:12.292] [Node:1] [HEARTBEAT] [Trace:LOG_2_4][2->1] AppendEntries 收到 term:4 leaderId:2 prevLogIndex:6 prevLogTerm:4 entries:0 leaderCommit:6 isHeartbeat:true currentTerm:4 status:FOLLOWER log:[]
2026/02/07 14:34:12 [Node:1] getNextIndex len:8 last snapshot index:0
2026/02/07 14:34:12 [14:34:12.292] [Node:1] [HEARTBEAT] [Trace:LOG_2_4][2->1] 打印日志结果:[{<nil> 0 false 0} {101 2 false 1} {101 2 false 1} {103 3 false 2} {104 4 false 3} {104 4 false 4} {104 4 false 5} {104 4 false 6}] 
2026/02/07 14:34:12 [Node:1] getLogStartIndex index:6 last snapshot index:0
2026/02/07 14:34:12 [14:34:12.292] [Node:1] [HEARTBEAT] [Trace:LOG_2_4][2->1] 复制日志结果:[{<nil> 0 false 0} {101 2 false 1} {101 2 false 1} {103 3 false 2} {104 4 false 3} {104 4 false 4} {104 4 false 5} {104 4 false 6}] 
2026/02/07 14:34:12 [14:34:12.293] [Node:2] [LOG_REPLICA] [Trace:LOG_2_4][2->1] 心跳返回 from peer:1 term:4 success:true
2026/02/07 14:34:12 rfats [0xc00010c000 0xc00010c100 0xc00010c200]
2026/02/07 14:34:12 i 0 cmd1 <nil>, ok false
2026/02/07 14:34:12 i 1 cmd1 <nil>, ok false
2026/02/07 14:34:12 i 2 cmd1 104, ok true
2026/02/07 14:34:12 nd 1, cmd1 104 cmd 104
2026/02/07 14:34:12 rfats [0xc00010c000 0xc00010c100 0xc00010c200]
2026/02/07 14:34:12 i 0 cmd1 <nil>, ok false
2026/02/07 14:34:12 i 1 cmd1 <nil>, ok false
2026/02/07 14:34:12 i 2 cmd1 104, ok true
2026/02/07 14:34:12 nd 1, cmd1 104 cmd 104
2026/02/07 14:34:12 rfats [0xc00010c000 0xc00010c100 0xc00010c200]
2026/02/07 14:34:12 i 0 cmd1 <nil>, ok false
2026/02/07 14:34:12 i 1 cmd1 <nil>, ok false
2026/02/07 14:34:12 i 2 cmd1 104, ok true
2026/02/07 14:34:12 nd 1, cmd1 104 cmd 104
2026/02/07 14:34:12 [14:34:12.342] [Node:1] [HEARTBEAT] [Trace:HB_1_4] Follower等心跳 status FOLLOWER term:4 commitIndex:6
2026/02/07 14:34:12 [14:34:12.342] [Node:0] [HEARTBEAT] [Trace:HB_0_3] 开始发送心跳广播 status LEADER term:3 commitIndex:2
2026/02/07 14:34:12 [14:34:12.342] [Node:2] [HEARTBEAT] [Trace:HB_2_4] 开始发送心跳广播 status LEADER term:4 commitIndex:6
2026/02/07 14:34:12 [Node:0] nextIndex:[2 2 3]
2026/02/07 14:34:12 [Node:2] nextIndex:[3 7 3]
2026/02/07 14:34:12 [Node:2] getLogStartIndex index:2 last snapshot index:0
2026/02/07 14:34:12 [Node:0] getLogStartIndex index:1 last snapshot index:0
2026/02/07 14:34:12 [Node:2] getNextIndex len:7 last snapshot index:0
2026/02/07 14:34:12 [Node:0] getNextIndex len:3 last snapshot index:0
2026/02/07 14:34:12 [Node:0] getLogStartIndex index:2 last snapshot index:0
2026/02/07 14:34:12 [Node:2] getLogStartIndex index:3 last snapshot index:0
2026/02/07 14:34:12 [Node:0] nextIndex:[2 2 3]
2026/02/07 14:34:12 [14:34:12.342] [Node:0] [LOG_REPLICA] [Trace:LOG_0_3][0->1] 发送日志or心跳到 Node:1 开始 args:{3 0 1 2 [{103 3 false 2}] 2 LOG_0_3 0 {0 0 map[] map[]}}
2026/02/07 14:34:12 [Node:0] getLogStartIndex index:2 last snapshot index:0
2026/02/07 14:34:12 [Node:0] getNextIndex len:3 last snapshot index:0
2026/02/07 14:34:12 [14:34:12.342] [Node:2] [LOG_REPLICA] [Trace:LOG_2_4][2->0] 发送日志or心跳到 Node:0 开始 args:{4 2 2 3 [{104 4 false 3} {104 4 false 4} {104 4 false 5} {104 4 false 6}] 6 LOG_2_4 2 {0 0 map[] map[]}}
2026/02/07 14:34:12 [Node:2] nextIndex:[3 7 3]
2026/02/07 14:34:12 [14:34:12.342] [Node:0] [LOG_REPLICA] [Trace:LOG_0_3][0->2] 发送日志or心跳到 Node:2 开始 args:{3 0 2 3 [] 2 LOG_0_3 0 {0 0 map[] map[]}}
2026/02/07 14:34:12 [Node:2] getLogStartIndex index:6 last snapshot index:0
2026/02/07 14:34:12 [Node:2] getNextIndex len:7 last snapshot index:0
2026/02/07 14:34:12 [14:34:12.342] [Node:2] [LOG_REPLICA] [Trace:LOG_2_4][2->1] 发送日志or心跳到 Node:1 开始 args:{4 2 6 4 [] 6 LOG_2_4 2 {0 0 map[] map[]}}
2026/02/07 14:34:12 [14:34:12.343] [Node:1] [HEARTBEAT] [Trace:LOG_2_4][2->1] AppendEntries 收到 term:4 leaderId:2 prevLogIndex:6 prevLogTerm:4 entries:0 leaderCommit:6 isHeartbeat:true currentTerm:4 status:FOLLOWER log:[]
2026/02/07 14:34:12 [Node:1] getNextIndex len:8 last snapshot index:0
2026/02/07 14:34:12 [14:34:12.343] [Node:1] [HEARTBEAT] [Trace:LOG_2_4][2->1] 打印日志结果:[{<nil> 0 false 0} {101 2 false 1} {101 2 false 1} {103 3 false 2} {104 4 false 3} {104 4 false 4} {104 4 false 5} {104 4 false 6}] 
2026/02/07 14:34:12 [Node:1] getLogStartIndex index:6 last snapshot index:0
2026/02/07 14:34:12 [14:34:12.344] [Node:1] [HEARTBEAT] [Trace:LOG_2_4][2->1] 复制日志结果:[{<nil> 0 false 0} {101 2 false 1} {101 2 false 1} {103 3 false 2} {104 4 false 3} {104 4 false 4} {104 4 false 5} {104 4 false 6}] 
2026/02/07 14:34:12 [14:34:12.345] [Node:2] [LOG_REPLICA] [Trace:LOG_2_4][2->1] 心跳返回 from peer:1 term:4 success:true
2026/02/07 14:34:12 rfats [0xc00010c000 0xc00010c100 0xc00010c200]
2026/02/07 14:34:12 i 0 cmd1 <nil>, ok false
2026/02/07 14:34:12 i 1 cmd1 <nil>, ok false
2026/02/07 14:34:12 i 2 cmd1 104, ok true
2026/02/07 14:34:12 nd 1, cmd1 104 cmd 104
2026/02/07 14:34:12 rfats [0xc00010c000 0xc00010c100 0xc00010c200]
2026/02/07 14:34:12 i 0 cmd1 <nil>, ok false
2026/02/07 14:34:12 i 1 cmd1 <nil>, ok false
2026/02/07 14:34:12 i 2 cmd1 104, ok true
2026/02/07 14:34:12 nd 1, cmd1 104 cmd 104
2026/02/07 14:34:12 [14:34:12.393] [Node:2] [HEARTBEAT] [Trace:HB_2_4] 开始发送心跳广播 status LEADER term:4 commitIndex:6
2026/02/07 14:34:12 [14:34:12.393] [Node:1] [HEARTBEAT] [Trace:HB_1_4] Follower等心跳 status FOLLOWER term:4 commitIndex:6
2026/02/07 14:34:12 [14:34:12.393] [Node:0] [HEARTBEAT] [Trace:HB_0_3] 开始发送心跳广播 status LEADER term:3 commitIndex:2
2026/02/07 14:34:12 [Node:2] nextIndex:[3 7 3]
2026/02/07 14:34:12 [Node:2] getLogStartIndex index:2 last snapshot index:0
2026/02/07 14:34:12 [Node:0] nextIndex:[2 2 3]
2026/02/07 14:34:12 [Node:2] getNextIndex len:7 last snapshot index:0
2026/02/07 14:34:12 [Node:2] getLogStartIndex index:3 last snapshot index:0
2026/02/07 14:34:12 [Node:0] getLogStartIndex index:2 last snapshot index:0
2026/02/07 14:34:12 [Node:0] getNextIndex len:3 last snapshot index:0
2026/02/07 14:34:12 [Node:2] nextIndex:[3 7 3]
2026/02/07 14:34:12 [14:34:12.393] [Node:2] [LOG_REPLICA] [Trace:LOG_2_4][2->0] 发送日志or心跳到 Node:0 开始 args:{4 2 2 3 [{104 4 false 3} {104 4 false 4} {104 4 false 5} {104 4 false 6}] 6 LOG_2_4 2 {0 0 map[] map[]}}
2026/02/07 14:34:12 [14:34:12.393] [Node:0] [LOG_REPLICA] [Trace:LOG_0_3][0->2] 发送日志or心跳到 Node:2 开始 args:{3 0 2 3 [] 2 LOG_0_3 0 {0 0 map[] map[]}}
2026/02/07 14:34:12 [Node:2] getLogStartIndex index:6 last snapshot index:0
2026/02/07 14:34:12 [Node:2] getNextIndex len:7 last snapshot index:0
2026/02/07 14:34:12 [Node:0] nextIndex:[2 2 3]
2026/02/07 14:34:12 [Node:0] getLogStartIndex index:1 last snapshot index:0
2026/02/07 14:34:12 [Node:0] getNextIndex len:3 last snapshot index:0
2026/02/07 14:34:12 [Node:0] getLogStartIndex index:2 last snapshot index:0
2026/02/07 14:34:12 [14:34:12.393] [Node:2] [LOG_REPLICA] [Trace:LOG_2_4][2->1] 发送日志or心跳到 Node:1 开始 args:{4 2 6 4 [] 6 LOG_2_4 2 {0 0 map[] map[]}}
2026/02/07 14:34:12 [14:34:12.393] [Node:0] [LOG_REPLICA] [Trace:LOG_0_3][0->1] 发送日志or心跳到 Node:1 开始 args:{3 0 1 2 [{103 3 false 2}] 2 LOG_0_3 0 {0 0 map[] map[]}}
2026/02/07 14:34:12 [14:34:12.394] [Node:1] [HEARTBEAT] [Trace:LOG_2_4][2->1] AppendEntries 收到 term:4 leaderId:2 prevLogIndex:6 prevLogTerm:4 entries:0 leaderCommit:6 isHeartbeat:true currentTerm:4 status:FOLLOWER log:[]
2026/02/07 14:34:12 [Node:1] getNextIndex len:8 last snapshot index:0
2026/02/07 14:34:12 [14:34:12.394] [Node:1] [HEARTBEAT] [Trace:LOG_2_4][2->1] 打印日志结果:[{<nil> 0 false 0} {101 2 false 1} {101 2 false 1} {103 3 false 2} {104 4 false 3} {104 4 false 4} {104 4 false 5} {104 4 false 6}] 
2026/02/07 14:34:12 [Node:1] getLogStartIndex index:6 last snapshot index:0
2026/02/07 14:34:12 [14:34:12.394] [Node:1] [HEARTBEAT] [Trace:LOG_2_4][2->1] 复制日志结果:[{<nil> 0 false 0} {101 2 false 1} {101 2 false 1} {103 3 false 2} {104 4 false 3} {104 4 false 4} {104 4 false 5} {104 4 false 6}] 
2026/02/07 14:34:12 [14:34:12.394] [Node:2] [LOG_REPLICA] [Trace:LOG_2_4][2->1] 心跳返回 from peer:1 term:4 success:true
2026/02/07 14:34:12 rfats [0xc00010c000 0xc00010c100 0xc00010c200]
2026/02/07 14:34:12 i 0 cmd1 <nil>, ok false
2026/02/07 14:34:12 i 1 cmd1 <nil>, ok false
2026/02/07 14:34:12 i 2 cmd1 104, ok true
2026/02/07 14:34:12 nd 1, cmd1 104 cmd 104
2026/02/07 14:34:12 rfats [0xc00010c000 0xc00010c100 0xc00010c200]
2026/02/07 14:34:12 i 0 cmd1 <nil>, ok false
2026/02/07 14:34:12 i 1 cmd1 <nil>, ok false
2026/02/07 14:34:12 i 2 cmd1 104, ok true
2026/02/07 14:34:12 nd 1, cmd1 104 cmd 104
2026/02/07 14:34:12 [14:34:12.443] [Node:1] [HEARTBEAT] [Trace:HB_1_4] Follower等心跳 status FOLLOWER term:4 commitIndex:6
2026/02/07 14:34:12 rfats [0xc00010c000 0xc00010c100 0xc00010c200]
2026/02/07 14:34:12 i 0 cmd1 <nil>, ok false
2026/02/07 14:34:12 i 1 cmd1 <nil>, ok false
2026/02/07 14:34:12 [14:34:12.443] [Node:0] [HEARTBEAT] [Trace:HB_0_3] 开始发送心跳广播 status LEADER term:3 commitIndex:2
2026/02/07 14:34:12 [14:34:12.443] [Node:2] [HEARTBEAT] [Trace:HB_2_4] 开始发送心跳广播 status LEADER term:4 commitIndex:6
2026/02/07 14:34:12 i 2 cmd1 104, ok true
2026/02/07 14:34:12 nd 1, cmd1 104 cmd 104
2026/02/07 14:34:12 [Node:0] nextIndex:[2 2 3]
2026/02/07 14:34:12 [Node:2] nextIndex:[3 7 3]
2026/02/07 14:34:12 [Node:0] getLogStartIndex index:1 last snapshot index:0
2026/02/07 14:34:12 [Node:2] getLogStartIndex index:6 last snapshot index:0
2026/02/07 14:34:12 [Node:0] getNextIndex len:3 last snapshot index:0
2026/02/07 14:34:12 [Node:2] getNextIndex len:7 last snapshot index:0
2026/02/07 14:34:12 [Node:0] getLogStartIndex index:2 last snapshot index:0
2026/02/07 14:34:12 [Node:2] nextIndex:[3 7 3]
2026/02/07 14:34:12 [Node:2] getLogStartIndex index:2 last snapshot index:0
2026/02/07 14:34:12 [14:34:12.444] [Node:2] [LOG_REPLICA] [Trace:LOG_2_4][2->1] 发送日志or心跳到 Node:1 开始 args:{4 2 6 4 [] 6 LOG_2_4 2 {0 0 map[] map[]}}
2026/02/07 14:34:12 [Node:2] getNextIndex len:7 last snapshot index:0
2026/02/07 14:34:12 [14:34:12.444] [Node:0] [LOG_REPLICA] [Trace:LOG_0_3][0->1] 发送日志or心跳到 Node:1 开始 args:{3 0 1 2 [{103 3 false 2}] 2 LOG_0_3 0 {0 0 map[] map[]}}
2026/02/07 14:34:12 [Node:2] getLogStartIndex index:3 last snapshot index:0
2026/02/07 14:34:12 [Node:0] nextIndex:[2 2 3]
2026/02/07 14:34:12 [Node:0] getLogStartIndex index:2 last snapshot index:0
2026/02/07 14:34:12 [14:34:12.444] [Node:2] [LOG_REPLICA] [Trace:LOG_2_4][2->0] 发送日志or心跳到 Node:0 开始 args:{4 2 2 3 [{104 4 false 3} {104 4 false 4} {104 4 false 5} {104 4 false 6}] 6 LOG_2_4 2 {0 0 map[] map[]}}
2026/02/07 14:34:12 [Node:0] getNextIndex len:3 last snapshot index:0
2026/02/07 14:34:12 [14:34:12.444] [Node:0] [LOG_REPLICA] [Trace:LOG_0_3][0->2] 发送日志or心跳到 Node:2 开始 args:{3 0 2 3 [] 2 LOG_0_3 0 {0 0 map[] map[]}}
2026/02/07 14:34:12 [14:34:12.444] [Node:1] [HEARTBEAT] [Trace:LOG_2_4][2->1] AppendEntries 收到 term:4 leaderId:2 prevLogIndex:6 prevLogTerm:4 entries:0 leaderCommit:6 isHeartbeat:true currentTerm:4 status:FOLLOWER log:[]
2026/02/07 14:34:12 [Node:1] getNextIndex len:8 last snapshot index:0
2026/02/07 14:34:12 [14:34:12.444] [Node:1] [HEARTBEAT] [Trace:LOG_2_4][2->1] 打印日志结果:[{<nil> 0 false 0} {101 2 false 1} {101 2 false 1} {103 3 false 2} {104 4 false 3} {104 4 false 4} {104 4 false 5} {104 4 false 6}] 
2026/02/07 14:34:12 [Node:1] getLogStartIndex index:6 last snapshot index:0
2026/02/07 14:34:12 [14:34:12.444] [Node:1] [HEARTBEAT] [Trace:LOG_2_4][2->1] 复制日志结果:[{<nil> 0 false 0} {101 2 false 1} {101 2 false 1} {103 3 false 2} {104 4 false 3} {104 4 false 4} {104 4 false 5} {104 4 false 6}] 
2026/02/07 14:34:12 [14:34:12.444] [Node:2] [LOG_REPLICA] [Trace:LOG_2_4][2->1] 心跳返回 from peer:1 term:4 success:true
2026/02/07 14:34:12 rfats [0xc00010c000 0xc00010c100 0xc00010c200]
2026/02/07 14:34:12 i 0 cmd1 <nil>, ok false
2026/02/07 14:34:12 i 1 cmd1 <nil>, ok false
2026/02/07 14:34:12 i 2 cmd1 104, ok true
2026/02/07 14:34:12 nd 1, cmd1 104 cmd 104
2026/02/07 14:34:12 rfats [0xc00010c000 0xc00010c100 0xc00010c200]
2026/02/07 14:34:12 i 0 cmd1 <nil>, ok false
2026/02/07 14:34:12 i 1 cmd1 <nil>, ok false
2026/02/07 14:34:12 i 2 cmd1 104, ok true
2026/02/07 14:34:12 nd 1, cmd1 104 cmd 104
2026/02/07 14:34:12 [14:34:12.494] [Node:2] [HEARTBEAT] [Trace:HB_2_4] 开始发送心跳广播 status LEADER term:4 commitIndex:6
2026/02/07 14:34:12 [14:34:12.494] [Node:0] [HEARTBEAT] [Trace:HB_0_3] 开始发送心跳广播 status LEADER term:3 commitIndex:2
2026/02/07 14:34:12 [14:34:12.494] [Node:1] [HEARTBEAT] [Trace:HB_1_4] Follower等心跳 status FOLLOWER term:4 commitIndex:6
2026/02/07 14:34:12 [Node:2] nextIndex:[3 7 3]
2026/02/07 14:34:12 [Node:0] nextIndex:[2 2 3]
2026/02/07 14:34:12 [Node:0] getLogStartIndex index:2 last snapshot index:0
2026/02/07 14:34:12 [Node:2] getLogStartIndex index:6 last snapshot index:0
2026/02/07 14:34:12 [Node:0] getNextIndex len:3 last snapshot index:0
2026/02/07 14:34:12 [Node:2] getNextIndex len:7 last snapshot index:0
2026/02/07 14:34:12 [14:34:12.494] [Node:0] [LOG_REPLICA] [Trace:LOG_0_3][0->2] 发送日志or心跳到 Node:2 开始 args:{3 0 2 3 [] 2 LOG_0_3 0 {0 0 map[] map[]}}
2026/02/07 14:34:12 [Node:0] nextIndex:[2 2 3]
2026/02/07 14:34:12 [14:34:12.494] [Node:2] [LOG_REPLICA] [Trace:LOG_2_4][2->1] 发送日志or心跳到 Node:1 开始 args:{4 2 6 4 [] 6 LOG_2_4 2 {0 0 map[] map[]}}
2026/02/07 14:34:12 [Node:0] getLogStartIndex index:1 last snapshot index:0
2026/02/07 14:34:12 [Node:2] nextIndex:[3 7 3]
2026/02/07 14:34:12 [Node:2] getLogStartIndex index:2 last snapshot index:0
2026/02/07 14:34:12 [Node:2] getNextIndex len:7 last snapshot index:0
2026/02/07 14:34:12 [Node:0] getNextIndex len:3 last snapshot index:0
2026/02/07 14:34:12 [Node:0] getLogStartIndex index:2 last snapshot index:0
2026/02/07 14:34:12 [Node:2] getLogStartIndex index:3 last snapshot index:0
2026/02/07 14:34:12 [14:34:12.494] [Node:0] [LOG_REPLICA] [Trace:LOG_0_3][0->1] 发送日志or心跳到 Node:1 开始 args:{3 0 1 2 [{103 3 false 2}] 2 LOG_0_3 0 {0 0 map[] map[]}}
2026/02/07 14:34:12 [14:34:12.495] [Node:2] [LOG_REPLICA] [Trace:LOG_2_4][2->0] 发送日志or心跳到 Node:0 开始 args:{4 2 2 3 [{104 4 false 3} {104 4 false 4} {104 4 false 5} {104 4 false 6}] 6 LOG_2_4 2 {0 0 map[] map[]}}
2026/02/07 14:34:12 [14:34:12.495] [Node:1] [HEARTBEAT] [Trace:LOG_2_4][2->1] AppendEntries 收到 term:4 leaderId:2 prevLogIndex:6 prevLogTerm:4 entries:0 leaderCommit:6 isHeartbeat:true currentTerm:4 status:FOLLOWER log:[]
2026/02/07 14:34:12 [Node:1] getNextIndex len:8 last snapshot index:0
2026/02/07 14:34:12 [14:34:12.495] [Node:1] [HEARTBEAT] [Trace:LOG_2_4][2->1] 打印日志结果:[{<nil> 0 false 0} {101 2 false 1} {101 2 false 1} {103 3 false 2} {104 4 false 3} {104 4 false 4} {104 4 false 5} {104 4 false 6}] 
2026/02/07 14:34:12 [Node:1] getLogStartIndex index:6 last snapshot index:0
2026/02/07 14:34:12 [14:34:12.495] [Node:1] [HEARTBEAT] [Trace:LOG_2_4][2->1] 复制日志结果:[{<nil> 0 false 0} {101 2 false 1} {101 2 false 1} {103 3 false 2} {104 4 false 3} {104 4 false 4} {104 4 false 5} {104 4 false 6}] 
2026/02/07 14:34:12 [14:34:12.495] [Node:2] [LOG_REPLICA] [Trace:LOG_2_4][2->1] 心跳返回 from peer:1 term:4 success:true
2026/02/07 14:34:12 rfats [0xc00010c000 0xc00010c100 0xc00010c200]
2026/02/07 14:34:12 i 0 cmd1 <nil>, ok false
2026/02/07 14:34:12 i 1 cmd1 <nil>, ok false
2026/02/07 14:34:12 i 2 cmd1 104, ok true
2026/02/07 14:34:12 nd 1, cmd1 104 cmd 104
2026/02/07 14:34:12 rfats [0xc00010c000 0xc00010c100 0xc00010c200]
2026/02/07 14:34:12 i 0 cmd1 <nil>, ok false
2026/02/07 14:34:12 i 1 cmd1 <nil>, ok false
2026/02/07 14:34:12 i 2 cmd1 104, ok true
2026/02/07 14:34:12 nd 1, cmd1 104 cmd 104
2026/02/07 14:34:12 [14:34:12.545] [Node:1] [HEARTBEAT] [Trace:HB_1_4] Follower等心跳 status FOLLOWER term:4 commitIndex:6
2026/02/07 14:34:12 [14:34:12.545] [Node:0] [HEARTBEAT] [Trace:HB_0_3] 开始发送心跳广播 status LEADER term:3 commitIndex:2
2026/02/07 14:34:12 [14:34:12.545] [Node:2] [HEARTBEAT] [Trace:HB_2_4] 开始发送心跳广播 status LEADER term:4 commitIndex:6
2026/02/07 14:34:12 [Node:0] nextIndex:[2 2 3]
2026/02/07 14:34:12 [Node:0] getLogStartIndex index:1 last snapshot index:0
2026/02/07 14:34:12 [Node:0] getNextIndex len:3 last snapshot index:0
2026/02/07 14:34:12 [Node:0] getLogStartIndex index:2 last snapshot index:0
2026/02/07 14:34:12 [Node:2] nextIndex:[3 7 3]
2026/02/07 14:34:12 [Node:2] getLogStartIndex index:2 last snapshot index:0
2026/02/07 14:34:12 [Node:2] getNextIndex len:7 last snapshot index:0
2026/02/07 14:34:12 [Node:0] nextIndex:[2 2 3]
2026/02/07 14:34:12 [Node:0] getLogStartIndex index:2 last snapshot index:0
2026/02/07 14:34:12 [Node:0] getNextIndex len:3 last snapshot index:0
2026/02/07 14:34:12 [14:34:12.545] [Node:0] [LOG_REPLICA] [Trace:LOG_0_3][0->2] 发送日志or心跳到 Node:2 开始 args:{3 0 2 3 [] 2 LOG_0_3 0 {0 0 map[] map[]}}
2026/02/07 14:34:12 [Node:2] getLogStartIndex index:3 last snapshot index:0
2026/02/07 14:34:12 [14:34:12.545] [Node:0] [LOG_REPLICA] [Trace:LOG_0_3][0->1] 发送日志or心跳到 Node:1 开始 args:{3 0 1 2 [{103 3 false 2}] 2 LOG_0_3 0 {0 0 map[] map[]}}
2026/02/07 14:34:12 [Node:2] nextIndex:[3 7 3]
2026/02/07 14:34:12 [Node:2] getLogStartIndex index:6 last snapshot index:0
2026/02/07 14:34:12 [Node:2] getNextIndex len:7 last snapshot index:0
2026/02/07 14:34:12 [14:34:12.545] [Node:2] [LOG_REPLICA] [Trace:LOG_2_4][2->0] 发送日志or心跳到 Node:0 开始 args:{4 2 2 3 [{104 4 false 3} {104 4 false 4} {104 4 false 5} {104 4 false 6}] 6 LOG_2_4 2 {0 0 map[] map[]}}
2026/02/07 14:34:12 [14:34:12.545] [Node:2] [LOG_REPLICA] [Trace:LOG_2_4][2->1] 发送日志or心跳到 Node:1 开始 args:{4 2 6 4 [] 6 LOG_2_4 2 {0 0 map[] map[]}}
2026/02/07 14:34:12 [14:34:12.546] [Node:1] [HEARTBEAT] [Trace:LOG_2_4][2->1] AppendEntries 收到 term:4 leaderId:2 prevLogIndex:6 prevLogTerm:4 entries:0 leaderCommit:6 isHeartbeat:true currentTerm:4 status:FOLLOWER log:[]
2026/02/07 14:34:12 [Node:1] getNextIndex len:8 last snapshot index:0
2026/02/07 14:34:12 [14:34:12.546] [Node:1] [HEARTBEAT] [Trace:LOG_2_4][2->1] 打印日志结果:[{<nil> 0 false 0} {101 2 false 1} {101 2 false 1} {103 3 false 2} {104 4 false 3} {104 4 false 4} {104 4 false 5} {104 4 false 6}] 
2026/02/07 14:34:12 [Node:1] getLogStartIndex index:6 last snapshot index:0
2026/02/07 14:34:12 [14:34:12.546] [Node:1] [HEARTBEAT] [Trace:LOG_2_4][2->1] 复制日志结果:[{<nil> 0 false 0} {101 2 false 1} {101 2 false 1} {103 3 false 2} {104 4 false 3} {104 4 false 4} {104 4 false 5} {104 4 false 6}] 
2026/02/07 14:34:12 [14:34:12.546] [Node:2] [LOG_REPLICA] [Trace:LOG_2_4][2->1] 心跳返回 from peer:1 term:4 success:true
2026/02/07 14:34:12 rfats [0xc00010c000 0xc00010c100 0xc00010c200]
2026/02/07 14:34:12 i 0 cmd1 <nil>, ok false
2026/02/07 14:34:12 i 1 cmd1 <nil>, ok false
2026/02/07 14:34:12 i 2 cmd1 104, ok true
2026/02/07 14:34:12 nd 1, cmd1 104 cmd 104
2026/02/07 14:34:12 rfats [0xc00010c000 0xc00010c100 0xc00010c200]
2026/02/07 14:34:12 i 0 cmd1 <nil>, ok false
2026/02/07 14:34:12 i 1 cmd1 <nil>, ok false
2026/02/07 14:34:12 i 2 cmd1 104, ok true
2026/02/07 14:34:12 nd 1, cmd1 104 cmd 104
2026/02/07 14:34:12 rfats [0xc00010c000 0xc00010c100 0xc00010c200]
2026/02/07 14:34:12 i 0 cmd1 <nil>, ok false
2026/02/07 14:34:12 i 1 cmd1 <nil>, ok false
2026/02/07 14:34:12 i 2 cmd1 104, ok true
2026/02/07 14:34:12 nd 1, cmd1 104 cmd 104
2026/02/07 14:34:12 [14:34:12.595] [Node:2] [HEARTBEAT] [Trace:HB_2_4] 开始发送心跳广播 status LEADER term:4 commitIndex:6
2026/02/07 14:34:12 [14:34:12.595] [Node:1] [HEARTBEAT] [Trace:HB_1_4] Follower等心跳 status FOLLOWER term:4 commitIndex:6
2026/02/07 14:34:12 [14:34:12.595] [Node:0] [HEARTBEAT] [Trace:HB_0_3] 开始发送心跳广播 status LEADER term:3 commitIndex:2
2026/02/07 14:34:12 [Node:2] nextIndex:[3 7 3]
2026/02/07 14:34:12 [Node:2] getLogStartIndex index:2 last snapshot index:0
2026/02/07 14:34:12 [Node:0] nextIndex:[2 2 3]
2026/02/07 14:34:12 [Node:0] getLogStartIndex index:2 last snapshot index:0
2026/02/07 14:34:12 [Node:0] getNextIndex len:3 last snapshot index:0
2026/02/07 14:34:12 [Node:2] getNextIndex len:7 last snapshot index:0
2026/02/07 14:34:12 [Node:2] getLogStartIndex index:3 last snapshot index:0
2026/02/07 14:34:12 [Node:0] nextIndex:[2 2 3]
2026/02/07 14:34:12 [Node:0] getLogStartIndex index:1 last snapshot index:0
2026/02/07 14:34:12 [14:34:12.595] [Node:0] [LOG_REPLICA] [Trace:LOG_0_3][0->2] 发送日志or心跳到 Node:2 开始 args:{3 0 2 3 [] 2 LOG_0_3 0 {0 0 map[] map[]}}
2026/02/07 14:34:12 [Node:2] nextIndex:[3 7 3]
2026/02/07 14:34:12 [Node:0] getNextIndex len:3 last snapshot index:0
2026/02/07 14:34:12 [Node:0] getLogStartIndex index:2 last snapshot index:0
2026/02/07 14:34:12 [14:34:12.595] [Node:2] [LOG_REPLICA] [Trace:LOG_2_4][2->0] 发送日志or心跳到 Node:0 开始 args:{4 2 2 3 [{104 4 false 3} {104 4 false 4} {104 4 false 5} {104 4 false 6}] 6 LOG_2_4 2 {0 0 map[] map[]}}
2026/02/07 14:34:12 [Node:2] getLogStartIndex index:6 last snapshot index:0
2026/02/07 14:34:12 [14:34:12.595] [Node:0] [LOG_REPLICA] [Trace:LOG_0_3][0->1] 发送日志or心跳到 Node:1 开始 args:{3 0 1 2 [{103 3 false 2}] 2 LOG_0_3 0 {0 0 map[] map[]}}
2026/02/07 14:34:12 [Node:2] getNextIndex len:7 last snapshot index:0
2026/02/07 14:34:12 [14:34:12.596] [Node:2] [LOG_REPLICA] [Trace:LOG_2_4][2->1] 发送日志or心跳到 Node:1 开始 args:{4 2 6 4 [] 6 LOG_2_4 2 {0 0 map[] map[]}}
2026/02/07 14:34:12 [14:34:12.596] [Node:1] [HEARTBEAT] [Trace:LOG_2_4][2->1] AppendEntries 收到 term:4 leaderId:2 prevLogIndex:6 prevLogTerm:4 entries:0 leaderCommit:6 isHeartbeat:true currentTerm:4 status:FOLLOWER log:[]
2026/02/07 14:34:12 [Node:1] getNextIndex len:8 last snapshot index:0
2026/02/07 14:34:12 [14:34:12.596] [Node:1] [HEARTBEAT] [Trace:LOG_2_4][2->1] 打印日志结果:[{<nil> 0 false 0} {101 2 false 1} {101 2 false 1} {103 3 false 2} {104 4 false 3} {104 4 false 4} {104 4 false 5} {104 4 false 6}] 
2026/02/07 14:34:12 [Node:1] getLogStartIndex index:6 last snapshot index:0
2026/02/07 14:34:12 [14:34:12.596] [Node:1] [HEARTBEAT] [Trace:LOG_2_4][2->1] 复制日志结果:[{<nil> 0 false 0} {101 2 false 1} {101 2 false 1} {103 3 false 2} {104 4 false 3} {104 4 false 4} {104 4 false 5} {104 4 false 6}] 
2026/02/07 14:34:12 [14:34:12.596] [Node:2] [LOG_REPLICA] [Trace:LOG_2_4][2->1] 心跳返回 from peer:1 term:4 success:true
2026/02/07 14:34:12 rfats [0xc00010c000 0xc00010c100 0xc00010c200]
2026/02/07 14:34:12 i 0 cmd1 <nil>, ok false
2026/02/07 14:34:12 i 1 cmd1 <nil>, ok false
2026/02/07 14:34:12 i 2 cmd1 104, ok true
2026/02/07 14:34:12 nd 1, cmd1 104 cmd 104
2026/02/07 14:34:12 rfats [0xc00010c000 0xc00010c100 0xc00010c200]
2026/02/07 14:34:12 i 0 cmd1 <nil>, ok false
2026/02/07 14:34:12 i 1 cmd1 <nil>, ok false
2026/02/07 14:34:12 i 2 cmd1 104, ok true
2026/02/07 14:34:12 nd 1, cmd1 104 cmd 104
2026/02/07 14:34:12 [14:34:12.645] [Node:0] [HEARTBEAT] [Trace:HB_0_3] 开始发送心跳广播 status LEADER term:3 commitIndex:2
2026/02/07 14:34:12 [14:34:12.645] [Node:1] [HEARTBEAT] [Trace:HB_1_4] Follower等心跳 status FOLLOWER term:4 commitIndex:6
2026/02/07 14:34:12 [14:34:12.645] [Node:2] [HEARTBEAT] [Trace:HB_2_4] 开始发送心跳广播 status LEADER term:4 commitIndex:6
2026/02/07 14:34:12 [Node:0] nextIndex:[2 2 3]
2026/02/07 14:34:12 [Node:2] nextIndex:[3 7 3]
2026/02/07 14:34:12 [Node:0] getLogStartIndex index:1 last snapshot index:0
2026/02/07 14:34:12 [Node:0] getNextIndex len:3 last snapshot index:0
2026/02/07 14:34:12 [Node:0] getLogStartIndex index:2 last snapshot index:0
2026/02/07 14:34:12 [Node:2] getLogStartIndex index:2 last snapshot index:0
2026/02/07 14:34:12 [Node:2] getNextIndex len:7 last snapshot index:0
2026/02/07 14:34:12 [Node:2] getLogStartIndex index:3 last snapshot index:0
2026/02/07 14:34:12 [Node:0] nextIndex:[2 2 3]
2026/02/07 14:34:12 [Node:0] getLogStartIndex index:2 last snapshot index:0
2026/02/07 14:34:12 [14:34:12.646] [Node:2] [LOG_REPLICA] [Trace:LOG_2_4][2->0] 发送日志or心跳到 Node:0 开始 args:{4 2 2 3 [{104 4 false 3} {104 4 false 4} {104 4 false 5} {104 4 false 6}] 6 LOG_2_4 2 {0 0 map[] map[]}}
2026/02/07 14:34:12 [14:34:12.646] [Node:0] [LOG_REPLICA] [Trace:LOG_0_3][0->1] 发送日志or心跳到 Node:1 开始 args:{3 0 1 2 [{103 3 false 2}] 2 LOG_0_3 0 {0 0 map[] map[]}}
2026/02/07 14:34:12 [Node:0] getNextIndex len:3 last snapshot index:0
2026/02/07 14:34:12 [14:34:12.646] [Node:0] [LOG_REPLICA] [Trace:LOG_0_3][0->2] 发送日志or心跳到 Node:2 开始 args:{3 0 2 3 [] 2 LOG_0_3 0 {0 0 map[] map[]}}
2026/02/07 14:34:12 [Node:2] nextIndex:[3 7 3]
2026/02/07 14:34:12 [Node:2] getLogStartIndex index:6 last snapshot index:0
2026/02/07 14:34:12 [Node:2] getNextIndex len:7 last snapshot index:0
2026/02/07 14:34:12 [14:34:12.646] [Node:2] [LOG_REPLICA] [Trace:LOG_2_4][2->1] 发送日志or心跳到 Node:1 开始 args:{4 2 6 4 [] 6 LOG_2_4 2 {0 0 map[] map[]}}
2026/02/07 14:34:12 [14:34:12.647] [Node:1] [HEARTBEAT] [Trace:LOG_2_4][2->1] AppendEntries 收到 term:4 leaderId:2 prevLogIndex:6 prevLogTerm:4 entries:0 leaderCommit:6 isHeartbeat:true currentTerm:4 status:FOLLOWER log:[]
2026/02/07 14:34:12 [Node:1] getNextIndex len:8 last snapshot index:0
2026/02/07 14:34:12 [14:34:12.647] [Node:1] [HEARTBEAT] [Trace:LOG_2_4][2->1] 打印日志结果:[{<nil> 0 false 0} {101 2 false 1} {101 2 false 1} {103 3 false 2} {104 4 false 3} {104 4 false 4} {104 4 false 5} {104 4 false 6}] 
2026/02/07 14:34:12 [Node:1] getLogStartIndex index:6 last snapshot index:0
2026/02/07 14:34:12 [14:34:12.647] [Node:1] [HEARTBEAT] [Trace:LOG_2_4][2->1] 复制日志结果:[{<nil> 0 false 0} {101 2 false 1} {101 2 false 1} {103 3 false 2} {104 4 false 3} {104 4 false 4} {104 4 false 5} {104 4 false 6}] 
2026/02/07 14:34:12 [14:34:12.647] [Node:2] [LOG_REPLICA] [Trace:LOG_2_4][2->1] 心跳返回 from peer:1 term:4 success:true
2026/02/07 14:34:12 rfats [0xc00010c000 0xc00010c100 0xc00010c200]
2026/02/07 14:34:12 i 0 cmd1 <nil>, ok false
2026/02/07 14:34:12 i 1 cmd1 <nil>, ok false
2026/02/07 14:34:12 i 2 cmd1 104, ok true
2026/02/07 14:34:12 nd 1, cmd1 104 cmd 104
2026/02/07 14:34:12 rfats [0xc00010c000 0xc00010c100 0xc00010c200]
2026/02/07 14:34:12 i 0 cmd1 <nil>, ok false
2026/02/07 14:34:12 i 1 cmd1 <nil>, ok false
2026/02/07 14:34:12 i 2 cmd1 104, ok true
2026/02/07 14:34:12 nd 1, cmd1 104 cmd 104
2026/02/07 14:34:12 rfats [0xc00010c000 0xc00010c100 0xc00010c200]
2026/02/07 14:34:12 i 0 cmd1 <nil>, ok false
2026/02/07 14:34:12 i 1 cmd1 <nil>, ok false
2026/02/07 14:34:12 i 2 cmd1 104, ok true
2026/02/07 14:34:12 nd 1, cmd1 104 cmd 104
2026/02/07 14:34:12 [14:34:12.696] [Node:0] [HEARTBEAT] [Trace:HB_0_3] 开始发送心跳广播 status LEADER term:3 commitIndex:2
2026/02/07 14:34:12 [14:34:12.696] [Node:1] [HEARTBEAT] [Trace:HB_1_4] Follower等心跳 status FOLLOWER term:4 commitIndex:6
2026/02/07 14:34:12 [14:34:12.696] [Node:2] [HEARTBEAT] [Trace:HB_2_4] 开始发送心跳广播 status LEADER term:4 commitIndex:6
2026/02/07 14:34:12 [Node:0] nextIndex:[2 2 3]
2026/02/07 14:34:12 [Node:0] getLogStartIndex index:2 last snapshot index:0
2026/02/07 14:34:12 [Node:0] getNextIndex len:3 last snapshot index:0
2026/02/07 14:34:12 [Node:2] nextIndex:[3 7 3]
2026/02/07 14:34:12 [Node:0] nextIndex:[2 2 3]
2026/02/07 14:34:12 [Node:0] getLogStartIndex index:1 last snapshot index:0
2026/02/07 14:34:12 [Node:0] getNextIndex len:3 last snapshot index:0
2026/02/07 14:34:12 [Node:0] getLogStartIndex index:2 last snapshot index:0
2026/02/07 14:34:12 [14:34:12.696] [Node:0] [LOG_REPLICA] [Trace:LOG_0_3][0->2] 发送日志or心跳到 Node:2 开始 args:{3 0 2 3 [] 2 LOG_0_3 0 {0 0 map[] map[]}}
2026/02/07 14:34:12 [14:34:12.696] [Node:0] [LOG_REPLICA] [Trace:LOG_0_3][0->1] 发送日志or心跳到 Node:1 开始 args:{3 0 1 2 [{103 3 false 2}] 2 LOG_0_3 0 {0 0 map[] map[]}}
2026/02/07 14:34:12 [Node:2] getLogStartIndex index:6 last snapshot index:0
2026/02/07 14:34:12 [Node:2] getNextIndex len:7 last snapshot index:0
2026/02/07 14:34:12 [14:34:12.697] [Node:2] [LOG_REPLICA] [Trace:LOG_2_4][2->1] 发送日志or心跳到 Node:1 开始 args:{4 2 6 4 [] 6 LOG_2_4 2 {0 0 map[] map[]}}
2026/02/07 14:34:12 [Node:2] nextIndex:[3 7 3]
2026/02/07 14:34:12 [Node:2] getLogStartIndex index:2 last snapshot index:0
2026/02/07 14:34:12 [Node:2] getNextIndex len:7 last snapshot index:0
2026/02/07 14:34:12 [Node:2] getLogStartIndex index:3 last snapshot index:0
2026/02/07 14:34:12 [14:34:12.697] [Node:2] [LOG_REPLICA] [Trace:LOG_2_4][2->0] 发送日志or心跳到 Node:0 开始 args:{4 2 2 3 [{104 4 false 3} {104 4 false 4} {104 4 false 5} {104 4 false 6}] 6 LOG_2_4 2 {0 0 map[] map[]}}
2026/02/07 14:34:12 [14:34:12.698] [Node:1] [HEARTBEAT] [Trace:LOG_2_4][2->1] AppendEntries 收到 term:4 leaderId:2 prevLogIndex:6 prevLogTerm:4 entries:0 leaderCommit:6 isHeartbeat:true currentTerm:4 status:FOLLOWER log:[]
2026/02/07 14:34:12 [Node:1] getNextIndex len:8 last snapshot index:0
2026/02/07 14:34:12 [14:34:12.698] [Node:1] [HEARTBEAT] [Trace:LOG_2_4][2->1] 打印日志结果:[{<nil> 0 false 0} {101 2 false 1} {101 2 false 1} {103 3 false 2} {104 4 false 3} {104 4 false 4} {104 4 false 5} {104 4 false 6}] 
2026/02/07 14:34:12 [Node:1] getLogStartIndex index:6 last snapshot index:0
2026/02/07 14:34:12 [14:34:12.698] [Node:1] [HEARTBEAT] [Trace:LOG_2_4][2->1] 复制日志结果:[{<nil> 0 false 0} {101 2 false 1} {101 2 false 1} {103 3 false 2} {104 4 false 3} {104 4 false 4} {104 4 false 5} {104 4 false 6}] 
2026/02/07 14:34:12 [14:34:12.698] [Node:2] [LOG_REPLICA] [Trace:LOG_2_4][2->1] 心跳返回 from peer:1 term:4 success:true
2026/02/07 14:34:12 rfats [0xc00010c000 0xc00010c100 0xc00010c200]
2026/02/07 14:34:12 i 0 cmd1 <nil>, ok false
2026/02/07 14:34:12 i 1 cmd1 <nil>, ok false
2026/02/07 14:34:12 i 2 cmd1 104, ok true
2026/02/07 14:34:12 nd 1, cmd1 104 cmd 104
2026/02/07 14:34:12 rfats [0xc00010c000 0xc00010c100 0xc00010c200]
2026/02/07 14:34:12 i 0 cmd1 <nil>, ok false
2026/02/07 14:34:12 i 1 cmd1 <nil>, ok false
2026/02/07 14:34:12 i 2 cmd1 104, ok true
2026/02/07 14:34:12 nd 1, cmd1 104 cmd 104
2026/02/07 14:34:12 [14:34:12.747] [Node:2] [HEARTBEAT] [Trace:HB_2_4] 开始发送心跳广播 status LEADER term:4 commitIndex:6
2026/02/07 14:34:12 [14:34:12.747] [Node:1] [HEARTBEAT] [Trace:HB_1_4] Follower等心跳 status FOLLOWER term:4 commitIndex:6
2026/02/07 14:34:12 [14:34:12.747] [Node:0] [HEARTBEAT] [Trace:HB_0_3] 开始发送心跳广播 status LEADER term:3 commitIndex:2
2026/02/07 14:34:12 [Node:2] nextIndex:[3 7 3]
2026/02/07 14:34:12 [Node:2] getLogStartIndex index:6 last snapshot index:0
2026/02/07 14:34:12 [Node:2] getNextIndex len:7 last snapshot index:0
2026/02/07 14:34:12 [Node:0] nextIndex:[2 2 3]
2026/02/07 14:34:12 [Node:0] getLogStartIndex index:1 last snapshot index:0
2026/02/07 14:34:12 [14:34:12.747] [Node:2] [LOG_REPLICA] [Trace:LOG_2_4][2->1] 发送日志or心跳到 Node:1 开始 args:{4 2 6 4 [] 6 LOG_2_4 2 {0 0 map[] map[]}}
2026/02/07 14:34:12 [Node:2] nextIndex:[3 7 3]
2026/02/07 14:34:12 [Node:0] getNextIndex len:3 last snapshot index:0
2026/02/07 14:34:12 [Node:2] getLogStartIndex index:2 last snapshot index:0
2026/02/07 14:34:12 [Node:2] getNextIndex len:7 last snapshot index:0
2026/02/07 14:34:12 [Node:0] getLogStartIndex index:2 last snapshot index:0
2026/02/07 14:34:12 [Node:2] getLogStartIndex index:3 last snapshot index:0
2026/02/07 14:34:12 [14:34:12.747] [Node:0] [LOG_REPLICA] [Trace:LOG_0_3][0->1] 发送日志or心跳到 Node:1 开始 args:{3 0 1 2 [{103 3 false 2}] 2 LOG_0_3 0 {0 0 map[] map[]}}
2026/02/07 14:34:12 [Node:0] nextIndex:[2 2 3]
2026/02/07 14:34:12 [Node:0] getLogStartIndex index:2 last snapshot index:0
2026/02/07 14:34:12 [Node:0] getNextIndex len:3 last snapshot index:0
2026/02/07 14:34:12 [14:34:12.747] [Node:2] [LOG_REPLICA] [Trace:LOG_2_4][2->0] 发送日志or心跳到 Node:0 开始 args:{4 2 2 3 [{104 4 false 3} {104 4 false 4} {104 4 false 5} {104 4 false 6}] 6 LOG_2_4 2 {0 0 map[] map[]}}
2026/02/07 14:34:12 [14:34:12.747] [Node:0] [LOG_REPLICA] [Trace:LOG_0_3][0->2] 发送日志or心跳到 Node:2 开始 args:{3 0 2 3 [] 2 LOG_0_3 0 {0 0 map[] map[]}}
2026/02/07 14:34:12 [14:34:12.747] [Node:1] [HEARTBEAT] [Trace:LOG_2_4][2->1] AppendEntries 收到 term:4 leaderId:2 prevLogIndex:6 prevLogTerm:4 entries:0 leaderCommit:6 isHeartbeat:true currentTerm:4 status:FOLLOWER log:[]
2026/02/07 14:34:12 [Node:1] getNextIndex len:8 last snapshot index:0
2026/02/07 14:34:12 [14:34:12.747] [Node:1] [HEARTBEAT] [Trace:LOG_2_4][2->1] 打印日志结果:[{<nil> 0 false 0} {101 2 false 1} {101 2 false 1} {103 3 false 2} {104 4 false 3} {104 4 false 4} {104 4 false 5} {104 4 false 6}] 
2026/02/07 14:34:12 [Node:1] getLogStartIndex index:6 last snapshot index:0
2026/02/07 14:34:12 [14:34:12.748] [Node:1] [HEARTBEAT] [Trace:LOG_2_4][2->1] 复制日志结果:[{<nil> 0 false 0} {101 2 false 1} {101 2 false 1} {103 3 false 2} {104 4 false 3} {104 4 false 4} {104 4 false 5} {104 4 false 6}] 
2026/02/07 14:34:12 [14:34:12.748] [Node:2] [LOG_REPLICA] [Trace:LOG_2_4][2->1] 心跳返回 from peer:1 term:4 success:true
2026/02/07 14:34:12 rfats [0xc00010c000 0xc00010c100 0xc00010c200]
2026/02/07 14:34:12 i 0 cmd1 <nil>, ok false
2026/02/07 14:34:12 i 1 cmd1 <nil>, ok false
2026/02/07 14:34:12 i 2 cmd1 104, ok true
2026/02/07 14:34:12 nd 1, cmd1 104 cmd 104
2026/02/07 14:34:12 rfats [0xc00010c000 0xc00010c100 0xc00010c200]
2026/02/07 14:34:12 i 0 cmd1 <nil>, ok false
2026/02/07 14:34:12 i 1 cmd1 <nil>, ok false
2026/02/07 14:34:12 i 2 cmd1 104, ok true
2026/02/07 14:34:12 nd 1, cmd1 104 cmd 104
2026/02/07 14:34:12 rfats [0xc00010c000 0xc00010c100 0xc00010c200]
2026/02/07 14:34:12 i 0 cmd1 <nil>, ok false
2026/02/07 14:34:12 i 1 cmd1 <nil>, ok false
2026/02/07 14:34:12 i 2 cmd1 104, ok true
2026/02/07 14:34:12 nd 1, cmd1 104 cmd 104
2026/02/07 14:34:12 [14:34:12.797] [Node:1] [HEARTBEAT] [Trace:HB_1_4] Follower等心跳 status FOLLOWER term:4 commitIndex:6
2026/02/07 14:34:12 [14:34:12.797] [Node:0] [HEARTBEAT] [Trace:HB_0_3] 开始发送心跳广播 status LEADER term:3 commitIndex:2
2026/02/07 14:34:12 [14:34:12.798] [Node:2] [HEARTBEAT] [Trace:HB_2_4] 开始发送心跳广播 status LEADER term:4 commitIndex:6
2026/02/07 14:34:12 [Node:0] nextIndex:[2 2 3]
2026/02/07 14:34:12 [Node:0] getLogStartIndex index:1 last snapshot index:0
2026/02/07 14:34:12 [Node:0] getNextIndex len:3 last snapshot index:0
2026/02/07 14:34:12 [Node:0] getLogStartIndex index:2 last snapshot index:0
2026/02/07 14:34:12 [14:34:12.798] [Node:0] [LOG_REPLICA] [Trace:LOG_0_3][0->1] 发送日志or心跳到 Node:1 开始 args:{3 0 1 2 [{103 3 false 2}] 2 LOG_0_3 0 {0 0 map[] map[]}}
2026/02/07 14:34:12 [Node:2] nextIndex:[3 7 3]
2026/02/07 14:34:12 [Node:2] getLogStartIndex index:6 last snapshot index:0
2026/02/07 14:34:12 [Node:2] getNextIndex len:7 last snapshot index:0
2026/02/07 14:34:12 [14:34:12.798] [Node:2] [LOG_REPLICA] [Trace:LOG_2_4][2->1] 发送日志or心跳到 Node:1 开始 args:{4 2 6 4 [] 6 LOG_2_4 2 {0 0 map[] map[]}}
2026/02/07 14:34:12 [Node:2] nextIndex:[3 7 3]
2026/02/07 14:34:12 [Node:0] nextIndex:[2 2 3]
2026/02/07 14:34:12 [Node:2] getLogStartIndex index:2 last snapshot index:0
2026/02/07 14:34:12 [Node:0] getLogStartIndex index:2 last snapshot index:0
2026/02/07 14:34:12 [Node:2] getNextIndex len:7 last snapshot index:0
2026/02/07 14:34:12 [Node:0] getNextIndex len:3 last snapshot index:0
2026/02/07 14:34:12 [Node:2] getLogStartIndex index:3 last snapshot index:0
2026/02/07 14:34:12 [14:34:12.798] [Node:2] [LOG_REPLICA] [Trace:LOG_2_4][2->0] 发送日志or心跳到 Node:0 开始 args:{4 2 2 3 [{104 4 false 3} {104 4 false 4} {104 4 false 5} {104 4 false 6}] 6 LOG_2_4 2 {0 0 map[] map[]}}
2026/02/07 14:34:12 [14:34:12.798] [Node:0] [LOG_REPLICA] [Trace:LOG_0_3][0->2] 发送日志or心跳到 Node:2 开始 args:{3 0 2 3 [] 2 LOG_0_3 0 {0 0 map[] map[]}}
2026/02/07 14:34:12 [14:34:12.799] [Node:1] [HEARTBEAT] [Trace:LOG_2_4][2->1] AppendEntries 收到 term:4 leaderId:2 prevLogIndex:6 prevLogTerm:4 entries:0 leaderCommit:6 isHeartbeat:true currentTerm:4 status:FOLLOWER log:[]
2026/02/07 14:34:12 [Node:1] getNextIndex len:8 last snapshot index:0
2026/02/07 14:34:12 [14:34:12.799] [Node:1] [HEARTBEAT] [Trace:LOG_2_4][2->1] 打印日志结果:[{<nil> 0 false 0} {101 2 false 1} {101 2 false 1} {103 3 false 2} {104 4 false 3} {104 4 false 4} {104 4 false 5} {104 4 false 6}] 
2026/02/07 14:34:12 [Node:1] getLogStartIndex index:6 last snapshot index:0
2026/02/07 14:34:12 [14:34:12.799] [Node:1] [HEARTBEAT] [Trace:LOG_2_4][2->1] 复制日志结果:[{<nil> 0 false 0} {101 2 false 1} {101 2 false 1} {103 3 false 2} {104 4 false 3} {104 4 false 4} {104 4 false 5} {104 4 false 6}] 
2026/02/07 14:34:12 [14:34:12.799] [Node:2] [LOG_REPLICA] [Trace:LOG_2_4][2->1] 心跳返回 from peer:1 term:4 success:true
2026/02/07 14:34:12 rfats [0xc00010c000 0xc00010c100 0xc00010c200]
2026/02/07 14:34:12 i 0 cmd1 <nil>, ok false
2026/02/07 14:34:12 i 1 cmd1 <nil>, ok false
2026/02/07 14:34:12 i 2 cmd1 104, ok true
2026/02/07 14:34:12 nd 1, cmd1 104 cmd 104
2026/02/07 14:34:12 rfats [0xc00010c000 0xc00010c100 0xc00010c200]
2026/02/07 14:34:12 i 0 cmd1 <nil>, ok false
2026/02/07 14:34:12 i 1 cmd1 <nil>, ok false
2026/02/07 14:34:12 i 2 cmd1 104, ok true
2026/02/07 14:34:12 nd 1, cmd1 104 cmd 104
2026/02/07 14:34:12 [14:34:12.848] [Node:2] [HEARTBEAT] [Trace:HB_2_4] 开始发送心跳广播 status LEADER term:4 commitIndex:6
2026/02/07 14:34:12 [14:34:12.848] [Node:1] [HEARTBEAT] [Trace:HB_1_4] Follower等心跳 status FOLLOWER term:4 commitIndex:6
2026/02/07 14:34:12 [14:34:12.848] [Node:0] [HEARTBEAT] [Trace:HB_0_3] 开始发送心跳广播 status LEADER term:3 commitIndex:2
2026/02/07 14:34:12 [Node:0] nextIndex:[2 2 3]
2026/02/07 14:34:12 [Node:0] getLogStartIndex index:2 last snapshot index:0
2026/02/07 14:34:12 [Node:0] getNextIndex len:3 last snapshot index:0
2026/02/07 14:34:12 [Node:2] nextIndex:[3 7 3]
2026/02/07 14:34:12 [14:34:12.848] [Node:0] [LOG_REPLICA] [Trace:LOG_0_3][0->2] 发送日志or心跳到 Node:2 开始 args:{3 0 2 3 [] 2 LOG_0_3 0 {0 0 map[] map[]}}
2026/02/07 14:34:12 [Node:2] getLogStartIndex index:2 last snapshot index:0
2026/02/07 14:34:12 [Node:0] nextIndex:[2 2 3]
2026/02/07 14:34:12 [Node:2] getNextIndex len:7 last snapshot index:0
2026/02/07 14:34:12 [Node:2] getLogStartIndex index:3 last snapshot index:0
2026/02/07 14:34:12 [Node:0] getLogStartIndex index:1 last snapshot index:0
2026/02/07 14:34:12 [Node:0] getNextIndex len:3 last snapshot index:0
2026/02/07 14:34:12 [Node:0] getLogStartIndex index:2 last snapshot index:0
2026/02/07 14:34:12 [Node:2] nextIndex:[3 7 3]
2026/02/07 14:34:12 [14:34:12.848] [Node:2] [LOG_REPLICA] [Trace:LOG_2_4][2->0] 发送日志or心跳到 Node:0 开始 args:{4 2 2 3 [{104 4 false 3} {104 4 false 4} {104 4 false 5} {104 4 false 6}] 6 LOG_2_4 2 {0 0 map[] map[]}}
2026/02/07 14:34:12 [14:34:12.848] [Node:0] [LOG_REPLICA] [Trace:LOG_0_3][0->1] 发送日志or心跳到 Node:1 开始 args:{3 0 1 2 [{103 3 false 2}] 2 LOG_0_3 0 {0 0 map[] map[]}}
2026/02/07 14:34:12 [Node:2] getLogStartIndex index:6 last snapshot index:0
2026/02/07 14:34:12 [Node:2] getNextIndex len:7 last snapshot index:0
2026/02/07 14:34:12 [14:34:12.848] [Node:2] [LOG_REPLICA] [Trace:LOG_2_4][2->1] 发送日志or心跳到 Node:1 开始 args:{4 2 6 4 [] 6 LOG_2_4 2 {0 0 map[] map[]}}
2026/02/07 14:34:12 [14:34:12.849] [Node:1] [HEARTBEAT] [Trace:LOG_2_4][2->1] AppendEntries 收到 term:4 leaderId:2 prevLogIndex:6 prevLogTerm:4 entries:0 leaderCommit:6 isHeartbeat:true currentTerm:4 status:FOLLOWER log:[]
2026/02/07 14:34:12 [Node:1] getNextIndex len:8 last snapshot index:0
2026/02/07 14:34:12 [14:34:12.849] [Node:1] [HEARTBEAT] [Trace:LOG_2_4][2->1] 打印日志结果:[{<nil> 0 false 0} {101 2 false 1} {101 2 false 1} {103 3 false 2} {104 4 false 3} {104 4 false 4} {104 4 false 5} {104 4 false 6}] 
2026/02/07 14:34:12 [Node:1] getLogStartIndex index:6 last snapshot index:0
2026/02/07 14:34:12 [14:34:12.849] [Node:1] [HEARTBEAT] [Trace:LOG_2_4][2->1] 复制日志结果:[{<nil> 0 false 0} {101 2 false 1} {101 2 false 1} {103 3 false 2} {104 4 false 3} {104 4 false 4} {104 4 false 5} {104 4 false 6}] 
2026/02/07 14:34:12 [14:34:12.849] [Node:2] [LOG_REPLICA] [Trace:LOG_2_4][2->1] 心跳返回 from peer:1 term:4 success:true
2026/02/07 14:34:12 rfats [0xc00010c000 0xc00010c100 0xc00010c200]
2026/02/07 14:34:12 i 0 cmd1 <nil>, ok false
2026/02/07 14:34:12 i 1 cmd1 <nil>, ok false
2026/02/07 14:34:12 i 2 cmd1 104, ok true
2026/02/07 14:34:12 nd 1, cmd1 104 cmd 104
2026/02/07 14:34:12 rfats [0xc00010c000 0xc00010c100 0xc00010c200]
2026/02/07 14:34:12 i 0 cmd1 <nil>, ok false
2026/02/07 14:34:12 i 1 cmd1 <nil>, ok false
2026/02/07 14:34:12 i 2 cmd1 104, ok true
2026/02/07 14:34:12 nd 1, cmd1 104 cmd 104
2026/02/07 14:34:12 rfats [0xc00010c000 0xc00010c100 0xc00010c200]
2026/02/07 14:34:12 [14:34:12.899] [Node:1] [HEARTBEAT] [Trace:HB_1_4] Follower等心跳 status FOLLOWER term:4 commitIndex:6
2026/02/07 14:34:12 [14:34:12.899] [Node:0] [HEARTBEAT] [Trace:HB_0_3] 开始发送心跳广播 status LEADER term:3 commitIndex:2
2026/02/07 14:34:12 i 0 cmd1 <nil>, ok false
2026/02/07 14:34:12 i 1 cmd1 <nil>, ok false
2026/02/07 14:34:12 [Node:0] nextIndex:[2 2 3]
2026/02/07 14:34:12 [Node:0] getLogStartIndex index:1 last snapshot index:0
2026/02/07 14:34:12 [Node:0] getNextIndex len:3 last snapshot index:0
2026/02/07 14:34:12 i 2 cmd1 104, ok true
2026/02/07 14:34:12 nd 1, cmd1 104 cmd 104
2026/02/07 14:34:12 [14:34:12.899] [Node:2] [HEARTBEAT] [Trace:HB_2_4] 开始发送心跳广播 status LEADER term:4 commitIndex:6
2026/02/07 14:34:12 [Node:0] getLogStartIndex index:2 last snapshot index:0
2026/02/07 14:34:12 [Node:2] nextIndex:[3 7 3]
2026/02/07 14:34:12 [Node:2] getLogStartIndex index:6 last snapshot index:0
2026/02/07 14:34:12 [Node:2] getNextIndex len:7 last snapshot index:0
2026/02/07 14:34:12 [14:34:12.899] [Node:0] [LOG_REPLICA] [Trace:LOG_0_3][0->1] 发送日志or心跳到 Node:1 开始 args:{3 0 1 2 [{103 3 false 2}] 2 LOG_0_3 0 {0 0 map[] map[]}}
2026/02/07 14:34:12 [Node:0] nextIndex:[2 2 3]
2026/02/07 14:34:12 [Node:0] getLogStartIndex index:2 last snapshot index:0
2026/02/07 14:34:12 [14:34:12.899] [Node:2] [LOG_REPLICA] [Trace:LOG_2_4][2->1] 发送日志or心跳到 Node:1 开始 args:{4 2 6 4 [] 6 LOG_2_4 2 {0 0 map[] map[]}}
2026/02/07 14:34:12 [Node:0] getNextIndex len:3 last snapshot index:0
2026/02/07 14:34:12 [Node:2] nextIndex:[3 7 3]
2026/02/07 14:34:12 [Node:2] getLogStartIndex index:2 last snapshot index:0
2026/02/07 14:34:12 [Node:2] getNextIndex len:7 last snapshot index:0
2026/02/07 14:34:12 [Node:2] getLogStartIndex index:3 last snapshot index:0
2026/02/07 14:34:12 [14:34:12.899] [Node:0] [LOG_REPLICA] [Trace:LOG_0_3][0->2] 发送日志or心跳到 Node:2 开始 args:{3 0 2 3 [] 2 LOG_0_3 0 {0 0 map[] map[]}}
2026/02/07 14:34:12 [14:34:12.899] [Node:2] [LOG_REPLICA] [Trace:LOG_2_4][2->0] 发送日志or心跳到 Node:0 开始 args:{4 2 2 3 [{104 4 false 3} {104 4 false 4} {104 4 false 5} {104 4 false 6}] 6 LOG_2_4 2 {0 0 map[] map[]}}
2026/02/07 14:34:12 [14:34:12.900] [Node:1] [HEARTBEAT] [Trace:LOG_2_4][2->1] AppendEntries 收到 term:4 leaderId:2 prevLogIndex:6 prevLogTerm:4 entries:0 leaderCommit:6 isHeartbeat:true currentTerm:4 status:FOLLOWER log:[]
2026/02/07 14:34:12 [Node:1] getNextIndex len:8 last snapshot index:0
2026/02/07 14:34:12 [14:34:12.900] [Node:1] [HEARTBEAT] [Trace:LOG_2_4][2->1] 打印日志结果:[{<nil> 0 false 0} {101 2 false 1} {101 2 false 1} {103 3 false 2} {104 4 false 3} {104 4 false 4} {104 4 false 5} {104 4 false 6}] 
2026/02/07 14:34:12 [Node:1] getLogStartIndex index:6 last snapshot index:0
2026/02/07 14:34:12 [14:34:12.900] [Node:1] [HEARTBEAT] [Trace:LOG_2_4][2->1] 复制日志结果:[{<nil> 0 false 0} {101 2 false 1} {101 2 false 1} {103 3 false 2} {104 4 false 3} {104 4 false 4} {104 4 false 5} {104 4 false 6}] 
2026/02/07 14:34:12 [14:34:12.900] [Node:2] [LOG_REPLICA] [Trace:LOG_2_4][2->1] 心跳返回 from peer:1 term:4 success:true
2026/02/07 14:34:12 rfats [0xc00010c000 0xc00010c100 0xc00010c200]
2026/02/07 14:34:12 i 0 cmd1 <nil>, ok false
2026/02/07 14:34:12 i 1 cmd1 <nil>, ok false
2026/02/07 14:34:12 i 2 cmd1 104, ok true
2026/02/07 14:34:12 nd 1, cmd1 104 cmd 104
2026/02/07 14:34:12 rfats [0xc00010c000 0xc00010c100 0xc00010c200]
2026/02/07 14:34:12 i 0 cmd1 <nil>, ok false
2026/02/07 14:34:12 i 1 cmd1 <nil>, ok false
2026/02/07 14:34:12 i 2 cmd1 104, ok true
2026/02/07 14:34:12 nd 1, cmd1 104 cmd 104
2026/02/07 14:34:12 [14:34:12.949] [Node:1] [HEARTBEAT] [Trace:HB_1_4] Follower等心跳 status FOLLOWER term:4 commitIndex:6
2026/02/07 14:34:12 [14:34:12.949] [Node:2] [HEARTBEAT] [Trace:HB_2_4] 开始发送心跳广播 status LEADER term:4 commitIndex:6
2026/02/07 14:34:12 [Node:2] nextIndex:[3 7 3]
2026/02/07 14:34:12 [Node:2] getLogStartIndex index:6 last snapshot index:0
2026/02/07 14:34:12 [Node:2] getNextIndex len:7 last snapshot index:0
2026/02/07 14:34:12 [14:34:12.949] [Node:2] [LOG_REPLICA] [Trace:LOG_2_4][2->1] 发送日志or心跳到 Node:1 开始 args:{4 2 6 4 [] 6 LOG_2_4 2 {0 0 map[] map[]}}
2026/02/07 14:34:12 [14:34:12.949] [Node:0] [HEARTBEAT] [Trace:HB_0_3] 开始发送心跳广播 status LEADER term:3 commitIndex:2
2026/02/07 14:34:12 [Node:2] nextIndex:[3 7 3]
2026/02/07 14:34:12 [Node:2] getLogStartIndex index:2 last snapshot index:0
2026/02/07 14:34:12 [Node:2] getNextIndex len:7 last snapshot index:0
2026/02/07 14:34:12 [Node:2] getLogStartIndex index:3 last snapshot index:0
2026/02/07 14:34:12 [Node:0] nextIndex:[2 2 3]
2026/02/07 14:34:12 [Node:0] getLogStartIndex index:1 last snapshot index:0
2026/02/07 14:34:12 [14:34:12.949] [Node:2] [LOG_REPLICA] [Trace:LOG_2_4][2->0] 发送日志or心跳到 Node:0 开始 args:{4 2 2 3 [{104 4 false 3} {104 4 false 4} {104 4 false 5} {104 4 false 6}] 6 LOG_2_4 2 {0 0 map[] map[]}}
2026/02/07 14:34:12 [Node:0] getNextIndex len:3 last snapshot index:0
2026/02/07 14:34:12 [Node:0] getLogStartIndex index:2 last snapshot index:0
2026/02/07 14:34:12 [14:34:12.950] [Node:0] [LOG_REPLICA] [Trace:LOG_0_3][0->1] 发送日志or心跳到 Node:1 开始 args:{3 0 1 2 [{103 3 false 2}] 2 LOG_0_3 0 {0 0 map[] map[]}}
2026/02/07 14:34:12 [Node:0] nextIndex:[2 2 3]
2026/02/07 14:34:12 [Node:0] getLogStartIndex index:2 last snapshot index:0
2026/02/07 14:34:12 [Node:0] getNextIndex len:3 last snapshot index:0
2026/02/07 14:34:12 [14:34:12.950] [Node:0] [LOG_REPLICA] [Trace:LOG_0_3][0->2] 发送日志or心跳到 Node:2 开始 args:{3 0 2 3 [] 2 LOG_0_3 0 {0 0 map[] map[]}}
2026/02/07 14:34:12 [14:34:12.950] [Node:1] [HEARTBEAT] [Trace:LOG_2_4][2->1] AppendEntries 收到 term:4 leaderId:2 prevLogIndex:6 prevLogTerm:4 entries:0 leaderCommit:6 isHeartbeat:true currentTerm:4 status:FOLLOWER log:[]
2026/02/07 14:34:12 [Node:1] getNextIndex len:8 last snapshot index:0
2026/02/07 14:34:12 [14:34:12.950] [Node:1] [HEARTBEAT] [Trace:LOG_2_4][2->1] 打印日志结果:[{<nil> 0 false 0} {101 2 false 1} {101 2 false 1} {103 3 false 2} {104 4 false 3} {104 4 false 4} {104 4 false 5} {104 4 false 6}] 
2026/02/07 14:34:12 [Node:1] getLogStartIndex index:6 last snapshot index:0
2026/02/07 14:34:12 [14:34:12.950] [Node:1] [HEARTBEAT] [Trace:LOG_2_4][2->1] 复制日志结果:[{<nil> 0 false 0} {101 2 false 1} {101 2 false 1} {103 3 false 2} {104 4 false 3} {104 4 false 4} {104 4 false 5} {104 4 false 6}] 
2026/02/07 14:34:12 [14:34:12.950] [Node:2] [LOG_REPLICA] [Trace:LOG_2_4][2->1] 心跳返回 from peer:1 term:4 success:true
2026/02/07 14:34:12 rfats [0xc00010c000 0xc00010c100 0xc00010c200]
2026/02/07 14:34:12 i 0 cmd1 <nil>, ok false
2026/02/07 14:34:12 i 1 cmd1 <nil>, ok false
2026/02/07 14:34:12 i 2 cmd1 104, ok true
2026/02/07 14:34:12 nd 1, cmd1 104 cmd 104
2026/02/07 14:34:12 rfats [0xc00010c000 0xc00010c100 0xc00010c200]
2026/02/07 14:34:12 i 0 cmd1 <nil>, ok false
2026/02/07 14:34:12 i 1 cmd1 <nil>, ok false
2026/02/07 14:34:12 i 2 cmd1 104, ok true
2026/02/07 14:34:12 nd 1, cmd1 104 cmd 104
2026/02/07 14:34:13 [14:34:13.000] [Node:0] [HEARTBEAT] [Trace:HB_0_3] 开始发送心跳广播 status LEADER term:3 commitIndex:2
2026/02/07 14:34:13 [14:34:13.000] [Node:2] [HEARTBEAT] [Trace:HB_2_4] 开始发送心跳广播 status LEADER term:4 commitIndex:6
2026/02/07 14:34:13 [14:34:13.000] [Node:1] [HEARTBEAT] [Trace:HB_1_4] Follower等心跳 status FOLLOWER term:4 commitIndex:6
2026/02/07 14:34:13 [Node:2] nextIndex:[3 7 3]
2026/02/07 14:34:13 [Node:2] getLogStartIndex index:2 last snapshot index:0
2026/02/07 14:34:13 [Node:2] getNextIndex len:7 last snapshot index:0
2026/02/07 14:34:13 [Node:2] getLogStartIndex index:3 last snapshot index:0
2026/02/07 14:34:13 [Node:0] nextIndex:[2 2 3]
2026/02/07 14:34:13 [Node:0] getLogStartIndex index:2 last snapshot index:0
2026/02/07 14:34:13 [Node:0] getNextIndex len:3 last snapshot index:0
2026/02/07 14:34:13 [Node:2] nextIndex:[3 7 3]
2026/02/07 14:34:13 [Node:2] getLogStartIndex index:6 last snapshot index:0
2026/02/07 14:34:13 [14:34:13.000] [Node:2] [LOG_REPLICA] [Trace:LOG_2_4][2->0] 发送日志or心跳到 Node:0 开始 args:{4 2 2 3 [{104 4 false 3} {104 4 false 4} {104 4 false 5} {104 4 false 6}] 6 LOG_2_4 2 {0 0 map[] map[]}}
2026/02/07 14:34:13 [Node:2] getNextIndex len:7 last snapshot index:0
2026/02/07 14:34:13 [Node:0] nextIndex:[2 2 3]
2026/02/07 14:34:13 [Node:0] getLogStartIndex index:1 last snapshot index:0
2026/02/07 14:34:13 [14:34:13.000] [Node:0] [LOG_REPLICA] [Trace:LOG_0_3][0->2] 发送日志or心跳到 Node:2 开始 args:{3 0 2 3 [] 2 LOG_0_3 0 {0 0 map[] map[]}}
2026/02/07 14:34:13 [14:34:13.000] [Node:2] [LOG_REPLICA] [Trace:LOG_2_4][2->1] 发送日志or心跳到 Node:1 开始 args:{4 2 6 4 [] 6 LOG_2_4 2 {0 0 map[] map[]}}
2026/02/07 14:34:13 [Node:0] getNextIndex len:3 last snapshot index:0
2026/02/07 14:34:13 [Node:0] getLogStartIndex index:2 last snapshot index:0
2026/02/07 14:34:13 [14:34:13.000] [Node:0] [LOG_REPLICA] [Trace:LOG_0_3][0->1] 发送日志or心跳到 Node:1 开始 args:{3 0 1 2 [{103 3 false 2}] 2 LOG_0_3 0 {0 0 map[] map[]}}
2026/02/07 14:34:13 [14:34:13.001] [Node:1] [HEARTBEAT] [Trace:LOG_2_4][2->1] AppendEntries 收到 term:4 leaderId:2 prevLogIndex:6 prevLogTerm:4 entries:0 leaderCommit:6 isHeartbeat:true currentTerm:4 status:FOLLOWER log:[]
2026/02/07 14:34:13 [Node:1] getNextIndex len:8 last snapshot index:0
2026/02/07 14:34:13 [14:34:13.001] [Node:1] [HEARTBEAT] [Trace:LOG_2_4][2->1] 打印日志结果:[{<nil> 0 false 0} {101 2 false 1} {101 2 false 1} {103 3 false 2} {104 4 false 3} {104 4 false 4} {104 4 false 5} {104 4 false 6}] 
2026/02/07 14:34:13 [Node:1] getLogStartIndex index:6 last snapshot index:0
2026/02/07 14:34:13 [14:34:13.001] [Node:1] [HEARTBEAT] [Trace:LOG_2_4][2->1] 复制日志结果:[{<nil> 0 false 0} {101 2 false 1} {101 2 false 1} {103 3 false 2} {104 4 false 3} {104 4 false 4} {104 4 false 5} {104 4 false 6}] 
2026/02/07 14:34:13 [14:34:13.001] [Node:2] [LOG_REPLICA] [Trace:LOG_2_4][2->1] 心跳返回 from peer:1 term:4 success:true
2026/02/07 14:34:13 rfats [0xc00010c000 0xc00010c100 0xc00010c200]
2026/02/07 14:34:13 i 0 cmd1 <nil>, ok false
2026/02/07 14:34:13 i 1 cmd1 <nil>, ok false
2026/02/07 14:34:13 i 2 cmd1 104, ok true
2026/02/07 14:34:13 nd 1, cmd1 104 cmd 104
2026/02/07 14:34:13 rfats [0xc00010c000 0xc00010c100 0xc00010c200]
2026/02/07 14:34:13 i 0 cmd1 <nil>, ok false
2026/02/07 14:34:13 i 1 cmd1 <nil>, ok false
2026/02/07 14:34:13 i 2 cmd1 104, ok true
2026/02/07 14:34:13 nd 1, cmd1 104 cmd 104
2026/02/07 14:34:13 rfats [0xc00010c000 0xc00010c100 0xc00010c200]
2026/02/07 14:34:13 i 0 cmd1 <nil>, ok false
2026/02/07 14:34:13 i 1 cmd1 <nil>, ok false
2026/02/07 14:34:13 i 2 cmd1 104, ok true
2026/02/07 14:34:13 nd 1, cmd1 104 cmd 104
2026/02/07 14:34:13 [14:34:13.050] [Node:0] [HEARTBEAT] [Trace:HB_0_3] 开始发送心跳广播 status LEADER term:3 commitIndex:2
2026/02/07 14:34:13 [14:34:13.051] [Node:2] [HEARTBEAT] [Trace:HB_2_4] 开始发送心跳广播 status LEADER term:4 commitIndex:6
2026/02/07 14:34:13 [14:34:13.051] [Node:1] [HEARTBEAT] [Trace:HB_1_4] Follower等心跳 status FOLLOWER term:4 commitIndex:6
2026/02/07 14:34:13 [Node:2] nextIndex:[3 7 3]
2026/02/07 14:34:13 [Node:2] getLogStartIndex index:2 last snapshot index:0
2026/02/07 14:34:13 [Node:2] getNextIndex len:7 last snapshot index:0
2026/02/07 14:34:13 [Node:2] getLogStartIndex index:3 last snapshot index:0
2026/02/07 14:34:13 [Node:0] nextIndex:[2 2 3]
2026/02/07 14:34:13 [Node:0] getLogStartIndex index:2 last snapshot index:0
2026/02/07 14:34:13 [Node:0] getNextIndex len:3 last snapshot index:0
2026/02/07 14:34:13 [Node:2] nextIndex:[3 7 3]
2026/02/07 14:34:13 [Node:2] getLogStartIndex index:6 last snapshot index:0
2026/02/07 14:34:13 [Node:0] nextIndex:[2 2 3]
2026/02/07 14:34:13 [Node:0] getLogStartIndex index:1 last snapshot index:0
2026/02/07 14:34:13 [Node:0] getNextIndex len:3 last snapshot index:0
2026/02/07 14:34:13 [14:34:13.051] [Node:2] [LOG_REPLICA] [Trace:LOG_2_4][2->0] 发送日志or心跳到 Node:0 开始 args:{4 2 2 3 [{104 4 false 3} {104 4 false 4} {104 4 false 5} {104 4 false 6}] 6 LOG_2_4 2 {0 0 map[] map[]}}
2026/02/07 14:34:13 [Node:2] getNextIndex len:7 last snapshot index:0
2026/02/07 14:34:13 [Node:0] getLogStartIndex index:2 last snapshot index:0
2026/02/07 14:34:13 [14:34:13.051] [Node:2] [LOG_REPLICA] [Trace:LOG_2_4][2->1] 发送日志or心跳到 Node:1 开始 args:{4 2 6 4 [] 6 LOG_2_4 2 {0 0 map[] map[]}}
2026/02/07 14:34:13 [14:34:13.051] [Node:0] [LOG_REPLICA] [Trace:LOG_0_3][0->1] 发送日志or心跳到 Node:1 开始 args:{3 0 1 2 [{103 3 false 2}] 2 LOG_0_3 0 {0 0 map[] map[]}}
2026/02/07 14:34:13 [14:34:13.051] [Node:0] [LOG_REPLICA] [Trace:LOG_0_3][0->2] 发送日志or心跳到 Node:2 开始 args:{3 0 2 3 [] 2 LOG_0_3 0 {0 0 map[] map[]}}
2026/02/07 14:34:13 [14:34:13.051] [Node:1] [HEARTBEAT] [Trace:LOG_2_4][2->1] AppendEntries 收到 term:4 leaderId:2 prevLogIndex:6 prevLogTerm:4 entries:0 leaderCommit:6 isHeartbeat:true currentTerm:4 status:FOLLOWER log:[]
2026/02/07 14:34:13 [Node:1] getNextIndex len:8 last snapshot index:0
2026/02/07 14:34:13 [14:34:13.051] [Node:1] [HEARTBEAT] [Trace:LOG_2_4][2->1] 打印日志结果:[{<nil> 0 false 0} {101 2 false 1} {101 2 false 1} {103 3 false 2} {104 4 false 3} {104 4 false 4} {104 4 false 5} {104 4 false 6}] 
2026/02/07 14:34:13 [Node:1] getLogStartIndex index:6 last snapshot index:0
2026/02/07 14:34:13 [14:34:13.051] [Node:1] [HEARTBEAT] [Trace:LOG_2_4][2->1] 复制日志结果:[{<nil> 0 false 0} {101 2 false 1} {101 2 false 1} {103 3 false 2} {104 4 false 3} {104 4 false 4} {104 4 false 5} {104 4 false 6}] 
2026/02/07 14:34:13 [14:34:13.052] [Node:2] [LOG_REPLICA] [Trace:LOG_2_4][2->1] 心跳返回 from peer:1 term:4 success:true
2026/02/07 14:34:13 rfats [0xc00010c000 0xc00010c100 0xc00010c200]
2026/02/07 14:34:13 i 0 cmd1 <nil>, ok false
2026/02/07 14:34:13 i 1 cmd1 <nil>, ok false
2026/02/07 14:34:13 i 2 cmd1 104, ok true
2026/02/07 14:34:13 nd 1, cmd1 104 cmd 104
2026/02/07 14:34:13 rfats [0xc00010c000 0xc00010c100 0xc00010c200]
2026/02/07 14:34:13 i 0 cmd1 <nil>, ok false
2026/02/07 14:34:13 i 1 cmd1 <nil>, ok false
2026/02/07 14:34:13 i 2 cmd1 104, ok true
2026/02/07 14:34:13 nd 1, cmd1 104 cmd 104
2026/02/07 14:34:13 [14:34:13.101] [Node:2] [HEARTBEAT] [Trace:HB_2_4] 开始发送心跳广播 status LEADER term:4 commitIndex:6
2026/02/07 14:34:13 [14:34:13.101] [Node:1] [HEARTBEAT] [Trace:HB_1_4] Follower等心跳 status FOLLOWER term:4 commitIndex:6
2026/02/07 14:34:13 [14:34:13.101] [Node:0] [HEARTBEAT] [Trace:HB_0_3] 开始发送心跳广播 status LEADER term:3 commitIndex:2
2026/02/07 14:34:13 [Node:2] nextIndex:[3 7 3]
2026/02/07 14:34:13 [Node:2] getLogStartIndex index:6 last snapshot index:0
2026/02/07 14:34:13 [Node:2] getNextIndex len:7 last snapshot index:0
2026/02/07 14:34:13 [Node:0] nextIndex:[2 2 3]
2026/02/07 14:34:13 [Node:0] getLogStartIndex index:1 last snapshot index:0
2026/02/07 14:34:13 [Node:0] getNextIndex len:3 last snapshot index:0
2026/02/07 14:34:13 [Node:0] getLogStartIndex index:2 last snapshot index:0
2026/02/07 14:34:13 [14:34:13.101] [Node:2] [LOG_REPLICA] [Trace:LOG_2_4][2->1] 发送日志or心跳到 Node:1 开始 args:{4 2 6 4 [] 6 LOG_2_4 2 {0 0 map[] map[]}}
2026/02/07 14:34:13 [Node:2] nextIndex:[3 7 3]
2026/02/07 14:34:13 [Node:2] getLogStartIndex index:2 last snapshot index:0
2026/02/07 14:34:13 [Node:2] getNextIndex len:7 last snapshot index:0
2026/02/07 14:34:13 [Node:2] getLogStartIndex index:3 last snapshot index:0
2026/02/07 14:34:13 [14:34:13.101] [Node:0] [LOG_REPLICA] [Trace:LOG_0_3][0->1] 发送日志or心跳到 Node:1 开始 args:{3 0 1 2 [{103 3 false 2}] 2 LOG_0_3 0 {0 0 map[] map[]}}
2026/02/07 14:34:13 [Node:0] nextIndex:[2 2 3]
2026/02/07 14:34:13 [Node:0] getLogStartIndex index:2 last snapshot index:0
2026/02/07 14:34:13 [Node:0] getNextIndex len:3 last snapshot index:0
2026/02/07 14:34:13 [14:34:13.101] [Node:2] [LOG_REPLICA] [Trace:LOG_2_4][2->0] 发送日志or心跳到 Node:0 开始 args:{4 2 2 3 [{104 4 false 3} {104 4 false 4} {104 4 false 5} {104 4 false 6}] 6 LOG_2_4 2 {0 0 map[] map[]}}
2026/02/07 14:34:13 [14:34:13.102] [Node:0] [LOG_REPLICA] [Trace:LOG_0_3][0->2] 发送日志or心跳到 Node:2 开始 args:{3 0 2 3 [] 2 LOG_0_3 0 {0 0 map[] map[]}}
2026/02/07 14:34:13 [14:34:13.102] [Node:1] [HEARTBEAT] [Trace:LOG_2_4][2->1] AppendEntries 收到 term:4 leaderId:2 prevLogIndex:6 prevLogTerm:4 entries:0 leaderCommit:6 isHeartbeat:true currentTerm:4 status:FOLLOWER log:[]
2026/02/07 14:34:13 [Node:1] getNextIndex len:8 last snapshot index:0
2026/02/07 14:34:13 [14:34:13.102] [Node:1] [HEARTBEAT] [Trace:LOG_2_4][2->1] 打印日志结果:[{<nil> 0 false 0} {101 2 false 1} {101 2 false 1} {103 3 false 2} {104 4 false 3} {104 4 false 4} {104 4 false 5} {104 4 false 6}] 
2026/02/07 14:34:13 [Node:1] getLogStartIndex index:6 last snapshot index:0
2026/02/07 14:34:13 [14:34:13.102] [Node:1] [HEARTBEAT] [Trace:LOG_2_4][2->1] 复制日志结果:[{<nil> 0 false 0} {101 2 false 1} {101 2 false 1} {103 3 false 2} {104 4 false 3} {104 4 false 4} {104 4 false 5} {104 4 false 6}] 
2026/02/07 14:34:13 [14:34:13.102] [Node:2] [LOG_REPLICA] [Trace:LOG_2_4][2->1] 心跳返回 from peer:1 term:4 success:true
2026/02/07 14:34:13 rfats [0xc00010c000 0xc00010c100 0xc00010c200]
2026/02/07 14:34:13 i 0 cmd1 <nil>, ok false
2026/02/07 14:34:13 i 1 cmd1 <nil>, ok false
2026/02/07 14:34:13 i 2 cmd1 104, ok true
2026/02/07 14:34:13 nd 1, cmd1 104 cmd 104
2026/02/07 14:34:13 rfats [0xc00010c000 0xc00010c100 0xc00010c200]
2026/02/07 14:34:13 i 0 cmd1 <nil>, ok false
2026/02/07 14:34:13 i 1 cmd1 <nil>, ok false
2026/02/07 14:34:13 i 2 cmd1 104, ok true
2026/02/07 14:34:13 nd 1, cmd1 104 cmd 104
2026/02/07 14:34:13 rfats [0xc00010c000 0xc00010c100 0xc00010c200]
2026/02/07 14:34:13 i 0 cmd1 <nil>, ok false
2026/02/07 14:34:13 i 1 cmd1 <nil>, ok false
2026/02/07 14:34:13 i 2 cmd1 104, ok true
2026/02/07 14:34:13 nd 1, cmd1 104 cmd 104
2026/02/07 14:34:13 [14:34:13.151] [Node:1] [HEARTBEAT] [Trace:HB_1_4] Follower等心跳 status FOLLOWER term:4 commitIndex:6
2026/02/07 14:34:13 [14:34:13.151] [Node:0] [HEARTBEAT] [Trace:HB_0_3] 开始发送心跳广播 status LEADER term:3 commitIndex:2
2026/02/07 14:34:13 [14:34:13.152] [Node:2] [HEARTBEAT] [Trace:HB_2_4] 开始发送心跳广播 status LEADER term:4 commitIndex:6
2026/02/07 14:34:13 [Node:0] nextIndex:[2 2 3]
2026/02/07 14:34:13 [Node:0] getLogStartIndex index:1 last snapshot index:0
2026/02/07 14:34:13 [Node:0] getNextIndex len:3 last snapshot index:0
2026/02/07 14:34:13 [Node:0] getLogStartIndex index:2 last snapshot index:0
2026/02/07 14:34:13 [Node:2] nextIndex:[3 7 3]
2026/02/07 14:34:13 [Node:2] getLogStartIndex index:2 last snapshot index:0
2026/02/07 14:34:13 [Node:2] getNextIndex len:7 last snapshot index:0
2026/02/07 14:34:13 [Node:0] nextIndex:[2 2 3]
2026/02/07 14:34:13 [Node:0] getLogStartIndex index:2 last snapshot index:0
2026/02/07 14:34:13 [Node:0] getNextIndex len:3 last snapshot index:0
2026/02/07 14:34:13 [14:34:13.152] [Node:0] [LOG_REPLICA] [Trace:LOG_0_3][0->1] 发送日志or心跳到 Node:1 开始 args:{3 0 1 2 [{103 3 false 2}] 2 LOG_0_3 0 {0 0 map[] map[]}}
2026/02/07 14:34:13 [Node:2] getLogStartIndex index:3 last snapshot index:0
2026/02/07 14:34:13 [Node:2] nextIndex:[3 7 3]
2026/02/07 14:34:13 [14:34:13.152] [Node:0] [LOG_REPLICA] [Trace:LOG_0_3][0->2] 发送日志or心跳到 Node:2 开始 args:{3 0 2 3 [] 2 LOG_0_3 0 {0 0 map[] map[]}}
2026/02/07 14:34:13 [Node:2] getLogStartIndex index:6 last snapshot index:0
2026/02/07 14:34:13 [Node:2] getNextIndex len:7 last snapshot index:0
2026/02/07 14:34:13 [14:34:13.152] [Node:2] [LOG_REPLICA] [Trace:LOG_2_4][2->0] 发送日志or心跳到 Node:0 开始 args:{4 2 2 3 [{104 4 false 3} {104 4 false 4} {104 4 false 5} {104 4 false 6}] 6 LOG_2_4 2 {0 0 map[] map[]}}
2026/02/07 14:34:13 [14:34:13.152] [Node:2] [LOG_REPLICA] [Trace:LOG_2_4][2->1] 发送日志or心跳到 Node:1 开始 args:{4 2 6 4 [] 6 LOG_2_4 2 {0 0 map[] map[]}}
2026/02/07 14:34:13 [14:34:13.152] [Node:1] [HEARTBEAT] [Trace:LOG_2_4][2->1] AppendEntries 收到 term:4 leaderId:2 prevLogIndex:6 prevLogTerm:4 entries:0 leaderCommit:6 isHeartbeat:true currentTerm:4 status:FOLLOWER log:[]
2026/02/07 14:34:13 [Node:1] getNextIndex len:8 last snapshot index:0
2026/02/07 14:34:13 [14:34:13.152] [Node:1] [HEARTBEAT] [Trace:LOG_2_4][2->1] 打印日志结果:[{<nil> 0 false 0} {101 2 false 1} {101 2 false 1} {103 3 false 2} {104 4 false 3} {104 4 false 4} {104 4 false 5} {104 4 false 6}] 
2026/02/07 14:34:13 [Node:1] getLogStartIndex index:6 last snapshot index:0
2026/02/07 14:34:13 [14:34:13.152] [Node:1] [HEARTBEAT] [Trace:LOG_2_4][2->1] 复制日志结果:[{<nil> 0 false 0} {101 2 false 1} {101 2 false 1} {103 3 false 2} {104 4 false 3} {104 4 false 4} {104 4 false 5} {104 4 false 6}] 
2026/02/07 14:34:13 [14:34:13.153] [Node:2] [LOG_REPLICA] [Trace:LOG_2_4][2->1] 心跳返回 from peer:1 term:4 success:true
2026/02/07 14:34:13 rfats [0xc00010c000 0xc00010c100 0xc00010c200]
2026/02/07 14:34:13 i 0 cmd1 <nil>, ok false
2026/02/07 14:34:13 i 1 cmd1 <nil>, ok false
2026/02/07 14:34:13 i 2 cmd1 104, ok true
2026/02/07 14:34:13 nd 1, cmd1 104 cmd 104
2026/02/07 14:34:13 rfats [0xc00010c000 0xc00010c100 0xc00010c200]
2026/02/07 14:34:13 i 0 cmd1 <nil>, ok false
2026/02/07 14:34:13 i 1 cmd1 <nil>, ok false
2026/02/07 14:34:13 i 2 cmd1 104, ok true
2026/02/07 14:34:13 nd 1, cmd1 104 cmd 104
2026/02/07 14:34:13 [14:34:13.202] [Node:0] [HEARTBEAT] [Trace:HB_0_3] 开始发送心跳广播 status LEADER term:3 commitIndex:2
2026/02/07 14:34:13 [14:34:13.202] [Node:1] [HEARTBEAT] [Trace:HB_1_4] Follower等心跳 status FOLLOWER term:4 commitIndex:6
2026/02/07 14:34:13 [14:34:13.202] [Node:2] [HEARTBEAT] [Trace:HB_2_4] 开始发送心跳广播 status LEADER term:4 commitIndex:6
2026/02/07 14:34:13 [Node:0] nextIndex:[2 2 3]
2026/02/07 14:34:13 [Node:0] getLogStartIndex index:2 last snapshot index:0
2026/02/07 14:34:13 [Node:0] getNextIndex len:3 last snapshot index:0
2026/02/07 14:34:13 [Node:2] nextIndex:[3 7 3]
2026/02/07 14:34:13 [Node:2] getLogStartIndex index:6 last snapshot index:0
2026/02/07 14:34:13 [Node:2] getNextIndex len:7 last snapshot index:0
2026/02/07 14:34:13 [Node:0] nextIndex:[2 2 3]
2026/02/07 14:34:13 [Node:0] getLogStartIndex index:1 last snapshot index:0
2026/02/07 14:34:13 [14:34:13.203] [Node:0] [LOG_REPLICA] [Trace:LOG_0_3][0->2] 发送日志or心跳到 Node:2 开始 args:{3 0 2 3 [] 2 LOG_0_3 0 {0 0 map[] map[]}}
2026/02/07 14:34:13 [Node:0] getNextIndex len:3 last snapshot index:0
2026/02/07 14:34:13 [Node:0] getLogStartIndex index:2 last snapshot index:0
2026/02/07 14:34:13 [14:34:13.203] [Node:2] [LOG_REPLICA] [Trace:LOG_2_4][2->1] 发送日志or心跳到 Node:1 开始 args:{4 2 6 4 [] 6 LOG_2_4 2 {0 0 map[] map[]}}
2026/02/07 14:34:13 [Node:2] nextIndex:[3 7 3]
2026/02/07 14:34:13 [Node:2] getLogStartIndex index:2 last snapshot index:0
2026/02/07 14:34:13 [Node:2] getNextIndex len:7 last snapshot index:0
2026/02/07 14:34:13 [Node:2] getLogStartIndex index:3 last snapshot index:0
2026/02/07 14:34:13 [14:34:13.203] [Node:0] [LOG_REPLICA] [Trace:LOG_0_3][0->1] 发送日志or心跳到 Node:1 开始 args:{3 0 1 2 [{103 3 false 2}] 2 LOG_0_3 0 {0 0 map[] map[]}}
2026/02/07 14:34:13 [14:34:13.203] [Node:2] [LOG_REPLICA] [Trace:LOG_2_4][2->0] 发送日志or心跳到 Node:0 开始 args:{4 2 2 3 [{104 4 false 3} {104 4 false 4} {104 4 false 5} {104 4 false 6}] 6 LOG_2_4 2 {0 0 map[] map[]}}
2026/02/07 14:34:13 [14:34:13.203] [Node:1] [HEARTBEAT] [Trace:LOG_2_4][2->1] AppendEntries 收到 term:4 leaderId:2 prevLogIndex:6 prevLogTerm:4 entries:0 leaderCommit:6 isHeartbeat:true currentTerm:4 status:FOLLOWER log:[]
2026/02/07 14:34:13 [Node:1] getNextIndex len:8 last snapshot index:0
2026/02/07 14:34:13 [14:34:13.203] [Node:1] [HEARTBEAT] [Trace:LOG_2_4][2->1] 打印日志结果:[{<nil> 0 false 0} {101 2 false 1} {101 2 false 1} {103 3 false 2} {104 4 false 3} {104 4 false 4} {104 4 false 5} {104 4 false 6}] 
2026/02/07 14:34:13 [Node:1] getLogStartIndex index:6 last snapshot index:0
2026/02/07 14:34:13 [14:34:13.203] [Node:1] [HEARTBEAT] [Trace:LOG_2_4][2->1] 复制日志结果:[{<nil> 0 false 0} {101 2 false 1} {101 2 false 1} {103 3 false 2} {104 4 false 3} {104 4 false 4} {104 4 false 5} {104 4 false 6}] 
2026/02/07 14:34:13 [14:34:13.204] [Node:2] [LOG_REPLICA] [Trace:LOG_2_4][2->1] 心跳返回 from peer:1 term:4 success:true
2026/02/07 14:34:13 rfats [0xc00010c000 0xc00010c100 0xc00010c200]
2026/02/07 14:34:13 i 0 cmd1 <nil>, ok false
2026/02/07 14:34:13 i 1 cmd1 <nil>, ok false
2026/02/07 14:34:13 i 2 cmd1 104, ok true
2026/02/07 14:34:13 nd 1, cmd1 104 cmd 104
2026/02/07 14:34:13 rfats [0xc00010c000 0xc00010c100 0xc00010c200]
2026/02/07 14:34:13 i 0 cmd1 <nil>, ok false
2026/02/07 14:34:13 i 1 cmd1 <nil>, ok false
2026/02/07 14:34:13 i 2 cmd1 104, ok true
2026/02/07 14:34:13 nd 1, cmd1 104 cmd 104
2026/02/07 14:34:13 rfats [0xc00010c000 0xc00010c100 0xc00010c200]
2026/02/07 14:34:13 i 0 cmd1 <nil>, ok false
2026/02/07 14:34:13 i 1 cmd1 <nil>, ok false
2026/02/07 14:34:13 i 2 cmd1 104, ok true
2026/02/07 14:34:13 nd 1, cmd1 104 cmd 104
2026/02/07 14:34:13 [14:34:13.253] [Node:1] [HEARTBEAT] [Trace:HB_1_4] Follower等心跳 status FOLLOWER term:4 commitIndex:6
2026/02/07 14:34:13 [14:34:13.253] [Node:2] [HEARTBEAT] [Trace:HB_2_4] 开始发送心跳广播 status LEADER term:4 commitIndex:6
2026/02/07 14:34:13 [14:34:13.253] [Node:0] [HEARTBEAT] [Trace:HB_0_3] 开始发送心跳广播 status LEADER term:3 commitIndex:2
2026/02/07 14:34:13 [Node:2] nextIndex:[3 7 3]
2026/02/07 14:34:13 [Node:2] getLogStartIndex index:2 last snapshot index:0
2026/02/07 14:34:13 [Node:2] getNextIndex len:7 last snapshot index:0
2026/02/07 14:34:13 [Node:0] nextIndex:[2 2 3]
2026/02/07 14:34:13 [Node:0] getLogStartIndex index:2 last snapshot index:0
2026/02/07 14:34:13 [Node:0] getNextIndex len:3 last snapshot index:0
2026/02/07 14:34:13 [14:34:13.253] [Node:0] [LOG_REPLICA] [Trace:LOG_0_3][0->2] 发送日志or心跳到 Node:2 开始 args:{3 0 2 3 [] 2 LOG_0_3 0 {0 0 map[] map[]}}
2026/02/07 14:34:13 [Node:2] getLogStartIndex index:3 last snapshot index:0
2026/02/07 14:34:13 [Node:0] nextIndex:[2 2 3]
2026/02/07 14:34:13 [Node:0] getLogStartIndex index:1 last snapshot index:0
2026/02/07 14:34:13 [Node:0] getNextIndex len:3 last snapshot index:0
2026/02/07 14:34:13 [Node:2] nextIndex:[3 7 3]
2026/02/07 14:34:13 [Node:2] getLogStartIndex index:6 last snapshot index:0
2026/02/07 14:34:13 [Node:2] getNextIndex len:7 last snapshot index:0
2026/02/07 14:34:13 [Node:0] getLogStartIndex index:2 last snapshot index:0
2026/02/07 14:34:13 [14:34:13.253] [Node:2] [LOG_REPLICA] [Trace:LOG_2_4][2->0] 发送日志or心跳到 Node:0 开始 args:{4 2 2 3 [{104 4 false 3} {104 4 false 4} {104 4 false 5} {104 4 false 6}] 6 LOG_2_4 2 {0 0 map[] map[]}}
2026/02/07 14:34:13 [14:34:13.253] [Node:0] [LOG_REPLICA] [Trace:LOG_0_3][0->1] 发送日志or心跳到 Node:1 开始 args:{3 0 1 2 [{103 3 false 2}] 2 LOG_0_3 0 {0 0 map[] map[]}}
2026/02/07 14:34:13 [14:34:13.253] [Node:2] [LOG_REPLICA] [Trace:LOG_2_4][2->1] 发送日志or心跳到 Node:1 开始 args:{4 2 6 4 [] 6 LOG_2_4 2 {0 0 map[] map[]}}
2026/02/07 14:34:13 [14:34:13.254] [Node:1] [HEARTBEAT] [Trace:LOG_2_4][2->1] AppendEntries 收到 term:4 leaderId:2 prevLogIndex:6 prevLogTerm:4 entries:0 leaderCommit:6 isHeartbeat:true currentTerm:4 status:FOLLOWER log:[]
2026/02/07 14:34:13 [Node:1] getNextIndex len:8 last snapshot index:0
2026/02/07 14:34:13 [14:34:13.254] [Node:1] [HEARTBEAT] [Trace:LOG_2_4][2->1] 打印日志结果:[{<nil> 0 false 0} {101 2 false 1} {101 2 false 1} {103 3 false 2} {104 4 false 3} {104 4 false 4} {104 4 false 5} {104 4 false 6}] 
2026/02/07 14:34:13 [Node:1] getLogStartIndex index:6 last snapshot index:0
2026/02/07 14:34:13 [14:34:13.254] [Node:1] [HEARTBEAT] [Trace:LOG_2_4][2->1] 复制日志结果:[{<nil> 0 false 0} {101 2 false 1} {101 2 false 1} {103 3 false 2} {104 4 false 3} {104 4 false 4} {104 4 false 5} {104 4 false 6}] 
2026/02/07 14:34:13 [14:34:13.254] [Node:2] [LOG_REPLICA] [Trace:LOG_2_4][2->1] 心跳返回 from peer:1 term:4 success:true
2026/02/07 14:34:13 rfats [0xc00010c000 0xc00010c100 0xc00010c200]
2026/02/07 14:34:13 i 0 cmd1 <nil>, ok false
2026/02/07 14:34:13 i 1 cmd1 <nil>, ok false
2026/02/07 14:34:13 i 2 cmd1 104, ok true
2026/02/07 14:34:13 nd 1, cmd1 104 cmd 104
2026/02/07 14:34:13 rfats [0xc00010c000 0xc00010c100 0xc00010c200]
2026/02/07 14:34:13 i 0 cmd1 <nil>, ok false
2026/02/07 14:34:13 i 1 cmd1 <nil>, ok false
2026/02/07 14:34:13 i 2 cmd1 104, ok true
2026/02/07 14:34:13 nd 1, cmd1 104 cmd 104
2026/02/07 14:34:13 [14:34:13.304] [Node:0] [HEARTBEAT] [Trace:HB_0_3] 开始发送心跳广播 status LEADER term:3 commitIndex:2
2026/02/07 14:34:13 [14:34:13.304] [Node:1] [HEARTBEAT] [Trace:HB_1_4] Follower等心跳 status FOLLOWER term:4 commitIndex:6
2026/02/07 14:34:13 [14:34:13.304] [Node:2] [HEARTBEAT] [Trace:HB_2_4] 开始发送心跳广播 status LEADER term:4 commitIndex:6
2026/02/07 14:34:13 [Node:0] nextIndex:[2 2 3]
2026/02/07 14:34:13 [Node:2] nextIndex:[3 7 3]
2026/02/07 14:34:13 [Node:0] getLogStartIndex index:2 last snapshot index:0
2026/02/07 14:34:13 [Node:0] getNextIndex len:3 last snapshot index:0
2026/02/07 14:34:13 [Node:2] getLogStartIndex index:6 last snapshot index:0
2026/02/07 14:34:13 [Node:0] nextIndex:[2 2 3]
2026/02/07 14:34:13 [Node:0] getLogStartIndex index:1 last snapshot index:0
2026/02/07 14:34:13 [14:34:13.304] [Node:0] [LOG_REPLICA] [Trace:LOG_0_3][0->2] 发送日志or心跳到 Node:2 开始 args:{3 0 2 3 [] 2 LOG_0_3 0 {0 0 map[] map[]}}
2026/02/07 14:34:13 [Node:2] getNextIndex len:7 last snapshot index:0
2026/02/07 14:34:13 [Node:0] getNextIndex len:3 last snapshot index:0
2026/02/07 14:34:13 [Node:0] getLogStartIndex index:2 last snapshot index:0
2026/02/07 14:34:13 [Node:2] nextIndex:[3 7 3]
2026/02/07 14:34:13 [14:34:13.304] [Node:2] [LOG_REPLICA] [Trace:LOG_2_4][2->1] 发送日志or心跳到 Node:1 开始 args:{4 2 6 4 [] 6 LOG_2_4 2 {0 0 map[] map[]}}
2026/02/07 14:34:13 [Node:2] getLogStartIndex index:2 last snapshot index:0
2026/02/07 14:34:13 [14:34:13.304] [Node:0] [LOG_REPLICA] [Trace:LOG_0_3][0->1] 发送日志or心跳到 Node:1 开始 args:{3 0 1 2 [{103 3 false 2}] 2 LOG_0_3 0 {0 0 map[] map[]}}
2026/02/07 14:34:13 [Node:2] getNextIndex len:7 last snapshot index:0
2026/02/07 14:34:13 [Node:2] getLogStartIndex index:3 last snapshot index:0
2026/02/07 14:34:13 [14:34:13.304] [Node:2] [LOG_REPLICA] [Trace:LOG_2_4][2->0] 发送日志or心跳到 Node:0 开始 args:{4 2 2 3 [{104 4 false 3} {104 4 false 4} {104 4 false 5} {104 4 false 6}] 6 LOG_2_4 2 {0 0 map[] map[]}}
2026/02/07 14:34:13 [14:34:13.305] [Node:1] [HEARTBEAT] [Trace:LOG_2_4][2->1] AppendEntries 收到 term:4 leaderId:2 prevLogIndex:6 prevLogTerm:4 entries:0 leaderCommit:6 isHeartbeat:true currentTerm:4 status:FOLLOWER log:[]
2026/02/07 14:34:13 [Node:1] getNextIndex len:8 last snapshot index:0
2026/02/07 14:34:13 [14:34:13.305] [Node:1] [HEARTBEAT] [Trace:LOG_2_4][2->1] 打印日志结果:[{<nil> 0 false 0} {101 2 false 1} {101 2 false 1} {103 3 false 2} {104 4 false 3} {104 4 false 4} {104 4 false 5} {104 4 false 6}] 
2026/02/07 14:34:13 [Node:1] getLogStartIndex index:6 last snapshot index:0
2026/02/07 14:34:13 [14:34:13.305] [Node:1] [HEARTBEAT] [Trace:LOG_2_4][2->1] 复制日志结果:[{<nil> 0 false 0} {101 2 false 1} {101 2 false 1} {103 3 false 2} {104 4 false 3} {104 4 false 4} {104 4 false 5} {104 4 false 6}] 
2026/02/07 14:34:13 [14:34:13.305] [Node:2] [LOG_REPLICA] [Trace:LOG_2_4][2->1] 心跳返回 from peer:1 term:4 success:true
--- FAIL: TestRejoin2B (11.63s)
    config.go:483: one(104) failed to reach agreement
FAIL
exit status 1
FAIL	learn-6.824/src/raft	12.530s
