2025/11/03 17:32:02 [17:32:02.546] [Node:4] [HEARTBEAT] [Trace:HB_4_0] Follower等心跳 status FOLLOWER term:0 commitIndex:0
2025/11/03 17:32:02 [17:32:02.547] [Node:4] [RPC_RECV] [Trace:CLIENT_4_1762162322547622000] 接收到日志命令:9885 isLeader:false term:0
2025/11/03 17:32:02 [17:32:02.598] [Node:4] [RPC_RECV] [Trace:CLIENT_4_1762162322598136000] 接收到日志命令:9885 isLeader:false term:0
2025/11/03 17:32:02 [17:32:02.646] [Node:4] [HEARTBEAT] [Trace:HB_4_0] Follower等心跳 status FOLLOWER term:0 commitIndex:0
2025/11/03 17:32:02 [17:32:02.648] [Node:4] [RPC_RECV] [Trace:CLIENT_4_1762162322648479000] 接收到日志命令:9885 isLeader:false term:0
2025/11/03 17:32:02 [17:32:02.698] [Node:4] [RPC_RECV] [Trace:CLIENT_4_1762162322698996000] 接收到日志命令:9885 isLeader:false term:0
2025/11/03 17:32:02 [17:32:02.747] [Node:4] [HEARTBEAT] [Trace:HB_4_0] Follower等心跳 status FOLLOWER term:0 commitIndex:0
2025/11/03 17:32:02 [17:32:02.749] [Node:4] [RPC_RECV] [Trace:CLIENT_4_1762162322749435000] 接收到日志命令:9885 isLeader:false term:0
2025/11/03 17:32:02 [17:32:02.783] [Node:4] [INFO] [STATE_CHANGE] FOLLOWER->FOLLOWER term:0 reason:变成Candidate
2025/11/03 17:32:02 [17:32:02.783] [Node:4] [TIMER_EVENT] [Trace:TIMER_4] 超时选举 since:237.453833ms threshold:226.41797ms
2025/11/03 17:32:02 [17:32:02.783] [Node:4] [RPC_SEND] [Trace:ELEC_4_1] 发送选举请求
2025/11/03 17:32:02 [17:32:02.786] [Node:4] [RPC_SEND] [Trace:ELEC_4_1] 发送选举请求
2025/11/03 17:32:02 [17:32:02.786] [Node:4] [RPC_SEND] [Trace:ELEC_4_1] 发送选举请求
2025/11/03 17:32:02 [17:32:02.786] [Node:4] [RPC_SEND] [Trace:ELEC_4_1] 发送选举请求
2025/11/03 17:32:02 [17:32:02.797] [Node:4] [RPC_RECV] [Trace:ELEC_0_1][0->4] RequestVote 接受 term:1 candidateId:0 lastLogIndex:0 lastLogTerm:0 currentTerm:1 status:CANDIDATE
2025/11/03 17:32:02 [17:32:02.797] [Node:4] [RPC_RECV] [Trace:ELEC_0_1][0->4] 投票信息 votedFor:4 lastLogTerm:0 lastLogIndex:0
2025/11/03 17:32:02 [17:32:02.797] [Node:4] [RPC_RECV] [Trace:ELEC_0_1][0->4] 投票失败兜底 candidate:0 term:1
2025/11/03 17:32:02 [17:32:02.799] [Node:4] [RPC_RECV] [Trace:CLIENT_4_1762162322799891000] 接收到日志命令:9885 isLeader:false term:1
2025/11/03 17:32:02 [17:32:02.800] [Node:4] [RPC_SEND] [Trace:ELEC_4_1] 处理投票返回 for term 1 reply:{1 false}
2025/11/03 17:32:02 [17:32:02.808] [Node:4] [RPC_SEND] [Trace:ELEC_4_1] 处理投票返回 for term 1 reply:{1 false}
2025/11/03 17:32:02 [17:32:02.847] [Node:4] [HEARTBEAT] [Trace:HB_4_1] Follower等心跳 status CANDIDATE term:1 commitIndex:0
2025/11/03 17:32:02 [17:32:02.850] [Node:4] [RPC_RECV] [Trace:CLIENT_4_1762162322850386000] 接收到日志命令:9885 isLeader:false term:1
2025/11/03 17:32:02 [17:32:02.901] [Node:4] [RPC_RECV] [Trace:CLIENT_4_1762162322901760000] 接收到日志命令:9885 isLeader:false term:1
2025/11/03 17:32:02 [17:32:02.948] [Node:4] [HEARTBEAT] [Trace:HB_4_1] Follower等心跳 status CANDIDATE term:1 commitIndex:0
2025/11/03 17:32:02 [17:32:02.952] [Node:4] [RPC_RECV] [Trace:CLIENT_4_1762162322952506000] 接收到日志命令:9885 isLeader:false term:1
2025/11/03 17:32:03 [17:32:03.003] [Node:4] [RPC_RECV] [Trace:CLIENT_4_1762162323003447000] 接收到日志命令:9885 isLeader:false term:1
2025/11/03 17:32:03 [17:32:03.048] [Node:4] [HEARTBEAT] [Trace:HB_4_1] Follower等心跳 status CANDIDATE term:1 commitIndex:0
2025/11/03 17:32:03 [17:32:03.053] [Node:4] [RPC_RECV] [Trace:CLIENT_4_1762162323053979000] 接收到日志命令:9885 isLeader:false term:1
2025/11/03 17:32:03 [17:32:03.084] [Node:4] [INFO] [STATE_CHANGE] CANDIDATE->FOLLOWER term:1 reason:变成Candidate
2025/11/03 17:32:03 [17:32:03.084] [Node:4] [TIMER_EVENT] [Trace:TIMER_4] 超时选举 since:300.844ms threshold:240.428819ms
2025/11/03 17:32:03 [17:32:03.084] [Node:4] [RPC_SEND] [Trace:ELEC_4_2] 发送选举请求
2025/11/03 17:32:03 [17:32:03.085] [Node:4] [RPC_SEND] [Trace:ELEC_4_2] 发送选举请求
2025/11/03 17:32:03 [17:32:03.084] [Node:4] [RPC_SEND] [Trace:ELEC_4_2] 发送选举请求
2025/11/03 17:32:03 [17:32:03.085] [Node:4] [RPC_SEND] [Trace:ELEC_4_2] 发送选举请求
2025/11/03 17:32:03 [17:32:03.100] [Node:4] [RPC_SEND] [Trace:ELEC_4_2] 处理投票返回 for term 2 reply:{2 false}
2025/11/03 17:32:03 [17:32:03.105] [Node:4] [RPC_SEND] [Trace:ELEC_4_2] 处理投票返回 for term 2 reply:{2 false}
2025/11/03 17:32:03 [17:32:03.148] [Node:4] [HEARTBEAT] [Trace:HB_4_2] Follower等心跳 status CANDIDATE term:2 commitIndex:0
2025/11/03 17:32:03 [17:32:03.159] [Node:4] [LOG_REPLICA] [Trace:LOG_3_2][3->4] AppendEntries 收到 term:2 leaderId:3 prevLogIndex:0 prevLogTerm:0 entries:1 leaderCommit:0 isHeartbeat:false currentTerm:2 status:CANDIDATE
2025/11/03 17:32:03 [17:32:03.159] [Node:4] [LOG_REPLICA] [Trace:LOG_3_2][3->4] 打印日志结果:[{<nil> 0 false 0}] 
2025/11/03 17:32:03 [17:32:03.160] [Node:4] [LOG_REPLICA] [Trace:LOG_3_2][3->4] 复制日志结果:[{<nil> 0 false 0} {9885 2 false 1}] 
2025/11/03 17:32:03 [17:32:03.191] [Node:4] [RPC_RECV] [Trace:CLIENT_4_1762162323191244000] 接收到日志命令:4489 isLeader:false term:2
2025/11/03 17:32:03 [17:32:03.203] [Node:4] [RPC_RECV] [Trace:CLIENT_4_1762162323203057000] 接收到日志命令:1401 isLeader:false term:2
2025/11/03 17:32:03 [17:32:03.205] [Node:4] [RPC_RECV] [Trace:CLIENT_4_1762162323205744000] 接收到日志命令:8967 isLeader:false term:2
2025/11/03 17:32:03 [17:32:03.212] [Node:4] [RPC_RECV] [Trace:CLIENT_4_1762162323212339000] 接收到日志命令:8800 isLeader:false term:2
2025/11/03 17:32:03 [17:32:03.253] [Node:4] [HEARTBEAT] [Trace:HB_4_2] Follower等心跳 status CANDIDATE term:2 commitIndex:0
2025/11/03 17:32:03 [17:32:03.354] [Node:4] [HEARTBEAT] [Trace:HB_4_2] Follower等心跳 status CANDIDATE term:2 commitIndex:0
2025/11/03 17:32:03 [17:32:03.426] [Node:4] [INFO] [STATE_CHANGE] CANDIDATE->FOLLOWER term:2 reason:变成Candidate
2025/11/03 17:32:03 [17:32:03.427] [Node:4] [TIMER_EVENT] [Trace:TIMER_4] 超时选举 since:266.898125ms threshold:263.509666ms
2025/11/03 17:32:03 [17:32:03.427] [Node:4] [RPC_SEND] [Trace:ELEC_4_3] 发送选举请求
2025/11/03 17:32:03 [17:32:03.427] [Node:4] [RPC_SEND] [Trace:ELEC_4_3] 发送选举请求
2025/11/03 17:32:03 [17:32:03.427] [Node:4] [RPC_SEND] [Trace:ELEC_4_3] 发送选举请求
2025/11/03 17:32:03 [17:32:03.427] [Node:4] [RPC_SEND] [Trace:ELEC_4_3] 发送选举请求
2025/11/03 17:32:03 [17:32:03.440] [Node:4] [RPC_SEND] [Trace:ELEC_4_3] 处理投票返回 for term 3 reply:{3 true}
2025/11/03 17:32:03 [17:32:03.452] [Node:4] [RPC_RECV] [Trace:ELEC_1_3][1->4] RequestVote 接受 term:3 candidateId:1 lastLogIndex:1 lastLogTerm:2 currentTerm:3 status:CANDIDATE
2025/11/03 17:32:03 [17:32:03.452] [Node:4] [RPC_RECV] [Trace:ELEC_1_3][1->4] 投票信息 votedFor:4 lastLogTerm:2 lastLogIndex:1
2025/11/03 17:32:03 [17:32:03.452] [Node:4] [RPC_RECV] [Trace:ELEC_1_3][1->4] 投票失败兜底 candidate:1 term:3
2025/11/03 17:32:03 [17:32:03.453] [Node:4] [RPC_SEND] [Trace:ELEC_4_3] 处理投票返回 for term 3 reply:{3 false}
2025/11/03 17:32:03 [17:32:03.454] [Node:4] [HEARTBEAT] [Trace:HB_4_3] Follower等心跳 status CANDIDATE term:3 commitIndex:0
2025/11/03 17:32:03 [17:32:03.555] [Node:4] [HEARTBEAT] [Trace:HB_4_3] Follower等心跳 status CANDIDATE term:3 commitIndex:0
2025/11/03 17:32:03 [17:32:03.601] [Node:4] [RPC_RECV] [Trace:CLIENT_4_1762162323601979000] 接收到日志命令:3387 isLeader:false term:3
2025/11/03 17:32:03 [17:32:03.613] [Node:4] [RPC_RECV] [Trace:CLIENT_4_1762162323613407000] 接收到日志命令:5653 isLeader:false term:3
2025/11/03 17:32:03 [17:32:03.622] [Node:4] [RPC_RECV] [Trace:CLIENT_4_1762162323622770000] 接收到日志命令:8437 isLeader:false term:3
2025/11/03 17:32:03 [17:32:03.633] [Node:4] [RPC_RECV] [Trace:CLIENT_4_1762162323633855000] 接收到日志命令:7459 isLeader:false term:3
2025/11/03 17:32:03 [17:32:03.634] [Node:4] [RPC_RECV] [Trace:CLIENT_4_1762162323634075000] 接收到日志命令:4401 isLeader:false term:3
2025/11/03 17:32:03 [17:32:03.645] [Node:4] [RPC_RECV] [Trace:CLIENT_4_1762162323645559000] 接收到日志命令:3840 isLeader:false term:3
2025/11/03 17:32:03 [17:32:03.651] [Node:4] [RPC_RECV] [Trace:CLIENT_4_1762162323651310000] 接收到日志命令:6168 isLeader:false term:3
2025/11/03 17:32:03 [17:32:03.653] [Node:4] [RPC_RECV] [Trace:CLIENT_4_1762162323653937000] 接收到日志命令:1303 isLeader:false term:3
2025/11/03 17:32:03 [17:32:03.654] [Node:4] [RPC_RECV] [Trace:CLIENT_4_1762162323654306000] 接收到日志命令:2426 isLeader:false term:3
2025/11/03 17:32:03 [17:32:03.655] [Node:4] [HEARTBEAT] [Trace:HB_4_3] Follower等心跳 status CANDIDATE term:3 commitIndex:0
2025/11/03 17:32:03 [17:32:03.664] [Node:4] [RPC_RECV] [Trace:CLIENT_4_1762162323664721000] 接收到日志命令:1312 isLeader:false term:3
2025/11/03 17:32:03 [17:32:03.665] [Node:4] [RPC_RECV] [Trace:CLIENT_4_1762162323665030000] 接收到日志命令:1432 isLeader:false term:3
2025/11/03 17:32:03 [17:32:03.668] [Node:4] [RPC_RECV] [Trace:CLIENT_4_1762162323668585000] 接收到日志命令:9295 isLeader:false term:3
2025/11/03 17:32:03 [17:32:03.675] [Node:4] [RPC_RECV] [Trace:CLIENT_4_1762162323675486000] 接收到日志命令:7902 isLeader:false term:3
2025/11/03 17:32:03 [17:32:03.686] [Node:4] [RPC_RECV] [Trace:CLIENT_4_1762162323686367000] 接收到日志命令:6702 isLeader:false term:3
2025/11/03 17:32:03 [17:32:03.689] [Node:4] [RPC_RECV] [Trace:ELEC_2_4][2->4] RequestVote 接受 term:4 candidateId:2 lastLogIndex:1 lastLogTerm:2 currentTerm:3 status:CANDIDATE
2025/11/03 17:32:03 [17:32:03.689] [Node:4] [INFO] [STATE_CHANGE] CANDIDATE->FOLLOWER term:3 reason:降级成follower
2025/11/03 17:32:03 [17:32:03.689] [Node:4] [RPC_RECV] [Trace:ELEC_2_4][2->4] 投票信息 votedFor:-1 lastLogTerm:2 lastLogIndex:1
2025/11/03 17:32:03 [17:32:03.689] [Node:4] [RPC_RECV] [Trace:ELEC_2_4][2->4] 投票给 candidate:2 term:4
2025/11/03 17:32:03 [17:32:03.756] [Node:4] [HEARTBEAT] [Trace:HB_4_4] Follower等心跳 status FOLLOWER term:4 commitIndex:0
2025/11/03 17:32:03 [17:32:03.757] [Node:4] [LOG_REPLICA] [Trace:LOG_2_4][2->4] AppendEntries 收到 term:4 leaderId:2 prevLogIndex:0 prevLogTerm:0 entries:2 leaderCommit:0 isHeartbeat:false currentTerm:4 status:FOLLOWER
2025/11/03 17:32:03 [17:32:03.757] [Node:4] [LOG_REPLICA] [Trace:LOG_2_4][2->4] 打印日志结果:[{<nil> 0 false 0} {9885 2 false 1}] 
2025/11/03 17:32:03 [17:32:03.758] [Node:4] [LOG_REPLICA] [Trace:LOG_2_4][2->4] 复制日志结果:[{<nil> 0 false 0} {9885 2 false 1} {7369 4 false 2}] 
2025/11/03 17:32:03 [17:32:03.856] [Node:4] [HEARTBEAT] [Trace:HB_4_4] Follower等心跳 status FOLLOWER term:4 commitIndex:0
2025/11/03 17:32:03 [17:32:03.880] [Node:4] [HEARTBEAT] [Trace:LOG_2_4][2->4] AppendEntries 收到 term:4 leaderId:2 prevLogIndex:2 prevLogTerm:4 entries:0 leaderCommit:2 isHeartbeat:true currentTerm:4 status:FOLLOWER
2025/11/03 17:32:03 [17:32:03.880] [Node:4] [HEARTBEAT] [Trace:LOG_2_4][2->4] 打印日志结果:[{<nil> 0 false 0} {9885 2 false 1} {7369 4 false 2}] 
2025/11/03 17:32:03 [17:32:03.880] [Node:4] [HEARTBEAT] [Trace:LOG_2_4][2->4] 复制日志结果:[{<nil> 0 false 0} {9885 2 false 1} {7369 4 false 2}] 
2025/11/03 17:32:03 [17:32:03.880] [Node:4] [LOG_COMMIT] [Trace:LOG_2_4][2->4] 收到LogEntry，并且Leader已经提交， 本地log 0->2 leaderCommit:2 lastApplied:0
2025/11/03 17:32:03 [17:32:03.880] [Node:4] [LOG_COMMIT] [Trace:APPLY_4_2] Applying logs count:2 log:[{9885 2 false 1} {7369 4 false 2}] lastApplied:2
2025/11/03 17:32:03 [17:32:03.959] [Node:4] [HEARTBEAT] [Trace:HB_4_4] Follower等心跳 status FOLLOWER term:4 commitIndex:2
2025/11/03 17:32:03 [17:32:03.987] [Node:4] [HEARTBEAT] [Trace:LOG_2_4][2->4] AppendEntries 收到 term:4 leaderId:2 prevLogIndex:2 prevLogTerm:4 entries:0 leaderCommit:2 isHeartbeat:true currentTerm:4 status:FOLLOWER
2025/11/03 17:32:03 [17:32:03.987] [Node:4] [HEARTBEAT] [Trace:LOG_2_4][2->4] 打印日志结果:[{<nil> 0 false 0} {9885 2 false 1} {7369 4 false 2}] 
2025/11/03 17:32:03 [17:32:03.987] [Node:4] [HEARTBEAT] [Trace:LOG_2_4][2->4] 复制日志结果:[{<nil> 0 false 0} {9885 2 false 1} {7369 4 false 2}] 
2025/11/03 17:32:04 [17:32:04.060] [Node:4] [HEARTBEAT] [Trace:HB_4_4] Follower等心跳 status FOLLOWER term:4 commitIndex:2
2025/11/03 17:32:04 [17:32:04.074] [Node:4] [HEARTBEAT] [Trace:LOG_2_4][2->4] AppendEntries 收到 term:4 leaderId:2 prevLogIndex:2 prevLogTerm:4 entries:0 leaderCommit:2 isHeartbeat:true currentTerm:4 status:FOLLOWER
2025/11/03 17:32:04 [17:32:04.074] [Node:4] [HEARTBEAT] [Trace:LOG_2_4][2->4] 打印日志结果:[{<nil> 0 false 0} {9885 2 false 1} {7369 4 false 2}] 
2025/11/03 17:32:04 [17:32:04.074] [Node:4] [HEARTBEAT] [Trace:LOG_2_4][2->4] 复制日志结果:[{<nil> 0 false 0} {9885 2 false 1} {7369 4 false 2}] 
2025/11/03 17:32:04 [17:32:04.111] [Node:4] [RPC_RECV] [Trace:CLIENT_4_1762162324111648000] 接收到日志命令:7673 isLeader:false term:4
2025/11/03 17:32:04 [17:32:04.126] [Node:4] [RPC_RECV] [Trace:CLIENT_4_1762162324126612000] 接收到日志命令:730 isLeader:false term:4
2025/11/03 17:32:04 [17:32:04.140] [Node:4] [RPC_RECV] [Trace:CLIENT_4_1762162324140565000] 接收到日志命令:7807 isLeader:false term:4
2025/11/03 17:32:04 [17:32:04.144] [Node:4] [RPC_RECV] [Trace:CLIENT_4_1762162324144591000] 接收到日志命令:7332 isLeader:false term:4
2025/11/03 17:32:04 [17:32:04.147] [Node:4] [RPC_RECV] [Trace:CLIENT_4_1762162324147266000] 接收到日志命令:8943 isLeader:false term:4
2025/11/03 17:32:04 [17:32:04.158] [Node:4] [RPC_RECV] [Trace:CLIENT_4_1762162324158746000] 接收到日志命令:9025 isLeader:false term:4
2025/11/03 17:32:04 [17:32:04.160] [Node:4] [HEARTBEAT] [Trace:HB_4_4] Follower等心跳 status FOLLOWER term:4 commitIndex:2
2025/11/03 17:32:04 [17:32:04.168] [Node:4] [RPC_RECV] [Trace:CLIENT_4_1762162324168830000] 接收到日志命令:1515 isLeader:false term:4
2025/11/03 17:32:04 [17:32:04.234] [Node:4] [RPC_RECV] [Trace:CLIENT_4_1762162324234182000] 接收到日志命令:7041 isLeader:false term:4
2025/11/03 17:32:04 [17:32:04.245] [Node:4] [RPC_RECV] [Trace:CLIENT_4_1762162324245588000] 接收到日志命令:3854 isLeader:false term:4
2025/11/03 17:32:04 [17:32:04.259] [Node:4] [RPC_RECV] [Trace:CLIENT_4_1762162324259714000] 接收到日志命令:5148 isLeader:false term:4
2025/11/03 17:32:04 [17:32:04.261] [Node:4] [RPC_RECV] [Trace:CLIENT_4_1762162324261559000] 接收到日志命令:848 isLeader:false term:4
2025/11/03 17:32:04 [17:32:04.262] [Node:4] [HEARTBEAT] [Trace:HB_4_4] Follower等心跳 status FOLLOWER term:4 commitIndex:2
2025/11/03 17:32:04 [17:32:04.270] [Node:4] [RPC_RECV] [Trace:ELEC_1_5][1->4] RequestVote 接受 term:5 candidateId:1 lastLogIndex:2 lastLogTerm:4 currentTerm:4 status:FOLLOWER
2025/11/03 17:32:04 [17:32:04.270] [Node:4] [INFO] [STATE_CHANGE] FOLLOWER->FOLLOWER term:4 reason:降级成follower
2025/11/03 17:32:04 [17:32:04.270] [Node:4] [RPC_RECV] [Trace:ELEC_1_5][1->4] 投票信息 votedFor:-1 lastLogTerm:4 lastLogIndex:2
2025/11/03 17:32:04 [17:32:04.270] [Node:4] [RPC_RECV] [Trace:ELEC_1_5][1->4] 投票给 candidate:1 term:5
2025/11/03 17:32:04 [17:32:04.271] [Node:4] [RPC_RECV] [Trace:CLIENT_4_1762162324271704000] 接收到日志命令:9683 isLeader:false term:5
2025/11/03 17:32:04 [17:32:04.282] [Node:4] [RPC_RECV] [Trace:CLIENT_4_1762162324282842000] 接收到日志命令:7921 isLeader:false term:5
2025/11/03 17:32:04 [17:32:04.290] [Node:4] [RPC_RECV] [Trace:ELEC_0_5][0->4] RequestVote 接受 term:5 candidateId:0 lastLogIndex:2 lastLogTerm:4 currentTerm:5 status:FOLLOWER
2025/11/03 17:32:04 [17:32:04.290] [Node:4] [RPC_RECV] [Trace:ELEC_0_5][0->4] 投票信息 votedFor:1 lastLogTerm:4 lastLogIndex:2
2025/11/03 17:32:04 [17:32:04.290] [Node:4] [RPC_RECV] [Trace:ELEC_0_5][0->4] 投票失败兜底 candidate:0 term:5
2025/11/03 17:32:04 [17:32:04.290] [Node:4] [RPC_RECV] [Trace:CLIENT_4_1762162324290840000] 接收到日志命令:4637 isLeader:false term:5
2025/11/03 17:32:04 [17:32:04.306] [Node:4] [RPC_RECV] [Trace:CLIENT_4_1762162324306534000] 接收到日志命令:4423 isLeader:false term:5
2025/11/03 17:32:04 [17:32:04.321] [Node:4] [RPC_RECV] [Trace:CLIENT_4_1762162324321465000] 接收到日志命令:5569 isLeader:false term:5
2025/11/03 17:32:04 [17:32:04.328] [Node:4] [RPC_RECV] [Trace:CLIENT_4_1762162324328032000] 接收到日志命令:8192 isLeader:false term:5
2025/11/03 17:32:04 [17:32:04.370] [Node:4] [HEARTBEAT] [Trace:HB_4_5] Follower等心跳 status FOLLOWER term:5 commitIndex:2
2025/11/03 17:32:04 [17:32:04.472] [Node:4] [HEARTBEAT] [Trace:HB_4_5] Follower等心跳 status FOLLOWER term:5 commitIndex:2
2025/11/03 17:32:04 [17:32:04.496] [Node:4] [RPC_RECV] [Trace:ELEC_1_6][1->4] RequestVote 接受 term:6 candidateId:1 lastLogIndex:2 lastLogTerm:4 currentTerm:5 status:FOLLOWER
2025/11/03 17:32:04 [17:32:04.496] [Node:4] [INFO] [STATE_CHANGE] FOLLOWER->FOLLOWER term:5 reason:降级成follower
2025/11/03 17:32:04 [17:32:04.497] [Node:4] [RPC_RECV] [Trace:ELEC_1_6][1->4] 投票信息 votedFor:-1 lastLogTerm:4 lastLogIndex:2
2025/11/03 17:32:04 [17:32:04.497] [Node:4] [RPC_RECV] [Trace:ELEC_1_6][1->4] 投票给 candidate:1 term:6
2025/11/03 17:32:04 [17:32:04.519] [Node:4] [RPC_RECV] [Trace:CLIENT_4_1762162324519795000] 接收到日志命令:9777 isLeader:false term:6
2025/11/03 17:32:04 [17:32:04.530] [Node:4] [RPC_RECV] [Trace:CLIENT_4_1762162324530753000] 接收到日志命令:9038 isLeader:false term:6
2025/11/03 17:32:04 [17:32:04.534] [Node:4] [RPC_RECV] [Trace:CLIENT_4_1762162324534959000] 接收到日志命令:4208 isLeader:false term:6
2025/11/03 17:32:04 [17:32:04.547] [Node:4] [RPC_RECV] [Trace:CLIENT_4_1762162324547953000] 接收到日志命令:4296 isLeader:false term:6
2025/11/03 17:32:04 [17:32:04.572] [Node:4] [HEARTBEAT] [Trace:HB_4_6] Follower等心跳 status FOLLOWER term:6 commitIndex:2
2025/11/03 17:32:04 [17:32:04.674] [Node:4] [HEARTBEAT] [Trace:HB_4_6] Follower等心跳 status FOLLOWER term:6 commitIndex:2
2025/11/03 17:32:04 [17:32:04.733] [Node:4] [INFO] [STATE_CHANGE] FOLLOWER->FOLLOWER term:6 reason:变成Candidate
2025/11/03 17:32:04 [17:32:04.734] [Node:4] [TIMER_EVENT] [Trace:TIMER_4] 超时选举 since:235.846208ms threshold:234.035577ms
2025/11/03 17:32:04 [17:32:04.734] [Node:4] [RPC_SEND] [Trace:ELEC_4_7] 发送选举请求
2025/11/03 17:32:04 [17:32:04.734] [Node:4] [RPC_RECV] [Trace:ELEC_1_7][1->4] RequestVote 接受 term:7 candidateId:1 lastLogIndex:2 lastLogTerm:4 currentTerm:7 status:CANDIDATE
2025/11/03 17:32:04 [17:32:04.734] [Node:4] [RPC_RECV] [Trace:ELEC_1_7][1->4] 投票信息 votedFor:4 lastLogTerm:4 lastLogIndex:2
2025/11/03 17:32:04 [17:32:04.734] [Node:4] [RPC_SEND] [Trace:ELEC_4_7] 发送选举请求
2025/11/03 17:32:04 [17:32:04.734] [Node:4] [RPC_RECV] [Trace:ELEC_1_7][1->4] 投票失败兜底 candidate:1 term:7
2025/11/03 17:32:04 [17:32:04.735] [Node:4] [RPC_SEND] [Trace:ELEC_4_7] 发送选举请求
2025/11/03 17:32:04 [17:32:04.736] [Node:4] [RPC_SEND] [Trace:ELEC_4_7] 发送选举请求
2025/11/03 17:32:04 [17:32:04.751] [Node:4] [RPC_SEND] [Trace:ELEC_4_7] 处理投票返回 for term 7 reply:{7 false}
2025/11/03 17:32:04 [17:32:04.752] [Node:4] [RPC_SEND] [Trace:ELEC_4_7] 处理投票返回 for term 7 reply:{7 false}
2025/11/03 17:32:04 [17:32:04.786] [Node:4] [HEARTBEAT] [Trace:HB_4_7] Follower等心跳 status CANDIDATE term:7 commitIndex:2
2025/11/03 17:32:04 [17:32:04.889] [Node:4] [HEARTBEAT] [Trace:HB_4_7] Follower等心跳 status CANDIDATE term:7 commitIndex:2
2025/11/03 17:32:04 [17:32:04.942] [Node:4] [RPC_RECV] [Trace:CLIENT_4_1762162324942806000] 接收到日志命令:4029 isLeader:false term:7
2025/11/03 17:32:04 [17:32:04.954] [Node:4] [RPC_RECV] [Trace:CLIENT_4_1762162324954866000] 接收到日志命令:8544 isLeader:false term:7
2025/11/03 17:32:04 [17:32:04.971] [Node:4] [RPC_RECV] [Trace:CLIENT_4_1762162324971390000] 接收到日志命令:2145 isLeader:false term:7
2025/11/03 17:32:04 [17:32:04.986] [Node:4] [RPC_RECV] [Trace:CLIENT_4_1762162324986220000] 接收到日志命令:1649 isLeader:false term:7
2025/11/03 17:32:04 [17:32:04.989] [Node:4] [HEARTBEAT] [Trace:HB_4_7] Follower等心跳 status CANDIDATE term:7 commitIndex:2
2025/11/03 17:32:04 [17:32:04.993] [Node:4] [INFO] [STATE_CHANGE] CANDIDATE->FOLLOWER term:7 reason:变成Candidate
2025/11/03 17:32:04 [17:32:04.993] [Node:4] [TIMER_EVENT] [Trace:TIMER_4] 超时选举 since:259.472167ms threshold:218.849453ms
2025/11/03 17:32:04 [17:32:04.993] [Node:4] [RPC_SEND] [Trace:ELEC_4_8] 发送选举请求
2025/11/03 17:32:04 [17:32:04.993] [Node:4] [RPC_SEND] [Trace:ELEC_4_8] 发送选举请求
2025/11/03 17:32:04 [17:32:04.993] [Node:4] [RPC_SEND] [Trace:ELEC_4_8] 发送选举请求
2025/11/03 17:32:04 [17:32:04.993] [Node:4] [RPC_SEND] [Trace:ELEC_4_8] 发送选举请求
2025/11/03 17:32:05 [17:32:05.000] [Node:4] [RPC_RECV] [Trace:ELEC_1_8][1->4] RequestVote 接受 term:8 candidateId:1 lastLogIndex:2 lastLogTerm:4 currentTerm:8 status:CANDIDATE
2025/11/03 17:32:05 [17:32:05.000] [Node:4] [RPC_RECV] [Trace:ELEC_1_8][1->4] 投票信息 votedFor:4 lastLogTerm:4 lastLogIndex:2
2025/11/03 17:32:05 [17:32:05.000] [Node:4] [RPC_RECV] [Trace:ELEC_1_8][1->4] 投票失败兜底 candidate:1 term:8
2025/11/03 17:32:05 [17:32:05.003] [Node:4] [RPC_SEND] [Trace:ELEC_4_8] 处理投票返回 for term 8 reply:{8 false}
2025/11/03 17:32:05 [17:32:05.017] [Node:4] [RPC_SEND] [Trace:ELEC_4_8] 处理投票返回 for term 8 reply:{8 false}
2025/11/03 17:32:05 [17:32:05.091] [Node:4] [HEARTBEAT] [Trace:HB_4_8] Follower等心跳 status CANDIDATE term:8 commitIndex:2
2025/11/03 17:32:05 [17:32:05.191] [Node:4] [HEARTBEAT] [Trace:HB_4_8] Follower等心跳 status CANDIDATE term:8 commitIndex:2
2025/11/03 17:32:05 [17:32:05.280] [Node:4] [RPC_RECV] [Trace:CLIENT_4_1762162325280110000] 接收到日志命令:7355 isLeader:false term:8
2025/11/03 17:32:05 [17:32:05.280] [Node:4] [RPC_RECV] [Trace:ELEC_1_9][1->4] RequestVote 接受 term:9 candidateId:1 lastLogIndex:2 lastLogTerm:4 currentTerm:8 status:CANDIDATE
2025/11/03 17:32:05 [17:32:05.280] [Node:4] [INFO] [STATE_CHANGE] CANDIDATE->FOLLOWER term:8 reason:降级成follower
2025/11/03 17:32:05 [17:32:05.280] [Node:4] [RPC_RECV] [Trace:ELEC_1_9][1->4] 投票信息 votedFor:-1 lastLogTerm:4 lastLogIndex:2
2025/11/03 17:32:05 [17:32:05.280] [Node:4] [RPC_RECV] [Trace:ELEC_1_9][1->4] 投票给 candidate:1 term:9
2025/11/03 17:32:05 [17:32:05.291] [Node:4] [HEARTBEAT] [Trace:LOG_1_9][1->4] AppendEntries 收到 term:9 leaderId:1 prevLogIndex:2 prevLogTerm:4 entries:0 leaderCommit:2 isHeartbeat:true currentTerm:9 status:FOLLOWER
2025/11/03 17:32:05 [17:32:05.291] [Node:4] [HEARTBEAT] [Trace:LOG_1_9][1->4] 打印日志结果:[{<nil> 0 false 0} {9885 2 false 1} {7369 4 false 2}] 
2025/11/03 17:32:05 [17:32:05.291] [Node:4] [HEARTBEAT] [Trace:LOG_1_9][1->4] 复制日志结果:[{<nil> 0 false 0} {9885 2 false 1} {7369 4 false 2}] 
2025/11/03 17:32:05 [17:32:05.291] [Node:4] [HEARTBEAT] [Trace:HB_4_9] Follower等心跳 status FOLLOWER term:9 commitIndex:2
2025/11/03 17:32:05 [17:32:05.292] [Node:4] [RPC_RECV] [Trace:CLIENT_4_1762162325292562000] 接收到日志命令:734 isLeader:false term:9
2025/11/03 17:32:05 [17:32:05.300] [Node:4] [RPC_RECV] [Trace:CLIENT_4_1762162325300529000] 接收到日志命令:4107 isLeader:false term:9
2025/11/03 17:32:05 [17:32:05.311] [Node:4] [RPC_RECV] [Trace:CLIENT_4_1762162325311887000] 接收到日志命令:6475 isLeader:false term:9
2025/11/03 17:32:05 [17:32:05.313] [Node:4] [RPC_RECV] [Trace:CLIENT_4_1762162325313502000] 接收到日志命令:912 isLeader:false term:9
2025/11/03 17:32:05 [17:32:05.316] [Node:4] [RPC_RECV] [Trace:CLIENT_4_1762162325316598000] 接收到日志命令:4664 isLeader:false term:9
2025/11/03 17:32:05 [17:32:05.325] [Node:4] [RPC_RECV] [Trace:CLIENT_4_1762162325325257000] 接收到日志命令:4014 isLeader:false term:9
2025/11/03 17:32:05 [17:32:05.392] [Node:4] [HEARTBEAT] [Trace:HB_4_9] Follower等心跳 status FOLLOWER term:9 commitIndex:2
2025/11/03 17:32:05 [17:32:05.493] [Node:4] [HEARTBEAT] [Trace:HB_4_9] Follower等心跳 status FOLLOWER term:9 commitIndex:2
2025/11/03 17:32:05 [17:32:05.493] [Node:4] [LOG_REPLICA] [Trace:LOG_1_9][1->4] AppendEntries 收到 term:9 leaderId:1 prevLogIndex:2 prevLogTerm:4 entries:6 leaderCommit:2 isHeartbeat:false currentTerm:9 status:FOLLOWER
2025/11/03 17:32:05 [17:32:05.493] [Node:4] [LOG_REPLICA] [Trace:LOG_1_9][1->4] 打印日志结果:[{<nil> 0 false 0} {9885 2 false 1} {7369 4 false 2}] 
2025/11/03 17:32:05 [17:32:05.493] [Node:4] [LOG_REPLICA] [Trace:LOG_1_9][1->4] 复制日志结果:[{<nil> 0 false 0} {9885 2 false 1} {7369 4 false 2} {377 9 false 3} {5698 9 false 4} {3675 9 false 5} {7576 9 false 6} {6501 9 false 7} {8962 9 false 8}] 
2025/11/03 17:32:05 [17:32:05.593] [Node:4] [HEARTBEAT] [Trace:HB_4_9] Follower等心跳 status FOLLOWER term:9 commitIndex:2
2025/11/03 17:32:05 [17:32:05.600] [Node:4] [LOG_REPLICA] [Trace:LOG_1_9][1->4] AppendEntries 收到 term:9 leaderId:1 prevLogIndex:2 prevLogTerm:4 entries:6 leaderCommit:2 isHeartbeat:false currentTerm:9 status:FOLLOWER
2025/11/03 17:32:05 [17:32:05.600] [Node:4] [LOG_REPLICA] [Trace:LOG_1_9][1->4] 打印日志结果:[{<nil> 0 false 0} {9885 2 false 1} {7369 4 false 2} {377 9 false 3} {5698 9 false 4} {3675 9 false 5} {7576 9 false 6} {6501 9 false 7} {8962 9 false 8}] 
2025/11/03 17:32:05 [17:32:05.600] [Node:4] [LOG_REPLICA] [Trace:LOG_1_9][1->4] 复制日志结果:[{<nil> 0 false 0} {9885 2 false 1} {7369 4 false 2} {377 9 false 3} {5698 9 false 4} {3675 9 false 5} {7576 9 false 6} {6501 9 false 7} {8962 9 false 8}] 
2025/11/03 17:32:05 [17:32:05.693] [Node:4] [HEARTBEAT] [Trace:HB_4_9] Follower等心跳 status FOLLOWER term:9 commitIndex:2
2025/11/03 17:32:05 [17:32:05.703] [Node:4] [HEARTBEAT] [Trace:LOG_1_9][1->4] AppendEntries 收到 term:9 leaderId:1 prevLogIndex:8 prevLogTerm:9 entries:0 leaderCommit:8 isHeartbeat:true currentTerm:9 status:FOLLOWER
2025/11/03 17:32:05 [17:32:05.703] [Node:4] [HEARTBEAT] [Trace:LOG_1_9][1->4] 打印日志结果:[{<nil> 0 false 0} {9885 2 false 1} {7369 4 false 2} {377 9 false 3} {5698 9 false 4} {3675 9 false 5} {7576 9 false 6} {6501 9 false 7} {8962 9 false 8}] 
2025/11/03 17:32:05 [17:32:05.703] [Node:4] [HEARTBEAT] [Trace:LOG_1_9][1->4] 复制日志结果:[{<nil> 0 false 0} {9885 2 false 1} {7369 4 false 2} {377 9 false 3} {5698 9 false 4} {3675 9 false 5} {7576 9 false 6} {6501 9 false 7} {8962 9 false 8}] 
2025/11/03 17:32:05 [17:32:05.703] [Node:4] [LOG_COMMIT] [Trace:LOG_1_9][1->4] 收到LogEntry，并且Leader已经提交， 本地log 2->8 leaderCommit:8 lastApplied:2
2025/11/03 17:32:05 [17:32:05.703] [Node:4] [LOG_COMMIT] [Trace:APPLY_4_8] Applying logs count:6 log:[{377 9 false 3} {5698 9 false 4} {3675 9 false 5} {7576 9 false 6} {6501 9 false 7} {8962 9 false 8}] lastApplied:8
2025/11/03 17:32:05 [17:32:05.776] [Node:4] [RPC_RECV] [Trace:CLIENT_4_1762162325776730000] 接收到日志命令:412 isLeader:false term:9
2025/11/03 17:32:05 [17:32:05.794] [Node:4] [HEARTBEAT] [Trace:HB_4_9] Follower等心跳 status FOLLOWER term:9 commitIndex:8
2025/11/03 17:32:05 [17:32:05.895] [Node:4] [HEARTBEAT] [Trace:HB_4_9] Follower等心跳 status FOLLOWER term:9 commitIndex:8
2025/11/03 17:32:05 [17:32:05.947] [Node:4] [RPC_RECV] [Trace:CLIENT_4_1762162325947584000] 接收到日志命令:2303 isLeader:false term:9
2025/11/03 17:32:05 [17:32:05.955] [Node:4] [RPC_RECV] [Trace:CLIENT_4_1762162325955090000] 接收到日志命令:5801 isLeader:false term:9
2025/11/03 17:32:05 [17:32:05.963] [Node:4] [RPC_RECV] [Trace:CLIENT_4_1762162325963140000] 接收到日志命令:6227 isLeader:false term:9
2025/11/03 17:32:05 [17:32:05.971] [Node:4] [RPC_RECV] [Trace:CLIENT_4_1762162325971957000] 接收到日志命令:8641 isLeader:false term:9
2025/11/03 17:32:05 [17:32:05.978] [Node:4] [INFO] [STATE_CHANGE] FOLLOWER->FOLLOWER term:9 reason:变成Candidate
2025/11/03 17:32:05 [17:32:05.979] [Node:4] [TIMER_EVENT] [Trace:TIMER_4] 超时选举 since:275.440292ms threshold:232.817131ms
2025/11/03 17:32:05 [17:32:05.979] [Node:4] [RPC_SEND] [Trace:ELEC_4_10] 发送选举请求
2025/11/03 17:32:05 [17:32:05.979] [Node:4] [RPC_SEND] [Trace:ELEC_4_10] 发送选举请求
2025/11/03 17:32:05 [17:32:05.979] [Node:4] [RPC_SEND] [Trace:ELEC_4_10] 发送选举请求
2025/11/03 17:32:05 [17:32:05.979] [Node:4] [RPC_SEND] [Trace:ELEC_4_10] 发送选举请求
2025/11/03 17:32:05 [17:32:05.980] [Node:4] [RPC_RECV] [Trace:CLIENT_4_1762162325980760000] 接收到日志命令:197 isLeader:false term:10
2025/11/03 17:32:05 [17:32:05.991] [Node:4] [RPC_SEND] [Trace:ELEC_4_10] 处理投票返回 for term 10 reply:{10 false}
2025/11/03 17:32:05 [17:32:05.995] [Node:4] [HEARTBEAT] [Trace:HB_4_10] Follower等心跳 status CANDIDATE term:10 commitIndex:8
2025/11/03 17:32:05 [17:32:05.995] [Node:4] [RPC_RECV] [Trace:ELEC_0_10][0->4] RequestVote 接受 term:10 candidateId:0 lastLogIndex:8 lastLogTerm:9 currentTerm:10 status:CANDIDATE
2025/11/03 17:32:05 [17:32:05.995] [Node:4] [RPC_RECV] [Trace:ELEC_0_10][0->4] 投票信息 votedFor:4 lastLogTerm:9 lastLogIndex:8
2025/11/03 17:32:05 [17:32:05.995] [Node:4] [RPC_RECV] [Trace:ELEC_0_10][0->4] 投票失败兜底 candidate:0 term:10
2025/11/03 17:32:06 [17:32:06.096] [Node:4] [HEARTBEAT] [Trace:HB_4_10] Follower等心跳 status CANDIDATE term:10 commitIndex:8
2025/11/03 17:32:06 [17:32:06.198] [Node:4] [HEARTBEAT] [Trace:HB_4_10] Follower等心跳 status CANDIDATE term:10 commitIndex:8
2025/11/03 17:32:06 [17:32:06.243] [Node:4] [INFO] [STATE_CHANGE] CANDIDATE->FOLLOWER term:10 reason:变成Candidate
2025/11/03 17:32:06 [17:32:06.244] [Node:4] [TIMER_EVENT] [Trace:TIMER_4] 超时选举 since:264.406834ms threshold:206.159889ms
2025/11/03 17:32:06 [17:32:06.244] [Node:4] [RPC_SEND] [Trace:ELEC_4_11] 发送选举请求
2025/11/03 17:32:06 [17:32:06.244] [Node:4] [RPC_SEND] [Trace:ELEC_4_11] 发送选举请求
2025/11/03 17:32:06 [17:32:06.244] [Node:4] [RPC_SEND] [Trace:ELEC_4_11] 发送选举请求
2025/11/03 17:32:06 [17:32:06.244] [Node:4] [RPC_SEND] [Trace:ELEC_4_11] 发送选举请求
2025/11/03 17:32:06 [17:32:06.252] [Node:4] [RPC_SEND] [Trace:ELEC_4_11] 处理投票返回 for term 11 reply:{11 true}
2025/11/03 17:32:06 [17:32:06.266] [Node:4] [RPC_SEND] [Trace:ELEC_4_11] 处理投票返回 for term 11 reply:{11 true}
2025/11/03 17:32:06 [17:32:06.266] [Node:4] [INFO] [STATE_CHANGE] CANDIDATE->LEADER term:11 reason:成为Leader
2025/11/03 17:32:06 [17:32:06.299] [Node:4] [HEARTBEAT] [Trace:HB_4_11] 开始发送心跳广播 status LEADER term:11 commitIndex:8
2025/11/03 17:32:06 [17:32:06.302] [Node:4] [LOG_REPLICA] [Trace:LOG_4_11][4->2] 心跳返回 from peer:2 term:11 success:false
2025/11/03 17:32:06 [17:32:06.302] [Node:4] [LOG_REPLICA] [Trace:LOG_4_11][4->2] 日志复制返回失败，开始快速恢复 for peer:2 starting fast recovery replyLogIndex:2
2025/11/03 17:32:06 [17:32:06.319] [Node:4] [LOG_REPLICA] [Trace:LOG_4_11][4->0] 心跳返回 from peer:0 term:11 success:true
2025/11/03 17:32:06 [17:32:06.334] [Node:4] [RPC_RECV] [Trace:CLIENT_4_1762162326334106000] 接收到日志命令:9292 isLeader:true term:11
2025/11/03 17:32:06 [17:32:06.399] [Node:4] [HEARTBEAT] [Trace:HB_4_11] 开始发送心跳广播 status LEADER term:11 commitIndex:8
2025/11/03 17:32:06 [17:32:06.405] [Node:4] [LOG_REPLICA] [Trace:LOG_4_11][4->2] 心跳返回 from peer:2 term:11 success:true
2025/11/03 17:32:06 [17:32:06.405] [Node:4] [LOG_REPLICA] [Trace:LOG_4_11][4->2] 日志复制返回成功 from peer:2 term:11 agreeCount:2 log [{7369 4 false 2} {377 9 false 3} {5698 9 false 4} {3675 9 false 5} {7576 9 false 6} {6501 9 false 7} {8962 9 false 8} {9292 11 false 9}]
2025/11/03 17:32:06 [17:32:06.405] [Node:4] [LOG_REPLICA] [Trace:LOG_4_11][4->2] 更新后 server:2 matchIndex:9 nextIndex:10
2025/11/03 17:32:06 [17:32:06.412] [Node:4] [LOG_REPLICA] [Trace:LOG_4_11][4->0] 心跳返回 from peer:0 term:11 success:true
2025/11/03 17:32:06 [17:32:06.412] [Node:4] [LOG_REPLICA] [Trace:LOG_4_11][4->0] 日志复制返回成功 from peer:0 term:11 agreeCount:3 log [{9292 11 false 9}]
2025/11/03 17:32:06 [17:32:06.412] [Node:4] [LOG_REPLICA] [Trace:LOG_4_11][4->0] 更新后 server:0 matchIndex:9 nextIndex:10
2025/11/03 17:32:06 [17:32:06.412] [Node:4] [LOG_COMMIT] [Trace:LOG_4_11] 日志复制返回成功 多数同意，提交日志给KV服务器 index:9 term:11 majorityCount:3
2025/11/03 17:32:06 [17:32:06.412] [Node:4] [LOG_COMMIT] [Trace:APPLY_4_9] Applying logs count:1 log:[{9292 11 false 9}] lastApplied:9
2025/11/03 17:32:06 [17:32:06.500] [Node:4] [HEARTBEAT] [Trace:HB_4_11] 开始发送心跳广播 status LEADER term:11 commitIndex:9
2025/11/03 17:32:06 [17:32:06.505] [Node:4] [LOG_REPLICA] [Trace:LOG_4_11][4->2] 心跳返回 from peer:2 term:11 success:true
2025/11/03 17:32:06 [17:32:06.505] [Node:4] [LOG_REPLICA] [Trace:LOG_4_11][4->0] 心跳返回 from peer:0 term:11 success:true
2025/11/03 17:32:06 [17:32:06.575] [Node:4] [RPC_RECV] [Trace:CLIENT_4_1762162326575892000] 接收到日志命令:8433 isLeader:true term:11
2025/11/03 17:32:06 [17:32:06.591] [Node:4] [RPC_RECV] [Trace:CLIENT_4_1762162326591826000] 接收到日志命令:4818 isLeader:true term:11
2025/11/03 17:32:06 [17:32:06.600] [Node:4] [HEARTBEAT] [Trace:HB_4_11] 开始发送心跳广播 status LEADER term:11 commitIndex:9
2025/11/03 17:32:06 [17:32:06.608] [Node:4] [RPC_RECV] [Trace:CLIENT_4_1762162326608621000] 接收到日志命令:6229 isLeader:true term:11
2025/11/03 17:32:06 [17:32:06.623] [Node:4] [RPC_RECV] [Trace:CLIENT_4_1762162326623655000] 接收到日志命令:6117 isLeader:true term:11
2025/11/03 17:32:06 [17:32:06.637] [Node:4] [RPC_RECV] [Trace:CLIENT_4_1762162326637474000] 接收到日志命令:2800 isLeader:true term:11
2025/11/03 17:32:06 [17:32:06.645] [Node:4] [RPC_RECV] [Trace:CLIENT_4_1762162326645658000] 接收到日志命令:8562 isLeader:true term:11
2025/11/03 17:32:06 [17:32:06.648] [Node:4] [RPC_RECV] [Trace:CLIENT_4_1762162326648086000] 接收到日志命令:9627 isLeader:true term:11
2025/11/03 17:32:06 [17:32:06.661] [Node:4] [RPC_RECV] [Trace:CLIENT_4_1762162326661651000] 接收到日志命令:443 isLeader:true term:11
2025/11/03 17:32:06 [17:32:06.684] [Node:4] [RPC_RECV] [Trace:CLIENT_4_1762162326684670000] 接收到日志命令:445 isLeader:true term:11
2025/11/03 17:32:06 [17:32:06.687] [Node:4] [RPC_RECV] [Trace:CLIENT_4_1762162326687066000] 接收到日志命令:2866 isLeader:true term:11
2025/11/03 17:32:06 [17:32:06.697] [Node:4] [RPC_RECV] [Trace:CLIENT_4_1762162326697148000] 接收到日志命令:98 isLeader:true term:11
2025/11/03 17:32:06 [17:32:06.700] [Node:4] [HEARTBEAT] [Trace:HB_4_11] 开始发送心跳广播 status LEADER term:11 commitIndex:9
2025/11/03 17:32:06 [17:32:06.703] [Node:4] [RPC_RECV] [Trace:CLIENT_4_1762162326703569000] 接收到日志命令:230 isLeader:true term:11
2025/11/03 17:32:06 [17:32:06.705] [Node:4] [RPC_RECV] [Trace:CLIENT_4_1762162326705421000] 接收到日志命令:4335 isLeader:true term:11
2025/11/03 17:32:06 [17:32:06.714] [Node:4] [RPC_RECV] [Trace:CLIENT_4_1762162326714108000] 接收到日志命令:6572 isLeader:true term:11
2025/11/03 17:32:06 [17:32:06.720] [Node:4] [RPC_RECV] [Trace:CLIENT_4_1762162326720192000] 接收到日志命令:1294 isLeader:true term:11
2025/11/03 17:32:06 [17:32:06.728] [Node:4] [RPC_RECV] [Trace:CLIENT_4_1762162326728804000] 接收到日志命令:1533 isLeader:true term:11
2025/11/03 17:32:06 [17:32:06.730] [Node:4] [RPC_RECV] [Trace:CLIENT_4_1762162326730559000] 接收到日志命令:4918 isLeader:true term:11
2025/11/03 17:32:06 [17:32:06.732] [Node:4] [RPC_RECV] [Trace:CLIENT_4_1762162326732374000] 接收到日志命令:9422 isLeader:true term:11
2025/11/03 17:32:06 [17:32:06.739] [Node:4] [RPC_RECV] [Trace:CLIENT_4_1762162326739640000] 接收到日志命令:5337 isLeader:true term:11
2025/11/03 17:32:06 [17:32:06.748] [Node:4] [RPC_RECV] [Trace:CLIENT_4_1762162326748660000] 接收到日志命令:3027 isLeader:true term:11
2025/11/03 17:32:06 [17:32:06.756] [Node:4] [RPC_RECV] [Trace:CLIENT_4_1762162326756174000] 接收到日志命令:7740 isLeader:true term:11
2025/11/03 17:32:06 [17:32:06.765] [Node:4] [RPC_RECV] [Trace:CLIENT_4_1762162326765530000] 接收到日志命令:8565 isLeader:true term:11
2025/11/03 17:32:06 [17:32:06.781] [Node:4] [RPC_RECV] [Trace:CLIENT_4_1762162326781177000] 接收到日志命令:9447 isLeader:true term:11
2025/11/03 17:32:06 [17:32:06.783] [Node:4] [RPC_RECV] [Trace:CLIENT_4_1762162326783960000] 接收到日志命令:7140 isLeader:true term:11
2025/11/03 17:32:06 [17:32:06.790] [Node:4] [RPC_RECV] [Trace:CLIENT_4_1762162326790509000] 接收到日志命令:9376 isLeader:true term:11
2025/11/03 17:32:06 [17:32:06.792] [Node:4] [RPC_RECV] [Trace:CLIENT_4_1762162326792339000] 接收到日志命令:8256 isLeader:true term:11
2025/11/03 17:32:06 [17:32:06.804] [Node:4] [RPC_RECV] [Trace:CLIENT_4_1762162326804717000] 接收到日志命令:883 isLeader:true term:11
2025/11/03 17:32:06 [17:32:06.806] [Node:4] [HEARTBEAT] [Trace:HB_4_11] 开始发送心跳广播 status LEADER term:11 commitIndex:9
2025/11/03 17:32:06 [17:32:06.814] [Node:4] [RPC_RECV] [Trace:CLIENT_4_1762162326814750000] 接收到日志命令:2628 isLeader:true term:11
2025/11/03 17:32:06 [17:32:06.821] [Node:4] [RPC_RECV] [Trace:CLIENT_4_1762162326821689000] 接收到日志命令:2162 isLeader:true term:11
2025/11/03 17:32:06 [17:32:06.833] [Node:4] [RPC_RECV] [Trace:CLIENT_4_1762162326833851000] 接收到日志命令:82 isLeader:true term:11
2025/11/03 17:32:06 [17:32:06.838] [Node:4] [RPC_RECV] [Trace:CLIENT_4_1762162326838250000] 接收到日志命令:3276 isLeader:true term:11
2025/11/03 17:32:06 [17:32:06.852] [Node:4] [RPC_RECV] [Trace:CLIENT_4_1762162326852119000] 接收到日志命令:5036 isLeader:true term:11
2025/11/03 17:32:06 [17:32:06.878] [Node:4] [RPC_RECV] [Trace:CLIENT_4_1762162326878896000] 接收到日志命令:6915 isLeader:true term:11
2025/11/03 17:32:06 [17:32:06.882] [Node:4] [RPC_RECV] [Trace:CLIENT_4_1762162326882531000] 接收到日志命令:9976 isLeader:true term:11
2025/11/03 17:32:06 [17:32:06.886] [Node:4] [RPC_RECV] [Trace:CLIENT_4_1762162326886873000] 接收到日志命令:4585 isLeader:true term:11
2025/11/03 17:32:06 [17:32:06.891] [Node:4] [RPC_RECV] [Trace:CLIENT_4_1762162326891080000] 接收到日志命令:2775 isLeader:true term:11
2025/11/03 17:32:06 [17:32:06.895] [Node:4] [RPC_RECV] [Trace:CLIENT_4_1762162326895491000] 接收到日志命令:4689 isLeader:true term:11
2025/11/03 17:32:06 [17:32:06.897] [Node:4] [RPC_RECV] [Trace:CLIENT_4_1762162326897442000] 接收到日志命令:9412 isLeader:true term:11
2025/11/03 17:32:06 [17:32:06.906] [Node:4] [RPC_RECV] [Trace:CLIENT_4_1762162326906559000] 接收到日志命令:9101 isLeader:true term:11
2025/11/03 17:32:06 [17:32:06.908] [Node:4] [HEARTBEAT] [Trace:HB_4_11] 开始发送心跳广播 status LEADER term:11 commitIndex:9
2025/11/03 17:32:06 [17:32:06.916] [Node:4] [RPC_RECV] [Trace:CLIENT_4_1762162326916208000] 接收到日志命令:8831 isLeader:true term:11
2025/11/03 17:32:07 [17:32:07.011] [Node:4] [HEARTBEAT] [Trace:HB_4_11] 开始发送心跳广播 status LEADER term:11 commitIndex:9
2025/11/03 17:32:07 [17:32:07.063] [Node:4] [RPC_RECV] [Trace:CLIENT_4_1762162327063277000] 接收到日志命令:791 isLeader:true term:11
2025/11/03 17:32:07 [17:32:07.073] [Node:4] [RPC_RECV] [Trace:CLIENT_4_1762162327073343000] 接收到日志命令:8623 isLeader:true term:11
2025/11/03 17:32:07 [17:32:07.079] [Node:4] [RPC_RECV] [Trace:CLIENT_4_1762162327079064000] 接收到日志命令:661 isLeader:true term:11
2025/11/03 17:32:07 [17:32:07.093] [Node:4] [RPC_RECV] [Trace:CLIENT_4_1762162327093535000] 接收到日志命令:6545 isLeader:true term:11
2025/11/03 17:32:07 [17:32:07.108] [Node:4] [RPC_RECV] [Trace:CLIENT_4_1762162327108188000] 接收到日志命令:1966 isLeader:true term:11
2025/11/03 17:32:07 [17:32:07.111] [Node:4] [HEARTBEAT] [Trace:HB_4_11] 开始发送心跳广播 status LEADER term:11 commitIndex:9
2025/11/03 17:32:07 [17:32:07.120] [Node:4] [RPC_RECV] [Trace:CLIENT_4_1762162327120078000] 接收到日志命令:6233 isLeader:true term:11
2025/11/03 17:32:07 [17:32:07.121] [Node:4] [RPC_RECV] [Trace:CLIENT_4_1762162327121007000] 接收到日志命令:917 isLeader:true term:11
2025/11/03 17:32:07 [17:32:07.128] [Node:4] [RPC_RECV] [Trace:CLIENT_4_1762162327128810000] 接收到日志命令:9115 isLeader:true term:11
2025/11/03 17:32:07 [17:32:07.213] [Node:4] [HEARTBEAT] [Trace:HB_4_11] 开始发送心跳广播 status LEADER term:11 commitIndex:9
2025/11/03 17:32:07 [17:32:07.314] [Node:4] [HEARTBEAT] [Trace:HB_4_11] 开始发送心跳广播 status LEADER term:11 commitIndex:9
2025/11/03 17:32:07 [17:32:07.417] [Node:4] [HEARTBEAT] [Trace:HB_4_11] 开始发送心跳广播 status LEADER term:11 commitIndex:9
2025/11/03 17:32:07 [17:32:07.517] [Node:4] [HEARTBEAT] [Trace:HB_4_11] 开始发送心跳广播 status LEADER term:11 commitIndex:9
2025/11/03 17:32:07 [17:32:07.542] [Node:4] [RPC_RECV] [Trace:CLIENT_4_1762162327542532000] 接收到日志命令:380 isLeader:true term:11
2025/11/03 17:32:07 [17:32:07.619] [Node:4] [HEARTBEAT] [Trace:HB_4_11] 开始发送心跳广播 status LEADER term:11 commitIndex:9
2025/11/03 17:32:07 [17:32:07.719] [Node:4] [HEARTBEAT] [Trace:HB_4_11] 开始发送心跳广播 status LEADER term:11 commitIndex:9
2025/11/03 17:32:07 [17:32:07.819] [Node:4] [HEARTBEAT] [Trace:HB_4_11] 开始发送心跳广播 status LEADER term:11 commitIndex:9
2025/11/03 17:32:07 [17:32:07.921] [Node:4] [HEARTBEAT] [Trace:HB_4_11] 开始发送心跳广播 status LEADER term:11 commitIndex:9
2025/11/03 17:32:08 [17:32:08.018] [Node:4] [RPC_RECV] [Trace:CLIENT_4_1762162328018584000] 接收到日志命令:6327 isLeader:true term:11
2025/11/03 17:32:08 [17:32:08.021] [Node:4] [HEARTBEAT] [Trace:HB_4_11] 开始发送心跳广播 status LEADER term:11 commitIndex:9
2025/11/03 17:32:08 [17:32:08.025] [Node:4] [RPC_RECV] [Trace:CLIENT_4_1762162328025842000] 接收到日志命令:3308 isLeader:true term:11
2025/11/03 17:32:08 [17:32:08.036] [Node:4] [RPC_RECV] [Trace:CLIENT_4_1762162328036707000] 接收到日志命令:4863 isLeader:true term:11
2025/11/03 17:32:08 [17:32:08.045] [Node:4] [RPC_RECV] [Trace:CLIENT_4_1762162328045232000] 接收到日志命令:9578 isLeader:true term:11
2025/11/03 17:32:08 [17:32:08.057] [Node:4] [RPC_RECV] [Trace:CLIENT_4_1762162328057903000] 接收到日志命令:1443 isLeader:true term:11
2025/11/03 17:32:08 [17:32:08.070] [Node:4] [RPC_RECV] [Trace:CLIENT_4_1762162328070801000] 接收到日志命令:8993 isLeader:true term:11
2025/11/03 17:32:08 [17:32:08.123] [Node:4] [HEARTBEAT] [Trace:HB_4_11] 开始发送心跳广播 status LEADER term:11 commitIndex:9
2025/11/03 17:32:08 [17:32:08.141] [Node:4] [INFO] [STATE_CHANGE] LEADER->FOLLOWER term:11 reason:降级成follower
2025/11/03 17:32:08 [17:32:08.229] [Node:4] [HEARTBEAT] [Trace:HB_4_14] Follower等心跳 status FOLLOWER term:14 commitIndex:9
2025/11/03 17:32:08 [17:32:08.335] [Node:4] [HEARTBEAT] [Trace:HB_4_14] Follower等心跳 status FOLLOWER term:14 commitIndex:9
2025/11/03 17:32:08 [17:32:08.393] [Node:4] [RPC_RECV] [Trace:ELEC_3_15][3->4] RequestVote 接受 term:15 candidateId:3 lastLogIndex:11 lastLogTerm:14 currentTerm:14 status:FOLLOWER
2025/11/03 17:32:08 [17:32:08.393] [Node:4] [INFO] [STATE_CHANGE] FOLLOWER->FOLLOWER term:14 reason:降级成follower
2025/11/03 17:32:08 [17:32:08.395] [Node:4] [RPC_RECV] [Trace:ELEC_3_15][3->4] 投票信息 votedFor:-1 lastLogTerm:11 lastLogIndex:64
2025/11/03 17:32:08 [17:32:08.395] [Node:4] [RPC_RECV] [Trace:ELEC_3_15][3->4] 投票给 candidate:3 term:15
2025/11/03 17:32:08 [17:32:08.436] [Node:4] [HEARTBEAT] [Trace:HB_4_15] Follower等心跳 status FOLLOWER term:15 commitIndex:9
2025/11/03 17:32:08 [17:32:08.537] [Node:4] [HEARTBEAT] [Trace:HB_4_15] Follower等心跳 status FOLLOWER term:15 commitIndex:9
2025/11/03 17:32:08 [17:32:08.566] [Node:4] [RPC_RECV] [Trace:CLIENT_4_1762162328566312000] 接收到日志命令:959 isLeader:false term:15
2025/11/03 17:32:08 [17:32:08.582] [Node:4] [RPC_RECV] [Trace:CLIENT_4_1762162328582603000] 接收到日志命令:4082 isLeader:false term:15
2025/11/03 17:32:08 [17:32:08.586] [Node:4] [RPC_RECV] [Trace:CLIENT_4_1762162328586752000] 接收到日志命令:744 isLeader:false term:15
2025/11/03 17:32:08 [17:32:08.600] [Node:4] [RPC_RECV] [Trace:CLIENT_4_1762162328600694000] 接收到日志命令:9213 isLeader:false term:15
2025/11/03 17:32:08 [17:32:08.603] [Node:4] [RPC_RECV] [Trace:CLIENT_4_1762162328603995000] 接收到日志命令:8438 isLeader:false term:15
2025/11/03 17:32:08 [17:32:08.619] [Node:4] [RPC_RECV] [Trace:CLIENT_4_1762162328619527000] 接收到日志命令:4720 isLeader:false term:15
2025/11/03 17:32:08 [17:32:08.623] [Node:4] [RPC_RECV] [Trace:ELEC_3_16][3->4] RequestVote 接受 term:16 candidateId:3 lastLogIndex:11 lastLogTerm:14 currentTerm:15 status:FOLLOWER
2025/11/03 17:32:08 [17:32:08.623] [Node:4] [INFO] [STATE_CHANGE] FOLLOWER->FOLLOWER term:15 reason:降级成follower
2025/11/03 17:32:08 [17:32:08.625] [Node:4] [RPC_RECV] [Trace:ELEC_3_16][3->4] 投票信息 votedFor:-1 lastLogTerm:11 lastLogIndex:64
2025/11/03 17:32:08 [17:32:08.625] [Node:4] [RPC_RECV] [Trace:ELEC_3_16][3->4] 投票给 candidate:3 term:16
2025/11/03 17:32:08 [17:32:08.633] [Node:4] [RPC_RECV] [Trace:CLIENT_4_1762162328633917000] 接收到日志命令:631 isLeader:false term:16
2025/11/03 17:32:08 [17:32:08.637] [Node:4] [HEARTBEAT] [Trace:HB_4_16] Follower等心跳 status FOLLOWER term:16 commitIndex:9
2025/11/03 17:32:08 [17:32:08.649] [Node:4] [RPC_RECV] [Trace:CLIENT_4_1762162328649656000] 接收到日志命令:9353 isLeader:false term:16
2025/11/03 17:32:08 [17:32:08.660] [Node:4] [RPC_RECV] [Trace:CLIENT_4_1762162328660882000] 接收到日志命令:4393 isLeader:false term:16
2025/11/03 17:32:08 [17:32:08.661] [Node:4] [LOG_REPLICA] [Trace:LOG_3_16][3->4] AppendEntries 收到 term:16 leaderId:3 prevLogIndex:10 prevLogTerm:14 entries:2 leaderCommit:10 isHeartbeat:false currentTerm:16 status:FOLLOWER
2025/11/03 17:32:08 [17:32:08.661] [Node:4] [LOG_REPLICA] [Trace:LOG_3_16][3->4] 打印日志结果:[{<nil> 0 false 0} {9885 2 false 1} {7369 4 false 2} {377 9 false 3} {5698 9 false 4} {3675 9 false 5} {7576 9 false 6} {6501 9 false 7} {8962 9 false 8} {9292 11 false 9} {8433 11 false 10} {4818 11 false 11} {6229 11 false 12} {6117 11 false 13} {2800 11 false 14} {8562 11 false 15} {9627 11 false 16} {443 11 false 17} {445 11 false 18} {2866 11 false 19} {98 11 false 20} {230 11 false 21} {4335 11 false 22} {6572 11 false 23} {1294 11 false 24} {1533 11 false 25} {4918 11 false 26} {9422 11 false 27} {5337 11 false 28} {3027 11 false 29} {7740 11 false 30} {8565 11 false 31} {9447 11 false 32} {7140 11 false 33} {9376 11 false 34} {8256 11 false 35} {883 11 false 36} {2628 11 false 37} {2162 11 false 38} {82 11 false 39} {3276 11 false 40} {5036 11 false 41} {6915 11 false 42} {9976 11 false 43} {4585 11 false 44} {2775 11 false 45} {4689 11 false 46} {9412 11 false 47} {9101 11 false 48} {8831 11 false 49} {791 11 false 50} {8623 11 false 51} {661 11 false 52} {6545 11 false 53} {1966 11 false 54} {6233 11 false 55} {917 11 false 56} {9115 11 false 57} {380 11 false 58} {6327 11 false 59} {3308 11 false 60} {4863 11 false 61} {9578 11 false 62} {1443 11 false 63} {8993 11 false 64}] 
2025/11/03 17:32:08 [17:32:08.662] [Node:4] [LOG_REPLICA] [Trace:LOG_3_16][3->4] Rejected: 收到LogEntry，但是term 不对 prevLogIndex:10 logLen:65 logEntry term:11 prevlogterm:14
2025/11/03 17:32:08 [17:32:08.672] [Node:4] [RPC_RECV] [Trace:CLIENT_4_1762162328672345000] 接收到日志命令:4566 isLeader:false term:16
2025/11/03 17:32:08 [17:32:08.681] [Node:4] [RPC_RECV] [Trace:CLIENT_4_1762162328681824000] 接收到日志命令:2464 isLeader:false term:16
2025/11/03 17:32:08 [17:32:08.684] [Node:4] [LOG_REPLICA] [Trace:LOG_3_16][3->4] AppendEntries 收到 term:16 leaderId:3 prevLogIndex:8 prevLogTerm:9 entries:6 leaderCommit:10 isHeartbeat:false currentTerm:16 status:FOLLOWER
2025/11/03 17:32:08 [17:32:08.684] [Node:4] [LOG_REPLICA] [Trace:LOG_3_16][3->4] 打印日志结果:[{<nil> 0 false 0} {9885 2 false 1} {7369 4 false 2} {377 9 false 3} {5698 9 false 4} {3675 9 false 5} {7576 9 false 6} {6501 9 false 7} {8962 9 false 8}] 
2025/11/03 17:32:08 [17:32:08.684] [Node:4] [LOG_REPLICA] [Trace:LOG_3_16][3->4] 复制日志结果:[{<nil> 0 false 0} {9885 2 false 1} {7369 4 false 2} {377 9 false 3} {5698 9 false 4} {3675 9 false 5} {7576 9 false 6} {6501 9 false 7} {8962 9 false 8} {9292 11 false 9} {5826 14 false 10} {1116 14 false 11} {8927 16 false 12} {615 16 false 13} {3625 16 false 14}] 
2025/11/03 17:32:08 [17:32:08.684] [Node:4] [LOG_COMMIT] [Trace:LOG_3_16][3->4] 收到LogEntry，并且Leader已经提交， 本地log 9->10 leaderCommit:10 lastApplied:9
2025/11/03 17:32:08 [17:32:08.684] [Node:4] [LOG_COMMIT] [Trace:APPLY_4_14] Applying logs count:5 log:[{5826 14 false 10} {1116 14 false 11} {8927 16 false 12} {615 16 false 13} {3625 16 false 14}] lastApplied:14
2025/11/03 17:32:08 [17:32:08.684] [Node:4] [RPC_RECV] [Trace:CLIENT_4_1762162328684502000] 接收到日志命令:2951 isLeader:false term:16
2025/11/03 17:32:08 [17:32:08.690] [Node:4] [RPC_RECV] [Trace:CLIENT_4_1762162328690837000] 接收到日志命令:7070 isLeader:false term:16
2025/11/03 17:32:08 [17:32:08.697] [Node:4] [RPC_RECV] [Trace:CLIENT_4_1762162328697470000] 接收到日志命令:6643 isLeader:false term:16
2025/11/03 17:32:08 [17:32:08.699] [Node:4] [RPC_RECV] [Trace:CLIENT_4_1762162328699667000] 接收到日志命令:8648 isLeader:false term:16
2025/11/03 17:32:08 [17:32:08.709] [Node:4] [RPC_RECV] [Trace:CLIENT_4_1762162328709674000] 接收到日志命令:3670 isLeader:false term:16
2025/11/03 17:32:08 [17:32:08.711] [Node:4] [RPC_RECV] [Trace:CLIENT_4_1762162328711855000] 接收到日志命令:1168 isLeader:false term:16
2025/11/03 17:32:08 [17:32:08.717] [Node:4] [RPC_RECV] [Trace:CLIENT_4_1762162328717876000] 接收到日志命令:4159 isLeader:false term:16
2025/11/03 17:32:08 [17:32:08.727] [Node:4] [RPC_RECV] [Trace:CLIENT_4_1762162328727776000] 接收到日志命令:5021 isLeader:false term:16
2025/11/03 17:32:08 [17:32:08.738] [Node:4] [HEARTBEAT] [Trace:HB_4_16] Follower等心跳 status FOLLOWER term:16 commitIndex:10
2025/11/03 17:32:08 [17:32:08.739] [Node:4] [RPC_RECV] [Trace:CLIENT_4_1762162328739329000] 接收到日志命令:1171 isLeader:false term:16
2025/11/03 17:32:08 [17:32:08.748] [Node:4] [LOG_REPLICA] [Trace:LOG_3_16][3->4] AppendEntries 收到 term:16 leaderId:3 prevLogIndex:14 prevLogTerm:16 entries:10 leaderCommit:12 isHeartbeat:false currentTerm:16 status:FOLLOWER
2025/11/03 17:32:08 [17:32:08.748] [Node:4] [LOG_REPLICA] [Trace:LOG_3_16][3->4] 打印日志结果:[{<nil> 0 false 0} {9885 2 false 1} {7369 4 false 2} {377 9 false 3} {5698 9 false 4} {3675 9 false 5} {7576 9 false 6} {6501 9 false 7} {8962 9 false 8} {9292 11 false 9} {5826 14 false 10} {1116 14 false 11} {8927 16 false 12} {615 16 false 13} {3625 16 false 14}] 
2025/11/03 17:32:08 [17:32:08.749] [Node:4] [LOG_REPLICA] [Trace:LOG_3_16][3->4] 复制日志结果:[{<nil> 0 false 0} {9885 2 false 1} {7369 4 false 2} {377 9 false 3} {5698 9 false 4} {3675 9 false 5} {7576 9 false 6} {6501 9 false 7} {8962 9 false 8} {9292 11 false 9} {5826 14 false 10} {1116 14 false 11} {8927 16 false 12} {615 16 false 13} {3625 16 false 14} {1425 16 false 15} {9709 16 false 16} {3423 16 false 17} {3134 16 false 18} {3657 16 false 19} {8171 16 false 20} {9440 16 false 21} {6470 16 false 22} {1363 16 false 23} {716 16 false 24}] 
2025/11/03 17:32:08 [17:32:08.749] [Node:4] [LOG_COMMIT] [Trace:LOG_3_16][3->4] 收到LogEntry，并且Leader已经提交， 本地log 10->12 leaderCommit:12 lastApplied:14
2025/11/03 17:32:08 [17:32:08.838] [Node:4] [HEARTBEAT] [Trace:HB_4_16] Follower等心跳 status FOLLOWER term:16 commitIndex:12
2025/11/03 17:32:08 [17:32:08.861] [Node:4] [LOG_REPLICA] [Trace:LOG_3_16][3->4] AppendEntries 收到 term:16 leaderId:3 prevLogIndex:24 prevLogTerm:16 entries:1 leaderCommit:24 isHeartbeat:false currentTerm:16 status:FOLLOWER
2025/11/03 17:32:08 [17:32:08.861] [Node:4] [LOG_REPLICA] [Trace:LOG_3_16][3->4] 打印日志结果:[{<nil> 0 false 0} {9885 2 false 1} {7369 4 false 2} {377 9 false 3} {5698 9 false 4} {3675 9 false 5} {7576 9 false 6} {6501 9 false 7} {8962 9 false 8} {9292 11 false 9} {5826 14 false 10} {1116 14 false 11} {8927 16 false 12} {615 16 false 13} {3625 16 false 14} {1425 16 false 15} {9709 16 false 16} {3423 16 false 17} {3134 16 false 18} {3657 16 false 19} {8171 16 false 20} {9440 16 false 21} {6470 16 false 22} {1363 16 false 23} {716 16 false 24}] 
2025/11/03 17:32:08 [17:32:08.862] [Node:4] [LOG_REPLICA] [Trace:LOG_3_16][3->4] 复制日志结果:[{<nil> 0 false 0} {9885 2 false 1} {7369 4 false 2} {377 9 false 3} {5698 9 false 4} {3675 9 false 5} {7576 9 false 6} {6501 9 false 7} {8962 9 false 8} {9292 11 false 9} {5826 14 false 10} {1116 14 false 11} {8927 16 false 12} {615 16 false 13} {3625 16 false 14} {1425 16 false 15} {9709 16 false 16} {3423 16 false 17} {3134 16 false 18} {3657 16 false 19} {8171 16 false 20} {9440 16 false 21} {6470 16 false 22} {1363 16 false 23} {716 16 false 24} {2684 16 false 25}] 
2025/11/03 17:32:08 [17:32:08.863] [Node:4] [LOG_COMMIT] [Trace:LOG_3_16][3->4] 收到LogEntry，并且Leader已经提交， 本地log 12->24 leaderCommit:24 lastApplied:14
2025/11/03 17:32:08 [17:32:08.863] [Node:4] [LOG_COMMIT] [Trace:APPLY_4_25] Applying logs count:11 log:[{1425 16 false 15} {9709 16 false 16} {3423 16 false 17} {3134 16 false 18} {3657 16 false 19} {8171 16 false 20} {9440 16 false 21} {6470 16 false 22} {1363 16 false 23} {716 16 false 24} {2684 16 false 25}] lastApplied:25
2025/11/03 17:32:08 [17:32:08.913] [Node:4] [RPC_RECV] [Trace:CLIENT_4_1762162328913087000] 接收到日志命令:742 isLeader:false term:16
2025/11/03 17:32:08 [17:32:08.919] [Node:4] [RPC_RECV] [Trace:CLIENT_4_1762162328919990000] 接收到日志命令:5803 isLeader:false term:16
2025/11/03 17:32:08 [17:32:08.922] [Node:4] [RPC_RECV] [Trace:CLIENT_4_1762162328922514000] 接收到日志命令:9632 isLeader:false term:16
2025/11/03 17:32:08 [17:32:08.938] [Node:4] [RPC_RECV] [Trace:CLIENT_4_1762162328938596000] 接收到日志命令:7391 isLeader:false term:16
2025/11/03 17:32:08 [17:32:08.939] [Node:4] [HEARTBEAT] [Trace:HB_4_16] Follower等心跳 status FOLLOWER term:16 commitIndex:24
2025/11/03 17:32:08 [17:32:08.951] [Node:4] [RPC_RECV] [Trace:CLIENT_4_1762162328951528000] 接收到日志命令:4874 isLeader:false term:16
2025/11/03 17:32:08 [17:32:08.960] [Node:4] [LOG_REPLICA] [Trace:LOG_1_9][1->4] AppendEntries 收到 term:9 leaderId:1 prevLogIndex:8 prevLogTerm:9 entries:86 leaderCommit:8 isHeartbeat:false currentTerm:16 status:FOLLOWER
2025/11/03 17:32:08 [17:32:08.960] [Node:4] [LOG_REPLICA] [Trace:LOG_1_9][1->4] Rejected: 收到心跳，但是term小于当前term term(9) < currentTerm(16)
2025/11/03 17:32:08 [17:32:08.962] [Node:4] [RPC_RECV] [Trace:CLIENT_4_1762162328962792000] 接收到日志命令:3560 isLeader:false term:16
2025/11/03 17:32:08 [17:32:08.973] [Node:4] [RPC_RECV] [Trace:CLIENT_4_1762162328973134000] 接收到日志命令:85 isLeader:false term:16
2025/11/03 17:32:08 [17:32:08.978] [Node:4] [RPC_RECV] [Trace:CLIENT_4_1762162328978978000] 接收到日志命令:6817 isLeader:false term:16
2025/11/03 17:32:08 [17:32:08.986] [Node:4] [RPC_RECV] [Trace:CLIENT_4_1762162328986710000] 接收到日志命令:7105 isLeader:false term:16
2025/11/03 17:32:08 [17:32:08.993] [Node:4] [RPC_RECV] [Trace:CLIENT_4_1762162328993003000] 接收到日志命令:125 isLeader:false term:16
2025/11/03 17:32:09 [17:32:09.039] [Node:4] [HEARTBEAT] [Trace:HB_4_16] Follower等心跳 status FOLLOWER term:16 commitIndex:24
2025/11/03 17:32:09 [17:32:09.140] [Node:4] [HEARTBEAT] [Trace:HB_4_16] Follower等心跳 status FOLLOWER term:16 commitIndex:24
2025/11/03 17:32:09 [17:32:09.243] [Node:4] [HEARTBEAT] [Trace:HB_4_16] Follower等心跳 status FOLLOWER term:16 commitIndex:24
2025/11/03 17:32:09 [17:32:09.256] [Node:4] [INFO] [STATE_CHANGE] FOLLOWER->FOLLOWER term:16 reason:变成Candidate
2025/11/03 17:32:09 [17:32:09.256] [Node:4] [TIMER_EVENT] [Trace:TIMER_4] 超时选举 since:295.334708ms threshold:265.888064ms
2025/11/03 17:32:09 [17:32:09.256] [Node:4] [RPC_SEND] [Trace:ELEC_4_17] 发送选举请求
2025/11/03 17:32:09 [17:32:09.256] [Node:4] [RPC_SEND] [Trace:ELEC_4_17] 发送选举请求
2025/11/03 17:32:09 [17:32:09.256] [Node:4] [RPC_SEND] [Trace:ELEC_4_17] 发送选举请求
2025/11/03 17:32:09 [17:32:09.256] [Node:4] [RPC_SEND] [Trace:ELEC_4_17] 发送选举请求
2025/11/03 17:32:09 [17:32:09.259] [Node:4] [RPC_SEND] [Trace:ELEC_4_17] 处理投票返回 for term 17 reply:{17 true}
2025/11/03 17:32:09 [17:32:09.322] [Node:4] [RPC_RECV] [Trace:CLIENT_4_1762162329322259000] 接收到日志命令:2061 isLeader:false term:17
2025/11/03 17:32:09 [17:32:09.331] [Node:4] [RPC_RECV] [Trace:CLIENT_4_1762162329331867000] 接收到日志命令:1135 isLeader:false term:17
2025/11/03 17:32:09 [17:32:09.344] [Node:4] [HEARTBEAT] [Trace:HB_4_17] Follower等心跳 status CANDIDATE term:17 commitIndex:24
2025/11/03 17:32:09 [17:32:09.346] [Node:4] [RPC_RECV] [Trace:CLIENT_4_1762162329346441000] 接收到日志命令:1552 isLeader:false term:17
2025/11/03 17:32:09 [17:32:09.356] [Node:4] [RPC_RECV] [Trace:CLIENT_4_1762162329356412000] 接收到日志命令:1384 isLeader:false term:17
2025/11/03 17:32:09 [17:32:09.361] [Node:4] [RPC_RECV] [Trace:CLIENT_4_1762162329361237000] 接收到日志命令:3868 isLeader:false term:17
2025/11/03 17:32:09 [17:32:09.373] [Node:4] [RPC_RECV] [Trace:CLIENT_4_1762162329373790000] 接收到日志命令:3241 isLeader:false term:17
2025/11/03 17:32:09 [17:32:09.380] [Node:4] [RPC_RECV] [Trace:CLIENT_4_1762162329380756000] 接收到日志命令:9090 isLeader:false term:17
2025/11/03 17:32:09 [17:32:09.389] [Node:4] [RPC_RECV] [Trace:CLIENT_4_1762162329389240000] 接收到日志命令:9963 isLeader:false term:17
2025/11/03 17:32:09 [17:32:09.397] [Node:4] [RPC_RECV] [Trace:CLIENT_4_1762162329397037000] 接收到日志命令:2689 isLeader:false term:17
2025/11/03 17:32:09 [17:32:09.406] [Node:4] [RPC_RECV] [Trace:CLIENT_4_1762162329406251000] 接收到日志命令:8082 isLeader:false term:17
2025/11/03 17:32:09 [17:32:09.409] [Node:4] [RPC_RECV] [Trace:CLIENT_4_1762162329409853000] 接收到日志命令:9847 isLeader:false term:17
2025/11/03 17:32:09 [17:32:09.413] [Node:4] [RPC_RECV] [Trace:CLIENT_4_1762162329413518000] 接收到日志命令:7785 isLeader:false term:17
2025/11/03 17:32:09 [17:32:09.421] [Node:4] [RPC_RECV] [Trace:CLIENT_4_1762162329421101000] 接收到日志命令:6590 isLeader:false term:17
2025/11/03 17:32:09 [17:32:09.436] [Node:4] [RPC_RECV] [Trace:CLIENT_4_1762162329436516000] 接收到日志命令:9810 isLeader:false term:17
2025/11/03 17:32:09 [17:32:09.441] [Node:4] [RPC_RECV] [Trace:CLIENT_4_1762162329441032000] 接收到日志命令:1931 isLeader:false term:17
2025/11/03 17:32:09 [17:32:09.444] [Node:4] [HEARTBEAT] [Trace:HB_4_17] Follower等心跳 status CANDIDATE term:17 commitIndex:24
2025/11/03 17:32:09 [17:32:09.448] [Node:4] [RPC_RECV] [Trace:CLIENT_4_1762162329448923000] 接收到日志命令:8280 isLeader:false term:17
2025/11/03 17:32:09 [17:32:09.458] [Node:4] [RPC_RECV] [Trace:CLIENT_4_1762162329458173000] 接收到日志命令:3288 isLeader:false term:17
2025/11/03 17:32:09 [17:32:09.519] [Node:4] [INFO] [STATE_CHANGE] CANDIDATE->FOLLOWER term:17 reason:变成Candidate
2025/11/03 17:32:09 [17:32:09.519] [Node:4] [TIMER_EVENT] [Trace:TIMER_4] 超时选举 since:263.406458ms threshold:234.492175ms
2025/11/03 17:32:09 [17:32:09.520] [Node:4] [RPC_SEND] [Trace:ELEC_4_18] 发送选举请求
2025/11/03 17:32:09 [17:32:09.520] [Node:4] [RPC_SEND] [Trace:ELEC_4_18] 发送选举请求
2025/11/03 17:32:09 [17:32:09.520] [Node:4] [RPC_SEND] [Trace:ELEC_4_18] 发送选举请求
2025/11/03 17:32:09 [17:32:09.520] [Node:4] [RPC_SEND] [Trace:ELEC_4_18] 发送选举请求
2025/11/03 17:32:09 [17:32:09.548] [Node:4] [RPC_RECV] [Trace:ELEC_2_18][2->4] RequestVote 接受 term:18 candidateId:2 lastLogIndex:25 lastLogTerm:16 currentTerm:18 status:CANDIDATE
2025/11/03 17:32:09 [17:32:09.548] [Node:4] [RPC_RECV] [Trace:ELEC_2_18][2->4] 投票信息 votedFor:4 lastLogTerm:16 lastLogIndex:25
2025/11/03 17:32:09 [17:32:09.548] [Node:4] [RPC_RECV] [Trace:ELEC_2_18][2->4] 投票失败兜底 candidate:2 term:18
2025/11/03 17:32:09 [17:32:09.550] [Node:4] [RPC_SEND] [Trace:ELEC_4_18] 处理投票返回 for term 18 reply:{18 false}
2025/11/03 17:32:09 [17:32:09.551] [Node:4] [HEARTBEAT] [Trace:HB_4_18] Follower等心跳 status CANDIDATE term:18 commitIndex:24
2025/11/03 17:32:09 [17:32:09.592] [Node:4] [RPC_RECV] [Trace:CLIENT_4_1762162329592329000] 接收到日志命令:963 isLeader:false term:18
2025/11/03 17:32:09 [17:32:09.594] [Node:4] [RPC_RECV] [Trace:CLIENT_4_1762162329594445000] 接收到日志命令:46 isLeader:false term:18
2025/11/03 17:32:09 [17:32:09.610] [Node:4] [RPC_RECV] [Trace:CLIENT_4_1762162329610783000] 接收到日志命令:298 isLeader:false term:18
2025/11/03 17:32:09 [17:32:09.623] [Node:4] [RPC_RECV] [Trace:CLIENT_4_1762162329623257000] 接收到日志命令:2542 isLeader:false term:18
2025/11/03 17:32:09 [17:32:09.639] [Node:4] [RPC_RECV] [Trace:CLIENT_4_1762162329639209000] 接收到日志命令:8343 isLeader:false term:18
2025/11/03 17:32:09 [17:32:09.651] [Node:4] [RPC_RECV] [Trace:CLIENT_4_1762162329651462000] 接收到日志命令:2138 isLeader:false term:18
2025/11/03 17:32:09 [17:32:09.652] [Node:4] [HEARTBEAT] [Trace:HB_4_18] Follower等心跳 status CANDIDATE term:18 commitIndex:24
2025/11/03 17:32:09 [17:32:09.667] [Node:4] [RPC_RECV] [Trace:CLIENT_4_1762162329667645000] 接收到日志命令:670 isLeader:false term:18
2025/11/03 17:32:09 [17:32:09.677] [Node:4] [RPC_RECV] [Trace:CLIENT_4_1762162329677336000] 接收到日志命令:1026 isLeader:false term:18
2025/11/03 17:32:09 [17:32:09.699] [Node:4] [RPC_RECV] [Trace:CLIENT_4_1762162329699405000] 接收到日志命令:782 isLeader:false term:18
2025/11/03 17:32:09 [17:32:09.700] [Node:4] [RPC_RECV] [Trace:CLIENT_4_1762162329700852000] 接收到日志命令:3282 isLeader:false term:18
2025/11/03 17:32:09 [17:32:09.713] [Node:4] [RPC_RECV] [Trace:CLIENT_4_1762162329713882000] 接收到日志命令:5093 isLeader:false term:18
2025/11/03 17:32:09 [17:32:09.718] [Node:4] [RPC_RECV] [Trace:CLIENT_4_1762162329718547000] 接收到日志命令:1571 isLeader:false term:18
2025/11/03 17:32:09 [17:32:09.719] [Node:4] [RPC_RECV] [Trace:CLIENT_4_1762162329719788000] 接收到日志命令:8999 isLeader:false term:18
2025/11/03 17:32:09 [17:32:09.732] [Node:4] [RPC_RECV] [Trace:ELEC_2_19][2->4] RequestVote 接受 term:19 candidateId:2 lastLogIndex:25 lastLogTerm:16 currentTerm:18 status:CANDIDATE
2025/11/03 17:32:09 [17:32:09.732] [Node:4] [INFO] [STATE_CHANGE] CANDIDATE->FOLLOWER term:18 reason:降级成follower
2025/11/03 17:32:09 [17:32:09.733] [Node:4] [RPC_RECV] [Trace:ELEC_2_19][2->4] 投票信息 votedFor:-1 lastLogTerm:16 lastLogIndex:25
2025/11/03 17:32:09 [17:32:09.733] [Node:4] [RPC_RECV] [Trace:ELEC_2_19][2->4] 投票给 candidate:2 term:19
2025/11/03 17:32:09 [17:32:09.736] [Node:4] [RPC_RECV] [Trace:CLIENT_4_1762162329736033000] 接收到日志命令:9978 isLeader:false term:19
2025/11/03 17:32:09 [17:32:09.744] [Node:4] [RPC_RECV] [Trace:CLIENT_4_1762162329744934000] 接收到日志命令:8640 isLeader:false term:19
2025/11/03 17:32:09 [17:32:09.752] [Node:4] [HEARTBEAT] [Trace:HB_4_19] Follower等心跳 status FOLLOWER term:19 commitIndex:24
2025/11/03 17:32:09 [17:32:09.755] [Node:4] [RPC_RECV] [Trace:CLIENT_4_1762162329755080000] 接收到日志命令:5921 isLeader:false term:19
2025/11/03 17:32:09 [17:32:09.760] [Node:4] [RPC_RECV] [Trace:CLIENT_4_1762162329760312000] 接收到日志命令:7095 isLeader:false term:19
2025/11/03 17:32:09 [17:32:09.768] [Node:4] [RPC_RECV] [Trace:CLIENT_4_1762162329768903000] 接收到日志命令:8433 isLeader:false term:19
2025/11/03 17:32:09 [17:32:09.777] [Node:4] [RPC_RECV] [Trace:CLIENT_4_1762162329777773000] 接收到日志命令:3742 isLeader:false term:19
2025/11/03 17:32:09 [17:32:09.794] [Node:4] [RPC_RECV] [Trace:CLIENT_4_1762162329794947000] 接收到日志命令:7850 isLeader:false term:19
2025/11/03 17:32:09 [17:32:09.808] [Node:4] [RPC_RECV] [Trace:CLIENT_4_1762162329808307000] 接收到日志命令:4053 isLeader:false term:19
2025/11/03 17:32:09 [17:32:09.822] [Node:4] [RPC_RECV] [Trace:CLIENT_4_1762162329822348000] 接收到日志命令:2386 isLeader:false term:19
2025/11/03 17:32:09 [17:32:09.854] [Node:4] [HEARTBEAT] [Trace:HB_4_19] Follower等心跳 status FOLLOWER term:19 commitIndex:24
2025/11/03 17:32:09 [17:32:09.857] [Node:4] [LOG_REPLICA] [Trace:LOG_2_19][2->4] AppendEntries 收到 term:19 leaderId:2 prevLogIndex:24 prevLogTerm:16 entries:9 leaderCommit:24 isHeartbeat:false currentTerm:19 status:FOLLOWER
2025/11/03 17:32:09 [17:32:09.857] [Node:4] [LOG_REPLICA] [Trace:LOG_2_19][2->4] 打印日志结果:[{<nil> 0 false 0} {9885 2 false 1} {7369 4 false 2} {377 9 false 3} {5698 9 false 4} {3675 9 false 5} {7576 9 false 6} {6501 9 false 7} {8962 9 false 8} {9292 11 false 9} {5826 14 false 10} {1116 14 false 11} {8927 16 false 12} {615 16 false 13} {3625 16 false 14} {1425 16 false 15} {9709 16 false 16} {3423 16 false 17} {3134 16 false 18} {3657 16 false 19} {8171 16 false 20} {9440 16 false 21} {6470 16 false 22} {1363 16 false 23} {716 16 false 24} {2684 16 false 25}] 
2025/11/03 17:32:09 [17:32:09.858] [Node:4] [LOG_REPLICA] [Trace:LOG_2_19][2->4] 复制日志结果:[{<nil> 0 false 0} {9885 2 false 1} {7369 4 false 2} {377 9 false 3} {5698 9 false 4} {3675 9 false 5} {7576 9 false 6} {6501 9 false 7} {8962 9 false 8} {9292 11 false 9} {5826 14 false 10} {1116 14 false 11} {8927 16 false 12} {615 16 false 13} {3625 16 false 14} {1425 16 false 15} {9709 16 false 16} {3423 16 false 17} {3134 16 false 18} {3657 16 false 19} {8171 16 false 20} {9440 16 false 21} {6470 16 false 22} {1363 16 false 23} {716 16 false 24} {2684 16 false 25} {5836 19 false 26} {5544 19 false 27} {713 19 false 28} {6403 19 false 29} {881 19 false 30} {3832 19 false 31} {4831 19 false 32} {989 19 false 33}] 
2025/11/03 17:32:09 [17:32:09.955] [Node:4] [HEARTBEAT] [Trace:HB_4_19] Follower等心跳 status FOLLOWER term:19 commitIndex:24
2025/11/03 17:32:10 [17:32:10.055] [Node:4] [HEARTBEAT] [Trace:HB_4_19] Follower等心跳 status FOLLOWER term:19 commitIndex:24
2025/11/03 17:32:10 [17:32:10.064] [Node:4] [HEARTBEAT] [Trace:LOG_2_19][2->4] AppendEntries 收到 term:19 leaderId:2 prevLogIndex:33 prevLogTerm:19 entries:0 leaderCommit:24 isHeartbeat:true currentTerm:19 status:FOLLOWER
2025/11/03 17:32:10 [17:32:10.064] [Node:4] [HEARTBEAT] [Trace:LOG_2_19][2->4] 打印日志结果:[{<nil> 0 false 0} {9885 2 false 1} {7369 4 false 2} {377 9 false 3} {5698 9 false 4} {3675 9 false 5} {7576 9 false 6} {6501 9 false 7} {8962 9 false 8} {9292 11 false 9} {5826 14 false 10} {1116 14 false 11} {8927 16 false 12} {615 16 false 13} {3625 16 false 14} {1425 16 false 15} {9709 16 false 16} {3423 16 false 17} {3134 16 false 18} {3657 16 false 19} {8171 16 false 20} {9440 16 false 21} {6470 16 false 22} {1363 16 false 23} {716 16 false 24} {2684 16 false 25} {5836 19 false 26} {5544 19 false 27} {713 19 false 28} {6403 19 false 29} {881 19 false 30} {3832 19 false 31} {4831 19 false 32} {989 19 false 33}] 
2025/11/03 17:32:10 [17:32:10.064] [Node:4] [HEARTBEAT] [Trace:LOG_2_19][2->4] 复制日志结果:[{<nil> 0 false 0} {9885 2 false 1} {7369 4 false 2} {377 9 false 3} {5698 9 false 4} {3675 9 false 5} {7576 9 false 6} {6501 9 false 7} {8962 9 false 8} {9292 11 false 9} {5826 14 false 10} {1116 14 false 11} {8927 16 false 12} {615 16 false 13} {3625 16 false 14} {1425 16 false 15} {9709 16 false 16} {3423 16 false 17} {3134 16 false 18} {3657 16 false 19} {8171 16 false 20} {9440 16 false 21} {6470 16 false 22} {1363 16 false 23} {716 16 false 24} {2684 16 false 25} {5836 19 false 26} {5544 19 false 27} {713 19 false 28} {6403 19 false 29} {881 19 false 30} {3832 19 false 31} {4831 19 false 32} {989 19 false 33}] 
2025/11/03 17:32:10 [17:32:10.089] [Node:4] [RPC_RECV] [Trace:CLIENT_4_1762162330089605000] 接收到日志命令:9073 isLeader:false term:19
2025/11/03 17:32:10 [17:32:10.162] [Node:4] [HEARTBEAT] [Trace:HB_4_19] Follower等心跳 status FOLLOWER term:19 commitIndex:24
2025/11/03 17:32:10 [17:32:10.187] [Node:4] [LOG_REPLICA] [Trace:LOG_2_19][2->4] AppendEntries 收到 term:19 leaderId:2 prevLogIndex:33 prevLogTerm:19 entries:1 leaderCommit:24 isHeartbeat:false currentTerm:19 status:FOLLOWER
2025/11/03 17:32:10 [17:32:10.188] [Node:4] [LOG_REPLICA] [Trace:LOG_2_19][2->4] 打印日志结果:[{<nil> 0 false 0} {9885 2 false 1} {7369 4 false 2} {377 9 false 3} {5698 9 false 4} {3675 9 false 5} {7576 9 false 6} {6501 9 false 7} {8962 9 false 8} {9292 11 false 9} {5826 14 false 10} {1116 14 false 11} {8927 16 false 12} {615 16 false 13} {3625 16 false 14} {1425 16 false 15} {9709 16 false 16} {3423 16 false 17} {3134 16 false 18} {3657 16 false 19} {8171 16 false 20} {9440 16 false 21} {6470 16 false 22} {1363 16 false 23} {716 16 false 24} {2684 16 false 25} {5836 19 false 26} {5544 19 false 27} {713 19 false 28} {6403 19 false 29} {881 19 false 30} {3832 19 false 31} {4831 19 false 32} {989 19 false 33}] 
2025/11/03 17:32:10 [17:32:10.189] [Node:4] [LOG_REPLICA] [Trace:LOG_2_19][2->4] 复制日志结果:[{<nil> 0 false 0} {9885 2 false 1} {7369 4 false 2} {377 9 false 3} {5698 9 false 4} {3675 9 false 5} {7576 9 false 6} {6501 9 false 7} {8962 9 false 8} {9292 11 false 9} {5826 14 false 10} {1116 14 false 11} {8927 16 false 12} {615 16 false 13} {3625 16 false 14} {1425 16 false 15} {9709 16 false 16} {3423 16 false 17} {3134 16 false 18} {3657 16 false 19} {8171 16 false 20} {9440 16 false 21} {6470 16 false 22} {1363 16 false 23} {716 16 false 24} {2684 16 false 25} {5836 19 false 26} {5544 19 false 27} {713 19 false 28} {6403 19 false 29} {881 19 false 30} {3832 19 false 31} {4831 19 false 32} {989 19 false 33} {3559 19 false 34}] 
2025/11/03 17:32:10 [17:32:10.262] [Node:4] [HEARTBEAT] [Trace:HB_4_19] Follower等心跳 status FOLLOWER term:19 commitIndex:24
2025/11/03 17:32:10 [17:32:10.282] [Node:4] [HEARTBEAT] [Trace:LOG_2_19][2->4] AppendEntries 收到 term:19 leaderId:2 prevLogIndex:34 prevLogTerm:19 entries:0 leaderCommit:24 isHeartbeat:true currentTerm:19 status:FOLLOWER
2025/11/03 17:32:10 [17:32:10.283] [Node:4] [HEARTBEAT] [Trace:LOG_2_19][2->4] 打印日志结果:[{<nil> 0 false 0} {9885 2 false 1} {7369 4 false 2} {377 9 false 3} {5698 9 false 4} {3675 9 false 5} {7576 9 false 6} {6501 9 false 7} {8962 9 false 8} {9292 11 false 9} {5826 14 false 10} {1116 14 false 11} {8927 16 false 12} {615 16 false 13} {3625 16 false 14} {1425 16 false 15} {9709 16 false 16} {3423 16 false 17} {3134 16 false 18} {3657 16 false 19} {8171 16 false 20} {9440 16 false 21} {6470 16 false 22} {1363 16 false 23} {716 16 false 24} {2684 16 false 25} {5836 19 false 26} {5544 19 false 27} {713 19 false 28} {6403 19 false 29} {881 19 false 30} {3832 19 false 31} {4831 19 false 32} {989 19 false 33} {3559 19 false 34}] 
2025/11/03 17:32:10 [17:32:10.283] [Node:4] [HEARTBEAT] [Trace:LOG_2_19][2->4] 复制日志结果:[{<nil> 0 false 0} {9885 2 false 1} {7369 4 false 2} {377 9 false 3} {5698 9 false 4} {3675 9 false 5} {7576 9 false 6} {6501 9 false 7} {8962 9 false 8} {9292 11 false 9} {5826 14 false 10} {1116 14 false 11} {8927 16 false 12} {615 16 false 13} {3625 16 false 14} {1425 16 false 15} {9709 16 false 16} {3423 16 false 17} {3134 16 false 18} {3657 16 false 19} {8171 16 false 20} {9440 16 false 21} {6470 16 false 22} {1363 16 false 23} {716 16 false 24} {2684 16 false 25} {5836 19 false 26} {5544 19 false 27} {713 19 false 28} {6403 19 false 29} {881 19 false 30} {3832 19 false 31} {4831 19 false 32} {989 19 false 33} {3559 19 false 34}] 
2025/11/03 17:32:10 [17:32:10.363] [Node:4] [HEARTBEAT] [Trace:HB_4_19] Follower等心跳 status FOLLOWER term:19 commitIndex:24
2025/11/03 17:32:10 [17:32:10.384] [Node:4] [HEARTBEAT] [Trace:LOG_2_19][2->4] AppendEntries 收到 term:19 leaderId:2 prevLogIndex:34 prevLogTerm:19 entries:0 leaderCommit:24 isHeartbeat:true currentTerm:19 status:FOLLOWER
2025/11/03 17:32:10 [17:32:10.384] [Node:4] [HEARTBEAT] [Trace:LOG_2_19][2->4] 打印日志结果:[{<nil> 0 false 0} {9885 2 false 1} {7369 4 false 2} {377 9 false 3} {5698 9 false 4} {3675 9 false 5} {7576 9 false 6} {6501 9 false 7} {8962 9 false 8} {9292 11 false 9} {5826 14 false 10} {1116 14 false 11} {8927 16 false 12} {615 16 false 13} {3625 16 false 14} {1425 16 false 15} {9709 16 false 16} {3423 16 false 17} {3134 16 false 18} {3657 16 false 19} {8171 16 false 20} {9440 16 false 21} {6470 16 false 22} {1363 16 false 23} {716 16 false 24} {2684 16 false 25} {5836 19 false 26} {5544 19 false 27} {713 19 false 28} {6403 19 false 29} {881 19 false 30} {3832 19 false 31} {4831 19 false 32} {989 19 false 33} {3559 19 false 34}] 
2025/11/03 17:32:10 [17:32:10.385] [Node:4] [HEARTBEAT] [Trace:LOG_2_19][2->4] 复制日志结果:[{<nil> 0 false 0} {9885 2 false 1} {7369 4 false 2} {377 9 false 3} {5698 9 false 4} {3675 9 false 5} {7576 9 false 6} {6501 9 false 7} {8962 9 false 8} {9292 11 false 9} {5826 14 false 10} {1116 14 false 11} {8927 16 false 12} {615 16 false 13} {3625 16 false 14} {1425 16 false 15} {9709 16 false 16} {3423 16 false 17} {3134 16 false 18} {3657 16 false 19} {8171 16 false 20} {9440 16 false 21} {6470 16 false 22} {1363 16 false 23} {716 16 false 24} {2684 16 false 25} {5836 19 false 26} {5544 19 false 27} {713 19 false 28} {6403 19 false 29} {881 19 false 30} {3832 19 false 31} {4831 19 false 32} {989 19 false 33} {3559 19 false 34}] 
2025/11/03 17:32:10 [17:32:10.463] [Node:4] [HEARTBEAT] [Trace:HB_4_19] Follower等心跳 status FOLLOWER term:19 commitIndex:24
2025/11/03 17:32:10 [17:32:10.473] [Node:4] [HEARTBEAT] [Trace:LOG_2_19][2->4] AppendEntries 收到 term:19 leaderId:2 prevLogIndex:34 prevLogTerm:19 entries:0 leaderCommit:24 isHeartbeat:true currentTerm:19 status:FOLLOWER
2025/11/03 17:32:10 [17:32:10.473] [Node:4] [HEARTBEAT] [Trace:LOG_2_19][2->4] 打印日志结果:[{<nil> 0 false 0} {9885 2 false 1} {7369 4 false 2} {377 9 false 3} {5698 9 false 4} {3675 9 false 5} {7576 9 false 6} {6501 9 false 7} {8962 9 false 8} {9292 11 false 9} {5826 14 false 10} {1116 14 false 11} {8927 16 false 12} {615 16 false 13} {3625 16 false 14} {1425 16 false 15} {9709 16 false 16} {3423 16 false 17} {3134 16 false 18} {3657 16 false 19} {8171 16 false 20} {9440 16 false 21} {6470 16 false 22} {1363 16 false 23} {716 16 false 24} {2684 16 false 25} {5836 19 false 26} {5544 19 false 27} {713 19 false 28} {6403 19 false 29} {881 19 false 30} {3832 19 false 31} {4831 19 false 32} {989 19 false 33} {3559 19 false 34}] 
2025/11/03 17:32:10 [17:32:10.474] [Node:4] [HEARTBEAT] [Trace:LOG_2_19][2->4] 复制日志结果:[{<nil> 0 false 0} {9885 2 false 1} {7369 4 false 2} {377 9 false 3} {5698 9 false 4} {3675 9 false 5} {7576 9 false 6} {6501 9 false 7} {8962 9 false 8} {9292 11 false 9} {5826 14 false 10} {1116 14 false 11} {8927 16 false 12} {615 16 false 13} {3625 16 false 14} {1425 16 false 15} {9709 16 false 16} {3423 16 false 17} {3134 16 false 18} {3657 16 false 19} {8171 16 false 20} {9440 16 false 21} {6470 16 false 22} {1363 16 false 23} {716 16 false 24} {2684 16 false 25} {5836 19 false 26} {5544 19 false 27} {713 19 false 28} {6403 19 false 29} {881 19 false 30} {3832 19 false 31} {4831 19 false 32} {989 19 false 33} {3559 19 false 34}] 
2025/11/03 17:32:10 [17:32:10.563] [Node:4] [RPC_RECV] [Trace:CLIENT_4_1762162330563698000] 接收到日志命令:1065 isLeader:false term:19
2025/11/03 17:32:10 [17:32:10.564] [Node:4] [HEARTBEAT] [Trace:HB_4_19] Follower等心跳 status FOLLOWER term:19 commitIndex:24
2025/11/03 17:32:10 [17:32:10.570] [Node:4] [RPC_RECV] [Trace:CLIENT_4_1762162330570670000] 接收到日志命令:7522 isLeader:false term:19
2025/11/03 17:32:10 [17:32:10.580] [Node:4] [RPC_RECV] [Trace:CLIENT_4_1762162330580114000] 接收到日志命令:8958 isLeader:false term:19
2025/11/03 17:32:10 [17:32:10.589] [Node:4] [LOG_REPLICA] [Trace:LOG_2_19][2->4] AppendEntries 收到 term:19 leaderId:2 prevLogIndex:34 prevLogTerm:19 entries:1 leaderCommit:24 isHeartbeat:false currentTerm:19 status:FOLLOWER
2025/11/03 17:32:10 [17:32:10.589] [Node:4] [LOG_REPLICA] [Trace:LOG_2_19][2->4] 打印日志结果:[{<nil> 0 false 0} {9885 2 false 1} {7369 4 false 2} {377 9 false 3} {5698 9 false 4} {3675 9 false 5} {7576 9 false 6} {6501 9 false 7} {8962 9 false 8} {9292 11 false 9} {5826 14 false 10} {1116 14 false 11} {8927 16 false 12} {615 16 false 13} {3625 16 false 14} {1425 16 false 15} {9709 16 false 16} {3423 16 false 17} {3134 16 false 18} {3657 16 false 19} {8171 16 false 20} {9440 16 false 21} {6470 16 false 22} {1363 16 false 23} {716 16 false 24} {2684 16 false 25} {5836 19 false 26} {5544 19 false 27} {713 19 false 28} {6403 19 false 29} {881 19 false 30} {3832 19 false 31} {4831 19 false 32} {989 19 false 33} {3559 19 false 34}] 
2025/11/03 17:32:10 [17:32:10.590] [Node:4] [LOG_REPLICA] [Trace:LOG_2_19][2->4] 复制日志结果:[{<nil> 0 false 0} {9885 2 false 1} {7369 4 false 2} {377 9 false 3} {5698 9 false 4} {3675 9 false 5} {7576 9 false 6} {6501 9 false 7} {8962 9 false 8} {9292 11 false 9} {5826 14 false 10} {1116 14 false 11} {8927 16 false 12} {615 16 false 13} {3625 16 false 14} {1425 16 false 15} {9709 16 false 16} {3423 16 false 17} {3134 16 false 18} {3657 16 false 19} {8171 16 false 20} {9440 16 false 21} {6470 16 false 22} {1363 16 false 23} {716 16 false 24} {2684 16 false 25} {5836 19 false 26} {5544 19 false 27} {713 19 false 28} {6403 19 false 29} {881 19 false 30} {3832 19 false 31} {4831 19 false 32} {989 19 false 33} {3559 19 false 34} {4757 19 false 35}] 
2025/11/03 17:32:10 [17:32:10.592] [Node:4] [RPC_RECV] [Trace:CLIENT_4_1762162330592073000] 接收到日志命令:7382 isLeader:false term:19
2025/11/03 17:32:10 [17:32:10.604] [Node:4] [RPC_RECV] [Trace:CLIENT_4_1762162330604106000] 接收到日志命令:4266 isLeader:false term:19
2025/11/03 17:32:10 [17:32:10.612] [Node:4] [RPC_RECV] [Trace:CLIENT_4_1762162330612211000] 接收到日志命令:1820 isLeader:false term:19
2025/11/03 17:32:10 [17:32:10.667] [Node:4] [HEARTBEAT] [Trace:HB_4_19] Follower等心跳 status FOLLOWER term:19 commitIndex:24
2025/11/03 17:32:10 [17:32:10.768] [Node:4] [HEARTBEAT] [Trace:HB_4_19] Follower等心跳 status FOLLOWER term:19 commitIndex:24
2025/11/03 17:32:10 [17:32:10.813] [Node:4] [RPC_RECV] [Trace:CLIENT_4_1762162330813564000] 接收到日志命令:2713 isLeader:false term:19
2025/11/03 17:32:10 [17:32:10.816] [Node:4] [RPC_RECV] [Trace:CLIENT_4_1762162330816295000] 接收到日志命令:1697 isLeader:false term:19
2025/11/03 17:32:10 [17:32:10.821] [Node:4] [RPC_RECV] [Trace:CLIENT_4_1762162330821419000] 接收到日志命令:6073 isLeader:false term:19
2025/11/03 17:32:10 [17:32:10.833] [Node:4] [RPC_RECV] [Trace:CLIENT_4_1762162330833263000] 接收到日志命令:513 isLeader:false term:19
2025/11/03 17:32:10 [17:32:10.836] [Node:4] [RPC_RECV] [Trace:ELEC_1_20][1->4] RequestVote 接受 term:20 candidateId:1 lastLogIndex:2 lastLogTerm:4 currentTerm:19 status:FOLLOWER
2025/11/03 17:32:10 [17:32:10.836] [Node:4] [INFO] [STATE_CHANGE] FOLLOWER->FOLLOWER term:19 reason:降级成follower
2025/11/03 17:32:10 [17:32:10.837] [Node:4] [RPC_RECV] [Trace:ELEC_1_20][1->4] 投票信息 votedFor:-1 lastLogTerm:19 lastLogIndex:35
2025/11/03 17:32:10 [17:32:10.837] [Node:4] [RPC_RECV] [Trace:ELEC_1_20][1->4] 投票失败兜底 candidate:1 term:20
2025/11/03 17:32:10 [17:32:10.837] [Node:4] [RPC_RECV] [Trace:CLIENT_4_1762162330837520000] 接收到日志命令:3057 isLeader:false term:20
2025/11/03 17:32:10 [17:32:10.848] [Node:4] [RPC_RECV] [Trace:CLIENT_4_1762162330848262000] 接收到日志命令:2115 isLeader:false term:20
2025/11/03 17:32:10 [17:32:10.863] [Node:4] [RPC_RECV] [Trace:CLIENT_4_1762162330863394000] 接收到日志命令:8286 isLeader:false term:20
2025/11/03 17:32:10 [17:32:10.869] [Node:4] [HEARTBEAT] [Trace:HB_4_20] Follower等心跳 status FOLLOWER term:20 commitIndex:24
2025/11/03 17:32:10 [17:32:10.871] [Node:4] [RPC_RECV] [Trace:CLIENT_4_1762162330871466000] 接收到日志命令:9664 isLeader:false term:20
2025/11/03 17:32:10 [17:32:10.878] [Node:4] [RPC_RECV] [Trace:CLIENT_4_1762162330878321000] 接收到日志命令:191 isLeader:false term:20
2025/11/03 17:32:10 [17:32:10.885] [Node:4] [RPC_RECV] [Trace:CLIENT_4_1762162330885123000] 接收到日志命令:5621 isLeader:false term:20
2025/11/03 17:32:10 [17:32:10.887] [Node:4] [INFO] [STATE_CHANGE] FOLLOWER->FOLLOWER term:20 reason:变成Candidate
2025/11/03 17:32:10 [17:32:10.887] [Node:4] [TIMER_EVENT] [Trace:TIMER_4] 超时选举 since:298.433125ms threshold:273.345283ms
2025/11/03 17:32:10 [17:32:10.887] [Node:4] [RPC_SEND] [Trace:ELEC_4_21] 发送选举请求
2025/11/03 17:32:10 [17:32:10.887] [Node:4] [RPC_SEND] [Trace:ELEC_4_21] 发送选举请求
2025/11/03 17:32:10 [17:32:10.887] [Node:4] [RPC_SEND] [Trace:ELEC_4_21] 发送选举请求
2025/11/03 17:32:10 [17:32:10.887] [Node:4] [RPC_SEND] [Trace:ELEC_4_21] 发送选举请求
2025/11/03 17:32:10 [17:32:10.895] [Node:4] [RPC_RECV] [Trace:CLIENT_4_1762162330895951000] 接收到日志命令:1093 isLeader:false term:21
2025/11/03 17:32:10 [17:32:10.906] [Node:4] [RPC_RECV] [Trace:CLIENT_4_1762162330906001000] 接收到日志命令:5465 isLeader:false term:21
2025/11/03 17:32:10 [17:32:10.906] [Node:4] [RPC_SEND] [Trace:ELEC_4_21] 处理投票返回 for term 21 reply:{21 false}
2025/11/03 17:32:10 [17:32:10.906] [Node:4] [RPC_SEND] [Trace:ELEC_4_21] 处理投票返回 for term 21 reply:{21 true}
2025/11/03 17:32:10 [17:32:10.913] [Node:4] [RPC_RECV] [Trace:CLIENT_4_1762162330913875000] 接收到日志命令:1115 isLeader:false term:21
2025/11/03 17:32:10 [17:32:10.924] [Node:4] [RPC_RECV] [Trace:CLIENT_4_1762162330924304000] 接收到日志命令:1438 isLeader:false term:21
2025/11/03 17:32:10 [17:32:10.941] [Node:4] [RPC_RECV] [Trace:CLIENT_4_1762162330941912000] 接收到日志命令:116 isLeader:false term:21
2025/11/03 17:32:10 [17:32:10.955] [Node:4] [RPC_RECV] [Trace:CLIENT_4_1762162330955803000] 接收到日志命令:122 isLeader:false term:21
2025/11/03 17:32:10 [17:32:10.971] [Node:4] [HEARTBEAT] [Trace:HB_4_21] Follower等心跳 status CANDIDATE term:21 commitIndex:24
2025/11/03 17:32:10 [17:32:10.971] [Node:4] [RPC_RECV] [Trace:CLIENT_4_1762162330971577000] 接收到日志命令:267 isLeader:false term:21
2025/11/03 17:32:10 [17:32:10.978] [Node:4] [RPC_RECV] [Trace:CLIENT_4_1762162330978030000] 接收到日志命令:3619 isLeader:false term:21
2025/11/03 17:32:10 [17:32:10.986] [Node:4] [RPC_RECV] [Trace:CLIENT_4_1762162330986314000] 接收到日志命令:5247 isLeader:false term:21
2025/11/03 17:32:10 [17:32:10.992] [Node:4] [RPC_RECV] [Trace:CLIENT_4_1762162330992538000] 接收到日志命令:1517 isLeader:false term:21
2025/11/03 17:32:11 [17:32:11.007] [Node:4] [RPC_RECV] [Trace:CLIENT_4_1762162331007818000] 接收到日志命令:9260 isLeader:false term:21
2025/11/03 17:32:11 [17:32:11.019] [Node:4] [RPC_RECV] [Trace:CLIENT_4_1762162331019429000] 接收到日志命令:2742 isLeader:false term:21
2025/11/03 17:32:11 [17:32:11.023] [Node:4] [RPC_RECV] [Trace:CLIENT_4_1762162331023826000] 接收到日志命令:9802 isLeader:false term:21
2025/11/03 17:32:11 [17:32:11.031] [Node:4] [RPC_RECV] [Trace:CLIENT_4_1762162331031757000] 接收到日志命令:6031 isLeader:false term:21
2025/11/03 17:32:11 [17:32:11.036] [Node:4] [RPC_RECV] [Trace:CLIENT_4_1762162331036143000] 接收到日志命令:4327 isLeader:false term:21
2025/11/03 17:32:11 [17:32:11.047] [Node:4] [RPC_RECV] [Trace:ELEC_2_22][2->4] RequestVote 接受 term:22 candidateId:2 lastLogIndex:43 lastLogTerm:19 currentTerm:21 status:CANDIDATE
2025/11/03 17:32:11 [17:32:11.047] [Node:4] [INFO] [STATE_CHANGE] CANDIDATE->FOLLOWER term:21 reason:降级成follower
2025/11/03 17:32:11 [17:32:11.048] [Node:4] [RPC_RECV] [Trace:ELEC_2_22][2->4] 投票信息 votedFor:-1 lastLogTerm:19 lastLogIndex:35
2025/11/03 17:32:11 [17:32:11.048] [Node:4] [RPC_RECV] [Trace:ELEC_2_22][2->4] 投票给 candidate:2 term:22
2025/11/03 17:32:11 [17:32:11.051] [Node:4] [RPC_RECV] [Trace:CLIENT_4_1762162331051668000] 接收到日志命令:8852 isLeader:false term:22
2025/11/03 17:32:11 [17:32:11.059] [Node:4] [RPC_RECV] [Trace:CLIENT_4_1762162331059155000] 接收到日志命令:123 isLeader:false term:22
2025/11/03 17:32:11 [17:32:11.071] [Node:4] [HEARTBEAT] [Trace:HB_4_22] Follower等心跳 status FOLLOWER term:22 commitIndex:24
2025/11/03 17:32:11 [17:32:11.076] [Node:4] [RPC_RECV] [Trace:CLIENT_4_1762162331076885000] 接收到日志命令:7199 isLeader:false term:22
2025/11/03 17:32:11 [17:32:11.081] [Node:4] [RPC_RECV] [Trace:CLIENT_4_1762162331081897000] 接收到日志命令:7002 isLeader:false term:22
2025/11/03 17:32:11 [17:32:11.097] [Node:4] [RPC_RECV] [Trace:CLIENT_4_1762162331097822000] 接收到日志命令:8421 isLeader:false term:22
2025/11/03 17:32:11 [17:32:11.109] [Node:4] [RPC_RECV] [Trace:CLIENT_4_1762162331109375000] 接收到日志命令:8428 isLeader:false term:22
2025/11/03 17:32:11 [17:32:11.122] [Node:4] [RPC_RECV] [Trace:CLIENT_4_1762162331122941000] 接收到日志命令:6642 isLeader:false term:22
2025/11/03 17:32:11 [17:32:11.172] [Node:4] [HEARTBEAT] [Trace:HB_4_22] Follower等心跳 status FOLLOWER term:22 commitIndex:24
2025/11/03 17:32:11 [17:32:11.273] [Node:4] [HEARTBEAT] [Trace:HB_4_22] Follower等心跳 status FOLLOWER term:22 commitIndex:24
2025/11/03 17:32:11 [17:32:11.288] [Node:4] [RPC_RECV] [Trace:ELEC_1_23][1->4] RequestVote 接受 term:23 candidateId:1 lastLogIndex:2 lastLogTerm:4 currentTerm:22 status:FOLLOWER
2025/11/03 17:32:11 [17:32:11.288] [Node:4] [INFO] [STATE_CHANGE] FOLLOWER->FOLLOWER term:22 reason:降级成follower
2025/11/03 17:32:11 [17:32:11.289] [Node:4] [RPC_RECV] [Trace:ELEC_1_23][1->4] 投票信息 votedFor:-1 lastLogTerm:19 lastLogIndex:35
2025/11/03 17:32:11 [17:32:11.289] [Node:4] [RPC_RECV] [Trace:ELEC_1_23][1->4] 投票失败兜底 candidate:1 term:23
2025/11/03 17:32:11 [17:32:11.323] [Node:4] [INFO] [STATE_CHANGE] FOLLOWER->FOLLOWER term:23 reason:变成Candidate
2025/11/03 17:32:11 [17:32:11.323] [Node:4] [TIMER_EVENT] [Trace:TIMER_4] 超时选举 since:274.342834ms threshold:234.328224ms
2025/11/03 17:32:11 [17:32:11.323] [Node:4] [RPC_SEND] [Trace:ELEC_4_24] 发送选举请求
2025/11/03 17:32:11 [17:32:11.323] [Node:4] [RPC_SEND] [Trace:ELEC_4_24] 发送选举请求
2025/11/03 17:32:11 [17:32:11.324] [Node:4] [RPC_SEND] [Trace:ELEC_4_24] 发送选举请求
2025/11/03 17:32:11 [17:32:11.323] [Node:4] [RPC_SEND] [Trace:ELEC_4_24] 发送选举请求
2025/11/03 17:32:11 [17:32:11.341] [Node:4] [RPC_RECV] [Trace:ELEC_2_25][2->4] RequestVote 接受 term:25 candidateId:2 lastLogIndex:43 lastLogTerm:19 currentTerm:24 status:CANDIDATE
2025/11/03 17:32:11 [17:32:11.342] [Node:4] [INFO] [STATE_CHANGE] CANDIDATE->FOLLOWER term:24 reason:降级成follower
2025/11/03 17:32:11 [17:32:11.344] [Node:4] [RPC_RECV] [Trace:ELEC_2_25][2->4] 投票信息 votedFor:-1 lastLogTerm:19 lastLogIndex:35
2025/11/03 17:32:11 [17:32:11.345] [Node:4] [RPC_RECV] [Trace:ELEC_2_25][2->4] 投票给 candidate:2 term:25
2025/11/03 17:32:11 [17:32:11.376] [Node:4] [HEARTBEAT] [Trace:HB_4_25] Follower等心跳 status FOLLOWER term:25 commitIndex:24
2025/11/03 17:32:11 [17:32:11.477] [Node:4] [HEARTBEAT] [Trace:HB_4_25] Follower等心跳 status FOLLOWER term:25 commitIndex:24
2025/11/03 17:32:11 [17:32:11.550] [Node:4] [RPC_RECV] [Trace:CLIENT_4_1762162331550082000] 接收到日志命令:7632 isLeader:false term:25
2025/11/03 17:32:11 [17:32:11.565] [Node:4] [RPC_RECV] [Trace:CLIENT_4_1762162331565400000] 接收到日志命令:7304 isLeader:false term:25
2025/11/03 17:32:11 [17:32:11.578] [Node:4] [HEARTBEAT] [Trace:HB_4_25] Follower等心跳 status FOLLOWER term:25 commitIndex:24
2025/11/03 17:32:11 [17:32:11.580] [Node:4] [RPC_RECV] [Trace:CLIENT_4_1762162331580702000] 接收到日志命令:5512 isLeader:false term:25
2025/11/03 17:32:11 [17:32:11.588] [Node:4] [RPC_SEND] [Trace:ELEC_4_24] 处理投票返回 for term 24 reply:{24 false}
2025/11/03 17:32:11 [17:32:11.590] [Node:4] [RPC_RECV] [Trace:CLIENT_4_1762162331590611000] 接收到日志命令:7319 isLeader:false term:25
2025/11/03 17:32:11 [17:32:11.602] [Node:4] [RPC_RECV] [Trace:CLIENT_4_1762162331602720000] 接收到日志命令:3120 isLeader:false term:25
2025/11/03 17:32:11 [17:32:11.612] [Node:4] [RPC_RECV] [Trace:CLIENT_4_1762162331612977000] 接收到日志命令:1892 isLeader:false term:25
2025/11/03 17:32:11 [17:32:11.623] [Node:4] [RPC_RECV] [Trace:CLIENT_4_1762162331623819000] 接收到日志命令:3999 isLeader:false term:25
2025/11/03 17:32:11 [17:32:11.626] [Node:4] [RPC_RECV] [Trace:ELEC_1_26][1->4] RequestVote 接受 term:26 candidateId:1 lastLogIndex:2 lastLogTerm:4 currentTerm:25 status:FOLLOWER
2025/11/03 17:32:11 [17:32:11.626] [Node:4] [INFO] [STATE_CHANGE] FOLLOWER->FOLLOWER term:25 reason:降级成follower
2025/11/03 17:32:11 [17:32:11.626] [Node:4] [RPC_RECV] [Trace:ELEC_1_26][1->4] 投票信息 votedFor:-1 lastLogTerm:19 lastLogIndex:35
2025/11/03 17:32:11 [17:32:11.626] [Node:4] [RPC_RECV] [Trace:ELEC_1_26][1->4] 投票失败兜底 candidate:1 term:26
2025/11/03 17:32:11 [17:32:11.629] [Node:4] [INFO] [STATE_CHANGE] FOLLOWER->FOLLOWER term:26 reason:变成Candidate
2025/11/03 17:32:11 [17:32:11.629] [Node:4] [TIMER_EVENT] [Trace:TIMER_4] 超时选举 since:283.418959ms threshold:245.660175ms
2025/11/03 17:32:11 [17:32:11.630] [Node:4] [RPC_SEND] [Trace:ELEC_4_27] 发送选举请求
2025/11/03 17:32:11 [17:32:11.630] [Node:4] [RPC_SEND] [Trace:ELEC_4_27] 发送选举请求
2025/11/03 17:32:11 [17:32:11.630] [Node:4] [RPC_SEND] [Trace:ELEC_4_27] 发送选举请求
2025/11/03 17:32:11 [17:32:11.630] [Node:4] [RPC_SEND] [Trace:ELEC_4_27] 发送选举请求
2025/11/03 17:32:11 [17:32:11.633] [Node:4] [RPC_RECV] [Trace:CLIENT_4_1762162331633076000] 接收到日志命令:8275 isLeader:false term:27
2025/11/03 17:32:11 [17:32:11.648] [Node:4] [RPC_SEND] [Trace:ELEC_4_27] 处理投票返回 for term 27 reply:{27 false}
2025/11/03 17:32:11 [17:32:11.651] [Node:4] [RPC_RECV] [Trace:CLIENT_4_1762162331651033000] 接收到日志命令:6168 isLeader:false term:27
2025/11/03 17:32:11 [17:32:11.654] [Node:4] [RPC_RECV] [Trace:ELEC_2_27][2->4] RequestVote 接受 term:27 candidateId:2 lastLogIndex:43 lastLogTerm:19 currentTerm:27 status:CANDIDATE
2025/11/03 17:32:11 [17:32:11.654] [Node:4] [RPC_RECV] [Trace:ELEC_2_27][2->4] 投票信息 votedFor:4 lastLogTerm:19 lastLogIndex:35
2025/11/03 17:32:11 [17:32:11.654] [Node:4] [RPC_RECV] [Trace:ELEC_2_27][2->4] 投票失败兜底 candidate:2 term:27
2025/11/03 17:32:11 [17:32:11.662] [Node:4] [RPC_SEND] [Trace:ELEC_4_24] 处理投票返回 for term 24 reply:{24 true}
2025/11/03 17:32:11 [17:32:11.663] [Node:4] [RPC_RECV] [Trace:CLIENT_4_1762162331663054000] 接收到日志命令:7252 isLeader:false term:27
2025/11/03 17:32:11 [17:32:11.666] [Node:4] [RPC_RECV] [Trace:CLIENT_4_1762162331666229000] 接收到日志命令:8961 isLeader:false term:27
2025/11/03 17:32:11 [17:32:11.673] [Node:4] [RPC_RECV] [Trace:CLIENT_4_1762162331673364000] 接收到日志命令:6427 isLeader:false term:27
2025/11/03 17:32:11 [17:32:11.678] [Node:4] [HEARTBEAT] [Trace:HB_4_27] Follower等心跳 status CANDIDATE term:27 commitIndex:24
2025/11/03 17:32:11 [17:32:11.688] [Node:4] [RPC_RECV] [Trace:CLIENT_4_1762162331688636000] 接收到日志命令:8939 isLeader:false term:27
2025/11/03 17:32:11 [17:32:11.696] [Node:4] [RPC_RECV] [Trace:CLIENT_4_1762162331696218000] 接收到日志命令:1710 isLeader:false term:27
2025/11/03 17:32:11 [17:32:11.702] [Node:4] [RPC_RECV] [Trace:CLIENT_4_1762162331702056000] 接收到日志命令:3428 isLeader:false term:27
2025/11/03 17:32:11 [17:32:11.708] [Node:4] [RPC_RECV] [Trace:CLIENT_4_1762162331708149000] 接收到日志命令:7661 isLeader:false term:27
2025/11/03 17:32:11 [17:32:11.715] [Node:4] [RPC_RECV] [Trace:CLIENT_4_1762162331715253000] 接收到日志命令:2323 isLeader:false term:27
2025/11/03 17:32:11 [17:32:11.729] [Node:4] [RPC_RECV] [Trace:CLIENT_4_1762162331729570000] 接收到日志命令:9918 isLeader:false term:27
2025/11/03 17:32:11 [17:32:11.742] [Node:4] [RPC_RECV] [Trace:CLIENT_4_1762162331742070000] 接收到日志命令:6091 isLeader:false term:27
2025/11/03 17:32:11 [17:32:11.755] [Node:4] [RPC_RECV] [Trace:CLIENT_4_1762162331755937000] 接收到日志命令:2267 isLeader:false term:27
2025/11/03 17:32:11 [17:32:11.759] [Node:4] [RPC_RECV] [Trace:CLIENT_4_1762162331759329000] 接收到日志命令:5066 isLeader:false term:27
2025/11/03 17:32:11 [17:32:11.766] [Node:4] [RPC_RECV] [Trace:CLIENT_4_1762162331766054000] 接收到日志命令:4975 isLeader:false term:27
2025/11/03 17:32:11 [17:32:11.770] [Node:4] [RPC_RECV] [Trace:CLIENT_4_1762162331770555000] 接收到日志命令:4312 isLeader:false term:27
2025/11/03 17:32:11 [17:32:11.777] [Node:4] [RPC_RECV] [Trace:CLIENT_4_1762162331777365000] 接收到日志命令:7691 isLeader:false term:27
2025/11/03 17:32:11 [17:32:11.779] [Node:4] [HEARTBEAT] [Trace:HB_4_27] Follower等心跳 status CANDIDATE term:27 commitIndex:24
2025/11/03 17:32:11 [17:32:11.793] [Node:4] [RPC_RECV] [Trace:CLIENT_4_1762162331793124000] 接收到日志命令:1027 isLeader:false term:27
2025/11/03 17:32:11 [17:32:11.798] [Node:4] [RPC_RECV] [Trace:CLIENT_4_1762162331798581000] 接收到日志命令:6331 isLeader:false term:27
2025/11/03 17:32:11 [17:32:11.812] [Node:4] [RPC_RECV] [Trace:CLIENT_4_1762162331812446000] 接收到日志命令:7230 isLeader:false term:27
2025/11/03 17:32:11 [17:32:11.820] [Node:4] [RPC_RECV] [Trace:CLIENT_4_1762162331820108000] 接收到日志命令:6927 isLeader:false term:27
2025/11/03 17:32:11 [17:32:11.826] [Node:4] [RPC_RECV] [Trace:CLIENT_4_1762162331826581000] 接收到日志命令:7816 isLeader:false term:27
2025/11/03 17:32:11 [17:32:11.831] [Node:4] [RPC_RECV] [Trace:CLIENT_4_1762162331831873000] 接收到日志命令:8600 isLeader:false term:27
2025/11/03 17:32:11 [17:32:11.839] [Node:4] [RPC_RECV] [Trace:CLIENT_4_1762162331839091000] 接收到日志命令:7678 isLeader:false term:27
2025/11/03 17:32:11 [17:32:11.842] [Node:4] [RPC_RECV] [Trace:CLIENT_4_1762162331842083000] 接收到日志命令:650 isLeader:false term:27
2025/11/03 17:32:11 [17:32:11.849] [Node:4] [RPC_RECV] [Trace:CLIENT_4_1762162331849725000] 接收到日志命令:5267 isLeader:false term:27
2025/11/03 17:32:11 [17:32:11.854] [Node:4] [RPC_RECV] [Trace:CLIENT_4_1762162331854341000] 接收到日志命令:6250 isLeader:false term:27
2025/11/03 17:32:11 [17:32:11.879] [Node:4] [HEARTBEAT] [Trace:HB_4_27] Follower等心跳 status CANDIDATE term:27 commitIndex:24
2025/11/03 17:32:11 [17:32:11.888] [Node:4] [INFO] [STATE_CHANGE] CANDIDATE->FOLLOWER term:27 reason:变成Candidate
2025/11/03 17:32:11 [17:32:11.888] [Node:4] [TIMER_EVENT] [Trace:TIMER_4] 超时选举 since:258.796375ms threshold:244.728058ms
2025/11/03 17:32:11 [17:32:11.888] [Node:4] [RPC_SEND] [Trace:ELEC_4_28] 发送选举请求
2025/11/03 17:32:11 [17:32:11.888] [Node:4] [RPC_SEND] [Trace:ELEC_4_28] 发送选举请求
2025/11/03 17:32:11 [17:32:11.888] [Node:4] [RPC_SEND] [Trace:ELEC_4_28] 发送选举请求
2025/11/03 17:32:11 [17:32:11.888] [Node:4] [RPC_SEND] [Trace:ELEC_4_28] 发送选举请求
2025/11/03 17:32:11 [17:32:11.973] [Node:4] [RPC_RECV] [Trace:CLIENT_4_1762162331973617000] 接收到日志命令:9557 isLeader:false term:28
2025/11/03 17:32:11 [17:32:11.979] [Node:4] [HEARTBEAT] [Trace:HB_4_28] Follower等心跳 status CANDIDATE term:28 commitIndex:24
2025/11/03 17:32:11 [17:32:11.983] [Node:4] [RPC_RECV] [Trace:CLIENT_4_1762162331983001000] 接收到日志命令:636 isLeader:false term:28
2025/11/03 17:32:11 [17:32:11.988] [Node:4] [RPC_RECV] [Trace:CLIENT_4_1762162331988555000] 接收到日志命令:4288 isLeader:false term:28
2025/11/03 17:32:11 [17:32:11.997] [Node:4] [RPC_RECV] [Trace:CLIENT_4_1762162331997546000] 接收到日志命令:7597 isLeader:false term:28
2025/11/03 17:32:12 [17:32:12.012] [Node:4] [RPC_RECV] [Trace:CLIENT_4_1762162332012046000] 接收到日志命令:4933 isLeader:false term:28
2025/11/03 17:32:12 [17:32:12.026] [Node:4] [RPC_RECV] [Trace:CLIENT_4_1762162332026187000] 接收到日志命令:2056 isLeader:false term:28
2025/11/03 17:32:12 [17:32:12.036] [Node:4] [RPC_RECV] [Trace:ELEC_2_29][2->4] RequestVote 接受 term:29 candidateId:2 lastLogIndex:43 lastLogTerm:19 currentTerm:28 status:CANDIDATE
2025/11/03 17:32:12 [17:32:12.036] [Node:4] [INFO] [STATE_CHANGE] CANDIDATE->FOLLOWER term:28 reason:降级成follower
2025/11/03 17:32:12 [17:32:12.036] [Node:4] [RPC_RECV] [Trace:ELEC_2_29][2->4] 投票信息 votedFor:-1 lastLogTerm:19 lastLogIndex:35
2025/11/03 17:32:12 [17:32:12.036] [Node:4] [RPC_RECV] [Trace:ELEC_2_29][2->4] 投票给 candidate:2 term:29
2025/11/03 17:32:12 [17:32:12.038] [Node:4] [RPC_RECV] [Trace:CLIENT_4_1762162332038334000] 接收到日志命令:3104 isLeader:false term:29
2025/11/03 17:32:12 [17:32:12.043] [Node:4] [RPC_RECV] [Trace:CLIENT_4_1762162332043584000] 接收到日志命令:7538 isLeader:false term:29
2025/11/03 17:32:12 [17:32:12.056] [Node:4] [RPC_RECV] [Trace:CLIENT_4_1762162332056640000] 接收到日志命令:9253 isLeader:false term:29
2025/11/03 17:32:12 [17:32:12.076] [Node:4] [RPC_RECV] [Trace:CLIENT_4_1762162332076213000] 接收到日志命令:1368 isLeader:false term:29
2025/11/03 17:32:12 [17:32:12.081] [Node:4] [HEARTBEAT] [Trace:HB_4_29] Follower等心跳 status FOLLOWER term:29 commitIndex:24
2025/11/03 17:32:12 [17:32:12.088] [Node:4] [RPC_RECV] [Trace:CLIENT_4_1762162332088594000] 接收到日志命令:7053 isLeader:false term:29
2025/11/03 17:32:12 [17:32:12.096] [Node:4] [RPC_RECV] [Trace:CLIENT_4_1762162332095996000] 接收到日志命令:6538 isLeader:false term:29
2025/11/03 17:32:12 [17:32:12.107] [Node:4] [RPC_RECV] [Trace:CLIENT_4_1762162332107847000] 接收到日志命令:6170 isLeader:false term:29
2025/11/03 17:32:12 [17:32:12.113] [Node:4] [RPC_RECV] [Trace:CLIENT_4_1762162332113988000] 接收到日志命令:6225 isLeader:false term:29
2025/11/03 17:32:12 [17:32:12.125] [Node:4] [RPC_RECV] [Trace:CLIENT_4_1762162332125306000] 接收到日志命令:2532 isLeader:false term:29
2025/11/03 17:32:12 [17:32:12.127] [Node:4] [RPC_RECV] [Trace:CLIENT_4_1762162332127728000] 接收到日志命令:2 isLeader:false term:29
2025/11/03 17:32:12 [17:32:12.135] [Node:4] [RPC_RECV] [Trace:CLIENT_4_1762162332135364000] 接收到日志命令:9155 isLeader:false term:29
2025/11/03 17:32:12 [17:32:12.148] [Node:4] [RPC_RECV] [Trace:CLIENT_4_1762162332148787000] 接收到日志命令:6309 isLeader:false term:29
2025/11/03 17:32:12 [17:32:12.164] [Node:4] [RPC_RECV] [Trace:CLIENT_4_1762162332164920000] 接收到日志命令:8411 isLeader:false term:29
2025/11/03 17:32:12 [17:32:12.167] [Node:4] [RPC_RECV] [Trace:CLIENT_4_1762162332167102000] 接收到日志命令:8034 isLeader:false term:29
2025/11/03 17:32:12 [17:32:12.179] [Node:4] [RPC_SEND] [Trace:ELEC_4_28] 处理投票返回 for term 28 reply:{28 false}
2025/11/03 17:32:12 [17:32:12.181] [Node:4] [HEARTBEAT] [Trace:HB_4_29] Follower等心跳 status FOLLOWER term:29 commitIndex:24
2025/11/03 17:32:12 [17:32:12.185] [Node:4] [RPC_RECV] [Trace:CLIENT_4_1762162332185376000] 接收到日志命令:3953 isLeader:false term:29
2025/11/03 17:32:12 [17:32:12.191] [Node:4] [RPC_RECV] [Trace:CLIENT_4_1762162332191829000] 接收到日志命令:7163 isLeader:false term:29
2025/11/03 17:32:12 [17:32:12.206] [Node:4] [RPC_RECV] [Trace:CLIENT_4_1762162332206895000] 接收到日志命令:8589 isLeader:false term:29
2025/11/03 17:32:12 [17:32:12.210] [Node:4] [RPC_SEND] [Trace:ELEC_4_28] 处理投票返回 for term 28 reply:{28 true}
2025/11/03 17:32:12 [17:32:12.215] [Node:4] [RPC_RECV] [Trace:CLIENT_4_1762162332215632000] 接收到日志命令:9876 isLeader:false term:29
2025/11/03 17:32:12 [17:32:12.217] [Node:4] [RPC_RECV] [Trace:CLIENT_4_1762162332217819000] 接收到日志命令:9316 isLeader:false term:29
2025/11/03 17:32:12 [17:32:12.224] [Node:4] [RPC_RECV] [Trace:CLIENT_4_1762162332224265000] 接收到日志命令:1333 isLeader:false term:29
2025/11/03 17:32:12 [17:32:12.274] [Node:4] [RPC_RECV] [Trace:ELEC_2_30][2->4] RequestVote 接受 term:30 candidateId:2 lastLogIndex:43 lastLogTerm:19 currentTerm:29 status:FOLLOWER
2025/11/03 17:32:12 [17:32:12.274] [Node:4] [INFO] [STATE_CHANGE] FOLLOWER->FOLLOWER term:29 reason:降级成follower
2025/11/03 17:32:12 [17:32:12.276] [Node:4] [RPC_RECV] [Trace:ELEC_2_30][2->4] 投票信息 votedFor:-1 lastLogTerm:19 lastLogIndex:35
2025/11/03 17:32:12 [17:32:12.276] [Node:4] [RPC_RECV] [Trace:ELEC_2_30][2->4] 投票给 candidate:2 term:30
2025/11/03 17:32:12 [17:32:12.284] [Node:4] [HEARTBEAT] [Trace:HB_4_30] Follower等心跳 status FOLLOWER term:30 commitIndex:24
2025/11/03 17:32:12 [17:32:12.301] [Node:4] [RPC_RECV] [Trace:ELEC_1_30][1->4] RequestVote 接受 term:30 candidateId:1 lastLogIndex:2 lastLogTerm:4 currentTerm:30 status:FOLLOWER
2025/11/03 17:32:12 [17:32:12.301] [Node:4] [RPC_RECV] [Trace:ELEC_1_30][1->4] 投票信息 votedFor:2 lastLogTerm:19 lastLogIndex:35
2025/11/03 17:32:12 [17:32:12.301] [Node:4] [RPC_RECV] [Trace:ELEC_1_30][1->4] 投票失败兜底 candidate:1 term:30
2025/11/03 17:32:12 [17:32:12.388] [Node:4] [HEARTBEAT] [Trace:HB_4_30] Follower等心跳 status FOLLOWER term:30 commitIndex:24
2025/11/03 17:32:12 [17:32:12.478] [Node:4] [RPC_RECV] [Trace:CLIENT_4_1762162332478602000] 接收到日志命令:4885 isLeader:false term:30
2025/11/03 17:32:12 [17:32:12.487] [Node:4] [RPC_RECV] [Trace:CLIENT_4_1762162332487824000] 接收到日志命令:6169 isLeader:false term:30
2025/11/03 17:32:12 [17:32:12.488] [Node:4] [HEARTBEAT] [Trace:HB_4_30] Follower等心跳 status FOLLOWER term:30 commitIndex:24
2025/11/03 17:32:12 [17:32:12.493] [Node:4] [RPC_RECV] [Trace:CLIENT_4_1762162332493480000] 接收到日志命令:4271 isLeader:false term:30
2025/11/03 17:32:12 [17:32:12.508] [Node:4] [RPC_RECV] [Trace:CLIENT_4_1762162332508081000] 接收到日志命令:1832 isLeader:false term:30
2025/11/03 17:32:12 [17:32:12.588] [Node:4] [INFO] [STATE_CHANGE] FOLLOWER->FOLLOWER term:30 reason:变成Candidate
2025/11/03 17:32:12 [17:32:12.588] [Node:4] [TIMER_EVENT] [Trace:TIMER_4] 超时选举 since:310.555875ms threshold:301.916537ms
2025/11/03 17:32:12 [17:32:12.589] [Node:4] [RPC_SEND] [Trace:ELEC_4_31] 发送选举请求
2025/11/03 17:32:12 [17:32:12.589] [Node:4] [HEARTBEAT] [Trace:HB_4_31] Follower等心跳 status CANDIDATE term:31 commitIndex:24
2025/11/03 17:32:12 [17:32:12.589] [Node:4] [RPC_SEND] [Trace:ELEC_4_31] 发送选举请求
2025/11/03 17:32:12 [17:32:12.588] [Node:4] [RPC_SEND] [Trace:ELEC_4_31] 发送选举请求
2025/11/03 17:32:12 [17:32:12.588] [Node:4] [RPC_SEND] [Trace:ELEC_4_31] 发送选举请求
2025/11/03 17:32:12 [17:32:12.595] [Node:4] [RPC_RECV] [Trace:ELEC_2_31][2->4] RequestVote 接受 term:31 candidateId:2 lastLogIndex:43 lastLogTerm:19 currentTerm:31 status:CANDIDATE
2025/11/03 17:32:12 [17:32:12.595] [Node:4] [RPC_RECV] [Trace:ELEC_2_31][2->4] 投票信息 votedFor:4 lastLogTerm:19 lastLogIndex:35
2025/11/03 17:32:12 [17:32:12.595] [Node:4] [RPC_RECV] [Trace:ELEC_2_31][2->4] 投票失败兜底 candidate:2 term:31
2025/11/03 17:32:12 [17:32:12.689] [Node:4] [HEARTBEAT] [Trace:HB_4_31] Follower等心跳 status CANDIDATE term:31 commitIndex:24
2025/11/03 17:32:12 [17:32:12.790] [Node:4] [HEARTBEAT] [Trace:HB_4_31] Follower等心跳 status CANDIDATE term:31 commitIndex:24
2025/11/03 17:32:12 [17:32:12.828] [Node:4] [RPC_SEND] [Trace:ELEC_4_31] 处理投票返回 for term 31 reply:{31 false}
2025/11/03 17:32:12 [17:32:12.846] [Node:4] [RPC_RECV] [Trace:ELEC_1_32][1->4] RequestVote 接受 term:32 candidateId:1 lastLogIndex:2 lastLogTerm:4 currentTerm:31 status:CANDIDATE
2025/11/03 17:32:12 [17:32:12.846] [Node:4] [INFO] [STATE_CHANGE] CANDIDATE->FOLLOWER term:31 reason:降级成follower
2025/11/03 17:32:12 [17:32:12.846] [Node:4] [RPC_RECV] [Trace:ELEC_1_32][1->4] 投票信息 votedFor:-1 lastLogTerm:19 lastLogIndex:35
2025/11/03 17:32:12 [17:32:12.846] [Node:4] [RPC_RECV] [Trace:ELEC_1_32][1->4] 投票失败兜底 candidate:1 term:32
2025/11/03 17:32:12 [17:32:12.853] [Node:4] [RPC_RECV] [Trace:ELEC_2_33][2->4] RequestVote 接受 term:33 candidateId:2 lastLogIndex:43 lastLogTerm:19 currentTerm:32 status:FOLLOWER
2025/11/03 17:32:12 [17:32:12.853] [Node:4] [INFO] [STATE_CHANGE] FOLLOWER->FOLLOWER term:32 reason:降级成follower
2025/11/03 17:32:12 [17:32:12.853] [Node:4] [RPC_RECV] [Trace:ELEC_2_33][2->4] 投票信息 votedFor:-1 lastLogTerm:19 lastLogIndex:35
2025/11/03 17:32:12 [17:32:12.853] [Node:4] [RPC_RECV] [Trace:ELEC_2_33][2->4] 投票给 candidate:2 term:33
2025/11/03 17:32:12 [17:32:12.890] [Node:4] [HEARTBEAT] [Trace:HB_4_33] Follower等心跳 status FOLLOWER term:33 commitIndex:24
2025/11/03 17:32:12 [17:32:12.934] [Node:4] [RPC_RECV] [Trace:CLIENT_4_1762162332934779000] 接收到日志命令:7833 isLeader:false term:33
2025/11/03 17:32:12 [17:32:12.950] [Node:4] [RPC_RECV] [Trace:CLIENT_4_1762162332950471000] 接收到日志命令:6393 isLeader:false term:33
2025/11/03 17:32:12 [17:32:12.954] [Node:4] [RPC_RECV] [Trace:CLIENT_4_1762162332954142000] 接收到日志命令:5967 isLeader:false term:33
2025/11/03 17:32:12 [17:32:12.976] [Node:4] [RPC_RECV] [Trace:CLIENT_4_1762162332976137000] 接收到日志命令:5345 isLeader:false term:33
2025/11/03 17:32:12 [17:32:12.991] [Node:4] [HEARTBEAT] [Trace:HB_4_33] Follower等心跳 status FOLLOWER term:33 commitIndex:24
2025/11/03 17:32:13 [17:32:13.057] [Node:4] [RPC_SEND] [Trace:ELEC_4_27] 处理投票返回 for term 27 reply:{27 true}
2025/11/03 17:32:13 [17:32:13.092] [Node:4] [HEARTBEAT] [Trace:HB_4_33] Follower等心跳 status FOLLOWER term:33 commitIndex:24
2025/11/03 17:32:13 [17:32:13.102] [Node:4] [INFO] [STATE_CHANGE] FOLLOWER->FOLLOWER term:33 reason:变成Candidate
2025/11/03 17:32:13 [17:32:13.102] [Node:4] [TIMER_EVENT] [Trace:TIMER_4] 超时选举 since:248.2815ms threshold:227.110077ms
2025/11/03 17:32:13 [17:32:13.102] [Node:4] [RPC_SEND] [Trace:ELEC_4_34] 发送选举请求
2025/11/03 17:32:13 [17:32:13.102] [Node:4] [RPC_SEND] [Trace:ELEC_4_34] 发送选举请求
2025/11/03 17:32:13 [17:32:13.102] [Node:4] [RPC_SEND] [Trace:ELEC_4_34] 发送选举请求
2025/11/03 17:32:13 [17:32:13.102] [Node:4] [RPC_SEND] [Trace:ELEC_4_34] 发送选举请求
2025/11/03 17:32:13 [17:32:13.194] [Node:4] [HEARTBEAT] [Trace:HB_4_34] Follower等心跳 status CANDIDATE term:34 commitIndex:24
2025/11/03 17:32:13 [17:32:13.294] [Node:4] [HEARTBEAT] [Trace:HB_4_34] Follower等心跳 status CANDIDATE term:34 commitIndex:24
2025/11/03 17:32:13 [17:32:13.394] [Node:4] [HEARTBEAT] [Trace:HB_4_34] Follower等心跳 status CANDIDATE term:34 commitIndex:24
2025/11/03 17:32:13 [17:32:13.421] [Node:4] [INFO] [STATE_CHANGE] CANDIDATE->FOLLOWER term:34 reason:变成Candidate
2025/11/03 17:32:13 [17:32:13.421] [Node:4] [TIMER_EVENT] [Trace:TIMER_4] 超时选举 since:319.194333ms threshold:290.292648ms
2025/11/03 17:32:13 [17:32:13.421] [Node:4] [RPC_SEND] [Trace:ELEC_4_35] 发送选举请求
2025/11/03 17:32:13 [17:32:13.422] [Node:4] [RPC_SEND] [Trace:ELEC_4_35] 发送选举请求
2025/11/03 17:32:13 [17:32:13.422] [Node:4] [RPC_SEND] [Trace:ELEC_4_35] 发送选举请求
2025/11/03 17:32:13 [17:32:13.422] [Node:4] [RPC_SEND] [Trace:ELEC_4_35] 发送选举请求
2025/11/03 17:32:13 [17:32:13.430] [Node:4] [RPC_SEND] [Trace:ELEC_4_35] 处理投票返回 for term 35 reply:{35 false}
2025/11/03 17:32:13 [17:32:13.433] [Node:4] [RPC_RECV] [Trace:CLIENT_4_1762162333433128000] 接收到日志命令:6918 isLeader:false term:35
2025/11/03 17:32:13 [17:32:13.446] [Node:4] [RPC_RECV] [Trace:CLIENT_4_1762162333446603000] 接收到日志命令:3074 isLeader:false term:35
2025/11/03 17:32:13 [17:32:13.451] [Node:4] [RPC_RECV] [Trace:ELEC_1_36][1->4] RequestVote 接受 term:36 candidateId:1 lastLogIndex:2 lastLogTerm:4 currentTerm:35 status:CANDIDATE
2025/11/03 17:32:13 [17:32:13.451] [Node:4] [INFO] [STATE_CHANGE] CANDIDATE->FOLLOWER term:35 reason:降级成follower
2025/11/03 17:32:13 [17:32:13.453] [Node:4] [RPC_RECV] [Trace:ELEC_1_36][1->4] 投票信息 votedFor:-1 lastLogTerm:19 lastLogIndex:35
2025/11/03 17:32:13 [17:32:13.453] [Node:4] [RPC_RECV] [Trace:ELEC_1_36][1->4] 投票失败兜底 candidate:1 term:36
2025/11/03 17:32:13 [17:32:13.459] [Node:4] [RPC_RECV] [Trace:CLIENT_4_1762162333459785000] 接收到日志命令:7877 isLeader:false term:36
2025/11/03 17:32:13 [17:32:13.462] [Node:4] [RPC_RECV] [Trace:CLIENT_4_1762162333462436000] 接收到日志命令:8444 isLeader:false term:36
2025/11/03 17:32:13 [17:32:13.471] [Node:4] [RPC_RECV] [Trace:CLIENT_4_1762162333471549000] 接收到日志命令:1858 isLeader:false term:36
2025/11/03 17:32:13 [17:32:13.478] [Node:4] [RPC_RECV] [Trace:CLIENT_4_1762162333478655000] 接收到日志命令:7844 isLeader:false term:36
2025/11/03 17:32:13 [17:32:13.483] [Node:4] [RPC_RECV] [Trace:ELEC_2_37][2->4] RequestVote 接受 term:37 candidateId:2 lastLogIndex:43 lastLogTerm:19 currentTerm:36 status:FOLLOWER
2025/11/03 17:32:13 [17:32:13.484] [Node:4] [INFO] [STATE_CHANGE] FOLLOWER->FOLLOWER term:36 reason:降级成follower
2025/11/03 17:32:13 [17:32:13.484] [Node:4] [RPC_RECV] [Trace:ELEC_2_37][2->4] 投票信息 votedFor:-1 lastLogTerm:19 lastLogIndex:35
2025/11/03 17:32:13 [17:32:13.484] [Node:4] [RPC_RECV] [Trace:ELEC_2_37][2->4] 投票给 candidate:2 term:37
2025/11/03 17:32:13 [17:32:13.495] [Node:4] [HEARTBEAT] [Trace:HB_4_37] Follower等心跳 status FOLLOWER term:37 commitIndex:24
2025/11/03 17:32:13 [17:32:13.498] [Node:4] [RPC_RECV] [Trace:CLIENT_4_1762162333498605000] 接收到日志命令:4455 isLeader:false term:37
2025/11/03 17:32:13 [17:32:13.510] [Node:4] [RPC_RECV] [Trace:CLIENT_4_1762162333510087000] 接收到日志命令:8709 isLeader:false term:37
2025/11/03 17:32:13 [17:32:13.516] [Node:4] [RPC_SEND] [Trace:ELEC_4_34] 处理投票返回 for term 34 reply:{34 true}
2025/11/03 17:32:13 [17:32:13.517] [Node:4] [RPC_RECV] [Trace:CLIENT_4_1762162333517597000] 接收到日志命令:2601 isLeader:false term:37
2025/11/03 17:32:13 [17:32:13.532] [Node:4] [RPC_RECV] [Trace:CLIENT_4_1762162333532532000] 接收到日志命令:3373 isLeader:false term:37
2025/11/03 17:32:13 [17:32:13.550] [Node:4] [RPC_RECV] [Trace:CLIENT_4_1762162333550235000] 接收到日志命令:6758 isLeader:false term:37
2025/11/03 17:32:13 [17:32:13.565] [Node:4] [RPC_RECV] [Trace:CLIENT_4_1762162333565168000] 接收到日志命令:4308 isLeader:false term:37
2025/11/03 17:32:13 [17:32:13.571] [Node:4] [RPC_RECV] [Trace:CLIENT_4_1762162333571940000] 接收到日志命令:3426 isLeader:false term:37
2025/11/03 17:32:13 [17:32:13.588] [Node:4] [RPC_RECV] [Trace:CLIENT_4_1762162333588562000] 接收到日志命令:3542 isLeader:false term:37
2025/11/03 17:32:13 [17:32:13.595] [Node:4] [HEARTBEAT] [Trace:HB_4_37] Follower等心跳 status FOLLOWER term:37 commitIndex:24
2025/11/03 17:32:13 [17:32:13.603] [Node:4] [RPC_RECV] [Trace:CLIENT_4_1762162333603062000] 接收到日志命令:8475 isLeader:false term:37
2025/11/03 17:32:13 [17:32:13.607] [Node:4] [RPC_RECV] [Trace:CLIENT_4_1762162333607513000] 接收到日志命令:7053 isLeader:false term:37
2025/11/03 17:32:13 [17:32:13.619] [Node:4] [RPC_RECV] [Trace:CLIENT_4_1762162333619118000] 接收到日志命令:281 isLeader:false term:37
2025/11/03 17:32:13 [17:32:13.635] [Node:4] [RPC_RECV] [Trace:CLIENT_4_1762162333635566000] 接收到日志命令:9793 isLeader:false term:37
2025/11/03 17:32:13 [17:32:13.644] [Node:4] [RPC_RECV] [Trace:CLIENT_4_1762162333644639000] 接收到日志命令:7773 isLeader:false term:37
2025/11/03 17:32:13 [17:32:13.652] [Node:4] [RPC_RECV] [Trace:CLIENT_4_1762162333652954000] 接收到日志命令:2817 isLeader:false term:37
2025/11/03 17:32:13 [17:32:13.662] [Node:4] [RPC_RECV] [Trace:CLIENT_4_1762162333662020000] 接收到日志命令:6683 isLeader:false term:37
2025/11/03 17:32:13 [17:32:13.675] [Node:4] [RPC_RECV] [Trace:CLIENT_4_1762162333675826000] 接收到日志命令:5375 isLeader:false term:37
2025/11/03 17:32:13 [17:32:13.692] [Node:4] [RPC_RECV] [Trace:CLIENT_4_1762162333692147000] 接收到日志命令:2973 isLeader:false term:37
2025/11/03 17:32:13 [17:32:13.695] [Node:4] [HEARTBEAT] [Trace:HB_4_37] Follower等心跳 status FOLLOWER term:37 commitIndex:24
2025/11/03 17:32:13 [17:32:13.705] [Node:4] [RPC_RECV] [Trace:CLIENT_4_1762162333705626000] 接收到日志命令:5890 isLeader:false term:37
2025/11/03 17:32:13 [17:32:13.711] [Node:4] [RPC_RECV] [Trace:CLIENT_4_1762162333711518000] 接收到日志命令:363 isLeader:false term:37
2025/11/03 17:32:13 [17:32:13.726] [Node:4] [RPC_RECV] [Trace:CLIENT_4_1762162333726955000] 接收到日志命令:7931 isLeader:false term:37
2025/11/03 17:32:13 [17:32:13.739] [Node:4] [RPC_RECV] [Trace:CLIENT_4_1762162333739242000] 接收到日志命令:9403 isLeader:false term:37
2025/11/03 17:32:13 [17:32:13.751] [Node:4] [RPC_RECV] [Trace:CLIENT_4_1762162333751958000] 接收到日志命令:3470 isLeader:false term:37
2025/11/03 17:32:13 [17:32:13.762] [Node:4] [RPC_RECV] [Trace:ELEC_2_38][2->4] RequestVote 接受 term:38 candidateId:2 lastLogIndex:43 lastLogTerm:19 currentTerm:37 status:FOLLOWER
2025/11/03 17:32:13 [17:32:13.762] [Node:4] [INFO] [STATE_CHANGE] FOLLOWER->FOLLOWER term:37 reason:降级成follower
2025/11/03 17:32:13 [17:32:13.763] [Node:4] [RPC_RECV] [Trace:ELEC_2_38][2->4] 投票信息 votedFor:-1 lastLogTerm:19 lastLogIndex:35
2025/11/03 17:32:13 [17:32:13.763] [Node:4] [RPC_RECV] [Trace:ELEC_2_38][2->4] 投票给 candidate:2 term:38
2025/11/03 17:32:13 [17:32:13.766] [Node:4] [RPC_RECV] [Trace:CLIENT_4_1762162333766613000] 接收到日志命令:711 isLeader:false term:38
2025/11/03 17:32:13 [17:32:13.783] [Node:4] [RPC_RECV] [Trace:CLIENT_4_1762162333783654000] 接收到日志命令:8385 isLeader:false term:38
2025/11/03 17:32:13 [17:32:13.791] [Node:4] [RPC_RECV] [Trace:CLIENT_4_1762162333791224000] 接收到日志命令:5121 isLeader:false term:38
2025/11/03 17:32:13 [17:32:13.795] [Node:4] [HEARTBEAT] [Trace:HB_4_38] Follower等心跳 status FOLLOWER term:38 commitIndex:24
2025/11/03 17:32:13 [17:32:13.802] [Node:4] [RPC_RECV] [Trace:CLIENT_4_1762162333802327000] 接收到日志命令:4658 isLeader:false term:38
2025/11/03 17:32:13 [17:32:13.816] [Node:4] [RPC_RECV] [Trace:CLIENT_4_1762162333816237000] 接收到日志命令:6542 isLeader:false term:38
2025/11/03 17:32:13 [17:32:13.819] [Node:4] [RPC_RECV] [Trace:CLIENT_4_1762162333819757000] 接收到日志命令:7029 isLeader:false term:38
2025/11/03 17:32:13 [17:32:13.833] [Node:4] [RPC_RECV] [Trace:CLIENT_4_1762162333833017000] 接收到日志命令:9031 isLeader:false term:38
2025/11/03 17:32:13 [17:32:13.848] [Node:4] [RPC_RECV] [Trace:CLIENT_4_1762162333848023000] 接收到日志命令:6060 isLeader:false term:38
2025/11/03 17:32:13 [17:32:13.861] [Node:4] [RPC_RECV] [Trace:CLIENT_4_1762162333861077000] 接收到日志命令:6313 isLeader:false term:38
2025/11/03 17:32:13 [17:32:13.874] [Node:4] [RPC_RECV] [Trace:CLIENT_4_1762162333874377000] 接收到日志命令:9570 isLeader:false term:38
2025/11/03 17:32:13 [17:32:13.882] [Node:4] [RPC_RECV] [Trace:CLIENT_4_1762162333882707000] 接收到日志命令:9 isLeader:false term:38
2025/11/03 17:32:13 [17:32:13.896] [Node:4] [HEARTBEAT] [Trace:HB_4_38] Follower等心跳 status FOLLOWER term:38 commitIndex:24
2025/11/03 17:32:13 [17:32:13.898] [Node:4] [RPC_RECV] [Trace:CLIENT_4_1762162333898670000] 接收到日志命令:7821 isLeader:false term:38
2025/11/03 17:32:13 [17:32:13.912] [Node:4] [RPC_RECV] [Trace:CLIENT_4_1762162333912552000] 接收到日志命令:57 isLeader:false term:38
2025/11/03 17:32:13 [17:32:13.918] [Node:4] [RPC_RECV] [Trace:CLIENT_4_1762162333918750000] 接收到日志命令:2934 isLeader:false term:38
2025/11/03 17:32:13 [17:32:13.923] [Node:4] [RPC_RECV] [Trace:CLIENT_4_1762162333923771000] 接收到日志命令:9167 isLeader:false term:38
2025/11/03 17:32:13 [17:32:13.933] [Node:4] [RPC_RECV] [Trace:CLIENT_4_1762162333933691000] 接收到日志命令:8234 isLeader:false term:38
2025/11/03 17:32:13 [17:32:13.959] [Node:4] [RPC_SEND] [Trace:ELEC_4_35] 处理投票返回 for term 35 reply:{35 false}
2025/11/03 17:32:13 [17:32:13.996] [Node:4] [HEARTBEAT] [Trace:HB_4_38] Follower等心跳 status FOLLOWER term:38 commitIndex:24
2025/11/03 17:32:14 [17:32:14.035] [Node:4] [RPC_RECV] [Trace:ELEC_2_39][2->4] RequestVote 接受 term:39 candidateId:2 lastLogIndex:43 lastLogTerm:19 currentTerm:38 status:FOLLOWER
2025/11/03 17:32:14 [17:32:14.035] [Node:4] [INFO] [STATE_CHANGE] FOLLOWER->FOLLOWER term:38 reason:降级成follower
2025/11/03 17:32:14 [17:32:14.036] [Node:4] [RPC_RECV] [Trace:ELEC_2_39][2->4] 投票信息 votedFor:-1 lastLogTerm:19 lastLogIndex:35
2025/11/03 17:32:14 [17:32:14.036] [Node:4] [RPC_RECV] [Trace:ELEC_2_39][2->4] 投票给 candidate:2 term:39
2025/11/03 17:32:14 [17:32:14.059] [Node:4] [RPC_RECV] [Trace:ELEC_1_39][1->4] RequestVote 接受 term:39 candidateId:1 lastLogIndex:2 lastLogTerm:4 currentTerm:39 status:FOLLOWER
2025/11/03 17:32:14 [17:32:14.059] [Node:4] [RPC_RECV] [Trace:ELEC_1_39][1->4] 投票信息 votedFor:2 lastLogTerm:19 lastLogIndex:35
2025/11/03 17:32:14 [17:32:14.059] [Node:4] [RPC_RECV] [Trace:ELEC_1_39][1->4] 投票失败兜底 candidate:1 term:39
2025/11/03 17:32:14 [17:32:14.097] [Node:4] [HEARTBEAT] [Trace:HB_4_39] Follower等心跳 status FOLLOWER term:39 commitIndex:24
2025/11/03 17:32:14 [17:32:14.200] [Node:4] [HEARTBEAT] [Trace:HB_4_39] Follower等心跳 status FOLLOWER term:39 commitIndex:24
2025/11/03 17:32:14 [17:32:14.238] [Node:4] [RPC_RECV] [Trace:CLIENT_4_1762162334238690000] 接收到日志命令:903 isLeader:false term:39
2025/11/03 17:32:14 [17:32:14.258] [Node:4] [INFO] [STATE_CHANGE] FOLLOWER->FOLLOWER term:39 reason:变成Candidate
2025/11/03 17:32:14 [17:32:14.258] [Node:4] [TIMER_EVENT] [Trace:TIMER_4] 超时选举 since:221.566167ms threshold:212.431741ms
2025/11/03 17:32:14 [17:32:14.258] [Node:4] [RPC_SEND] [Trace:ELEC_4_40] 发送选举请求
2025/11/03 17:32:14 [17:32:14.259] [Node:4] [RPC_SEND] [Trace:ELEC_4_40] 发送选举请求
2025/11/03 17:32:14 [17:32:14.259] [Node:4] [RPC_SEND] [Trace:ELEC_4_40] 发送选举请求
2025/11/03 17:32:14 [17:32:14.259] [Node:4] [RPC_SEND] [Trace:ELEC_4_40] 发送选举请求
2025/11/03 17:32:14 [17:32:14.263] [Node:4] [RPC_SEND] [Trace:ELEC_4_40] 处理投票返回 for term 40 reply:{40 false}
2025/11/03 17:32:14 [17:32:14.301] [Node:4] [HEARTBEAT] [Trace:HB_4_40] Follower等心跳 status CANDIDATE term:40 commitIndex:24
2025/11/03 17:32:14 [17:32:14.319] [Node:4] [RPC_RECV] [Trace:ELEC_2_41][2->4] RequestVote 接受 term:41 candidateId:2 lastLogIndex:43 lastLogTerm:19 currentTerm:40 status:CANDIDATE
2025/11/03 17:32:14 [17:32:14.319] [Node:4] [INFO] [STATE_CHANGE] CANDIDATE->FOLLOWER term:40 reason:降级成follower
2025/11/03 17:32:14 [17:32:14.320] [Node:4] [RPC_RECV] [Trace:ELEC_2_41][2->4] 投票信息 votedFor:-1 lastLogTerm:19 lastLogIndex:35
2025/11/03 17:32:14 [17:32:14.320] [Node:4] [RPC_RECV] [Trace:ELEC_2_41][2->4] 投票给 candidate:2 term:41
2025/11/03 17:32:14 [17:32:14.402] [Node:4] [HEARTBEAT] [Trace:HB_4_41] Follower等心跳 status FOLLOWER term:41 commitIndex:24
2025/11/03 17:32:14 [17:32:14.502] [Node:4] [HEARTBEAT] [Trace:HB_4_41] Follower等心跳 status FOLLOWER term:41 commitIndex:24
2025/11/03 17:32:14 [17:32:14.560] [Node:4] [RPC_RECV] [Trace:ELEC_2_42][2->4] RequestVote 接受 term:42 candidateId:2 lastLogIndex:43 lastLogTerm:19 currentTerm:41 status:FOLLOWER
2025/11/03 17:32:14 [17:32:14.560] [Node:4] [INFO] [STATE_CHANGE] FOLLOWER->FOLLOWER term:41 reason:降级成follower
2025/11/03 17:32:14 [17:32:14.560] [Node:4] [RPC_RECV] [Trace:ELEC_2_42][2->4] 投票信息 votedFor:-1 lastLogTerm:19 lastLogIndex:35
2025/11/03 17:32:14 [17:32:14.560] [Node:4] [RPC_RECV] [Trace:ELEC_2_42][2->4] 投票给 candidate:2 term:42
2025/11/03 17:32:14 [17:32:14.560] [Node:4] [RPC_RECV] [Trace:ELEC_1_42][1->4] RequestVote 接受 term:42 candidateId:1 lastLogIndex:2 lastLogTerm:4 currentTerm:42 status:FOLLOWER
2025/11/03 17:32:14 [17:32:14.561] [Node:4] [RPC_RECV] [Trace:ELEC_1_42][1->4] 投票信息 votedFor:2 lastLogTerm:19 lastLogIndex:35
2025/11/03 17:32:14 [17:32:14.561] [Node:4] [RPC_RECV] [Trace:ELEC_1_42][1->4] 投票失败兜底 candidate:1 term:42
2025/11/03 17:32:14 [17:32:14.561] [Node:4] [RPC_SEND] [Trace:ELEC_4_40] 处理投票返回 for term 40 reply:{40 true}
2025/11/03 17:32:14 [17:32:14.603] [Node:4] [HEARTBEAT] [Trace:HB_4_42] Follower等心跳 status FOLLOWER term:42 commitIndex:24
2025/11/03 17:32:14 [17:32:14.703] [Node:4] [HEARTBEAT] [Trace:HB_4_42] Follower等心跳 status FOLLOWER term:42 commitIndex:24
2025/11/03 17:32:14 [17:32:14.709] [Node:4] [RPC_RECV] [Trace:CLIENT_4_1762162334709728000] 接收到日志命令:2688 isLeader:false term:42
2025/11/03 17:32:14 [17:32:14.716] [Node:4] [RPC_RECV] [Trace:CLIENT_4_1762162334716017000] 接收到日志命令:9788 isLeader:false term:42
2025/11/03 17:32:14 [17:32:14.727] [Node:4] [RPC_RECV] [Trace:CLIENT_4_1762162334727945000] 接收到日志命令:5304 isLeader:false term:42
2025/11/03 17:32:14 [17:32:14.735] [Node:4] [RPC_RECV] [Trace:CLIENT_4_1762162334735908000] 接收到日志命令:3395 isLeader:false term:42
2025/11/03 17:32:14 [17:32:14.747] [Node:4] [RPC_RECV] [Trace:CLIENT_4_1762162334747314000] 接收到日志命令:3310 isLeader:false term:42
2025/11/03 17:32:14 [17:32:14.761] [Node:4] [RPC_RECV] [Trace:CLIENT_4_1762162334761844000] 接收到日志命令:9091 isLeader:false term:42
2025/11/03 17:32:14 [17:32:14.765] [Node:4] [INFO] [STATE_CHANGE] FOLLOWER->FOLLOWER term:42 reason:变成Candidate
2025/11/03 17:32:14 [17:32:14.765] [Node:4] [TIMER_EVENT] [Trace:TIMER_4] 超时选举 since:204.974958ms threshold:200.583021ms
2025/11/03 17:32:14 [17:32:14.766] [Node:4] [RPC_SEND] [Trace:ELEC_4_43] 发送选举请求
2025/11/03 17:32:14 [17:32:14.766] [Node:4] [RPC_SEND] [Trace:ELEC_4_43] 发送选举请求
2025/11/03 17:32:14 [17:32:14.766] [Node:4] [RPC_SEND] [Trace:ELEC_4_43] 发送选举请求
2025/11/03 17:32:14 [17:32:14.765] [Node:4] [RPC_SEND] [Trace:ELEC_4_43] 发送选举请求
2025/11/03 17:32:14 [17:32:14.768] [Node:4] [RPC_RECV] [Trace:CLIENT_4_1762162334768507000] 接收到日志命令:8689 isLeader:false term:43
2025/11/03 17:32:14 [17:32:14.776] [Node:4] [RPC_SEND] [Trace:ELEC_4_43] 处理投票返回 for term 43 reply:{43 true}
2025/11/03 17:32:14 [17:32:14.785] [Node:4] [RPC_RECV] [Trace:CLIENT_4_1762162334785900000] 接收到日志命令:6297 isLeader:false term:43
2025/11/03 17:32:14 [17:32:14.792] [Node:4] [RPC_RECV] [Trace:CLIENT_4_1762162334792095000] 接收到日志命令:4228 isLeader:false term:43
2025/11/03 17:32:14 [17:32:14.798] [Node:4] [RPC_RECV] [Trace:CLIENT_4_1762162334798374000] 接收到日志命令:715 isLeader:false term:43
2025/11/03 17:32:14 [17:32:14.805] [Node:4] [HEARTBEAT] [Trace:HB_4_43] Follower等心跳 status CANDIDATE term:43 commitIndex:24
2025/11/03 17:32:14 [17:32:14.812] [Node:4] [RPC_RECV] [Trace:CLIENT_4_1762162334812820000] 接收到日志命令:4537 isLeader:false term:43
2025/11/03 17:32:14 [17:32:14.815] [Node:4] [RPC_RECV] [Trace:CLIENT_4_1762162334815777000] 接收到日志命令:5492 isLeader:false term:43
2025/11/03 17:32:14 [17:32:14.822] [Node:4] [RPC_RECV] [Trace:CLIENT_4_1762162334822015000] 接收到日志命令:6055 isLeader:false term:43
2025/11/03 17:32:14 [17:32:14.830] [Node:4] [RPC_RECV] [Trace:CLIENT_4_1762162334830749000] 接收到日志命令:1725 isLeader:false term:43
2025/11/03 17:32:14 [17:32:14.844] [Node:4] [RPC_RECV] [Trace:ELEC_2_44][2->4] RequestVote 接受 term:44 candidateId:2 lastLogIndex:43 lastLogTerm:19 currentTerm:43 status:CANDIDATE
2025/11/03 17:32:14 [17:32:14.844] [Node:4] [INFO] [STATE_CHANGE] CANDIDATE->FOLLOWER term:43 reason:降级成follower
2025/11/03 17:32:14 [17:32:14.844] [Node:4] [RPC_RECV] [Trace:ELEC_2_44][2->4] 投票信息 votedFor:-1 lastLogTerm:19 lastLogIndex:35
2025/11/03 17:32:14 [17:32:14.844] [Node:4] [RPC_RECV] [Trace:ELEC_2_44][2->4] 投票给 candidate:2 term:44
2025/11/03 17:32:14 [17:32:14.846] [Node:4] [RPC_RECV] [Trace:CLIENT_4_1762162334846216000] 接收到日志命令:8449 isLeader:false term:44
2025/11/03 17:32:14 [17:32:14.908] [Node:4] [HEARTBEAT] [Trace:HB_4_44] Follower等心跳 status FOLLOWER term:44 commitIndex:24
2025/11/03 17:32:15 [17:32:15.009] [Node:4] [HEARTBEAT] [Trace:HB_4_44] Follower等心跳 status FOLLOWER term:44 commitIndex:24
2025/11/03 17:32:15 [17:32:15.065] [Node:4] [RPC_SEND] [Trace:ELEC_4_43] 处理投票返回 for term 43 reply:{43 false}
2025/11/03 17:32:15 [17:32:15.098] [Node:4] [RPC_RECV] [Trace:ELEC_2_45][2->4] RequestVote 接受 term:45 candidateId:2 lastLogIndex:43 lastLogTerm:19 currentTerm:44 status:FOLLOWER
2025/11/03 17:32:15 [17:32:15.098] [Node:4] [INFO] [STATE_CHANGE] FOLLOWER->FOLLOWER term:44 reason:降级成follower
2025/11/03 17:32:15 [17:32:15.099] [Node:4] [RPC_RECV] [Trace:ELEC_2_45][2->4] 投票信息 votedFor:-1 lastLogTerm:19 lastLogIndex:35
2025/11/03 17:32:15 [17:32:15.099] [Node:4] [RPC_RECV] [Trace:ELEC_2_45][2->4] 投票给 candidate:2 term:45
2025/11/03 17:32:15 [17:32:15.109] [Node:4] [HEARTBEAT] [Trace:HB_4_45] Follower等心跳 status FOLLOWER term:45 commitIndex:24
2025/11/03 17:32:15 [17:32:15.193] [Node:4] [RPC_RECV] [Trace:CLIENT_4_1762162335193818000] 接收到日志命令:3001 isLeader:false term:45
2025/11/03 17:32:15 [17:32:15.208] [Node:4] [RPC_RECV] [Trace:CLIENT_4_1762162335208626000] 接收到日志命令:2571 isLeader:false term:45
2025/11/03 17:32:15 [17:32:15.210] [Node:4] [HEARTBEAT] [Trace:HB_4_45] Follower等心跳 status FOLLOWER term:45 commitIndex:24
2025/11/03 17:32:15 [17:32:15.222] [Node:4] [RPC_RECV] [Trace:CLIENT_4_1762162335222619000] 接收到日志命令:2939 isLeader:false term:45
2025/11/03 17:32:15 [17:32:15.238] [Node:4] [RPC_RECV] [Trace:CLIENT_4_1762162335238326000] 接收到日志命令:290 isLeader:false term:45
2025/11/03 17:32:15 [17:32:15.241] [Node:4] [RPC_RECV] [Trace:ELEC_1_45][1->4] RequestVote 接受 term:45 candidateId:1 lastLogIndex:2 lastLogTerm:4 currentTerm:45 status:FOLLOWER
2025/11/03 17:32:15 [17:32:15.241] [Node:4] [RPC_RECV] [Trace:ELEC_1_45][1->4] 投票信息 votedFor:2 lastLogTerm:19 lastLogIndex:35
2025/11/03 17:32:15 [17:32:15.241] [Node:4] [RPC_RECV] [Trace:ELEC_1_45][1->4] 投票失败兜底 candidate:1 term:45
2025/11/03 17:32:15 [17:32:15.247] [Node:4] [RPC_RECV] [Trace:CLIENT_4_1762162335247418000] 接收到日志命令:6523 isLeader:false term:45
2025/11/03 17:32:15 [17:32:15.255] [Node:4] [RPC_RECV] [Trace:CLIENT_4_1762162335255624000] 接收到日志命令:2282 isLeader:false term:45
2025/11/03 17:32:15 [17:32:15.260] [Node:4] [RPC_RECV] [Trace:CLIENT_4_1762162335260834000] 接收到日志命令:5493 isLeader:false term:45
2025/11/03 17:32:15 [17:32:15.268] [Node:4] [RPC_RECV] [Trace:CLIENT_4_1762162335268281000] 接收到日志命令:5853 isLeader:false term:45
2025/11/03 17:32:15 [17:32:15.279] [Node:4] [RPC_RECV] [Trace:CLIENT_4_1762162335279989000] 接收到日志命令:5063 isLeader:false term:45
2025/11/03 17:32:15 [17:32:15.282] [Node:4] [RPC_RECV] [Trace:CLIENT_4_1762162335282956000] 接收到日志命令:9241 isLeader:false term:45
2025/11/03 17:32:15 [17:32:15.310] [Node:4] [HEARTBEAT] [Trace:HB_4_45] Follower等心跳 status FOLLOWER term:45 commitIndex:24
2025/11/03 17:32:15 [17:32:15.399] [Node:4] [RPC_RECV] [Trace:ELEC_2_46][2->4] RequestVote 接受 term:46 candidateId:2 lastLogIndex:43 lastLogTerm:19 currentTerm:45 status:FOLLOWER
2025/11/03 17:32:15 [17:32:15.399] [Node:4] [INFO] [STATE_CHANGE] FOLLOWER->FOLLOWER term:45 reason:降级成follower
2025/11/03 17:32:15 [17:32:15.400] [Node:4] [RPC_RECV] [Trace:ELEC_2_46][2->4] 投票信息 votedFor:-1 lastLogTerm:19 lastLogIndex:35
2025/11/03 17:32:15 [17:32:15.400] [Node:4] [RPC_RECV] [Trace:ELEC_2_46][2->4] 投票给 candidate:2 term:46
2025/11/03 17:32:15 [17:32:15.411] [Node:4] [HEARTBEAT] [Trace:HB_4_46] Follower等心跳 status FOLLOWER term:46 commitIndex:24
2025/11/03 17:32:15 [17:32:15.460] [Node:4] [RPC_RECV] [Trace:CLIENT_4_1762162335460001000] 接收到日志命令:2349 isLeader:false term:46
2025/11/03 17:32:15 [17:32:15.463] [Node:4] [RPC_RECV] [Trace:CLIENT_4_1762162335463838000] 接收到日志命令:9325 isLeader:false term:46
2025/11/03 17:32:15 [17:32:15.467] [Node:4] [RPC_RECV] [Trace:CLIENT_4_1762162335467730000] 接收到日志命令:9401 isLeader:false term:46
2025/11/03 17:32:15 [17:32:15.481] [Node:4] [RPC_RECV] [Trace:CLIENT_4_1762162335481623000] 接收到日志命令:2113 isLeader:false term:46
2025/11/03 17:32:15 [17:32:15.487] [Node:4] [RPC_RECV] [Trace:CLIENT_4_1762162335487096000] 接收到日志命令:2015 isLeader:false term:46
2025/11/03 17:32:15 [17:32:15.499] [Node:4] [RPC_RECV] [Trace:CLIENT_4_1762162335499700000] 接收到日志命令:5030 isLeader:false term:46
2025/11/03 17:32:15 [17:32:15.505] [Node:4] [RPC_RECV] [Trace:CLIENT_4_1762162335505643000] 接收到日志命令:870 isLeader:false term:46
2025/11/03 17:32:15 [17:32:15.511] [Node:4] [HEARTBEAT] [Trace:HB_4_46] Follower等心跳 status FOLLOWER term:46 commitIndex:24
2025/11/03 17:32:15 [17:32:15.520] [Node:4] [RPC_RECV] [Trace:CLIENT_4_1762162335520004000] 接收到日志命令:6558 isLeader:false term:46
2025/11/03 17:32:15 [17:32:15.535] [Node:4] [RPC_RECV] [Trace:CLIENT_4_1762162335535799000] 接收到日志命令:9064 isLeader:false term:46
2025/11/03 17:32:15 [17:32:15.551] [Node:4] [RPC_RECV] [Trace:CLIENT_4_1762162335551690000] 接收到日志命令:9537 isLeader:false term:46
2025/11/03 17:32:15 [17:32:15.563] [Node:4] [RPC_RECV] [Trace:CLIENT_4_1762162335563086000] 接收到日志命令:4965 isLeader:false term:46
2025/11/03 17:32:15 [17:32:15.580] [Node:4] [RPC_RECV] [Trace:CLIENT_4_1762162335580806000] 接收到日志命令:8949 isLeader:false term:46
2025/11/03 17:32:15 [17:32:15.612] [Node:4] [HEARTBEAT] [Trace:HB_4_46] Follower等心跳 status FOLLOWER term:46 commitIndex:24
2025/11/03 17:32:15 [17:32:15.652] [Node:4] [INFO] [STATE_CHANGE] FOLLOWER->FOLLOWER term:46 reason:变成Candidate
2025/11/03 17:32:15 [17:32:15.653] [Node:4] [TIMER_EVENT] [Trace:TIMER_4] 超时选举 since:251.546541ms threshold:250.266144ms
2025/11/03 17:32:15 [17:32:15.653] [Node:4] [RPC_SEND] [Trace:ELEC_4_47] 发送选举请求
2025/11/03 17:32:15 [17:32:15.653] [Node:4] [RPC_SEND] [Trace:ELEC_4_47] 发送选举请求
2025/11/03 17:32:15 [17:32:15.653] [Node:4] [RPC_SEND] [Trace:ELEC_4_47] 发送选举请求
2025/11/03 17:32:15 [17:32:15.653] [Node:4] [RPC_SEND] [Trace:ELEC_4_47] 发送选举请求
2025/11/03 17:32:15 [17:32:15.713] [Node:4] [HEARTBEAT] [Trace:HB_4_47] Follower等心跳 status CANDIDATE term:47 commitIndex:24
2025/11/03 17:32:15 [17:32:15.729] [Node:4] [RPC_RECV] [Trace:ELEC_2_47][2->4] RequestVote 接受 term:47 candidateId:2 lastLogIndex:43 lastLogTerm:19 currentTerm:47 status:CANDIDATE
2025/11/03 17:32:15 [17:32:15.729] [Node:4] [RPC_RECV] [Trace:ELEC_2_47][2->4] 投票信息 votedFor:4 lastLogTerm:19 lastLogIndex:35
2025/11/03 17:32:15 [17:32:15.729] [Node:4] [RPC_RECV] [Trace:ELEC_2_47][2->4] 投票失败兜底 candidate:2 term:47
2025/11/03 17:32:15 [17:32:15.813] [Node:4] [HEARTBEAT] [Trace:HB_4_47] Follower等心跳 status CANDIDATE term:47 commitIndex:24
2025/11/03 17:32:15 [17:32:15.922] [Node:4] [HEARTBEAT] [Trace:HB_4_47] Follower等心跳 status CANDIDATE term:47 commitIndex:24
2025/11/03 17:32:15 [17:32:15.929] [Node:4] [RPC_RECV] [Trace:CLIENT_4_1762162335929389000] 接收到日志命令:4599 isLeader:false term:47
2025/11/03 17:32:16 [17:32:16.015] [Node:4] [INFO] [STATE_CHANGE] CANDIDATE->FOLLOWER term:47 reason:变成Candidate
2025/11/03 17:32:16 [17:32:16.015] [Node:4] [TIMER_EVENT] [Trace:TIMER_4] 超时选举 since:362.4505ms threshold:208.188694ms
2025/11/03 17:32:16 [17:32:16.015] [Node:4] [RPC_SEND] [Trace:ELEC_4_48] 发送选举请求
2025/11/03 17:32:16 [17:32:16.016] [Node:4] [RPC_SEND] [Trace:ELEC_4_48] 发送选举请求
2025/11/03 17:32:16 [17:32:16.016] [Node:4] [RPC_SEND] [Trace:ELEC_4_48] 发送选举请求
2025/11/03 17:32:16 [17:32:16.015] [Node:4] [RPC_SEND] [Trace:ELEC_4_48] 发送选举请求
2025/11/03 17:32:16 [17:32:16.028] [Node:4] [HEARTBEAT] [Trace:HB_4_48] Follower等心跳 status CANDIDATE term:48 commitIndex:24
2025/11/03 17:32:16 [17:32:16.038] [Node:4] [RPC_RECV] [Trace:ELEC_2_48][2->4] RequestVote 接受 term:48 candidateId:2 lastLogIndex:43 lastLogTerm:19 currentTerm:48 status:CANDIDATE
2025/11/03 17:32:16 [17:32:16.038] [Node:4] [RPC_RECV] [Trace:ELEC_2_48][2->4] 投票信息 votedFor:4 lastLogTerm:19 lastLogIndex:35
2025/11/03 17:32:16 [17:32:16.038] [Node:4] [RPC_RECV] [Trace:ELEC_2_48][2->4] 投票失败兜底 candidate:2 term:48
2025/11/03 17:32:16 [17:32:16.044] [Node:4] [RPC_RECV] [Trace:CLIENT_4_1762162336044725000] 接收到日志命令:7767 isLeader:false term:48
2025/11/03 17:32:16 [17:32:16.054] [Node:4] [RPC_RECV] [Trace:CLIENT_4_1762162336054067000] 接收到日志命令:4163 isLeader:false term:48
2025/11/03 17:32:16 [17:32:16.063] [Node:4] [RPC_RECV] [Trace:CLIENT_4_1762162336063853000] 接收到日志命令:9216 isLeader:false term:48
2025/11/03 17:32:16 [17:32:16.074] [Node:4] [RPC_RECV] [Trace:CLIENT_4_1762162336074408000] 接收到日志命令:4348 isLeader:false term:48
2025/11/03 17:32:16 [17:32:16.082] [Node:4] [RPC_RECV] [Trace:CLIENT_4_1762162336082276000] 接收到日志命令:2540 isLeader:false term:48
2025/11/03 17:32:16 [17:32:16.091] [Node:4] [RPC_RECV] [Trace:CLIENT_4_1762162336091455000] 接收到日志命令:941 isLeader:false term:48
2025/11/03 17:32:16 [17:32:16.100] [Node:4] [RPC_RECV] [Trace:CLIENT_4_1762162336100461000] 接收到日志命令:7239 isLeader:false term:48
2025/11/03 17:32:16 [17:32:16.116] [Node:4] [RPC_RECV] [Trace:CLIENT_4_1762162336116153000] 接收到日志命令:2169 isLeader:false term:48
2025/11/03 17:32:16 [17:32:16.128] [Node:4] [HEARTBEAT] [Trace:HB_4_48] Follower等心跳 status CANDIDATE term:48 commitIndex:24
2025/11/03 17:32:16 [17:32:16.129] [Node:4] [RPC_RECV] [Trace:CLIENT_4_1762162336129672000] 接收到日志命令:354 isLeader:false term:48
2025/11/03 17:32:16 [17:32:16.137] [Node:4] [RPC_RECV] [Trace:CLIENT_4_1762162336137172000] 接收到日志命令:2319 isLeader:false term:48
2025/11/03 17:32:16 [17:32:16.143] [Node:4] [RPC_RECV] [Trace:CLIENT_4_1762162336143493000] 接收到日志命令:4271 isLeader:false term:48
2025/11/03 17:32:16 [17:32:16.155] [Node:4] [RPC_RECV] [Trace:CLIENT_4_1762162336155611000] 接收到日志命令:665 isLeader:false term:48
2025/11/03 17:32:16 [17:32:16.170] [Node:4] [RPC_RECV] [Trace:CLIENT_4_1762162336170350000] 接收到日志命令:4334 isLeader:false term:48
2025/11/03 17:32:16 [17:32:16.183] [Node:4] [RPC_RECV] [Trace:CLIENT_4_1762162336183651000] 接收到日志命令:431 isLeader:false term:48
2025/11/03 17:32:16 [17:32:16.229] [Node:4] [HEARTBEAT] [Trace:HB_4_48] Follower等心跳 status CANDIDATE term:48 commitIndex:24
2025/11/03 17:32:16 [17:32:16.247] [Node:4] [RPC_RECV] [Trace:ELEC_1_49][1->4] RequestVote 接受 term:49 candidateId:1 lastLogIndex:2 lastLogTerm:4 currentTerm:48 status:CANDIDATE
2025/11/03 17:32:16 [17:32:16.247] [Node:4] [INFO] [STATE_CHANGE] CANDIDATE->FOLLOWER term:48 reason:降级成follower
2025/11/03 17:32:16 [17:32:16.248] [Node:4] [RPC_RECV] [Trace:ELEC_1_49][1->4] 投票信息 votedFor:-1 lastLogTerm:19 lastLogIndex:35
2025/11/03 17:32:16 [17:32:16.248] [Node:4] [RPC_RECV] [Trace:ELEC_1_49][1->4] 投票失败兜底 candidate:1 term:49
2025/11/03 17:32:16 [17:32:16.288] [Node:4] [RPC_RECV] [Trace:ELEC_2_50][2->4] RequestVote 接受 term:50 candidateId:2 lastLogIndex:43 lastLogTerm:19 currentTerm:49 status:FOLLOWER
2025/11/03 17:32:16 [17:32:16.288] [Node:4] [INFO] [STATE_CHANGE] FOLLOWER->FOLLOWER term:49 reason:降级成follower
2025/11/03 17:32:16 [17:32:16.289] [Node:4] [RPC_RECV] [Trace:ELEC_2_50][2->4] 投票信息 votedFor:-1 lastLogTerm:19 lastLogIndex:35
2025/11/03 17:32:16 [17:32:16.289] [Node:4] [RPC_RECV] [Trace:ELEC_2_50][2->4] 投票给 candidate:2 term:50
2025/11/03 17:32:16 [17:32:16.309] [Node:4] [RPC_SEND] [Trace:ELEC_4_48] 处理投票返回 for term 48 reply:{48 false}
2025/11/03 17:32:16 [17:32:16.330] [Node:4] [HEARTBEAT] [Trace:HB_4_50] Follower等心跳 status FOLLOWER term:50 commitIndex:24
2025/11/03 17:32:16 [17:32:16.430] [Node:4] [HEARTBEAT] [Trace:HB_4_50] Follower等心跳 status FOLLOWER term:50 commitIndex:24
2025/11/03 17:32:16 [17:32:16.457] [Node:4] [RPC_SEND] [Trace:ELEC_4_47] 处理投票返回 for term 47 reply:{47 false}
2025/11/03 17:32:16 [17:32:16.509] [Node:4] [INFO] [STATE_CHANGE] FOLLOWER->FOLLOWER term:50 reason:变成Candidate
2025/11/03 17:32:16 [17:32:16.509] [Node:4] [TIMER_EVENT] [Trace:TIMER_4] 超时选举 since:219.185625ms threshold:208.629272ms
2025/11/03 17:32:16 [17:32:16.509] [Node:4] [RPC_SEND] [Trace:ELEC_4_51] 发送选举请求
2025/11/03 17:32:16 [17:32:16.509] [Node:4] [RPC_SEND] [Trace:ELEC_4_51] 发送选举请求
2025/11/03 17:32:16 [17:32:16.509] [Node:4] [RPC_SEND] [Trace:ELEC_4_51] 发送选举请求
2025/11/03 17:32:16 [17:32:16.510] [Node:4] [RPC_SEND] [Trace:ELEC_4_51] 发送选举请求
2025/11/03 17:32:16 [17:32:16.530] [Node:4] [HEARTBEAT] [Trace:HB_4_51] Follower等心跳 status CANDIDATE term:51 commitIndex:24
2025/11/03 17:32:16 [17:32:16.565] [Node:4] [RPC_RECV] [Trace:CLIENT_4_1762162336565022000] 接收到日志命令:6392 isLeader:false term:51
2025/11/03 17:32:16 [17:32:16.581] [Node:4] [RPC_RECV] [Trace:CLIENT_4_1762162336581239000] 接收到日志命令:7830 isLeader:false term:51
2025/11/03 17:32:16 [17:32:16.587] [Node:4] [RPC_RECV] [Trace:ELEC_1_51][1->4] RequestVote 接受 term:51 candidateId:1 lastLogIndex:2 lastLogTerm:4 currentTerm:51 status:CANDIDATE
2025/11/03 17:32:16 [17:32:16.587] [Node:4] [RPC_RECV] [Trace:ELEC_1_51][1->4] 投票信息 votedFor:4 lastLogTerm:19 lastLogIndex:35
2025/11/03 17:32:16 [17:32:16.587] [Node:4] [RPC_RECV] [Trace:ELEC_1_51][1->4] 投票失败兜底 candidate:1 term:51
2025/11/03 17:32:16 [17:32:16.595] [Node:4] [RPC_RECV] [Trace:CLIENT_4_1762162336595272000] 接收到日志命令:7580 isLeader:false term:51
2025/11/03 17:32:16 [17:32:16.606] [Node:4] [RPC_RECV] [Trace:CLIENT_4_1762162336606184000] 接收到日志命令:2967 isLeader:false term:51
2025/11/03 17:32:16 [17:32:16.612] [Node:4] [RPC_RECV] [Trace:ELEC_2_52][2->4] RequestVote 接受 term:52 candidateId:2 lastLogIndex:43 lastLogTerm:19 currentTerm:51 status:CANDIDATE
2025/11/03 17:32:16 [17:32:16.612] [Node:4] [INFO] [STATE_CHANGE] CANDIDATE->FOLLOWER term:51 reason:降级成follower
2025/11/03 17:32:16 [17:32:16.613] [Node:4] [RPC_RECV] [Trace:ELEC_2_52][2->4] 投票信息 votedFor:-1 lastLogTerm:19 lastLogIndex:35
2025/11/03 17:32:16 [17:32:16.613] [Node:4] [RPC_RECV] [Trace:ELEC_2_52][2->4] 投票给 candidate:2 term:52
2025/11/03 17:32:16 [17:32:16.617] [Node:4] [RPC_RECV] [Trace:CLIENT_4_1762162336617499000] 接收到日志命令:9668 isLeader:false term:52
2025/11/03 17:32:16 [17:32:16.630] [Node:4] [HEARTBEAT] [Trace:HB_4_52] Follower等心跳 status FOLLOWER term:52 commitIndex:24
2025/11/03 17:32:16 [17:32:16.632] [Node:4] [RPC_RECV] [Trace:CLIENT_4_1762162336632520000] 接收到日志命令:5614 isLeader:false term:52
2025/11/03 17:32:16 [17:32:16.651] [Node:4] [RPC_RECV] [Trace:CLIENT_4_1762162336651124000] 接收到日志命令:8839 isLeader:false term:52
2025/11/03 17:32:16 [17:32:16.660] [Node:4] [RPC_RECV] [Trace:CLIENT_4_1762162336660433000] 接收到日志命令:1264 isLeader:false term:52
2025/11/03 17:32:16 [17:32:16.669] [Node:4] [RPC_RECV] [Trace:CLIENT_4_1762162336669928000] 接收到日志命令:6754 isLeader:false term:52
2025/11/03 17:32:16 [17:32:16.683] [Node:4] [RPC_RECV] [Trace:CLIENT_4_1762162336683654000] 接收到日志命令:8913 isLeader:false term:52
2025/11/03 17:32:16 [17:32:16.732] [Node:4] [HEARTBEAT] [Trace:HB_4_52] Follower等心跳 status FOLLOWER term:52 commitIndex:24
2025/11/03 17:32:16 [17:32:16.833] [Node:4] [HEARTBEAT] [Trace:HB_4_52] Follower等心跳 status FOLLOWER term:52 commitIndex:24
2025/11/03 17:32:16 [17:32:16.848] [Node:4] [RPC_SEND] [Trace:ELEC_4_51] 处理投票返回 for term 51 reply:{51 false}
2025/11/03 17:32:16 [17:32:16.855] [Node:4] [RPC_RECV] [Trace:CLIENT_4_1762162336855372000] 接收到日志命令:8684 isLeader:false term:52
2025/11/03 17:32:16 [17:32:16.870] [Node:4] [RPC_RECV] [Trace:CLIENT_4_1762162336870847000] 接收到日志命令:8207 isLeader:false term:52
2025/11/03 17:32:16 [17:32:16.878] [Node:4] [RPC_RECV] [Trace:CLIENT_4_1762162336877999000] 接收到日志命令:4040 isLeader:false term:52
2025/11/03 17:32:16 [17:32:16.880] [Node:4] [RPC_RECV] [Trace:ELEC_1_52][1->4] RequestVote 接受 term:52 candidateId:1 lastLogIndex:2 lastLogTerm:4 currentTerm:52 status:FOLLOWER
2025/11/03 17:32:16 [17:32:16.881] [Node:4] [RPC_RECV] [Trace:ELEC_1_52][1->4] 投票信息 votedFor:2 lastLogTerm:19 lastLogIndex:35
2025/11/03 17:32:16 [17:32:16.881] [Node:4] [RPC_RECV] [Trace:ELEC_1_52][1->4] 投票失败兜底 candidate:1 term:52
2025/11/03 17:32:16 [17:32:16.888] [Node:4] [RPC_RECV] [Trace:CLIENT_4_1762162336887995000] 接收到日志命令:7324 isLeader:false term:52
2025/11/03 17:32:16 [17:32:16.903] [Node:4] [RPC_RECV] [Trace:CLIENT_4_1762162336903674000] 接收到日志命令:950 isLeader:false term:52
2025/11/03 17:32:16 [17:32:16.908] [Node:4] [RPC_RECV] [Trace:CLIENT_4_1762162336908728000] 接收到日志命令:9035 isLeader:false term:52
2025/11/03 17:32:16 [17:32:16.912] [Node:4] [INFO] [STATE_CHANGE] FOLLOWER->FOLLOWER term:52 reason:变成Candidate
2025/11/03 17:32:16 [17:32:16.912] [Node:4] [TIMER_EVENT] [Trace:TIMER_4] 超时选举 since:298.068916ms threshold:201.132429ms
2025/11/03 17:32:16 [17:32:16.912] [Node:4] [RPC_SEND] [Trace:ELEC_4_53] 发送选举请求
2025/11/03 17:32:16 [17:32:16.912] [Node:4] [RPC_SEND] [Trace:ELEC_4_53] 发送选举请求
2025/11/03 17:32:16 [17:32:16.912] [Node:4] [RPC_SEND] [Trace:ELEC_4_53] 发送选举请求
2025/11/03 17:32:16 [17:32:16.912] [Node:4] [RPC_SEND] [Trace:ELEC_4_53] 发送选举请求
2025/11/03 17:32:16 [17:32:16.914] [Node:4] [RPC_RECV] [Trace:CLIENT_4_1762162336914677000] 接收到日志命令:7030 isLeader:false term:53
2025/11/03 17:32:16 [17:32:16.922] [Node:4] [RPC_RECV] [Trace:CLIENT_4_1762162336922764000] 接收到日志命令:8409 isLeader:false term:53
2025/11/03 17:32:16 [17:32:16.928] [Node:4] [RPC_SEND] [Trace:ELEC_4_53] 处理投票返回 for term 53 reply:{53 true}
2025/11/03 17:32:16 [17:32:16.932] [Node:4] [RPC_SEND] [Trace:ELEC_4_53] 处理投票返回 for term 53 reply:{53 false}
2025/11/03 17:32:16 [17:32:16.938] [Node:4] [RPC_RECV] [Trace:CLIENT_4_1762162336938223000] 接收到日志命令:1087 isLeader:false term:53
2025/11/03 17:32:16 [17:32:16.940] [Node:4] [HEARTBEAT] [Trace:HB_4_53] Follower等心跳 status CANDIDATE term:53 commitIndex:24
2025/11/03 17:32:16 [17:32:16.950] [Node:4] [RPC_RECV] [Trace:CLIENT_4_1762162336950263000] 接收到日志命令:5002 isLeader:false term:53
2025/11/03 17:32:16 [17:32:16.964] [Node:4] [RPC_RECV] [Trace:CLIENT_4_1762162336964250000] 接收到日志命令:740 isLeader:false term:53
2025/11/03 17:32:16 [17:32:16.975] [Node:4] [RPC_RECV] [Trace:CLIENT_4_1762162336975101000] 接收到日志命令:6641 isLeader:false term:53
2025/11/03 17:32:16 [17:32:16.976] [Node:4] [RPC_RECV] [Trace:ELEC_2_54][2->4] RequestVote 接受 term:54 candidateId:2 lastLogIndex:43 lastLogTerm:19 currentTerm:53 status:CANDIDATE
2025/11/03 17:32:16 [17:32:16.976] [Node:4] [INFO] [STATE_CHANGE] CANDIDATE->FOLLOWER term:53 reason:降级成follower
2025/11/03 17:32:16 [17:32:16.976] [Node:4] [RPC_RECV] [Trace:ELEC_2_54][2->4] 投票信息 votedFor:-1 lastLogTerm:19 lastLogIndex:35
2025/11/03 17:32:16 [17:32:16.976] [Node:4] [RPC_RECV] [Trace:ELEC_2_54][2->4] 投票给 candidate:2 term:54
2025/11/03 17:32:16 [17:32:16.991] [Node:4] [RPC_RECV] [Trace:CLIENT_4_1762162336991034000] 接收到日志命令:3176 isLeader:false term:54
2025/11/03 17:32:16 [17:32:16.998] [Node:4] [RPC_SEND] [Trace:ELEC_4_48] 处理投票返回 for term 48 reply:{48 false}
2025/11/03 17:32:17 [17:32:17.007] [Node:4] [RPC_RECV] [Trace:CLIENT_4_1762162337007433000] 接收到日志命令:9614 isLeader:false term:54
2025/11/03 17:32:17 [17:32:17.020] [Node:4] [RPC_RECV] [Trace:CLIENT_4_1762162337020648000] 接收到日志命令:1334 isLeader:false term:54
2025/11/03 17:32:17 [17:32:17.030] [Node:4] [RPC_RECV] [Trace:CLIENT_4_1762162337030856000] 接收到日志命令:7693 isLeader:false term:54
2025/11/03 17:32:17 [17:32:17.039] [Node:4] [RPC_RECV] [Trace:CLIENT_4_1762162337039598000] 接收到日志命令:9438 isLeader:false term:54
2025/11/03 17:32:17 [17:32:17.040] [Node:4] [HEARTBEAT] [Trace:HB_4_54] Follower等心跳 status FOLLOWER term:54 commitIndex:24
2025/11/03 17:32:17 [17:32:17.049] [Node:4] [RPC_RECV] [Trace:CLIENT_4_1762162337049168000] 接收到日志命令:5907 isLeader:false term:54
2025/11/03 17:32:17 [17:32:17.140] [Node:4] [HEARTBEAT] [Trace:HB_4_54] Follower等心跳 status FOLLOWER term:54 commitIndex:24
2025/11/03 17:32:17 [17:32:17.185] [Node:4] [RPC_RECV] [Trace:ELEC_1_55][1->4] RequestVote 接受 term:55 candidateId:1 lastLogIndex:2 lastLogTerm:4 currentTerm:54 status:FOLLOWER
2025/11/03 17:32:17 [17:32:17.185] [Node:4] [INFO] [STATE_CHANGE] FOLLOWER->FOLLOWER term:54 reason:降级成follower
2025/11/03 17:32:17 [17:32:17.185] [Node:4] [RPC_RECV] [Trace:ELEC_1_55][1->4] 投票信息 votedFor:-1 lastLogTerm:19 lastLogIndex:35
2025/11/03 17:32:17 [17:32:17.185] [Node:4] [RPC_RECV] [Trace:ELEC_1_55][1->4] 投票失败兜底 candidate:1 term:55
2025/11/03 17:32:17 [17:32:17.205] [Node:4] [INFO] [STATE_CHANGE] FOLLOWER->FOLLOWER term:55 reason:变成Candidate
2025/11/03 17:32:17 [17:32:17.205] [Node:4] [TIMER_EVENT] [Trace:TIMER_4] 超时选举 since:227.953417ms threshold:212.205481ms
2025/11/03 17:32:17 [17:32:17.205] [Node:4] [RPC_SEND] [Trace:ELEC_4_56] 发送选举请求
2025/11/03 17:32:17 [17:32:17.205] [Node:4] [RPC_SEND] [Trace:ELEC_4_56] 发送选举请求
2025/11/03 17:32:17 [17:32:17.205] [Node:4] [RPC_SEND] [Trace:ELEC_4_56] 发送选举请求
2025/11/03 17:32:17 [17:32:17.205] [Node:4] [RPC_SEND] [Trace:ELEC_4_56] 发送选举请求
2025/11/03 17:32:17 [17:32:17.242] [Node:4] [HEARTBEAT] [Trace:HB_4_56] Follower等心跳 status CANDIDATE term:56 commitIndex:24
2025/11/03 17:32:17 [17:32:17.242] [Node:4] [RPC_RECV] [Trace:ELEC_2_56][2->4] RequestVote 接受 term:56 candidateId:2 lastLogIndex:43 lastLogTerm:19 currentTerm:56 status:CANDIDATE
2025/11/03 17:32:17 [17:32:17.242] [Node:4] [RPC_RECV] [Trace:ELEC_2_56][2->4] 投票信息 votedFor:4 lastLogTerm:19 lastLogIndex:35
2025/11/03 17:32:17 [17:32:17.242] [Node:4] [RPC_RECV] [Trace:ELEC_2_56][2->4] 投票失败兜底 candidate:2 term:56
2025/11/03 17:32:17 [17:32:17.342] [Node:4] [HEARTBEAT] [Trace:HB_4_56] Follower等心跳 status CANDIDATE term:56 commitIndex:24
2025/11/03 17:32:17 [17:32:17.428] [Node:4] [INFO] [STATE_CHANGE] CANDIDATE->FOLLOWER term:56 reason:变成Candidate
2025/11/03 17:32:17 [17:32:17.428] [Node:4] [TIMER_EVENT] [Trace:TIMER_4] 超时选举 since:223.236292ms threshold:202.496337ms
2025/11/03 17:32:17 [17:32:17.429] [Node:4] [RPC_SEND] [Trace:ELEC_4_57] 发送选举请求
2025/11/03 17:32:17 [17:32:17.429] [Node:4] [RPC_SEND] [Trace:ELEC_4_57] 发送选举请求
2025/11/03 17:32:17 [17:32:17.429] [Node:4] [RPC_SEND] [Trace:ELEC_4_57] 发送选举请求
2025/11/03 17:32:17 [17:32:17.429] [Node:4] [RPC_SEND] [Trace:ELEC_4_57] 发送选举请求
2025/11/03 17:32:17 [17:32:17.436] [Node:4] [RPC_RECV] [Trace:CLIENT_4_1762162337436849000] 接收到日志命令:3017 isLeader:false term:57
2025/11/03 17:32:17 [17:32:17.442] [Node:4] [HEARTBEAT] [Trace:HB_4_57] Follower等心跳 status CANDIDATE term:57 commitIndex:24
2025/11/03 17:32:17 [17:32:17.444] [Node:4] [RPC_RECV] [Trace:CLIENT_4_1762162337444841000] 接收到日志命令:5437 isLeader:false term:57
2025/11/03 17:32:17 [17:32:17.457] [Node:4] [RPC_RECV] [Trace:CLIENT_4_1762162337457941000] 接收到日志命令:9867 isLeader:false term:57
2025/11/03 17:32:17 [17:32:17.463] [Node:4] [RPC_RECV] [Trace:ELEC_2_58][2->4] RequestVote 接受 term:58 candidateId:2 lastLogIndex:43 lastLogTerm:19 currentTerm:57 status:CANDIDATE
2025/11/03 17:32:17 [17:32:17.463] [Node:4] [INFO] [STATE_CHANGE] CANDIDATE->FOLLOWER term:57 reason:降级成follower
2025/11/03 17:32:17 [17:32:17.464] [Node:4] [RPC_RECV] [Trace:ELEC_2_58][2->4] 投票信息 votedFor:-1 lastLogTerm:19 lastLogIndex:35
2025/11/03 17:32:17 [17:32:17.464] [Node:4] [RPC_RECV] [Trace:ELEC_2_58][2->4] 投票给 candidate:2 term:58
2025/11/03 17:32:17 [17:32:17.465] [Node:4] [RPC_RECV] [Trace:ELEC_1_53][1->4] RequestVote 接受 term:53 candidateId:1 lastLogIndex:2 lastLogTerm:4 currentTerm:58 status:FOLLOWER
2025/11/03 17:32:17 [17:32:17.466] [Node:4] [RPC_RECV] [Trace:CLIENT_4_1762162337466986000] 接收到日志命令:3151 isLeader:false term:58
2025/11/03 17:32:17 [17:32:17.480] [Node:4] [RPC_RECV] [Trace:CLIENT_4_1762162337480550000] 接收到日志命令:1359 isLeader:false term:58
2025/11/03 17:32:17 [17:32:17.498] [Node:4] [RPC_RECV] [Trace:CLIENT_4_1762162337498058000] 接收到日志命令:6615 isLeader:false term:58
2025/11/03 17:32:17 [17:32:17.502] [Node:4] [RPC_RECV] [Trace:CLIENT_4_1762162337502044000] 接收到日志命令:9017 isLeader:false term:58
2025/11/03 17:32:17 [17:32:17.543] [Node:4] [HEARTBEAT] [Trace:HB_4_58] Follower等心跳 status FOLLOWER term:58 commitIndex:24
2025/11/03 17:32:17 [17:32:17.645] [Node:4] [HEARTBEAT] [Trace:HB_4_58] Follower等心跳 status FOLLOWER term:58 commitIndex:24
2025/11/03 17:32:17 [17:32:17.677] [Node:4] [INFO] [STATE_CHANGE] FOLLOWER->FOLLOWER term:58 reason:变成Candidate
2025/11/03 17:32:17 [17:32:17.677] [Node:4] [TIMER_EVENT] [Trace:TIMER_4] 超时选举 since:212.917125ms threshold:211.637349ms
2025/11/03 17:32:17 [17:32:17.677] [Node:4] [RPC_SEND] [Trace:ELEC_4_59] 发送选举请求
2025/11/03 17:32:17 [17:32:17.678] [Node:4] [RPC_SEND] [Trace:ELEC_4_59] 发送选举请求
2025/11/03 17:32:17 [17:32:17.678] [Node:4] [RPC_SEND] [Trace:ELEC_4_59] 发送选举请求
2025/11/03 17:32:17 [17:32:17.678] [Node:4] [RPC_SEND] [Trace:ELEC_4_59] 发送选举请求
2025/11/03 17:32:17 [17:32:17.745] [Node:4] [HEARTBEAT] [Trace:HB_4_59] Follower等心跳 status CANDIDATE term:59 commitIndex:24
2025/11/03 17:32:17 [17:32:17.787] [Node:4] [RPC_RECV] [Trace:ELEC_2_60][2->4] RequestVote 接受 term:60 candidateId:2 lastLogIndex:43 lastLogTerm:19 currentTerm:59 status:CANDIDATE
2025/11/03 17:32:17 [17:32:17.788] [Node:4] [INFO] [STATE_CHANGE] CANDIDATE->FOLLOWER term:59 reason:降级成follower
2025/11/03 17:32:17 [17:32:17.791] [Node:4] [RPC_RECV] [Trace:ELEC_2_60][2->4] 投票信息 votedFor:-1 lastLogTerm:19 lastLogIndex:35
2025/11/03 17:32:17 [17:32:17.791] [Node:4] [RPC_RECV] [Trace:ELEC_2_60][2->4] 投票给 candidate:2 term:60
2025/11/03 17:32:17 [17:32:17.847] [Node:4] [HEARTBEAT] [Trace:HB_4_60] Follower等心跳 status FOLLOWER term:60 commitIndex:24
2025/11/03 17:32:17 [17:32:17.883] [Node:4] [RPC_SEND] [Trace:ELEC_4_57] 处理投票返回 for term 57 reply:{57 false}
2025/11/03 17:32:17 [17:32:17.894] [Node:4] [RPC_SEND] [Trace:ELEC_4_59] 处理投票返回 for term 59 reply:{59 false}
2025/11/03 17:32:17 [17:32:17.947] [Node:4] [HEARTBEAT] [Trace:HB_4_60] Follower等心跳 status FOLLOWER term:60 commitIndex:24
2025/11/03 17:32:17 [17:32:17.989] [Node:4] [RPC_RECV] [Trace:CLIENT_4_1762162337989540000] 接收到日志命令:1057 isLeader:false term:60
2025/11/03 17:32:18 [17:32:18.007] [Node:4] [RPC_RECV] [Trace:CLIENT_4_1762162338007726000] 接收到日志命令:5006 isLeader:false term:60
2025/11/03 17:32:18 [17:32:18.026] [Node:4] [RPC_RECV] [Trace:CLIENT_4_1762162338026743000] 接收到日志命令:3418 isLeader:false term:60
2025/11/03 17:32:18 [17:32:18.040] [Node:4] [RPC_RECV] [Trace:ELEC_1_61][1->4] RequestVote 接受 term:61 candidateId:1 lastLogIndex:2 lastLogTerm:4 currentTerm:60 status:FOLLOWER
2025/11/03 17:32:18 [17:32:18.041] [Node:4] [INFO] [STATE_CHANGE] FOLLOWER->FOLLOWER term:60 reason:降级成follower
2025/11/03 17:32:18 [17:32:18.041] [Node:4] [RPC_RECV] [Trace:ELEC_1_61][1->4] 投票信息 votedFor:-1 lastLogTerm:19 lastLogIndex:35
2025/11/03 17:32:18 [17:32:18.041] [Node:4] [RPC_RECV] [Trace:ELEC_1_61][1->4] 投票失败兜底 candidate:1 term:61
2025/11/03 17:32:18 [17:32:18.043] [Node:4] [RPC_RECV] [Trace:CLIENT_4_1762162338043899000] 接收到日志命令:6511 isLeader:false term:61
2025/11/03 17:32:18 [17:32:18.047] [Node:4] [HEARTBEAT] [Trace:HB_4_61] Follower等心跳 status FOLLOWER term:61 commitIndex:24
2025/11/03 17:32:18 [17:32:18.058] [Node:4] [RPC_RECV] [Trace:CLIENT_4_1762162338058897000] 接收到日志命令:8841 isLeader:false term:61
2025/11/03 17:32:18 [17:32:18.088] [Node:4] [RPC_RECV] [Trace:ELEC_2_62][2->4] RequestVote 接受 term:62 candidateId:2 lastLogIndex:43 lastLogTerm:19 currentTerm:61 status:FOLLOWER
2025/11/03 17:32:18 [17:32:18.088] [Node:4] [INFO] [STATE_CHANGE] FOLLOWER->FOLLOWER term:61 reason:降级成follower
2025/11/03 17:32:18 [17:32:18.088] [Node:4] [RPC_RECV] [Trace:ELEC_2_62][2->4] 投票信息 votedFor:-1 lastLogTerm:19 lastLogIndex:35
2025/11/03 17:32:18 [17:32:18.088] [Node:4] [RPC_RECV] [Trace:ELEC_2_62][2->4] 投票给 candidate:2 term:62
2025/11/03 17:32:18 [17:32:18.148] [Node:4] [HEARTBEAT] [Trace:HB_4_62] Follower等心跳 status FOLLOWER term:62 commitIndex:24
2025/11/03 17:32:18 [17:32:18.160] [Node:4] [RPC_SEND] [Trace:ELEC_4_59] 处理投票返回 for term 59 reply:{59 true}
2025/11/03 17:32:18 [17:32:18.228] [Node:4] [RPC_RECV] [Trace:CLIENT_4_1762162338228436000] 接收到日志命令:5422 isLeader:false term:62
2025/11/03 17:32:18 [17:32:18.242] [Node:4] [RPC_RECV] [Trace:CLIENT_4_1762162338242670000] 接收到日志命令:5860 isLeader:false term:62
2025/11/03 17:32:18 [17:32:18.251] [Node:4] [RPC_RECV] [Trace:CLIENT_4_1762162338251335000] 接收到日志命令:588 isLeader:false term:62
2025/11/03 17:32:18 [17:32:18.251] [Node:4] [HEARTBEAT] [Trace:HB_4_62] Follower等心跳 status FOLLOWER term:62 commitIndex:24
2025/11/03 17:32:18 [17:32:18.260] [Node:4] [RPC_RECV] [Trace:CLIENT_4_1762162338260537000] 接收到日志命令:3749 isLeader:false term:62
2025/11/03 17:32:18 [17:32:18.274] [Node:4] [RPC_RECV] [Trace:CLIENT_4_1762162338274264000] 接收到日志命令:9448 isLeader:false term:62
2025/11/03 17:32:18 [17:32:18.290] [Node:4] [RPC_RECV] [Trace:CLIENT_4_1762162338290974000] 接收到日志命令:5168 isLeader:false term:62
2025/11/03 17:32:18 [17:32:18.298] [Node:4] [RPC_RECV] [Trace:CLIENT_4_1762162338298274000] 接收到日志命令:4051 isLeader:false term:62
2025/11/03 17:32:18 [17:32:18.308] [Node:4] [INFO] [STATE_CHANGE] FOLLOWER->FOLLOWER term:62 reason:变成Candidate
2025/11/03 17:32:18 [17:32:18.308] [Node:4] [TIMER_EVENT] [Trace:TIMER_4] 超时选举 since:219.639708ms threshold:215.556311ms
2025/11/03 17:32:18 [17:32:18.308] [Node:4] [RPC_SEND] [Trace:ELEC_4_63] 发送选举请求
2025/11/03 17:32:18 [17:32:18.308] [Node:4] [RPC_SEND] [Trace:ELEC_4_63] 发送选举请求
2025/11/03 17:32:18 [17:32:18.308] [Node:4] [RPC_SEND] [Trace:ELEC_4_63] 发送选举请求
2025/11/03 17:32:18 [17:32:18.308] [Node:4] [RPC_SEND] [Trace:ELEC_4_63] 发送选举请求
2025/11/03 17:32:18 [17:32:18.309] [Node:4] [RPC_RECV] [Trace:CLIENT_4_1762162338309685000] 接收到日志命令:0 isLeader:false term:63
2025/11/03 17:32:18 [17:32:18.311] [Node:4] [RPC_SEND] [Trace:ELEC_4_63] 处理投票返回 for term 63 reply:{63 true}
2025/11/03 17:32:18 [17:32:18.318] [Node:4] [RPC_RECV] [Trace:CLIENT_4_1762162338318902000] 接收到日志命令:8117 isLeader:false term:63
2025/11/03 17:32:18 [17:32:18.329] [Node:4] [RPC_RECV] [Trace:CLIENT_4_1762162338329211000] 接收到日志命令:2086 isLeader:false term:63
2025/11/03 17:32:18 [17:32:18.333] [Node:4] [RPC_RECV] [Trace:CLIENT_4_1762162338333233000] 接收到日志命令:6136 isLeader:false term:63
2025/11/03 17:32:18 [17:32:18.336] [Node:4] [RPC_SEND] [Trace:ELEC_4_63] 处理投票返回 for term 63 reply:{63 false}
2025/11/03 17:32:18 [17:32:18.349] [Node:4] [RPC_RECV] [Trace:CLIENT_4_1762162338349801000] 接收到日志命令:5260 isLeader:false term:63
2025/11/03 17:32:18 [17:32:18.352] [Node:4] [HEARTBEAT] [Trace:HB_4_63] Follower等心跳 status CANDIDATE term:63 commitIndex:24
2025/11/03 17:32:18 [17:32:18.356] [Node:4] [RPC_RECV] [Trace:CLIENT_4_1762162338356978000] 接收到日志命令:3451 isLeader:false term:63
2025/11/03 17:32:18 [17:32:18.360] [Node:4] [RPC_RECV] [Trace:CLIENT_4_1762162338360763000] 接收到日志命令:9359 isLeader:false term:63
2025/11/03 17:32:18 [17:32:18.375] [Node:4] [RPC_RECV] [Trace:CLIENT_4_1762162338375079000] 接收到日志命令:6528 isLeader:false term:63
2025/11/03 17:32:18 [17:32:18.386] [Node:4] [RPC_RECV] [Trace:ELEC_2_64][2->4] RequestVote 接受 term:64 candidateId:2 lastLogIndex:43 lastLogTerm:19 currentTerm:63 status:CANDIDATE
2025/11/03 17:32:18 [17:32:18.387] [Node:4] [INFO] [STATE_CHANGE] CANDIDATE->FOLLOWER term:63 reason:降级成follower
2025/11/03 17:32:18 [17:32:18.387] [Node:4] [RPC_RECV] [Trace:ELEC_2_64][2->4] 投票信息 votedFor:-1 lastLogTerm:19 lastLogIndex:35
2025/11/03 17:32:18 [17:32:18.387] [Node:4] [RPC_RECV] [Trace:ELEC_2_64][2->4] 投票给 candidate:2 term:64
2025/11/03 17:32:18 [17:32:18.390] [Node:4] [RPC_RECV] [Trace:CLIENT_4_1762162338390685000] 接收到日志命令:4357 isLeader:false term:64
2025/11/03 17:32:18 [17:32:18.404] [Node:4] [RPC_RECV] [Trace:CLIENT_4_1762162338404599000] 接收到日志命令:1214 isLeader:false term:64
2025/11/03 17:32:18 [17:32:18.414] [Node:4] [RPC_RECV] [Trace:CLIENT_4_1762162338414770000] 接收到日志命令:5650 isLeader:false term:64
2025/11/03 17:32:18 [17:32:18.423] [Node:4] [RPC_RECV] [Trace:CLIENT_4_1762162338423146000] 接收到日志命令:7545 isLeader:false term:64
2025/11/03 17:32:18 [17:32:18.435] [Node:4] [RPC_RECV] [Trace:CLIENT_4_1762162338435980000] 接收到日志命令:4721 isLeader:false term:64
2025/11/03 17:32:18 [17:32:18.446] [Node:4] [RPC_RECV] [Trace:CLIENT_4_1762162338446396000] 接收到日志命令:1136 isLeader:false term:64
2025/11/03 17:32:18 [17:32:18.452] [Node:4] [HEARTBEAT] [Trace:HB_4_64] Follower等心跳 status FOLLOWER term:64 commitIndex:24
2025/11/03 17:32:18 [17:32:18.456] [Node:4] [RPC_RECV] [Trace:CLIENT_4_1762162338456792000] 接收到日志命令:5576 isLeader:false term:64
2025/11/03 17:32:18 [17:32:18.466] [Node:4] [RPC_RECV] [Trace:CLIENT_4_1762162338466710000] 接收到日志命令:5260 isLeader:false term:64
2025/11/03 17:32:18 [17:32:18.470] [Node:4] [RPC_RECV] [Trace:CLIENT_4_1762162338470677000] 接收到日志命令:9692 isLeader:false term:64
2025/11/03 17:32:18 [17:32:18.484] [Node:4] [RPC_RECV] [Trace:CLIENT_4_1762162338484628000] 接收到日志命令:5612 isLeader:false term:64
2025/11/03 17:32:18 [17:32:18.493] [Node:4] [RPC_RECV] [Trace:CLIENT_4_1762162338492995000] 接收到日志命令:1425 isLeader:false term:64
2025/11/03 17:32:18 [17:32:18.502] [Node:4] [RPC_RECV] [Trace:CLIENT_4_1762162338502656000] 接收到日志命令:6250 isLeader:false term:64
2025/11/03 17:32:18 [17:32:18.506] [Node:4] [RPC_RECV] [Trace:CLIENT_4_1762162338506740000] 接收到日志命令:8762 isLeader:false term:64
2025/11/03 17:32:18 [17:32:18.520] [Node:4] [RPC_RECV] [Trace:CLIENT_4_1762162338520901000] 接收到日志命令:2452 isLeader:false term:64
2025/11/03 17:32:18 [17:32:18.534] [Node:4] [RPC_RECV] [Trace:CLIENT_4_1762162338534108000] 接收到日志命令:4186 isLeader:false term:64
2025/11/03 17:32:18 [17:32:18.551] [Node:4] [RPC_RECV] [Trace:CLIENT_4_1762162338551212000] 接收到日志命令:9915 isLeader:false term:64
2025/11/03 17:32:18 [17:32:18.552] [Node:4] [HEARTBEAT] [Trace:HB_4_64] Follower等心跳 status FOLLOWER term:64 commitIndex:24
2025/11/03 17:32:18 [17:32:18.562] [Node:4] [RPC_RECV] [Trace:CLIENT_4_1762162338562441000] 接收到日志命令:9654 isLeader:false term:64
2025/11/03 17:32:18 [17:32:18.652] [Node:4] [HEARTBEAT] [Trace:HB_4_64] Follower等心跳 status FOLLOWER term:64 commitIndex:24
2025/11/03 17:32:18 [17:32:18.661] [Node:4] [RPC_RECV] [Trace:ELEC_2_65][2->4] RequestVote 接受 term:65 candidateId:2 lastLogIndex:43 lastLogTerm:19 currentTerm:64 status:FOLLOWER
2025/11/03 17:32:18 [17:32:18.661] [Node:4] [INFO] [STATE_CHANGE] FOLLOWER->FOLLOWER term:64 reason:降级成follower
2025/11/03 17:32:18 [17:32:18.662] [Node:4] [RPC_RECV] [Trace:ELEC_2_65][2->4] 投票信息 votedFor:-1 lastLogTerm:19 lastLogIndex:35
2025/11/03 17:32:18 [17:32:18.662] [Node:4] [RPC_RECV] [Trace:ELEC_2_65][2->4] 投票给 candidate:2 term:65
2025/11/03 17:32:18 [17:32:18.668] [Node:4] [RPC_RECV] [Trace:ELEC_1_65][1->4] RequestVote 接受 term:65 candidateId:1 lastLogIndex:2 lastLogTerm:4 currentTerm:65 status:FOLLOWER
2025/11/03 17:32:18 [17:32:18.668] [Node:4] [RPC_RECV] [Trace:ELEC_1_65][1->4] 投票信息 votedFor:2 lastLogTerm:19 lastLogIndex:35
2025/11/03 17:32:18 [17:32:18.668] [Node:4] [RPC_RECV] [Trace:ELEC_1_65][1->4] 投票失败兜底 candidate:1 term:65
2025/11/03 17:32:18 [17:32:18.718] [Node:4] [RPC_RECV] [Trace:CLIENT_4_1762162338718205000] 接收到日志命令:2232 isLeader:false term:65
2025/11/03 17:32:18 [17:32:18.731] [Node:4] [RPC_RECV] [Trace:CLIENT_4_1762162338731745000] 接收到日志命令:1446 isLeader:false term:65
2025/11/03 17:32:18 [17:32:18.747] [Node:4] [RPC_RECV] [Trace:CLIENT_4_1762162338747335000] 接收到日志命令:2819 isLeader:false term:65
2025/11/03 17:32:18 [17:32:18.753] [Node:4] [HEARTBEAT] [Trace:HB_4_65] Follower等心跳 status FOLLOWER term:65 commitIndex:24
2025/11/03 17:32:18 [17:32:18.759] [Node:4] [RPC_RECV] [Trace:CLIENT_4_1762162338759645000] 接收到日志命令:4491 isLeader:false term:65
2025/11/03 17:32:18 [17:32:18.768] [Node:4] [RPC_RECV] [Trace:CLIENT_4_1762162338768699000] 接收到日志命令:7276 isLeader:false term:65
2025/11/03 17:32:18 [17:32:18.773] [Node:4] [RPC_RECV] [Trace:CLIENT_4_1762162338773408000] 接收到日志命令:3623 isLeader:false term:65
2025/11/03 17:32:18 [17:32:18.789] [Node:4] [RPC_RECV] [Trace:CLIENT_4_1762162338789012000] 接收到日志命令:9796 isLeader:false term:65
2025/11/03 17:32:18 [17:32:18.800] [Node:4] [RPC_RECV] [Trace:CLIENT_4_1762162338800424000] 接收到日志命令:1879 isLeader:false term:65
2025/11/03 17:32:18 [17:32:18.812] [Node:4] [RPC_RECV] [Trace:CLIENT_4_1762162338812830000] 接收到日志命令:7622 isLeader:false term:65
2025/11/03 17:32:18 [17:32:18.821] [Node:4] [RPC_RECV] [Trace:CLIENT_4_1762162338821088000] 接收到日志命令:8716 isLeader:false term:65
2025/11/03 17:32:18 [17:32:18.825] [Node:4] [RPC_RECV] [Trace:CLIENT_4_1762162338825580000] 接收到日志命令:1349 isLeader:false term:65
2025/11/03 17:32:18 [17:32:18.853] [Node:4] [HEARTBEAT] [Trace:HB_4_65] Follower等心跳 status FOLLOWER term:65 commitIndex:24
2025/11/03 17:32:18 [17:32:18.902] [Node:4] [RPC_RECV] [Trace:ELEC_2_66][2->4] RequestVote 接受 term:66 candidateId:2 lastLogIndex:43 lastLogTerm:19 currentTerm:65 status:FOLLOWER
2025/11/03 17:32:18 [17:32:18.902] [Node:4] [INFO] [STATE_CHANGE] FOLLOWER->FOLLOWER term:65 reason:降级成follower
2025/11/03 17:32:18 [17:32:18.902] [Node:4] [RPC_RECV] [Trace:ELEC_2_66][2->4] 投票信息 votedFor:-1 lastLogTerm:19 lastLogIndex:35
2025/11/03 17:32:18 [17:32:18.902] [Node:4] [RPC_RECV] [Trace:ELEC_2_66][2->4] 投票给 candidate:2 term:66
2025/11/03 17:32:18 [17:32:18.932] [Node:4] [RPC_RECV] [Trace:CLIENT_4_1762162338932713000] 接收到日志命令:4908 isLeader:false term:66
2025/11/03 17:32:18 [17:32:18.945] [Node:4] [RPC_RECV] [Trace:CLIENT_4_1762162338945279000] 接收到日志命令:8688 isLeader:false term:66
2025/11/03 17:32:18 [17:32:18.953] [Node:4] [HEARTBEAT] [Trace:HB_4_66] Follower等心跳 status FOLLOWER term:66 commitIndex:24
2025/11/03 17:32:18 [17:32:18.960] [Node:4] [RPC_RECV] [Trace:CLIENT_4_1762162338960244000] 接收到日志命令:759 isLeader:false term:66
2025/11/03 17:32:18 [17:32:18.971] [Node:4] [RPC_RECV] [Trace:CLIENT_4_1762162338971840000] 接收到日志命令:1265 isLeader:false term:66
2025/11/03 17:32:18 [17:32:18.980] [Node:4] [RPC_RECV] [Trace:CLIENT_4_1762162338980043000] 接收到日志命令:9373 isLeader:false term:66
2025/11/03 17:32:18 [17:32:18.991] [Node:4] [RPC_RECV] [Trace:CLIENT_4_1762162338991587000] 接收到日志命令:4965 isLeader:false term:66
2025/11/03 17:32:18 [17:32:18.996] [Node:4] [RPC_RECV] [Trace:CLIENT_4_1762162338996801000] 接收到日志命令:4293 isLeader:false term:66
2025/11/03 17:32:19 [17:32:19.005] [Node:4] [RPC_RECV] [Trace:CLIENT_4_1762162339005915000] 接收到日志命令:9598 isLeader:false term:66
2025/11/03 17:32:19 [17:32:19.022] [Node:4] [RPC_RECV] [Trace:CLIENT_4_1762162339022827000] 接收到日志命令:560 isLeader:false term:66
2025/11/03 17:32:19 [17:32:19.035] [Node:4] [RPC_RECV] [Trace:CLIENT_4_1762162339035731000] 接收到日志命令:6720 isLeader:false term:66
2025/11/03 17:32:19 [17:32:19.048] [Node:4] [RPC_RECV] [Trace:CLIENT_4_1762162339048020000] 接收到日志命令:9027 isLeader:false term:66
2025/11/03 17:32:19 [17:32:19.055] [Node:4] [HEARTBEAT] [Trace:HB_4_66] Follower等心跳 status FOLLOWER term:66 commitIndex:24
2025/11/03 17:32:19 [17:32:19.060] [Node:4] [RPC_RECV] [Trace:CLIENT_4_1762162339060631000] 接收到日志命令:6932 isLeader:false term:66
2025/11/03 17:32:19 [17:32:19.068] [Node:4] [RPC_RECV] [Trace:CLIENT_4_1762162339067996000] 接收到日志命令:159 isLeader:false term:66
2025/11/03 17:32:19 [17:32:19.079] [Node:4] [RPC_RECV] [Trace:CLIENT_4_1762162339079750000] 接收到日志命令:7255 isLeader:false term:66
2025/11/03 17:32:19 [17:32:19.084] [Node:4] [RPC_RECV] [Trace:CLIENT_4_1762162339084420000] 接收到日志命令:3548 isLeader:false term:66
2025/11/03 17:32:19 [17:32:19.095] [Node:4] [RPC_RECV] [Trace:CLIENT_4_1762162339095637000] 接收到日志命令:3293 isLeader:false term:66
2025/11/03 17:32:19 [17:32:19.105] [Node:4] [RPC_RECV] [Trace:CLIENT_4_1762162339105482000] 接收到日志命令:5111 isLeader:false term:66
2025/11/03 17:32:19 [17:32:19.117] [Node:4] [RPC_RECV] [Trace:CLIENT_4_1762162339117588000] 接收到日志命令:6571 isLeader:false term:66
2025/11/03 17:32:19 [17:32:19.126] [Node:4] [RPC_RECV] [Trace:CLIENT_4_1762162339126054000] 接收到日志命令:2037 isLeader:false term:66
2025/11/03 17:32:19 [17:32:19.154] [Node:4] [INFO] [STATE_CHANGE] FOLLOWER->FOLLOWER term:66 reason:变成Candidate
2025/11/03 17:32:19 [17:32:19.154] [Node:4] [TIMER_EVENT] [Trace:TIMER_4] 超时选举 since:251.739125ms threshold:202.396006ms
2025/11/03 17:32:19 [17:32:19.154] [Node:4] [RPC_SEND] [Trace:ELEC_4_67] 发送选举请求
2025/11/03 17:32:19 [17:32:19.154] [Node:4] [RPC_SEND] [Trace:ELEC_4_67] 发送选举请求
2025/11/03 17:32:19 [17:32:19.154] [Node:4] [RPC_SEND] [Trace:ELEC_4_67] 发送选举请求
2025/11/03 17:32:19 [17:32:19.154] [Node:4] [RPC_SEND] [Trace:ELEC_4_67] 发送选举请求
2025/11/03 17:32:19 [17:32:19.155] [Node:4] [HEARTBEAT] [Trace:HB_4_67] Follower等心跳 status CANDIDATE term:67 commitIndex:24
2025/11/03 17:32:19 [17:32:19.159] [Node:4] [RPC_RECV] [Trace:ELEC_2_68][2->4] RequestVote 接受 term:68 candidateId:2 lastLogIndex:43 lastLogTerm:19 currentTerm:67 status:CANDIDATE
2025/11/03 17:32:19 [17:32:19.159] [Node:4] [INFO] [STATE_CHANGE] CANDIDATE->FOLLOWER term:67 reason:降级成follower
2025/11/03 17:32:19 [17:32:19.159] [Node:4] [RPC_RECV] [Trace:ELEC_2_68][2->4] 投票信息 votedFor:-1 lastLogTerm:19 lastLogIndex:35
2025/11/03 17:32:19 [17:32:19.159] [Node:4] [RPC_RECV] [Trace:ELEC_2_68][2->4] 投票给 candidate:2 term:68
2025/11/03 17:32:19 [17:32:19.167] [Node:4] [RPC_RECV] [Trace:ELEC_1_67][1->4] RequestVote 接受 term:67 candidateId:1 lastLogIndex:2 lastLogTerm:4 currentTerm:68 status:FOLLOWER
2025/11/03 17:32:19 [17:32:19.255] [Node:4] [HEARTBEAT] [Trace:HB_4_68] Follower等心跳 status FOLLOWER term:68 commitIndex:24
2025/11/03 17:32:19 [17:32:19.355] [Node:4] [HEARTBEAT] [Trace:HB_4_68] Follower等心跳 status FOLLOWER term:68 commitIndex:24
2025/11/03 17:32:19 [17:32:19.410] [Node:4] [RPC_RECV] [Trace:ELEC_1_69][1->4] RequestVote 接受 term:69 candidateId:1 lastLogIndex:2 lastLogTerm:4 currentTerm:68 status:FOLLOWER
2025/11/03 17:32:19 [17:32:19.410] [Node:4] [INFO] [STATE_CHANGE] FOLLOWER->FOLLOWER term:68 reason:降级成follower
2025/11/03 17:32:19 [17:32:19.411] [Node:4] [RPC_RECV] [Trace:ELEC_1_69][1->4] 投票信息 votedFor:-1 lastLogTerm:19 lastLogIndex:35
2025/11/03 17:32:19 [17:32:19.411] [Node:4] [RPC_RECV] [Trace:ELEC_1_69][1->4] 投票失败兜底 candidate:1 term:69
2025/11/03 17:32:19 [17:32:19.416] [Node:4] [RPC_SEND] [Trace:ELEC_4_67] 处理投票返回 for term 67 reply:{68 false}
2025/11/03 17:32:19 [17:32:19.416] [Node:4] [INFO] [STATE_CHANGE] FOLLOWER->FOLLOWER term:69 reason:降级成follower
2025/11/03 17:32:19 [17:32:19.419] [Node:4] [INFO] [STATE_CHANGE] FOLLOWER->FOLLOWER term:68 reason:变成Candidate
2025/11/03 17:32:19 [17:32:19.419] [Node:4] [TIMER_EVENT] [Trace:TIMER_4] 超时选举 since:259.401042ms threshold:258.709298ms
2025/11/03 17:32:19 [17:32:19.419] [Node:4] [RPC_SEND] [Trace:ELEC_4_69] 发送选举请求
2025/11/03 17:32:19 [17:32:19.419] [Node:4] [RPC_SEND] [Trace:ELEC_4_69] 发送选举请求
2025/11/03 17:32:19 [17:32:19.419] [Node:4] [RPC_SEND] [Trace:ELEC_4_69] 发送选举请求
2025/11/03 17:32:19 [17:32:19.419] [Node:4] [RPC_SEND] [Trace:ELEC_4_69] 发送选举请求
2025/11/03 17:32:19 [17:32:19.426] [Node:4] [RPC_RECV] [Trace:ELEC_2_69][2->4] RequestVote 接受 term:69 candidateId:2 lastLogIndex:43 lastLogTerm:19 currentTerm:69 status:CANDIDATE
2025/11/03 17:32:19 [17:32:19.426] [Node:4] [RPC_RECV] [Trace:ELEC_2_69][2->4] 投票信息 votedFor:4 lastLogTerm:19 lastLogIndex:35
2025/11/03 17:32:19 [17:32:19.426] [Node:4] [RPC_RECV] [Trace:ELEC_2_69][2->4] 投票失败兜底 candidate:2 term:69
2025/11/03 17:32:19 [17:32:19.445] [Node:4] [RPC_SEND] [Trace:ELEC_4_69] 处理投票返回 for term 69 reply:{69 false}
2025/11/03 17:32:19 [17:32:19.456] [Node:4] [HEARTBEAT] [Trace:HB_4_69] Follower等心跳 status CANDIDATE term:69 commitIndex:24
2025/11/03 17:32:19 [17:32:19.488] [Node:4] [RPC_RECV] [Trace:CLIENT_4_1762162339488828000] 接收到日志命令:8600 isLeader:false term:69
2025/11/03 17:32:19 [17:32:19.501] [Node:4] [RPC_RECV] [Trace:CLIENT_4_1762162339501116000] 接收到日志命令:554 isLeader:false term:69
2025/11/03 17:32:19 [17:32:19.509] [Node:4] [RPC_RECV] [Trace:CLIENT_4_1762162339509975000] 接收到日志命令:9924 isLeader:false term:69
2025/11/03 17:32:19 [17:32:19.521] [Node:4] [RPC_RECV] [Trace:CLIENT_4_1762162339521859000] 接收到日志命令:9569 isLeader:false term:69
2025/11/03 17:32:19 [17:32:19.537] [Node:4] [RPC_RECV] [Trace:CLIENT_4_1762162339537239000] 接收到日志命令:5907 isLeader:false term:69
2025/11/03 17:32:19 [17:32:19.550] [Node:4] [RPC_RECV] [Trace:CLIENT_4_1762162339550566000] 接收到日志命令:4216 isLeader:false term:69
2025/11/03 17:32:19 [17:32:19.556] [Node:4] [HEARTBEAT] [Trace:HB_4_69] Follower等心跳 status CANDIDATE term:69 commitIndex:24
2025/11/03 17:32:19 [17:32:19.562] [Node:4] [RPC_RECV] [Trace:CLIENT_4_1762162339562516000] 接收到日志命令:4263 isLeader:false term:69
2025/11/03 17:32:19 [17:32:19.577] [Node:4] [RPC_RECV] [Trace:CLIENT_4_1762162339577535000] 接收到日志命令:6968 isLeader:false term:69
2025/11/03 17:32:19 [17:32:19.658] [Node:4] [HEARTBEAT] [Trace:HB_4_69] Follower等心跳 status CANDIDATE term:69 commitIndex:24
2025/11/03 17:32:19 [17:32:19.660] [Node:4] [INFO] [STATE_CHANGE] CANDIDATE->FOLLOWER term:69 reason:变成Candidate
2025/11/03 17:32:19 [17:32:19.661] [Node:4] [TIMER_EVENT] [Trace:TIMER_4] 超时选举 since:241.265208ms threshold:210.688719ms
2025/11/03 17:32:19 [17:32:19.661] [Node:4] [RPC_SEND] [Trace:ELEC_4_70] 发送选举请求
2025/11/03 17:32:19 [17:32:19.661] [Node:4] [RPC_SEND] [Trace:ELEC_4_70] 发送选举请求
2025/11/03 17:32:19 [17:32:19.661] [Node:4] [RPC_SEND] [Trace:ELEC_4_70] 发送选举请求
2025/11/03 17:32:19 [17:32:19.661] [Node:4] [RPC_SEND] [Trace:ELEC_4_70] 发送选举请求
2025/11/03 17:32:19 [17:32:19.662] [Node:4] [RPC_SEND] [Trace:ELEC_4_70] 处理投票返回 for term 70 reply:{70 true}
2025/11/03 17:32:19 [17:32:19.674] [Node:4] [RPC_SEND] [Trace:ELEC_4_70] 处理投票返回 for term 70 reply:{70 false}
2025/11/03 17:32:19 [17:32:19.758] [Node:4] [HEARTBEAT] [Trace:HB_4_70] Follower等心跳 status CANDIDATE term:70 commitIndex:24
2025/11/03 17:32:19 [17:32:19.837] [Node:4] [RPC_SEND] [Trace:ELEC_4_67] 处理投票返回 for term 67 reply:{68 false}
2025/11/03 17:32:19 [17:32:19.837] [Node:4] [INFO] [STATE_CHANGE] CANDIDATE->FOLLOWER term:70 reason:降级成follower
2025/11/03 17:32:19 [17:32:19.860] [Node:4] [HEARTBEAT] [Trace:HB_4_68] Follower等心跳 status FOLLOWER term:68 commitIndex:24
2025/11/03 17:32:19 [17:32:19.887] [Node:4] [RPC_RECV] [Trace:CLIENT_4_1762162339887317000] 接收到日志命令:6752 isLeader:false term:68
2025/11/03 17:32:19 [17:32:19.905] [Node:4] [RPC_RECV] [Trace:CLIENT_4_1762162339905556000] 接收到日志命令:6774 isLeader:false term:68
2025/11/03 17:32:19 [17:32:19.914] [Node:4] [RPC_RECV] [Trace:CLIENT_4_1762162339914161000] 接收到日志命令:3752 isLeader:false term:68
2025/11/03 17:32:19 [17:32:19.932] [Node:4] [RPC_RECV] [Trace:CLIENT_4_1762162339932891000] 接收到日志命令:1004 isLeader:false term:68
2025/11/03 17:32:19 [17:32:19.946] [Node:4] [RPC_RECV] [Trace:CLIENT_4_1762162339946157000] 接收到日志命令:3085 isLeader:false term:68
2025/11/03 17:32:19 [17:32:19.956] [Node:4] [RPC_RECV] [Trace:CLIENT_4_1762162339956278000] 接收到日志命令:8673 isLeader:false term:68
2025/11/03 17:32:19 [17:32:19.961] [Node:4] [HEARTBEAT] [Trace:HB_4_68] Follower等心跳 status FOLLOWER term:68 commitIndex:24
2025/11/03 17:32:19 [17:32:19.968] [Node:4] [RPC_RECV] [Trace:CLIENT_4_1762162339968120000] 接收到日志命令:747 isLeader:false term:68
2025/11/03 17:32:19 [17:32:19.978] [Node:4] [RPC_RECV] [Trace:CLIENT_4_1762162339978928000] 接收到日志命令:4611 isLeader:false term:68
2025/11/03 17:32:19 [17:32:19.992] [Node:4] [INFO] [STATE_CHANGE] FOLLOWER->FOLLOWER term:68 reason:变成Candidate
2025/11/03 17:32:19 [17:32:19.992] [Node:4] [TIMER_EVENT] [Trace:TIMER_4] 超时选举 since:331.53125ms threshold:321.588684ms
2025/11/03 17:32:19 [17:32:19.992] [Node:4] [RPC_SEND] [Trace:ELEC_4_69] 发送选举请求
2025/11/03 17:32:19 [17:32:19.992] [Node:4] [RPC_SEND] [Trace:ELEC_4_69] 发送选举请求
2025/11/03 17:32:19 [17:32:19.992] [Node:4] [RPC_SEND] [Trace:ELEC_4_69] 发送选举请求
2025/11/03 17:32:19 [17:32:19.992] [Node:4] [RPC_SEND] [Trace:ELEC_4_69] 发送选举请求
2025/11/03 17:32:19 [17:32:19.993] [Node:4] [RPC_RECV] [Trace:CLIENT_4_1762162339993349000] 接收到日志命令:8147 isLeader:false term:69
2025/11/03 17:32:20 [17:32:20.005] [Node:4] [RPC_SEND] [Trace:ELEC_4_69] 处理投票返回 for term 69 reply:{71 false}
2025/11/03 17:32:20 [17:32:20.005] [Node:4] [INFO] [STATE_CHANGE] CANDIDATE->FOLLOWER term:69 reason:降级成follower
2025/11/03 17:32:20 [17:32:20.008] [Node:4] [RPC_RECV] [Trace:CLIENT_4_1762162340008319000] 接收到日志命令:4603 isLeader:false term:71
2025/11/03 17:32:20 [17:32:20.018] [Node:4] [RPC_RECV] [Trace:CLIENT_4_1762162340018818000] 接收到日志命令:8653 isLeader:false term:71
2025/11/03 17:32:20 [17:32:20.036] [Node:4] [RPC_RECV] [Trace:CLIENT_4_1762162340036926000] 接收到日志命令:5542 isLeader:false term:71
2025/11/03 17:32:20 [17:32:20.038] [Node:4] [RPC_RECV] [Trace:ELEC_2_72][2->4] RequestVote 接受 term:72 candidateId:2 lastLogIndex:43 lastLogTerm:19 currentTerm:71 status:FOLLOWER
2025/11/03 17:32:20 [17:32:20.038] [Node:4] [INFO] [STATE_CHANGE] FOLLOWER->FOLLOWER term:71 reason:降级成follower
2025/11/03 17:32:20 [17:32:20.039] [Node:4] [RPC_RECV] [Trace:ELEC_2_72][2->4] 投票信息 votedFor:-1 lastLogTerm:19 lastLogIndex:35
2025/11/03 17:32:20 [17:32:20.039] [Node:4] [RPC_RECV] [Trace:ELEC_2_72][2->4] 投票给 candidate:2 term:72
2025/11/03 17:32:20 [17:32:20.056] [Node:4] [RPC_RECV] [Trace:CLIENT_4_1762162340056073000] 接收到日志命令:1076 isLeader:false term:72
2025/11/03 17:32:20 [17:32:20.061] [Node:4] [HEARTBEAT] [Trace:HB_4_72] Follower等心跳 status FOLLOWER term:72 commitIndex:24
2025/11/03 17:32:20 [17:32:20.073] [Node:4] [RPC_RECV] [Trace:CLIENT_4_1762162340073769000] 接收到日志命令:8122 isLeader:false term:72
2025/11/03 17:32:20 [17:32:20.089] [Node:4] [RPC_RECV] [Trace:CLIENT_4_1762162340089186000] 接收到日志命令:8470 isLeader:false term:72
2025/11/03 17:32:20 [17:32:20.096] [Node:4] [RPC_RECV] [Trace:CLIENT_4_1762162340096768000] 接收到日志命令:6310 isLeader:false term:72
2025/11/03 17:32:20 [17:32:20.107] [Node:4] [RPC_RECV] [Trace:CLIENT_4_1762162340107516000] 接收到日志命令:5108 isLeader:false term:72
2025/11/03 17:32:20 [17:32:20.114] [Node:4] [RPC_RECV] [Trace:CLIENT_4_1762162340114615000] 接收到日志命令:6880 isLeader:false term:72
2025/11/03 17:32:20 [17:32:20.128] [Node:4] [RPC_RECV] [Trace:CLIENT_4_1762162340128318000] 接收到日志命令:3141 isLeader:false term:72
2025/11/03 17:32:20 [17:32:20.140] [Node:4] [RPC_RECV] [Trace:CLIENT_4_1762162340140219000] 接收到日志命令:2119 isLeader:false term:72
2025/11/03 17:32:20 [17:32:20.156] [Node:4] [RPC_RECV] [Trace:CLIENT_4_1762162340156579000] 接收到日志命令:8228 isLeader:false term:72
2025/11/03 17:32:20 [17:32:20.162] [Node:4] [HEARTBEAT] [Trace:HB_4_72] Follower等心跳 status FOLLOWER term:72 commitIndex:24
2025/11/03 17:32:20 [17:32:20.262] [Node:4] [HEARTBEAT] [Trace:HB_4_72] Follower等心跳 status FOLLOWER term:72 commitIndex:24
2025/11/03 17:32:20 [17:32:20.274] [Node:4] [RPC_RECV] [Trace:ELEC_1_73][1->4] RequestVote 接受 term:73 candidateId:1 lastLogIndex:2 lastLogTerm:4 currentTerm:72 status:FOLLOWER
2025/11/03 17:32:20 [17:32:20.274] [Node:4] [INFO] [STATE_CHANGE] FOLLOWER->FOLLOWER term:72 reason:降级成follower
2025/11/03 17:32:20 [17:32:20.275] [Node:4] [RPC_RECV] [Trace:ELEC_1_73][1->4] 投票信息 votedFor:-1 lastLogTerm:19 lastLogIndex:35
2025/11/03 17:32:20 [17:32:20.275] [Node:4] [RPC_RECV] [Trace:ELEC_1_73][1->4] 投票失败兜底 candidate:1 term:73
2025/11/03 17:32:20 [17:32:20.330] [Node:4] [INFO] [STATE_CHANGE] FOLLOWER->FOLLOWER term:73 reason:变成Candidate
2025/11/03 17:32:20 [17:32:20.330] [Node:4] [TIMER_EVENT] [Trace:TIMER_4] 超时选举 since:291.193625ms threshold:248.158758ms
2025/11/03 17:32:20 [17:32:20.330] [Node:4] [RPC_SEND] [Trace:ELEC_4_74] 发送选举请求
2025/11/03 17:32:20 [17:32:20.330] [Node:4] [RPC_SEND] [Trace:ELEC_4_74] 发送选举请求
2025/11/03 17:32:20 [17:32:20.330] [Node:4] [RPC_SEND] [Trace:ELEC_4_74] 发送选举请求
2025/11/03 17:32:20 [17:32:20.330] [Node:4] [RPC_SEND] [Trace:ELEC_4_74] 发送选举请求
2025/11/03 17:32:20 [17:32:20.355] [Node:4] [RPC_RECV] [Trace:ELEC_2_74][2->4] RequestVote 接受 term:74 candidateId:2 lastLogIndex:43 lastLogTerm:19 currentTerm:74 status:CANDIDATE
2025/11/03 17:32:20 [17:32:20.355] [Node:4] [RPC_RECV] [Trace:ELEC_2_74][2->4] 投票信息 votedFor:4 lastLogTerm:19 lastLogIndex:35
2025/11/03 17:32:20 [17:32:20.355] [Node:4] [RPC_RECV] [Trace:ELEC_2_74][2->4] 投票失败兜底 candidate:2 term:74
2025/11/03 17:32:20 [17:32:20.363] [Node:4] [HEARTBEAT] [Trace:HB_4_74] Follower等心跳 status CANDIDATE term:74 commitIndex:24
2025/11/03 17:32:20 [17:32:20.467] [Node:4] [HEARTBEAT] [Trace:HB_4_74] Follower等心跳 status CANDIDATE term:74 commitIndex:24
2025/11/03 17:32:20 [17:32:20.553] [Node:4] [RPC_RECV] [Trace:CLIENT_4_1762162340553973000] 接收到日志命令:6387 isLeader:false term:74
2025/11/03 17:32:20 [17:32:20.568] [Node:4] [HEARTBEAT] [Trace:HB_4_74] Follower等心跳 status CANDIDATE term:74 commitIndex:24
2025/11/03 17:32:20 [17:32:20.574] [Node:4] [RPC_RECV] [Trace:CLIENT_4_1762162340574898000] 接收到日志命令:7463 isLeader:false term:74
2025/11/03 17:32:20 [17:32:20.589] [Node:4] [RPC_RECV] [Trace:CLIENT_4_1762162340589348000] 接收到日志命令:788 isLeader:false term:74
2025/11/03 17:32:20 [17:32:20.597] [Node:4] [RPC_RECV] [Trace:ELEC_1_75][1->4] RequestVote 接受 term:75 candidateId:1 lastLogIndex:2 lastLogTerm:4 currentTerm:74 status:CANDIDATE
2025/11/03 17:32:20 [17:32:20.597] [Node:4] [INFO] [STATE_CHANGE] CANDIDATE->FOLLOWER term:74 reason:降级成follower
2025/11/03 17:32:20 [17:32:20.597] [Node:4] [RPC_RECV] [Trace:ELEC_1_75][1->4] 投票信息 votedFor:-1 lastLogTerm:19 lastLogIndex:35
2025/11/03 17:32:20 [17:32:20.597] [Node:4] [RPC_RECV] [Trace:ELEC_1_75][1->4] 投票失败兜底 candidate:1 term:75
2025/11/03 17:32:20 [17:32:20.636] [Node:4] [RPC_SEND] [Trace:ELEC_4_74] 处理投票返回 for term 74 reply:{74 false}
2025/11/03 17:32:20 [17:32:20.645] [Node:4] [INFO] [STATE_CHANGE] FOLLOWER->FOLLOWER term:75 reason:变成Candidate
2025/11/03 17:32:20 [17:32:20.645] [Node:4] [TIMER_EVENT] [Trace:TIMER_4] 超时选举 since:314.96425ms threshold:230.134063ms
2025/11/03 17:32:20 [17:32:20.645] [Node:4] [RPC_SEND] [Trace:ELEC_4_76] 发送选举请求
2025/11/03 17:32:20 [17:32:20.645] [Node:4] [RPC_SEND] [Trace:ELEC_4_76] 发送选举请求
2025/11/03 17:32:20 [17:32:20.645] [Node:4] [RPC_SEND] [Trace:ELEC_4_76] 发送选举请求
2025/11/03 17:32:20 [17:32:20.645] [Node:4] [RPC_SEND] [Trace:ELEC_4_76] 发送选举请求
2025/11/03 17:32:20 [17:32:20.659] [Node:4] [RPC_SEND] [Trace:ELEC_4_69] 处理投票返回 for term 69 reply:{71 false}
2025/11/03 17:32:20 [17:32:20.659] [Node:4] [INFO] [STATE_CHANGE] CANDIDATE->FOLLOWER term:76 reason:降级成follower
2025/11/03 17:32:20 [17:32:20.660] [Node:4] [RPC_RECV] [Trace:ELEC_2_77][2->4] RequestVote 接受 term:77 candidateId:2 lastLogIndex:43 lastLogTerm:19 currentTerm:71 status:FOLLOWER
2025/11/03 17:32:20 [17:32:20.660] [Node:4] [INFO] [STATE_CHANGE] FOLLOWER->FOLLOWER term:71 reason:降级成follower
2025/11/03 17:32:20 [17:32:20.660] [Node:4] [RPC_RECV] [Trace:ELEC_2_77][2->4] 投票信息 votedFor:-1 lastLogTerm:19 lastLogIndex:35
2025/11/03 17:32:20 [17:32:20.661] [Node:4] [RPC_RECV] [Trace:ELEC_2_77][2->4] 投票给 candidate:2 term:77
2025/11/03 17:32:20 [17:32:20.668] [Node:4] [HEARTBEAT] [Trace:HB_4_77] Follower等心跳 status FOLLOWER term:77 commitIndex:24
2025/11/03 17:32:20 [17:32:20.776] [Node:4] [HEARTBEAT] [Trace:HB_4_77] Follower等心跳 status FOLLOWER term:77 commitIndex:24
2025/11/03 17:32:20 [17:32:20.785] [Node:4] [RPC_RECV] [Trace:CLIENT_4_1762162340785697000] 接收到日志命令:1291 isLeader:false term:77
2025/11/03 17:32:20 [17:32:20.793] [Node:4] [RPC_RECV] [Trace:CLIENT_4_1762162340793727000] 接收到日志命令:1090 isLeader:false term:77
2025/11/03 17:32:20 [17:32:20.812] [Node:4] [RPC_RECV] [Trace:CLIENT_4_1762162340812350000] 接收到日志命令:9189 isLeader:false term:77
2025/11/03 17:32:20 [17:32:20.830] [Node:4] [RPC_RECV] [Trace:CLIENT_4_1762162340830658000] 接收到日志命令:3250 isLeader:false term:77
2025/11/03 17:32:20 [17:32:20.876] [Node:4] [HEARTBEAT] [Trace:HB_4_77] Follower等心跳 status FOLLOWER term:77 commitIndex:24
2025/11/03 17:32:20 [17:32:20.886] [Node:4] [INFO] [STATE_CHANGE] FOLLOWER->FOLLOWER term:77 reason:变成Candidate
2025/11/03 17:32:20 [17:32:20.886] [Node:4] [TIMER_EVENT] [Trace:TIMER_4] 超时选举 since:225.250083ms threshold:223.682763ms
2025/11/03 17:32:20 [17:32:20.886] [Node:4] [RPC_SEND] [Trace:ELEC_4_78] 发送选举请求
2025/11/03 17:32:20 [17:32:20.887] [Node:4] [RPC_SEND] [Trace:ELEC_4_78] 发送选举请求
2025/11/03 17:32:20 [17:32:20.887] [Node:4] [RPC_SEND] [Trace:ELEC_4_78] 发送选举请求
2025/11/03 17:32:20 [17:32:20.887] [Node:4] [RPC_SEND] [Trace:ELEC_4_78] 发送选举请求
2025/11/03 17:32:20 [17:32:20.907] [Node:4] [RPC_SEND] [Trace:ELEC_4_78] 处理投票返回 for term 78 reply:{78 false}
2025/11/03 17:32:20 [17:32:20.949] [Node:4] [RPC_RECV] [Trace:ELEC_2_79][2->4] RequestVote 接受 term:79 candidateId:2 lastLogIndex:43 lastLogTerm:19 currentTerm:78 status:CANDIDATE
2025/11/03 17:32:20 [17:32:20.950] [Node:4] [INFO] [STATE_CHANGE] CANDIDATE->FOLLOWER term:78 reason:降级成follower
2025/11/03 17:32:20 [17:32:20.950] [Node:4] [RPC_RECV] [Trace:ELEC_2_79][2->4] 投票信息 votedFor:-1 lastLogTerm:19 lastLogIndex:35
2025/11/03 17:32:20 [17:32:20.950] [Node:4] [RPC_RECV] [Trace:ELEC_2_79][2->4] 投票给 candidate:2 term:79
2025/11/03 17:32:20 [17:32:20.977] [Node:4] [HEARTBEAT] [Trace:HB_4_79] Follower等心跳 status FOLLOWER term:79 commitIndex:24
2025/11/03 17:32:21 [17:32:21.029] [Node:4] [RPC_RECV] [Trace:CLIENT_4_1762162341029921000] 接收到日志命令:5482 isLeader:false term:79
2025/11/03 17:32:21 [17:32:21.043] [Node:4] [RPC_RECV] [Trace:CLIENT_4_1762162341043665000] 接收到日志命令:1647 isLeader:false term:79
2025/11/03 17:32:21 [17:32:21.060] [Node:4] [RPC_RECV] [Trace:CLIENT_4_1762162341060108000] 接收到日志命令:782 isLeader:false term:79
2025/11/03 17:32:21 [17:32:21.077] [Node:4] [HEARTBEAT] [Trace:HB_4_79] Follower等心跳 status FOLLOWER term:79 commitIndex:24
2025/11/03 17:32:21 [17:32:21.078] [Node:4] [RPC_RECV] [Trace:CLIENT_4_1762162341078091000] 接收到日志命令:8958 isLeader:false term:79
2025/11/03 17:32:21 [17:32:21.085] [Node:4] [RPC_RECV] [Trace:CLIENT_4_1762162341085015000] 接收到日志命令:6951 isLeader:false term:79
2025/11/03 17:32:21 [17:32:21.092] [Node:4] [RPC_SEND] [Trace:ELEC_4_76] 处理投票返回 for term 76 reply:{76 true}
2025/11/03 17:32:21 [17:32:21.092] [Node:4] [RPC_RECV] [Trace:CLIENT_4_1762162341092315000] 接收到日志命令:840 isLeader:false term:79
2025/11/03 17:32:21 [17:32:21.103] [Node:4] [RPC_RECV] [Trace:CLIENT_4_1762162341103839000] 接收到日志命令:2005 isLeader:false term:79
2025/11/03 17:32:21 [17:32:21.108] [Node:4] [RPC_RECV] [Trace:CLIENT_4_1762162341108867000] 接收到日志命令:2482 isLeader:false term:79
2025/11/03 17:32:21 [17:32:21.121] [Node:4] [RPC_RECV] [Trace:CLIENT_4_1762162341121838000] 接收到日志命令:1772 isLeader:false term:79
2025/11/03 17:32:21 [17:32:21.131] [Node:4] [RPC_RECV] [Trace:CLIENT_4_1762162341131142000] 接收到日志命令:8880 isLeader:false term:79
2025/11/03 17:32:21 [17:32:21.142] [Node:4] [RPC_RECV] [Trace:CLIENT_4_1762162341142590000] 接收到日志命令:5910 isLeader:false term:79
2025/11/03 17:32:21 [17:32:21.160] [Node:4] [RPC_RECV] [Trace:CLIENT_4_1762162341160083000] 接收到日志命令:3239 isLeader:false term:79
2025/11/03 17:32:21 [17:32:21.168] [Node:4] [RPC_RECV] [Trace:CLIENT_4_1762162341168942000] 接收到日志命令:9213 isLeader:false term:79
2025/11/03 17:32:21 [17:32:21.178] [Node:4] [HEARTBEAT] [Trace:HB_4_79] Follower等心跳 status FOLLOWER term:79 commitIndex:24
2025/11/03 17:32:21 [17:32:21.186] [Node:4] [RPC_RECV] [Trace:CLIENT_4_1762162341186293000] 接收到日志命令:311 isLeader:false term:79
2025/11/03 17:32:21 [17:32:21.200] [Node:4] [RPC_RECV] [Trace:CLIENT_4_1762162341200125000] 接收到日志命令:9486 isLeader:false term:79
2025/11/03 17:32:21 [17:32:21.215] [Node:4] [RPC_RECV] [Trace:ELEC_1_80][1->4] RequestVote 接受 term:80 candidateId:1 lastLogIndex:2 lastLogTerm:4 currentTerm:79 status:FOLLOWER
2025/11/03 17:32:21 [17:32:21.215] [Node:4] [INFO] [STATE_CHANGE] FOLLOWER->FOLLOWER term:79 reason:降级成follower
2025/11/03 17:32:21 [17:32:21.215] [Node:4] [RPC_RECV] [Trace:ELEC_1_80][1->4] 投票信息 votedFor:-1 lastLogTerm:19 lastLogIndex:35
2025/11/03 17:32:21 [17:32:21.215] [Node:4] [RPC_RECV] [Trace:ELEC_1_80][1->4] 投票失败兜底 candidate:1 term:80
2025/11/03 17:32:21 [17:32:21.216] [Node:4] [RPC_RECV] [Trace:CLIENT_4_1762162341216915000] 接收到日志命令:7042 isLeader:false term:80
2025/11/03 17:32:21 [17:32:21.223] [Node:4] [RPC_RECV] [Trace:CLIENT_4_1762162341223352000] 接收到日志命令:9149 isLeader:false term:80
2025/11/03 17:32:21 [17:32:21.229] [Node:4] [RPC_RECV] [Trace:CLIENT_4_1762162341229790000] 接收到日志命令:9686 isLeader:false term:80
2025/11/03 17:32:21 [17:32:21.240] [Node:4] [RPC_RECV] [Trace:CLIENT_4_1762162341240457000] 接收到日志命令:6998 isLeader:false term:80
2025/11/03 17:32:21 [17:32:21.242] [Node:4] [INFO] [STATE_CHANGE] FOLLOWER->FOLLOWER term:80 reason:变成Candidate
2025/11/03 17:32:21 [17:32:21.242] [Node:4] [TIMER_EVENT] [Trace:TIMER_4] 超时选举 since:291.327375ms threshold:284.907646ms
2025/11/03 17:32:21 [17:32:21.242] [Node:4] [RPC_SEND] [Trace:ELEC_4_81] 发送选举请求
2025/11/03 17:32:21 [17:32:21.242] [Node:4] [RPC_SEND] [Trace:ELEC_4_81] 发送选举请求
2025/11/03 17:32:21 [17:32:21.242] [Node:4] [RPC_SEND] [Trace:ELEC_4_81] 发送选举请求
2025/11/03 17:32:21 [17:32:21.242] [Node:4] [RPC_SEND] [Trace:ELEC_4_81] 发送选举请求
2025/11/03 17:32:21 [17:32:21.245] [Node:4] [RPC_RECV] [Trace:CLIENT_4_1762162341245457000] 接收到日志命令:850 isLeader:false term:81
2025/11/03 17:32:21 [17:32:21.248] [Node:4] [RPC_SEND] [Trace:ELEC_4_81] 处理投票返回 for term 81 reply:{81 true}
2025/11/03 17:32:21 [17:32:21.252] [Node:4] [RPC_RECV] [Trace:CLIENT_4_1762162341252744000] 接收到日志命令:7779 isLeader:false term:81
2025/11/03 17:32:21 [17:32:21.269] [Node:4] [RPC_RECV] [Trace:CLIENT_4_1762162341269679000] 接收到日志命令:2049 isLeader:false term:81
2025/11/03 17:32:21 [17:32:21.276] [Node:4] [RPC_RECV] [Trace:CLIENT_4_1762162341276235000] 接收到日志命令:9501 isLeader:false term:81
2025/11/03 17:32:21 [17:32:21.277] [Node:4] [RPC_SEND] [Trace:ELEC_4_78] 处理投票返回 for term 78 reply:{78 true}
2025/11/03 17:32:21 [17:32:21.278] [Node:4] [HEARTBEAT] [Trace:HB_4_81] Follower等心跳 status CANDIDATE term:81 commitIndex:24
2025/11/03 17:32:21 [17:32:21.379] [Node:4] [HEARTBEAT] [Trace:HB_4_81] Follower等心跳 status CANDIDATE term:81 commitIndex:24
2025/11/03 17:32:21 [17:32:21.480] [Node:4] [HEARTBEAT] [Trace:HB_4_81] Follower等心跳 status CANDIDATE term:81 commitIndex:24
2025/11/03 17:32:21 [17:32:21.491] [Node:4] [INFO] [STATE_CHANGE] CANDIDATE->FOLLOWER term:81 reason:变成Candidate
2025/11/03 17:32:21 [17:32:21.491] [Node:4] [TIMER_EVENT] [Trace:TIMER_4] 超时选举 since:248.66725ms threshold:232.331874ms
2025/11/03 17:32:21 [17:32:21.491] [Node:4] [RPC_SEND] [Trace:ELEC_4_82] 发送选举请求
2025/11/03 17:32:21 [17:32:21.491] [Node:4] [RPC_SEND] [Trace:ELEC_4_82] 发送选举请求
2025/11/03 17:32:21 [17:32:21.491] [Node:4] [RPC_SEND] [Trace:ELEC_4_82] 发送选举请求
2025/11/03 17:32:21 [17:32:21.491] [Node:4] [RPC_SEND] [Trace:ELEC_4_82] 发送选举请求
2025/11/03 17:32:21 [17:32:21.580] [Node:4] [HEARTBEAT] [Trace:HB_4_82] Follower等心跳 status CANDIDATE term:82 commitIndex:24
2025/11/03 17:32:21 [17:32:21.666] [Node:4] [RPC_RECV] [Trace:ELEC_1_83][1->4] RequestVote 接受 term:83 candidateId:1 lastLogIndex:2 lastLogTerm:4 currentTerm:82 status:CANDIDATE
2025/11/03 17:32:21 [17:32:21.666] [Node:4] [INFO] [STATE_CHANGE] CANDIDATE->FOLLOWER term:82 reason:降级成follower
2025/11/03 17:32:21 [17:32:21.667] [Node:4] [RPC_RECV] [Trace:ELEC_1_83][1->4] 投票信息 votedFor:-1 lastLogTerm:19 lastLogIndex:35
2025/11/03 17:32:21 [17:32:21.667] [Node:4] [RPC_RECV] [Trace:ELEC_1_83][1->4] 投票失败兜底 candidate:1 term:83
2025/11/03 17:32:21 [17:32:21.675] [Node:4] [RPC_SEND] [Trace:ELEC_4_74] 处理投票返回 for term 74 reply:{74 true}
2025/11/03 17:32:21 [17:32:21.681] [Node:4] [HEARTBEAT] [Trace:HB_4_83] Follower等心跳 status FOLLOWER term:83 commitIndex:24
2025/11/03 17:32:21 [17:32:21.709] [Node:4] [RPC_RECV] [Trace:CLIENT_4_1762162341709684000] 接收到日志命令:2668 isLeader:false term:83
2025/11/03 17:32:21 [17:32:21.719] [Node:4] [INFO] [STATE_CHANGE] FOLLOWER->FOLLOWER term:83 reason:变成Candidate
2025/11/03 17:32:21 [17:32:21.719] [Node:4] [TIMER_EVENT] [Trace:TIMER_4] 超时选举 since:227.971291ms threshold:206.521822ms
2025/11/03 17:32:21 [17:32:21.719] [Node:4] [RPC_SEND] [Trace:ELEC_4_84] 发送选举请求
2025/11/03 17:32:21 [17:32:21.719] [Node:4] [RPC_SEND] [Trace:ELEC_4_84] 发送选举请求
2025/11/03 17:32:21 [17:32:21.719] [Node:4] [RPC_SEND] [Trace:ELEC_4_84] 发送选举请求
2025/11/03 17:32:21 [17:32:21.719] [Node:4] [RPC_SEND] [Trace:ELEC_4_84] 发送选举请求
2025/11/03 17:32:21 [17:32:21.730] [Node:4] [RPC_RECV] [Trace:CLIENT_4_1762162341730317000] 接收到日志命令:8481 isLeader:false term:84
2025/11/03 17:32:21 [17:32:21.740] [Node:4] [RPC_SEND] [Trace:ELEC_4_84] 处理投票返回 for term 84 reply:{84 true}
2025/11/03 17:32:21 [17:32:21.751] [Node:4] [RPC_RECV] [Trace:CLIENT_4_1762162341751479000] 接收到日志命令:7509 isLeader:false term:84
2025/11/03 17:32:21 [17:32:21.768] [Node:4] [RPC_RECV] [Trace:CLIENT_4_1762162341768392000] 接收到日志命令:6686 isLeader:false term:84
2025/11/03 17:32:21 [17:32:21.780] [Node:4] [RPC_RECV] [Trace:CLIENT_4_1762162341780874000] 接收到日志命令:7252 isLeader:false term:84
2025/11/03 17:32:21 [17:32:21.781] [Node:4] [HEARTBEAT] [Trace:HB_4_84] Follower等心跳 status CANDIDATE term:84 commitIndex:24
2025/11/03 17:32:21 [17:32:21.789] [Node:4] [RPC_SEND] [Trace:ELEC_4_76] 处理投票返回 for term 76 reply:{76 false}
2025/11/03 17:32:21 [17:32:21.796] [Node:4] [RPC_RECV] [Trace:CLIENT_4_1762162341796092000] 接收到日志命令:3559 isLeader:false term:84
2025/11/03 17:32:21 [17:32:21.804] [Node:4] [RPC_RECV] [Trace:CLIENT_4_1762162341804463000] 接收到日志命令:4116 isLeader:false term:84
2025/11/03 17:32:21 [17:32:21.816] [Node:4] [RPC_RECV] [Trace:CLIENT_4_1762162341816407000] 接收到日志命令:2816 isLeader:false term:84
2025/11/03 17:32:21 [17:32:21.823] [Node:4] [RPC_RECV] [Trace:CLIENT_4_1762162341823691000] 接收到日志命令:5549 isLeader:false term:84
2025/11/03 17:32:21 [17:32:21.881] [Node:4] [HEARTBEAT] [Trace:HB_4_84] Follower等心跳 status CANDIDATE term:84 commitIndex:24
2025/11/03 17:32:21 [17:32:21.883] [Node:4] [RPC_RECV] [Trace:ELEC_2_85][2->4] RequestVote 接受 term:85 candidateId:2 lastLogIndex:43 lastLogTerm:19 currentTerm:84 status:CANDIDATE
2025/11/03 17:32:21 [17:32:21.883] [Node:4] [INFO] [STATE_CHANGE] CANDIDATE->FOLLOWER term:84 reason:降级成follower
2025/11/03 17:32:21 [17:32:21.883] [Node:4] [RPC_RECV] [Trace:ELEC_2_85][2->4] 投票信息 votedFor:-1 lastLogTerm:19 lastLogIndex:35
2025/11/03 17:32:21 [17:32:21.884] [Node:4] [RPC_RECV] [Trace:ELEC_2_85][2->4] 投票给 candidate:2 term:85
2025/11/03 17:32:21 [17:32:21.981] [Node:4] [HEARTBEAT] [Trace:HB_4_85] Follower等心跳 status FOLLOWER term:85 commitIndex:24
2025/11/03 17:32:22 [17:32:22.082] [Node:4] [HEARTBEAT] [Trace:HB_4_85] Follower等心跳 status FOLLOWER term:85 commitIndex:24
2025/11/03 17:32:22 [17:32:22.118] [Node:4] [RPC_SEND] [Trace:ELEC_4_82] 处理投票返回 for term 82 reply:{82 false}
2025/11/03 17:32:22 [17:32:22.122] [Node:4] [INFO] [STATE_CHANGE] FOLLOWER->FOLLOWER term:85 reason:变成Candidate
2025/11/03 17:32:22 [17:32:22.122] [Node:4] [TIMER_EVENT] [Trace:TIMER_4] 超时选举 since:238.124833ms threshold:228.901327ms
2025/11/03 17:32:22 [17:32:22.122] [Node:4] [RPC_SEND] [Trace:ELEC_4_86] 发送选举请求
2025/11/03 17:32:22 [17:32:22.122] [Node:4] [RPC_SEND] [Trace:ELEC_4_86] 发送选举请求
2025/11/03 17:32:22 [17:32:22.122] [Node:4] [RPC_SEND] [Trace:ELEC_4_86] 发送选举请求
2025/11/03 17:32:22 [17:32:22.122] [Node:4] [RPC_SEND] [Trace:ELEC_4_86] 发送选举请求
2025/11/03 17:32:22 [17:32:22.154] [Node:4] [RPC_RECV] [Trace:ELEC_1_86][1->4] RequestVote 接受 term:86 candidateId:1 lastLogIndex:2 lastLogTerm:4 currentTerm:86 status:CANDIDATE
2025/11/03 17:32:22 [17:32:22.154] [Node:4] [RPC_RECV] [Trace:ELEC_1_86][1->4] 投票信息 votedFor:4 lastLogTerm:19 lastLogIndex:35
2025/11/03 17:32:22 [17:32:22.154] [Node:4] [RPC_RECV] [Trace:ELEC_1_86][1->4] 投票失败兜底 candidate:1 term:86
2025/11/03 17:32:22 [17:32:22.156] [Node:4] [RPC_RECV] [Trace:ELEC_2_87][2->4] RequestVote 接受 term:87 candidateId:2 lastLogIndex:43 lastLogTerm:19 currentTerm:86 status:CANDIDATE
2025/11/03 17:32:22 [17:32:22.157] [Node:4] [INFO] [STATE_CHANGE] CANDIDATE->FOLLOWER term:86 reason:降级成follower
2025/11/03 17:32:22 [17:32:22.157] [Node:4] [RPC_RECV] [Trace:ELEC_2_87][2->4] 投票信息 votedFor:-1 lastLogTerm:19 lastLogIndex:35
2025/11/03 17:32:22 [17:32:22.158] [Node:4] [RPC_RECV] [Trace:ELEC_2_87][2->4] 投票给 candidate:2 term:87
2025/11/03 17:32:22 [17:32:22.184] [Node:4] [HEARTBEAT] [Trace:HB_4_87] Follower等心跳 status FOLLOWER term:87 commitIndex:24
2025/11/03 17:32:22 [17:32:22.193] [Node:4] [RPC_RECV] [Trace:CLIENT_4_1762162342193414000] 接收到日志命令:1107 isLeader:false term:87
2025/11/03 17:32:22 [17:32:22.284] [Node:4] [HEARTBEAT] [Trace:HB_4_87] Follower等心跳 status FOLLOWER term:87 commitIndex:24
2025/11/03 17:32:22 [17:32:22.385] [Node:4] [HEARTBEAT] [Trace:HB_4_87] Follower等心跳 status FOLLOWER term:87 commitIndex:24
2025/11/03 17:32:22 [17:32:22.385] [Node:4] [RPC_RECV] [Trace:CLIENT_4_1762162342385327000] 接收到日志命令:687 isLeader:false term:87
2025/11/03 17:32:22 [17:32:22.385] [Node:4] [RPC_RECV] [Trace:ELEC_2_88][2->4] RequestVote 接受 term:88 candidateId:2 lastLogIndex:43 lastLogTerm:19 currentTerm:87 status:FOLLOWER
2025/11/03 17:32:22 [17:32:22.385] [Node:4] [INFO] [STATE_CHANGE] FOLLOWER->FOLLOWER term:87 reason:降级成follower
2025/11/03 17:32:22 [17:32:22.386] [Node:4] [RPC_RECV] [Trace:ELEC_2_88][2->4] 投票信息 votedFor:-1 lastLogTerm:19 lastLogIndex:35
2025/11/03 17:32:22 [17:32:22.386] [Node:4] [RPC_RECV] [Trace:ELEC_2_88][2->4] 投票给 candidate:2 term:88
2025/11/03 17:32:22 [17:32:22.404] [Node:4] [RPC_RECV] [Trace:CLIENT_4_1762162342404435000] 接收到日志命令:4540 isLeader:false term:88
2025/11/03 17:32:22 [17:32:22.420] [Node:4] [RPC_RECV] [Trace:CLIENT_4_1762162342420440000] 接收到日志命令:6443 isLeader:false term:88
2025/11/03 17:32:22 [17:32:22.436] [Node:4] [RPC_RECV] [Trace:CLIENT_4_1762162342436242000] 接收到日志命令:7990 isLeader:false term:88
2025/11/03 17:32:22 [17:32:22.453] [Node:4] [RPC_RECV] [Trace:CLIENT_4_1762162342453796000] 接收到日志命令:7064 isLeader:false term:88
2025/11/03 17:32:22 [17:32:22.466] [Node:4] [RPC_RECV] [Trace:CLIENT_4_1762162342466230000] 接收到日志命令:377 isLeader:false term:88
2025/11/03 17:32:22 [17:32:22.486] [Node:4] [HEARTBEAT] [Trace:HB_4_88] Follower等心跳 status FOLLOWER term:88 commitIndex:24
2025/11/03 17:32:22 [17:32:22.492] [Node:4] [RPC_RECV] [Trace:CLIENT_4_1762162342492945000] 接收到日志命令:7333 isLeader:false term:88
2025/11/03 17:32:22 [17:32:22.502] [Node:4] [RPC_RECV] [Trace:CLIENT_4_1762162342502369000] 接收到日志命令:2713 isLeader:false term:88
2025/11/03 17:32:22 [17:32:22.510] [Node:4] [RPC_RECV] [Trace:CLIENT_4_1762162342510236000] 接收到日志命令:3119 isLeader:false term:88
2025/11/03 17:32:22 [17:32:22.528] [Node:4] [RPC_RECV] [Trace:CLIENT_4_1762162342528371000] 接收到日志命令:5581 isLeader:false term:88
2025/11/03 17:32:22 [17:32:22.545] [Node:4] [RPC_RECV] [Trace:CLIENT_4_1762162342545733000] 接收到日志命令:2804 isLeader:false term:88
2025/11/03 17:32:22 [17:32:22.554] [Node:4] [RPC_RECV] [Trace:CLIENT_4_1762162342554253000] 接收到日志命令:8215 isLeader:false term:88
2025/11/03 17:32:22 [17:32:22.565] [Node:4] [RPC_RECV] [Trace:CLIENT_4_1762162342565743000] 接收到日志命令:8115 isLeader:false term:88
2025/11/03 17:32:22 [17:32:22.584] [Node:4] [RPC_RECV] [Trace:CLIENT_4_1762162342584515000] 接收到日志命令:8990 isLeader:false term:88
2025/11/03 17:32:22 [17:32:22.586] [Node:4] [HEARTBEAT] [Trace:HB_4_88] Follower等心跳 status FOLLOWER term:88 commitIndex:24
2025/11/03 17:32:22 [17:32:22.603] [Node:4] [RPC_RECV] [Trace:CLIENT_4_1762162342603239000] 接收到日志命令:8804 isLeader:false term:88
2025/11/03 17:32:22 [17:32:22.609] [Node:4] [RPC_RECV] [Trace:CLIENT_4_1762162342609924000] 接收到日志命令:8565 isLeader:false term:88
2025/11/03 17:32:22 [17:32:22.615] [Node:4] [RPC_RECV] [Trace:CLIENT_4_1762162342615276000] 接收到日志命令:2311 isLeader:false term:88
2025/11/03 17:32:22 [17:32:22.620] [Node:4] [RPC_RECV] [Trace:CLIENT_4_1762162342620454000] 接收到日志命令:420 isLeader:false term:88
2025/11/03 17:32:22 [17:32:22.631] [Node:4] [RPC_SEND] [Trace:ELEC_4_82] 处理投票返回 for term 82 reply:{82 false}
2025/11/03 17:32:22 [17:32:22.638] [Node:4] [RPC_RECV] [Trace:CLIENT_4_1762162342638045000] 接收到日志命令:1318 isLeader:false term:88
2025/11/03 17:32:22 [17:32:22.662] [Node:4] [RPC_SEND] [Trace:ELEC_4_84] 处理投票返回 for term 84 reply:{84 false}
2025/11/03 17:32:22 [17:32:22.673] [Node:4] [RPC_RECV] [Trace:CLIENT_4_1762162342673604000] 接收到日志命令:2323 isLeader:false term:88
2025/11/03 17:32:22 [17:32:22.681] [Node:4] [RPC_RECV] [Trace:CLIENT_4_1762162342681387000] 接收到日志命令:7869 isLeader:false term:88
2025/11/03 17:32:22 [17:32:22.687] [Node:4] [HEARTBEAT] [Trace:HB_4_88] Follower等心跳 status FOLLOWER term:88 commitIndex:24
2025/11/03 17:32:22 [17:32:22.691] [Node:4] [RPC_RECV] [Trace:CLIENT_4_1762162342691226000] 接收到日志命令:7411 isLeader:false term:88
2025/11/03 17:32:22 [17:32:22.700] [Node:4] [RPC_RECV] [Trace:CLIENT_4_1762162342700882000] 接收到日志命令:1068 isLeader:false term:88
2025/11/03 17:32:22 [17:32:22.710] [Node:4] [RPC_RECV] [Trace:CLIENT_4_1762162342710867000] 接收到日志命令:4798 isLeader:false term:88
2025/11/03 17:32:22 [17:32:22.712] [Node:4] [RPC_RECV] [Trace:ELEC_2_89][2->4] RequestVote 接受 term:89 candidateId:2 lastLogIndex:43 lastLogTerm:19 currentTerm:88 status:FOLLOWER
2025/11/03 17:32:22 [17:32:22.712] [Node:4] [INFO] [STATE_CHANGE] FOLLOWER->FOLLOWER term:88 reason:降级成follower
2025/11/03 17:32:22 [17:32:22.713] [Node:4] [RPC_RECV] [Trace:ELEC_2_89][2->4] 投票信息 votedFor:-1 lastLogTerm:19 lastLogIndex:35
2025/11/03 17:32:22 [17:32:22.713] [Node:4] [RPC_RECV] [Trace:ELEC_2_89][2->4] 投票给 candidate:2 term:89
2025/11/03 17:32:22 [17:32:22.718] [Node:4] [RPC_RECV] [Trace:CLIENT_4_1762162342718476000] 接收到日志命令:9358 isLeader:false term:89
2025/11/03 17:32:22 [17:32:22.727] [Node:4] [RPC_RECV] [Trace:CLIENT_4_1762162342727091000] 接收到日志命令:4550 isLeader:false term:89
2025/11/03 17:32:22 [17:32:22.744] [Node:4] [RPC_RECV] [Trace:CLIENT_4_1762162342744385000] 接收到日志命令:5318 isLeader:false term:89
2025/11/03 17:32:22 [17:32:22.787] [Node:4] [HEARTBEAT] [Trace:HB_4_89] Follower等心跳 status FOLLOWER term:89 commitIndex:24
2025/11/03 17:32:22 [17:32:22.888] [Node:4] [HEARTBEAT] [Trace:HB_4_89] Follower等心跳 status FOLLOWER term:89 commitIndex:24
2025/11/03 17:32:22 [17:32:22.941] [Node:4] [INFO] [STATE_CHANGE] FOLLOWER->FOLLOWER term:89 reason:变成Candidate
2025/11/03 17:32:22 [17:32:22.941] [Node:4] [TIMER_EVENT] [Trace:TIMER_4] 超时选举 since:227.947875ms threshold:217.270721ms
2025/11/03 17:32:22 [17:32:22.941] [Node:4] [RPC_SEND] [Trace:ELEC_4_90] 发送选举请求
2025/11/03 17:32:22 [17:32:22.941] [Node:4] [RPC_SEND] [Trace:ELEC_4_90] 发送选举请求
2025/11/03 17:32:22 [17:32:22.941] [Node:4] [RPC_SEND] [Trace:ELEC_4_90] 发送选举请求
2025/11/03 17:32:22 [17:32:22.941] [Node:4] [RPC_SEND] [Trace:ELEC_4_90] 发送选举请求
2025/11/03 17:32:22 [17:32:22.954] [Node:4] [RPC_SEND] [Trace:ELEC_4_90] 处理投票返回 for term 90 reply:{90 false}
2025/11/03 17:32:22 [17:32:22.983] [Node:4] [RPC_RECV] [Trace:ELEC_1_90][1->4] RequestVote 接受 term:90 candidateId:1 lastLogIndex:2 lastLogTerm:4 currentTerm:90 status:CANDIDATE
2025/11/03 17:32:22 [17:32:22.984] [Node:4] [RPC_RECV] [Trace:ELEC_1_90][1->4] 投票信息 votedFor:4 lastLogTerm:19 lastLogIndex:35
2025/11/03 17:32:22 [17:32:22.984] [Node:4] [RPC_RECV] [Trace:ELEC_1_90][1->4] 投票失败兜底 candidate:1 term:90
2025/11/03 17:32:22 [17:32:22.988] [Node:4] [HEARTBEAT] [Trace:HB_4_90] Follower等心跳 status CANDIDATE term:90 commitIndex:24
2025/11/03 17:32:23 [17:32:23.029] [Node:4] [RPC_SEND] [Trace:ELEC_4_86] 处理投票返回 for term 86 reply:{86 false}
2025/11/03 17:32:23 [17:32:23.088] [Node:4] [HEARTBEAT] [Trace:HB_4_90] Follower等心跳 status CANDIDATE term:90 commitIndex:24
2025/11/03 17:32:23 [17:32:23.093] [Node:4] [RPC_RECV] [Trace:CLIENT_4_1762162343093000000] 接收到日志命令:3457 isLeader:false term:90
2025/11/03 17:32:23 [17:32:23.099] [Node:4] [RPC_RECV] [Trace:ELEC_2_91][2->4] RequestVote 接受 term:91 candidateId:2 lastLogIndex:43 lastLogTerm:19 currentTerm:90 status:CANDIDATE
2025/11/03 17:32:23 [17:32:23.099] [Node:4] [INFO] [STATE_CHANGE] CANDIDATE->FOLLOWER term:90 reason:降级成follower
2025/11/03 17:32:23 [17:32:23.100] [Node:4] [RPC_RECV] [Trace:ELEC_2_91][2->4] 投票信息 votedFor:-1 lastLogTerm:19 lastLogIndex:35
2025/11/03 17:32:23 [17:32:23.100] [Node:4] [RPC_RECV] [Trace:ELEC_2_91][2->4] 投票给 candidate:2 term:91
2025/11/03 17:32:23 [17:32:23.109] [Node:4] [RPC_RECV] [Trace:CLIENT_4_1762162343109144000] 接收到日志命令:3005 isLeader:false term:91
2025/11/03 17:32:23 [17:32:23.126] [Node:4] [RPC_RECV] [Trace:CLIENT_4_1762162343126938000] 接收到日志命令:3350 isLeader:false term:91
2025/11/03 17:32:23 [17:32:23.147] [Node:4] [RPC_RECV] [Trace:CLIENT_4_1762162343147733000] 接收到日志命令:7381 isLeader:false term:91
2025/11/03 17:32:23 [17:32:23.156] [Node:4] [RPC_RECV] [Trace:CLIENT_4_1762162343156371000] 接收到日志命令:7639 isLeader:false term:91
2025/11/03 17:32:23 [17:32:23.173] [Node:4] [RPC_RECV] [Trace:CLIENT_4_1762162343173925000] 接收到日志命令:69 isLeader:false term:91
2025/11/03 17:32:23 [17:32:23.183] [Node:4] [RPC_RECV] [Trace:CLIENT_4_1762162343183234000] 接收到日志命令:4027 isLeader:false term:91
2025/11/03 17:32:23 [17:32:23.188] [Node:4] [HEARTBEAT] [Trace:HB_4_91] Follower等心跳 status FOLLOWER term:91 commitIndex:24
2025/11/03 17:32:23 [17:32:23.200] [Node:4] [RPC_RECV] [Trace:CLIENT_4_1762162343200473000] 接收到日志命令:4203 isLeader:false term:91
2025/11/03 17:32:23 [17:32:23.215] [Node:4] [RPC_RECV] [Trace:CLIENT_4_1762162343215955000] 接收到日志命令:1997 isLeader:false term:91
2025/11/03 17:32:23 [17:32:23.228] [Node:4] [RPC_RECV] [Trace:CLIENT_4_1762162343228349000] 接收到日志命令:1454 isLeader:false term:91
2025/11/03 17:32:23 [17:32:23.242] [Node:4] [RPC_RECV] [Trace:CLIENT_4_1762162343242917000] 接收到日志命令:7545 isLeader:false term:91
2025/11/03 17:32:23 [17:32:23.248] [Node:4] [RPC_RECV] [Trace:CLIENT_4_1762162343248871000] 接收到日志命令:3938 isLeader:false term:91
2025/11/03 17:32:23 [17:32:23.255] [Node:4] [RPC_RECV] [Trace:CLIENT_4_1762162343255796000] 接收到日志命令:8767 isLeader:false term:91
2025/11/03 17:32:23 [17:32:23.265] [Node:4] [RPC_RECV] [Trace:CLIENT_4_1762162343265860000] 接收到日志命令:222 isLeader:false term:91
2025/11/03 17:32:23 [17:32:23.273] [Node:4] [RPC_RECV] [Trace:CLIENT_4_1762162343273982000] 接收到日志命令:3821 isLeader:false term:91
2025/11/03 17:32:23 [17:32:23.289] [Node:4] [HEARTBEAT] [Trace:HB_4_91] Follower等心跳 status FOLLOWER term:91 commitIndex:24
2025/11/03 17:32:23 [17:32:23.290] [Node:4] [RPC_RECV] [Trace:CLIENT_4_1762162343290861000] 接收到日志命令:4505 isLeader:false term:91
2025/11/03 17:32:23 [17:32:23.315] [Node:4] [RPC_SEND] [Trace:ELEC_4_81] 处理投票返回 for term 81 reply:{81 false}
2025/11/03 17:32:23 [17:32:23.341] [Node:4] [RPC_RECV] [Trace:ELEC_1_92][1->4] RequestVote 接受 term:92 candidateId:1 lastLogIndex:2 lastLogTerm:4 currentTerm:91 status:FOLLOWER
2025/11/03 17:32:23 [17:32:23.341] [Node:4] [INFO] [STATE_CHANGE] FOLLOWER->FOLLOWER term:91 reason:降级成follower
2025/11/03 17:32:23 [17:32:23.341] [Node:4] [RPC_RECV] [Trace:ELEC_1_92][1->4] 投票信息 votedFor:-1 lastLogTerm:19 lastLogIndex:35
2025/11/03 17:32:23 [17:32:23.341] [Node:4] [RPC_RECV] [Trace:ELEC_1_92][1->4] 投票失败兜底 candidate:1 term:92
2025/11/03 17:32:23 [17:32:23.383] [Node:4] [RPC_RECV] [Trace:ELEC_2_93][2->4] RequestVote 接受 term:93 candidateId:2 lastLogIndex:43 lastLogTerm:19 currentTerm:92 status:FOLLOWER
2025/11/03 17:32:23 [17:32:23.384] [Node:4] [INFO] [STATE_CHANGE] FOLLOWER->FOLLOWER term:92 reason:降级成follower
2025/11/03 17:32:23 [17:32:23.384] [Node:4] [RPC_RECV] [Trace:ELEC_2_93][2->4] 投票信息 votedFor:-1 lastLogTerm:19 lastLogIndex:35
2025/11/03 17:32:23 [17:32:23.384] [Node:4] [RPC_RECV] [Trace:ELEC_2_93][2->4] 投票给 candidate:2 term:93
2025/11/03 17:32:23 [17:32:23.389] [Node:4] [HEARTBEAT] [Trace:HB_4_93] Follower等心跳 status FOLLOWER term:93 commitIndex:24
2025/11/03 17:32:23 [17:32:23.490] [Node:4] [HEARTBEAT] [Trace:HB_4_93] Follower等心跳 status FOLLOWER term:93 commitIndex:24
2025/11/03 17:32:23 [17:32:23.563] [Node:4] [RPC_RECV] [Trace:CLIENT_4_1762162343563634000] 接收到日志命令:6611 isLeader:false term:93
2025/11/03 17:32:23 [17:32:23.574] [Node:4] [RPC_RECV] [Trace:CLIENT_4_1762162343573999000] 接收到日志命令:8921 isLeader:false term:93
2025/11/03 17:32:23 [17:32:23.590] [Node:4] [HEARTBEAT] [Trace:HB_4_93] Follower等心跳 status FOLLOWER term:93 commitIndex:24
2025/11/03 17:32:23 [17:32:23.594] [Node:4] [RPC_RECV] [Trace:CLIENT_4_1762162343594195000] 接收到日志命令:2976 isLeader:false term:93
2025/11/03 17:32:23 [17:32:23.609] [Node:4] [RPC_RECV] [Trace:CLIENT_4_1762162343609021000] 接收到日志命令:6425 isLeader:false term:93
2025/11/03 17:32:23 [17:32:23.617] [Node:4] [INFO] [STATE_CHANGE] FOLLOWER->FOLLOWER term:93 reason:变成Candidate
2025/11/03 17:32:23 [17:32:23.617] [Node:4] [TIMER_EVENT] [Trace:TIMER_4] 超时选举 since:233.160459ms threshold:225.894942ms
2025/11/03 17:32:23 [17:32:23.617] [Node:4] [RPC_SEND] [Trace:ELEC_4_94] 发送选举请求
2025/11/03 17:32:23 [17:32:23.617] [Node:4] [RPC_SEND] [Trace:ELEC_4_94] 发送选举请求
2025/11/03 17:32:23 [17:32:23.617] [Node:4] [RPC_SEND] [Trace:ELEC_4_94] 发送选举请求
2025/11/03 17:32:23 [17:32:23.618] [Node:4] [RPC_SEND] [Trace:ELEC_4_94] 发送选举请求
2025/11/03 17:32:23 [17:32:23.622] [Node:4] [RPC_SEND] [Trace:ELEC_4_94] 处理投票返回 for term 94 reply:{94 false}
2025/11/03 17:32:23 [17:32:23.624] [Node:4] [RPC_RECV] [Trace:CLIENT_4_1762162343623998000] 接收到日志命令:1870 isLeader:false term:94
2025/11/03 17:32:23 [17:32:23.638] [Node:4] [RPC_RECV] [Trace:CLIENT_4_1762162343638032000] 接收到日志命令:9775 isLeader:false term:94
2025/11/03 17:32:23 [17:32:23.652] [Node:4] [RPC_RECV] [Trace:CLIENT_4_1762162343652982000] 接收到日志命令:6308 isLeader:false term:94
2025/11/03 17:32:23 [17:32:23.662] [Node:4] [RPC_RECV] [Trace:CLIENT_4_1762162343662817000] 接收到日志命令:2256 isLeader:false term:94
2025/11/03 17:32:23 [17:32:23.665] [Node:4] [RPC_RECV] [Trace:ELEC_2_95][2->4] RequestVote 接受 term:95 candidateId:2 lastLogIndex:43 lastLogTerm:19 currentTerm:94 status:CANDIDATE
2025/11/03 17:32:23 [17:32:23.665] [Node:4] [INFO] [STATE_CHANGE] CANDIDATE->FOLLOWER term:94 reason:降级成follower
2025/11/03 17:32:23 [17:32:23.666] [Node:4] [RPC_RECV] [Trace:ELEC_2_95][2->4] 投票信息 votedFor:-1 lastLogTerm:19 lastLogIndex:35
2025/11/03 17:32:23 [17:32:23.666] [Node:4] [RPC_RECV] [Trace:ELEC_2_95][2->4] 投票给 candidate:2 term:95
2025/11/03 17:32:23 [17:32:23.682] [Node:4] [RPC_RECV] [Trace:CLIENT_4_1762162343682005000] 接收到日志命令:9578 isLeader:false term:95
2025/11/03 17:32:23 [17:32:23.690] [Node:4] [HEARTBEAT] [Trace:HB_4_95] Follower等心跳 status FOLLOWER term:95 commitIndex:24
2025/11/03 17:32:23 [17:32:23.692] [Node:4] [RPC_RECV] [Trace:CLIENT_4_1762162343692904000] 接收到日志命令:2107 isLeader:false term:95
2025/11/03 17:32:23 [17:32:23.703] [Node:4] [RPC_RECV] [Trace:CLIENT_4_1762162343703773000] 接收到日志命令:285 isLeader:false term:95
2025/11/03 17:32:23 [17:32:23.790] [Node:4] [HEARTBEAT] [Trace:HB_4_95] Follower等心跳 status FOLLOWER term:95 commitIndex:24
2025/11/03 17:32:23 [17:32:23.891] [Node:4] [HEARTBEAT] [Trace:HB_4_95] Follower等心跳 status FOLLOWER term:95 commitIndex:24
2025/11/03 17:32:23 [17:32:23.894] [Node:4] [LOG_REPLICA] [Trace:LOG_2_95][2->4] AppendEntries 收到 term:95 leaderId:2 prevLogIndex:24 prevLogTerm:16 entries:19 leaderCommit:24 isHeartbeat:false currentTerm:95 status:FOLLOWER
2025/11/03 17:32:23 [17:32:23.894] [Node:4] [LOG_REPLICA] [Trace:LOG_2_95][2->4] 打印日志结果:[{<nil> 0 false 0} {9885 2 false 1} {7369 4 false 2} {377 9 false 3} {5698 9 false 4} {3675 9 false 5} {7576 9 false 6} {6501 9 false 7} {8962 9 false 8} {9292 11 false 9} {5826 14 false 10} {1116 14 false 11} {8927 16 false 12} {615 16 false 13} {3625 16 false 14} {1425 16 false 15} {9709 16 false 16} {3423 16 false 17} {3134 16 false 18} {3657 16 false 19} {8171 16 false 20} {9440 16 false 21} {6470 16 false 22} {1363 16 false 23} {716 16 false 24} {2684 16 false 25} {5836 19 false 26} {5544 19 false 27} {713 19 false 28} {6403 19 false 29} {881 19 false 30} {3832 19 false 31} {4831 19 false 32} {989 19 false 33} {3559 19 false 34} {4757 19 false 35}] 
2025/11/03 17:32:23 [17:32:23.894] [Node:4] [LOG_REPLICA] [Trace:LOG_2_95][2->4] 复制日志结果:[{<nil> 0 false 0} {9885 2 false 1} {7369 4 false 2} {377 9 false 3} {5698 9 false 4} {3675 9 false 5} {7576 9 false 6} {6501 9 false 7} {8962 9 false 8} {9292 11 false 9} {5826 14 false 10} {1116 14 false 11} {8927 16 false 12} {615 16 false 13} {3625 16 false 14} {1425 16 false 15} {9709 16 false 16} {3423 16 false 17} {3134 16 false 18} {3657 16 false 19} {8171 16 false 20} {9440 16 false 21} {6470 16 false 22} {1363 16 false 23} {716 16 false 24} {2684 16 false 25} {5836 19 false 26} {5544 19 false 27} {713 19 false 28} {6403 19 false 29} {881 19 false 30} {3832 19 false 31} {4831 19 false 32} {989 19 false 33} {3559 19 false 34} {4757 19 false 35} {5501 19 false 36} {705 19 false 37} {528 19 false 38} {4304 19 false 39} {4358 19 false 40} {8941 19 false 41} {1994 19 false 42} {411 19 false 43}] 
2025/11/03 17:32:23 [17:32:23.991] [Node:4] [HEARTBEAT] [Trace:HB_4_95] Follower等心跳 status FOLLOWER term:95 commitIndex:24
2025/11/03 17:32:23 [17:32:23.999] [Node:4] [HEARTBEAT] [Trace:LOG_2_95][2->4] AppendEntries 收到 term:95 leaderId:2 prevLogIndex:43 prevLogTerm:19 entries:0 leaderCommit:24 isHeartbeat:true currentTerm:95 status:FOLLOWER
2025/11/03 17:32:23 [17:32:23.999] [Node:4] [HEARTBEAT] [Trace:LOG_2_95][2->4] 打印日志结果:[{<nil> 0 false 0} {9885 2 false 1} {7369 4 false 2} {377 9 false 3} {5698 9 false 4} {3675 9 false 5} {7576 9 false 6} {6501 9 false 7} {8962 9 false 8} {9292 11 false 9} {5826 14 false 10} {1116 14 false 11} {8927 16 false 12} {615 16 false 13} {3625 16 false 14} {1425 16 false 15} {9709 16 false 16} {3423 16 false 17} {3134 16 false 18} {3657 16 false 19} {8171 16 false 20} {9440 16 false 21} {6470 16 false 22} {1363 16 false 23} {716 16 false 24} {2684 16 false 25} {5836 19 false 26} {5544 19 false 27} {713 19 false 28} {6403 19 false 29} {881 19 false 30} {3832 19 false 31} {4831 19 false 32} {989 19 false 33} {3559 19 false 34} {4757 19 false 35} {5501 19 false 36} {705 19 false 37} {528 19 false 38} {4304 19 false 39} {4358 19 false 40} {8941 19 false 41} {1994 19 false 42} {411 19 false 43}] 
2025/11/03 17:32:23 [17:32:23.999] [Node:4] [HEARTBEAT] [Trace:LOG_2_95][2->4] 复制日志结果:[{<nil> 0 false 0} {9885 2 false 1} {7369 4 false 2} {377 9 false 3} {5698 9 false 4} {3675 9 false 5} {7576 9 false 6} {6501 9 false 7} {8962 9 false 8} {9292 11 false 9} {5826 14 false 10} {1116 14 false 11} {8927 16 false 12} {615 16 false 13} {3625 16 false 14} {1425 16 false 15} {9709 16 false 16} {3423 16 false 17} {3134 16 false 18} {3657 16 false 19} {8171 16 false 20} {9440 16 false 21} {6470 16 false 22} {1363 16 false 23} {716 16 false 24} {2684 16 false 25} {5836 19 false 26} {5544 19 false 27} {713 19 false 28} {6403 19 false 29} {881 19 false 30} {3832 19 false 31} {4831 19 false 32} {989 19 false 33} {3559 19 false 34} {4757 19 false 35} {5501 19 false 36} {705 19 false 37} {528 19 false 38} {4304 19 false 39} {4358 19 false 40} {8941 19 false 41} {1994 19 false 42} {411 19 false 43}] 
2025/11/03 17:32:24 [17:32:24.096] [Node:4] [HEARTBEAT] [Trace:HB_4_95] Follower等心跳 status FOLLOWER term:95 commitIndex:24
2025/11/03 17:32:24 [17:32:24.097] [Node:4] [HEARTBEAT] [Trace:LOG_2_95][2->4] AppendEntries 收到 term:95 leaderId:2 prevLogIndex:43 prevLogTerm:19 entries:0 leaderCommit:24 isHeartbeat:true currentTerm:95 status:FOLLOWER
2025/11/03 17:32:24 [17:32:24.097] [Node:4] [HEARTBEAT] [Trace:LOG_2_95][2->4] 打印日志结果:[{<nil> 0 false 0} {9885 2 false 1} {7369 4 false 2} {377 9 false 3} {5698 9 false 4} {3675 9 false 5} {7576 9 false 6} {6501 9 false 7} {8962 9 false 8} {9292 11 false 9} {5826 14 false 10} {1116 14 false 11} {8927 16 false 12} {615 16 false 13} {3625 16 false 14} {1425 16 false 15} {9709 16 false 16} {3423 16 false 17} {3134 16 false 18} {3657 16 false 19} {8171 16 false 20} {9440 16 false 21} {6470 16 false 22} {1363 16 false 23} {716 16 false 24} {2684 16 false 25} {5836 19 false 26} {5544 19 false 27} {713 19 false 28} {6403 19 false 29} {881 19 false 30} {3832 19 false 31} {4831 19 false 32} {989 19 false 33} {3559 19 false 34} {4757 19 false 35} {5501 19 false 36} {705 19 false 37} {528 19 false 38} {4304 19 false 39} {4358 19 false 40} {8941 19 false 41} {1994 19 false 42} {411 19 false 43}] 
2025/11/03 17:32:24 [17:32:24.097] [Node:4] [HEARTBEAT] [Trace:LOG_2_95][2->4] 复制日志结果:[{<nil> 0 false 0} {9885 2 false 1} {7369 4 false 2} {377 9 false 3} {5698 9 false 4} {3675 9 false 5} {7576 9 false 6} {6501 9 false 7} {8962 9 false 8} {9292 11 false 9} {5826 14 false 10} {1116 14 false 11} {8927 16 false 12} {615 16 false 13} {3625 16 false 14} {1425 16 false 15} {9709 16 false 16} {3423 16 false 17} {3134 16 false 18} {3657 16 false 19} {8171 16 false 20} {9440 16 false 21} {6470 16 false 22} {1363 16 false 23} {716 16 false 24} {2684 16 false 25} {5836 19 false 26} {5544 19 false 27} {713 19 false 28} {6403 19 false 29} {881 19 false 30} {3832 19 false 31} {4831 19 false 32} {989 19 false 33} {3559 19 false 34} {4757 19 false 35} {5501 19 false 36} {705 19 false 37} {528 19 false 38} {4304 19 false 39} {4358 19 false 40} {8941 19 false 41} {1994 19 false 42} {411 19 false 43}] 
2025/11/03 17:32:24 [17:32:24.114] [Node:4] [RPC_RECV] [Trace:CLIENT_4_1762162344114372000] 接收到日志命令:930 isLeader:false term:95
2025/11/03 17:32:24 [17:32:24.125] [Node:4] [RPC_RECV] [Trace:CLIENT_4_1762162344125649000] 接收到日志命令:2850 isLeader:false term:95
2025/11/03 17:32:24 [17:32:24.143] [Node:4] [RPC_RECV] [Trace:CLIENT_4_1762162344143722000] 接收到日志命令:1523 isLeader:false term:95
2025/11/03 17:32:24 [17:32:24.196] [Node:4] [HEARTBEAT] [Trace:HB_4_95] Follower等心跳 status FOLLOWER term:95 commitIndex:24
2025/11/03 17:32:24 [17:32:24.296] [Node:4] [HEARTBEAT] [Trace:HB_4_95] Follower等心跳 status FOLLOWER term:95 commitIndex:24
2025/11/03 17:32:24 [17:32:24.396] [Node:4] [RPC_RECV] [Trace:ELEC_1_96][1->4] RequestVote 接受 term:96 candidateId:1 lastLogIndex:2 lastLogTerm:4 currentTerm:95 status:FOLLOWER
2025/11/03 17:32:24 [17:32:24.397] [Node:4] [INFO] [STATE_CHANGE] FOLLOWER->FOLLOWER term:95 reason:降级成follower
2025/11/03 17:32:24 [17:32:24.397] [Node:4] [RPC_RECV] [Trace:ELEC_1_96][1->4] 投票信息 votedFor:-1 lastLogTerm:19 lastLogIndex:43
2025/11/03 17:32:24 [17:32:24.397] [Node:4] [RPC_RECV] [Trace:ELEC_1_96][1->4] 投票失败兜底 candidate:1 term:96
2025/11/03 17:32:24 [17:32:24.398] [Node:4] [HEARTBEAT] [Trace:HB_4_96] Follower等心跳 status FOLLOWER term:96 commitIndex:24
2025/11/03 17:32:24 [17:32:24.409] [Node:4] [RPC_RECV] [Trace:CLIENT_4_1762162344409357000] 接收到日志命令:5689 isLeader:false term:96
2025/11/03 17:32:24 [17:32:24.430] [Node:4] [RPC_RECV] [Trace:CLIENT_4_1762162344430076000] 接收到日志命令:1537 isLeader:false term:96
2025/11/03 17:32:24 [17:32:24.436] [Node:4] [LOG_REPLICA] [Trace:LOG_0_14][0->4] AppendEntries 收到 term:14 leaderId:0 prevLogIndex:9 prevLogTerm:11 entries:509 leaderCommit:11 isHeartbeat:false currentTerm:96 status:FOLLOWER
2025/11/03 17:32:24 [17:32:24.436] [Node:4] [LOG_REPLICA] [Trace:LOG_0_14][0->4] Rejected: 收到心跳，但是term小于当前term term(14) < currentTerm(96)
2025/11/03 17:32:24 [17:32:24.442] [Node:4] [RPC_RECV] [Trace:CLIENT_4_1762162344442602000] 接收到日志命令:9305 isLeader:false term:96
2025/11/03 17:32:24 [17:32:24.498] [Node:4] [HEARTBEAT] [Trace:HB_4_96] Follower等心跳 status FOLLOWER term:96 commitIndex:24
2025/11/03 17:32:24 [17:32:24.514] [Node:4] [LOG_REPLICA] [Trace:LOG_0_14][0->4] AppendEntries 收到 term:14 leaderId:0 prevLogIndex:9 prevLogTerm:11 entries:511 leaderCommit:11 isHeartbeat:false currentTerm:96 status:FOLLOWER
2025/11/03 17:32:24 [17:32:24.514] [Node:4] [LOG_REPLICA] [Trace:LOG_0_14][0->4] Rejected: 收到心跳，但是term小于当前term term(14) < currentTerm(96)
2025/11/03 17:32:24 [17:32:24.598] [Node:4] [HEARTBEAT] [Trace:HB_4_96] Follower等心跳 status FOLLOWER term:96 commitIndex:24
2025/11/03 17:32:24 [17:32:24.610] [Node:4] [RPC_SEND] [Trace:ELEC_4_90] 处理投票返回 for term 90 reply:{90 false}
2025/11/03 17:32:24 [17:32:24.639] [Node:4] [LOG_REPLICA] [Trace:LOG_0_14][0->4] AppendEntries 收到 term:14 leaderId:0 prevLogIndex:9 prevLogTerm:11 entries:511 leaderCommit:11 isHeartbeat:false currentTerm:96 status:FOLLOWER
2025/11/03 17:32:24 [17:32:24.639] [Node:4] [LOG_REPLICA] [Trace:LOG_0_14][0->4] Rejected: 收到心跳，但是term小于当前term term(14) < currentTerm(96)
2025/11/03 17:32:24 [17:32:24.698] [Node:4] [HEARTBEAT] [Trace:HB_4_96] Follower等心跳 status FOLLOWER term:96 commitIndex:24
2025/11/03 17:32:24 [17:32:24.798] [Node:4] [HEARTBEAT] [Trace:HB_4_96] Follower等心跳 status FOLLOWER term:96 commitIndex:24
2025/11/03 17:32:24 [17:32:24.878] [Node:4] [RPC_RECV] [Trace:ELEC_0_97][0->4] RequestVote 接受 term:97 candidateId:0 lastLogIndex:520 lastLogTerm:14 currentTerm:96 status:FOLLOWER
2025/11/03 17:32:24 [17:32:24.878] [Node:4] [INFO] [STATE_CHANGE] FOLLOWER->FOLLOWER term:96 reason:降级成follower
2025/11/03 17:32:24 [17:32:24.879] [Node:4] [RPC_RECV] [Trace:ELEC_0_97][0->4] 投票信息 votedFor:-1 lastLogTerm:19 lastLogIndex:43
2025/11/03 17:32:24 [17:32:24.879] [Node:4] [RPC_RECV] [Trace:ELEC_0_97][0->4] 投票失败兜底 candidate:0 term:97
2025/11/03 17:32:24 [17:32:24.883] [Node:4] [RPC_RECV] [Trace:CLIENT_4_1762162344883982000] 接收到日志命令:5326 isLeader:false term:97
2025/11/03 17:32:24 [17:32:24.888] [Node:4] [INFO] [STATE_CHANGE] FOLLOWER->FOLLOWER term:97 reason:变成Candidate
2025/11/03 17:32:24 [17:32:24.889] [Node:4] [TIMER_EVENT] [Trace:TIMER_4] 超时选举 since:249.861125ms threshold:206.879087ms
2025/11/03 17:32:24 [17:32:24.889] [Node:4] [RPC_SEND] [Trace:ELEC_4_98] 发送选举请求
2025/11/03 17:32:24 [17:32:24.889] [Node:4] [RPC_SEND] [Trace:ELEC_4_98] 发送选举请求
2025/11/03 17:32:24 [17:32:24.889] [Node:4] [RPC_SEND] [Trace:ELEC_4_98] 发送选举请求
2025/11/03 17:32:24 [17:32:24.889] [Node:4] [RPC_SEND] [Trace:ELEC_4_98] 发送选举请求
2025/11/03 17:32:24 [17:32:24.899] [Node:4] [HEARTBEAT] [Trace:HB_4_98] Follower等心跳 status CANDIDATE term:98 commitIndex:24
2025/11/03 17:32:24 [17:32:24.902] [Node:4] [RPC_RECV] [Trace:CLIENT_4_1762162344902727000] 接收到日志命令:2122 isLeader:false term:98
2025/11/03 17:32:24 [17:32:24.914] [Node:4] [RPC_RECV] [Trace:CLIENT_4_1762162344914644000] 接收到日志命令:9026 isLeader:false term:98
2025/11/03 17:32:24 [17:32:24.923] [Node:4] [RPC_RECV] [Trace:CLIENT_4_1762162344923706000] 接收到日志命令:6831 isLeader:false term:98
2025/11/03 17:32:24 [17:32:24.935] [Node:4] [RPC_RECV] [Trace:CLIENT_4_1762162344935830000] 接收到日志命令:2960 isLeader:false term:98
2025/11/03 17:32:24 [17:32:24.951] [Node:4] [RPC_RECV] [Trace:CLIENT_4_1762162344951337000] 接收到日志命令:754 isLeader:false term:98
2025/11/03 17:32:24 [17:32:24.963] [Node:4] [RPC_RECV] [Trace:CLIENT_4_1762162344963004000] 接收到日志命令:1630 isLeader:false term:98
2025/11/03 17:32:24 [17:32:24.972] [Node:4] [RPC_RECV] [Trace:CLIENT_4_1762162344972925000] 接收到日志命令:7893 isLeader:false term:98
2025/11/03 17:32:24 [17:32:24.982] [Node:4] [RPC_RECV] [Trace:CLIENT_4_1762162344982008000] 接收到日志命令:9614 isLeader:false term:98
2025/11/03 17:32:24 [17:32:24.985] [Node:4] [RPC_RECV] [Trace:CLIENT_4_1762162344985653000] 接收到日志命令:3139 isLeader:false term:98
2025/11/03 17:32:24 [17:32:24.997] [Node:4] [RPC_RECV] [Trace:CLIENT_4_1762162344997907000] 接收到日志命令:6643 isLeader:false term:98
2025/11/03 17:32:24 [17:32:24.999] [Node:4] [HEARTBEAT] [Trace:HB_4_98] Follower等心跳 status CANDIDATE term:98 commitIndex:24
2025/11/03 17:32:25 [17:32:25.099] [Node:4] [HEARTBEAT] [Trace:HB_4_98] Follower等心跳 status CANDIDATE term:98 commitIndex:24
2025/11/03 17:32:25 [17:32:25.200] [Node:4] [HEARTBEAT] [Trace:HB_4_98] Follower等心跳 status CANDIDATE term:98 commitIndex:24
2025/11/03 17:32:25 [17:32:25.223] [Node:4] [INFO] [STATE_CHANGE] CANDIDATE->FOLLOWER term:98 reason:变成Candidate
2025/11/03 17:32:25 [17:32:25.223] [Node:4] [TIMER_EVENT] [Trace:TIMER_4] 超时选举 since:334.202625ms threshold:331.480169ms
2025/11/03 17:32:25 [17:32:25.223] [Node:4] [RPC_SEND] [Trace:ELEC_4_99] 发送选举请求
2025/11/03 17:32:25 [17:32:25.226] [Node:4] [RPC_SEND] [Trace:ELEC_4_99] 发送选举请求
2025/11/03 17:32:25 [17:32:25.226] [Node:4] [RPC_SEND] [Trace:ELEC_4_99] 发送选举请求
2025/11/03 17:32:25 [17:32:25.226] [Node:4] [RPC_SEND] [Trace:ELEC_4_99] 发送选举请求
2025/11/03 17:32:25 [17:32:25.237] [Node:4] [RPC_RECV] [Trace:ELEC_0_99][0->4] RequestVote 接受 term:99 candidateId:0 lastLogIndex:520 lastLogTerm:14 currentTerm:99 status:CANDIDATE
2025/11/03 17:32:25 [17:32:25.237] [Node:4] [RPC_RECV] [Trace:ELEC_0_99][0->4] 投票信息 votedFor:4 lastLogTerm:19 lastLogIndex:43
2025/11/03 17:32:25 [17:32:25.237] [Node:4] [RPC_RECV] [Trace:ELEC_0_99][0->4] 投票失败兜底 candidate:0 term:99
2025/11/03 17:32:25 [17:32:25.239] [Node:4] [RPC_SEND] [Trace:ELEC_4_99] 处理投票返回 for term 99 reply:{99 false}
2025/11/03 17:32:25 [17:32:25.254] [Node:4] [RPC_RECV] [Trace:CLIENT_4_1762162345254389000] 接收到日志命令:6677 isLeader:false term:99
2025/11/03 17:32:25 [17:32:25.267] [Node:4] [RPC_RECV] [Trace:CLIENT_4_1762162345267441000] 接收到日志命令:147 isLeader:false term:99
2025/11/03 17:32:25 [17:32:25.279] [Node:4] [RPC_RECV] [Trace:CLIENT_4_1762162345279713000] 接收到日志命令:3873 isLeader:false term:99
2025/11/03 17:32:25 [17:32:25.293] [Node:4] [RPC_RECV] [Trace:CLIENT_4_1762162345293300000] 接收到日志命令:123 isLeader:false term:99
2025/11/03 17:32:25 [17:32:25.300] [Node:4] [HEARTBEAT] [Trace:HB_4_99] Follower等心跳 status CANDIDATE term:99 commitIndex:24
2025/11/03 17:32:25 [17:32:25.306] [Node:4] [RPC_RECV] [Trace:CLIENT_4_1762162345306198000] 接收到日志命令:6897 isLeader:false term:99
2025/11/03 17:32:25 [17:32:25.316] [Node:4] [RPC_RECV] [Trace:CLIENT_4_1762162345316831000] 接收到日志命令:4520 isLeader:false term:99
2025/11/03 17:32:25 [17:32:25.327] [Node:4] [RPC_RECV] [Trace:CLIENT_4_1762162345327904000] 接收到日志命令:427 isLeader:false term:99
2025/11/03 17:32:25 [17:32:25.340] [Node:4] [RPC_RECV] [Trace:CLIENT_4_1762162345340088000] 接收到日志命令:350 isLeader:false term:99
2025/11/03 17:32:25 [17:32:25.352] [Node:4] [RPC_RECV] [Trace:CLIENT_4_1762162345352525000] 接收到日志命令:3527 isLeader:false term:99
2025/11/03 17:32:25 [17:32:25.363] [Node:4] [RPC_RECV] [Trace:CLIENT_4_1762162345363835000] 接收到日志命令:4069 isLeader:false term:99
2025/11/03 17:32:25 [17:32:25.373] [Node:4] [RPC_RECV] [Trace:CLIENT_4_1762162345373876000] 接收到日志命令:4854 isLeader:false term:99
2025/11/03 17:32:25 [17:32:25.378] [Node:4] [RPC_RECV] [Trace:CLIENT_4_1762162345378703000] 接收到日志命令:2430 isLeader:false term:99
2025/11/03 17:32:25 [17:32:25.401] [Node:4] [HEARTBEAT] [Trace:HB_4_99] Follower等心跳 status CANDIDATE term:99 commitIndex:24
2025/11/03 17:32:25 [17:32:25.406] [Node:4] [RPC_SEND] [Trace:ELEC_4_98] 处理投票返回 for term 98 reply:{98 true}
2025/11/03 17:32:25 [17:32:25.416] [Node:4] [RPC_SEND] [Trace:ELEC_4_94] 处理投票返回 for term 94 reply:{94 true}
2025/11/03 17:32:25 [17:32:25.453] [Node:4] [INFO] [STATE_CHANGE] CANDIDATE->FOLLOWER term:99 reason:变成Candidate
2025/11/03 17:32:25 [17:32:25.453] [Node:4] [TIMER_EVENT] [Trace:TIMER_4] 超时选举 since:229.799333ms threshold:206.601479ms
2025/11/03 17:32:25 [17:32:25.453] [Node:4] [RPC_SEND] [Trace:ELEC_4_100] 发送选举请求
2025/11/03 17:32:25 [17:32:25.453] [Node:4] [RPC_SEND] [Trace:ELEC_4_100] 发送选举请求
2025/11/03 17:32:25 [17:32:25.454] [Node:4] [RPC_SEND] [Trace:ELEC_4_100] 发送选举请求
2025/11/03 17:32:25 [17:32:25.453] [Node:4] [RPC_SEND] [Trace:ELEC_4_100] 发送选举请求
2025/11/03 17:32:25 [17:32:25.482] [Node:4] [RPC_SEND] [Trace:ELEC_4_98] 处理投票返回 for term 98 reply:{98 true}
2025/11/03 17:32:25 [17:32:25.503] [Node:4] [HEARTBEAT] [Trace:HB_4_100] Follower等心跳 status CANDIDATE term:100 commitIndex:24
2025/11/03 17:32:25 [17:32:25.607] [Node:4] [HEARTBEAT] [Trace:HB_4_100] Follower等心跳 status CANDIDATE term:100 commitIndex:24
2025/11/03 17:32:25 [17:32:25.642] [Node:4] [RPC_RECV] [Trace:CLIENT_4_1762162345642649000] 接收到日志命令:9440 isLeader:false term:100
2025/11/03 17:32:25 [17:32:25.709] [Node:4] [HEARTBEAT] [Trace:HB_4_100] Follower等心跳 status CANDIDATE term:100 commitIndex:24
2025/11/03 17:32:25 [17:32:25.716] [Node:4] [RPC_RECV] [Trace:ELEC_0_101][0->4] RequestVote 接受 term:101 candidateId:0 lastLogIndex:520 lastLogTerm:14 currentTerm:100 status:CANDIDATE
2025/11/03 17:32:25 [17:32:25.717] [Node:4] [INFO] [STATE_CHANGE] CANDIDATE->FOLLOWER term:100 reason:降级成follower
2025/11/03 17:32:25 [17:32:25.717] [Node:4] [RPC_RECV] [Trace:ELEC_0_101][0->4] 投票信息 votedFor:-1 lastLogTerm:19 lastLogIndex:43
2025/11/03 17:32:25 [17:32:25.717] [Node:4] [RPC_RECV] [Trace:ELEC_0_101][0->4] 投票失败兜底 candidate:0 term:101
2025/11/03 17:32:25 [17:32:25.757] [Node:4] [RPC_SEND] [Trace:ELEC_4_100] 处理投票返回 for term 100 reply:{100 true}
2025/11/03 17:32:25 [17:32:25.758] [Node:4] [INFO] [STATE_CHANGE] FOLLOWER->FOLLOWER term:101 reason:变成Candidate
2025/11/03 17:32:25 [17:32:25.758] [Node:4] [TIMER_EVENT] [Trace:TIMER_4] 超时选举 since:304.684209ms threshold:266.643633ms
2025/11/03 17:32:25 [17:32:25.758] [Node:4] [RPC_SEND] [Trace:ELEC_4_102] 发送选举请求
2025/11/03 17:32:25 [17:32:25.758] [Node:4] [RPC_SEND] [Trace:ELEC_4_102] 发送选举请求
2025/11/03 17:32:25 [17:32:25.758] [Node:4] [RPC_SEND] [Trace:ELEC_4_102] 发送选举请求
2025/11/03 17:32:25 [17:32:25.759] [Node:4] [RPC_SEND] [Trace:ELEC_4_102] 发送选举请求
2025/11/03 17:32:25 [17:32:25.771] [Node:4] [RPC_SEND] [Trace:ELEC_4_102] 处理投票返回 for term 102 reply:{102 true}
2025/11/03 17:32:25 [17:32:25.774] [Node:4] [RPC_SEND] [Trace:ELEC_4_102] 处理投票返回 for term 102 reply:{102 true}
2025/11/03 17:32:25 [17:32:25.774] [Node:4] [INFO] [STATE_CHANGE] CANDIDATE->LEADER term:102 reason:成为Leader
2025/11/03 17:32:25 [17:32:25.809] [Node:4] [HEARTBEAT] [Trace:HB_4_102] 开始发送心跳广播 status LEADER term:102 commitIndex:24
2025/11/03 17:32:25 [17:32:25.813] [Node:4] [RPC_RECV] [Trace:CLIENT_4_1762162345813004000] 接收到日志命令:6856 isLeader:true term:102
2025/11/03 17:32:25 [17:32:25.822] [Node:4] [LOG_REPLICA] [Trace:LOG_4_102][4->0] 心跳返回 from peer:0 term:102 success:false
2025/11/03 17:32:25 [17:32:25.822] [Node:4] [LOG_REPLICA] [Trace:LOG_4_102][4->0] 日志复制返回失败，开始快速恢复 for peer:0 starting fast recovery replyLogIndex:10
2025/11/03 17:32:25 [17:32:25.826] [Node:4] [RPC_RECV] [Trace:CLIENT_4_1762162345826024000] 接收到日志命令:6148 isLeader:true term:102
2025/11/03 17:32:25 [17:32:25.830] [Node:4] [RPC_SEND] [Trace:ELEC_4_100] 处理投票返回 for term 100 reply:{100 true}
2025/11/03 17:32:25 [17:32:25.831] [Node:4] [RPC_RECV] [Trace:CLIENT_4_1762162345830999000] 接收到日志命令:7835 isLeader:true term:102
2025/11/03 17:32:25 [17:32:25.836] [Node:4] [RPC_RECV] [Trace:CLIENT_4_1762162345836943000] 接收到日志命令:4314 isLeader:true term:102
2025/11/03 17:32:25 [17:32:25.841] [Node:4] [RPC_RECV] [Trace:CLIENT_4_1762162345841368000] 接收到日志命令:7676 isLeader:true term:102
2025/11/03 17:32:25 [17:32:25.852] [Node:4] [RPC_RECV] [Trace:CLIENT_4_1762162345852095000] 接收到日志命令:5480 isLeader:true term:102
2025/11/03 17:32:25 [17:32:25.856] [Node:4] [RPC_RECV] [Trace:CLIENT_4_1762162345856141000] 接收到日志命令:4382 isLeader:true term:102
2025/11/03 17:32:25 [17:32:25.862] [Node:4] [RPC_RECV] [Trace:CLIENT_4_1762162345862306000] 接收到日志命令:2582 isLeader:true term:102
2025/11/03 17:32:25 [17:32:25.874] [Node:4] [RPC_RECV] [Trace:CLIENT_4_1762162345874454000] 接收到日志命令:7443 isLeader:true term:102
2025/11/03 17:32:25 [17:32:25.889] [Node:4] [RPC_RECV] [Trace:CLIENT_4_1762162345889741000] 接收到日志命令:9134 isLeader:true term:102
2025/11/03 17:32:25 [17:32:25.894] [Node:4] [RPC_RECV] [Trace:CLIENT_4_1762162345894928000] 接收到日志命令:2649 isLeader:true term:102
2025/11/03 17:32:25 [17:32:25.900] [Node:4] [RPC_RECV] [Trace:CLIENT_4_1762162345900208000] 接收到日志命令:586 isLeader:true term:102
2025/11/03 17:32:25 [17:32:25.909] [Node:4] [HEARTBEAT] [Trace:HB_4_102] 开始发送心跳广播 status LEADER term:102 commitIndex:24
2025/11/03 17:32:25 [17:32:25.915] [Node:4] [RPC_RECV] [Trace:CLIENT_4_1762162345915547000] 接收到日志命令:4045 isLeader:true term:102
2025/11/03 17:32:25 [17:32:25.929] [Node:4] [RPC_RECV] [Trace:CLIENT_4_1762162345929385000] 接收到日志命令:5765 isLeader:true term:102
2025/11/03 17:32:25 [17:32:25.943] [Node:4] [RPC_RECV] [Trace:CLIENT_4_1762162345943931000] 接收到日志命令:9354 isLeader:true term:102
2025/11/03 17:32:25 [17:32:25.952] [Node:4] [RPC_RECV] [Trace:CLIENT_4_1762162345952275000] 接收到日志命令:5329 isLeader:true term:102
2025/11/03 17:32:25 [17:32:25.956] [Node:4] [RPC_RECV] [Trace:CLIENT_4_1762162345956534000] 接收到日志命令:6295 isLeader:true term:102
2025/11/03 17:32:25 [17:32:25.961] [Node:4] [RPC_RECV] [Trace:CLIENT_4_1762162345961761000] 接收到日志命令:7065 isLeader:true term:102
2025/11/03 17:32:26 [17:32:26.009] [Node:4] [HEARTBEAT] [Trace:HB_4_102] 开始发送心跳广播 status LEADER term:102 commitIndex:24
2025/11/03 17:32:26 [17:32:26.110] [Node:4] [HEARTBEAT] [Trace:HB_4_102] 开始发送心跳广播 status LEADER term:102 commitIndex:24
2025/11/03 17:32:26 [17:32:26.123] [Node:4] [LOG_REPLICA] [Trace:LOG_4_102][4->1] 心跳返回 from peer:1 term:102 success:false
2025/11/03 17:32:26 [17:32:26.123] [Node:4] [LOG_REPLICA] [Trace:LOG_4_102][4->1] 日志复制返回失败，开始快速恢复 for peer:1 starting fast recovery replyLogIndex:9
2025/11/03 17:32:26 [17:32:26.216] [Node:4] [HEARTBEAT] [Trace:HB_4_102] 开始发送心跳广播 status LEADER term:102 commitIndex:24
2025/11/03 17:32:26 [17:32:26.261] [Node:4] [LOG_REPLICA] [Trace:LOG_4_102][4->0] 心跳返回 from peer:0 term:102 success:true
2025/11/03 17:32:26 [17:32:26.261] [Node:4] [LOG_REPLICA] [Trace:LOG_4_102][4->0] 日志复制返回成功 from peer:0 term:102 agreeCount:2 log [{5826 14 false 10} {1116 14 false 11} {8927 16 false 12} {615 16 false 13} {3625 16 false 14} {1425 16 false 15} {9709 16 false 16} {3423 16 false 17} {3134 16 false 18} {3657 16 false 19} {8171 16 false 20} {9440 16 false 21} {6470 16 false 22} {1363 16 false 23} {716 16 false 24} {2684 16 false 25} {5836 19 false 26} {5544 19 false 27} {713 19 false 28} {6403 19 false 29} {881 19 false 30} {3832 19 false 31} {4831 19 false 32} {989 19 false 33} {3559 19 false 34} {4757 19 false 35} {5501 19 false 36} {705 19 false 37} {528 19 false 38} {4304 19 false 39} {4358 19 false 40} {8941 19 false 41} {1994 19 false 42} {411 19 false 43} {6856 102 false 44} {6148 102 false 45} {7835 102 false 46} {4314 102 false 47} {7676 102 false 48} {5480 102 false 49} {4382 102 false 50} {2582 102 false 51} {7443 102 false 52} {9134 102 false 53} {2649 102 false 54} {586 102 false 55} {4045 102 false 56} {5765 102 false 57} {9354 102 false 58} {5329 102 false 59} {6295 102 false 60} {7065 102 false 61}]
2025/11/03 17:32:26 [17:32:26.261] [Node:4] [LOG_REPLICA] [Trace:LOG_4_102][4->0] 更新后 server:0 matchIndex:61 nextIndex:62
2025/11/03 17:32:26 [17:32:26.300] [Node:4] [RPC_RECV] [Trace:CLIENT_4_1762162346300275000] 接收到日志命令:9755 isLeader:true term:102
2025/11/03 17:32:26 [17:32:26.306] [Node:4] [RPC_RECV] [Trace:CLIENT_4_1762162346306086000] 接收到日志命令:2391 isLeader:true term:102
2025/11/03 17:32:26 [17:32:26.315] [Node:4] [RPC_RECV] [Trace:CLIENT_4_1762162346315305000] 接收到日志命令:6887 isLeader:true term:102
2025/11/03 17:32:26 [17:32:26.316] [Node:4] [HEARTBEAT] [Trace:HB_4_102] 开始发送心跳广播 status LEADER term:102 commitIndex:24
2025/11/03 17:32:26 [17:32:26.327] [Node:4] [RPC_RECV] [Trace:CLIENT_4_1762162346327080000] 接收到日志命令:4272 isLeader:true term:102
2025/11/03 17:32:26 [17:32:26.335] [Node:4] [RPC_RECV] [Trace:CLIENT_4_1762162346335082000] 接收到日志命令:8956 isLeader:true term:102
2025/11/03 17:32:26 [17:32:26.342] [Node:4] [RPC_RECV] [Trace:CLIENT_4_1762162346342906000] 接收到日志命令:1953 isLeader:true term:102
2025/11/03 17:32:26 [17:32:26.358] [Node:4] [RPC_RECV] [Trace:CLIENT_4_1762162346358852000] 接收到日志命令:7762 isLeader:true term:102
2025/11/03 17:32:26 [17:32:26.368] [Node:4] [RPC_RECV] [Trace:CLIENT_4_1762162346368617000] 接收到日志命令:8703 isLeader:true term:102
2025/11/03 17:32:26 [17:32:26.386] [Node:4] [RPC_RECV] [Trace:CLIENT_4_1762162346386482000] 接收到日志命令:7002 isLeader:true term:102
2025/11/03 17:32:26 [17:32:26.397] [Node:4] [RPC_RECV] [Trace:CLIENT_4_1762162346397657000] 接收到日志命令:1467 isLeader:true term:102
2025/11/03 17:32:26 [17:32:26.404] [Node:4] [RPC_RECV] [Trace:CLIENT_4_1762162346404604000] 接收到日志命令:1398 isLeader:true term:102
2025/11/03 17:32:26 [17:32:26.415] [Node:4] [RPC_RECV] [Trace:CLIENT_4_1762162346415576000] 接收到日志命令:8096 isLeader:true term:102
2025/11/03 17:32:26 [17:32:26.416] [Node:4] [HEARTBEAT] [Trace:HB_4_102] 开始发送心跳广播 status LEADER term:102 commitIndex:24
2025/11/03 17:32:26 [17:32:26.433] [Node:4] [RPC_RECV] [Trace:CLIENT_4_1762162346433163000] 接收到日志命令:1450 isLeader:true term:102
2025/11/03 17:32:26 [17:32:26.447] [Node:4] [RPC_RECV] [Trace:CLIENT_4_1762162346447884000] 接收到日志命令:1982 isLeader:true term:102
2025/11/03 17:32:26 [17:32:26.460] [Node:4] [RPC_RECV] [Trace:CLIENT_4_1762162346460026000] 接收到日志命令:8960 isLeader:true term:102
2025/11/03 17:32:26 [17:32:26.470] [Node:4] [RPC_RECV] [Trace:CLIENT_4_1762162346470772000] 接收到日志命令:6598 isLeader:true term:102
2025/11/03 17:32:26 [17:32:26.478] [Node:4] [RPC_RECV] [Trace:CLIENT_4_1762162346478302000] 接收到日志命令:9416 isLeader:true term:102
2025/11/03 17:32:26 [17:32:26.517] [Node:4] [HEARTBEAT] [Trace:HB_4_102] 开始发送心跳广播 status LEADER term:102 commitIndex:24
2025/11/03 17:32:26 [17:32:26.532] [Node:4] [LOG_REPLICA] [Trace:LOG_4_102][4->0] 心跳返回 from peer:0 term:102 success:true
2025/11/03 17:32:26 [17:32:26.533] [Node:4] [LOG_REPLICA] [Trace:LOG_4_102][4->0] 日志复制返回成功 from peer:0 term:102 agreeCount:2 log [{5826 14 false 10} {1116 14 false 11} {8927 16 false 12} {615 16 false 13} {3625 16 false 14} {1425 16 false 15} {9709 16 false 16} {3423 16 false 17} {3134 16 false 18} {3657 16 false 19} {8171 16 false 20} {9440 16 false 21} {6470 16 false 22} {1363 16 false 23} {716 16 false 24} {2684 16 false 25} {5836 19 false 26} {5544 19 false 27} {713 19 false 28} {6403 19 false 29} {881 19 false 30} {3832 19 false 31} {4831 19 false 32} {989 19 false 33} {3559 19 false 34} {4757 19 false 35} {5501 19 false 36} {705 19 false 37} {528 19 false 38} {4304 19 false 39} {4358 19 false 40} {8941 19 false 41} {1994 19 false 42} {411 19 false 43} {6856 102 false 44} {6148 102 false 45} {7835 102 false 46} {4314 102 false 47} {7676 102 false 48} {5480 102 false 49} {4382 102 false 50} {2582 102 false 51} {7443 102 false 52} {9134 102 false 53} {2649 102 false 54} {586 102 false 55} {4045 102 false 56} {5765 102 false 57} {9354 102 false 58} {5329 102 false 59} {6295 102 false 60} {7065 102 false 61}]
2025/11/03 17:32:26 [17:32:26.533] [Node:4] [LOG_REPLICA] [Trace:LOG_4_102][4->0] 日志复制返回成功 但是已经更新过了 from peer:0 term:102 matchIndex:61 log last index:61
2025/11/03 17:32:26 [17:32:26.617] [Node:4] [HEARTBEAT] [Trace:HB_4_102] 开始发送心跳广播 status LEADER term:102 commitIndex:24
2025/11/03 17:32:26 [17:32:26.683] [Node:4] [LOG_REPLICA] [Trace:LOG_4_102][4->1] 心跳返回 from peer:1 term:102 success:false
2025/11/03 17:32:26 [17:32:26.683] [Node:4] [LOG_REPLICA] [Trace:LOG_4_102][4->1] 日志复制返回失败，开始快速恢复 for peer:1 starting fast recovery replyLogIndex:9
2025/11/03 17:32:26 [17:32:26.717] [Node:4] [HEARTBEAT] [Trace:HB_4_102] 开始发送心跳广播 status LEADER term:102 commitIndex:24
2025/11/03 17:32:26 [17:32:26.817] [Node:4] [HEARTBEAT] [Trace:HB_4_102] 开始发送心跳广播 status LEADER term:102 commitIndex:24
2025/11/03 17:32:26 [17:32:26.831] [Node:4] [RPC_SEND] [Trace:ELEC_4_99] 处理投票返回 for term 99 reply:{99 true}
2025/11/03 17:32:26 [17:32:26.849] [Node:4] [RPC_RECV] [Trace:CLIENT_4_1762162346849810000] 接收到日志命令:4867 isLeader:true term:102
2025/11/03 17:32:26 [17:32:26.858] [Node:4] [RPC_RECV] [Trace:CLIENT_4_1762162346858243000] 接收到日志命令:9835 isLeader:true term:102
2025/11/03 17:32:26 [17:32:26.873] [Node:4] [RPC_RECV] [Trace:CLIENT_4_1762162346873286000] 接收到日志命令:232 isLeader:true term:102
2025/11/03 17:32:26 [17:32:26.918] [Node:4] [HEARTBEAT] [Trace:HB_4_102] 开始发送心跳广播 status LEADER term:102 commitIndex:24
2025/11/03 17:32:27 [17:32:27.018] [Node:4] [HEARTBEAT] [Trace:HB_4_102] 开始发送心跳广播 status LEADER term:102 commitIndex:24
2025/11/03 17:32:27 [17:32:27.046] [Node:4] [RPC_RECV] [Trace:CLIENT_4_1762162347046043000] 接收到日志命令:7838 isLeader:true term:102
2025/11/03 17:32:27 [17:32:27.051] [Node:4] [RPC_RECV] [Trace:CLIENT_4_1762162347051785000] 接收到日志命令:4891 isLeader:true term:102
2025/11/03 17:32:27 [17:32:27.060] [Node:4] [RPC_RECV] [Trace:CLIENT_4_1762162347060576000] 接收到日志命令:4424 isLeader:true term:102
2025/11/03 17:32:27 [17:32:27.081] [Node:4] [RPC_RECV] [Trace:CLIENT_4_1762162347081102000] 接收到日志命令:8488 isLeader:true term:102
2025/11/03 17:32:27 [17:32:27.090] [Node:4] [RPC_RECV] [Trace:CLIENT_4_1762162347090354000] 接收到日志命令:6863 isLeader:true term:102
2025/11/03 17:32:27 [17:32:27.102] [Node:4] [RPC_RECV] [Trace:CLIENT_4_1762162347102326000] 接收到日志命令:281 isLeader:true term:102
2025/11/03 17:32:27 [17:32:27.113] [Node:4] [RPC_RECV] [Trace:CLIENT_4_1762162347113654000] 接收到日志命令:5966 isLeader:true term:102
2025/11/03 17:32:27 [17:32:27.119] [Node:4] [HEARTBEAT] [Trace:HB_4_102] 开始发送心跳广播 status LEADER term:102 commitIndex:24
2025/11/03 17:32:27 [17:32:27.124] [Node:4] [RPC_RECV] [Trace:CLIENT_4_1762162347124865000] 接收到日志命令:4456 isLeader:true term:102
2025/11/03 17:32:27 [17:32:27.140] [Node:4] [RPC_RECV] [Trace:CLIENT_4_1762162347140766000] 接收到日志命令:2610 isLeader:true term:102
2025/11/03 17:32:27 [17:32:27.180] [Node:4] [LOG_REPLICA] [Trace:LOG_4_102][4->1] 心跳返回 from peer:1 term:102 success:false
2025/11/03 17:32:27 [17:32:27.180] [Node:4] [LOG_REPLICA] [Trace:LOG_4_102][4->1] 日志复制返回失败，开始快速恢复 for peer:1 starting fast recovery replyLogIndex:9
2025/11/03 17:32:27 [17:32:27.219] [Node:4] [HEARTBEAT] [Trace:HB_4_102] 开始发送心跳广播 status LEADER term:102 commitIndex:24
2025/11/03 17:32:27 [17:32:27.319] [Node:4] [HEARTBEAT] [Trace:HB_4_102] 开始发送心跳广播 status LEADER term:102 commitIndex:24
2025/11/03 17:32:27 [17:32:27.419] [Node:4] [HEARTBEAT] [Trace:HB_4_102] 开始发送心跳广播 status LEADER term:102 commitIndex:24
2025/11/03 17:32:27 [17:32:27.517] [Node:4] [RPC_RECV] [Trace:CLIENT_4_1762162347517009000] 接收到日志命令:6538 isLeader:true term:102
2025/11/03 17:32:27 [17:32:27.520] [Node:4] [HEARTBEAT] [Trace:HB_4_102] 开始发送心跳广播 status LEADER term:102 commitIndex:24
2025/11/03 17:32:27 [17:32:27.533] [Node:4] [RPC_RECV] [Trace:CLIENT_4_1762162347533554000] 接收到日志命令:7424 isLeader:true term:102
2025/11/03 17:32:27 [17:32:27.543] [Node:4] [RPC_RECV] [Trace:CLIENT_4_1762162347543843000] 接收到日志命令:8564 isLeader:true term:102
2025/11/03 17:32:27 [17:32:27.550] [Node:4] [RPC_RECV] [Trace:CLIENT_4_1762162347550508000] 接收到日志命令:2847 isLeader:true term:102
2025/11/03 17:32:27 [17:32:27.625] [Node:4] [HEARTBEAT] [Trace:HB_4_102] 开始发送心跳广播 status LEADER term:102 commitIndex:24
2025/11/03 17:32:27 [17:32:27.730] [Node:4] [HEARTBEAT] [Trace:HB_4_102] 开始发送心跳广播 status LEADER term:102 commitIndex:24
2025/11/03 17:32:27 [17:32:27.838] [Node:4] [HEARTBEAT] [Trace:HB_4_102] 开始发送心跳广播 status LEADER term:102 commitIndex:24
2025/11/03 17:32:27 [17:32:27.865] [Node:4] [RPC_RECV] [Trace:CLIENT_4_1762162347865654000] 接收到日志命令:8230 isLeader:true term:102
2025/11/03 17:32:27 [17:32:27.874] [Node:4] [RPC_RECV] [Trace:CLIENT_4_1762162347874968000] 接收到日志命令:4278 isLeader:true term:102
2025/11/03 17:32:27 [17:32:27.888] [Node:4] [RPC_RECV] [Trace:CLIENT_4_1762162347888509000] 接收到日志命令:7585 isLeader:true term:102
2025/11/03 17:32:27 [17:32:27.905] [Node:4] [RPC_RECV] [Trace:CLIENT_4_1762162347905071000] 接收到日志命令:7452 isLeader:true term:102
2025/11/03 17:32:27 [17:32:27.907] [Node:4] [RPC_RECV] [Trace:CLIENT_4_1762162347907797000] 接收到日志命令:6146 isLeader:true term:102
2025/11/03 17:32:27 [17:32:27.915] [Node:4] [RPC_RECV] [Trace:CLIENT_4_1762162347915521000] 接收到日志命令:5359 isLeader:true term:102
2025/11/03 17:32:27 [17:32:27.938] [Node:4] [HEARTBEAT] [Trace:HB_4_102] 开始发送心跳广播 status LEADER term:102 commitIndex:24
2025/11/03 17:32:28 [17:32:28.038] [Node:4] [HEARTBEAT] [Trace:HB_4_102] 开始发送心跳广播 status LEADER term:102 commitIndex:24
2025/11/03 17:32:28 [17:32:28.105] [Node:4] [RPC_RECV] [Trace:CLIENT_4_1762162348105727000] 接收到日志命令:6343 isLeader:true term:102
2025/11/03 17:32:28 [17:32:28.119] [Node:4] [RPC_RECV] [Trace:CLIENT_4_1762162348119936000] 接收到日志命令:3369 isLeader:true term:102
2025/11/03 17:32:28 [17:32:28.124] [Node:4] [RPC_RECV] [Trace:CLIENT_4_1762162348124889000] 接收到日志命令:2251 isLeader:true term:102
2025/11/03 17:32:28 [17:32:28.138] [Node:4] [HEARTBEAT] [Trace:HB_4_102] 开始发送心跳广播 status LEADER term:102 commitIndex:24
2025/11/03 17:32:28 [17:32:28.138] [Node:4] [RPC_RECV] [Trace:CLIENT_4_1762162348138663000] 接收到日志命令:8653 isLeader:true term:102
2025/11/03 17:32:28 [17:32:28.147] [Node:4] [RPC_RECV] [Trace:CLIENT_4_1762162348147111000] 接收到日志命令:1831 isLeader:true term:102
2025/11/03 17:32:28 [17:32:28.160] [Node:4] [RPC_RECV] [Trace:CLIENT_4_1762162348160665000] 接收到日志命令:1450 isLeader:true term:102
2025/11/03 17:32:28 [17:32:28.175] [Node:4] [RPC_RECV] [Trace:CLIENT_4_1762162348175068000] 接收到日志命令:6479 isLeader:true term:102
2025/11/03 17:32:28 [17:32:28.199] [Node:4] [RPC_RECV] [Trace:CLIENT_4_1762162348199430000] 接收到日志命令:2688 isLeader:true term:102
2025/11/03 17:32:28 [17:32:28.212] [Node:4] [RPC_RECV] [Trace:CLIENT_4_1762162348212117000] 接收到日志命令:5947 isLeader:true term:102
2025/11/03 17:32:28 [17:32:28.226] [Node:4] [RPC_RECV] [Trace:CLIENT_4_1762162348226847000] 接收到日志命令:2976 isLeader:true term:102
2025/11/03 17:32:28 [17:32:28.240] [Node:4] [HEARTBEAT] [Trace:HB_4_102] 开始发送心跳广播 status LEADER term:102 commitIndex:24
2025/11/03 17:32:28 [17:32:28.242] [Node:4] [RPC_RECV] [Trace:CLIENT_4_1762162348242410000] 接收到日志命令:4492 isLeader:true term:102
2025/11/03 17:32:28 [17:32:28.260] [Node:4] [RPC_RECV] [Trace:CLIENT_4_1762162348260250000] 接收到日志命令:5485 isLeader:true term:102
2025/11/03 17:32:28 [17:32:28.278] [Node:4] [RPC_RECV] [Trace:CLIENT_4_1762162348278469000] 接收到日志命令:786 isLeader:true term:102
2025/11/03 17:32:28 [17:32:28.340] [Node:4] [HEARTBEAT] [Trace:HB_4_102] 开始发送心跳广播 status LEADER term:102 commitIndex:24
2025/11/03 17:32:28 [17:32:28.441] [Node:4] [HEARTBEAT] [Trace:HB_4_102] 开始发送心跳广播 status LEADER term:102 commitIndex:24
2025/11/03 17:32:28 [17:32:28.541] [Node:4] [HEARTBEAT] [Trace:HB_4_102] 开始发送心跳广播 status LEADER term:102 commitIndex:24
2025/11/03 17:32:28 [17:32:28.587] [Node:4] [RPC_RECV] [Trace:CLIENT_4_1762162348587466000] 接收到日志命令:1281 isLeader:true term:102
2025/11/03 17:32:28 [17:32:28.605] [Node:4] [RPC_RECV] [Trace:CLIENT_4_1762162348605968000] 接收到日志命令:8062 isLeader:true term:102
2025/11/03 17:32:28 [17:32:28.609] [Node:4] [RPC_RECV] [Trace:CLIENT_4_1762162348609447000] 接收到日志命令:2617 isLeader:true term:102
2025/11/03 17:32:28 [17:32:28.617] [Node:4] [RPC_RECV] [Trace:CLIENT_4_1762162348617561000] 接收到日志命令:9092 isLeader:true term:102
2025/11/03 17:32:28 [17:32:28.634] [Node:4] [RPC_RECV] [Trace:CLIENT_4_1762162348634163000] 接收到日志命令:9582 isLeader:true term:102
2025/11/03 17:32:28 [17:32:28.641] [Node:4] [RPC_RECV] [Trace:CLIENT_4_1762162348641363000] 接收到日志命令:42 isLeader:true term:102
2025/11/03 17:32:28 [17:32:28.643] [Node:4] [HEARTBEAT] [Trace:HB_4_102] 开始发送心跳广播 status LEADER term:102 commitIndex:24
2025/11/03 17:32:28 [17:32:28.744] [Node:4] [HEARTBEAT] [Trace:HB_4_102] 开始发送心跳广播 status LEADER term:102 commitIndex:24
2025/11/03 17:32:28 [17:32:28.775] [Node:4] [RPC_RECV] [Trace:CLIENT_4_1762162348775871000] 接收到日志命令:2001 isLeader:true term:102
2025/11/03 17:32:28 [17:32:28.784] [Node:4] [RPC_RECV] [Trace:CLIENT_4_1762162348784149000] 接收到日志命令:8442 isLeader:true term:102
2025/11/03 17:32:28 [17:32:28.848] [Node:4] [HEARTBEAT] [Trace:HB_4_102] 开始发送心跳广播 status LEADER term:102 commitIndex:24
2025/11/03 17:32:28 [17:32:28.849] [Node:4] [RPC_RECV] [Trace:CLIENT_4_1762162348849071000] 接收到日志命令:4759 isLeader:true term:102
2025/11/03 17:32:28 [17:32:28.857] [Node:4] [RPC_RECV] [Trace:CLIENT_4_1762162348857176000] 接收到日志命令:4697 isLeader:true term:102
2025/11/03 17:32:28 [17:32:28.953] [Node:4] [HEARTBEAT] [Trace:HB_4_102] 开始发送心跳广播 status LEADER term:102 commitIndex:24
2025/11/03 17:32:29 [17:32:29.053] [Node:4] [HEARTBEAT] [Trace:HB_4_102] 开始发送心跳广播 status LEADER term:102 commitIndex:24
2025/11/03 17:32:29 [17:32:29.154] [Node:4] [HEARTBEAT] [Trace:HB_4_102] 开始发送心跳广播 status LEADER term:102 commitIndex:24
2025/11/03 17:32:29 [17:32:29.255] [Node:4] [HEARTBEAT] [Trace:HB_4_102] 开始发送心跳广播 status LEADER term:102 commitIndex:24
2025/11/03 17:32:29 [17:32:29.269] [Node:4] [RPC_RECV] [Trace:CLIENT_4_1762162349269021000] 接收到日志命令:3097 isLeader:true term:102
2025/11/03 17:32:29 [17:32:29.281] [Node:4] [RPC_RECV] [Trace:CLIENT_4_1762162349281933000] 接收到日志命令:7589 isLeader:true term:102
2025/11/03 17:32:29 [17:32:29.303] [Node:4] [RPC_RECV] [Trace:CLIENT_4_1762162349303741000] 接收到日志命令:6055 isLeader:true term:102
2025/11/03 17:32:29 [17:32:29.309] [Node:4] [RPC_RECV] [Trace:CLIENT_4_1762162349309357000] 接收到日志命令:9851 isLeader:true term:102
2025/11/03 17:32:29 [17:32:29.316] [Node:4] [RPC_RECV] [Trace:CLIENT_4_1762162349316625000] 接收到日志命令:7700 isLeader:true term:102
2025/11/03 17:32:29 [17:32:29.321] [Node:4] [RPC_RECV] [Trace:CLIENT_4_1762162349321774000] 接收到日志命令:8290 isLeader:true term:102
2025/11/03 17:32:29 [17:32:29.325] [Node:4] [RPC_RECV] [Trace:CLIENT_4_1762162349325475000] 接收到日志命令:2037 isLeader:true term:102
2025/11/03 17:32:29 [17:32:29.333] [Node:4] [RPC_RECV] [Trace:CLIENT_4_1762162349333990000] 接收到日志命令:9594 isLeader:true term:102
2025/11/03 17:32:29 [17:32:29.350] [Node:4] [RPC_RECV] [Trace:CLIENT_4_1762162349350227000] 接收到日志命令:9981 isLeader:true term:102
2025/11/03 17:32:29 [17:32:29.355] [Node:4] [HEARTBEAT] [Trace:HB_4_102] 开始发送心跳广播 status LEADER term:102 commitIndex:24
2025/11/03 17:32:29 [17:32:29.361] [Node:4] [RPC_RECV] [Trace:CLIENT_4_1762162349361908000] 接收到日志命令:6266 isLeader:true term:102
2025/11/03 17:32:29 [17:32:29.377] [Node:4] [RPC_RECV] [Trace:CLIENT_4_1762162349377572000] 接收到日志命令:1337 isLeader:true term:102
2025/11/03 17:32:29 [17:32:29.381] [Node:4] [RPC_RECV] [Trace:CLIENT_4_1762162349381148000] 接收到日志命令:8619 isLeader:true term:102
2025/11/03 17:32:29 [17:32:29.390] [Node:4] [RPC_RECV] [Trace:CLIENT_4_1762162349390667000] 接收到日志命令:2324 isLeader:true term:102
2025/11/03 17:32:29 [17:32:29.393] [Node:4] [RPC_RECV] [Trace:CLIENT_4_1762162349393902000] 接收到日志命令:4543 isLeader:true term:102
2025/11/03 17:32:29 [17:32:29.408] [Node:4] [RPC_RECV] [Trace:CLIENT_4_1762162349408368000] 接收到日志命令:1349 isLeader:true term:102
2025/11/03 17:32:29 [17:32:29.412] [Node:4] [RPC_RECV] [Trace:CLIENT_4_1762162349412810000] 接收到日志命令:9673 isLeader:true term:102
2025/11/03 17:32:29 [17:32:29.423] [Node:4] [RPC_RECV] [Trace:CLIENT_4_1762162349423200000] 接收到日志命令:4225 isLeader:true term:102
2025/11/03 17:32:29 [17:32:29.455] [Node:4] [HEARTBEAT] [Trace:HB_4_102] 开始发送心跳广播 status LEADER term:102 commitIndex:24
2025/11/03 17:32:29 [17:32:29.556] [Node:4] [HEARTBEAT] [Trace:HB_4_102] 开始发送心跳广播 status LEADER term:102 commitIndex:24
2025/11/03 17:32:29 [17:32:29.657] [Node:4] [HEARTBEAT] [Trace:HB_4_102] 开始发送心跳广播 status LEADER term:102 commitIndex:24
2025/11/03 17:32:29 [17:32:29.769] [Node:4] [HEARTBEAT] [Trace:HB_4_102] 开始发送心跳广播 status LEADER term:102 commitIndex:24
2025/11/03 17:32:29 [17:32:29.870] [Node:4] [HEARTBEAT] [Trace:HB_4_102] 开始发送心跳广播 status LEADER term:102 commitIndex:24
2025/11/03 17:32:29 [17:32:29.921] [Node:4] [RPC_RECV] [Trace:CLIENT_4_1762162349921325000] 接收到日志命令:4720 isLeader:true term:102
2025/11/03 17:32:29 [17:32:29.933] [Node:4] [RPC_RECV] [Trace:CLIENT_4_1762162349933846000] 接收到日志命令:8946 isLeader:true term:102
2025/11/03 17:32:29 [17:32:29.947] [Node:4] [RPC_RECV] [Trace:CLIENT_4_1762162349947030000] 接收到日志命令:6905 isLeader:true term:102
2025/11/03 17:32:29 [17:32:29.956] [Node:4] [RPC_RECV] [Trace:CLIENT_4_1762162349956499000] 接收到日志命令:6569 isLeader:true term:102
2025/11/03 17:32:29 [17:32:29.970] [Node:4] [RPC_RECV] [Trace:CLIENT_4_1762162349970735000] 接收到日志命令:6945 isLeader:true term:102
2025/11/03 17:32:29 [17:32:29.972] [Node:4] [HEARTBEAT] [Trace:HB_4_102] 开始发送心跳广播 status LEADER term:102 commitIndex:24
2025/11/03 17:32:29 [17:32:29.985] [Node:4] [RPC_RECV] [Trace:CLIENT_4_1762162349985357000] 接收到日志命令:987 isLeader:true term:102
2025/11/03 17:32:30 [17:32:30.001] [Node:4] [RPC_RECV] [Trace:CLIENT_4_1762162350001507000] 接收到日志命令:3010 isLeader:true term:102
2025/11/03 17:32:30 [17:32:30.011] [Node:4] [RPC_RECV] [Trace:CLIENT_4_1762162350011901000] 接收到日志命令:3610 isLeader:true term:102
2025/11/03 17:32:30 [17:32:30.021] [Node:4] [RPC_RECV] [Trace:CLIENT_4_1762162350021161000] 接收到日志命令:4408 isLeader:true term:102
2025/11/03 17:32:30 [17:32:30.031] [Node:4] [RPC_RECV] [Trace:CLIENT_4_1762162350031016000] 接收到日志命令:9771 isLeader:true term:102
2025/11/03 17:32:30 [17:32:30.033] [Node:4] [RPC_RECV] [Trace:CLIENT_4_1762162350033799000] 接收到日志命令:2729 isLeader:true term:102
2025/11/03 17:32:30 [17:32:30.049] [Node:4] [RPC_RECV] [Trace:CLIENT_4_1762162350049477000] 接收到日志命令:8793 isLeader:true term:102
2025/11/03 17:32:30 [17:32:30.060] [Node:4] [RPC_RECV] [Trace:CLIENT_4_1762162350060119000] 接收到日志命令:2239 isLeader:true term:102
2025/11/03 17:32:30 [17:32:30.074] [Node:4] [HEARTBEAT] [Trace:HB_4_102] 开始发送心跳广播 status LEADER term:102 commitIndex:24
2025/11/03 17:32:30 [17:32:30.076] [Node:4] [RPC_RECV] [Trace:CLIENT_4_1762162350076788000] 接收到日志命令:8569 isLeader:true term:102
2025/11/03 17:32:30 [17:32:30.093] [Node:4] [RPC_RECV] [Trace:CLIENT_4_1762162350093624000] 接收到日志命令:4500 isLeader:true term:102
2025/11/03 17:32:30 [17:32:30.175] [Node:4] [HEARTBEAT] [Trace:HB_4_102] 开始发送心跳广播 status LEADER term:102 commitIndex:24
2025/11/03 17:32:30 [17:32:30.275] [Node:4] [HEARTBEAT] [Trace:HB_4_102] 开始发送心跳广播 status LEADER term:102 commitIndex:24
2025/11/03 17:32:30 [17:32:30.302] [Node:4] [RPC_RECV] [Trace:CLIENT_4_1762162350302048000] 接收到日志命令:5892 isLeader:true term:102
2025/11/03 17:32:30 [17:32:30.318] [Node:4] [RPC_RECV] [Trace:CLIENT_4_1762162350318710000] 接收到日志命令:204 isLeader:true term:102
2025/11/03 17:32:30 [17:32:30.339] [Node:4] [RPC_RECV] [Trace:CLIENT_4_1762162350339408000] 接收到日志命令:1442 isLeader:true term:102
2025/11/03 17:32:30 [17:32:30.362] [Node:4] [RPC_RECV] [Trace:CLIENT_4_1762162350362196000] 接收到日志命令:3314 isLeader:true term:102
2025/11/03 17:32:30 [17:32:30.364] [Node:4] [RPC_RECV] [Trace:CLIENT_4_1762162350364871000] 接收到日志命令:3855 isLeader:true term:102
2025/11/03 17:32:30 [17:32:30.373] [Node:4] [RPC_RECV] [Trace:CLIENT_4_1762162350373119000] 接收到日志命令:5563 isLeader:true term:102
2025/11/03 17:32:30 [17:32:30.376] [Node:4] [HEARTBEAT] [Trace:HB_4_102] 开始发送心跳广播 status LEADER term:102 commitIndex:24
2025/11/03 17:32:30 [17:32:30.380] [Node:4] [RPC_RECV] [Trace:CLIENT_4_1762162350380551000] 接收到日志命令:9557 isLeader:true term:102
2025/11/03 17:32:30 [17:32:30.390] [Node:4] [RPC_RECV] [Trace:CLIENT_4_1762162350390938000] 接收到日志命令:3759 isLeader:true term:102
2025/11/03 17:32:30 [17:32:30.400] [Node:4] [RPC_RECV] [Trace:CLIENT_4_1762162350400365000] 接收到日志命令:9675 isLeader:true term:102
2025/11/03 17:32:30 [17:32:30.416] [Node:4] [RPC_RECV] [Trace:CLIENT_4_1762162350416706000] 接收到日志命令:2073 isLeader:true term:102
2025/11/03 17:32:30 [17:32:30.425] [Node:4] [RPC_RECV] [Trace:CLIENT_4_1762162350425324000] 接收到日志命令:5921 isLeader:true term:102
2025/11/03 17:32:30 [17:32:30.431] [Node:4] [RPC_RECV] [Trace:CLIENT_4_1762162350431822000] 接收到日志命令:6669 isLeader:true term:102
2025/11/03 17:32:30 [17:32:30.440] [Node:4] [RPC_RECV] [Trace:CLIENT_4_1762162350440375000] 接收到日志命令:3190 isLeader:true term:102
2025/11/03 17:32:30 [17:32:30.448] [Node:4] [RPC_RECV] [Trace:CLIENT_4_1762162350448262000] 接收到日志命令:3786 isLeader:true term:102
2025/11/03 17:32:30 [17:32:30.458] [Node:4] [RPC_RECV] [Trace:CLIENT_4_1762162350458632000] 接收到日志命令:7617 isLeader:true term:102
2025/11/03 17:32:30 [17:32:30.467] [Node:4] [RPC_RECV] [Trace:CLIENT_4_1762162350467818000] 接收到日志命令:8603 isLeader:true term:102
2025/11/03 17:32:30 [17:32:30.476] [Node:4] [HEARTBEAT] [Trace:HB_4_102] 开始发送心跳广播 status LEADER term:102 commitIndex:24
2025/11/03 17:32:30 [17:32:30.576] [Node:4] [HEARTBEAT] [Trace:HB_4_102] 开始发送心跳广播 status LEADER term:102 commitIndex:24
2025/11/03 17:32:30 [17:32:30.583] [Node:4] [RPC_RECV] [Trace:CLIENT_4_1762162350583776000] 接收到日志命令:4380 isLeader:true term:102
2025/11/03 17:32:30 [17:32:30.628] [Node:4] [RPC_RECV] [Trace:CLIENT_4_1762162350628897000] 接收到日志命令:7328 isLeader:true term:102
2025/11/03 17:32:30 [17:32:30.646] [Node:4] [RPC_RECV] [Trace:CLIENT_4_1762162350646228000] 接收到日志命令:8008 isLeader:true term:102
2025/11/03 17:32:30 [17:32:30.657] [Node:4] [RPC_RECV] [Trace:CLIENT_4_1762162350657291000] 接收到日志命令:2574 isLeader:true term:102
2025/11/03 17:32:30 [17:32:30.665] [Node:4] [RPC_RECV] [Trace:CLIENT_4_1762162350665638000] 接收到日志命令:3005 isLeader:true term:102
2025/11/03 17:32:30 [17:32:30.673] [Node:4] [RPC_RECV] [Trace:CLIENT_4_1762162350673331000] 接收到日志命令:980 isLeader:true term:102
2025/11/03 17:32:30 [17:32:30.677] [Node:4] [HEARTBEAT] [Trace:HB_4_102] 开始发送心跳广播 status LEADER term:102 commitIndex:24
2025/11/03 17:32:30 [17:32:30.681] [Node:4] [RPC_RECV] [Trace:CLIENT_4_1762162350681051000] 接收到日志命令:3908 isLeader:true term:102
2025/11/03 17:32:30 [17:32:30.683] [Node:4] [RPC_RECV] [Trace:CLIENT_4_1762162350683968000] 接收到日志命令:6462 isLeader:true term:102
2025/11/03 17:32:30 [17:32:30.691] [Node:4] [RPC_RECV] [Trace:CLIENT_4_1762162350691404000] 接收到日志命令:4864 isLeader:true term:102
2025/11/03 17:32:30 [17:32:30.695] [Node:4] [RPC_RECV] [Trace:CLIENT_4_1762162350695000000] 接收到日志命令:2873 isLeader:true term:102
2025/11/03 17:32:30 [17:32:30.699] [Node:4] [RPC_RECV] [Trace:CLIENT_4_1762162350699271000] 接收到日志命令:7387 isLeader:true term:102
2025/11/03 17:32:30 [17:32:30.704] [Node:4] [RPC_RECV] [Trace:CLIENT_4_1762162350703998000] 接收到日志命令:9149 isLeader:true term:102
2025/11/03 17:32:30 [17:32:30.707] [Node:4] [RPC_RECV] [Trace:CLIENT_4_1762162350707529000] 接收到日志命令:1695 isLeader:true term:102
2025/11/03 17:32:30 [17:32:30.710] [Node:4] [RPC_RECV] [Trace:CLIENT_4_1762162350710825000] 接收到日志命令:2087 isLeader:true term:102
2025/11/03 17:32:30 [17:32:30.714] [Node:4] [RPC_RECV] [Trace:CLIENT_4_1762162350714206000] 接收到日志命令:4542 isLeader:true term:102
2025/11/03 17:32:30 [17:32:30.728] [Node:4] [RPC_RECV] [Trace:CLIENT_4_1762162350728666000] 接收到日志命令:766 isLeader:true term:102
2025/11/03 17:32:30 [17:32:30.735] [Node:4] [RPC_RECV] [Trace:CLIENT_4_1762162350735442000] 接收到日志命令:55 isLeader:true term:102
2025/11/03 17:32:30 [17:32:30.750] [Node:4] [RPC_RECV] [Trace:CLIENT_4_1762162350750874000] 接收到日志命令:3335 isLeader:true term:102
2025/11/03 17:32:30 [17:32:30.761] [Node:4] [RPC_RECV] [Trace:CLIENT_4_1762162350761407000] 接收到日志命令:1718 isLeader:true term:102
2025/11/03 17:32:30 [17:32:30.774] [Node:4] [RPC_RECV] [Trace:CLIENT_4_1762162350774342000] 接收到日志命令:1949 isLeader:true term:102
2025/11/03 17:32:30 [17:32:30.777] [Node:4] [HEARTBEAT] [Trace:HB_4_102] 开始发送心跳广播 status LEADER term:102 commitIndex:24
2025/11/03 17:32:30 [17:32:30.790] [Node:4] [RPC_RECV] [Trace:CLIENT_4_1762162350790777000] 接收到日志命令:4229 isLeader:true term:102
2025/11/03 17:32:30 [17:32:30.804] [Node:4] [RPC_RECV] [Trace:CLIENT_4_1762162350804885000] 接收到日志命令:9410 isLeader:true term:102
2025/11/03 17:32:30 [17:32:30.808] [Node:4] [RPC_RECV] [Trace:CLIENT_4_1762162350808303000] 接收到日志命令:8883 isLeader:true term:102
2025/11/03 17:32:30 [17:32:30.811] [Node:4] [RPC_RECV] [Trace:CLIENT_4_1762162350811774000] 接收到日志命令:6096 isLeader:true term:102
2025/11/03 17:32:30 [17:32:30.822] [Node:4] [RPC_RECV] [Trace:CLIENT_4_1762162350822558000] 接收到日志命令:5855 isLeader:true term:102
2025/11/03 17:32:30 [17:32:30.831] [Node:4] [RPC_RECV] [Trace:CLIENT_4_1762162350831608000] 接收到日志命令:6630 isLeader:true term:102
2025/11/03 17:32:30 [17:32:30.844] [Node:4] [RPC_RECV] [Trace:CLIENT_4_1762162350844588000] 接收到日志命令:6849 isLeader:true term:102
2025/11/03 17:32:30 [17:32:30.877] [Node:4] [HEARTBEAT] [Trace:HB_4_102] 开始发送心跳广播 status LEADER term:102 commitIndex:24
2025/11/03 17:32:30 [17:32:30.979] [Node:4] [HEARTBEAT] [Trace:HB_4_102] 开始发送心跳广播 status LEADER term:102 commitIndex:24
2025/11/03 17:32:31 [17:32:31.080] [Node:4] [HEARTBEAT] [Trace:HB_4_102] 开始发送心跳广播 status LEADER term:102 commitIndex:24
2025/11/03 17:32:31 [17:32:31.168] [Node:4] [RPC_RECV] [Trace:CLIENT_4_1762162351168800000] 接收到日志命令:6945 isLeader:true term:102
2025/11/03 17:32:31 [17:32:31.181] [Node:4] [HEARTBEAT] [Trace:HB_4_102] 开始发送心跳广播 status LEADER term:102 commitIndex:24
2025/11/03 17:32:31 [17:32:31.284] [Node:4] [HEARTBEAT] [Trace:HB_4_102] 开始发送心跳广播 status LEADER term:102 commitIndex:24
2025/11/03 17:32:31 [17:32:31.382] [Node:4] [RPC_RECV] [Trace:CLIENT_4_1762162351382401000] 接收到日志命令:7841 isLeader:true term:102
2025/11/03 17:32:31 [17:32:31.385] [Node:4] [HEARTBEAT] [Trace:HB_4_102] 开始发送心跳广播 status LEADER term:102 commitIndex:24
2025/11/03 17:32:31 [17:32:31.395] [Node:4] [RPC_RECV] [Trace:CLIENT_4_1762162351395476000] 接收到日志命令:4270 isLeader:true term:102
2025/11/03 17:32:31 [17:32:31.404] [Node:4] [RPC_RECV] [Trace:CLIENT_4_1762162351404969000] 接收到日志命令:1470 isLeader:true term:102
2025/11/03 17:32:31 [17:32:31.411] [Node:4] [RPC_RECV] [Trace:CLIENT_4_1762162351411184000] 接收到日志命令:9397 isLeader:true term:102
2025/11/03 17:32:31 [17:32:31.416] [Node:4] [RPC_RECV] [Trace:CLIENT_4_1762162351416093000] 接收到日志命令:5952 isLeader:true term:102
2025/11/03 17:32:31 [17:32:31.485] [Node:4] [HEARTBEAT] [Trace:HB_4_102] 开始发送心跳广播 status LEADER term:102 commitIndex:24
2025/11/03 17:32:31 [17:32:31.572] [Node:4] [RPC_RECV] [Trace:CLIENT_4_1762162351572249000] 接收到日志命令:9771 isLeader:true term:102
2025/11/03 17:32:31 [17:32:31.578] [Node:4] [RPC_RECV] [Trace:CLIENT_4_1762162351578404000] 接收到日志命令:9621 isLeader:true term:102
2025/11/03 17:32:31 [17:32:31.586] [Node:4] [HEARTBEAT] [Trace:HB_4_102] 开始发送心跳广播 status LEADER term:102 commitIndex:24
2025/11/03 17:32:31 [17:32:31.595] [Node:4] [RPC_RECV] [Trace:CLIENT_4_1762162351595813000] 接收到日志命令:9881 isLeader:true term:102
2025/11/03 17:32:31 [17:32:31.606] [Node:4] [RPC_RECV] [Trace:CLIENT_4_1762162351606829000] 接收到日志命令:2224 isLeader:true term:102
2025/11/03 17:32:31 [17:32:31.620] [Node:4] [RPC_RECV] [Trace:CLIENT_4_1762162351620207000] 接收到日志命令:6484 isLeader:true term:102
2025/11/03 17:32:31 [17:32:31.638] [Node:4] [RPC_RECV] [Trace:CLIENT_4_1762162351638903000] 接收到日志命令:2999 isLeader:true term:102
2025/11/03 17:32:31 [17:32:31.648] [Node:4] [RPC_RECV] [Trace:CLIENT_4_1762162351648134000] 接收到日志命令:3858 isLeader:true term:102
2025/11/03 17:32:31 [17:32:31.656] [Node:4] [RPC_RECV] [Trace:CLIENT_4_1762162351656035000] 接收到日志命令:5366 isLeader:true term:102
2025/11/03 17:32:31 [17:32:31.668] [Node:4] [RPC_RECV] [Trace:CLIENT_4_1762162351668223000] 接收到日志命令:5076 isLeader:true term:102
2025/11/03 17:32:31 [17:32:31.681] [Node:4] [RPC_RECV] [Trace:CLIENT_4_1762162351681685000] 接收到日志命令:6870 isLeader:true term:102
2025/11/03 17:32:31 [17:32:31.686] [Node:4] [HEARTBEAT] [Trace:HB_4_102] 开始发送心跳广播 status LEADER term:102 commitIndex:24
2025/11/03 17:32:31 [17:32:31.690] [Node:4] [RPC_RECV] [Trace:CLIENT_4_1762162351690796000] 接收到日志命令:6487 isLeader:true term:102
2025/11/03 17:32:31 [17:32:31.698] [Node:4] [RPC_RECV] [Trace:CLIENT_4_1762162351698010000] 接收到日志命令:7114 isLeader:true term:102
2025/11/03 17:32:31 [17:32:31.704] [Node:4] [RPC_RECV] [Trace:CLIENT_4_1762162351704137000] 接收到日志命令:403 isLeader:true term:102
2025/11/03 17:32:31 [17:32:31.709] [Node:4] [RPC_RECV] [Trace:CLIENT_4_1762162351709241000] 接收到日志命令:9895 isLeader:true term:102
2025/11/03 17:32:31 [17:32:31.718] [Node:4] [RPC_RECV] [Trace:CLIENT_4_1762162351718408000] 接收到日志命令:7782 isLeader:true term:102
2025/11/03 17:32:31 [17:32:31.787] [Node:4] [HEARTBEAT] [Trace:HB_4_102] 开始发送心跳广播 status LEADER term:102 commitIndex:24
2025/11/03 17:32:31 [17:32:31.887] [Node:4] [HEARTBEAT] [Trace:HB_4_102] 开始发送心跳广播 status LEADER term:102 commitIndex:24
2025/11/03 17:32:31 [17:32:31.989] [Node:4] [HEARTBEAT] [Trace:HB_4_102] 开始发送心跳广播 status LEADER term:102 commitIndex:24
2025/11/03 17:32:32 [17:32:32.028] [Node:4] [RPC_RECV] [Trace:CLIENT_4_1762162352028576000] 接收到日志命令:5969 isLeader:true term:102
2025/11/03 17:32:32 [17:32:32.034] [Node:4] [RPC_RECV] [Trace:CLIENT_4_1762162352034513000] 接收到日志命令:6067 isLeader:true term:102
2025/11/03 17:32:32 [17:32:32.045] [Node:4] [RPC_RECV] [Trace:CLIENT_4_1762162352045905000] 接收到日志命令:5666 isLeader:true term:102
2025/11/03 17:32:32 [17:32:32.051] [Node:4] [RPC_RECV] [Trace:CLIENT_4_1762162352051468000] 接收到日志命令:3344 isLeader:true term:102
2025/11/03 17:32:32 [17:32:32.092] [Node:4] [HEARTBEAT] [Trace:HB_4_102] 开始发送心跳广播 status LEADER term:102 commitIndex:24
2025/11/03 17:32:32 [17:32:32.156] [Node:4] [RPC_RECV] [Trace:CLIENT_4_1762162352156702000] 接收到日志命令:5889 isLeader:true term:102
2025/11/03 17:32:32 [17:32:32.165] [Node:4] [RPC_RECV] [Trace:CLIENT_4_1762162352165177000] 接收到日志命令:2064 isLeader:true term:102
2025/11/03 17:32:32 [17:32:32.175] [Node:4] [RPC_RECV] [Trace:CLIENT_4_1762162352175870000] 接收到日志命令:6928 isLeader:true term:102
2025/11/03 17:32:32 [17:32:32.188] [Node:4] [RPC_RECV] [Trace:CLIENT_4_1762162352188225000] 接收到日志命令:1879 isLeader:true term:102
2025/11/03 17:32:32 [17:32:32.192] [Node:4] [HEARTBEAT] [Trace:HB_4_102] 开始发送心跳广播 status LEADER term:102 commitIndex:24
2025/11/03 17:32:32 [17:32:32.202] [Node:4] [RPC_RECV] [Trace:CLIENT_4_1762162352202482000] 接收到日志命令:7736 isLeader:true term:102
2025/11/03 17:32:32 [17:32:32.211] [Node:4] [RPC_RECV] [Trace:CLIENT_4_1762162352211234000] 接收到日志命令:3197 isLeader:true term:102
2025/11/03 17:32:32 [17:32:32.219] [Node:4] [RPC_RECV] [Trace:CLIENT_4_1762162352219404000] 接收到日志命令:8756 isLeader:true term:102
2025/11/03 17:32:32 [17:32:32.225] [Node:4] [RPC_RECV] [Trace:CLIENT_4_1762162352225325000] 接收到日志命令:3533 isLeader:true term:102
2025/11/03 17:32:32 [17:32:32.231] [Node:4] [RPC_RECV] [Trace:CLIENT_4_1762162352231954000] 接收到日志命令:8486 isLeader:true term:102
2025/11/03 17:32:32 [17:32:32.293] [Node:4] [HEARTBEAT] [Trace:HB_4_102] 开始发送心跳广播 status LEADER term:102 commitIndex:24
2025/11/03 17:32:32 [17:32:32.396] [Node:4] [HEARTBEAT] [Trace:HB_4_102] 开始发送心跳广播 status LEADER term:102 commitIndex:24
2025/11/03 17:32:32 [17:32:32.496] [Node:4] [HEARTBEAT] [Trace:HB_4_102] 开始发送心跳广播 status LEADER term:102 commitIndex:24
2025/11/03 17:32:32 [17:32:32.496] [Node:4] [RPC_RECV] [Trace:CLIENT_4_1762162352496810000] 接收到日志命令:779 isLeader:true term:102
2025/11/03 17:32:32 [17:32:32.508] [Node:4] [RPC_RECV] [Trace:CLIENT_4_1762162352508273000] 接收到日志命令:2064 isLeader:true term:102
2025/11/03 17:32:32 [17:32:32.596] [Node:4] [HEARTBEAT] [Trace:HB_4_102] 开始发送心跳广播 status LEADER term:102 commitIndex:24
2025/11/03 17:32:32 [17:32:32.697] [Node:4] [HEARTBEAT] [Trace:HB_4_102] 开始发送心跳广播 status LEADER term:102 commitIndex:24
2025/11/03 17:32:32 [17:32:32.797] [Node:4] [HEARTBEAT] [Trace:HB_4_102] 开始发送心跳广播 status LEADER term:102 commitIndex:24
2025/11/03 17:32:32 [17:32:32.898] [Node:4] [HEARTBEAT] [Trace:HB_4_102] 开始发送心跳广播 status LEADER term:102 commitIndex:24
2025/11/03 17:32:32 [17:32:32.998] [Node:4] [RPC_RECV] [Trace:CLIENT_4_1762162352998270000] 接收到日志命令:7527 isLeader:true term:102
2025/11/03 17:32:33 [17:32:33.000] [Node:4] [HEARTBEAT] [Trace:HB_4_102] 开始发送心跳广播 status LEADER term:102 commitIndex:24
2025/11/03 17:32:33 [17:32:33.010] [Node:4] [RPC_RECV] [Trace:CLIENT_4_1762162353010981000] 接收到日志命令:9494 isLeader:true term:102
2025/11/03 17:32:33 [17:32:33.018] [Node:4] [RPC_RECV] [Trace:CLIENT_4_1762162353018113000] 接收到日志命令:2418 isLeader:true term:102
2025/11/03 17:32:33 [17:32:33.030] [Node:4] [RPC_RECV] [Trace:CLIENT_4_1762162353030023000] 接收到日志命令:3405 isLeader:true term:102
2025/11/03 17:32:33 [17:32:33.042] [Node:4] [RPC_RECV] [Trace:CLIENT_4_1762162353042443000] 接收到日志命令:7501 isLeader:true term:102
2025/11/03 17:32:33 [17:32:33.052] [Node:4] [RPC_RECV] [Trace:CLIENT_4_1762162353052044000] 接收到日志命令:575 isLeader:true term:102
2025/11/03 17:32:33 [17:32:33.061] [Node:4] [RPC_RECV] [Trace:CLIENT_4_1762162353061818000] 接收到日志命令:5941 isLeader:true term:102
2025/11/03 17:32:33 [17:32:33.101] [Node:4] [HEARTBEAT] [Trace:HB_4_102] 开始发送心跳广播 status LEADER term:102 commitIndex:24
2025/11/03 17:32:33 [17:32:33.201] [Node:4] [HEARTBEAT] [Trace:HB_4_102] 开始发送心跳广播 status LEADER term:102 commitIndex:24
2025/11/03 17:32:33 [17:32:33.307] [Node:4] [HEARTBEAT] [Trace:HB_4_102] 开始发送心跳广播 status LEADER term:102 commitIndex:24
2025/11/03 17:32:33 [17:32:33.407] [Node:4] [HEARTBEAT] [Trace:HB_4_102] 开始发送心跳广播 status LEADER term:102 commitIndex:24
2025/11/03 17:32:33 [17:32:33.435] [Node:4] [RPC_RECV] [Trace:CLIENT_4_1762162353435094000] 接收到日志命令:4484 isLeader:true term:102
2025/11/03 17:32:33 [17:32:33.439] [Node:4] [RPC_RECV] [Trace:CLIENT_4_1762162353439411000] 接收到日志命令:5884 isLeader:true term:102
2025/11/03 17:32:33 [17:32:33.453] [Node:4] [RPC_RECV] [Trace:CLIENT_4_1762162353453146000] 接收到日志命令:6418 isLeader:true term:102
2025/11/03 17:32:33 [17:32:33.469] [Node:4] [RPC_RECV] [Trace:CLIENT_4_1762162353469251000] 接收到日志命令:6035 isLeader:true term:102
2025/11/03 17:32:33 [17:32:33.480] [Node:4] [RPC_RECV] [Trace:CLIENT_4_1762162353480192000] 接收到日志命令:5729 isLeader:true term:102
2025/11/03 17:32:33 [17:32:33.504] [Node:4] [RPC_RECV] [Trace:CLIENT_4_1762162353504650000] 接收到日志命令:6739 isLeader:true term:102
2025/11/03 17:32:33 [17:32:33.508] [Node:4] [HEARTBEAT] [Trace:HB_4_102] 开始发送心跳广播 status LEADER term:102 commitIndex:24
2025/11/03 17:32:33 [17:32:33.515] [Node:4] [RPC_RECV] [Trace:CLIENT_4_1762162353515244000] 接收到日志命令:4951 isLeader:true term:102
2025/11/03 17:32:33 [17:32:33.517] [Node:4] [RPC_RECV] [Trace:CLIENT_4_1762162353517506000] 接收到日志命令:5184 isLeader:true term:102
2025/11/03 17:32:33 [17:32:33.525] [Node:4] [RPC_RECV] [Trace:CLIENT_4_1762162353525957000] 接收到日志命令:2837 isLeader:true term:102
2025/11/03 17:32:33 [17:32:33.530] [Node:4] [RPC_RECV] [Trace:CLIENT_4_1762162353530388000] 接收到日志命令:3161 isLeader:true term:102
2025/11/03 17:32:33 [17:32:33.550] [Node:4] [RPC_RECV] [Trace:CLIENT_4_1762162353550142000] 接收到日志命令:5965 isLeader:true term:102
2025/11/03 17:32:33 [17:32:33.554] [Node:4] [RPC_RECV] [Trace:CLIENT_4_1762162353554346000] 接收到日志命令:2182 isLeader:true term:102
2025/11/03 17:32:33 [17:32:33.557] [Node:4] [RPC_RECV] [Trace:CLIENT_4_1762162353557932000] 接收到日志命令:7017 isLeader:true term:102
2025/11/03 17:32:33 [17:32:33.563] [Node:4] [RPC_RECV] [Trace:CLIENT_4_1762162353563255000] 接收到日志命令:2969 isLeader:true term:102
2025/11/03 17:32:33 [17:32:33.569] [Node:4] [RPC_RECV] [Trace:CLIENT_4_1762162353569710000] 接收到日志命令:6710 isLeader:true term:102
2025/11/03 17:32:33 [17:32:33.572] [Node:4] [RPC_RECV] [Trace:CLIENT_4_1762162353572824000] 接收到日志命令:8721 isLeader:true term:102
2025/11/03 17:32:33 [17:32:33.575] [Node:4] [RPC_RECV] [Trace:CLIENT_4_1762162353575622000] 接收到日志命令:7397 isLeader:true term:102
2025/11/03 17:32:33 [17:32:33.582] [Node:4] [RPC_RECV] [Trace:CLIENT_4_1762162353582758000] 接收到日志命令:138 isLeader:true term:102
2025/11/03 17:32:33 [17:32:33.596] [Node:4] [RPC_RECV] [Trace:CLIENT_4_1762162353596805000] 接收到日志命令:9387 isLeader:true term:102
2025/11/03 17:32:33 [17:32:33.604] [Node:4] [RPC_RECV] [Trace:CLIENT_4_1762162353604756000] 接收到日志命令:7480 isLeader:true term:102
2025/11/03 17:32:33 [17:32:33.608] [Node:4] [HEARTBEAT] [Trace:HB_4_102] 开始发送心跳广播 status LEADER term:102 commitIndex:24
2025/11/03 17:32:33 [17:32:33.612] [Node:4] [RPC_RECV] [Trace:CLIENT_4_1762162353612573000] 接收到日志命令:8829 isLeader:true term:102
2025/11/03 17:32:33 [17:32:33.620] [Node:4] [RPC_RECV] [Trace:CLIENT_4_1762162353620550000] 接收到日志命令:2549 isLeader:true term:102
2025/11/03 17:32:33 [17:32:33.630] [Node:4] [RPC_RECV] [Trace:CLIENT_4_1762162353630656000] 接收到日志命令:4147 isLeader:true term:102
2025/11/03 17:32:33 [17:32:33.638] [Node:4] [RPC_RECV] [Trace:CLIENT_4_1762162353638964000] 接收到日志命令:5665 isLeader:true term:102
2025/11/03 17:32:33 [17:32:33.642] [Node:4] [RPC_RECV] [Trace:CLIENT_4_1762162353642948000] 接收到日志命令:1786 isLeader:true term:102
2025/11/03 17:32:33 [17:32:33.655] [Node:4] [RPC_RECV] [Trace:CLIENT_4_1762162353655818000] 接收到日志命令:150 isLeader:true term:102
2025/11/03 17:32:33 [17:32:33.665] [Node:4] [RPC_RECV] [Trace:CLIENT_4_1762162353665686000] 接收到日志命令:9178 isLeader:true term:102
2025/11/03 17:32:33 [17:32:33.672] [Node:4] [RPC_RECV] [Trace:CLIENT_4_1762162353672213000] 接收到日志命令:8739 isLeader:true term:102
2025/11/03 17:32:33 [17:32:33.679] [Node:4] [RPC_RECV] [Trace:CLIENT_4_1762162353679496000] 接收到日志命令:4941 isLeader:true term:102
2025/11/03 17:32:33 [17:32:33.689] [Node:4] [RPC_RECV] [Trace:CLIENT_4_1762162353689387000] 接收到日志命令:3101 isLeader:true term:102
2025/11/03 17:32:33 [17:32:33.703] [Node:4] [RPC_RECV] [Trace:CLIENT_4_1762162353703857000] 接收到日志命令:1271 isLeader:true term:102
2025/11/03 17:32:33 [17:32:33.708] [Node:4] [HEARTBEAT] [Trace:HB_4_102] 开始发送心跳广播 status LEADER term:102 commitIndex:24
2025/11/03 17:32:33 [17:32:33.716] [Node:4] [RPC_RECV] [Trace:CLIENT_4_1762162353716391000] 接收到日志命令:5846 isLeader:true term:102
2025/11/03 17:32:33 [17:32:33.726] [Node:4] [RPC_RECV] [Trace:CLIENT_4_1762162353726048000] 接收到日志命令:9029 isLeader:true term:102
2025/11/03 17:32:33 [17:32:33.727] [Node:4] [RPC_RECV] [Trace:CLIENT_4_1762162353727841000] 接收到日志命令:9223 isLeader:true term:102
2025/11/03 17:32:33 [17:32:33.733] [Node:4] [RPC_RECV] [Trace:CLIENT_4_1762162353733806000] 接收到日志命令:9264 isLeader:true term:102
2025/11/03 17:32:33 [17:32:33.743] [Node:4] [RPC_RECV] [Trace:CLIENT_4_1762162353743029000] 接收到日志命令:9596 isLeader:true term:102
2025/11/03 17:32:33 [17:32:33.809] [Node:4] [HEARTBEAT] [Trace:HB_4_102] 开始发送心跳广播 status LEADER term:102 commitIndex:24
2025/11/03 17:32:33 [17:32:33.909] [Node:4] [HEARTBEAT] [Trace:HB_4_102] 开始发送心跳广播 status LEADER term:102 commitIndex:24
2025/11/03 17:32:34 [17:32:34.022] [Node:4] [HEARTBEAT] [Trace:HB_4_102] 开始发送心跳广播 status LEADER term:102 commitIndex:24
2025/11/03 17:32:34 [17:32:34.122] [Node:4] [HEARTBEAT] [Trace:HB_4_102] 开始发送心跳广播 status LEADER term:102 commitIndex:24
2025/11/03 17:32:34 [17:32:34.219] [Node:4] [RPC_RECV] [Trace:CLIENT_4_1762162354219792000] 接收到日志命令:8024 isLeader:true term:102
2025/11/03 17:32:34 [17:32:34.224] [Node:4] [HEARTBEAT] [Trace:HB_4_102] 开始发送心跳广播 status LEADER term:102 commitIndex:24
2025/11/03 17:32:34 [17:32:34.238] [Node:4] [RPC_RECV] [Trace:CLIENT_4_1762162354238631000] 接收到日志命令:3279 isLeader:true term:102
2025/11/03 17:32:34 [17:32:34.255] [Node:4] [RPC_RECV] [Trace:CLIENT_4_1762162354255442000] 接收到日志命令:4092 isLeader:true term:102
2025/11/03 17:32:34 [17:32:34.272] [Node:4] [RPC_RECV] [Trace:CLIENT_4_1762162354272097000] 接收到日志命令:5927 isLeader:true term:102
2025/11/03 17:32:34 [17:32:34.287] [Node:4] [RPC_RECV] [Trace:CLIENT_4_1762162354287306000] 接收到日志命令:2230 isLeader:true term:102
2025/11/03 17:32:34 [17:32:34.324] [Node:4] [HEARTBEAT] [Trace:HB_4_102] 开始发送心跳广播 status LEADER term:102 commitIndex:24
2025/11/03 17:32:34 [17:32:34.425] [Node:4] [HEARTBEAT] [Trace:HB_4_102] 开始发送心跳广播 status LEADER term:102 commitIndex:24
2025/11/03 17:32:34 [17:32:34.463] [Node:4] [RPC_RECV] [Trace:CLIENT_4_1762162354463819000] 接收到日志命令:3381 isLeader:true term:102
2025/11/03 17:32:34 [17:32:34.531] [Node:4] [HEARTBEAT] [Trace:HB_4_102] 开始发送心跳广播 status LEADER term:102 commitIndex:24
2025/11/03 17:32:34 [17:32:34.632] [Node:4] [HEARTBEAT] [Trace:HB_4_102] 开始发送心跳广播 status LEADER term:102 commitIndex:24
2025/11/03 17:32:34 [17:32:34.732] [Node:4] [HEARTBEAT] [Trace:HB_4_102] 开始发送心跳广播 status LEADER term:102 commitIndex:24
2025/11/03 17:32:34 [17:32:34.838] [Node:4] [HEARTBEAT] [Trace:HB_4_102] 开始发送心跳广播 status LEADER term:102 commitIndex:24
2025/11/03 17:32:34 [17:32:34.938] [Node:4] [HEARTBEAT] [Trace:HB_4_102] 开始发送心跳广播 status LEADER term:102 commitIndex:24
2025/11/03 17:32:34 [17:32:34.951] [Node:4] [RPC_RECV] [Trace:CLIENT_4_1762162354951505000] 接收到日志命令:9745 isLeader:true term:102
2025/11/03 17:32:34 [17:32:34.960] [Node:4] [RPC_RECV] [Trace:CLIENT_4_1762162354960257000] 接收到日志命令:2543 isLeader:true term:102
2025/11/03 17:32:34 [17:32:34.972] [Node:4] [RPC_RECV] [Trace:CLIENT_4_1762162354972253000] 接收到日志命令:6054 isLeader:true term:102
2025/11/03 17:32:34 [17:32:34.978] [Node:4] [RPC_RECV] [Trace:CLIENT_4_1762162354978584000] 接收到日志命令:9900 isLeader:true term:102
2025/11/03 17:32:34 [17:32:34.989] [Node:4] [RPC_RECV] [Trace:CLIENT_4_1762162354989671000] 接收到日志命令:8137 isLeader:true term:102
2025/11/03 17:32:35 [17:32:35.000] [Node:4] [RPC_RECV] [Trace:CLIENT_4_1762162355000366000] 接收到日志命令:6510 isLeader:true term:102
2025/11/03 17:32:35 [17:32:35.016] [Node:4] [RPC_RECV] [Trace:CLIENT_4_1762162355016802000] 接收到日志命令:1030 isLeader:true term:102
2025/11/03 17:32:35 [17:32:35.040] [Node:4] [HEARTBEAT] [Trace:HB_4_102] 开始发送心跳广播 status LEADER term:102 commitIndex:24
2025/11/03 17:32:35 [17:32:35.140] [Node:4] [HEARTBEAT] [Trace:HB_4_102] 开始发送心跳广播 status LEADER term:102 commitIndex:24
2025/11/03 17:32:35 [17:32:35.240] [Node:4] [HEARTBEAT] [Trace:HB_4_102] 开始发送心跳广播 status LEADER term:102 commitIndex:24
2025/11/03 17:32:35 [17:32:35.254] [Node:4] [RPC_RECV] [Trace:CLIENT_4_1762162355254888000] 接收到日志命令:558 isLeader:true term:102
2025/11/03 17:32:35 [17:32:35.268] [Node:4] [RPC_RECV] [Trace:CLIENT_4_1762162355268158000] 接收到日志命令:6076 isLeader:true term:102
2025/11/03 17:32:35 [17:32:35.358] [Node:4] [HEARTBEAT] [Trace:HB_4_102] 开始发送心跳广播 status LEADER term:102 commitIndex:24
2025/11/03 17:32:35 [17:32:35.458] [Node:4] [HEARTBEAT] [Trace:HB_4_102] 开始发送心跳广播 status LEADER term:102 commitIndex:24
2025/11/03 17:32:35 [17:32:35.474] [Node:4] [RPC_RECV] [Trace:CLIENT_4_1762162355474651000] 接收到日志命令:406 isLeader:true term:102
2025/11/03 17:32:35 [17:32:35.488] [Node:4] [RPC_RECV] [Trace:CLIENT_4_1762162355488777000] 接收到日志命令:18 isLeader:true term:102
2025/11/03 17:32:35 [17:32:35.494] [Node:4] [RPC_RECV] [Trace:CLIENT_4_1762162355494673000] 接收到日志命令:1367 isLeader:true term:102
2025/11/03 17:32:35 [17:32:35.513] [Node:4] [RPC_RECV] [Trace:CLIENT_4_1762162355513301000] 接收到日志命令:3546 isLeader:true term:102
2025/11/03 17:32:35 [17:32:35.526] [Node:4] [RPC_RECV] [Trace:CLIENT_4_1762162355526841000] 接收到日志命令:8030 isLeader:true term:102
2025/11/03 17:32:35 [17:32:35.543] [Node:4] [RPC_RECV] [Trace:CLIENT_4_1762162355543166000] 接收到日志命令:1722 isLeader:true term:102
2025/11/03 17:32:35 [17:32:35.551] [Node:4] [RPC_RECV] [Trace:CLIENT_4_1762162355551356000] 接收到日志命令:6865 isLeader:true term:102
2025/11/03 17:32:35 [17:32:35.559] [Node:4] [HEARTBEAT] [Trace:HB_4_102] 开始发送心跳广播 status LEADER term:102 commitIndex:24
2025/11/03 17:32:35 [17:32:35.568] [Node:4] [RPC_RECV] [Trace:CLIENT_4_1762162355568543000] 接收到日志命令:3289 isLeader:true term:102
2025/11/03 17:32:35 [17:32:35.572] [Node:4] [RPC_RECV] [Trace:CLIENT_4_1762162355572303000] 接收到日志命令:6459 isLeader:true term:102
2025/11/03 17:32:35 [17:32:35.588] [Node:4] [RPC_RECV] [Trace:CLIENT_4_1762162355588473000] 接收到日志命令:978 isLeader:true term:102
2025/11/03 17:32:35 [17:32:35.598] [Node:4] [RPC_RECV] [Trace:CLIENT_4_1762162355598568000] 接收到日志命令:7992 isLeader:true term:102
2025/11/03 17:32:35 [17:32:35.605] [Node:4] [RPC_RECV] [Trace:CLIENT_4_1762162355605853000] 接收到日志命令:4005 isLeader:true term:102
2025/11/03 17:32:35 [17:32:35.616] [Node:4] [RPC_RECV] [Trace:CLIENT_4_1762162355616934000] 接收到日志命令:7885 isLeader:true term:102
2025/11/03 17:32:35 [17:32:35.626] [Node:4] [RPC_RECV] [Trace:CLIENT_4_1762162355626755000] 接收到日志命令:6097 isLeader:true term:102
2025/11/03 17:32:35 [17:32:35.642] [Node:4] [RPC_RECV] [Trace:CLIENT_4_1762162355642357000] 接收到日志命令:8646 isLeader:true term:102
2025/11/03 17:32:35 [17:32:35.653] [Node:4] [RPC_RECV] [Trace:CLIENT_4_1762162355653349000] 接收到日志命令:7341 isLeader:true term:102
2025/11/03 17:32:35 [17:32:35.658] [Node:4] [RPC_RECV] [Trace:CLIENT_4_1762162355658615000] 接收到日志命令:7824 isLeader:true term:102
2025/11/03 17:32:35 [17:32:35.661] [Node:4] [HEARTBEAT] [Trace:HB_4_102] 开始发送心跳广播 status LEADER term:102 commitIndex:24
2025/11/03 17:32:35 [17:32:35.674] [Node:4] [RPC_RECV] [Trace:CLIENT_4_1762162355674857000] 接收到日志命令:3280 isLeader:true term:102
2025/11/03 17:32:35 [17:32:35.683] [Node:4] [RPC_RECV] [Trace:CLIENT_4_1762162355683384000] 接收到日志命令:255 isLeader:true term:102
2025/11/03 17:32:35 [17:32:35.689] [Node:4] [RPC_RECV] [Trace:CLIENT_4_1762162355689784000] 接收到日志命令:4945 isLeader:true term:102
2025/11/03 17:32:35 [17:32:35.694] [Node:4] [RPC_RECV] [Trace:CLIENT_4_1762162355694606000] 接收到日志命令:3286 isLeader:true term:102
2025/11/03 17:32:35 [17:32:35.702] [Node:4] [RPC_RECV] [Trace:CLIENT_4_1762162355702100000] 接收到日志命令:5640 isLeader:true term:102
2025/11/03 17:32:35 [17:32:35.711] [Node:4] [RPC_RECV] [Trace:CLIENT_4_1762162355711723000] 接收到日志命令:2696 isLeader:true term:102
2025/11/03 17:32:35 [17:32:35.727] [Node:4] [RPC_RECV] [Trace:CLIENT_4_1762162355727963000] 接收到日志命令:5783 isLeader:true term:102
2025/11/03 17:32:35 [17:32:35.745] [Node:4] [RPC_RECV] [Trace:CLIENT_4_1762162355745002000] 接收到日志命令:6572 isLeader:true term:102
2025/11/03 17:32:35 [17:32:35.759] [Node:4] [RPC_RECV] [Trace:CLIENT_4_1762162355759503000] 接收到日志命令:9736 isLeader:true term:102
2025/11/03 17:32:35 [17:32:35.762] [Node:4] [HEARTBEAT] [Trace:HB_4_102] 开始发送心跳广播 status LEADER term:102 commitIndex:24
2025/11/03 17:32:35 [17:32:35.769] [Node:4] [RPC_RECV] [Trace:CLIENT_4_1762162355769988000] 接收到日志命令:3498 isLeader:true term:102
2025/11/03 17:32:35 [17:32:35.782] [Node:4] [RPC_RECV] [Trace:CLIENT_4_1762162355782666000] 接收到日志命令:8436 isLeader:true term:102
2025/11/03 17:32:35 [17:32:35.796] [Node:4] [RPC_RECV] [Trace:CLIENT_4_1762162355796476000] 接收到日志命令:5776 isLeader:true term:102
2025/11/03 17:32:35 [17:32:35.802] [Node:4] [RPC_RECV] [Trace:CLIENT_4_1762162355802328000] 接收到日志命令:9282 isLeader:true term:102
2025/11/03 17:32:35 [17:32:35.806] [Node:4] [RPC_RECV] [Trace:CLIENT_4_1762162355806547000] 接收到日志命令:4949 isLeader:true term:102
2025/11/03 17:32:35 [17:32:35.819] [Node:4] [RPC_RECV] [Trace:CLIENT_4_1762162355819337000] 接收到日志命令:3727 isLeader:true term:102
2025/11/03 17:32:35 [17:32:35.827] [Node:4] [RPC_RECV] [Trace:CLIENT_4_1762162355827995000] 接收到日志命令:4035 isLeader:true term:102
2025/11/03 17:32:35 [17:32:35.842] [Node:4] [RPC_RECV] [Trace:CLIENT_4_1762162355842980000] 接收到日志命令:4468 isLeader:true term:102
2025/11/03 17:32:35 [17:32:35.857] [Node:4] [RPC_RECV] [Trace:CLIENT_4_1762162355857490000] 接收到日志命令:6746 isLeader:true term:102
2025/11/03 17:32:35 [17:32:35.862] [Node:4] [HEARTBEAT] [Trace:HB_4_102] 开始发送心跳广播 status LEADER term:102 commitIndex:24
2025/11/03 17:32:35 [17:32:35.866] [Node:4] [RPC_RECV] [Trace:CLIENT_4_1762162355866867000] 接收到日志命令:3767 isLeader:true term:102
2025/11/03 17:32:35 [17:32:35.882] [Node:4] [RPC_RECV] [Trace:CLIENT_4_1762162355882700000] 接收到日志命令:8476 isLeader:true term:102
2025/11/03 17:32:35 [17:32:35.898] [Node:4] [RPC_RECV] [Trace:CLIENT_4_1762162355898704000] 接收到日志命令:8068 isLeader:true term:102
2025/11/03 17:32:35 [17:32:35.906] [Node:4] [RPC_RECV] [Trace:CLIENT_4_1762162355906324000] 接收到日志命令:449 isLeader:true term:102
2025/11/03 17:32:35 [17:32:35.915] [Node:4] [RPC_RECV] [Trace:CLIENT_4_1762162355915203000] 接收到日志命令:8860 isLeader:true term:102
2025/11/03 17:32:35 [17:32:35.924] [Node:4] [RPC_RECV] [Trace:CLIENT_4_1762162355924880000] 接收到日志命令:8592 isLeader:true term:102
2025/11/03 17:32:35 [17:32:35.931] [Node:4] [RPC_RECV] [Trace:CLIENT_4_1762162355931457000] 接收到日志命令:110 isLeader:true term:102
2025/11/03 17:32:35 [17:32:35.938] [Node:4] [RPC_RECV] [Trace:CLIENT_4_1762162355938557000] 接收到日志命令:1516 isLeader:true term:102
2025/11/03 17:32:35 [17:32:35.954] [Node:4] [RPC_RECV] [Trace:CLIENT_4_1762162355954318000] 接收到日志命令:6288 isLeader:true term:102
2025/11/03 17:32:35 [17:32:35.961] [Node:4] [RPC_RECV] [Trace:CLIENT_4_1762162355961559000] 接收到日志命令:4164 isLeader:true term:102
2025/11/03 17:32:35 [17:32:35.963] [Node:4] [HEARTBEAT] [Trace:HB_4_102] 开始发送心跳广播 status LEADER term:102 commitIndex:24
2025/11/03 17:32:35 [17:32:35.977] [Node:4] [RPC_RECV] [Trace:CLIENT_4_1762162355977857000] 接收到日志命令:192 isLeader:true term:102
2025/11/03 17:32:35 [17:32:35.994] [Node:4] [RPC_RECV] [Trace:CLIENT_4_1762162355994543000] 接收到日志命令:4400 isLeader:true term:102
2025/11/03 17:32:36 [17:32:36.001] [Node:4] [RPC_RECV] [Trace:CLIENT_4_1762162356001258000] 接收到日志命令:3237 isLeader:true term:102
2025/11/03 17:32:36 [17:32:36.016] [Node:4] [RPC_RECV] [Trace:CLIENT_4_1762162356016108000] 接收到日志命令:3682 isLeader:true term:102
2025/11/03 17:32:36 [17:32:36.026] [Node:4] [RPC_RECV] [Trace:CLIENT_4_1762162356026435000] 接收到日志命令:6624 isLeader:true term:102
2025/11/03 17:32:36 [17:32:36.034] [Node:4] [RPC_RECV] [Trace:CLIENT_4_1762162356034361000] 接收到日志命令:7016 isLeader:true term:102
2025/11/03 17:32:36 [17:32:36.045] [Node:4] [RPC_RECV] [Trace:CLIENT_4_1762162356045372000] 接收到日志命令:1308 isLeader:true term:102
2025/11/03 17:32:36 [17:32:36.058] [Node:4] [RPC_RECV] [Trace:CLIENT_4_1762162356058799000] 接收到日志命令:6552 isLeader:true term:102
2025/11/03 17:32:36 [17:32:36.064] [Node:4] [HEARTBEAT] [Trace:HB_4_102] 开始发送心跳广播 status LEADER term:102 commitIndex:24
2025/11/03 17:32:36 [17:32:36.073] [Node:4] [RPC_RECV] [Trace:CLIENT_4_1762162356073349000] 接收到日志命令:2463 isLeader:true term:102
2025/11/03 17:32:36 [17:32:36.079] [Node:4] [RPC_RECV] [Trace:CLIENT_4_1762162356079484000] 接收到日志命令:1600 isLeader:true term:102
2025/11/03 17:32:36 [17:32:36.096] [Node:4] [RPC_RECV] [Trace:CLIENT_4_1762162356096421000] 接收到日志命令:3364 isLeader:true term:102
2025/11/03 17:32:36 [17:32:36.104] [Node:4] [RPC_RECV] [Trace:CLIENT_4_1762162356104804000] 接收到日志命令:5350 isLeader:true term:102
2025/11/03 17:32:36 [17:32:36.147] [Node:4] [RPC_RECV] [Trace:CLIENT_4_1762162356147457000] 接收到日志命令:230 isLeader:true term:102
2025/11/03 17:32:36 [17:32:36.152] [Node:4] [RPC_RECV] [Trace:CLIENT_4_1762162356152401000] 接收到日志命令:1049 isLeader:true term:102
2025/11/03 17:32:36 [17:32:36.164] [Node:4] [RPC_RECV] [Trace:CLIENT_4_1762162356164602000] 接收到日志命令:696 isLeader:true term:102
2025/11/03 17:32:36 [17:32:36.168] [Node:4] [HEARTBEAT] [Trace:HB_4_102] 开始发送心跳广播 status LEADER term:102 commitIndex:24
2025/11/03 17:32:36 [17:32:36.178] [Node:4] [RPC_RECV] [Trace:CLIENT_4_1762162356178319000] 接收到日志命令:3362 isLeader:true term:102
2025/11/03 17:32:36 [17:32:36.184] [Node:4] [RPC_RECV] [Trace:CLIENT_4_1762162356184197000] 接收到日志命令:5775 isLeader:true term:102
2025/11/03 17:32:36 [17:32:36.190] [Node:4] [RPC_RECV] [Trace:CLIENT_4_1762162356190047000] 接收到日志命令:649 isLeader:true term:102
2025/11/03 17:32:36 [17:32:36.200] [Node:4] [RPC_RECV] [Trace:CLIENT_4_1762162356200305000] 接收到日志命令:3842 isLeader:true term:102
2025/11/03 17:32:36 [17:32:36.215] [Node:4] [RPC_RECV] [Trace:CLIENT_4_1762162356215972000] 接收到日志命令:9105 isLeader:true term:102
2025/11/03 17:32:36 [17:32:36.231] [Node:4] [RPC_RECV] [Trace:CLIENT_4_1762162356231012000] 接收到日志命令:186 isLeader:true term:102
2025/11/03 17:32:36 [17:32:36.242] [Node:4] [RPC_RECV] [Trace:CLIENT_4_1762162356242441000] 接收到日志命令:4939 isLeader:true term:102
2025/11/03 17:32:36 [17:32:36.257] [Node:4] [RPC_RECV] [Trace:CLIENT_4_1762162356257226000] 接收到日志命令:3063 isLeader:true term:102
2025/11/03 17:32:36 [17:32:36.268] [Node:4] [HEARTBEAT] [Trace:HB_4_102] 开始发送心跳广播 status LEADER term:102 commitIndex:24
2025/11/03 17:32:36 [17:32:36.270] [Node:4] [RPC_RECV] [Trace:CLIENT_4_1762162356270366000] 接收到日志命令:6082 isLeader:true term:102
2025/11/03 17:32:36 [17:32:36.283] [Node:4] [RPC_RECV] [Trace:CLIENT_4_1762162356283081000] 接收到日志命令:2687 isLeader:true term:102
2025/11/03 17:32:36 [17:32:36.294] [Node:4] [RPC_RECV] [Trace:CLIENT_4_1762162356294294000] 接收到日志命令:1354 isLeader:true term:102
2025/11/03 17:32:36 [17:32:36.306] [Node:4] [RPC_RECV] [Trace:CLIENT_4_1762162356306503000] 接收到日志命令:6830 isLeader:true term:102
2025/11/03 17:32:36 [17:32:36.320] [Node:4] [RPC_RECV] [Trace:CLIENT_4_1762162356320658000] 接收到日志命令:2461 isLeader:true term:102
2025/11/03 17:32:36 [17:32:36.332] [Node:4] [RPC_RECV] [Trace:CLIENT_4_1762162356332327000] 接收到日志命令:4624 isLeader:true term:102
2025/11/03 17:32:36 [17:32:36.344] [Node:4] [RPC_RECV] [Trace:CLIENT_4_1762162356344471000] 接收到日志命令:8571 isLeader:true term:102
2025/11/03 17:32:36 [17:32:36.357] [Node:4] [RPC_RECV] [Trace:CLIENT_4_1762162356357386000] 接收到日志命令:9804 isLeader:true term:102
2025/11/03 17:32:36 [17:32:36.368] [Node:4] [HEARTBEAT] [Trace:HB_4_102] 开始发送心跳广播 status LEADER term:102 commitIndex:24
2025/11/03 17:32:36 [17:32:36.374] [Node:4] [RPC_RECV] [Trace:CLIENT_4_1762162356374341000] 接收到日志命令:7594 isLeader:true term:102
2025/11/03 17:32:36 [17:32:36.390] [Node:4] [RPC_RECV] [Trace:CLIENT_4_1762162356390852000] 接收到日志命令:7797 isLeader:true term:102
2025/11/03 17:32:36 [17:32:36.406] [Node:4] [RPC_RECV] [Trace:CLIENT_4_1762162356406831000] 接收到日志命令:3912 isLeader:true term:102
2025/11/03 17:32:36 [17:32:36.416] [Node:4] [RPC_RECV] [Trace:CLIENT_4_1762162356416707000] 接收到日志命令:1577 isLeader:true term:102
2025/11/03 17:32:36 [17:32:36.421] [Node:4] [RPC_RECV] [Trace:CLIENT_4_1762162356421466000] 接收到日志命令:6891 isLeader:true term:102
2025/11/03 17:32:36 [17:32:36.434] [Node:4] [RPC_RECV] [Trace:CLIENT_4_1762162356434026000] 接收到日志命令:3745 isLeader:true term:102
2025/11/03 17:32:36 [17:32:36.444] [Node:4] [RPC_RECV] [Trace:CLIENT_4_1762162356444304000] 接收到日志命令:4106 isLeader:true term:102
2025/11/03 17:32:36 [17:32:36.457] [Node:4] [RPC_RECV] [Trace:CLIENT_4_1762162356457142000] 接收到日志命令:1315 isLeader:true term:102
2025/11/03 17:32:36 [17:32:36.469] [Node:4] [HEARTBEAT] [Trace:HB_4_102] 开始发送心跳广播 status LEADER term:102 commitIndex:24
2025/11/03 17:32:36 [17:32:36.474] [Node:4] [RPC_RECV] [Trace:CLIENT_4_1762162356474182000] 接收到日志命令:9880 isLeader:true term:102
2025/11/03 17:32:36 [17:32:36.569] [Node:4] [HEARTBEAT] [Trace:HB_4_102] 开始发送心跳广播 status LEADER term:102 commitIndex:24
2025/11/03 17:32:36 [17:32:36.572] [Node:4] [RPC_RECV] [Trace:CLIENT_4_1762162356572480000] 接收到日志命令:7881 isLeader:true term:102
2025/11/03 17:32:36 [17:32:36.590] [Node:4] [RPC_RECV] [Trace:CLIENT_4_1762162356590042000] 接收到日志命令:9204 isLeader:true term:102
2025/11/03 17:32:36 [17:32:36.607] [Node:4] [RPC_RECV] [Trace:CLIENT_4_1762162356607182000] 接收到日志命令:8070 isLeader:true term:102
2025/11/03 17:32:36 [17:32:36.615] [Node:4] [RPC_RECV] [Trace:CLIENT_4_1762162356615128000] 接收到日志命令:9383 isLeader:true term:102
2025/11/03 17:32:36 [17:32:36.626] [Node:4] [RPC_RECV] [Trace:CLIENT_4_1762162356626221000] 接收到日志命令:2058 isLeader:true term:102
2025/11/03 17:32:36 [17:32:36.636] [Node:4] [RPC_RECV] [Trace:CLIENT_4_1762162356636782000] 接收到日志命令:4085 isLeader:true term:102
2025/11/03 17:32:36 [17:32:36.643] [Node:4] [RPC_RECV] [Trace:CLIENT_4_1762162356643196000] 接收到日志命令:4646 isLeader:true term:102
2025/11/03 17:32:36 [17:32:36.660] [Node:4] [RPC_RECV] [Trace:CLIENT_4_1762162356660307000] 接收到日志命令:6416 isLeader:true term:102
2025/11/03 17:32:36 [17:32:36.668] [Node:4] [RPC_RECV] [Trace:CLIENT_4_1762162356668301000] 接收到日志命令:7362 isLeader:true term:102
2025/11/03 17:32:36 [17:32:36.670] [Node:4] [HEARTBEAT] [Trace:HB_4_102] 开始发送心跳广播 status LEADER term:102 commitIndex:24
2025/11/03 17:32:36 [17:32:36.679] [Node:4] [RPC_RECV] [Trace:CLIENT_4_1762162356679432000] 接收到日志命令:3782 isLeader:true term:102
2025/11/03 17:32:36 [17:32:36.692] [Node:4] [RPC_RECV] [Trace:CLIENT_4_1762162356692613000] 接收到日志命令:3208 isLeader:true term:102
2025/11/03 17:32:36 [17:32:36.771] [Node:4] [HEARTBEAT] [Trace:HB_4_102] 开始发送心跳广播 status LEADER term:102 commitIndex:24
2025/11/03 17:32:36 [17:32:36.872] [Node:4] [HEARTBEAT] [Trace:HB_4_102] 开始发送心跳广播 status LEADER term:102 commitIndex:24
2025/11/03 17:32:36 [17:32:36.940] [Node:4] [RPC_RECV] [Trace:CLIENT_4_1762162356940125000] 接收到日志命令:8197 isLeader:true term:102
2025/11/03 17:32:36 [17:32:36.950] [Node:4] [RPC_RECV] [Trace:CLIENT_4_1762162356950410000] 接收到日志命令:9244 isLeader:true term:102
2025/11/03 17:32:36 [17:32:36.972] [Node:4] [RPC_RECV] [Trace:CLIENT_4_1762162356972155000] 接收到日志命令:1158 isLeader:true term:102
2025/11/03 17:32:36 [17:32:36.975] [Node:4] [HEARTBEAT] [Trace:HB_4_102] 开始发送心跳广播 status LEADER term:102 commitIndex:24
2025/11/03 17:32:37 [17:32:37.076] [Node:4] [HEARTBEAT] [Trace:HB_4_102] 开始发送心跳广播 status LEADER term:102 commitIndex:24
2025/11/03 17:32:37 [17:32:37.139] [Node:4] [RPC_RECV] [Trace:CLIENT_4_1762162357139760000] 接收到日志命令:7860 isLeader:true term:102
2025/11/03 17:32:37 [17:32:37.153] [Node:4] [RPC_RECV] [Trace:CLIENT_4_1762162357153684000] 接收到日志命令:7585 isLeader:true term:102
2025/11/03 17:32:37 [17:32:37.167] [Node:4] [RPC_RECV] [Trace:CLIENT_4_1762162357167080000] 接收到日志命令:9217 isLeader:true term:102
2025/11/03 17:32:37 [17:32:37.176] [Node:4] [HEARTBEAT] [Trace:HB_4_102] 开始发送心跳广播 status LEADER term:102 commitIndex:24
2025/11/03 17:32:37 [17:32:37.179] [Node:4] [RPC_RECV] [Trace:CLIENT_4_1762162357179327000] 接收到日志命令:3197 isLeader:true term:102
2025/11/03 17:32:37 [17:32:37.192] [Node:4] [RPC_RECV] [Trace:CLIENT_4_1762162357192012000] 接收到日志命令:9578 isLeader:true term:102
2025/11/03 17:32:37 [17:32:37.201] [Node:4] [RPC_RECV] [Trace:CLIENT_4_1762162357201558000] 接收到日志命令:5564 isLeader:true term:102
2025/11/03 17:32:37 [17:32:37.209] [Node:4] [RPC_RECV] [Trace:CLIENT_4_1762162357209569000] 接收到日志命令:1057 isLeader:true term:102
2025/11/03 17:32:37 [17:32:37.225] [Node:4] [RPC_RECV] [Trace:CLIENT_4_1762162357225094000] 接收到日志命令:8678 isLeader:true term:102
2025/11/03 17:32:37 [17:32:37.229] [Node:4] [RPC_RECV] [Trace:CLIENT_4_1762162357229623000] 接收到日志命令:3237 isLeader:true term:102
2025/11/03 17:32:37 [17:32:37.238] [Node:4] [RPC_RECV] [Trace:CLIENT_4_1762162357238123000] 接收到日志命令:1814 isLeader:true term:102
2025/11/03 17:32:37 [17:32:37.256] [Node:4] [RPC_RECV] [Trace:CLIENT_4_1762162357255999000] 接收到日志命令:2813 isLeader:true term:102
2025/11/03 17:32:37 [17:32:37.276] [Node:4] [HEARTBEAT] [Trace:HB_4_102] 开始发送心跳广播 status LEADER term:102 commitIndex:24
2025/11/03 17:32:37 [17:32:37.298] [Node:4] [RPC_RECV] [Trace:CLIENT_4_1762162357298129000] 接收到日志命令:4424 isLeader:true term:102
2025/11/03 17:32:37 [17:32:37.348] [Node:4] [RPC_RECV] [Trace:ELEC_1_159][1->4] RequestVote 接受 term:159 candidateId:1 lastLogIndex:2 lastLogTerm:4 currentTerm:102 status:LEADER
2025/11/03 17:32:37 [17:32:37.348] [Node:4] [INFO] [STATE_CHANGE] LEADER->FOLLOWER term:102 reason:降级成follower
2025/11/03 17:32:37 [17:32:37.351] [Node:4] [RPC_RECV] [Trace:ELEC_1_159][1->4] 投票信息 votedFor:-1 lastLogTerm:102 lastLogIndex:403
2025/11/03 17:32:37 [17:32:37.351] [Node:4] [RPC_RECV] [Trace:ELEC_1_159][1->4] 投票失败兜底 candidate:1 term:159
2025/11/03 17:32:37 [17:32:37.377] [Node:4] [HEARTBEAT] [Trace:HB_4_159] Follower等心跳 status FOLLOWER term:159 commitIndex:24
2025/11/03 17:32:37 [17:32:37.380] [Node:4] [LOG_REPLICA] [Trace:LOG_2_141][2->4] AppendEntries 收到 term:141 leaderId:2 prevLogIndex:24 prevLogTerm:16 entries:365 leaderCommit:24 isHeartbeat:false currentTerm:159 status:FOLLOWER
2025/11/03 17:32:37 [17:32:37.380] [Node:4] [LOG_REPLICA] [Trace:LOG_2_141][2->4] Rejected: 收到心跳，但是term小于当前term term(141) < currentTerm(159)
2025/11/03 17:32:37 [17:32:37.479] [Node:4] [HEARTBEAT] [Trace:HB_4_159] Follower等心跳 status FOLLOWER term:159 commitIndex:24
2025/11/03 17:32:37 [17:32:37.579] [Node:4] [HEARTBEAT] [Trace:HB_4_159] Follower等心跳 status FOLLOWER term:159 commitIndex:24
2025/11/03 17:32:37 [17:32:37.640] [Node:4] [RPC_RECV] [Trace:ELEC_1_160][1->4] RequestVote 接受 term:160 candidateId:1 lastLogIndex:2 lastLogTerm:4 currentTerm:159 status:FOLLOWER
2025/11/03 17:32:37 [17:32:37.640] [Node:4] [INFO] [STATE_CHANGE] FOLLOWER->FOLLOWER term:159 reason:降级成follower
2025/11/03 17:32:37 [17:32:37.642] [Node:4] [RPC_RECV] [Trace:ELEC_1_160][1->4] 投票信息 votedFor:-1 lastLogTerm:102 lastLogIndex:403
2025/11/03 17:32:37 [17:32:37.643] [Node:4] [RPC_RECV] [Trace:ELEC_1_160][1->4] 投票失败兜底 candidate:1 term:160
2025/11/03 17:32:37 [17:32:37.669] [Node:4] [RPC_RECV] [Trace:ELEC_2_161][2->4] RequestVote 接受 term:161 candidateId:2 lastLogIndex:389 lastLogTerm:141 currentTerm:160 status:FOLLOWER
2025/11/03 17:32:37 [17:32:37.670] [Node:4] [INFO] [STATE_CHANGE] FOLLOWER->FOLLOWER term:160 reason:降级成follower
2025/11/03 17:32:37 [17:32:37.673] [Node:4] [RPC_RECV] [Trace:ELEC_2_161][2->4] 投票信息 votedFor:-1 lastLogTerm:102 lastLogIndex:403
2025/11/03 17:32:37 [17:32:37.673] [Node:4] [RPC_RECV] [Trace:ELEC_2_161][2->4] 投票给 candidate:2 term:161
2025/11/03 17:32:37 [17:32:37.680] [Node:4] [HEARTBEAT] [Trace:HB_4_161] Follower等心跳 status FOLLOWER term:161 commitIndex:24
2025/11/03 17:32:37 [17:32:37.780] [Node:4] [HEARTBEAT] [Trace:HB_4_161] Follower等心跳 status FOLLOWER term:161 commitIndex:24
2025/11/03 17:32:37 [17:32:37.881] [Node:4] [HEARTBEAT] [Trace:HB_4_161] Follower等心跳 status FOLLOWER term:161 commitIndex:24
2025/11/03 17:32:37 [17:32:37.896] [Node:4] [RPC_RECV] [Trace:ELEC_2_162][2->4] RequestVote 接受 term:162 candidateId:2 lastLogIndex:389 lastLogTerm:141 currentTerm:161 status:FOLLOWER
2025/11/03 17:32:37 [17:32:37.896] [Node:4] [INFO] [STATE_CHANGE] FOLLOWER->FOLLOWER term:161 reason:降级成follower
2025/11/03 17:32:37 [17:32:37.899] [Node:4] [RPC_RECV] [Trace:ELEC_2_162][2->4] 投票信息 votedFor:-1 lastLogTerm:102 lastLogIndex:403
2025/11/03 17:32:37 [17:32:37.899] [Node:4] [RPC_RECV] [Trace:ELEC_2_162][2->4] 投票给 candidate:2 term:162
2025/11/03 17:32:37 [17:32:37.981] [Node:4] [HEARTBEAT] [Trace:HB_4_162] Follower等心跳 status FOLLOWER term:162 commitIndex:24
2025/11/03 17:32:37 [17:32:37.988] [Node:4] [LOG_REPLICA] [Trace:LOG_2_162][2->4] AppendEntries 收到 term:162 leaderId:2 prevLogIndex:24 prevLogTerm:16 entries:365 leaderCommit:24 isHeartbeat:false currentTerm:162 status:FOLLOWER
2025/11/03 17:32:37 [17:32:37.988] [Node:4] [LOG_REPLICA] [Trace:LOG_2_162][2->4] 打印日志结果:[{<nil> 0 false 0} {9885 2 false 1} {7369 4 false 2} {377 9 false 3} {5698 9 false 4} {3675 9 false 5} {7576 9 false 6} {6501 9 false 7} {8962 9 false 8} {9292 11 false 9} {5826 14 false 10} {1116 14 false 11} {8927 16 false 12} {615 16 false 13} {3625 16 false 14} {1425 16 false 15} {9709 16 false 16} {3423 16 false 17} {3134 16 false 18} {3657 16 false 19} {8171 16 false 20} {9440 16 false 21} {6470 16 false 22} {1363 16 false 23} {716 16 false 24} {2684 16 false 25} {5836 19 false 26} {5544 19 false 27} {713 19 false 28} {6403 19 false 29} {881 19 false 30} {3832 19 false 31} {4831 19 false 32} {989 19 false 33} {3559 19 false 34} {4757 19 false 35} {5501 19 false 36} {705 19 false 37} {528 19 false 38} {4304 19 false 39} {4358 19 false 40} {8941 19 false 41} {1994 19 false 42} {411 19 false 43} {6856 102 false 44} {6148 102 false 45} {7835 102 false 46} {4314 102 false 47} {7676 102 false 48} {5480 102 false 49} {4382 102 false 50} {2582 102 false 51} {7443 102 false 52} {9134 102 false 53} {2649 102 false 54} {586 102 false 55} {4045 102 false 56} {5765 102 false 57} {9354 102 false 58} {5329 102 false 59} {6295 102 false 60} {7065 102 false 61} {9755 102 false 62} {2391 102 false 63} {6887 102 false 64} {4272 102 false 65} {8956 102 false 66} {1953 102 false 67} {7762 102 false 68} {8703 102 false 69} {7002 102 false 70} {1467 102 false 71} {1398 102 false 72} {8096 102 false 73} {1450 102 false 74} {1982 102 false 75} {8960 102 false 76} {6598 102 false 77} {9416 102 false 78} {4867 102 false 79} {9835 102 false 80} {232 102 false 81} {7838 102 false 82} {4891 102 false 83} {4424 102 false 84} {8488 102 false 85} {6863 102 false 86} {281 102 false 87} {5966 102 false 88} {4456 102 false 89} {2610 102 false 90} {6538 102 false 91} {7424 102 false 92} {8564 102 false 93} {2847 102 false 94} {8230 102 false 95} {4278 102 false 96} {7585 102 false 97} {7452 102 false 98} {6146 102 false 99} {5359 102 false 100} {6343 102 false 101} {3369 102 false 102} {2251 102 false 103} {8653 102 false 104} {1831 102 false 105} {1450 102 false 106} {6479 102 false 107} {2688 102 false 108} {5947 102 false 109} {2976 102 false 110} {4492 102 false 111} {5485 102 false 112} {786 102 false 113} {1281 102 false 114} {8062 102 false 115} {2617 102 false 116} {9092 102 false 117} {9582 102 false 118} {42 102 false 119} {2001 102 false 120} {8442 102 false 121} {4759 102 false 122} {4697 102 false 123} {3097 102 false 124} {7589 102 false 125} {6055 102 false 126} {9851 102 false 127} {7700 102 false 128} {8290 102 false 129} {2037 102 false 130} {9594 102 false 131} {9981 102 false 132} {6266 102 false 133} {1337 102 false 134} {8619 102 false 135} {2324 102 false 136} {4543 102 false 137} {1349 102 false 138} {9673 102 false 139} {4225 102 false 140} {4720 102 false 141} {8946 102 false 142} {6905 102 false 143} {6569 102 false 144} {6945 102 false 145} {987 102 false 146} {3010 102 false 147} {3610 102 false 148} {4408 102 false 149} {9771 102 false 150} {2729 102 false 151} {8793 102 false 152} {2239 102 false 153} {8569 102 false 154} {4500 102 false 155} {5892 102 false 156} {204 102 false 157} {1442 102 false 158} {3314 102 false 159} {3855 102 false 160} {5563 102 false 161} {9557 102 false 162} {3759 102 false 163} {9675 102 false 164} {2073 102 false 165} {5921 102 false 166} {6669 102 false 167} {3190 102 false 168} {3786 102 false 169} {7617 102 false 170} {8603 102 false 171} {4380 102 false 172} {7328 102 false 173} {8008 102 false 174} {2574 102 false 175} {3005 102 false 176} {980 102 false 177} {3908 102 false 178} {6462 102 false 179} {4864 102 false 180} {2873 102 false 181} {7387 102 false 182} {9149 102 false 183} {1695 102 false 184} {2087 102 false 185} {4542 102 false 186} {766 102 false 187} {55 102 false 188} {3335 102 false 189} {1718 102 false 190} {1949 102 false 191} {4229 102 false 192} {9410 102 false 193} {8883 102 false 194} {6096 102 false 195} {5855 102 false 196} {6630 102 false 197} {6849 102 false 198} {6945 102 false 199} {7841 102 false 200} {4270 102 false 201} {1470 102 false 202} {9397 102 false 203} {5952 102 false 204} {9771 102 false 205} {9621 102 false 206} {9881 102 false 207} {2224 102 false 208} {6484 102 false 209} {2999 102 false 210} {3858 102 false 211} {5366 102 false 212} {5076 102 false 213} {6870 102 false 214} {6487 102 false 215} {7114 102 false 216} {403 102 false 217} {9895 102 false 218} {7782 102 false 219} {5969 102 false 220} {6067 102 false 221} {5666 102 false 222} {3344 102 false 223} {5889 102 false 224} {2064 102 false 225} {6928 102 false 226} {1879 102 false 227} {7736 102 false 228} {3197 102 false 229} {8756 102 false 230} {3533 102 false 231} {8486 102 false 232} {779 102 false 233} {2064 102 false 234} {7527 102 false 235} {9494 102 false 236} {2418 102 false 237} {3405 102 false 238} {7501 102 false 239} {575 102 false 240} {5941 102 false 241} {4484 102 false 242} {5884 102 false 243} {6418 102 false 244} {6035 102 false 245} {5729 102 false 246} {6739 102 false 247} {4951 102 false 248} {5184 102 false 249} {2837 102 false 250} {3161 102 false 251} {5965 102 false 252} {2182 102 false 253} {7017 102 false 254} {2969 102 false 255} {6710 102 false 256} {8721 102 false 257} {7397 102 false 258} {138 102 false 259} {9387 102 false 260} {7480 102 false 261} {8829 102 false 262} {2549 102 false 263} {4147 102 false 264} {5665 102 false 265} {1786 102 false 266} {150 102 false 267} {9178 102 false 268} {8739 102 false 269} {4941 102 false 270} {3101 102 false 271} {1271 102 false 272} {5846 102 false 273} {9029 102 false 274} {9223 102 false 275} {9264 102 false 276} {9596 102 false 277} {8024 102 false 278} {3279 102 false 279} {4092 102 false 280} {5927 102 false 281} {2230 102 false 282} {3381 102 false 283} {9745 102 false 284} {2543 102 false 285} {6054 102 false 286} {9900 102 false 287} {8137 102 false 288} {6510 102 false 289} {1030 102 false 290} {558 102 false 291} {6076 102 false 292} {406 102 false 293} {18 102 false 294} {1367 102 false 295} {3546 102 false 296} {8030 102 false 297} {1722 102 false 298} {6865 102 false 299} {3289 102 false 300} {6459 102 false 301} {978 102 false 302} {7992 102 false 303} {4005 102 false 304} {7885 102 false 305} {6097 102 false 306} {8646 102 false 307} {7341 102 false 308} {7824 102 false 309} {3280 102 false 310} {255 102 false 311} {4945 102 false 312} {3286 102 false 313} {5640 102 false 314} {2696 102 false 315} {5783 102 false 316} {6572 102 false 317} {9736 102 false 318} {3498 102 false 319} {8436 102 false 320} {5776 102 false 321} {9282 102 false 322} {4949 102 false 323} {3727 102 false 324} {4035 102 false 325} {4468 102 false 326} {6746 102 false 327} {3767 102 false 328} {8476 102 false 329} {8068 102 false 330} {449 102 false 331} {8860 102 false 332} {8592 102 false 333} {110 102 false 334} {1516 102 false 335} {6288 102 false 336} {4164 102 false 337} {192 102 false 338} {4400 102 false 339} {3237 102 false 340} {3682 102 false 341} {6624 102 false 342} {7016 102 false 343} {1308 102 false 344} {6552 102 false 345} {2463 102 false 346} {1600 102 false 347} {3364 102 false 348} {5350 102 false 349} {230 102 false 350} {1049 102 false 351} {696 102 false 352} {3362 102 false 353} {5775 102 false 354} {649 102 false 355} {3842 102 false 356} {9105 102 false 357} {186 102 false 358} {4939 102 false 359} {3063 102 false 360} {6082 102 false 361} {2687 102 false 362} {1354 102 false 363} {6830 102 false 364} {2461 102 false 365} {4624 102 false 366} {8571 102 false 367} {9804 102 false 368} {7594 102 false 369} {7797 102 false 370} {3912 102 false 371} {1577 102 false 372} {6891 102 false 373} {3745 102 false 374} {4106 102 false 375} {1315 102 false 376} {9880 102 false 377} {7881 102 false 378} {9204 102 false 379} {8070 102 false 380} {9383 102 false 381} {2058 102 false 382} {4085 102 false 383} {4646 102 false 384} {6416 102 false 385} {7362 102 false 386} {3782 102 false 387} {3208 102 false 388} {8197 102 false 389} {9244 102 false 390} {1158 102 false 391} {7860 102 false 392} {7585 102 false 393} {9217 102 false 394} {3197 102 false 395} {9578 102 false 396} {5564 102 false 397} {1057 102 false 398} {8678 102 false 399} {3237 102 false 400} {1814 102 false 401} {2813 102 false 402} {4424 102 false 403}] 
2025/11/03 17:32:37 [17:32:37.992] [Node:4] [LOG_REPLICA] [Trace:LOG_2_162][2->4] 复制日志结果:[{<nil> 0 false 0} {9885 2 false 1} {7369 4 false 2} {377 9 false 3} {5698 9 false 4} {3675 9 false 5} {7576 9 false 6} {6501 9 false 7} {8962 9 false 8} {9292 11 false 9} {5826 14 false 10} {1116 14 false 11} {8927 16 false 12} {615 16 false 13} {3625 16 false 14} {1425 16 false 15} {9709 16 false 16} {3423 16 false 17} {3134 16 false 18} {3657 16 false 19} {8171 16 false 20} {9440 16 false 21} {6470 16 false 22} {1363 16 false 23} {716 16 false 24} {2684 16 false 25} {5836 19 false 26} {5544 19 false 27} {713 19 false 28} {6403 19 false 29} {881 19 false 30} {3832 19 false 31} {4831 19 false 32} {989 19 false 33} {3559 19 false 34} {4757 19 false 35} {5501 19 false 36} {705 19 false 37} {528 19 false 38} {4304 19 false 39} {4358 19 false 40} {8941 19 false 41} {1994 19 false 42} {411 19 false 43} {7043 95 false 44} {2699 95 false 45} {8150 95 false 46} {8874 95 false 47} {7096 95 false 48} {4872 95 false 49} {3988 95 false 50} {2554 95 false 51} {554 95 false 52} {2953 95 false 53} {9230 95 false 54} {8688 95 false 55} {9094 95 false 56} {3997 95 false 57} {2894 95 false 58} {5667 95 false 59} {3509 95 false 60} {4539 95 false 61} {1900 95 false 62} {395 95 false 63} {4338 95 false 64} {9052 95 false 65} {6681 95 false 66} {5152 95 false 67} {2250 95 false 68} {7353 95 false 69} {7300 95 false 70} {9476 95 false 71} {5907 95 false 72} {8352 95 false 73} {3326 95 false 74} {2806 95 false 75} {5167 95 false 76} {3514 95 false 77} {7493 95 false 78} {3260 95 false 79} {2440 95 false 80} {2920 95 false 81} {8285 95 false 82} {4140 95 false 83} {8602 95 false 84} {5537 95 false 85} {4663 95 false 86} {8098 95 false 87} {743 95 false 88} {9006 95 false 89} {6480 95 false 90} {4305 95 false 91} {7754 95 false 92} {612 95 false 93} {7820 95 false 94} {4607 95 false 95} {7256 95 false 96} {4888 95 false 97} {1311 95 false 98} {8099 95 false 99} {1197 95 false 100} {2238 95 false 101} {2354 95 false 102} {3362 95 false 103} {919 95 false 104} {8424 95 false 105} {6099 95 false 106} {1374 95 false 107} {2506 95 false 108} {7804 95 false 109} {5971 95 false 110} {3293 95 false 111} {6828 95 false 112} {5896 95 false 113} {2846 95 false 114} {1290 95 false 115} {7082 95 false 116} {4917 95 false 117} {3250 95 false 118} {248 95 false 119} {1140 95 false 120} {1245 95 false 121} {6024 95 false 122} {4473 95 false 123} {2136 95 false 124} {4154 95 false 125} {2583 95 false 126} {708 95 false 127} {4481 95 false 128} {6476 95 false 129} {5036 95 false 130} {4065 95 false 131} {6200 95 false 132} {1397 95 false 133} {4279 95 false 134} {6833 95 false 135} {4346 95 false 136} {3317 95 false 137} {4185 95 false 138} {4000 95 false 139} {2185 95 false 140} {8037 95 false 141} {1968 95 false 142} {6414 95 false 143} {6351 95 false 144} {1290 95 false 145} {255 95 false 146} {5814 95 false 147} {9138 95 false 148} {1249 95 false 149} {8088 95 false 150} {61 95 false 151} {6456 95 false 152} {9658 95 false 153} {2752 95 false 154} {4915 95 false 155} {2443 95 false 156} {4194 95 false 157} {928 95 false 158} {5614 95 false 159} {8999 95 false 160} {1953 95 false 161} {2650 95 false 162} {3468 95 false 163} {1123 95 false 164} {3774 95 false 165} {6358 95 false 166} {5925 95 false 167} {338 95 false 168} {99 95 false 169} {4512 95 false 170} {7477 95 false 171} {169 95 false 172} {6395 95 false 173} {7193 95 false 174} {2353 95 false 175} {3277 95 false 176} {6306 95 false 177} {5511 95 false 178} {2355 95 false 179} {8128 95 false 180} {6058 95 false 181} {7487 95 false 182} {9104 95 false 183} {9659 95 false 184} {3870 95 false 185} {7666 95 false 186} {8351 95 false 187} {9904 95 false 188} {3086 95 false 189} {4239 95 false 190} {9285 95 false 191} {8547 95 false 192} {5397 95 false 193} {6203 95 false 194} {2701 95 false 195} {281 95 false 196} {5684 95 false 197} {6931 95 false 198} {1998 95 false 199} {3892 95 false 200} {8994 95 false 201} {8648 95 false 202} {4605 95 false 203} {4080 95 false 204} {3229 95 false 205} {1192 95 false 206} {7753 95 false 207} {2164 95 false 208} {3086 95 false 209} {5245 95 false 210} {7102 95 false 211} {8818 95 false 212} {5017 95 false 213} {7628 95 false 214} {6028 95 false 215} {590 95 false 216} {6004 95 false 217} {2477 95 false 218} {6033 95 false 219} {4971 95 false 220} {7653 95 false 221} {4210 95 false 222} {654 95 false 223} {1347 95 false 224} {548 95 false 225} {2425 95 false 226} {7551 95 false 227} {147 95 false 228} {3398 95 false 229} {9137 95 false 230} {5214 95 false 231} {1870 95 false 232} {2007 95 false 233} {4259 95 false 234} {5871 95 false 235} {1999 95 false 236} {2250 95 false 237} {2233 95 false 238} {9889 95 false 239} {3674 95 false 240} {3867 95 false 241} {9585 95 false 242} {7532 95 false 243} {3418 95 false 244} {1920 95 false 245} {5828 95 false 246} {3723 95 false 247} {197 95 false 248} {3771 95 false 249} {9308 95 false 250} {8474 95 false 251} {6670 95 false 252} {8023 95 false 253} {9827 95 false 254} {745 95 false 255} {9541 95 false 256} {4130 95 false 257} {3683 95 false 258} {244 95 false 259} {1055 95 false 260} {7937 95 false 261} {9098 95 false 262} {8583 141 false 263} {4509 141 false 264} {5945 141 false 265} {7900 141 false 266} {8891 141 false 267} {8803 141 false 268} {2042 141 false 269} {8293 141 false 270} {4473 141 false 271} {6604 141 false 272} {5376 141 false 273} {6396 141 false 274} {8674 141 false 275} {5663 141 false 276} {1465 141 false 277} {4305 141 false 278} {29 141 false 279} {5595 141 false 280} {5764 141 false 281} {473 141 false 282} {6305 141 false 283} {273 141 false 284} {3146 141 false 285} {9506 141 false 286} {4632 141 false 287} {6027 141 false 288} {6952 141 false 289} {8257 141 false 290} {9649 141 false 291} {4178 141 false 292} {7266 141 false 293} {2232 141 false 294} {1973 141 false 295} {1704 141 false 296} {9529 141 false 297} {7427 141 false 298} {4392 141 false 299} {8497 141 false 300} {8041 141 false 301} {5966 141 false 302} {8440 141 false 303} {2229 141 false 304} {815 141 false 305} {1570 141 false 306} {6889 141 false 307} {4416 141 false 308} {651 141 false 309} {8692 141 false 310} {5425 141 false 311} {4142 141 false 312} {1077 141 false 313} {7325 141 false 314} {2814 141 false 315} {202 141 false 316} {7450 141 false 317} {8805 141 false 318} {3424 141 false 319} {3006 141 false 320} {4641 141 false 321} {2604 141 false 322} {3988 141 false 323} {8515 141 false 324} {4262 141 false 325} {6619 141 false 326} {8498 141 false 327} {9672 141 false 328} {8418 141 false 329} {5033 141 false 330} {5311 141 false 331} {9242 141 false 332} {7380 141 false 333} {5261 141 false 334} {9100 141 false 335} {4374 141 false 336} {2866 141 false 337} {290 141 false 338} {2261 141 false 339} {120 141 false 340} {7072 141 false 341} {7931 141 false 342} {2635 141 false 343} {1951 141 false 344} {8594 141 false 345} {4127 141 false 346} {2386 141 false 347} {2174 141 false 348} {3837 141 false 349} {8358 141 false 350} {7353 141 false 351} {2094 141 false 352} {569 141 false 353} {8759 141 false 354} {1223 141 false 355} {3599 141 false 356} {123 141 false 357} {3680 141 false 358} {6063 141 false 359} {8870 141 false 360} {8775 141 false 361} {2959 141 false 362} {8613 141 false 363} {3399 141 false 364} {1931 141 false 365} {3362 141 false 366} {9117 141 false 367} {2364 141 false 368} {7785 141 false 369} {5066 141 false 370} {6181 141 false 371} {6803 141 false 372} {6922 141 false 373} {4098 141 false 374} {869 141 false 375} {4009 141 false 376} {1013 141 false 377} {4881 141 false 378} {3898 141 false 379} {1276 141 false 380} {3816 141 false 381} {9317 141 false 382} {8377 141 false 383} {9596 141 false 384} {3339 141 false 385} {1374 141 false 386} {4753 141 false 387} {5037 141 false 388} {8833 141 false 389}] 
2025/11/03 17:32:38 [17:32:38.081] [Node:4] [HEARTBEAT] [Trace:HB_4_162] Follower等心跳 status FOLLOWER term:162 commitIndex:24
2025/11/03 17:32:38 [17:32:38.102] [Node:4] [LOG_REPLICA] [Trace:LOG_2_162][2->4] AppendEntries 收到 term:162 leaderId:2 prevLogIndex:24 prevLogTerm:16 entries:365 leaderCommit:24 isHeartbeat:false currentTerm:162 status:FOLLOWER
2025/11/03 17:32:38 [17:32:38.102] [Node:4] [LOG_REPLICA] [Trace:LOG_2_162][2->4] 打印日志结果:[{<nil> 0 false 0} {9885 2 false 1} {7369 4 false 2} {377 9 false 3} {5698 9 false 4} {3675 9 false 5} {7576 9 false 6} {6501 9 false 7} {8962 9 false 8} {9292 11 false 9} {5826 14 false 10} {1116 14 false 11} {8927 16 false 12} {615 16 false 13} {3625 16 false 14} {1425 16 false 15} {9709 16 false 16} {3423 16 false 17} {3134 16 false 18} {3657 16 false 19} {8171 16 false 20} {9440 16 false 21} {6470 16 false 22} {1363 16 false 23} {716 16 false 24} {2684 16 false 25} {5836 19 false 26} {5544 19 false 27} {713 19 false 28} {6403 19 false 29} {881 19 false 30} {3832 19 false 31} {4831 19 false 32} {989 19 false 33} {3559 19 false 34} {4757 19 false 35} {5501 19 false 36} {705 19 false 37} {528 19 false 38} {4304 19 false 39} {4358 19 false 40} {8941 19 false 41} {1994 19 false 42} {411 19 false 43} {7043 95 false 44} {2699 95 false 45} {8150 95 false 46} {8874 95 false 47} {7096 95 false 48} {4872 95 false 49} {3988 95 false 50} {2554 95 false 51} {554 95 false 52} {2953 95 false 53} {9230 95 false 54} {8688 95 false 55} {9094 95 false 56} {3997 95 false 57} {2894 95 false 58} {5667 95 false 59} {3509 95 false 60} {4539 95 false 61} {1900 95 false 62} {395 95 false 63} {4338 95 false 64} {9052 95 false 65} {6681 95 false 66} {5152 95 false 67} {2250 95 false 68} {7353 95 false 69} {7300 95 false 70} {9476 95 false 71} {5907 95 false 72} {8352 95 false 73} {3326 95 false 74} {2806 95 false 75} {5167 95 false 76} {3514 95 false 77} {7493 95 false 78} {3260 95 false 79} {2440 95 false 80} {2920 95 false 81} {8285 95 false 82} {4140 95 false 83} {8602 95 false 84} {5537 95 false 85} {4663 95 false 86} {8098 95 false 87} {743 95 false 88} {9006 95 false 89} {6480 95 false 90} {4305 95 false 91} {7754 95 false 92} {612 95 false 93} {7820 95 false 94} {4607 95 false 95} {7256 95 false 96} {4888 95 false 97} {1311 95 false 98} {8099 95 false 99} {1197 95 false 100} {2238 95 false 101} {2354 95 false 102} {3362 95 false 103} {919 95 false 104} {8424 95 false 105} {6099 95 false 106} {1374 95 false 107} {2506 95 false 108} {7804 95 false 109} {5971 95 false 110} {3293 95 false 111} {6828 95 false 112} {5896 95 false 113} {2846 95 false 114} {1290 95 false 115} {7082 95 false 116} {4917 95 false 117} {3250 95 false 118} {248 95 false 119} {1140 95 false 120} {1245 95 false 121} {6024 95 false 122} {4473 95 false 123} {2136 95 false 124} {4154 95 false 125} {2583 95 false 126} {708 95 false 127} {4481 95 false 128} {6476 95 false 129} {5036 95 false 130} {4065 95 false 131} {6200 95 false 132} {1397 95 false 133} {4279 95 false 134} {6833 95 false 135} {4346 95 false 136} {3317 95 false 137} {4185 95 false 138} {4000 95 false 139} {2185 95 false 140} {8037 95 false 141} {1968 95 false 142} {6414 95 false 143} {6351 95 false 144} {1290 95 false 145} {255 95 false 146} {5814 95 false 147} {9138 95 false 148} {1249 95 false 149} {8088 95 false 150} {61 95 false 151} {6456 95 false 152} {9658 95 false 153} {2752 95 false 154} {4915 95 false 155} {2443 95 false 156} {4194 95 false 157} {928 95 false 158} {5614 95 false 159} {8999 95 false 160} {1953 95 false 161} {2650 95 false 162} {3468 95 false 163} {1123 95 false 164} {3774 95 false 165} {6358 95 false 166} {5925 95 false 167} {338 95 false 168} {99 95 false 169} {4512 95 false 170} {7477 95 false 171} {169 95 false 172} {6395 95 false 173} {7193 95 false 174} {2353 95 false 175} {3277 95 false 176} {6306 95 false 177} {5511 95 false 178} {2355 95 false 179} {8128 95 false 180} {6058 95 false 181} {7487 95 false 182} {9104 95 false 183} {9659 95 false 184} {3870 95 false 185} {7666 95 false 186} {8351 95 false 187} {9904 95 false 188} {3086 95 false 189} {4239 95 false 190} {9285 95 false 191} {8547 95 false 192} {5397 95 false 193} {6203 95 false 194} {2701 95 false 195} {281 95 false 196} {5684 95 false 197} {6931 95 false 198} {1998 95 false 199} {3892 95 false 200} {8994 95 false 201} {8648 95 false 202} {4605 95 false 203} {4080 95 false 204} {3229 95 false 205} {1192 95 false 206} {7753 95 false 207} {2164 95 false 208} {3086 95 false 209} {5245 95 false 210} {7102 95 false 211} {8818 95 false 212} {5017 95 false 213} {7628 95 false 214} {6028 95 false 215} {590 95 false 216} {6004 95 false 217} {2477 95 false 218} {6033 95 false 219} {4971 95 false 220} {7653 95 false 221} {4210 95 false 222} {654 95 false 223} {1347 95 false 224} {548 95 false 225} {2425 95 false 226} {7551 95 false 227} {147 95 false 228} {3398 95 false 229} {9137 95 false 230} {5214 95 false 231} {1870 95 false 232} {2007 95 false 233} {4259 95 false 234} {5871 95 false 235} {1999 95 false 236} {2250 95 false 237} {2233 95 false 238} {9889 95 false 239} {3674 95 false 240} {3867 95 false 241} {9585 95 false 242} {7532 95 false 243} {3418 95 false 244} {1920 95 false 245} {5828 95 false 246} {3723 95 false 247} {197 95 false 248} {3771 95 false 249} {9308 95 false 250} {8474 95 false 251} {6670 95 false 252} {8023 95 false 253} {9827 95 false 254} {745 95 false 255} {9541 95 false 256} {4130 95 false 257} {3683 95 false 258} {244 95 false 259} {1055 95 false 260} {7937 95 false 261} {9098 95 false 262} {8583 141 false 263} {4509 141 false 264} {5945 141 false 265} {7900 141 false 266} {8891 141 false 267} {8803 141 false 268} {2042 141 false 269} {8293 141 false 270} {4473 141 false 271} {6604 141 false 272} {5376 141 false 273} {6396 141 false 274} {8674 141 false 275} {5663 141 false 276} {1465 141 false 277} {4305 141 false 278} {29 141 false 279} {5595 141 false 280} {5764 141 false 281} {473 141 false 282} {6305 141 false 283} {273 141 false 284} {3146 141 false 285} {9506 141 false 286} {4632 141 false 287} {6027 141 false 288} {6952 141 false 289} {8257 141 false 290} {9649 141 false 291} {4178 141 false 292} {7266 141 false 293} {2232 141 false 294} {1973 141 false 295} {1704 141 false 296} {9529 141 false 297} {7427 141 false 298} {4392 141 false 299} {8497 141 false 300} {8041 141 false 301} {5966 141 false 302} {8440 141 false 303} {2229 141 false 304} {815 141 false 305} {1570 141 false 306} {6889 141 false 307} {4416 141 false 308} {651 141 false 309} {8692 141 false 310} {5425 141 false 311} {4142 141 false 312} {1077 141 false 313} {7325 141 false 314} {2814 141 false 315} {202 141 false 316} {7450 141 false 317} {8805 141 false 318} {3424 141 false 319} {3006 141 false 320} {4641 141 false 321} {2604 141 false 322} {3988 141 false 323} {8515 141 false 324} {4262 141 false 325} {6619 141 false 326} {8498 141 false 327} {9672 141 false 328} {8418 141 false 329} {5033 141 false 330} {5311 141 false 331} {9242 141 false 332} {7380 141 false 333} {5261 141 false 334} {9100 141 false 335} {4374 141 false 336} {2866 141 false 337} {290 141 false 338} {2261 141 false 339} {120 141 false 340} {7072 141 false 341} {7931 141 false 342} {2635 141 false 343} {1951 141 false 344} {8594 141 false 345} {4127 141 false 346} {2386 141 false 347} {2174 141 false 348} {3837 141 false 349} {8358 141 false 350} {7353 141 false 351} {2094 141 false 352} {569 141 false 353} {8759 141 false 354} {1223 141 false 355} {3599 141 false 356} {123 141 false 357} {3680 141 false 358} {6063 141 false 359} {8870 141 false 360} {8775 141 false 361} {2959 141 false 362} {8613 141 false 363} {3399 141 false 364} {1931 141 false 365} {3362 141 false 366} {9117 141 false 367} {2364 141 false 368} {7785 141 false 369} {5066 141 false 370} {6181 141 false 371} {6803 141 false 372} {6922 141 false 373} {4098 141 false 374} {869 141 false 375} {4009 141 false 376} {1013 141 false 377} {4881 141 false 378} {3898 141 false 379} {1276 141 false 380} {3816 141 false 381} {9317 141 false 382} {8377 141 false 383} {9596 141 false 384} {3339 141 false 385} {1374 141 false 386} {4753 141 false 387} {5037 141 false 388} {8833 141 false 389}] 
2025/11/03 17:32:38 [17:32:38.106] [Node:4] [LOG_REPLICA] [Trace:LOG_2_162][2->4] 复制日志结果:[{<nil> 0 false 0} {9885 2 false 1} {7369 4 false 2} {377 9 false 3} {5698 9 false 4} {3675 9 false 5} {7576 9 false 6} {6501 9 false 7} {8962 9 false 8} {9292 11 false 9} {5826 14 false 10} {1116 14 false 11} {8927 16 false 12} {615 16 false 13} {3625 16 false 14} {1425 16 false 15} {9709 16 false 16} {3423 16 false 17} {3134 16 false 18} {3657 16 false 19} {8171 16 false 20} {9440 16 false 21} {6470 16 false 22} {1363 16 false 23} {716 16 false 24} {2684 16 false 25} {5836 19 false 26} {5544 19 false 27} {713 19 false 28} {6403 19 false 29} {881 19 false 30} {3832 19 false 31} {4831 19 false 32} {989 19 false 33} {3559 19 false 34} {4757 19 false 35} {5501 19 false 36} {705 19 false 37} {528 19 false 38} {4304 19 false 39} {4358 19 false 40} {8941 19 false 41} {1994 19 false 42} {411 19 false 43} {7043 95 false 44} {2699 95 false 45} {8150 95 false 46} {8874 95 false 47} {7096 95 false 48} {4872 95 false 49} {3988 95 false 50} {2554 95 false 51} {554 95 false 52} {2953 95 false 53} {9230 95 false 54} {8688 95 false 55} {9094 95 false 56} {3997 95 false 57} {2894 95 false 58} {5667 95 false 59} {3509 95 false 60} {4539 95 false 61} {1900 95 false 62} {395 95 false 63} {4338 95 false 64} {9052 95 false 65} {6681 95 false 66} {5152 95 false 67} {2250 95 false 68} {7353 95 false 69} {7300 95 false 70} {9476 95 false 71} {5907 95 false 72} {8352 95 false 73} {3326 95 false 74} {2806 95 false 75} {5167 95 false 76} {3514 95 false 77} {7493 95 false 78} {3260 95 false 79} {2440 95 false 80} {2920 95 false 81} {8285 95 false 82} {4140 95 false 83} {8602 95 false 84} {5537 95 false 85} {4663 95 false 86} {8098 95 false 87} {743 95 false 88} {9006 95 false 89} {6480 95 false 90} {4305 95 false 91} {7754 95 false 92} {612 95 false 93} {7820 95 false 94} {4607 95 false 95} {7256 95 false 96} {4888 95 false 97} {1311 95 false 98} {8099 95 false 99} {1197 95 false 100} {2238 95 false 101} {2354 95 false 102} {3362 95 false 103} {919 95 false 104} {8424 95 false 105} {6099 95 false 106} {1374 95 false 107} {2506 95 false 108} {7804 95 false 109} {5971 95 false 110} {3293 95 false 111} {6828 95 false 112} {5896 95 false 113} {2846 95 false 114} {1290 95 false 115} {7082 95 false 116} {4917 95 false 117} {3250 95 false 118} {248 95 false 119} {1140 95 false 120} {1245 95 false 121} {6024 95 false 122} {4473 95 false 123} {2136 95 false 124} {4154 95 false 125} {2583 95 false 126} {708 95 false 127} {4481 95 false 128} {6476 95 false 129} {5036 95 false 130} {4065 95 false 131} {6200 95 false 132} {1397 95 false 133} {4279 95 false 134} {6833 95 false 135} {4346 95 false 136} {3317 95 false 137} {4185 95 false 138} {4000 95 false 139} {2185 95 false 140} {8037 95 false 141} {1968 95 false 142} {6414 95 false 143} {6351 95 false 144} {1290 95 false 145} {255 95 false 146} {5814 95 false 147} {9138 95 false 148} {1249 95 false 149} {8088 95 false 150} {61 95 false 151} {6456 95 false 152} {9658 95 false 153} {2752 95 false 154} {4915 95 false 155} {2443 95 false 156} {4194 95 false 157} {928 95 false 158} {5614 95 false 159} {8999 95 false 160} {1953 95 false 161} {2650 95 false 162} {3468 95 false 163} {1123 95 false 164} {3774 95 false 165} {6358 95 false 166} {5925 95 false 167} {338 95 false 168} {99 95 false 169} {4512 95 false 170} {7477 95 false 171} {169 95 false 172} {6395 95 false 173} {7193 95 false 174} {2353 95 false 175} {3277 95 false 176} {6306 95 false 177} {5511 95 false 178} {2355 95 false 179} {8128 95 false 180} {6058 95 false 181} {7487 95 false 182} {9104 95 false 183} {9659 95 false 184} {3870 95 false 185} {7666 95 false 186} {8351 95 false 187} {9904 95 false 188} {3086 95 false 189} {4239 95 false 190} {9285 95 false 191} {8547 95 false 192} {5397 95 false 193} {6203 95 false 194} {2701 95 false 195} {281 95 false 196} {5684 95 false 197} {6931 95 false 198} {1998 95 false 199} {3892 95 false 200} {8994 95 false 201} {8648 95 false 202} {4605 95 false 203} {4080 95 false 204} {3229 95 false 205} {1192 95 false 206} {7753 95 false 207} {2164 95 false 208} {3086 95 false 209} {5245 95 false 210} {7102 95 false 211} {8818 95 false 212} {5017 95 false 213} {7628 95 false 214} {6028 95 false 215} {590 95 false 216} {6004 95 false 217} {2477 95 false 218} {6033 95 false 219} {4971 95 false 220} {7653 95 false 221} {4210 95 false 222} {654 95 false 223} {1347 95 false 224} {548 95 false 225} {2425 95 false 226} {7551 95 false 227} {147 95 false 228} {3398 95 false 229} {9137 95 false 230} {5214 95 false 231} {1870 95 false 232} {2007 95 false 233} {4259 95 false 234} {5871 95 false 235} {1999 95 false 236} {2250 95 false 237} {2233 95 false 238} {9889 95 false 239} {3674 95 false 240} {3867 95 false 241} {9585 95 false 242} {7532 95 false 243} {3418 95 false 244} {1920 95 false 245} {5828 95 false 246} {3723 95 false 247} {197 95 false 248} {3771 95 false 249} {9308 95 false 250} {8474 95 false 251} {6670 95 false 252} {8023 95 false 253} {9827 95 false 254} {745 95 false 255} {9541 95 false 256} {4130 95 false 257} {3683 95 false 258} {244 95 false 259} {1055 95 false 260} {7937 95 false 261} {9098 95 false 262} {8583 141 false 263} {4509 141 false 264} {5945 141 false 265} {7900 141 false 266} {8891 141 false 267} {8803 141 false 268} {2042 141 false 269} {8293 141 false 270} {4473 141 false 271} {6604 141 false 272} {5376 141 false 273} {6396 141 false 274} {8674 141 false 275} {5663 141 false 276} {1465 141 false 277} {4305 141 false 278} {29 141 false 279} {5595 141 false 280} {5764 141 false 281} {473 141 false 282} {6305 141 false 283} {273 141 false 284} {3146 141 false 285} {9506 141 false 286} {4632 141 false 287} {6027 141 false 288} {6952 141 false 289} {8257 141 false 290} {9649 141 false 291} {4178 141 false 292} {7266 141 false 293} {2232 141 false 294} {1973 141 false 295} {1704 141 false 296} {9529 141 false 297} {7427 141 false 298} {4392 141 false 299} {8497 141 false 300} {8041 141 false 301} {5966 141 false 302} {8440 141 false 303} {2229 141 false 304} {815 141 false 305} {1570 141 false 306} {6889 141 false 307} {4416 141 false 308} {651 141 false 309} {8692 141 false 310} {5425 141 false 311} {4142 141 false 312} {1077 141 false 313} {7325 141 false 314} {2814 141 false 315} {202 141 false 316} {7450 141 false 317} {8805 141 false 318} {3424 141 false 319} {3006 141 false 320} {4641 141 false 321} {2604 141 false 322} {3988 141 false 323} {8515 141 false 324} {4262 141 false 325} {6619 141 false 326} {8498 141 false 327} {9672 141 false 328} {8418 141 false 329} {5033 141 false 330} {5311 141 false 331} {9242 141 false 332} {7380 141 false 333} {5261 141 false 334} {9100 141 false 335} {4374 141 false 336} {2866 141 false 337} {290 141 false 338} {2261 141 false 339} {120 141 false 340} {7072 141 false 341} {7931 141 false 342} {2635 141 false 343} {1951 141 false 344} {8594 141 false 345} {4127 141 false 346} {2386 141 false 347} {2174 141 false 348} {3837 141 false 349} {8358 141 false 350} {7353 141 false 351} {2094 141 false 352} {569 141 false 353} {8759 141 false 354} {1223 141 false 355} {3599 141 false 356} {123 141 false 357} {3680 141 false 358} {6063 141 false 359} {8870 141 false 360} {8775 141 false 361} {2959 141 false 362} {8613 141 false 363} {3399 141 false 364} {1931 141 false 365} {3362 141 false 366} {9117 141 false 367} {2364 141 false 368} {7785 141 false 369} {5066 141 false 370} {6181 141 false 371} {6803 141 false 372} {6922 141 false 373} {4098 141 false 374} {869 141 false 375} {4009 141 false 376} {1013 141 false 377} {4881 141 false 378} {3898 141 false 379} {1276 141 false 380} {3816 141 false 381} {9317 141 false 382} {8377 141 false 383} {9596 141 false 384} {3339 141 false 385} {1374 141 false 386} {4753 141 false 387} {5037 141 false 388} {8833 141 false 389}] 
2025/11/03 17:32:38 [17:32:38.181] [Node:4] [HEARTBEAT] [Trace:HB_4_162] Follower等心跳 status FOLLOWER term:162 commitIndex:24
2025/11/03 17:32:38 [17:32:38.188] [Node:4] [LOG_REPLICA] [Trace:LOG_2_162][2->4] AppendEntries 收到 term:162 leaderId:2 prevLogIndex:24 prevLogTerm:16 entries:365 leaderCommit:24 isHeartbeat:false currentTerm:162 status:FOLLOWER
2025/11/03 17:32:38 [17:32:38.188] [Node:4] [LOG_REPLICA] [Trace:LOG_2_162][2->4] 打印日志结果:[{<nil> 0 false 0} {9885 2 false 1} {7369 4 false 2} {377 9 false 3} {5698 9 false 4} {3675 9 false 5} {7576 9 false 6} {6501 9 false 7} {8962 9 false 8} {9292 11 false 9} {5826 14 false 10} {1116 14 false 11} {8927 16 false 12} {615 16 false 13} {3625 16 false 14} {1425 16 false 15} {9709 16 false 16} {3423 16 false 17} {3134 16 false 18} {3657 16 false 19} {8171 16 false 20} {9440 16 false 21} {6470 16 false 22} {1363 16 false 23} {716 16 false 24} {2684 16 false 25} {5836 19 false 26} {5544 19 false 27} {713 19 false 28} {6403 19 false 29} {881 19 false 30} {3832 19 false 31} {4831 19 false 32} {989 19 false 33} {3559 19 false 34} {4757 19 false 35} {5501 19 false 36} {705 19 false 37} {528 19 false 38} {4304 19 false 39} {4358 19 false 40} {8941 19 false 41} {1994 19 false 42} {411 19 false 43} {7043 95 false 44} {2699 95 false 45} {8150 95 false 46} {8874 95 false 47} {7096 95 false 48} {4872 95 false 49} {3988 95 false 50} {2554 95 false 51} {554 95 false 52} {2953 95 false 53} {9230 95 false 54} {8688 95 false 55} {9094 95 false 56} {3997 95 false 57} {2894 95 false 58} {5667 95 false 59} {3509 95 false 60} {4539 95 false 61} {1900 95 false 62} {395 95 false 63} {4338 95 false 64} {9052 95 false 65} {6681 95 false 66} {5152 95 false 67} {2250 95 false 68} {7353 95 false 69} {7300 95 false 70} {9476 95 false 71} {5907 95 false 72} {8352 95 false 73} {3326 95 false 74} {2806 95 false 75} {5167 95 false 76} {3514 95 false 77} {7493 95 false 78} {3260 95 false 79} {2440 95 false 80} {2920 95 false 81} {8285 95 false 82} {4140 95 false 83} {8602 95 false 84} {5537 95 false 85} {4663 95 false 86} {8098 95 false 87} {743 95 false 88} {9006 95 false 89} {6480 95 false 90} {4305 95 false 91} {7754 95 false 92} {612 95 false 93} {7820 95 false 94} {4607 95 false 95} {7256 95 false 96} {4888 95 false 97} {1311 95 false 98} {8099 95 false 99} {1197 95 false 100} {2238 95 false 101} {2354 95 false 102} {3362 95 false 103} {919 95 false 104} {8424 95 false 105} {6099 95 false 106} {1374 95 false 107} {2506 95 false 108} {7804 95 false 109} {5971 95 false 110} {3293 95 false 111} {6828 95 false 112} {5896 95 false 113} {2846 95 false 114} {1290 95 false 115} {7082 95 false 116} {4917 95 false 117} {3250 95 false 118} {248 95 false 119} {1140 95 false 120} {1245 95 false 121} {6024 95 false 122} {4473 95 false 123} {2136 95 false 124} {4154 95 false 125} {2583 95 false 126} {708 95 false 127} {4481 95 false 128} {6476 95 false 129} {5036 95 false 130} {4065 95 false 131} {6200 95 false 132} {1397 95 false 133} {4279 95 false 134} {6833 95 false 135} {4346 95 false 136} {3317 95 false 137} {4185 95 false 138} {4000 95 false 139} {2185 95 false 140} {8037 95 false 141} {1968 95 false 142} {6414 95 false 143} {6351 95 false 144} {1290 95 false 145} {255 95 false 146} {5814 95 false 147} {9138 95 false 148} {1249 95 false 149} {8088 95 false 150} {61 95 false 151} {6456 95 false 152} {9658 95 false 153} {2752 95 false 154} {4915 95 false 155} {2443 95 false 156} {4194 95 false 157} {928 95 false 158} {5614 95 false 159} {8999 95 false 160} {1953 95 false 161} {2650 95 false 162} {3468 95 false 163} {1123 95 false 164} {3774 95 false 165} {6358 95 false 166} {5925 95 false 167} {338 95 false 168} {99 95 false 169} {4512 95 false 170} {7477 95 false 171} {169 95 false 172} {6395 95 false 173} {7193 95 false 174} {2353 95 false 175} {3277 95 false 176} {6306 95 false 177} {5511 95 false 178} {2355 95 false 179} {8128 95 false 180} {6058 95 false 181} {7487 95 false 182} {9104 95 false 183} {9659 95 false 184} {3870 95 false 185} {7666 95 false 186} {8351 95 false 187} {9904 95 false 188} {3086 95 false 189} {4239 95 false 190} {9285 95 false 191} {8547 95 false 192} {5397 95 false 193} {6203 95 false 194} {2701 95 false 195} {281 95 false 196} {5684 95 false 197} {6931 95 false 198} {1998 95 false 199} {3892 95 false 200} {8994 95 false 201} {8648 95 false 202} {4605 95 false 203} {4080 95 false 204} {3229 95 false 205} {1192 95 false 206} {7753 95 false 207} {2164 95 false 208} {3086 95 false 209} {5245 95 false 210} {7102 95 false 211} {8818 95 false 212} {5017 95 false 213} {7628 95 false 214} {6028 95 false 215} {590 95 false 216} {6004 95 false 217} {2477 95 false 218} {6033 95 false 219} {4971 95 false 220} {7653 95 false 221} {4210 95 false 222} {654 95 false 223} {1347 95 false 224} {548 95 false 225} {2425 95 false 226} {7551 95 false 227} {147 95 false 228} {3398 95 false 229} {9137 95 false 230} {5214 95 false 231} {1870 95 false 232} {2007 95 false 233} {4259 95 false 234} {5871 95 false 235} {1999 95 false 236} {2250 95 false 237} {2233 95 false 238} {9889 95 false 239} {3674 95 false 240} {3867 95 false 241} {9585 95 false 242} {7532 95 false 243} {3418 95 false 244} {1920 95 false 245} {5828 95 false 246} {3723 95 false 247} {197 95 false 248} {3771 95 false 249} {9308 95 false 250} {8474 95 false 251} {6670 95 false 252} {8023 95 false 253} {9827 95 false 254} {745 95 false 255} {9541 95 false 256} {4130 95 false 257} {3683 95 false 258} {244 95 false 259} {1055 95 false 260} {7937 95 false 261} {9098 95 false 262} {8583 141 false 263} {4509 141 false 264} {5945 141 false 265} {7900 141 false 266} {8891 141 false 267} {8803 141 false 268} {2042 141 false 269} {8293 141 false 270} {4473 141 false 271} {6604 141 false 272} {5376 141 false 273} {6396 141 false 274} {8674 141 false 275} {5663 141 false 276} {1465 141 false 277} {4305 141 false 278} {29 141 false 279} {5595 141 false 280} {5764 141 false 281} {473 141 false 282} {6305 141 false 283} {273 141 false 284} {3146 141 false 285} {9506 141 false 286} {4632 141 false 287} {6027 141 false 288} {6952 141 false 289} {8257 141 false 290} {9649 141 false 291} {4178 141 false 292} {7266 141 false 293} {2232 141 false 294} {1973 141 false 295} {1704 141 false 296} {9529 141 false 297} {7427 141 false 298} {4392 141 false 299} {8497 141 false 300} {8041 141 false 301} {5966 141 false 302} {8440 141 false 303} {2229 141 false 304} {815 141 false 305} {1570 141 false 306} {6889 141 false 307} {4416 141 false 308} {651 141 false 309} {8692 141 false 310} {5425 141 false 311} {4142 141 false 312} {1077 141 false 313} {7325 141 false 314} {2814 141 false 315} {202 141 false 316} {7450 141 false 317} {8805 141 false 318} {3424 141 false 319} {3006 141 false 320} {4641 141 false 321} {2604 141 false 322} {3988 141 false 323} {8515 141 false 324} {4262 141 false 325} {6619 141 false 326} {8498 141 false 327} {9672 141 false 328} {8418 141 false 329} {5033 141 false 330} {5311 141 false 331} {9242 141 false 332} {7380 141 false 333} {5261 141 false 334} {9100 141 false 335} {4374 141 false 336} {2866 141 false 337} {290 141 false 338} {2261 141 false 339} {120 141 false 340} {7072 141 false 341} {7931 141 false 342} {2635 141 false 343} {1951 141 false 344} {8594 141 false 345} {4127 141 false 346} {2386 141 false 347} {2174 141 false 348} {3837 141 false 349} {8358 141 false 350} {7353 141 false 351} {2094 141 false 352} {569 141 false 353} {8759 141 false 354} {1223 141 false 355} {3599 141 false 356} {123 141 false 357} {3680 141 false 358} {6063 141 false 359} {8870 141 false 360} {8775 141 false 361} {2959 141 false 362} {8613 141 false 363} {3399 141 false 364} {1931 141 false 365} {3362 141 false 366} {9117 141 false 367} {2364 141 false 368} {7785 141 false 369} {5066 141 false 370} {6181 141 false 371} {6803 141 false 372} {6922 141 false 373} {4098 141 false 374} {869 141 false 375} {4009 141 false 376} {1013 141 false 377} {4881 141 false 378} {3898 141 false 379} {1276 141 false 380} {3816 141 false 381} {9317 141 false 382} {8377 141 false 383} {9596 141 false 384} {3339 141 false 385} {1374 141 false 386} {4753 141 false 387} {5037 141 false 388} {8833 141 false 389}] 
2025/11/03 17:32:38 [17:32:38.191] [Node:4] [LOG_REPLICA] [Trace:LOG_2_162][2->4] 复制日志结果:[{<nil> 0 false 0} {9885 2 false 1} {7369 4 false 2} {377 9 false 3} {5698 9 false 4} {3675 9 false 5} {7576 9 false 6} {6501 9 false 7} {8962 9 false 8} {9292 11 false 9} {5826 14 false 10} {1116 14 false 11} {8927 16 false 12} {615 16 false 13} {3625 16 false 14} {1425 16 false 15} {9709 16 false 16} {3423 16 false 17} {3134 16 false 18} {3657 16 false 19} {8171 16 false 20} {9440 16 false 21} {6470 16 false 22} {1363 16 false 23} {716 16 false 24} {2684 16 false 25} {5836 19 false 26} {5544 19 false 27} {713 19 false 28} {6403 19 false 29} {881 19 false 30} {3832 19 false 31} {4831 19 false 32} {989 19 false 33} {3559 19 false 34} {4757 19 false 35} {5501 19 false 36} {705 19 false 37} {528 19 false 38} {4304 19 false 39} {4358 19 false 40} {8941 19 false 41} {1994 19 false 42} {411 19 false 43} {7043 95 false 44} {2699 95 false 45} {8150 95 false 46} {8874 95 false 47} {7096 95 false 48} {4872 95 false 49} {3988 95 false 50} {2554 95 false 51} {554 95 false 52} {2953 95 false 53} {9230 95 false 54} {8688 95 false 55} {9094 95 false 56} {3997 95 false 57} {2894 95 false 58} {5667 95 false 59} {3509 95 false 60} {4539 95 false 61} {1900 95 false 62} {395 95 false 63} {4338 95 false 64} {9052 95 false 65} {6681 95 false 66} {5152 95 false 67} {2250 95 false 68} {7353 95 false 69} {7300 95 false 70} {9476 95 false 71} {5907 95 false 72} {8352 95 false 73} {3326 95 false 74} {2806 95 false 75} {5167 95 false 76} {3514 95 false 77} {7493 95 false 78} {3260 95 false 79} {2440 95 false 80} {2920 95 false 81} {8285 95 false 82} {4140 95 false 83} {8602 95 false 84} {5537 95 false 85} {4663 95 false 86} {8098 95 false 87} {743 95 false 88} {9006 95 false 89} {6480 95 false 90} {4305 95 false 91} {7754 95 false 92} {612 95 false 93} {7820 95 false 94} {4607 95 false 95} {7256 95 false 96} {4888 95 false 97} {1311 95 false 98} {8099 95 false 99} {1197 95 false 100} {2238 95 false 101} {2354 95 false 102} {3362 95 false 103} {919 95 false 104} {8424 95 false 105} {6099 95 false 106} {1374 95 false 107} {2506 95 false 108} {7804 95 false 109} {5971 95 false 110} {3293 95 false 111} {6828 95 false 112} {5896 95 false 113} {2846 95 false 114} {1290 95 false 115} {7082 95 false 116} {4917 95 false 117} {3250 95 false 118} {248 95 false 119} {1140 95 false 120} {1245 95 false 121} {6024 95 false 122} {4473 95 false 123} {2136 95 false 124} {4154 95 false 125} {2583 95 false 126} {708 95 false 127} {4481 95 false 128} {6476 95 false 129} {5036 95 false 130} {4065 95 false 131} {6200 95 false 132} {1397 95 false 133} {4279 95 false 134} {6833 95 false 135} {4346 95 false 136} {3317 95 false 137} {4185 95 false 138} {4000 95 false 139} {2185 95 false 140} {8037 95 false 141} {1968 95 false 142} {6414 95 false 143} {6351 95 false 144} {1290 95 false 145} {255 95 false 146} {5814 95 false 147} {9138 95 false 148} {1249 95 false 149} {8088 95 false 150} {61 95 false 151} {6456 95 false 152} {9658 95 false 153} {2752 95 false 154} {4915 95 false 155} {2443 95 false 156} {4194 95 false 157} {928 95 false 158} {5614 95 false 159} {8999 95 false 160} {1953 95 false 161} {2650 95 false 162} {3468 95 false 163} {1123 95 false 164} {3774 95 false 165} {6358 95 false 166} {5925 95 false 167} {338 95 false 168} {99 95 false 169} {4512 95 false 170} {7477 95 false 171} {169 95 false 172} {6395 95 false 173} {7193 95 false 174} {2353 95 false 175} {3277 95 false 176} {6306 95 false 177} {5511 95 false 178} {2355 95 false 179} {8128 95 false 180} {6058 95 false 181} {7487 95 false 182} {9104 95 false 183} {9659 95 false 184} {3870 95 false 185} {7666 95 false 186} {8351 95 false 187} {9904 95 false 188} {3086 95 false 189} {4239 95 false 190} {9285 95 false 191} {8547 95 false 192} {5397 95 false 193} {6203 95 false 194} {2701 95 false 195} {281 95 false 196} {5684 95 false 197} {6931 95 false 198} {1998 95 false 199} {3892 95 false 200} {8994 95 false 201} {8648 95 false 202} {4605 95 false 203} {4080 95 false 204} {3229 95 false 205} {1192 95 false 206} {7753 95 false 207} {2164 95 false 208} {3086 95 false 209} {5245 95 false 210} {7102 95 false 211} {8818 95 false 212} {5017 95 false 213} {7628 95 false 214} {6028 95 false 215} {590 95 false 216} {6004 95 false 217} {2477 95 false 218} {6033 95 false 219} {4971 95 false 220} {7653 95 false 221} {4210 95 false 222} {654 95 false 223} {1347 95 false 224} {548 95 false 225} {2425 95 false 226} {7551 95 false 227} {147 95 false 228} {3398 95 false 229} {9137 95 false 230} {5214 95 false 231} {1870 95 false 232} {2007 95 false 233} {4259 95 false 234} {5871 95 false 235} {1999 95 false 236} {2250 95 false 237} {2233 95 false 238} {9889 95 false 239} {3674 95 false 240} {3867 95 false 241} {9585 95 false 242} {7532 95 false 243} {3418 95 false 244} {1920 95 false 245} {5828 95 false 246} {3723 95 false 247} {197 95 false 248} {3771 95 false 249} {9308 95 false 250} {8474 95 false 251} {6670 95 false 252} {8023 95 false 253} {9827 95 false 254} {745 95 false 255} {9541 95 false 256} {4130 95 false 257} {3683 95 false 258} {244 95 false 259} {1055 95 false 260} {7937 95 false 261} {9098 95 false 262} {8583 141 false 263} {4509 141 false 264} {5945 141 false 265} {7900 141 false 266} {8891 141 false 267} {8803 141 false 268} {2042 141 false 269} {8293 141 false 270} {4473 141 false 271} {6604 141 false 272} {5376 141 false 273} {6396 141 false 274} {8674 141 false 275} {5663 141 false 276} {1465 141 false 277} {4305 141 false 278} {29 141 false 279} {5595 141 false 280} {5764 141 false 281} {473 141 false 282} {6305 141 false 283} {273 141 false 284} {3146 141 false 285} {9506 141 false 286} {4632 141 false 287} {6027 141 false 288} {6952 141 false 289} {8257 141 false 290} {9649 141 false 291} {4178 141 false 292} {7266 141 false 293} {2232 141 false 294} {1973 141 false 295} {1704 141 false 296} {9529 141 false 297} {7427 141 false 298} {4392 141 false 299} {8497 141 false 300} {8041 141 false 301} {5966 141 false 302} {8440 141 false 303} {2229 141 false 304} {815 141 false 305} {1570 141 false 306} {6889 141 false 307} {4416 141 false 308} {651 141 false 309} {8692 141 false 310} {5425 141 false 311} {4142 141 false 312} {1077 141 false 313} {7325 141 false 314} {2814 141 false 315} {202 141 false 316} {7450 141 false 317} {8805 141 false 318} {3424 141 false 319} {3006 141 false 320} {4641 141 false 321} {2604 141 false 322} {3988 141 false 323} {8515 141 false 324} {4262 141 false 325} {6619 141 false 326} {8498 141 false 327} {9672 141 false 328} {8418 141 false 329} {5033 141 false 330} {5311 141 false 331} {9242 141 false 332} {7380 141 false 333} {5261 141 false 334} {9100 141 false 335} {4374 141 false 336} {2866 141 false 337} {290 141 false 338} {2261 141 false 339} {120 141 false 340} {7072 141 false 341} {7931 141 false 342} {2635 141 false 343} {1951 141 false 344} {8594 141 false 345} {4127 141 false 346} {2386 141 false 347} {2174 141 false 348} {3837 141 false 349} {8358 141 false 350} {7353 141 false 351} {2094 141 false 352} {569 141 false 353} {8759 141 false 354} {1223 141 false 355} {3599 141 false 356} {123 141 false 357} {3680 141 false 358} {6063 141 false 359} {8870 141 false 360} {8775 141 false 361} {2959 141 false 362} {8613 141 false 363} {3399 141 false 364} {1931 141 false 365} {3362 141 false 366} {9117 141 false 367} {2364 141 false 368} {7785 141 false 369} {5066 141 false 370} {6181 141 false 371} {6803 141 false 372} {6922 141 false 373} {4098 141 false 374} {869 141 false 375} {4009 141 false 376} {1013 141 false 377} {4881 141 false 378} {3898 141 false 379} {1276 141 false 380} {3816 141 false 381} {9317 141 false 382} {8377 141 false 383} {9596 141 false 384} {3339 141 false 385} {1374 141 false 386} {4753 141 false 387} {5037 141 false 388} {8833 141 false 389}] 
2025/11/03 17:32:38 [17:32:38.282] [Node:4] [HEARTBEAT] [Trace:HB_4_162] Follower等心跳 status FOLLOWER term:162 commitIndex:24
2025/11/03 17:32:38 [17:32:38.290] [Node:4] [LOG_REPLICA] [Trace:LOG_2_162][2->4] AppendEntries 收到 term:162 leaderId:2 prevLogIndex:24 prevLogTerm:16 entries:365 leaderCommit:24 isHeartbeat:false currentTerm:162 status:FOLLOWER
2025/11/03 17:32:38 [17:32:38.290] [Node:4] [LOG_REPLICA] [Trace:LOG_2_162][2->4] 打印日志结果:[{<nil> 0 false 0} {9885 2 false 1} {7369 4 false 2} {377 9 false 3} {5698 9 false 4} {3675 9 false 5} {7576 9 false 6} {6501 9 false 7} {8962 9 false 8} {9292 11 false 9} {5826 14 false 10} {1116 14 false 11} {8927 16 false 12} {615 16 false 13} {3625 16 false 14} {1425 16 false 15} {9709 16 false 16} {3423 16 false 17} {3134 16 false 18} {3657 16 false 19} {8171 16 false 20} {9440 16 false 21} {6470 16 false 22} {1363 16 false 23} {716 16 false 24} {2684 16 false 25} {5836 19 false 26} {5544 19 false 27} {713 19 false 28} {6403 19 false 29} {881 19 false 30} {3832 19 false 31} {4831 19 false 32} {989 19 false 33} {3559 19 false 34} {4757 19 false 35} {5501 19 false 36} {705 19 false 37} {528 19 false 38} {4304 19 false 39} {4358 19 false 40} {8941 19 false 41} {1994 19 false 42} {411 19 false 43} {7043 95 false 44} {2699 95 false 45} {8150 95 false 46} {8874 95 false 47} {7096 95 false 48} {4872 95 false 49} {3988 95 false 50} {2554 95 false 51} {554 95 false 52} {2953 95 false 53} {9230 95 false 54} {8688 95 false 55} {9094 95 false 56} {3997 95 false 57} {2894 95 false 58} {5667 95 false 59} {3509 95 false 60} {4539 95 false 61} {1900 95 false 62} {395 95 false 63} {4338 95 false 64} {9052 95 false 65} {6681 95 false 66} {5152 95 false 67} {2250 95 false 68} {7353 95 false 69} {7300 95 false 70} {9476 95 false 71} {5907 95 false 72} {8352 95 false 73} {3326 95 false 74} {2806 95 false 75} {5167 95 false 76} {3514 95 false 77} {7493 95 false 78} {3260 95 false 79} {2440 95 false 80} {2920 95 false 81} {8285 95 false 82} {4140 95 false 83} {8602 95 false 84} {5537 95 false 85} {4663 95 false 86} {8098 95 false 87} {743 95 false 88} {9006 95 false 89} {6480 95 false 90} {4305 95 false 91} {7754 95 false 92} {612 95 false 93} {7820 95 false 94} {4607 95 false 95} {7256 95 false 96} {4888 95 false 97} {1311 95 false 98} {8099 95 false 99} {1197 95 false 100} {2238 95 false 101} {2354 95 false 102} {3362 95 false 103} {919 95 false 104} {8424 95 false 105} {6099 95 false 106} {1374 95 false 107} {2506 95 false 108} {7804 95 false 109} {5971 95 false 110} {3293 95 false 111} {6828 95 false 112} {5896 95 false 113} {2846 95 false 114} {1290 95 false 115} {7082 95 false 116} {4917 95 false 117} {3250 95 false 118} {248 95 false 119} {1140 95 false 120} {1245 95 false 121} {6024 95 false 122} {4473 95 false 123} {2136 95 false 124} {4154 95 false 125} {2583 95 false 126} {708 95 false 127} {4481 95 false 128} {6476 95 false 129} {5036 95 false 130} {4065 95 false 131} {6200 95 false 132} {1397 95 false 133} {4279 95 false 134} {6833 95 false 135} {4346 95 false 136} {3317 95 false 137} {4185 95 false 138} {4000 95 false 139} {2185 95 false 140} {8037 95 false 141} {1968 95 false 142} {6414 95 false 143} {6351 95 false 144} {1290 95 false 145} {255 95 false 146} {5814 95 false 147} {9138 95 false 148} {1249 95 false 149} {8088 95 false 150} {61 95 false 151} {6456 95 false 152} {9658 95 false 153} {2752 95 false 154} {4915 95 false 155} {2443 95 false 156} {4194 95 false 157} {928 95 false 158} {5614 95 false 159} {8999 95 false 160} {1953 95 false 161} {2650 95 false 162} {3468 95 false 163} {1123 95 false 164} {3774 95 false 165} {6358 95 false 166} {5925 95 false 167} {338 95 false 168} {99 95 false 169} {4512 95 false 170} {7477 95 false 171} {169 95 false 172} {6395 95 false 173} {7193 95 false 174} {2353 95 false 175} {3277 95 false 176} {6306 95 false 177} {5511 95 false 178} {2355 95 false 179} {8128 95 false 180} {6058 95 false 181} {7487 95 false 182} {9104 95 false 183} {9659 95 false 184} {3870 95 false 185} {7666 95 false 186} {8351 95 false 187} {9904 95 false 188} {3086 95 false 189} {4239 95 false 190} {9285 95 false 191} {8547 95 false 192} {5397 95 false 193} {6203 95 false 194} {2701 95 false 195} {281 95 false 196} {5684 95 false 197} {6931 95 false 198} {1998 95 false 199} {3892 95 false 200} {8994 95 false 201} {8648 95 false 202} {4605 95 false 203} {4080 95 false 204} {3229 95 false 205} {1192 95 false 206} {7753 95 false 207} {2164 95 false 208} {3086 95 false 209} {5245 95 false 210} {7102 95 false 211} {8818 95 false 212} {5017 95 false 213} {7628 95 false 214} {6028 95 false 215} {590 95 false 216} {6004 95 false 217} {2477 95 false 218} {6033 95 false 219} {4971 95 false 220} {7653 95 false 221} {4210 95 false 222} {654 95 false 223} {1347 95 false 224} {548 95 false 225} {2425 95 false 226} {7551 95 false 227} {147 95 false 228} {3398 95 false 229} {9137 95 false 230} {5214 95 false 231} {1870 95 false 232} {2007 95 false 233} {4259 95 false 234} {5871 95 false 235} {1999 95 false 236} {2250 95 false 237} {2233 95 false 238} {9889 95 false 239} {3674 95 false 240} {3867 95 false 241} {9585 95 false 242} {7532 95 false 243} {3418 95 false 244} {1920 95 false 245} {5828 95 false 246} {3723 95 false 247} {197 95 false 248} {3771 95 false 249} {9308 95 false 250} {8474 95 false 251} {6670 95 false 252} {8023 95 false 253} {9827 95 false 254} {745 95 false 255} {9541 95 false 256} {4130 95 false 257} {3683 95 false 258} {244 95 false 259} {1055 95 false 260} {7937 95 false 261} {9098 95 false 262} {8583 141 false 263} {4509 141 false 264} {5945 141 false 265} {7900 141 false 266} {8891 141 false 267} {8803 141 false 268} {2042 141 false 269} {8293 141 false 270} {4473 141 false 271} {6604 141 false 272} {5376 141 false 273} {6396 141 false 274} {8674 141 false 275} {5663 141 false 276} {1465 141 false 277} {4305 141 false 278} {29 141 false 279} {5595 141 false 280} {5764 141 false 281} {473 141 false 282} {6305 141 false 283} {273 141 false 284} {3146 141 false 285} {9506 141 false 286} {4632 141 false 287} {6027 141 false 288} {6952 141 false 289} {8257 141 false 290} {9649 141 false 291} {4178 141 false 292} {7266 141 false 293} {2232 141 false 294} {1973 141 false 295} {1704 141 false 296} {9529 141 false 297} {7427 141 false 298} {4392 141 false 299} {8497 141 false 300} {8041 141 false 301} {5966 141 false 302} {8440 141 false 303} {2229 141 false 304} {815 141 false 305} {1570 141 false 306} {6889 141 false 307} {4416 141 false 308} {651 141 false 309} {8692 141 false 310} {5425 141 false 311} {4142 141 false 312} {1077 141 false 313} {7325 141 false 314} {2814 141 false 315} {202 141 false 316} {7450 141 false 317} {8805 141 false 318} {3424 141 false 319} {3006 141 false 320} {4641 141 false 321} {2604 141 false 322} {3988 141 false 323} {8515 141 false 324} {4262 141 false 325} {6619 141 false 326} {8498 141 false 327} {9672 141 false 328} {8418 141 false 329} {5033 141 false 330} {5311 141 false 331} {9242 141 false 332} {7380 141 false 333} {5261 141 false 334} {9100 141 false 335} {4374 141 false 336} {2866 141 false 337} {290 141 false 338} {2261 141 false 339} {120 141 false 340} {7072 141 false 341} {7931 141 false 342} {2635 141 false 343} {1951 141 false 344} {8594 141 false 345} {4127 141 false 346} {2386 141 false 347} {2174 141 false 348} {3837 141 false 349} {8358 141 false 350} {7353 141 false 351} {2094 141 false 352} {569 141 false 353} {8759 141 false 354} {1223 141 false 355} {3599 141 false 356} {123 141 false 357} {3680 141 false 358} {6063 141 false 359} {8870 141 false 360} {8775 141 false 361} {2959 141 false 362} {8613 141 false 363} {3399 141 false 364} {1931 141 false 365} {3362 141 false 366} {9117 141 false 367} {2364 141 false 368} {7785 141 false 369} {5066 141 false 370} {6181 141 false 371} {6803 141 false 372} {6922 141 false 373} {4098 141 false 374} {869 141 false 375} {4009 141 false 376} {1013 141 false 377} {4881 141 false 378} {3898 141 false 379} {1276 141 false 380} {3816 141 false 381} {9317 141 false 382} {8377 141 false 383} {9596 141 false 384} {3339 141 false 385} {1374 141 false 386} {4753 141 false 387} {5037 141 false 388} {8833 141 false 389}] 
2025/11/03 17:32:38 [17:32:38.298] [Node:4] [LOG_REPLICA] [Trace:LOG_2_162][2->4] 复制日志结果:[{<nil> 0 false 0} {9885 2 false 1} {7369 4 false 2} {377 9 false 3} {5698 9 false 4} {3675 9 false 5} {7576 9 false 6} {6501 9 false 7} {8962 9 false 8} {9292 11 false 9} {5826 14 false 10} {1116 14 false 11} {8927 16 false 12} {615 16 false 13} {3625 16 false 14} {1425 16 false 15} {9709 16 false 16} {3423 16 false 17} {3134 16 false 18} {3657 16 false 19} {8171 16 false 20} {9440 16 false 21} {6470 16 false 22} {1363 16 false 23} {716 16 false 24} {2684 16 false 25} {5836 19 false 26} {5544 19 false 27} {713 19 false 28} {6403 19 false 29} {881 19 false 30} {3832 19 false 31} {4831 19 false 32} {989 19 false 33} {3559 19 false 34} {4757 19 false 35} {5501 19 false 36} {705 19 false 37} {528 19 false 38} {4304 19 false 39} {4358 19 false 40} {8941 19 false 41} {1994 19 false 42} {411 19 false 43} {7043 95 false 44} {2699 95 false 45} {8150 95 false 46} {8874 95 false 47} {7096 95 false 48} {4872 95 false 49} {3988 95 false 50} {2554 95 false 51} {554 95 false 52} {2953 95 false 53} {9230 95 false 54} {8688 95 false 55} {9094 95 false 56} {3997 95 false 57} {2894 95 false 58} {5667 95 false 59} {3509 95 false 60} {4539 95 false 61} {1900 95 false 62} {395 95 false 63} {4338 95 false 64} {9052 95 false 65} {6681 95 false 66} {5152 95 false 67} {2250 95 false 68} {7353 95 false 69} {7300 95 false 70} {9476 95 false 71} {5907 95 false 72} {8352 95 false 73} {3326 95 false 74} {2806 95 false 75} {5167 95 false 76} {3514 95 false 77} {7493 95 false 78} {3260 95 false 79} {2440 95 false 80} {2920 95 false 81} {8285 95 false 82} {4140 95 false 83} {8602 95 false 84} {5537 95 false 85} {4663 95 false 86} {8098 95 false 87} {743 95 false 88} {9006 95 false 89} {6480 95 false 90} {4305 95 false 91} {7754 95 false 92} {612 95 false 93} {7820 95 false 94} {4607 95 false 95} {7256 95 false 96} {4888 95 false 97} {1311 95 false 98} {8099 95 false 99} {1197 95 false 100} {2238 95 false 101} {2354 95 false 102} {3362 95 false 103} {919 95 false 104} {8424 95 false 105} {6099 95 false 106} {1374 95 false 107} {2506 95 false 108} {7804 95 false 109} {5971 95 false 110} {3293 95 false 111} {6828 95 false 112} {5896 95 false 113} {2846 95 false 114} {1290 95 false 115} {7082 95 false 116} {4917 95 false 117} {3250 95 false 118} {248 95 false 119} {1140 95 false 120} {1245 95 false 121} {6024 95 false 122} {4473 95 false 123} {2136 95 false 124} {4154 95 false 125} {2583 95 false 126} {708 95 false 127} {4481 95 false 128} {6476 95 false 129} {5036 95 false 130} {4065 95 false 131} {6200 95 false 132} {1397 95 false 133} {4279 95 false 134} {6833 95 false 135} {4346 95 false 136} {3317 95 false 137} {4185 95 false 138} {4000 95 false 139} {2185 95 false 140} {8037 95 false 141} {1968 95 false 142} {6414 95 false 143} {6351 95 false 144} {1290 95 false 145} {255 95 false 146} {5814 95 false 147} {9138 95 false 148} {1249 95 false 149} {8088 95 false 150} {61 95 false 151} {6456 95 false 152} {9658 95 false 153} {2752 95 false 154} {4915 95 false 155} {2443 95 false 156} {4194 95 false 157} {928 95 false 158} {5614 95 false 159} {8999 95 false 160} {1953 95 false 161} {2650 95 false 162} {3468 95 false 163} {1123 95 false 164} {3774 95 false 165} {6358 95 false 166} {5925 95 false 167} {338 95 false 168} {99 95 false 169} {4512 95 false 170} {7477 95 false 171} {169 95 false 172} {6395 95 false 173} {7193 95 false 174} {2353 95 false 175} {3277 95 false 176} {6306 95 false 177} {5511 95 false 178} {2355 95 false 179} {8128 95 false 180} {6058 95 false 181} {7487 95 false 182} {9104 95 false 183} {9659 95 false 184} {3870 95 false 185} {7666 95 false 186} {8351 95 false 187} {9904 95 false 188} {3086 95 false 189} {4239 95 false 190} {9285 95 false 191} {8547 95 false 192} {5397 95 false 193} {6203 95 false 194} {2701 95 false 195} {281 95 false 196} {5684 95 false 197} {6931 95 false 198} {1998 95 false 199} {3892 95 false 200} {8994 95 false 201} {8648 95 false 202} {4605 95 false 203} {4080 95 false 204} {3229 95 false 205} {1192 95 false 206} {7753 95 false 207} {2164 95 false 208} {3086 95 false 209} {5245 95 false 210} {7102 95 false 211} {8818 95 false 212} {5017 95 false 213} {7628 95 false 214} {6028 95 false 215} {590 95 false 216} {6004 95 false 217} {2477 95 false 218} {6033 95 false 219} {4971 95 false 220} {7653 95 false 221} {4210 95 false 222} {654 95 false 223} {1347 95 false 224} {548 95 false 225} {2425 95 false 226} {7551 95 false 227} {147 95 false 228} {3398 95 false 229} {9137 95 false 230} {5214 95 false 231} {1870 95 false 232} {2007 95 false 233} {4259 95 false 234} {5871 95 false 235} {1999 95 false 236} {2250 95 false 237} {2233 95 false 238} {9889 95 false 239} {3674 95 false 240} {3867 95 false 241} {9585 95 false 242} {7532 95 false 243} {3418 95 false 244} {1920 95 false 245} {5828 95 false 246} {3723 95 false 247} {197 95 false 248} {3771 95 false 249} {9308 95 false 250} {8474 95 false 251} {6670 95 false 252} {8023 95 false 253} {9827 95 false 254} {745 95 false 255} {9541 95 false 256} {4130 95 false 257} {3683 95 false 258} {244 95 false 259} {1055 95 false 260} {7937 95 false 261} {9098 95 false 262} {8583 141 false 263} {4509 141 false 264} {5945 141 false 265} {7900 141 false 266} {8891 141 false 267} {8803 141 false 268} {2042 141 false 269} {8293 141 false 270} {4473 141 false 271} {6604 141 false 272} {5376 141 false 273} {6396 141 false 274} {8674 141 false 275} {5663 141 false 276} {1465 141 false 277} {4305 141 false 278} {29 141 false 279} {5595 141 false 280} {5764 141 false 281} {473 141 false 282} {6305 141 false 283} {273 141 false 284} {3146 141 false 285} {9506 141 false 286} {4632 141 false 287} {6027 141 false 288} {6952 141 false 289} {8257 141 false 290} {9649 141 false 291} {4178 141 false 292} {7266 141 false 293} {2232 141 false 294} {1973 141 false 295} {1704 141 false 296} {9529 141 false 297} {7427 141 false 298} {4392 141 false 299} {8497 141 false 300} {8041 141 false 301} {5966 141 false 302} {8440 141 false 303} {2229 141 false 304} {815 141 false 305} {1570 141 false 306} {6889 141 false 307} {4416 141 false 308} {651 141 false 309} {8692 141 false 310} {5425 141 false 311} {4142 141 false 312} {1077 141 false 313} {7325 141 false 314} {2814 141 false 315} {202 141 false 316} {7450 141 false 317} {8805 141 false 318} {3424 141 false 319} {3006 141 false 320} {4641 141 false 321} {2604 141 false 322} {3988 141 false 323} {8515 141 false 324} {4262 141 false 325} {6619 141 false 326} {8498 141 false 327} {9672 141 false 328} {8418 141 false 329} {5033 141 false 330} {5311 141 false 331} {9242 141 false 332} {7380 141 false 333} {5261 141 false 334} {9100 141 false 335} {4374 141 false 336} {2866 141 false 337} {290 141 false 338} {2261 141 false 339} {120 141 false 340} {7072 141 false 341} {7931 141 false 342} {2635 141 false 343} {1951 141 false 344} {8594 141 false 345} {4127 141 false 346} {2386 141 false 347} {2174 141 false 348} {3837 141 false 349} {8358 141 false 350} {7353 141 false 351} {2094 141 false 352} {569 141 false 353} {8759 141 false 354} {1223 141 false 355} {3599 141 false 356} {123 141 false 357} {3680 141 false 358} {6063 141 false 359} {8870 141 false 360} {8775 141 false 361} {2959 141 false 362} {8613 141 false 363} {3399 141 false 364} {1931 141 false 365} {3362 141 false 366} {9117 141 false 367} {2364 141 false 368} {7785 141 false 369} {5066 141 false 370} {6181 141 false 371} {6803 141 false 372} {6922 141 false 373} {4098 141 false 374} {869 141 false 375} {4009 141 false 376} {1013 141 false 377} {4881 141 false 378} {3898 141 false 379} {1276 141 false 380} {3816 141 false 381} {9317 141 false 382} {8377 141 false 383} {9596 141 false 384} {3339 141 false 385} {1374 141 false 386} {4753 141 false 387} {5037 141 false 388} {8833 141 false 389}] 
2025/11/03 17:32:38 [17:32:38.382] [Node:4] [HEARTBEAT] [Trace:HB_4_162] Follower等心跳 status FOLLOWER term:162 commitIndex:24
2025/11/03 17:32:38 [17:32:38.393] [Node:4] [LOG_REPLICA] [Trace:LOG_2_162][2->4] AppendEntries 收到 term:162 leaderId:2 prevLogIndex:24 prevLogTerm:16 entries:365 leaderCommit:24 isHeartbeat:false currentTerm:162 status:FOLLOWER
2025/11/03 17:32:38 [17:32:38.393] [Node:4] [LOG_REPLICA] [Trace:LOG_2_162][2->4] 打印日志结果:[{<nil> 0 false 0} {9885 2 false 1} {7369 4 false 2} {377 9 false 3} {5698 9 false 4} {3675 9 false 5} {7576 9 false 6} {6501 9 false 7} {8962 9 false 8} {9292 11 false 9} {5826 14 false 10} {1116 14 false 11} {8927 16 false 12} {615 16 false 13} {3625 16 false 14} {1425 16 false 15} {9709 16 false 16} {3423 16 false 17} {3134 16 false 18} {3657 16 false 19} {8171 16 false 20} {9440 16 false 21} {6470 16 false 22} {1363 16 false 23} {716 16 false 24} {2684 16 false 25} {5836 19 false 26} {5544 19 false 27} {713 19 false 28} {6403 19 false 29} {881 19 false 30} {3832 19 false 31} {4831 19 false 32} {989 19 false 33} {3559 19 false 34} {4757 19 false 35} {5501 19 false 36} {705 19 false 37} {528 19 false 38} {4304 19 false 39} {4358 19 false 40} {8941 19 false 41} {1994 19 false 42} {411 19 false 43} {7043 95 false 44} {2699 95 false 45} {8150 95 false 46} {8874 95 false 47} {7096 95 false 48} {4872 95 false 49} {3988 95 false 50} {2554 95 false 51} {554 95 false 52} {2953 95 false 53} {9230 95 false 54} {8688 95 false 55} {9094 95 false 56} {3997 95 false 57} {2894 95 false 58} {5667 95 false 59} {3509 95 false 60} {4539 95 false 61} {1900 95 false 62} {395 95 false 63} {4338 95 false 64} {9052 95 false 65} {6681 95 false 66} {5152 95 false 67} {2250 95 false 68} {7353 95 false 69} {7300 95 false 70} {9476 95 false 71} {5907 95 false 72} {8352 95 false 73} {3326 95 false 74} {2806 95 false 75} {5167 95 false 76} {3514 95 false 77} {7493 95 false 78} {3260 95 false 79} {2440 95 false 80} {2920 95 false 81} {8285 95 false 82} {4140 95 false 83} {8602 95 false 84} {5537 95 false 85} {4663 95 false 86} {8098 95 false 87} {743 95 false 88} {9006 95 false 89} {6480 95 false 90} {4305 95 false 91} {7754 95 false 92} {612 95 false 93} {7820 95 false 94} {4607 95 false 95} {7256 95 false 96} {4888 95 false 97} {1311 95 false 98} {8099 95 false 99} {1197 95 false 100} {2238 95 false 101} {2354 95 false 102} {3362 95 false 103} {919 95 false 104} {8424 95 false 105} {6099 95 false 106} {1374 95 false 107} {2506 95 false 108} {7804 95 false 109} {5971 95 false 110} {3293 95 false 111} {6828 95 false 112} {5896 95 false 113} {2846 95 false 114} {1290 95 false 115} {7082 95 false 116} {4917 95 false 117} {3250 95 false 118} {248 95 false 119} {1140 95 false 120} {1245 95 false 121} {6024 95 false 122} {4473 95 false 123} {2136 95 false 124} {4154 95 false 125} {2583 95 false 126} {708 95 false 127} {4481 95 false 128} {6476 95 false 129} {5036 95 false 130} {4065 95 false 131} {6200 95 false 132} {1397 95 false 133} {4279 95 false 134} {6833 95 false 135} {4346 95 false 136} {3317 95 false 137} {4185 95 false 138} {4000 95 false 139} {2185 95 false 140} {8037 95 false 141} {1968 95 false 142} {6414 95 false 143} {6351 95 false 144} {1290 95 false 145} {255 95 false 146} {5814 95 false 147} {9138 95 false 148} {1249 95 false 149} {8088 95 false 150} {61 95 false 151} {6456 95 false 152} {9658 95 false 153} {2752 95 false 154} {4915 95 false 155} {2443 95 false 156} {4194 95 false 157} {928 95 false 158} {5614 95 false 159} {8999 95 false 160} {1953 95 false 161} {2650 95 false 162} {3468 95 false 163} {1123 95 false 164} {3774 95 false 165} {6358 95 false 166} {5925 95 false 167} {338 95 false 168} {99 95 false 169} {4512 95 false 170} {7477 95 false 171} {169 95 false 172} {6395 95 false 173} {7193 95 false 174} {2353 95 false 175} {3277 95 false 176} {6306 95 false 177} {5511 95 false 178} {2355 95 false 179} {8128 95 false 180} {6058 95 false 181} {7487 95 false 182} {9104 95 false 183} {9659 95 false 184} {3870 95 false 185} {7666 95 false 186} {8351 95 false 187} {9904 95 false 188} {3086 95 false 189} {4239 95 false 190} {9285 95 false 191} {8547 95 false 192} {5397 95 false 193} {6203 95 false 194} {2701 95 false 195} {281 95 false 196} {5684 95 false 197} {6931 95 false 198} {1998 95 false 199} {3892 95 false 200} {8994 95 false 201} {8648 95 false 202} {4605 95 false 203} {4080 95 false 204} {3229 95 false 205} {1192 95 false 206} {7753 95 false 207} {2164 95 false 208} {3086 95 false 209} {5245 95 false 210} {7102 95 false 211} {8818 95 false 212} {5017 95 false 213} {7628 95 false 214} {6028 95 false 215} {590 95 false 216} {6004 95 false 217} {2477 95 false 218} {6033 95 false 219} {4971 95 false 220} {7653 95 false 221} {4210 95 false 222} {654 95 false 223} {1347 95 false 224} {548 95 false 225} {2425 95 false 226} {7551 95 false 227} {147 95 false 228} {3398 95 false 229} {9137 95 false 230} {5214 95 false 231} {1870 95 false 232} {2007 95 false 233} {4259 95 false 234} {5871 95 false 235} {1999 95 false 236} {2250 95 false 237} {2233 95 false 238} {9889 95 false 239} {3674 95 false 240} {3867 95 false 241} {9585 95 false 242} {7532 95 false 243} {3418 95 false 244} {1920 95 false 245} {5828 95 false 246} {3723 95 false 247} {197 95 false 248} {3771 95 false 249} {9308 95 false 250} {8474 95 false 251} {6670 95 false 252} {8023 95 false 253} {9827 95 false 254} {745 95 false 255} {9541 95 false 256} {4130 95 false 257} {3683 95 false 258} {244 95 false 259} {1055 95 false 260} {7937 95 false 261} {9098 95 false 262} {8583 141 false 263} {4509 141 false 264} {5945 141 false 265} {7900 141 false 266} {8891 141 false 267} {8803 141 false 268} {2042 141 false 269} {8293 141 false 270} {4473 141 false 271} {6604 141 false 272} {5376 141 false 273} {6396 141 false 274} {8674 141 false 275} {5663 141 false 276} {1465 141 false 277} {4305 141 false 278} {29 141 false 279} {5595 141 false 280} {5764 141 false 281} {473 141 false 282} {6305 141 false 283} {273 141 false 284} {3146 141 false 285} {9506 141 false 286} {4632 141 false 287} {6027 141 false 288} {6952 141 false 289} {8257 141 false 290} {9649 141 false 291} {4178 141 false 292} {7266 141 false 293} {2232 141 false 294} {1973 141 false 295} {1704 141 false 296} {9529 141 false 297} {7427 141 false 298} {4392 141 false 299} {8497 141 false 300} {8041 141 false 301} {5966 141 false 302} {8440 141 false 303} {2229 141 false 304} {815 141 false 305} {1570 141 false 306} {6889 141 false 307} {4416 141 false 308} {651 141 false 309} {8692 141 false 310} {5425 141 false 311} {4142 141 false 312} {1077 141 false 313} {7325 141 false 314} {2814 141 false 315} {202 141 false 316} {7450 141 false 317} {8805 141 false 318} {3424 141 false 319} {3006 141 false 320} {4641 141 false 321} {2604 141 false 322} {3988 141 false 323} {8515 141 false 324} {4262 141 false 325} {6619 141 false 326} {8498 141 false 327} {9672 141 false 328} {8418 141 false 329} {5033 141 false 330} {5311 141 false 331} {9242 141 false 332} {7380 141 false 333} {5261 141 false 334} {9100 141 false 335} {4374 141 false 336} {2866 141 false 337} {290 141 false 338} {2261 141 false 339} {120 141 false 340} {7072 141 false 341} {7931 141 false 342} {2635 141 false 343} {1951 141 false 344} {8594 141 false 345} {4127 141 false 346} {2386 141 false 347} {2174 141 false 348} {3837 141 false 349} {8358 141 false 350} {7353 141 false 351} {2094 141 false 352} {569 141 false 353} {8759 141 false 354} {1223 141 false 355} {3599 141 false 356} {123 141 false 357} {3680 141 false 358} {6063 141 false 359} {8870 141 false 360} {8775 141 false 361} {2959 141 false 362} {8613 141 false 363} {3399 141 false 364} {1931 141 false 365} {3362 141 false 366} {9117 141 false 367} {2364 141 false 368} {7785 141 false 369} {5066 141 false 370} {6181 141 false 371} {6803 141 false 372} {6922 141 false 373} {4098 141 false 374} {869 141 false 375} {4009 141 false 376} {1013 141 false 377} {4881 141 false 378} {3898 141 false 379} {1276 141 false 380} {3816 141 false 381} {9317 141 false 382} {8377 141 false 383} {9596 141 false 384} {3339 141 false 385} {1374 141 false 386} {4753 141 false 387} {5037 141 false 388} {8833 141 false 389}] 
2025/11/03 17:32:38 [17:32:38.397] [Node:4] [LOG_REPLICA] [Trace:LOG_2_162][2->4] 复制日志结果:[{<nil> 0 false 0} {9885 2 false 1} {7369 4 false 2} {377 9 false 3} {5698 9 false 4} {3675 9 false 5} {7576 9 false 6} {6501 9 false 7} {8962 9 false 8} {9292 11 false 9} {5826 14 false 10} {1116 14 false 11} {8927 16 false 12} {615 16 false 13} {3625 16 false 14} {1425 16 false 15} {9709 16 false 16} {3423 16 false 17} {3134 16 false 18} {3657 16 false 19} {8171 16 false 20} {9440 16 false 21} {6470 16 false 22} {1363 16 false 23} {716 16 false 24} {2684 16 false 25} {5836 19 false 26} {5544 19 false 27} {713 19 false 28} {6403 19 false 29} {881 19 false 30} {3832 19 false 31} {4831 19 false 32} {989 19 false 33} {3559 19 false 34} {4757 19 false 35} {5501 19 false 36} {705 19 false 37} {528 19 false 38} {4304 19 false 39} {4358 19 false 40} {8941 19 false 41} {1994 19 false 42} {411 19 false 43} {7043 95 false 44} {2699 95 false 45} {8150 95 false 46} {8874 95 false 47} {7096 95 false 48} {4872 95 false 49} {3988 95 false 50} {2554 95 false 51} {554 95 false 52} {2953 95 false 53} {9230 95 false 54} {8688 95 false 55} {9094 95 false 56} {3997 95 false 57} {2894 95 false 58} {5667 95 false 59} {3509 95 false 60} {4539 95 false 61} {1900 95 false 62} {395 95 false 63} {4338 95 false 64} {9052 95 false 65} {6681 95 false 66} {5152 95 false 67} {2250 95 false 68} {7353 95 false 69} {7300 95 false 70} {9476 95 false 71} {5907 95 false 72} {8352 95 false 73} {3326 95 false 74} {2806 95 false 75} {5167 95 false 76} {3514 95 false 77} {7493 95 false 78} {3260 95 false 79} {2440 95 false 80} {2920 95 false 81} {8285 95 false 82} {4140 95 false 83} {8602 95 false 84} {5537 95 false 85} {4663 95 false 86} {8098 95 false 87} {743 95 false 88} {9006 95 false 89} {6480 95 false 90} {4305 95 false 91} {7754 95 false 92} {612 95 false 93} {7820 95 false 94} {4607 95 false 95} {7256 95 false 96} {4888 95 false 97} {1311 95 false 98} {8099 95 false 99} {1197 95 false 100} {2238 95 false 101} {2354 95 false 102} {3362 95 false 103} {919 95 false 104} {8424 95 false 105} {6099 95 false 106} {1374 95 false 107} {2506 95 false 108} {7804 95 false 109} {5971 95 false 110} {3293 95 false 111} {6828 95 false 112} {5896 95 false 113} {2846 95 false 114} {1290 95 false 115} {7082 95 false 116} {4917 95 false 117} {3250 95 false 118} {248 95 false 119} {1140 95 false 120} {1245 95 false 121} {6024 95 false 122} {4473 95 false 123} {2136 95 false 124} {4154 95 false 125} {2583 95 false 126} {708 95 false 127} {4481 95 false 128} {6476 95 false 129} {5036 95 false 130} {4065 95 false 131} {6200 95 false 132} {1397 95 false 133} {4279 95 false 134} {6833 95 false 135} {4346 95 false 136} {3317 95 false 137} {4185 95 false 138} {4000 95 false 139} {2185 95 false 140} {8037 95 false 141} {1968 95 false 142} {6414 95 false 143} {6351 95 false 144} {1290 95 false 145} {255 95 false 146} {5814 95 false 147} {9138 95 false 148} {1249 95 false 149} {8088 95 false 150} {61 95 false 151} {6456 95 false 152} {9658 95 false 153} {2752 95 false 154} {4915 95 false 155} {2443 95 false 156} {4194 95 false 157} {928 95 false 158} {5614 95 false 159} {8999 95 false 160} {1953 95 false 161} {2650 95 false 162} {3468 95 false 163} {1123 95 false 164} {3774 95 false 165} {6358 95 false 166} {5925 95 false 167} {338 95 false 168} {99 95 false 169} {4512 95 false 170} {7477 95 false 171} {169 95 false 172} {6395 95 false 173} {7193 95 false 174} {2353 95 false 175} {3277 95 false 176} {6306 95 false 177} {5511 95 false 178} {2355 95 false 179} {8128 95 false 180} {6058 95 false 181} {7487 95 false 182} {9104 95 false 183} {9659 95 false 184} {3870 95 false 185} {7666 95 false 186} {8351 95 false 187} {9904 95 false 188} {3086 95 false 189} {4239 95 false 190} {9285 95 false 191} {8547 95 false 192} {5397 95 false 193} {6203 95 false 194} {2701 95 false 195} {281 95 false 196} {5684 95 false 197} {6931 95 false 198} {1998 95 false 199} {3892 95 false 200} {8994 95 false 201} {8648 95 false 202} {4605 95 false 203} {4080 95 false 204} {3229 95 false 205} {1192 95 false 206} {7753 95 false 207} {2164 95 false 208} {3086 95 false 209} {5245 95 false 210} {7102 95 false 211} {8818 95 false 212} {5017 95 false 213} {7628 95 false 214} {6028 95 false 215} {590 95 false 216} {6004 95 false 217} {2477 95 false 218} {6033 95 false 219} {4971 95 false 220} {7653 95 false 221} {4210 95 false 222} {654 95 false 223} {1347 95 false 224} {548 95 false 225} {2425 95 false 226} {7551 95 false 227} {147 95 false 228} {3398 95 false 229} {9137 95 false 230} {5214 95 false 231} {1870 95 false 232} {2007 95 false 233} {4259 95 false 234} {5871 95 false 235} {1999 95 false 236} {2250 95 false 237} {2233 95 false 238} {9889 95 false 239} {3674 95 false 240} {3867 95 false 241} {9585 95 false 242} {7532 95 false 243} {3418 95 false 244} {1920 95 false 245} {5828 95 false 246} {3723 95 false 247} {197 95 false 248} {3771 95 false 249} {9308 95 false 250} {8474 95 false 251} {6670 95 false 252} {8023 95 false 253} {9827 95 false 254} {745 95 false 255} {9541 95 false 256} {4130 95 false 257} {3683 95 false 258} {244 95 false 259} {1055 95 false 260} {7937 95 false 261} {9098 95 false 262} {8583 141 false 263} {4509 141 false 264} {5945 141 false 265} {7900 141 false 266} {8891 141 false 267} {8803 141 false 268} {2042 141 false 269} {8293 141 false 270} {4473 141 false 271} {6604 141 false 272} {5376 141 false 273} {6396 141 false 274} {8674 141 false 275} {5663 141 false 276} {1465 141 false 277} {4305 141 false 278} {29 141 false 279} {5595 141 false 280} {5764 141 false 281} {473 141 false 282} {6305 141 false 283} {273 141 false 284} {3146 141 false 285} {9506 141 false 286} {4632 141 false 287} {6027 141 false 288} {6952 141 false 289} {8257 141 false 290} {9649 141 false 291} {4178 141 false 292} {7266 141 false 293} {2232 141 false 294} {1973 141 false 295} {1704 141 false 296} {9529 141 false 297} {7427 141 false 298} {4392 141 false 299} {8497 141 false 300} {8041 141 false 301} {5966 141 false 302} {8440 141 false 303} {2229 141 false 304} {815 141 false 305} {1570 141 false 306} {6889 141 false 307} {4416 141 false 308} {651 141 false 309} {8692 141 false 310} {5425 141 false 311} {4142 141 false 312} {1077 141 false 313} {7325 141 false 314} {2814 141 false 315} {202 141 false 316} {7450 141 false 317} {8805 141 false 318} {3424 141 false 319} {3006 141 false 320} {4641 141 false 321} {2604 141 false 322} {3988 141 false 323} {8515 141 false 324} {4262 141 false 325} {6619 141 false 326} {8498 141 false 327} {9672 141 false 328} {8418 141 false 329} {5033 141 false 330} {5311 141 false 331} {9242 141 false 332} {7380 141 false 333} {5261 141 false 334} {9100 141 false 335} {4374 141 false 336} {2866 141 false 337} {290 141 false 338} {2261 141 false 339} {120 141 false 340} {7072 141 false 341} {7931 141 false 342} {2635 141 false 343} {1951 141 false 344} {8594 141 false 345} {4127 141 false 346} {2386 141 false 347} {2174 141 false 348} {3837 141 false 349} {8358 141 false 350} {7353 141 false 351} {2094 141 false 352} {569 141 false 353} {8759 141 false 354} {1223 141 false 355} {3599 141 false 356} {123 141 false 357} {3680 141 false 358} {6063 141 false 359} {8870 141 false 360} {8775 141 false 361} {2959 141 false 362} {8613 141 false 363} {3399 141 false 364} {1931 141 false 365} {3362 141 false 366} {9117 141 false 367} {2364 141 false 368} {7785 141 false 369} {5066 141 false 370} {6181 141 false 371} {6803 141 false 372} {6922 141 false 373} {4098 141 false 374} {869 141 false 375} {4009 141 false 376} {1013 141 false 377} {4881 141 false 378} {3898 141 false 379} {1276 141 false 380} {3816 141 false 381} {9317 141 false 382} {8377 141 false 383} {9596 141 false 384} {3339 141 false 385} {1374 141 false 386} {4753 141 false 387} {5037 141 false 388} {8833 141 false 389}] 
2025/11/03 17:32:38 [17:32:38.482] [Node:4] [HEARTBEAT] [Trace:HB_4_162] Follower等心跳 status FOLLOWER term:162 commitIndex:24
2025/11/03 17:32:38 [17:32:38.490] [Node:4] [LOG_REPLICA] [Trace:LOG_2_162][2->4] AppendEntries 收到 term:162 leaderId:2 prevLogIndex:24 prevLogTerm:16 entries:365 leaderCommit:24 isHeartbeat:false currentTerm:162 status:FOLLOWER
2025/11/03 17:32:38 [17:32:38.491] [Node:4] [LOG_REPLICA] [Trace:LOG_2_162][2->4] 打印日志结果:[{<nil> 0 false 0} {9885 2 false 1} {7369 4 false 2} {377 9 false 3} {5698 9 false 4} {3675 9 false 5} {7576 9 false 6} {6501 9 false 7} {8962 9 false 8} {9292 11 false 9} {5826 14 false 10} {1116 14 false 11} {8927 16 false 12} {615 16 false 13} {3625 16 false 14} {1425 16 false 15} {9709 16 false 16} {3423 16 false 17} {3134 16 false 18} {3657 16 false 19} {8171 16 false 20} {9440 16 false 21} {6470 16 false 22} {1363 16 false 23} {716 16 false 24} {2684 16 false 25} {5836 19 false 26} {5544 19 false 27} {713 19 false 28} {6403 19 false 29} {881 19 false 30} {3832 19 false 31} {4831 19 false 32} {989 19 false 33} {3559 19 false 34} {4757 19 false 35} {5501 19 false 36} {705 19 false 37} {528 19 false 38} {4304 19 false 39} {4358 19 false 40} {8941 19 false 41} {1994 19 false 42} {411 19 false 43} {7043 95 false 44} {2699 95 false 45} {8150 95 false 46} {8874 95 false 47} {7096 95 false 48} {4872 95 false 49} {3988 95 false 50} {2554 95 false 51} {554 95 false 52} {2953 95 false 53} {9230 95 false 54} {8688 95 false 55} {9094 95 false 56} {3997 95 false 57} {2894 95 false 58} {5667 95 false 59} {3509 95 false 60} {4539 95 false 61} {1900 95 false 62} {395 95 false 63} {4338 95 false 64} {9052 95 false 65} {6681 95 false 66} {5152 95 false 67} {2250 95 false 68} {7353 95 false 69} {7300 95 false 70} {9476 95 false 71} {5907 95 false 72} {8352 95 false 73} {3326 95 false 74} {2806 95 false 75} {5167 95 false 76} {3514 95 false 77} {7493 95 false 78} {3260 95 false 79} {2440 95 false 80} {2920 95 false 81} {8285 95 false 82} {4140 95 false 83} {8602 95 false 84} {5537 95 false 85} {4663 95 false 86} {8098 95 false 87} {743 95 false 88} {9006 95 false 89} {6480 95 false 90} {4305 95 false 91} {7754 95 false 92} {612 95 false 93} {7820 95 false 94} {4607 95 false 95} {7256 95 false 96} {4888 95 false 97} {1311 95 false 98} {8099 95 false 99} {1197 95 false 100} {2238 95 false 101} {2354 95 false 102} {3362 95 false 103} {919 95 false 104} {8424 95 false 105} {6099 95 false 106} {1374 95 false 107} {2506 95 false 108} {7804 95 false 109} {5971 95 false 110} {3293 95 false 111} {6828 95 false 112} {5896 95 false 113} {2846 95 false 114} {1290 95 false 115} {7082 95 false 116} {4917 95 false 117} {3250 95 false 118} {248 95 false 119} {1140 95 false 120} {1245 95 false 121} {6024 95 false 122} {4473 95 false 123} {2136 95 false 124} {4154 95 false 125} {2583 95 false 126} {708 95 false 127} {4481 95 false 128} {6476 95 false 129} {5036 95 false 130} {4065 95 false 131} {6200 95 false 132} {1397 95 false 133} {4279 95 false 134} {6833 95 false 135} {4346 95 false 136} {3317 95 false 137} {4185 95 false 138} {4000 95 false 139} {2185 95 false 140} {8037 95 false 141} {1968 95 false 142} {6414 95 false 143} {6351 95 false 144} {1290 95 false 145} {255 95 false 146} {5814 95 false 147} {9138 95 false 148} {1249 95 false 149} {8088 95 false 150} {61 95 false 151} {6456 95 false 152} {9658 95 false 153} {2752 95 false 154} {4915 95 false 155} {2443 95 false 156} {4194 95 false 157} {928 95 false 158} {5614 95 false 159} {8999 95 false 160} {1953 95 false 161} {2650 95 false 162} {3468 95 false 163} {1123 95 false 164} {3774 95 false 165} {6358 95 false 166} {5925 95 false 167} {338 95 false 168} {99 95 false 169} {4512 95 false 170} {7477 95 false 171} {169 95 false 172} {6395 95 false 173} {7193 95 false 174} {2353 95 false 175} {3277 95 false 176} {6306 95 false 177} {5511 95 false 178} {2355 95 false 179} {8128 95 false 180} {6058 95 false 181} {7487 95 false 182} {9104 95 false 183} {9659 95 false 184} {3870 95 false 185} {7666 95 false 186} {8351 95 false 187} {9904 95 false 188} {3086 95 false 189} {4239 95 false 190} {9285 95 false 191} {8547 95 false 192} {5397 95 false 193} {6203 95 false 194} {2701 95 false 195} {281 95 false 196} {5684 95 false 197} {6931 95 false 198} {1998 95 false 199} {3892 95 false 200} {8994 95 false 201} {8648 95 false 202} {4605 95 false 203} {4080 95 false 204} {3229 95 false 205} {1192 95 false 206} {7753 95 false 207} {2164 95 false 208} {3086 95 false 209} {5245 95 false 210} {7102 95 false 211} {8818 95 false 212} {5017 95 false 213} {7628 95 false 214} {6028 95 false 215} {590 95 false 216} {6004 95 false 217} {2477 95 false 218} {6033 95 false 219} {4971 95 false 220} {7653 95 false 221} {4210 95 false 222} {654 95 false 223} {1347 95 false 224} {548 95 false 225} {2425 95 false 226} {7551 95 false 227} {147 95 false 228} {3398 95 false 229} {9137 95 false 230} {5214 95 false 231} {1870 95 false 232} {2007 95 false 233} {4259 95 false 234} {5871 95 false 235} {1999 95 false 236} {2250 95 false 237} {2233 95 false 238} {9889 95 false 239} {3674 95 false 240} {3867 95 false 241} {9585 95 false 242} {7532 95 false 243} {3418 95 false 244} {1920 95 false 245} {5828 95 false 246} {3723 95 false 247} {197 95 false 248} {3771 95 false 249} {9308 95 false 250} {8474 95 false 251} {6670 95 false 252} {8023 95 false 253} {9827 95 false 254} {745 95 false 255} {9541 95 false 256} {4130 95 false 257} {3683 95 false 258} {244 95 false 259} {1055 95 false 260} {7937 95 false 261} {9098 95 false 262} {8583 141 false 263} {4509 141 false 264} {5945 141 false 265} {7900 141 false 266} {8891 141 false 267} {8803 141 false 268} {2042 141 false 269} {8293 141 false 270} {4473 141 false 271} {6604 141 false 272} {5376 141 false 273} {6396 141 false 274} {8674 141 false 275} {5663 141 false 276} {1465 141 false 277} {4305 141 false 278} {29 141 false 279} {5595 141 false 280} {5764 141 false 281} {473 141 false 282} {6305 141 false 283} {273 141 false 284} {3146 141 false 285} {9506 141 false 286} {4632 141 false 287} {6027 141 false 288} {6952 141 false 289} {8257 141 false 290} {9649 141 false 291} {4178 141 false 292} {7266 141 false 293} {2232 141 false 294} {1973 141 false 295} {1704 141 false 296} {9529 141 false 297} {7427 141 false 298} {4392 141 false 299} {8497 141 false 300} {8041 141 false 301} {5966 141 false 302} {8440 141 false 303} {2229 141 false 304} {815 141 false 305} {1570 141 false 306} {6889 141 false 307} {4416 141 false 308} {651 141 false 309} {8692 141 false 310} {5425 141 false 311} {4142 141 false 312} {1077 141 false 313} {7325 141 false 314} {2814 141 false 315} {202 141 false 316} {7450 141 false 317} {8805 141 false 318} {3424 141 false 319} {3006 141 false 320} {4641 141 false 321} {2604 141 false 322} {3988 141 false 323} {8515 141 false 324} {4262 141 false 325} {6619 141 false 326} {8498 141 false 327} {9672 141 false 328} {8418 141 false 329} {5033 141 false 330} {5311 141 false 331} {9242 141 false 332} {7380 141 false 333} {5261 141 false 334} {9100 141 false 335} {4374 141 false 336} {2866 141 false 337} {290 141 false 338} {2261 141 false 339} {120 141 false 340} {7072 141 false 341} {7931 141 false 342} {2635 141 false 343} {1951 141 false 344} {8594 141 false 345} {4127 141 false 346} {2386 141 false 347} {2174 141 false 348} {3837 141 false 349} {8358 141 false 350} {7353 141 false 351} {2094 141 false 352} {569 141 false 353} {8759 141 false 354} {1223 141 false 355} {3599 141 false 356} {123 141 false 357} {3680 141 false 358} {6063 141 false 359} {8870 141 false 360} {8775 141 false 361} {2959 141 false 362} {8613 141 false 363} {3399 141 false 364} {1931 141 false 365} {3362 141 false 366} {9117 141 false 367} {2364 141 false 368} {7785 141 false 369} {5066 141 false 370} {6181 141 false 371} {6803 141 false 372} {6922 141 false 373} {4098 141 false 374} {869 141 false 375} {4009 141 false 376} {1013 141 false 377} {4881 141 false 378} {3898 141 false 379} {1276 141 false 380} {3816 141 false 381} {9317 141 false 382} {8377 141 false 383} {9596 141 false 384} {3339 141 false 385} {1374 141 false 386} {4753 141 false 387} {5037 141 false 388} {8833 141 false 389}] 
2025/11/03 17:32:38 [17:32:38.496] [Node:4] [LOG_REPLICA] [Trace:LOG_2_162][2->4] 复制日志结果:[{<nil> 0 false 0} {9885 2 false 1} {7369 4 false 2} {377 9 false 3} {5698 9 false 4} {3675 9 false 5} {7576 9 false 6} {6501 9 false 7} {8962 9 false 8} {9292 11 false 9} {5826 14 false 10} {1116 14 false 11} {8927 16 false 12} {615 16 false 13} {3625 16 false 14} {1425 16 false 15} {9709 16 false 16} {3423 16 false 17} {3134 16 false 18} {3657 16 false 19} {8171 16 false 20} {9440 16 false 21} {6470 16 false 22} {1363 16 false 23} {716 16 false 24} {2684 16 false 25} {5836 19 false 26} {5544 19 false 27} {713 19 false 28} {6403 19 false 29} {881 19 false 30} {3832 19 false 31} {4831 19 false 32} {989 19 false 33} {3559 19 false 34} {4757 19 false 35} {5501 19 false 36} {705 19 false 37} {528 19 false 38} {4304 19 false 39} {4358 19 false 40} {8941 19 false 41} {1994 19 false 42} {411 19 false 43} {7043 95 false 44} {2699 95 false 45} {8150 95 false 46} {8874 95 false 47} {7096 95 false 48} {4872 95 false 49} {3988 95 false 50} {2554 95 false 51} {554 95 false 52} {2953 95 false 53} {9230 95 false 54} {8688 95 false 55} {9094 95 false 56} {3997 95 false 57} {2894 95 false 58} {5667 95 false 59} {3509 95 false 60} {4539 95 false 61} {1900 95 false 62} {395 95 false 63} {4338 95 false 64} {9052 95 false 65} {6681 95 false 66} {5152 95 false 67} {2250 95 false 68} {7353 95 false 69} {7300 95 false 70} {9476 95 false 71} {5907 95 false 72} {8352 95 false 73} {3326 95 false 74} {2806 95 false 75} {5167 95 false 76} {3514 95 false 77} {7493 95 false 78} {3260 95 false 79} {2440 95 false 80} {2920 95 false 81} {8285 95 false 82} {4140 95 false 83} {8602 95 false 84} {5537 95 false 85} {4663 95 false 86} {8098 95 false 87} {743 95 false 88} {9006 95 false 89} {6480 95 false 90} {4305 95 false 91} {7754 95 false 92} {612 95 false 93} {7820 95 false 94} {4607 95 false 95} {7256 95 false 96} {4888 95 false 97} {1311 95 false 98} {8099 95 false 99} {1197 95 false 100} {2238 95 false 101} {2354 95 false 102} {3362 95 false 103} {919 95 false 104} {8424 95 false 105} {6099 95 false 106} {1374 95 false 107} {2506 95 false 108} {7804 95 false 109} {5971 95 false 110} {3293 95 false 111} {6828 95 false 112} {5896 95 false 113} {2846 95 false 114} {1290 95 false 115} {7082 95 false 116} {4917 95 false 117} {3250 95 false 118} {248 95 false 119} {1140 95 false 120} {1245 95 false 121} {6024 95 false 122} {4473 95 false 123} {2136 95 false 124} {4154 95 false 125} {2583 95 false 126} {708 95 false 127} {4481 95 false 128} {6476 95 false 129} {5036 95 false 130} {4065 95 false 131} {6200 95 false 132} {1397 95 false 133} {4279 95 false 134} {6833 95 false 135} {4346 95 false 136} {3317 95 false 137} {4185 95 false 138} {4000 95 false 139} {2185 95 false 140} {8037 95 false 141} {1968 95 false 142} {6414 95 false 143} {6351 95 false 144} {1290 95 false 145} {255 95 false 146} {5814 95 false 147} {9138 95 false 148} {1249 95 false 149} {8088 95 false 150} {61 95 false 151} {6456 95 false 152} {9658 95 false 153} {2752 95 false 154} {4915 95 false 155} {2443 95 false 156} {4194 95 false 157} {928 95 false 158} {5614 95 false 159} {8999 95 false 160} {1953 95 false 161} {2650 95 false 162} {3468 95 false 163} {1123 95 false 164} {3774 95 false 165} {6358 95 false 166} {5925 95 false 167} {338 95 false 168} {99 95 false 169} {4512 95 false 170} {7477 95 false 171} {169 95 false 172} {6395 95 false 173} {7193 95 false 174} {2353 95 false 175} {3277 95 false 176} {6306 95 false 177} {5511 95 false 178} {2355 95 false 179} {8128 95 false 180} {6058 95 false 181} {7487 95 false 182} {9104 95 false 183} {9659 95 false 184} {3870 95 false 185} {7666 95 false 186} {8351 95 false 187} {9904 95 false 188} {3086 95 false 189} {4239 95 false 190} {9285 95 false 191} {8547 95 false 192} {5397 95 false 193} {6203 95 false 194} {2701 95 false 195} {281 95 false 196} {5684 95 false 197} {6931 95 false 198} {1998 95 false 199} {3892 95 false 200} {8994 95 false 201} {8648 95 false 202} {4605 95 false 203} {4080 95 false 204} {3229 95 false 205} {1192 95 false 206} {7753 95 false 207} {2164 95 false 208} {3086 95 false 209} {5245 95 false 210} {7102 95 false 211} {8818 95 false 212} {5017 95 false 213} {7628 95 false 214} {6028 95 false 215} {590 95 false 216} {6004 95 false 217} {2477 95 false 218} {6033 95 false 219} {4971 95 false 220} {7653 95 false 221} {4210 95 false 222} {654 95 false 223} {1347 95 false 224} {548 95 false 225} {2425 95 false 226} {7551 95 false 227} {147 95 false 228} {3398 95 false 229} {9137 95 false 230} {5214 95 false 231} {1870 95 false 232} {2007 95 false 233} {4259 95 false 234} {5871 95 false 235} {1999 95 false 236} {2250 95 false 237} {2233 95 false 238} {9889 95 false 239} {3674 95 false 240} {3867 95 false 241} {9585 95 false 242} {7532 95 false 243} {3418 95 false 244} {1920 95 false 245} {5828 95 false 246} {3723 95 false 247} {197 95 false 248} {3771 95 false 249} {9308 95 false 250} {8474 95 false 251} {6670 95 false 252} {8023 95 false 253} {9827 95 false 254} {745 95 false 255} {9541 95 false 256} {4130 95 false 257} {3683 95 false 258} {244 95 false 259} {1055 95 false 260} {7937 95 false 261} {9098 95 false 262} {8583 141 false 263} {4509 141 false 264} {5945 141 false 265} {7900 141 false 266} {8891 141 false 267} {8803 141 false 268} {2042 141 false 269} {8293 141 false 270} {4473 141 false 271} {6604 141 false 272} {5376 141 false 273} {6396 141 false 274} {8674 141 false 275} {5663 141 false 276} {1465 141 false 277} {4305 141 false 278} {29 141 false 279} {5595 141 false 280} {5764 141 false 281} {473 141 false 282} {6305 141 false 283} {273 141 false 284} {3146 141 false 285} {9506 141 false 286} {4632 141 false 287} {6027 141 false 288} {6952 141 false 289} {8257 141 false 290} {9649 141 false 291} {4178 141 false 292} {7266 141 false 293} {2232 141 false 294} {1973 141 false 295} {1704 141 false 296} {9529 141 false 297} {7427 141 false 298} {4392 141 false 299} {8497 141 false 300} {8041 141 false 301} {5966 141 false 302} {8440 141 false 303} {2229 141 false 304} {815 141 false 305} {1570 141 false 306} {6889 141 false 307} {4416 141 false 308} {651 141 false 309} {8692 141 false 310} {5425 141 false 311} {4142 141 false 312} {1077 141 false 313} {7325 141 false 314} {2814 141 false 315} {202 141 false 316} {7450 141 false 317} {8805 141 false 318} {3424 141 false 319} {3006 141 false 320} {4641 141 false 321} {2604 141 false 322} {3988 141 false 323} {8515 141 false 324} {4262 141 false 325} {6619 141 false 326} {8498 141 false 327} {9672 141 false 328} {8418 141 false 329} {5033 141 false 330} {5311 141 false 331} {9242 141 false 332} {7380 141 false 333} {5261 141 false 334} {9100 141 false 335} {4374 141 false 336} {2866 141 false 337} {290 141 false 338} {2261 141 false 339} {120 141 false 340} {7072 141 false 341} {7931 141 false 342} {2635 141 false 343} {1951 141 false 344} {8594 141 false 345} {4127 141 false 346} {2386 141 false 347} {2174 141 false 348} {3837 141 false 349} {8358 141 false 350} {7353 141 false 351} {2094 141 false 352} {569 141 false 353} {8759 141 false 354} {1223 141 false 355} {3599 141 false 356} {123 141 false 357} {3680 141 false 358} {6063 141 false 359} {8870 141 false 360} {8775 141 false 361} {2959 141 false 362} {8613 141 false 363} {3399 141 false 364} {1931 141 false 365} {3362 141 false 366} {9117 141 false 367} {2364 141 false 368} {7785 141 false 369} {5066 141 false 370} {6181 141 false 371} {6803 141 false 372} {6922 141 false 373} {4098 141 false 374} {869 141 false 375} {4009 141 false 376} {1013 141 false 377} {4881 141 false 378} {3898 141 false 379} {1276 141 false 380} {3816 141 false 381} {9317 141 false 382} {8377 141 false 383} {9596 141 false 384} {3339 141 false 385} {1374 141 false 386} {4753 141 false 387} {5037 141 false 388} {8833 141 false 389}] 
2025/11/03 17:32:38 [17:32:38.582] [Node:4] [HEARTBEAT] [Trace:HB_4_162] Follower等心跳 status FOLLOWER term:162 commitIndex:24
2025/11/03 17:32:38 [17:32:38.598] [Node:4] [LOG_REPLICA] [Trace:LOG_2_162][2->4] AppendEntries 收到 term:162 leaderId:2 prevLogIndex:24 prevLogTerm:16 entries:365 leaderCommit:24 isHeartbeat:false currentTerm:162 status:FOLLOWER
2025/11/03 17:32:38 [17:32:38.598] [Node:4] [LOG_REPLICA] [Trace:LOG_2_162][2->4] 打印日志结果:[{<nil> 0 false 0} {9885 2 false 1} {7369 4 false 2} {377 9 false 3} {5698 9 false 4} {3675 9 false 5} {7576 9 false 6} {6501 9 false 7} {8962 9 false 8} {9292 11 false 9} {5826 14 false 10} {1116 14 false 11} {8927 16 false 12} {615 16 false 13} {3625 16 false 14} {1425 16 false 15} {9709 16 false 16} {3423 16 false 17} {3134 16 false 18} {3657 16 false 19} {8171 16 false 20} {9440 16 false 21} {6470 16 false 22} {1363 16 false 23} {716 16 false 24} {2684 16 false 25} {5836 19 false 26} {5544 19 false 27} {713 19 false 28} {6403 19 false 29} {881 19 false 30} {3832 19 false 31} {4831 19 false 32} {989 19 false 33} {3559 19 false 34} {4757 19 false 35} {5501 19 false 36} {705 19 false 37} {528 19 false 38} {4304 19 false 39} {4358 19 false 40} {8941 19 false 41} {1994 19 false 42} {411 19 false 43} {7043 95 false 44} {2699 95 false 45} {8150 95 false 46} {8874 95 false 47} {7096 95 false 48} {4872 95 false 49} {3988 95 false 50} {2554 95 false 51} {554 95 false 52} {2953 95 false 53} {9230 95 false 54} {8688 95 false 55} {9094 95 false 56} {3997 95 false 57} {2894 95 false 58} {5667 95 false 59} {3509 95 false 60} {4539 95 false 61} {1900 95 false 62} {395 95 false 63} {4338 95 false 64} {9052 95 false 65} {6681 95 false 66} {5152 95 false 67} {2250 95 false 68} {7353 95 false 69} {7300 95 false 70} {9476 95 false 71} {5907 95 false 72} {8352 95 false 73} {3326 95 false 74} {2806 95 false 75} {5167 95 false 76} {3514 95 false 77} {7493 95 false 78} {3260 95 false 79} {2440 95 false 80} {2920 95 false 81} {8285 95 false 82} {4140 95 false 83} {8602 95 false 84} {5537 95 false 85} {4663 95 false 86} {8098 95 false 87} {743 95 false 88} {9006 95 false 89} {6480 95 false 90} {4305 95 false 91} {7754 95 false 92} {612 95 false 93} {7820 95 false 94} {4607 95 false 95} {7256 95 false 96} {4888 95 false 97} {1311 95 false 98} {8099 95 false 99} {1197 95 false 100} {2238 95 false 101} {2354 95 false 102} {3362 95 false 103} {919 95 false 104} {8424 95 false 105} {6099 95 false 106} {1374 95 false 107} {2506 95 false 108} {7804 95 false 109} {5971 95 false 110} {3293 95 false 111} {6828 95 false 112} {5896 95 false 113} {2846 95 false 114} {1290 95 false 115} {7082 95 false 116} {4917 95 false 117} {3250 95 false 118} {248 95 false 119} {1140 95 false 120} {1245 95 false 121} {6024 95 false 122} {4473 95 false 123} {2136 95 false 124} {4154 95 false 125} {2583 95 false 126} {708 95 false 127} {4481 95 false 128} {6476 95 false 129} {5036 95 false 130} {4065 95 false 131} {6200 95 false 132} {1397 95 false 133} {4279 95 false 134} {6833 95 false 135} {4346 95 false 136} {3317 95 false 137} {4185 95 false 138} {4000 95 false 139} {2185 95 false 140} {8037 95 false 141} {1968 95 false 142} {6414 95 false 143} {6351 95 false 144} {1290 95 false 145} {255 95 false 146} {5814 95 false 147} {9138 95 false 148} {1249 95 false 149} {8088 95 false 150} {61 95 false 151} {6456 95 false 152} {9658 95 false 153} {2752 95 false 154} {4915 95 false 155} {2443 95 false 156} {4194 95 false 157} {928 95 false 158} {5614 95 false 159} {8999 95 false 160} {1953 95 false 161} {2650 95 false 162} {3468 95 false 163} {1123 95 false 164} {3774 95 false 165} {6358 95 false 166} {5925 95 false 167} {338 95 false 168} {99 95 false 169} {4512 95 false 170} {7477 95 false 171} {169 95 false 172} {6395 95 false 173} {7193 95 false 174} {2353 95 false 175} {3277 95 false 176} {6306 95 false 177} {5511 95 false 178} {2355 95 false 179} {8128 95 false 180} {6058 95 false 181} {7487 95 false 182} {9104 95 false 183} {9659 95 false 184} {3870 95 false 185} {7666 95 false 186} {8351 95 false 187} {9904 95 false 188} {3086 95 false 189} {4239 95 false 190} {9285 95 false 191} {8547 95 false 192} {5397 95 false 193} {6203 95 false 194} {2701 95 false 195} {281 95 false 196} {5684 95 false 197} {6931 95 false 198} {1998 95 false 199} {3892 95 false 200} {8994 95 false 201} {8648 95 false 202} {4605 95 false 203} {4080 95 false 204} {3229 95 false 205} {1192 95 false 206} {7753 95 false 207} {2164 95 false 208} {3086 95 false 209} {5245 95 false 210} {7102 95 false 211} {8818 95 false 212} {5017 95 false 213} {7628 95 false 214} {6028 95 false 215} {590 95 false 216} {6004 95 false 217} {2477 95 false 218} {6033 95 false 219} {4971 95 false 220} {7653 95 false 221} {4210 95 false 222} {654 95 false 223} {1347 95 false 224} {548 95 false 225} {2425 95 false 226} {7551 95 false 227} {147 95 false 228} {3398 95 false 229} {9137 95 false 230} {5214 95 false 231} {1870 95 false 232} {2007 95 false 233} {4259 95 false 234} {5871 95 false 235} {1999 95 false 236} {2250 95 false 237} {2233 95 false 238} {9889 95 false 239} {3674 95 false 240} {3867 95 false 241} {9585 95 false 242} {7532 95 false 243} {3418 95 false 244} {1920 95 false 245} {5828 95 false 246} {3723 95 false 247} {197 95 false 248} {3771 95 false 249} {9308 95 false 250} {8474 95 false 251} {6670 95 false 252} {8023 95 false 253} {9827 95 false 254} {745 95 false 255} {9541 95 false 256} {4130 95 false 257} {3683 95 false 258} {244 95 false 259} {1055 95 false 260} {7937 95 false 261} {9098 95 false 262} {8583 141 false 263} {4509 141 false 264} {5945 141 false 265} {7900 141 false 266} {8891 141 false 267} {8803 141 false 268} {2042 141 false 269} {8293 141 false 270} {4473 141 false 271} {6604 141 false 272} {5376 141 false 273} {6396 141 false 274} {8674 141 false 275} {5663 141 false 276} {1465 141 false 277} {4305 141 false 278} {29 141 false 279} {5595 141 false 280} {5764 141 false 281} {473 141 false 282} {6305 141 false 283} {273 141 false 284} {3146 141 false 285} {9506 141 false 286} {4632 141 false 287} {6027 141 false 288} {6952 141 false 289} {8257 141 false 290} {9649 141 false 291} {4178 141 false 292} {7266 141 false 293} {2232 141 false 294} {1973 141 false 295} {1704 141 false 296} {9529 141 false 297} {7427 141 false 298} {4392 141 false 299} {8497 141 false 300} {8041 141 false 301} {5966 141 false 302} {8440 141 false 303} {2229 141 false 304} {815 141 false 305} {1570 141 false 306} {6889 141 false 307} {4416 141 false 308} {651 141 false 309} {8692 141 false 310} {5425 141 false 311} {4142 141 false 312} {1077 141 false 313} {7325 141 false 314} {2814 141 false 315} {202 141 false 316} {7450 141 false 317} {8805 141 false 318} {3424 141 false 319} {3006 141 false 320} {4641 141 false 321} {2604 141 false 322} {3988 141 false 323} {8515 141 false 324} {4262 141 false 325} {6619 141 false 326} {8498 141 false 327} {9672 141 false 328} {8418 141 false 329} {5033 141 false 330} {5311 141 false 331} {9242 141 false 332} {7380 141 false 333} {5261 141 false 334} {9100 141 false 335} {4374 141 false 336} {2866 141 false 337} {290 141 false 338} {2261 141 false 339} {120 141 false 340} {7072 141 false 341} {7931 141 false 342} {2635 141 false 343} {1951 141 false 344} {8594 141 false 345} {4127 141 false 346} {2386 141 false 347} {2174 141 false 348} {3837 141 false 349} {8358 141 false 350} {7353 141 false 351} {2094 141 false 352} {569 141 false 353} {8759 141 false 354} {1223 141 false 355} {3599 141 false 356} {123 141 false 357} {3680 141 false 358} {6063 141 false 359} {8870 141 false 360} {8775 141 false 361} {2959 141 false 362} {8613 141 false 363} {3399 141 false 364} {1931 141 false 365} {3362 141 false 366} {9117 141 false 367} {2364 141 false 368} {7785 141 false 369} {5066 141 false 370} {6181 141 false 371} {6803 141 false 372} {6922 141 false 373} {4098 141 false 374} {869 141 false 375} {4009 141 false 376} {1013 141 false 377} {4881 141 false 378} {3898 141 false 379} {1276 141 false 380} {3816 141 false 381} {9317 141 false 382} {8377 141 false 383} {9596 141 false 384} {3339 141 false 385} {1374 141 false 386} {4753 141 false 387} {5037 141 false 388} {8833 141 false 389}] 
2025/11/03 17:32:38 [17:32:38.601] [Node:4] [LOG_REPLICA] [Trace:LOG_2_162][2->4] 复制日志结果:[{<nil> 0 false 0} {9885 2 false 1} {7369 4 false 2} {377 9 false 3} {5698 9 false 4} {3675 9 false 5} {7576 9 false 6} {6501 9 false 7} {8962 9 false 8} {9292 11 false 9} {5826 14 false 10} {1116 14 false 11} {8927 16 false 12} {615 16 false 13} {3625 16 false 14} {1425 16 false 15} {9709 16 false 16} {3423 16 false 17} {3134 16 false 18} {3657 16 false 19} {8171 16 false 20} {9440 16 false 21} {6470 16 false 22} {1363 16 false 23} {716 16 false 24} {2684 16 false 25} {5836 19 false 26} {5544 19 false 27} {713 19 false 28} {6403 19 false 29} {881 19 false 30} {3832 19 false 31} {4831 19 false 32} {989 19 false 33} {3559 19 false 34} {4757 19 false 35} {5501 19 false 36} {705 19 false 37} {528 19 false 38} {4304 19 false 39} {4358 19 false 40} {8941 19 false 41} {1994 19 false 42} {411 19 false 43} {7043 95 false 44} {2699 95 false 45} {8150 95 false 46} {8874 95 false 47} {7096 95 false 48} {4872 95 false 49} {3988 95 false 50} {2554 95 false 51} {554 95 false 52} {2953 95 false 53} {9230 95 false 54} {8688 95 false 55} {9094 95 false 56} {3997 95 false 57} {2894 95 false 58} {5667 95 false 59} {3509 95 false 60} {4539 95 false 61} {1900 95 false 62} {395 95 false 63} {4338 95 false 64} {9052 95 false 65} {6681 95 false 66} {5152 95 false 67} {2250 95 false 68} {7353 95 false 69} {7300 95 false 70} {9476 95 false 71} {5907 95 false 72} {8352 95 false 73} {3326 95 false 74} {2806 95 false 75} {5167 95 false 76} {3514 95 false 77} {7493 95 false 78} {3260 95 false 79} {2440 95 false 80} {2920 95 false 81} {8285 95 false 82} {4140 95 false 83} {8602 95 false 84} {5537 95 false 85} {4663 95 false 86} {8098 95 false 87} {743 95 false 88} {9006 95 false 89} {6480 95 false 90} {4305 95 false 91} {7754 95 false 92} {612 95 false 93} {7820 95 false 94} {4607 95 false 95} {7256 95 false 96} {4888 95 false 97} {1311 95 false 98} {8099 95 false 99} {1197 95 false 100} {2238 95 false 101} {2354 95 false 102} {3362 95 false 103} {919 95 false 104} {8424 95 false 105} {6099 95 false 106} {1374 95 false 107} {2506 95 false 108} {7804 95 false 109} {5971 95 false 110} {3293 95 false 111} {6828 95 false 112} {5896 95 false 113} {2846 95 false 114} {1290 95 false 115} {7082 95 false 116} {4917 95 false 117} {3250 95 false 118} {248 95 false 119} {1140 95 false 120} {1245 95 false 121} {6024 95 false 122} {4473 95 false 123} {2136 95 false 124} {4154 95 false 125} {2583 95 false 126} {708 95 false 127} {4481 95 false 128} {6476 95 false 129} {5036 95 false 130} {4065 95 false 131} {6200 95 false 132} {1397 95 false 133} {4279 95 false 134} {6833 95 false 135} {4346 95 false 136} {3317 95 false 137} {4185 95 false 138} {4000 95 false 139} {2185 95 false 140} {8037 95 false 141} {1968 95 false 142} {6414 95 false 143} {6351 95 false 144} {1290 95 false 145} {255 95 false 146} {5814 95 false 147} {9138 95 false 148} {1249 95 false 149} {8088 95 false 150} {61 95 false 151} {6456 95 false 152} {9658 95 false 153} {2752 95 false 154} {4915 95 false 155} {2443 95 false 156} {4194 95 false 157} {928 95 false 158} {5614 95 false 159} {8999 95 false 160} {1953 95 false 161} {2650 95 false 162} {3468 95 false 163} {1123 95 false 164} {3774 95 false 165} {6358 95 false 166} {5925 95 false 167} {338 95 false 168} {99 95 false 169} {4512 95 false 170} {7477 95 false 171} {169 95 false 172} {6395 95 false 173} {7193 95 false 174} {2353 95 false 175} {3277 95 false 176} {6306 95 false 177} {5511 95 false 178} {2355 95 false 179} {8128 95 false 180} {6058 95 false 181} {7487 95 false 182} {9104 95 false 183} {9659 95 false 184} {3870 95 false 185} {7666 95 false 186} {8351 95 false 187} {9904 95 false 188} {3086 95 false 189} {4239 95 false 190} {9285 95 false 191} {8547 95 false 192} {5397 95 false 193} {6203 95 false 194} {2701 95 false 195} {281 95 false 196} {5684 95 false 197} {6931 95 false 198} {1998 95 false 199} {3892 95 false 200} {8994 95 false 201} {8648 95 false 202} {4605 95 false 203} {4080 95 false 204} {3229 95 false 205} {1192 95 false 206} {7753 95 false 207} {2164 95 false 208} {3086 95 false 209} {5245 95 false 210} {7102 95 false 211} {8818 95 false 212} {5017 95 false 213} {7628 95 false 214} {6028 95 false 215} {590 95 false 216} {6004 95 false 217} {2477 95 false 218} {6033 95 false 219} {4971 95 false 220} {7653 95 false 221} {4210 95 false 222} {654 95 false 223} {1347 95 false 224} {548 95 false 225} {2425 95 false 226} {7551 95 false 227} {147 95 false 228} {3398 95 false 229} {9137 95 false 230} {5214 95 false 231} {1870 95 false 232} {2007 95 false 233} {4259 95 false 234} {5871 95 false 235} {1999 95 false 236} {2250 95 false 237} {2233 95 false 238} {9889 95 false 239} {3674 95 false 240} {3867 95 false 241} {9585 95 false 242} {7532 95 false 243} {3418 95 false 244} {1920 95 false 245} {5828 95 false 246} {3723 95 false 247} {197 95 false 248} {3771 95 false 249} {9308 95 false 250} {8474 95 false 251} {6670 95 false 252} {8023 95 false 253} {9827 95 false 254} {745 95 false 255} {9541 95 false 256} {4130 95 false 257} {3683 95 false 258} {244 95 false 259} {1055 95 false 260} {7937 95 false 261} {9098 95 false 262} {8583 141 false 263} {4509 141 false 264} {5945 141 false 265} {7900 141 false 266} {8891 141 false 267} {8803 141 false 268} {2042 141 false 269} {8293 141 false 270} {4473 141 false 271} {6604 141 false 272} {5376 141 false 273} {6396 141 false 274} {8674 141 false 275} {5663 141 false 276} {1465 141 false 277} {4305 141 false 278} {29 141 false 279} {5595 141 false 280} {5764 141 false 281} {473 141 false 282} {6305 141 false 283} {273 141 false 284} {3146 141 false 285} {9506 141 false 286} {4632 141 false 287} {6027 141 false 288} {6952 141 false 289} {8257 141 false 290} {9649 141 false 291} {4178 141 false 292} {7266 141 false 293} {2232 141 false 294} {1973 141 false 295} {1704 141 false 296} {9529 141 false 297} {7427 141 false 298} {4392 141 false 299} {8497 141 false 300} {8041 141 false 301} {5966 141 false 302} {8440 141 false 303} {2229 141 false 304} {815 141 false 305} {1570 141 false 306} {6889 141 false 307} {4416 141 false 308} {651 141 false 309} {8692 141 false 310} {5425 141 false 311} {4142 141 false 312} {1077 141 false 313} {7325 141 false 314} {2814 141 false 315} {202 141 false 316} {7450 141 false 317} {8805 141 false 318} {3424 141 false 319} {3006 141 false 320} {4641 141 false 321} {2604 141 false 322} {3988 141 false 323} {8515 141 false 324} {4262 141 false 325} {6619 141 false 326} {8498 141 false 327} {9672 141 false 328} {8418 141 false 329} {5033 141 false 330} {5311 141 false 331} {9242 141 false 332} {7380 141 false 333} {5261 141 false 334} {9100 141 false 335} {4374 141 false 336} {2866 141 false 337} {290 141 false 338} {2261 141 false 339} {120 141 false 340} {7072 141 false 341} {7931 141 false 342} {2635 141 false 343} {1951 141 false 344} {8594 141 false 345} {4127 141 false 346} {2386 141 false 347} {2174 141 false 348} {3837 141 false 349} {8358 141 false 350} {7353 141 false 351} {2094 141 false 352} {569 141 false 353} {8759 141 false 354} {1223 141 false 355} {3599 141 false 356} {123 141 false 357} {3680 141 false 358} {6063 141 false 359} {8870 141 false 360} {8775 141 false 361} {2959 141 false 362} {8613 141 false 363} {3399 141 false 364} {1931 141 false 365} {3362 141 false 366} {9117 141 false 367} {2364 141 false 368} {7785 141 false 369} {5066 141 false 370} {6181 141 false 371} {6803 141 false 372} {6922 141 false 373} {4098 141 false 374} {869 141 false 375} {4009 141 false 376} {1013 141 false 377} {4881 141 false 378} {3898 141 false 379} {1276 141 false 380} {3816 141 false 381} {9317 141 false 382} {8377 141 false 383} {9596 141 false 384} {3339 141 false 385} {1374 141 false 386} {4753 141 false 387} {5037 141 false 388} {8833 141 false 389}] 
2025/11/03 17:32:38 [17:32:38.683] [Node:4] [HEARTBEAT] [Trace:HB_4_162] Follower等心跳 status FOLLOWER term:162 commitIndex:24
2025/11/03 17:32:38 [17:32:38.783] [Node:4] [HEARTBEAT] [Trace:HB_4_162] Follower等心跳 status FOLLOWER term:162 commitIndex:24
2025/11/03 17:32:38 [17:32:38.878] [Node:4] [RPC_RECV] [Trace:ELEC_0_163][0->4] RequestVote 接受 term:163 candidateId:0 lastLogIndex:389 lastLogTerm:141 currentTerm:162 status:FOLLOWER
2025/11/03 17:32:38 [17:32:38.878] [Node:4] [INFO] [STATE_CHANGE] FOLLOWER->FOLLOWER term:162 reason:降级成follower
2025/11/03 17:32:38 [17:32:38.881] [Node:4] [RPC_RECV] [Trace:ELEC_0_163][0->4] 投票信息 votedFor:-1 lastLogTerm:141 lastLogIndex:389
2025/11/03 17:32:38 [17:32:38.881] [Node:4] [RPC_RECV] [Trace:ELEC_0_163][0->4] 投票给 candidate:0 term:163
2025/11/03 17:32:38 [17:32:38.885] [Node:4] [HEARTBEAT] [Trace:HB_4_163] Follower等心跳 status FOLLOWER term:163 commitIndex:24
2025/11/03 17:32:38 [17:32:38.985] [Node:4] [HEARTBEAT] [Trace:HB_4_163] Follower等心跳 status FOLLOWER term:163 commitIndex:24
2025/11/03 17:32:39 [17:32:39.005] [Node:4] [LOG_REPLICA] [Trace:LOG_0_163][0->4] AppendEntries 收到 term:163 leaderId:0 prevLogIndex:24 prevLogTerm:16 entries:365 leaderCommit:24 isHeartbeat:false currentTerm:163 status:FOLLOWER
2025/11/03 17:32:39 [17:32:39.005] [Node:4] [LOG_REPLICA] [Trace:LOG_0_163][0->4] 打印日志结果:[{<nil> 0 false 0} {9885 2 false 1} {7369 4 false 2} {377 9 false 3} {5698 9 false 4} {3675 9 false 5} {7576 9 false 6} {6501 9 false 7} {8962 9 false 8} {9292 11 false 9} {5826 14 false 10} {1116 14 false 11} {8927 16 false 12} {615 16 false 13} {3625 16 false 14} {1425 16 false 15} {9709 16 false 16} {3423 16 false 17} {3134 16 false 18} {3657 16 false 19} {8171 16 false 20} {9440 16 false 21} {6470 16 false 22} {1363 16 false 23} {716 16 false 24} {2684 16 false 25} {5836 19 false 26} {5544 19 false 27} {713 19 false 28} {6403 19 false 29} {881 19 false 30} {3832 19 false 31} {4831 19 false 32} {989 19 false 33} {3559 19 false 34} {4757 19 false 35} {5501 19 false 36} {705 19 false 37} {528 19 false 38} {4304 19 false 39} {4358 19 false 40} {8941 19 false 41} {1994 19 false 42} {411 19 false 43} {7043 95 false 44} {2699 95 false 45} {8150 95 false 46} {8874 95 false 47} {7096 95 false 48} {4872 95 false 49} {3988 95 false 50} {2554 95 false 51} {554 95 false 52} {2953 95 false 53} {9230 95 false 54} {8688 95 false 55} {9094 95 false 56} {3997 95 false 57} {2894 95 false 58} {5667 95 false 59} {3509 95 false 60} {4539 95 false 61} {1900 95 false 62} {395 95 false 63} {4338 95 false 64} {9052 95 false 65} {6681 95 false 66} {5152 95 false 67} {2250 95 false 68} {7353 95 false 69} {7300 95 false 70} {9476 95 false 71} {5907 95 false 72} {8352 95 false 73} {3326 95 false 74} {2806 95 false 75} {5167 95 false 76} {3514 95 false 77} {7493 95 false 78} {3260 95 false 79} {2440 95 false 80} {2920 95 false 81} {8285 95 false 82} {4140 95 false 83} {8602 95 false 84} {5537 95 false 85} {4663 95 false 86} {8098 95 false 87} {743 95 false 88} {9006 95 false 89} {6480 95 false 90} {4305 95 false 91} {7754 95 false 92} {612 95 false 93} {7820 95 false 94} {4607 95 false 95} {7256 95 false 96} {4888 95 false 97} {1311 95 false 98} {8099 95 false 99} {1197 95 false 100} {2238 95 false 101} {2354 95 false 102} {3362 95 false 103} {919 95 false 104} {8424 95 false 105} {6099 95 false 106} {1374 95 false 107} {2506 95 false 108} {7804 95 false 109} {5971 95 false 110} {3293 95 false 111} {6828 95 false 112} {5896 95 false 113} {2846 95 false 114} {1290 95 false 115} {7082 95 false 116} {4917 95 false 117} {3250 95 false 118} {248 95 false 119} {1140 95 false 120} {1245 95 false 121} {6024 95 false 122} {4473 95 false 123} {2136 95 false 124} {4154 95 false 125} {2583 95 false 126} {708 95 false 127} {4481 95 false 128} {6476 95 false 129} {5036 95 false 130} {4065 95 false 131} {6200 95 false 132} {1397 95 false 133} {4279 95 false 134} {6833 95 false 135} {4346 95 false 136} {3317 95 false 137} {4185 95 false 138} {4000 95 false 139} {2185 95 false 140} {8037 95 false 141} {1968 95 false 142} {6414 95 false 143} {6351 95 false 144} {1290 95 false 145} {255 95 false 146} {5814 95 false 147} {9138 95 false 148} {1249 95 false 149} {8088 95 false 150} {61 95 false 151} {6456 95 false 152} {9658 95 false 153} {2752 95 false 154} {4915 95 false 155} {2443 95 false 156} {4194 95 false 157} {928 95 false 158} {5614 95 false 159} {8999 95 false 160} {1953 95 false 161} {2650 95 false 162} {3468 95 false 163} {1123 95 false 164} {3774 95 false 165} {6358 95 false 166} {5925 95 false 167} {338 95 false 168} {99 95 false 169} {4512 95 false 170} {7477 95 false 171} {169 95 false 172} {6395 95 false 173} {7193 95 false 174} {2353 95 false 175} {3277 95 false 176} {6306 95 false 177} {5511 95 false 178} {2355 95 false 179} {8128 95 false 180} {6058 95 false 181} {7487 95 false 182} {9104 95 false 183} {9659 95 false 184} {3870 95 false 185} {7666 95 false 186} {8351 95 false 187} {9904 95 false 188} {3086 95 false 189} {4239 95 false 190} {9285 95 false 191} {8547 95 false 192} {5397 95 false 193} {6203 95 false 194} {2701 95 false 195} {281 95 false 196} {5684 95 false 197} {6931 95 false 198} {1998 95 false 199} {3892 95 false 200} {8994 95 false 201} {8648 95 false 202} {4605 95 false 203} {4080 95 false 204} {3229 95 false 205} {1192 95 false 206} {7753 95 false 207} {2164 95 false 208} {3086 95 false 209} {5245 95 false 210} {7102 95 false 211} {8818 95 false 212} {5017 95 false 213} {7628 95 false 214} {6028 95 false 215} {590 95 false 216} {6004 95 false 217} {2477 95 false 218} {6033 95 false 219} {4971 95 false 220} {7653 95 false 221} {4210 95 false 222} {654 95 false 223} {1347 95 false 224} {548 95 false 225} {2425 95 false 226} {7551 95 false 227} {147 95 false 228} {3398 95 false 229} {9137 95 false 230} {5214 95 false 231} {1870 95 false 232} {2007 95 false 233} {4259 95 false 234} {5871 95 false 235} {1999 95 false 236} {2250 95 false 237} {2233 95 false 238} {9889 95 false 239} {3674 95 false 240} {3867 95 false 241} {9585 95 false 242} {7532 95 false 243} {3418 95 false 244} {1920 95 false 245} {5828 95 false 246} {3723 95 false 247} {197 95 false 248} {3771 95 false 249} {9308 95 false 250} {8474 95 false 251} {6670 95 false 252} {8023 95 false 253} {9827 95 false 254} {745 95 false 255} {9541 95 false 256} {4130 95 false 257} {3683 95 false 258} {244 95 false 259} {1055 95 false 260} {7937 95 false 261} {9098 95 false 262} {8583 141 false 263} {4509 141 false 264} {5945 141 false 265} {7900 141 false 266} {8891 141 false 267} {8803 141 false 268} {2042 141 false 269} {8293 141 false 270} {4473 141 false 271} {6604 141 false 272} {5376 141 false 273} {6396 141 false 274} {8674 141 false 275} {5663 141 false 276} {1465 141 false 277} {4305 141 false 278} {29 141 false 279} {5595 141 false 280} {5764 141 false 281} {473 141 false 282} {6305 141 false 283} {273 141 false 284} {3146 141 false 285} {9506 141 false 286} {4632 141 false 287} {6027 141 false 288} {6952 141 false 289} {8257 141 false 290} {9649 141 false 291} {4178 141 false 292} {7266 141 false 293} {2232 141 false 294} {1973 141 false 295} {1704 141 false 296} {9529 141 false 297} {7427 141 false 298} {4392 141 false 299} {8497 141 false 300} {8041 141 false 301} {5966 141 false 302} {8440 141 false 303} {2229 141 false 304} {815 141 false 305} {1570 141 false 306} {6889 141 false 307} {4416 141 false 308} {651 141 false 309} {8692 141 false 310} {5425 141 false 311} {4142 141 false 312} {1077 141 false 313} {7325 141 false 314} {2814 141 false 315} {202 141 false 316} {7450 141 false 317} {8805 141 false 318} {3424 141 false 319} {3006 141 false 320} {4641 141 false 321} {2604 141 false 322} {3988 141 false 323} {8515 141 false 324} {4262 141 false 325} {6619 141 false 326} {8498 141 false 327} {9672 141 false 328} {8418 141 false 329} {5033 141 false 330} {5311 141 false 331} {9242 141 false 332} {7380 141 false 333} {5261 141 false 334} {9100 141 false 335} {4374 141 false 336} {2866 141 false 337} {290 141 false 338} {2261 141 false 339} {120 141 false 340} {7072 141 false 341} {7931 141 false 342} {2635 141 false 343} {1951 141 false 344} {8594 141 false 345} {4127 141 false 346} {2386 141 false 347} {2174 141 false 348} {3837 141 false 349} {8358 141 false 350} {7353 141 false 351} {2094 141 false 352} {569 141 false 353} {8759 141 false 354} {1223 141 false 355} {3599 141 false 356} {123 141 false 357} {3680 141 false 358} {6063 141 false 359} {8870 141 false 360} {8775 141 false 361} {2959 141 false 362} {8613 141 false 363} {3399 141 false 364} {1931 141 false 365} {3362 141 false 366} {9117 141 false 367} {2364 141 false 368} {7785 141 false 369} {5066 141 false 370} {6181 141 false 371} {6803 141 false 372} {6922 141 false 373} {4098 141 false 374} {869 141 false 375} {4009 141 false 376} {1013 141 false 377} {4881 141 false 378} {3898 141 false 379} {1276 141 false 380} {3816 141 false 381} {9317 141 false 382} {8377 141 false 383} {9596 141 false 384} {3339 141 false 385} {1374 141 false 386} {4753 141 false 387} {5037 141 false 388} {8833 141 false 389}] 
2025/11/03 17:32:39 [17:32:39.015] [Node:4] [LOG_REPLICA] [Trace:LOG_0_163][0->4] 复制日志结果:[{<nil> 0 false 0} {9885 2 false 1} {7369 4 false 2} {377 9 false 3} {5698 9 false 4} {3675 9 false 5} {7576 9 false 6} {6501 9 false 7} {8962 9 false 8} {9292 11 false 9} {5826 14 false 10} {1116 14 false 11} {8927 16 false 12} {615 16 false 13} {3625 16 false 14} {1425 16 false 15} {9709 16 false 16} {3423 16 false 17} {3134 16 false 18} {3657 16 false 19} {8171 16 false 20} {9440 16 false 21} {6470 16 false 22} {1363 16 false 23} {716 16 false 24} {2684 16 false 25} {5836 19 false 26} {5544 19 false 27} {713 19 false 28} {6403 19 false 29} {881 19 false 30} {3832 19 false 31} {4831 19 false 32} {989 19 false 33} {3559 19 false 34} {4757 19 false 35} {5501 19 false 36} {705 19 false 37} {528 19 false 38} {4304 19 false 39} {4358 19 false 40} {8941 19 false 41} {1994 19 false 42} {411 19 false 43} {7043 95 false 44} {2699 95 false 45} {8150 95 false 46} {8874 95 false 47} {7096 95 false 48} {4872 95 false 49} {3988 95 false 50} {2554 95 false 51} {554 95 false 52} {2953 95 false 53} {9230 95 false 54} {8688 95 false 55} {9094 95 false 56} {3997 95 false 57} {2894 95 false 58} {5667 95 false 59} {3509 95 false 60} {4539 95 false 61} {1900 95 false 62} {395 95 false 63} {4338 95 false 64} {9052 95 false 65} {6681 95 false 66} {5152 95 false 67} {2250 95 false 68} {7353 95 false 69} {7300 95 false 70} {9476 95 false 71} {5907 95 false 72} {8352 95 false 73} {3326 95 false 74} {2806 95 false 75} {5167 95 false 76} {3514 95 false 77} {7493 95 false 78} {3260 95 false 79} {2440 95 false 80} {2920 95 false 81} {8285 95 false 82} {4140 95 false 83} {8602 95 false 84} {5537 95 false 85} {4663 95 false 86} {8098 95 false 87} {743 95 false 88} {9006 95 false 89} {6480 95 false 90} {4305 95 false 91} {7754 95 false 92} {612 95 false 93} {7820 95 false 94} {4607 95 false 95} {7256 95 false 96} {4888 95 false 97} {1311 95 false 98} {8099 95 false 99} {1197 95 false 100} {2238 95 false 101} {2354 95 false 102} {3362 95 false 103} {919 95 false 104} {8424 95 false 105} {6099 95 false 106} {1374 95 false 107} {2506 95 false 108} {7804 95 false 109} {5971 95 false 110} {3293 95 false 111} {6828 95 false 112} {5896 95 false 113} {2846 95 false 114} {1290 95 false 115} {7082 95 false 116} {4917 95 false 117} {3250 95 false 118} {248 95 false 119} {1140 95 false 120} {1245 95 false 121} {6024 95 false 122} {4473 95 false 123} {2136 95 false 124} {4154 95 false 125} {2583 95 false 126} {708 95 false 127} {4481 95 false 128} {6476 95 false 129} {5036 95 false 130} {4065 95 false 131} {6200 95 false 132} {1397 95 false 133} {4279 95 false 134} {6833 95 false 135} {4346 95 false 136} {3317 95 false 137} {4185 95 false 138} {4000 95 false 139} {2185 95 false 140} {8037 95 false 141} {1968 95 false 142} {6414 95 false 143} {6351 95 false 144} {1290 95 false 145} {255 95 false 146} {5814 95 false 147} {9138 95 false 148} {1249 95 false 149} {8088 95 false 150} {61 95 false 151} {6456 95 false 152} {9658 95 false 153} {2752 95 false 154} {4915 95 false 155} {2443 95 false 156} {4194 95 false 157} {928 95 false 158} {5614 95 false 159} {8999 95 false 160} {1953 95 false 161} {2650 95 false 162} {3468 95 false 163} {1123 95 false 164} {3774 95 false 165} {6358 95 false 166} {5925 95 false 167} {338 95 false 168} {99 95 false 169} {4512 95 false 170} {7477 95 false 171} {169 95 false 172} {6395 95 false 173} {7193 95 false 174} {2353 95 false 175} {3277 95 false 176} {6306 95 false 177} {5511 95 false 178} {2355 95 false 179} {8128 95 false 180} {6058 95 false 181} {7487 95 false 182} {9104 95 false 183} {9659 95 false 184} {3870 95 false 185} {7666 95 false 186} {8351 95 false 187} {9904 95 false 188} {3086 95 false 189} {4239 95 false 190} {9285 95 false 191} {8547 95 false 192} {5397 95 false 193} {6203 95 false 194} {2701 95 false 195} {281 95 false 196} {5684 95 false 197} {6931 95 false 198} {1998 95 false 199} {3892 95 false 200} {8994 95 false 201} {8648 95 false 202} {4605 95 false 203} {4080 95 false 204} {3229 95 false 205} {1192 95 false 206} {7753 95 false 207} {2164 95 false 208} {3086 95 false 209} {5245 95 false 210} {7102 95 false 211} {8818 95 false 212} {5017 95 false 213} {7628 95 false 214} {6028 95 false 215} {590 95 false 216} {6004 95 false 217} {2477 95 false 218} {6033 95 false 219} {4971 95 false 220} {7653 95 false 221} {4210 95 false 222} {654 95 false 223} {1347 95 false 224} {548 95 false 225} {2425 95 false 226} {7551 95 false 227} {147 95 false 228} {3398 95 false 229} {9137 95 false 230} {5214 95 false 231} {1870 95 false 232} {2007 95 false 233} {4259 95 false 234} {5871 95 false 235} {1999 95 false 236} {2250 95 false 237} {2233 95 false 238} {9889 95 false 239} {3674 95 false 240} {3867 95 false 241} {9585 95 false 242} {7532 95 false 243} {3418 95 false 244} {1920 95 false 245} {5828 95 false 246} {3723 95 false 247} {197 95 false 248} {3771 95 false 249} {9308 95 false 250} {8474 95 false 251} {6670 95 false 252} {8023 95 false 253} {9827 95 false 254} {745 95 false 255} {9541 95 false 256} {4130 95 false 257} {3683 95 false 258} {244 95 false 259} {1055 95 false 260} {7937 95 false 261} {9098 95 false 262} {8583 141 false 263} {4509 141 false 264} {5945 141 false 265} {7900 141 false 266} {8891 141 false 267} {8803 141 false 268} {2042 141 false 269} {8293 141 false 270} {4473 141 false 271} {6604 141 false 272} {5376 141 false 273} {6396 141 false 274} {8674 141 false 275} {5663 141 false 276} {1465 141 false 277} {4305 141 false 278} {29 141 false 279} {5595 141 false 280} {5764 141 false 281} {473 141 false 282} {6305 141 false 283} {273 141 false 284} {3146 141 false 285} {9506 141 false 286} {4632 141 false 287} {6027 141 false 288} {6952 141 false 289} {8257 141 false 290} {9649 141 false 291} {4178 141 false 292} {7266 141 false 293} {2232 141 false 294} {1973 141 false 295} {1704 141 false 296} {9529 141 false 297} {7427 141 false 298} {4392 141 false 299} {8497 141 false 300} {8041 141 false 301} {5966 141 false 302} {8440 141 false 303} {2229 141 false 304} {815 141 false 305} {1570 141 false 306} {6889 141 false 307} {4416 141 false 308} {651 141 false 309} {8692 141 false 310} {5425 141 false 311} {4142 141 false 312} {1077 141 false 313} {7325 141 false 314} {2814 141 false 315} {202 141 false 316} {7450 141 false 317} {8805 141 false 318} {3424 141 false 319} {3006 141 false 320} {4641 141 false 321} {2604 141 false 322} {3988 141 false 323} {8515 141 false 324} {4262 141 false 325} {6619 141 false 326} {8498 141 false 327} {9672 141 false 328} {8418 141 false 329} {5033 141 false 330} {5311 141 false 331} {9242 141 false 332} {7380 141 false 333} {5261 141 false 334} {9100 141 false 335} {4374 141 false 336} {2866 141 false 337} {290 141 false 338} {2261 141 false 339} {120 141 false 340} {7072 141 false 341} {7931 141 false 342} {2635 141 false 343} {1951 141 false 344} {8594 141 false 345} {4127 141 false 346} {2386 141 false 347} {2174 141 false 348} {3837 141 false 349} {8358 141 false 350} {7353 141 false 351} {2094 141 false 352} {569 141 false 353} {8759 141 false 354} {1223 141 false 355} {3599 141 false 356} {123 141 false 357} {3680 141 false 358} {6063 141 false 359} {8870 141 false 360} {8775 141 false 361} {2959 141 false 362} {8613 141 false 363} {3399 141 false 364} {1931 141 false 365} {3362 141 false 366} {9117 141 false 367} {2364 141 false 368} {7785 141 false 369} {5066 141 false 370} {6181 141 false 371} {6803 141 false 372} {6922 141 false 373} {4098 141 false 374} {869 141 false 375} {4009 141 false 376} {1013 141 false 377} {4881 141 false 378} {3898 141 false 379} {1276 141 false 380} {3816 141 false 381} {9317 141 false 382} {8377 141 false 383} {9596 141 false 384} {3339 141 false 385} {1374 141 false 386} {4753 141 false 387} {5037 141 false 388} {8833 141 false 389}] 
2025/11/03 17:32:39 [17:32:39.085] [Node:4] [HEARTBEAT] [Trace:HB_4_163] Follower等心跳 status FOLLOWER term:163 commitIndex:24
2025/11/03 17:32:39 [17:32:39.100] [Node:4] [HEARTBEAT] [Trace:LOG_0_163][0->4] AppendEntries 收到 term:163 leaderId:0 prevLogIndex:389 prevLogTerm:141 entries:0 leaderCommit:24 isHeartbeat:true currentTerm:163 status:FOLLOWER
2025/11/03 17:32:39 [17:32:39.100] [Node:4] [HEARTBEAT] [Trace:LOG_0_163][0->4] 打印日志结果:[{<nil> 0 false 0} {9885 2 false 1} {7369 4 false 2} {377 9 false 3} {5698 9 false 4} {3675 9 false 5} {7576 9 false 6} {6501 9 false 7} {8962 9 false 8} {9292 11 false 9} {5826 14 false 10} {1116 14 false 11} {8927 16 false 12} {615 16 false 13} {3625 16 false 14} {1425 16 false 15} {9709 16 false 16} {3423 16 false 17} {3134 16 false 18} {3657 16 false 19} {8171 16 false 20} {9440 16 false 21} {6470 16 false 22} {1363 16 false 23} {716 16 false 24} {2684 16 false 25} {5836 19 false 26} {5544 19 false 27} {713 19 false 28} {6403 19 false 29} {881 19 false 30} {3832 19 false 31} {4831 19 false 32} {989 19 false 33} {3559 19 false 34} {4757 19 false 35} {5501 19 false 36} {705 19 false 37} {528 19 false 38} {4304 19 false 39} {4358 19 false 40} {8941 19 false 41} {1994 19 false 42} {411 19 false 43} {7043 95 false 44} {2699 95 false 45} {8150 95 false 46} {8874 95 false 47} {7096 95 false 48} {4872 95 false 49} {3988 95 false 50} {2554 95 false 51} {554 95 false 52} {2953 95 false 53} {9230 95 false 54} {8688 95 false 55} {9094 95 false 56} {3997 95 false 57} {2894 95 false 58} {5667 95 false 59} {3509 95 false 60} {4539 95 false 61} {1900 95 false 62} {395 95 false 63} {4338 95 false 64} {9052 95 false 65} {6681 95 false 66} {5152 95 false 67} {2250 95 false 68} {7353 95 false 69} {7300 95 false 70} {9476 95 false 71} {5907 95 false 72} {8352 95 false 73} {3326 95 false 74} {2806 95 false 75} {5167 95 false 76} {3514 95 false 77} {7493 95 false 78} {3260 95 false 79} {2440 95 false 80} {2920 95 false 81} {8285 95 false 82} {4140 95 false 83} {8602 95 false 84} {5537 95 false 85} {4663 95 false 86} {8098 95 false 87} {743 95 false 88} {9006 95 false 89} {6480 95 false 90} {4305 95 false 91} {7754 95 false 92} {612 95 false 93} {7820 95 false 94} {4607 95 false 95} {7256 95 false 96} {4888 95 false 97} {1311 95 false 98} {8099 95 false 99} {1197 95 false 100} {2238 95 false 101} {2354 95 false 102} {3362 95 false 103} {919 95 false 104} {8424 95 false 105} {6099 95 false 106} {1374 95 false 107} {2506 95 false 108} {7804 95 false 109} {5971 95 false 110} {3293 95 false 111} {6828 95 false 112} {5896 95 false 113} {2846 95 false 114} {1290 95 false 115} {7082 95 false 116} {4917 95 false 117} {3250 95 false 118} {248 95 false 119} {1140 95 false 120} {1245 95 false 121} {6024 95 false 122} {4473 95 false 123} {2136 95 false 124} {4154 95 false 125} {2583 95 false 126} {708 95 false 127} {4481 95 false 128} {6476 95 false 129} {5036 95 false 130} {4065 95 false 131} {6200 95 false 132} {1397 95 false 133} {4279 95 false 134} {6833 95 false 135} {4346 95 false 136} {3317 95 false 137} {4185 95 false 138} {4000 95 false 139} {2185 95 false 140} {8037 95 false 141} {1968 95 false 142} {6414 95 false 143} {6351 95 false 144} {1290 95 false 145} {255 95 false 146} {5814 95 false 147} {9138 95 false 148} {1249 95 false 149} {8088 95 false 150} {61 95 false 151} {6456 95 false 152} {9658 95 false 153} {2752 95 false 154} {4915 95 false 155} {2443 95 false 156} {4194 95 false 157} {928 95 false 158} {5614 95 false 159} {8999 95 false 160} {1953 95 false 161} {2650 95 false 162} {3468 95 false 163} {1123 95 false 164} {3774 95 false 165} {6358 95 false 166} {5925 95 false 167} {338 95 false 168} {99 95 false 169} {4512 95 false 170} {7477 95 false 171} {169 95 false 172} {6395 95 false 173} {7193 95 false 174} {2353 95 false 175} {3277 95 false 176} {6306 95 false 177} {5511 95 false 178} {2355 95 false 179} {8128 95 false 180} {6058 95 false 181} {7487 95 false 182} {9104 95 false 183} {9659 95 false 184} {3870 95 false 185} {7666 95 false 186} {8351 95 false 187} {9904 95 false 188} {3086 95 false 189} {4239 95 false 190} {9285 95 false 191} {8547 95 false 192} {5397 95 false 193} {6203 95 false 194} {2701 95 false 195} {281 95 false 196} {5684 95 false 197} {6931 95 false 198} {1998 95 false 199} {3892 95 false 200} {8994 95 false 201} {8648 95 false 202} {4605 95 false 203} {4080 95 false 204} {3229 95 false 205} {1192 95 false 206} {7753 95 false 207} {2164 95 false 208} {3086 95 false 209} {5245 95 false 210} {7102 95 false 211} {8818 95 false 212} {5017 95 false 213} {7628 95 false 214} {6028 95 false 215} {590 95 false 216} {6004 95 false 217} {2477 95 false 218} {6033 95 false 219} {4971 95 false 220} {7653 95 false 221} {4210 95 false 222} {654 95 false 223} {1347 95 false 224} {548 95 false 225} {2425 95 false 226} {7551 95 false 227} {147 95 false 228} {3398 95 false 229} {9137 95 false 230} {5214 95 false 231} {1870 95 false 232} {2007 95 false 233} {4259 95 false 234} {5871 95 false 235} {1999 95 false 236} {2250 95 false 237} {2233 95 false 238} {9889 95 false 239} {3674 95 false 240} {3867 95 false 241} {9585 95 false 242} {7532 95 false 243} {3418 95 false 244} {1920 95 false 245} {5828 95 false 246} {3723 95 false 247} {197 95 false 248} {3771 95 false 249} {9308 95 false 250} {8474 95 false 251} {6670 95 false 252} {8023 95 false 253} {9827 95 false 254} {745 95 false 255} {9541 95 false 256} {4130 95 false 257} {3683 95 false 258} {244 95 false 259} {1055 95 false 260} {7937 95 false 261} {9098 95 false 262} {8583 141 false 263} {4509 141 false 264} {5945 141 false 265} {7900 141 false 266} {8891 141 false 267} {8803 141 false 268} {2042 141 false 269} {8293 141 false 270} {4473 141 false 271} {6604 141 false 272} {5376 141 false 273} {6396 141 false 274} {8674 141 false 275} {5663 141 false 276} {1465 141 false 277} {4305 141 false 278} {29 141 false 279} {5595 141 false 280} {5764 141 false 281} {473 141 false 282} {6305 141 false 283} {273 141 false 284} {3146 141 false 285} {9506 141 false 286} {4632 141 false 287} {6027 141 false 288} {6952 141 false 289} {8257 141 false 290} {9649 141 false 291} {4178 141 false 292} {7266 141 false 293} {2232 141 false 294} {1973 141 false 295} {1704 141 false 296} {9529 141 false 297} {7427 141 false 298} {4392 141 false 299} {8497 141 false 300} {8041 141 false 301} {5966 141 false 302} {8440 141 false 303} {2229 141 false 304} {815 141 false 305} {1570 141 false 306} {6889 141 false 307} {4416 141 false 308} {651 141 false 309} {8692 141 false 310} {5425 141 false 311} {4142 141 false 312} {1077 141 false 313} {7325 141 false 314} {2814 141 false 315} {202 141 false 316} {7450 141 false 317} {8805 141 false 318} {3424 141 false 319} {3006 141 false 320} {4641 141 false 321} {2604 141 false 322} {3988 141 false 323} {8515 141 false 324} {4262 141 false 325} {6619 141 false 326} {8498 141 false 327} {9672 141 false 328} {8418 141 false 329} {5033 141 false 330} {5311 141 false 331} {9242 141 false 332} {7380 141 false 333} {5261 141 false 334} {9100 141 false 335} {4374 141 false 336} {2866 141 false 337} {290 141 false 338} {2261 141 false 339} {120 141 false 340} {7072 141 false 341} {7931 141 false 342} {2635 141 false 343} {1951 141 false 344} {8594 141 false 345} {4127 141 false 346} {2386 141 false 347} {2174 141 false 348} {3837 141 false 349} {8358 141 false 350} {7353 141 false 351} {2094 141 false 352} {569 141 false 353} {8759 141 false 354} {1223 141 false 355} {3599 141 false 356} {123 141 false 357} {3680 141 false 358} {6063 141 false 359} {8870 141 false 360} {8775 141 false 361} {2959 141 false 362} {8613 141 false 363} {3399 141 false 364} {1931 141 false 365} {3362 141 false 366} {9117 141 false 367} {2364 141 false 368} {7785 141 false 369} {5066 141 false 370} {6181 141 false 371} {6803 141 false 372} {6922 141 false 373} {4098 141 false 374} {869 141 false 375} {4009 141 false 376} {1013 141 false 377} {4881 141 false 378} {3898 141 false 379} {1276 141 false 380} {3816 141 false 381} {9317 141 false 382} {8377 141 false 383} {9596 141 false 384} {3339 141 false 385} {1374 141 false 386} {4753 141 false 387} {5037 141 false 388} {8833 141 false 389}] 
2025/11/03 17:32:39 [17:32:39.101] [Node:4] [HEARTBEAT] [Trace:LOG_0_163][0->4] 复制日志结果:[{<nil> 0 false 0} {9885 2 false 1} {7369 4 false 2} {377 9 false 3} {5698 9 false 4} {3675 9 false 5} {7576 9 false 6} {6501 9 false 7} {8962 9 false 8} {9292 11 false 9} {5826 14 false 10} {1116 14 false 11} {8927 16 false 12} {615 16 false 13} {3625 16 false 14} {1425 16 false 15} {9709 16 false 16} {3423 16 false 17} {3134 16 false 18} {3657 16 false 19} {8171 16 false 20} {9440 16 false 21} {6470 16 false 22} {1363 16 false 23} {716 16 false 24} {2684 16 false 25} {5836 19 false 26} {5544 19 false 27} {713 19 false 28} {6403 19 false 29} {881 19 false 30} {3832 19 false 31} {4831 19 false 32} {989 19 false 33} {3559 19 false 34} {4757 19 false 35} {5501 19 false 36} {705 19 false 37} {528 19 false 38} {4304 19 false 39} {4358 19 false 40} {8941 19 false 41} {1994 19 false 42} {411 19 false 43} {7043 95 false 44} {2699 95 false 45} {8150 95 false 46} {8874 95 false 47} {7096 95 false 48} {4872 95 false 49} {3988 95 false 50} {2554 95 false 51} {554 95 false 52} {2953 95 false 53} {9230 95 false 54} {8688 95 false 55} {9094 95 false 56} {3997 95 false 57} {2894 95 false 58} {5667 95 false 59} {3509 95 false 60} {4539 95 false 61} {1900 95 false 62} {395 95 false 63} {4338 95 false 64} {9052 95 false 65} {6681 95 false 66} {5152 95 false 67} {2250 95 false 68} {7353 95 false 69} {7300 95 false 70} {9476 95 false 71} {5907 95 false 72} {8352 95 false 73} {3326 95 false 74} {2806 95 false 75} {5167 95 false 76} {3514 95 false 77} {7493 95 false 78} {3260 95 false 79} {2440 95 false 80} {2920 95 false 81} {8285 95 false 82} {4140 95 false 83} {8602 95 false 84} {5537 95 false 85} {4663 95 false 86} {8098 95 false 87} {743 95 false 88} {9006 95 false 89} {6480 95 false 90} {4305 95 false 91} {7754 95 false 92} {612 95 false 93} {7820 95 false 94} {4607 95 false 95} {7256 95 false 96} {4888 95 false 97} {1311 95 false 98} {8099 95 false 99} {1197 95 false 100} {2238 95 false 101} {2354 95 false 102} {3362 95 false 103} {919 95 false 104} {8424 95 false 105} {6099 95 false 106} {1374 95 false 107} {2506 95 false 108} {7804 95 false 109} {5971 95 false 110} {3293 95 false 111} {6828 95 false 112} {5896 95 false 113} {2846 95 false 114} {1290 95 false 115} {7082 95 false 116} {4917 95 false 117} {3250 95 false 118} {248 95 false 119} {1140 95 false 120} {1245 95 false 121} {6024 95 false 122} {4473 95 false 123} {2136 95 false 124} {4154 95 false 125} {2583 95 false 126} {708 95 false 127} {4481 95 false 128} {6476 95 false 129} {5036 95 false 130} {4065 95 false 131} {6200 95 false 132} {1397 95 false 133} {4279 95 false 134} {6833 95 false 135} {4346 95 false 136} {3317 95 false 137} {4185 95 false 138} {4000 95 false 139} {2185 95 false 140} {8037 95 false 141} {1968 95 false 142} {6414 95 false 143} {6351 95 false 144} {1290 95 false 145} {255 95 false 146} {5814 95 false 147} {9138 95 false 148} {1249 95 false 149} {8088 95 false 150} {61 95 false 151} {6456 95 false 152} {9658 95 false 153} {2752 95 false 154} {4915 95 false 155} {2443 95 false 156} {4194 95 false 157} {928 95 false 158} {5614 95 false 159} {8999 95 false 160} {1953 95 false 161} {2650 95 false 162} {3468 95 false 163} {1123 95 false 164} {3774 95 false 165} {6358 95 false 166} {5925 95 false 167} {338 95 false 168} {99 95 false 169} {4512 95 false 170} {7477 95 false 171} {169 95 false 172} {6395 95 false 173} {7193 95 false 174} {2353 95 false 175} {3277 95 false 176} {6306 95 false 177} {5511 95 false 178} {2355 95 false 179} {8128 95 false 180} {6058 95 false 181} {7487 95 false 182} {9104 95 false 183} {9659 95 false 184} {3870 95 false 185} {7666 95 false 186} {8351 95 false 187} {9904 95 false 188} {3086 95 false 189} {4239 95 false 190} {9285 95 false 191} {8547 95 false 192} {5397 95 false 193} {6203 95 false 194} {2701 95 false 195} {281 95 false 196} {5684 95 false 197} {6931 95 false 198} {1998 95 false 199} {3892 95 false 200} {8994 95 false 201} {8648 95 false 202} {4605 95 false 203} {4080 95 false 204} {3229 95 false 205} {1192 95 false 206} {7753 95 false 207} {2164 95 false 208} {3086 95 false 209} {5245 95 false 210} {7102 95 false 211} {8818 95 false 212} {5017 95 false 213} {7628 95 false 214} {6028 95 false 215} {590 95 false 216} {6004 95 false 217} {2477 95 false 218} {6033 95 false 219} {4971 95 false 220} {7653 95 false 221} {4210 95 false 222} {654 95 false 223} {1347 95 false 224} {548 95 false 225} {2425 95 false 226} {7551 95 false 227} {147 95 false 228} {3398 95 false 229} {9137 95 false 230} {5214 95 false 231} {1870 95 false 232} {2007 95 false 233} {4259 95 false 234} {5871 95 false 235} {1999 95 false 236} {2250 95 false 237} {2233 95 false 238} {9889 95 false 239} {3674 95 false 240} {3867 95 false 241} {9585 95 false 242} {7532 95 false 243} {3418 95 false 244} {1920 95 false 245} {5828 95 false 246} {3723 95 false 247} {197 95 false 248} {3771 95 false 249} {9308 95 false 250} {8474 95 false 251} {6670 95 false 252} {8023 95 false 253} {9827 95 false 254} {745 95 false 255} {9541 95 false 256} {4130 95 false 257} {3683 95 false 258} {244 95 false 259} {1055 95 false 260} {7937 95 false 261} {9098 95 false 262} {8583 141 false 263} {4509 141 false 264} {5945 141 false 265} {7900 141 false 266} {8891 141 false 267} {8803 141 false 268} {2042 141 false 269} {8293 141 false 270} {4473 141 false 271} {6604 141 false 272} {5376 141 false 273} {6396 141 false 274} {8674 141 false 275} {5663 141 false 276} {1465 141 false 277} {4305 141 false 278} {29 141 false 279} {5595 141 false 280} {5764 141 false 281} {473 141 false 282} {6305 141 false 283} {273 141 false 284} {3146 141 false 285} {9506 141 false 286} {4632 141 false 287} {6027 141 false 288} {6952 141 false 289} {8257 141 false 290} {9649 141 false 291} {4178 141 false 292} {7266 141 false 293} {2232 141 false 294} {1973 141 false 295} {1704 141 false 296} {9529 141 false 297} {7427 141 false 298} {4392 141 false 299} {8497 141 false 300} {8041 141 false 301} {5966 141 false 302} {8440 141 false 303} {2229 141 false 304} {815 141 false 305} {1570 141 false 306} {6889 141 false 307} {4416 141 false 308} {651 141 false 309} {8692 141 false 310} {5425 141 false 311} {4142 141 false 312} {1077 141 false 313} {7325 141 false 314} {2814 141 false 315} {202 141 false 316} {7450 141 false 317} {8805 141 false 318} {3424 141 false 319} {3006 141 false 320} {4641 141 false 321} {2604 141 false 322} {3988 141 false 323} {8515 141 false 324} {4262 141 false 325} {6619 141 false 326} {8498 141 false 327} {9672 141 false 328} {8418 141 false 329} {5033 141 false 330} {5311 141 false 331} {9242 141 false 332} {7380 141 false 333} {5261 141 false 334} {9100 141 false 335} {4374 141 false 336} {2866 141 false 337} {290 141 false 338} {2261 141 false 339} {120 141 false 340} {7072 141 false 341} {7931 141 false 342} {2635 141 false 343} {1951 141 false 344} {8594 141 false 345} {4127 141 false 346} {2386 141 false 347} {2174 141 false 348} {3837 141 false 349} {8358 141 false 350} {7353 141 false 351} {2094 141 false 352} {569 141 false 353} {8759 141 false 354} {1223 141 false 355} {3599 141 false 356} {123 141 false 357} {3680 141 false 358} {6063 141 false 359} {8870 141 false 360} {8775 141 false 361} {2959 141 false 362} {8613 141 false 363} {3399 141 false 364} {1931 141 false 365} {3362 141 false 366} {9117 141 false 367} {2364 141 false 368} {7785 141 false 369} {5066 141 false 370} {6181 141 false 371} {6803 141 false 372} {6922 141 false 373} {4098 141 false 374} {869 141 false 375} {4009 141 false 376} {1013 141 false 377} {4881 141 false 378} {3898 141 false 379} {1276 141 false 380} {3816 141 false 381} {9317 141 false 382} {8377 141 false 383} {9596 141 false 384} {3339 141 false 385} {1374 141 false 386} {4753 141 false 387} {5037 141 false 388} {8833 141 false 389}] 
2025/11/03 17:32:39 [17:32:39.186] [Node:4] [HEARTBEAT] [Trace:HB_4_163] Follower等心跳 status FOLLOWER term:163 commitIndex:24
2025/11/03 17:32:39 [17:32:39.286] [Node:4] [HEARTBEAT] [Trace:HB_4_163] Follower等心跳 status FOLLOWER term:163 commitIndex:24
2025/11/03 17:32:39 [17:32:39.314] [Node:4] [RPC_RECV] [Trace:CLIENT_4_1762162359314398000] 接收到日志命令:8833 isLeader:false term:163
2025/11/03 17:32:39 [17:32:39.314] [Node:4] [HEARTBEAT] [Trace:LOG_0_163][0->4] AppendEntries 收到 term:163 leaderId:0 prevLogIndex:389 prevLogTerm:141 entries:0 leaderCommit:24 isHeartbeat:true currentTerm:163 status:FOLLOWER
2025/11/03 17:32:39 [17:32:39.314] [Node:4] [HEARTBEAT] [Trace:LOG_0_163][0->4] 打印日志结果:[{<nil> 0 false 0} {9885 2 false 1} {7369 4 false 2} {377 9 false 3} {5698 9 false 4} {3675 9 false 5} {7576 9 false 6} {6501 9 false 7} {8962 9 false 8} {9292 11 false 9} {5826 14 false 10} {1116 14 false 11} {8927 16 false 12} {615 16 false 13} {3625 16 false 14} {1425 16 false 15} {9709 16 false 16} {3423 16 false 17} {3134 16 false 18} {3657 16 false 19} {8171 16 false 20} {9440 16 false 21} {6470 16 false 22} {1363 16 false 23} {716 16 false 24} {2684 16 false 25} {5836 19 false 26} {5544 19 false 27} {713 19 false 28} {6403 19 false 29} {881 19 false 30} {3832 19 false 31} {4831 19 false 32} {989 19 false 33} {3559 19 false 34} {4757 19 false 35} {5501 19 false 36} {705 19 false 37} {528 19 false 38} {4304 19 false 39} {4358 19 false 40} {8941 19 false 41} {1994 19 false 42} {411 19 false 43} {7043 95 false 44} {2699 95 false 45} {8150 95 false 46} {8874 95 false 47} {7096 95 false 48} {4872 95 false 49} {3988 95 false 50} {2554 95 false 51} {554 95 false 52} {2953 95 false 53} {9230 95 false 54} {8688 95 false 55} {9094 95 false 56} {3997 95 false 57} {2894 95 false 58} {5667 95 false 59} {3509 95 false 60} {4539 95 false 61} {1900 95 false 62} {395 95 false 63} {4338 95 false 64} {9052 95 false 65} {6681 95 false 66} {5152 95 false 67} {2250 95 false 68} {7353 95 false 69} {7300 95 false 70} {9476 95 false 71} {5907 95 false 72} {8352 95 false 73} {3326 95 false 74} {2806 95 false 75} {5167 95 false 76} {3514 95 false 77} {7493 95 false 78} {3260 95 false 79} {2440 95 false 80} {2920 95 false 81} {8285 95 false 82} {4140 95 false 83} {8602 95 false 84} {5537 95 false 85} {4663 95 false 86} {8098 95 false 87} {743 95 false 88} {9006 95 false 89} {6480 95 false 90} {4305 95 false 91} {7754 95 false 92} {612 95 false 93} {7820 95 false 94} {4607 95 false 95} {7256 95 false 96} {4888 95 false 97} {1311 95 false 98} {8099 95 false 99} {1197 95 false 100} {2238 95 false 101} {2354 95 false 102} {3362 95 false 103} {919 95 false 104} {8424 95 false 105} {6099 95 false 106} {1374 95 false 107} {2506 95 false 108} {7804 95 false 109} {5971 95 false 110} {3293 95 false 111} {6828 95 false 112} {5896 95 false 113} {2846 95 false 114} {1290 95 false 115} {7082 95 false 116} {4917 95 false 117} {3250 95 false 118} {248 95 false 119} {1140 95 false 120} {1245 95 false 121} {6024 95 false 122} {4473 95 false 123} {2136 95 false 124} {4154 95 false 125} {2583 95 false 126} {708 95 false 127} {4481 95 false 128} {6476 95 false 129} {5036 95 false 130} {4065 95 false 131} {6200 95 false 132} {1397 95 false 133} {4279 95 false 134} {6833 95 false 135} {4346 95 false 136} {3317 95 false 137} {4185 95 false 138} {4000 95 false 139} {2185 95 false 140} {8037 95 false 141} {1968 95 false 142} {6414 95 false 143} {6351 95 false 144} {1290 95 false 145} {255 95 false 146} {5814 95 false 147} {9138 95 false 148} {1249 95 false 149} {8088 95 false 150} {61 95 false 151} {6456 95 false 152} {9658 95 false 153} {2752 95 false 154} {4915 95 false 155} {2443 95 false 156} {4194 95 false 157} {928 95 false 158} {5614 95 false 159} {8999 95 false 160} {1953 95 false 161} {2650 95 false 162} {3468 95 false 163} {1123 95 false 164} {3774 95 false 165} {6358 95 false 166} {5925 95 false 167} {338 95 false 168} {99 95 false 169} {4512 95 false 170} {7477 95 false 171} {169 95 false 172} {6395 95 false 173} {7193 95 false 174} {2353 95 false 175} {3277 95 false 176} {6306 95 false 177} {5511 95 false 178} {2355 95 false 179} {8128 95 false 180} {6058 95 false 181} {7487 95 false 182} {9104 95 false 183} {9659 95 false 184} {3870 95 false 185} {7666 95 false 186} {8351 95 false 187} {9904 95 false 188} {3086 95 false 189} {4239 95 false 190} {9285 95 false 191} {8547 95 false 192} {5397 95 false 193} {6203 95 false 194} {2701 95 false 195} {281 95 false 196} {5684 95 false 197} {6931 95 false 198} {1998 95 false 199} {3892 95 false 200} {8994 95 false 201} {8648 95 false 202} {4605 95 false 203} {4080 95 false 204} {3229 95 false 205} {1192 95 false 206} {7753 95 false 207} {2164 95 false 208} {3086 95 false 209} {5245 95 false 210} {7102 95 false 211} {8818 95 false 212} {5017 95 false 213} {7628 95 false 214} {6028 95 false 215} {590 95 false 216} {6004 95 false 217} {2477 95 false 218} {6033 95 false 219} {4971 95 false 220} {7653 95 false 221} {4210 95 false 222} {654 95 false 223} {1347 95 false 224} {548 95 false 225} {2425 95 false 226} {7551 95 false 227} {147 95 false 228} {3398 95 false 229} {9137 95 false 230} {5214 95 false 231} {1870 95 false 232} {2007 95 false 233} {4259 95 false 234} {5871 95 false 235} {1999 95 false 236} {2250 95 false 237} {2233 95 false 238} {9889 95 false 239} {3674 95 false 240} {3867 95 false 241} {9585 95 false 242} {7532 95 false 243} {3418 95 false 244} {1920 95 false 245} {5828 95 false 246} {3723 95 false 247} {197 95 false 248} {3771 95 false 249} {9308 95 false 250} {8474 95 false 251} {6670 95 false 252} {8023 95 false 253} {9827 95 false 254} {745 95 false 255} {9541 95 false 256} {4130 95 false 257} {3683 95 false 258} {244 95 false 259} {1055 95 false 260} {7937 95 false 261} {9098 95 false 262} {8583 141 false 263} {4509 141 false 264} {5945 141 false 265} {7900 141 false 266} {8891 141 false 267} {8803 141 false 268} {2042 141 false 269} {8293 141 false 270} {4473 141 false 271} {6604 141 false 272} {5376 141 false 273} {6396 141 false 274} {8674 141 false 275} {5663 141 false 276} {1465 141 false 277} {4305 141 false 278} {29 141 false 279} {5595 141 false 280} {5764 141 false 281} {473 141 false 282} {6305 141 false 283} {273 141 false 284} {3146 141 false 285} {9506 141 false 286} {4632 141 false 287} {6027 141 false 288} {6952 141 false 289} {8257 141 false 290} {9649 141 false 291} {4178 141 false 292} {7266 141 false 293} {2232 141 false 294} {1973 141 false 295} {1704 141 false 296} {9529 141 false 297} {7427 141 false 298} {4392 141 false 299} {8497 141 false 300} {8041 141 false 301} {5966 141 false 302} {8440 141 false 303} {2229 141 false 304} {815 141 false 305} {1570 141 false 306} {6889 141 false 307} {4416 141 false 308} {651 141 false 309} {8692 141 false 310} {5425 141 false 311} {4142 141 false 312} {1077 141 false 313} {7325 141 false 314} {2814 141 false 315} {202 141 false 316} {7450 141 false 317} {8805 141 false 318} {3424 141 false 319} {3006 141 false 320} {4641 141 false 321} {2604 141 false 322} {3988 141 false 323} {8515 141 false 324} {4262 141 false 325} {6619 141 false 326} {8498 141 false 327} {9672 141 false 328} {8418 141 false 329} {5033 141 false 330} {5311 141 false 331} {9242 141 false 332} {7380 141 false 333} {5261 141 false 334} {9100 141 false 335} {4374 141 false 336} {2866 141 false 337} {290 141 false 338} {2261 141 false 339} {120 141 false 340} {7072 141 false 341} {7931 141 false 342} {2635 141 false 343} {1951 141 false 344} {8594 141 false 345} {4127 141 false 346} {2386 141 false 347} {2174 141 false 348} {3837 141 false 349} {8358 141 false 350} {7353 141 false 351} {2094 141 false 352} {569 141 false 353} {8759 141 false 354} {1223 141 false 355} {3599 141 false 356} {123 141 false 357} {3680 141 false 358} {6063 141 false 359} {8870 141 false 360} {8775 141 false 361} {2959 141 false 362} {8613 141 false 363} {3399 141 false 364} {1931 141 false 365} {3362 141 false 366} {9117 141 false 367} {2364 141 false 368} {7785 141 false 369} {5066 141 false 370} {6181 141 false 371} {6803 141 false 372} {6922 141 false 373} {4098 141 false 374} {869 141 false 375} {4009 141 false 376} {1013 141 false 377} {4881 141 false 378} {3898 141 false 379} {1276 141 false 380} {3816 141 false 381} {9317 141 false 382} {8377 141 false 383} {9596 141 false 384} {3339 141 false 385} {1374 141 false 386} {4753 141 false 387} {5037 141 false 388} {8833 141 false 389}] 
2025/11/03 17:32:39 [17:32:39.316] [Node:4] [HEARTBEAT] [Trace:LOG_0_163][0->4] 复制日志结果:[{<nil> 0 false 0} {9885 2 false 1} {7369 4 false 2} {377 9 false 3} {5698 9 false 4} {3675 9 false 5} {7576 9 false 6} {6501 9 false 7} {8962 9 false 8} {9292 11 false 9} {5826 14 false 10} {1116 14 false 11} {8927 16 false 12} {615 16 false 13} {3625 16 false 14} {1425 16 false 15} {9709 16 false 16} {3423 16 false 17} {3134 16 false 18} {3657 16 false 19} {8171 16 false 20} {9440 16 false 21} {6470 16 false 22} {1363 16 false 23} {716 16 false 24} {2684 16 false 25} {5836 19 false 26} {5544 19 false 27} {713 19 false 28} {6403 19 false 29} {881 19 false 30} {3832 19 false 31} {4831 19 false 32} {989 19 false 33} {3559 19 false 34} {4757 19 false 35} {5501 19 false 36} {705 19 false 37} {528 19 false 38} {4304 19 false 39} {4358 19 false 40} {8941 19 false 41} {1994 19 false 42} {411 19 false 43} {7043 95 false 44} {2699 95 false 45} {8150 95 false 46} {8874 95 false 47} {7096 95 false 48} {4872 95 false 49} {3988 95 false 50} {2554 95 false 51} {554 95 false 52} {2953 95 false 53} {9230 95 false 54} {8688 95 false 55} {9094 95 false 56} {3997 95 false 57} {2894 95 false 58} {5667 95 false 59} {3509 95 false 60} {4539 95 false 61} {1900 95 false 62} {395 95 false 63} {4338 95 false 64} {9052 95 false 65} {6681 95 false 66} {5152 95 false 67} {2250 95 false 68} {7353 95 false 69} {7300 95 false 70} {9476 95 false 71} {5907 95 false 72} {8352 95 false 73} {3326 95 false 74} {2806 95 false 75} {5167 95 false 76} {3514 95 false 77} {7493 95 false 78} {3260 95 false 79} {2440 95 false 80} {2920 95 false 81} {8285 95 false 82} {4140 95 false 83} {8602 95 false 84} {5537 95 false 85} {4663 95 false 86} {8098 95 false 87} {743 95 false 88} {9006 95 false 89} {6480 95 false 90} {4305 95 false 91} {7754 95 false 92} {612 95 false 93} {7820 95 false 94} {4607 95 false 95} {7256 95 false 96} {4888 95 false 97} {1311 95 false 98} {8099 95 false 99} {1197 95 false 100} {2238 95 false 101} {2354 95 false 102} {3362 95 false 103} {919 95 false 104} {8424 95 false 105} {6099 95 false 106} {1374 95 false 107} {2506 95 false 108} {7804 95 false 109} {5971 95 false 110} {3293 95 false 111} {6828 95 false 112} {5896 95 false 113} {2846 95 false 114} {1290 95 false 115} {7082 95 false 116} {4917 95 false 117} {3250 95 false 118} {248 95 false 119} {1140 95 false 120} {1245 95 false 121} {6024 95 false 122} {4473 95 false 123} {2136 95 false 124} {4154 95 false 125} {2583 95 false 126} {708 95 false 127} {4481 95 false 128} {6476 95 false 129} {5036 95 false 130} {4065 95 false 131} {6200 95 false 132} {1397 95 false 133} {4279 95 false 134} {6833 95 false 135} {4346 95 false 136} {3317 95 false 137} {4185 95 false 138} {4000 95 false 139} {2185 95 false 140} {8037 95 false 141} {1968 95 false 142} {6414 95 false 143} {6351 95 false 144} {1290 95 false 145} {255 95 false 146} {5814 95 false 147} {9138 95 false 148} {1249 95 false 149} {8088 95 false 150} {61 95 false 151} {6456 95 false 152} {9658 95 false 153} {2752 95 false 154} {4915 95 false 155} {2443 95 false 156} {4194 95 false 157} {928 95 false 158} {5614 95 false 159} {8999 95 false 160} {1953 95 false 161} {2650 95 false 162} {3468 95 false 163} {1123 95 false 164} {3774 95 false 165} {6358 95 false 166} {5925 95 false 167} {338 95 false 168} {99 95 false 169} {4512 95 false 170} {7477 95 false 171} {169 95 false 172} {6395 95 false 173} {7193 95 false 174} {2353 95 false 175} {3277 95 false 176} {6306 95 false 177} {5511 95 false 178} {2355 95 false 179} {8128 95 false 180} {6058 95 false 181} {7487 95 false 182} {9104 95 false 183} {9659 95 false 184} {3870 95 false 185} {7666 95 false 186} {8351 95 false 187} {9904 95 false 188} {3086 95 false 189} {4239 95 false 190} {9285 95 false 191} {8547 95 false 192} {5397 95 false 193} {6203 95 false 194} {2701 95 false 195} {281 95 false 196} {5684 95 false 197} {6931 95 false 198} {1998 95 false 199} {3892 95 false 200} {8994 95 false 201} {8648 95 false 202} {4605 95 false 203} {4080 95 false 204} {3229 95 false 205} {1192 95 false 206} {7753 95 false 207} {2164 95 false 208} {3086 95 false 209} {5245 95 false 210} {7102 95 false 211} {8818 95 false 212} {5017 95 false 213} {7628 95 false 214} {6028 95 false 215} {590 95 false 216} {6004 95 false 217} {2477 95 false 218} {6033 95 false 219} {4971 95 false 220} {7653 95 false 221} {4210 95 false 222} {654 95 false 223} {1347 95 false 224} {548 95 false 225} {2425 95 false 226} {7551 95 false 227} {147 95 false 228} {3398 95 false 229} {9137 95 false 230} {5214 95 false 231} {1870 95 false 232} {2007 95 false 233} {4259 95 false 234} {5871 95 false 235} {1999 95 false 236} {2250 95 false 237} {2233 95 false 238} {9889 95 false 239} {3674 95 false 240} {3867 95 false 241} {9585 95 false 242} {7532 95 false 243} {3418 95 false 244} {1920 95 false 245} {5828 95 false 246} {3723 95 false 247} {197 95 false 248} {3771 95 false 249} {9308 95 false 250} {8474 95 false 251} {6670 95 false 252} {8023 95 false 253} {9827 95 false 254} {745 95 false 255} {9541 95 false 256} {4130 95 false 257} {3683 95 false 258} {244 95 false 259} {1055 95 false 260} {7937 95 false 261} {9098 95 false 262} {8583 141 false 263} {4509 141 false 264} {5945 141 false 265} {7900 141 false 266} {8891 141 false 267} {8803 141 false 268} {2042 141 false 269} {8293 141 false 270} {4473 141 false 271} {6604 141 false 272} {5376 141 false 273} {6396 141 false 274} {8674 141 false 275} {5663 141 false 276} {1465 141 false 277} {4305 141 false 278} {29 141 false 279} {5595 141 false 280} {5764 141 false 281} {473 141 false 282} {6305 141 false 283} {273 141 false 284} {3146 141 false 285} {9506 141 false 286} {4632 141 false 287} {6027 141 false 288} {6952 141 false 289} {8257 141 false 290} {9649 141 false 291} {4178 141 false 292} {7266 141 false 293} {2232 141 false 294} {1973 141 false 295} {1704 141 false 296} {9529 141 false 297} {7427 141 false 298} {4392 141 false 299} {8497 141 false 300} {8041 141 false 301} {5966 141 false 302} {8440 141 false 303} {2229 141 false 304} {815 141 false 305} {1570 141 false 306} {6889 141 false 307} {4416 141 false 308} {651 141 false 309} {8692 141 false 310} {5425 141 false 311} {4142 141 false 312} {1077 141 false 313} {7325 141 false 314} {2814 141 false 315} {202 141 false 316} {7450 141 false 317} {8805 141 false 318} {3424 141 false 319} {3006 141 false 320} {4641 141 false 321} {2604 141 false 322} {3988 141 false 323} {8515 141 false 324} {4262 141 false 325} {6619 141 false 326} {8498 141 false 327} {9672 141 false 328} {8418 141 false 329} {5033 141 false 330} {5311 141 false 331} {9242 141 false 332} {7380 141 false 333} {5261 141 false 334} {9100 141 false 335} {4374 141 false 336} {2866 141 false 337} {290 141 false 338} {2261 141 false 339} {120 141 false 340} {7072 141 false 341} {7931 141 false 342} {2635 141 false 343} {1951 141 false 344} {8594 141 false 345} {4127 141 false 346} {2386 141 false 347} {2174 141 false 348} {3837 141 false 349} {8358 141 false 350} {7353 141 false 351} {2094 141 false 352} {569 141 false 353} {8759 141 false 354} {1223 141 false 355} {3599 141 false 356} {123 141 false 357} {3680 141 false 358} {6063 141 false 359} {8870 141 false 360} {8775 141 false 361} {2959 141 false 362} {8613 141 false 363} {3399 141 false 364} {1931 141 false 365} {3362 141 false 366} {9117 141 false 367} {2364 141 false 368} {7785 141 false 369} {5066 141 false 370} {6181 141 false 371} {6803 141 false 372} {6922 141 false 373} {4098 141 false 374} {869 141 false 375} {4009 141 false 376} {1013 141 false 377} {4881 141 false 378} {3898 141 false 379} {1276 141 false 380} {3816 141 false 381} {9317 141 false 382} {8377 141 false 383} {9596 141 false 384} {3339 141 false 385} {1374 141 false 386} {4753 141 false 387} {5037 141 false 388} {8833 141 false 389}] 
2025/11/03 17:32:39 [17:32:39.387] [Node:4] [HEARTBEAT] [Trace:HB_4_163] Follower等心跳 status FOLLOWER term:163 commitIndex:24
2025/11/03 17:32:39 [17:32:39.403] [Node:4] [LOG_REPLICA] [Trace:LOG_0_163][0->4] AppendEntries 收到 term:163 leaderId:0 prevLogIndex:389 prevLogTerm:141 entries:1 leaderCommit:24 isHeartbeat:false currentTerm:163 status:FOLLOWER
2025/11/03 17:32:39 [17:32:39.403] [Node:4] [LOG_REPLICA] [Trace:LOG_0_163][0->4] 打印日志结果:[{<nil> 0 false 0} {9885 2 false 1} {7369 4 false 2} {377 9 false 3} {5698 9 false 4} {3675 9 false 5} {7576 9 false 6} {6501 9 false 7} {8962 9 false 8} {9292 11 false 9} {5826 14 false 10} {1116 14 false 11} {8927 16 false 12} {615 16 false 13} {3625 16 false 14} {1425 16 false 15} {9709 16 false 16} {3423 16 false 17} {3134 16 false 18} {3657 16 false 19} {8171 16 false 20} {9440 16 false 21} {6470 16 false 22} {1363 16 false 23} {716 16 false 24} {2684 16 false 25} {5836 19 false 26} {5544 19 false 27} {713 19 false 28} {6403 19 false 29} {881 19 false 30} {3832 19 false 31} {4831 19 false 32} {989 19 false 33} {3559 19 false 34} {4757 19 false 35} {5501 19 false 36} {705 19 false 37} {528 19 false 38} {4304 19 false 39} {4358 19 false 40} {8941 19 false 41} {1994 19 false 42} {411 19 false 43} {7043 95 false 44} {2699 95 false 45} {8150 95 false 46} {8874 95 false 47} {7096 95 false 48} {4872 95 false 49} {3988 95 false 50} {2554 95 false 51} {554 95 false 52} {2953 95 false 53} {9230 95 false 54} {8688 95 false 55} {9094 95 false 56} {3997 95 false 57} {2894 95 false 58} {5667 95 false 59} {3509 95 false 60} {4539 95 false 61} {1900 95 false 62} {395 95 false 63} {4338 95 false 64} {9052 95 false 65} {6681 95 false 66} {5152 95 false 67} {2250 95 false 68} {7353 95 false 69} {7300 95 false 70} {9476 95 false 71} {5907 95 false 72} {8352 95 false 73} {3326 95 false 74} {2806 95 false 75} {5167 95 false 76} {3514 95 false 77} {7493 95 false 78} {3260 95 false 79} {2440 95 false 80} {2920 95 false 81} {8285 95 false 82} {4140 95 false 83} {8602 95 false 84} {5537 95 false 85} {4663 95 false 86} {8098 95 false 87} {743 95 false 88} {9006 95 false 89} {6480 95 false 90} {4305 95 false 91} {7754 95 false 92} {612 95 false 93} {7820 95 false 94} {4607 95 false 95} {7256 95 false 96} {4888 95 false 97} {1311 95 false 98} {8099 95 false 99} {1197 95 false 100} {2238 95 false 101} {2354 95 false 102} {3362 95 false 103} {919 95 false 104} {8424 95 false 105} {6099 95 false 106} {1374 95 false 107} {2506 95 false 108} {7804 95 false 109} {5971 95 false 110} {3293 95 false 111} {6828 95 false 112} {5896 95 false 113} {2846 95 false 114} {1290 95 false 115} {7082 95 false 116} {4917 95 false 117} {3250 95 false 118} {248 95 false 119} {1140 95 false 120} {1245 95 false 121} {6024 95 false 122} {4473 95 false 123} {2136 95 false 124} {4154 95 false 125} {2583 95 false 126} {708 95 false 127} {4481 95 false 128} {6476 95 false 129} {5036 95 false 130} {4065 95 false 131} {6200 95 false 132} {1397 95 false 133} {4279 95 false 134} {6833 95 false 135} {4346 95 false 136} {3317 95 false 137} {4185 95 false 138} {4000 95 false 139} {2185 95 false 140} {8037 95 false 141} {1968 95 false 142} {6414 95 false 143} {6351 95 false 144} {1290 95 false 145} {255 95 false 146} {5814 95 false 147} {9138 95 false 148} {1249 95 false 149} {8088 95 false 150} {61 95 false 151} {6456 95 false 152} {9658 95 false 153} {2752 95 false 154} {4915 95 false 155} {2443 95 false 156} {4194 95 false 157} {928 95 false 158} {5614 95 false 159} {8999 95 false 160} {1953 95 false 161} {2650 95 false 162} {3468 95 false 163} {1123 95 false 164} {3774 95 false 165} {6358 95 false 166} {5925 95 false 167} {338 95 false 168} {99 95 false 169} {4512 95 false 170} {7477 95 false 171} {169 95 false 172} {6395 95 false 173} {7193 95 false 174} {2353 95 false 175} {3277 95 false 176} {6306 95 false 177} {5511 95 false 178} {2355 95 false 179} {8128 95 false 180} {6058 95 false 181} {7487 95 false 182} {9104 95 false 183} {9659 95 false 184} {3870 95 false 185} {7666 95 false 186} {8351 95 false 187} {9904 95 false 188} {3086 95 false 189} {4239 95 false 190} {9285 95 false 191} {8547 95 false 192} {5397 95 false 193} {6203 95 false 194} {2701 95 false 195} {281 95 false 196} {5684 95 false 197} {6931 95 false 198} {1998 95 false 199} {3892 95 false 200} {8994 95 false 201} {8648 95 false 202} {4605 95 false 203} {4080 95 false 204} {3229 95 false 205} {1192 95 false 206} {7753 95 false 207} {2164 95 false 208} {3086 95 false 209} {5245 95 false 210} {7102 95 false 211} {8818 95 false 212} {5017 95 false 213} {7628 95 false 214} {6028 95 false 215} {590 95 false 216} {6004 95 false 217} {2477 95 false 218} {6033 95 false 219} {4971 95 false 220} {7653 95 false 221} {4210 95 false 222} {654 95 false 223} {1347 95 false 224} {548 95 false 225} {2425 95 false 226} {7551 95 false 227} {147 95 false 228} {3398 95 false 229} {9137 95 false 230} {5214 95 false 231} {1870 95 false 232} {2007 95 false 233} {4259 95 false 234} {5871 95 false 235} {1999 95 false 236} {2250 95 false 237} {2233 95 false 238} {9889 95 false 239} {3674 95 false 240} {3867 95 false 241} {9585 95 false 242} {7532 95 false 243} {3418 95 false 244} {1920 95 false 245} {5828 95 false 246} {3723 95 false 247} {197 95 false 248} {3771 95 false 249} {9308 95 false 250} {8474 95 false 251} {6670 95 false 252} {8023 95 false 253} {9827 95 false 254} {745 95 false 255} {9541 95 false 256} {4130 95 false 257} {3683 95 false 258} {244 95 false 259} {1055 95 false 260} {7937 95 false 261} {9098 95 false 262} {8583 141 false 263} {4509 141 false 264} {5945 141 false 265} {7900 141 false 266} {8891 141 false 267} {8803 141 false 268} {2042 141 false 269} {8293 141 false 270} {4473 141 false 271} {6604 141 false 272} {5376 141 false 273} {6396 141 false 274} {8674 141 false 275} {5663 141 false 276} {1465 141 false 277} {4305 141 false 278} {29 141 false 279} {5595 141 false 280} {5764 141 false 281} {473 141 false 282} {6305 141 false 283} {273 141 false 284} {3146 141 false 285} {9506 141 false 286} {4632 141 false 287} {6027 141 false 288} {6952 141 false 289} {8257 141 false 290} {9649 141 false 291} {4178 141 false 292} {7266 141 false 293} {2232 141 false 294} {1973 141 false 295} {1704 141 false 296} {9529 141 false 297} {7427 141 false 298} {4392 141 false 299} {8497 141 false 300} {8041 141 false 301} {5966 141 false 302} {8440 141 false 303} {2229 141 false 304} {815 141 false 305} {1570 141 false 306} {6889 141 false 307} {4416 141 false 308} {651 141 false 309} {8692 141 false 310} {5425 141 false 311} {4142 141 false 312} {1077 141 false 313} {7325 141 false 314} {2814 141 false 315} {202 141 false 316} {7450 141 false 317} {8805 141 false 318} {3424 141 false 319} {3006 141 false 320} {4641 141 false 321} {2604 141 false 322} {3988 141 false 323} {8515 141 false 324} {4262 141 false 325} {6619 141 false 326} {8498 141 false 327} {9672 141 false 328} {8418 141 false 329} {5033 141 false 330} {5311 141 false 331} {9242 141 false 332} {7380 141 false 333} {5261 141 false 334} {9100 141 false 335} {4374 141 false 336} {2866 141 false 337} {290 141 false 338} {2261 141 false 339} {120 141 false 340} {7072 141 false 341} {7931 141 false 342} {2635 141 false 343} {1951 141 false 344} {8594 141 false 345} {4127 141 false 346} {2386 141 false 347} {2174 141 false 348} {3837 141 false 349} {8358 141 false 350} {7353 141 false 351} {2094 141 false 352} {569 141 false 353} {8759 141 false 354} {1223 141 false 355} {3599 141 false 356} {123 141 false 357} {3680 141 false 358} {6063 141 false 359} {8870 141 false 360} {8775 141 false 361} {2959 141 false 362} {8613 141 false 363} {3399 141 false 364} {1931 141 false 365} {3362 141 false 366} {9117 141 false 367} {2364 141 false 368} {7785 141 false 369} {5066 141 false 370} {6181 141 false 371} {6803 141 false 372} {6922 141 false 373} {4098 141 false 374} {869 141 false 375} {4009 141 false 376} {1013 141 false 377} {4881 141 false 378} {3898 141 false 379} {1276 141 false 380} {3816 141 false 381} {9317 141 false 382} {8377 141 false 383} {9596 141 false 384} {3339 141 false 385} {1374 141 false 386} {4753 141 false 387} {5037 141 false 388} {8833 141 false 389}] 
2025/11/03 17:32:39 [17:32:39.407] [Node:4] [LOG_REPLICA] [Trace:LOG_0_163][0->4] 复制日志结果:[{<nil> 0 false 0} {9885 2 false 1} {7369 4 false 2} {377 9 false 3} {5698 9 false 4} {3675 9 false 5} {7576 9 false 6} {6501 9 false 7} {8962 9 false 8} {9292 11 false 9} {5826 14 false 10} {1116 14 false 11} {8927 16 false 12} {615 16 false 13} {3625 16 false 14} {1425 16 false 15} {9709 16 false 16} {3423 16 false 17} {3134 16 false 18} {3657 16 false 19} {8171 16 false 20} {9440 16 false 21} {6470 16 false 22} {1363 16 false 23} {716 16 false 24} {2684 16 false 25} {5836 19 false 26} {5544 19 false 27} {713 19 false 28} {6403 19 false 29} {881 19 false 30} {3832 19 false 31} {4831 19 false 32} {989 19 false 33} {3559 19 false 34} {4757 19 false 35} {5501 19 false 36} {705 19 false 37} {528 19 false 38} {4304 19 false 39} {4358 19 false 40} {8941 19 false 41} {1994 19 false 42} {411 19 false 43} {7043 95 false 44} {2699 95 false 45} {8150 95 false 46} {8874 95 false 47} {7096 95 false 48} {4872 95 false 49} {3988 95 false 50} {2554 95 false 51} {554 95 false 52} {2953 95 false 53} {9230 95 false 54} {8688 95 false 55} {9094 95 false 56} {3997 95 false 57} {2894 95 false 58} {5667 95 false 59} {3509 95 false 60} {4539 95 false 61} {1900 95 false 62} {395 95 false 63} {4338 95 false 64} {9052 95 false 65} {6681 95 false 66} {5152 95 false 67} {2250 95 false 68} {7353 95 false 69} {7300 95 false 70} {9476 95 false 71} {5907 95 false 72} {8352 95 false 73} {3326 95 false 74} {2806 95 false 75} {5167 95 false 76} {3514 95 false 77} {7493 95 false 78} {3260 95 false 79} {2440 95 false 80} {2920 95 false 81} {8285 95 false 82} {4140 95 false 83} {8602 95 false 84} {5537 95 false 85} {4663 95 false 86} {8098 95 false 87} {743 95 false 88} {9006 95 false 89} {6480 95 false 90} {4305 95 false 91} {7754 95 false 92} {612 95 false 93} {7820 95 false 94} {4607 95 false 95} {7256 95 false 96} {4888 95 false 97} {1311 95 false 98} {8099 95 false 99} {1197 95 false 100} {2238 95 false 101} {2354 95 false 102} {3362 95 false 103} {919 95 false 104} {8424 95 false 105} {6099 95 false 106} {1374 95 false 107} {2506 95 false 108} {7804 95 false 109} {5971 95 false 110} {3293 95 false 111} {6828 95 false 112} {5896 95 false 113} {2846 95 false 114} {1290 95 false 115} {7082 95 false 116} {4917 95 false 117} {3250 95 false 118} {248 95 false 119} {1140 95 false 120} {1245 95 false 121} {6024 95 false 122} {4473 95 false 123} {2136 95 false 124} {4154 95 false 125} {2583 95 false 126} {708 95 false 127} {4481 95 false 128} {6476 95 false 129} {5036 95 false 130} {4065 95 false 131} {6200 95 false 132} {1397 95 false 133} {4279 95 false 134} {6833 95 false 135} {4346 95 false 136} {3317 95 false 137} {4185 95 false 138} {4000 95 false 139} {2185 95 false 140} {8037 95 false 141} {1968 95 false 142} {6414 95 false 143} {6351 95 false 144} {1290 95 false 145} {255 95 false 146} {5814 95 false 147} {9138 95 false 148} {1249 95 false 149} {8088 95 false 150} {61 95 false 151} {6456 95 false 152} {9658 95 false 153} {2752 95 false 154} {4915 95 false 155} {2443 95 false 156} {4194 95 false 157} {928 95 false 158} {5614 95 false 159} {8999 95 false 160} {1953 95 false 161} {2650 95 false 162} {3468 95 false 163} {1123 95 false 164} {3774 95 false 165} {6358 95 false 166} {5925 95 false 167} {338 95 false 168} {99 95 false 169} {4512 95 false 170} {7477 95 false 171} {169 95 false 172} {6395 95 false 173} {7193 95 false 174} {2353 95 false 175} {3277 95 false 176} {6306 95 false 177} {5511 95 false 178} {2355 95 false 179} {8128 95 false 180} {6058 95 false 181} {7487 95 false 182} {9104 95 false 183} {9659 95 false 184} {3870 95 false 185} {7666 95 false 186} {8351 95 false 187} {9904 95 false 188} {3086 95 false 189} {4239 95 false 190} {9285 95 false 191} {8547 95 false 192} {5397 95 false 193} {6203 95 false 194} {2701 95 false 195} {281 95 false 196} {5684 95 false 197} {6931 95 false 198} {1998 95 false 199} {3892 95 false 200} {8994 95 false 201} {8648 95 false 202} {4605 95 false 203} {4080 95 false 204} {3229 95 false 205} {1192 95 false 206} {7753 95 false 207} {2164 95 false 208} {3086 95 false 209} {5245 95 false 210} {7102 95 false 211} {8818 95 false 212} {5017 95 false 213} {7628 95 false 214} {6028 95 false 215} {590 95 false 216} {6004 95 false 217} {2477 95 false 218} {6033 95 false 219} {4971 95 false 220} {7653 95 false 221} {4210 95 false 222} {654 95 false 223} {1347 95 false 224} {548 95 false 225} {2425 95 false 226} {7551 95 false 227} {147 95 false 228} {3398 95 false 229} {9137 95 false 230} {5214 95 false 231} {1870 95 false 232} {2007 95 false 233} {4259 95 false 234} {5871 95 false 235} {1999 95 false 236} {2250 95 false 237} {2233 95 false 238} {9889 95 false 239} {3674 95 false 240} {3867 95 false 241} {9585 95 false 242} {7532 95 false 243} {3418 95 false 244} {1920 95 false 245} {5828 95 false 246} {3723 95 false 247} {197 95 false 248} {3771 95 false 249} {9308 95 false 250} {8474 95 false 251} {6670 95 false 252} {8023 95 false 253} {9827 95 false 254} {745 95 false 255} {9541 95 false 256} {4130 95 false 257} {3683 95 false 258} {244 95 false 259} {1055 95 false 260} {7937 95 false 261} {9098 95 false 262} {8583 141 false 263} {4509 141 false 264} {5945 141 false 265} {7900 141 false 266} {8891 141 false 267} {8803 141 false 268} {2042 141 false 269} {8293 141 false 270} {4473 141 false 271} {6604 141 false 272} {5376 141 false 273} {6396 141 false 274} {8674 141 false 275} {5663 141 false 276} {1465 141 false 277} {4305 141 false 278} {29 141 false 279} {5595 141 false 280} {5764 141 false 281} {473 141 false 282} {6305 141 false 283} {273 141 false 284} {3146 141 false 285} {9506 141 false 286} {4632 141 false 287} {6027 141 false 288} {6952 141 false 289} {8257 141 false 290} {9649 141 false 291} {4178 141 false 292} {7266 141 false 293} {2232 141 false 294} {1973 141 false 295} {1704 141 false 296} {9529 141 false 297} {7427 141 false 298} {4392 141 false 299} {8497 141 false 300} {8041 141 false 301} {5966 141 false 302} {8440 141 false 303} {2229 141 false 304} {815 141 false 305} {1570 141 false 306} {6889 141 false 307} {4416 141 false 308} {651 141 false 309} {8692 141 false 310} {5425 141 false 311} {4142 141 false 312} {1077 141 false 313} {7325 141 false 314} {2814 141 false 315} {202 141 false 316} {7450 141 false 317} {8805 141 false 318} {3424 141 false 319} {3006 141 false 320} {4641 141 false 321} {2604 141 false 322} {3988 141 false 323} {8515 141 false 324} {4262 141 false 325} {6619 141 false 326} {8498 141 false 327} {9672 141 false 328} {8418 141 false 329} {5033 141 false 330} {5311 141 false 331} {9242 141 false 332} {7380 141 false 333} {5261 141 false 334} {9100 141 false 335} {4374 141 false 336} {2866 141 false 337} {290 141 false 338} {2261 141 false 339} {120 141 false 340} {7072 141 false 341} {7931 141 false 342} {2635 141 false 343} {1951 141 false 344} {8594 141 false 345} {4127 141 false 346} {2386 141 false 347} {2174 141 false 348} {3837 141 false 349} {8358 141 false 350} {7353 141 false 351} {2094 141 false 352} {569 141 false 353} {8759 141 false 354} {1223 141 false 355} {3599 141 false 356} {123 141 false 357} {3680 141 false 358} {6063 141 false 359} {8870 141 false 360} {8775 141 false 361} {2959 141 false 362} {8613 141 false 363} {3399 141 false 364} {1931 141 false 365} {3362 141 false 366} {9117 141 false 367} {2364 141 false 368} {7785 141 false 369} {5066 141 false 370} {6181 141 false 371} {6803 141 false 372} {6922 141 false 373} {4098 141 false 374} {869 141 false 375} {4009 141 false 376} {1013 141 false 377} {4881 141 false 378} {3898 141 false 379} {1276 141 false 380} {3816 141 false 381} {9317 141 false 382} {8377 141 false 383} {9596 141 false 384} {3339 141 false 385} {1374 141 false 386} {4753 141 false 387} {5037 141 false 388} {8833 141 false 389} {8833 163 false 390}] 
2025/11/03 17:32:39 [17:32:39.487] [Node:4] [HEARTBEAT] [Trace:HB_4_163] Follower等心跳 status FOLLOWER term:163 commitIndex:24
2025/11/03 17:32:39 [17:32:39.503] [Node:4] [LOG_REPLICA] [Trace:LOG_0_163][0->4] AppendEntries 收到 term:163 leaderId:0 prevLogIndex:389 prevLogTerm:141 entries:1 leaderCommit:24 isHeartbeat:false currentTerm:163 status:FOLLOWER
2025/11/03 17:32:39 [17:32:39.503] [Node:4] [LOG_REPLICA] [Trace:LOG_0_163][0->4] 打印日志结果:[{<nil> 0 false 0} {9885 2 false 1} {7369 4 false 2} {377 9 false 3} {5698 9 false 4} {3675 9 false 5} {7576 9 false 6} {6501 9 false 7} {8962 9 false 8} {9292 11 false 9} {5826 14 false 10} {1116 14 false 11} {8927 16 false 12} {615 16 false 13} {3625 16 false 14} {1425 16 false 15} {9709 16 false 16} {3423 16 false 17} {3134 16 false 18} {3657 16 false 19} {8171 16 false 20} {9440 16 false 21} {6470 16 false 22} {1363 16 false 23} {716 16 false 24} {2684 16 false 25} {5836 19 false 26} {5544 19 false 27} {713 19 false 28} {6403 19 false 29} {881 19 false 30} {3832 19 false 31} {4831 19 false 32} {989 19 false 33} {3559 19 false 34} {4757 19 false 35} {5501 19 false 36} {705 19 false 37} {528 19 false 38} {4304 19 false 39} {4358 19 false 40} {8941 19 false 41} {1994 19 false 42} {411 19 false 43} {7043 95 false 44} {2699 95 false 45} {8150 95 false 46} {8874 95 false 47} {7096 95 false 48} {4872 95 false 49} {3988 95 false 50} {2554 95 false 51} {554 95 false 52} {2953 95 false 53} {9230 95 false 54} {8688 95 false 55} {9094 95 false 56} {3997 95 false 57} {2894 95 false 58} {5667 95 false 59} {3509 95 false 60} {4539 95 false 61} {1900 95 false 62} {395 95 false 63} {4338 95 false 64} {9052 95 false 65} {6681 95 false 66} {5152 95 false 67} {2250 95 false 68} {7353 95 false 69} {7300 95 false 70} {9476 95 false 71} {5907 95 false 72} {8352 95 false 73} {3326 95 false 74} {2806 95 false 75} {5167 95 false 76} {3514 95 false 77} {7493 95 false 78} {3260 95 false 79} {2440 95 false 80} {2920 95 false 81} {8285 95 false 82} {4140 95 false 83} {8602 95 false 84} {5537 95 false 85} {4663 95 false 86} {8098 95 false 87} {743 95 false 88} {9006 95 false 89} {6480 95 false 90} {4305 95 false 91} {7754 95 false 92} {612 95 false 93} {7820 95 false 94} {4607 95 false 95} {7256 95 false 96} {4888 95 false 97} {1311 95 false 98} {8099 95 false 99} {1197 95 false 100} {2238 95 false 101} {2354 95 false 102} {3362 95 false 103} {919 95 false 104} {8424 95 false 105} {6099 95 false 106} {1374 95 false 107} {2506 95 false 108} {7804 95 false 109} {5971 95 false 110} {3293 95 false 111} {6828 95 false 112} {5896 95 false 113} {2846 95 false 114} {1290 95 false 115} {7082 95 false 116} {4917 95 false 117} {3250 95 false 118} {248 95 false 119} {1140 95 false 120} {1245 95 false 121} {6024 95 false 122} {4473 95 false 123} {2136 95 false 124} {4154 95 false 125} {2583 95 false 126} {708 95 false 127} {4481 95 false 128} {6476 95 false 129} {5036 95 false 130} {4065 95 false 131} {6200 95 false 132} {1397 95 false 133} {4279 95 false 134} {6833 95 false 135} {4346 95 false 136} {3317 95 false 137} {4185 95 false 138} {4000 95 false 139} {2185 95 false 140} {8037 95 false 141} {1968 95 false 142} {6414 95 false 143} {6351 95 false 144} {1290 95 false 145} {255 95 false 146} {5814 95 false 147} {9138 95 false 148} {1249 95 false 149} {8088 95 false 150} {61 95 false 151} {6456 95 false 152} {9658 95 false 153} {2752 95 false 154} {4915 95 false 155} {2443 95 false 156} {4194 95 false 157} {928 95 false 158} {5614 95 false 159} {8999 95 false 160} {1953 95 false 161} {2650 95 false 162} {3468 95 false 163} {1123 95 false 164} {3774 95 false 165} {6358 95 false 166} {5925 95 false 167} {338 95 false 168} {99 95 false 169} {4512 95 false 170} {7477 95 false 171} {169 95 false 172} {6395 95 false 173} {7193 95 false 174} {2353 95 false 175} {3277 95 false 176} {6306 95 false 177} {5511 95 false 178} {2355 95 false 179} {8128 95 false 180} {6058 95 false 181} {7487 95 false 182} {9104 95 false 183} {9659 95 false 184} {3870 95 false 185} {7666 95 false 186} {8351 95 false 187} {9904 95 false 188} {3086 95 false 189} {4239 95 false 190} {9285 95 false 191} {8547 95 false 192} {5397 95 false 193} {6203 95 false 194} {2701 95 false 195} {281 95 false 196} {5684 95 false 197} {6931 95 false 198} {1998 95 false 199} {3892 95 false 200} {8994 95 false 201} {8648 95 false 202} {4605 95 false 203} {4080 95 false 204} {3229 95 false 205} {1192 95 false 206} {7753 95 false 207} {2164 95 false 208} {3086 95 false 209} {5245 95 false 210} {7102 95 false 211} {8818 95 false 212} {5017 95 false 213} {7628 95 false 214} {6028 95 false 215} {590 95 false 216} {6004 95 false 217} {2477 95 false 218} {6033 95 false 219} {4971 95 false 220} {7653 95 false 221} {4210 95 false 222} {654 95 false 223} {1347 95 false 224} {548 95 false 225} {2425 95 false 226} {7551 95 false 227} {147 95 false 228} {3398 95 false 229} {9137 95 false 230} {5214 95 false 231} {1870 95 false 232} {2007 95 false 233} {4259 95 false 234} {5871 95 false 235} {1999 95 false 236} {2250 95 false 237} {2233 95 false 238} {9889 95 false 239} {3674 95 false 240} {3867 95 false 241} {9585 95 false 242} {7532 95 false 243} {3418 95 false 244} {1920 95 false 245} {5828 95 false 246} {3723 95 false 247} {197 95 false 248} {3771 95 false 249} {9308 95 false 250} {8474 95 false 251} {6670 95 false 252} {8023 95 false 253} {9827 95 false 254} {745 95 false 255} {9541 95 false 256} {4130 95 false 257} {3683 95 false 258} {244 95 false 259} {1055 95 false 260} {7937 95 false 261} {9098 95 false 262} {8583 141 false 263} {4509 141 false 264} {5945 141 false 265} {7900 141 false 266} {8891 141 false 267} {8803 141 false 268} {2042 141 false 269} {8293 141 false 270} {4473 141 false 271} {6604 141 false 272} {5376 141 false 273} {6396 141 false 274} {8674 141 false 275} {5663 141 false 276} {1465 141 false 277} {4305 141 false 278} {29 141 false 279} {5595 141 false 280} {5764 141 false 281} {473 141 false 282} {6305 141 false 283} {273 141 false 284} {3146 141 false 285} {9506 141 false 286} {4632 141 false 287} {6027 141 false 288} {6952 141 false 289} {8257 141 false 290} {9649 141 false 291} {4178 141 false 292} {7266 141 false 293} {2232 141 false 294} {1973 141 false 295} {1704 141 false 296} {9529 141 false 297} {7427 141 false 298} {4392 141 false 299} {8497 141 false 300} {8041 141 false 301} {5966 141 false 302} {8440 141 false 303} {2229 141 false 304} {815 141 false 305} {1570 141 false 306} {6889 141 false 307} {4416 141 false 308} {651 141 false 309} {8692 141 false 310} {5425 141 false 311} {4142 141 false 312} {1077 141 false 313} {7325 141 false 314} {2814 141 false 315} {202 141 false 316} {7450 141 false 317} {8805 141 false 318} {3424 141 false 319} {3006 141 false 320} {4641 141 false 321} {2604 141 false 322} {3988 141 false 323} {8515 141 false 324} {4262 141 false 325} {6619 141 false 326} {8498 141 false 327} {9672 141 false 328} {8418 141 false 329} {5033 141 false 330} {5311 141 false 331} {9242 141 false 332} {7380 141 false 333} {5261 141 false 334} {9100 141 false 335} {4374 141 false 336} {2866 141 false 337} {290 141 false 338} {2261 141 false 339} {120 141 false 340} {7072 141 false 341} {7931 141 false 342} {2635 141 false 343} {1951 141 false 344} {8594 141 false 345} {4127 141 false 346} {2386 141 false 347} {2174 141 false 348} {3837 141 false 349} {8358 141 false 350} {7353 141 false 351} {2094 141 false 352} {569 141 false 353} {8759 141 false 354} {1223 141 false 355} {3599 141 false 356} {123 141 false 357} {3680 141 false 358} {6063 141 false 359} {8870 141 false 360} {8775 141 false 361} {2959 141 false 362} {8613 141 false 363} {3399 141 false 364} {1931 141 false 365} {3362 141 false 366} {9117 141 false 367} {2364 141 false 368} {7785 141 false 369} {5066 141 false 370} {6181 141 false 371} {6803 141 false 372} {6922 141 false 373} {4098 141 false 374} {869 141 false 375} {4009 141 false 376} {1013 141 false 377} {4881 141 false 378} {3898 141 false 379} {1276 141 false 380} {3816 141 false 381} {9317 141 false 382} {8377 141 false 383} {9596 141 false 384} {3339 141 false 385} {1374 141 false 386} {4753 141 false 387} {5037 141 false 388} {8833 141 false 389} {8833 163 false 390}] 
2025/11/03 17:32:39 [17:32:39.505] [Node:4] [LOG_REPLICA] [Trace:LOG_0_163][0->4] 复制日志结果:[{<nil> 0 false 0} {9885 2 false 1} {7369 4 false 2} {377 9 false 3} {5698 9 false 4} {3675 9 false 5} {7576 9 false 6} {6501 9 false 7} {8962 9 false 8} {9292 11 false 9} {5826 14 false 10} {1116 14 false 11} {8927 16 false 12} {615 16 false 13} {3625 16 false 14} {1425 16 false 15} {9709 16 false 16} {3423 16 false 17} {3134 16 false 18} {3657 16 false 19} {8171 16 false 20} {9440 16 false 21} {6470 16 false 22} {1363 16 false 23} {716 16 false 24} {2684 16 false 25} {5836 19 false 26} {5544 19 false 27} {713 19 false 28} {6403 19 false 29} {881 19 false 30} {3832 19 false 31} {4831 19 false 32} {989 19 false 33} {3559 19 false 34} {4757 19 false 35} {5501 19 false 36} {705 19 false 37} {528 19 false 38} {4304 19 false 39} {4358 19 false 40} {8941 19 false 41} {1994 19 false 42} {411 19 false 43} {7043 95 false 44} {2699 95 false 45} {8150 95 false 46} {8874 95 false 47} {7096 95 false 48} {4872 95 false 49} {3988 95 false 50} {2554 95 false 51} {554 95 false 52} {2953 95 false 53} {9230 95 false 54} {8688 95 false 55} {9094 95 false 56} {3997 95 false 57} {2894 95 false 58} {5667 95 false 59} {3509 95 false 60} {4539 95 false 61} {1900 95 false 62} {395 95 false 63} {4338 95 false 64} {9052 95 false 65} {6681 95 false 66} {5152 95 false 67} {2250 95 false 68} {7353 95 false 69} {7300 95 false 70} {9476 95 false 71} {5907 95 false 72} {8352 95 false 73} {3326 95 false 74} {2806 95 false 75} {5167 95 false 76} {3514 95 false 77} {7493 95 false 78} {3260 95 false 79} {2440 95 false 80} {2920 95 false 81} {8285 95 false 82} {4140 95 false 83} {8602 95 false 84} {5537 95 false 85} {4663 95 false 86} {8098 95 false 87} {743 95 false 88} {9006 95 false 89} {6480 95 false 90} {4305 95 false 91} {7754 95 false 92} {612 95 false 93} {7820 95 false 94} {4607 95 false 95} {7256 95 false 96} {4888 95 false 97} {1311 95 false 98} {8099 95 false 99} {1197 95 false 100} {2238 95 false 101} {2354 95 false 102} {3362 95 false 103} {919 95 false 104} {8424 95 false 105} {6099 95 false 106} {1374 95 false 107} {2506 95 false 108} {7804 95 false 109} {5971 95 false 110} {3293 95 false 111} {6828 95 false 112} {5896 95 false 113} {2846 95 false 114} {1290 95 false 115} {7082 95 false 116} {4917 95 false 117} {3250 95 false 118} {248 95 false 119} {1140 95 false 120} {1245 95 false 121} {6024 95 false 122} {4473 95 false 123} {2136 95 false 124} {4154 95 false 125} {2583 95 false 126} {708 95 false 127} {4481 95 false 128} {6476 95 false 129} {5036 95 false 130} {4065 95 false 131} {6200 95 false 132} {1397 95 false 133} {4279 95 false 134} {6833 95 false 135} {4346 95 false 136} {3317 95 false 137} {4185 95 false 138} {4000 95 false 139} {2185 95 false 140} {8037 95 false 141} {1968 95 false 142} {6414 95 false 143} {6351 95 false 144} {1290 95 false 145} {255 95 false 146} {5814 95 false 147} {9138 95 false 148} {1249 95 false 149} {8088 95 false 150} {61 95 false 151} {6456 95 false 152} {9658 95 false 153} {2752 95 false 154} {4915 95 false 155} {2443 95 false 156} {4194 95 false 157} {928 95 false 158} {5614 95 false 159} {8999 95 false 160} {1953 95 false 161} {2650 95 false 162} {3468 95 false 163} {1123 95 false 164} {3774 95 false 165} {6358 95 false 166} {5925 95 false 167} {338 95 false 168} {99 95 false 169} {4512 95 false 170} {7477 95 false 171} {169 95 false 172} {6395 95 false 173} {7193 95 false 174} {2353 95 false 175} {3277 95 false 176} {6306 95 false 177} {5511 95 false 178} {2355 95 false 179} {8128 95 false 180} {6058 95 false 181} {7487 95 false 182} {9104 95 false 183} {9659 95 false 184} {3870 95 false 185} {7666 95 false 186} {8351 95 false 187} {9904 95 false 188} {3086 95 false 189} {4239 95 false 190} {9285 95 false 191} {8547 95 false 192} {5397 95 false 193} {6203 95 false 194} {2701 95 false 195} {281 95 false 196} {5684 95 false 197} {6931 95 false 198} {1998 95 false 199} {3892 95 false 200} {8994 95 false 201} {8648 95 false 202} {4605 95 false 203} {4080 95 false 204} {3229 95 false 205} {1192 95 false 206} {7753 95 false 207} {2164 95 false 208} {3086 95 false 209} {5245 95 false 210} {7102 95 false 211} {8818 95 false 212} {5017 95 false 213} {7628 95 false 214} {6028 95 false 215} {590 95 false 216} {6004 95 false 217} {2477 95 false 218} {6033 95 false 219} {4971 95 false 220} {7653 95 false 221} {4210 95 false 222} {654 95 false 223} {1347 95 false 224} {548 95 false 225} {2425 95 false 226} {7551 95 false 227} {147 95 false 228} {3398 95 false 229} {9137 95 false 230} {5214 95 false 231} {1870 95 false 232} {2007 95 false 233} {4259 95 false 234} {5871 95 false 235} {1999 95 false 236} {2250 95 false 237} {2233 95 false 238} {9889 95 false 239} {3674 95 false 240} {3867 95 false 241} {9585 95 false 242} {7532 95 false 243} {3418 95 false 244} {1920 95 false 245} {5828 95 false 246} {3723 95 false 247} {197 95 false 248} {3771 95 false 249} {9308 95 false 250} {8474 95 false 251} {6670 95 false 252} {8023 95 false 253} {9827 95 false 254} {745 95 false 255} {9541 95 false 256} {4130 95 false 257} {3683 95 false 258} {244 95 false 259} {1055 95 false 260} {7937 95 false 261} {9098 95 false 262} {8583 141 false 263} {4509 141 false 264} {5945 141 false 265} {7900 141 false 266} {8891 141 false 267} {8803 141 false 268} {2042 141 false 269} {8293 141 false 270} {4473 141 false 271} {6604 141 false 272} {5376 141 false 273} {6396 141 false 274} {8674 141 false 275} {5663 141 false 276} {1465 141 false 277} {4305 141 false 278} {29 141 false 279} {5595 141 false 280} {5764 141 false 281} {473 141 false 282} {6305 141 false 283} {273 141 false 284} {3146 141 false 285} {9506 141 false 286} {4632 141 false 287} {6027 141 false 288} {6952 141 false 289} {8257 141 false 290} {9649 141 false 291} {4178 141 false 292} {7266 141 false 293} {2232 141 false 294} {1973 141 false 295} {1704 141 false 296} {9529 141 false 297} {7427 141 false 298} {4392 141 false 299} {8497 141 false 300} {8041 141 false 301} {5966 141 false 302} {8440 141 false 303} {2229 141 false 304} {815 141 false 305} {1570 141 false 306} {6889 141 false 307} {4416 141 false 308} {651 141 false 309} {8692 141 false 310} {5425 141 false 311} {4142 141 false 312} {1077 141 false 313} {7325 141 false 314} {2814 141 false 315} {202 141 false 316} {7450 141 false 317} {8805 141 false 318} {3424 141 false 319} {3006 141 false 320} {4641 141 false 321} {2604 141 false 322} {3988 141 false 323} {8515 141 false 324} {4262 141 false 325} {6619 141 false 326} {8498 141 false 327} {9672 141 false 328} {8418 141 false 329} {5033 141 false 330} {5311 141 false 331} {9242 141 false 332} {7380 141 false 333} {5261 141 false 334} {9100 141 false 335} {4374 141 false 336} {2866 141 false 337} {290 141 false 338} {2261 141 false 339} {120 141 false 340} {7072 141 false 341} {7931 141 false 342} {2635 141 false 343} {1951 141 false 344} {8594 141 false 345} {4127 141 false 346} {2386 141 false 347} {2174 141 false 348} {3837 141 false 349} {8358 141 false 350} {7353 141 false 351} {2094 141 false 352} {569 141 false 353} {8759 141 false 354} {1223 141 false 355} {3599 141 false 356} {123 141 false 357} {3680 141 false 358} {6063 141 false 359} {8870 141 false 360} {8775 141 false 361} {2959 141 false 362} {8613 141 false 363} {3399 141 false 364} {1931 141 false 365} {3362 141 false 366} {9117 141 false 367} {2364 141 false 368} {7785 141 false 369} {5066 141 false 370} {6181 141 false 371} {6803 141 false 372} {6922 141 false 373} {4098 141 false 374} {869 141 false 375} {4009 141 false 376} {1013 141 false 377} {4881 141 false 378} {3898 141 false 379} {1276 141 false 380} {3816 141 false 381} {9317 141 false 382} {8377 141 false 383} {9596 141 false 384} {3339 141 false 385} {1374 141 false 386} {4753 141 false 387} {5037 141 false 388} {8833 141 false 389} {8833 163 false 390}] 
2025/11/03 17:32:39 [17:32:39.587] [Node:4] [HEARTBEAT] [Trace:HB_4_163] Follower等心跳 status FOLLOWER term:163 commitIndex:24
2025/11/03 17:32:39 [17:32:39.605] [Node:4] [LOG_REPLICA] [Trace:LOG_0_163][0->4] AppendEntries 收到 term:163 leaderId:0 prevLogIndex:389 prevLogTerm:141 entries:1 leaderCommit:24 isHeartbeat:false currentTerm:163 status:FOLLOWER
2025/11/03 17:32:39 [17:32:39.605] [Node:4] [LOG_REPLICA] [Trace:LOG_0_163][0->4] 打印日志结果:[{<nil> 0 false 0} {9885 2 false 1} {7369 4 false 2} {377 9 false 3} {5698 9 false 4} {3675 9 false 5} {7576 9 false 6} {6501 9 false 7} {8962 9 false 8} {9292 11 false 9} {5826 14 false 10} {1116 14 false 11} {8927 16 false 12} {615 16 false 13} {3625 16 false 14} {1425 16 false 15} {9709 16 false 16} {3423 16 false 17} {3134 16 false 18} {3657 16 false 19} {8171 16 false 20} {9440 16 false 21} {6470 16 false 22} {1363 16 false 23} {716 16 false 24} {2684 16 false 25} {5836 19 false 26} {5544 19 false 27} {713 19 false 28} {6403 19 false 29} {881 19 false 30} {3832 19 false 31} {4831 19 false 32} {989 19 false 33} {3559 19 false 34} {4757 19 false 35} {5501 19 false 36} {705 19 false 37} {528 19 false 38} {4304 19 false 39} {4358 19 false 40} {8941 19 false 41} {1994 19 false 42} {411 19 false 43} {7043 95 false 44} {2699 95 false 45} {8150 95 false 46} {8874 95 false 47} {7096 95 false 48} {4872 95 false 49} {3988 95 false 50} {2554 95 false 51} {554 95 false 52} {2953 95 false 53} {9230 95 false 54} {8688 95 false 55} {9094 95 false 56} {3997 95 false 57} {2894 95 false 58} {5667 95 false 59} {3509 95 false 60} {4539 95 false 61} {1900 95 false 62} {395 95 false 63} {4338 95 false 64} {9052 95 false 65} {6681 95 false 66} {5152 95 false 67} {2250 95 false 68} {7353 95 false 69} {7300 95 false 70} {9476 95 false 71} {5907 95 false 72} {8352 95 false 73} {3326 95 false 74} {2806 95 false 75} {5167 95 false 76} {3514 95 false 77} {7493 95 false 78} {3260 95 false 79} {2440 95 false 80} {2920 95 false 81} {8285 95 false 82} {4140 95 false 83} {8602 95 false 84} {5537 95 false 85} {4663 95 false 86} {8098 95 false 87} {743 95 false 88} {9006 95 false 89} {6480 95 false 90} {4305 95 false 91} {7754 95 false 92} {612 95 false 93} {7820 95 false 94} {4607 95 false 95} {7256 95 false 96} {4888 95 false 97} {1311 95 false 98} {8099 95 false 99} {1197 95 false 100} {2238 95 false 101} {2354 95 false 102} {3362 95 false 103} {919 95 false 104} {8424 95 false 105} {6099 95 false 106} {1374 95 false 107} {2506 95 false 108} {7804 95 false 109} {5971 95 false 110} {3293 95 false 111} {6828 95 false 112} {5896 95 false 113} {2846 95 false 114} {1290 95 false 115} {7082 95 false 116} {4917 95 false 117} {3250 95 false 118} {248 95 false 119} {1140 95 false 120} {1245 95 false 121} {6024 95 false 122} {4473 95 false 123} {2136 95 false 124} {4154 95 false 125} {2583 95 false 126} {708 95 false 127} {4481 95 false 128} {6476 95 false 129} {5036 95 false 130} {4065 95 false 131} {6200 95 false 132} {1397 95 false 133} {4279 95 false 134} {6833 95 false 135} {4346 95 false 136} {3317 95 false 137} {4185 95 false 138} {4000 95 false 139} {2185 95 false 140} {8037 95 false 141} {1968 95 false 142} {6414 95 false 143} {6351 95 false 144} {1290 95 false 145} {255 95 false 146} {5814 95 false 147} {9138 95 false 148} {1249 95 false 149} {8088 95 false 150} {61 95 false 151} {6456 95 false 152} {9658 95 false 153} {2752 95 false 154} {4915 95 false 155} {2443 95 false 156} {4194 95 false 157} {928 95 false 158} {5614 95 false 159} {8999 95 false 160} {1953 95 false 161} {2650 95 false 162} {3468 95 false 163} {1123 95 false 164} {3774 95 false 165} {6358 95 false 166} {5925 95 false 167} {338 95 false 168} {99 95 false 169} {4512 95 false 170} {7477 95 false 171} {169 95 false 172} {6395 95 false 173} {7193 95 false 174} {2353 95 false 175} {3277 95 false 176} {6306 95 false 177} {5511 95 false 178} {2355 95 false 179} {8128 95 false 180} {6058 95 false 181} {7487 95 false 182} {9104 95 false 183} {9659 95 false 184} {3870 95 false 185} {7666 95 false 186} {8351 95 false 187} {9904 95 false 188} {3086 95 false 189} {4239 95 false 190} {9285 95 false 191} {8547 95 false 192} {5397 95 false 193} {6203 95 false 194} {2701 95 false 195} {281 95 false 196} {5684 95 false 197} {6931 95 false 198} {1998 95 false 199} {3892 95 false 200} {8994 95 false 201} {8648 95 false 202} {4605 95 false 203} {4080 95 false 204} {3229 95 false 205} {1192 95 false 206} {7753 95 false 207} {2164 95 false 208} {3086 95 false 209} {5245 95 false 210} {7102 95 false 211} {8818 95 false 212} {5017 95 false 213} {7628 95 false 214} {6028 95 false 215} {590 95 false 216} {6004 95 false 217} {2477 95 false 218} {6033 95 false 219} {4971 95 false 220} {7653 95 false 221} {4210 95 false 222} {654 95 false 223} {1347 95 false 224} {548 95 false 225} {2425 95 false 226} {7551 95 false 227} {147 95 false 228} {3398 95 false 229} {9137 95 false 230} {5214 95 false 231} {1870 95 false 232} {2007 95 false 233} {4259 95 false 234} {5871 95 false 235} {1999 95 false 236} {2250 95 false 237} {2233 95 false 238} {9889 95 false 239} {3674 95 false 240} {3867 95 false 241} {9585 95 false 242} {7532 95 false 243} {3418 95 false 244} {1920 95 false 245} {5828 95 false 246} {3723 95 false 247} {197 95 false 248} {3771 95 false 249} {9308 95 false 250} {8474 95 false 251} {6670 95 false 252} {8023 95 false 253} {9827 95 false 254} {745 95 false 255} {9541 95 false 256} {4130 95 false 257} {3683 95 false 258} {244 95 false 259} {1055 95 false 260} {7937 95 false 261} {9098 95 false 262} {8583 141 false 263} {4509 141 false 264} {5945 141 false 265} {7900 141 false 266} {8891 141 false 267} {8803 141 false 268} {2042 141 false 269} {8293 141 false 270} {4473 141 false 271} {6604 141 false 272} {5376 141 false 273} {6396 141 false 274} {8674 141 false 275} {5663 141 false 276} {1465 141 false 277} {4305 141 false 278} {29 141 false 279} {5595 141 false 280} {5764 141 false 281} {473 141 false 282} {6305 141 false 283} {273 141 false 284} {3146 141 false 285} {9506 141 false 286} {4632 141 false 287} {6027 141 false 288} {6952 141 false 289} {8257 141 false 290} {9649 141 false 291} {4178 141 false 292} {7266 141 false 293} {2232 141 false 294} {1973 141 false 295} {1704 141 false 296} {9529 141 false 297} {7427 141 false 298} {4392 141 false 299} {8497 141 false 300} {8041 141 false 301} {5966 141 false 302} {8440 141 false 303} {2229 141 false 304} {815 141 false 305} {1570 141 false 306} {6889 141 false 307} {4416 141 false 308} {651 141 false 309} {8692 141 false 310} {5425 141 false 311} {4142 141 false 312} {1077 141 false 313} {7325 141 false 314} {2814 141 false 315} {202 141 false 316} {7450 141 false 317} {8805 141 false 318} {3424 141 false 319} {3006 141 false 320} {4641 141 false 321} {2604 141 false 322} {3988 141 false 323} {8515 141 false 324} {4262 141 false 325} {6619 141 false 326} {8498 141 false 327} {9672 141 false 328} {8418 141 false 329} {5033 141 false 330} {5311 141 false 331} {9242 141 false 332} {7380 141 false 333} {5261 141 false 334} {9100 141 false 335} {4374 141 false 336} {2866 141 false 337} {290 141 false 338} {2261 141 false 339} {120 141 false 340} {7072 141 false 341} {7931 141 false 342} {2635 141 false 343} {1951 141 false 344} {8594 141 false 345} {4127 141 false 346} {2386 141 false 347} {2174 141 false 348} {3837 141 false 349} {8358 141 false 350} {7353 141 false 351} {2094 141 false 352} {569 141 false 353} {8759 141 false 354} {1223 141 false 355} {3599 141 false 356} {123 141 false 357} {3680 141 false 358} {6063 141 false 359} {8870 141 false 360} {8775 141 false 361} {2959 141 false 362} {8613 141 false 363} {3399 141 false 364} {1931 141 false 365} {3362 141 false 366} {9117 141 false 367} {2364 141 false 368} {7785 141 false 369} {5066 141 false 370} {6181 141 false 371} {6803 141 false 372} {6922 141 false 373} {4098 141 false 374} {869 141 false 375} {4009 141 false 376} {1013 141 false 377} {4881 141 false 378} {3898 141 false 379} {1276 141 false 380} {3816 141 false 381} {9317 141 false 382} {8377 141 false 383} {9596 141 false 384} {3339 141 false 385} {1374 141 false 386} {4753 141 false 387} {5037 141 false 388} {8833 141 false 389} {8833 163 false 390}] 
2025/11/03 17:32:39 [17:32:39.608] [Node:4] [LOG_REPLICA] [Trace:LOG_0_163][0->4] 复制日志结果:[{<nil> 0 false 0} {9885 2 false 1} {7369 4 false 2} {377 9 false 3} {5698 9 false 4} {3675 9 false 5} {7576 9 false 6} {6501 9 false 7} {8962 9 false 8} {9292 11 false 9} {5826 14 false 10} {1116 14 false 11} {8927 16 false 12} {615 16 false 13} {3625 16 false 14} {1425 16 false 15} {9709 16 false 16} {3423 16 false 17} {3134 16 false 18} {3657 16 false 19} {8171 16 false 20} {9440 16 false 21} {6470 16 false 22} {1363 16 false 23} {716 16 false 24} {2684 16 false 25} {5836 19 false 26} {5544 19 false 27} {713 19 false 28} {6403 19 false 29} {881 19 false 30} {3832 19 false 31} {4831 19 false 32} {989 19 false 33} {3559 19 false 34} {4757 19 false 35} {5501 19 false 36} {705 19 false 37} {528 19 false 38} {4304 19 false 39} {4358 19 false 40} {8941 19 false 41} {1994 19 false 42} {411 19 false 43} {7043 95 false 44} {2699 95 false 45} {8150 95 false 46} {8874 95 false 47} {7096 95 false 48} {4872 95 false 49} {3988 95 false 50} {2554 95 false 51} {554 95 false 52} {2953 95 false 53} {9230 95 false 54} {8688 95 false 55} {9094 95 false 56} {3997 95 false 57} {2894 95 false 58} {5667 95 false 59} {3509 95 false 60} {4539 95 false 61} {1900 95 false 62} {395 95 false 63} {4338 95 false 64} {9052 95 false 65} {6681 95 false 66} {5152 95 false 67} {2250 95 false 68} {7353 95 false 69} {7300 95 false 70} {9476 95 false 71} {5907 95 false 72} {8352 95 false 73} {3326 95 false 74} {2806 95 false 75} {5167 95 false 76} {3514 95 false 77} {7493 95 false 78} {3260 95 false 79} {2440 95 false 80} {2920 95 false 81} {8285 95 false 82} {4140 95 false 83} {8602 95 false 84} {5537 95 false 85} {4663 95 false 86} {8098 95 false 87} {743 95 false 88} {9006 95 false 89} {6480 95 false 90} {4305 95 false 91} {7754 95 false 92} {612 95 false 93} {7820 95 false 94} {4607 95 false 95} {7256 95 false 96} {4888 95 false 97} {1311 95 false 98} {8099 95 false 99} {1197 95 false 100} {2238 95 false 101} {2354 95 false 102} {3362 95 false 103} {919 95 false 104} {8424 95 false 105} {6099 95 false 106} {1374 95 false 107} {2506 95 false 108} {7804 95 false 109} {5971 95 false 110} {3293 95 false 111} {6828 95 false 112} {5896 95 false 113} {2846 95 false 114} {1290 95 false 115} {7082 95 false 116} {4917 95 false 117} {3250 95 false 118} {248 95 false 119} {1140 95 false 120} {1245 95 false 121} {6024 95 false 122} {4473 95 false 123} {2136 95 false 124} {4154 95 false 125} {2583 95 false 126} {708 95 false 127} {4481 95 false 128} {6476 95 false 129} {5036 95 false 130} {4065 95 false 131} {6200 95 false 132} {1397 95 false 133} {4279 95 false 134} {6833 95 false 135} {4346 95 false 136} {3317 95 false 137} {4185 95 false 138} {4000 95 false 139} {2185 95 false 140} {8037 95 false 141} {1968 95 false 142} {6414 95 false 143} {6351 95 false 144} {1290 95 false 145} {255 95 false 146} {5814 95 false 147} {9138 95 false 148} {1249 95 false 149} {8088 95 false 150} {61 95 false 151} {6456 95 false 152} {9658 95 false 153} {2752 95 false 154} {4915 95 false 155} {2443 95 false 156} {4194 95 false 157} {928 95 false 158} {5614 95 false 159} {8999 95 false 160} {1953 95 false 161} {2650 95 false 162} {3468 95 false 163} {1123 95 false 164} {3774 95 false 165} {6358 95 false 166} {5925 95 false 167} {338 95 false 168} {99 95 false 169} {4512 95 false 170} {7477 95 false 171} {169 95 false 172} {6395 95 false 173} {7193 95 false 174} {2353 95 false 175} {3277 95 false 176} {6306 95 false 177} {5511 95 false 178} {2355 95 false 179} {8128 95 false 180} {6058 95 false 181} {7487 95 false 182} {9104 95 false 183} {9659 95 false 184} {3870 95 false 185} {7666 95 false 186} {8351 95 false 187} {9904 95 false 188} {3086 95 false 189} {4239 95 false 190} {9285 95 false 191} {8547 95 false 192} {5397 95 false 193} {6203 95 false 194} {2701 95 false 195} {281 95 false 196} {5684 95 false 197} {6931 95 false 198} {1998 95 false 199} {3892 95 false 200} {8994 95 false 201} {8648 95 false 202} {4605 95 false 203} {4080 95 false 204} {3229 95 false 205} {1192 95 false 206} {7753 95 false 207} {2164 95 false 208} {3086 95 false 209} {5245 95 false 210} {7102 95 false 211} {8818 95 false 212} {5017 95 false 213} {7628 95 false 214} {6028 95 false 215} {590 95 false 216} {6004 95 false 217} {2477 95 false 218} {6033 95 false 219} {4971 95 false 220} {7653 95 false 221} {4210 95 false 222} {654 95 false 223} {1347 95 false 224} {548 95 false 225} {2425 95 false 226} {7551 95 false 227} {147 95 false 228} {3398 95 false 229} {9137 95 false 230} {5214 95 false 231} {1870 95 false 232} {2007 95 false 233} {4259 95 false 234} {5871 95 false 235} {1999 95 false 236} {2250 95 false 237} {2233 95 false 238} {9889 95 false 239} {3674 95 false 240} {3867 95 false 241} {9585 95 false 242} {7532 95 false 243} {3418 95 false 244} {1920 95 false 245} {5828 95 false 246} {3723 95 false 247} {197 95 false 248} {3771 95 false 249} {9308 95 false 250} {8474 95 false 251} {6670 95 false 252} {8023 95 false 253} {9827 95 false 254} {745 95 false 255} {9541 95 false 256} {4130 95 false 257} {3683 95 false 258} {244 95 false 259} {1055 95 false 260} {7937 95 false 261} {9098 95 false 262} {8583 141 false 263} {4509 141 false 264} {5945 141 false 265} {7900 141 false 266} {8891 141 false 267} {8803 141 false 268} {2042 141 false 269} {8293 141 false 270} {4473 141 false 271} {6604 141 false 272} {5376 141 false 273} {6396 141 false 274} {8674 141 false 275} {5663 141 false 276} {1465 141 false 277} {4305 141 false 278} {29 141 false 279} {5595 141 false 280} {5764 141 false 281} {473 141 false 282} {6305 141 false 283} {273 141 false 284} {3146 141 false 285} {9506 141 false 286} {4632 141 false 287} {6027 141 false 288} {6952 141 false 289} {8257 141 false 290} {9649 141 false 291} {4178 141 false 292} {7266 141 false 293} {2232 141 false 294} {1973 141 false 295} {1704 141 false 296} {9529 141 false 297} {7427 141 false 298} {4392 141 false 299} {8497 141 false 300} {8041 141 false 301} {5966 141 false 302} {8440 141 false 303} {2229 141 false 304} {815 141 false 305} {1570 141 false 306} {6889 141 false 307} {4416 141 false 308} {651 141 false 309} {8692 141 false 310} {5425 141 false 311} {4142 141 false 312} {1077 141 false 313} {7325 141 false 314} {2814 141 false 315} {202 141 false 316} {7450 141 false 317} {8805 141 false 318} {3424 141 false 319} {3006 141 false 320} {4641 141 false 321} {2604 141 false 322} {3988 141 false 323} {8515 141 false 324} {4262 141 false 325} {6619 141 false 326} {8498 141 false 327} {9672 141 false 328} {8418 141 false 329} {5033 141 false 330} {5311 141 false 331} {9242 141 false 332} {7380 141 false 333} {5261 141 false 334} {9100 141 false 335} {4374 141 false 336} {2866 141 false 337} {290 141 false 338} {2261 141 false 339} {120 141 false 340} {7072 141 false 341} {7931 141 false 342} {2635 141 false 343} {1951 141 false 344} {8594 141 false 345} {4127 141 false 346} {2386 141 false 347} {2174 141 false 348} {3837 141 false 349} {8358 141 false 350} {7353 141 false 351} {2094 141 false 352} {569 141 false 353} {8759 141 false 354} {1223 141 false 355} {3599 141 false 356} {123 141 false 357} {3680 141 false 358} {6063 141 false 359} {8870 141 false 360} {8775 141 false 361} {2959 141 false 362} {8613 141 false 363} {3399 141 false 364} {1931 141 false 365} {3362 141 false 366} {9117 141 false 367} {2364 141 false 368} {7785 141 false 369} {5066 141 false 370} {6181 141 false 371} {6803 141 false 372} {6922 141 false 373} {4098 141 false 374} {869 141 false 375} {4009 141 false 376} {1013 141 false 377} {4881 141 false 378} {3898 141 false 379} {1276 141 false 380} {3816 141 false 381} {9317 141 false 382} {8377 141 false 383} {9596 141 false 384} {3339 141 false 385} {1374 141 false 386} {4753 141 false 387} {5037 141 false 388} {8833 141 false 389} {8833 163 false 390}] 
2025/11/03 17:32:39 [17:32:39.688] [Node:4] [HEARTBEAT] [Trace:HB_4_163] Follower等心跳 status FOLLOWER term:163 commitIndex:24
2025/11/03 17:32:39 [17:32:39.701] [Node:4] [LOG_REPLICA] [Trace:LOG_0_163][0->4] AppendEntries 收到 term:163 leaderId:0 prevLogIndex:389 prevLogTerm:141 entries:1 leaderCommit:24 isHeartbeat:false currentTerm:163 status:FOLLOWER
2025/11/03 17:32:39 [17:32:39.701] [Node:4] [LOG_REPLICA] [Trace:LOG_0_163][0->4] 打印日志结果:[{<nil> 0 false 0} {9885 2 false 1} {7369 4 false 2} {377 9 false 3} {5698 9 false 4} {3675 9 false 5} {7576 9 false 6} {6501 9 false 7} {8962 9 false 8} {9292 11 false 9} {5826 14 false 10} {1116 14 false 11} {8927 16 false 12} {615 16 false 13} {3625 16 false 14} {1425 16 false 15} {9709 16 false 16} {3423 16 false 17} {3134 16 false 18} {3657 16 false 19} {8171 16 false 20} {9440 16 false 21} {6470 16 false 22} {1363 16 false 23} {716 16 false 24} {2684 16 false 25} {5836 19 false 26} {5544 19 false 27} {713 19 false 28} {6403 19 false 29} {881 19 false 30} {3832 19 false 31} {4831 19 false 32} {989 19 false 33} {3559 19 false 34} {4757 19 false 35} {5501 19 false 36} {705 19 false 37} {528 19 false 38} {4304 19 false 39} {4358 19 false 40} {8941 19 false 41} {1994 19 false 42} {411 19 false 43} {7043 95 false 44} {2699 95 false 45} {8150 95 false 46} {8874 95 false 47} {7096 95 false 48} {4872 95 false 49} {3988 95 false 50} {2554 95 false 51} {554 95 false 52} {2953 95 false 53} {9230 95 false 54} {8688 95 false 55} {9094 95 false 56} {3997 95 false 57} {2894 95 false 58} {5667 95 false 59} {3509 95 false 60} {4539 95 false 61} {1900 95 false 62} {395 95 false 63} {4338 95 false 64} {9052 95 false 65} {6681 95 false 66} {5152 95 false 67} {2250 95 false 68} {7353 95 false 69} {7300 95 false 70} {9476 95 false 71} {5907 95 false 72} {8352 95 false 73} {3326 95 false 74} {2806 95 false 75} {5167 95 false 76} {3514 95 false 77} {7493 95 false 78} {3260 95 false 79} {2440 95 false 80} {2920 95 false 81} {8285 95 false 82} {4140 95 false 83} {8602 95 false 84} {5537 95 false 85} {4663 95 false 86} {8098 95 false 87} {743 95 false 88} {9006 95 false 89} {6480 95 false 90} {4305 95 false 91} {7754 95 false 92} {612 95 false 93} {7820 95 false 94} {4607 95 false 95} {7256 95 false 96} {4888 95 false 97} {1311 95 false 98} {8099 95 false 99} {1197 95 false 100} {2238 95 false 101} {2354 95 false 102} {3362 95 false 103} {919 95 false 104} {8424 95 false 105} {6099 95 false 106} {1374 95 false 107} {2506 95 false 108} {7804 95 false 109} {5971 95 false 110} {3293 95 false 111} {6828 95 false 112} {5896 95 false 113} {2846 95 false 114} {1290 95 false 115} {7082 95 false 116} {4917 95 false 117} {3250 95 false 118} {248 95 false 119} {1140 95 false 120} {1245 95 false 121} {6024 95 false 122} {4473 95 false 123} {2136 95 false 124} {4154 95 false 125} {2583 95 false 126} {708 95 false 127} {4481 95 false 128} {6476 95 false 129} {5036 95 false 130} {4065 95 false 131} {6200 95 false 132} {1397 95 false 133} {4279 95 false 134} {6833 95 false 135} {4346 95 false 136} {3317 95 false 137} {4185 95 false 138} {4000 95 false 139} {2185 95 false 140} {8037 95 false 141} {1968 95 false 142} {6414 95 false 143} {6351 95 false 144} {1290 95 false 145} {255 95 false 146} {5814 95 false 147} {9138 95 false 148} {1249 95 false 149} {8088 95 false 150} {61 95 false 151} {6456 95 false 152} {9658 95 false 153} {2752 95 false 154} {4915 95 false 155} {2443 95 false 156} {4194 95 false 157} {928 95 false 158} {5614 95 false 159} {8999 95 false 160} {1953 95 false 161} {2650 95 false 162} {3468 95 false 163} {1123 95 false 164} {3774 95 false 165} {6358 95 false 166} {5925 95 false 167} {338 95 false 168} {99 95 false 169} {4512 95 false 170} {7477 95 false 171} {169 95 false 172} {6395 95 false 173} {7193 95 false 174} {2353 95 false 175} {3277 95 false 176} {6306 95 false 177} {5511 95 false 178} {2355 95 false 179} {8128 95 false 180} {6058 95 false 181} {7487 95 false 182} {9104 95 false 183} {9659 95 false 184} {3870 95 false 185} {7666 95 false 186} {8351 95 false 187} {9904 95 false 188} {3086 95 false 189} {4239 95 false 190} {9285 95 false 191} {8547 95 false 192} {5397 95 false 193} {6203 95 false 194} {2701 95 false 195} {281 95 false 196} {5684 95 false 197} {6931 95 false 198} {1998 95 false 199} {3892 95 false 200} {8994 95 false 201} {8648 95 false 202} {4605 95 false 203} {4080 95 false 204} {3229 95 false 205} {1192 95 false 206} {7753 95 false 207} {2164 95 false 208} {3086 95 false 209} {5245 95 false 210} {7102 95 false 211} {8818 95 false 212} {5017 95 false 213} {7628 95 false 214} {6028 95 false 215} {590 95 false 216} {6004 95 false 217} {2477 95 false 218} {6033 95 false 219} {4971 95 false 220} {7653 95 false 221} {4210 95 false 222} {654 95 false 223} {1347 95 false 224} {548 95 false 225} {2425 95 false 226} {7551 95 false 227} {147 95 false 228} {3398 95 false 229} {9137 95 false 230} {5214 95 false 231} {1870 95 false 232} {2007 95 false 233} {4259 95 false 234} {5871 95 false 235} {1999 95 false 236} {2250 95 false 237} {2233 95 false 238} {9889 95 false 239} {3674 95 false 240} {3867 95 false 241} {9585 95 false 242} {7532 95 false 243} {3418 95 false 244} {1920 95 false 245} {5828 95 false 246} {3723 95 false 247} {197 95 false 248} {3771 95 false 249} {9308 95 false 250} {8474 95 false 251} {6670 95 false 252} {8023 95 false 253} {9827 95 false 254} {745 95 false 255} {9541 95 false 256} {4130 95 false 257} {3683 95 false 258} {244 95 false 259} {1055 95 false 260} {7937 95 false 261} {9098 95 false 262} {8583 141 false 263} {4509 141 false 264} {5945 141 false 265} {7900 141 false 266} {8891 141 false 267} {8803 141 false 268} {2042 141 false 269} {8293 141 false 270} {4473 141 false 271} {6604 141 false 272} {5376 141 false 273} {6396 141 false 274} {8674 141 false 275} {5663 141 false 276} {1465 141 false 277} {4305 141 false 278} {29 141 false 279} {5595 141 false 280} {5764 141 false 281} {473 141 false 282} {6305 141 false 283} {273 141 false 284} {3146 141 false 285} {9506 141 false 286} {4632 141 false 287} {6027 141 false 288} {6952 141 false 289} {8257 141 false 290} {9649 141 false 291} {4178 141 false 292} {7266 141 false 293} {2232 141 false 294} {1973 141 false 295} {1704 141 false 296} {9529 141 false 297} {7427 141 false 298} {4392 141 false 299} {8497 141 false 300} {8041 141 false 301} {5966 141 false 302} {8440 141 false 303} {2229 141 false 304} {815 141 false 305} {1570 141 false 306} {6889 141 false 307} {4416 141 false 308} {651 141 false 309} {8692 141 false 310} {5425 141 false 311} {4142 141 false 312} {1077 141 false 313} {7325 141 false 314} {2814 141 false 315} {202 141 false 316} {7450 141 false 317} {8805 141 false 318} {3424 141 false 319} {3006 141 false 320} {4641 141 false 321} {2604 141 false 322} {3988 141 false 323} {8515 141 false 324} {4262 141 false 325} {6619 141 false 326} {8498 141 false 327} {9672 141 false 328} {8418 141 false 329} {5033 141 false 330} {5311 141 false 331} {9242 141 false 332} {7380 141 false 333} {5261 141 false 334} {9100 141 false 335} {4374 141 false 336} {2866 141 false 337} {290 141 false 338} {2261 141 false 339} {120 141 false 340} {7072 141 false 341} {7931 141 false 342} {2635 141 false 343} {1951 141 false 344} {8594 141 false 345} {4127 141 false 346} {2386 141 false 347} {2174 141 false 348} {3837 141 false 349} {8358 141 false 350} {7353 141 false 351} {2094 141 false 352} {569 141 false 353} {8759 141 false 354} {1223 141 false 355} {3599 141 false 356} {123 141 false 357} {3680 141 false 358} {6063 141 false 359} {8870 141 false 360} {8775 141 false 361} {2959 141 false 362} {8613 141 false 363} {3399 141 false 364} {1931 141 false 365} {3362 141 false 366} {9117 141 false 367} {2364 141 false 368} {7785 141 false 369} {5066 141 false 370} {6181 141 false 371} {6803 141 false 372} {6922 141 false 373} {4098 141 false 374} {869 141 false 375} {4009 141 false 376} {1013 141 false 377} {4881 141 false 378} {3898 141 false 379} {1276 141 false 380} {3816 141 false 381} {9317 141 false 382} {8377 141 false 383} {9596 141 false 384} {3339 141 false 385} {1374 141 false 386} {4753 141 false 387} {5037 141 false 388} {8833 141 false 389} {8833 163 false 390}] 
2025/11/03 17:32:39 [17:32:39.704] [Node:4] [LOG_REPLICA] [Trace:LOG_0_163][0->4] 复制日志结果:[{<nil> 0 false 0} {9885 2 false 1} {7369 4 false 2} {377 9 false 3} {5698 9 false 4} {3675 9 false 5} {7576 9 false 6} {6501 9 false 7} {8962 9 false 8} {9292 11 false 9} {5826 14 false 10} {1116 14 false 11} {8927 16 false 12} {615 16 false 13} {3625 16 false 14} {1425 16 false 15} {9709 16 false 16} {3423 16 false 17} {3134 16 false 18} {3657 16 false 19} {8171 16 false 20} {9440 16 false 21} {6470 16 false 22} {1363 16 false 23} {716 16 false 24} {2684 16 false 25} {5836 19 false 26} {5544 19 false 27} {713 19 false 28} {6403 19 false 29} {881 19 false 30} {3832 19 false 31} {4831 19 false 32} {989 19 false 33} {3559 19 false 34} {4757 19 false 35} {5501 19 false 36} {705 19 false 37} {528 19 false 38} {4304 19 false 39} {4358 19 false 40} {8941 19 false 41} {1994 19 false 42} {411 19 false 43} {7043 95 false 44} {2699 95 false 45} {8150 95 false 46} {8874 95 false 47} {7096 95 false 48} {4872 95 false 49} {3988 95 false 50} {2554 95 false 51} {554 95 false 52} {2953 95 false 53} {9230 95 false 54} {8688 95 false 55} {9094 95 false 56} {3997 95 false 57} {2894 95 false 58} {5667 95 false 59} {3509 95 false 60} {4539 95 false 61} {1900 95 false 62} {395 95 false 63} {4338 95 false 64} {9052 95 false 65} {6681 95 false 66} {5152 95 false 67} {2250 95 false 68} {7353 95 false 69} {7300 95 false 70} {9476 95 false 71} {5907 95 false 72} {8352 95 false 73} {3326 95 false 74} {2806 95 false 75} {5167 95 false 76} {3514 95 false 77} {7493 95 false 78} {3260 95 false 79} {2440 95 false 80} {2920 95 false 81} {8285 95 false 82} {4140 95 false 83} {8602 95 false 84} {5537 95 false 85} {4663 95 false 86} {8098 95 false 87} {743 95 false 88} {9006 95 false 89} {6480 95 false 90} {4305 95 false 91} {7754 95 false 92} {612 95 false 93} {7820 95 false 94} {4607 95 false 95} {7256 95 false 96} {4888 95 false 97} {1311 95 false 98} {8099 95 false 99} {1197 95 false 100} {2238 95 false 101} {2354 95 false 102} {3362 95 false 103} {919 95 false 104} {8424 95 false 105} {6099 95 false 106} {1374 95 false 107} {2506 95 false 108} {7804 95 false 109} {5971 95 false 110} {3293 95 false 111} {6828 95 false 112} {5896 95 false 113} {2846 95 false 114} {1290 95 false 115} {7082 95 false 116} {4917 95 false 117} {3250 95 false 118} {248 95 false 119} {1140 95 false 120} {1245 95 false 121} {6024 95 false 122} {4473 95 false 123} {2136 95 false 124} {4154 95 false 125} {2583 95 false 126} {708 95 false 127} {4481 95 false 128} {6476 95 false 129} {5036 95 false 130} {4065 95 false 131} {6200 95 false 132} {1397 95 false 133} {4279 95 false 134} {6833 95 false 135} {4346 95 false 136} {3317 95 false 137} {4185 95 false 138} {4000 95 false 139} {2185 95 false 140} {8037 95 false 141} {1968 95 false 142} {6414 95 false 143} {6351 95 false 144} {1290 95 false 145} {255 95 false 146} {5814 95 false 147} {9138 95 false 148} {1249 95 false 149} {8088 95 false 150} {61 95 false 151} {6456 95 false 152} {9658 95 false 153} {2752 95 false 154} {4915 95 false 155} {2443 95 false 156} {4194 95 false 157} {928 95 false 158} {5614 95 false 159} {8999 95 false 160} {1953 95 false 161} {2650 95 false 162} {3468 95 false 163} {1123 95 false 164} {3774 95 false 165} {6358 95 false 166} {5925 95 false 167} {338 95 false 168} {99 95 false 169} {4512 95 false 170} {7477 95 false 171} {169 95 false 172} {6395 95 false 173} {7193 95 false 174} {2353 95 false 175} {3277 95 false 176} {6306 95 false 177} {5511 95 false 178} {2355 95 false 179} {8128 95 false 180} {6058 95 false 181} {7487 95 false 182} {9104 95 false 183} {9659 95 false 184} {3870 95 false 185} {7666 95 false 186} {8351 95 false 187} {9904 95 false 188} {3086 95 false 189} {4239 95 false 190} {9285 95 false 191} {8547 95 false 192} {5397 95 false 193} {6203 95 false 194} {2701 95 false 195} {281 95 false 196} {5684 95 false 197} {6931 95 false 198} {1998 95 false 199} {3892 95 false 200} {8994 95 false 201} {8648 95 false 202} {4605 95 false 203} {4080 95 false 204} {3229 95 false 205} {1192 95 false 206} {7753 95 false 207} {2164 95 false 208} {3086 95 false 209} {5245 95 false 210} {7102 95 false 211} {8818 95 false 212} {5017 95 false 213} {7628 95 false 214} {6028 95 false 215} {590 95 false 216} {6004 95 false 217} {2477 95 false 218} {6033 95 false 219} {4971 95 false 220} {7653 95 false 221} {4210 95 false 222} {654 95 false 223} {1347 95 false 224} {548 95 false 225} {2425 95 false 226} {7551 95 false 227} {147 95 false 228} {3398 95 false 229} {9137 95 false 230} {5214 95 false 231} {1870 95 false 232} {2007 95 false 233} {4259 95 false 234} {5871 95 false 235} {1999 95 false 236} {2250 95 false 237} {2233 95 false 238} {9889 95 false 239} {3674 95 false 240} {3867 95 false 241} {9585 95 false 242} {7532 95 false 243} {3418 95 false 244} {1920 95 false 245} {5828 95 false 246} {3723 95 false 247} {197 95 false 248} {3771 95 false 249} {9308 95 false 250} {8474 95 false 251} {6670 95 false 252} {8023 95 false 253} {9827 95 false 254} {745 95 false 255} {9541 95 false 256} {4130 95 false 257} {3683 95 false 258} {244 95 false 259} {1055 95 false 260} {7937 95 false 261} {9098 95 false 262} {8583 141 false 263} {4509 141 false 264} {5945 141 false 265} {7900 141 false 266} {8891 141 false 267} {8803 141 false 268} {2042 141 false 269} {8293 141 false 270} {4473 141 false 271} {6604 141 false 272} {5376 141 false 273} {6396 141 false 274} {8674 141 false 275} {5663 141 false 276} {1465 141 false 277} {4305 141 false 278} {29 141 false 279} {5595 141 false 280} {5764 141 false 281} {473 141 false 282} {6305 141 false 283} {273 141 false 284} {3146 141 false 285} {9506 141 false 286} {4632 141 false 287} {6027 141 false 288} {6952 141 false 289} {8257 141 false 290} {9649 141 false 291} {4178 141 false 292} {7266 141 false 293} {2232 141 false 294} {1973 141 false 295} {1704 141 false 296} {9529 141 false 297} {7427 141 false 298} {4392 141 false 299} {8497 141 false 300} {8041 141 false 301} {5966 141 false 302} {8440 141 false 303} {2229 141 false 304} {815 141 false 305} {1570 141 false 306} {6889 141 false 307} {4416 141 false 308} {651 141 false 309} {8692 141 false 310} {5425 141 false 311} {4142 141 false 312} {1077 141 false 313} {7325 141 false 314} {2814 141 false 315} {202 141 false 316} {7450 141 false 317} {8805 141 false 318} {3424 141 false 319} {3006 141 false 320} {4641 141 false 321} {2604 141 false 322} {3988 141 false 323} {8515 141 false 324} {4262 141 false 325} {6619 141 false 326} {8498 141 false 327} {9672 141 false 328} {8418 141 false 329} {5033 141 false 330} {5311 141 false 331} {9242 141 false 332} {7380 141 false 333} {5261 141 false 334} {9100 141 false 335} {4374 141 false 336} {2866 141 false 337} {290 141 false 338} {2261 141 false 339} {120 141 false 340} {7072 141 false 341} {7931 141 false 342} {2635 141 false 343} {1951 141 false 344} {8594 141 false 345} {4127 141 false 346} {2386 141 false 347} {2174 141 false 348} {3837 141 false 349} {8358 141 false 350} {7353 141 false 351} {2094 141 false 352} {569 141 false 353} {8759 141 false 354} {1223 141 false 355} {3599 141 false 356} {123 141 false 357} {3680 141 false 358} {6063 141 false 359} {8870 141 false 360} {8775 141 false 361} {2959 141 false 362} {8613 141 false 363} {3399 141 false 364} {1931 141 false 365} {3362 141 false 366} {9117 141 false 367} {2364 141 false 368} {7785 141 false 369} {5066 141 false 370} {6181 141 false 371} {6803 141 false 372} {6922 141 false 373} {4098 141 false 374} {869 141 false 375} {4009 141 false 376} {1013 141 false 377} {4881 141 false 378} {3898 141 false 379} {1276 141 false 380} {3816 141 false 381} {9317 141 false 382} {8377 141 false 383} {9596 141 false 384} {3339 141 false 385} {1374 141 false 386} {4753 141 false 387} {5037 141 false 388} {8833 141 false 389} {8833 163 false 390}] 
