2025/11/04 16:02:36 [16:02:36.589] [Node:0] [HEARTBEAT] [Trace:HB_0_0] Follower等心跳 status FOLLOWER term:0 commitIndex:0
2025/11/04 16:02:36 [16:02:36.604] [Node:1] [HEARTBEAT] [Trace:HB_1_0] Follower等心跳 status FOLLOWER term:0 commitIndex:0
2025/11/04 16:02:36 [16:02:36.604] [Node:2] [HEARTBEAT] [Trace:HB_2_0] Follower等心跳 status FOLLOWER term:0 commitIndex:0
2025/11/04 16:02:36 [16:02:36.604] [Node:4] [HEARTBEAT] [Trace:HB_4_0] Follower等心跳 status FOLLOWER term:0 commitIndex:0
2025/11/04 16:02:36 [16:02:36.604] [Node:3] [HEARTBEAT] [Trace:HB_3_0] Follower等心跳 status FOLLOWER term:0 commitIndex:0
Test (2C): Figure 8 ...
2025/11/04 16:02:36 [16:02:36.605] [Node:1] [RPC_RECV] [Trace:CLIENT_1_1762243356605672000] 接收到日志命令:8944766457827906109 isLeader:false term:0
2025/11/04 16:02:36 [16:02:36.605] [Node:2] [RPC_RECV] [Trace:CLIENT_2_1762243356605858000] 接收到日志命令:8944766457827906109 isLeader:false term:0
2025/11/04 16:02:36 [16:02:36.605] [Node:3] [RPC_RECV] [Trace:CLIENT_3_1762243356605888000] 接收到日志命令:8944766457827906109 isLeader:false term:0
2025/11/04 16:02:36 [16:02:36.605] [Node:4] [RPC_RECV] [Trace:CLIENT_4_1762243356605914000] 接收到日志命令:8944766457827906109 isLeader:false term:0
2025/11/04 16:02:36 [16:02:36.605] [Node:0] [RPC_RECV] [Trace:CLIENT_0_1762243356605942000] 接收到日志命令:8944766457827906109 isLeader:false term:0
2025/11/04 16:02:36 到这里了
2025/11/04 16:02:36 [16:02:36.659] [Node:1] [RPC_RECV] [Trace:CLIENT_1_1762243356659686000] 接收到日志命令:8944766457827906109 isLeader:false term:0
2025/11/04 16:02:36 [16:02:36.659] [Node:2] [RPC_RECV] [Trace:CLIENT_2_1762243356659797000] 接收到日志命令:8944766457827906109 isLeader:false term:0
2025/11/04 16:02:36 [16:02:36.659] [Node:3] [RPC_RECV] [Trace:CLIENT_3_1762243356659836000] 接收到日志命令:8944766457827906109 isLeader:false term:0
2025/11/04 16:02:36 [16:02:36.659] [Node:4] [RPC_RECV] [Trace:CLIENT_4_1762243356659867000] 接收到日志命令:8944766457827906109 isLeader:false term:0
2025/11/04 16:02:36 [16:02:36.659] [Node:0] [RPC_RECV] [Trace:CLIENT_0_1762243356659910000] 接收到日志命令:8944766457827906109 isLeader:false term:0
2025/11/04 16:02:36 到这里了
2025/11/04 16:02:36 [16:02:36.700] [Node:0] [HEARTBEAT] [Trace:HB_0_0] Follower等心跳 status FOLLOWER term:0 commitIndex:0
2025/11/04 16:02:36 [16:02:36.704] [Node:4] [HEARTBEAT] [Trace:HB_4_0] Follower等心跳 status FOLLOWER term:0 commitIndex:0
2025/11/04 16:02:36 [16:02:36.704] [Node:2] [HEARTBEAT] [Trace:HB_2_0] Follower等心跳 status FOLLOWER term:0 commitIndex:0
2025/11/04 16:02:36 [16:02:36.704] [Node:1] [HEARTBEAT] [Trace:HB_1_0] Follower等心跳 status FOLLOWER term:0 commitIndex:0
2025/11/04 16:02:36 [16:02:36.705] [Node:3] [HEARTBEAT] [Trace:HB_3_0] Follower等心跳 status FOLLOWER term:0 commitIndex:0
2025/11/04 16:02:36 [16:02:36.710] [Node:1] [RPC_RECV] [Trace:CLIENT_1_1762243356710669000] 接收到日志命令:8944766457827906109 isLeader:false term:0
2025/11/04 16:02:36 [16:02:36.710] [Node:2] [RPC_RECV] [Trace:CLIENT_2_1762243356710827000] 接收到日志命令:8944766457827906109 isLeader:false term:0
2025/11/04 16:02:36 [16:02:36.710] [Node:3] [RPC_RECV] [Trace:CLIENT_3_1762243356710871000] 接收到日志命令:8944766457827906109 isLeader:false term:0
2025/11/04 16:02:36 [16:02:36.710] [Node:4] [RPC_RECV] [Trace:CLIENT_4_1762243356710908000] 接收到日志命令:8944766457827906109 isLeader:false term:0
2025/11/04 16:02:36 [16:02:36.710] [Node:0] [RPC_RECV] [Trace:CLIENT_0_1762243356710935000] 接收到日志命令:8944766457827906109 isLeader:false term:0
2025/11/04 16:02:36 到这里了
2025/11/04 16:02:36 [16:02:36.761] [Node:1] [RPC_RECV] [Trace:CLIENT_1_1762243356761278000] 接收到日志命令:8944766457827906109 isLeader:false term:0
2025/11/04 16:02:36 [16:02:36.761] [Node:2] [RPC_RECV] [Trace:CLIENT_2_1762243356761439000] 接收到日志命令:8944766457827906109 isLeader:false term:0
2025/11/04 16:02:36 [16:02:36.761] [Node:3] [RPC_RECV] [Trace:CLIENT_3_1762243356761475000] 接收到日志命令:8944766457827906109 isLeader:false term:0
2025/11/04 16:02:36 [16:02:36.761] [Node:4] [RPC_RECV] [Trace:CLIENT_4_1762243356761511000] 接收到日志命令:8944766457827906109 isLeader:false term:0
2025/11/04 16:02:36 [16:02:36.761] [Node:0] [RPC_RECV] [Trace:CLIENT_0_1762243356761538000] 接收到日志命令:8944766457827906109 isLeader:false term:0
2025/11/04 16:02:36 到这里了
2025/11/04 16:02:36 [16:02:36.800] [Node:0] [HEARTBEAT] [Trace:HB_0_0] Follower等心跳 status FOLLOWER term:0 commitIndex:0
2025/11/04 16:02:36 [16:02:36.805] [Node:1] [HEARTBEAT] [Trace:HB_1_0] Follower等心跳 status FOLLOWER term:0 commitIndex:0
2025/11/04 16:02:36 [16:02:36.805] [Node:4] [HEARTBEAT] [Trace:HB_4_0] Follower等心跳 status FOLLOWER term:0 commitIndex:0
2025/11/04 16:02:36 [16:02:36.805] [Node:3] [HEARTBEAT] [Trace:HB_3_0] Follower等心跳 status FOLLOWER term:0 commitIndex:0
2025/11/04 16:02:36 [16:02:36.805] [Node:2] [HEARTBEAT] [Trace:HB_2_0] Follower等心跳 status FOLLOWER term:0 commitIndex:0
2025/11/04 16:02:36 [16:02:36.812] [Node:1] [RPC_RECV] [Trace:CLIENT_1_1762243356812652000] 接收到日志命令:8944766457827906109 isLeader:false term:0
2025/11/04 16:02:36 [16:02:36.812] [Node:2] [RPC_RECV] [Trace:CLIENT_2_1762243356812773000] 接收到日志命令:8944766457827906109 isLeader:false term:0
2025/11/04 16:02:36 [16:02:36.812] [Node:3] [RPC_RECV] [Trace:CLIENT_3_1762243356812804000] 接收到日志命令:8944766457827906109 isLeader:false term:0
2025/11/04 16:02:36 [16:02:36.812] [Node:4] [RPC_RECV] [Trace:CLIENT_4_1762243356812833000] 接收到日志命令:8944766457827906109 isLeader:false term:0
2025/11/04 16:02:36 [16:02:36.812] [Node:0] [RPC_RECV] [Trace:CLIENT_0_1762243356812870000] 接收到日志命令:8944766457827906109 isLeader:false term:0
2025/11/04 16:02:36 到这里了
2025/11/04 16:02:36 [16:02:36.814] [Node:4] [INFO] [STATE_CHANGE] FOLLOWER->FOLLOWER term:0 reason:变成Candidate
2025/11/04 16:02:36 [16:02:36.815] [Node:4] [TIMER_EVENT] [Trace:TIMER_4] 超时选举 since:209.791209ms threshold:208.131933ms
2025/11/04 16:02:36 [16:02:36.814] [Node:0] [INFO] [STATE_CHANGE] FOLLOWER->FOLLOWER term:0 reason:变成Candidate
2025/11/04 16:02:36 [16:02:36.815] [Node:0] [TIMER_EVENT] [Trace:TIMER_0] 超时选举 since:230.76575ms threshold:222.278078ms
2025/11/04 16:02:36 [16:02:36.816] [Node:0] [RPC_SEND] [Trace:ELEC_0_1] 发送选举请求
2025/11/04 16:02:36 [16:02:36.816] [Node:0] [RPC_SEND] [Trace:ELEC_0_1] 发送选举请求
2025/11/04 16:02:36 [16:02:36.816] [Node:4] [RPC_SEND] [Trace:ELEC_4_1] 发送选举请求
2025/11/04 16:02:36 [16:02:36.816] [Node:0] [RPC_SEND] [Trace:ELEC_0_1] 发送选举请求
2025/11/04 16:02:36 [16:02:36.817] [Node:4] [RPC_SEND] [Trace:ELEC_4_1] 发送选举请求
2025/11/04 16:02:36 [16:02:36.817] [Node:4] [RPC_SEND] [Trace:ELEC_4_1] 发送选举请求
2025/11/04 16:02:36 [16:02:36.817] [Node:0] [RPC_SEND] [Trace:ELEC_0_1] 发送选举请求
2025/11/04 16:02:36 [16:02:36.817] [Node:4] [RPC_SEND] [Trace:ELEC_4_1] 发送选举请求
2025/11/04 16:02:36 [16:02:36.845] [Node:4] [RPC_RECV] [Trace:ELEC_0_1][0->4] RequestVote 接受 term:1 candidateId:0 lastLogIndex:0 lastLogTerm:0 currentTerm:1 status:CANDIDATE
2025/11/04 16:02:36 [16:02:36.845] [Node:3] [RPC_RECV] [Trace:ELEC_0_1][0->3] RequestVote 接受 term:1 candidateId:0 lastLogIndex:0 lastLogTerm:0 currentTerm:0 status:FOLLOWER
2025/11/04 16:02:36 [16:02:36.845] [Node:4] [RPC_RECV] [Trace:ELEC_0_1][0->4] 投票信息 votedFor:4 lastLogTerm:0 lastLogIndex:0
2025/11/04 16:02:36 [16:02:36.845] [Node:2] [RPC_RECV] [Trace:ELEC_0_1][0->2] RequestVote 接受 term:1 candidateId:0 lastLogIndex:0 lastLogTerm:0 currentTerm:0 status:FOLLOWER
2025/11/04 16:02:36 [16:02:36.845] [Node:4] [RPC_RECV] [Trace:ELEC_0_1][0->4] 投票失败兜底 candidate:0 term:1
2025/11/04 16:02:36 [16:02:36.845] [Node:2] [INFO] [STATE_CHANGE] FOLLOWER->FOLLOWER term:0 reason:降级成follower
2025/11/04 16:02:36 [16:02:36.846] [Node:3] [INFO] [STATE_CHANGE] FOLLOWER->FOLLOWER term:0 reason:降级成follower
2025/11/04 16:02:36 [16:02:36.846] [Node:0] [RPC_RECV] [Trace:ELEC_4_1][4->0] RequestVote 接受 term:1 candidateId:4 lastLogIndex:0 lastLogTerm:0 currentTerm:1 status:CANDIDATE
2025/11/04 16:02:36 [16:02:36.846] [Node:0] [RPC_RECV] [Trace:ELEC_4_1][4->0] 投票信息 votedFor:0 lastLogTerm:0 lastLogIndex:0
2025/11/04 16:02:36 [16:02:36.846] [Node:0] [RPC_RECV] [Trace:ELEC_4_1][4->0] 投票失败兜底 candidate:4 term:1
2025/11/04 16:02:36 [16:02:36.846] [Node:1] [RPC_RECV] [Trace:ELEC_0_1][0->1] RequestVote 接受 term:1 candidateId:0 lastLogIndex:0 lastLogTerm:0 currentTerm:0 status:FOLLOWER
2025/11/04 16:02:36 [16:02:36.846] [Node:1] [INFO] [STATE_CHANGE] FOLLOWER->FOLLOWER term:0 reason:降级成follower
2025/11/04 16:02:36 [16:02:36.847] [Node:1] [RPC_RECV] [Trace:ELEC_0_1][0->1] 投票信息 votedFor:-1 lastLogTerm:0 lastLogIndex:0
2025/11/04 16:02:36 [16:02:36.847] [Node:1] [RPC_RECV] [Trace:ELEC_0_1][0->1] 投票给 candidate:0 term:1
2025/11/04 16:02:36 [16:02:36.847] [Node:2] [RPC_RECV] [Trace:ELEC_0_1][0->2] 投票信息 votedFor:-1 lastLogTerm:0 lastLogIndex:0
2025/11/04 16:02:36 [16:02:36.847] [Node:2] [RPC_RECV] [Trace:ELEC_0_1][0->2] 投票给 candidate:0 term:1
2025/11/04 16:02:36 [16:02:36.848] [Node:1] [RPC_RECV] [Trace:ELEC_4_1][4->1] RequestVote 接受 term:1 candidateId:4 lastLogIndex:0 lastLogTerm:0 currentTerm:1 status:FOLLOWER
2025/11/04 16:02:36 [16:02:36.848] [Node:1] [RPC_RECV] [Trace:ELEC_4_1][4->1] 投票信息 votedFor:0 lastLogTerm:0 lastLogIndex:0
2025/11/04 16:02:36 [16:02:36.848] [Node:1] [RPC_RECV] [Trace:ELEC_4_1][4->1] 投票失败兜底 candidate:4 term:1
2025/11/04 16:02:36 [16:02:36.849] [Node:4] [RPC_SEND] [Trace:ELEC_4_1] 处理投票返回 for term 1 reply:{1 false}
2025/11/04 16:02:36 [16:02:36.849] [Node:2] [RPC_RECV] [Trace:ELEC_4_1][4->2] RequestVote 接受 term:1 candidateId:4 lastLogIndex:0 lastLogTerm:0 currentTerm:1 status:FOLLOWER
2025/11/04 16:02:36 [16:02:36.850] [Node:2] [RPC_RECV] [Trace:ELEC_4_1][4->2] 投票信息 votedFor:0 lastLogTerm:0 lastLogIndex:0
2025/11/04 16:02:36 [16:02:36.850] [Node:2] [RPC_RECV] [Trace:ELEC_4_1][4->2] 投票失败兜底 candidate:4 term:1
2025/11/04 16:02:36 [16:02:36.850] [Node:3] [RPC_RECV] [Trace:ELEC_0_1][0->3] 投票信息 votedFor:-1 lastLogTerm:0 lastLogIndex:0
2025/11/04 16:02:36 [16:02:36.850] [Node:3] [RPC_RECV] [Trace:ELEC_0_1][0->3] 投票给 candidate:0 term:1
2025/11/04 16:02:36 [16:02:36.849] [Node:0] [RPC_SEND] [Trace:ELEC_0_1] 处理投票返回 for term 1 reply:{1 false}
2025/11/04 16:02:36 [16:02:36.850] [Node:4] [RPC_SEND] [Trace:ELEC_4_1] 处理投票返回 for term 1 reply:{1 false}
2025/11/04 16:02:36 [16:02:36.850] [Node:0] [RPC_SEND] [Trace:ELEC_0_1] 处理投票返回 for term 1 reply:{1 true}
2025/11/04 16:02:36 [16:02:36.850] [Node:3] [RPC_RECV] [Trace:ELEC_4_1][4->3] RequestVote 接受 term:1 candidateId:4 lastLogIndex:0 lastLogTerm:0 currentTerm:1 status:FOLLOWER
2025/11/04 16:02:36 [16:02:36.850] [Node:3] [RPC_RECV] [Trace:ELEC_4_1][4->3] 投票信息 votedFor:0 lastLogTerm:0 lastLogIndex:0
2025/11/04 16:02:36 [16:02:36.850] [Node:4] [RPC_SEND] [Trace:ELEC_4_1] 处理投票返回 for term 1 reply:{1 false}
2025/11/04 16:02:36 [16:02:36.850] [Node:0] [RPC_SEND] [Trace:ELEC_0_1] 处理投票返回 for term 1 reply:{1 true}
2025/11/04 16:02:36 [16:02:36.850] [Node:3] [RPC_RECV] [Trace:ELEC_4_1][4->3] 投票失败兜底 candidate:4 term:1
2025/11/04 16:02:36 [16:02:36.850] [Node:0] [RPC_SEND] [Trace:ELEC_0_1] 处理投票返回 for term 1 reply:{1 true}
2025/11/04 16:02:36 [16:02:36.850] [Node:0] [INFO] [STATE_CHANGE] CANDIDATE->LEADER term:1 reason:成为Leader
2025/11/04 16:02:36 [16:02:36.850] [Node:4] [RPC_SEND] [Trace:ELEC_4_1] 处理投票返回 for term 1 reply:{1 false}
2025/11/04 16:02:36 [16:02:36.863] [Node:1] [RPC_RECV] [Trace:CLIENT_1_1762243356863626000] 接收到日志命令:8944766457827906109 isLeader:false term:1
2025/11/04 16:02:36 [16:02:36.863] [Node:2] [RPC_RECV] [Trace:CLIENT_2_1762243356863777000] 接收到日志命令:8944766457827906109 isLeader:false term:1
2025/11/04 16:02:36 [16:02:36.863] [Node:3] [RPC_RECV] [Trace:CLIENT_3_1762243356863808000] 接收到日志命令:8944766457827906109 isLeader:false term:1
2025/11/04 16:02:36 [16:02:36.863] [Node:4] [RPC_RECV] [Trace:CLIENT_4_1762243356863847000] 接收到日志命令:8944766457827906109 isLeader:false term:1
2025/11/04 16:02:36 [16:02:36.863] [Node:0] [RPC_RECV] [Trace:CLIENT_0_1762243356863869000] 接收到日志命令:8944766457827906109 isLeader:true term:1
2025/11/04 16:02:36 返回的索引 1
2025/11/04 16:02:36 到这里了
2025/11/04 16:02:36 time.Since(t1).Seconds()
2025/11/04 16:02:36 rfats [0xc000128000 0xc0001ba000 0xc0001ba0e0 0xc0001ba1c0 0xc0001ba2a0]
2025/11/04 16:02:36 i 0 cmd1 <nil>, ok false
2025/11/04 16:02:36 i 1 cmd1 <nil>, ok false
2025/11/04 16:02:36 i 2 cmd1 <nil>, ok false
2025/11/04 16:02:36 i 3 cmd1 <nil>, ok false
2025/11/04 16:02:36 i 4 cmd1 <nil>, ok false
2025/11/04 16:02:36 nd 0, cmd1 <nil> cmd 8944766457827906109
2025/11/04 16:02:36 rfats [0xc000128000 0xc0001ba000 0xc0001ba0e0 0xc0001ba1c0 0xc0001ba2a0]
2025/11/04 16:02:36 i 0 cmd1 <nil>, ok false
2025/11/04 16:02:36 i 1 cmd1 <nil>, ok false
2025/11/04 16:02:36 i 2 cmd1 <nil>, ok false
2025/11/04 16:02:36 i 3 cmd1 <nil>, ok false
2025/11/04 16:02:36 i 4 cmd1 <nil>, ok false
2025/11/04 16:02:36 nd 0, cmd1 <nil> cmd 8944766457827906109
2025/11/04 16:02:36 [16:02:36.901] [Node:0] [HEARTBEAT] [Trace:HB_0_1] 开始发送心跳广播 status LEADER term:1 commitIndex:0
2025/11/04 16:02:36 [16:02:36.904] [Node:4] [LOG_REPLICA] [Trace:LOG_0_1][0->4] AppendEntries 收到 term:1 leaderId:0 prevLogIndex:0 prevLogTerm:0 entries:1 leaderCommit:0 isHeartbeat:false currentTerm:1 status:CANDIDATE
2025/11/04 16:02:36 [16:02:36.904] [Node:3] [LOG_REPLICA] [Trace:LOG_0_1][0->3] AppendEntries 收到 term:1 leaderId:0 prevLogIndex:0 prevLogTerm:0 entries:1 leaderCommit:0 isHeartbeat:false currentTerm:1 status:FOLLOWER
2025/11/04 16:02:36 [16:02:36.904] [Node:2] [LOG_REPLICA] [Trace:LOG_0_1][0->2] AppendEntries 收到 term:1 leaderId:0 prevLogIndex:0 prevLogTerm:0 entries:1 leaderCommit:0 isHeartbeat:false currentTerm:1 status:FOLLOWER
2025/11/04 16:02:36 [16:02:36.904] [Node:3] [LOG_REPLICA] [Trace:LOG_0_1][0->3] 打印日志结果:[{<nil> 0 false 0}] 
2025/11/04 16:02:36 [16:02:36.905] [Node:4] [LOG_REPLICA] [Trace:LOG_0_1][0->4] 打印日志结果:[{<nil> 0 false 0}] 
2025/11/04 16:02:36 [16:02:36.905] [Node:2] [LOG_REPLICA] [Trace:LOG_0_1][0->2] 打印日志结果:[{<nil> 0 false 0}] 
2025/11/04 16:02:36 [16:02:36.905] [Node:1] [LOG_REPLICA] [Trace:LOG_0_1][0->1] AppendEntries 收到 term:1 leaderId:0 prevLogIndex:0 prevLogTerm:0 entries:1 leaderCommit:0 isHeartbeat:false currentTerm:1 status:FOLLOWER
2025/11/04 16:02:36 [16:02:36.905] [Node:1] [LOG_REPLICA] [Trace:LOG_0_1][0->1] 打印日志结果:[{<nil> 0 false 0}] 
2025/11/04 16:02:36 [16:02:36.905] [Node:3] [LOG_REPLICA] [Trace:LOG_0_1][0->3] 复制日志结果:[{<nil> 0 false 0} {8944766457827906109 1 false 1}] 
2025/11/04 16:02:36 [16:02:36.905] [Node:4] [LOG_REPLICA] [Trace:LOG_0_1][0->4] 复制日志结果:[{<nil> 0 false 0} {8944766457827906109 1 false 1}] 
2025/11/04 16:02:36 [16:02:36.905] [Node:1] [LOG_REPLICA] [Trace:LOG_0_1][0->1] 复制日志结果:[{<nil> 0 false 0} {8944766457827906109 1 false 1}] 
2025/11/04 16:02:36 [16:02:36.905] [Node:2] [LOG_REPLICA] [Trace:LOG_0_1][0->2] 复制日志结果:[{<nil> 0 false 0} {8944766457827906109 1 false 1}] 
2025/11/04 16:02:36 [16:02:36.905] [Node:3] [HEARTBEAT] [Trace:HB_3_1] Follower等心跳 status FOLLOWER term:1 commitIndex:0
2025/11/04 16:02:36 [16:02:36.905] [Node:2] [HEARTBEAT] [Trace:HB_2_1] Follower等心跳 status FOLLOWER term:1 commitIndex:0
2025/11/04 16:02:36 [16:02:36.905] [Node:1] [HEARTBEAT] [Trace:HB_1_1] Follower等心跳 status FOLLOWER term:1 commitIndex:0
2025/11/04 16:02:36 rfats [0xc000128000 0xc0001ba000 0xc0001ba0e0 0xc0001ba1c0 0xc0001ba2a0]
2025/11/04 16:02:36 i 0 cmd1 <nil>, ok false
2025/11/04 16:02:36 i 1 cmd1 <nil>, ok false
2025/11/04 16:02:36 i 2 cmd1 <nil>, ok false
2025/11/04 16:02:36 i 3 cmd1 <nil>, ok false
2025/11/04 16:02:36 i 4 cmd1 <nil>, ok false
2025/11/04 16:02:36 nd 0, cmd1 <nil> cmd 8944766457827906109
2025/11/04 16:02:36 [16:02:36.906] [Node:4] [HEARTBEAT] [Trace:HB_4_1] Follower等心跳 status CANDIDATE term:1 commitIndex:0
2025/11/04 16:02:36 [16:02:36.906] [Node:0] [LOG_REPLICA] [Trace:LOG_0_1][0->4] 心跳返回 from peer:4 term:1 success:true
2025/11/04 16:02:36 [16:02:36.906] [Node:0] [LOG_REPLICA] [Trace:LOG_0_1][0->4] 日志复制返回成功 from peer:4 term:1 agreeCount:2 log [{8944766457827906109 1 false 1}]
2025/11/04 16:02:36 [16:02:36.906] [Node:0] [LOG_REPLICA] [Trace:LOG_0_1][0->4] 更新后 server:4 matchIndex:1 nextIndex:2
2025/11/04 16:02:36 [16:02:36.907] [Node:0] [LOG_REPLICA] [Trace:LOG_0_1][0->1] 心跳返回 from peer:1 term:1 success:true
2025/11/04 16:02:36 [16:02:36.907] [Node:0] [LOG_REPLICA] [Trace:LOG_0_1][0->1] 日志复制返回成功 from peer:1 term:1 agreeCount:3 log [{8944766457827906109 1 false 1}]
2025/11/04 16:02:36 [16:02:36.907] [Node:0] [LOG_REPLICA] [Trace:LOG_0_1][0->1] 更新后 server:1 matchIndex:1 nextIndex:2
2025/11/04 16:02:36 [16:02:36.907] [Node:0] [LOG_COMMIT] [Trace:LOG_0_1] 日志复制返回成功 多数同意，提交日志给KV服务器 index:1 term:1 majorityCount:3
2025/11/04 16:02:36 [16:02:36.907] [Node:0] [LOG_COMMIT] [Trace:APPLY_0_1] Applying logs count:1 log:[{8944766457827906109 1 false 1}] lastApplied:1
2025/11/04 16:02:36 [16:02:36.907] [Node:0] [LOG_REPLICA] [Trace:LOG_0_1][0->3] 心跳返回 from peer:3 term:1 success:true
2025/11/04 16:02:36 [16:02:36.907] [Node:0] [LOG_REPLICA] [Trace:LOG_0_1][0->3] 日志复制返回成功 from peer:3 term:1 agreeCount:4 log [{8944766457827906109 1 false 1}]
2025/11/04 16:02:36 [16:02:36.907] [Node:0] [LOG_REPLICA] [Trace:LOG_0_1][0->3] 更新后 server:3 matchIndex:1 nextIndex:2
2025/11/04 16:02:36 [16:02:36.907] [Node:0] [LOG_COMMIT] [Trace:LOG_0_1] 日志复制返回成功 多数同意，提交日志给KV服务器 index:1 term:1 majorityCount:4
2025/11/04 16:02:36 [16:02:36.907] [Node:0] [LOG_REPLICA] [Trace:LOG_0_1][0->2] 心跳返回 from peer:2 term:1 success:true
2025/11/04 16:02:36 [16:02:36.907] [Node:0] [LOG_REPLICA] [Trace:LOG_0_1][0->2] 日志复制返回成功 from peer:2 term:1 agreeCount:5 log [{8944766457827906109 1 false 1}]
2025/11/04 16:02:36 [16:02:36.907] [Node:0] [LOG_REPLICA] [Trace:LOG_0_1][0->2] 更新后 server:2 matchIndex:1 nextIndex:2
2025/11/04 16:02:36 [16:02:36.907] [Node:0] [LOG_COMMIT] [Trace:LOG_0_1] 日志复制返回成功 多数同意，提交日志给KV服务器 index:1 term:1 majorityCount:5
2025/11/04 16:02:36 rfats [0xc000128000 0xc0001ba000 0xc0001ba0e0 0xc0001ba1c0 0xc0001ba2a0]
2025/11/04 16:02:36 i 0 cmd1 8944766457827906109, ok true
2025/11/04 16:02:36 i 1 cmd1 <nil>, ok false
2025/11/04 16:02:36 i 2 cmd1 <nil>, ok false
2025/11/04 16:02:36 i 3 cmd1 <nil>, ok false
2025/11/04 16:02:36 i 4 cmd1 <nil>, ok false
2025/11/04 16:02:36 nd 1, cmd1 8944766457827906109 cmd 8944766457827906109
2025/11/04 16:02:36 [16:02:36.926] [Node:0] [RPC_RECV] [Trace:CLIENT_0_1762243356926686000] 接收到日志命令:83701232492691596 isLeader:true term:1
2025/11/04 16:02:36 [16:02:36.926] [Node:1] [RPC_RECV] [Trace:CLIENT_1_1762243356926914000] 接收到日志命令:1057489745889497673 isLeader:false term:1
2025/11/04 16:02:36 [16:02:36.926] [Node:2] [RPC_RECV] [Trace:CLIENT_2_1762243356926954000] 接收到日志命令:4944240859820432060 isLeader:false term:1
2025/11/04 16:02:36 [16:02:36.926] [Node:3] [RPC_RECV] [Trace:CLIENT_3_1762243356926994000] 接收到日志命令:6499612377298871951 isLeader:false term:1
2025/11/04 16:02:36 [16:02:36.927] [Node:4] [RPC_RECV] [Trace:CLIENT_4_1762243356927024000] 接收到日志命令:6876686165104288849 isLeader:false term:1
2025/11/04 16:02:36 [16:02:36.937] [Node:1] [RPC_RECV] [Trace:CLIENT_1_1762243356937962000] 接收到日志命令:7582735748710638387 isLeader:false term:1
2025/11/04 16:02:36 [16:02:36.938] [Node:2] [RPC_RECV] [Trace:CLIENT_2_1762243356938047000] 接收到日志命令:9169353593750175336 isLeader:false term:1
2025/11/04 16:02:36 [16:02:36.938] [Node:3] [RPC_RECV] [Trace:CLIENT_3_1762243356938070000] 接收到日志命令:1303202895875105018 isLeader:false term:1
2025/11/04 16:02:36 [16:02:36.938] [Node:4] [RPC_RECV] [Trace:CLIENT_4_1762243356938106000] 接收到日志命令:835692808044072279 isLeader:false term:1
2025/11/04 16:02:36 [16:02:36.942] [Node:1] [RPC_RECV] [Trace:CLIENT_1_1762243356942657000] 接收到日志命令:8079002610523631944 isLeader:false term:1
2025/11/04 16:02:36 [16:02:36.942] [Node:2] [RPC_RECV] [Trace:CLIENT_2_1762243356942693000] 接收到日志命令:5620099159644261831 isLeader:false term:1
2025/11/04 16:02:36 [16:02:36.942] [Node:3] [RPC_RECV] [Trace:CLIENT_3_1762243356942712000] 接收到日志命令:5884511589483786622 isLeader:false term:1
2025/11/04 16:02:36 [16:02:36.942] [Node:4] [RPC_RECV] [Trace:CLIENT_4_1762243356942733000] 接收到日志命令:4496524882226968806 isLeader:false term:1
2025/11/04 16:02:36 [16:02:36.951] [Node:1] [RPC_RECV] [Trace:CLIENT_1_1762243356951481000] 接收到日志命令:8958643055148104237 isLeader:false term:1
2025/11/04 16:02:36 [16:02:36.951] [Node:2] [RPC_RECV] [Trace:CLIENT_2_1762243356951598000] 接收到日志命令:5505889092428439627 isLeader:false term:1
2025/11/04 16:02:36 [16:02:36.951] [Node:3] [RPC_RECV] [Trace:CLIENT_3_1762243356951635000] 接收到日志命令:5620741586349909013 isLeader:false term:1
2025/11/04 16:02:36 [16:02:36.951] [Node:4] [RPC_RECV] [Trace:CLIENT_4_1762243356951676000] 接收到日志命令:5524957048265210998 isLeader:false term:1
2025/11/04 16:02:36 [16:02:36.955] [Node:1] [RPC_RECV] [Trace:CLIENT_1_1762243356955018000] 接收到日志命令:3660916054816622814 isLeader:false term:1
2025/11/04 16:02:36 [16:02:36.955] [Node:2] [RPC_RECV] [Trace:CLIENT_2_1762243356955054000] 接收到日志命令:6365518385078350057 isLeader:false term:1
2025/11/04 16:02:36 [16:02:36.955] [Node:3] [RPC_RECV] [Trace:CLIENT_3_1762243356955096000] 接收到日志命令:4344469071627583164 isLeader:false term:1
2025/11/04 16:02:36 [16:02:36.955] [Node:4] [RPC_RECV] [Trace:CLIENT_4_1762243356955122000] 接收到日志命令:7921050012045472049 isLeader:false term:1
2025/11/04 16:02:36 [16:02:36.966] [Node:1] [RPC_RECV] [Trace:CLIENT_1_1762243356966079000] 接收到日志命令:5500608270333855973 isLeader:false term:1
2025/11/04 16:02:36 [16:02:36.966] [Node:2] [RPC_RECV] [Trace:CLIENT_2_1762243356966197000] 接收到日志命令:258839498374911103 isLeader:false term:1
2025/11/04 16:02:36 [16:02:36.966] [Node:3] [RPC_RECV] [Trace:CLIENT_3_1762243356966232000] 接收到日志命令:7174729217592860123 isLeader:false term:1
2025/11/04 16:02:36 [16:02:36.966] [Node:4] [RPC_RECV] [Trace:CLIENT_4_1762243356966261000] 接收到日志命令:2059406177485542570 isLeader:false term:1
2025/11/04 16:02:36 [16:02:36.973] [Node:1] [RPC_RECV] [Trace:CLIENT_1_1762243356973080000] 接收到日志命令:954108094188419713 isLeader:false term:1
2025/11/04 16:02:36 [16:02:36.973] [Node:2] [RPC_RECV] [Trace:CLIENT_2_1762243356973208000] 接收到日志命令:3745212870913706178 isLeader:false term:1
2025/11/04 16:02:36 [16:02:36.973] [Node:3] [RPC_RECV] [Trace:CLIENT_3_1762243356973320000] 接收到日志命令:3998443894786568586 isLeader:false term:1
2025/11/04 16:02:36 [16:02:36.973] [Node:4] [RPC_RECV] [Trace:CLIENT_4_1762243356973360000] 接收到日志命令:704042824316473141 isLeader:false term:1
2025/11/04 16:02:36 [16:02:36.974] [Node:1] [RPC_RECV] [Trace:CLIENT_1_1762243356974541000] 接收到日志命令:1492207483855996103 isLeader:false term:1
2025/11/04 16:02:36 [16:02:36.974] [Node:2] [RPC_RECV] [Trace:CLIENT_2_1762243356974633000] 接收到日志命令:7688388584675149181 isLeader:false term:1
2025/11/04 16:02:36 [16:02:36.974] [Node:3] [RPC_RECV] [Trace:CLIENT_3_1762243356974661000] 接收到日志命令:7311533550461397335 isLeader:false term:1
2025/11/04 16:02:36 [16:02:36.974] [Node:4] [RPC_RECV] [Trace:CLIENT_4_1762243356974690000] 接收到日志命令:8226816054334004463 isLeader:false term:1
2025/11/04 16:02:36 [16:02:36.979] [Node:1] [RPC_RECV] [Trace:CLIENT_1_1762243356979027000] 接收到日志命令:7179592071635939425 isLeader:false term:1
2025/11/04 16:02:36 [16:02:36.979] [Node:2] [RPC_RECV] [Trace:CLIENT_2_1762243356979111000] 接收到日志命令:5755741572853802945 isLeader:false term:1
2025/11/04 16:02:36 [16:02:36.979] [Node:3] [RPC_RECV] [Trace:CLIENT_3_1762243356979135000] 接收到日志命令:2120792398965255591 isLeader:false term:1
2025/11/04 16:02:36 [16:02:36.979] [Node:4] [RPC_RECV] [Trace:CLIENT_4_1762243356979158000] 接收到日志命令:8662593532010289120 isLeader:false term:1
2025/11/04 16:02:36 [16:02:36.983] [Node:1] [RPC_RECV] [Trace:CLIENT_1_1762243356983735000] 接收到日志命令:2578935975409018928 isLeader:false term:1
2025/11/04 16:02:36 [16:02:36.983] [Node:2] [RPC_RECV] [Trace:CLIENT_2_1762243356983821000] 接收到日志命令:2570847589628295146 isLeader:false term:1
2025/11/04 16:02:36 [16:02:36.983] [Node:3] [RPC_RECV] [Trace:CLIENT_3_1762243356983850000] 接收到日志命令:6112909696470071555 isLeader:false term:1
2025/11/04 16:02:36 [16:02:36.983] [Node:4] [RPC_RECV] [Trace:CLIENT_4_1762243356983882000] 接收到日志命令:2467519567944790465 isLeader:false term:1
2025/11/04 16:02:36 [16:02:36.996] [Node:1] [RPC_RECV] [Trace:CLIENT_1_1762243356996776000] 接收到日志命令:6393768708572113244 isLeader:false term:1
2025/11/04 16:02:36 [16:02:36.996] [Node:2] [RPC_RECV] [Trace:CLIENT_2_1762243356996876000] 接收到日志命令:1044576691478445924 isLeader:false term:1
2025/11/04 16:02:36 [16:02:36.996] [Node:3] [RPC_RECV] [Trace:CLIENT_3_1762243356996930000] 接收到日志命令:6604069027196989705 isLeader:false term:1
2025/11/04 16:02:36 [16:02:36.996] [Node:4] [RPC_RECV] [Trace:CLIENT_4_1762243356996988000] 接收到日志命令:8630200378688096985 isLeader:false term:1
2025/11/04 16:02:37 [16:02:37.006] [Node:2] [HEARTBEAT] [Trace:HB_2_1] Follower等心跳 status FOLLOWER term:1 commitIndex:0
2025/11/04 16:02:37 [16:02:37.006] [Node:1] [HEARTBEAT] [Trace:HB_1_1] Follower等心跳 status FOLLOWER term:1 commitIndex:0
2025/11/04 16:02:37 [16:02:37.006] [Node:3] [HEARTBEAT] [Trace:HB_3_1] Follower等心跳 status FOLLOWER term:1 commitIndex:0
2025/11/04 16:02:37 [16:02:37.006] [Node:4] [HEARTBEAT] [Trace:HB_4_1] Follower等心跳 status CANDIDATE term:1 commitIndex:0
2025/11/04 16:02:37 [16:02:37.106] [Node:2] [HEARTBEAT] [Trace:HB_2_1] Follower等心跳 status FOLLOWER term:1 commitIndex:0
2025/11/04 16:02:37 [16:02:37.106] [Node:3] [HEARTBEAT] [Trace:HB_3_1] Follower等心跳 status FOLLOWER term:1 commitIndex:0
2025/11/04 16:02:37 [16:02:37.106] [Node:1] [HEARTBEAT] [Trace:HB_1_1] Follower等心跳 status FOLLOWER term:1 commitIndex:0
2025/11/04 16:02:37 [16:02:37.106] [Node:4] [HEARTBEAT] [Trace:HB_4_1] Follower等心跳 status CANDIDATE term:1 commitIndex:0
2025/11/04 16:02:37 [16:02:37.109] [Node:1] [RPC_RECV] [Trace:CLIENT_1_1762243357109549000] 接收到日志命令:6908339430027115063 isLeader:false term:1
2025/11/04 16:02:37 [16:02:37.109] [Node:2] [RPC_RECV] [Trace:CLIENT_2_1762243357109689000] 接收到日志命令:1413210721822050416 isLeader:false term:1
2025/11/04 16:02:37 [16:02:37.109] [Node:3] [RPC_RECV] [Trace:CLIENT_3_1762243357109756000] 接收到日志命令:155542295298391615 isLeader:false term:1
2025/11/04 16:02:37 [16:02:37.109] [Node:4] [RPC_RECV] [Trace:CLIENT_4_1762243357109840000] 接收到日志命令:4657529152620944365 isLeader:false term:1
2025/11/04 16:02:37 [16:02:37.111] [Node:1] [RPC_RECV] [Trace:CLIENT_1_1762243357111061000] 接收到日志命令:7082759618447700201 isLeader:false term:1
2025/11/04 16:02:37 [16:02:37.111] [Node:2] [RPC_RECV] [Trace:CLIENT_2_1762243357111124000] 接收到日志命令:2508394133958989639 isLeader:false term:1
2025/11/04 16:02:37 [16:02:37.111] [Node:3] [RPC_RECV] [Trace:CLIENT_3_1762243357111154000] 接收到日志命令:3730241675514060647 isLeader:false term:1
2025/11/04 16:02:37 [16:02:37.111] [Node:4] [RPC_RECV] [Trace:CLIENT_4_1762243357111186000] 接收到日志命令:3552214079243418071 isLeader:false term:1
2025/11/04 16:02:37 [16:02:37.111] [Node:1] [RPC_RECV] [Trace:CLIENT_1_1762243357111215000] 接收到日志命令:3695862097395679967 isLeader:false term:1
2025/11/04 16:02:37 [16:02:37.111] [Node:2] [RPC_RECV] [Trace:CLIENT_2_1762243357111263000] 接收到日志命令:7619420275648368356 isLeader:false term:1
2025/11/04 16:02:37 [16:02:37.111] [Node:3] [RPC_RECV] [Trace:CLIENT_3_1762243357111286000] 接收到日志命令:289867635857445541 isLeader:false term:1
2025/11/04 16:02:37 [16:02:37.111] [Node:4] [RPC_RECV] [Trace:CLIENT_4_1762243357111325000] 接收到日志命令:7640121585976501374 isLeader:false term:1
2025/11/04 16:02:37 [16:02:37.115] [Node:1] [RPC_RECV] [Trace:CLIENT_1_1762243357115887000] 接收到日志命令:2168761400146671383 isLeader:false term:1
2025/11/04 16:02:37 [16:02:37.115] [Node:2] [RPC_RECV] [Trace:CLIENT_2_1762243357115992000] 接收到日志命令:5030198996311888498 isLeader:false term:1
2025/11/04 16:02:37 [16:02:37.116] [Node:3] [RPC_RECV] [Trace:CLIENT_3_1762243357116016000] 接收到日志命令:5343054108022025568 isLeader:false term:1
2025/11/04 16:02:37 [16:02:37.116] [Node:4] [RPC_RECV] [Trace:CLIENT_4_1762243357116042000] 接收到日志命令:4092538065743692332 isLeader:false term:1
2025/11/04 16:02:37 [16:02:37.120] [Node:1] [RPC_RECV] [Trace:CLIENT_1_1762243357120553000] 接收到日志命令:813720257826223393 isLeader:false term:1
2025/11/04 16:02:37 [16:02:37.120] [Node:2] [RPC_RECV] [Trace:CLIENT_2_1762243357120638000] 接收到日志命令:6542276889536330514 isLeader:false term:1
2025/11/04 16:02:37 [16:02:37.120] [Node:3] [RPC_RECV] [Trace:CLIENT_3_1762243357120673000] 接收到日志命令:2477334806754206869 isLeader:false term:1
2025/11/04 16:02:37 [16:02:37.120] [Node:4] [RPC_RECV] [Trace:CLIENT_4_1762243357120700000] 接收到日志命令:8836207810826732392 isLeader:false term:1
2025/11/04 16:02:37 [16:02:37.124] [Node:1] [RPC_RECV] [Trace:CLIENT_1_1762243357124140000] 接收到日志命令:3055177670826603712 isLeader:false term:1
2025/11/04 16:02:37 [16:02:37.124] [Node:2] [RPC_RECV] [Trace:CLIENT_2_1762243357124211000] 接收到日志命令:5469122311012311529 isLeader:false term:1
2025/11/04 16:02:37 [16:02:37.124] [Node:3] [RPC_RECV] [Trace:CLIENT_3_1762243357124236000] 接收到日志命令:1355035181794165925 isLeader:false term:1
2025/11/04 16:02:37 [16:02:37.124] [Node:4] [RPC_RECV] [Trace:CLIENT_4_1762243357124264000] 接收到日志命令:6101753285398925879 isLeader:false term:1
2025/11/04 16:02:37 [16:02:37.126] [Node:4] [INFO] [STATE_CHANGE] CANDIDATE->FOLLOWER term:1 reason:变成Candidate
2025/11/04 16:02:37 [16:02:37.126] [Node:4] [TIMER_EVENT] [Trace:TIMER_4] 超时选举 since:222.865333ms threshold:221.256202ms
2025/11/04 16:02:37 [16:02:37.126] [Node:4] [RPC_SEND] [Trace:ELEC_4_2] 发送选举请求
2025/11/04 16:02:37 [16:02:37.126] [Node:4] [RPC_SEND] [Trace:ELEC_4_2] 发送选举请求
2025/11/04 16:02:37 [16:02:37.126] [Node:4] [RPC_SEND] [Trace:ELEC_4_2] 发送选举请求
2025/11/04 16:02:37 [16:02:37.126] [Node:4] [RPC_SEND] [Trace:ELEC_4_2] 发送选举请求
2025/11/04 16:02:37 [16:02:37.127] [Node:2] [RPC_RECV] [Trace:ELEC_4_2][4->2] RequestVote 接受 term:2 candidateId:4 lastLogIndex:1 lastLogTerm:1 currentTerm:1 status:FOLLOWER
2025/11/04 16:02:37 [16:02:37.127] [Node:2] [INFO] [STATE_CHANGE] FOLLOWER->FOLLOWER term:1 reason:降级成follower
2025/11/04 16:02:37 [16:02:37.127] [Node:3] [RPC_RECV] [Trace:ELEC_4_2][4->3] RequestVote 接受 term:2 candidateId:4 lastLogIndex:1 lastLogTerm:1 currentTerm:1 status:FOLLOWER
2025/11/04 16:02:37 [16:02:37.127] [Node:1] [RPC_RECV] [Trace:ELEC_4_2][4->1] RequestVote 接受 term:2 candidateId:4 lastLogIndex:1 lastLogTerm:1 currentTerm:1 status:FOLLOWER
2025/11/04 16:02:37 [16:02:37.127] [Node:3] [INFO] [STATE_CHANGE] FOLLOWER->FOLLOWER term:1 reason:降级成follower
2025/11/04 16:02:37 [16:02:37.127] [Node:1] [INFO] [STATE_CHANGE] FOLLOWER->FOLLOWER term:1 reason:降级成follower
2025/11/04 16:02:37 [16:02:37.127] [Node:2] [RPC_RECV] [Trace:ELEC_4_2][4->2] 投票信息 votedFor:-1 lastLogTerm:1 lastLogIndex:1
2025/11/04 16:02:37 [16:02:37.127] [Node:2] [RPC_RECV] [Trace:ELEC_4_2][4->2] 投票给 candidate:4 term:2
2025/11/04 16:02:37 [16:02:37.127] [Node:3] [RPC_RECV] [Trace:ELEC_4_2][4->3] 投票信息 votedFor:-1 lastLogTerm:1 lastLogIndex:1
2025/11/04 16:02:37 [16:02:37.127] [Node:3] [RPC_RECV] [Trace:ELEC_4_2][4->3] 投票给 candidate:4 term:2
2025/11/04 16:02:37 [16:02:37.127] [Node:1] [RPC_RECV] [Trace:ELEC_4_2][4->1] 投票信息 votedFor:-1 lastLogTerm:1 lastLogIndex:1
2025/11/04 16:02:37 [16:02:37.127] [Node:1] [RPC_RECV] [Trace:ELEC_4_2][4->1] 投票给 candidate:4 term:2
2025/11/04 16:02:37 [16:02:37.127] [Node:4] [RPC_SEND] [Trace:ELEC_4_2] 处理投票返回 for term 2 reply:{2 true}
2025/11/04 16:02:37 [16:02:37.127] [Node:4] [RPC_SEND] [Trace:ELEC_4_2] 处理投票返回 for term 2 reply:{2 true}
2025/11/04 16:02:37 [16:02:37.127] [Node:4] [INFO] [STATE_CHANGE] CANDIDATE->LEADER term:2 reason:成为Leader
2025/11/04 16:02:37 [16:02:37.127] [Node:4] [RPC_SEND] [Trace:ELEC_4_2] 处理投票返回 for term 2 reply:{2 true}
2025/11/04 16:02:37 [16:02:37.132] [Node:1] [RPC_RECV] [Trace:CLIENT_1_1762243357132511000] 接收到日志命令:5870291247627224207 isLeader:false term:2
2025/11/04 16:02:37 [16:02:37.132] [Node:2] [RPC_RECV] [Trace:CLIENT_2_1762243357132588000] 接收到日志命令:6577293901999673998 isLeader:false term:2
2025/11/04 16:02:37 [16:02:37.132] [Node:3] [RPC_RECV] [Trace:CLIENT_3_1762243357132614000] 接收到日志命令:550739442779957647 isLeader:false term:2
2025/11/04 16:02:37 [16:02:37.132] [Node:4] [RPC_RECV] [Trace:CLIENT_4_1762243357132636000] 接收到日志命令:5267375492348371869 isLeader:true term:2
2025/11/04 16:02:37 [16:02:37.132] [Node:1] [RPC_RECV] [Trace:CLIENT_1_1762243357132786000] 接收到日志命令:2263475384760198550 isLeader:false term:2
2025/11/04 16:02:37 [16:02:37.132] [Node:2] [RPC_RECV] [Trace:CLIENT_2_1762243357132815000] 接收到日志命令:919850119075521107 isLeader:false term:2
2025/11/04 16:02:37 [16:02:37.132] [Node:3] [RPC_RECV] [Trace:CLIENT_3_1762243357132843000] 接收到日志命令:2336567523273023201 isLeader:false term:2
2025/11/04 16:02:37 [16:02:37.137] [Node:1] [RPC_RECV] [Trace:CLIENT_1_1762243357137942000] 接收到日志命令:2290994437422570243 isLeader:false term:2
2025/11/04 16:02:37 [16:02:37.138] [Node:2] [RPC_RECV] [Trace:CLIENT_2_1762243357138029000] 接收到日志命令:4473785286474600030 isLeader:false term:2
2025/11/04 16:02:37 [16:02:37.138] [Node:3] [RPC_RECV] [Trace:CLIENT_3_1762243357138054000] 接收到日志命令:4994351859755054313 isLeader:false term:2
2025/11/04 16:02:37 [16:02:37.207] [Node:1] [HEARTBEAT] [Trace:HB_1_2] Follower等心跳 status FOLLOWER term:2 commitIndex:0
2025/11/04 16:02:37 [16:02:37.207] [Node:2] [HEARTBEAT] [Trace:HB_2_2] Follower等心跳 status FOLLOWER term:2 commitIndex:0
2025/11/04 16:02:37 [16:02:37.207] [Node:3] [HEARTBEAT] [Trace:HB_3_2] Follower等心跳 status FOLLOWER term:2 commitIndex:0
2025/11/04 16:02:37 [16:02:37.229] [Node:1] [RPC_RECV] [Trace:CLIENT_1_1762243357229790000] 接收到日志命令:2721428652230948288 isLeader:false term:2
2025/11/04 16:02:37 [16:02:37.229] [Node:2] [RPC_RECV] [Trace:CLIENT_2_1762243357229912000] 接收到日志命令:6399715427614650097 isLeader:false term:2
2025/11/04 16:02:37 [16:02:37.229] [Node:3] [RPC_RECV] [Trace:CLIENT_3_1762243357229948000] 接收到日志命令:8397477794012392093 isLeader:false term:2
2025/11/04 16:02:37 [16:02:37.236] [Node:1] [RPC_RECV] [Trace:CLIENT_1_1762243357236163000] 接收到日志命令:7500532322660540903 isLeader:false term:2
2025/11/04 16:02:37 [16:02:37.236] [Node:2] [RPC_RECV] [Trace:CLIENT_2_1762243357236254000] 接收到日志命令:7741259398420129906 isLeader:false term:2
2025/11/04 16:02:37 [16:02:37.236] [Node:3] [RPC_RECV] [Trace:CLIENT_3_1762243357236286000] 接收到日志命令:448782302494049286 isLeader:false term:2
2025/11/04 16:02:37 [16:02:37.238] [Node:1] [RPC_RECV] [Trace:CLIENT_1_1762243357238586000] 接收到日志命令:8324867517619444536 isLeader:false term:2
2025/11/04 16:02:37 [16:02:37.238] [Node:2] [RPC_RECV] [Trace:CLIENT_2_1762243357238647000] 接收到日志命令:3497451189446278260 isLeader:false term:2
2025/11/04 16:02:37 [16:02:37.238] [Node:3] [RPC_RECV] [Trace:CLIENT_3_1762243357238684000] 接收到日志命令:7765285685696157464 isLeader:false term:2
2025/11/04 16:02:37 [16:02:37.243] [Node:1] [RPC_RECV] [Trace:CLIENT_1_1762243357243237000] 接收到日志命令:491281234710030419 isLeader:false term:2
2025/11/04 16:02:37 [16:02:37.243] [Node:2] [RPC_RECV] [Trace:CLIENT_2_1762243357243320000] 接收到日志命令:6260213712227753161 isLeader:false term:2
2025/11/04 16:02:37 [16:02:37.243] [Node:3] [RPC_RECV] [Trace:CLIENT_3_1762243357243379000] 接收到日志命令:7828881722406629879 isLeader:false term:2
2025/11/04 16:02:37 [16:02:37.251] [Node:1] [RPC_RECV] [Trace:CLIENT_1_1762243357251176000] 接收到日志命令:3392903108612090101 isLeader:false term:2
2025/11/04 16:02:37 [16:02:37.251] [Node:2] [RPC_RECV] [Trace:CLIENT_2_1762243357251256000] 接收到日志命令:5092179629326534844 isLeader:false term:2
2025/11/04 16:02:37 [16:02:37.251] [Node:3] [RPC_RECV] [Trace:CLIENT_3_1762243357251313000] 接收到日志命令:1844330738185431419 isLeader:false term:2
2025/11/04 16:02:37 [16:02:37.261] [Node:1] [RPC_RECV] [Trace:CLIENT_1_1762243357260993000] 接收到日志命令:1660219352536419074 isLeader:false term:2
2025/11/04 16:02:37 [16:02:37.261] [Node:2] [RPC_RECV] [Trace:CLIENT_2_1762243357261091000] 接收到日志命令:9195248094908097026 isLeader:false term:2
2025/11/04 16:02:37 [16:02:37.261] [Node:3] [RPC_RECV] [Trace:CLIENT_3_1762243357261118000] 接收到日志命令:4464351808338398408 isLeader:false term:2
2025/11/04 16:02:37 [16:02:37.267] [Node:1] [RPC_RECV] [Trace:CLIENT_1_1762243357267350000] 接收到日志命令:497342207973544280 isLeader:false term:2
2025/11/04 16:02:37 [16:02:37.267] [Node:2] [RPC_RECV] [Trace:CLIENT_2_1762243357267422000] 接收到日志命令:3665084952989291017 isLeader:false term:2
2025/11/04 16:02:37 [16:02:37.267] [Node:3] [RPC_RECV] [Trace:CLIENT_3_1762243357267450000] 接收到日志命令:8476585052087635685 isLeader:false term:2
2025/11/04 16:02:37 [16:02:37.275] [Node:1] [RPC_RECV] [Trace:CLIENT_1_1762243357275411000] 接收到日志命令:2605422051613198212 isLeader:false term:2
2025/11/04 16:02:37 [16:02:37.275] [Node:2] [RPC_RECV] [Trace:CLIENT_2_1762243357275514000] 接收到日志命令:6330270893776551362 isLeader:false term:2
2025/11/04 16:02:37 [16:02:37.275] [Node:3] [RPC_RECV] [Trace:CLIENT_3_1762243357275542000] 接收到日志命令:7186161719356715110 isLeader:false term:2
2025/11/04 16:02:37 [16:02:37.275] [Node:1] [RPC_RECV] [Trace:CLIENT_1_1762243357275568000] 接收到日志命令:5035649605783495171 isLeader:false term:2
2025/11/04 16:02:37 [16:02:37.275] [Node:2] [RPC_RECV] [Trace:CLIENT_2_1762243357275613000] 接收到日志命令:1634141204016261208 isLeader:false term:2
2025/11/04 16:02:37 [16:02:37.275] [Node:3] [RPC_RECV] [Trace:CLIENT_3_1762243357275639000] 接收到日志命令:3376287470414065310 isLeader:false term:2
2025/11/04 16:02:37 [16:02:37.287] [Node:1] [RPC_RECV] [Trace:CLIENT_1_1762243357287781000] 接收到日志命令:8261460720863523071 isLeader:false term:2
2025/11/04 16:02:37 [16:02:37.287] [Node:2] [RPC_RECV] [Trace:CLIENT_2_1762243357287877000] 接收到日志命令:4347578619416234209 isLeader:false term:2
2025/11/04 16:02:37 [16:02:37.287] [Node:3] [RPC_RECV] [Trace:CLIENT_3_1762243357287905000] 接收到日志命令:4465056019873795838 isLeader:false term:2
2025/11/04 16:02:37 [16:02:37.294] [Node:1] [RPC_RECV] [Trace:CLIENT_1_1762243357294749000] 接收到日志命令:491551018704242369 isLeader:false term:2
2025/11/04 16:02:37 [16:02:37.294] [Node:2] [RPC_RECV] [Trace:CLIENT_2_1762243357294852000] 接收到日志命令:6644496008512477026 isLeader:false term:2
2025/11/04 16:02:37 [16:02:37.294] [Node:3] [RPC_RECV] [Trace:CLIENT_3_1762243357294882000] 接收到日志命令:2051390007321178992 isLeader:false term:2
2025/11/04 16:02:37 [16:02:37.308] [Node:3] [HEARTBEAT] [Trace:HB_3_2] Follower等心跳 status FOLLOWER term:2 commitIndex:0
2025/11/04 16:02:37 [16:02:37.308] [Node:1] [RPC_RECV] [Trace:CLIENT_1_1762243357307989000] 接收到日志命令:8797979069560766853 isLeader:false term:2
2025/11/04 16:02:37 [16:02:37.308] [Node:2] [HEARTBEAT] [Trace:HB_2_2] Follower等心跳 status FOLLOWER term:2 commitIndex:0
2025/11/04 16:02:37 [16:02:37.310] [Node:2] [RPC_RECV] [Trace:CLIENT_2_1762243357308748000] 接收到日志命令:7182120523491602954 isLeader:false term:2
2025/11/04 16:02:37 [16:02:37.310] [Node:3] [RPC_RECV] [Trace:CLIENT_3_1762243357310205000] 接收到日志命令:5294557940389707188 isLeader:false term:2
2025/11/04 16:02:37 [16:02:37.310] [Node:1] [HEARTBEAT] [Trace:HB_1_2] Follower等心跳 status FOLLOWER term:2 commitIndex:0
2025/11/04 16:02:37 [16:02:37.325] [Node:1] [RPC_RECV] [Trace:CLIENT_1_1762243357325007000] 接收到日志命令:121340232507840528 isLeader:false term:2
2025/11/04 16:02:37 [16:02:37.326] [Node:2] [RPC_RECV] [Trace:CLIENT_2_1762243357325751000] 接收到日志命令:1116235685179583115 isLeader:false term:2
2025/11/04 16:02:37 [16:02:37.326] [Node:3] [RPC_RECV] [Trace:CLIENT_3_1762243357326412000] 接收到日志命令:6464244212665375572 isLeader:false term:2
2025/11/04 16:02:37 [16:02:37.335] [Node:1] [RPC_RECV] [Trace:CLIENT_1_1762243357335319000] 接收到日志命令:7058122137882651413 isLeader:false term:2
2025/11/04 16:02:37 [16:02:37.336] [Node:2] [RPC_RECV] [Trace:CLIENT_2_1762243357335733000] 接收到日志命令:8950317435708438474 isLeader:false term:2
2025/11/04 16:02:37 [16:02:37.336] [Node:3] [RPC_RECV] [Trace:CLIENT_3_1762243357336176000] 接收到日志命令:7957721517513589516 isLeader:false term:2
2025/11/04 16:02:37 [16:02:37.361] [Node:3] [INFO] [STATE_CHANGE] FOLLOWER->FOLLOWER term:2 reason:变成Candidate
2025/11/04 16:02:37 [16:02:37.362] [Node:3] [TIMER_EVENT] [Trace:TIMER_3] 超时选举 since:234.506542ms threshold:229.37389ms
2025/11/04 16:02:37 [16:02:37.362] [Node:3] [RPC_SEND] [Trace:ELEC_3_3] 发送选举请求
2025/11/04 16:02:37 [16:02:37.362] [Node:3] [RPC_SEND] [Trace:ELEC_3_3] 发送选举请求
2025/11/04 16:02:37 [16:02:37.362] [Node:3] [RPC_SEND] [Trace:ELEC_3_3] 发送选举请求
2025/11/04 16:02:37 [16:02:37.362] [Node:3] [RPC_SEND] [Trace:ELEC_3_3] 发送选举请求
2025/11/04 16:02:37 [16:02:37.363] [Node:2] [RPC_RECV] [Trace:ELEC_3_3][3->2] RequestVote 接受 term:3 candidateId:3 lastLogIndex:1 lastLogTerm:1 currentTerm:2 status:FOLLOWER
2025/11/04 16:02:37 [16:02:37.363] [Node:2] [INFO] [STATE_CHANGE] FOLLOWER->FOLLOWER term:2 reason:降级成follower
2025/11/04 16:02:37 [16:02:37.363] [Node:2] [RPC_RECV] [Trace:ELEC_3_3][3->2] 投票信息 votedFor:-1 lastLogTerm:1 lastLogIndex:1
2025/11/04 16:02:37 [16:02:37.363] [Node:2] [RPC_RECV] [Trace:ELEC_3_3][3->2] 投票给 candidate:3 term:3
2025/11/04 16:02:37 [16:02:37.364] [Node:1] [RPC_RECV] [Trace:ELEC_3_3][3->1] RequestVote 接受 term:3 candidateId:3 lastLogIndex:1 lastLogTerm:1 currentTerm:2 status:FOLLOWER
2025/11/04 16:02:37 [16:02:37.364] [Node:1] [INFO] [STATE_CHANGE] FOLLOWER->FOLLOWER term:2 reason:降级成follower
2025/11/04 16:02:37 [16:02:37.364] [Node:3] [RPC_SEND] [Trace:ELEC_3_3] 处理投票返回 for term 3 reply:{3 true}
2025/11/04 16:02:37 [16:02:37.364] [Node:1] [RPC_RECV] [Trace:ELEC_3_3][3->1] 投票信息 votedFor:-1 lastLogTerm:1 lastLogIndex:1
2025/11/04 16:02:37 [16:02:37.364] [Node:1] [RPC_RECV] [Trace:ELEC_3_3][3->1] 投票给 candidate:3 term:3
2025/11/04 16:02:37 [16:02:37.364] [Node:3] [RPC_SEND] [Trace:ELEC_3_3] 处理投票返回 for term 3 reply:{3 true}
2025/11/04 16:02:37 [16:02:37.364] [Node:3] [INFO] [STATE_CHANGE] CANDIDATE->LEADER term:3 reason:成为Leader
2025/11/04 16:02:37 [16:02:37.410] [Node:2] [HEARTBEAT] [Trace:HB_2_3] Follower等心跳 status FOLLOWER term:3 commitIndex:0
2025/11/04 16:02:37 [16:02:37.410] [Node:3] [HEARTBEAT] [Trace:HB_3_3] 开始发送心跳广播 status LEADER term:3 commitIndex:0
2025/11/04 16:02:37 [16:02:37.411] [Node:1] [HEARTBEAT] [Trace:HB_1_3] Follower等心跳 status FOLLOWER term:3 commitIndex:0
2025/11/04 16:02:37 [16:02:37.412] [Node:2] [HEARTBEAT] [Trace:LOG_3_3][3->2] AppendEntries 收到 term:3 leaderId:3 prevLogIndex:1 prevLogTerm:1 entries:0 leaderCommit:0 isHeartbeat:true currentTerm:3 status:FOLLOWER
2025/11/04 16:02:37 [16:02:37.412] [Node:2] [HEARTBEAT] [Trace:LOG_3_3][3->2] 打印日志结果:[{<nil> 0 false 0} {8944766457827906109 1 false 1}] 
2025/11/04 16:02:37 [16:02:37.412] [Node:1] [HEARTBEAT] [Trace:LOG_3_3][3->1] AppendEntries 收到 term:3 leaderId:3 prevLogIndex:1 prevLogTerm:1 entries:0 leaderCommit:0 isHeartbeat:true currentTerm:3 status:FOLLOWER
2025/11/04 16:02:37 [16:02:37.412] [Node:1] [HEARTBEAT] [Trace:LOG_3_3][3->1] 打印日志结果:[{<nil> 0 false 0} {8944766457827906109 1 false 1}] 
2025/11/04 16:02:37 [16:02:37.412] [Node:2] [HEARTBEAT] [Trace:LOG_3_3][3->2] 复制日志结果:[{<nil> 0 false 0} {8944766457827906109 1 false 1}] 
2025/11/04 16:02:37 [16:02:37.413] [Node:1] [HEARTBEAT] [Trace:LOG_3_3][3->1] 复制日志结果:[{<nil> 0 false 0} {8944766457827906109 1 false 1}] 
2025/11/04 16:02:37 [16:02:37.413] [Node:3] [LOG_REPLICA] [Trace:LOG_3_3][3->2] 心跳返回 from peer:2 term:3 success:true
2025/11/04 16:02:37 [16:02:37.413] [Node:3] [LOG_REPLICA] [Trace:LOG_3_3][3->1] 心跳返回 from peer:1 term:3 success:true
2025/11/04 16:02:37 [16:02:37.414] [Node:1] [RPC_RECV] [Trace:CLIENT_1_1762243357414552000] 接收到日志命令:7028628289674700049 isLeader:false term:3
2025/11/04 16:02:37 [16:02:37.414] [Node:2] [RPC_RECV] [Trace:CLIENT_2_1762243357414720000] 接收到日志命令:6140914609284195178 isLeader:false term:3
2025/11/04 16:02:37 [16:02:37.414] [Node:3] [RPC_RECV] [Trace:CLIENT_3_1762243357414827000] 接收到日志命令:6509188123634913142 isLeader:true term:3
2025/11/04 16:02:37 [16:02:37.429] [Node:4] [RPC_RECV]  恢复持久化状态 currentTerm:2 votedFor:4 logLen:3
2025/11/04 16:02:37 [16:02:37.429] [Node:4] [HEARTBEAT] [Trace:HB_4_2] Follower等心跳 status FOLLOWER term:2 commitIndex:0
2025/11/04 16:02:37 [16:02:37.430] [Node:1] [RPC_RECV] [Trace:CLIENT_1_1762243357430023000] 接收到日志命令:5508298205660158134 isLeader:false term:3
2025/11/04 16:02:37 [16:02:37.430] [Node:2] [RPC_RECV] [Trace:CLIENT_2_1762243357430122000] 接收到日志命令:6950537402173559077 isLeader:false term:3
2025/11/04 16:02:37 [16:02:37.430] [Node:4] [RPC_RECV] [Trace:CLIENT_4_1762243357430198000] 接收到日志命令:4170034632140937043 isLeader:false term:2
2025/11/04 16:02:37 [16:02:37.433] [Node:1] [RPC_RECV] [Trace:CLIENT_1_1762243357433515000] 接收到日志命令:4254808896264161890 isLeader:false term:3
2025/11/04 16:02:37 [16:02:37.433] [Node:2] [RPC_RECV] [Trace:CLIENT_2_1762243357433686000] 接收到日志命令:1534337898708007093 isLeader:false term:3
2025/11/04 16:02:37 [16:02:37.433] [Node:4] [RPC_RECV] [Trace:CLIENT_4_1762243357433752000] 接收到日志命令:3342730802712976517 isLeader:false term:2
2025/11/04 16:02:37 [16:02:37.448] [Node:1] [RPC_RECV] [Trace:CLIENT_1_1762243357448886000] 接收到日志命令:7676996550772653597 isLeader:false term:3
2025/11/04 16:02:37 [16:02:37.449] [Node:2] [RPC_RECV] [Trace:CLIENT_2_1762243357449016000] 接收到日志命令:6711207008641454786 isLeader:false term:3
2025/11/04 16:02:37 [16:02:37.449] [Node:4] [RPC_RECV] [Trace:CLIENT_4_1762243357449046000] 接收到日志命令:5769909856306467487 isLeader:false term:2
2025/11/04 16:02:37 [16:02:37.461] [Node:1] [RPC_RECV] [Trace:CLIENT_1_1762243357461317000] 接收到日志命令:5784123059790395752 isLeader:false term:3
2025/11/04 16:02:37 [16:02:37.461] [Node:2] [RPC_RECV] [Trace:CLIENT_2_1762243357461407000] 接收到日志命令:1733057502341052481 isLeader:false term:3
2025/11/04 16:02:37 [16:02:37.461] [Node:4] [RPC_RECV] [Trace:CLIENT_4_1762243357461437000] 接收到日志命令:8806688446146304611 isLeader:false term:2
2025/11/04 16:02:37 [16:02:37.471] [Node:1] [RPC_RECV] [Trace:CLIENT_1_1762243357470988000] 接收到日志命令:8517046567001228658 isLeader:false term:3
2025/11/04 16:02:37 [16:02:37.471] [Node:2] [RPC_RECV] [Trace:CLIENT_2_1762243357471100000] 接收到日志命令:7220783350702299075 isLeader:false term:3
2025/11/04 16:02:37 [16:02:37.471] [Node:4] [RPC_RECV] [Trace:CLIENT_4_1762243357471209000] 接收到日志命令:8753656468246904623 isLeader:false term:2
2025/11/04 16:02:37 [16:02:37.475] [Node:1] [RPC_RECV] [Trace:CLIENT_1_1762243357475756000] 接收到日志命令:6752610575223320829 isLeader:false term:3
2025/11/04 16:02:37 [16:02:37.475] [Node:2] [RPC_RECV] [Trace:CLIENT_2_1762243357475868000] 接收到日志命令:592143133519029946 isLeader:false term:3
2025/11/04 16:02:37 [16:02:37.475] [Node:4] [RPC_RECV] [Trace:CLIENT_4_1762243357475909000] 接收到日志命令:8561239864047672279 isLeader:false term:2
2025/11/04 16:02:37 [16:02:37.477] [Node:1] [RPC_RECV] [Trace:CLIENT_1_1762243357477135000] 接收到日志命令:2401033548903462303 isLeader:false term:3
2025/11/04 16:02:37 [16:02:37.477] [Node:2] [RPC_RECV] [Trace:CLIENT_2_1762243357477226000] 接收到日志命令:5557097925438572024 isLeader:false term:3
2025/11/04 16:02:37 [16:02:37.477] [Node:4] [RPC_RECV] [Trace:CLIENT_4_1762243357477264000] 接收到日志命令:3051370698654557605 isLeader:false term:2
2025/11/04 16:02:37 [16:02:37.511] [Node:2] [HEARTBEAT] [Trace:HB_2_3] Follower等心跳 status FOLLOWER term:3 commitIndex:0
2025/11/04 16:02:37 [16:02:37.511] [Node:1] [HEARTBEAT] [Trace:HB_1_3] Follower等心跳 status FOLLOWER term:3 commitIndex:0
2025/11/04 16:02:37 [16:02:37.530] [Node:4] [HEARTBEAT] [Trace:HB_4_2] Follower等心跳 status FOLLOWER term:2 commitIndex:0
2025/11/04 16:02:37 [16:02:37.611] [Node:2] [HEARTBEAT] [Trace:HB_2_3] Follower等心跳 status FOLLOWER term:3 commitIndex:0
2025/11/04 16:02:37 [16:02:37.611] [Node:1] [HEARTBEAT] [Trace:HB_1_3] Follower等心跳 status FOLLOWER term:3 commitIndex:0
2025/11/04 16:02:37 [16:02:37.632] [Node:4] [HEARTBEAT] [Trace:HB_4_2] Follower等心跳 status FOLLOWER term:2 commitIndex:0
2025/11/04 16:02:37 [16:02:37.712] [Node:2] [HEARTBEAT] [Trace:HB_2_3] Follower等心跳 status FOLLOWER term:3 commitIndex:0
2025/11/04 16:02:37 [16:02:37.712] [Node:1] [HEARTBEAT] [Trace:HB_1_3] Follower等心跳 status FOLLOWER term:3 commitIndex:0
2025/11/04 16:02:37 [16:02:37.720] [Node:1] [INFO] [STATE_CHANGE] FOLLOWER->FOLLOWER term:3 reason:变成Candidate
2025/11/04 16:02:37 [16:02:37.720] [Node:2] [INFO] [STATE_CHANGE] FOLLOWER->FOLLOWER term:3 reason:变成Candidate
2025/11/04 16:02:37 [16:02:37.720] [Node:1] [TIMER_EVENT] [Trace:TIMER_1] 超时选举 since:307.49675ms threshold:225.767646ms
2025/11/04 16:02:37 [16:02:37.720] [Node:2] [TIMER_EVENT] [Trace:TIMER_2] 超时选举 since:307.844416ms threshold:249.635126ms
2025/11/04 16:02:37 [16:02:37.720] [Node:1] [RPC_SEND] [Trace:ELEC_1_4] 发送选举请求
2025/11/04 16:02:37 [16:02:37.720] [Node:1] [RPC_SEND] [Trace:ELEC_1_4] 发送选举请求
2025/11/04 16:02:37 [16:02:37.720] [Node:1] [RPC_SEND] [Trace:ELEC_1_4] 发送选举请求
2025/11/04 16:02:37 [16:02:37.720] [Node:2] [RPC_SEND] [Trace:ELEC_2_4] 发送选举请求
2025/11/04 16:02:37 [16:02:37.720] [Node:2] [RPC_SEND] [Trace:ELEC_2_4] 发送选举请求
2025/11/04 16:02:37 [16:02:37.720] [Node:2] [RPC_SEND] [Trace:ELEC_2_4] 发送选举请求
2025/11/04 16:02:37 [16:02:37.720] [Node:2] [RPC_SEND] [Trace:ELEC_2_4] 发送选举请求
2025/11/04 16:02:37 [16:02:37.720] [Node:1] [RPC_SEND] [Trace:ELEC_1_4] 发送选举请求
2025/11/04 16:02:37 [16:02:37.720] [Node:4] [RPC_RECV] [Trace:ELEC_1_4][1->4] RequestVote 接受 term:4 candidateId:1 lastLogIndex:1 lastLogTerm:1 currentTerm:2 status:FOLLOWER
2025/11/04 16:02:37 [16:02:37.720] [Node:4] [INFO] [STATE_CHANGE] FOLLOWER->FOLLOWER term:2 reason:降级成follower
2025/11/04 16:02:37 [16:02:37.720] [Node:4] [RPC_RECV] [Trace:ELEC_1_4][1->4] 投票信息 votedFor:-1 lastLogTerm:2 lastLogIndex:2
2025/11/04 16:02:37 [16:02:37.721] [Node:4] [RPC_RECV] [Trace:ELEC_1_4][1->4] 投票失败兜底 candidate:1 term:4
2025/11/04 16:02:37 [16:02:37.721] [Node:2] [RPC_RECV] [Trace:ELEC_1_4][1->2] RequestVote 接受 term:4 candidateId:1 lastLogIndex:1 lastLogTerm:1 currentTerm:4 status:CANDIDATE
2025/11/04 16:02:37 [16:02:37.721] [Node:2] [RPC_RECV] [Trace:ELEC_1_4][1->2] 投票信息 votedFor:2 lastLogTerm:1 lastLogIndex:1
2025/11/04 16:02:37 [16:02:37.721] [Node:1] [RPC_RECV] [Trace:ELEC_2_4][2->1] RequestVote 接受 term:4 candidateId:2 lastLogIndex:1 lastLogTerm:1 currentTerm:4 status:CANDIDATE
2025/11/04 16:02:37 [16:02:37.721] [Node:4] [RPC_RECV] [Trace:ELEC_2_4][2->4] RequestVote 接受 term:4 candidateId:2 lastLogIndex:1 lastLogTerm:1 currentTerm:4 status:FOLLOWER
2025/11/04 16:02:37 [16:02:37.721] [Node:1] [RPC_RECV] [Trace:ELEC_2_4][2->1] 投票信息 votedFor:1 lastLogTerm:1 lastLogIndex:1
2025/11/04 16:02:37 [16:02:37.721] [Node:2] [RPC_RECV] [Trace:ELEC_1_4][1->2] 投票失败兜底 candidate:1 term:4
2025/11/04 16:02:37 [16:02:37.721] [Node:4] [RPC_RECV] [Trace:ELEC_2_4][2->4] 投票信息 votedFor:-1 lastLogTerm:2 lastLogIndex:2
2025/11/04 16:02:37 [16:02:37.721] [Node:1] [RPC_RECV] [Trace:ELEC_2_4][2->1] 投票失败兜底 candidate:2 term:4
2025/11/04 16:02:37 [16:02:37.721] [Node:4] [RPC_RECV] [Trace:ELEC_2_4][2->4] 投票失败兜底 candidate:2 term:4
2025/11/04 16:02:37 [16:02:37.721] [Node:1] [RPC_SEND] [Trace:ELEC_1_4] 处理投票返回 for term 4 reply:{4 false}
2025/11/04 16:02:37 [16:02:37.721] [Node:2] [RPC_SEND] [Trace:ELEC_2_4] 处理投票返回 for term 4 reply:{4 false}
2025/11/04 16:02:37 [16:02:37.721] [Node:1] [RPC_SEND] [Trace:ELEC_1_4] 处理投票返回 for term 4 reply:{4 false}
2025/11/04 16:02:37 [16:02:37.721] [Node:2] [RPC_SEND] [Trace:ELEC_2_4] 处理投票返回 for term 4 reply:{4 false}
2025/11/04 16:02:37 [16:02:37.732] [Node:4] [HEARTBEAT] [Trace:HB_4_4] Follower等心跳 status FOLLOWER term:4 commitIndex:0
2025/11/04 16:02:37 [16:02:37.752] [Node:4] [INFO] [STATE_CHANGE] FOLLOWER->FOLLOWER term:4 reason:变成Candidate
2025/11/04 16:02:37 [16:02:37.752] [Node:4] [TIMER_EVENT] [Trace:TIMER_4] 超时选举 since:324.650625ms threshold:308.847837ms
2025/11/04 16:02:37 [16:02:37.752] [Node:4] [RPC_SEND] [Trace:ELEC_4_5] 发送选举请求
2025/11/04 16:02:37 [16:02:37.752] [Node:4] [RPC_SEND] [Trace:ELEC_4_5] 发送选举请求
2025/11/04 16:02:37 [16:02:37.752] [Node:4] [RPC_SEND] [Trace:ELEC_4_5] 发送选举请求
2025/11/04 16:02:37 [16:02:37.752] [Node:4] [RPC_SEND] [Trace:ELEC_4_5] 发送选举请求
2025/11/04 16:02:37 [16:02:37.753] [Node:1] [RPC_RECV] [Trace:ELEC_4_5][4->1] RequestVote 接受 term:5 candidateId:4 lastLogIndex:2 lastLogTerm:2 currentTerm:4 status:CANDIDATE
2025/11/04 16:02:37 [16:02:37.753] [Node:2] [RPC_RECV] [Trace:ELEC_4_5][4->2] RequestVote 接受 term:5 candidateId:4 lastLogIndex:2 lastLogTerm:2 currentTerm:4 status:CANDIDATE
2025/11/04 16:02:37 [16:02:37.753] [Node:2] [INFO] [STATE_CHANGE] CANDIDATE->FOLLOWER term:4 reason:降级成follower
2025/11/04 16:02:37 [16:02:37.753] [Node:1] [INFO] [STATE_CHANGE] CANDIDATE->FOLLOWER term:4 reason:降级成follower
2025/11/04 16:02:37 [16:02:37.753] [Node:1] [RPC_RECV] [Trace:ELEC_4_5][4->1] 投票信息 votedFor:-1 lastLogTerm:1 lastLogIndex:1
2025/11/04 16:02:37 [16:02:37.753] [Node:2] [RPC_RECV] [Trace:ELEC_4_5][4->2] 投票信息 votedFor:-1 lastLogTerm:1 lastLogIndex:1
2025/11/04 16:02:37 [16:02:37.753] [Node:2] [RPC_RECV] [Trace:ELEC_4_5][4->2] 投票给 candidate:4 term:5
2025/11/04 16:02:37 [16:02:37.753] [Node:1] [RPC_RECV] [Trace:ELEC_4_5][4->1] 投票给 candidate:4 term:5
2025/11/04 16:02:37 [16:02:37.753] [Node:4] [RPC_SEND] [Trace:ELEC_4_5] 处理投票返回 for term 5 reply:{5 true}
2025/11/04 16:02:37 [16:02:37.753] [Node:4] [RPC_SEND] [Trace:ELEC_4_5] 处理投票返回 for term 5 reply:{5 true}
2025/11/04 16:02:37 [16:02:37.753] [Node:4] [INFO] [STATE_CHANGE] CANDIDATE->LEADER term:5 reason:成为Leader
2025/11/04 16:02:37 [16:02:37.805] [Node:1] [RPC_RECV] [Trace:CLIENT_1_1762243357805594000] 接收到日志命令:1284946049787953019 isLeader:false term:5
2025/11/04 16:02:37 [16:02:37.805] [Node:2] [RPC_RECV] [Trace:CLIENT_2_1762243357805783000] 接收到日志命令:7772173802937324117 isLeader:false term:5
2025/11/04 16:02:37 [16:02:37.805] [Node:4] [RPC_RECV] [Trace:CLIENT_4_1762243357805811000] 接收到日志命令:39770356992540294 isLeader:true term:5
2025/11/04 16:02:37 [16:02:37.813] [Node:1] [HEARTBEAT] [Trace:HB_1_5] Follower等心跳 status FOLLOWER term:5 commitIndex:0
2025/11/04 16:02:37 [16:02:37.813] [Node:2] [HEARTBEAT] [Trace:HB_2_5] Follower等心跳 status FOLLOWER term:5 commitIndex:0
2025/11/04 16:02:37 [16:02:37.815] [Node:0] [RPC_RECV]  恢复持久化状态 currentTerm:1 votedFor:0 logLen:3
2025/11/04 16:02:37 [16:02:37.815] [Node:0] [HEARTBEAT] [Trace:HB_0_1] Follower等心跳 status FOLLOWER term:1 commitIndex:0
2025/11/04 16:02:37 [16:02:37.815] [Node:0] [RPC_RECV] [Trace:CLIENT_0_1762243357815972000] 接收到日志命令:3166046780152722844 isLeader:false term:1
2025/11/04 16:02:37 [16:02:37.816] [Node:1] [RPC_RECV] [Trace:CLIENT_1_1762243357816006000] 接收到日志命令:7512089996105463450 isLeader:false term:5
2025/11/04 16:02:37 [16:02:37.816] [Node:2] [RPC_RECV] [Trace:CLIENT_2_1762243357816034000] 接收到日志命令:3955491462651533508 isLeader:false term:5
2025/11/04 16:02:37 [16:02:37.818] [Node:0] [RPC_RECV] [Trace:CLIENT_0_1762243357818264000] 接收到日志命令:5231866058070987493 isLeader:false term:1
2025/11/04 16:02:37 [16:02:37.818] [Node:1] [RPC_RECV] [Trace:CLIENT_1_1762243357818295000] 接收到日志命令:8203575164897918283 isLeader:false term:5
2025/11/04 16:02:37 [16:02:37.818] [Node:2] [RPC_RECV] [Trace:CLIENT_2_1762243357818321000] 接收到日志命令:7794958623626305192 isLeader:false term:5
2025/11/04 16:02:37 [16:02:37.913] [Node:1] [HEARTBEAT] [Trace:HB_1_5] Follower等心跳 status FOLLOWER term:5 commitIndex:0
2025/11/04 16:02:37 [16:02:37.913] [Node:2] [HEARTBEAT] [Trace:HB_2_5] Follower等心跳 status FOLLOWER term:5 commitIndex:0
2025/11/04 16:02:37 [16:02:37.916] [Node:0] [HEARTBEAT] [Trace:HB_0_1] Follower等心跳 status FOLLOWER term:1 commitIndex:0
2025/11/04 16:02:38 [16:02:38.013] [Node:1] [HEARTBEAT] [Trace:HB_1_5] Follower等心跳 status FOLLOWER term:5 commitIndex:0
2025/11/04 16:02:38 [16:02:38.013] [Node:2] [HEARTBEAT] [Trace:HB_2_5] Follower等心跳 status FOLLOWER term:5 commitIndex:0
2025/11/04 16:02:38 [16:02:38.016] [Node:0] [HEARTBEAT] [Trace:HB_0_1] Follower等心跳 status FOLLOWER term:1 commitIndex:0
2025/11/04 16:02:38 [16:02:38.065] [Node:1] [INFO] [STATE_CHANGE] FOLLOWER->FOLLOWER term:5 reason:变成Candidate
2025/11/04 16:02:38 [16:02:38.065] [Node:1] [TIMER_EVENT] [Trace:TIMER_1] 超时选举 since:311.488916ms threshold:309.100276ms
2025/11/04 16:02:38 [16:02:38.065] [Node:1] [RPC_SEND] [Trace:ELEC_1_6] 发送选举请求
2025/11/04 16:02:38 [16:02:38.065] [Node:1] [RPC_SEND] [Trace:ELEC_1_6] 发送选举请求
2025/11/04 16:02:38 [16:02:38.065] [Node:1] [RPC_SEND] [Trace:ELEC_1_6] 发送选举请求
2025/11/04 16:02:38 [16:02:38.065] [Node:1] [RPC_SEND] [Trace:ELEC_1_6] 发送选举请求
2025/11/04 16:02:38 [16:02:38.065] [Node:2] [RPC_RECV] [Trace:ELEC_1_6][1->2] RequestVote 接受 term:6 candidateId:1 lastLogIndex:1 lastLogTerm:1 currentTerm:5 status:FOLLOWER
2025/11/04 16:02:38 [16:02:38.065] [Node:0] [RPC_RECV] [Trace:ELEC_1_6][1->0] RequestVote 接受 term:6 candidateId:1 lastLogIndex:1 lastLogTerm:1 currentTerm:1 status:FOLLOWER
2025/11/04 16:02:38 [16:02:38.065] [Node:2] [INFO] [STATE_CHANGE] FOLLOWER->FOLLOWER term:5 reason:降级成follower
2025/11/04 16:02:38 [16:02:38.065] [Node:0] [INFO] [STATE_CHANGE] FOLLOWER->FOLLOWER term:1 reason:降级成follower
2025/11/04 16:02:38 [16:02:38.066] [Node:2] [RPC_RECV] [Trace:ELEC_1_6][1->2] 投票信息 votedFor:-1 lastLogTerm:1 lastLogIndex:1
2025/11/04 16:02:38 [16:02:38.066] [Node:2] [RPC_RECV] [Trace:ELEC_1_6][1->2] 投票给 candidate:1 term:6
2025/11/04 16:02:38 [16:02:38.066] [Node:0] [RPC_RECV] [Trace:ELEC_1_6][1->0] 投票信息 votedFor:-1 lastLogTerm:1 lastLogIndex:2
2025/11/04 16:02:38 [16:02:38.066] [Node:0] [RPC_RECV] [Trace:ELEC_1_6][1->0] 投票失败兜底 candidate:1 term:6
2025/11/04 16:02:38 [16:02:38.066] [Node:1] [RPC_SEND] [Trace:ELEC_1_6] 处理投票返回 for term 6 reply:{6 false}
2025/11/04 16:02:38 [16:02:38.066] [Node:1] [RPC_SEND] [Trace:ELEC_1_6] 处理投票返回 for term 6 reply:{6 true}
2025/11/04 16:02:38 [16:02:38.087] [Node:0] [INFO] [STATE_CHANGE] FOLLOWER->FOLLOWER term:6 reason:变成Candidate
2025/11/04 16:02:38 [16:02:38.087] [Node:0] [TIMER_EVENT] [Trace:TIMER_0] 超时选举 since:271.933084ms threshold:222.870108ms
2025/11/04 16:02:38 [16:02:38.087] [Node:0] [RPC_SEND] [Trace:ELEC_0_7] 发送选举请求
2025/11/04 16:02:38 [16:02:38.087] [Node:0] [RPC_SEND] [Trace:ELEC_0_7] 发送选举请求
2025/11/04 16:02:38 [16:02:38.087] [Node:0] [RPC_SEND] [Trace:ELEC_0_7] 发送选举请求
2025/11/04 16:02:38 [16:02:38.088] [Node:0] [RPC_SEND] [Trace:ELEC_0_7] 发送选举请求
2025/11/04 16:02:38 [16:02:38.088] [Node:2] [RPC_RECV] [Trace:ELEC_0_7][0->2] RequestVote 接受 term:7 candidateId:0 lastLogIndex:2 lastLogTerm:1 currentTerm:6 status:FOLLOWER
2025/11/04 16:02:38 [16:02:38.088] [Node:2] [INFO] [STATE_CHANGE] FOLLOWER->FOLLOWER term:6 reason:降级成follower
2025/11/04 16:02:38 [16:02:38.088] [Node:2] [RPC_RECV] [Trace:ELEC_0_7][0->2] 投票信息 votedFor:-1 lastLogTerm:1 lastLogIndex:1
2025/11/04 16:02:38 [16:02:38.088] [Node:2] [RPC_RECV] [Trace:ELEC_0_7][0->2] 投票给 candidate:0 term:7
2025/11/04 16:02:38 [16:02:38.088] [Node:1] [RPC_RECV] [Trace:ELEC_0_7][0->1] RequestVote 接受 term:7 candidateId:0 lastLogIndex:2 lastLogTerm:1 currentTerm:6 status:CANDIDATE
2025/11/04 16:02:38 [16:02:38.088] [Node:1] [INFO] [STATE_CHANGE] CANDIDATE->FOLLOWER term:6 reason:降级成follower
2025/11/04 16:02:38 [16:02:38.089] [Node:0] [RPC_SEND] [Trace:ELEC_0_7] 处理投票返回 for term 7 reply:{7 true}
2025/11/04 16:02:38 [16:02:38.089] [Node:1] [RPC_RECV] [Trace:ELEC_0_7][0->1] 投票信息 votedFor:-1 lastLogTerm:1 lastLogIndex:1
2025/11/04 16:02:38 [16:02:38.089] [Node:1] [RPC_RECV] [Trace:ELEC_0_7][0->1] 投票给 candidate:0 term:7
2025/11/04 16:02:38 [16:02:38.089] [Node:0] [RPC_SEND] [Trace:ELEC_0_7] 处理投票返回 for term 7 reply:{7 true}
2025/11/04 16:02:38 [16:02:38.090] [Node:0] [INFO] [STATE_CHANGE] CANDIDATE->LEADER term:7 reason:成为Leader
2025/11/04 16:02:38 [16:02:38.094] [Node:0] [RPC_RECV] [Trace:CLIENT_0_1762243358094091000] 接收到日志命令:7290116626429539953 isLeader:true term:7
2025/11/04 16:02:38 [16:02:38.094] [Node:1] [RPC_RECV] [Trace:CLIENT_1_1762243358094350000] 接收到日志命令:6832675351017485134 isLeader:false term:7
2025/11/04 16:02:38 [16:02:38.094] [Node:2] [RPC_RECV] [Trace:CLIENT_2_1762243358094392000] 接收到日志命令:3872241089613643397 isLeader:false term:7
2025/11/04 16:02:38 [16:02:38.098] [Node:1] [RPC_RECV] [Trace:CLIENT_1_1762243358098483000] 接收到日志命令:7583692800521813436 isLeader:false term:7
2025/11/04 16:02:38 [16:02:38.098] [Node:2] [RPC_RECV] [Trace:CLIENT_2_1762243358098552000] 接收到日志命令:7451803982701122222 isLeader:false term:7
2025/11/04 16:02:38 [16:02:38.114] [Node:1] [HEARTBEAT] [Trace:HB_1_7] Follower等心跳 status FOLLOWER term:7 commitIndex:0
2025/11/04 16:02:38 [16:02:38.114] [Node:2] [HEARTBEAT] [Trace:HB_2_7] Follower等心跳 status FOLLOWER term:7 commitIndex:0
2025/11/04 16:02:38 [16:02:38.216] [Node:2] [HEARTBEAT] [Trace:HB_2_7] Follower等心跳 status FOLLOWER term:7 commitIndex:0
2025/11/04 16:02:38 [16:02:38.216] [Node:1] [HEARTBEAT] [Trace:HB_1_7] Follower等心跳 status FOLLOWER term:7 commitIndex:0
2025/11/04 16:02:38 [16:02:38.317] [Node:2] [HEARTBEAT] [Trace:HB_2_7] Follower等心跳 status FOLLOWER term:7 commitIndex:0
2025/11/04 16:02:38 [16:02:38.317] [Node:1] [HEARTBEAT] [Trace:HB_1_7] Follower等心跳 status FOLLOWER term:7 commitIndex:0
2025/11/04 16:02:38 [16:02:38.357] [Node:2] [INFO] [STATE_CHANGE] FOLLOWER->FOLLOWER term:7 reason:变成Candidate
2025/11/04 16:02:38 [16:02:38.358] [Node:2] [TIMER_EVENT] [Trace:TIMER_2] 超时选举 since:268.901417ms threshold:241.837859ms
2025/11/04 16:02:38 [16:02:38.359] [Node:2] [RPC_SEND] [Trace:ELEC_2_8] 发送选举请求
2025/11/04 16:02:38 [16:02:38.359] [Node:2] [RPC_SEND] [Trace:ELEC_2_8] 发送选举请求
2025/11/04 16:02:38 [16:02:38.360] [Node:2] [RPC_SEND] [Trace:ELEC_2_8] 发送选举请求
2025/11/04 16:02:38 [16:02:38.360] [Node:2] [RPC_SEND] [Trace:ELEC_2_8] 发送选举请求
2025/11/04 16:02:38 [16:02:38.360] [Node:1] [RPC_RECV] [Trace:ELEC_2_8][2->1] RequestVote 接受 term:8 candidateId:2 lastLogIndex:1 lastLogTerm:1 currentTerm:7 status:FOLLOWER
2025/11/04 16:02:38 [16:02:38.360] [Node:1] [INFO] [STATE_CHANGE] FOLLOWER->FOLLOWER term:7 reason:降级成follower
2025/11/04 16:02:38 [16:02:38.360] [Node:1] [RPC_RECV] [Trace:ELEC_2_8][2->1] 投票信息 votedFor:-1 lastLogTerm:1 lastLogIndex:1
2025/11/04 16:02:38 [16:02:38.360] [Node:1] [RPC_RECV] [Trace:ELEC_2_8][2->1] 投票给 candidate:2 term:8
2025/11/04 16:02:38 [16:02:38.361] [Node:2] [RPC_SEND] [Trace:ELEC_2_8] 处理投票返回 for term 8 reply:{8 true}
2025/11/04 16:02:38 [16:02:38.388] [Node:3] [RPC_RECV]  恢复持久化状态 currentTerm:3 votedFor:3 logLen:3
2025/11/04 16:02:38 [16:02:38.389] [Node:3] [HEARTBEAT] [Trace:HB_3_3] Follower等心跳 status FOLLOWER term:3 commitIndex:0
2025/11/04 16:02:38 [16:02:38.389] [Node:1] [RPC_RECV] [Trace:CLIENT_1_1762243358389128000] 接收到日志命令:4939619589953689 isLeader:false term:8
2025/11/04 16:02:38 [16:02:38.389] [Node:2] [RPC_RECV] [Trace:CLIENT_2_1762243358389214000] 接收到日志命令:7673548405938955212 isLeader:false term:8
2025/11/04 16:02:38 [16:02:38.389] [Node:3] [RPC_RECV] [Trace:CLIENT_3_1762243358389281000] 接收到日志命令:3750749260483684233 isLeader:false term:3
2025/11/04 16:02:38 [16:02:38.392] [Node:1] [RPC_RECV] [Trace:CLIENT_1_1762243358391485000] 接收到日志命令:3256766389296357629 isLeader:false term:8
2025/11/04 16:02:38 [16:02:38.392] [Node:2] [RPC_RECV] [Trace:CLIENT_2_1762243358392834000] 接收到日志命令:8244862541412358886 isLeader:false term:8
2025/11/04 16:02:38 [16:02:38.392] [Node:3] [RPC_RECV] [Trace:CLIENT_3_1762243358392950000] 接收到日志命令:1951221858360679940 isLeader:false term:3
2025/11/04 16:02:38 [16:02:38.400] [Node:1] [RPC_RECV] [Trace:CLIENT_1_1762243358400459000] 接收到日志命令:5295025693431380815 isLeader:false term:8
2025/11/04 16:02:38 [16:02:38.400] [Node:2] [RPC_RECV] [Trace:CLIENT_2_1762243358400980000] 接收到日志命令:8001283849393086977 isLeader:false term:8
2025/11/04 16:02:38 [16:02:38.401] [Node:3] [RPC_RECV] [Trace:CLIENT_3_1762243358401057000] 接收到日志命令:7572957308559831311 isLeader:false term:3
2025/11/04 16:02:38 [16:02:38.411] [Node:1] [RPC_RECV] [Trace:CLIENT_1_1762243358411530000] 接收到日志命令:1100926364563982391 isLeader:false term:8
2025/11/04 16:02:38 [16:02:38.411] [Node:2] [RPC_RECV] [Trace:CLIENT_2_1762243358411761000] 接收到日志命令:3828979138724014697 isLeader:false term:8
2025/11/04 16:02:38 [16:02:38.411] [Node:3] [RPC_RECV] [Trace:CLIENT_3_1762243358411827000] 接收到日志命令:3517247730623110109 isLeader:false term:3
2025/11/04 16:02:38 [16:02:38.418] [Node:2] [HEARTBEAT] [Trace:HB_2_8] Follower等心跳 status CANDIDATE term:8 commitIndex:0
2025/11/04 16:02:38 [16:02:38.419] [Node:1] [HEARTBEAT] [Trace:HB_1_8] Follower等心跳 status FOLLOWER term:8 commitIndex:0
2025/11/04 16:02:38 [16:02:38.424] [Node:1] [RPC_RECV] [Trace:CLIENT_1_1762243358424289000] 接收到日志命令:6760590890453271577 isLeader:false term:8
2025/11/04 16:02:38 [16:02:38.424] [Node:2] [RPC_RECV] [Trace:CLIENT_2_1762243358424504000] 接收到日志命令:3940344655620851183 isLeader:false term:8
2025/11/04 16:02:38 [16:02:38.424] [Node:3] [RPC_RECV] [Trace:CLIENT_3_1762243358424596000] 接收到日志命令:8263166749874626803 isLeader:false term:3
2025/11/04 16:02:38 [16:02:38.430] [Node:1] [RPC_RECV] [Trace:CLIENT_1_1762243358430777000] 接收到日志命令:1524554182390227727 isLeader:false term:8
2025/11/04 16:02:38 [16:02:38.431] [Node:2] [RPC_RECV] [Trace:CLIENT_2_1762243358431245000] 接收到日志命令:1212006359924059696 isLeader:false term:8
2025/11/04 16:02:38 [16:02:38.431] [Node:3] [RPC_RECV] [Trace:CLIENT_3_1762243358431345000] 接收到日志命令:2416636934563014816 isLeader:false term:3
2025/11/04 16:02:38 [16:02:38.437] [Node:1] [RPC_RECV] [Trace:CLIENT_1_1762243358437620000] 接收到日志命令:2404365481054603692 isLeader:false term:8
2025/11/04 16:02:38 [16:02:38.437] [Node:2] [RPC_RECV] [Trace:CLIENT_2_1762243358437820000] 接收到日志命令:8106306915564512919 isLeader:false term:8
2025/11/04 16:02:38 [16:02:38.437] [Node:3] [RPC_RECV] [Trace:CLIENT_3_1762243358437889000] 接收到日志命令:424183876402579438 isLeader:false term:3
2025/11/04 16:02:38 [16:02:38.453] [Node:1] [RPC_RECV] [Trace:CLIENT_1_1762243358453450000] 接收到日志命令:8266684899018117941 isLeader:false term:8
2025/11/04 16:02:38 [16:02:38.453] [Node:2] [RPC_RECV] [Trace:CLIENT_2_1762243358453666000] 接收到日志命令:6338831926911656480 isLeader:false term:8
2025/11/04 16:02:38 [16:02:38.453] [Node:3] [RPC_RECV] [Trace:CLIENT_3_1762243358453740000] 接收到日志命令:2257911078457867331 isLeader:false term:3
2025/11/04 16:02:38 [16:02:38.463] [Node:1] [RPC_RECV] [Trace:CLIENT_1_1762243358463947000] 接收到日志命令:2221167832376777777 isLeader:false term:8
2025/11/04 16:02:38 [16:02:38.464] [Node:2] [RPC_RECV] [Trace:CLIENT_2_1762243358464074000] 接收到日志命令:1450211411490157268 isLeader:false term:8
2025/11/04 16:02:38 [16:02:38.464] [Node:3] [RPC_RECV] [Trace:CLIENT_3_1762243358464099000] 接收到日志命令:7825592018022247246 isLeader:false term:3
2025/11/04 16:02:38 [16:02:38.468] [Node:1] [RPC_RECV] [Trace:CLIENT_1_1762243358468419000] 接收到日志命令:5365538279476627770 isLeader:false term:8
2025/11/04 16:02:38 [16:02:38.468] [Node:2] [RPC_RECV] [Trace:CLIENT_2_1762243358468564000] 接收到日志命令:5057809008518020646 isLeader:false term:8
2025/11/04 16:02:38 [16:02:38.468] [Node:3] [RPC_RECV] [Trace:CLIENT_3_1762243358468599000] 接收到日志命令:4286330570896073007 isLeader:false term:3
2025/11/04 16:02:38 [16:02:38.470] [Node:1] [RPC_RECV] [Trace:CLIENT_1_1762243358470900000] 接收到日志命令:3620383155170439822 isLeader:false term:8
2025/11/04 16:02:38 [16:02:38.470] [Node:2] [RPC_RECV] [Trace:CLIENT_2_1762243358470985000] 接收到日志命令:513050176259487240 isLeader:false term:8
2025/11/04 16:02:38 [16:02:38.471] [Node:3] [RPC_RECV] [Trace:CLIENT_3_1762243358471010000] 接收到日志命令:4571228136880151343 isLeader:false term:3
2025/11/04 16:02:38 [16:02:38.489] [Node:3] [HEARTBEAT] [Trace:HB_3_3] Follower等心跳 status FOLLOWER term:3 commitIndex:0
2025/11/04 16:02:38 [16:02:38.519] [Node:1] [HEARTBEAT] [Trace:HB_1_8] Follower等心跳 status FOLLOWER term:8 commitIndex:0
2025/11/04 16:02:38 [16:02:38.519] [Node:2] [HEARTBEAT] [Trace:HB_2_8] Follower等心跳 status CANDIDATE term:8 commitIndex:0
2025/11/04 16:02:38 [16:02:38.590] [Node:3] [HEARTBEAT] [Trace:HB_3_3] Follower等心跳 status FOLLOWER term:3 commitIndex:0
2025/11/04 16:02:38 [16:02:38.594] [Node:1] [INFO] [STATE_CHANGE] FOLLOWER->FOLLOWER term:8 reason:变成Candidate
2025/11/04 16:02:38 [16:02:38.594] [Node:1] [TIMER_EVENT] [Trace:TIMER_1] 超时选举 since:233.190125ms threshold:211.01821ms
2025/11/04 16:02:38 [16:02:38.594] [Node:1] [RPC_SEND] [Trace:ELEC_1_9] 发送选举请求
2025/11/04 16:02:38 [16:02:38.595] [Node:1] [RPC_SEND] [Trace:ELEC_1_9] 发送选举请求
2025/11/04 16:02:38 [16:02:38.595] [Node:1] [RPC_SEND] [Trace:ELEC_1_9] 发送选举请求
2025/11/04 16:02:38 [16:02:38.596] [Node:1] [RPC_SEND] [Trace:ELEC_1_9] 发送选举请求
2025/11/04 16:02:38 [16:02:38.597] [Node:2] [RPC_RECV] [Trace:ELEC_1_9][1->2] RequestVote 接受 term:9 candidateId:1 lastLogIndex:1 lastLogTerm:1 currentTerm:8 status:CANDIDATE
2025/11/04 16:02:38 [16:02:38.597] [Node:2] [INFO] [STATE_CHANGE] CANDIDATE->FOLLOWER term:8 reason:降级成follower
2025/11/04 16:02:38 [16:02:38.597] [Node:3] [RPC_RECV] [Trace:ELEC_1_9][1->3] RequestVote 接受 term:9 candidateId:1 lastLogIndex:1 lastLogTerm:1 currentTerm:3 status:FOLLOWER
2025/11/04 16:02:38 [16:02:38.597] [Node:3] [INFO] [STATE_CHANGE] FOLLOWER->FOLLOWER term:3 reason:降级成follower
2025/11/04 16:02:38 [16:02:38.597] [Node:2] [RPC_RECV] [Trace:ELEC_1_9][1->2] 投票信息 votedFor:-1 lastLogTerm:1 lastLogIndex:1
2025/11/04 16:02:38 [16:02:38.597] [Node:2] [RPC_RECV] [Trace:ELEC_1_9][1->2] 投票给 candidate:1 term:9
2025/11/04 16:02:38 [16:02:38.597] [Node:3] [RPC_RECV] [Trace:ELEC_1_9][1->3] 投票信息 votedFor:-1 lastLogTerm:3 lastLogIndex:2
2025/11/04 16:02:38 [16:02:38.597] [Node:3] [RPC_RECV] [Trace:ELEC_1_9][1->3] 投票失败兜底 candidate:1 term:9
2025/11/04 16:02:38 [16:02:38.598] [Node:1] [RPC_SEND] [Trace:ELEC_1_9] 处理投票返回 for term 9 reply:{9 false}
2025/11/04 16:02:38 [16:02:38.598] [Node:1] [RPC_SEND] [Trace:ELEC_1_9] 处理投票返回 for term 9 reply:{9 true}
2025/11/04 16:02:38 [16:02:38.619] [Node:2] [HEARTBEAT] [Trace:HB_2_9] Follower等心跳 status FOLLOWER term:9 commitIndex:0
2025/11/04 16:02:38 [16:02:38.619] [Node:1] [HEARTBEAT] [Trace:HB_1_9] Follower等心跳 status CANDIDATE term:9 commitIndex:0
2025/11/04 16:02:38 [16:02:38.671] [Node:3] [INFO] [STATE_CHANGE] FOLLOWER->FOLLOWER term:9 reason:变成Candidate
2025/11/04 16:02:38 [16:02:38.671] [Node:3] [TIMER_EVENT] [Trace:TIMER_3] 超时选举 since:283.093125ms threshold:227.751706ms
2025/11/04 16:02:38 [16:02:38.671] [Node:3] [RPC_SEND] [Trace:ELEC_3_10] 发送选举请求
2025/11/04 16:02:38 [16:02:38.673] [Node:1] [RPC_RECV] [Trace:ELEC_3_10][3->1] RequestVote 接受 term:10 candidateId:3 lastLogIndex:2 lastLogTerm:3 currentTerm:9 status:CANDIDATE
2025/11/04 16:02:38 [16:02:38.674] [Node:1] [INFO] [STATE_CHANGE] CANDIDATE->FOLLOWER term:9 reason:降级成follower
2025/11/04 16:02:38 [16:02:38.674] [Node:1] [RPC_RECV] [Trace:ELEC_3_10][3->1] 投票信息 votedFor:-1 lastLogTerm:1 lastLogIndex:1
2025/11/04 16:02:38 [16:02:38.674] [Node:1] [RPC_RECV] [Trace:ELEC_3_10][3->1] 投票给 candidate:3 term:10
2025/11/04 16:02:38 [16:02:38.671] [Node:3] [RPC_SEND] [Trace:ELEC_3_10] 发送选举请求
2025/11/04 16:02:38 [16:02:38.675] [Node:3] [RPC_SEND] [Trace:ELEC_3_10] 发送选举请求
2025/11/04 16:02:38 [16:02:38.675] [Node:3] [RPC_SEND] [Trace:ELEC_3_10] 发送选举请求
2025/11/04 16:02:38 [16:02:38.676] [Node:2] [RPC_RECV] [Trace:ELEC_3_10][3->2] RequestVote 接受 term:10 candidateId:3 lastLogIndex:2 lastLogTerm:3 currentTerm:9 status:FOLLOWER
2025/11/04 16:02:38 [16:02:38.676] [Node:2] [INFO] [STATE_CHANGE] FOLLOWER->FOLLOWER term:9 reason:降级成follower
2025/11/04 16:02:38 [16:02:38.676] [Node:3] [RPC_SEND] [Trace:ELEC_3_10] 处理投票返回 for term 10 reply:{10 true}
2025/11/04 16:02:38 [16:02:38.676] [Node:2] [RPC_RECV] [Trace:ELEC_3_10][3->2] 投票信息 votedFor:-1 lastLogTerm:1 lastLogIndex:1
2025/11/04 16:02:38 [16:02:38.676] [Node:2] [RPC_RECV] [Trace:ELEC_3_10][3->2] 投票给 candidate:3 term:10
2025/11/04 16:02:38 [16:02:38.676] [Node:3] [RPC_SEND] [Trace:ELEC_3_10] 处理投票返回 for term 10 reply:{10 true}
2025/11/04 16:02:38 [16:02:38.676] [Node:3] [INFO] [STATE_CHANGE] CANDIDATE->LEADER term:10 reason:成为Leader
2025/11/04 16:02:38 [16:02:38.692] [Node:3] [HEARTBEAT] [Trace:HB_3_10] 开始发送心跳广播 status LEADER term:10 commitIndex:0
2025/11/04 16:02:38 [16:02:38.693] [Node:1] [HEARTBEAT] [Trace:LOG_3_10][3->1] AppendEntries 收到 term:10 leaderId:3 prevLogIndex:2 prevLogTerm:3 entries:0 leaderCommit:0 isHeartbeat:true currentTerm:10 status:FOLLOWER
2025/11/04 16:02:38 [16:02:38.693] [Node:1] [HEARTBEAT] [Trace:LOG_3_10][3->1] Rejected: 收到LogEntry，但是log不全， prevLogIndex:2 logLen:2
2025/11/04 16:02:38 [16:02:38.693] [Node:2] [HEARTBEAT] [Trace:LOG_3_10][3->2] AppendEntries 收到 term:10 leaderId:3 prevLogIndex:2 prevLogTerm:3 entries:0 leaderCommit:0 isHeartbeat:true currentTerm:10 status:FOLLOWER
2025/11/04 16:02:38 [16:02:38.693] [Node:2] [HEARTBEAT] [Trace:LOG_3_10][3->2] Rejected: 收到LogEntry，但是log不全， prevLogIndex:2 logLen:2
2025/11/04 16:02:38 [16:02:38.694] [Node:3] [LOG_REPLICA] [Trace:LOG_3_10][3->2] 心跳返回 from peer:2 term:10 success:false
2025/11/04 16:02:38 [16:02:38.694] [Node:3] [LOG_REPLICA] [Trace:LOG_3_10][3->2] 日志复制返回失败，开始快速恢复 for peer:2 starting fast recovery replyLogIndex:1
2025/11/04 16:02:38 [16:02:38.694] [Node:3] [LOG_REPLICA] [Trace:LOG_3_10][3->1] 心跳返回 from peer:1 term:10 success:false
2025/11/04 16:02:38 [16:02:38.694] [Node:3] [LOG_REPLICA] [Trace:LOG_3_10][3->1] 日志复制返回失败，开始快速恢复 for peer:1 starting fast recovery replyLogIndex:1
2025/11/04 16:02:38 [16:02:38.694] [Node:2] [LOG_REPLICA] [Trace:LOG_3_10][3->2] AppendEntries 收到 term:10 leaderId:3 prevLogIndex:0 prevLogTerm:0 entries:2 leaderCommit:0 isHeartbeat:false currentTerm:10 status:FOLLOWER
2025/11/04 16:02:38 [16:02:38.694] [Node:2] [LOG_REPLICA] [Trace:LOG_3_10][3->2] 打印日志结果:[{<nil> 0 false 0} {8944766457827906109 1 false 1}] 
2025/11/04 16:02:38 [16:02:38.694] [Node:1] [LOG_REPLICA] [Trace:LOG_3_10][3->1] AppendEntries 收到 term:10 leaderId:3 prevLogIndex:0 prevLogTerm:0 entries:2 leaderCommit:0 isHeartbeat:false currentTerm:10 status:FOLLOWER
2025/11/04 16:02:38 [16:02:38.694] [Node:1] [LOG_REPLICA] [Trace:LOG_3_10][3->1] 打印日志结果:[{<nil> 0 false 0} {8944766457827906109 1 false 1}] 
2025/11/04 16:02:38 [16:02:38.694] [Node:2] [LOG_REPLICA] [Trace:LOG_3_10][3->2] 复制日志结果:[{<nil> 0 false 0} {8944766457827906109 1 false 1} {6509188123634913142 3 false 2}] 
2025/11/04 16:02:38 [16:02:38.695] [Node:1] [LOG_REPLICA] [Trace:LOG_3_10][3->1] 复制日志结果:[{<nil> 0 false 0} {8944766457827906109 1 false 1} {6509188123634913142 3 false 2}] 
2025/11/04 16:02:38 [16:02:38.695] [Node:3] [LOG_REPLICA] [Trace:LOG_3_10][3->2] 心跳返回 from peer:2 term:10 success:true
2025/11/04 16:02:38 [16:02:38.695] [Node:3] [LOG_REPLICA] [Trace:LOG_3_10][3->2] 日志复制返回成功 from peer:2 term:10 agreeCount:2 log [{8944766457827906109 1 false 1} {6509188123634913142 3 false 2}]
2025/11/04 16:02:38 [16:02:38.695] [Node:3] [LOG_REPLICA] [Trace:LOG_3_10][3->2] 更新后 server:2 matchIndex:2 nextIndex:3
2025/11/04 16:02:38 [16:02:38.695] [Node:3] [LOG_REPLICA] [Trace:LOG_3_10][3->1] 心跳返回 from peer:1 term:10 success:true
2025/11/04 16:02:38 [16:02:38.695] [Node:3] [LOG_REPLICA] [Trace:LOG_3_10][3->1] 日志复制返回成功 from peer:1 term:10 agreeCount:3 log [{8944766457827906109 1 false 1} {6509188123634913142 3 false 2}]
2025/11/04 16:02:38 [16:02:38.695] [Node:3] [LOG_REPLICA] [Trace:LOG_3_10][3->1] 更新后 server:1 matchIndex:2 nextIndex:3
2025/11/04 16:02:38 [16:02:38.721] [Node:1] [HEARTBEAT] [Trace:HB_1_10] Follower等心跳 status FOLLOWER term:10 commitIndex:0
2025/11/04 16:02:38 [16:02:38.721] [Node:2] [HEARTBEAT] [Trace:HB_2_10] Follower等心跳 status FOLLOWER term:10 commitIndex:0
2025/11/04 16:02:38 [16:02:38.792] [Node:3] [HEARTBEAT] [Trace:HB_3_10] 开始发送心跳广播 status LEADER term:10 commitIndex:0
2025/11/04 16:02:38 [16:02:38.794] [Node:1] [HEARTBEAT] [Trace:LOG_3_10][3->1] AppendEntries 收到 term:10 leaderId:3 prevLogIndex:2 prevLogTerm:3 entries:0 leaderCommit:0 isHeartbeat:true currentTerm:10 status:FOLLOWER
2025/11/04 16:02:38 [16:02:38.794] [Node:1] [HEARTBEAT] [Trace:LOG_3_10][3->1] 打印日志结果:[{<nil> 0 false 0} {8944766457827906109 1 false 1} {6509188123634913142 3 false 2}] 
2025/11/04 16:02:38 [16:02:38.794] [Node:2] [HEARTBEAT] [Trace:LOG_3_10][3->2] AppendEntries 收到 term:10 leaderId:3 prevLogIndex:2 prevLogTerm:3 entries:0 leaderCommit:0 isHeartbeat:true currentTerm:10 status:FOLLOWER
2025/11/04 16:02:38 [16:02:38.794] [Node:1] [HEARTBEAT] [Trace:LOG_3_10][3->1] 复制日志结果:[{<nil> 0 false 0} {8944766457827906109 1 false 1} {6509188123634913142 3 false 2}] 
2025/11/04 16:02:38 [16:02:38.794] [Node:2] [HEARTBEAT] [Trace:LOG_3_10][3->2] 打印日志结果:[{<nil> 0 false 0} {8944766457827906109 1 false 1} {6509188123634913142 3 false 2}] 
2025/11/04 16:02:38 [16:02:38.794] [Node:2] [HEARTBEAT] [Trace:LOG_3_10][3->2] 复制日志结果:[{<nil> 0 false 0} {8944766457827906109 1 false 1} {6509188123634913142 3 false 2}] 
2025/11/04 16:02:38 [16:02:38.794] [Node:3] [LOG_REPLICA] [Trace:LOG_3_10][3->1] 心跳返回 from peer:1 term:10 success:true
2025/11/04 16:02:38 [16:02:38.794] [Node:3] [LOG_REPLICA] [Trace:LOG_3_10][3->2] 心跳返回 from peer:2 term:10 success:true
2025/11/04 16:02:38 [16:02:38.822] [Node:1] [HEARTBEAT] [Trace:HB_1_10] Follower等心跳 status FOLLOWER term:10 commitIndex:0
2025/11/04 16:02:38 [16:02:38.822] [Node:2] [HEARTBEAT] [Trace:HB_2_10] Follower等心跳 status FOLLOWER term:10 commitIndex:0
2025/11/04 16:02:38 [16:02:38.894] [Node:3] [HEARTBEAT] [Trace:HB_3_10] 开始发送心跳广播 status LEADER term:10 commitIndex:0
2025/11/04 16:02:38 [16:02:38.896] [Node:2] [HEARTBEAT] [Trace:LOG_3_10][3->2] AppendEntries 收到 term:10 leaderId:3 prevLogIndex:2 prevLogTerm:3 entries:0 leaderCommit:0 isHeartbeat:true currentTerm:10 status:FOLLOWER
2025/11/04 16:02:38 [16:02:38.896] [Node:1] [HEARTBEAT] [Trace:LOG_3_10][3->1] AppendEntries 收到 term:10 leaderId:3 prevLogIndex:2 prevLogTerm:3 entries:0 leaderCommit:0 isHeartbeat:true currentTerm:10 status:FOLLOWER
2025/11/04 16:02:38 [16:02:38.896] [Node:2] [HEARTBEAT] [Trace:LOG_3_10][3->2] 打印日志结果:[{<nil> 0 false 0} {8944766457827906109 1 false 1} {6509188123634913142 3 false 2}] 
2025/11/04 16:02:38 [16:02:38.897] [Node:1] [HEARTBEAT] [Trace:LOG_3_10][3->1] 打印日志结果:[{<nil> 0 false 0} {8944766457827906109 1 false 1} {6509188123634913142 3 false 2}] 
2025/11/04 16:02:38 [16:02:38.897] [Node:1] [HEARTBEAT] [Trace:LOG_3_10][3->1] 复制日志结果:[{<nil> 0 false 0} {8944766457827906109 1 false 1} {6509188123634913142 3 false 2}] 
2025/11/04 16:02:38 [16:02:38.897] [Node:2] [HEARTBEAT] [Trace:LOG_3_10][3->2] 复制日志结果:[{<nil> 0 false 0} {8944766457827906109 1 false 1} {6509188123634913142 3 false 2}] 
2025/11/04 16:02:38 [16:02:38.923] [Node:2] [HEARTBEAT] [Trace:HB_2_10] Follower等心跳 status FOLLOWER term:10 commitIndex:0
2025/11/04 16:02:38 [16:02:38.923] [Node:1] [HEARTBEAT] [Trace:HB_1_10] Follower等心跳 status FOLLOWER term:10 commitIndex:0
2025/11/04 16:02:38 [16:02:38.989] [Node:3] [LOG_REPLICA] [Trace:LOG_3_10][3->1] 心跳返回 from peer:1 term:10 success:true
2025/11/04 16:02:38 [16:02:38.989] [Node:1] [RPC_RECV] [Trace:CLIENT_1_1762243358989160000] 接收到日志命令:4006298766861805089 isLeader:false term:10
2025/11/04 16:02:38 [16:02:38.989] [Node:2] [RPC_RECV] [Trace:CLIENT_2_1762243358989200000] 接收到日志命令:8821867707011320532 isLeader:false term:10
2025/11/04 16:02:38 [16:02:38.989] [Node:3] [RPC_RECV] [Trace:CLIENT_3_1762243358989232000] 接收到日志命令:2539021183672090992 isLeader:true term:10
2025/11/04 16:02:38 [16:02:38.989] [Node:3] [LOG_REPLICA] [Trace:LOG_3_10][3->2] 心跳返回 from peer:2 term:10 success:true
2025/11/04 16:02:38 [16:02:38.990] [Node:0] [RPC_RECV]  恢复持久化状态 currentTerm:7 votedFor:0 logLen:4
2025/11/04 16:02:38 [16:02:38.990] [Node:0] [HEARTBEAT] [Trace:HB_0_7] Follower等心跳 status FOLLOWER term:7 commitIndex:0
2025/11/04 16:02:38 [16:02:38.991] [Node:0] [RPC_RECV] [Trace:CLIENT_0_1762243358991515000] 接收到日志命令:3521421387543329705 isLeader:false term:7
2025/11/04 16:02:38 [16:02:38.991] [Node:1] [RPC_RECV] [Trace:CLIENT_1_1762243358991553000] 接收到日志命令:3963479278203944223 isLeader:false term:10
2025/11/04 16:02:38 [16:02:38.991] [Node:2] [RPC_RECV] [Trace:CLIENT_2_1762243358991580000] 接收到日志命令:1451071001091513864 isLeader:false term:10
2025/11/04 16:02:39 [16:02:39.005] [Node:0] [RPC_RECV] [Trace:CLIENT_0_1762243359005715000] 接收到日志命令:713943369577979250 isLeader:false term:7
2025/11/04 16:02:39 [16:02:39.007] [Node:1] [RPC_RECV] [Trace:CLIENT_1_1762243359007093000] 接收到日志命令:9121529510771307183 isLeader:false term:10
2025/11/04 16:02:39 [16:02:39.007] [Node:2] [RPC_RECV] [Trace:CLIENT_2_1762243359007528000] 接收到日志命令:1321671974335103505 isLeader:false term:10
2025/11/04 16:02:39 [16:02:39.026] [Node:2] [HEARTBEAT] [Trace:HB_2_10] Follower等心跳 status FOLLOWER term:10 commitIndex:0
2025/11/04 16:02:39 [16:02:39.028] [Node:0] [RPC_RECV] [Trace:CLIENT_0_1762243359028713000] 接收到日志命令:3161168097755898968 isLeader:false term:7
2025/11/04 16:02:39 [16:02:39.028] [Node:1] [RPC_RECV] [Trace:CLIENT_1_1762243359028856000] 接收到日志命令:8352724890005942992 isLeader:false term:10
2025/11/04 16:02:39 [16:02:39.028] [Node:2] [RPC_RECV] [Trace:CLIENT_2_1762243359028902000] 接收到日志命令:8093370657144509952 isLeader:false term:10
2025/11/04 16:02:39 [16:02:39.031] [Node:0] [RPC_RECV] [Trace:CLIENT_0_1762243359031563000] 接收到日志命令:4993475322224675011 isLeader:false term:7
2025/11/04 16:02:39 [16:02:39.031] [Node:1] [RPC_RECV] [Trace:CLIENT_1_1762243359031673000] 接收到日志命令:947961816035847277 isLeader:false term:10
2025/11/04 16:02:39 [16:02:39.031] [Node:2] [RPC_RECV] [Trace:CLIENT_2_1762243359031705000] 接收到日志命令:9018393237716614794 isLeader:false term:10
2025/11/04 16:02:39 [16:02:39.034] [Node:0] [RPC_RECV] [Trace:CLIENT_0_1762243359034681000] 接收到日志命令:8532467059000930979 isLeader:false term:7
2025/11/04 16:02:39 [16:02:39.034] [Node:1] [RPC_RECV] [Trace:CLIENT_1_1762243359034795000] 接收到日志命令:2620677051683688076 isLeader:false term:10
2025/11/04 16:02:39 [16:02:39.034] [Node:2] [RPC_RECV] [Trace:CLIENT_2_1762243359034831000] 接收到日志命令:1820051234810081516 isLeader:false term:10
2025/11/04 16:02:39 [16:02:39.038] [Node:0] [RPC_RECV] [Trace:CLIENT_0_1762243359038961000] 接收到日志命令:118059685868956488 isLeader:false term:7
2025/11/04 16:02:39 [16:02:39.039] [Node:1] [RPC_RECV] [Trace:CLIENT_1_1762243359039207000] 接收到日志命令:7823190046528715765 isLeader:false term:10
2025/11/04 16:02:39 [16:02:39.039] [Node:2] [RPC_RECV] [Trace:CLIENT_2_1762243359039343000] 接收到日志命令:2431288576102737052 isLeader:false term:10
2025/11/04 16:02:39 [16:02:39.058] [Node:0] [RPC_RECV] [Trace:CLIENT_0_1762243359058071000] 接收到日志命令:8659553635008204621 isLeader:false term:7
2025/11/04 16:02:39 [16:02:39.058] [Node:1] [RPC_RECV] [Trace:CLIENT_1_1762243359058464000] 接收到日志命令:3580419159142326960 isLeader:false term:10
2025/11/04 16:02:39 [16:02:39.058] [Node:2] [RPC_RECV] [Trace:CLIENT_2_1762243359058503000] 接收到日志命令:8273551411727817446 isLeader:false term:10
2025/11/04 16:02:39 [16:02:39.089] [Node:1] [HEARTBEAT] [Trace:HB_1_10] Follower等心跳 status FOLLOWER term:10 commitIndex:0
2025/11/04 16:02:39 [16:02:39.091] [Node:0] [HEARTBEAT] [Trace:HB_0_7] Follower等心跳 status FOLLOWER term:7 commitIndex:0
2025/11/04 16:02:39 [16:02:39.122] [Node:2] [INFO] [STATE_CHANGE] FOLLOWER->FOLLOWER term:10 reason:变成Candidate
2025/11/04 16:02:39 [16:02:39.122] [Node:2] [TIMER_EVENT] [Trace:TIMER_2] 超时选举 since:225.771666ms threshold:205.422433ms
2025/11/04 16:02:39 [16:02:39.123] [Node:2] [RPC_SEND] [Trace:ELEC_2_11] 发送选举请求
2025/11/04 16:02:39 [16:02:39.123] [Node:2] [RPC_SEND] [Trace:ELEC_2_11] 发送选举请求
2025/11/04 16:02:39 [16:02:39.123] [Node:2] [RPC_SEND] [Trace:ELEC_2_11] 发送选举请求
2025/11/04 16:02:39 [16:02:39.123] [Node:2] [RPC_SEND] [Trace:ELEC_2_11] 发送选举请求
2025/11/04 16:02:39 [16:02:39.123] [Node:0] [RPC_RECV] [Trace:ELEC_2_11][2->0] RequestVote 接受 term:11 candidateId:2 lastLogIndex:2 lastLogTerm:3 currentTerm:7 status:FOLLOWER
2025/11/04 16:02:39 [16:02:39.123] [Node:0] [INFO] [STATE_CHANGE] FOLLOWER->FOLLOWER term:7 reason:降级成follower
2025/11/04 16:02:39 [16:02:39.124] [Node:0] [RPC_RECV] [Trace:ELEC_2_11][2->0] 投票信息 votedFor:-1 lastLogTerm:7 lastLogIndex:3
2025/11/04 16:02:39 [16:02:39.124] [Node:0] [RPC_RECV] [Trace:ELEC_2_11][2->0] 投票失败兜底 candidate:2 term:11
2025/11/04 16:02:39 [16:02:39.124] [Node:1] [RPC_RECV] [Trace:ELEC_2_11][2->1] RequestVote 接受 term:11 candidateId:2 lastLogIndex:2 lastLogTerm:3 currentTerm:10 status:FOLLOWER
2025/11/04 16:02:39 [16:02:39.124] [Node:1] [INFO] [STATE_CHANGE] FOLLOWER->FOLLOWER term:10 reason:降级成follower
2025/11/04 16:02:39 [16:02:39.124] [Node:1] [RPC_RECV] [Trace:ELEC_2_11][2->1] 投票信息 votedFor:-1 lastLogTerm:3 lastLogIndex:2
2025/11/04 16:02:39 [16:02:39.124] [Node:1] [RPC_RECV] [Trace:ELEC_2_11][2->1] 投票给 candidate:2 term:11
2025/11/04 16:02:39 [16:02:39.124] [Node:2] [RPC_SEND] [Trace:ELEC_2_11] 处理投票返回 for term 11 reply:{11 false}
2025/11/04 16:02:39 [16:02:39.125] [Node:2] [RPC_SEND] [Trace:ELEC_2_11] 处理投票返回 for term 11 reply:{11 true}
2025/11/04 16:02:39 [16:02:39.126] [Node:2] [HEARTBEAT] [Trace:HB_2_11] Follower等心跳 status CANDIDATE term:11 commitIndex:0
2025/11/04 16:02:39 [16:02:39.189] [Node:1] [HEARTBEAT] [Trace:HB_1_11] Follower等心跳 status FOLLOWER term:11 commitIndex:0
2025/11/04 16:02:39 [16:02:39.192] [Node:0] [HEARTBEAT] [Trace:HB_0_11] Follower等心跳 status FOLLOWER term:11 commitIndex:0
2025/11/04 16:02:39 [16:02:39.196] [Node:0] [INFO] [STATE_CHANGE] FOLLOWER->FOLLOWER term:11 reason:变成Candidate
2025/11/04 16:02:39 [16:02:39.197] [Node:0] [TIMER_EVENT] [Trace:TIMER_0] 超时选举 since:207.475791ms threshold:204.153979ms
2025/11/04 16:02:39 [16:02:39.197] [Node:0] [RPC_SEND] [Trace:ELEC_0_12] 发送选举请求
2025/11/04 16:02:39 [16:02:39.197] [Node:0] [RPC_SEND] [Trace:ELEC_0_12] 发送选举请求
2025/11/04 16:02:39 [16:02:39.197] [Node:0] [RPC_SEND] [Trace:ELEC_0_12] 发送选举请求
2025/11/04 16:02:39 [16:02:39.197] [Node:0] [RPC_SEND] [Trace:ELEC_0_12] 发送选举请求
2025/11/04 16:02:39 [16:02:39.197] [Node:2] [RPC_RECV] [Trace:ELEC_0_12][0->2] RequestVote 接受 term:12 candidateId:0 lastLogIndex:3 lastLogTerm:7 currentTerm:11 status:CANDIDATE
2025/11/04 16:02:39 [16:02:39.197] [Node:2] [INFO] [STATE_CHANGE] CANDIDATE->FOLLOWER term:11 reason:降级成follower
2025/11/04 16:02:39 [16:02:39.197] [Node:1] [RPC_RECV] [Trace:ELEC_0_12][0->1] RequestVote 接受 term:12 candidateId:0 lastLogIndex:3 lastLogTerm:7 currentTerm:11 status:FOLLOWER
2025/11/04 16:02:39 [16:02:39.197] [Node:1] [INFO] [STATE_CHANGE] FOLLOWER->FOLLOWER term:11 reason:降级成follower
2025/11/04 16:02:39 [16:02:39.197] [Node:2] [RPC_RECV] [Trace:ELEC_0_12][0->2] 投票信息 votedFor:-1 lastLogTerm:3 lastLogIndex:2
2025/11/04 16:02:39 [16:02:39.197] [Node:1] [RPC_RECV] [Trace:ELEC_0_12][0->1] 投票信息 votedFor:-1 lastLogTerm:3 lastLogIndex:2
2025/11/04 16:02:39 [16:02:39.197] [Node:1] [RPC_RECV] [Trace:ELEC_0_12][0->1] 投票给 candidate:0 term:12
2025/11/04 16:02:39 [16:02:39.197] [Node:2] [RPC_RECV] [Trace:ELEC_0_12][0->2] 投票给 candidate:0 term:12
2025/11/04 16:02:39 [16:02:39.198] [Node:0] [RPC_SEND] [Trace:ELEC_0_12] 处理投票返回 for term 12 reply:{12 true}
2025/11/04 16:02:39 [16:02:39.198] [Node:0] [RPC_SEND] [Trace:ELEC_0_12] 处理投票返回 for term 12 reply:{12 true}
2025/11/04 16:02:39 [16:02:39.198] [Node:0] [INFO] [STATE_CHANGE] CANDIDATE->LEADER term:12 reason:成为Leader
2025/11/04 16:02:39 [16:02:39.227] [Node:2] [HEARTBEAT] [Trace:HB_2_12] Follower等心跳 status FOLLOWER term:12 commitIndex:0
2025/11/04 16:02:39 [16:02:39.251] [Node:0] [RPC_RECV] [Trace:CLIENT_0_1762243359251577000] 接收到日志命令:8761287681990128676 isLeader:true term:12
2025/11/04 16:02:39 [16:02:39.251] [Node:1] [RPC_RECV] [Trace:CLIENT_1_1762243359251958000] 接收到日志命令:5798359472826184643 isLeader:false term:12
2025/11/04 16:02:39 [16:02:39.252] [Node:2] [RPC_RECV] [Trace:CLIENT_2_1762243359252067000] 接收到日志命令:4138166478634140195 isLeader:false term:12
2025/11/04 16:02:39 [16:02:39.259] [Node:4] [RPC_RECV]  恢复持久化状态 currentTerm:5 votedFor:4 logLen:4
2025/11/04 16:02:39 [16:02:39.259] [Node:1] [RPC_RECV] [Trace:CLIENT_1_1762243359259525000] 接收到日志命令:1927634704193979785 isLeader:false term:12
2025/11/04 16:02:39 [16:02:39.259] [Node:2] [RPC_RECV] [Trace:CLIENT_2_1762243359259568000] 接收到日志命令:5634361069495269560 isLeader:false term:12
2025/11/04 16:02:39 [16:02:39.259] [Node:4] [HEARTBEAT] [Trace:HB_4_5] Follower等心跳 status FOLLOWER term:5 commitIndex:0
2025/11/04 16:02:39 [16:02:39.259] [Node:4] [RPC_RECV] [Trace:CLIENT_4_1762243359259617000] 接收到日志命令:254585564207705911 isLeader:false term:5
2025/11/04 16:02:39 [16:02:39.267] [Node:1] [RPC_RECV] [Trace:CLIENT_1_1762243359267311000] 接收到日志命令:7920013996356369844 isLeader:false term:12
2025/11/04 16:02:39 [16:02:39.267] [Node:2] [RPC_RECV] [Trace:CLIENT_2_1762243359267410000] 接收到日志命令:2290219572611460472 isLeader:false term:12
2025/11/04 16:02:39 [16:02:39.267] [Node:4] [RPC_RECV] [Trace:CLIENT_4_1762243359267441000] 接收到日志命令:4484213238043328182 isLeader:false term:5
2025/11/04 16:02:39 [16:02:39.269] [Node:1] [RPC_RECV] [Trace:CLIENT_1_1762243359269727000] 接收到日志命令:7235872860095786080 isLeader:false term:12
2025/11/04 16:02:39 [16:02:39.269] [Node:2] [RPC_RECV] [Trace:CLIENT_2_1762243359269765000] 接收到日志命令:5863736307345682194 isLeader:false term:12
2025/11/04 16:02:39 [16:02:39.269] [Node:4] [RPC_RECV] [Trace:CLIENT_4_1762243359269789000] 接收到日志命令:2016598475410028367 isLeader:false term:5
2025/11/04 16:02:39 [16:02:39.282] [Node:1] [RPC_RECV] [Trace:CLIENT_1_1762243359282049000] 接收到日志命令:6983067822781708471 isLeader:false term:12
2025/11/04 16:02:39 [16:02:39.282] [Node:2] [RPC_RECV] [Trace:CLIENT_2_1762243359282157000] 接收到日志命令:8585404312199779610 isLeader:false term:12
2025/11/04 16:02:39 [16:02:39.282] [Node:4] [RPC_RECV] [Trace:CLIENT_4_1762243359282181000] 接收到日志命令:7447554781719659857 isLeader:false term:5
2025/11/04 16:02:39 [16:02:39.283] [Node:1] [RPC_RECV] [Trace:CLIENT_1_1762243359283355000] 接收到日志命令:7323136248072859305 isLeader:false term:12
2025/11/04 16:02:39 [16:02:39.283] [Node:2] [RPC_RECV] [Trace:CLIENT_2_1762243359283437000] 接收到日志命令:4692652390502182805 isLeader:false term:12
2025/11/04 16:02:39 [16:02:39.283] [Node:4] [RPC_RECV] [Trace:CLIENT_4_1762243359283471000] 接收到日志命令:8269445267199619971 isLeader:false term:5
2025/11/04 16:02:39 [16:02:39.286] [Node:1] [RPC_RECV] [Trace:CLIENT_1_1762243359286916000] 接收到日志命令:6108727111191696509 isLeader:false term:12
2025/11/04 16:02:39 [16:02:39.287] [Node:2] [RPC_RECV] [Trace:CLIENT_2_1762243359287009000] 接收到日志命令:4668211482396574705 isLeader:false term:12
2025/11/04 16:02:39 [16:02:39.287] [Node:4] [RPC_RECV] [Trace:CLIENT_4_1762243359287043000] 接收到日志命令:1060862137563560171 isLeader:false term:5
2025/11/04 16:02:39 [16:02:39.290] [Node:1] [HEARTBEAT] [Trace:HB_1_12] Follower等心跳 status FOLLOWER term:12 commitIndex:0
2025/11/04 16:02:39 [16:02:39.296] [Node:1] [RPC_RECV] [Trace:CLIENT_1_1762243359296568000] 接收到日志命令:8893499534830377418 isLeader:false term:12
2025/11/04 16:02:39 [16:02:39.296] [Node:2] [RPC_RECV] [Trace:CLIENT_2_1762243359296663000] 接收到日志命令:5309018659483300886 isLeader:false term:12
2025/11/04 16:02:39 [16:02:39.296] [Node:4] [RPC_RECV] [Trace:CLIENT_4_1762243359296714000] 接收到日志命令:2391555221951036564 isLeader:false term:5
2025/11/04 16:02:39 [16:02:39.305] [Node:1] [RPC_RECV] [Trace:CLIENT_1_1762243359305103000] 接收到日志命令:3400183188536010767 isLeader:false term:12
2025/11/04 16:02:39 [16:02:39.305] [Node:2] [RPC_RECV] [Trace:CLIENT_2_1762243359305203000] 接收到日志命令:7360068604444736810 isLeader:false term:12
2025/11/04 16:02:39 [16:02:39.305] [Node:4] [RPC_RECV] [Trace:CLIENT_4_1762243359305248000] 接收到日志命令:6753871152916326402 isLeader:false term:5
2025/11/04 16:02:39 [16:02:39.305] [Node:1] [RPC_RECV] [Trace:CLIENT_1_1762243359305278000] 接收到日志命令:3739607524184096739 isLeader:false term:12
2025/11/04 16:02:39 [16:02:39.305] [Node:2] [RPC_RECV] [Trace:CLIENT_2_1762243359305300000] 接收到日志命令:982153555809308819 isLeader:false term:12
2025/11/04 16:02:39 [16:02:39.305] [Node:4] [RPC_RECV] [Trace:CLIENT_4_1762243359305342000] 接收到日志命令:8111493099938138297 isLeader:false term:5
2025/11/04 16:02:39 [16:02:39.316] [Node:1] [RPC_RECV] [Trace:CLIENT_1_1762243359315761000] 接收到日志命令:5839173600669755945 isLeader:false term:12
2025/11/04 16:02:39 [16:02:39.316] [Node:2] [RPC_RECV] [Trace:CLIENT_2_1762243359316357000] 接收到日志命令:2259655208026505603 isLeader:false term:12
2025/11/04 16:02:39 [16:02:39.316] [Node:4] [RPC_RECV] [Trace:CLIENT_4_1762243359316395000] 接收到日志命令:5735067019627187624 isLeader:false term:5
2025/11/04 16:02:39 [16:02:39.322] [Node:1] [RPC_RECV] [Trace:CLIENT_1_1762243359322086000] 接收到日志命令:6125230988026856842 isLeader:false term:12
2025/11/04 16:02:39 [16:02:39.322] [Node:2] [RPC_RECV] [Trace:CLIENT_2_1762243359322200000] 接收到日志命令:800204725217816799 isLeader:false term:12
2025/11/04 16:02:39 [16:02:39.322] [Node:4] [RPC_RECV] [Trace:CLIENT_4_1762243359322229000] 接收到日志命令:2792303298628682889 isLeader:false term:5
2025/11/04 16:02:39 [16:02:39.328] [Node:2] [HEARTBEAT] [Trace:HB_2_12] Follower等心跳 status FOLLOWER term:12 commitIndex:0
2025/11/04 16:02:39 [16:02:39.360] [Node:4] [HEARTBEAT] [Trace:HB_4_5] Follower等心跳 status FOLLOWER term:5 commitIndex:0
2025/11/04 16:02:39 [16:02:39.390] [Node:1] [HEARTBEAT] [Trace:HB_1_12] Follower等心跳 status FOLLOWER term:12 commitIndex:0
2025/11/04 16:02:39 [16:02:39.429] [Node:2] [HEARTBEAT] [Trace:HB_2_12] Follower等心跳 status FOLLOWER term:12 commitIndex:0
2025/11/04 16:02:39 [16:02:39.441] [Node:2] [INFO] [STATE_CHANGE] FOLLOWER->FOLLOWER term:12 reason:变成Candidate
2025/11/04 16:02:39 [16:02:39.441] [Node:2] [TIMER_EVENT] [Trace:TIMER_2] 超时选举 since:243.717167ms threshold:239.711756ms
2025/11/04 16:02:39 [16:02:39.442] [Node:2] [RPC_SEND] [Trace:ELEC_2_13] 发送选举请求
2025/11/04 16:02:39 [16:02:39.442] [Node:2] [RPC_SEND] [Trace:ELEC_2_13] 发送选举请求
2025/11/04 16:02:39 [16:02:39.443] [Node:2] [RPC_SEND] [Trace:ELEC_2_13] 发送选举请求
2025/11/04 16:02:39 [16:02:39.443] [Node:2] [RPC_SEND] [Trace:ELEC_2_13] 发送选举请求
2025/11/04 16:02:39 [16:02:39.444] [Node:4] [RPC_RECV] [Trace:ELEC_2_13][2->4] RequestVote 接受 term:13 candidateId:2 lastLogIndex:2 lastLogTerm:3 currentTerm:5 status:FOLLOWER
2025/11/04 16:02:39 [16:02:39.444] [Node:4] [INFO] [STATE_CHANGE] FOLLOWER->FOLLOWER term:5 reason:降级成follower
2025/11/04 16:02:39 [16:02:39.447] [Node:4] [RPC_RECV] [Trace:ELEC_2_13][2->4] 投票信息 votedFor:-1 lastLogTerm:5 lastLogIndex:3
2025/11/04 16:02:39 [16:02:39.447] [Node:4] [RPC_RECV] [Trace:ELEC_2_13][2->4] 投票失败兜底 candidate:2 term:13
2025/11/04 16:02:39 [16:02:39.448] [Node:2] [RPC_SEND] [Trace:ELEC_2_13] 处理投票返回 for term 13 reply:{13 false}
2025/11/04 16:02:39 [16:02:39.449] [Node:1] [RPC_RECV] [Trace:ELEC_2_13][2->1] RequestVote 接受 term:13 candidateId:2 lastLogIndex:2 lastLogTerm:3 currentTerm:12 status:FOLLOWER
2025/11/04 16:02:39 [16:02:39.449] [Node:1] [INFO] [STATE_CHANGE] FOLLOWER->FOLLOWER term:12 reason:降级成follower
2025/11/04 16:02:39 [16:02:39.449] [Node:1] [RPC_RECV] [Trace:ELEC_2_13][2->1] 投票信息 votedFor:-1 lastLogTerm:3 lastLogIndex:2
2025/11/04 16:02:39 [16:02:39.449] [Node:1] [RPC_RECV] [Trace:ELEC_2_13][2->1] 投票给 candidate:2 term:13
2025/11/04 16:02:39 [16:02:39.450] [Node:2] [RPC_SEND] [Trace:ELEC_2_13] 处理投票返回 for term 13 reply:{13 true}
2025/11/04 16:02:39 [16:02:39.461] [Node:4] [HEARTBEAT] [Trace:HB_4_13] Follower等心跳 status FOLLOWER term:13 commitIndex:0
2025/11/04 16:02:39 [16:02:39.492] [Node:1] [HEARTBEAT] [Trace:HB_1_13] Follower等心跳 status FOLLOWER term:13 commitIndex:0
2025/11/04 16:02:39 [16:02:39.507] [Node:4] [INFO] [STATE_CHANGE] FOLLOWER->FOLLOWER term:13 reason:变成Candidate
2025/11/04 16:02:39 [16:02:39.507] [Node:4] [TIMER_EVENT] [Trace:TIMER_4] 超时选举 since:248.630333ms threshold:209.204919ms
2025/11/04 16:02:39 [16:02:39.508] [Node:4] [RPC_SEND] [Trace:ELEC_4_14] 发送选举请求
2025/11/04 16:02:39 [16:02:39.508] [Node:4] [RPC_SEND] [Trace:ELEC_4_14] 发送选举请求
2025/11/04 16:02:39 [16:02:39.508] [Node:4] [RPC_SEND] [Trace:ELEC_4_14] 发送选举请求
2025/11/04 16:02:39 [16:02:39.508] [Node:4] [RPC_SEND] [Trace:ELEC_4_14] 发送选举请求
2025/11/04 16:02:39 [16:02:39.509] [Node:1] [RPC_RECV] [Trace:ELEC_4_14][4->1] RequestVote 接受 term:14 candidateId:4 lastLogIndex:3 lastLogTerm:5 currentTerm:13 status:FOLLOWER
2025/11/04 16:02:39 [16:02:39.509] [Node:1] [INFO] [STATE_CHANGE] FOLLOWER->FOLLOWER term:13 reason:降级成follower
2025/11/04 16:02:39 [16:02:39.509] [Node:2] [RPC_RECV] [Trace:ELEC_4_14][4->2] RequestVote 接受 term:14 candidateId:4 lastLogIndex:3 lastLogTerm:5 currentTerm:13 status:CANDIDATE
2025/11/04 16:02:39 [16:02:39.509] [Node:2] [INFO] [STATE_CHANGE] CANDIDATE->FOLLOWER term:13 reason:降级成follower
2025/11/04 16:02:39 [16:02:39.509] [Node:1] [RPC_RECV] [Trace:ELEC_4_14][4->1] 投票信息 votedFor:-1 lastLogTerm:3 lastLogIndex:2
2025/11/04 16:02:39 [16:02:39.510] [Node:1] [RPC_RECV] [Trace:ELEC_4_14][4->1] 投票给 candidate:4 term:14
2025/11/04 16:02:39 [16:02:39.510] [Node:2] [RPC_RECV] [Trace:ELEC_4_14][4->2] 投票信息 votedFor:-1 lastLogTerm:3 lastLogIndex:2
2025/11/04 16:02:39 [16:02:39.510] [Node:2] [RPC_RECV] [Trace:ELEC_4_14][4->2] 投票给 candidate:4 term:14
2025/11/04 16:02:39 [16:02:39.510] [Node:4] [RPC_SEND] [Trace:ELEC_4_14] 处理投票返回 for term 14 reply:{14 true}
2025/11/04 16:02:39 [16:02:39.510] [Node:4] [RPC_SEND] [Trace:ELEC_4_14] 处理投票返回 for term 14 reply:{14 true}
2025/11/04 16:02:39 [16:02:39.510] [Node:4] [INFO] [STATE_CHANGE] CANDIDATE->LEADER term:14 reason:成为Leader
2025/11/04 16:02:39 [16:02:39.529] [Node:2] [HEARTBEAT] [Trace:HB_2_14] Follower等心跳 status FOLLOWER term:14 commitIndex:0
2025/11/04 16:02:39 [16:02:39.561] [Node:4] [HEARTBEAT] [Trace:HB_4_14] 开始发送心跳广播 status LEADER term:14 commitIndex:0
2025/11/04 16:02:39 [16:02:39.562] [Node:2] [HEARTBEAT] [Trace:LOG_4_14][4->2] AppendEntries 收到 term:14 leaderId:4 prevLogIndex:3 prevLogTerm:5 entries:0 leaderCommit:0 isHeartbeat:true currentTerm:14 status:FOLLOWER
2025/11/04 16:02:39 [16:02:39.562] [Node:1] [HEARTBEAT] [Trace:LOG_4_14][4->1] AppendEntries 收到 term:14 leaderId:4 prevLogIndex:3 prevLogTerm:5 entries:0 leaderCommit:0 isHeartbeat:true currentTerm:14 status:FOLLOWER
2025/11/04 16:02:39 [16:02:39.562] [Node:2] [HEARTBEAT] [Trace:LOG_4_14][4->2] Rejected: 收到LogEntry，但是log不全， prevLogIndex:3 logLen:3
2025/11/04 16:02:39 [16:02:39.562] [Node:1] [HEARTBEAT] [Trace:LOG_4_14][4->1] Rejected: 收到LogEntry，但是log不全， prevLogIndex:3 logLen:3
2025/11/04 16:02:39 [16:02:39.562] [Node:4] [LOG_REPLICA] [Trace:LOG_4_14][4->1] 心跳返回 from peer:1 term:14 success:false
2025/11/04 16:02:39 [16:02:39.562] [Node:4] [LOG_REPLICA] [Trace:LOG_4_14][4->1] 日志复制返回失败，开始快速恢复 for peer:1 starting fast recovery replyLogIndex:1
2025/11/04 16:02:39 [16:02:39.562] [Node:4] [LOG_REPLICA] [Trace:LOG_4_14][4->2] 心跳返回 from peer:2 term:14 success:false
2025/11/04 16:02:39 [16:02:39.562] [Node:4] [LOG_REPLICA] [Trace:LOG_4_14][4->2] 日志复制返回失败，开始快速恢复 for peer:2 starting fast recovery replyLogIndex:1
2025/11/04 16:02:39 [16:02:39.563] [Node:1] [LOG_REPLICA] [Trace:LOG_4_14][4->1] AppendEntries 收到 term:14 leaderId:4 prevLogIndex:0 prevLogTerm:0 entries:3 leaderCommit:0 isHeartbeat:false currentTerm:14 status:FOLLOWER
2025/11/04 16:02:39 [16:02:39.563] [Node:1] [LOG_REPLICA] [Trace:LOG_4_14][4->1] 打印日志结果:[{<nil> 0 false 0} {8944766457827906109 1 false 1} {6509188123634913142 3 false 2}] 
2025/11/04 16:02:39 [16:02:39.563] [Node:2] [LOG_REPLICA] [Trace:LOG_4_14][4->2] AppendEntries 收到 term:14 leaderId:4 prevLogIndex:0 prevLogTerm:0 entries:3 leaderCommit:0 isHeartbeat:false currentTerm:14 status:FOLLOWER
2025/11/04 16:02:39 [16:02:39.563] [Node:2] [LOG_REPLICA] [Trace:LOG_4_14][4->2] 打印日志结果:[{<nil> 0 false 0} {8944766457827906109 1 false 1} {6509188123634913142 3 false 2}] 
2025/11/04 16:02:39 [16:02:39.563] [Node:1] [LOG_REPLICA] [Trace:LOG_4_14][4->1] 复制日志结果:[{<nil> 0 false 0} {8944766457827906109 1 false 1} {5267375492348371869 2 false 2} {39770356992540294 5 false 3}] 
2025/11/04 16:02:39 [16:02:39.563] [Node:2] [LOG_REPLICA] [Trace:LOG_4_14][4->2] 复制日志结果:[{<nil> 0 false 0} {8944766457827906109 1 false 1} {5267375492348371869 2 false 2} {39770356992540294 5 false 3}] 
2025/11/04 16:02:39 [16:02:39.563] [Node:4] [LOG_REPLICA] [Trace:LOG_4_14][4->1] 心跳返回 from peer:1 term:14 success:true
2025/11/04 16:02:39 [16:02:39.564] [Node:4] [LOG_REPLICA] [Trace:LOG_4_14][4->1] 日志复制返回成功 from peer:1 term:14 agreeCount:2 log [{8944766457827906109 1 false 1} {5267375492348371869 2 false 2} {39770356992540294 5 false 3}]
2025/11/04 16:02:39 [16:02:39.564] [Node:4] [LOG_REPLICA] [Trace:LOG_4_14][4->1] 更新后 server:1 matchIndex:3 nextIndex:4
2025/11/04 16:02:39 [16:02:39.564] [Node:4] [LOG_REPLICA] [Trace:LOG_4_14][4->2] 心跳返回 from peer:2 term:14 success:true
2025/11/04 16:02:39 [16:02:39.564] [Node:4] [LOG_REPLICA] [Trace:LOG_4_14][4->2] 日志复制返回成功 from peer:2 term:14 agreeCount:3 log [{8944766457827906109 1 false 1} {5267375492348371869 2 false 2} {39770356992540294 5 false 3}]
2025/11/04 16:02:39 [16:02:39.564] [Node:4] [LOG_REPLICA] [Trace:LOG_4_14][4->2] 更新后 server:2 matchIndex:3 nextIndex:4
2025/11/04 16:02:39 [16:02:39.594] [Node:1] [HEARTBEAT] [Trace:HB_1_14] Follower等心跳 status FOLLOWER term:14 commitIndex:0
2025/11/04 16:02:39 [16:02:39.630] [Node:2] [HEARTBEAT] [Trace:HB_2_14] Follower等心跳 status FOLLOWER term:14 commitIndex:0
2025/11/04 16:02:39 [16:02:39.639] [Node:1] [RPC_RECV] [Trace:CLIENT_1_1762243359639813000] 接收到日志命令:1736710363360792383 isLeader:false term:14
2025/11/04 16:02:39 [16:02:39.640] [Node:2] [RPC_RECV] [Trace:CLIENT_2_1762243359640112000] 接收到日志命令:4538657310751822749 isLeader:false term:14
2025/11/04 16:02:39 [16:02:39.640] [Node:4] [RPC_RECV] [Trace:CLIENT_4_1762243359640284000] 接收到日志命令:8061147595324332255 isLeader:true term:14
2025/11/04 16:02:39 [16:02:39.649] [Node:0] [RPC_RECV]  恢复持久化状态 currentTerm:12 votedFor:0 logLen:5
2025/11/04 16:02:39 [16:02:39.650] [Node:0] [HEARTBEAT] [Trace:HB_0_12] Follower等心跳 status FOLLOWER term:12 commitIndex:0
2025/11/04 16:02:39 [16:02:39.650] [Node:0] [RPC_RECV] [Trace:CLIENT_0_1762243359650347000] 接收到日志命令:6680450045084413995 isLeader:false term:12
2025/11/04 16:02:39 [16:02:39.650] [Node:1] [RPC_RECV] [Trace:CLIENT_1_1762243359650484000] 接收到日志命令:7518863438264727506 isLeader:false term:14
2025/11/04 16:02:39 [16:02:39.650] [Node:2] [RPC_RECV] [Trace:CLIENT_2_1762243359650562000] 接收到日志命令:4395037325186864349 isLeader:false term:14
2025/11/04 16:02:39 [16:02:39.662] [Node:0] [RPC_RECV] [Trace:CLIENT_0_1762243359662755000] 接收到日志命令:82612656610739830 isLeader:false term:12
2025/11/04 16:02:39 [16:02:39.662] [Node:1] [RPC_RECV] [Trace:CLIENT_1_1762243359662964000] 接收到日志命令:7978988639116146599 isLeader:false term:14
2025/11/04 16:02:39 [16:02:39.663] [Node:2] [RPC_RECV] [Trace:CLIENT_2_1762243359663051000] 接收到日志命令:6588518308997180972 isLeader:false term:14
2025/11/04 16:02:39 [16:02:39.665] [Node:0] [RPC_RECV] [Trace:CLIENT_0_1762243359665403000] 接收到日志命令:6291597248669715969 isLeader:false term:12
2025/11/04 16:02:39 [16:02:39.665] [Node:1] [RPC_RECV] [Trace:CLIENT_1_1762243359665507000] 接收到日志命令:4189280292537902595 isLeader:false term:14
2025/11/04 16:02:39 [16:02:39.665] [Node:2] [RPC_RECV] [Trace:CLIENT_2_1762243359665600000] 接收到日志命令:5359814086418747018 isLeader:false term:14
2025/11/04 16:02:39 [16:02:39.669] [Node:0] [RPC_RECV] [Trace:CLIENT_0_1762243359669072000] 接收到日志命令:8548248362746183761 isLeader:false term:12
2025/11/04 16:02:39 [16:02:39.669] [Node:1] [RPC_RECV] [Trace:CLIENT_1_1762243359669154000] 接收到日志命令:1542888393819524494 isLeader:false term:14
2025/11/04 16:02:39 [16:02:39.669] [Node:2] [RPC_RECV] [Trace:CLIENT_2_1762243359669225000] 接收到日志命令:3536635521971184542 isLeader:false term:14
2025/11/04 16:02:39 [16:02:39.681] [Node:0] [RPC_RECV] [Trace:CLIENT_0_1762243359681367000] 接收到日志命令:7710335781654801906 isLeader:false term:12
2025/11/04 16:02:39 [16:02:39.681] [Node:1] [RPC_RECV] [Trace:CLIENT_1_1762243359681574000] 接收到日志命令:8914151038869601022 isLeader:false term:14
2025/11/04 16:02:39 [16:02:39.681] [Node:2] [RPC_RECV] [Trace:CLIENT_2_1762243359681641000] 接收到日志命令:1768242471957764749 isLeader:false term:14
2025/11/04 16:02:39 [16:02:39.686] [Node:0] [RPC_RECV] [Trace:CLIENT_0_1762243359686346000] 接收到日志命令:792339523258561570 isLeader:false term:12
2025/11/04 16:02:39 [16:02:39.686] [Node:1] [RPC_RECV] [Trace:CLIENT_1_1762243359686557000] 接收到日志命令:4634442582588610654 isLeader:false term:14
2025/11/04 16:02:39 [16:02:39.686] [Node:2] [RPC_RECV] [Trace:CLIENT_2_1762243359686631000] 接收到日志命令:9168365366789606913 isLeader:false term:14
2025/11/04 16:02:39 [16:02:39.694] [Node:1] [HEARTBEAT] [Trace:HB_1_14] Follower等心跳 status FOLLOWER term:14 commitIndex:0
2025/11/04 16:02:39 [16:02:39.694] [Node:0] [RPC_RECV] [Trace:CLIENT_0_1762243359694967000] 接收到日志命令:3591782302535665356 isLeader:false term:12
2025/11/04 16:02:39 [16:02:39.695] [Node:1] [RPC_RECV] [Trace:CLIENT_1_1762243359695042000] 接收到日志命令:1607346280547867481 isLeader:false term:14
2025/11/04 16:02:39 [16:02:39.695] [Node:2] [RPC_RECV] [Trace:CLIENT_2_1762243359695112000] 接收到日志命令:6606795800600762016 isLeader:false term:14
2025/11/04 16:02:39 [16:02:39.706] [Node:0] [RPC_RECV] [Trace:CLIENT_0_1762243359706559000] 接收到日志命令:1387485429785419254 isLeader:false term:12
2025/11/04 16:02:39 [16:02:39.706] [Node:1] [RPC_RECV] [Trace:CLIENT_1_1762243359706731000] 接收到日志命令:1595380762042401538 isLeader:false term:14
2025/11/04 16:02:39 [16:02:39.706] [Node:2] [RPC_RECV] [Trace:CLIENT_2_1762243359706834000] 接收到日志命令:5091746576775632013 isLeader:false term:14
2025/11/04 16:02:39 [16:02:39.717] [Node:0] [RPC_RECV] [Trace:CLIENT_0_1762243359717546000] 接收到日志命令:7948317411100295231 isLeader:false term:12
2025/11/04 16:02:39 [16:02:39.717] [Node:1] [RPC_RECV] [Trace:CLIENT_1_1762243359717880000] 接收到日志命令:4822739621881643356 isLeader:false term:14
2025/11/04 16:02:39 [16:02:39.718] [Node:2] [RPC_RECV] [Trace:CLIENT_2_1762243359718029000] 接收到日志命令:2414498130859926911 isLeader:false term:14
2025/11/04 16:02:39 [16:02:39.719] [Node:0] [RPC_RECV] [Trace:CLIENT_0_1762243359719358000] 接收到日志命令:4900670491219142965 isLeader:false term:12
2025/11/04 16:02:39 [16:02:39.719] [Node:1] [RPC_RECV] [Trace:CLIENT_1_1762243359719568000] 接收到日志命令:1799420669968903826 isLeader:false term:14
2025/11/04 16:02:39 [16:02:39.719] [Node:2] [RPC_RECV] [Trace:CLIENT_2_1762243359719718000] 接收到日志命令:8738961149023838391 isLeader:false term:14
2025/11/04 16:02:39 [16:02:39.731] [Node:2] [HEARTBEAT] [Trace:HB_2_14] Follower等心跳 status FOLLOWER term:14 commitIndex:0
2025/11/04 16:02:39 [16:02:39.750] [Node:0] [HEARTBEAT] [Trace:HB_0_12] Follower等心跳 status FOLLOWER term:12 commitIndex:0
2025/11/04 16:02:39 [16:02:39.795] [Node:1] [HEARTBEAT] [Trace:HB_1_14] Follower等心跳 status FOLLOWER term:14 commitIndex:0
2025/11/04 16:02:39 [16:02:39.836] [Node:2] [HEARTBEAT] [Trace:HB_2_14] Follower等心跳 status FOLLOWER term:14 commitIndex:0
2025/11/04 16:02:39 [16:02:39.852] [Node:0] [HEARTBEAT] [Trace:HB_0_12] Follower等心跳 status FOLLOWER term:12 commitIndex:0
2025/11/04 16:02:39 [16:02:39.852] [Node:2] [INFO] [STATE_CHANGE] FOLLOWER->FOLLOWER term:14 reason:变成Candidate
2025/11/04 16:02:39 [16:02:39.852] [Node:2] [TIMER_EVENT] [Trace:TIMER_2] 超时选举 since:288.775375ms threshold:212.931037ms
2025/11/04 16:02:39 [16:02:39.852] [Node:2] [RPC_SEND] [Trace:ELEC_2_15] 发送选举请求
2025/11/04 16:02:39 [16:02:39.852] [Node:2] [RPC_SEND] [Trace:ELEC_2_15] 发送选举请求
2025/11/04 16:02:39 [16:02:39.852] [Node:2] [RPC_SEND] [Trace:ELEC_2_15] 发送选举请求
2025/11/04 16:02:39 [16:02:39.853] [Node:0] [RPC_RECV] [Trace:ELEC_2_15][2->0] RequestVote 接受 term:15 candidateId:2 lastLogIndex:3 lastLogTerm:5 currentTerm:12 status:FOLLOWER
2025/11/04 16:02:39 [16:02:39.853] [Node:0] [INFO] [STATE_CHANGE] FOLLOWER->FOLLOWER term:12 reason:降级成follower
2025/11/04 16:02:39 [16:02:39.853] [Node:2] [RPC_SEND] [Trace:ELEC_2_15] 发送选举请求
2025/11/04 16:02:39 [16:02:39.853] [Node:1] [RPC_RECV] [Trace:ELEC_2_15][2->1] RequestVote 接受 term:15 candidateId:2 lastLogIndex:3 lastLogTerm:5 currentTerm:14 status:FOLLOWER
2025/11/04 16:02:39 [16:02:39.853] [Node:1] [INFO] [STATE_CHANGE] FOLLOWER->FOLLOWER term:14 reason:降级成follower
2025/11/04 16:02:39 [16:02:39.853] [Node:0] [RPC_RECV] [Trace:ELEC_2_15][2->0] 投票信息 votedFor:-1 lastLogTerm:12 lastLogIndex:4
2025/11/04 16:02:39 [16:02:39.853] [Node:0] [RPC_RECV] [Trace:ELEC_2_15][2->0] 投票失败兜底 candidate:2 term:15
2025/11/04 16:02:39 [16:02:39.854] [Node:1] [RPC_RECV] [Trace:ELEC_2_15][2->1] 投票信息 votedFor:-1 lastLogTerm:5 lastLogIndex:3
2025/11/04 16:02:39 [16:02:39.854] [Node:1] [RPC_RECV] [Trace:ELEC_2_15][2->1] 投票给 candidate:2 term:15
2025/11/04 16:02:39 [16:02:39.854] [Node:2] [RPC_SEND] [Trace:ELEC_2_15] 处理投票返回 for term 15 reply:{15 true}
2025/11/04 16:02:39 [16:02:39.854] [Node:2] [RPC_SEND] [Trace:ELEC_2_15] 处理投票返回 for term 15 reply:{15 false}
2025/11/04 16:02:39 [16:02:39.876] [Node:0] [RPC_RECV] [Trace:CLIENT_0_1762243359876299000] 接收到日志命令:7541375200402527627 isLeader:false term:15
2025/11/04 16:02:39 [16:02:39.878] [Node:1] [RPC_RECV] [Trace:CLIENT_1_1762243359878071000] 接收到日志命令:6533568125287490685 isLeader:false term:15
2025/11/04 16:02:39 [16:02:39.878] [Node:2] [RPC_RECV] [Trace:CLIENT_2_1762243359878168000] 接收到日志命令:8492297813948181346 isLeader:false term:15
2025/11/04 16:02:39 [16:02:39.879] [Node:0] [RPC_RECV] [Trace:CLIENT_0_1762243359879387000] 接收到日志命令:2469879362018590977 isLeader:false term:15
2025/11/04 16:02:39 [16:02:39.879] [Node:1] [RPC_RECV] [Trace:CLIENT_1_1762243359879648000] 接收到日志命令:6654676140718983197 isLeader:false term:15
2025/11/04 16:02:39 [16:02:39.879] [Node:2] [RPC_RECV] [Trace:CLIENT_2_1762243359879752000] 接收到日志命令:3532439456740566753 isLeader:false term:15
2025/11/04 16:02:39 [16:02:39.881] [Node:0] [RPC_RECV] [Trace:CLIENT_0_1762243359881448000] 接收到日志命令:1180973495924270511 isLeader:false term:15
2025/11/04 16:02:39 [16:02:39.881] [Node:1] [RPC_RECV] [Trace:CLIENT_1_1762243359881579000] 接收到日志命令:760317256234828131 isLeader:false term:15
2025/11/04 16:02:39 [16:02:39.881] [Node:2] [RPC_RECV] [Trace:CLIENT_2_1762243359881669000] 接收到日志命令:7801824476239152780 isLeader:false term:15
2025/11/04 16:02:39 [16:02:39.890] [Node:0] [RPC_RECV] [Trace:CLIENT_0_1762243359890733000] 接收到日志命令:4599393157222305710 isLeader:false term:15
2025/11/04 16:02:39 [16:02:39.891] [Node:1] [RPC_RECV] [Trace:CLIENT_1_1762243359891183000] 接收到日志命令:5938269496187705628 isLeader:false term:15
2025/11/04 16:02:39 [16:02:39.891] [Node:2] [RPC_RECV] [Trace:CLIENT_2_1762243359891294000] 接收到日志命令:4584283886055565340 isLeader:false term:15
2025/11/04 16:02:39 [16:02:39.896] [Node:1] [HEARTBEAT] [Trace:HB_1_15] Follower等心跳 status FOLLOWER term:15 commitIndex:0
2025/11/04 16:02:39 [16:02:39.904] [Node:0] [RPC_RECV] [Trace:CLIENT_0_1762243359904187000] 接收到日志命令:7818253426386582115 isLeader:false term:15
2025/11/04 16:02:39 [16:02:39.904] [Node:1] [RPC_RECV] [Trace:CLIENT_1_1762243359904519000] 接收到日志命令:7759247954976287897 isLeader:false term:15
2025/11/04 16:02:39 [16:02:39.904] [Node:2] [RPC_RECV] [Trace:CLIENT_2_1762243359904697000] 接收到日志命令:3925036487771189342 isLeader:false term:15
2025/11/04 16:02:39 [16:02:39.911] [Node:0] [RPC_RECV] [Trace:CLIENT_0_1762243359911115000] 接收到日志命令:6261772975846550588 isLeader:false term:15
2025/11/04 16:02:39 [16:02:39.911] [Node:1] [RPC_RECV] [Trace:CLIENT_1_1762243359911502000] 接收到日志命令:1519669465379200030 isLeader:false term:15
2025/11/04 16:02:39 [16:02:39.911] [Node:2] [RPC_RECV] [Trace:CLIENT_2_1762243359911786000] 接收到日志命令:131386743997593260 isLeader:false term:15
2025/11/04 16:02:39 [16:02:39.937] [Node:2] [HEARTBEAT] [Trace:HB_2_15] Follower等心跳 status CANDIDATE term:15 commitIndex:0
2025/11/04 16:02:39 [16:02:39.952] [Node:0] [HEARTBEAT] [Trace:HB_0_15] Follower等心跳 status FOLLOWER term:15 commitIndex:0
2025/11/04 16:02:39 [16:02:39.997] [Node:1] [HEARTBEAT] [Trace:HB_1_15] Follower等心跳 status FOLLOWER term:15 commitIndex:0
2025/11/04 16:02:40 [16:02:40.003] [Node:0] [INFO] [STATE_CHANGE] FOLLOWER->FOLLOWER term:15 reason:变成Candidate
2025/11/04 16:02:40 [16:02:40.003] [Node:0] [TIMER_EVENT] [Trace:TIMER_0] 超时选举 since:355.106291ms threshold:328.135385ms
2025/11/04 16:02:40 [16:02:40.003] [Node:0] [RPC_SEND] [Trace:ELEC_0_16] 发送选举请求
2025/11/04 16:02:40 [16:02:40.003] [Node:0] [RPC_SEND] [Trace:ELEC_0_16] 发送选举请求
2025/11/04 16:02:40 [16:02:40.004] [Node:0] [RPC_SEND] [Trace:ELEC_0_16] 发送选举请求
2025/11/04 16:02:40 [16:02:40.004] [Node:0] [RPC_SEND] [Trace:ELEC_0_16] 发送选举请求
2025/11/04 16:02:40 [16:02:40.005] [Node:2] [RPC_RECV] [Trace:ELEC_0_16][0->2] RequestVote 接受 term:16 candidateId:0 lastLogIndex:4 lastLogTerm:12 currentTerm:15 status:CANDIDATE
2025/11/04 16:02:40 [16:02:40.005] [Node:2] [INFO] [STATE_CHANGE] CANDIDATE->FOLLOWER term:15 reason:降级成follower
2025/11/04 16:02:40 [16:02:40.006] [Node:1] [RPC_RECV] [Trace:ELEC_0_16][0->1] RequestVote 接受 term:16 candidateId:0 lastLogIndex:4 lastLogTerm:12 currentTerm:15 status:FOLLOWER
2025/11/04 16:02:40 [16:02:40.006] [Node:1] [INFO] [STATE_CHANGE] FOLLOWER->FOLLOWER term:15 reason:降级成follower
2025/11/04 16:02:40 [16:02:40.006] [Node:2] [RPC_RECV] [Trace:ELEC_0_16][0->2] 投票信息 votedFor:-1 lastLogTerm:5 lastLogIndex:3
2025/11/04 16:02:40 [16:02:40.006] [Node:2] [RPC_RECV] [Trace:ELEC_0_16][0->2] 投票给 candidate:0 term:16
2025/11/04 16:02:40 [16:02:40.006] [Node:1] [RPC_RECV] [Trace:ELEC_0_16][0->1] 投票信息 votedFor:-1 lastLogTerm:5 lastLogIndex:3
2025/11/04 16:02:40 [16:02:40.006] [Node:1] [RPC_RECV] [Trace:ELEC_0_16][0->1] 投票给 candidate:0 term:16
2025/11/04 16:02:40 [16:02:40.007] [Node:0] [RPC_SEND] [Trace:ELEC_0_16] 处理投票返回 for term 16 reply:{16 true}
2025/11/04 16:02:40 [16:02:40.007] [Node:0] [RPC_SEND] [Trace:ELEC_0_16] 处理投票返回 for term 16 reply:{16 true}
2025/11/04 16:02:40 [16:02:40.007] [Node:0] [INFO] [STATE_CHANGE] CANDIDATE->LEADER term:16 reason:成为Leader
2025/11/04 16:02:40 [16:02:40.038] [Node:2] [HEARTBEAT] [Trace:HB_2_16] Follower等心跳 status FOLLOWER term:16 commitIndex:0
2025/11/04 16:02:40 [16:02:40.053] [Node:0] [HEARTBEAT] [Trace:HB_0_16] 开始发送心跳广播 status LEADER term:16 commitIndex:0
2025/11/04 16:02:40 [16:02:40.055] [Node:1] [HEARTBEAT] [Trace:LOG_0_16][0->1] AppendEntries 收到 term:16 leaderId:0 prevLogIndex:4 prevLogTerm:12 entries:0 leaderCommit:0 isHeartbeat:true currentTerm:16 status:FOLLOWER
2025/11/04 16:02:40 [16:02:40.055] [Node:1] [HEARTBEAT] [Trace:LOG_0_16][0->1] Rejected: 收到LogEntry，但是log不全， prevLogIndex:4 logLen:4
2025/11/04 16:02:40 [16:02:40.056] [Node:0] [LOG_REPLICA] [Trace:LOG_0_16][0->1] 心跳返回 from peer:1 term:16 success:false
2025/11/04 16:02:40 [16:02:40.056] [Node:0] [LOG_REPLICA] [Trace:LOG_0_16][0->1] 日志复制返回失败，开始快速恢复 for peer:1 starting fast recovery replyLogIndex:1
2025/11/04 16:02:40 [16:02:40.056] [Node:2] [HEARTBEAT] [Trace:LOG_0_16][0->2] AppendEntries 收到 term:16 leaderId:0 prevLogIndex:4 prevLogTerm:12 entries:0 leaderCommit:0 isHeartbeat:true currentTerm:16 status:FOLLOWER
2025/11/04 16:02:40 [16:02:40.056] [Node:2] [HEARTBEAT] [Trace:LOG_0_16][0->2] Rejected: 收到LogEntry，但是log不全， prevLogIndex:4 logLen:4
2025/11/04 16:02:40 [16:02:40.063] [Node:1] [LOG_REPLICA] [Trace:LOG_0_16][0->1] AppendEntries 收到 term:16 leaderId:0 prevLogIndex:0 prevLogTerm:0 entries:4 leaderCommit:0 isHeartbeat:false currentTerm:16 status:FOLLOWER
2025/11/04 16:02:40 [16:02:40.063] [Node:0] [LOG_REPLICA] [Trace:LOG_0_16][0->2] 心跳返回 from peer:2 term:16 success:false
2025/11/04 16:02:40 [16:02:40.063] [Node:1] [LOG_REPLICA] [Trace:LOG_0_16][0->1] 打印日志结果:[{<nil> 0 false 0} {8944766457827906109 1 false 1} {5267375492348371869 2 false 2} {39770356992540294 5 false 3}] 
2025/11/04 16:02:40 [16:02:40.064] [Node:0] [LOG_REPLICA] [Trace:LOG_0_16][0->2] 日志复制返回失败，开始快速恢复 for peer:2 starting fast recovery replyLogIndex:1
2025/11/04 16:02:40 [16:02:40.064] [Node:1] [LOG_REPLICA] [Trace:LOG_0_16][0->1] 复制日志结果:[{<nil> 0 false 0} {8944766457827906109 1 false 1} {83701232492691596 1 false 2} {7290116626429539953 7 false 3} {8761287681990128676 12 false 4}] 
2025/11/04 16:02:40 [16:02:40.064] [Node:0] [LOG_REPLICA] [Trace:LOG_0_16][0->1] 心跳返回 from peer:1 term:16 success:true
2025/11/04 16:02:40 [16:02:40.064] [Node:2] [LOG_REPLICA] [Trace:LOG_0_16][0->2] AppendEntries 收到 term:16 leaderId:0 prevLogIndex:0 prevLogTerm:0 entries:4 leaderCommit:0 isHeartbeat:false currentTerm:16 status:FOLLOWER
2025/11/04 16:02:40 [16:02:40.064] [Node:2] [LOG_REPLICA] [Trace:LOG_0_16][0->2] 打印日志结果:[{<nil> 0 false 0} {8944766457827906109 1 false 1} {5267375492348371869 2 false 2} {39770356992540294 5 false 3}] 
2025/11/04 16:02:40 [16:02:40.064] [Node:0] [LOG_REPLICA] [Trace:LOG_0_16][0->1] 日志复制返回成功 from peer:1 term:16 agreeCount:2 log [{8944766457827906109 1 false 1} {83701232492691596 1 false 2} {7290116626429539953 7 false 3} {8761287681990128676 12 false 4}]
2025/11/04 16:02:40 [16:02:40.064] [Node:0] [LOG_REPLICA] [Trace:LOG_0_16][0->1] 更新后 server:1 matchIndex:4 nextIndex:5
2025/11/04 16:02:40 [16:02:40.064] [Node:2] [LOG_REPLICA] [Trace:LOG_0_16][0->2] 复制日志结果:[{<nil> 0 false 0} {8944766457827906109 1 false 1} {83701232492691596 1 false 2} {7290116626429539953 7 false 3} {8761287681990128676 12 false 4}] 
2025/11/04 16:02:40 [16:02:40.065] [Node:0] [LOG_REPLICA] [Trace:LOG_0_16][0->2] 心跳返回 from peer:2 term:16 success:true
2025/11/04 16:02:40 [16:02:40.065] [Node:0] [LOG_REPLICA] [Trace:LOG_0_16][0->2] 日志复制返回成功 from peer:2 term:16 agreeCount:3 log [{8944766457827906109 1 false 1} {83701232492691596 1 false 2} {7290116626429539953 7 false 3} {8761287681990128676 12 false 4}]
2025/11/04 16:02:40 [16:02:40.065] [Node:0] [LOG_REPLICA] [Trace:LOG_0_16][0->2] 更新后 server:2 matchIndex:4 nextIndex:5
2025/11/04 16:02:40 [16:02:40.099] [Node:1] [HEARTBEAT] [Trace:HB_1_16] Follower等心跳 status FOLLOWER term:16 commitIndex:0
2025/11/04 16:02:40 [16:02:40.139] [Node:2] [HEARTBEAT] [Trace:HB_2_16] Follower等心跳 status FOLLOWER term:16 commitIndex:0
2025/11/04 16:02:40 [16:02:40.155] [Node:0] [HEARTBEAT] [Trace:HB_0_16] 开始发送心跳广播 status LEADER term:16 commitIndex:0
2025/11/04 16:02:40 [16:02:40.157] [Node:1] [HEARTBEAT] [Trace:LOG_0_16][0->1] AppendEntries 收到 term:16 leaderId:0 prevLogIndex:4 prevLogTerm:12 entries:0 leaderCommit:0 isHeartbeat:true currentTerm:16 status:FOLLOWER
2025/11/04 16:02:40 [16:02:40.157] [Node:1] [HEARTBEAT] [Trace:LOG_0_16][0->1] 打印日志结果:[{<nil> 0 false 0} {8944766457827906109 1 false 1} {83701232492691596 1 false 2} {7290116626429539953 7 false 3} {8761287681990128676 12 false 4}] 
2025/11/04 16:02:40 [16:02:40.159] [Node:1] [HEARTBEAT] [Trace:LOG_0_16][0->1] 复制日志结果:[{<nil> 0 false 0} {8944766457827906109 1 false 1} {83701232492691596 1 false 2} {7290116626429539953 7 false 3} {8761287681990128676 12 false 4}] 
2025/11/04 16:02:40 [16:02:40.160] [Node:0] [LOG_REPLICA] [Trace:LOG_0_16][0->1] 心跳返回 from peer:1 term:16 success:true
2025/11/04 16:02:40 [16:02:40.160] [Node:2] [HEARTBEAT] [Trace:LOG_0_16][0->2] AppendEntries 收到 term:16 leaderId:0 prevLogIndex:4 prevLogTerm:12 entries:0 leaderCommit:0 isHeartbeat:true currentTerm:16 status:FOLLOWER
2025/11/04 16:02:40 [16:02:40.161] [Node:2] [HEARTBEAT] [Trace:LOG_0_16][0->2] 打印日志结果:[{<nil> 0 false 0} {8944766457827906109 1 false 1} {83701232492691596 1 false 2} {7290116626429539953 7 false 3} {8761287681990128676 12 false 4}] 
2025/11/04 16:02:40 [16:02:40.161] [Node:2] [HEARTBEAT] [Trace:LOG_0_16][0->2] 复制日志结果:[{<nil> 0 false 0} {8944766457827906109 1 false 1} {83701232492691596 1 false 2} {7290116626429539953 7 false 3} {8761287681990128676 12 false 4}] 
2025/11/04 16:02:40 [16:02:40.161] [Node:0] [LOG_REPLICA] [Trace:LOG_0_16][0->2] 心跳返回 from peer:2 term:16 success:true
2025/11/04 16:02:40 [16:02:40.199] [Node:1] [HEARTBEAT] [Trace:HB_1_16] Follower等心跳 status FOLLOWER term:16 commitIndex:0
2025/11/04 16:02:40 [16:02:40.213] [Node:0] [RPC_RECV] [Trace:CLIENT_0_1762243360213369000] 接收到日志命令:4144690831895858957 isLeader:true term:16
2025/11/04 16:02:40 [16:02:40.213] [Node:1] [RPC_RECV] [Trace:CLIENT_1_1762243360213917000] 接收到日志命令:4468958543802420654 isLeader:false term:16
2025/11/04 16:02:40 [16:02:40.213] [Node:2] [RPC_RECV] [Trace:CLIENT_2_1762243360213989000] 接收到日志命令:6577178034696675748 isLeader:false term:16
2025/11/04 16:02:40 [16:02:40.218] [Node:1] [RPC_RECV] [Trace:CLIENT_1_1762243360218747000] 接收到日志命令:2415827415286784551 isLeader:false term:16
2025/11/04 16:02:40 [16:02:40.218] [Node:2] [RPC_RECV] [Trace:CLIENT_2_1762243360218976000] 接收到日志命令:261120768036988644 isLeader:false term:16
2025/11/04 16:02:40 [16:02:40.226] [Node:3] [RPC_RECV]  恢复持久化状态 currentTerm:10 votedFor:3 logLen:4
2025/11/04 16:02:40 [16:02:40.226] [Node:3] [HEARTBEAT] [Trace:HB_3_10] Follower等心跳 status FOLLOWER term:10 commitIndex:0
2025/11/04 16:02:40 [16:02:40.226] [Node:1] [RPC_RECV] [Trace:CLIENT_1_1762243360226403000] 接收到日志命令:6752506729925599155 isLeader:false term:16
2025/11/04 16:02:40 [16:02:40.226] [Node:2] [RPC_RECV] [Trace:CLIENT_2_1762243360226491000] 接收到日志命令:8687036636615164790 isLeader:false term:16
2025/11/04 16:02:40 [16:02:40.226] [Node:3] [RPC_RECV] [Trace:CLIENT_3_1762243360226931000] 接收到日志命令:3882039235346855467 isLeader:false term:10
2025/11/04 16:02:40 [16:02:40.237] [Node:1] [RPC_RECV] [Trace:CLIENT_1_1762243360237025000] 接收到日志命令:5545830441839750966 isLeader:false term:16
2025/11/04 16:02:40 [16:02:40.237] [Node:2] [RPC_RECV] [Trace:CLIENT_2_1762243360237298000] 接收到日志命令:734019064406278747 isLeader:false term:16
2025/11/04 16:02:40 [16:02:40.237] [Node:3] [RPC_RECV] [Trace:CLIENT_3_1762243360237370000] 接收到日志命令:5931662086480687071 isLeader:false term:10
2025/11/04 16:02:40 [16:02:40.239] [Node:2] [HEARTBEAT] [Trace:HB_2_16] Follower等心跳 status FOLLOWER term:16 commitIndex:0
2025/11/04 16:02:40 [16:02:40.240] [Node:1] [RPC_RECV] [Trace:CLIENT_1_1762243360240625000] 接收到日志命令:506827447052122177 isLeader:false term:16
2025/11/04 16:02:40 [16:02:40.240] [Node:2] [RPC_RECV] [Trace:CLIENT_2_1762243360240708000] 接收到日志命令:4755961045865171680 isLeader:false term:16
2025/11/04 16:02:40 [16:02:40.240] [Node:3] [RPC_RECV] [Trace:CLIENT_3_1762243360240785000] 接收到日志命令:8606255509539542209 isLeader:false term:10
2025/11/04 16:02:40 [16:02:40.245] [Node:1] [RPC_RECV] [Trace:CLIENT_1_1762243360245385000] 接收到日志命令:1424232238842944774 isLeader:false term:16
2025/11/04 16:02:40 [16:02:40.245] [Node:2] [RPC_RECV] [Trace:CLIENT_2_1762243360245481000] 接收到日志命令:8874009193632634085 isLeader:false term:16
2025/11/04 16:02:40 [16:02:40.245] [Node:3] [RPC_RECV] [Trace:CLIENT_3_1762243360245562000] 接收到日志命令:2217105084038310776 isLeader:false term:10
2025/11/04 16:02:40 [16:02:40.251] [Node:1] [RPC_RECV] [Trace:CLIENT_1_1762243360251797000] 接收到日志命令:4001450925710356786 isLeader:false term:16
2025/11/04 16:02:40 [16:02:40.251] [Node:2] [RPC_RECV] [Trace:CLIENT_2_1762243360251913000] 接收到日志命令:770583641299622706 isLeader:false term:16
2025/11/04 16:02:40 [16:02:40.251] [Node:3] [RPC_RECV] [Trace:CLIENT_3_1762243360251984000] 接收到日志命令:2058884904828629822 isLeader:false term:10
2025/11/04 16:02:40 [16:02:40.252] [Node:1] [RPC_RECV] [Trace:CLIENT_1_1762243360252050000] 接收到日志命令:9086110777094891538 isLeader:false term:16
2025/11/04 16:02:40 [16:02:40.252] [Node:2] [RPC_RECV] [Trace:CLIENT_2_1762243360252111000] 接收到日志命令:1375119300234882058 isLeader:false term:16
2025/11/04 16:02:40 [16:02:40.252] [Node:3] [RPC_RECV] [Trace:CLIENT_3_1762243360252171000] 接收到日志命令:2742789652913486180 isLeader:false term:10
2025/11/04 16:02:40 [16:02:40.261] [Node:1] [RPC_RECV] [Trace:CLIENT_1_1762243360261783000] 接收到日志命令:8468221848474825539 isLeader:false term:16
2025/11/04 16:02:40 [16:02:40.262] [Node:2] [RPC_RECV] [Trace:CLIENT_2_1762243360262172000] 接收到日志命令:5604485404520210953 isLeader:false term:16
2025/11/04 16:02:40 [16:02:40.262] [Node:3] [RPC_RECV] [Trace:CLIENT_3_1762243360262255000] 接收到日志命令:8259000345367546993 isLeader:false term:10
2025/11/04 16:02:40 [16:02:40.270] [Node:1] [RPC_RECV] [Trace:CLIENT_1_1762243360270696000] 接收到日志命令:2325871317488810923 isLeader:false term:16
2025/11/04 16:02:40 [16:02:40.270] [Node:2] [RPC_RECV] [Trace:CLIENT_2_1762243360270930000] 接收到日志命令:4611607671881094488 isLeader:false term:16
2025/11/04 16:02:40 [16:02:40.271] [Node:3] [RPC_RECV] [Trace:CLIENT_3_1762243360271007000] 接收到日志命令:2456171935486515541 isLeader:false term:10
2025/11/04 16:02:40 [16:02:40.276] [Node:1] [RPC_RECV] [Trace:CLIENT_1_1762243360276772000] 接收到日志命令:8891628084011045799 isLeader:false term:16
2025/11/04 16:02:40 [16:02:40.276] [Node:2] [RPC_RECV] [Trace:CLIENT_2_1762243360276977000] 接收到日志命令:8029486913450512168 isLeader:false term:16
2025/11/04 16:02:40 [16:02:40.277] [Node:3] [RPC_RECV] [Trace:CLIENT_3_1762243360277042000] 接收到日志命令:6520895206528522682 isLeader:false term:10
2025/11/04 16:02:40 [16:02:40.280] [Node:1] [RPC_RECV] [Trace:CLIENT_1_1762243360280465000] 接收到日志命令:4822580974421010415 isLeader:false term:16
2025/11/04 16:02:40 [16:02:40.280] [Node:2] [RPC_RECV] [Trace:CLIENT_2_1762243360280573000] 接收到日志命令:72706679106674497 isLeader:false term:16
2025/11/04 16:02:40 [16:02:40.280] [Node:3] [RPC_RECV] [Trace:CLIENT_3_1762243360280666000] 接收到日志命令:6573414933338241654 isLeader:false term:10
2025/11/04 16:02:40 [16:02:40.286] [Node:1] [RPC_RECV] [Trace:CLIENT_1_1762243360286495000] 接收到日志命令:6475935662453570352 isLeader:false term:16
2025/11/04 16:02:40 [16:02:40.286] [Node:2] [RPC_RECV] [Trace:CLIENT_2_1762243360286714000] 接收到日志命令:4005123492296428796 isLeader:false term:16
2025/11/04 16:02:40 [16:02:40.286] [Node:3] [RPC_RECV] [Trace:CLIENT_3_1762243360286796000] 接收到日志命令:722902145512229610 isLeader:false term:10
2025/11/04 16:02:40 [16:02:40.301] [Node:1] [HEARTBEAT] [Trace:HB_1_16] Follower等心跳 status FOLLOWER term:16 commitIndex:0
2025/11/04 16:02:40 [16:02:40.326] [Node:3] [HEARTBEAT] [Trace:HB_3_10] Follower等心跳 status FOLLOWER term:10 commitIndex:0
2025/11/04 16:02:40 [16:02:40.341] [Node:2] [HEARTBEAT] [Trace:HB_2_16] Follower等心跳 status FOLLOWER term:16 commitIndex:0
2025/11/04 16:02:40 [16:02:40.374] [Node:2] [INFO] [STATE_CHANGE] FOLLOWER->FOLLOWER term:16 reason:变成Candidate
2025/11/04 16:02:40 [16:02:40.374] [Node:2] [TIMER_EVENT] [Trace:TIMER_2] 超时选举 since:214.024541ms threshold:203.920448ms
2025/11/04 16:02:40 [16:02:40.374] [Node:2] [RPC_SEND] [Trace:ELEC_2_17] 发送选举请求
2025/11/04 16:02:40 [16:02:40.375] [Node:2] [RPC_SEND] [Trace:ELEC_2_17] 发送选举请求
2025/11/04 16:02:40 [16:02:40.375] [Node:2] [RPC_SEND] [Trace:ELEC_2_17] 发送选举请求
2025/11/04 16:02:40 [16:02:40.376] [Node:2] [RPC_SEND] [Trace:ELEC_2_17] 发送选举请求
2025/11/04 16:02:40 [16:02:40.376] [Node:1] [RPC_RECV] [Trace:ELEC_2_17][2->1] RequestVote 接受 term:17 candidateId:2 lastLogIndex:4 lastLogTerm:12 currentTerm:16 status:FOLLOWER
2025/11/04 16:02:40 [16:02:40.376] [Node:1] [INFO] [STATE_CHANGE] FOLLOWER->FOLLOWER term:16 reason:降级成follower
2025/11/04 16:02:40 [16:02:40.376] [Node:3] [RPC_RECV] [Trace:ELEC_2_17][2->3] RequestVote 接受 term:17 candidateId:2 lastLogIndex:4 lastLogTerm:12 currentTerm:10 status:FOLLOWER
2025/11/04 16:02:40 [16:02:40.377] [Node:3] [INFO] [STATE_CHANGE] FOLLOWER->FOLLOWER term:10 reason:降级成follower
2025/11/04 16:02:40 [16:02:40.377] [Node:1] [RPC_RECV] [Trace:ELEC_2_17][2->1] 投票信息 votedFor:-1 lastLogTerm:12 lastLogIndex:4
2025/11/04 16:02:40 [16:02:40.377] [Node:1] [RPC_RECV] [Trace:ELEC_2_17][2->1] 投票给 candidate:2 term:17
2025/11/04 16:02:40 [16:02:40.377] [Node:3] [RPC_RECV] [Trace:ELEC_2_17][2->3] 投票信息 votedFor:-1 lastLogTerm:10 lastLogIndex:3
2025/11/04 16:02:40 [16:02:40.377] [Node:3] [RPC_RECV] [Trace:ELEC_2_17][2->3] 投票给 candidate:2 term:17
2025/11/04 16:02:40 [16:02:40.378] [Node:2] [RPC_SEND] [Trace:ELEC_2_17] 处理投票返回 for term 17 reply:{17 true}
2025/11/04 16:02:40 [16:02:40.378] [Node:2] [RPC_SEND] [Trace:ELEC_2_17] 处理投票返回 for term 17 reply:{17 true}
2025/11/04 16:02:40 [16:02:40.378] [Node:2] [INFO] [STATE_CHANGE] CANDIDATE->LEADER term:17 reason:成为Leader
2025/11/04 16:02:40 [16:02:40.402] [Node:1] [HEARTBEAT] [Trace:HB_1_17] Follower等心跳 status FOLLOWER term:17 commitIndex:0
2025/11/04 16:02:40 [16:02:40.427] [Node:3] [HEARTBEAT] [Trace:HB_3_17] Follower等心跳 status FOLLOWER term:17 commitIndex:0
2025/11/04 16:02:40 [16:02:40.438] [Node:1] [RPC_RECV] [Trace:CLIENT_1_1762243360438721000] 接收到日志命令:6740098891244516098 isLeader:false term:17
2025/11/04 16:02:40 [16:02:40.439] [Node:2] [RPC_RECV] [Trace:CLIENT_2_1762243360439275000] 接收到日志命令:7355512318857408693 isLeader:true term:17
2025/11/04 16:02:40 [16:02:40.440] [Node:3] [RPC_RECV] [Trace:CLIENT_3_1762243360439992000] 接收到日志命令:4301120588634981296 isLeader:false term:17
2025/11/04 16:02:40 [16:02:40.441] [Node:2] [HEARTBEAT] [Trace:HB_2_17] 开始发送心跳广播 status LEADER term:17 commitIndex:0
2025/11/04 16:02:40 [16:02:40.444] [Node:1] [LOG_REPLICA] [Trace:LOG_2_17][2->1] AppendEntries 收到 term:17 leaderId:2 prevLogIndex:4 prevLogTerm:12 entries:1 leaderCommit:0 isHeartbeat:false currentTerm:17 status:FOLLOWER
2025/11/04 16:02:40 [16:02:40.444] [Node:1] [LOG_REPLICA] [Trace:LOG_2_17][2->1] 打印日志结果:[{<nil> 0 false 0} {8944766457827906109 1 false 1} {83701232492691596 1 false 2} {7290116626429539953 7 false 3} {8761287681990128676 12 false 4}] 
2025/11/04 16:02:40 [16:02:40.445] [Node:1] [LOG_REPLICA] [Trace:LOG_2_17][2->1] 复制日志结果:[{<nil> 0 false 0} {8944766457827906109 1 false 1} {83701232492691596 1 false 2} {7290116626429539953 7 false 3} {8761287681990128676 12 false 4} {7355512318857408693 17 false 5}] 
2025/11/04 16:02:40 [16:02:40.446] [Node:2] [LOG_REPLICA] [Trace:LOG_2_17][2->1] 心跳返回 from peer:1 term:17 success:true
2025/11/04 16:02:40 [16:02:40.446] [Node:2] [LOG_REPLICA] [Trace:LOG_2_17][2->1] 日志复制返回成功 from peer:1 term:17 agreeCount:2 log [{7355512318857408693 17 false 5}]
2025/11/04 16:02:40 [16:02:40.446] [Node:2] [LOG_REPLICA] [Trace:LOG_2_17][2->1] 更新后 server:1 matchIndex:5 nextIndex:6
2025/11/04 16:02:40 [16:02:40.446] [Node:3] [LOG_REPLICA] [Trace:LOG_2_17][2->3] AppendEntries 收到 term:17 leaderId:2 prevLogIndex:4 prevLogTerm:12 entries:1 leaderCommit:0 isHeartbeat:false currentTerm:17 status:FOLLOWER
2025/11/04 16:02:40 [16:02:40.446] [Node:3] [LOG_REPLICA] [Trace:LOG_2_17][2->3] Rejected: 收到LogEntry，但是log不全， prevLogIndex:4 logLen:4
2025/11/04 16:02:40 [16:02:40.447] [Node:2] [LOG_REPLICA] [Trace:LOG_2_17][2->3] 心跳返回 from peer:3 term:17 success:false
2025/11/04 16:02:40 [16:02:40.447] [Node:2] [LOG_REPLICA] [Trace:LOG_2_17][2->3] 日志复制返回失败，开始快速恢复 for peer:3 starting fast recovery replyLogIndex:1
2025/11/04 16:02:40 [16:02:40.448] [Node:3] [LOG_REPLICA] [Trace:LOG_2_17][2->3] AppendEntries 收到 term:17 leaderId:2 prevLogIndex:0 prevLogTerm:0 entries:5 leaderCommit:0 isHeartbeat:false currentTerm:17 status:FOLLOWER
2025/11/04 16:02:40 [16:02:40.448] [Node:3] [LOG_REPLICA] [Trace:LOG_2_17][2->3] 打印日志结果:[{<nil> 0 false 0} {8944766457827906109 1 false 1} {6509188123634913142 3 false 2} {2539021183672090992 10 false 3}] 
2025/11/04 16:02:40 [16:02:40.448] [Node:3] [LOG_REPLICA] [Trace:LOG_2_17][2->3] 复制日志结果:[{<nil> 0 false 0} {8944766457827906109 1 false 1} {83701232492691596 1 false 2} {7290116626429539953 7 false 3} {8761287681990128676 12 false 4} {7355512318857408693 17 false 5}] 
2025/11/04 16:02:40 [16:02:40.448] [Node:2] [LOG_REPLICA] [Trace:LOG_2_17][2->3] 心跳返回 from peer:3 term:17 success:true
2025/11/04 16:02:40 [16:02:40.448] [Node:2] [LOG_REPLICA] [Trace:LOG_2_17][2->3] 日志复制返回成功 from peer:3 term:17 agreeCount:3 log [{8944766457827906109 1 false 1} {83701232492691596 1 false 2} {7290116626429539953 7 false 3} {8761287681990128676 12 false 4} {7355512318857408693 17 false 5}]
2025/11/04 16:02:40 [16:02:40.448] [Node:2] [LOG_REPLICA] [Trace:LOG_2_17][2->3] 更新后 server:3 matchIndex:5 nextIndex:6
2025/11/04 16:02:40 [16:02:40.448] [Node:2] [LOG_COMMIT] [Trace:LOG_2_17] 日志复制返回成功 多数同意，提交日志给KV服务器 index:5 term:17 majorityCount:3
2025/11/04 16:02:40 [16:02:40.449] [Node:2] [LOG_COMMIT] [Trace:APPLY_2_5] Applying logs count:5 log:[{8944766457827906109 1 false 1} {83701232492691596 1 false 2} {7290116626429539953 7 false 3} {8761287681990128676 12 false 4} {7355512318857408693 17 false 5}] lastApplied:5
2025/11/04 16:02:40 [16:02:40.503] [Node:1] [HEARTBEAT] [Trace:HB_1_17] Follower等心跳 status FOLLOWER term:17 commitIndex:0
2025/11/04 16:02:40 [16:02:40.528] [Node:3] [HEARTBEAT] [Trace:HB_3_17] Follower等心跳 status FOLLOWER term:17 commitIndex:0
2025/11/04 16:02:40 [16:02:40.542] [Node:2] [HEARTBEAT] [Trace:HB_2_17] 开始发送心跳广播 status LEADER term:17 commitIndex:5
2025/11/04 16:02:40 [16:02:40.545] [Node:3] [HEARTBEAT] [Trace:LOG_2_17][2->3] AppendEntries 收到 term:17 leaderId:2 prevLogIndex:5 prevLogTerm:17 entries:0 leaderCommit:5 isHeartbeat:true currentTerm:17 status:FOLLOWER
2025/11/04 16:02:40 [16:02:40.545] [Node:3] [HEARTBEAT] [Trace:LOG_2_17][2->3] 打印日志结果:[{<nil> 0 false 0} {8944766457827906109 1 false 1} {83701232492691596 1 false 2} {7290116626429539953 7 false 3} {8761287681990128676 12 false 4} {7355512318857408693 17 false 5}] 
2025/11/04 16:02:40 [16:02:40.546] [Node:1] [HEARTBEAT] [Trace:LOG_2_17][2->1] AppendEntries 收到 term:17 leaderId:2 prevLogIndex:5 prevLogTerm:17 entries:0 leaderCommit:5 isHeartbeat:true currentTerm:17 status:FOLLOWER
2025/11/04 16:02:40 [16:02:40.546] [Node:3] [HEARTBEAT] [Trace:LOG_2_17][2->3] 复制日志结果:[{<nil> 0 false 0} {8944766457827906109 1 false 1} {83701232492691596 1 false 2} {7290116626429539953 7 false 3} {8761287681990128676 12 false 4} {7355512318857408693 17 false 5}] 
2025/11/04 16:02:40 [16:02:40.546] [Node:1] [HEARTBEAT] [Trace:LOG_2_17][2->1] 打印日志结果:[{<nil> 0 false 0} {8944766457827906109 1 false 1} {83701232492691596 1 false 2} {7290116626429539953 7 false 3} {8761287681990128676 12 false 4} {7355512318857408693 17 false 5}] 
2025/11/04 16:02:40 [16:02:40.546] [Node:1] [HEARTBEAT] [Trace:LOG_2_17][2->1] 复制日志结果:[{<nil> 0 false 0} {8944766457827906109 1 false 1} {83701232492691596 1 false 2} {7290116626429539953 7 false 3} {8761287681990128676 12 false 4} {7355512318857408693 17 false 5}] 
2025/11/04 16:02:40 [16:02:40.546] [Node:3] [LOG_COMMIT] [Trace:LOG_2_17][2->3] 收到LogEntry，并且Leader已经提交， 本地log 0->5 leaderCommit:5 lastApplied:0
2025/11/04 16:02:40 [16:02:40.546] [Node:1] [LOG_COMMIT] [Trace:LOG_2_17][2->1] 收到LogEntry，并且Leader已经提交， 本地log 0->5 leaderCommit:5 lastApplied:0
2025/11/04 16:02:40 [16:02:40.546] [Node:3] [LOG_COMMIT] [Trace:APPLY_3_5] Applying logs count:5 log:[{8944766457827906109 1 false 1} {83701232492691596 1 false 2} {7290116626429539953 7 false 3} {8761287681990128676 12 false 4} {7355512318857408693 17 false 5}] lastApplied:5
2025/11/04 16:02:40 [16:02:40.546] [Node:1] [LOG_COMMIT] [Trace:APPLY_1_5] Applying logs count:5 log:[{8944766457827906109 1 false 1} {83701232492691596 1 false 2} {7290116626429539953 7 false 3} {8761287681990128676 12 false 4} {7355512318857408693 17 false 5}] lastApplied:5
2025/11/04 16:02:40 [16:02:40.547] [Node:2] [LOG_REPLICA] [Trace:LOG_2_17][2->1] 心跳返回 from peer:1 term:17 success:true
2025/11/04 16:02:40 [16:02:40.547] [Node:2] [LOG_REPLICA] [Trace:LOG_2_17][2->3] 心跳返回 from peer:3 term:17 success:true
2025/11/04 16:02:40 [16:02:40.604] [Node:1] [HEARTBEAT] [Trace:HB_1_17] Follower等心跳 status FOLLOWER term:17 commitIndex:5
2025/11/04 16:02:40 [16:02:40.629] [Node:3] [HEARTBEAT] [Trace:HB_3_17] Follower等心跳 status FOLLOWER term:17 commitIndex:5
2025/11/04 16:02:40 [16:02:40.644] [Node:2] [HEARTBEAT] [Trace:HB_2_17] 开始发送心跳广播 status LEADER term:17 commitIndex:5
2025/11/04 16:02:40 [16:02:40.645] [Node:3] [HEARTBEAT] [Trace:LOG_2_17][2->3] AppendEntries 收到 term:17 leaderId:2 prevLogIndex:5 prevLogTerm:17 entries:0 leaderCommit:5 isHeartbeat:true currentTerm:17 status:FOLLOWER
2025/11/04 16:02:40 [16:02:40.645] [Node:1] [HEARTBEAT] [Trace:LOG_2_17][2->1] AppendEntries 收到 term:17 leaderId:2 prevLogIndex:5 prevLogTerm:17 entries:0 leaderCommit:5 isHeartbeat:true currentTerm:17 status:FOLLOWER
2025/11/04 16:02:40 [16:02:40.645] [Node:3] [HEARTBEAT] [Trace:LOG_2_17][2->3] 打印日志结果:[{<nil> 0 false 0} {8944766457827906109 1 false 1} {83701232492691596 1 false 2} {7290116626429539953 7 false 3} {8761287681990128676 12 false 4} {7355512318857408693 17 false 5}] 
2025/11/04 16:02:40 [16:02:40.645] [Node:1] [HEARTBEAT] [Trace:LOG_2_17][2->1] 打印日志结果:[{<nil> 0 false 0} {8944766457827906109 1 false 1} {83701232492691596 1 false 2} {7290116626429539953 7 false 3} {8761287681990128676 12 false 4} {7355512318857408693 17 false 5}] 
2025/11/04 16:02:40 [16:02:40.645] [Node:3] [HEARTBEAT] [Trace:LOG_2_17][2->3] 复制日志结果:[{<nil> 0 false 0} {8944766457827906109 1 false 1} {83701232492691596 1 false 2} {7290116626429539953 7 false 3} {8761287681990128676 12 false 4} {7355512318857408693 17 false 5}] 
2025/11/04 16:02:40 [16:02:40.645] [Node:1] [HEARTBEAT] [Trace:LOG_2_17][2->1] 复制日志结果:[{<nil> 0 false 0} {8944766457827906109 1 false 1} {83701232492691596 1 false 2} {7290116626429539953 7 false 3} {8761287681990128676 12 false 4} {7355512318857408693 17 false 5}] 
2025/11/04 16:02:40 [16:02:40.646] [Node:2] [LOG_REPLICA] [Trace:LOG_2_17][2->3] 心跳返回 from peer:3 term:17 success:true
2025/11/04 16:02:40 [16:02:40.646] [Node:2] [LOG_REPLICA] [Trace:LOG_2_17][2->1] 心跳返回 from peer:1 term:17 success:true
2025/11/04 16:02:40 [16:02:40.704] [Node:1] [HEARTBEAT] [Trace:HB_1_17] Follower等心跳 status FOLLOWER term:17 commitIndex:5
2025/11/04 16:02:40 [16:02:40.730] [Node:3] [HEARTBEAT] [Trace:HB_3_17] Follower等心跳 status FOLLOWER term:17 commitIndex:5
2025/11/04 16:02:40 [16:02:40.744] [Node:2] [HEARTBEAT] [Trace:HB_2_17] 开始发送心跳广播 status LEADER term:17 commitIndex:5
2025/11/04 16:02:40 [16:02:40.746] [Node:1] [HEARTBEAT] [Trace:LOG_2_17][2->1] AppendEntries 收到 term:17 leaderId:2 prevLogIndex:5 prevLogTerm:17 entries:0 leaderCommit:5 isHeartbeat:true currentTerm:17 status:FOLLOWER
2025/11/04 16:02:40 [16:02:40.747] [Node:3] [HEARTBEAT] [Trace:LOG_2_17][2->3] AppendEntries 收到 term:17 leaderId:2 prevLogIndex:5 prevLogTerm:17 entries:0 leaderCommit:5 isHeartbeat:true currentTerm:17 status:FOLLOWER
2025/11/04 16:02:40 [16:02:40.747] [Node:3] [HEARTBEAT] [Trace:LOG_2_17][2->3] 打印日志结果:[{<nil> 0 false 0} {8944766457827906109 1 false 1} {83701232492691596 1 false 2} {7290116626429539953 7 false 3} {8761287681990128676 12 false 4} {7355512318857408693 17 false 5}] 
2025/11/04 16:02:40 [16:02:40.746] [Node:1] [HEARTBEAT] [Trace:LOG_2_17][2->1] 打印日志结果:[{<nil> 0 false 0} {8944766457827906109 1 false 1} {83701232492691596 1 false 2} {7290116626429539953 7 false 3} {8761287681990128676 12 false 4} {7355512318857408693 17 false 5}] 
2025/11/04 16:02:40 [16:02:40.747] [Node:3] [HEARTBEAT] [Trace:LOG_2_17][2->3] 复制日志结果:[{<nil> 0 false 0} {8944766457827906109 1 false 1} {83701232492691596 1 false 2} {7290116626429539953 7 false 3} {8761287681990128676 12 false 4} {7355512318857408693 17 false 5}] 
2025/11/04 16:02:40 [16:02:40.747] [Node:1] [HEARTBEAT] [Trace:LOG_2_17][2->1] 复制日志结果:[{<nil> 0 false 0} {8944766457827906109 1 false 1} {83701232492691596 1 false 2} {7290116626429539953 7 false 3} {8761287681990128676 12 false 4} {7355512318857408693 17 false 5}] 
2025/11/04 16:02:40 [16:02:40.749] [Node:2] [LOG_REPLICA] [Trace:LOG_2_17][2->1] 心跳返回 from peer:1 term:17 success:true
2025/11/04 16:02:40 [16:02:40.749] [Node:2] [LOG_REPLICA] [Trace:LOG_2_17][2->3] 心跳返回 from peer:3 term:17 success:true
2025/11/04 16:02:40 [16:02:40.806] [Node:1] [HEARTBEAT] [Trace:HB_1_17] Follower等心跳 status FOLLOWER term:17 commitIndex:5
2025/11/04 16:02:40 [16:02:40.830] [Node:3] [HEARTBEAT] [Trace:HB_3_17] Follower等心跳 status FOLLOWER term:17 commitIndex:5
2025/11/04 16:02:40 [16:02:40.846] [Node:2] [HEARTBEAT] [Trace:HB_2_17] 开始发送心跳广播 status LEADER term:17 commitIndex:5
2025/11/04 16:02:40 [16:02:40.848] [Node:1] [HEARTBEAT] [Trace:LOG_2_17][2->1] AppendEntries 收到 term:17 leaderId:2 prevLogIndex:5 prevLogTerm:17 entries:0 leaderCommit:5 isHeartbeat:true currentTerm:17 status:FOLLOWER
2025/11/04 16:02:40 [16:02:40.848] [Node:3] [HEARTBEAT] [Trace:LOG_2_17][2->3] AppendEntries 收到 term:17 leaderId:2 prevLogIndex:5 prevLogTerm:17 entries:0 leaderCommit:5 isHeartbeat:true currentTerm:17 status:FOLLOWER
2025/11/04 16:02:40 [16:02:40.848] [Node:1] [HEARTBEAT] [Trace:LOG_2_17][2->1] 打印日志结果:[{<nil> 0 false 0} {8944766457827906109 1 false 1} {83701232492691596 1 false 2} {7290116626429539953 7 false 3} {8761287681990128676 12 false 4} {7355512318857408693 17 false 5}] 
2025/11/04 16:02:40 [16:02:40.848] [Node:3] [HEARTBEAT] [Trace:LOG_2_17][2->3] 打印日志结果:[{<nil> 0 false 0} {8944766457827906109 1 false 1} {83701232492691596 1 false 2} {7290116626429539953 7 false 3} {8761287681990128676 12 false 4} {7355512318857408693 17 false 5}] 
2025/11/04 16:02:40 [16:02:40.848] [Node:1] [HEARTBEAT] [Trace:LOG_2_17][2->1] 复制日志结果:[{<nil> 0 false 0} {8944766457827906109 1 false 1} {83701232492691596 1 false 2} {7290116626429539953 7 false 3} {8761287681990128676 12 false 4} {7355512318857408693 17 false 5}] 
2025/11/04 16:02:40 [16:02:40.848] [Node:3] [HEARTBEAT] [Trace:LOG_2_17][2->3] 复制日志结果:[{<nil> 0 false 0} {8944766457827906109 1 false 1} {83701232492691596 1 false 2} {7290116626429539953 7 false 3} {8761287681990128676 12 false 4} {7355512318857408693 17 false 5}] 
2025/11/04 16:02:40 [16:02:40.849] [Node:2] [LOG_REPLICA] [Trace:LOG_2_17][2->3] 心跳返回 from peer:3 term:17 success:true
2025/11/04 16:02:40 [16:02:40.849] [Node:2] [LOG_REPLICA] [Trace:LOG_2_17][2->1] 心跳返回 from peer:1 term:17 success:true
2025/11/04 16:02:40 [16:02:40.863] [Node:2] [RPC_RECV]  恢复持久化状态 currentTerm:17 votedFor:2 logLen:6
2025/11/04 16:02:40 [16:02:40.863] [Node:2] [HEARTBEAT] [Trace:HB_2_17] Follower等心跳 status FOLLOWER term:17 commitIndex:0
2025/11/04 16:02:40 [16:02:40.863] [Node:1] [RPC_RECV] [Trace:CLIENT_1_1762243360863737000] 接收到日志命令:1681876713725781464 isLeader:false term:17
2025/11/04 16:02:40 [16:02:40.863] [Node:2] [RPC_RECV] [Trace:CLIENT_2_1762243360863830000] 接收到日志命令:910215176425426635 isLeader:false term:17
2025/11/04 16:02:40 [16:02:40.863] [Node:3] [RPC_RECV] [Trace:CLIENT_3_1762243360863922000] 接收到日志命令:7588180391408127462 isLeader:false term:17
2025/11/04 16:02:40 [16:02:40.867] [Node:1] [RPC_RECV] [Trace:CLIENT_1_1762243360867482000] 接收到日志命令:3863725852816567633 isLeader:false term:17
2025/11/04 16:02:40 [16:02:40.867] [Node:2] [RPC_RECV] [Trace:CLIENT_2_1762243360867654000] 接收到日志命令:5285096008206521811 isLeader:false term:17
2025/11/04 16:02:40 [16:02:40.867] [Node:3] [RPC_RECV] [Trace:CLIENT_3_1762243360867780000] 接收到日志命令:5164652043320962090 isLeader:false term:17
2025/11/04 16:02:40 [16:02:40.875] [Node:1] [RPC_RECV] [Trace:CLIENT_1_1762243360875299000] 接收到日志命令:201546318867967515 isLeader:false term:17
2025/11/04 16:02:40 [16:02:40.875] [Node:2] [RPC_RECV] [Trace:CLIENT_2_1762243360875563000] 接收到日志命令:3690413205424458075 isLeader:false term:17
2025/11/04 16:02:40 [16:02:40.875] [Node:3] [RPC_RECV] [Trace:CLIENT_3_1762243360875661000] 接收到日志命令:2417343503825660949 isLeader:false term:17
2025/11/04 16:02:40 [16:02:40.879] [Node:1] [RPC_RECV] [Trace:CLIENT_1_1762243360879176000] 接收到日志命令:8338525726280263035 isLeader:false term:17
2025/11/04 16:02:40 [16:02:40.879] [Node:2] [RPC_RECV] [Trace:CLIENT_2_1762243360879356000] 接收到日志命令:4047884807333122370 isLeader:false term:17
2025/11/04 16:02:40 [16:02:40.879] [Node:3] [RPC_RECV] [Trace:CLIENT_3_1762243360879435000] 接收到日志命令:629342139429446337 isLeader:false term:17
2025/11/04 16:02:40 [16:02:40.886] [Node:1] [RPC_RECV] [Trace:CLIENT_1_1762243360886558000] 接收到日志命令:983189766391624773 isLeader:false term:17
2025/11/04 16:02:40 [16:02:40.886] [Node:2] [RPC_RECV] [Trace:CLIENT_2_1762243360886774000] 接收到日志命令:7691155903382745720 isLeader:false term:17
2025/11/04 16:02:40 [16:02:40.886] [Node:3] [RPC_RECV] [Trace:CLIENT_3_1762243360886860000] 接收到日志命令:5274706351759163671 isLeader:false term:17
2025/11/04 16:02:40 [16:02:40.888] [Node:1] [RPC_RECV] [Trace:CLIENT_1_1762243360888000000] 接收到日志命令:1260037133407557158 isLeader:false term:17
2025/11/04 16:02:40 [16:02:40.888] [Node:2] [RPC_RECV] [Trace:CLIENT_2_1762243360888114000] 接收到日志命令:8080574603260516265 isLeader:false term:17
2025/11/04 16:02:40 [16:02:40.888] [Node:3] [RPC_RECV] [Trace:CLIENT_3_1762243360888194000] 接收到日志命令:3549798097675435544 isLeader:false term:17
2025/11/04 16:02:40 [16:02:40.900] [Node:1] [RPC_RECV] [Trace:CLIENT_1_1762243360900685000] 接收到日志命令:7648920536170796665 isLeader:false term:17
2025/11/04 16:02:40 [16:02:40.900] [Node:2] [RPC_RECV] [Trace:CLIENT_2_1762243360900900000] 接收到日志命令:3111177116015241938 isLeader:false term:17
2025/11/04 16:02:40 [16:02:40.900] [Node:3] [RPC_RECV] [Trace:CLIENT_3_1762243360900975000] 接收到日志命令:5385466978165293993 isLeader:false term:17
2025/11/04 16:02:40 [16:02:40.907] [Node:1] [HEARTBEAT] [Trace:HB_1_17] Follower等心跳 status FOLLOWER term:17 commitIndex:5
2025/11/04 16:02:40 [16:02:40.907] [Node:1] [RPC_RECV] [Trace:CLIENT_1_1762243360907275000] 接收到日志命令:8410028593330587851 isLeader:false term:17
2025/11/04 16:02:40 [16:02:40.907] [Node:2] [RPC_RECV] [Trace:CLIENT_2_1762243360907352000] 接收到日志命令:6519346141394242756 isLeader:false term:17
2025/11/04 16:02:40 [16:02:40.907] [Node:3] [RPC_RECV] [Trace:CLIENT_3_1762243360907418000] 接收到日志命令:4575453630725556764 isLeader:false term:17
2025/11/04 16:02:40 [16:02:40.908] [Node:1] [RPC_RECV] [Trace:CLIENT_1_1762243360908642000] 接收到日志命令:5259033369582331765 isLeader:false term:17
2025/11/04 16:02:40 [16:02:40.908] [Node:2] [RPC_RECV] [Trace:CLIENT_2_1762243360908775000] 接收到日志命令:6415360091348429124 isLeader:false term:17
2025/11/04 16:02:40 [16:02:40.908] [Node:3] [RPC_RECV] [Trace:CLIENT_3_1762243360908854000] 接收到日志命令:5914738185217649121 isLeader:false term:17
2025/11/04 16:02:40 [16:02:40.915] [Node:1] [RPC_RECV] [Trace:CLIENT_1_1762243360915443000] 接收到日志命令:5980904204419253040 isLeader:false term:17
2025/11/04 16:02:40 [16:02:40.915] [Node:2] [RPC_RECV] [Trace:CLIENT_2_1762243360915677000] 接收到日志命令:764781940458122221 isLeader:false term:17
2025/11/04 16:02:40 [16:02:40.915] [Node:3] [RPC_RECV] [Trace:CLIENT_3_1762243360915775000] 接收到日志命令:6673946849066728707 isLeader:false term:17
2025/11/04 16:02:40 [16:02:40.921] [Node:1] [RPC_RECV] [Trace:CLIENT_1_1762243360921391000] 接收到日志命令:5199403698715288861 isLeader:false term:17
2025/11/04 16:02:40 [16:02:40.921] [Node:2] [RPC_RECV] [Trace:CLIENT_2_1762243360921610000] 接收到日志命令:536054248608756580 isLeader:false term:17
2025/11/04 16:02:40 [16:02:40.921] [Node:3] [RPC_RECV] [Trace:CLIENT_3_1762243360921694000] 接收到日志命令:7804913418475569463 isLeader:false term:17
2025/11/04 16:02:40 [16:02:40.926] [Node:1] [RPC_RECV] [Trace:CLIENT_1_1762243360926332000] 接收到日志命令:3955520988717654058 isLeader:false term:17
2025/11/04 16:02:40 [16:02:40.926] [Node:2] [RPC_RECV] [Trace:CLIENT_2_1762243360926500000] 接收到日志命令:7780899460215162399 isLeader:false term:17
2025/11/04 16:02:40 [16:02:40.926] [Node:3] [RPC_RECV] [Trace:CLIENT_3_1762243360926577000] 接收到日志命令:2523205192219713460 isLeader:false term:17
2025/11/04 16:02:40 [16:02:40.931] [Node:3] [HEARTBEAT] [Trace:HB_3_17] Follower等心跳 status FOLLOWER term:17 commitIndex:5
2025/11/04 16:02:40 [16:02:40.964] [Node:2] [HEARTBEAT] [Trace:HB_2_17] Follower等心跳 status FOLLOWER term:17 commitIndex:0
2025/11/04 16:02:41 [16:02:41.007] [Node:1] [HEARTBEAT] [Trace:HB_1_17] Follower等心跳 status FOLLOWER term:17 commitIndex:5
2025/11/04 16:02:41 [16:02:41.032] [Node:3] [HEARTBEAT] [Trace:HB_3_17] Follower等心跳 status FOLLOWER term:17 commitIndex:5
2025/11/04 16:02:41 [16:02:41.059] [Node:3] [INFO] [STATE_CHANGE] FOLLOWER->FOLLOWER term:17 reason:变成Candidate
2025/11/04 16:02:41 [16:02:41.059] [Node:3] [TIMER_EVENT] [Trace:TIMER_3] 超时选举 since:211.293083ms threshold:209.564275ms
2025/11/04 16:02:41 [16:02:41.060] [Node:3] [RPC_SEND] [Trace:ELEC_3_18] 发送选举请求
2025/11/04 16:02:41 [16:02:41.060] [Node:3] [RPC_SEND] [Trace:ELEC_3_18] 发送选举请求
2025/11/04 16:02:41 [16:02:41.060] [Node:3] [RPC_SEND] [Trace:ELEC_3_18] 发送选举请求
2025/11/04 16:02:41 [16:02:41.060] [Node:3] [RPC_SEND] [Trace:ELEC_3_18] 发送选举请求
2025/11/04 16:02:41 [16:02:41.062] [Node:1] [RPC_RECV] [Trace:ELEC_3_18][3->1] RequestVote 接受 term:18 candidateId:3 lastLogIndex:5 lastLogTerm:17 currentTerm:17 status:FOLLOWER
2025/11/04 16:02:41 [16:02:41.063] [Node:1] [INFO] [STATE_CHANGE] FOLLOWER->FOLLOWER term:17 reason:降级成follower
2025/11/04 16:02:41 [16:02:41.063] [Node:2] [RPC_RECV] [Trace:ELEC_3_18][3->2] RequestVote 接受 term:18 candidateId:3 lastLogIndex:5 lastLogTerm:17 currentTerm:17 status:FOLLOWER
2025/11/04 16:02:41 [16:02:41.063] [Node:2] [INFO] [STATE_CHANGE] FOLLOWER->FOLLOWER term:17 reason:降级成follower
2025/11/04 16:02:41 [16:02:41.063] [Node:2] [RPC_RECV] [Trace:ELEC_3_18][3->2] 投票信息 votedFor:-1 lastLogTerm:17 lastLogIndex:5
2025/11/04 16:02:41 [16:02:41.063] [Node:2] [RPC_RECV] [Trace:ELEC_3_18][3->2] 投票给 candidate:3 term:18
2025/11/04 16:02:41 [16:02:41.063] [Node:1] [RPC_RECV] [Trace:ELEC_3_18][3->1] 投票信息 votedFor:-1 lastLogTerm:17 lastLogIndex:5
2025/11/04 16:02:41 [16:02:41.063] [Node:1] [RPC_RECV] [Trace:ELEC_3_18][3->1] 投票给 candidate:3 term:18
2025/11/04 16:02:41 [16:02:41.064] [Node:3] [RPC_SEND] [Trace:ELEC_3_18] 处理投票返回 for term 18 reply:{18 true}
2025/11/04 16:02:41 [16:02:41.064] [Node:2] [HEARTBEAT] [Trace:HB_2_18] Follower等心跳 status FOLLOWER term:18 commitIndex:0
2025/11/04 16:02:41 [16:02:41.064] [Node:3] [RPC_SEND] [Trace:ELEC_3_18] 处理投票返回 for term 18 reply:{18 true}
2025/11/04 16:02:41 [16:02:41.064] [Node:3] [INFO] [STATE_CHANGE] CANDIDATE->LEADER term:18 reason:成为Leader
2025/11/04 16:02:41 [16:02:41.108] [Node:1] [HEARTBEAT] [Trace:HB_1_18] Follower等心跳 status FOLLOWER term:18 commitIndex:5
2025/11/04 16:02:41 [16:02:41.133] [Node:3] [HEARTBEAT] [Trace:HB_3_18] 开始发送心跳广播 status LEADER term:18 commitIndex:5
2025/11/04 16:02:41 [16:02:41.137] [Node:2] [HEARTBEAT] [Trace:LOG_3_18][3->2] AppendEntries 收到 term:18 leaderId:3 prevLogIndex:5 prevLogTerm:17 entries:0 leaderCommit:5 isHeartbeat:true currentTerm:18 status:FOLLOWER
2025/11/04 16:02:41 [16:02:41.137] [Node:1] [HEARTBEAT] [Trace:LOG_3_18][3->1] AppendEntries 收到 term:18 leaderId:3 prevLogIndex:5 prevLogTerm:17 entries:0 leaderCommit:5 isHeartbeat:true currentTerm:18 status:FOLLOWER
2025/11/04 16:02:41 [16:02:41.137] [Node:2] [HEARTBEAT] [Trace:LOG_3_18][3->2] 打印日志结果:[{<nil> 0 false 0} {8944766457827906109 1 false 1} {83701232492691596 1 false 2} {7290116626429539953 7 false 3} {8761287681990128676 12 false 4} {7355512318857408693 17 false 5}] 
2025/11/04 16:02:41 [16:02:41.137] [Node:1] [HEARTBEAT] [Trace:LOG_3_18][3->1] 打印日志结果:[{<nil> 0 false 0} {8944766457827906109 1 false 1} {83701232492691596 1 false 2} {7290116626429539953 7 false 3} {8761287681990128676 12 false 4} {7355512318857408693 17 false 5}] 
2025/11/04 16:02:41 [16:02:41.137] [Node:2] [HEARTBEAT] [Trace:LOG_3_18][3->2] 复制日志结果:[{<nil> 0 false 0} {8944766457827906109 1 false 1} {83701232492691596 1 false 2} {7290116626429539953 7 false 3} {8761287681990128676 12 false 4} {7355512318857408693 17 false 5}] 
2025/11/04 16:02:41 [16:02:41.137] [Node:1] [HEARTBEAT] [Trace:LOG_3_18][3->1] 复制日志结果:[{<nil> 0 false 0} {8944766457827906109 1 false 1} {83701232492691596 1 false 2} {7290116626429539953 7 false 3} {8761287681990128676 12 false 4} {7355512318857408693 17 false 5}] 
2025/11/04 16:02:41 [16:02:41.137] [Node:2] [LOG_COMMIT] [Trace:LOG_3_18][3->2] 收到LogEntry，并且Leader已经提交， 本地log 0->5 leaderCommit:5 lastApplied:0
2025/11/04 16:02:41 [16:02:41.137] [Node:2] [LOG_COMMIT] [Trace:APPLY_2_5] Applying logs count:5 log:[{8944766457827906109 1 false 1} {83701232492691596 1 false 2} {7290116626429539953 7 false 3} {8761287681990128676 12 false 4} {7355512318857408693 17 false 5}] lastApplied:5
2025/11/04 16:02:41 [16:02:41.138] [Node:3] [LOG_REPLICA] [Trace:LOG_3_18][3->2] 心跳返回 from peer:2 term:18 success:true
2025/11/04 16:02:41 [16:02:41.138] [Node:3] [LOG_REPLICA] [Trace:LOG_3_18][3->1] 心跳返回 from peer:1 term:18 success:true
2025/11/04 16:02:41 [16:02:41.164] [Node:2] [HEARTBEAT] [Trace:HB_2_18] Follower等心跳 status FOLLOWER term:18 commitIndex:5
2025/11/04 16:02:41 [16:02:41.209] [Node:1] [HEARTBEAT] [Trace:HB_1_18] Follower等心跳 status FOLLOWER term:18 commitIndex:5
2025/11/04 16:02:41 [16:02:41.236] [Node:3] [HEARTBEAT] [Trace:HB_3_18] 开始发送心跳广播 status LEADER term:18 commitIndex:5
2025/11/04 16:02:41 [16:02:41.241] [Node:2] [HEARTBEAT] [Trace:LOG_3_18][3->2] AppendEntries 收到 term:18 leaderId:3 prevLogIndex:5 prevLogTerm:17 entries:0 leaderCommit:5 isHeartbeat:true currentTerm:18 status:FOLLOWER
2025/11/04 16:02:41 [16:02:41.241] [Node:2] [HEARTBEAT] [Trace:LOG_3_18][3->2] 打印日志结果:[{<nil> 0 false 0} {8944766457827906109 1 false 1} {83701232492691596 1 false 2} {7290116626429539953 7 false 3} {8761287681990128676 12 false 4} {7355512318857408693 17 false 5}] 
2025/11/04 16:02:41 [16:02:41.241] [Node:2] [HEARTBEAT] [Trace:LOG_3_18][3->2] 复制日志结果:[{<nil> 0 false 0} {8944766457827906109 1 false 1} {83701232492691596 1 false 2} {7290116626429539953 7 false 3} {8761287681990128676 12 false 4} {7355512318857408693 17 false 5}] 
2025/11/04 16:02:41 [16:02:41.241] [Node:1] [HEARTBEAT] [Trace:LOG_3_18][3->1] AppendEntries 收到 term:18 leaderId:3 prevLogIndex:5 prevLogTerm:17 entries:0 leaderCommit:5 isHeartbeat:true currentTerm:18 status:FOLLOWER
2025/11/04 16:02:41 [16:02:41.241] [Node:1] [HEARTBEAT] [Trace:LOG_3_18][3->1] 打印日志结果:[{<nil> 0 false 0} {8944766457827906109 1 false 1} {83701232492691596 1 false 2} {7290116626429539953 7 false 3} {8761287681990128676 12 false 4} {7355512318857408693 17 false 5}] 
2025/11/04 16:02:41 [16:02:41.241] [Node:1] [HEARTBEAT] [Trace:LOG_3_18][3->1] 复制日志结果:[{<nil> 0 false 0} {8944766457827906109 1 false 1} {83701232492691596 1 false 2} {7290116626429539953 7 false 3} {8761287681990128676 12 false 4} {7355512318857408693 17 false 5}] 
2025/11/04 16:02:41 [16:02:41.241] [Node:3] [LOG_REPLICA] [Trace:LOG_3_18][3->2] 心跳返回 from peer:2 term:18 success:true
2025/11/04 16:02:41 [16:02:41.242] [Node:3] [LOG_REPLICA] [Trace:LOG_3_18][3->1] 心跳返回 from peer:1 term:18 success:true
2025/11/04 16:02:41 [16:02:41.265] [Node:2] [HEARTBEAT] [Trace:HB_2_18] Follower等心跳 status FOLLOWER term:18 commitIndex:5
2025/11/04 16:02:41 [16:02:41.310] [Node:1] [HEARTBEAT] [Trace:HB_1_18] Follower等心跳 status FOLLOWER term:18 commitIndex:5
2025/11/04 16:02:41 [16:02:41.338] [Node:3] [HEARTBEAT] [Trace:HB_3_18] 开始发送心跳广播 status LEADER term:18 commitIndex:5
2025/11/04 16:02:41 [16:02:41.341] [Node:2] [HEARTBEAT] [Trace:LOG_3_18][3->2] AppendEntries 收到 term:18 leaderId:3 prevLogIndex:5 prevLogTerm:17 entries:0 leaderCommit:5 isHeartbeat:true currentTerm:18 status:FOLLOWER
2025/11/04 16:02:41 [16:02:41.341] [Node:1] [HEARTBEAT] [Trace:LOG_3_18][3->1] AppendEntries 收到 term:18 leaderId:3 prevLogIndex:5 prevLogTerm:17 entries:0 leaderCommit:5 isHeartbeat:true currentTerm:18 status:FOLLOWER
2025/11/04 16:02:41 [16:02:41.341] [Node:2] [HEARTBEAT] [Trace:LOG_3_18][3->2] 打印日志结果:[{<nil> 0 false 0} {8944766457827906109 1 false 1} {83701232492691596 1 false 2} {7290116626429539953 7 false 3} {8761287681990128676 12 false 4} {7355512318857408693 17 false 5}] 
2025/11/04 16:02:41 [16:02:41.341] [Node:1] [HEARTBEAT] [Trace:LOG_3_18][3->1] 打印日志结果:[{<nil> 0 false 0} {8944766457827906109 1 false 1} {83701232492691596 1 false 2} {7290116626429539953 7 false 3} {8761287681990128676 12 false 4} {7355512318857408693 17 false 5}] 
2025/11/04 16:02:41 [16:02:41.341] [Node:2] [HEARTBEAT] [Trace:LOG_3_18][3->2] 复制日志结果:[{<nil> 0 false 0} {8944766457827906109 1 false 1} {83701232492691596 1 false 2} {7290116626429539953 7 false 3} {8761287681990128676 12 false 4} {7355512318857408693 17 false 5}] 
2025/11/04 16:02:41 [16:02:41.341] [Node:1] [HEARTBEAT] [Trace:LOG_3_18][3->1] 复制日志结果:[{<nil> 0 false 0} {8944766457827906109 1 false 1} {83701232492691596 1 false 2} {7290116626429539953 7 false 3} {8761287681990128676 12 false 4} {7355512318857408693 17 false 5}] 
2025/11/04 16:02:41 [16:02:41.342] [Node:3] [LOG_REPLICA] [Trace:LOG_3_18][3->2] 心跳返回 from peer:2 term:18 success:true
2025/11/04 16:02:41 [16:02:41.342] [Node:3] [LOG_REPLICA] [Trace:LOG_3_18][3->1] 心跳返回 from peer:1 term:18 success:true
2025/11/04 16:02:41 [16:02:41.348] [Node:1] [RPC_RECV] [Trace:CLIENT_1_1762243361348249000] 接收到日志命令:4446670089327681998 isLeader:false term:18
2025/11/04 16:02:41 [16:02:41.348] [Node:2] [RPC_RECV] [Trace:CLIENT_2_1762243361348388000] 接收到日志命令:787025762153871341 isLeader:false term:18
2025/11/04 16:02:41 [16:02:41.348] [Node:3] [RPC_RECV] [Trace:CLIENT_3_1762243361348495000] 接收到日志命令:1256115788604990241 isLeader:true term:18
2025/11/04 16:02:41 [16:02:41.359] [Node:0] [RPC_RECV]  恢复持久化状态 currentTerm:16 votedFor:0 logLen:6
2025/11/04 16:02:41 [16:02:41.359] [Node:0] [HEARTBEAT] [Trace:HB_0_16] Follower等心跳 status FOLLOWER term:16 commitIndex:0
2025/11/04 16:02:41 [16:02:41.359] [Node:0] [RPC_RECV] [Trace:CLIENT_0_1762243361359678000] 接收到日志命令:8141940427873736396 isLeader:false term:16
2025/11/04 16:02:41 [16:02:41.359] [Node:1] [RPC_RECV] [Trace:CLIENT_1_1762243361359762000] 接收到日志命令:2037925362246823054 isLeader:false term:18
2025/11/04 16:02:41 [16:02:41.359] [Node:2] [RPC_RECV] [Trace:CLIENT_2_1762243361359832000] 接收到日志命令:8295334854911001183 isLeader:false term:18
2025/11/04 16:02:41 [16:02:41.361] [Node:0] [RPC_RECV] [Trace:CLIENT_0_1762243361361066000] 接收到日志命令:2369349248078716793 isLeader:false term:16
2025/11/04 16:02:41 [16:02:41.361] [Node:1] [RPC_RECV] [Trace:CLIENT_1_1762243361361132000] 接收到日志命令:6796270427453779148 isLeader:false term:18
2025/11/04 16:02:41 [16:02:41.361] [Node:2] [RPC_RECV] [Trace:CLIENT_2_1762243361361198000] 接收到日志命令:3184385891800894358 isLeader:false term:18
2025/11/04 16:02:41 [16:02:41.366] [Node:2] [HEARTBEAT] [Trace:HB_2_18] Follower等心跳 status FOLLOWER term:18 commitIndex:5
2025/11/04 16:02:41 [16:02:41.367] [Node:0] [RPC_RECV] [Trace:CLIENT_0_1762243361367382000] 接收到日志命令:7377797725908238622 isLeader:false term:16
2025/11/04 16:02:41 [16:02:41.367] [Node:1] [RPC_RECV] [Trace:CLIENT_1_1762243361367550000] 接收到日志命令:1265730073642739329 isLeader:false term:18
2025/11/04 16:02:41 [16:02:41.367] [Node:2] [RPC_RECV] [Trace:CLIENT_2_1762243361367696000] 接收到日志命令:8563581866003358725 isLeader:false term:18
2025/11/04 16:02:41 [16:02:41.380] [Node:0] [RPC_RECV] [Trace:CLIENT_0_1762243361380546000] 接收到日志命令:8819387599708619955 isLeader:false term:16
2025/11/04 16:02:41 [16:02:41.380] [Node:1] [RPC_RECV] [Trace:CLIENT_1_1762243361380828000] 接收到日志命令:7276895707782542454 isLeader:false term:18
2025/11/04 16:02:41 [16:02:41.380] [Node:2] [RPC_RECV] [Trace:CLIENT_2_1762243361380971000] 接收到日志命令:8370809595815386944 isLeader:false term:18
2025/11/04 16:02:41 [16:02:41.386] [Node:0] [RPC_RECV] [Trace:CLIENT_0_1762243361386448000] 接收到日志命令:2256749895689427837 isLeader:false term:16
2025/11/04 16:02:41 [16:02:41.386] [Node:1] [RPC_RECV] [Trace:CLIENT_1_1762243361386630000] 接收到日志命令:7402320364155790320 isLeader:false term:18
2025/11/04 16:02:41 [16:02:41.386] [Node:2] [RPC_RECV] [Trace:CLIENT_2_1762243361386797000] 接收到日志命令:474720383490120339 isLeader:false term:18
2025/11/04 16:02:41 [16:02:41.396] [Node:0] [RPC_RECV] [Trace:CLIENT_0_1762243361396053000] 接收到日志命令:5232615855081300009 isLeader:false term:16
2025/11/04 16:02:41 [16:02:41.396] [Node:1] [RPC_RECV] [Trace:CLIENT_1_1762243361396209000] 接收到日志命令:8051210844863142547 isLeader:false term:18
2025/11/04 16:02:41 [16:02:41.396] [Node:2] [RPC_RECV] [Trace:CLIENT_2_1762243361396313000] 接收到日志命令:4171047607305794810 isLeader:false term:18
2025/11/04 16:02:41 [16:02:41.397] [Node:0] [RPC_RECV] [Trace:CLIENT_0_1762243361397586000] 接收到日志命令:295787686043334106 isLeader:false term:16
2025/11/04 16:02:41 [16:02:41.397] [Node:1] [RPC_RECV] [Trace:CLIENT_1_1762243361397716000] 接收到日志命令:6142333407410713626 isLeader:false term:18
2025/11/04 16:02:41 [16:02:41.397] [Node:2] [RPC_RECV] [Trace:CLIENT_2_1762243361397819000] 接收到日志命令:5495406490615381491 isLeader:false term:18
2025/11/04 16:02:41 [16:02:41.405] [Node:0] [RPC_RECV] [Trace:CLIENT_0_1762243361404999000] 接收到日志命令:5134935101614625594 isLeader:false term:16
2025/11/04 16:02:41 [16:02:41.405] [Node:1] [RPC_RECV] [Trace:CLIENT_1_1762243361405115000] 接收到日志命令:5345029921960205076 isLeader:false term:18
2025/11/04 16:02:41 [16:02:41.405] [Node:2] [RPC_RECV] [Trace:CLIENT_2_1762243361405194000] 接收到日志命令:5059067519183171 isLeader:false term:18
2025/11/04 16:02:41 [16:02:41.411] [Node:1] [HEARTBEAT] [Trace:HB_1_18] Follower等心跳 status FOLLOWER term:18 commitIndex:5
2025/11/04 16:02:41 [16:02:41.417] [Node:0] [RPC_RECV] [Trace:CLIENT_0_1762243361417496000] 接收到日志命令:4395033740286880665 isLeader:false term:16
2025/11/04 16:02:41 [16:02:41.417] [Node:1] [RPC_RECV] [Trace:CLIENT_1_1762243361417791000] 接收到日志命令:7818862012461846745 isLeader:false term:18
2025/11/04 16:02:41 [16:02:41.417] [Node:2] [RPC_RECV] [Trace:CLIENT_2_1762243361417960000] 接收到日志命令:6595581417436441205 isLeader:false term:18
2025/11/04 16:02:41 [16:02:41.419] [Node:0] [RPC_RECV] [Trace:CLIENT_0_1762243361419278000] 接收到日志命令:8197459270975484938 isLeader:false term:16
2025/11/04 16:02:41 [16:02:41.419] [Node:1] [RPC_RECV] [Trace:CLIENT_1_1762243361419465000] 接收到日志命令:8898041221873426599 isLeader:false term:18
2025/11/04 16:02:41 [16:02:41.419] [Node:2] [RPC_RECV] [Trace:CLIENT_2_1762243361419640000] 接收到日志命令:8578403059113021637 isLeader:false term:18
2025/11/04 16:02:41 [16:02:41.424] [Node:0] [RPC_RECV] [Trace:CLIENT_0_1762243361424046000] 接收到日志命令:1964380963527783011 isLeader:false term:16
2025/11/04 16:02:41 [16:02:41.424] [Node:1] [RPC_RECV] [Trace:CLIENT_1_1762243361424125000] 接收到日志命令:1996530805031438256 isLeader:false term:18
2025/11/04 16:02:41 [16:02:41.424] [Node:2] [RPC_RECV] [Trace:CLIENT_2_1762243361424190000] 接收到日志命令:154679888289795458 isLeader:false term:18
2025/11/04 16:02:41 [16:02:41.436] [Node:0] [RPC_RECV] [Trace:CLIENT_0_1762243361436629000] 接收到日志命令:9134590189818078576 isLeader:false term:16
2025/11/04 16:02:41 [16:02:41.436] [Node:1] [RPC_RECV] [Trace:CLIENT_1_1762243361436810000] 接收到日志命令:2724334646864122172 isLeader:false term:18
2025/11/04 16:02:41 [16:02:41.436] [Node:2] [RPC_RECV] [Trace:CLIENT_2_1762243361436936000] 接收到日志命令:691595624804155072 isLeader:false term:18
2025/11/04 16:02:41 [16:02:41.449] [Node:0] [RPC_RECV] [Trace:CLIENT_0_1762243361449083000] 接收到日志命令:4336046630763920795 isLeader:false term:16
2025/11/04 16:02:41 [16:02:41.449] [Node:1] [RPC_RECV] [Trace:CLIENT_1_1762243361449443000] 接收到日志命令:1637108787777295274 isLeader:false term:18
2025/11/04 16:02:41 [16:02:41.449] [Node:2] [RPC_RECV] [Trace:CLIENT_2_1762243361449618000] 接收到日志命令:3570982349431364462 isLeader:false term:18
2025/11/04 16:02:41 [16:02:41.459] [Node:0] [HEARTBEAT] [Trace:HB_0_16] Follower等心跳 status FOLLOWER term:16 commitIndex:0
2025/11/04 16:02:41 [16:02:41.460] [Node:0] [RPC_RECV] [Trace:CLIENT_0_1762243361460212000] 接收到日志命令:1502991369382242787 isLeader:false term:16
2025/11/04 16:02:41 [16:02:41.460] [Node:1] [RPC_RECV] [Trace:CLIENT_1_1762243361460371000] 接收到日志命令:6960219290915331761 isLeader:false term:18
2025/11/04 16:02:41 [16:02:41.460] [Node:2] [RPC_RECV] [Trace:CLIENT_2_1762243361460476000] 接收到日志命令:8734714834766033177 isLeader:false term:18
2025/11/04 16:02:41 [16:02:41.464] [Node:0] [RPC_RECV] [Trace:CLIENT_0_1762243361464690000] 接收到日志命令:7343460063762200096 isLeader:false term:16
2025/11/04 16:02:41 [16:02:41.464] [Node:1] [RPC_RECV] [Trace:CLIENT_1_1762243361464827000] 接收到日志命令:8930053098224641947 isLeader:false term:18
2025/11/04 16:02:41 [16:02:41.464] [Node:2] [RPC_RECV] [Trace:CLIENT_2_1762243361464937000] 接收到日志命令:1181072825980443027 isLeader:false term:18
2025/11/04 16:02:41 [16:02:41.465] [Node:0] [RPC_RECV] [Trace:CLIENT_0_1762243361465029000] 接收到日志命令:4781550782615087216 isLeader:false term:16
2025/11/04 16:02:41 [16:02:41.465] [Node:1] [RPC_RECV] [Trace:CLIENT_1_1762243361465119000] 接收到日志命令:4685733425295826194 isLeader:false term:18
2025/11/04 16:02:41 [16:02:41.465] [Node:2] [RPC_RECV] [Trace:CLIENT_2_1762243361465210000] 接收到日志命令:8556978952660815823 isLeader:false term:18
2025/11/04 16:02:41 [16:02:41.467] [Node:2] [HEARTBEAT] [Trace:HB_2_18] Follower等心跳 status FOLLOWER term:18 commitIndex:5
2025/11/04 16:02:41 [16:02:41.477] [Node:0] [RPC_RECV] [Trace:CLIENT_0_1762243361477730000] 接收到日志命令:7421569735904164815 isLeader:false term:16
2025/11/04 16:02:41 [16:02:41.477] [Node:1] [RPC_RECV] [Trace:CLIENT_1_1762243361477892000] 接收到日志命令:4954186113794807672 isLeader:false term:18
2025/11/04 16:02:41 [16:02:41.477] [Node:2] [RPC_RECV] [Trace:CLIENT_2_1762243361477988000] 接收到日志命令:3010224397047126222 isLeader:false term:18
2025/11/04 16:02:41 [16:02:41.482] [Node:0] [RPC_RECV] [Trace:CLIENT_0_1762243361482847000] 接收到日志命令:6342674429152989370 isLeader:false term:16
2025/11/04 16:02:41 [16:02:41.483] [Node:1] [RPC_RECV] [Trace:CLIENT_1_1762243361483023000] 接收到日志命令:3113303519438292746 isLeader:false term:18
2025/11/04 16:02:41 [16:02:41.483] [Node:2] [RPC_RECV] [Trace:CLIENT_2_1762243361483141000] 接收到日志命令:325868412417323305 isLeader:false term:18
2025/11/04 16:02:41 [16:02:41.490] [Node:0] [RPC_RECV] [Trace:CLIENT_0_1762243361490609000] 接收到日志命令:3210539347910653559 isLeader:false term:16
2025/11/04 16:02:41 [16:02:41.490] [Node:1] [RPC_RECV] [Trace:CLIENT_1_1762243361490847000] 接收到日志命令:3018132539166072851 isLeader:false term:18
2025/11/04 16:02:41 [16:02:41.490] [Node:2] [RPC_RECV] [Trace:CLIENT_2_1762243361490919000] 接收到日志命令:5577415867930481362 isLeader:false term:18
2025/11/04 16:02:41 [16:02:41.496] [Node:0] [RPC_RECV] [Trace:CLIENT_0_1762243361496121000] 接收到日志命令:3353896255278328873 isLeader:false term:16
2025/11/04 16:02:41 [16:02:41.496] [Node:1] [RPC_RECV] [Trace:CLIENT_1_1762243361496220000] 接收到日志命令:1735941980751498443 isLeader:false term:18
2025/11/04 16:02:41 [16:02:41.496] [Node:2] [RPC_RECV] [Trace:CLIENT_2_1762243361496300000] 接收到日志命令:9126031815638020558 isLeader:false term:18
2025/11/04 16:02:41 [16:02:41.508] [Node:0] [RPC_RECV] [Trace:CLIENT_0_1762243361508771000] 接收到日志命令:5968277857506412216 isLeader:false term:16
2025/11/04 16:02:41 [16:02:41.509] [Node:1] [RPC_RECV] [Trace:CLIENT_1_1762243361508975000] 接收到日志命令:9061173593029520958 isLeader:false term:18
2025/11/04 16:02:41 [16:02:41.509] [Node:2] [RPC_RECV] [Trace:CLIENT_2_1762243361509164000] 接收到日志命令:396762381893213630 isLeader:false term:18
2025/11/04 16:02:41 [16:02:41.511] [Node:1] [HEARTBEAT] [Trace:HB_1_18] Follower等心跳 status FOLLOWER term:18 commitIndex:5
2025/11/04 16:02:41 [16:02:41.516] [Node:0] [RPC_RECV] [Trace:CLIENT_0_1762243361516529000] 接收到日志命令:2512266363616960940 isLeader:false term:16
2025/11/04 16:02:41 [16:02:41.516] [Node:1] [RPC_RECV] [Trace:CLIENT_1_1762243361516820000] 接收到日志命令:5530591105853465040 isLeader:false term:18
2025/11/04 16:02:41 [16:02:41.516] [Node:2] [RPC_RECV] [Trace:CLIENT_2_1762243361516898000] 接收到日志命令:6905785073339972858 isLeader:false term:18
2025/11/04 16:02:41 [16:02:41.516] [Node:0] [RPC_RECV] [Trace:CLIENT_0_1762243361516973000] 接收到日志命令:8124530650123819219 isLeader:false term:16
2025/11/04 16:02:41 [16:02:41.517] [Node:1] [RPC_RECV] [Trace:CLIENT_1_1762243361517048000] 接收到日志命令:2592232512566485110 isLeader:false term:18
2025/11/04 16:02:41 [16:02:41.517] [Node:2] [RPC_RECV] [Trace:CLIENT_2_1762243361517115000] 接收到日志命令:728769999284803596 isLeader:false term:18
2025/11/04 16:02:41 [16:02:41.517] [Node:0] [RPC_RECV] [Trace:CLIENT_0_1762243361517176000] 接收到日志命令:6134863370859337107 isLeader:false term:16
2025/11/04 16:02:41 [16:02:41.517] [Node:1] [RPC_RECV] [Trace:CLIENT_1_1762243361517240000] 接收到日志命令:5254996617690018282 isLeader:false term:18
2025/11/04 16:02:41 [16:02:41.517] [Node:2] [RPC_RECV] [Trace:CLIENT_2_1762243361517303000] 接收到日志命令:4407241770181764627 isLeader:false term:18
2025/11/04 16:02:41 [16:02:41.517] [Node:0] [RPC_RECV] [Trace:CLIENT_0_1762243361517368000] 接收到日志命令:8882157548894787974 isLeader:false term:16
2025/11/04 16:02:41 [16:02:41.517] [Node:1] [RPC_RECV] [Trace:CLIENT_1_1762243361517502000] 接收到日志命令:6798223880664240918 isLeader:false term:18
2025/11/04 16:02:41 [16:02:41.517] [Node:2] [RPC_RECV] [Trace:CLIENT_2_1762243361517565000] 接收到日志命令:1475720716819688584 isLeader:false term:18
2025/11/04 16:02:41 [16:02:41.525] [Node:0] [RPC_RECV] [Trace:CLIENT_0_1762243361525366000] 接收到日志命令:5437431101427019408 isLeader:false term:16
2025/11/04 16:02:41 [16:02:41.525] [Node:1] [RPC_RECV] [Trace:CLIENT_1_1762243361525517000] 接收到日志命令:7548196592032808123 isLeader:false term:18
2025/11/04 16:02:41 [16:02:41.525] [Node:2] [RPC_RECV] [Trace:CLIENT_2_1762243361525693000] 接收到日志命令:6168491011882508985 isLeader:false term:18
2025/11/04 16:02:41 [16:02:41.536] [Node:0] [RPC_RECV] [Trace:CLIENT_0_1762243361536684000] 接收到日志命令:6556002006528066683 isLeader:false term:16
2025/11/04 16:02:41 [16:02:41.536] [Node:1] [RPC_RECV] [Trace:CLIENT_1_1762243361536907000] 接收到日志命令:3082872333330771176 isLeader:false term:18
2025/11/04 16:02:41 [16:02:41.536] [Node:2] [RPC_RECV] [Trace:CLIENT_2_1762243361536988000] 接收到日志命令:984365375203253452 isLeader:false term:18
2025/11/04 16:02:41 [16:02:41.538] [Node:0] [RPC_RECV] [Trace:CLIENT_0_1762243361538199000] 接收到日志命令:4224789470320133976 isLeader:false term:16
2025/11/04 16:02:41 [16:02:41.538] [Node:1] [RPC_RECV] [Trace:CLIENT_1_1762243361538321000] 接收到日志命令:3925742127429909061 isLeader:false term:18
2025/11/04 16:02:41 [16:02:41.538] [Node:2] [RPC_RECV] [Trace:CLIENT_2_1762243361538387000] 接收到日志命令:5884539792865727091 isLeader:false term:18
2025/11/04 16:02:41 [16:02:41.560] [Node:0] [HEARTBEAT] [Trace:HB_0_16] Follower等心跳 status FOLLOWER term:16 commitIndex:0
2025/11/04 16:02:41 [16:02:41.568] [Node:2] [HEARTBEAT] [Trace:HB_2_18] Follower等心跳 status FOLLOWER term:18 commitIndex:5
2025/11/04 16:02:41 [16:02:41.590] [Node:0] [INFO] [STATE_CHANGE] FOLLOWER->FOLLOWER term:16 reason:变成Candidate
2025/11/04 16:02:41 [16:02:41.590] [Node:0] [TIMER_EVENT] [Trace:TIMER_0] 超时选举 since:231.325209ms threshold:204.385025ms
2025/11/04 16:02:41 [16:02:41.590] [Node:0] [RPC_SEND] [Trace:ELEC_0_17] 发送选举请求
2025/11/04 16:02:41 [16:02:41.591] [Node:0] [RPC_SEND] [Trace:ELEC_0_17] 发送选举请求
2025/11/04 16:02:41 [16:02:41.591] [Node:0] [RPC_SEND] [Trace:ELEC_0_17] 发送选举请求
2025/11/04 16:02:41 [16:02:41.592] [Node:0] [RPC_SEND] [Trace:ELEC_0_17] 发送选举请求
2025/11/04 16:02:41 [16:02:41.592] [Node:1] [RPC_RECV] [Trace:ELEC_0_17][0->1] RequestVote 接受 term:17 candidateId:0 lastLogIndex:5 lastLogTerm:16 currentTerm:18 status:FOLLOWER
2025/11/04 16:02:41 [16:02:41.592] [Node:2] [RPC_RECV] [Trace:ELEC_0_17][0->2] RequestVote 接受 term:17 candidateId:0 lastLogIndex:5 lastLogTerm:16 currentTerm:18 status:FOLLOWER
2025/11/04 16:02:41 [16:02:41.593] [Node:0] [RPC_SEND] [Trace:ELEC_0_17] 处理投票返回 for term 17 reply:{18 false}
2025/11/04 16:02:41 [16:02:41.593] [Node:0] [INFO] [STATE_CHANGE] CANDIDATE->FOLLOWER term:17 reason:降级成follower
2025/11/04 16:02:41 [16:02:41.593] [Node:0] [RPC_SEND] [Trace:ELEC_0_17] 处理投票返回 for term 17 reply:{18 false}
2025/11/04 16:02:41 [16:02:41.593] [Node:0] [INFO] [STATE_CHANGE] FOLLOWER->FOLLOWER term:18 reason:降级成follower
2025/11/04 16:02:41 [16:02:41.612] [Node:1] [HEARTBEAT] [Trace:HB_1_18] Follower等心跳 status FOLLOWER term:18 commitIndex:5
2025/11/04 16:02:41 [16:02:41.619] [Node:0] [RPC_RECV] [Trace:CLIENT_0_1762243361619510000] 接收到日志命令:113135338700956783 isLeader:false term:18
2025/11/04 16:02:41 [16:02:41.620] [Node:1] [RPC_RECV] [Trace:CLIENT_1_1762243361619983000] 接收到日志命令:210220559277421951 isLeader:false term:18
2025/11/04 16:02:41 [16:02:41.620] [Node:2] [RPC_RECV] [Trace:CLIENT_2_1762243361620301000] 接收到日志命令:1293644402809407017 isLeader:false term:18
2025/11/04 16:02:41 [16:02:41.621] [Node:1] [INFO] [STATE_CHANGE] FOLLOWER->FOLLOWER term:18 reason:变成Candidate
2025/11/04 16:02:41 [16:02:41.621] [Node:1] [TIMER_EVENT] [Trace:TIMER_1] 超时选举 since:280.317667ms threshold:263.095592ms
2025/11/04 16:02:41 [16:02:41.622] [Node:1] [RPC_SEND] [Trace:ELEC_1_19] 发送选举请求
2025/11/04 16:02:41 [16:02:41.622] [Node:1] [RPC_SEND] [Trace:ELEC_1_19] 发送选举请求
2025/11/04 16:02:41 [16:02:41.622] [Node:1] [RPC_SEND] [Trace:ELEC_1_19] 发送选举请求
2025/11/04 16:02:41 [16:02:41.622] [Node:1] [RPC_SEND] [Trace:ELEC_1_19] 发送选举请求
2025/11/04 16:02:41 [16:02:41.624] [Node:0] [RPC_RECV] [Trace:ELEC_1_19][1->0] RequestVote 接受 term:19 candidateId:1 lastLogIndex:5 lastLogTerm:17 currentTerm:18 status:FOLLOWER
2025/11/04 16:02:41 [16:02:41.624] [Node:2] [RPC_RECV] [Trace:ELEC_1_19][1->2] RequestVote 接受 term:19 candidateId:1 lastLogIndex:5 lastLogTerm:17 currentTerm:18 status:FOLLOWER
2025/11/04 16:02:41 [16:02:41.624] [Node:0] [INFO] [STATE_CHANGE] FOLLOWER->FOLLOWER term:18 reason:降级成follower
2025/11/04 16:02:41 [16:02:41.624] [Node:2] [INFO] [STATE_CHANGE] FOLLOWER->FOLLOWER term:18 reason:降级成follower
2025/11/04 16:02:41 [16:02:41.624] [Node:2] [RPC_RECV] [Trace:ELEC_1_19][1->2] 投票信息 votedFor:-1 lastLogTerm:17 lastLogIndex:5
2025/11/04 16:02:41 [16:02:41.624] [Node:0] [RPC_RECV] [Trace:ELEC_1_19][1->0] 投票信息 votedFor:-1 lastLogTerm:16 lastLogIndex:5
2025/11/04 16:02:41 [16:02:41.624] [Node:2] [RPC_RECV] [Trace:ELEC_1_19][1->2] 投票给 candidate:1 term:19
2025/11/04 16:02:41 [16:02:41.625] [Node:0] [RPC_RECV] [Trace:ELEC_1_19][1->0] 投票给 candidate:1 term:19
2025/11/04 16:02:41 [16:02:41.625] [Node:0] [RPC_RECV] [Trace:CLIENT_0_1762243361625477000] 接收到日志命令:3158708280647031049 isLeader:false term:19
2025/11/04 16:02:41 [16:02:41.625] [Node:1] [RPC_RECV] [Trace:CLIENT_1_1762243361625567000] 接收到日志命令:2533225285075695824 isLeader:false term:19
2025/11/04 16:02:41 [16:02:41.625] [Node:2] [RPC_RECV] [Trace:CLIENT_2_1762243361625647000] 接收到日志命令:4194774312120110965 isLeader:false term:19
2025/11/04 16:02:41 [16:02:41.625] [Node:1] [RPC_SEND] [Trace:ELEC_1_19] 处理投票返回 for term 19 reply:{19 true}
2025/11/04 16:02:41 [16:02:41.626] [Node:1] [RPC_SEND] [Trace:ELEC_1_19] 处理投票返回 for term 19 reply:{19 true}
2025/11/04 16:02:41 [16:02:41.626] [Node:1] [INFO] [STATE_CHANGE] CANDIDATE->LEADER term:19 reason:成为Leader
2025/11/04 16:02:41 [16:02:41.632] [Node:0] [RPC_RECV] [Trace:CLIENT_0_1762243361632500000] 接收到日志命令:2411720700813233938 isLeader:false term:19
2025/11/04 16:02:41 [16:02:41.632] [Node:1] [RPC_RECV] [Trace:CLIENT_1_1762243361632646000] 接收到日志命令:8119290501797179683 isLeader:true term:19
2025/11/04 16:02:41 [16:02:41.633] [Node:2] [RPC_RECV] [Trace:CLIENT_2_1762243361633180000] 接收到日志命令:5335855475214086629 isLeader:false term:19
2025/11/04 16:02:41 [16:02:41.639] [Node:0] [RPC_RECV] [Trace:CLIENT_0_1762243361639697000] 接收到日志命令:8203331414204847882 isLeader:false term:19
2025/11/04 16:02:41 [16:02:41.639] [Node:2] [RPC_RECV] [Trace:CLIENT_2_1762243361639857000] 接收到日志命令:1653958577947031094 isLeader:false term:19
2025/11/04 16:02:41 [16:02:41.645] [Node:0] [RPC_RECV] [Trace:CLIENT_0_1762243361645267000] 接收到日志命令:5633239466175248573 isLeader:false term:19
2025/11/04 16:02:41 [16:02:41.645] [Node:2] [RPC_RECV] [Trace:CLIENT_2_1762243361645515000] 接收到日志命令:8396663252364810209 isLeader:false term:19
2025/11/04 16:02:41 [16:02:41.646] [Node:0] [RPC_RECV] [Trace:CLIENT_0_1762243361646824000] 接收到日志命令:4203550421218578857 isLeader:false term:19
2025/11/04 16:02:41 [16:02:41.647] [Node:2] [RPC_RECV] [Trace:CLIENT_2_1762243361647217000] 接收到日志命令:2644153626402117277 isLeader:false term:19
2025/11/04 16:02:41 [16:02:41.658] [Node:4] [RPC_RECV]  恢复持久化状态 currentTerm:14 votedFor:4 logLen:5
2025/11/04 16:02:41 [16:02:41.658] [Node:4] [HEARTBEAT] [Trace:HB_4_14] Follower等心跳 status FOLLOWER term:14 commitIndex:0
2025/11/04 16:02:41 [16:02:41.658] [Node:0] [RPC_RECV] [Trace:CLIENT_0_1762243361658605000] 接收到日志命令:7764305090648740733 isLeader:false term:19
2025/11/04 16:02:41 [16:02:41.658] [Node:2] [RPC_RECV] [Trace:CLIENT_2_1762243361658716000] 接收到日志命令:20930959790240337 isLeader:false term:19
2025/11/04 16:02:41 [16:02:41.658] [Node:4] [RPC_RECV] [Trace:CLIENT_4_1762243361658808000] 接收到日志命令:3238523413081993770 isLeader:false term:14
2025/11/04 16:02:41 [16:02:41.661] [Node:0] [HEARTBEAT] [Trace:HB_0_19] Follower等心跳 status FOLLOWER term:19 commitIndex:0
2025/11/04 16:02:41 [16:02:41.666] [Node:0] [RPC_RECV] [Trace:CLIENT_0_1762243361666120000] 接收到日志命令:5097470457182266848 isLeader:false term:19
2025/11/04 16:02:41 [16:02:41.666] [Node:2] [RPC_RECV] [Trace:CLIENT_2_1762243361666200000] 接收到日志命令:4756300443244600601 isLeader:false term:19
2025/11/04 16:02:41 [16:02:41.666] [Node:4] [RPC_RECV] [Trace:CLIENT_4_1762243361666268000] 接收到日志命令:8603884223415713278 isLeader:false term:14
2025/11/04 16:02:41 [16:02:41.668] [Node:2] [HEARTBEAT] [Trace:HB_2_19] Follower等心跳 status FOLLOWER term:19 commitIndex:5
2025/11/04 16:02:41 [16:02:41.678] [Node:0] [RPC_RECV] [Trace:CLIENT_0_1762243361678891000] 接收到日志命令:6378248747301867854 isLeader:false term:19
2025/11/04 16:02:41 [16:02:41.679] [Node:2] [RPC_RECV] [Trace:CLIENT_2_1762243361679144000] 接收到日志命令:807112642601888911 isLeader:false term:19
2025/11/04 16:02:41 [16:02:41.679] [Node:4] [RPC_RECV] [Trace:CLIENT_4_1762243361679297000] 接收到日志命令:213444815006311731 isLeader:false term:14
2025/11/04 16:02:41 [16:02:41.681] [Node:0] [RPC_RECV] [Trace:CLIENT_0_1762243361681749000] 接收到日志命令:3237178125774934336 isLeader:false term:19
2025/11/04 16:02:41 [16:02:41.681] [Node:2] [RPC_RECV] [Trace:CLIENT_2_1762243361681896000] 接收到日志命令:4543829029040880955 isLeader:false term:19
2025/11/04 16:02:41 [16:02:41.682] [Node:4] [RPC_RECV] [Trace:CLIENT_4_1762243361682042000] 接收到日志命令:6841900915426322757 isLeader:false term:14
2025/11/04 16:02:41 [16:02:41.688] [Node:0] [RPC_RECV] [Trace:CLIENT_0_1762243361688419000] 接收到日志命令:5722212814710693450 isLeader:false term:19
2025/11/04 16:02:41 [16:02:41.688] [Node:2] [RPC_RECV] [Trace:CLIENT_2_1762243361688564000] 接收到日志命令:7513907086456692794 isLeader:false term:19
2025/11/04 16:02:41 [16:02:41.688] [Node:4] [RPC_RECV] [Trace:CLIENT_4_1762243361688696000] 接收到日志命令:3291412480006544729 isLeader:false term:14
2025/11/04 16:02:41 [16:02:41.695] [Node:0] [RPC_RECV] [Trace:CLIENT_0_1762243361695911000] 接收到日志命令:4934973141045672974 isLeader:false term:19
2025/11/04 16:02:41 [16:02:41.696] [Node:2] [RPC_RECV] [Trace:CLIENT_2_1762243361696088000] 接收到日志命令:2681056055780279582 isLeader:false term:19
2025/11/04 16:02:41 [16:02:41.696] [Node:4] [RPC_RECV] [Trace:CLIENT_4_1762243361696230000] 接收到日志命令:9107042050288087315 isLeader:false term:14
2025/11/04 16:02:41 [16:02:41.706] [Node:0] [RPC_RECV] [Trace:CLIENT_0_1762243361706228000] 接收到日志命令:5516630860614975772 isLeader:false term:19
2025/11/04 16:02:41 [16:02:41.706] [Node:2] [RPC_RECV] [Trace:CLIENT_2_1762243361706460000] 接收到日志命令:6963361481034788924 isLeader:false term:19
2025/11/04 16:02:41 [16:02:41.706] [Node:4] [RPC_RECV] [Trace:CLIENT_4_1762243361706613000] 接收到日志命令:6286082640522797731 isLeader:false term:14
2025/11/04 16:02:41 [16:02:41.716] [Node:0] [RPC_RECV] [Trace:CLIENT_0_1762243361716174000] 接收到日志命令:4248517829413018184 isLeader:false term:19
2025/11/04 16:02:41 [16:02:41.716] [Node:2] [RPC_RECV] [Trace:CLIENT_2_1762243361716450000] 接收到日志命令:4419113778246620945 isLeader:false term:19
2025/11/04 16:02:41 [16:02:41.716] [Node:4] [RPC_RECV] [Trace:CLIENT_4_1762243361716608000] 接收到日志命令:8595786743838921772 isLeader:false term:14
2025/11/04 16:02:41 [16:02:41.724] [Node:0] [RPC_RECV] [Trace:CLIENT_0_1762243361724276000] 接收到日志命令:4217715687599303889 isLeader:false term:19
2025/11/04 16:02:41 [16:02:41.724] [Node:2] [RPC_RECV] [Trace:CLIENT_2_1762243361724557000] 接收到日志命令:4198262525278917244 isLeader:false term:19
2025/11/04 16:02:41 [16:02:41.724] [Node:4] [RPC_RECV] [Trace:CLIENT_4_1762243361724710000] 接收到日志命令:499382417945327115 isLeader:false term:14
2025/11/04 16:02:41 [16:02:41.726] [Node:0] [RPC_RECV] [Trace:CLIENT_0_1762243361726899000] 接收到日志命令:8038293405372399245 isLeader:false term:19
2025/11/04 16:02:41 [16:02:41.727] [Node:2] [RPC_RECV] [Trace:CLIENT_2_1762243361727070000] 接收到日志命令:4774736980612094325 isLeader:false term:19
2025/11/04 16:02:41 [16:02:41.727] [Node:4] [RPC_RECV] [Trace:CLIENT_4_1762243361727232000] 接收到日志命令:6769471892636424863 isLeader:false term:14
2025/11/04 16:02:41 [16:02:41.729] [Node:0] [RPC_RECV] [Trace:CLIENT_0_1762243361729677000] 接收到日志命令:2872570434382224982 isLeader:false term:19
2025/11/04 16:02:41 [16:02:41.729] [Node:2] [RPC_RECV] [Trace:CLIENT_2_1762243361729871000] 接收到日志命令:8609116368708845304 isLeader:false term:19
2025/11/04 16:02:41 [16:02:41.730] [Node:4] [RPC_RECV] [Trace:CLIENT_4_1762243361730036000] 接收到日志命令:1154180220261448299 isLeader:false term:14
2025/11/04 16:02:41 [16:02:41.741] [Node:0] [RPC_RECV] [Trace:CLIENT_0_1762243361741100000] 接收到日志命令:7886881016795656177 isLeader:false term:19
2025/11/04 16:02:41 [16:02:41.741] [Node:2] [RPC_RECV] [Trace:CLIENT_2_1762243361741319000] 接收到日志命令:3414329607974659100 isLeader:false term:19
2025/11/04 16:02:41 [16:02:41.741] [Node:4] [RPC_RECV] [Trace:CLIENT_4_1762243361741399000] 接收到日志命令:5939294224172682154 isLeader:false term:14
2025/11/04 16:02:41 [16:02:41.749] [Node:0] [RPC_RECV] [Trace:CLIENT_0_1762243361749414000] 接收到日志命令:2742803254536058761 isLeader:false term:19
2025/11/04 16:02:41 [16:02:41.749] [Node:2] [RPC_RECV] [Trace:CLIENT_2_1762243361749506000] 接收到日志命令:2097802697669769037 isLeader:false term:19
2025/11/04 16:02:41 [16:02:41.749] [Node:4] [RPC_RECV] [Trace:CLIENT_4_1762243361749581000] 接收到日志命令:1458777322350233341 isLeader:false term:14
2025/11/04 16:02:41 [16:02:41.759] [Node:4] [HEARTBEAT] [Trace:HB_4_14] Follower等心跳 status FOLLOWER term:14 commitIndex:0
2025/11/04 16:02:41 [16:02:41.761] [Node:0] [HEARTBEAT] [Trace:HB_0_19] Follower等心跳 status FOLLOWER term:19 commitIndex:0
2025/11/04 16:02:41 [16:02:41.761] [Node:0] [RPC_RECV] [Trace:CLIENT_0_1762243361761696000] 接收到日志命令:4278690488327899303 isLeader:false term:19
2025/11/04 16:02:41 [16:02:41.761] [Node:2] [RPC_RECV] [Trace:CLIENT_2_1762243361761804000] 接收到日志命令:5150751985329015101 isLeader:false term:19
2025/11/04 16:02:41 [16:02:41.761] [Node:4] [RPC_RECV] [Trace:CLIENT_4_1762243361761885000] 接收到日志命令:8134872681744048735 isLeader:false term:14
2025/11/04 16:02:41 [16:02:41.769] [Node:2] [HEARTBEAT] [Trace:HB_2_19] Follower等心跳 status FOLLOWER term:19 commitIndex:5
2025/11/04 16:02:41 [16:02:41.770] [Node:0] [RPC_RECV] [Trace:CLIENT_0_1762243361770048000] 接收到日志命令:2341992759918290780 isLeader:false term:19
2025/11/04 16:02:41 [16:02:41.770] [Node:2] [RPC_RECV] [Trace:CLIENT_2_1762243361770255000] 接收到日志命令:7480048422885827625 isLeader:false term:19
2025/11/04 16:02:41 [16:02:41.770] [Node:4] [RPC_RECV] [Trace:CLIENT_4_1762243361770414000] 接收到日志命令:5228702695196686025 isLeader:false term:14
2025/11/04 16:02:41 [16:02:41.782] [Node:0] [RPC_RECV] [Trace:CLIENT_0_1762243361782694000] 接收到日志命令:8804394319346361090 isLeader:false term:19
2025/11/04 16:02:41 [16:02:41.783] [Node:2] [RPC_RECV] [Trace:CLIENT_2_1762243361783670000] 接收到日志命令:2079027764112716961 isLeader:false term:19
2025/11/04 16:02:41 [16:02:41.783] [Node:4] [RPC_RECV] [Trace:CLIENT_4_1762243361783802000] 接收到日志命令:7163115806185625864 isLeader:false term:14
2025/11/04 16:02:41 [16:02:41.795] [Node:0] [RPC_RECV] [Trace:CLIENT_0_1762243361795133000] 接收到日志命令:2664700689333482702 isLeader:false term:19
2025/11/04 16:02:41 [16:02:41.795] [Node:2] [RPC_RECV] [Trace:CLIENT_2_1762243361795535000] 接收到日志命令:1236844310682235236 isLeader:false term:19
2025/11/04 16:02:41 [16:02:41.795] [Node:4] [RPC_RECV] [Trace:CLIENT_4_1762243361795673000] 接收到日志命令:1642209544933415588 isLeader:false term:14
2025/11/04 16:02:41 [16:02:41.796] [Node:0] [RPC_RECV] [Trace:CLIENT_0_1762243361796976000] 接收到日志命令:5771252703131144713 isLeader:false term:19
2025/11/04 16:02:41 [16:02:41.797] [Node:2] [RPC_RECV] [Trace:CLIENT_2_1762243361797127000] 接收到日志命令:563696205976936575 isLeader:false term:19
2025/11/04 16:02:41 [16:02:41.797] [Node:4] [RPC_RECV] [Trace:CLIENT_4_1762243361797268000] 接收到日志命令:7500386071884599511 isLeader:false term:14
2025/11/04 16:02:41 [16:02:41.807] [Node:0] [RPC_RECV] [Trace:CLIENT_0_1762243361807865000] 接收到日志命令:5779128745818406477 isLeader:false term:19
2025/11/04 16:02:41 [16:02:41.808] [Node:2] [RPC_RECV] [Trace:CLIENT_2_1762243361808177000] 接收到日志命令:8432029095669116343 isLeader:false term:19
2025/11/04 16:02:41 [16:02:41.808] [Node:4] [RPC_RECV] [Trace:CLIENT_4_1762243361808374000] 接收到日志命令:5706014962917221419 isLeader:false term:14
2025/11/04 16:02:41 [16:02:41.813] [Node:0] [RPC_RECV] [Trace:CLIENT_0_1762243361813042000] 接收到日志命令:2252158577971280172 isLeader:false term:19
2025/11/04 16:02:41 [16:02:41.813] [Node:2] [RPC_RECV] [Trace:CLIENT_2_1762243361813222000] 接收到日志命令:2521937547914263128 isLeader:false term:19
2025/11/04 16:02:41 [16:02:41.813] [Node:4] [RPC_RECV] [Trace:CLIENT_4_1762243361813399000] 接收到日志命令:918023270463672509 isLeader:false term:14
2025/11/04 16:02:41 [16:02:41.820] [Node:0] [RPC_RECV] [Trace:CLIENT_0_1762243361820182000] 接收到日志命令:2337988804653431658 isLeader:false term:19
2025/11/04 16:02:41 [16:02:41.820] [Node:2] [RPC_RECV] [Trace:CLIENT_2_1762243361820437000] 接收到日志命令:2245380745326326878 isLeader:false term:19
2025/11/04 16:02:41 [16:02:41.820] [Node:4] [RPC_RECV] [Trace:CLIENT_4_1762243361820603000] 接收到日志命令:1406327712482156362 isLeader:false term:14
2025/11/04 16:02:41 [16:02:41.825] [Node:0] [RPC_RECV] [Trace:CLIENT_0_1762243361825884000] 接收到日志命令:3157583740816141880 isLeader:false term:19
2025/11/04 16:02:41 [16:02:41.826] [Node:2] [RPC_RECV] [Trace:CLIENT_2_1762243361826073000] 接收到日志命令:5735630205988706611 isLeader:false term:19
2025/11/04 16:02:41 [16:02:41.826] [Node:4] [RPC_RECV] [Trace:CLIENT_4_1762243361826210000] 接收到日志命令:8530999898137325333 isLeader:false term:14
2025/11/04 16:02:41 [16:02:41.833] [Node:0] [RPC_RECV] [Trace:CLIENT_0_1762243361833208000] 接收到日志命令:6391674213802656984 isLeader:false term:19
2025/11/04 16:02:41 [16:02:41.833] [Node:2] [RPC_RECV] [Trace:CLIENT_2_1762243361833433000] 接收到日志命令:7601617535671316382 isLeader:false term:19
2025/11/04 16:02:41 [16:02:41.833] [Node:4] [RPC_RECV] [Trace:CLIENT_4_1762243361833580000] 接收到日志命令:9191411790866211222 isLeader:false term:14
2025/11/04 16:02:41 [16:02:41.860] [Node:4] [HEARTBEAT] [Trace:HB_4_14] Follower等心跳 status FOLLOWER term:14 commitIndex:0
2025/11/04 16:02:41 [16:02:41.861] [Node:0] [HEARTBEAT] [Trace:HB_0_19] Follower等心跳 status FOLLOWER term:19 commitIndex:0
2025/11/04 16:02:41 [16:02:41.866] [Node:2] [INFO] [STATE_CHANGE] FOLLOWER->FOLLOWER term:19 reason:变成Candidate
2025/11/04 16:02:41 [16:02:41.867] [Node:2] [TIMER_EVENT] [Trace:TIMER_2] 超时选举 since:241.467375ms threshold:209.805761ms
2025/11/04 16:02:41 [16:02:41.867] [Node:2] [RPC_SEND] [Trace:ELEC_2_20] 发送选举请求
2025/11/04 16:02:41 [16:02:41.867] [Node:2] [RPC_SEND] [Trace:ELEC_2_20] 发送选举请求
2025/11/04 16:02:41 [16:02:41.867] [Node:2] [RPC_SEND] [Trace:ELEC_2_20] 发送选举请求
2025/11/04 16:02:41 [16:02:41.867] [Node:2] [RPC_SEND] [Trace:ELEC_2_20] 发送选举请求
2025/11/04 16:02:41 [16:02:41.868] [Node:4] [RPC_RECV] [Trace:ELEC_2_20][2->4] RequestVote 接受 term:20 candidateId:2 lastLogIndex:5 lastLogTerm:17 currentTerm:14 status:FOLLOWER
2025/11/04 16:02:41 [16:02:41.869] [Node:0] [RPC_RECV] [Trace:ELEC_2_20][2->0] RequestVote 接受 term:20 candidateId:2 lastLogIndex:5 lastLogTerm:17 currentTerm:19 status:FOLLOWER
2025/11/04 16:02:41 [16:02:41.869] [Node:4] [INFO] [STATE_CHANGE] FOLLOWER->FOLLOWER term:14 reason:降级成follower
2025/11/04 16:02:41 [16:02:41.869] [Node:0] [INFO] [STATE_CHANGE] FOLLOWER->FOLLOWER term:19 reason:降级成follower
2025/11/04 16:02:41 [16:02:41.869] [Node:4] [RPC_RECV] [Trace:ELEC_2_20][2->4] 投票信息 votedFor:-1 lastLogTerm:14 lastLogIndex:4
2025/11/04 16:02:41 [16:02:41.869] [Node:0] [RPC_RECV] [Trace:ELEC_2_20][2->0] 投票信息 votedFor:-1 lastLogTerm:16 lastLogIndex:5
2025/11/04 16:02:41 [16:02:41.869] [Node:0] [RPC_RECV] [Trace:ELEC_2_20][2->0] 投票给 candidate:2 term:20
2025/11/04 16:02:41 [16:02:41.869] [Node:4] [RPC_RECV] [Trace:ELEC_2_20][2->4] 投票给 candidate:2 term:20
2025/11/04 16:02:41 [16:02:41.870] [Node:2] [HEARTBEAT] [Trace:HB_2_20] Follower等心跳 status CANDIDATE term:20 commitIndex:5
2025/11/04 16:02:41 [16:02:41.870] [Node:2] [RPC_SEND] [Trace:ELEC_2_20] 处理投票返回 for term 20 reply:{20 true}
2025/11/04 16:02:41 [16:02:41.870] [Node:2] [RPC_SEND] [Trace:ELEC_2_20] 处理投票返回 for term 20 reply:{20 true}
2025/11/04 16:02:41 [16:02:41.871] [Node:2] [INFO] [STATE_CHANGE] CANDIDATE->LEADER term:20 reason:成为Leader
2025/11/04 16:02:41 [16:02:41.960] [Node:4] [HEARTBEAT] [Trace:HB_4_20] Follower等心跳 status FOLLOWER term:20 commitIndex:0
2025/11/04 16:02:41 [16:02:41.962] [Node:0] [HEARTBEAT] [Trace:HB_0_20] Follower等心跳 status FOLLOWER term:20 commitIndex:0
2025/11/04 16:02:41 [16:02:41.970] [Node:2] [HEARTBEAT] [Trace:HB_2_20] 开始发送心跳广播 status LEADER term:20 commitIndex:5
2025/11/04 16:02:41 [16:02:41.973] [Node:4] [HEARTBEAT] [Trace:LOG_2_20][2->4] AppendEntries 收到 term:20 leaderId:2 prevLogIndex:5 prevLogTerm:17 entries:0 leaderCommit:5 isHeartbeat:true currentTerm:20 status:FOLLOWER
2025/11/04 16:02:41 [16:02:41.973] [Node:4] [HEARTBEAT] [Trace:LOG_2_20][2->4] Rejected: 收到LogEntry，但是log不全， prevLogIndex:5 logLen:5
2025/11/04 16:02:41 [16:02:41.974] [Node:2] [LOG_REPLICA] [Trace:LOG_2_20][2->4] 心跳返回 from peer:4 term:20 success:false
2025/11/04 16:02:41 [16:02:41.974] [Node:2] [LOG_REPLICA] [Trace:LOG_2_20][2->4] 日志复制返回失败，开始快速恢复 for peer:4 starting fast recovery replyLogIndex:1
2025/11/04 16:02:41 [16:02:41.975] [Node:4] [LOG_REPLICA] [Trace:LOG_2_20][2->4] AppendEntries 收到 term:20 leaderId:2 prevLogIndex:0 prevLogTerm:0 entries:5 leaderCommit:5 isHeartbeat:false currentTerm:20 status:FOLLOWER
2025/11/04 16:02:41 [16:02:41.975] [Node:0] [HEARTBEAT] [Trace:LOG_2_20][2->0] AppendEntries 收到 term:20 leaderId:2 prevLogIndex:5 prevLogTerm:17 entries:0 leaderCommit:5 isHeartbeat:true currentTerm:20 status:FOLLOWER
2025/11/04 16:02:41 [16:02:41.975] [Node:4] [LOG_REPLICA] [Trace:LOG_2_20][2->4] 打印日志结果:[{<nil> 0 false 0} {8944766457827906109 1 false 1} {5267375492348371869 2 false 2} {39770356992540294 5 false 3} {8061147595324332255 14 false 4}] 
2025/11/04 16:02:41 [16:02:41.975] [Node:0] [HEARTBEAT] [Trace:LOG_2_20][2->0] 打印日志结果:[{<nil> 0 false 0} {8944766457827906109 1 false 1} {83701232492691596 1 false 2} {7290116626429539953 7 false 3} {8761287681990128676 12 false 4} {4144690831895858957 16 false 5}] 
2025/11/04 16:02:41 [16:02:41.975] [Node:0] [HEARTBEAT] [Trace:LOG_2_20][2->0] Rejected: 收到LogEntry，但是term 不对 prevLogIndex:5 logLen:6 logEntry term:16 prevlogterm:17
2025/11/04 16:02:41 [16:02:41.975] [Node:4] [LOG_REPLICA] [Trace:LOG_2_20][2->4] 复制日志结果:[{<nil> 0 false 0} {8944766457827906109 1 false 1} {83701232492691596 1 false 2} {7290116626429539953 7 false 3} {8761287681990128676 12 false 4} {7355512318857408693 17 false 5}] 
2025/11/04 16:02:41 [16:02:41.976] [Node:4] [LOG_COMMIT] [Trace:LOG_2_20][2->4] 收到LogEntry，并且Leader已经提交， 本地log 0->5 leaderCommit:5 lastApplied:0
2025/11/04 16:02:41 [16:02:41.976] [Node:4] [LOG_COMMIT] [Trace:APPLY_4_5] Applying logs count:5 log:[{8944766457827906109 1 false 1} {83701232492691596 1 false 2} {7290116626429539953 7 false 3} {8761287681990128676 12 false 4} {7355512318857408693 17 false 5}] lastApplied:5
2025/11/04 16:02:41 [16:02:41.976] [Node:2] [LOG_REPLICA] [Trace:LOG_2_20][2->4] 心跳返回 from peer:4 term:20 success:true
2025/11/04 16:02:41 [16:02:41.976] [Node:2] [LOG_REPLICA] [Trace:LOG_2_20][2->4] 日志复制返回成功 from peer:4 term:20 agreeCount:2 log [{8944766457827906109 1 false 1} {83701232492691596 1 false 2} {7290116626429539953 7 false 3} {8761287681990128676 12 false 4} {7355512318857408693 17 false 5}]
2025/11/04 16:02:41 [16:02:41.976] [Node:2] [LOG_REPLICA] [Trace:LOG_2_20][2->4] 更新后 server:4 matchIndex:5 nextIndex:6
2025/11/04 16:02:41 [16:02:41.976] [Node:2] [LOG_REPLICA] [Trace:LOG_2_20][2->0] 心跳返回 from peer:0 term:20 success:false
2025/11/04 16:02:41 [16:02:41.976] [Node:2] [LOG_REPLICA] [Trace:LOG_2_20][2->0] 日志复制返回失败，开始快速恢复 for peer:0 starting fast recovery replyLogIndex:5
2025/11/04 16:02:41 [16:02:41.977] [Node:0] [LOG_REPLICA] [Trace:LOG_2_20][2->0] AppendEntries 收到 term:20 leaderId:2 prevLogIndex:4 prevLogTerm:12 entries:1 leaderCommit:5 isHeartbeat:false currentTerm:20 status:FOLLOWER
2025/11/04 16:02:41 [16:02:41.977] [Node:0] [LOG_REPLICA] [Trace:LOG_2_20][2->0] 打印日志结果:[{<nil> 0 false 0} {8944766457827906109 1 false 1} {83701232492691596 1 false 2} {7290116626429539953 7 false 3} {8761287681990128676 12 false 4}] 
2025/11/04 16:02:41 [16:02:41.977] [Node:0] [LOG_REPLICA] [Trace:LOG_2_20][2->0] 复制日志结果:[{<nil> 0 false 0} {8944766457827906109 1 false 1} {83701232492691596 1 false 2} {7290116626429539953 7 false 3} {8761287681990128676 12 false 4} {7355512318857408693 17 false 5}] 
2025/11/04 16:02:41 [16:02:41.977] [Node:0] [LOG_COMMIT] [Trace:LOG_2_20][2->0] 收到LogEntry，并且Leader已经提交， 本地log 0->5 leaderCommit:5 lastApplied:0
2025/11/04 16:02:41 [16:02:41.977] [Node:0] [LOG_COMMIT] [Trace:APPLY_0_5] Applying logs count:5 log:[{8944766457827906109 1 false 1} {83701232492691596 1 false 2} {7290116626429539953 7 false 3} {8761287681990128676 12 false 4} {7355512318857408693 17 false 5}] lastApplied:5
2025/11/04 16:02:41 [16:02:41.977] [Node:2] [LOG_REPLICA] [Trace:LOG_2_20][2->0] 心跳返回 from peer:0 term:20 success:true
2025/11/04 16:02:41 [16:02:41.977] [Node:2] [LOG_REPLICA] [Trace:LOG_2_20][2->0] 日志复制返回成功 from peer:0 term:20 agreeCount:3 log [{7355512318857408693 17 false 5}]
2025/11/04 16:02:41 [16:02:41.977] [Node:2] [LOG_REPLICA] [Trace:LOG_2_20][2->0] 更新后 server:0 matchIndex:5 nextIndex:6
2025/11/04 16:02:42 [16:02:42.060] [Node:4] [HEARTBEAT] [Trace:HB_4_20] Follower等心跳 status FOLLOWER term:20 commitIndex:5
2025/11/04 16:02:42 [16:02:42.062] [Node:0] [HEARTBEAT] [Trace:HB_0_20] Follower等心跳 status FOLLOWER term:20 commitIndex:5
2025/11/04 16:02:42 [16:02:42.071] [Node:2] [HEARTBEAT] [Trace:HB_2_20] 开始发送心跳广播 status LEADER term:20 commitIndex:5
2025/11/04 16:02:42 [16:02:42.073] [Node:0] [HEARTBEAT] [Trace:LOG_2_20][2->0] AppendEntries 收到 term:20 leaderId:2 prevLogIndex:5 prevLogTerm:17 entries:0 leaderCommit:5 isHeartbeat:true currentTerm:20 status:FOLLOWER
2025/11/04 16:02:42 [16:02:42.074] [Node:0] [HEARTBEAT] [Trace:LOG_2_20][2->0] 打印日志结果:[{<nil> 0 false 0} {8944766457827906109 1 false 1} {83701232492691596 1 false 2} {7290116626429539953 7 false 3} {8761287681990128676 12 false 4} {7355512318857408693 17 false 5}] 
2025/11/04 16:02:42 [16:02:42.074] [Node:0] [HEARTBEAT] [Trace:LOG_2_20][2->0] 复制日志结果:[{<nil> 0 false 0} {8944766457827906109 1 false 1} {83701232492691596 1 false 2} {7290116626429539953 7 false 3} {8761287681990128676 12 false 4} {7355512318857408693 17 false 5}] 
2025/11/04 16:02:42 [16:02:42.075] [Node:2] [LOG_REPLICA] [Trace:LOG_2_20][2->0] 心跳返回 from peer:0 term:20 success:true
2025/11/04 16:02:42 [16:02:42.075] [Node:4] [HEARTBEAT] [Trace:LOG_2_20][2->4] AppendEntries 收到 term:20 leaderId:2 prevLogIndex:5 prevLogTerm:17 entries:0 leaderCommit:5 isHeartbeat:true currentTerm:20 status:FOLLOWER
2025/11/04 16:02:42 [16:02:42.075] [Node:4] [HEARTBEAT] [Trace:LOG_2_20][2->4] 打印日志结果:[{<nil> 0 false 0} {8944766457827906109 1 false 1} {83701232492691596 1 false 2} {7290116626429539953 7 false 3} {8761287681990128676 12 false 4} {7355512318857408693 17 false 5}] 
2025/11/04 16:02:42 [16:02:42.075] [Node:4] [HEARTBEAT] [Trace:LOG_2_20][2->4] 复制日志结果:[{<nil> 0 false 0} {8944766457827906109 1 false 1} {83701232492691596 1 false 2} {7290116626429539953 7 false 3} {8761287681990128676 12 false 4} {7355512318857408693 17 false 5}] 
2025/11/04 16:02:42 [16:02:42.076] [Node:2] [LOG_REPLICA] [Trace:LOG_2_20][2->4] 心跳返回 from peer:4 term:20 success:true
2025/11/04 16:02:42 [16:02:42.162] [Node:4] [HEARTBEAT] [Trace:HB_4_20] Follower等心跳 status FOLLOWER term:20 commitIndex:5
2025/11/04 16:02:42 [16:02:42.163] [Node:0] [HEARTBEAT] [Trace:HB_0_20] Follower等心跳 status FOLLOWER term:20 commitIndex:5
2025/11/04 16:02:42 [16:02:42.172] [Node:2] [HEARTBEAT] [Trace:HB_2_20] 开始发送心跳广播 status LEADER term:20 commitIndex:5
2025/11/04 16:02:42 [16:02:42.175] [Node:0] [HEARTBEAT] [Trace:LOG_2_20][2->0] AppendEntries 收到 term:20 leaderId:2 prevLogIndex:5 prevLogTerm:17 entries:0 leaderCommit:5 isHeartbeat:true currentTerm:20 status:FOLLOWER
2025/11/04 16:02:42 [16:02:42.175] [Node:0] [HEARTBEAT] [Trace:LOG_2_20][2->0] 打印日志结果:[{<nil> 0 false 0} {8944766457827906109 1 false 1} {83701232492691596 1 false 2} {7290116626429539953 7 false 3} {8761287681990128676 12 false 4} {7355512318857408693 17 false 5}] 
2025/11/04 16:02:42 [16:02:42.175] [Node:0] [HEARTBEAT] [Trace:LOG_2_20][2->0] 复制日志结果:[{<nil> 0 false 0} {8944766457827906109 1 false 1} {83701232492691596 1 false 2} {7290116626429539953 7 false 3} {8761287681990128676 12 false 4} {7355512318857408693 17 false 5}] 
2025/11/04 16:02:42 [16:02:42.176] [Node:2] [LOG_REPLICA] [Trace:LOG_2_20][2->0] 心跳返回 from peer:0 term:20 success:true
2025/11/04 16:02:42 [16:02:42.176] [Node:4] [HEARTBEAT] [Trace:LOG_2_20][2->4] AppendEntries 收到 term:20 leaderId:2 prevLogIndex:5 prevLogTerm:17 entries:0 leaderCommit:5 isHeartbeat:true currentTerm:20 status:FOLLOWER
2025/11/04 16:02:42 [16:02:42.176] [Node:4] [HEARTBEAT] [Trace:LOG_2_20][2->4] 打印日志结果:[{<nil> 0 false 0} {8944766457827906109 1 false 1} {83701232492691596 1 false 2} {7290116626429539953 7 false 3} {8761287681990128676 12 false 4} {7355512318857408693 17 false 5}] 
2025/11/04 16:02:42 [16:02:42.176] [Node:4] [HEARTBEAT] [Trace:LOG_2_20][2->4] 复制日志结果:[{<nil> 0 false 0} {8944766457827906109 1 false 1} {83701232492691596 1 false 2} {7290116626429539953 7 false 3} {8761287681990128676 12 false 4} {7355512318857408693 17 false 5}] 
2025/11/04 16:02:42 [16:02:42.177] [Node:2] [LOG_REPLICA] [Trace:LOG_2_20][2->4] 心跳返回 from peer:4 term:20 success:true
2025/11/04 16:02:42 [16:02:42.232] [Node:0] [RPC_RECV] [Trace:CLIENT_0_1762243362232394000] 接收到日志命令:1351134535736773871 isLeader:false term:20
2025/11/04 16:02:42 [16:02:42.232] [Node:2] [RPC_RECV] [Trace:CLIENT_2_1762243362232731000] 接收到日志命令:2868131160916657335 isLeader:true term:20
2025/11/04 16:02:42 [16:02:42.233] [Node:4] [RPC_RECV] [Trace:CLIENT_4_1762243362233654000] 接收到日志命令:8924990406585069302 isLeader:false term:20
2025/11/04 16:02:42 [16:02:42.249] [Node:2] [RPC_RECV]  恢复持久化状态 currentTerm:20 votedFor:2 logLen:7
2025/11/04 16:02:42 [16:02:42.250] [Node:2] [HEARTBEAT] [Trace:HB_2_20] Follower等心跳 status FOLLOWER term:20 commitIndex:0
2025/11/04 16:02:42 [16:02:42.250] [Node:0] [RPC_RECV] [Trace:CLIENT_0_1762243362250287000] 接收到日志命令:9037443107350670325 isLeader:false term:20
2025/11/04 16:02:42 [16:02:42.250] [Node:2] [RPC_RECV] [Trace:CLIENT_2_1762243362250385000] 接收到日志命令:6902995772992305171 isLeader:false term:20
2025/11/04 16:02:42 [16:02:42.250] [Node:4] [RPC_RECV] [Trace:CLIENT_4_1762243362250465000] 接收到日志命令:8216983374824153630 isLeader:false term:20
2025/11/04 16:02:42 [16:02:42.250] [Node:0] [RPC_RECV] [Trace:CLIENT_0_1762243362250535000] 接收到日志命令:5817124552034837486 isLeader:false term:20
2025/11/04 16:02:42 [16:02:42.250] [Node:2] [RPC_RECV] [Trace:CLIENT_2_1762243362250596000] 接收到日志命令:3054721201749886616 isLeader:false term:20
2025/11/04 16:02:42 [16:02:42.250] [Node:4] [RPC_RECV] [Trace:CLIENT_4_1762243362250655000] 接收到日志命令:3290912835422356965 isLeader:false term:20
2025/11/04 16:02:42 [16:02:42.262] [Node:4] [HEARTBEAT] [Trace:HB_4_20] Follower等心跳 status FOLLOWER term:20 commitIndex:5
2025/11/04 16:02:42 [16:02:42.262] [Node:0] [RPC_RECV] [Trace:CLIENT_0_1762243362262947000] 接收到日志命令:5328040880390976612 isLeader:false term:20
2025/11/04 16:02:42 [16:02:42.263] [Node:2] [RPC_RECV] [Trace:CLIENT_2_1762243362263146000] 接收到日志命令:5111021752088456202 isLeader:false term:20
2025/11/04 16:02:42 [16:02:42.263] [Node:4] [RPC_RECV] [Trace:CLIENT_4_1762243362263306000] 接收到日志命令:5551736817006037931 isLeader:false term:20
2025/11/04 16:02:42 [16:02:42.263] [Node:0] [HEARTBEAT] [Trace:HB_0_20] Follower等心跳 status FOLLOWER term:20 commitIndex:5
2025/11/04 16:02:42 [16:02:42.274] [Node:0] [RPC_RECV] [Trace:CLIENT_0_1762243362274627000] 接收到日志命令:5333790682263523243 isLeader:false term:20
2025/11/04 16:02:42 [16:02:42.274] [Node:2] [RPC_RECV] [Trace:CLIENT_2_1762243362274923000] 接收到日志命令:2064927622798509665 isLeader:false term:20
2025/11/04 16:02:42 [16:02:42.275] [Node:4] [RPC_RECV] [Trace:CLIENT_4_1762243362275058000] 接收到日志命令:284467965116574382 isLeader:false term:20
2025/11/04 16:02:42 [16:02:42.281] [Node:0] [RPC_RECV] [Trace:CLIENT_0_1762243362281300000] 接收到日志命令:3700336824805759195 isLeader:false term:20
2025/11/04 16:02:42 [16:02:42.281] [Node:2] [RPC_RECV] [Trace:CLIENT_2_1762243362281539000] 接收到日志命令:5156893398410871091 isLeader:false term:20
2025/11/04 16:02:42 [16:02:42.281] [Node:4] [RPC_RECV] [Trace:CLIENT_4_1762243362281715000] 接收到日志命令:7706239738650093555 isLeader:false term:20
2025/11/04 16:02:42 [16:02:42.294] [Node:0] [RPC_RECV] [Trace:CLIENT_0_1762243362294255000] 接收到日志命令:9134049821700518420 isLeader:false term:20
2025/11/04 16:02:42 [16:02:42.296] [Node:2] [RPC_RECV] [Trace:CLIENT_2_1762243362296331000] 接收到日志命令:5168236085130395712 isLeader:false term:20
2025/11/04 16:02:42 [16:02:42.296] [Node:4] [RPC_RECV] [Trace:CLIENT_4_1762243362296412000] 接收到日志命令:8656940031920537072 isLeader:false term:20
2025/11/04 16:02:42 [16:02:42.297] [Node:0] [RPC_RECV] [Trace:CLIENT_0_1762243362297643000] 接收到日志命令:1334250418004998129 isLeader:false term:20
2025/11/04 16:02:42 [16:02:42.297] [Node:2] [RPC_RECV] [Trace:CLIENT_2_1762243362297722000] 接收到日志命令:8519902376992582216 isLeader:false term:20
2025/11/04 16:02:42 [16:02:42.297] [Node:4] [RPC_RECV] [Trace:CLIENT_4_1762243362297761000] 接收到日志命令:4380152775569025215 isLeader:false term:20
2025/11/04 16:02:42 [16:02:42.305] [Node:0] [RPC_RECV] [Trace:CLIENT_0_1762243362305183000] 接收到日志命令:5927168788394967977 isLeader:false term:20
2025/11/04 16:02:42 [16:02:42.305] [Node:2] [RPC_RECV] [Trace:CLIENT_2_1762243362305384000] 接收到日志命令:7654439909147985571 isLeader:false term:20
2025/11/04 16:02:42 [16:02:42.305] [Node:4] [RPC_RECV] [Trace:CLIENT_4_1762243362305455000] 接收到日志命令:2600777348944648430 isLeader:false term:20
2025/11/04 16:02:42 [16:02:42.306] [Node:0] [RPC_RECV] [Trace:CLIENT_0_1762243362306643000] 接收到日志命令:3632053630013413851 isLeader:false term:20
2025/11/04 16:02:42 [16:02:42.306] [Node:2] [RPC_RECV] [Trace:CLIENT_2_1762243362306739000] 接收到日志命令:5514528491914747329 isLeader:false term:20
2025/11/04 16:02:42 [16:02:42.306] [Node:4] [RPC_RECV] [Trace:CLIENT_4_1762243362306803000] 接收到日志命令:1538634443932738618 isLeader:false term:20
2025/11/04 16:02:42 [16:02:42.311] [Node:0] [RPC_RECV] [Trace:CLIENT_0_1762243362311694000] 接收到日志命令:2356562319765329131 isLeader:false term:20
2025/11/04 16:02:42 [16:02:42.311] [Node:2] [RPC_RECV] [Trace:CLIENT_2_1762243362311865000] 接收到日志命令:2614400276570853091 isLeader:false term:20
2025/11/04 16:02:42 [16:02:42.312] [Node:4] [RPC_RECV] [Trace:CLIENT_4_1762243362312041000] 接收到日志命令:9090791589201473438 isLeader:false term:20
2025/11/04 16:02:42 [16:02:42.314] [Node:0] [RPC_RECV] [Trace:CLIENT_0_1762243362314353000] 接收到日志命令:8955897538997460581 isLeader:false term:20
2025/11/04 16:02:42 [16:02:42.314] [Node:2] [RPC_RECV] [Trace:CLIENT_2_1762243362314510000] 接收到日志命令:5302720715434155957 isLeader:false term:20
2025/11/04 16:02:42 [16:02:42.314] [Node:4] [RPC_RECV] [Trace:CLIENT_4_1762243362314709000] 接收到日志命令:1296055491509848055 isLeader:false term:20
2025/11/04 16:02:42 [16:02:42.316] [Node:0] [RPC_RECV] [Trace:CLIENT_0_1762243362315991000] 接收到日志命令:6152524869883332819 isLeader:false term:20
2025/11/04 16:02:42 [16:02:42.316] [Node:2] [RPC_RECV] [Trace:CLIENT_2_1762243362316438000] 接收到日志命令:3886955398549910279 isLeader:false term:20
2025/11/04 16:02:42 [16:02:42.316] [Node:4] [RPC_RECV] [Trace:CLIENT_4_1762243362316594000] 接收到日志命令:7973140679972500050 isLeader:false term:20
2025/11/04 16:02:42 [16:02:42.326] [Node:0] [RPC_RECV] [Trace:CLIENT_0_1762243362326946000] 接收到日志命令:2068450713788511762 isLeader:false term:20
2025/11/04 16:02:42 [16:02:42.327] [Node:2] [RPC_RECV] [Trace:CLIENT_2_1762243362327199000] 接收到日志命令:2271691347713955576 isLeader:false term:20
2025/11/04 16:02:42 [16:02:42.327] [Node:4] [RPC_RECV] [Trace:CLIENT_4_1762243362327713000] 接收到日志命令:2788338357157423923 isLeader:false term:20
2025/11/04 16:02:42 [16:02:42.327] [Node:0] [RPC_RECV] [Trace:CLIENT_0_1762243362327856000] 接收到日志命令:3681465836589854918 isLeader:false term:20
2025/11/04 16:02:42 [16:02:42.328] [Node:2] [RPC_RECV] [Trace:CLIENT_2_1762243362328116000] 接收到日志命令:389088531401219188 isLeader:false term:20
2025/11/04 16:02:42 [16:02:42.328] [Node:4] [RPC_RECV] [Trace:CLIENT_4_1762243362328286000] 接收到日志命令:5217205565242130493 isLeader:false term:20
2025/11/04 16:02:42 [16:02:42.341] [Node:0] [RPC_RECV] [Trace:CLIENT_0_1762243362341351000] 接收到日志命令:1983096885710419152 isLeader:false term:20
2025/11/04 16:02:42 [16:02:42.341] [Node:2] [RPC_RECV] [Trace:CLIENT_2_1762243362341691000] 接收到日志命令:7326874048131797694 isLeader:false term:20
2025/11/04 16:02:42 [16:02:42.341] [Node:4] [RPC_RECV] [Trace:CLIENT_4_1762243362341847000] 接收到日志命令:9310673811155158 isLeader:false term:20
2025/11/04 16:02:42 [16:02:42.350] [Node:2] [HEARTBEAT] [Trace:HB_2_20] Follower等心跳 status FOLLOWER term:20 commitIndex:0
2025/11/04 16:02:42 [16:02:42.354] [Node:0] [RPC_RECV] [Trace:CLIENT_0_1762243362354359000] 接收到日志命令:3622996111765676068 isLeader:false term:20
2025/11/04 16:02:42 [16:02:42.354] [Node:2] [RPC_RECV] [Trace:CLIENT_2_1762243362354587000] 接收到日志命令:3131236137081026483 isLeader:false term:20
2025/11/04 16:02:42 [16:02:42.354] [Node:4] [RPC_RECV] [Trace:CLIENT_4_1762243362354727000] 接收到日志命令:1172227993620488821 isLeader:false term:20
2025/11/04 16:02:42 [16:02:42.363] [Node:4] [HEARTBEAT] [Trace:HB_4_20] Follower等心跳 status FOLLOWER term:20 commitIndex:5
2025/11/04 16:02:42 [16:02:42.363] [Node:0] [RPC_RECV] [Trace:CLIENT_0_1762243362363801000] 接收到日志命令:4380257268040028507 isLeader:false term:20
2025/11/04 16:02:42 [16:02:42.364] [Node:2] [RPC_RECV] [Trace:CLIENT_2_1762243362364037000] 接收到日志命令:5248941340112057084 isLeader:false term:20
2025/11/04 16:02:42 [16:02:42.364] [Node:4] [RPC_RECV] [Trace:CLIENT_4_1762243362364261000] 接收到日志命令:6224403320927615556 isLeader:false term:20
2025/11/04 16:02:42 [16:02:42.364] [Node:0] [HEARTBEAT] [Trace:HB_0_20] Follower等心跳 status FOLLOWER term:20 commitIndex:5
2025/11/04 16:02:42 [16:02:42.370] [Node:0] [RPC_RECV] [Trace:CLIENT_0_1762243362370831000] 接收到日志命令:5221975508954150775 isLeader:false term:20
2025/11/04 16:02:42 [16:02:42.371] [Node:2] [RPC_RECV] [Trace:CLIENT_2_1762243362371101000] 接收到日志命令:8573988701696424401 isLeader:false term:20
2025/11/04 16:02:42 [16:02:42.371] [Node:4] [RPC_RECV] [Trace:CLIENT_4_1762243362371233000] 接收到日志命令:7322239034344124880 isLeader:false term:20
2025/11/04 16:02:42 [16:02:42.384] [Node:0] [RPC_RECV] [Trace:CLIENT_0_1762243362384103000] 接收到日志命令:8218347866070196528 isLeader:false term:20
2025/11/04 16:02:42 [16:02:42.385] [Node:2] [RPC_RECV] [Trace:CLIENT_2_1762243362385178000] 接收到日志命令:1683482268929970286 isLeader:false term:20
2025/11/04 16:02:42 [16:02:42.385] [Node:4] [RPC_RECV] [Trace:CLIENT_4_1762243362385329000] 接收到日志命令:3853941365278614034 isLeader:false term:20
2025/11/04 16:02:42 [16:02:42.395] [Node:0] [RPC_RECV] [Trace:CLIENT_0_1762243362395308000] 接收到日志命令:6031898122324971874 isLeader:false term:20
2025/11/04 16:02:42 [16:02:42.395] [Node:2] [RPC_RECV] [Trace:CLIENT_2_1762243362395558000] 接收到日志命令:1842404753691891127 isLeader:false term:20
2025/11/04 16:02:42 [16:02:42.395] [Node:4] [RPC_RECV] [Trace:CLIENT_4_1762243362395696000] 接收到日志命令:2973056781182060916 isLeader:false term:20
2025/11/04 16:02:42 [16:02:42.404] [Node:0] [RPC_RECV] [Trace:CLIENT_0_1762243362404531000] 接收到日志命令:3579945796875017664 isLeader:false term:20
2025/11/04 16:02:42 [16:02:42.404] [Node:2] [RPC_RECV] [Trace:CLIENT_2_1762243362404860000] 接收到日志命令:3273330935433761337 isLeader:false term:20
2025/11/04 16:02:42 [16:02:42.405] [Node:4] [RPC_RECV] [Trace:CLIENT_4_1762243362404986000] 接收到日志命令:8026910898921363137 isLeader:false term:20
2025/11/04 16:02:42 [16:02:42.410] [Node:0] [RPC_RECV] [Trace:CLIENT_0_1762243362410292000] 接收到日志命令:7295783817820435001 isLeader:false term:20
2025/11/04 16:02:42 [16:02:42.410] [Node:2] [RPC_RECV] [Trace:CLIENT_2_1762243362410437000] 接收到日志命令:2326939720458732356 isLeader:false term:20
2025/11/04 16:02:42 [16:02:42.410] [Node:4] [RPC_RECV] [Trace:CLIENT_4_1762243362410556000] 接收到日志命令:6469211251081784278 isLeader:false term:20
2025/11/04 16:02:42 [16:02:42.413] [Node:0] [RPC_RECV] [Trace:CLIENT_0_1762243362412976000] 接收到日志命令:5132382583756165616 isLeader:false term:20
2025/11/04 16:02:42 [16:02:42.413] [Node:2] [RPC_RECV] [Trace:CLIENT_2_1762243362413144000] 接收到日志命令:792271144648628961 isLeader:false term:20
2025/11/04 16:02:42 [16:02:42.413] [Node:4] [RPC_RECV] [Trace:CLIENT_4_1762243362413293000] 接收到日志命令:862179270815297348 isLeader:false term:20
2025/11/04 16:02:42 [16:02:42.415] [Node:0] [RPC_RECV] [Trace:CLIENT_0_1762243362415735000] 接收到日志命令:1620546070689229198 isLeader:false term:20
2025/11/04 16:02:42 [16:02:42.415] [Node:2] [RPC_RECV] [Trace:CLIENT_2_1762243362415884000] 接收到日志命令:4950948815810288625 isLeader:false term:20
2025/11/04 16:02:42 [16:02:42.416] [Node:4] [RPC_RECV] [Trace:CLIENT_4_1762243362416284000] 接收到日志命令:1724352183081070124 isLeader:false term:20
2025/11/04 16:02:42 [16:02:42.425] [Node:0] [RPC_RECV] [Trace:CLIENT_0_1762243362425114000] 接收到日志命令:4956651168349391875 isLeader:false term:20
2025/11/04 16:02:42 [16:02:42.425] [Node:2] [RPC_RECV] [Trace:CLIENT_2_1762243362425538000] 接收到日志命令:8328566024123437243 isLeader:false term:20
2025/11/04 16:02:42 [16:02:42.425] [Node:4] [RPC_RECV] [Trace:CLIENT_4_1762243362425673000] 接收到日志命令:2123067810127926585 isLeader:false term:20
2025/11/04 16:02:42 [16:02:42.434] [Node:0] [RPC_RECV] [Trace:CLIENT_0_1762243362434744000] 接收到日志命令:2427094925081559551 isLeader:false term:20
2025/11/04 16:02:42 [16:02:42.435] [Node:2] [RPC_RECV] [Trace:CLIENT_2_1762243362434997000] 接收到日志命令:1468917052286132967 isLeader:false term:20
2025/11/04 16:02:42 [16:02:42.435] [Node:4] [RPC_RECV] [Trace:CLIENT_4_1762243362435143000] 接收到日志命令:8229789467918568144 isLeader:false term:20
2025/11/04 16:02:42 [16:02:42.438] [Node:0] [RPC_RECV] [Trace:CLIENT_0_1762243362438715000] 接收到日志命令:3190119991893036135 isLeader:false term:20
2025/11/04 16:02:42 [16:02:42.438] [Node:2] [RPC_RECV] [Trace:CLIENT_2_1762243362438904000] 接收到日志命令:4751999450590603405 isLeader:false term:20
2025/11/04 16:02:42 [16:02:42.439] [Node:4] [RPC_RECV] [Trace:CLIENT_4_1762243362439046000] 接收到日志命令:6390064914930732977 isLeader:false term:20
2025/11/04 16:02:42 [16:02:42.450] [Node:0] [RPC_RECV] [Trace:CLIENT_0_1762243362450899000] 接收到日志命令:4335792538861317405 isLeader:false term:20
2025/11/04 16:02:42 [16:02:42.451] [Node:2] [RPC_RECV] [Trace:CLIENT_2_1762243362451253000] 接收到日志命令:63400761039103523 isLeader:false term:20
2025/11/04 16:02:42 [16:02:42.451] [Node:4] [RPC_RECV] [Trace:CLIENT_4_1762243362451408000] 接收到日志命令:3589409661341509155 isLeader:false term:20
2025/11/04 16:02:42 [16:02:42.451] [Node:2] [HEARTBEAT] [Trace:HB_2_20] Follower等心跳 status FOLLOWER term:20 commitIndex:0
2025/11/04 16:02:42 [16:02:42.464] [Node:4] [HEARTBEAT] [Trace:HB_4_20] Follower等心跳 status FOLLOWER term:20 commitIndex:5
2025/11/04 16:02:42 [16:02:42.464] [Node:0] [HEARTBEAT] [Trace:HB_0_20] Follower等心跳 status FOLLOWER term:20 commitIndex:5
2025/11/04 16:02:42 [16:02:42.472] [Node:0] [INFO] [STATE_CHANGE] FOLLOWER->FOLLOWER term:20 reason:变成Candidate
2025/11/04 16:02:42 [16:02:42.472] [Node:0] [TIMER_EVENT] [Trace:TIMER_0] 超时选举 since:297.298959ms threshold:226.035469ms
2025/11/04 16:02:42 [16:02:42.472] [Node:0] [RPC_SEND] [Trace:ELEC_0_21] 发送选举请求
2025/11/04 16:02:42 [16:02:42.472] [Node:0] [RPC_SEND] [Trace:ELEC_0_21] 发送选举请求
2025/11/04 16:02:42 [16:02:42.472] [Node:0] [RPC_SEND] [Trace:ELEC_0_21] 发送选举请求
2025/11/04 16:02:42 [16:02:42.473] [Node:0] [RPC_SEND] [Trace:ELEC_0_21] 发送选举请求
2025/11/04 16:02:42 [16:02:42.474] [Node:4] [RPC_RECV] [Trace:ELEC_0_21][0->4] RequestVote 接受 term:21 candidateId:0 lastLogIndex:5 lastLogTerm:17 currentTerm:20 status:FOLLOWER
2025/11/04 16:02:42 [16:02:42.474] [Node:2] [RPC_RECV] [Trace:ELEC_0_21][0->2] RequestVote 接受 term:21 candidateId:0 lastLogIndex:5 lastLogTerm:17 currentTerm:20 status:FOLLOWER
2025/11/04 16:02:42 [16:02:42.474] [Node:4] [INFO] [STATE_CHANGE] FOLLOWER->FOLLOWER term:20 reason:降级成follower
2025/11/04 16:02:42 [16:02:42.474] [Node:2] [INFO] [STATE_CHANGE] FOLLOWER->FOLLOWER term:20 reason:降级成follower
2025/11/04 16:02:42 [16:02:42.474] [Node:4] [RPC_RECV] [Trace:ELEC_0_21][0->4] 投票信息 votedFor:-1 lastLogTerm:17 lastLogIndex:5
2025/11/04 16:02:42 [16:02:42.474] [Node:4] [RPC_RECV] [Trace:ELEC_0_21][0->4] 投票给 candidate:0 term:21
2025/11/04 16:02:42 [16:02:42.475] [Node:0] [RPC_SEND] [Trace:ELEC_0_21] 处理投票返回 for term 21 reply:{21 true}
2025/11/04 16:02:42 [16:02:42.475] [Node:2] [RPC_RECV] [Trace:ELEC_0_21][0->2] 投票信息 votedFor:-1 lastLogTerm:20 lastLogIndex:6
2025/11/04 16:02:42 [16:02:42.475] [Node:2] [RPC_RECV] [Trace:ELEC_0_21][0->2] 投票失败兜底 candidate:0 term:21
2025/11/04 16:02:42 [16:02:42.476] [Node:0] [RPC_SEND] [Trace:ELEC_0_21] 处理投票返回 for term 21 reply:{21 false}
2025/11/04 16:02:42 [16:02:42.483] [Node:2] [INFO] [STATE_CHANGE] FOLLOWER->FOLLOWER term:21 reason:变成Candidate
2025/11/04 16:02:42 [16:02:42.483] [Node:2] [TIMER_EVENT] [Trace:TIMER_2] 超时选举 since:237.669958ms threshold:230.903196ms
2025/11/04 16:02:42 [16:02:42.484] [Node:2] [RPC_SEND] [Trace:ELEC_2_22] 发送选举请求
2025/11/04 16:02:42 [16:02:42.484] [Node:2] [RPC_SEND] [Trace:ELEC_2_22] 发送选举请求
2025/11/04 16:02:42 [16:02:42.485] [Node:2] [RPC_SEND] [Trace:ELEC_2_22] 发送选举请求
2025/11/04 16:02:42 [16:02:42.485] [Node:2] [RPC_SEND] [Trace:ELEC_2_22] 发送选举请求
2025/11/04 16:02:42 [16:02:42.486] [Node:4] [RPC_RECV] [Trace:ELEC_2_22][2->4] RequestVote 接受 term:22 candidateId:2 lastLogIndex:6 lastLogTerm:20 currentTerm:21 status:FOLLOWER
2025/11/04 16:02:42 [16:02:42.486] [Node:4] [INFO] [STATE_CHANGE] FOLLOWER->FOLLOWER term:21 reason:降级成follower
2025/11/04 16:02:42 [16:02:42.486] [Node:0] [RPC_RECV] [Trace:ELEC_2_22][2->0] RequestVote 接受 term:22 candidateId:2 lastLogIndex:6 lastLogTerm:20 currentTerm:21 status:CANDIDATE
2025/11/04 16:02:42 [16:02:42.486] [Node:0] [INFO] [STATE_CHANGE] CANDIDATE->FOLLOWER term:21 reason:降级成follower
2025/11/04 16:02:42 [16:02:42.486] [Node:4] [RPC_RECV] [Trace:ELEC_2_22][2->4] 投票信息 votedFor:-1 lastLogTerm:17 lastLogIndex:5
2025/11/04 16:02:42 [16:02:42.486] [Node:4] [RPC_RECV] [Trace:ELEC_2_22][2->4] 投票给 candidate:2 term:22
2025/11/04 16:02:42 [16:02:42.486] [Node:0] [RPC_RECV] [Trace:ELEC_2_22][2->0] 投票信息 votedFor:-1 lastLogTerm:17 lastLogIndex:5
2025/11/04 16:02:42 [16:02:42.486] [Node:0] [RPC_RECV] [Trace:ELEC_2_22][2->0] 投票给 candidate:2 term:22
2025/11/04 16:02:42 [16:02:42.487] [Node:2] [RPC_SEND] [Trace:ELEC_2_22] 处理投票返回 for term 22 reply:{22 true}
2025/11/04 16:02:42 [16:02:42.487] [Node:2] [RPC_SEND] [Trace:ELEC_2_22] 处理投票返回 for term 22 reply:{22 true}
2025/11/04 16:02:42 [16:02:42.487] [Node:2] [INFO] [STATE_CHANGE] CANDIDATE->LEADER term:22 reason:成为Leader
2025/11/04 16:02:42 [16:02:42.530] [Node:0] [RPC_RECV] [Trace:CLIENT_0_1762243362530502000] 接收到日志命令:1026522062350742764 isLeader:false term:22
2025/11/04 16:02:42 [16:02:42.530] [Node:2] [RPC_RECV] [Trace:CLIENT_2_1762243362530716000] 接收到日志命令:2881557075923219901 isLeader:true term:22
2025/11/04 16:02:42 [16:02:42.531] [Node:4] [RPC_RECV] [Trace:CLIENT_4_1762243362531258000] 接收到日志命令:5514941350053859104 isLeader:false term:22
2025/11/04 16:02:42 [16:02:42.533] [Node:1] [RPC_RECV]  恢复持久化状态 currentTerm:19 votedFor:1 logLen:7
2025/11/04 16:02:42 [16:02:42.533] [Node:1] [HEARTBEAT] [Trace:HB_1_19] Follower等心跳 status FOLLOWER term:19 commitIndex:0
2025/11/04 16:02:42 [16:02:42.533] [Node:0] [RPC_RECV] [Trace:CLIENT_0_1762243362533585000] 接收到日志命令:3606234664192779129 isLeader:false term:22
2025/11/04 16:02:42 [16:02:42.533] [Node:1] [RPC_RECV] [Trace:CLIENT_1_1762243362533708000] 接收到日志命令:4941106311013538237 isLeader:false term:19
2025/11/04 16:02:42 [16:02:42.533] [Node:4] [RPC_RECV] [Trace:CLIENT_4_1762243362533778000] 接收到日志命令:2873673340069848206 isLeader:false term:22
2025/11/04 16:02:42 [16:02:42.544] [Node:0] [RPC_RECV] [Trace:CLIENT_0_1762243362544195000] 接收到日志命令:6739821062898913655 isLeader:false term:22
2025/11/04 16:02:42 [16:02:42.544] [Node:1] [RPC_RECV] [Trace:CLIENT_1_1762243362544494000] 接收到日志命令:4693450147197832693 isLeader:false term:19
2025/11/04 16:02:42 [16:02:42.544] [Node:4] [RPC_RECV] [Trace:CLIENT_4_1762243362544627000] 接收到日志命令:3942264697032098081 isLeader:false term:22
2025/11/04 16:02:42 [16:02:42.544] [Node:0] [RPC_RECV] [Trace:CLIENT_0_1762243362544793000] 接收到日志命令:2633346749407720529 isLeader:false term:22
2025/11/04 16:02:42 [16:02:42.544] [Node:1] [RPC_RECV] [Trace:CLIENT_1_1762243362544928000] 接收到日志命令:6900921638705442865 isLeader:false term:19
2025/11/04 16:02:42 [16:02:42.545] [Node:4] [RPC_RECV] [Trace:CLIENT_4_1762243362545046000] 接收到日志命令:8086334124576943533 isLeader:false term:22
2025/11/04 16:02:42 [16:02:42.554] [Node:0] [RPC_RECV] [Trace:CLIENT_0_1762243362553365000] 接收到日志命令:3238419135176961618 isLeader:false term:22
2025/11/04 16:02:42 [16:02:42.554] [Node:1] [RPC_RECV] [Trace:CLIENT_1_1762243362554423000] 接收到日志命令:5078167456220929279 isLeader:false term:19
2025/11/04 16:02:42 [16:02:42.554] [Node:4] [RPC_RECV] [Trace:CLIENT_4_1762243362554517000] 接收到日志命令:7799482251205522597 isLeader:false term:22
2025/11/04 16:02:42 [16:02:42.556] [Node:0] [RPC_RECV] [Trace:CLIENT_0_1762243362556906000] 接收到日志命令:4668630773588926618 isLeader:false term:22
2025/11/04 16:02:42 [16:02:42.557] [Node:1] [RPC_RECV] [Trace:CLIENT_1_1762243362556999000] 接收到日志命令:6376049586372991483 isLeader:false term:19
2025/11/04 16:02:42 [16:02:42.557] [Node:4] [RPC_RECV] [Trace:CLIENT_4_1762243362557061000] 接收到日志命令:4501512949495438429 isLeader:false term:22
2025/11/04 16:02:42 [16:02:42.558] [Node:0] [RPC_RECV] [Trace:CLIENT_0_1762243362558266000] 接收到日志命令:5524250591300832011 isLeader:false term:22
2025/11/04 16:02:42 [16:02:42.558] [Node:1] [RPC_RECV] [Trace:CLIENT_1_1762243362558354000] 接收到日志命令:4907481557022061912 isLeader:false term:19
2025/11/04 16:02:42 [16:02:42.558] [Node:4] [RPC_RECV] [Trace:CLIENT_4_1762243362558436000] 接收到日志命令:3871292817483325751 isLeader:false term:22
2025/11/04 16:02:42 [16:02:42.564] [Node:0] [HEARTBEAT] [Trace:HB_0_22] Follower等心跳 status FOLLOWER term:22 commitIndex:5
2025/11/04 16:02:42 [16:02:42.565] [Node:4] [HEARTBEAT] [Trace:HB_4_22] Follower等心跳 status FOLLOWER term:22 commitIndex:5
2025/11/04 16:02:42 [16:02:42.565] [Node:0] [RPC_RECV] [Trace:CLIENT_0_1762243362565616000] 接收到日志命令:3007403031877338982 isLeader:false term:22
2025/11/04 16:02:42 [16:02:42.565] [Node:1] [RPC_RECV] [Trace:CLIENT_1_1762243362565782000] 接收到日志命令:754809236337996482 isLeader:false term:19
2025/11/04 16:02:42 [16:02:42.565] [Node:4] [RPC_RECV] [Trace:CLIENT_4_1762243362565932000] 接收到日志命令:6729376944625868510 isLeader:false term:22
2025/11/04 16:02:42 [16:02:42.574] [Node:0] [RPC_RECV] [Trace:CLIENT_0_1762243362574847000] 接收到日志命令:4108674470915383475 isLeader:false term:22
2025/11/04 16:02:42 [16:02:42.575] [Node:1] [RPC_RECV] [Trace:CLIENT_1_1762243362575006000] 接收到日志命令:3679244934580154263 isLeader:false term:19
2025/11/04 16:02:42 [16:02:42.575] [Node:4] [RPC_RECV] [Trace:CLIENT_4_1762243362575163000] 接收到日志命令:6315687242219294462 isLeader:false term:22
2025/11/04 16:02:42 [16:02:42.583] [Node:0] [RPC_RECV] [Trace:CLIENT_0_1762243362583834000] 接收到日志命令:6250320357128578005 isLeader:false term:22
2025/11/04 16:02:42 [16:02:42.584] [Node:1] [RPC_RECV] [Trace:CLIENT_1_1762243362584056000] 接收到日志命令:339905584890394973 isLeader:false term:19
2025/11/04 16:02:42 [16:02:42.584] [Node:4] [RPC_RECV] [Trace:CLIENT_4_1762243362584193000] 接收到日志命令:4681219997197050031 isLeader:false term:22
2025/11/04 16:02:42 [16:02:42.587] [Node:0] [RPC_RECV] [Trace:CLIENT_0_1762243362587602000] 接收到日志命令:3823779110142908396 isLeader:false term:22
2025/11/04 16:02:42 [16:02:42.587] [Node:1] [RPC_RECV] [Trace:CLIENT_1_1762243362587840000] 接收到日志命令:3861939351206567892 isLeader:false term:19
2025/11/04 16:02:42 [16:02:42.587] [Node:4] [RPC_RECV] [Trace:CLIENT_4_1762243362587978000] 接收到日志命令:7346126041379614445 isLeader:false term:22
2025/11/04 16:02:42 [16:02:42.633] [Node:1] [HEARTBEAT] [Trace:HB_1_19] Follower等心跳 status FOLLOWER term:19 commitIndex:0
2025/11/04 16:02:42 [16:02:42.665] [Node:4] [HEARTBEAT] [Trace:HB_4_22] Follower等心跳 status FOLLOWER term:22 commitIndex:5
2025/11/04 16:02:42 [16:02:42.665] [Node:0] [HEARTBEAT] [Trace:HB_0_22] Follower等心跳 status FOLLOWER term:22 commitIndex:5
2025/11/04 16:02:42 [16:02:42.709] [Node:4] [INFO] [STATE_CHANGE] FOLLOWER->FOLLOWER term:22 reason:变成Candidate
2025/11/04 16:02:42 [16:02:42.709] [Node:4] [TIMER_EVENT] [Trace:TIMER_4] 超时选举 since:222.141958ms threshold:209.586657ms
2025/11/04 16:02:42 [16:02:42.709] [Node:4] [RPC_SEND] [Trace:ELEC_4_23] 发送选举请求
2025/11/04 16:02:42 [16:02:42.709] [Node:4] [RPC_SEND] [Trace:ELEC_4_23] 发送选举请求
2025/11/04 16:02:42 [16:02:42.710] [Node:4] [RPC_SEND] [Trace:ELEC_4_23] 发送选举请求
2025/11/04 16:02:42 [16:02:42.709] [Node:4] [RPC_SEND] [Trace:ELEC_4_23] 发送选举请求
2025/11/04 16:02:42 [16:02:42.711] [Node:1] [RPC_RECV] [Trace:ELEC_4_23][4->1] RequestVote 接受 term:23 candidateId:4 lastLogIndex:5 lastLogTerm:17 currentTerm:19 status:FOLLOWER
2025/11/04 16:02:42 [16:02:42.711] [Node:0] [RPC_RECV] [Trace:ELEC_4_23][4->0] RequestVote 接受 term:23 candidateId:4 lastLogIndex:5 lastLogTerm:17 currentTerm:22 status:FOLLOWER
2025/11/04 16:02:42 [16:02:42.711] [Node:0] [INFO] [STATE_CHANGE] FOLLOWER->FOLLOWER term:22 reason:降级成follower
2025/11/04 16:02:42 [16:02:42.712] [Node:0] [RPC_RECV] [Trace:ELEC_4_23][4->0] 投票信息 votedFor:-1 lastLogTerm:17 lastLogIndex:5
2025/11/04 16:02:42 [16:02:42.712] [Node:0] [RPC_RECV] [Trace:ELEC_4_23][4->0] 投票给 candidate:4 term:23
2025/11/04 16:02:42 [16:02:42.712] [Node:1] [INFO] [STATE_CHANGE] FOLLOWER->FOLLOWER term:19 reason:降级成follower
2025/11/04 16:02:42 [16:02:42.713] [Node:1] [RPC_RECV] [Trace:ELEC_4_23][4->1] 投票信息 votedFor:-1 lastLogTerm:19 lastLogIndex:6
2025/11/04 16:02:42 [16:02:42.713] [Node:1] [RPC_RECV] [Trace:ELEC_4_23][4->1] 投票失败兜底 candidate:4 term:23
2025/11/04 16:02:42 [16:02:42.713] [Node:4] [RPC_SEND] [Trace:ELEC_4_23] 处理投票返回 for term 23 reply:{23 true}
2025/11/04 16:02:42 [16:02:42.714] [Node:4] [RPC_SEND] [Trace:ELEC_4_23] 处理投票返回 for term 23 reply:{23 false}
2025/11/04 16:02:42 [16:02:42.734] [Node:1] [HEARTBEAT] [Trace:HB_1_23] Follower等心跳 status FOLLOWER term:23 commitIndex:0
2025/11/04 16:02:42 [16:02:42.754] [Node:0] [RPC_RECV] [Trace:CLIENT_0_1762243362754253000] 接收到日志命令:4768299216044327077 isLeader:false term:23
2025/11/04 16:02:42 [16:02:42.754] [Node:1] [RPC_RECV] [Trace:CLIENT_1_1762243362754500000] 接收到日志命令:5506357606982630023 isLeader:false term:23
2025/11/04 16:02:42 [16:02:42.754] [Node:4] [RPC_RECV] [Trace:CLIENT_4_1762243362754599000] 接收到日志命令:8706701140903179029 isLeader:false term:23
2025/11/04 16:02:42 [16:02:42.761] [Node:0] [RPC_RECV] [Trace:CLIENT_0_1762243362761291000] 接收到日志命令:3424486094382633321 isLeader:false term:23
2025/11/04 16:02:42 [16:02:42.761] [Node:1] [RPC_RECV] [Trace:CLIENT_1_1762243362761549000] 接收到日志命令:3360254655439826345 isLeader:false term:23
2025/11/04 16:02:42 [16:02:42.761] [Node:4] [RPC_RECV] [Trace:CLIENT_4_1762243362761695000] 接收到日志命令:497898923556479188 isLeader:false term:23
2025/11/04 16:02:42 [16:02:42.766] [Node:0] [HEARTBEAT] [Trace:HB_0_23] Follower等心跳 status FOLLOWER term:23 commitIndex:5
2025/11/04 16:02:42 [16:02:42.766] [Node:4] [HEARTBEAT] [Trace:HB_4_23] Follower等心跳 status CANDIDATE term:23 commitIndex:5
2025/11/04 16:02:42 [16:02:42.823] [Node:1] [INFO] [STATE_CHANGE] FOLLOWER->FOLLOWER term:23 reason:变成Candidate
2025/11/04 16:02:42 [16:02:42.823] [Node:1] [TIMER_EVENT] [Trace:TIMER_1] 超时选举 since:290.58725ms threshold:227.311662ms
2025/11/04 16:02:42 [16:02:42.823] [Node:1] [RPC_SEND] [Trace:ELEC_1_24] 发送选举请求
2025/11/04 16:02:42 [16:02:42.824] [Node:1] [RPC_SEND] [Trace:ELEC_1_24] 发送选举请求
2025/11/04 16:02:42 [16:02:42.824] [Node:1] [RPC_SEND] [Trace:ELEC_1_24] 发送选举请求
2025/11/04 16:02:42 [16:02:42.823] [Node:1] [RPC_SEND] [Trace:ELEC_1_24] 发送选举请求
2025/11/04 16:02:42 [16:02:42.825] [Node:0] [RPC_RECV] [Trace:ELEC_1_24][1->0] RequestVote 接受 term:24 candidateId:1 lastLogIndex:6 lastLogTerm:19 currentTerm:23 status:FOLLOWER
2025/11/04 16:02:42 [16:02:42.825] [Node:0] [INFO] [STATE_CHANGE] FOLLOWER->FOLLOWER term:23 reason:降级成follower
2025/11/04 16:02:42 [16:02:42.825] [Node:4] [RPC_RECV] [Trace:ELEC_1_24][1->4] RequestVote 接受 term:24 candidateId:1 lastLogIndex:6 lastLogTerm:19 currentTerm:23 status:CANDIDATE
2025/11/04 16:02:42 [16:02:42.825] [Node:4] [INFO] [STATE_CHANGE] CANDIDATE->FOLLOWER term:23 reason:降级成follower
2025/11/04 16:02:42 [16:02:42.825] [Node:0] [RPC_RECV] [Trace:ELEC_1_24][1->0] 投票信息 votedFor:-1 lastLogTerm:17 lastLogIndex:5
2025/11/04 16:02:42 [16:02:42.825] [Node:0] [RPC_RECV] [Trace:ELEC_1_24][1->0] 投票给 candidate:1 term:24
2025/11/04 16:02:42 [16:02:42.826] [Node:4] [RPC_RECV] [Trace:ELEC_1_24][1->4] 投票信息 votedFor:-1 lastLogTerm:17 lastLogIndex:5
2025/11/04 16:02:42 [16:02:42.826] [Node:4] [RPC_RECV] [Trace:ELEC_1_24][1->4] 投票给 candidate:1 term:24
2025/11/04 16:02:42 [16:02:42.826] [Node:1] [RPC_SEND] [Trace:ELEC_1_24] 处理投票返回 for term 24 reply:{24 true}
2025/11/04 16:02:42 [16:02:42.826] [Node:1] [RPC_SEND] [Trace:ELEC_1_24] 处理投票返回 for term 24 reply:{24 true}
2025/11/04 16:02:42 [16:02:42.827] [Node:1] [INFO] [STATE_CHANGE] CANDIDATE->LEADER term:24 reason:成为Leader
2025/11/04 16:02:42 [16:02:42.835] [Node:1] [HEARTBEAT] [Trace:HB_1_24] 开始发送心跳广播 status LEADER term:24 commitIndex:0
2025/11/04 16:02:42 [16:02:42.837] [Node:4] [HEARTBEAT] [Trace:LOG_1_24][1->4] AppendEntries 收到 term:24 leaderId:1 prevLogIndex:6 prevLogTerm:19 entries:0 leaderCommit:0 isHeartbeat:true currentTerm:24 status:FOLLOWER
2025/11/04 16:02:42 [16:02:42.837] [Node:4] [HEARTBEAT] [Trace:LOG_1_24][1->4] Rejected: 收到LogEntry，但是log不全， prevLogIndex:6 logLen:6
2025/11/04 16:02:42 [16:02:42.837] [Node:0] [HEARTBEAT] [Trace:LOG_1_24][1->0] AppendEntries 收到 term:24 leaderId:1 prevLogIndex:6 prevLogTerm:19 entries:0 leaderCommit:0 isHeartbeat:true currentTerm:24 status:FOLLOWER
2025/11/04 16:02:42 [16:02:42.837] [Node:0] [HEARTBEAT] [Trace:LOG_1_24][1->0] Rejected: 收到LogEntry，但是log不全， prevLogIndex:6 logLen:6
2025/11/04 16:02:42 [16:02:42.837] [Node:1] [LOG_REPLICA] [Trace:LOG_1_24][1->4] 心跳返回 from peer:4 term:24 success:false
2025/11/04 16:02:42 [16:02:42.837] [Node:1] [LOG_REPLICA] [Trace:LOG_1_24][1->4] 日志复制返回失败，开始快速恢复 for peer:4 starting fast recovery replyLogIndex:6
2025/11/04 16:02:42 [16:02:42.837] [Node:1] [LOG_REPLICA] [Trace:LOG_1_24][1->0] 心跳返回 from peer:0 term:24 success:false
2025/11/04 16:02:42 [16:02:42.837] [Node:1] [LOG_REPLICA] [Trace:LOG_1_24][1->0] 日志复制返回失败，开始快速恢复 for peer:0 starting fast recovery replyLogIndex:6
2025/11/04 16:02:42 [16:02:42.838] [Node:0] [LOG_REPLICA] [Trace:LOG_1_24][1->0] AppendEntries 收到 term:24 leaderId:1 prevLogIndex:5 prevLogTerm:17 entries:1 leaderCommit:0 isHeartbeat:false currentTerm:24 status:FOLLOWER
2025/11/04 16:02:42 [16:02:42.839] [Node:0] [LOG_REPLICA] [Trace:LOG_1_24][1->0] 打印日志结果:[{<nil> 0 false 0} {8944766457827906109 1 false 1} {83701232492691596 1 false 2} {7290116626429539953 7 false 3} {8761287681990128676 12 false 4} {7355512318857408693 17 false 5}] 
2025/11/04 16:02:42 [16:02:42.839] [Node:4] [LOG_REPLICA] [Trace:LOG_1_24][1->4] AppendEntries 收到 term:24 leaderId:1 prevLogIndex:5 prevLogTerm:17 entries:1 leaderCommit:0 isHeartbeat:false currentTerm:24 status:FOLLOWER
2025/11/04 16:02:42 [16:02:42.839] [Node:4] [LOG_REPLICA] [Trace:LOG_1_24][1->4] 打印日志结果:[{<nil> 0 false 0} {8944766457827906109 1 false 1} {83701232492691596 1 false 2} {7290116626429539953 7 false 3} {8761287681990128676 12 false 4} {7355512318857408693 17 false 5}] 
2025/11/04 16:02:42 [16:02:42.839] [Node:0] [LOG_REPLICA] [Trace:LOG_1_24][1->0] 复制日志结果:[{<nil> 0 false 0} {8944766457827906109 1 false 1} {83701232492691596 1 false 2} {7290116626429539953 7 false 3} {8761287681990128676 12 false 4} {7355512318857408693 17 false 5} {8119290501797179683 19 false 6}] 
2025/11/04 16:02:42 [16:02:42.839] [Node:4] [LOG_REPLICA] [Trace:LOG_1_24][1->4] 复制日志结果:[{<nil> 0 false 0} {8944766457827906109 1 false 1} {83701232492691596 1 false 2} {7290116626429539953 7 false 3} {8761287681990128676 12 false 4} {7355512318857408693 17 false 5} {8119290501797179683 19 false 6}] 
2025/11/04 16:02:42 [16:02:42.839] [Node:1] [LOG_REPLICA] [Trace:LOG_1_24][1->0] 心跳返回 from peer:0 term:24 success:true
2025/11/04 16:02:42 [16:02:42.839] [Node:1] [LOG_REPLICA] [Trace:LOG_1_24][1->0] 日志复制返回成功 from peer:0 term:24 agreeCount:2 log [{8119290501797179683 19 false 6}]
2025/11/04 16:02:42 [16:02:42.839] [Node:1] [LOG_REPLICA] [Trace:LOG_1_24][1->0] 更新后 server:0 matchIndex:6 nextIndex:7
2025/11/04 16:02:42 [16:02:42.839] [Node:1] [LOG_REPLICA] [Trace:LOG_1_24][1->4] 心跳返回 from peer:4 term:24 success:true
2025/11/04 16:02:42 [16:02:42.839] [Node:1] [LOG_REPLICA] [Trace:LOG_1_24][1->4] 日志复制返回成功 from peer:4 term:24 agreeCount:3 log [{8119290501797179683 19 false 6}]
2025/11/04 16:02:42 [16:02:42.839] [Node:1] [LOG_REPLICA] [Trace:LOG_1_24][1->4] 更新后 server:4 matchIndex:6 nextIndex:7
2025/11/04 16:02:42 [16:02:42.866] [Node:4] [HEARTBEAT] [Trace:HB_4_24] Follower等心跳 status FOLLOWER term:24 commitIndex:5
2025/11/04 16:02:42 [16:02:42.866] [Node:0] [HEARTBEAT] [Trace:HB_0_24] Follower等心跳 status FOLLOWER term:24 commitIndex:5
2025/11/04 16:02:42 [16:02:42.935] [Node:1] [HEARTBEAT] [Trace:HB_1_24] 开始发送心跳广播 status LEADER term:24 commitIndex:0
2025/11/04 16:02:42 [16:02:42.937] [Node:0] [HEARTBEAT] [Trace:LOG_1_24][1->0] AppendEntries 收到 term:24 leaderId:1 prevLogIndex:6 prevLogTerm:19 entries:0 leaderCommit:0 isHeartbeat:true currentTerm:24 status:FOLLOWER
2025/11/04 16:02:42 [16:02:42.937] [Node:0] [HEARTBEAT] [Trace:LOG_1_24][1->0] 打印日志结果:[{<nil> 0 false 0} {8944766457827906109 1 false 1} {83701232492691596 1 false 2} {7290116626429539953 7 false 3} {8761287681990128676 12 false 4} {7355512318857408693 17 false 5} {8119290501797179683 19 false 6}] 
2025/11/04 16:02:42 [16:02:42.938] [Node:0] [HEARTBEAT] [Trace:LOG_1_24][1->0] 复制日志结果:[{<nil> 0 false 0} {8944766457827906109 1 false 1} {83701232492691596 1 false 2} {7290116626429539953 7 false 3} {8761287681990128676 12 false 4} {7355512318857408693 17 false 5} {8119290501797179683 19 false 6}] 
2025/11/04 16:02:42 [16:02:42.938] [Node:4] [HEARTBEAT] [Trace:LOG_1_24][1->4] AppendEntries 收到 term:24 leaderId:1 prevLogIndex:6 prevLogTerm:19 entries:0 leaderCommit:0 isHeartbeat:true currentTerm:24 status:FOLLOWER
2025/11/04 16:02:42 [16:02:42.938] [Node:4] [HEARTBEAT] [Trace:LOG_1_24][1->4] 打印日志结果:[{<nil> 0 false 0} {8944766457827906109 1 false 1} {83701232492691596 1 false 2} {7290116626429539953 7 false 3} {8761287681990128676 12 false 4} {7355512318857408693 17 false 5} {8119290501797179683 19 false 6}] 
2025/11/04 16:02:42 [16:02:42.938] [Node:4] [HEARTBEAT] [Trace:LOG_1_24][1->4] 复制日志结果:[{<nil> 0 false 0} {8944766457827906109 1 false 1} {83701232492691596 1 false 2} {7290116626429539953 7 false 3} {8761287681990128676 12 false 4} {7355512318857408693 17 false 5} {8119290501797179683 19 false 6}] 
2025/11/04 16:02:42 [16:02:42.939] [Node:1] [LOG_REPLICA] [Trace:LOG_1_24][1->0] 心跳返回 from peer:0 term:24 success:true
2025/11/04 16:02:42 [16:02:42.939] [Node:1] [LOG_REPLICA] [Trace:LOG_1_24][1->4] 心跳返回 from peer:4 term:24 success:true
2025/11/04 16:02:42 [16:02:42.967] [Node:4] [HEARTBEAT] [Trace:HB_4_24] Follower等心跳 status FOLLOWER term:24 commitIndex:5
2025/11/04 16:02:42 [16:02:42.967] [Node:0] [HEARTBEAT] [Trace:HB_0_24] Follower等心跳 status FOLLOWER term:24 commitIndex:5
2025/11/04 16:02:43 [16:02:43.036] [Node:1] [HEARTBEAT] [Trace:HB_1_24] 开始发送心跳广播 status LEADER term:24 commitIndex:0
2025/11/04 16:02:43 [16:02:43.039] [Node:4] [HEARTBEAT] [Trace:LOG_1_24][1->4] AppendEntries 收到 term:24 leaderId:1 prevLogIndex:6 prevLogTerm:19 entries:0 leaderCommit:0 isHeartbeat:true currentTerm:24 status:FOLLOWER
2025/11/04 16:02:43 [16:02:43.040] [Node:4] [HEARTBEAT] [Trace:LOG_1_24][1->4] 打印日志结果:[{<nil> 0 false 0} {8944766457827906109 1 false 1} {83701232492691596 1 false 2} {7290116626429539953 7 false 3} {8761287681990128676 12 false 4} {7355512318857408693 17 false 5} {8119290501797179683 19 false 6}] 
2025/11/04 16:02:43 [16:02:43.040] [Node:4] [HEARTBEAT] [Trace:LOG_1_24][1->4] 复制日志结果:[{<nil> 0 false 0} {8944766457827906109 1 false 1} {83701232492691596 1 false 2} {7290116626429539953 7 false 3} {8761287681990128676 12 false 4} {7355512318857408693 17 false 5} {8119290501797179683 19 false 6}] 
2025/11/04 16:02:43 [16:02:43.040] [Node:0] [HEARTBEAT] [Trace:LOG_1_24][1->0] AppendEntries 收到 term:24 leaderId:1 prevLogIndex:6 prevLogTerm:19 entries:0 leaderCommit:0 isHeartbeat:true currentTerm:24 status:FOLLOWER
2025/11/04 16:02:43 [16:02:43.040] [Node:0] [HEARTBEAT] [Trace:LOG_1_24][1->0] 打印日志结果:[{<nil> 0 false 0} {8944766457827906109 1 false 1} {83701232492691596 1 false 2} {7290116626429539953 7 false 3} {8761287681990128676 12 false 4} {7355512318857408693 17 false 5} {8119290501797179683 19 false 6}] 
2025/11/04 16:02:43 [16:02:43.040] [Node:0] [HEARTBEAT] [Trace:LOG_1_24][1->0] 复制日志结果:[{<nil> 0 false 0} {8944766457827906109 1 false 1} {83701232492691596 1 false 2} {7290116626429539953 7 false 3} {8761287681990128676 12 false 4} {7355512318857408693 17 false 5} {8119290501797179683 19 false 6}] 
2025/11/04 16:02:43 [16:02:43.041] [Node:1] [LOG_REPLICA] [Trace:LOG_1_24][1->4] 心跳返回 from peer:4 term:24 success:true
2025/11/04 16:02:43 [16:02:43.041] [Node:1] [LOG_REPLICA] [Trace:LOG_1_24][1->0] 心跳返回 from peer:0 term:24 success:true
2025/11/04 16:02:43 [16:02:43.068] [Node:0] [HEARTBEAT] [Trace:HB_0_24] Follower等心跳 status FOLLOWER term:24 commitIndex:5
2025/11/04 16:02:43 [16:02:43.068] [Node:4] [HEARTBEAT] [Trace:HB_4_24] Follower等心跳 status FOLLOWER term:24 commitIndex:5
2025/11/04 16:02:43 [16:02:43.137] [Node:1] [HEARTBEAT] [Trace:HB_1_24] 开始发送心跳广播 status LEADER term:24 commitIndex:0
2025/11/04 16:02:43 [16:02:43.139] [Node:4] [HEARTBEAT] [Trace:LOG_1_24][1->4] AppendEntries 收到 term:24 leaderId:1 prevLogIndex:6 prevLogTerm:19 entries:0 leaderCommit:0 isHeartbeat:true currentTerm:24 status:FOLLOWER
2025/11/04 16:02:43 [16:02:43.139] [Node:0] [HEARTBEAT] [Trace:LOG_1_24][1->0] AppendEntries 收到 term:24 leaderId:1 prevLogIndex:6 prevLogTerm:19 entries:0 leaderCommit:0 isHeartbeat:true currentTerm:24 status:FOLLOWER
2025/11/04 16:02:43 [16:02:43.139] [Node:4] [HEARTBEAT] [Trace:LOG_1_24][1->4] 打印日志结果:[{<nil> 0 false 0} {8944766457827906109 1 false 1} {83701232492691596 1 false 2} {7290116626429539953 7 false 3} {8761287681990128676 12 false 4} {7355512318857408693 17 false 5} {8119290501797179683 19 false 6}] 
2025/11/04 16:02:43 [16:02:43.139] [Node:0] [HEARTBEAT] [Trace:LOG_1_24][1->0] 打印日志结果:[{<nil> 0 false 0} {8944766457827906109 1 false 1} {83701232492691596 1 false 2} {7290116626429539953 7 false 3} {8761287681990128676 12 false 4} {7355512318857408693 17 false 5} {8119290501797179683 19 false 6}] 
2025/11/04 16:02:43 [16:02:43.139] [Node:4] [HEARTBEAT] [Trace:LOG_1_24][1->4] 复制日志结果:[{<nil> 0 false 0} {8944766457827906109 1 false 1} {83701232492691596 1 false 2} {7290116626429539953 7 false 3} {8761287681990128676 12 false 4} {7355512318857408693 17 false 5} {8119290501797179683 19 false 6}] 
2025/11/04 16:02:43 [16:02:43.139] [Node:0] [HEARTBEAT] [Trace:LOG_1_24][1->0] 复制日志结果:[{<nil> 0 false 0} {8944766457827906109 1 false 1} {83701232492691596 1 false 2} {7290116626429539953 7 false 3} {8761287681990128676 12 false 4} {7355512318857408693 17 false 5} {8119290501797179683 19 false 6}] 
2025/11/04 16:02:43 [16:02:43.140] [Node:1] [LOG_REPLICA] [Trace:LOG_1_24][1->4] 心跳返回 from peer:4 term:24 success:true
2025/11/04 16:02:43 [16:02:43.140] [Node:1] [LOG_REPLICA] [Trace:LOG_1_24][1->0] 心跳返回 from peer:0 term:24 success:true
2025/11/04 16:02:43 [16:02:43.169] [Node:4] [HEARTBEAT] [Trace:HB_4_24] Follower等心跳 status FOLLOWER term:24 commitIndex:5
2025/11/04 16:02:43 [16:02:43.169] [Node:0] [HEARTBEAT] [Trace:HB_0_24] Follower等心跳 status FOLLOWER term:24 commitIndex:5
2025/11/04 16:02:43 [16:02:43.193] [Node:0] [RPC_RECV] [Trace:CLIENT_0_1762243363193716000] 接收到日志命令:7877454273179798449 isLeader:false term:24
2025/11/04 16:02:43 [16:02:43.194] [Node:1] [RPC_RECV] [Trace:CLIENT_1_1762243363194057000] 接收到日志命令:7757513544828901401 isLeader:true term:24
2025/11/04 16:02:43 [16:02:43.194] [Node:4] [RPC_RECV] [Trace:CLIENT_4_1762243363194913000] 接收到日志命令:519825210235668579 isLeader:false term:24
2025/11/04 16:02:43 [16:02:43.196] [Node:0] [RPC_RECV] [Trace:CLIENT_0_1762243363196386000] 接收到日志命令:1791288213529310065 isLeader:false term:24
2025/11/04 16:02:43 [16:02:43.196] [Node:4] [RPC_RECV] [Trace:CLIENT_4_1762243363196532000] 接收到日志命令:6868321622691172415 isLeader:false term:24
2025/11/04 16:02:43 [16:02:43.208] [Node:3] [RPC_RECV]  恢复持久化状态 currentTerm:18 votedFor:3 logLen:7
2025/11/04 16:02:43 [16:02:43.208] [Node:3] [HEARTBEAT] [Trace:HB_3_18] Follower等心跳 status FOLLOWER term:18 commitIndex:0
2025/11/04 16:02:43 [16:02:43.209] [Node:0] [RPC_RECV] [Trace:CLIENT_0_1762243363209049000] 接收到日志命令:8804989390617563965 isLeader:false term:24
2025/11/04 16:02:43 [16:02:43.209] [Node:3] [RPC_RECV] [Trace:CLIENT_3_1762243363209214000] 接收到日志命令:2159165453695357307 isLeader:false term:18
2025/11/04 16:02:43 [16:02:43.209] [Node:4] [RPC_RECV] [Trace:CLIENT_4_1762243363209364000] 接收到日志命令:5406960009613291039 isLeader:false term:24
2025/11/04 16:02:43 [16:02:43.219] [Node:0] [RPC_RECV] [Trace:CLIENT_0_1762243363219514000] 接收到日志命令:4221976731563239822 isLeader:false term:24
2025/11/04 16:02:43 [16:02:43.219] [Node:3] [RPC_RECV] [Trace:CLIENT_3_1762243363219810000] 接收到日志命令:7844260893415633394 isLeader:false term:18
2025/11/04 16:02:43 [16:02:43.220] [Node:4] [RPC_RECV] [Trace:CLIENT_4_1762243363219994000] 接收到日志命令:292401111305849446 isLeader:false term:24
2025/11/04 16:02:43 [16:02:43.225] [Node:0] [RPC_RECV] [Trace:CLIENT_0_1762243363225807000] 接收到日志命令:5504911349151309727 isLeader:false term:24
2025/11/04 16:02:43 [16:02:43.226] [Node:3] [RPC_RECV] [Trace:CLIENT_3_1762243363225975000] 接收到日志命令:3542327197606802747 isLeader:false term:18
2025/11/04 16:02:43 [16:02:43.226] [Node:4] [RPC_RECV] [Trace:CLIENT_4_1762243363226121000] 接收到日志命令:1771653769678721411 isLeader:false term:24
2025/11/04 16:02:43 [16:02:43.238] [Node:0] [RPC_RECV] [Trace:CLIENT_0_1762243363238395000] 接收到日志命令:7119249038403788042 isLeader:false term:24
2025/11/04 16:02:43 [16:02:43.238] [Node:3] [RPC_RECV] [Trace:CLIENT_3_1762243363238695000] 接收到日志命令:8232858834614609591 isLeader:false term:18
2025/11/04 16:02:43 [16:02:43.238] [Node:4] [RPC_RECV] [Trace:CLIENT_4_1762243363238868000] 接收到日志命令:2819598959606450434 isLeader:false term:24
2025/11/04 16:02:43 [16:02:43.239] [Node:0] [RPC_RECV] [Trace:CLIENT_0_1762243363239031000] 接收到日志命令:5125498057204289315 isLeader:false term:24
2025/11/04 16:02:43 [16:02:43.239] [Node:3] [RPC_RECV] [Trace:CLIENT_3_1762243363239156000] 接收到日志命令:2543544946326455531 isLeader:false term:18
2025/11/04 16:02:43 [16:02:43.239] [Node:4] [RPC_RECV] [Trace:CLIENT_4_1762243363239278000] 接收到日志命令:9086175331165612808 isLeader:false term:24
2025/11/04 16:02:43 [16:02:43.245] [Node:0] [RPC_RECV] [Trace:CLIENT_0_1762243363245045000] 接收到日志命令:8996311918105808932 isLeader:false term:24
2025/11/04 16:02:43 [16:02:43.245] [Node:3] [RPC_RECV] [Trace:CLIENT_3_1762243363245450000] 接收到日志命令:8743985289908585478 isLeader:false term:18
2025/11/04 16:02:43 [16:02:43.245] [Node:4] [RPC_RECV] [Trace:CLIENT_4_1762243363245590000] 接收到日志命令:162355981601534277 isLeader:false term:24
2025/11/04 16:02:43 [16:02:43.269] [Node:0] [HEARTBEAT] [Trace:HB_0_24] Follower等心跳 status FOLLOWER term:24 commitIndex:5
2025/11/04 16:02:43 [16:02:43.269] [Node:4] [HEARTBEAT] [Trace:HB_4_24] Follower等心跳 status FOLLOWER term:24 commitIndex:5
2025/11/04 16:02:43 [16:02:43.310] [Node:3] [HEARTBEAT] [Trace:HB_3_18] Follower等心跳 status FOLLOWER term:18 commitIndex:0
2025/11/04 16:02:43 [16:02:43.350] [Node:0] [RPC_RECV] [Trace:CLIENT_0_1762243363350561000] 接收到日志命令:4106442249672582287 isLeader:false term:24
2025/11/04 16:02:43 [16:02:43.350] [Node:3] [RPC_RECV] [Trace:CLIENT_3_1762243363350857000] 接收到日志命令:5097411921701261980 isLeader:false term:18
2025/11/04 16:02:43 [16:02:43.351] [Node:4] [RPC_RECV] [Trace:CLIENT_4_1762243363350988000] 接收到日志命令:7256110600520774977 isLeader:false term:24
2025/11/04 16:02:43 [16:02:43.352] [Node:0] [RPC_RECV] [Trace:CLIENT_0_1762243363352263000] 接收到日志命令:7076423348121415249 isLeader:false term:24
2025/11/04 16:02:43 [16:02:43.352] [Node:3] [RPC_RECV] [Trace:CLIENT_3_1762243363352439000] 接收到日志命令:2761019274921321721 isLeader:false term:18
2025/11/04 16:02:43 [16:02:43.352] [Node:4] [RPC_RECV] [Trace:CLIENT_4_1762243363352585000] 接收到日志命令:7755430032541433181 isLeader:false term:24
2025/11/04 16:02:43 [16:02:43.360] [Node:0] [RPC_RECV] [Trace:CLIENT_0_1762243363360072000] 接收到日志命令:1941531614098179301 isLeader:false term:24
2025/11/04 16:02:43 [16:02:43.360] [Node:3] [RPC_RECV] [Trace:CLIENT_3_1762243363360253000] 接收到日志命令:3346289315160223623 isLeader:false term:18
2025/11/04 16:02:43 [16:02:43.360] [Node:4] [RPC_RECV] [Trace:CLIENT_4_1762243363360402000] 接收到日志命令:6026587269462949217 isLeader:false term:24
2025/11/04 16:02:43 [16:02:43.371] [Node:0] [HEARTBEAT] [Trace:HB_0_24] Follower等心跳 status FOLLOWER term:24 commitIndex:5
2025/11/04 16:02:43 [16:02:43.371] [Node:4] [HEARTBEAT] [Trace:HB_4_24] Follower等心跳 status FOLLOWER term:24 commitIndex:5
2025/11/04 16:02:43 [16:02:43.398] [Node:4] [INFO] [STATE_CHANGE] FOLLOWER->FOLLOWER term:24 reason:变成Candidate
2025/11/04 16:02:43 [16:02:43.398] [Node:4] [TIMER_EVENT] [Trace:TIMER_4] 超时选举 since:259.237541ms threshold:225.290009ms
2025/11/04 16:02:43 [16:02:43.399] [Node:4] [RPC_SEND] [Trace:ELEC_4_25] 发送选举请求
2025/11/04 16:02:43 [16:02:43.399] [Node:4] [RPC_SEND] [Trace:ELEC_4_25] 发送选举请求
2025/11/04 16:02:43 [16:02:43.399] [Node:4] [RPC_SEND] [Trace:ELEC_4_25] 发送选举请求
2025/11/04 16:02:43 [16:02:43.399] [Node:4] [RPC_SEND] [Trace:ELEC_4_25] 发送选举请求
2025/11/04 16:02:43 [16:02:43.400] [Node:0] [RPC_RECV] [Trace:ELEC_4_25][4->0] RequestVote 接受 term:25 candidateId:4 lastLogIndex:6 lastLogTerm:19 currentTerm:24 status:FOLLOWER
2025/11/04 16:02:43 [16:02:43.400] [Node:0] [INFO] [STATE_CHANGE] FOLLOWER->FOLLOWER term:24 reason:降级成follower
2025/11/04 16:02:43 [16:02:43.400] [Node:3] [RPC_RECV] [Trace:ELEC_4_25][4->3] RequestVote 接受 term:25 candidateId:4 lastLogIndex:6 lastLogTerm:19 currentTerm:18 status:FOLLOWER
2025/11/04 16:02:43 [16:02:43.400] [Node:3] [INFO] [STATE_CHANGE] FOLLOWER->FOLLOWER term:18 reason:降级成follower
2025/11/04 16:02:43 [16:02:43.400] [Node:0] [RPC_RECV] [Trace:ELEC_4_25][4->0] 投票信息 votedFor:-1 lastLogTerm:19 lastLogIndex:6
2025/11/04 16:02:43 [16:02:43.400] [Node:3] [RPC_RECV] [Trace:ELEC_4_25][4->3] 投票信息 votedFor:-1 lastLogTerm:18 lastLogIndex:6
2025/11/04 16:02:43 [16:02:43.400] [Node:3] [RPC_RECV] [Trace:ELEC_4_25][4->3] 投票给 candidate:4 term:25
2025/11/04 16:02:43 [16:02:43.400] [Node:0] [RPC_RECV] [Trace:ELEC_4_25][4->0] 投票给 candidate:4 term:25
2025/11/04 16:02:43 [16:02:43.401] [Node:4] [RPC_SEND] [Trace:ELEC_4_25] 处理投票返回 for term 25 reply:{25 true}
2025/11/04 16:02:43 [16:02:43.401] [Node:4] [RPC_SEND] [Trace:ELEC_4_25] 处理投票返回 for term 25 reply:{25 true}
2025/11/04 16:02:43 [16:02:43.401] [Node:4] [INFO] [STATE_CHANGE] CANDIDATE->LEADER term:25 reason:成为Leader
2025/11/04 16:02:43 [16:02:43.410] [Node:3] [HEARTBEAT] [Trace:HB_3_25] Follower等心跳 status FOLLOWER term:25 commitIndex:0
2025/11/04 16:02:43 [16:02:43.472] [Node:4] [HEARTBEAT] [Trace:HB_4_25] 开始发送心跳广播 status LEADER term:25 commitIndex:5
2025/11/04 16:02:43 [16:02:43.473] [Node:0] [HEARTBEAT] [Trace:HB_0_25] Follower等心跳 status FOLLOWER term:25 commitIndex:5
2025/11/04 16:02:43 [16:02:43.474] [Node:3] [HEARTBEAT] [Trace:LOG_4_25][4->3] AppendEntries 收到 term:25 leaderId:4 prevLogIndex:6 prevLogTerm:19 entries:0 leaderCommit:5 isHeartbeat:true currentTerm:25 status:FOLLOWER
2025/11/04 16:02:43 [16:02:43.474] [Node:3] [HEARTBEAT] [Trace:LOG_4_25][4->3] 打印日志结果:[{<nil> 0 false 0} {8944766457827906109 1 false 1} {83701232492691596 1 false 2} {7290116626429539953 7 false 3} {8761287681990128676 12 false 4} {7355512318857408693 17 false 5} {1256115788604990241 18 false 6}] 
2025/11/04 16:02:43 [16:02:43.474] [Node:3] [HEARTBEAT] [Trace:LOG_4_25][4->3] Rejected: 收到LogEntry，但是term 不对 prevLogIndex:6 logLen:7 logEntry term:18 prevlogterm:19
2025/11/04 16:02:43 [16:02:43.475] [Node:4] [LOG_REPLICA] [Trace:LOG_4_25][4->3] 心跳返回 from peer:3 term:25 success:false
2025/11/04 16:02:43 [16:02:43.475] [Node:0] [HEARTBEAT] [Trace:LOG_4_25][4->0] AppendEntries 收到 term:25 leaderId:4 prevLogIndex:6 prevLogTerm:19 entries:0 leaderCommit:5 isHeartbeat:true currentTerm:25 status:FOLLOWER
2025/11/04 16:02:43 [16:02:43.475] [Node:4] [LOG_REPLICA] [Trace:LOG_4_25][4->3] 日志复制返回失败，开始快速恢复 for peer:3 starting fast recovery replyLogIndex:6
2025/11/04 16:02:43 [16:02:43.475] [Node:0] [HEARTBEAT] [Trace:LOG_4_25][4->0] 打印日志结果:[{<nil> 0 false 0} {8944766457827906109 1 false 1} {83701232492691596 1 false 2} {7290116626429539953 7 false 3} {8761287681990128676 12 false 4} {7355512318857408693 17 false 5} {8119290501797179683 19 false 6}] 
2025/11/04 16:02:43 [16:02:43.476] [Node:0] [HEARTBEAT] [Trace:LOG_4_25][4->0] 复制日志结果:[{<nil> 0 false 0} {8944766457827906109 1 false 1} {83701232492691596 1 false 2} {7290116626429539953 7 false 3} {8761287681990128676 12 false 4} {7355512318857408693 17 false 5} {8119290501797179683 19 false 6}] 
2025/11/04 16:02:43 [16:02:43.476] [Node:4] [LOG_REPLICA] [Trace:LOG_4_25][4->0] 心跳返回 from peer:0 term:25 success:true
2025/11/04 16:02:43 [16:02:43.476] [Node:3] [LOG_REPLICA] [Trace:LOG_4_25][4->3] AppendEntries 收到 term:25 leaderId:4 prevLogIndex:5 prevLogTerm:17 entries:1 leaderCommit:5 isHeartbeat:false currentTerm:25 status:FOLLOWER
2025/11/04 16:02:43 [16:02:43.477] [Node:3] [LOG_REPLICA] [Trace:LOG_4_25][4->3] 打印日志结果:[{<nil> 0 false 0} {8944766457827906109 1 false 1} {83701232492691596 1 false 2} {7290116626429539953 7 false 3} {8761287681990128676 12 false 4} {7355512318857408693 17 false 5}] 
2025/11/04 16:02:43 [16:02:43.477] [Node:3] [LOG_REPLICA] [Trace:LOG_4_25][4->3] 复制日志结果:[{<nil> 0 false 0} {8944766457827906109 1 false 1} {83701232492691596 1 false 2} {7290116626429539953 7 false 3} {8761287681990128676 12 false 4} {7355512318857408693 17 false 5} {8119290501797179683 19 false 6}] 
2025/11/04 16:02:43 [16:02:43.477] [Node:3] [LOG_COMMIT] [Trace:LOG_4_25][4->3] 收到LogEntry，并且Leader已经提交， 本地log 0->5 leaderCommit:5 lastApplied:0
2025/11/04 16:02:43 [16:02:43.477] [Node:3] [LOG_COMMIT] [Trace:APPLY_3_6] Applying logs count:6 log:[{8944766457827906109 1 false 1} {83701232492691596 1 false 2} {7290116626429539953 7 false 3} {8761287681990128676 12 false 4} {7355512318857408693 17 false 5} {8119290501797179683 19 false 6}] lastApplied:6
2025/11/04 16:02:43 [16:02:43.478] [Node:4] [LOG_REPLICA] [Trace:LOG_4_25][4->3] 心跳返回 from peer:3 term:25 success:true
2025/11/04 16:02:43 [16:02:43.478] [Node:4] [LOG_REPLICA] [Trace:LOG_4_25][4->3] 日志复制返回成功 from peer:3 term:25 agreeCount:2 log [{8119290501797179683 19 false 6}]
2025/11/04 16:02:43 [16:02:43.478] [Node:4] [LOG_REPLICA] [Trace:LOG_4_25][4->3] 更新后 server:3 matchIndex:6 nextIndex:7
2025/11/04 16:02:43 [16:02:43.511] [Node:3] [HEARTBEAT] [Trace:HB_3_25] Follower等心跳 status FOLLOWER term:25 commitIndex:5
2025/11/04 16:02:43 [16:02:43.572] [Node:4] [HEARTBEAT] [Trace:HB_4_25] 开始发送心跳广播 status LEADER term:25 commitIndex:5
2025/11/04 16:02:43 [16:02:43.573] [Node:0] [HEARTBEAT] [Trace:HB_0_25] Follower等心跳 status FOLLOWER term:25 commitIndex:5
2025/11/04 16:02:43 [16:02:43.575] [Node:3] [HEARTBEAT] [Trace:LOG_4_25][4->3] AppendEntries 收到 term:25 leaderId:4 prevLogIndex:6 prevLogTerm:19 entries:0 leaderCommit:5 isHeartbeat:true currentTerm:25 status:FOLLOWER
2025/11/04 16:02:43 [16:02:43.576] [Node:3] [HEARTBEAT] [Trace:LOG_4_25][4->3] 打印日志结果:[{<nil> 0 false 0} {8944766457827906109 1 false 1} {83701232492691596 1 false 2} {7290116626429539953 7 false 3} {8761287681990128676 12 false 4} {7355512318857408693 17 false 5} {8119290501797179683 19 false 6}] 
2025/11/04 16:02:43 [16:02:43.576] [Node:3] [HEARTBEAT] [Trace:LOG_4_25][4->3] 复制日志结果:[{<nil> 0 false 0} {8944766457827906109 1 false 1} {83701232492691596 1 false 2} {7290116626429539953 7 false 3} {8761287681990128676 12 false 4} {7355512318857408693 17 false 5} {8119290501797179683 19 false 6}] 
2025/11/04 16:02:43 [16:02:43.576] [Node:0] [HEARTBEAT] [Trace:LOG_4_25][4->0] AppendEntries 收到 term:25 leaderId:4 prevLogIndex:6 prevLogTerm:19 entries:0 leaderCommit:5 isHeartbeat:true currentTerm:25 status:FOLLOWER
2025/11/04 16:02:43 [16:02:43.576] [Node:0] [HEARTBEAT] [Trace:LOG_4_25][4->0] 打印日志结果:[{<nil> 0 false 0} {8944766457827906109 1 false 1} {83701232492691596 1 false 2} {7290116626429539953 7 false 3} {8761287681990128676 12 false 4} {7355512318857408693 17 false 5} {8119290501797179683 19 false 6}] 
2025/11/04 16:02:43 [16:02:43.577] [Node:4] [LOG_REPLICA] [Trace:LOG_4_25][4->3] 心跳返回 from peer:3 term:25 success:true
2025/11/04 16:02:43 [16:02:43.577] [Node:0] [HEARTBEAT] [Trace:LOG_4_25][4->0] 复制日志结果:[{<nil> 0 false 0} {8944766457827906109 1 false 1} {83701232492691596 1 false 2} {7290116626429539953 7 false 3} {8761287681990128676 12 false 4} {7355512318857408693 17 false 5} {8119290501797179683 19 false 6}] 
2025/11/04 16:02:43 [16:02:43.577] [Node:4] [LOG_REPLICA] [Trace:LOG_4_25][4->0] 心跳返回 from peer:0 term:25 success:true
2025/11/04 16:02:43 [16:02:43.585] [Node:0] [RPC_RECV] [Trace:CLIENT_0_1762243363585789000] 接收到日志命令:3827656807423580089 isLeader:false term:25
2025/11/04 16:02:43 [16:02:43.586] [Node:3] [RPC_RECV] [Trace:CLIENT_3_1762243363586058000] 接收到日志命令:2267649495907672341 isLeader:false term:25
2025/11/04 16:02:43 [16:02:43.586] [Node:4] [RPC_RECV] [Trace:CLIENT_4_1762243363586164000] 接收到日志命令:5991873376960826470 isLeader:true term:25
2025/11/04 16:02:43 [16:02:43.601] [Node:2] [RPC_RECV]  恢复持久化状态 currentTerm:22 votedFor:2 logLen:8
2025/11/04 16:02:43 [16:02:43.601] [Node:0] [RPC_RECV] [Trace:CLIENT_0_1762243363601356000] 接收到日志命令:7153700791714346277 isLeader:false term:25
2025/11/04 16:02:43 [16:02:43.601] [Node:2] [HEARTBEAT] [Trace:HB_2_22] Follower等心跳 status FOLLOWER term:22 commitIndex:0
2025/11/04 16:02:43 [16:02:43.601] [Node:2] [RPC_RECV] [Trace:CLIENT_2_1762243363601547000] 接收到日志命令:379372971771633587 isLeader:false term:22
2025/11/04 16:02:43 [16:02:43.601] [Node:3] [RPC_RECV] [Trace:CLIENT_3_1762243363601647000] 接收到日志命令:5526590095221097973 isLeader:false term:25
2025/11/04 16:02:43 [16:02:43.611] [Node:3] [HEARTBEAT] [Trace:HB_3_25] Follower等心跳 status FOLLOWER term:25 commitIndex:5
2025/11/04 16:02:43 [16:02:43.613] [Node:0] [RPC_RECV] [Trace:CLIENT_0_1762243363613976000] 接收到日志命令:979169078764560635 isLeader:false term:25
2025/11/04 16:02:43 [16:02:43.614] [Node:2] [RPC_RECV] [Trace:CLIENT_2_1762243363614053000] 接收到日志命令:8142291643930488917 isLeader:false term:22
2025/11/04 16:02:43 [16:02:43.614] [Node:3] [RPC_RECV] [Trace:CLIENT_3_1762243363614090000] 接收到日志命令:364948856239509376 isLeader:false term:25
2025/11/04 16:02:43 [16:02:43.624] [Node:0] [RPC_RECV] [Trace:CLIENT_0_1762243363624430000] 接收到日志命令:7601762751822946866 isLeader:false term:25
2025/11/04 16:02:43 [16:02:43.624] [Node:2] [RPC_RECV] [Trace:CLIENT_2_1762243363624547000] 接收到日志命令:6967053119335383631 isLeader:false term:22
2025/11/04 16:02:43 [16:02:43.624] [Node:3] [RPC_RECV] [Trace:CLIENT_3_1762243363624581000] 接收到日志命令:5559360045192219574 isLeader:false term:25
2025/11/04 16:02:43 [16:02:43.674] [Node:0] [HEARTBEAT] [Trace:HB_0_25] Follower等心跳 status FOLLOWER term:25 commitIndex:5
2025/11/04 16:02:43 [16:02:43.702] [Node:2] [HEARTBEAT] [Trace:HB_2_22] Follower等心跳 status FOLLOWER term:22 commitIndex:0
2025/11/04 16:02:43 [16:02:43.712] [Node:3] [HEARTBEAT] [Trace:HB_3_25] Follower等心跳 status FOLLOWER term:25 commitIndex:5
2025/11/04 16:02:43 [16:02:43.774] [Node:0] [HEARTBEAT] [Trace:HB_0_25] Follower等心跳 status FOLLOWER term:25 commitIndex:5
2025/11/04 16:02:43 [16:02:43.803] [Node:2] [HEARTBEAT] [Trace:HB_2_22] Follower等心跳 status FOLLOWER term:22 commitIndex:0
2025/11/04 16:02:43 [16:02:43.813] [Node:3] [HEARTBEAT] [Trace:HB_3_25] Follower等心跳 status FOLLOWER term:25 commitIndex:5
2025/11/04 16:02:43 [16:02:43.847] [Node:0] [INFO] [STATE_CHANGE] FOLLOWER->FOLLOWER term:25 reason:变成Candidate
2025/11/04 16:02:43 [16:02:43.847] [Node:0] [TIMER_EVENT] [Trace:TIMER_0] 超时选举 since:270.495625ms threshold:226.036687ms
2025/11/04 16:02:43 [16:02:43.847] [Node:0] [RPC_SEND] [Trace:ELEC_0_26] 发送选举请求
2025/11/04 16:02:43 [16:02:43.847] [Node:0] [RPC_SEND] [Trace:ELEC_0_26] 发送选举请求
2025/11/04 16:02:43 [16:02:43.847] [Node:0] [RPC_SEND] [Trace:ELEC_0_26] 发送选举请求
2025/11/04 16:02:43 [16:02:43.847] [Node:0] [RPC_SEND] [Trace:ELEC_0_26] 发送选举请求
2025/11/04 16:02:43 [16:02:43.847] [Node:3] [RPC_RECV] [Trace:ELEC_0_26][0->3] RequestVote 接受 term:26 candidateId:0 lastLogIndex:6 lastLogTerm:19 currentTerm:25 status:FOLLOWER
2025/11/04 16:02:43 [16:02:43.848] [Node:3] [INFO] [STATE_CHANGE] FOLLOWER->FOLLOWER term:25 reason:降级成follower
2025/11/04 16:02:43 [16:02:43.848] [Node:2] [RPC_RECV] [Trace:ELEC_0_26][0->2] RequestVote 接受 term:26 candidateId:0 lastLogIndex:6 lastLogTerm:19 currentTerm:22 status:FOLLOWER
2025/11/04 16:02:43 [16:02:43.848] [Node:2] [INFO] [STATE_CHANGE] FOLLOWER->FOLLOWER term:22 reason:降级成follower
2025/11/04 16:02:43 [16:02:43.848] [Node:3] [RPC_RECV] [Trace:ELEC_0_26][0->3] 投票信息 votedFor:-1 lastLogTerm:19 lastLogIndex:6
2025/11/04 16:02:43 [16:02:43.848] [Node:3] [RPC_RECV] [Trace:ELEC_0_26][0->3] 投票给 candidate:0 term:26
2025/11/04 16:02:43 [16:02:43.848] [Node:2] [RPC_RECV] [Trace:ELEC_0_26][0->2] 投票信息 votedFor:-1 lastLogTerm:22 lastLogIndex:7
2025/11/04 16:02:43 [16:02:43.848] [Node:2] [RPC_RECV] [Trace:ELEC_0_26][0->2] 投票失败兜底 candidate:0 term:26
2025/11/04 16:02:43 [16:02:43.848] [Node:0] [RPC_SEND] [Trace:ELEC_0_26] 处理投票返回 for term 26 reply:{26 false}
2025/11/04 16:02:43 [16:02:43.848] [Node:0] [RPC_SEND] [Trace:ELEC_0_26] 处理投票返回 for term 26 reply:{26 true}
2025/11/04 16:02:43 [16:02:43.875] [Node:0] [HEARTBEAT] [Trace:HB_0_26] Follower等心跳 status CANDIDATE term:26 commitIndex:5
2025/11/04 16:02:43 [16:02:43.903] [Node:2] [HEARTBEAT] [Trace:HB_2_26] Follower等心跳 status FOLLOWER term:26 commitIndex:0
2025/11/04 16:02:43 [16:02:43.904] [Node:0] [RPC_RECV] [Trace:CLIENT_0_1762243363904739000] 接收到日志命令:8499532287974153577 isLeader:false term:26
2025/11/04 16:02:43 [16:02:43.904] [Node:2] [RPC_RECV] [Trace:CLIENT_2_1762243363904804000] 接收到日志命令:2376280704230475515 isLeader:false term:26
2025/11/04 16:02:43 [16:02:43.904] [Node:3] [RPC_RECV] [Trace:CLIENT_3_1762243363904836000] 接收到日志命令:7761243070569125115 isLeader:false term:26
2025/11/04 16:02:43 [16:02:43.906] [Node:0] [RPC_RECV] [Trace:CLIENT_0_1762243363906038000] 接收到日志命令:3009894616876318953 isLeader:false term:26
2025/11/04 16:02:43 [16:02:43.906] [Node:2] [RPC_RECV] [Trace:CLIENT_2_1762243363906127000] 接收到日志命令:6790528622981148383 isLeader:false term:26
2025/11/04 16:02:43 [16:02:43.906] [Node:3] [RPC_RECV] [Trace:CLIENT_3_1762243363906163000] 接收到日志命令:5882373909179095541 isLeader:false term:26
2025/11/04 16:02:43 [16:02:43.908] [Node:0] [RPC_RECV] [Trace:CLIENT_0_1762243363908517000] 接收到日志命令:1546107775226859032 isLeader:false term:26
2025/11/04 16:02:43 [16:02:43.908] [Node:2] [RPC_RECV] [Trace:CLIENT_2_1762243363908675000] 接收到日志命令:6960487068429235929 isLeader:false term:26
2025/11/04 16:02:43 [16:02:43.908] [Node:3] [RPC_RECV] [Trace:CLIENT_3_1762243363908761000] 接收到日志命令:7545409956968455847 isLeader:false term:26
2025/11/04 16:02:43 [16:02:43.912] [Node:0] [RPC_RECV] [Trace:CLIENT_0_1762243363912132000] 接收到日志命令:9028655511170511802 isLeader:false term:26
2025/11/04 16:02:43 [16:02:43.912] [Node:2] [RPC_RECV] [Trace:CLIENT_2_1762243363912238000] 接收到日志命令:7141515036271015351 isLeader:false term:26
2025/11/04 16:02:43 [16:02:43.912] [Node:3] [RPC_RECV] [Trace:CLIENT_3_1762243363912320000] 接收到日志命令:2882855189460668684 isLeader:false term:26
2025/11/04 16:02:43 [16:02:43.912] [Node:0] [RPC_RECV] [Trace:CLIENT_0_1762243363912407000] 接收到日志命令:6019649040909293023 isLeader:false term:26
2025/11/04 16:02:43 [16:02:43.912] [Node:2] [RPC_RECV] [Trace:CLIENT_2_1762243363912481000] 接收到日志命令:489932693138158390 isLeader:false term:26
2025/11/04 16:02:43 [16:02:43.912] [Node:3] [RPC_RECV] [Trace:CLIENT_3_1762243363912565000] 接收到日志命令:1289707257520915752 isLeader:false term:26
2025/11/04 16:02:43 [16:02:43.913] [Node:3] [HEARTBEAT] [Trace:HB_3_26] Follower等心跳 status FOLLOWER term:26 commitIndex:5
2025/11/04 16:02:43 [16:02:43.918] [Node:0] [RPC_RECV] [Trace:CLIENT_0_1762243363918172000] 接收到日志命令:5735450179868462641 isLeader:false term:26
2025/11/04 16:02:43 [16:02:43.918] [Node:2] [RPC_RECV] [Trace:CLIENT_2_1762243363918269000] 接收到日志命令:8164687632280439910 isLeader:false term:26
2025/11/04 16:02:43 [16:02:43.918] [Node:3] [RPC_RECV] [Trace:CLIENT_3_1762243363918345000] 接收到日志命令:7015139954624065605 isLeader:false term:26
2025/11/04 16:02:43 [16:02:43.926] [Node:0] [RPC_RECV] [Trace:CLIENT_0_1762243363926919000] 接收到日志命令:3610356810871705622 isLeader:false term:26
2025/11/04 16:02:43 [16:02:43.927] [Node:2] [RPC_RECV] [Trace:CLIENT_2_1762243363927063000] 接收到日志命令:8036307282280312430 isLeader:false term:26
2025/11/04 16:02:43 [16:02:43.927] [Node:3] [RPC_RECV] [Trace:CLIENT_3_1762243363927137000] 接收到日志命令:6809395275332843715 isLeader:false term:26
2025/11/04 16:02:43 [16:02:43.930] [Node:0] [RPC_RECV] [Trace:CLIENT_0_1762243363930259000] 接收到日志命令:9033344029807128844 isLeader:false term:26
2025/11/04 16:02:43 [16:02:43.930] [Node:2] [RPC_RECV] [Trace:CLIENT_2_1762243363930335000] 接收到日志命令:4217669872631644338 isLeader:false term:26
2025/11/04 16:02:43 [16:02:43.930] [Node:3] [RPC_RECV] [Trace:CLIENT_3_1762243363930407000] 接收到日志命令:386919223089363351 isLeader:false term:26
2025/11/04 16:02:43 [16:02:43.938] [Node:0] [RPC_RECV] [Trace:CLIENT_0_1762243363937989000] 接收到日志命令:5781997283007244861 isLeader:false term:26
2025/11/04 16:02:43 [16:02:43.938] [Node:2] [RPC_RECV] [Trace:CLIENT_2_1762243363938209000] 接收到日志命令:8515117904247957674 isLeader:false term:26
2025/11/04 16:02:43 [16:02:43.938] [Node:3] [RPC_RECV] [Trace:CLIENT_3_1762243363938280000] 接收到日志命令:5731577992249706404 isLeader:false term:26
2025/11/04 16:02:43 [16:02:43.940] [Node:0] [RPC_RECV] [Trace:CLIENT_0_1762243363940716000] 接收到日志命令:6965595532171438753 isLeader:false term:26
2025/11/04 16:02:43 [16:02:43.940] [Node:2] [RPC_RECV] [Trace:CLIENT_2_1762243363940793000] 接收到日志命令:8660796488864065863 isLeader:false term:26
2025/11/04 16:02:43 [16:02:43.940] [Node:3] [RPC_RECV] [Trace:CLIENT_3_1762243363940856000] 接收到日志命令:4136923911977188414 isLeader:false term:26
2025/11/04 16:02:43 [16:02:43.943] [Node:2] [INFO] [STATE_CHANGE] FOLLOWER->FOLLOWER term:26 reason:变成Candidate
2025/11/04 16:02:43 [16:02:43.943] [Node:2] [TIMER_EVENT] [Trace:TIMER_2] 超时选举 since:343.386292ms threshold:334.118006ms
2025/11/04 16:02:43 [16:02:43.943] [Node:2] [RPC_SEND] [Trace:ELEC_2_27] 发送选举请求
2025/11/04 16:02:43 [16:02:43.943] [Node:2] [RPC_SEND] [Trace:ELEC_2_27] 发送选举请求
2025/11/04 16:02:43 [16:02:43.944] [Node:2] [RPC_SEND] [Trace:ELEC_2_27] 发送选举请求
2025/11/04 16:02:43 [16:02:43.944] [Node:2] [RPC_SEND] [Trace:ELEC_2_27] 发送选举请求
2025/11/04 16:02:43 [16:02:43.944] [Node:3] [RPC_RECV] [Trace:ELEC_2_27][2->3] RequestVote 接受 term:27 candidateId:2 lastLogIndex:7 lastLogTerm:22 currentTerm:26 status:FOLLOWER
2025/11/04 16:02:43 [16:02:43.944] [Node:3] [INFO] [STATE_CHANGE] FOLLOWER->FOLLOWER term:26 reason:降级成follower
2025/11/04 16:02:43 [16:02:43.945] [Node:0] [RPC_RECV] [Trace:ELEC_2_27][2->0] RequestVote 接受 term:27 candidateId:2 lastLogIndex:7 lastLogTerm:22 currentTerm:26 status:CANDIDATE
2025/11/04 16:02:43 [16:02:43.945] [Node:3] [RPC_RECV] [Trace:ELEC_2_27][2->3] 投票信息 votedFor:-1 lastLogTerm:19 lastLogIndex:6
2025/11/04 16:02:43 [16:02:43.945] [Node:0] [INFO] [STATE_CHANGE] CANDIDATE->FOLLOWER term:26 reason:降级成follower
2025/11/04 16:02:43 [16:02:43.945] [Node:3] [RPC_RECV] [Trace:ELEC_2_27][2->3] 投票给 candidate:2 term:27
2025/11/04 16:02:43 [16:02:43.945] [Node:0] [RPC_RECV] [Trace:ELEC_2_27][2->0] 投票信息 votedFor:-1 lastLogTerm:19 lastLogIndex:6
2025/11/04 16:02:43 [16:02:43.945] [Node:0] [RPC_RECV] [Trace:ELEC_2_27][2->0] 投票给 candidate:2 term:27
2025/11/04 16:02:43 [16:02:43.946] [Node:2] [RPC_SEND] [Trace:ELEC_2_27] 处理投票返回 for term 27 reply:{27 true}
2025/11/04 16:02:43 [16:02:43.946] [Node:2] [RPC_SEND] [Trace:ELEC_2_27] 处理投票返回 for term 27 reply:{27 true}
2025/11/04 16:02:43 [16:02:43.946] [Node:2] [INFO] [STATE_CHANGE] CANDIDATE->LEADER term:27 reason:成为Leader
2025/11/04 16:02:43 [16:02:43.948] [Node:0] [RPC_RECV] [Trace:CLIENT_0_1762243363948046000] 接收到日志命令:6173823257385412958 isLeader:false term:27
2025/11/04 16:02:43 [16:02:43.948] [Node:2] [RPC_RECV] [Trace:CLIENT_2_1762243363948313000] 接收到日志命令:7366687020694406449 isLeader:true term:27
2025/11/04 16:02:43 [16:02:43.948] [Node:3] [RPC_RECV] [Trace:CLIENT_3_1762243363948518000] 接收到日志命令:6954287756733957938 isLeader:false term:27
2025/11/04 16:02:43 [16:02:43.961] [Node:4] [RPC_RECV]  恢复持久化状态 currentTerm:25 votedFor:4 logLen:8
2025/11/04 16:02:43 [16:02:43.962] [Node:0] [RPC_RECV] [Trace:CLIENT_0_1762243363962062000] 接收到日志命令:2148482397442788658 isLeader:false term:27
2025/11/04 16:02:43 [16:02:43.962] [Node:4] [HEARTBEAT] [Trace:HB_4_25] Follower等心跳 status FOLLOWER term:25 commitIndex:0
2025/11/04 16:02:43 [16:02:43.962] [Node:3] [RPC_RECV] [Trace:CLIENT_3_1762243363962096000] 接收到日志命令:68778599853972242 isLeader:false term:27
2025/11/04 16:02:43 [16:02:43.962] [Node:4] [RPC_RECV] [Trace:CLIENT_4_1762243363962146000] 接收到日志命令:2577248270913257989 isLeader:false term:25
2025/11/04 16:02:43 [16:02:43.974] [Node:0] [RPC_RECV] [Trace:CLIENT_0_1762243363974352000] 接收到日志命令:1009083073021927259 isLeader:false term:27
2025/11/04 16:02:43 [16:02:43.974] [Node:3] [RPC_RECV] [Trace:CLIENT_3_1762243363974463000] 接收到日志命令:6601670077406795264 isLeader:false term:27
2025/11/04 16:02:43 [16:02:43.974] [Node:4] [RPC_RECV] [Trace:CLIENT_4_1762243363974499000] 接收到日志命令:2699040657013956521 isLeader:false term:25
2025/11/04 16:02:43 [16:02:43.976] [Node:0] [HEARTBEAT] [Trace:HB_0_27] Follower等心跳 status FOLLOWER term:27 commitIndex:5
2025/11/04 16:02:43 [16:02:43.978] [Node:0] [RPC_RECV] [Trace:CLIENT_0_1762243363978937000] 接收到日志命令:2590015508008087069 isLeader:false term:27
2025/11/04 16:02:43 [16:02:43.979] [Node:3] [RPC_RECV] [Trace:CLIENT_3_1762243363979026000] 接收到日志命令:3728132595887145070 isLeader:false term:27
2025/11/04 16:02:43 [16:02:43.979] [Node:4] [RPC_RECV] [Trace:CLIENT_4_1762243363979057000] 接收到日志命令:3975509984996343914 isLeader:false term:25
2025/11/04 16:02:43 [16:02:43.990] [Node:0] [RPC_RECV] [Trace:CLIENT_0_1762243363990764000] 接收到日志命令:1998777494245757144 isLeader:false term:27
2025/11/04 16:02:43 [16:02:43.990] [Node:3] [RPC_RECV] [Trace:CLIENT_3_1762243363990864000] 接收到日志命令:5373143077806536350 isLeader:false term:27
2025/11/04 16:02:43 [16:02:43.990] [Node:4] [RPC_RECV] [Trace:CLIENT_4_1762243363990904000] 接收到日志命令:6414466664733464521 isLeader:false term:25
2025/11/04 16:02:43 [16:02:43.993] [Node:0] [RPC_RECV] [Trace:CLIENT_0_1762243363993253000] 接收到日志命令:1788050135422861685 isLeader:false term:27
2025/11/04 16:02:43 [16:02:43.993] [Node:3] [RPC_RECV] [Trace:CLIENT_3_1762243363993320000] 接收到日志命令:458907333051411015 isLeader:false term:27
2025/11/04 16:02:43 [16:02:43.993] [Node:4] [RPC_RECV] [Trace:CLIENT_4_1762243363993347000] 接收到日志命令:1179636959198080129 isLeader:false term:25
2025/11/04 16:02:44 [16:02:44.004] [Node:0] [RPC_RECV] [Trace:CLIENT_0_1762243364004431000] 接收到日志命令:7510538766925076323 isLeader:false term:27
2025/11/04 16:02:44 [16:02:44.004] [Node:3] [RPC_RECV] [Trace:CLIENT_3_1762243364004505000] 接收到日志命令:8671766674019564345 isLeader:false term:27
2025/11/04 16:02:44 [16:02:44.004] [Node:4] [RPC_RECV] [Trace:CLIENT_4_1762243364004540000] 接收到日志命令:3856102302110841232 isLeader:false term:25
2025/11/04 16:02:44 [16:02:44.014] [Node:3] [HEARTBEAT] [Trace:HB_3_27] Follower等心跳 status FOLLOWER term:27 commitIndex:5
2025/11/04 16:02:44 [16:02:44.015] [Node:0] [RPC_RECV] [Trace:CLIENT_0_1762243364015629000] 接收到日志命令:9012245808219254968 isLeader:false term:27
2025/11/04 16:02:44 [16:02:44.015] [Node:3] [RPC_RECV] [Trace:CLIENT_3_1762243364015878000] 接收到日志命令:7583466798623475401 isLeader:false term:27
2025/11/04 16:02:44 [16:02:44.015] [Node:4] [RPC_RECV] [Trace:CLIENT_4_1762243364015968000] 接收到日志命令:8142116696865165986 isLeader:false term:25
2025/11/04 16:02:44 [16:02:44.019] [Node:0] [RPC_RECV] [Trace:CLIENT_0_1762243364019504000] 接收到日志命令:3340933205728719989 isLeader:false term:27
2025/11/04 16:02:44 [16:02:44.019] [Node:3] [RPC_RECV] [Trace:CLIENT_3_1762243364019642000] 接收到日志命令:2466437493901127387 isLeader:false term:27
2025/11/04 16:02:44 [16:02:44.019] [Node:4] [RPC_RECV] [Trace:CLIENT_4_1762243364019774000] 接收到日志命令:3151087544113818392 isLeader:false term:25
2025/11/04 16:02:44 [16:02:44.032] [Node:0] [RPC_RECV] [Trace:CLIENT_0_1762243364032715000] 接收到日志命令:5824837556464271525 isLeader:false term:27
2025/11/04 16:02:44 [16:02:44.032] [Node:3] [RPC_RECV] [Trace:CLIENT_3_1762243364032938000] 接收到日志命令:1640057643279298419 isLeader:false term:27
2025/11/04 16:02:44 [16:02:44.033] [Node:4] [RPC_RECV] [Trace:CLIENT_4_1762243364033076000] 接收到日志命令:6786564362451125847 isLeader:false term:25
2025/11/04 16:02:44 [16:02:44.034] [Node:0] [RPC_RECV] [Trace:CLIENT_0_1762243364034354000] 接收到日志命令:3752933572343143312 isLeader:false term:27
2025/11/04 16:02:44 [16:02:44.034] [Node:3] [RPC_RECV] [Trace:CLIENT_3_1762243364034511000] 接收到日志命令:6852723582277725258 isLeader:false term:27
2025/11/04 16:02:44 [16:02:44.034] [Node:4] [RPC_RECV] [Trace:CLIENT_4_1762243364034634000] 接收到日志命令:4259413335241097120 isLeader:false term:25
2025/11/04 16:02:44 [16:02:44.043] [Node:0] [RPC_RECV] [Trace:CLIENT_0_1762243364043732000] 接收到日志命令:5616685292170156535 isLeader:false term:27
2025/11/04 16:02:44 [16:02:44.044] [Node:3] [RPC_RECV] [Trace:CLIENT_3_1762243364043993000] 接收到日志命令:4097790524015411846 isLeader:false term:27
2025/11/04 16:02:44 [16:02:44.044] [Node:4] [RPC_RECV] [Trace:CLIENT_4_1762243364044118000] 接收到日志命令:1511581100803515223 isLeader:false term:25
2025/11/04 16:02:44 [16:02:44.047] [Node:0] [RPC_RECV] [Trace:CLIENT_0_1762243364047503000] 接收到日志命令:6590443948986379893 isLeader:false term:27
2025/11/04 16:02:44 [16:02:44.048] [Node:3] [RPC_RECV] [Trace:CLIENT_3_1762243364047675000] 接收到日志命令:398236012579189929 isLeader:false term:27
2025/11/04 16:02:44 [16:02:44.048] [Node:4] [RPC_RECV] [Trace:CLIENT_4_1762243364048401000] 接收到日志命令:7298683460077277698 isLeader:false term:25
2025/11/04 16:02:44 [16:02:44.051] [Node:0] [RPC_RECV] [Trace:CLIENT_0_1762243364051948000] 接收到日志命令:1422420990156287802 isLeader:false term:27
2025/11/04 16:02:44 [16:02:44.052] [Node:3] [RPC_RECV] [Trace:CLIENT_3_1762243364052105000] 接收到日志命令:6315966397915366610 isLeader:false term:27
2025/11/04 16:02:44 [16:02:44.052] [Node:4] [RPC_RECV] [Trace:CLIENT_4_1762243364052239000] 接收到日志命令:1302772059215777039 isLeader:false term:25
2025/11/04 16:02:44 [16:02:44.052] [Node:0] [RPC_RECV] [Trace:CLIENT_0_1762243364052528000] 接收到日志命令:1774420437232531085 isLeader:false term:27
2025/11/04 16:02:44 [16:02:44.052] [Node:3] [RPC_RECV] [Trace:CLIENT_3_1762243364052656000] 接收到日志命令:7889210461729614265 isLeader:false term:27
2025/11/04 16:02:44 [16:02:44.052] [Node:4] [RPC_RECV] [Trace:CLIENT_4_1762243364052778000] 接收到日志命令:533929313120247101 isLeader:false term:25
2025/11/04 16:02:44 [16:02:44.058] [Node:0] [RPC_RECV] [Trace:CLIENT_0_1762243364058158000] 接收到日志命令:9046217887246603496 isLeader:false term:27
2025/11/04 16:02:44 [16:02:44.058] [Node:3] [RPC_RECV] [Trace:CLIENT_3_1762243364058312000] 接收到日志命令:5206637478678120845 isLeader:false term:27
2025/11/04 16:02:44 [16:02:44.058] [Node:4] [RPC_RECV] [Trace:CLIENT_4_1762243364058419000] 接收到日志命令:1709150628582970383 isLeader:false term:25
2025/11/04 16:02:44 [16:02:44.062] [Node:4] [HEARTBEAT] [Trace:HB_4_25] Follower等心跳 status FOLLOWER term:25 commitIndex:0
2025/11/04 16:02:44 [16:02:44.068] [Node:0] [RPC_RECV] [Trace:CLIENT_0_1762243364068272000] 接收到日志命令:4417454686124219094 isLeader:false term:27
2025/11/04 16:02:44 [16:02:44.068] [Node:3] [RPC_RECV] [Trace:CLIENT_3_1762243364068440000] 接收到日志命令:187447012417997840 isLeader:false term:27
2025/11/04 16:02:44 [16:02:44.068] [Node:4] [RPC_RECV] [Trace:CLIENT_4_1762243364068578000] 接收到日志命令:7460878212640985347 isLeader:false term:25
2025/11/04 16:02:44 [16:02:44.073] [Node:0] [RPC_RECV] [Trace:CLIENT_0_1762243364073103000] 接收到日志命令:2078006252575864504 isLeader:false term:27
2025/11/04 16:02:44 [16:02:44.073] [Node:3] [RPC_RECV] [Trace:CLIENT_3_1762243364073191000] 接收到日志命令:1374908342744662636 isLeader:false term:27
2025/11/04 16:02:44 [16:02:44.073] [Node:4] [RPC_RECV] [Trace:CLIENT_4_1762243364073229000] 接收到日志命令:7279266410725722070 isLeader:false term:25
2025/11/04 16:02:44 [16:02:44.076] [Node:0] [HEARTBEAT] [Trace:HB_0_27] Follower等心跳 status FOLLOWER term:27 commitIndex:5
2025/11/04 16:02:44 [16:02:44.084] [Node:0] [RPC_RECV] [Trace:CLIENT_0_1762243364084110000] 接收到日志命令:3216242721282610261 isLeader:false term:27
2025/11/04 16:02:44 [16:02:44.084] [Node:3] [RPC_RECV] [Trace:CLIENT_3_1762243364084201000] 接收到日志命令:5417436455827507241 isLeader:false term:27
2025/11/04 16:02:44 [16:02:44.084] [Node:4] [RPC_RECV] [Trace:CLIENT_4_1762243364084236000] 接收到日志命令:914563867469117676 isLeader:false term:25
2025/11/04 16:02:44 [16:02:44.084] [Node:0] [RPC_RECV] [Trace:CLIENT_0_1762243364084269000] 接收到日志命令:1100298714044073569 isLeader:false term:27
2025/11/04 16:02:44 [16:02:44.084] [Node:3] [RPC_RECV] [Trace:CLIENT_3_1762243364084293000] 接收到日志命令:8342813170025330723 isLeader:false term:27
2025/11/04 16:02:44 [16:02:44.084] [Node:4] [RPC_RECV] [Trace:CLIENT_4_1762243364084327000] 接收到日志命令:4276324682481073136 isLeader:false term:25
2025/11/04 16:02:44 [16:02:44.093] [Node:0] [RPC_RECV] [Trace:CLIENT_0_1762243364093052000] 接收到日志命令:76664385264303752 isLeader:false term:27
2025/11/04 16:02:44 [16:02:44.093] [Node:3] [RPC_RECV] [Trace:CLIENT_3_1762243364093155000] 接收到日志命令:4936386250504556793 isLeader:false term:27
2025/11/04 16:02:44 [16:02:44.093] [Node:4] [RPC_RECV] [Trace:CLIENT_4_1762243364093199000] 接收到日志命令:1483738368630250691 isLeader:false term:25
2025/11/04 16:02:44 [16:02:44.106] [Node:0] [RPC_RECV] [Trace:CLIENT_0_1762243364106284000] 接收到日志命令:3524607711294327888 isLeader:false term:27
2025/11/04 16:02:44 [16:02:44.106] [Node:3] [RPC_RECV] [Trace:CLIENT_3_1762243364106374000] 接收到日志命令:8281807701742419882 isLeader:false term:27
2025/11/04 16:02:44 [16:02:44.106] [Node:4] [RPC_RECV] [Trace:CLIENT_4_1762243364106405000] 接收到日志命令:7704175332727801035 isLeader:false term:25
2025/11/04 16:02:44 [16:02:44.115] [Node:3] [HEARTBEAT] [Trace:HB_3_27] Follower等心跳 status FOLLOWER term:27 commitIndex:5
2025/11/04 16:02:44 [16:02:44.163] [Node:4] [HEARTBEAT] [Trace:HB_4_25] Follower等心跳 status FOLLOWER term:25 commitIndex:0
2025/11/04 16:02:44 [16:02:44.177] [Node:0] [HEARTBEAT] [Trace:HB_0_27] Follower等心跳 status FOLLOWER term:27 commitIndex:5
2025/11/04 16:02:44 [16:02:44.202] [Node:0] [INFO] [STATE_CHANGE] FOLLOWER->FOLLOWER term:27 reason:变成Candidate
2025/11/04 16:02:44 [16:02:44.203] [Node:0] [TIMER_EVENT] [Trace:TIMER_0] 超时选举 since:257.051ms threshold:243.981309ms
2025/11/04 16:02:44 [16:02:44.203] [Node:0] [RPC_SEND] [Trace:ELEC_0_28] 发送选举请求
2025/11/04 16:02:44 [16:02:44.203] [Node:0] [RPC_SEND] [Trace:ELEC_0_28] 发送选举请求
2025/11/04 16:02:44 [16:02:44.203] [Node:0] [RPC_SEND] [Trace:ELEC_0_28] 发送选举请求
2025/11/04 16:02:44 [16:02:44.203] [Node:0] [RPC_SEND] [Trace:ELEC_0_28] 发送选举请求
2025/11/04 16:02:44 [16:02:44.203] [Node:4] [RPC_RECV] [Trace:ELEC_0_28][0->4] RequestVote 接受 term:28 candidateId:0 lastLogIndex:6 lastLogTerm:19 currentTerm:25 status:FOLLOWER
2025/11/04 16:02:44 [16:02:44.203] [Node:3] [RPC_RECV] [Trace:ELEC_0_28][0->3] RequestVote 接受 term:28 candidateId:0 lastLogIndex:6 lastLogTerm:19 currentTerm:27 status:FOLLOWER
2025/11/04 16:02:44 [16:02:44.203] [Node:4] [INFO] [STATE_CHANGE] FOLLOWER->FOLLOWER term:25 reason:降级成follower
2025/11/04 16:02:44 [16:02:44.203] [Node:3] [INFO] [STATE_CHANGE] FOLLOWER->FOLLOWER term:27 reason:降级成follower
2025/11/04 16:02:44 [16:02:44.203] [Node:3] [RPC_RECV] [Trace:ELEC_0_28][0->3] 投票信息 votedFor:-1 lastLogTerm:19 lastLogIndex:6
2025/11/04 16:02:44 [16:02:44.203] [Node:3] [RPC_RECV] [Trace:ELEC_0_28][0->3] 投票给 candidate:0 term:28
2025/11/04 16:02:44 [16:02:44.203] [Node:4] [RPC_RECV] [Trace:ELEC_0_28][0->4] 投票信息 votedFor:-1 lastLogTerm:25 lastLogIndex:7
2025/11/04 16:02:44 [16:02:44.203] [Node:4] [RPC_RECV] [Trace:ELEC_0_28][0->4] 投票失败兜底 candidate:0 term:28
2025/11/04 16:02:44 [16:02:44.204] [Node:0] [RPC_SEND] [Trace:ELEC_0_28] 处理投票返回 for term 28 reply:{28 true}
2025/11/04 16:02:44 [16:02:44.204] [Node:0] [RPC_SEND] [Trace:ELEC_0_28] 处理投票返回 for term 28 reply:{28 false}
2025/11/04 16:02:44 [16:02:44.216] [Node:3] [HEARTBEAT] [Trace:HB_3_28] Follower等心跳 status FOLLOWER term:28 commitIndex:5
2025/11/04 16:02:44 [16:02:44.245] [Node:4] [INFO] [STATE_CHANGE] FOLLOWER->FOLLOWER term:28 reason:变成Candidate
2025/11/04 16:02:44 [16:02:44.246] [Node:4] [TIMER_EVENT] [Trace:TIMER_4] 超时选举 since:284.438291ms threshold:246.891616ms
2025/11/04 16:02:44 [16:02:44.246] [Node:4] [RPC_SEND] [Trace:ELEC_4_29] 发送选举请求
2025/11/04 16:02:44 [16:02:44.246] [Node:4] [RPC_SEND] [Trace:ELEC_4_29] 发送选举请求
2025/11/04 16:02:44 [16:02:44.246] [Node:4] [RPC_SEND] [Trace:ELEC_4_29] 发送选举请求
2025/11/04 16:02:44 [16:02:44.246] [Node:4] [RPC_SEND] [Trace:ELEC_4_29] 发送选举请求
2025/11/04 16:02:44 [16:02:44.246] [Node:3] [RPC_RECV] [Trace:ELEC_4_29][4->3] RequestVote 接受 term:29 candidateId:4 lastLogIndex:7 lastLogTerm:25 currentTerm:28 status:FOLLOWER
2025/11/04 16:02:44 [16:02:44.246] [Node:0] [RPC_RECV] [Trace:ELEC_4_29][4->0] RequestVote 接受 term:29 candidateId:4 lastLogIndex:7 lastLogTerm:25 currentTerm:28 status:CANDIDATE
2025/11/04 16:02:44 [16:02:44.246] [Node:3] [INFO] [STATE_CHANGE] FOLLOWER->FOLLOWER term:28 reason:降级成follower
2025/11/04 16:02:44 [16:02:44.246] [Node:0] [INFO] [STATE_CHANGE] CANDIDATE->FOLLOWER term:28 reason:降级成follower
2025/11/04 16:02:44 [16:02:44.246] [Node:0] [RPC_RECV] [Trace:ELEC_4_29][4->0] 投票信息 votedFor:-1 lastLogTerm:19 lastLogIndex:6
2025/11/04 16:02:44 [16:02:44.246] [Node:3] [RPC_RECV] [Trace:ELEC_4_29][4->3] 投票信息 votedFor:-1 lastLogTerm:19 lastLogIndex:6
2025/11/04 16:02:44 [16:02:44.246] [Node:0] [RPC_RECV] [Trace:ELEC_4_29][4->0] 投票给 candidate:4 term:29
2025/11/04 16:02:44 [16:02:44.246] [Node:3] [RPC_RECV] [Trace:ELEC_4_29][4->3] 投票给 candidate:4 term:29
2025/11/04 16:02:44 [16:02:44.247] [Node:4] [RPC_SEND] [Trace:ELEC_4_29] 处理投票返回 for term 29 reply:{29 true}
2025/11/04 16:02:44 [16:02:44.247] [Node:4] [RPC_SEND] [Trace:ELEC_4_29] 处理投票返回 for term 29 reply:{29 true}
2025/11/04 16:02:44 [16:02:44.247] [Node:4] [INFO] [STATE_CHANGE] CANDIDATE->LEADER term:29 reason:成为Leader
2025/11/04 16:02:44 [16:02:44.264] [Node:4] [HEARTBEAT] [Trace:HB_4_29] 开始发送心跳广播 status LEADER term:29 commitIndex:0
2025/11/04 16:02:44 [16:02:44.265] [Node:3] [HEARTBEAT] [Trace:LOG_4_29][4->3] AppendEntries 收到 term:29 leaderId:4 prevLogIndex:7 prevLogTerm:25 entries:0 leaderCommit:0 isHeartbeat:true currentTerm:29 status:FOLLOWER
2025/11/04 16:02:44 [16:02:44.265] [Node:3] [HEARTBEAT] [Trace:LOG_4_29][4->3] Rejected: 收到LogEntry，但是log不全， prevLogIndex:7 logLen:7
2025/11/04 16:02:44 [16:02:44.265] [Node:0] [HEARTBEAT] [Trace:LOG_4_29][4->0] AppendEntries 收到 term:29 leaderId:4 prevLogIndex:7 prevLogTerm:25 entries:0 leaderCommit:0 isHeartbeat:true currentTerm:29 status:FOLLOWER
2025/11/04 16:02:44 [16:02:44.265] [Node:0] [HEARTBEAT] [Trace:LOG_4_29][4->0] Rejected: 收到LogEntry，但是log不全， prevLogIndex:7 logLen:7
2025/11/04 16:02:44 [16:02:44.266] [Node:4] [LOG_REPLICA] [Trace:LOG_4_29][4->3] 心跳返回 from peer:3 term:29 success:false
2025/11/04 16:02:44 [16:02:44.266] [Node:4] [LOG_REPLICA] [Trace:LOG_4_29][4->3] 日志复制返回失败，开始快速恢复 for peer:3 starting fast recovery replyLogIndex:6
2025/11/04 16:02:44 [16:02:44.266] [Node:4] [LOG_REPLICA] [Trace:LOG_4_29][4->0] 心跳返回 from peer:0 term:29 success:false
2025/11/04 16:02:44 [16:02:44.266] [Node:4] [LOG_REPLICA] [Trace:LOG_4_29][4->0] 日志复制返回失败，开始快速恢复 for peer:0 starting fast recovery replyLogIndex:6
2025/11/04 16:02:44 [16:02:44.267] [Node:0] [LOG_REPLICA] [Trace:LOG_4_29][4->0] AppendEntries 收到 term:29 leaderId:4 prevLogIndex:5 prevLogTerm:17 entries:2 leaderCommit:0 isHeartbeat:false currentTerm:29 status:FOLLOWER
2025/11/04 16:02:44 [16:02:44.267] [Node:3] [LOG_REPLICA] [Trace:LOG_4_29][4->3] AppendEntries 收到 term:29 leaderId:4 prevLogIndex:5 prevLogTerm:17 entries:2 leaderCommit:0 isHeartbeat:false currentTerm:29 status:FOLLOWER
2025/11/04 16:02:44 [16:02:44.267] [Node:0] [LOG_REPLICA] [Trace:LOG_4_29][4->0] 打印日志结果:[{<nil> 0 false 0} {8944766457827906109 1 false 1} {83701232492691596 1 false 2} {7290116626429539953 7 false 3} {8761287681990128676 12 false 4} {7355512318857408693 17 false 5} {8119290501797179683 19 false 6}] 
2025/11/04 16:02:44 [16:02:44.267] [Node:3] [LOG_REPLICA] [Trace:LOG_4_29][4->3] 打印日志结果:[{<nil> 0 false 0} {8944766457827906109 1 false 1} {83701232492691596 1 false 2} {7290116626429539953 7 false 3} {8761287681990128676 12 false 4} {7355512318857408693 17 false 5} {8119290501797179683 19 false 6}] 
2025/11/04 16:02:44 [16:02:44.267] [Node:0] [LOG_REPLICA] [Trace:LOG_4_29][4->0] 复制日志结果:[{<nil> 0 false 0} {8944766457827906109 1 false 1} {83701232492691596 1 false 2} {7290116626429539953 7 false 3} {8761287681990128676 12 false 4} {7355512318857408693 17 false 5} {8119290501797179683 19 false 6} {5991873376960826470 25 false 7}] 
2025/11/04 16:02:44 [16:02:44.267] [Node:3] [LOG_REPLICA] [Trace:LOG_4_29][4->3] 复制日志结果:[{<nil> 0 false 0} {8944766457827906109 1 false 1} {83701232492691596 1 false 2} {7290116626429539953 7 false 3} {8761287681990128676 12 false 4} {7355512318857408693 17 false 5} {8119290501797179683 19 false 6} {5991873376960826470 25 false 7}] 
2025/11/04 16:02:44 [16:02:44.267] [Node:4] [LOG_REPLICA] [Trace:LOG_4_29][4->0] 心跳返回 from peer:0 term:29 success:true
2025/11/04 16:02:44 [16:02:44.267] [Node:4] [LOG_REPLICA] [Trace:LOG_4_29][4->0] 日志复制返回成功 from peer:0 term:29 agreeCount:2 log [{8119290501797179683 19 false 6} {5991873376960826470 25 false 7}]
2025/11/04 16:02:44 [16:02:44.267] [Node:4] [LOG_REPLICA] [Trace:LOG_4_29][4->0] 更新后 server:0 matchIndex:7 nextIndex:8
2025/11/04 16:02:44 [16:02:44.267] [Node:4] [LOG_REPLICA] [Trace:LOG_4_29][4->3] 心跳返回 from peer:3 term:29 success:true
2025/11/04 16:02:44 [16:02:44.267] [Node:4] [LOG_REPLICA] [Trace:LOG_4_29][4->3] 日志复制返回成功 from peer:3 term:29 agreeCount:3 log [{8119290501797179683 19 false 6} {5991873376960826470 25 false 7}]
2025/11/04 16:02:44 [16:02:44.267] [Node:4] [LOG_REPLICA] [Trace:LOG_4_29][4->3] 更新后 server:3 matchIndex:7 nextIndex:8
2025/11/04 16:02:44 [16:02:44.279] [Node:0] [HEARTBEAT] [Trace:HB_0_29] Follower等心跳 status FOLLOWER term:29 commitIndex:5
2025/11/04 16:02:44 [16:02:44.317] [Node:3] [HEARTBEAT] [Trace:HB_3_29] Follower等心跳 status FOLLOWER term:29 commitIndex:5
2025/11/04 16:02:44 [16:02:44.364] [Node:4] [HEARTBEAT] [Trace:HB_4_29] 开始发送心跳广播 status LEADER term:29 commitIndex:0
2025/11/04 16:02:44 [16:02:44.365] [Node:0] [HEARTBEAT] [Trace:LOG_4_29][4->0] AppendEntries 收到 term:29 leaderId:4 prevLogIndex:7 prevLogTerm:25 entries:0 leaderCommit:0 isHeartbeat:true currentTerm:29 status:FOLLOWER
2025/11/04 16:02:44 [16:02:44.365] [Node:0] [HEARTBEAT] [Trace:LOG_4_29][4->0] 打印日志结果:[{<nil> 0 false 0} {8944766457827906109 1 false 1} {83701232492691596 1 false 2} {7290116626429539953 7 false 3} {8761287681990128676 12 false 4} {7355512318857408693 17 false 5} {8119290501797179683 19 false 6} {5991873376960826470 25 false 7}] 
2025/11/04 16:02:44 [16:02:44.365] [Node:0] [HEARTBEAT] [Trace:LOG_4_29][4->0] 复制日志结果:[{<nil> 0 false 0} {8944766457827906109 1 false 1} {83701232492691596 1 false 2} {7290116626429539953 7 false 3} {8761287681990128676 12 false 4} {7355512318857408693 17 false 5} {8119290501797179683 19 false 6} {5991873376960826470 25 false 7}] 
2025/11/04 16:02:44 [16:02:44.365] [Node:4] [LOG_REPLICA] [Trace:LOG_4_29][4->0] 心跳返回 from peer:0 term:29 success:true
2025/11/04 16:02:44 [16:02:44.366] [Node:3] [HEARTBEAT] [Trace:LOG_4_29][4->3] AppendEntries 收到 term:29 leaderId:4 prevLogIndex:7 prevLogTerm:25 entries:0 leaderCommit:0 isHeartbeat:true currentTerm:29 status:FOLLOWER
2025/11/04 16:02:44 [16:02:44.366] [Node:3] [HEARTBEAT] [Trace:LOG_4_29][4->3] 打印日志结果:[{<nil> 0 false 0} {8944766457827906109 1 false 1} {83701232492691596 1 false 2} {7290116626429539953 7 false 3} {8761287681990128676 12 false 4} {7355512318857408693 17 false 5} {8119290501797179683 19 false 6} {5991873376960826470 25 false 7}] 
2025/11/04 16:02:44 [16:02:44.366] [Node:3] [HEARTBEAT] [Trace:LOG_4_29][4->3] 复制日志结果:[{<nil> 0 false 0} {8944766457827906109 1 false 1} {83701232492691596 1 false 2} {7290116626429539953 7 false 3} {8761287681990128676 12 false 4} {7355512318857408693 17 false 5} {8119290501797179683 19 false 6} {5991873376960826470 25 false 7}] 
2025/11/04 16:02:44 [16:02:44.367] [Node:4] [LOG_REPLICA] [Trace:LOG_4_29][4->3] 心跳返回 from peer:3 term:29 success:true
2025/11/04 16:02:44 [16:02:44.379] [Node:0] [HEARTBEAT] [Trace:HB_0_29] Follower等心跳 status FOLLOWER term:29 commitIndex:5
2025/11/04 16:02:44 [16:02:44.418] [Node:3] [HEARTBEAT] [Trace:HB_3_29] Follower等心跳 status FOLLOWER term:29 commitIndex:5
2025/11/04 16:02:44 [16:02:44.465] [Node:4] [HEARTBEAT] [Trace:HB_4_29] 开始发送心跳广播 status LEADER term:29 commitIndex:0
2025/11/04 16:02:44 [16:02:44.465] [Node:3] [HEARTBEAT] [Trace:LOG_4_29][4->3] AppendEntries 收到 term:29 leaderId:4 prevLogIndex:7 prevLogTerm:25 entries:0 leaderCommit:0 isHeartbeat:true currentTerm:29 status:FOLLOWER
2025/11/04 16:02:44 [16:02:44.465] [Node:0] [HEARTBEAT] [Trace:LOG_4_29][4->0] AppendEntries 收到 term:29 leaderId:4 prevLogIndex:7 prevLogTerm:25 entries:0 leaderCommit:0 isHeartbeat:true currentTerm:29 status:FOLLOWER
2025/11/04 16:02:44 [16:02:44.465] [Node:3] [HEARTBEAT] [Trace:LOG_4_29][4->3] 打印日志结果:[{<nil> 0 false 0} {8944766457827906109 1 false 1} {83701232492691596 1 false 2} {7290116626429539953 7 false 3} {8761287681990128676 12 false 4} {7355512318857408693 17 false 5} {8119290501797179683 19 false 6} {5991873376960826470 25 false 7}] 
2025/11/04 16:02:44 [16:02:44.465] [Node:3] [HEARTBEAT] [Trace:LOG_4_29][4->3] 复制日志结果:[{<nil> 0 false 0} {8944766457827906109 1 false 1} {83701232492691596 1 false 2} {7290116626429539953 7 false 3} {8761287681990128676 12 false 4} {7355512318857408693 17 false 5} {8119290501797179683 19 false 6} {5991873376960826470 25 false 7}] 
2025/11/04 16:02:44 [16:02:44.465] [Node:0] [HEARTBEAT] [Trace:LOG_4_29][4->0] 打印日志结果:[{<nil> 0 false 0} {8944766457827906109 1 false 1} {83701232492691596 1 false 2} {7290116626429539953 7 false 3} {8761287681990128676 12 false 4} {7355512318857408693 17 false 5} {8119290501797179683 19 false 6} {5991873376960826470 25 false 7}] 
2025/11/04 16:02:44 [16:02:44.465] [Node:0] [HEARTBEAT] [Trace:LOG_4_29][4->0] 复制日志结果:[{<nil> 0 false 0} {8944766457827906109 1 false 1} {83701232492691596 1 false 2} {7290116626429539953 7 false 3} {8761287681990128676 12 false 4} {7355512318857408693 17 false 5} {8119290501797179683 19 false 6} {5991873376960826470 25 false 7}] 
2025/11/04 16:02:44 [16:02:44.466] [Node:4] [LOG_REPLICA] [Trace:LOG_4_29][4->3] 心跳返回 from peer:3 term:29 success:true
2025/11/04 16:02:44 [16:02:44.466] [Node:4] [LOG_REPLICA] [Trace:LOG_4_29][4->0] 心跳返回 from peer:0 term:29 success:true
2025/11/04 16:02:44 [16:02:44.472] [Node:0] [RPC_RECV] [Trace:CLIENT_0_1762243364472253000] 接收到日志命令:3504579168242567213 isLeader:false term:29
2025/11/04 16:02:44 [16:02:44.472] [Node:3] [RPC_RECV] [Trace:CLIENT_3_1762243364472336000] 接收到日志命令:6796511258036662664 isLeader:false term:29
2025/11/04 16:02:44 [16:02:44.472] [Node:4] [RPC_RECV] [Trace:CLIENT_4_1762243364472371000] 接收到日志命令:5436531762251259655 isLeader:true term:29
2025/11/04 16:02:44 [16:02:44.480] [Node:0] [HEARTBEAT] [Trace:HB_0_29] Follower等心跳 status FOLLOWER term:29 commitIndex:5
2025/11/04 16:02:44 [16:02:44.483] [Node:0] [RPC_RECV] [Trace:CLIENT_0_1762243364483722000] 接收到日志命令:75929089089447068 isLeader:false term:29
2025/11/04 16:02:44 [16:02:44.483] [Node:3] [RPC_RECV] [Trace:CLIENT_3_1762243364483826000] 接收到日志命令:2958128965249807050 isLeader:false term:29
2025/11/04 16:02:44 [16:02:44.495] [Node:0] [RPC_RECV] [Trace:CLIENT_0_1762243364495077000] 接收到日志命令:1130112848671623765 isLeader:false term:29
2025/11/04 16:02:44 [16:02:44.495] [Node:3] [RPC_RECV] [Trace:CLIENT_3_1762243364495415000] 接收到日志命令:8865250104072305642 isLeader:false term:29
2025/11/04 16:02:44 [16:02:44.503] [Node:2] [RPC_RECV]  恢复持久化状态 currentTerm:27 votedFor:2 logLen:9
2025/11/04 16:02:44 [16:02:44.503] [Node:2] [HEARTBEAT] [Trace:HB_2_27] Follower等心跳 status FOLLOWER term:27 commitIndex:0
2025/11/04 16:02:44 [16:02:44.503] [Node:0] [RPC_RECV] [Trace:CLIENT_0_1762243364503444000] 接收到日志命令:8241834483855905592 isLeader:false term:29
2025/11/04 16:02:44 [16:02:44.504] [Node:2] [RPC_RECV] [Trace:CLIENT_2_1762243364504087000] 接收到日志命令:5876124513464101798 isLeader:false term:27
2025/11/04 16:02:44 [16:02:44.504] [Node:3] [RPC_RECV] [Trace:CLIENT_3_1762243364504182000] 接收到日志命令:739770493219354468 isLeader:false term:29
2025/11/04 16:02:44 [16:02:44.515] [Node:0] [RPC_RECV] [Trace:CLIENT_0_1762243364515540000] 接收到日志命令:8363567988721258377 isLeader:false term:29
2025/11/04 16:02:44 [16:02:44.516] [Node:2] [RPC_RECV] [Trace:CLIENT_2_1762243364516159000] 接收到日志命令:8738686788215604996 isLeader:false term:27
2025/11/04 16:02:44 [16:02:44.516] [Node:3] [RPC_RECV] [Trace:CLIENT_3_1762243364516261000] 接收到日志命令:4865841327478924394 isLeader:false term:29
2025/11/04 16:02:44 [16:02:44.519] [Node:3] [HEARTBEAT] [Trace:HB_3_29] Follower等心跳 status FOLLOWER term:29 commitIndex:5
2025/11/04 16:02:44 [16:02:44.526] [Node:0] [RPC_RECV] [Trace:CLIENT_0_1762243364526478000] 接收到日志命令:8957919694892058805 isLeader:false term:29
2025/11/04 16:02:44 [16:02:44.526] [Node:2] [RPC_RECV] [Trace:CLIENT_2_1762243364526614000] 接收到日志命令:8333569139566316428 isLeader:false term:27
2025/11/04 16:02:44 [16:02:44.526] [Node:3] [RPC_RECV] [Trace:CLIENT_3_1762243364526740000] 接收到日志命令:1536208007330705663 isLeader:false term:29
2025/11/04 16:02:44 [16:02:44.536] [Node:0] [RPC_RECV] [Trace:CLIENT_0_1762243364536937000] 接收到日志命令:3577891588145411083 isLeader:false term:29
2025/11/04 16:02:44 [16:02:44.537] [Node:2] [RPC_RECV] [Trace:CLIENT_2_1762243364537151000] 接收到日志命令:8410911842571294115 isLeader:false term:27
2025/11/04 16:02:44 [16:02:44.537] [Node:3] [RPC_RECV] [Trace:CLIENT_3_1762243364537237000] 接收到日志命令:3857189201912354018 isLeader:false term:29
2025/11/04 16:02:44 [16:02:44.549] [Node:0] [RPC_RECV] [Trace:CLIENT_0_1762243364549550000] 接收到日志命令:6773208854477936901 isLeader:false term:29
2025/11/04 16:02:44 [16:02:44.549] [Node:2] [RPC_RECV] [Trace:CLIENT_2_1762243364549650000] 接收到日志命令:8856556642670989265 isLeader:false term:27
2025/11/04 16:02:44 [16:02:44.549] [Node:3] [RPC_RECV] [Trace:CLIENT_3_1762243364549684000] 接收到日志命令:3217029767147204462 isLeader:false term:29
2025/11/04 16:02:44 [16:02:44.555] [Node:0] [RPC_RECV] [Trace:CLIENT_0_1762243364555370000] 接收到日志命令:1118242710014433596 isLeader:false term:29
2025/11/04 16:02:44 [16:02:44.555] [Node:2] [RPC_RECV] [Trace:CLIENT_2_1762243364555460000] 接收到日志命令:3989192321793572647 isLeader:false term:27
2025/11/04 16:02:44 [16:02:44.555] [Node:3] [RPC_RECV] [Trace:CLIENT_3_1762243364555497000] 接收到日志命令:8137111900502397552 isLeader:false term:29
2025/11/04 16:02:44 [16:02:44.561] [Node:0] [RPC_RECV] [Trace:CLIENT_0_1762243364561092000] 接收到日志命令:2857232944375893430 isLeader:false term:29
2025/11/04 16:02:44 [16:02:44.561] [Node:2] [RPC_RECV] [Trace:CLIENT_2_1762243364561215000] 接收到日志命令:7235255922672758141 isLeader:false term:27
2025/11/04 16:02:44 [16:02:44.561] [Node:3] [RPC_RECV] [Trace:CLIENT_3_1762243364561249000] 接收到日志命令:5928390572056410365 isLeader:false term:29
2025/11/04 16:02:44 [16:02:44.581] [Node:0] [HEARTBEAT] [Trace:HB_0_29] Follower等心跳 status FOLLOWER term:29 commitIndex:5
2025/11/04 16:02:44 [16:02:44.605] [Node:2] [HEARTBEAT] [Trace:HB_2_27] Follower等心跳 status FOLLOWER term:27 commitIndex:0
2025/11/04 16:02:44 [16:02:44.620] [Node:3] [HEARTBEAT] [Trace:HB_3_29] Follower等心跳 status FOLLOWER term:29 commitIndex:5
2025/11/04 16:02:44 [16:02:44.682] [Node:0] [HEARTBEAT] [Trace:HB_0_29] Follower等心跳 status FOLLOWER term:29 commitIndex:5
2025/11/04 16:02:44 [16:02:44.706] [Node:2] [HEARTBEAT] [Trace:HB_2_27] Follower等心跳 status FOLLOWER term:27 commitIndex:0
2025/11/04 16:02:44 [16:02:44.717] [Node:3] [INFO] [STATE_CHANGE] FOLLOWER->FOLLOWER term:29 reason:变成Candidate
2025/11/04 16:02:44 [16:02:44.718] [Node:3] [TIMER_EVENT] [Trace:TIMER_3] 超时选举 since:252.240291ms threshold:211.2522ms
2025/11/04 16:02:44 [16:02:44.719] [Node:3] [RPC_SEND] [Trace:ELEC_3_30] 发送选举请求
2025/11/04 16:02:44 [16:02:44.719] [Node:3] [RPC_SEND] [Trace:ELEC_3_30] 发送选举请求
2025/11/04 16:02:44 [16:02:44.719] [Node:3] [RPC_SEND] [Trace:ELEC_3_30] 发送选举请求
2025/11/04 16:02:44 [16:02:44.719] [Node:3] [RPC_SEND] [Trace:ELEC_3_30] 发送选举请求
2025/11/04 16:02:44 [16:02:44.720] [Node:2] [RPC_RECV] [Trace:ELEC_3_30][3->2] RequestVote 接受 term:30 candidateId:3 lastLogIndex:7 lastLogTerm:25 currentTerm:27 status:FOLLOWER
2025/11/04 16:02:44 [16:02:44.720] [Node:2] [INFO] [STATE_CHANGE] FOLLOWER->FOLLOWER term:27 reason:降级成follower
2025/11/04 16:02:44 [16:02:44.720] [Node:0] [RPC_RECV] [Trace:ELEC_3_30][3->0] RequestVote 接受 term:30 candidateId:3 lastLogIndex:7 lastLogTerm:25 currentTerm:29 status:FOLLOWER
2025/11/04 16:02:44 [16:02:44.720] [Node:0] [INFO] [STATE_CHANGE] FOLLOWER->FOLLOWER term:29 reason:降级成follower
2025/11/04 16:02:44 [16:02:44.720] [Node:2] [RPC_RECV] [Trace:ELEC_3_30][3->2] 投票信息 votedFor:-1 lastLogTerm:27 lastLogIndex:8
2025/11/04 16:02:44 [16:02:44.720] [Node:2] [RPC_RECV] [Trace:ELEC_3_30][3->2] 投票失败兜底 candidate:3 term:30
2025/11/04 16:02:44 [16:02:44.720] [Node:0] [RPC_RECV] [Trace:ELEC_3_30][3->0] 投票信息 votedFor:-1 lastLogTerm:25 lastLogIndex:7
2025/11/04 16:02:44 [16:02:44.721] [Node:0] [RPC_RECV] [Trace:ELEC_3_30][3->0] 投票给 candidate:3 term:30
2025/11/04 16:02:44 [16:02:44.721] [Node:3] [RPC_SEND] [Trace:ELEC_3_30] 处理投票返回 for term 30 reply:{30 false}
2025/11/04 16:02:44 [16:02:44.721] [Node:3] [RPC_SEND] [Trace:ELEC_3_30] 处理投票返回 for term 30 reply:{30 true}
2025/11/04 16:02:44 [16:02:44.722] [Node:3] [HEARTBEAT] [Trace:HB_3_30] Follower等心跳 status CANDIDATE term:30 commitIndex:5
2025/11/04 16:02:44 [16:02:44.771] [Node:2] [INFO] [STATE_CHANGE] FOLLOWER->FOLLOWER term:30 reason:变成Candidate
2025/11/04 16:02:44 [16:02:44.771] [Node:2] [TIMER_EVENT] [Trace:TIMER_2] 超时选举 since:269.209542ms threshold:264.131805ms
2025/11/04 16:02:44 [16:02:44.772] [Node:2] [RPC_SEND] [Trace:ELEC_2_31] 发送选举请求
2025/11/04 16:02:44 [16:02:44.772] [Node:2] [RPC_SEND] [Trace:ELEC_2_31] 发送选举请求
2025/11/04 16:02:44 [16:02:44.772] [Node:2] [RPC_SEND] [Trace:ELEC_2_31] 发送选举请求
2025/11/04 16:02:44 [16:02:44.773] [Node:2] [RPC_SEND] [Trace:ELEC_2_31] 发送选举请求
2025/11/04 16:02:44 [16:02:44.773] [Node:0] [RPC_RECV] [Trace:ELEC_2_31][2->0] RequestVote 接受 term:31 candidateId:2 lastLogIndex:8 lastLogTerm:27 currentTerm:30 status:FOLLOWER
2025/11/04 16:02:44 [16:02:44.773] [Node:0] [INFO] [STATE_CHANGE] FOLLOWER->FOLLOWER term:30 reason:降级成follower
2025/11/04 16:02:44 [16:02:44.774] [Node:3] [RPC_RECV] [Trace:ELEC_2_31][2->3] RequestVote 接受 term:31 candidateId:2 lastLogIndex:8 lastLogTerm:27 currentTerm:30 status:CANDIDATE
2025/11/04 16:02:44 [16:02:44.774] [Node:0] [RPC_RECV] [Trace:ELEC_2_31][2->0] 投票信息 votedFor:-1 lastLogTerm:25 lastLogIndex:7
2025/11/04 16:02:44 [16:02:44.774] [Node:0] [RPC_RECV] [Trace:ELEC_2_31][2->0] 投票给 candidate:2 term:31
2025/11/04 16:02:44 [16:02:44.775] [Node:2] [RPC_SEND] [Trace:ELEC_2_31] 处理投票返回 for term 31 reply:{31 true}
2025/11/04 16:02:44 [16:02:44.774] [Node:3] [INFO] [STATE_CHANGE] CANDIDATE->FOLLOWER term:30 reason:降级成follower
2025/11/04 16:02:44 [16:02:44.776] [Node:3] [RPC_RECV] [Trace:ELEC_2_31][2->3] 投票信息 votedFor:-1 lastLogTerm:25 lastLogIndex:7
2025/11/04 16:02:44 [16:02:44.776] [Node:3] [RPC_RECV] [Trace:ELEC_2_31][2->3] 投票给 candidate:2 term:31
2025/11/04 16:02:44 [16:02:44.776] [Node:2] [RPC_SEND] [Trace:ELEC_2_31] 处理投票返回 for term 31 reply:{31 true}
2025/11/04 16:02:44 [16:02:44.777] [Node:2] [INFO] [STATE_CHANGE] CANDIDATE->LEADER term:31 reason:成为Leader
2025/11/04 16:02:44 [16:02:44.782] [Node:0] [HEARTBEAT] [Trace:HB_0_31] Follower等心跳 status FOLLOWER term:31 commitIndex:5
2025/11/04 16:02:44 [16:02:44.807] [Node:2] [HEARTBEAT] [Trace:HB_2_31] 开始发送心跳广播 status LEADER term:31 commitIndex:0
2025/11/04 16:02:44 [16:02:44.807] [Node:0] [HEARTBEAT] [Trace:LOG_2_31][2->0] AppendEntries 收到 term:31 leaderId:2 prevLogIndex:8 prevLogTerm:27 entries:0 leaderCommit:0 isHeartbeat:true currentTerm:31 status:FOLLOWER
2025/11/04 16:02:44 [16:02:44.807] [Node:0] [HEARTBEAT] [Trace:LOG_2_31][2->0] Rejected: 收到LogEntry，但是log不全， prevLogIndex:8 logLen:8
2025/11/04 16:02:44 [16:02:44.807] [Node:3] [HEARTBEAT] [Trace:LOG_2_31][2->3] AppendEntries 收到 term:31 leaderId:2 prevLogIndex:8 prevLogTerm:27 entries:0 leaderCommit:0 isHeartbeat:true currentTerm:31 status:FOLLOWER
2025/11/04 16:02:44 [16:02:44.808] [Node:3] [HEARTBEAT] [Trace:LOG_2_31][2->3] Rejected: 收到LogEntry，但是log不全， prevLogIndex:8 logLen:8
2025/11/04 16:02:44 [16:02:44.808] [Node:2] [LOG_REPLICA] [Trace:LOG_2_31][2->0] 心跳返回 from peer:0 term:31 success:false
2025/11/04 16:02:44 [16:02:44.808] [Node:2] [LOG_REPLICA] [Trace:LOG_2_31][2->0] 日志复制返回失败，开始快速恢复 for peer:0 starting fast recovery replyLogIndex:6
2025/11/04 16:02:44 [16:02:44.808] [Node:2] [LOG_REPLICA] [Trace:LOG_2_31][2->3] 心跳返回 from peer:3 term:31 success:false
2025/11/04 16:02:44 [16:02:44.808] [Node:2] [LOG_REPLICA] [Trace:LOG_2_31][2->3] 日志复制返回失败，开始快速恢复 for peer:3 starting fast recovery replyLogIndex:6
2025/11/04 16:02:44 [16:02:44.808] [Node:0] [LOG_REPLICA] [Trace:LOG_2_31][2->0] AppendEntries 收到 term:31 leaderId:2 prevLogIndex:5 prevLogTerm:17 entries:3 leaderCommit:0 isHeartbeat:false currentTerm:31 status:FOLLOWER
2025/11/04 16:02:44 [16:02:44.808] [Node:0] [LOG_REPLICA] [Trace:LOG_2_31][2->0] 打印日志结果:[{<nil> 0 false 0} {8944766457827906109 1 false 1} {83701232492691596 1 false 2} {7290116626429539953 7 false 3} {8761287681990128676 12 false 4} {7355512318857408693 17 false 5} {8119290501797179683 19 false 6} {5991873376960826470 25 false 7}] 
2025/11/04 16:02:44 [16:02:44.808] [Node:0] [LOG_REPLICA] [Trace:LOG_2_31][2->0] 复制日志结果:[{<nil> 0 false 0} {8944766457827906109 1 false 1} {83701232492691596 1 false 2} {7290116626429539953 7 false 3} {8761287681990128676 12 false 4} {7355512318857408693 17 false 5} {2868131160916657335 20 false 6} {2881557075923219901 22 false 7} {7366687020694406449 27 false 8}] 
2025/11/04 16:02:44 [16:02:44.808] [Node:3] [LOG_REPLICA] [Trace:LOG_2_31][2->3] AppendEntries 收到 term:31 leaderId:2 prevLogIndex:5 prevLogTerm:17 entries:3 leaderCommit:0 isHeartbeat:false currentTerm:31 status:FOLLOWER
2025/11/04 16:02:44 [16:02:44.808] [Node:3] [LOG_REPLICA] [Trace:LOG_2_31][2->3] 打印日志结果:[{<nil> 0 false 0} {8944766457827906109 1 false 1} {83701232492691596 1 false 2} {7290116626429539953 7 false 3} {8761287681990128676 12 false 4} {7355512318857408693 17 false 5} {8119290501797179683 19 false 6} {5991873376960826470 25 false 7}] 
2025/11/04 16:02:44 [16:02:44.808] [Node:2] [LOG_REPLICA] [Trace:LOG_2_31][2->0] 心跳返回 from peer:0 term:31 success:true
2025/11/04 16:02:44 [16:02:44.808] [Node:2] [LOG_REPLICA] [Trace:LOG_2_31][2->0] 日志复制返回成功 from peer:0 term:31 agreeCount:2 log [{2868131160916657335 20 false 6} {2881557075923219901 22 false 7} {7366687020694406449 27 false 8}]
2025/11/04 16:02:44 [16:02:44.809] [Node:2] [LOG_REPLICA] [Trace:LOG_2_31][2->0] 更新后 server:0 matchIndex:8 nextIndex:9
2025/11/04 16:02:44 [16:02:44.809] [Node:3] [LOG_REPLICA] [Trace:LOG_2_31][2->3] 复制日志结果:[{<nil> 0 false 0} {8944766457827906109 1 false 1} {83701232492691596 1 false 2} {7290116626429539953 7 false 3} {8761287681990128676 12 false 4} {7355512318857408693 17 false 5} {2868131160916657335 20 false 6} {2881557075923219901 22 false 7} {7366687020694406449 27 false 8}] 
2025/11/04 16:02:44 [16:02:44.809] [Node:2] [LOG_REPLICA] [Trace:LOG_2_31][2->3] 心跳返回 from peer:3 term:31 success:true
2025/11/04 16:02:44 [16:02:44.809] [Node:2] [LOG_REPLICA] [Trace:LOG_2_31][2->3] 日志复制返回成功 from peer:3 term:31 agreeCount:3 log [{2868131160916657335 20 false 6} {2881557075923219901 22 false 7} {7366687020694406449 27 false 8}]
2025/11/04 16:02:44 [16:02:44.809] [Node:2] [LOG_REPLICA] [Trace:LOG_2_31][2->3] 更新后 server:3 matchIndex:8 nextIndex:9
2025/11/04 16:02:44 [16:02:44.823] [Node:3] [HEARTBEAT] [Trace:HB_3_31] Follower等心跳 status FOLLOWER term:31 commitIndex:5
2025/11/04 16:02:44 [16:02:44.858] [Node:0] [RPC_RECV] [Trace:CLIENT_0_1762243364858305000] 接收到日志命令:5319672323395635312 isLeader:false term:31
2025/11/04 16:02:44 [16:02:44.858] [Node:2] [RPC_RECV] [Trace:CLIENT_2_1762243364858527000] 接收到日志命令:207350842071980911 isLeader:true term:31
2025/11/04 16:02:44 [16:02:44.859] [Node:3] [RPC_RECV] [Trace:CLIENT_3_1762243364859243000] 接收到日志命令:1088778198388789097 isLeader:false term:31
2025/11/04 16:02:44 [16:02:44.861] [Node:0] [RPC_RECV] [Trace:CLIENT_0_1762243364861654000] 接收到日志命令:7834848540978330498 isLeader:false term:31
2025/11/04 16:02:44 [16:02:44.861] [Node:3] [RPC_RECV] [Trace:CLIENT_3_1762243364861766000] 接收到日志命令:2207904619571414168 isLeader:false term:31
2025/11/04 16:02:44 [16:02:44.867] [Node:0] [RPC_RECV] [Trace:CLIENT_0_1762243364867484000] 接收到日志命令:8135381095627602517 isLeader:false term:31
2025/11/04 16:02:44 [16:02:44.867] [Node:3] [RPC_RECV] [Trace:CLIENT_3_1762243364867713000] 接收到日志命令:7389560112105372557 isLeader:false term:31
2025/11/04 16:02:44 [16:02:44.869] [Node:0] [RPC_RECV] [Trace:CLIENT_0_1762243364868979000] 接收到日志命令:9200953755575353592 isLeader:false term:31
2025/11/04 16:02:44 [16:02:44.869] [Node:3] [RPC_RECV] [Trace:CLIENT_3_1762243364869173000] 接收到日志命令:107531456978888423 isLeader:false term:31
2025/11/04 16:02:44 [16:02:44.869] [Node:0] [RPC_RECV] [Trace:CLIENT_0_1762243364869361000] 接收到日志命令:6713838450718995282 isLeader:false term:31
2025/11/04 16:02:44 [16:02:44.869] [Node:3] [RPC_RECV] [Trace:CLIENT_3_1762243364869522000] 接收到日志命令:7327449209526206669 isLeader:false term:31
2025/11/04 16:02:44 [16:02:44.878] [Node:2] [RPC_RECV]  恢复持久化状态 currentTerm:31 votedFor:2 logLen:10
2025/11/04 16:02:44 [16:02:44.878] [Node:2] [HEARTBEAT] [Trace:HB_2_31] Follower等心跳 status FOLLOWER term:31 commitIndex:0
2025/11/04 16:02:44 [16:02:44.878] [Node:0] [RPC_RECV] [Trace:CLIENT_0_1762243364878774000] 接收到日志命令:2986255222706165303 isLeader:false term:31
2025/11/04 16:02:44 [16:02:44.878] [Node:2] [RPC_RECV] [Trace:CLIENT_2_1762243364878890000] 接收到日志命令:3492138644001655224 isLeader:false term:31
2025/11/04 16:02:44 [16:02:44.879] [Node:3] [RPC_RECV] [Trace:CLIENT_3_1762243364879029000] 接收到日志命令:1186487927719331340 isLeader:false term:31
2025/11/04 16:02:44 [16:02:44.883] [Node:0] [HEARTBEAT] [Trace:HB_0_31] Follower等心跳 status FOLLOWER term:31 commitIndex:5
2025/11/04 16:02:44 [16:02:44.887] [Node:0] [RPC_RECV] [Trace:CLIENT_0_1762243364887632000] 接收到日志命令:5769460715664524295 isLeader:false term:31
2025/11/04 16:02:44 [16:02:44.887] [Node:2] [RPC_RECV] [Trace:CLIENT_2_1762243364887834000] 接收到日志命令:7057123798975895862 isLeader:false term:31
2025/11/04 16:02:44 [16:02:44.887] [Node:3] [RPC_RECV] [Trace:CLIENT_3_1762243364887968000] 接收到日志命令:5835059496991496392 isLeader:false term:31
2025/11/04 16:02:44 [16:02:44.889] [Node:0] [RPC_RECV] [Trace:CLIENT_0_1762243364889184000] 接收到日志命令:502629339850049081 isLeader:false term:31
2025/11/04 16:02:44 [16:02:44.889] [Node:2] [RPC_RECV] [Trace:CLIENT_2_1762243364889371000] 接收到日志命令:64029837920389070 isLeader:false term:31
2025/11/04 16:02:44 [16:02:44.889] [Node:3] [RPC_RECV] [Trace:CLIENT_3_1762243364889530000] 接收到日志命令:6496048740682247491 isLeader:false term:31
2025/11/04 16:02:44 [16:02:44.924] [Node:3] [HEARTBEAT] [Trace:HB_3_31] Follower等心跳 status FOLLOWER term:31 commitIndex:5
2025/11/04 16:02:44 [16:02:44.979] [Node:2] [HEARTBEAT] [Trace:HB_2_31] Follower等心跳 status FOLLOWER term:31 commitIndex:0
2025/11/04 16:02:44 [16:02:44.984] [Node:0] [HEARTBEAT] [Trace:HB_0_31] Follower等心跳 status FOLLOWER term:31 commitIndex:5
2025/11/04 16:02:45 [16:02:45.024] [Node:3] [HEARTBEAT] [Trace:HB_3_31] Follower等心跳 status FOLLOWER term:31 commitIndex:5
2025/11/04 16:02:45 [16:02:45.073] [Node:0] [INFO] [STATE_CHANGE] FOLLOWER->FOLLOWER term:31 reason:变成Candidate
2025/11/04 16:02:45 [16:02:45.073] [Node:0] [TIMER_EVENT] [Trace:TIMER_0] 超时选举 since:264.651833ms threshold:230.865497ms
2025/11/04 16:02:45 [16:02:45.073] [Node:0] [RPC_SEND] [Trace:ELEC_0_32] 发送选举请求
2025/11/04 16:02:45 [16:02:45.073] [Node:0] [RPC_SEND] [Trace:ELEC_0_32] 发送选举请求
2025/11/04 16:02:45 [16:02:45.073] [Node:0] [RPC_SEND] [Trace:ELEC_0_32] 发送选举请求
2025/11/04 16:02:45 [16:02:45.073] [Node:0] [RPC_SEND] [Trace:ELEC_0_32] 发送选举请求
2025/11/04 16:02:45 [16:02:45.073] [Node:3] [RPC_RECV] [Trace:ELEC_0_32][0->3] RequestVote 接受 term:32 candidateId:0 lastLogIndex:8 lastLogTerm:27 currentTerm:31 status:FOLLOWER
2025/11/04 16:02:45 [16:02:45.073] [Node:2] [RPC_RECV] [Trace:ELEC_0_32][0->2] RequestVote 接受 term:32 candidateId:0 lastLogIndex:8 lastLogTerm:27 currentTerm:31 status:FOLLOWER
2025/11/04 16:02:45 [16:02:45.073] [Node:3] [INFO] [STATE_CHANGE] FOLLOWER->FOLLOWER term:31 reason:降级成follower
2025/11/04 16:02:45 [16:02:45.073] [Node:2] [INFO] [STATE_CHANGE] FOLLOWER->FOLLOWER term:31 reason:降级成follower
2025/11/04 16:02:45 [16:02:45.073] [Node:3] [RPC_RECV] [Trace:ELEC_0_32][0->3] 投票信息 votedFor:-1 lastLogTerm:27 lastLogIndex:8
2025/11/04 16:02:45 [16:02:45.073] [Node:3] [RPC_RECV] [Trace:ELEC_0_32][0->3] 投票给 candidate:0 term:32
2025/11/04 16:02:45 [16:02:45.073] [Node:2] [RPC_RECV] [Trace:ELEC_0_32][0->2] 投票信息 votedFor:-1 lastLogTerm:31 lastLogIndex:9
2025/11/04 16:02:45 [16:02:45.074] [Node:2] [RPC_RECV] [Trace:ELEC_0_32][0->2] 投票失败兜底 candidate:0 term:32
2025/11/04 16:02:45 [16:02:45.074] [Node:0] [RPC_SEND] [Trace:ELEC_0_32] 处理投票返回 for term 32 reply:{32 false}
2025/11/04 16:02:45 [16:02:45.074] [Node:0] [RPC_SEND] [Trace:ELEC_0_32] 处理投票返回 for term 32 reply:{32 true}
2025/11/04 16:02:45 [16:02:45.080] [Node:2] [HEARTBEAT] [Trace:HB_2_32] Follower等心跳 status FOLLOWER term:32 commitIndex:0
2025/11/04 16:02:45 [16:02:45.084] [Node:0] [HEARTBEAT] [Trace:HB_0_32] Follower等心跳 status CANDIDATE term:32 commitIndex:5
2025/11/04 16:02:45 [16:02:45.126] [Node:3] [HEARTBEAT] [Trace:HB_3_32] Follower等心跳 status FOLLOWER term:32 commitIndex:5
2025/11/04 16:02:45 [16:02:45.126] [Node:2] [INFO] [STATE_CHANGE] FOLLOWER->FOLLOWER term:32 reason:变成Candidate
2025/11/04 16:02:45 [16:02:45.126] [Node:2] [TIMER_EVENT] [Trace:TIMER_2] 超时选举 since:249.083416ms threshold:219.868446ms
2025/11/04 16:02:45 [16:02:45.126] [Node:2] [RPC_SEND] [Trace:ELEC_2_33] 发送选举请求
2025/11/04 16:02:45 [16:02:45.126] [Node:2] [RPC_SEND] [Trace:ELEC_2_33] 发送选举请求
2025/11/04 16:02:45 [16:02:45.126] [Node:2] [RPC_SEND] [Trace:ELEC_2_33] 发送选举请求
2025/11/04 16:02:45 [16:02:45.126] [Node:2] [RPC_SEND] [Trace:ELEC_2_33] 发送选举请求
2025/11/04 16:02:45 [16:02:45.127] [Node:3] [RPC_RECV] [Trace:ELEC_2_33][2->3] RequestVote 接受 term:33 candidateId:2 lastLogIndex:9 lastLogTerm:31 currentTerm:32 status:FOLLOWER
2025/11/04 16:02:45 [16:02:45.127] [Node:3] [INFO] [STATE_CHANGE] FOLLOWER->FOLLOWER term:32 reason:降级成follower
2025/11/04 16:02:45 [16:02:45.127] [Node:0] [RPC_RECV] [Trace:ELEC_2_33][2->0] RequestVote 接受 term:33 candidateId:2 lastLogIndex:9 lastLogTerm:31 currentTerm:32 status:CANDIDATE
2025/11/04 16:02:45 [16:02:45.127] [Node:0] [INFO] [STATE_CHANGE] CANDIDATE->FOLLOWER term:32 reason:降级成follower
2025/11/04 16:02:45 [16:02:45.127] [Node:3] [RPC_RECV] [Trace:ELEC_2_33][2->3] 投票信息 votedFor:-1 lastLogTerm:27 lastLogIndex:8
2025/11/04 16:02:45 [16:02:45.127] [Node:3] [RPC_RECV] [Trace:ELEC_2_33][2->3] 投票给 candidate:2 term:33
2025/11/04 16:02:45 [16:02:45.127] [Node:0] [RPC_RECV] [Trace:ELEC_2_33][2->0] 投票信息 votedFor:-1 lastLogTerm:27 lastLogIndex:8
2025/11/04 16:02:45 [16:02:45.127] [Node:0] [RPC_RECV] [Trace:ELEC_2_33][2->0] 投票给 candidate:2 term:33
2025/11/04 16:02:45 [16:02:45.128] [Node:2] [RPC_SEND] [Trace:ELEC_2_33] 处理投票返回 for term 33 reply:{33 true}
2025/11/04 16:02:45 [16:02:45.128] [Node:2] [RPC_SEND] [Trace:ELEC_2_33] 处理投票返回 for term 33 reply:{33 true}
2025/11/04 16:02:45 [16:02:45.128] [Node:2] [INFO] [STATE_CHANGE] CANDIDATE->LEADER term:33 reason:成为Leader
2025/11/04 16:02:45 [16:02:45.140] [Node:0] [RPC_RECV] [Trace:CLIENT_0_1762243365140031000] 接收到日志命令:3695173252542950867 isLeader:false term:33
2025/11/04 16:02:45 [16:02:45.140] [Node:2] [RPC_RECV] [Trace:CLIENT_2_1762243365140318000] 接收到日志命令:4394066000623212794 isLeader:true term:33
2025/11/04 16:02:45 [16:02:45.141] [Node:3] [RPC_RECV] [Trace:CLIENT_3_1762243365141209000] 接收到日志命令:8659582254222075875 isLeader:false term:33
2025/11/04 16:02:45 [16:02:45.145] [Node:2] [RPC_RECV]  恢复持久化状态 currentTerm:33 votedFor:2 logLen:11
2025/11/04 16:02:45 [16:02:45.145] [Node:2] [HEARTBEAT] [Trace:HB_2_33] Follower等心跳 status FOLLOWER term:33 commitIndex:0
2025/11/04 16:02:45 [16:02:45.145] [Node:0] [RPC_RECV] [Trace:CLIENT_0_1762243365145284000] 接收到日志命令:130144474006312828 isLeader:false term:33
2025/11/04 16:02:45 [16:02:45.145] [Node:2] [RPC_RECV] [Trace:CLIENT_2_1762243365145339000] 接收到日志命令:8630289310053695611 isLeader:false term:33
2025/11/04 16:02:45 [16:02:45.145] [Node:3] [RPC_RECV] [Trace:CLIENT_3_1762243365145368000] 接收到日志命令:4376688323774714962 isLeader:false term:33
2025/11/04 16:02:45 [16:02:45.148] [Node:0] [RPC_RECV] [Trace:CLIENT_0_1762243365148414000] 接收到日志命令:1427427564738056140 isLeader:false term:33
2025/11/04 16:02:45 [16:02:45.148] [Node:2] [RPC_RECV] [Trace:CLIENT_2_1762243365148479000] 接收到日志命令:1144156529561358262 isLeader:false term:33
2025/11/04 16:02:45 [16:02:45.148] [Node:3] [RPC_RECV] [Trace:CLIENT_3_1762243365148513000] 接收到日志命令:7078788171107832584 isLeader:false term:33
2025/11/04 16:02:45 [16:02:45.157] [Node:0] [RPC_RECV] [Trace:CLIENT_0_1762243365157745000] 接收到日志命令:6434549076997668776 isLeader:false term:33
2025/11/04 16:02:45 [16:02:45.157] [Node:2] [RPC_RECV] [Trace:CLIENT_2_1762243365157858000] 接收到日志命令:7731423807894353660 isLeader:false term:33
2025/11/04 16:02:45 [16:02:45.157] [Node:3] [RPC_RECV] [Trace:CLIENT_3_1762243365157892000] 接收到日志命令:6443694692796567050 isLeader:false term:33
2025/11/04 16:02:45 [16:02:45.160] [Node:0] [RPC_RECV] [Trace:CLIENT_0_1762243365160182000] 接收到日志命令:8685717868117175655 isLeader:false term:33
2025/11/04 16:02:45 [16:02:45.160] [Node:2] [RPC_RECV] [Trace:CLIENT_2_1762243365160286000] 接收到日志命令:532127888702302519 isLeader:false term:33
2025/11/04 16:02:45 [16:02:45.160] [Node:3] [RPC_RECV] [Trace:CLIENT_3_1762243365160348000] 接收到日志命令:7277973240186680250 isLeader:false term:33
2025/11/04 16:02:45 [16:02:45.164] [Node:0] [RPC_RECV] [Trace:CLIENT_0_1762243365164944000] 接收到日志命令:3145944416223013412 isLeader:false term:33
2025/11/04 16:02:45 [16:02:45.165] [Node:2] [RPC_RECV] [Trace:CLIENT_2_1762243365165051000] 接收到日志命令:7286838297525513877 isLeader:false term:33
2025/11/04 16:02:45 [16:02:45.165] [Node:3] [RPC_RECV] [Trace:CLIENT_3_1762243365165084000] 接收到日志命令:652249727209134142 isLeader:false term:33
2025/11/04 16:02:45 [16:02:45.167] [Node:0] [RPC_RECV] [Trace:CLIENT_0_1762243365167228000] 接收到日志命令:3815685160932548796 isLeader:false term:33
2025/11/04 16:02:45 [16:02:45.167] [Node:2] [RPC_RECV] [Trace:CLIENT_2_1762243365167289000] 接收到日志命令:5087378825871803055 isLeader:false term:33
2025/11/04 16:02:45 [16:02:45.167] [Node:3] [RPC_RECV] [Trace:CLIENT_3_1762243365167312000] 接收到日志命令:874475610699304413 isLeader:false term:33
2025/11/04 16:02:45 [16:02:45.172] [Node:0] [RPC_RECV] [Trace:CLIENT_0_1762243365172929000] 接收到日志命令:8691791733129084475 isLeader:false term:33
2025/11/04 16:02:45 [16:02:45.173] [Node:2] [RPC_RECV] [Trace:CLIENT_2_1762243365173014000] 接收到日志命令:1981038616214416410 isLeader:false term:33
2025/11/04 16:02:45 [16:02:45.173] [Node:3] [RPC_RECV] [Trace:CLIENT_3_1762243365173047000] 接收到日志命令:3917565287249213739 isLeader:false term:33
2025/11/04 16:02:45 [16:02:45.174] [Node:0] [RPC_RECV] [Trace:CLIENT_0_1762243365174234000] 接收到日志命令:2485866856910038735 isLeader:false term:33
2025/11/04 16:02:45 [16:02:45.174] [Node:2] [RPC_RECV] [Trace:CLIENT_2_1762243365174282000] 接收到日志命令:6499131581741344996 isLeader:false term:33
2025/11/04 16:02:45 [16:02:45.174] [Node:3] [RPC_RECV] [Trace:CLIENT_3_1762243365174310000] 接收到日志命令:3841267296416745412 isLeader:false term:33
2025/11/04 16:02:45 [16:02:45.179] [Node:0] [RPC_RECV] [Trace:CLIENT_0_1762243365179511000] 接收到日志命令:6573356010583570391 isLeader:false term:33
2025/11/04 16:02:45 [16:02:45.179] [Node:2] [RPC_RECV] [Trace:CLIENT_2_1762243365179588000] 接收到日志命令:6891614895413297450 isLeader:false term:33
2025/11/04 16:02:45 [16:02:45.179] [Node:3] [RPC_RECV] [Trace:CLIENT_3_1762243365179616000] 接收到日志命令:5918433873942960691 isLeader:false term:33
2025/11/04 16:02:45 [16:02:45.185] [Node:0] [HEARTBEAT] [Trace:HB_0_33] Follower等心跳 status FOLLOWER term:33 commitIndex:5
2025/11/04 16:02:45 [16:02:45.185] [Node:0] [RPC_RECV] [Trace:CLIENT_0_1762243365185747000] 接收到日志命令:2386484925118053260 isLeader:false term:33
2025/11/04 16:02:45 [16:02:45.185] [Node:2] [RPC_RECV] [Trace:CLIENT_2_1762243365185865000] 接收到日志命令:8743881303024636868 isLeader:false term:33
2025/11/04 16:02:45 [16:02:45.185] [Node:3] [RPC_RECV] [Trace:CLIENT_3_1762243365185910000] 接收到日志命令:2773955687131296087 isLeader:false term:33
2025/11/04 16:02:45 [16:02:45.227] [Node:3] [HEARTBEAT] [Trace:HB_3_33] Follower等心跳 status FOLLOWER term:33 commitIndex:5
2025/11/04 16:02:45 [16:02:45.245] [Node:2] [HEARTBEAT] [Trace:HB_2_33] Follower等心跳 status FOLLOWER term:33 commitIndex:0
2025/11/04 16:02:45 [16:02:45.285] [Node:0] [HEARTBEAT] [Trace:HB_0_33] Follower等心跳 status FOLLOWER term:33 commitIndex:5
2025/11/04 16:02:45 [16:02:45.327] [Node:3] [HEARTBEAT] [Trace:HB_3_33] Follower等心跳 status FOLLOWER term:33 commitIndex:5
2025/11/04 16:02:45 [16:02:45.347] [Node:2] [HEARTBEAT] [Trace:HB_2_33] Follower等心跳 status FOLLOWER term:33 commitIndex:0
2025/11/04 16:02:45 [16:02:45.386] [Node:0] [HEARTBEAT] [Trace:HB_0_33] Follower等心跳 status FOLLOWER term:33 commitIndex:5
2025/11/04 16:02:45 [16:02:45.401] [Node:0] [INFO] [STATE_CHANGE] FOLLOWER->FOLLOWER term:33 reason:变成Candidate
2025/11/04 16:02:45 [16:02:45.401] [Node:0] [TIMER_EVENT] [Trace:TIMER_0] 超时选举 since:273.667875ms threshold:244.070387ms
2025/11/04 16:02:45 [16:02:45.402] [Node:0] [RPC_SEND] [Trace:ELEC_0_34] 发送选举请求
2025/11/04 16:02:45 [16:02:45.402] [Node:0] [RPC_SEND] [Trace:ELEC_0_34] 发送选举请求
2025/11/04 16:02:45 [16:02:45.402] [Node:0] [RPC_SEND] [Trace:ELEC_0_34] 发送选举请求
2025/11/04 16:02:45 [16:02:45.402] [Node:0] [RPC_SEND] [Trace:ELEC_0_34] 发送选举请求
2025/11/04 16:02:45 [16:02:45.402] [Node:3] [RPC_RECV] [Trace:ELEC_0_34][0->3] RequestVote 接受 term:34 candidateId:0 lastLogIndex:8 lastLogTerm:27 currentTerm:33 status:FOLLOWER
2025/11/04 16:02:45 [16:02:45.402] [Node:3] [INFO] [STATE_CHANGE] FOLLOWER->FOLLOWER term:33 reason:降级成follower
2025/11/04 16:02:45 [16:02:45.402] [Node:2] [RPC_RECV] [Trace:ELEC_0_34][0->2] RequestVote 接受 term:34 candidateId:0 lastLogIndex:8 lastLogTerm:27 currentTerm:33 status:FOLLOWER
2025/11/04 16:02:45 [16:02:45.402] [Node:2] [INFO] [STATE_CHANGE] FOLLOWER->FOLLOWER term:33 reason:降级成follower
2025/11/04 16:02:45 [16:02:45.402] [Node:3] [RPC_RECV] [Trace:ELEC_0_34][0->3] 投票信息 votedFor:-1 lastLogTerm:27 lastLogIndex:8
2025/11/04 16:02:45 [16:02:45.402] [Node:3] [RPC_RECV] [Trace:ELEC_0_34][0->3] 投票给 candidate:0 term:34
2025/11/04 16:02:45 [16:02:45.402] [Node:2] [RPC_RECV] [Trace:ELEC_0_34][0->2] 投票信息 votedFor:-1 lastLogTerm:33 lastLogIndex:10
2025/11/04 16:02:45 [16:02:45.402] [Node:2] [RPC_RECV] [Trace:ELEC_0_34][0->2] 投票失败兜底 candidate:0 term:34
2025/11/04 16:02:45 [16:02:45.402] [Node:0] [RPC_SEND] [Trace:ELEC_0_34] 处理投票返回 for term 34 reply:{34 false}
2025/11/04 16:02:45 [16:02:45.402] [Node:0] [RPC_SEND] [Trace:ELEC_0_34] 处理投票返回 for term 34 reply:{34 true}
2025/11/04 16:02:45 [16:02:45.424] [Node:2] [INFO] [STATE_CHANGE] FOLLOWER->FOLLOWER term:34 reason:变成Candidate
2025/11/04 16:02:45 [16:02:45.424] [Node:2] [TIMER_EVENT] [Trace:TIMER_2] 超时选举 since:279.128417ms threshold:249.486889ms
2025/11/04 16:02:45 [16:02:45.424] [Node:2] [RPC_SEND] [Trace:ELEC_2_35] 发送选举请求
2025/11/04 16:02:45 [16:02:45.424] [Node:2] [RPC_SEND] [Trace:ELEC_2_35] 发送选举请求
2025/11/04 16:02:45 [16:02:45.424] [Node:2] [RPC_SEND] [Trace:ELEC_2_35] 发送选举请求
2025/11/04 16:02:45 [16:02:45.424] [Node:2] [RPC_SEND] [Trace:ELEC_2_35] 发送选举请求
2025/11/04 16:02:45 [16:02:45.424] [Node:3] [RPC_RECV] [Trace:ELEC_2_35][2->3] RequestVote 接受 term:35 candidateId:2 lastLogIndex:10 lastLogTerm:33 currentTerm:34 status:FOLLOWER
2025/11/04 16:02:45 [16:02:45.424] [Node:3] [INFO] [STATE_CHANGE] FOLLOWER->FOLLOWER term:34 reason:降级成follower
2025/11/04 16:02:45 [16:02:45.424] [Node:0] [RPC_RECV] [Trace:ELEC_2_35][2->0] RequestVote 接受 term:35 candidateId:2 lastLogIndex:10 lastLogTerm:33 currentTerm:34 status:CANDIDATE
2025/11/04 16:02:45 [16:02:45.424] [Node:0] [INFO] [STATE_CHANGE] CANDIDATE->FOLLOWER term:34 reason:降级成follower
2025/11/04 16:02:45 [16:02:45.424] [Node:3] [RPC_RECV] [Trace:ELEC_2_35][2->3] 投票信息 votedFor:-1 lastLogTerm:27 lastLogIndex:8
2025/11/04 16:02:45 [16:02:45.424] [Node:3] [RPC_RECV] [Trace:ELEC_2_35][2->3] 投票给 candidate:2 term:35
2025/11/04 16:02:45 [16:02:45.424] [Node:0] [RPC_RECV] [Trace:ELEC_2_35][2->0] 投票信息 votedFor:-1 lastLogTerm:27 lastLogIndex:8
2025/11/04 16:02:45 [16:02:45.424] [Node:0] [RPC_RECV] [Trace:ELEC_2_35][2->0] 投票给 candidate:2 term:35
2025/11/04 16:02:45 [16:02:45.425] [Node:2] [RPC_SEND] [Trace:ELEC_2_35] 处理投票返回 for term 35 reply:{35 true}
2025/11/04 16:02:45 [16:02:45.425] [Node:2] [RPC_SEND] [Trace:ELEC_2_35] 处理投票返回 for term 35 reply:{35 true}
2025/11/04 16:02:45 [16:02:45.425] [Node:2] [INFO] [STATE_CHANGE] CANDIDATE->LEADER term:35 reason:成为Leader
2025/11/04 16:02:45 [16:02:45.431] [Node:3] [HEARTBEAT] [Trace:HB_3_35] Follower等心跳 status FOLLOWER term:35 commitIndex:5
2025/11/04 16:02:45 [16:02:45.450] [Node:2] [HEARTBEAT] [Trace:HB_2_35] 开始发送心跳广播 status LEADER term:35 commitIndex:0
2025/11/04 16:02:45 [16:02:45.454] [Node:3] [HEARTBEAT] [Trace:LOG_2_35][2->3] AppendEntries 收到 term:35 leaderId:2 prevLogIndex:10 prevLogTerm:33 entries:0 leaderCommit:0 isHeartbeat:true currentTerm:35 status:FOLLOWER
2025/11/04 16:02:45 [16:02:45.454] [Node:3] [HEARTBEAT] [Trace:LOG_2_35][2->3] Rejected: 收到LogEntry，但是log不全， prevLogIndex:10 logLen:9
2025/11/04 16:02:45 [16:02:45.457] [Node:0] [HEARTBEAT] [Trace:LOG_2_35][2->0] AppendEntries 收到 term:35 leaderId:2 prevLogIndex:10 prevLogTerm:33 entries:0 leaderCommit:0 isHeartbeat:true currentTerm:35 status:FOLLOWER
2025/11/04 16:02:45 [16:02:45.457] [Node:0] [HEARTBEAT] [Trace:LOG_2_35][2->0] Rejected: 收到LogEntry，但是log不全， prevLogIndex:10 logLen:9
2025/11/04 16:02:45 [16:02:45.458] [Node:2] [LOG_REPLICA] [Trace:LOG_2_35][2->3] 心跳返回 from peer:3 term:35 success:false
2025/11/04 16:02:45 [16:02:45.458] [Node:2] [LOG_REPLICA] [Trace:LOG_2_35][2->3] 日志复制返回失败，开始快速恢复 for peer:3 starting fast recovery replyLogIndex:6
2025/11/04 16:02:45 [16:02:45.459] [Node:2] [LOG_REPLICA] [Trace:LOG_2_35][2->0] 心跳返回 from peer:0 term:35 success:false
2025/11/04 16:02:45 [16:02:45.459] [Node:2] [LOG_REPLICA] [Trace:LOG_2_35][2->0] 日志复制返回失败，开始快速恢复 for peer:0 starting fast recovery replyLogIndex:6
2025/11/04 16:02:45 [16:02:45.460] [Node:0] [LOG_REPLICA] [Trace:LOG_2_35][2->0] AppendEntries 收到 term:35 leaderId:2 prevLogIndex:5 prevLogTerm:17 entries:5 leaderCommit:0 isHeartbeat:false currentTerm:35 status:FOLLOWER
2025/11/04 16:02:45 [16:02:45.460] [Node:0] [LOG_REPLICA] [Trace:LOG_2_35][2->0] 打印日志结果:[{<nil> 0 false 0} {8944766457827906109 1 false 1} {83701232492691596 1 false 2} {7290116626429539953 7 false 3} {8761287681990128676 12 false 4} {7355512318857408693 17 false 5} {2868131160916657335 20 false 6} {2881557075923219901 22 false 7} {7366687020694406449 27 false 8}] 
2025/11/04 16:02:45 [16:02:45.460] [Node:3] [LOG_REPLICA] [Trace:LOG_2_35][2->3] AppendEntries 收到 term:35 leaderId:2 prevLogIndex:5 prevLogTerm:17 entries:5 leaderCommit:0 isHeartbeat:false currentTerm:35 status:FOLLOWER
2025/11/04 16:02:45 [16:02:45.460] [Node:0] [LOG_REPLICA] [Trace:LOG_2_35][2->0] 复制日志结果:[{<nil> 0 false 0} {8944766457827906109 1 false 1} {83701232492691596 1 false 2} {7290116626429539953 7 false 3} {8761287681990128676 12 false 4} {7355512318857408693 17 false 5} {2868131160916657335 20 false 6} {2881557075923219901 22 false 7} {7366687020694406449 27 false 8} {207350842071980911 31 false 9} {4394066000623212794 33 false 10}] 
2025/11/04 16:02:45 [16:02:45.460] [Node:3] [LOG_REPLICA] [Trace:LOG_2_35][2->3] 打印日志结果:[{<nil> 0 false 0} {8944766457827906109 1 false 1} {83701232492691596 1 false 2} {7290116626429539953 7 false 3} {8761287681990128676 12 false 4} {7355512318857408693 17 false 5} {2868131160916657335 20 false 6} {2881557075923219901 22 false 7} {7366687020694406449 27 false 8}] 
2025/11/04 16:02:45 [16:02:45.461] [Node:2] [LOG_REPLICA] [Trace:LOG_2_35][2->0] 心跳返回 from peer:0 term:35 success:true
2025/11/04 16:02:45 [16:02:45.461] [Node:2] [LOG_REPLICA] [Trace:LOG_2_35][2->0] 日志复制返回成功 from peer:0 term:35 agreeCount:2 log [{2868131160916657335 20 false 6} {2881557075923219901 22 false 7} {7366687020694406449 27 false 8} {207350842071980911 31 false 9} {4394066000623212794 33 false 10}]
2025/11/04 16:02:45 [16:02:45.461] [Node:2] [LOG_REPLICA] [Trace:LOG_2_35][2->0] 更新后 server:0 matchIndex:10 nextIndex:11
2025/11/04 16:02:45 [16:02:45.461] [Node:3] [LOG_REPLICA] [Trace:LOG_2_35][2->3] 复制日志结果:[{<nil> 0 false 0} {8944766457827906109 1 false 1} {83701232492691596 1 false 2} {7290116626429539953 7 false 3} {8761287681990128676 12 false 4} {7355512318857408693 17 false 5} {2868131160916657335 20 false 6} {2881557075923219901 22 false 7} {7366687020694406449 27 false 8} {207350842071980911 31 false 9} {4394066000623212794 33 false 10}] 
2025/11/04 16:02:45 [16:02:45.461] [Node:2] [LOG_REPLICA] [Trace:LOG_2_35][2->3] 心跳返回 from peer:3 term:35 success:true
2025/11/04 16:02:45 [16:02:45.462] [Node:2] [LOG_REPLICA] [Trace:LOG_2_35][2->3] 日志复制返回成功 from peer:3 term:35 agreeCount:3 log [{2868131160916657335 20 false 6} {2881557075923219901 22 false 7} {7366687020694406449 27 false 8} {207350842071980911 31 false 9} {4394066000623212794 33 false 10}]
2025/11/04 16:02:45 [16:02:45.462] [Node:2] [LOG_REPLICA] [Trace:LOG_2_35][2->3] 更新后 server:3 matchIndex:10 nextIndex:11
2025/11/04 16:02:45 [16:02:45.486] [Node:0] [HEARTBEAT] [Trace:HB_0_35] Follower等心跳 status FOLLOWER term:35 commitIndex:5
2025/11/04 16:02:45 [16:02:45.532] [Node:3] [HEARTBEAT] [Trace:HB_3_35] Follower等心跳 status FOLLOWER term:35 commitIndex:5
2025/11/04 16:02:45 [16:02:45.534] [Node:0] [RPC_RECV] [Trace:CLIENT_0_1762243365534131000] 接收到日志命令:6661779507659963766 isLeader:false term:35
2025/11/04 16:02:45 [16:02:45.534] [Node:2] [RPC_RECV] [Trace:CLIENT_2_1762243365534237000] 接收到日志命令:7262177311649516318 isLeader:true term:35
2025/11/04 16:02:45 [16:02:45.534] [Node:3] [RPC_RECV] [Trace:CLIENT_3_1762243365534584000] 接收到日志命令:4814298903124918821 isLeader:false term:35
2025/11/04 16:02:45 [16:02:45.538] [Node:1] [RPC_RECV]  恢复持久化状态 currentTerm:24 votedFor:1 logLen:8
2025/11/04 16:02:45 [16:02:45.538] [Node:0] [RPC_RECV] [Trace:CLIENT_0_1762243365538594000] 接收到日志命令:6913793400281236777 isLeader:false term:35
2025/11/04 16:02:45 [16:02:45.538] [Node:1] [HEARTBEAT] [Trace:HB_1_24] Follower等心跳 status FOLLOWER term:24 commitIndex:0
2025/11/04 16:02:45 [16:02:45.538] [Node:1] [RPC_RECV] [Trace:CLIENT_1_1762243365538644000] 接收到日志命令:6292594274540994536 isLeader:false term:24
2025/11/04 16:02:45 [16:02:45.538] [Node:3] [RPC_RECV] [Trace:CLIENT_3_1762243365538673000] 接收到日志命令:9128546927809402571 isLeader:false term:35
2025/11/04 16:02:45 [16:02:45.542] [Node:0] [RPC_RECV] [Trace:CLIENT_0_1762243365542099000] 接收到日志命令:1556264535548433742 isLeader:false term:35
2025/11/04 16:02:45 [16:02:45.542] [Node:1] [RPC_RECV] [Trace:CLIENT_1_1762243365542159000] 接收到日志命令:1930423819975950589 isLeader:false term:24
2025/11/04 16:02:45 [16:02:45.542] [Node:3] [RPC_RECV] [Trace:CLIENT_3_1762243365542191000] 接收到日志命令:5006411439373027385 isLeader:false term:35
2025/11/04 16:02:45 [16:02:45.546] [Node:0] [RPC_RECV] [Trace:CLIENT_0_1762243365546705000] 接收到日志命令:3312289932354153708 isLeader:false term:35
2025/11/04 16:02:45 [16:02:45.546] [Node:1] [RPC_RECV] [Trace:CLIENT_1_1762243365546894000] 接收到日志命令:1217262773043431894 isLeader:false term:24
2025/11/04 16:02:45 [16:02:45.546] [Node:3] [RPC_RECV] [Trace:CLIENT_3_1762243365546972000] 接收到日志命令:5251669499157672246 isLeader:false term:35
2025/11/04 16:02:45 [16:02:45.555] [Node:0] [RPC_RECV] [Trace:CLIENT_0_1762243365555352000] 接收到日志命令:8764907244116688711 isLeader:false term:35
2025/11/04 16:02:45 [16:02:45.555] [Node:1] [RPC_RECV] [Trace:CLIENT_1_1762243365555547000] 接收到日志命令:5058988239893311782 isLeader:false term:24
2025/11/04 16:02:45 [16:02:45.555] [Node:3] [RPC_RECV] [Trace:CLIENT_3_1762243365555634000] 接收到日志命令:4370742187623680991 isLeader:false term:35
2025/11/04 16:02:45 [16:02:45.563] [Node:0] [RPC_RECV] [Trace:CLIENT_0_1762243365563173000] 接收到日志命令:7121904541264320298 isLeader:false term:35
2025/11/04 16:02:45 [16:02:45.563] [Node:1] [RPC_RECV] [Trace:CLIENT_1_1762243365563460000] 接收到日志命令:2201770741342554218 isLeader:false term:24
2025/11/04 16:02:45 [16:02:45.563] [Node:3] [RPC_RECV] [Trace:CLIENT_3_1762243365563700000] 接收到日志命令:5205931614693003545 isLeader:false term:35
2025/11/04 16:02:45 [16:02:45.576] [Node:0] [RPC_RECV] [Trace:CLIENT_0_1762243365576217000] 接收到日志命令:5726206694194321463 isLeader:false term:35
2025/11/04 16:02:45 [16:02:45.576] [Node:1] [RPC_RECV] [Trace:CLIENT_1_1762243365576674000] 接收到日志命令:8472088837193773144 isLeader:false term:24
2025/11/04 16:02:45 [16:02:45.576] [Node:3] [RPC_RECV] [Trace:CLIENT_3_1762243365576807000] 接收到日志命令:7666636857338600598 isLeader:false term:35
2025/11/04 16:02:45 [16:02:45.582] [Node:0] [RPC_RECV] [Trace:CLIENT_0_1762243365582277000] 接收到日志命令:6311423405113312246 isLeader:false term:35
2025/11/04 16:02:45 [16:02:45.582] [Node:1] [RPC_RECV] [Trace:CLIENT_1_1762243365582463000] 接收到日志命令:6766960880886236578 isLeader:false term:24
2025/11/04 16:02:45 [16:02:45.582] [Node:3] [RPC_RECV] [Trace:CLIENT_3_1762243365582626000] 接收到日志命令:668316765333131215 isLeader:false term:35
2025/11/04 16:02:45 [16:02:45.589] [Node:0] [RPC_RECV] [Trace:CLIENT_0_1762243365589739000] 接收到日志命令:5765477526576566418 isLeader:false term:35
2025/11/04 16:02:45 [16:02:45.590] [Node:1] [RPC_RECV] [Trace:CLIENT_1_1762243365590002000] 接收到日志命令:2852802393601094626 isLeader:false term:24
2025/11/04 16:02:45 [16:02:45.590] [Node:3] [RPC_RECV] [Trace:CLIENT_3_1762243365590092000] 接收到日志命令:4961648981782731564 isLeader:false term:35
2025/11/04 16:02:45 [16:02:45.590] [Node:0] [HEARTBEAT] [Trace:HB_0_35] Follower等心跳 status FOLLOWER term:35 commitIndex:5
2025/11/04 16:02:45 [16:02:45.599] [Node:0] [RPC_RECV] [Trace:CLIENT_0_1762243365599574000] 接收到日志命令:6660321814560604174 isLeader:false term:35
2025/11/04 16:02:45 [16:02:45.599] [Node:1] [RPC_RECV] [Trace:CLIENT_1_1762243365599883000] 接收到日志命令:3064751292113856554 isLeader:false term:24
2025/11/04 16:02:45 [16:02:45.599] [Node:3] [RPC_RECV] [Trace:CLIENT_3_1762243365599971000] 接收到日志命令:7535412592536951650 isLeader:false term:35
2025/11/04 16:02:45 [16:02:45.600] [Node:0] [RPC_RECV] [Trace:CLIENT_0_1762243365600057000] 接收到日志命令:8411965980562260613 isLeader:false term:35
2025/11/04 16:02:45 [16:02:45.600] [Node:1] [RPC_RECV] [Trace:CLIENT_1_1762243365600129000] 接收到日志命令:853811331323357508 isLeader:false term:24
2025/11/04 16:02:45 [16:02:45.600] [Node:3] [RPC_RECV] [Trace:CLIENT_3_1762243365600198000] 接收到日志命令:1099352254078870876 isLeader:false term:35
2025/11/04 16:02:45 [16:02:45.607] [Node:0] [RPC_RECV] [Trace:CLIENT_0_1762243365607698000] 接收到日志命令:1533575368410249556 isLeader:false term:35
2025/11/04 16:02:45 [16:02:45.607] [Node:1] [RPC_RECV] [Trace:CLIENT_1_1762243365607908000] 接收到日志命令:2588459572957890055 isLeader:false term:24
2025/11/04 16:02:45 [16:02:45.608] [Node:3] [RPC_RECV] [Trace:CLIENT_3_1762243365608064000] 接收到日志命令:6918556588454729075 isLeader:false term:35
2025/11/04 16:02:45 [16:02:45.632] [Node:3] [HEARTBEAT] [Trace:HB_3_35] Follower等心跳 status FOLLOWER term:35 commitIndex:5
2025/11/04 16:02:45 [16:02:45.638] [Node:1] [HEARTBEAT] [Trace:HB_1_24] Follower等心跳 status FOLLOWER term:24 commitIndex:0
2025/11/04 16:02:45 [16:02:45.690] [Node:0] [HEARTBEAT] [Trace:HB_0_35] Follower等心跳 status FOLLOWER term:35 commitIndex:5
2025/11/04 16:02:45 [16:02:45.733] [Node:3] [HEARTBEAT] [Trace:HB_3_35] Follower等心跳 status FOLLOWER term:35 commitIndex:5
2025/11/04 16:02:45 [16:02:45.739] [Node:1] [HEARTBEAT] [Trace:HB_1_24] Follower等心跳 status FOLLOWER term:24 commitIndex:0
2025/11/04 16:02:45 [16:02:45.765] [Node:0] [INFO] [STATE_CHANGE] FOLLOWER->FOLLOWER term:35 reason:变成Candidate
2025/11/04 16:02:45 [16:02:45.766] [Node:0] [TIMER_EVENT] [Trace:TIMER_0] 超时选举 since:305.421542ms threshold:216.092946ms
2025/11/04 16:02:45 [16:02:45.766] [Node:0] [RPC_SEND] [Trace:ELEC_0_36] 发送选举请求
2025/11/04 16:02:45 [16:02:45.766] [Node:0] [RPC_SEND] [Trace:ELEC_0_36] 发送选举请求
2025/11/04 16:02:45 [16:02:45.766] [Node:0] [RPC_SEND] [Trace:ELEC_0_36] 发送选举请求
2025/11/04 16:02:45 [16:02:45.766] [Node:0] [RPC_SEND] [Trace:ELEC_0_36] 发送选举请求
2025/11/04 16:02:45 [16:02:45.766] [Node:1] [RPC_RECV] [Trace:ELEC_0_36][0->1] RequestVote 接受 term:36 candidateId:0 lastLogIndex:10 lastLogTerm:33 currentTerm:24 status:FOLLOWER
2025/11/04 16:02:45 [16:02:45.766] [Node:1] [INFO] [STATE_CHANGE] FOLLOWER->FOLLOWER term:24 reason:降级成follower
2025/11/04 16:02:45 [16:02:45.766] [Node:3] [RPC_RECV] [Trace:ELEC_0_36][0->3] RequestVote 接受 term:36 candidateId:0 lastLogIndex:10 lastLogTerm:33 currentTerm:35 status:FOLLOWER
2025/11/04 16:02:45 [16:02:45.766] [Node:3] [INFO] [STATE_CHANGE] FOLLOWER->FOLLOWER term:35 reason:降级成follower
2025/11/04 16:02:45 [16:02:45.766] [Node:3] [RPC_RECV] [Trace:ELEC_0_36][0->3] 投票信息 votedFor:-1 lastLogTerm:33 lastLogIndex:10
2025/11/04 16:02:45 [16:02:45.766] [Node:3] [RPC_RECV] [Trace:ELEC_0_36][0->3] 投票给 candidate:0 term:36
2025/11/04 16:02:45 [16:02:45.766] [Node:1] [RPC_RECV] [Trace:ELEC_0_36][0->1] 投票信息 votedFor:-1 lastLogTerm:24 lastLogIndex:7
2025/11/04 16:02:45 [16:02:45.766] [Node:1] [RPC_RECV] [Trace:ELEC_0_36][0->1] 投票给 candidate:0 term:36
2025/11/04 16:02:45 [16:02:45.767] [Node:0] [RPC_SEND] [Trace:ELEC_0_36] 处理投票返回 for term 36 reply:{36 true}
2025/11/04 16:02:45 [16:02:45.767] [Node:0] [RPC_SEND] [Trace:ELEC_0_36] 处理投票返回 for term 36 reply:{36 true}
2025/11/04 16:02:45 [16:02:45.767] [Node:0] [INFO] [STATE_CHANGE] CANDIDATE->LEADER term:36 reason:成为Leader
2025/11/04 16:02:45 [16:02:45.791] [Node:0] [HEARTBEAT] [Trace:HB_0_36] 开始发送心跳广播 status LEADER term:36 commitIndex:5
2025/11/04 16:02:45 [16:02:45.793] [Node:1] [HEARTBEAT] [Trace:LOG_0_36][0->1] AppendEntries 收到 term:36 leaderId:0 prevLogIndex:10 prevLogTerm:33 entries:0 leaderCommit:5 isHeartbeat:true currentTerm:36 status:FOLLOWER
2025/11/04 16:02:45 [16:02:45.793] [Node:1] [HEARTBEAT] [Trace:LOG_0_36][0->1] Rejected: 收到LogEntry，但是log不全， prevLogIndex:10 logLen:8
2025/11/04 16:02:45 [16:02:45.793] [Node:0] [LOG_REPLICA] [Trace:LOG_0_36][0->1] 心跳返回 from peer:1 term:36 success:false
2025/11/04 16:02:45 [16:02:45.793] [Node:0] [LOG_REPLICA] [Trace:LOG_0_36][0->1] 日志复制返回失败，开始快速恢复 for peer:1 starting fast recovery replyLogIndex:1
2025/11/04 16:02:45 [16:02:45.796] [Node:1] [LOG_REPLICA] [Trace:LOG_0_36][0->1] AppendEntries 收到 term:36 leaderId:0 prevLogIndex:0 prevLogTerm:0 entries:10 leaderCommit:5 isHeartbeat:false currentTerm:36 status:FOLLOWER
2025/11/04 16:02:45 [16:02:45.796] [Node:1] [LOG_REPLICA] [Trace:LOG_0_36][0->1] 打印日志结果:[{<nil> 0 false 0} {8944766457827906109 1 false 1} {83701232492691596 1 false 2} {7290116626429539953 7 false 3} {8761287681990128676 12 false 4} {7355512318857408693 17 false 5} {8119290501797179683 19 false 6} {7757513544828901401 24 false 7}] 
2025/11/04 16:02:45 [16:02:45.796] [Node:3] [HEARTBEAT] [Trace:LOG_0_36][0->3] AppendEntries 收到 term:36 leaderId:0 prevLogIndex:10 prevLogTerm:33 entries:0 leaderCommit:5 isHeartbeat:true currentTerm:36 status:FOLLOWER
2025/11/04 16:02:45 [16:02:45.796] [Node:1] [LOG_REPLICA] [Trace:LOG_0_36][0->1] 复制日志结果:[{<nil> 0 false 0} {8944766457827906109 1 false 1} {83701232492691596 1 false 2} {7290116626429539953 7 false 3} {8761287681990128676 12 false 4} {7355512318857408693 17 false 5} {2868131160916657335 20 false 6} {2881557075923219901 22 false 7} {7366687020694406449 27 false 8} {207350842071980911 31 false 9} {4394066000623212794 33 false 10}] 
2025/11/04 16:02:45 [16:02:45.796] [Node:1] [LOG_COMMIT] [Trace:LOG_0_36][0->1] 收到LogEntry，并且Leader已经提交， 本地log 0->5 leaderCommit:5 lastApplied:0
2025/11/04 16:02:45 [16:02:45.796] [Node:3] [HEARTBEAT] [Trace:LOG_0_36][0->3] 打印日志结果:[{<nil> 0 false 0} {8944766457827906109 1 false 1} {83701232492691596 1 false 2} {7290116626429539953 7 false 3} {8761287681990128676 12 false 4} {7355512318857408693 17 false 5} {2868131160916657335 20 false 6} {2881557075923219901 22 false 7} {7366687020694406449 27 false 8} {207350842071980911 31 false 9} {4394066000623212794 33 false 10}] 
2025/11/04 16:02:45 [16:02:45.796] [Node:1] [LOG_COMMIT] [Trace:APPLY_1_10] Applying logs count:10 log:[{8944766457827906109 1 false 1} {83701232492691596 1 false 2} {7290116626429539953 7 false 3} {8761287681990128676 12 false 4} {7355512318857408693 17 false 5} {2868131160916657335 20 false 6} {2881557075923219901 22 false 7} {7366687020694406449 27 false 8} {207350842071980911 31 false 9} {4394066000623212794 33 false 10}] lastApplied:10
2025/11/04 16:02:45 [16:02:45.796] [Node:3] [HEARTBEAT] [Trace:LOG_0_36][0->3] 复制日志结果:[{<nil> 0 false 0} {8944766457827906109 1 false 1} {83701232492691596 1 false 2} {7290116626429539953 7 false 3} {8761287681990128676 12 false 4} {7355512318857408693 17 false 5} {2868131160916657335 20 false 6} {2881557075923219901 22 false 7} {7366687020694406449 27 false 8} {207350842071980911 31 false 9} {4394066000623212794 33 false 10}] 
2025/11/04 16:02:45 [16:02:45.796] [Node:0] [LOG_REPLICA] [Trace:LOG_0_36][0->3] 心跳返回 from peer:3 term:36 success:true
2025/11/04 16:02:45 apply error: commit index=6 server=1 2868131160916657335 != server=3 8119290501797179683
exit status 1
FAIL	learn-6.824/src/raft	9.883s
