Test: one client (3A) ...
2026/01/12 17:05:44 test client put key:0, value:
2026/01/12 17:05:44 server:0 kv client putAppend key:0, value:
2026/01/12 17:05:44 [Node:2] kv server putAppend op:Put, key:0, value:
2026/01/12 17:05:44 [Node:2] kv server putAppend repley:NoLeader
2026/01/12 17:05:44 更新leader before:0, after:1
2026/01/12 17:05:44 server:1 kv client putAppend key repeat reply:NoLeader
2026/01/12 17:05:44 server:1 kv client putAppend key:0, value:
2026/01/12 17:05:44 [Node:1] kv server putAppend op:Put, key:0, value:
2026/01/12 17:05:44 [Node:1] kv server putAppend repley:NoLeader
2026/01/12 17:05:44 更新leader before:1, after:2
2026/01/12 17:05:44 server:2 kv client putAppend key repeat reply:NoLeader
2026/01/12 17:05:44 server:2 kv client putAppend key:0, value:
2026/01/12 17:05:44 [Node:3] kv server putAppend op:Put, key:0, value:
2026/01/12 17:05:44 [Node:3] kv server putAppend repley:NoLeader
2026/01/12 17:05:44 更新leader before:2, after:3
2026/01/12 17:05:44 server:3 kv client putAppend key repeat reply:NoLeader
2026/01/12 17:05:44 server:3 kv client putAppend key:0, value:
2026/01/12 17:05:44 [Node:4] kv server putAppend op:Put, key:0, value:
2026/01/12 17:05:44 [Node:4] kv server putAppend repley:NoLeader
2026/01/12 17:05:44 更新leader before:3, after:4
2026/01/12 17:05:44 server:4 kv client putAppend key repeat reply:NoLeader
2026/01/12 17:05:44 server:4 kv client putAppend key:0, value:
2026/01/12 17:05:44 [Node:0] kv server putAppend op:Put, key:0, value:
2026/01/12 17:05:44 [Node:0] kv server putAppend repley:NoLeader
2026/01/12 17:05:44 更新leader before:4, after:0
2026/01/12 17:05:44 server:0 kv client putAppend key repeat reply:NoLeader
2026/01/12 17:05:44 server:0 kv client putAppend key:0, value:
2026/01/12 17:05:44 [Node:2] kv server putAppend op:Put, key:0, value:
2026/01/12 17:05:44 [Node:2] kv server putAppend repley:NoLeader
2026/01/12 17:05:44 更新leader before:0, after:1
2026/01/12 17:05:44 server:1 kv client putAppend key repeat reply:NoLeader
2026/01/12 17:05:44 server:1 kv client putAppend key:0, value:
2026/01/12 17:05:44 [Node:1] kv server putAppend op:Put, key:0, value:
2026/01/12 17:05:44 [Node:1] kv server putAppend repley:NoLeader
2026/01/12 17:05:44 更新leader before:1, after:2
2026/01/12 17:05:44 server:2 kv client putAppend key repeat reply:NoLeader
2026/01/12 17:05:44 server:2 kv client putAppend key:0, value:
2026/01/12 17:05:44 [Node:3] kv server putAppend op:Put, key:0, value:
2026/01/12 17:05:44 [Node:3] kv server putAppend repley:NoLeader
2026/01/12 17:05:44 更新leader before:2, after:3
2026/01/12 17:05:44 server:3 kv client putAppend key repeat reply:NoLeader
2026/01/12 17:05:44 server:3 kv client putAppend key:0, value:
2026/01/12 17:05:44 [Node:4] kv server putAppend op:Put, key:0, value:
2026/01/12 17:05:44 [Node:4] kv server putAppend repley:NoLeader
2026/01/12 17:05:44 更新leader before:3, after:4
2026/01/12 17:05:44 server:4 kv client putAppend key repeat reply:NoLeader
2026/01/12 17:05:44 server:4 kv client putAppend key:0, value:
2026/01/12 17:05:44 [Node:0] kv server putAppend op:Put, key:0, value:
2026/01/12 17:05:44 [Node:0] kv server putAppend repley:NoLeader
2026/01/12 17:05:44 更新leader before:4, after:0
2026/01/12 17:05:44 server:0 kv client putAppend key repeat reply:NoLeader
2026/01/12 17:05:44 server:0 kv client putAppend key:0, value:
2026/01/12 17:05:44 [Node:2] kv server putAppend op:Put, key:0, value:
2026/01/12 17:05:44 [Node:2] kv server putAppend repley:NoLeader
2026/01/12 17:05:44 更新leader before:0, after:1
2026/01/12 17:05:44 server:1 kv client putAppend key repeat reply:NoLeader
2026/01/12 17:05:44 server:1 kv client putAppend key:0, value:
2026/01/12 17:05:44 [Node:1] kv server putAppend op:Put, key:0, value:
2026/01/12 17:05:44 [Node:1] kv server putAppend repley:NoLeader
2026/01/12 17:05:44 更新leader before:1, after:2
2026/01/12 17:05:44 server:2 kv client putAppend key repeat reply:NoLeader
2026/01/12 17:05:44 server:2 kv client putAppend key:0, value:
2026/01/12 17:05:44 [Node:3] kv server putAppend op:Put, key:0, value:
2026/01/12 17:05:44 [Node:3] kv server putAppend repley:NoLeader
2026/01/12 17:05:44 更新leader before:2, after:3
2026/01/12 17:05:44 server:3 kv client putAppend key repeat reply:NoLeader
2026/01/12 17:05:44 server:3 kv client putAppend key:0, value:
2026/01/12 17:05:44 [Node:4] kv server putAppend op:Put, key:0, value:
2026/01/12 17:05:44 [Node:4] kv server putAppend repley:NoLeader
2026/01/12 17:05:44 更新leader before:3, after:4
2026/01/12 17:05:44 server:4 kv client putAppend key repeat reply:NoLeader
2026/01/12 17:05:44 server:4 kv client putAppend key:0, value:
2026/01/12 17:05:44 [Node:0] kv server putAppend op:Put, key:0, value:
2026/01/12 17:05:44 [Node:0] kv server putAppend repley:NoLeader
2026/01/12 17:05:44 更新leader before:4, after:0
2026/01/12 17:05:44 server:0 kv client putAppend key repeat reply:NoLeader
2026/01/12 17:05:44 server:0 kv client putAppend key:0, value:
2026/01/12 17:05:44 [Node:2] kv server putAppend op:Put, key:0, value:
2026/01/12 17:05:44 [Node:2] kv server putAppend repley:NoLeader
2026/01/12 17:05:44 更新leader before:0, after:1
2026/01/12 17:05:44 server:1 kv client putAppend key repeat reply:NoLeader
2026/01/12 17:05:44 server:1 kv client putAppend key:0, value:
2026/01/12 17:05:44 [Node:1] kv server putAppend op:Put, key:0, value:
2026/01/12 17:05:44 [Node:1] kv server putAppend repley:NoLeader
2026/01/12 17:05:44 更新leader before:1, after:2
2026/01/12 17:05:44 server:2 kv client putAppend key repeat reply:NoLeader
2026/01/12 17:05:44 server:2 kv client putAppend key:0, value:
2026/01/12 17:05:44 [Node:3] kv server putAppend op:Put, key:0, value:
2026/01/12 17:05:44 [Node:3] kv server putAppend repley:NoLeader
2026/01/12 17:05:44 更新leader before:2, after:3
2026/01/12 17:05:44 server:3 kv client putAppend key repeat reply:NoLeader
2026/01/12 17:05:44 server:3 kv client putAppend key:0, value:
2026/01/12 17:05:44 [Node:4] kv server putAppend op:Put, key:0, value:
2026/01/12 17:05:44 [Node:4] kv server putAppend repley:NoLeader
2026/01/12 17:05:44 更新leader before:3, after:4
2026/01/12 17:05:44 server:4 kv client putAppend key repeat reply:NoLeader
2026/01/12 17:05:44 server:4 kv client putAppend key:0, value:
2026/01/12 17:05:44 [Node:0] kv server putAppend op:Put, key:0, value:
2026/01/12 17:05:44 [Node:0] kv server putAppend repley:NoLeader
2026/01/12 17:05:44 更新leader before:4, after:0
2026/01/12 17:05:44 server:0 kv client putAppend key repeat reply:NoLeader
2026/01/12 17:05:44 server:0 kv client putAppend key:0, value:
2026/01/12 17:05:44 [Node:2] kv server putAppend op:Put, key:0, value:
2026/01/12 17:05:44 [Node:2] kv server putAppend repley:NoLeader
2026/01/12 17:05:44 更新leader before:0, after:1
2026/01/12 17:05:44 server:1 kv client putAppend key repeat reply:NoLeader
2026/01/12 17:05:44 server:1 kv client putAppend key:0, value:
2026/01/12 17:05:44 [Node:1] kv server putAppend op:Put, key:0, value:
2026/01/12 17:05:44 [Node:1] kv server putAppend repley:NoLeader
2026/01/12 17:05:44 更新leader before:1, after:2
2026/01/12 17:05:44 server:2 kv client putAppend key repeat reply:NoLeader
2026/01/12 17:05:44 server:2 kv client putAppend key:0, value:
2026/01/12 17:05:44 [Node:3] kv server putAppend op:Put, key:0, value:
2026/01/12 17:05:44 [Node:3] kv server putAppend repley:NoLeader
2026/01/12 17:05:44 更新leader before:2, after:3
2026/01/12 17:05:44 server:3 kv client putAppend key repeat reply:NoLeader
2026/01/12 17:05:44 server:3 kv client putAppend key:0, value:
2026/01/12 17:05:44 [Node:4] kv server putAppend op:Put, key:0, value:
2026/01/12 17:05:44 [Node:4] kv server putAppend repley:NoLeader
2026/01/12 17:05:44 更新leader before:3, after:4
2026/01/12 17:05:44 server:4 kv client putAppend key repeat reply:NoLeader
2026/01/12 17:05:44 server:4 kv client putAppend key:0, value:
2026/01/12 17:05:44 [Node:0] kv server putAppend op:Put, key:0, value:
2026/01/12 17:05:44 [Node:0] kv server putAppend repley:NoLeader
2026/01/12 17:05:44 更新leader before:4, after:0
2026/01/12 17:05:44 server:0 kv client putAppend key repeat reply:NoLeader
2026/01/12 17:05:44 server:0 kv client putAppend key:0, value:
2026/01/12 17:05:44 [Node:2] kv server putAppend op:Put, key:0, value:
2026/01/12 17:05:44 [Node:2] kv server putAppend repley:NoLeader
2026/01/12 17:05:44 更新leader before:0, after:1
2026/01/12 17:05:44 server:1 kv client putAppend key repeat reply:NoLeader
2026/01/12 17:05:44 server:1 kv client putAppend key:0, value:
2026/01/12 17:05:44 [Node:1] kv server putAppend op:Put, key:0, value:
2026/01/12 17:05:44 [Node:1] kv server putAppend repley:NoLeader
2026/01/12 17:05:44 更新leader before:1, after:2
2026/01/12 17:05:44 server:2 kv client putAppend key repeat reply:NoLeader
2026/01/12 17:05:44 server:2 kv client putAppend key:0, value:
2026/01/12 17:05:44 [Node:3] kv server putAppend op:Put, key:0, value:
2026/01/12 17:05:44 [Node:3] kv server putAppend repley:NoLeader
2026/01/12 17:05:44 更新leader before:2, after:3
2026/01/12 17:05:44 server:3 kv client putAppend key repeat reply:NoLeader
2026/01/12 17:05:44 server:3 kv client putAppend key:0, value:
2026/01/12 17:05:44 [Node:4] kv server putAppend op:Put, key:0, value:
2026/01/12 17:05:44 [Node:4] kv server putAppend repley:NoLeader
2026/01/12 17:05:44 更新leader before:3, after:4
2026/01/12 17:05:44 server:4 kv client putAppend key repeat reply:NoLeader
2026/01/12 17:05:44 server:4 kv client putAppend key:0, value:
2026/01/12 17:05:44 [Node:0] kv server putAppend op:Put, key:0, value:
2026/01/12 17:05:44 [Node:0] kv server putAppend repley:NoLeader
2026/01/12 17:05:44 更新leader before:4, after:0
2026/01/12 17:05:44 server:0 kv client putAppend key repeat reply:NoLeader
2026/01/12 17:05:44 server:0 kv client putAppend key:0, value:
2026/01/12 17:05:44 [Node:2] kv server putAppend op:Put, key:0, value:
2026/01/12 17:05:44 [Node:2] kv server putAppend repley:NoLeader
2026/01/12 17:05:44 更新leader before:0, after:1
2026/01/12 17:05:44 server:1 kv client putAppend key repeat reply:NoLeader
2026/01/12 17:05:44 server:1 kv client putAppend key:0, value:
2026/01/12 17:05:44 [Node:1] kv server putAppend op:Put, key:0, value:
2026/01/12 17:05:44 [Node:1] kv server putAppend repley:NoLeader
2026/01/12 17:05:44 更新leader before:1, after:2
2026/01/12 17:05:44 server:2 kv client putAppend key repeat reply:NoLeader
2026/01/12 17:05:44 server:2 kv client putAppend key:0, value:
2026/01/12 17:05:44 [Node:3] kv server putAppend op:Put, key:0, value:
2026/01/12 17:05:44 [Node:3] kv server putAppend repley:NoLeader
2026/01/12 17:05:44 更新leader before:2, after:3
2026/01/12 17:05:44 server:3 kv client putAppend key repeat reply:NoLeader
2026/01/12 17:05:44 server:3 kv client putAppend key:0, value:
2026/01/12 17:05:44 [Node:4] kv server putAppend op:Put, key:0, value:
2026/01/12 17:05:44 [Node:4] kv server putAppend repley:NoLeader
2026/01/12 17:05:44 更新leader before:3, after:4
2026/01/12 17:05:44 server:4 kv client putAppend key repeat reply:NoLeader
2026/01/12 17:05:44 server:4 kv client putAppend key:0, value:
2026/01/12 17:05:44 [Node:0] kv server putAppend op:Put, key:0, value:
2026/01/12 17:05:44 [Node:0] kv server putAppend repley:NoLeader
2026/01/12 17:05:44 更新leader before:4, after:0
2026/01/12 17:05:44 server:0 kv client putAppend key repeat reply:NoLeader
2026/01/12 17:05:44 server:0 kv client putAppend key:0, value:
2026/01/12 17:05:44 [Node:2] kv server putAppend op:Put, key:0, value:
2026/01/12 17:05:44 [Node:2] kv server putAppend repley:NoLeader
2026/01/12 17:05:44 更新leader before:0, after:1
2026/01/12 17:05:44 server:1 kv client putAppend key repeat reply:NoLeader
2026/01/12 17:05:44 server:1 kv client putAppend key:0, value:
2026/01/12 17:05:44 [Node:1] kv server putAppend op:Put, key:0, value:
2026/01/12 17:05:44 [Node:1] kv server putAppend repley:NoLeader
2026/01/12 17:05:44 更新leader before:1, after:2
2026/01/12 17:05:44 server:2 kv client putAppend key repeat reply:NoLeader
2026/01/12 17:05:44 server:2 kv client putAppend key:0, value:
2026/01/12 17:05:44 [Node:3] kv server putAppend op:Put, key:0, value:
2026/01/12 17:05:44 [Node:3] kv server putAppend repley:NoLeader
2026/01/12 17:05:44 更新leader before:2, after:3
2026/01/12 17:05:44 server:3 kv client putAppend key repeat reply:NoLeader
2026/01/12 17:05:44 server:3 kv client putAppend key:0, value:
2026/01/12 17:05:44 [Node:4] kv server putAppend op:Put, key:0, value:
2026/01/12 17:05:44 [Node:4] kv server putAppend repley:NoLeader
2026/01/12 17:05:44 更新leader before:3, after:4
2026/01/12 17:05:44 server:4 kv client putAppend key repeat reply:NoLeader
2026/01/12 17:05:44 server:4 kv client putAppend key:0, value:
2026/01/12 17:05:44 [Node:0] kv server putAppend op:Put, key:0, value:
2026/01/12 17:05:44 [Node:0] kv server putAppend repley:NoLeader
2026/01/12 17:05:44 更新leader before:4, after:0
2026/01/12 17:05:44 server:0 kv client putAppend key repeat reply:NoLeader
2026/01/12 17:05:44 server:0 kv client putAppend key:0, value:
2026/01/12 17:05:44 [Node:2] kv server putAppend op:Put, key:0, value:
2026/01/12 17:05:44 [Node:2] kv server putAppend repley:NoLeader
2026/01/12 17:05:44 更新leader before:0, after:1
2026/01/12 17:05:44 server:1 kv client putAppend key repeat reply:NoLeader
2026/01/12 17:05:44 server:1 kv client putAppend key:0, value:
2026/01/12 17:05:44 [Node:1] kv server putAppend op:Put, key:0, value:
2026/01/12 17:05:44 [Node:1] kv server putAppend repley:NoLeader
2026/01/12 17:05:44 更新leader before:1, after:2
2026/01/12 17:05:44 server:2 kv client putAppend key repeat reply:NoLeader
2026/01/12 17:05:44 server:2 kv client putAppend key:0, value:
2026/01/12 17:05:44 [Node:3] kv server putAppend op:Put, key:0, value:
2026/01/12 17:05:44 [Node:3] kv server putAppend repley:NoLeader
2026/01/12 17:05:44 更新leader before:2, after:3
2026/01/12 17:05:44 server:3 kv client putAppend key repeat reply:NoLeader
2026/01/12 17:05:44 server:3 kv client putAppend key:0, value:
2026/01/12 17:05:44 [Node:4] kv server putAppend op:Put, key:0, value:
2026/01/12 17:05:44 [Node:4] kv server putAppend repley:NoLeader
2026/01/12 17:05:44 更新leader before:3, after:4
2026/01/12 17:05:44 server:4 kv client putAppend key repeat reply:NoLeader
2026/01/12 17:05:44 server:4 kv client putAppend key:0, value:
2026/01/12 17:05:44 [Node:0] kv server putAppend op:Put, key:0, value:
2026/01/12 17:05:44 [Node:0] kv server putAppend repley:NoLeader
2026/01/12 17:05:44 更新leader before:4, after:0
2026/01/12 17:05:44 server:0 kv client putAppend key repeat reply:NoLeader
2026/01/12 17:05:44 server:0 kv client putAppend key:0, value:
2026/01/12 17:05:44 [Node:2] kv server putAppend op:Put, key:0, value:
2026/01/12 17:05:44 [Node:2] kv server putAppend repley:NoLeader
2026/01/12 17:05:44 更新leader before:0, after:1
2026/01/12 17:05:44 server:1 kv client putAppend key repeat reply:NoLeader
2026/01/12 17:05:44 server:1 kv client putAppend key:0, value:
2026/01/12 17:05:44 [Node:1] kv server putAppend op:Put, key:0, value:
2026/01/12 17:05:44 [Node:1] kv server putAppend repley:NoLeader
2026/01/12 17:05:44 更新leader before:1, after:2
2026/01/12 17:05:44 server:2 kv client putAppend key repeat reply:NoLeader
2026/01/12 17:05:44 server:2 kv client putAppend key:0, value:
2026/01/12 17:05:44 [Node:3] kv server putAppend op:Put, key:0, value:
2026/01/12 17:05:44 [Node:3] kv server putAppend repley:NoLeader
2026/01/12 17:05:44 更新leader before:2, after:3
2026/01/12 17:05:44 server:3 kv client putAppend key repeat reply:NoLeader
2026/01/12 17:05:44 server:3 kv client putAppend key:0, value:
2026/01/12 17:05:44 [Node:4] kv server putAppend op:Put, key:0, value:
2026/01/12 17:05:44 [Node:4] kv server putAppend repley:NoLeader
2026/01/12 17:05:44 更新leader before:3, after:4
2026/01/12 17:05:44 server:4 kv client putAppend key repeat reply:NoLeader
2026/01/12 17:05:44 server:4 kv client putAppend key:0, value:
2026/01/12 17:05:44 [Node:0] kv server putAppend op:Put, key:0, value:
2026/01/12 17:05:44 [Node:0] kv server putAppend repley:NoLeader
2026/01/12 17:05:44 更新leader before:4, after:0
2026/01/12 17:05:44 server:0 kv client putAppend key repeat reply:NoLeader
2026/01/12 17:05:44 server:0 kv client putAppend key:0, value:
2026/01/12 17:05:44 [Node:2] kv server putAppend op:Put, key:0, value:
2026/01/12 17:05:44 [Node:2] kv server putAppend repley:NoLeader
2026/01/12 17:05:44 更新leader before:0, after:1
2026/01/12 17:05:44 server:1 kv client putAppend key repeat reply:NoLeader
2026/01/12 17:05:44 server:1 kv client putAppend key:0, value:
2026/01/12 17:05:44 [Node:1] kv server putAppend op:Put, key:0, value:
2026/01/12 17:05:44 [Node:1] kv server putAppend repley:NoLeader
2026/01/12 17:05:44 更新leader before:1, after:2
2026/01/12 17:05:44 server:2 kv client putAppend key repeat reply:NoLeader
2026/01/12 17:05:44 server:2 kv client putAppend key:0, value:
2026/01/12 17:05:44 [Node:3] kv server putAppend op:Put, key:0, value:
2026/01/12 17:05:44 [Node:3] kv server putAppend repley:NoLeader
2026/01/12 17:05:44 更新leader before:2, after:3
2026/01/12 17:05:44 server:3 kv client putAppend key repeat reply:NoLeader
2026/01/12 17:05:44 server:3 kv client putAppend key:0, value:
2026/01/12 17:05:44 [Node:4] kv server putAppend op:Put, key:0, value:
2026/01/12 17:05:44 [Node:4] kv server putAppend repley:NoLeader
2026/01/12 17:05:44 更新leader before:3, after:4
2026/01/12 17:05:44 server:4 kv client putAppend key repeat reply:NoLeader
2026/01/12 17:05:44 server:4 kv client putAppend key:0, value:
2026/01/12 17:05:44 [Node:0] kv server putAppend op:Put, key:0, value:
2026/01/12 17:05:44 [Node:0] kv server putAppend repley:NoLeader
2026/01/12 17:05:44 更新leader before:4, after:0
2026/01/12 17:05:44 server:0 kv client putAppend key repeat reply:NoLeader
2026/01/12 17:05:44 server:0 kv client putAppend key:0, value:
2026/01/12 17:05:44 [Node:2] kv server putAppend op:Put, key:0, value:
2026/01/12 17:05:44 [Node:2] kv server putAppend repley:NoLeader
2026/01/12 17:05:44 更新leader before:0, after:1
2026/01/12 17:05:44 server:1 kv client putAppend key repeat reply:NoLeader
2026/01/12 17:05:44 server:1 kv client putAppend key:0, value:
2026/01/12 17:05:44 [Node:1] kv server putAppend op:Put, key:0, value:
2026/01/12 17:05:44 [Node:1] kv server putAppend repley:NoLeader
2026/01/12 17:05:44 更新leader before:1, after:2
2026/01/12 17:05:44 server:2 kv client putAppend key repeat reply:NoLeader
2026/01/12 17:05:44 server:2 kv client putAppend key:0, value:
2026/01/12 17:05:44 [Node:3] kv server putAppend op:Put, key:0, value:
2026/01/12 17:05:44 [Node:3] kv server putAppend repley:NoLeader
2026/01/12 17:05:44 更新leader before:2, after:3
2026/01/12 17:05:44 server:3 kv client putAppend key repeat reply:NoLeader
2026/01/12 17:05:44 server:3 kv client putAppend key:0, value:
2026/01/12 17:05:44 [Node:4] kv server putAppend op:Put, key:0, value:
2026/01/12 17:05:44 [Node:4] kv server putAppend repley:NoLeader
2026/01/12 17:05:44 更新leader before:3, after:4
2026/01/12 17:05:44 server:4 kv client putAppend key repeat reply:NoLeader
2026/01/12 17:05:44 server:4 kv client putAppend key:0, value:
2026/01/12 17:05:44 [Node:0] kv server putAppend op:Put, key:0, value:
2026/01/12 17:05:44 [Node:0] kv server putAppend repley:NoLeader
2026/01/12 17:05:44 更新leader before:4, after:0
2026/01/12 17:05:44 server:0 kv client putAppend key repeat reply:NoLeader
2026/01/12 17:05:44 server:0 kv client putAppend key:0, value:
2026/01/12 17:05:44 [Node:2] kv server putAppend op:Put, key:0, value:
2026/01/12 17:05:44 [Node:2] kv server putAppend repley:NoLeader
2026/01/12 17:05:44 更新leader before:0, after:1
2026/01/12 17:05:44 server:1 kv client putAppend key repeat reply:NoLeader
2026/01/12 17:05:44 server:1 kv client putAppend key:0, value:
2026/01/12 17:05:44 [Node:1] kv server putAppend op:Put, key:0, value:
2026/01/12 17:05:44 [Node:1] kv server putAppend repley:NoLeader
2026/01/12 17:05:44 更新leader before:1, after:2
2026/01/12 17:05:44 server:2 kv client putAppend key repeat reply:NoLeader
2026/01/12 17:05:44 server:2 kv client putAppend key:0, value:
2026/01/12 17:05:44 [Node:3] kv server putAppend op:Put, key:0, value:
2026/01/12 17:05:44 [Node:3] kv server putAppend repley:NoLeader
2026/01/12 17:05:44 更新leader before:2, after:3
2026/01/12 17:05:44 server:3 kv client putAppend key repeat reply:NoLeader
2026/01/12 17:05:44 server:3 kv client putAppend key:0, value:
2026/01/12 17:05:44 [Node:4] kv server putAppend op:Put, key:0, value:
2026/01/12 17:05:44 [Node:4] kv server putAppend repley:NoLeader
2026/01/12 17:05:44 更新leader before:3, after:4
2026/01/12 17:05:44 server:4 kv client putAppend key repeat reply:NoLeader
2026/01/12 17:05:44 server:4 kv client putAppend key:0, value:
2026/01/12 17:05:44 [Node:0] kv server putAppend op:Put, key:0, value:
2026/01/12 17:05:44 [Node:0] kv server putAppend repley:NoLeader
2026/01/12 17:05:44 更新leader before:4, after:0
2026/01/12 17:05:44 server:0 kv client putAppend key repeat reply:NoLeader
2026/01/12 17:05:44 server:0 kv client putAppend key:0, value:
2026/01/12 17:05:44 [Node:2] kv server putAppend op:Put, key:0, value:
2026/01/12 17:05:44 [Node:2] kv server putAppend repley:NoLeader
2026/01/12 17:05:44 更新leader before:0, after:1
2026/01/12 17:05:44 server:1 kv client putAppend key repeat reply:NoLeader
2026/01/12 17:05:44 server:1 kv client putAppend key:0, value:
2026/01/12 17:05:44 [Node:1] kv server putAppend op:Put, key:0, value:
2026/01/12 17:05:44 [Node:1] kv server putAppend repley:NoLeader
2026/01/12 17:05:44 更新leader before:1, after:2
2026/01/12 17:05:44 server:2 kv client putAppend key repeat reply:NoLeader
2026/01/12 17:05:44 server:2 kv client putAppend key:0, value:
2026/01/12 17:05:44 [Node:3] kv server putAppend op:Put, key:0, value:
2026/01/12 17:05:44 [Node:3] kv server putAppend repley:NoLeader
2026/01/12 17:05:44 更新leader before:2, after:3
2026/01/12 17:05:44 server:3 kv client putAppend key repeat reply:NoLeader
2026/01/12 17:05:44 server:3 kv client putAppend key:0, value:
2026/01/12 17:05:44 [Node:4] kv server putAppend op:Put, key:0, value:
2026/01/12 17:05:44 [Node:4] kv server putAppend repley:NoLeader
2026/01/12 17:05:44 更新leader before:3, after:4
2026/01/12 17:05:44 server:4 kv client putAppend key repeat reply:NoLeader
2026/01/12 17:05:44 server:4 kv client putAppend key:0, value:
2026/01/12 17:05:44 [Node:0] kv server putAppend op:Put, key:0, value:
2026/01/12 17:05:44 [Node:0] kv server putAppend repley:NoLeader
2026/01/12 17:05:44 更新leader before:4, after:0
2026/01/12 17:05:44 server:0 kv client putAppend key repeat reply:NoLeader
2026/01/12 17:05:44 server:0 kv client putAppend key:0, value:
2026/01/12 17:05:44 [Node:2] kv server putAppend op:Put, key:0, value:
2026/01/12 17:05:44 [Node:2] kv server putAppend repley:NoLeader
2026/01/12 17:05:44 更新leader before:0, after:1
2026/01/12 17:05:44 server:1 kv client putAppend key repeat reply:NoLeader
2026/01/12 17:05:44 server:1 kv client putAppend key:0, value:
2026/01/12 17:05:44 [Node:1] kv server putAppend op:Put, key:0, value:
2026/01/12 17:05:44 [Node:1] kv server putAppend repley:NoLeader
2026/01/12 17:05:44 更新leader before:1, after:2
2026/01/12 17:05:44 server:2 kv client putAppend key repeat reply:NoLeader
2026/01/12 17:05:44 server:2 kv client putAppend key:0, value:
2026/01/12 17:05:44 [Node:3] kv server putAppend op:Put, key:0, value:
2026/01/12 17:05:44 [Node:3] kv server putAppend repley:NoLeader
2026/01/12 17:05:44 更新leader before:2, after:3
2026/01/12 17:05:44 server:3 kv client putAppend key repeat reply:NoLeader
2026/01/12 17:05:44 server:3 kv client putAppend key:0, value:
2026/01/12 17:05:44 [Node:4] kv server putAppend op:Put, key:0, value:
2026/01/12 17:05:44 [Node:4] kv server putAppend repley:NoLeader
2026/01/12 17:05:44 更新leader before:3, after:4
2026/01/12 17:05:44 server:4 kv client putAppend key repeat reply:NoLeader
2026/01/12 17:05:44 server:4 kv client putAppend key:0, value:
2026/01/12 17:05:44 [Node:0] kv server putAppend op:Put, key:0, value:
2026/01/12 17:05:44 [Node:0] kv server putAppend repley:NoLeader
2026/01/12 17:05:44 更新leader before:4, after:0
2026/01/12 17:05:44 server:0 kv client putAppend key repeat reply:NoLeader
2026/01/12 17:05:44 server:0 kv client putAppend key:0, value:
2026/01/12 17:05:44 [Node:2] kv server putAppend op:Put, key:0, value:
2026/01/12 17:05:44 [Node:2] kv server putAppend repley:NoLeader
2026/01/12 17:05:44 更新leader before:0, after:1
2026/01/12 17:05:44 server:1 kv client putAppend key repeat reply:NoLeader
2026/01/12 17:05:44 server:1 kv client putAppend key:0, value:
2026/01/12 17:05:44 [Node:1] kv server putAppend op:Put, key:0, value:
2026/01/12 17:05:44 [Node:1] kv server putAppend repley:NoLeader
2026/01/12 17:05:44 更新leader before:1, after:2
2026/01/12 17:05:44 server:2 kv client putAppend key repeat reply:NoLeader
2026/01/12 17:05:44 server:2 kv client putAppend key:0, value:
2026/01/12 17:05:44 [Node:3] kv server putAppend op:Put, key:0, value:
2026/01/12 17:05:44 [Node:3] kv server putAppend repley:NoLeader
2026/01/12 17:05:44 更新leader before:2, after:3
2026/01/12 17:05:44 server:3 kv client putAppend key repeat reply:NoLeader
2026/01/12 17:05:44 server:3 kv client putAppend key:0, value:
2026/01/12 17:05:44 [Node:4] kv server putAppend op:Put, key:0, value:
2026/01/12 17:05:44 [Node:4] kv server putAppend repley:NoLeader
2026/01/12 17:05:44 更新leader before:3, after:4
2026/01/12 17:05:44 server:4 kv client putAppend key repeat reply:NoLeader
2026/01/12 17:05:44 server:4 kv client putAppend key:0, value:
2026/01/12 17:05:44 [Node:0] kv server putAppend op:Put, key:0, value:
2026/01/12 17:05:44 [Node:0] kv server putAppend repley:NoLeader
2026/01/12 17:05:44 更新leader before:4, after:0
2026/01/12 17:05:44 server:0 kv client putAppend key repeat reply:NoLeader
2026/01/12 17:05:44 server:0 kv client putAppend key:0, value:
2026/01/12 17:05:44 [Node:2] kv server putAppend op:Put, key:0, value:
2026/01/12 17:05:44 [Node:2] kv server putAppend repley:NoLeader
2026/01/12 17:05:44 更新leader before:0, after:1
2026/01/12 17:05:44 server:1 kv client putAppend key repeat reply:NoLeader
2026/01/12 17:05:44 server:1 kv client putAppend key:0, value:
2026/01/12 17:05:44 [Node:1] kv server putAppend op:Put, key:0, value:
2026/01/12 17:05:44 [Node:1] kv server putAppend repley:NoLeader
2026/01/12 17:05:44 更新leader before:1, after:2
2026/01/12 17:05:44 server:2 kv client putAppend key repeat reply:NoLeader
2026/01/12 17:05:44 server:2 kv client putAppend key:0, value:
2026/01/12 17:05:44 [Node:3] kv server putAppend op:Put, key:0, value:
2026/01/12 17:05:44 [Node:3] kv server putAppend repley:NoLeader
2026/01/12 17:05:44 更新leader before:2, after:3
2026/01/12 17:05:44 server:3 kv client putAppend key repeat reply:NoLeader
2026/01/12 17:05:44 server:3 kv client putAppend key:0, value:
2026/01/12 17:05:44 [Node:4] kv server putAppend op:Put, key:0, value:
2026/01/12 17:05:44 [Node:4] kv server putAppend repley:NoLeader
2026/01/12 17:05:44 更新leader before:3, after:4
2026/01/12 17:05:44 server:4 kv client putAppend key repeat reply:NoLeader
2026/01/12 17:05:44 server:4 kv client putAppend key:0, value:
2026/01/12 17:05:44 [Node:0] kv server putAppend op:Put, key:0, value:
2026/01/12 17:05:44 [Node:0] kv server putAppend repley:NoLeader
2026/01/12 17:05:44 更新leader before:4, after:0
2026/01/12 17:05:44 server:0 kv client putAppend key repeat reply:NoLeader
2026/01/12 17:05:44 server:0 kv client putAppend key:0, value:
2026/01/12 17:05:44 [Node:2] kv server putAppend op:Put, key:0, value:
2026/01/12 17:05:44 [Node:2] kv server putAppend repley:NoLeader
2026/01/12 17:05:44 更新leader before:0, after:1
2026/01/12 17:05:44 server:1 kv client putAppend key repeat reply:NoLeader
2026/01/12 17:05:44 server:1 kv client putAppend key:0, value:
2026/01/12 17:05:44 [Node:1] kv server putAppend op:Put, key:0, value:
2026/01/12 17:05:44 [Node:1] kv server putAppend repley:NoLeader
2026/01/12 17:05:44 更新leader before:1, after:2
2026/01/12 17:05:44 server:2 kv client putAppend key repeat reply:NoLeader
2026/01/12 17:05:44 server:2 kv client putAppend key:0, value:
2026/01/12 17:05:44 [Node:3] kv server putAppend op:Put, key:0, value:
2026/01/12 17:05:44 [Node:3] kv server putAppend repley:NoLeader
2026/01/12 17:05:44 更新leader before:2, after:3
2026/01/12 17:05:44 server:3 kv client putAppend key repeat reply:NoLeader
2026/01/12 17:05:44 server:3 kv client putAppend key:0, value:
2026/01/12 17:05:44 [Node:4] kv server putAppend op:Put, key:0, value:
2026/01/12 17:05:44 [Node:4] kv server putAppend repley:NoLeader
2026/01/12 17:05:44 更新leader before:3, after:4
2026/01/12 17:05:44 server:4 kv client putAppend key repeat reply:NoLeader
2026/01/12 17:05:44 server:4 kv client putAppend key:0, value:
2026/01/12 17:05:44 [Node:0] kv server putAppend op:Put, key:0, value:
2026/01/12 17:05:44 [Node:0] kv server putAppend repley:NoLeader
2026/01/12 17:05:44 更新leader before:4, after:0
2026/01/12 17:05:44 server:0 kv client putAppend key repeat reply:NoLeader
2026/01/12 17:05:44 server:0 kv client putAppend key:0, value:
2026/01/12 17:05:44 [Node:2] kv server putAppend op:Put, key:0, value:
2026/01/12 17:05:44 [Node:2] kv server putAppend repley:NoLeader
2026/01/12 17:05:44 更新leader before:0, after:1
2026/01/12 17:05:44 server:1 kv client putAppend key repeat reply:NoLeader
2026/01/12 17:05:44 server:1 kv client putAppend key:0, value:
2026/01/12 17:05:44 [Node:1] kv server putAppend op:Put, key:0, value:
2026/01/12 17:05:44 [Node:1] kv server putAppend repley:NoLeader
2026/01/12 17:05:44 更新leader before:1, after:2
2026/01/12 17:05:44 server:2 kv client putAppend key repeat reply:NoLeader
2026/01/12 17:05:44 server:2 kv client putAppend key:0, value:
2026/01/12 17:05:44 [Node:3] kv server putAppend op:Put, key:0, value:
2026/01/12 17:05:44 [Node:3] kv server putAppend repley:NoLeader
2026/01/12 17:05:44 更新leader before:2, after:3
2026/01/12 17:05:44 server:3 kv client putAppend key repeat reply:NoLeader
2026/01/12 17:05:44 server:3 kv client putAppend key:0, value:
2026/01/12 17:05:44 [Node:4] kv server putAppend op:Put, key:0, value:
2026/01/12 17:05:44 [Node:4] kv server putAppend repley:NoLeader
2026/01/12 17:05:44 更新leader before:3, after:4
2026/01/12 17:05:44 server:4 kv client putAppend key repeat reply:NoLeader
2026/01/12 17:05:44 server:4 kv client putAppend key:0, value:
2026/01/12 17:05:44 [Node:0] kv server putAppend op:Put, key:0, value:
2026/01/12 17:05:44 [Node:0] kv server putAppend repley:NoLeader
2026/01/12 17:05:44 更新leader before:4, after:0
2026/01/12 17:05:44 server:0 kv client putAppend key repeat reply:NoLeader
2026/01/12 17:05:44 server:0 kv client putAppend key:0, value:
2026/01/12 17:05:44 [Node:2] kv server putAppend op:Put, key:0, value:
2026/01/12 17:05:44 [Node:2] kv server putAppend repley:NoLeader
2026/01/12 17:05:44 更新leader before:0, after:1
2026/01/12 17:05:44 server:1 kv client putAppend key repeat reply:NoLeader
2026/01/12 17:05:44 server:1 kv client putAppend key:0, value:
2026/01/12 17:05:44 [Node:1] kv server putAppend op:Put, key:0, value:
2026/01/12 17:05:44 [Node:1] kv server putAppend repley:NoLeader
2026/01/12 17:05:44 更新leader before:1, after:2
2026/01/12 17:05:44 server:2 kv client putAppend key repeat reply:NoLeader
2026/01/12 17:05:44 server:2 kv client putAppend key:0, value:
2026/01/12 17:05:44 [Node:3] kv server putAppend op:Put, key:0, value:
2026/01/12 17:05:44 [Node:3] kv server putAppend repley:NoLeader
2026/01/12 17:05:44 更新leader before:2, after:3
2026/01/12 17:05:44 server:3 kv client putAppend key repeat reply:NoLeader
2026/01/12 17:05:44 server:3 kv client putAppend key:0, value:
2026/01/12 17:05:44 [Node:4] kv server putAppend op:Put, key:0, value:
2026/01/12 17:05:44 [Node:4] kv server putAppend repley:NoLeader
2026/01/12 17:05:44 更新leader before:3, after:4
2026/01/12 17:05:44 server:4 kv client putAppend key repeat reply:NoLeader
2026/01/12 17:05:44 server:4 kv client putAppend key:0, value:
2026/01/12 17:05:44 [Node:0] kv server putAppend op:Put, key:0, value:
2026/01/12 17:05:44 [Node:0] kv server putAppend repley:NoLeader
2026/01/12 17:05:44 更新leader before:4, after:0
2026/01/12 17:05:44 server:0 kv client putAppend key repeat reply:NoLeader
2026/01/12 17:05:44 server:0 kv client putAppend key:0, value:
2026/01/12 17:05:44 [Node:2] kv server putAppend op:Put, key:0, value:
2026/01/12 17:05:44 [Node:2] kv server putAppend repley:NoLeader
2026/01/12 17:05:44 更新leader before:0, after:1
2026/01/12 17:05:44 server:1 kv client putAppend key repeat reply:NoLeader
2026/01/12 17:05:44 server:1 kv client putAppend key:0, value:
2026/01/12 17:05:44 [Node:1] kv server putAppend op:Put, key:0, value:
2026/01/12 17:05:44 [Node:1] kv server putAppend repley:NoLeader
2026/01/12 17:05:44 更新leader before:1, after:2
2026/01/12 17:05:44 server:2 kv client putAppend key repeat reply:NoLeader
2026/01/12 17:05:44 server:2 kv client putAppend key:0, value:
2026/01/12 17:05:44 [Node:3] kv server putAppend op:Put, key:0, value:
2026/01/12 17:05:44 [Node:3] kv server putAppend repley:NoLeader
2026/01/12 17:05:44 更新leader before:2, after:3
2026/01/12 17:05:44 server:3 kv client putAppend key repeat reply:NoLeader
2026/01/12 17:05:44 server:3 kv client putAppend key:0, value:
2026/01/12 17:05:44 [Node:4] kv server putAppend op:Put, key:0, value:
2026/01/12 17:05:44 [Node:4] kv server putAppend repley:NoLeader
2026/01/12 17:05:44 更新leader before:3, after:4
2026/01/12 17:05:44 server:4 kv client putAppend key repeat reply:NoLeader
2026/01/12 17:05:44 server:4 kv client putAppend key:0, value:
2026/01/12 17:05:44 [Node:0] kv server putAppend op:Put, key:0, value:
2026/01/12 17:05:44 [Node:0] kv server putAppend repley:NoLeader
2026/01/12 17:05:44 更新leader before:4, after:0
2026/01/12 17:05:44 server:0 kv client putAppend key repeat reply:NoLeader
2026/01/12 17:05:44 server:0 kv client putAppend key:0, value:
2026/01/12 17:05:44 [Node:2] kv server putAppend op:Put, key:0, value:
2026/01/12 17:05:44 [Node:2] kv server putAppend repley:NoLeader
2026/01/12 17:05:44 更新leader before:0, after:1
2026/01/12 17:05:44 server:1 kv client putAppend key repeat reply:NoLeader
2026/01/12 17:05:44 server:1 kv client putAppend key:0, value:
2026/01/12 17:05:44 [Node:1] kv server putAppend op:Put, key:0, value:
2026/01/12 17:05:44 [Node:1] kv server putAppend repley:NoLeader
2026/01/12 17:05:44 更新leader before:1, after:2
2026/01/12 17:05:44 server:2 kv client putAppend key repeat reply:NoLeader
2026/01/12 17:05:44 server:2 kv client putAppend key:0, value:
2026/01/12 17:05:44 [Node:3] kv server putAppend op:Put, key:0, value:
2026/01/12 17:05:44 [Node:3] kv server putAppend repley:NoLeader
2026/01/12 17:05:44 更新leader before:2, after:3
2026/01/12 17:05:44 server:3 kv client putAppend key repeat reply:NoLeader
2026/01/12 17:05:44 server:3 kv client putAppend key:0, value:
2026/01/12 17:05:44 [Node:4] kv server putAppend op:Put, key:0, value:
2026/01/12 17:05:44 [Node:4] kv server putAppend repley:NoLeader
2026/01/12 17:05:44 更新leader before:3, after:4
2026/01/12 17:05:44 server:4 kv client putAppend key repeat reply:NoLeader
2026/01/12 17:05:44 server:4 kv client putAppend key:0, value:
2026/01/12 17:05:44 [Node:0] kv server putAppend op:Put, key:0, value:
2026/01/12 17:05:44 [Node:0] kv server putAppend repley:NoLeader
2026/01/12 17:05:44 更新leader before:4, after:0
2026/01/12 17:05:44 server:0 kv client putAppend key repeat reply:NoLeader
2026/01/12 17:05:44 server:0 kv client putAppend key:0, value:
2026/01/12 17:05:44 [Node:2] kv server putAppend op:Put, key:0, value:
2026/01/12 17:05:44 [Node:2] kv server putAppend repley:NoLeader
2026/01/12 17:05:44 更新leader before:0, after:1
2026/01/12 17:05:44 server:1 kv client putAppend key repeat reply:NoLeader
2026/01/12 17:05:44 server:1 kv client putAppend key:0, value:
2026/01/12 17:05:44 [Node:1] kv server putAppend op:Put, key:0, value:
2026/01/12 17:05:44 [Node:1] kv server putAppend repley:NoLeader
2026/01/12 17:05:44 更新leader before:1, after:2
2026/01/12 17:05:44 server:2 kv client putAppend key repeat reply:NoLeader
2026/01/12 17:05:44 server:2 kv client putAppend key:0, value:
2026/01/12 17:05:44 [Node:3] kv server putAppend op:Put, key:0, value:
2026/01/12 17:05:44 [Node:3] kv server putAppend repley:NoLeader
2026/01/12 17:05:44 更新leader before:2, after:3
2026/01/12 17:05:44 server:3 kv client putAppend key repeat reply:NoLeader
2026/01/12 17:05:44 server:3 kv client putAppend key:0, value:
2026/01/12 17:05:44 [Node:4] kv server putAppend op:Put, key:0, value:
2026/01/12 17:05:44 [Node:4] kv server putAppend repley:NoLeader
2026/01/12 17:05:44 更新leader before:3, after:4
2026/01/12 17:05:44 server:4 kv client putAppend key repeat reply:NoLeader
2026/01/12 17:05:44 server:4 kv client putAppend key:0, value:
2026/01/12 17:05:44 [Node:0] kv server putAppend op:Put, key:0, value:
2026/01/12 17:05:44 [Node:0] kv server putAppend repley:NoLeader
2026/01/12 17:05:44 更新leader before:4, after:0
2026/01/12 17:05:44 server:0 kv client putAppend key repeat reply:NoLeader
2026/01/12 17:05:44 server:0 kv client putAppend key:0, value:
2026/01/12 17:05:44 [Node:2] kv server putAppend op:Put, key:0, value:
2026/01/12 17:05:44 [Node:2] kv server putAppend repley:NoLeader
2026/01/12 17:05:44 更新leader before:0, after:1
2026/01/12 17:05:44 server:1 kv client putAppend key repeat reply:NoLeader
2026/01/12 17:05:44 server:1 kv client putAppend key:0, value:
2026/01/12 17:05:44 [Node:1] kv server putAppend op:Put, key:0, value:
2026/01/12 17:05:44 [Node:1] kv server putAppend repley:NoLeader
2026/01/12 17:05:44 更新leader before:1, after:2
2026/01/12 17:05:44 server:2 kv client putAppend key repeat reply:NoLeader
2026/01/12 17:05:44 server:2 kv client putAppend key:0, value:
2026/01/12 17:05:44 [Node:3] kv server putAppend op:Put, key:0, value:
2026/01/12 17:05:44 [Node:3] kv server putAppend repley:NoLeader
2026/01/12 17:05:44 更新leader before:2, after:3
2026/01/12 17:05:44 server:3 kv client putAppend key repeat reply:NoLeader
2026/01/12 17:05:44 server:3 kv client putAppend key:0, value:
2026/01/12 17:05:44 [Node:4] kv server putAppend op:Put, key:0, value:
2026/01/12 17:05:44 [Node:4] kv server putAppend repley:NoLeader
2026/01/12 17:05:44 更新leader before:3, after:4
2026/01/12 17:05:44 server:4 kv client putAppend key repeat reply:NoLeader
2026/01/12 17:05:44 server:4 kv client putAppend key:0, value:
2026/01/12 17:05:44 [Node:0] kv server putAppend op:Put, key:0, value:
2026/01/12 17:05:44 [Node:0] kv server putAppend repley:NoLeader
2026/01/12 17:05:44 更新leader before:4, after:0
2026/01/12 17:05:44 server:0 kv client putAppend key repeat reply:NoLeader
2026/01/12 17:05:44 server:0 kv client putAppend key:0, value:
2026/01/12 17:05:44 [Node:2] kv server putAppend op:Put, key:0, value:
2026/01/12 17:05:44 [Node:2] kv server putAppend repley:NoLeader
2026/01/12 17:05:44 更新leader before:0, after:1
2026/01/12 17:05:44 server:1 kv client putAppend key repeat reply:NoLeader
2026/01/12 17:05:44 server:1 kv client putAppend key:0, value:
2026/01/12 17:05:44 [Node:1] kv server putAppend op:Put, key:0, value:
2026/01/12 17:05:44 [Node:1] kv server putAppend repley:NoLeader
2026/01/12 17:05:44 更新leader before:1, after:2
2026/01/12 17:05:44 server:2 kv client putAppend key repeat reply:NoLeader
2026/01/12 17:05:44 server:2 kv client putAppend key:0, value:
2026/01/12 17:05:44 [Node:3] kv server putAppend op:Put, key:0, value:
2026/01/12 17:05:44 [Node:3] kv server putAppend repley:NoLeader
2026/01/12 17:05:44 更新leader before:2, after:3
2026/01/12 17:05:44 server:3 kv client putAppend key repeat reply:NoLeader
2026/01/12 17:05:44 server:3 kv client putAppend key:0, value:
2026/01/12 17:05:44 [Node:4] kv server putAppend op:Put, key:0, value:
2026/01/12 17:05:44 [Node:4] kv server putAppend repley:NoLeader
2026/01/12 17:05:44 更新leader before:3, after:4
2026/01/12 17:05:44 server:4 kv client putAppend key repeat reply:NoLeader
2026/01/12 17:05:44 server:4 kv client putAppend key:0, value:
2026/01/12 17:05:44 [Node:0] kv server putAppend op:Put, key:0, value:
2026/01/12 17:05:44 [Node:0] kv server putAppend repley:NoLeader
2026/01/12 17:05:44 更新leader before:4, after:0
2026/01/12 17:05:44 server:0 kv client putAppend key repeat reply:NoLeader
2026/01/12 17:05:44 server:0 kv client putAppend key:0, value:
2026/01/12 17:05:44 [Node:2] kv server putAppend op:Put, key:0, value:
2026/01/12 17:05:44 [Node:2] kv server putAppend repley:NoLeader
2026/01/12 17:05:44 更新leader before:0, after:1
2026/01/12 17:05:44 server:1 kv client putAppend key repeat reply:NoLeader
2026/01/12 17:05:44 server:1 kv client putAppend key:0, value:
2026/01/12 17:05:44 [Node:1] kv server putAppend op:Put, key:0, value:
2026/01/12 17:05:44 [Node:1] kv server putAppend repley:NoLeader
2026/01/12 17:05:44 更新leader before:1, after:2
2026/01/12 17:05:44 server:2 kv client putAppend key repeat reply:NoLeader
2026/01/12 17:05:44 server:2 kv client putAppend key:0, value:
2026/01/12 17:05:44 [Node:3] kv server putAppend op:Put, key:0, value:
2026/01/12 17:05:44 [Node:3] kv server putAppend repley:NoLeader
2026/01/12 17:05:44 更新leader before:2, after:3
2026/01/12 17:05:44 server:3 kv client putAppend key repeat reply:NoLeader
2026/01/12 17:05:44 server:3 kv client putAppend key:0, value:
2026/01/12 17:05:44 [Node:4] kv server putAppend op:Put, key:0, value:
2026/01/12 17:05:44 [Node:4] kv server putAppend repley:NoLeader
2026/01/12 17:05:44 更新leader before:3, after:4
2026/01/12 17:05:44 server:4 kv client putAppend key repeat reply:NoLeader
2026/01/12 17:05:44 server:4 kv client putAppend key:0, value:
2026/01/12 17:05:44 [Node:0] kv server putAppend op:Put, key:0, value:
2026/01/12 17:05:44 [Node:0] kv server putAppend repley:NoLeader
2026/01/12 17:05:44 更新leader before:4, after:0
2026/01/12 17:05:44 server:0 kv client putAppend key repeat reply:NoLeader
2026/01/12 17:05:44 server:0 kv client putAppend key:0, value:
2026/01/12 17:05:44 [Node:2] kv server putAppend op:Put, key:0, value:
2026/01/12 17:05:44 [Node:2] kv server putAppend repley:NoLeader
2026/01/12 17:05:44 更新leader before:0, after:1
2026/01/12 17:05:44 server:1 kv client putAppend key repeat reply:NoLeader
2026/01/12 17:05:44 server:1 kv client putAppend key:0, value:
2026/01/12 17:05:44 [Node:1] kv server putAppend op:Put, key:0, value:
2026/01/12 17:05:44 [Node:1] kv server putAppend repley:NoLeader
2026/01/12 17:05:44 更新leader before:1, after:2
2026/01/12 17:05:44 server:2 kv client putAppend key repeat reply:NoLeader
2026/01/12 17:05:44 server:2 kv client putAppend key:0, value:
2026/01/12 17:05:44 [Node:3] kv server putAppend op:Put, key:0, value:
2026/01/12 17:05:44 [Node:3] kv server putAppend repley:NoLeader
2026/01/12 17:05:44 更新leader before:2, after:3
2026/01/12 17:05:44 server:3 kv client putAppend key repeat reply:NoLeader
2026/01/12 17:05:44 server:3 kv client putAppend key:0, value:
2026/01/12 17:05:44 [Node:4] kv server putAppend op:Put, key:0, value:
2026/01/12 17:05:44 [Node:4] kv server putAppend repley:NoLeader
2026/01/12 17:05:44 更新leader before:3, after:4
2026/01/12 17:05:44 server:4 kv client putAppend key repeat reply:NoLeader
2026/01/12 17:05:44 server:4 kv client putAppend key:0, value:
2026/01/12 17:05:44 [Node:0] kv server putAppend op:Put, key:0, value:
2026/01/12 17:05:44 [Node:0] kv server putAppend repley:NoLeader
2026/01/12 17:05:44 更新leader before:4, after:0
2026/01/12 17:05:44 server:0 kv client putAppend key repeat reply:NoLeader
2026/01/12 17:05:44 server:0 kv client putAppend key:0, value:
2026/01/12 17:05:44 [Node:2] kv server putAppend op:Put, key:0, value:
2026/01/12 17:05:44 [Node:2] kv server putAppend repley:NoLeader
2026/01/12 17:05:44 更新leader before:0, after:1
2026/01/12 17:05:44 server:1 kv client putAppend key repeat reply:NoLeader
2026/01/12 17:05:44 server:1 kv client putAppend key:0, value:
2026/01/12 17:05:44 [Node:1] kv server putAppend op:Put, key:0, value:
2026/01/12 17:05:44 [Node:1] kv server putAppend repley:NoLeader
2026/01/12 17:05:44 更新leader before:1, after:2
2026/01/12 17:05:44 server:2 kv client putAppend key repeat reply:NoLeader
2026/01/12 17:05:44 server:2 kv client putAppend key:0, value:
2026/01/12 17:05:44 [Node:3] kv server putAppend op:Put, key:0, value:
2026/01/12 17:05:44 [Node:3] kv server putAppend repley:NoLeader
2026/01/12 17:05:44 更新leader before:2, after:3
2026/01/12 17:05:44 server:3 kv client putAppend key repeat reply:NoLeader
2026/01/12 17:05:44 server:3 kv client putAppend key:0, value:
2026/01/12 17:05:44 [Node:4] kv server putAppend op:Put, key:0, value:
2026/01/12 17:05:44 [Node:4] kv server putAppend repley:NoLeader
2026/01/12 17:05:44 更新leader before:3, after:4
2026/01/12 17:05:44 server:4 kv client putAppend key repeat reply:NoLeader
2026/01/12 17:05:44 server:4 kv client putAppend key:0, value:
2026/01/12 17:05:44 [Node:0] kv server putAppend op:Put, key:0, value:
2026/01/12 17:05:44 [Node:0] kv server putAppend repley:NoLeader
2026/01/12 17:05:44 更新leader before:4, after:0
2026/01/12 17:05:44 server:0 kv client putAppend key repeat reply:NoLeader
2026/01/12 17:05:44 server:0 kv client putAppend key:0, value:
2026/01/12 17:05:44 [Node:2] kv server putAppend op:Put, key:0, value:
2026/01/12 17:05:44 [Node:2] kv server putAppend repley:NoLeader
2026/01/12 17:05:44 更新leader before:0, after:1
2026/01/12 17:05:44 server:1 kv client putAppend key repeat reply:NoLeader
2026/01/12 17:05:44 server:1 kv client putAppend key:0, value:
2026/01/12 17:05:44 [Node:1] kv server putAppend op:Put, key:0, value:
2026/01/12 17:05:44 [Node:1] kv server putAppend repley:NoLeader
2026/01/12 17:05:44 更新leader before:1, after:2
2026/01/12 17:05:44 server:2 kv client putAppend key repeat reply:NoLeader
2026/01/12 17:05:44 server:2 kv client putAppend key:0, value:
2026/01/12 17:05:44 [Node:3] kv server putAppend op:Put, key:0, value:
2026/01/12 17:05:44 [Node:3] kv server putAppend repley:NoLeader
2026/01/12 17:05:44 更新leader before:2, after:3
2026/01/12 17:05:44 server:3 kv client putAppend key repeat reply:NoLeader
2026/01/12 17:05:44 server:3 kv client putAppend key:0, value:
2026/01/12 17:05:44 [Node:4] kv server putAppend op:Put, key:0, value:
2026/01/12 17:05:44 [Node:4] kv server putAppend repley:NoLeader
2026/01/12 17:05:44 更新leader before:3, after:4
2026/01/12 17:05:44 server:4 kv client putAppend key repeat reply:NoLeader
2026/01/12 17:05:44 server:4 kv client putAppend key:0, value:
2026/01/12 17:05:44 [Node:0] kv server putAppend op:Put, key:0, value:
2026/01/12 17:05:44 [Node:0] kv server putAppend repley:NoLeader
2026/01/12 17:05:44 更新leader before:4, after:0
2026/01/12 17:05:44 server:0 kv client putAppend key repeat reply:NoLeader
2026/01/12 17:05:44 server:0 kv client putAppend key:0, value:
2026/01/12 17:05:44 [Node:2] kv server putAppend op:Put, key:0, value:
2026/01/12 17:05:44 [Node:2] kv server putAppend repley:NoLeader
2026/01/12 17:05:44 更新leader before:0, after:1
2026/01/12 17:05:44 server:1 kv client putAppend key repeat reply:NoLeader
2026/01/12 17:05:44 server:1 kv client putAppend key:0, value:
2026/01/12 17:05:44 [Node:1] kv server putAppend op:Put, key:0, value:
2026/01/12 17:05:44 [Node:1] kv server putAppend repley:NoLeader
2026/01/12 17:05:44 更新leader before:1, after:2
2026/01/12 17:05:44 server:2 kv client putAppend key repeat reply:NoLeader
2026/01/12 17:05:44 server:2 kv client putAppend key:0, value:
2026/01/12 17:05:44 [Node:3] kv server putAppend op:Put, key:0, value:
2026/01/12 17:05:44 [Node:3] kv server putAppend repley:NoLeader
2026/01/12 17:05:44 更新leader before:2, after:3
2026/01/12 17:05:44 server:3 kv client putAppend key repeat reply:NoLeader
2026/01/12 17:05:44 server:3 kv client putAppend key:0, value:
2026/01/12 17:05:44 [Node:4] kv server putAppend op:Put, key:0, value:
2026/01/12 17:05:44 [Node:4] kv server putAppend repley:NoLeader
2026/01/12 17:05:44 更新leader before:3, after:4
2026/01/12 17:05:44 server:4 kv client putAppend key repeat reply:NoLeader
2026/01/12 17:05:44 server:4 kv client putAppend key:0, value:
2026/01/12 17:05:44 [Node:0] kv server putAppend op:Put, key:0, value:
2026/01/12 17:05:44 [Node:0] kv server putAppend repley:NoLeader
2026/01/12 17:05:44 更新leader before:4, after:0
2026/01/12 17:05:44 server:0 kv client putAppend key repeat reply:NoLeader
2026/01/12 17:05:44 server:0 kv client putAppend key:0, value:
2026/01/12 17:05:44 [Node:2] kv server putAppend op:Put, key:0, value:
2026/01/12 17:05:44 [Node:2] kv server putAppend repley:NoLeader
2026/01/12 17:05:44 更新leader before:0, after:1
2026/01/12 17:05:44 server:1 kv client putAppend key repeat reply:NoLeader
2026/01/12 17:05:44 server:1 kv client putAppend key:0, value:
2026/01/12 17:05:44 [Node:1] kv server putAppend op:Put, key:0, value:
2026/01/12 17:05:44 [Node:1] kv server putAppend repley:NoLeader
2026/01/12 17:05:44 更新leader before:1, after:2
2026/01/12 17:05:44 server:2 kv client putAppend key repeat reply:NoLeader
2026/01/12 17:05:44 server:2 kv client putAppend key:0, value:
2026/01/12 17:05:44 [Node:3] kv server putAppend op:Put, key:0, value:
2026/01/12 17:05:44 [Node:3] kv server putAppend repley:NoLeader
2026/01/12 17:05:44 更新leader before:2, after:3
2026/01/12 17:05:44 server:3 kv client putAppend key repeat reply:NoLeader
2026/01/12 17:05:44 server:3 kv client putAppend key:0, value:
2026/01/12 17:05:44 [Node:4] kv server putAppend op:Put, key:0, value:
2026/01/12 17:05:44 [Node:4] kv server putAppend repley:NoLeader
2026/01/12 17:05:44 更新leader before:3, after:4
2026/01/12 17:05:44 server:4 kv client putAppend key repeat reply:NoLeader
2026/01/12 17:05:44 server:4 kv client putAppend key:0, value:
2026/01/12 17:05:44 [Node:0] kv server putAppend op:Put, key:0, value:
2026/01/12 17:05:44 [Node:0] kv server putAppend repley:NoLeader
2026/01/12 17:05:44 更新leader before:4, after:0
2026/01/12 17:05:44 server:0 kv client putAppend key repeat reply:NoLeader
2026/01/12 17:05:44 server:0 kv client putAppend key:0, value:
2026/01/12 17:05:44 [Node:2] kv server putAppend op:Put, key:0, value:
2026/01/12 17:05:44 [Node:2] kv server putAppend repley:NoLeader
2026/01/12 17:05:44 更新leader before:0, after:1
2026/01/12 17:05:44 server:1 kv client putAppend key repeat reply:NoLeader
2026/01/12 17:05:44 server:1 kv client putAppend key:0, value:
2026/01/12 17:05:44 [Node:1] kv server putAppend op:Put, key:0, value:
2026/01/12 17:05:44 [Node:1] kv server putAppend repley:NoLeader
2026/01/12 17:05:44 更新leader before:1, after:2
2026/01/12 17:05:44 server:2 kv client putAppend key repeat reply:NoLeader
2026/01/12 17:05:44 server:2 kv client putAppend key:0, value:
2026/01/12 17:05:44 [Node:3] kv server putAppend op:Put, key:0, value:
2026/01/12 17:05:44 [Node:3] kv server putAppend repley:NoLeader
2026/01/12 17:05:44 更新leader before:2, after:3
2026/01/12 17:05:44 server:3 kv client putAppend key repeat reply:NoLeader
2026/01/12 17:05:44 server:3 kv client putAppend key:0, value:
2026/01/12 17:05:44 [Node:4] kv server putAppend op:Put, key:0, value:
2026/01/12 17:05:44 [Node:4] kv server putAppend repley:NoLeader
2026/01/12 17:05:44 更新leader before:3, after:4
2026/01/12 17:05:44 server:4 kv client putAppend key repeat reply:NoLeader
2026/01/12 17:05:44 server:4 kv client putAppend key:0, value:
2026/01/12 17:05:44 [Node:0] kv server putAppend op:Put, key:0, value:
2026/01/12 17:05:44 [Node:0] kv server putAppend repley:NoLeader
2026/01/12 17:05:44 更新leader before:4, after:0
2026/01/12 17:05:44 server:0 kv client putAppend key repeat reply:NoLeader
2026/01/12 17:05:44 server:0 kv client putAppend key:0, value:
2026/01/12 17:05:44 [Node:2] kv server putAppend op:Put, key:0, value:
2026/01/12 17:05:44 [Node:2] kv server putAppend repley:NoLeader
2026/01/12 17:05:44 更新leader before:0, after:1
2026/01/12 17:05:44 server:1 kv client putAppend key repeat reply:NoLeader
2026/01/12 17:05:44 server:1 kv client putAppend key:0, value:
2026/01/12 17:05:44 [Node:1] kv server putAppend op:Put, key:0, value:
2026/01/12 17:05:44 [Node:1] kv server putAppend repley:NoLeader
2026/01/12 17:05:44 更新leader before:1, after:2
2026/01/12 17:05:44 server:2 kv client putAppend key repeat reply:NoLeader
2026/01/12 17:05:44 server:2 kv client putAppend key:0, value:
2026/01/12 17:05:44 [Node:3] kv server putAppend op:Put, key:0, value:
2026/01/12 17:05:44 [Node:3] kv server putAppend repley:NoLeader
2026/01/12 17:05:44 更新leader before:2, after:3
2026/01/12 17:05:44 server:3 kv client putAppend key repeat reply:NoLeader
2026/01/12 17:05:44 server:3 kv client putAppend key:0, value:
2026/01/12 17:05:44 [Node:4] kv server putAppend op:Put, key:0, value:
2026/01/12 17:05:44 [Node:4] kv server putAppend repley:NoLeader
2026/01/12 17:05:44 更新leader before:3, after:4
2026/01/12 17:05:44 server:4 kv client putAppend key repeat reply:NoLeader
2026/01/12 17:05:44 server:4 kv client putAppend key:0, value:
2026/01/12 17:05:44 [Node:0] kv server putAppend op:Put, key:0, value:
2026/01/12 17:05:44 [Node:0] kv server putAppend repley:NoLeader
2026/01/12 17:05:44 更新leader before:4, after:0
2026/01/12 17:05:44 server:0 kv client putAppend key repeat reply:NoLeader
2026/01/12 17:05:44 server:0 kv client putAppend key:0, value:
2026/01/12 17:05:44 [Node:2] kv server putAppend op:Put, key:0, value:
2026/01/12 17:05:44 [Node:2] kv server putAppend repley:NoLeader
2026/01/12 17:05:44 更新leader before:0, after:1
2026/01/12 17:05:44 server:1 kv client putAppend key repeat reply:NoLeader
2026/01/12 17:05:44 server:1 kv client putAppend key:0, value:
2026/01/12 17:05:44 [Node:1] kv server putAppend op:Put, key:0, value:
2026/01/12 17:05:44 [Node:1] kv server putAppend repley:NoLeader
2026/01/12 17:05:44 更新leader before:1, after:2
2026/01/12 17:05:44 server:2 kv client putAppend key repeat reply:NoLeader
2026/01/12 17:05:44 server:2 kv client putAppend key:0, value:
2026/01/12 17:05:44 [Node:3] kv server putAppend op:Put, key:0, value:
2026/01/12 17:05:44 [Node:3] kv server putAppend repley:NoLeader
2026/01/12 17:05:44 更新leader before:2, after:3
2026/01/12 17:05:44 server:3 kv client putAppend key repeat reply:NoLeader
2026/01/12 17:05:44 server:3 kv client putAppend key:0, value:
2026/01/12 17:05:44 [Node:4] kv server putAppend op:Put, key:0, value:
2026/01/12 17:05:44 [Node:4] kv server putAppend repley:NoLeader
2026/01/12 17:05:44 更新leader before:3, after:4
2026/01/12 17:05:44 server:4 kv client putAppend key repeat reply:NoLeader
2026/01/12 17:05:44 server:4 kv client putAppend key:0, value:
2026/01/12 17:05:44 [Node:0] kv server putAppend op:Put, key:0, value:
2026/01/12 17:05:44 [Node:0] kv server putAppend repley:NoLeader
2026/01/12 17:05:44 更新leader before:4, after:0
2026/01/12 17:05:44 server:0 kv client putAppend key repeat reply:NoLeader
2026/01/12 17:05:44 server:0 kv client putAppend key:0, value:
2026/01/12 17:05:44 [Node:2] kv server putAppend op:Put, key:0, value:
2026/01/12 17:05:44 [Node:2] kv server putAppend repley:NoLeader
2026/01/12 17:05:44 更新leader before:0, after:1
2026/01/12 17:05:44 server:1 kv client putAppend key repeat reply:NoLeader
2026/01/12 17:05:44 server:1 kv client putAppend key:0, value:
2026/01/12 17:05:44 [Node:1] kv server putAppend op:Put, key:0, value:
2026/01/12 17:05:44 [Node:1] kv server putAppend repley:NoLeader
2026/01/12 17:05:44 更新leader before:1, after:2
2026/01/12 17:05:44 server:2 kv client putAppend key repeat reply:NoLeader
2026/01/12 17:05:44 server:2 kv client putAppend key:0, value:
2026/01/12 17:05:44 [Node:3] kv server putAppend op:Put, key:0, value:
2026/01/12 17:05:44 [Node:3] kv server putAppend repley:NoLeader
2026/01/12 17:05:44 更新leader before:2, after:3
2026/01/12 17:05:44 server:3 kv client putAppend key repeat reply:NoLeader
2026/01/12 17:05:44 server:3 kv client putAppend key:0, value:
2026/01/12 17:05:44 [Node:4] kv server putAppend op:Put, key:0, value:
2026/01/12 17:05:44 [Node:4] kv server putAppend repley:NoLeader
2026/01/12 17:05:44 更新leader before:3, after:4
2026/01/12 17:05:44 server:4 kv client putAppend key repeat reply:NoLeader
2026/01/12 17:05:44 server:4 kv client putAppend key:0, value:
2026/01/12 17:05:44 [Node:0] kv server putAppend op:Put, key:0, value:
2026/01/12 17:05:44 [Node:0] kv server putAppend repley:NoLeader
2026/01/12 17:05:44 更新leader before:4, after:0
2026/01/12 17:05:44 server:0 kv client putAppend key repeat reply:NoLeader
2026/01/12 17:05:44 server:0 kv client putAppend key:0, value:
2026/01/12 17:05:44 [Node:2] kv server putAppend op:Put, key:0, value:
2026/01/12 17:05:44 [Node:2] kv server putAppend repley:NoLeader
2026/01/12 17:05:44 更新leader before:0, after:1
2026/01/12 17:05:44 server:1 kv client putAppend key repeat reply:NoLeader
2026/01/12 17:05:44 server:1 kv client putAppend key:0, value:
2026/01/12 17:05:44 [Node:1] kv server putAppend op:Put, key:0, value:
2026/01/12 17:05:44 [Node:1] kv server putAppend repley:NoLeader
2026/01/12 17:05:44 更新leader before:1, after:2
2026/01/12 17:05:44 server:2 kv client putAppend key repeat reply:NoLeader
2026/01/12 17:05:44 server:2 kv client putAppend key:0, value:
2026/01/12 17:05:44 [Node:3] kv server putAppend op:Put, key:0, value:
2026/01/12 17:05:44 [Node:3] kv server putAppend repley:NoLeader
2026/01/12 17:05:44 更新leader before:2, after:3
2026/01/12 17:05:44 server:3 kv client putAppend key repeat reply:NoLeader
2026/01/12 17:05:44 server:3 kv client putAppend key:0, value:
2026/01/12 17:05:44 [Node:4] kv server putAppend op:Put, key:0, value:
2026/01/12 17:05:44 [Node:4] kv server putAppend repley:NoLeader
2026/01/12 17:05:44 更新leader before:3, after:4
2026/01/12 17:05:44 server:4 kv client putAppend key repeat reply:NoLeader
2026/01/12 17:05:44 server:4 kv client putAppend key:0, value:
2026/01/12 17:05:44 [Node:0] kv server putAppend op:Put, key:0, value:
2026/01/12 17:05:44 [Node:0] kv server putAppend repley:NoLeader
2026/01/12 17:05:44 更新leader before:4, after:0
2026/01/12 17:05:44 server:0 kv client putAppend key repeat reply:NoLeader
2026/01/12 17:05:44 server:0 kv client putAppend key:0, value:
2026/01/12 17:05:44 [Node:2] kv server putAppend op:Put, key:0, value:
2026/01/12 17:05:44 [Node:2] kv server putAppend repley:NoLeader
2026/01/12 17:05:44 更新leader before:0, after:1
2026/01/12 17:05:44 server:1 kv client putAppend key repeat reply:NoLeader
2026/01/12 17:05:44 server:1 kv client putAppend key:0, value:
2026/01/12 17:05:44 [Node:1] kv server putAppend op:Put, key:0, value:
2026/01/12 17:05:44 [Node:1] kv server putAppend repley:NoLeader
2026/01/12 17:05:44 更新leader before:1, after:2
2026/01/12 17:05:44 server:2 kv client putAppend key repeat reply:NoLeader
2026/01/12 17:05:44 server:2 kv client putAppend key:0, value:
2026/01/12 17:05:44 [Node:3] kv server putAppend op:Put, key:0, value:
2026/01/12 17:05:44 [Node:3] kv server putAppend repley:NoLeader
2026/01/12 17:05:44 更新leader before:2, after:3
2026/01/12 17:05:44 server:3 kv client putAppend key repeat reply:NoLeader
2026/01/12 17:05:44 server:3 kv client putAppend key:0, value:
2026/01/12 17:05:44 [Node:4] kv server putAppend op:Put, key:0, value:
2026/01/12 17:05:44 [Node:4] kv server putAppend repley:NoLeader
2026/01/12 17:05:44 更新leader before:3, after:4
2026/01/12 17:05:44 server:4 kv client putAppend key repeat reply:NoLeader
2026/01/12 17:05:44 server:4 kv client putAppend key:0, value:
2026/01/12 17:05:44 [Node:0] kv server putAppend op:Put, key:0, value:
2026/01/12 17:05:44 [Node:0] kv server putAppend repley:NoLeader
2026/01/12 17:05:44 更新leader before:4, after:0
2026/01/12 17:05:44 server:0 kv client putAppend key repeat reply:NoLeader
2026/01/12 17:05:44 server:0 kv client putAppend key:0, value:
2026/01/12 17:05:44 [Node:2] kv server putAppend op:Put, key:0, value:
2026/01/12 17:05:44 [Node:2] kv server putAppend repley:NoLeader
2026/01/12 17:05:44 更新leader before:0, after:1
2026/01/12 17:05:44 server:1 kv client putAppend key repeat reply:NoLeader
2026/01/12 17:05:44 server:1 kv client putAppend key:0, value:
2026/01/12 17:05:44 [Node:1] kv server putAppend op:Put, key:0, value:
2026/01/12 17:05:44 [Node:1] kv server putAppend repley:NoLeader
2026/01/12 17:05:44 更新leader before:1, after:2
2026/01/12 17:05:44 server:2 kv client putAppend key repeat reply:NoLeader
2026/01/12 17:05:44 server:2 kv client putAppend key:0, value:
2026/01/12 17:05:44 [Node:3] kv server putAppend op:Put, key:0, value:
2026/01/12 17:05:44 [Node:3] kv server putAppend repley:NoLeader
2026/01/12 17:05:44 更新leader before:2, after:3
2026/01/12 17:05:44 server:3 kv client putAppend key repeat reply:NoLeader
2026/01/12 17:05:44 server:3 kv client putAppend key:0, value:
2026/01/12 17:05:44 [Node:4] kv server putAppend op:Put, key:0, value:
2026/01/12 17:05:44 [Node:4] kv server putAppend repley:NoLeader
2026/01/12 17:05:44 更新leader before:3, after:4
2026/01/12 17:05:44 server:4 kv client putAppend key repeat reply:NoLeader
2026/01/12 17:05:44 server:4 kv client putAppend key:0, value:
2026/01/12 17:05:44 [Node:0] kv server putAppend op:Put, key:0, value:
2026/01/12 17:05:44 [Node:0] kv server putAppend repley:NoLeader
2026/01/12 17:05:44 更新leader before:4, after:0
2026/01/12 17:05:44 server:0 kv client putAppend key repeat reply:NoLeader
2026/01/12 17:05:44 server:0 kv client putAppend key:0, value:
2026/01/12 17:05:44 [Node:2] kv server putAppend op:Put, key:0, value:
2026/01/12 17:05:44 [Node:2] kv server putAppend repley:NoLeader
2026/01/12 17:05:44 更新leader before:0, after:1
2026/01/12 17:05:44 server:1 kv client putAppend key repeat reply:NoLeader
2026/01/12 17:05:44 server:1 kv client putAppend key:0, value:
2026/01/12 17:05:44 [Node:1] kv server putAppend op:Put, key:0, value:
2026/01/12 17:05:44 [Node:1] kv server putAppend repley:NoLeader
2026/01/12 17:05:44 更新leader before:1, after:2
2026/01/12 17:05:44 server:2 kv client putAppend key repeat reply:NoLeader
2026/01/12 17:05:44 server:2 kv client putAppend key:0, value:
2026/01/12 17:05:44 [Node:3] kv server putAppend op:Put, key:0, value:
2026/01/12 17:05:44 [Node:3] kv server putAppend repley:NoLeader
2026/01/12 17:05:44 更新leader before:2, after:3
2026/01/12 17:05:44 server:3 kv client putAppend key repeat reply:NoLeader
2026/01/12 17:05:44 server:3 kv client putAppend key:0, value:
2026/01/12 17:05:44 [Node:4] kv server putAppend op:Put, key:0, value:
2026/01/12 17:05:44 [Node:4] kv server putAppend repley:NoLeader
2026/01/12 17:05:44 更新leader before:3, after:4
2026/01/12 17:05:44 server:4 kv client putAppend key repeat reply:NoLeader
2026/01/12 17:05:44 server:4 kv client putAppend key:0, value:
2026/01/12 17:05:44 [Node:0] kv server putAppend op:Put, key:0, value:
2026/01/12 17:05:44 [Node:0] kv server putAppend repley:NoLeader
2026/01/12 17:05:44 更新leader before:4, after:0
2026/01/12 17:05:44 server:0 kv client putAppend key repeat reply:NoLeader
2026/01/12 17:05:44 server:0 kv client putAppend key:0, value:
2026/01/12 17:05:44 [Node:2] kv server putAppend op:Put, key:0, value:
2026/01/12 17:05:44 [Node:2] kv server putAppend repley:NoLeader
2026/01/12 17:05:44 更新leader before:0, after:1
2026/01/12 17:05:44 server:1 kv client putAppend key repeat reply:NoLeader
2026/01/12 17:05:44 server:1 kv client putAppend key:0, value:
2026/01/12 17:05:44 [Node:1] kv server putAppend op:Put, key:0, value:
2026/01/12 17:05:44 [Node:1] kv server putAppend repley:NoLeader
2026/01/12 17:05:44 更新leader before:1, after:2
2026/01/12 17:05:44 server:2 kv client putAppend key repeat reply:NoLeader
2026/01/12 17:05:44 server:2 kv client putAppend key:0, value:
2026/01/12 17:05:44 [Node:3] kv server putAppend op:Put, key:0, value:
2026/01/12 17:05:44 [Node:3] kv server putAppend repley:NoLeader
2026/01/12 17:05:44 更新leader before:2, after:3
2026/01/12 17:05:44 server:3 kv client putAppend key repeat reply:NoLeader
2026/01/12 17:05:44 server:3 kv client putAppend key:0, value:
2026/01/12 17:05:44 [Node:4] kv server putAppend op:Put, key:0, value:
2026/01/12 17:05:44 [Node:4] kv server putAppend repley:NoLeader
2026/01/12 17:05:44 更新leader before:3, after:4
2026/01/12 17:05:44 server:4 kv client putAppend key repeat reply:NoLeader
2026/01/12 17:05:44 server:4 kv client putAppend key:0, value:
2026/01/12 17:05:44 [Node:0] kv server putAppend op:Put, key:0, value:
2026/01/12 17:05:44 [Node:0] kv server putAppend repley:NoLeader
2026/01/12 17:05:44 更新leader before:4, after:0
2026/01/12 17:05:44 server:0 kv client putAppend key repeat reply:NoLeader
2026/01/12 17:05:44 server:0 kv client putAppend key:0, value:
2026/01/12 17:05:44 [Node:2] kv server putAppend op:Put, key:0, value:
2026/01/12 17:05:44 [Node:2] kv server putAppend repley:NoLeader
2026/01/12 17:05:44 更新leader before:0, after:1
2026/01/12 17:05:44 server:1 kv client putAppend key repeat reply:NoLeader
2026/01/12 17:05:44 server:1 kv client putAppend key:0, value:
2026/01/12 17:05:44 [Node:1] kv server putAppend op:Put, key:0, value:
2026/01/12 17:05:44 [Node:1] kv server putAppend repley:NoLeader
2026/01/12 17:05:44 更新leader before:1, after:2
2026/01/12 17:05:44 server:2 kv client putAppend key repeat reply:NoLeader
2026/01/12 17:05:44 server:2 kv client putAppend key:0, value:
2026/01/12 17:05:44 [Node:3] kv server putAppend op:Put, key:0, value:
2026/01/12 17:05:44 [Node:3] kv server putAppend repley:NoLeader
2026/01/12 17:05:44 更新leader before:2, after:3
2026/01/12 17:05:44 server:3 kv client putAppend key repeat reply:NoLeader
2026/01/12 17:05:44 server:3 kv client putAppend key:0, value:
2026/01/12 17:05:44 [Node:4] kv server putAppend op:Put, key:0, value:
2026/01/12 17:05:44 [Node:4] kv server putAppend repley:NoLeader
2026/01/12 17:05:44 更新leader before:3, after:4
2026/01/12 17:05:44 server:4 kv client putAppend key repeat reply:NoLeader
2026/01/12 17:05:44 server:4 kv client putAppend key:0, value:
2026/01/12 17:05:44 [Node:0] kv server putAppend op:Put, key:0, value:
2026/01/12 17:05:44 [Node:0] kv server putAppend repley:NoLeader
2026/01/12 17:05:44 更新leader before:4, after:0
2026/01/12 17:05:44 server:0 kv client putAppend key repeat reply:NoLeader
2026/01/12 17:05:44 server:0 kv client putAppend key:0, value:
2026/01/12 17:05:44 [Node:2] kv server putAppend op:Put, key:0, value:
2026/01/12 17:05:44 [Node:2] kv server putAppend repley:NoLeader
2026/01/12 17:05:44 更新leader before:0, after:1
2026/01/12 17:05:44 server:1 kv client putAppend key repeat reply:NoLeader
2026/01/12 17:05:44 server:1 kv client putAppend key:0, value:
2026/01/12 17:05:44 [Node:1] kv server putAppend op:Put, key:0, value:
2026/01/12 17:05:44 [Node:1] kv server putAppend repley:NoLeader
2026/01/12 17:05:44 更新leader before:1, after:2
2026/01/12 17:05:44 server:2 kv client putAppend key repeat reply:NoLeader
2026/01/12 17:05:44 server:2 kv client putAppend key:0, value:
2026/01/12 17:05:44 [Node:3] kv server putAppend op:Put, key:0, value:
2026/01/12 17:05:44 [Node:3] kv server putAppend repley:NoLeader
2026/01/12 17:05:44 更新leader before:2, after:3
2026/01/12 17:05:44 server:3 kv client putAppend key repeat reply:NoLeader
2026/01/12 17:05:44 server:3 kv client putAppend key:0, value:
2026/01/12 17:05:44 [Node:4] kv server putAppend op:Put, key:0, value:
2026/01/12 17:05:44 [Node:4] kv server putAppend repley:NoLeader
2026/01/12 17:05:44 更新leader before:3, after:4
2026/01/12 17:05:44 server:4 kv client putAppend key repeat reply:NoLeader
2026/01/12 17:05:44 server:4 kv client putAppend key:0, value:
2026/01/12 17:05:44 [Node:0] kv server putAppend op:Put, key:0, value:
2026/01/12 17:05:44 [Node:0] kv server putAppend repley:NoLeader
2026/01/12 17:05:44 更新leader before:4, after:0
2026/01/12 17:05:44 server:0 kv client putAppend key repeat reply:NoLeader
2026/01/12 17:05:44 server:0 kv client putAppend key:0, value:
2026/01/12 17:05:44 [Node:2] kv server putAppend op:Put, key:0, value:
2026/01/12 17:05:44 [Node:2] kv server putAppend repley:NoLeader
2026/01/12 17:05:44 更新leader before:0, after:1
2026/01/12 17:05:44 server:1 kv client putAppend key repeat reply:NoLeader
2026/01/12 17:05:44 server:1 kv client putAppend key:0, value:
2026/01/12 17:05:44 [Node:1] kv server putAppend op:Put, key:0, value:
2026/01/12 17:05:44 [Node:1] kv server putAppend repley:NoLeader
2026/01/12 17:05:44 更新leader before:1, after:2
2026/01/12 17:05:44 server:2 kv client putAppend key repeat reply:NoLeader
2026/01/12 17:05:44 server:2 kv client putAppend key:0, value:
2026/01/12 17:05:44 [Node:3] kv server putAppend op:Put, key:0, value:
2026/01/12 17:05:44 [Node:3] kv server putAppend repley:NoLeader
2026/01/12 17:05:44 更新leader before:2, after:3
2026/01/12 17:05:44 server:3 kv client putAppend key repeat reply:NoLeader
2026/01/12 17:05:44 server:3 kv client putAppend key:0, value:
2026/01/12 17:05:44 [Node:4] kv server putAppend op:Put, key:0, value:
2026/01/12 17:05:44 [Node:4] kv server putAppend repley:NoLeader
2026/01/12 17:05:44 更新leader before:3, after:4
2026/01/12 17:05:44 server:4 kv client putAppend key repeat reply:NoLeader
2026/01/12 17:05:44 server:4 kv client putAppend key:0, value:
2026/01/12 17:05:44 [Node:0] kv server putAppend op:Put, key:0, value:
2026/01/12 17:05:44 [Node:0] kv server putAppend repley:NoLeader
2026/01/12 17:05:44 更新leader before:4, after:0
2026/01/12 17:05:44 server:0 kv client putAppend key repeat reply:NoLeader
2026/01/12 17:05:44 server:0 kv client putAppend key:0, value:
2026/01/12 17:05:44 [Node:2] kv server putAppend op:Put, key:0, value:
2026/01/12 17:05:44 [Node:2] kv server putAppend repley:NoLeader
2026/01/12 17:05:44 更新leader before:0, after:1
2026/01/12 17:05:44 server:1 kv client putAppend key repeat reply:NoLeader
2026/01/12 17:05:44 server:1 kv client putAppend key:0, value:
2026/01/12 17:05:44 [Node:1] kv server putAppend op:Put, key:0, value:
2026/01/12 17:05:44 [Node:1] kv server putAppend repley:NoLeader
2026/01/12 17:05:44 更新leader before:1, after:2
2026/01/12 17:05:44 server:2 kv client putAppend key repeat reply:NoLeader
2026/01/12 17:05:44 server:2 kv client putAppend key:0, value:
2026/01/12 17:05:44 [Node:3] kv server putAppend op:Put, key:0, value:
2026/01/12 17:05:44 [Node:3] kv server putAppend repley:NoLeader
2026/01/12 17:05:44 更新leader before:2, after:3
2026/01/12 17:05:44 server:3 kv client putAppend key repeat reply:NoLeader
2026/01/12 17:05:44 server:3 kv client putAppend key:0, value:
2026/01/12 17:05:44 [Node:4] kv server putAppend op:Put, key:0, value:
2026/01/12 17:05:44 [Node:4] kv server putAppend repley:NoLeader
2026/01/12 17:05:44 更新leader before:3, after:4
2026/01/12 17:05:44 server:4 kv client putAppend key repeat reply:NoLeader
2026/01/12 17:05:44 server:4 kv client putAppend key:0, value:
2026/01/12 17:05:44 [Node:0] kv server putAppend op:Put, key:0, value:
2026/01/12 17:05:44 [Node:0] kv server putAppend repley:NoLeader
2026/01/12 17:05:44 更新leader before:4, after:0
2026/01/12 17:05:44 server:0 kv client putAppend key repeat reply:NoLeader
2026/01/12 17:05:44 server:0 kv client putAppend key:0, value:
2026/01/12 17:05:44 [Node:2] kv server putAppend op:Put, key:0, value:
2026/01/12 17:05:44 [Node:2] kv server putAppend repley:NoLeader
2026/01/12 17:05:44 更新leader before:0, after:1
2026/01/12 17:05:44 server:1 kv client putAppend key repeat reply:NoLeader
2026/01/12 17:05:44 server:1 kv client putAppend key:0, value:
2026/01/12 17:05:44 [Node:1] kv server putAppend op:Put, key:0, value:
2026/01/12 17:05:44 [Node:1] kv server putAppend repley:NoLeader
2026/01/12 17:05:44 更新leader before:1, after:2
2026/01/12 17:05:44 server:2 kv client putAppend key repeat reply:NoLeader
2026/01/12 17:05:44 server:2 kv client putAppend key:0, value:
2026/01/12 17:05:44 [Node:3] kv server putAppend op:Put, key:0, value:
2026/01/12 17:05:44 [Node:3] kv server putAppend repley:NoLeader
2026/01/12 17:05:44 更新leader before:2, after:3
2026/01/12 17:05:44 server:3 kv client putAppend key repeat reply:NoLeader
2026/01/12 17:05:44 server:3 kv client putAppend key:0, value:
2026/01/12 17:05:44 [Node:4] kv server putAppend op:Put, key:0, value:
2026/01/12 17:05:44 [Node:4] kv server putAppend repley:NoLeader
2026/01/12 17:05:44 更新leader before:3, after:4
2026/01/12 17:05:44 server:4 kv client putAppend key repeat reply:NoLeader
2026/01/12 17:05:44 server:4 kv client putAppend key:0, value:
2026/01/12 17:05:44 [Node:0] kv server putAppend op:Put, key:0, value:
2026/01/12 17:05:44 [Node:0] kv server putAppend repley:NoLeader
2026/01/12 17:05:44 更新leader before:4, after:0
2026/01/12 17:05:44 server:0 kv client putAppend key repeat reply:NoLeader
2026/01/12 17:05:44 server:0 kv client putAppend key:0, value:
2026/01/12 17:05:44 [Node:2] kv server putAppend op:Put, key:0, value:
2026/01/12 17:05:44 [Node:2] kv server putAppend repley:NoLeader
2026/01/12 17:05:44 更新leader before:0, after:1
2026/01/12 17:05:44 server:1 kv client putAppend key repeat reply:NoLeader
2026/01/12 17:05:44 server:1 kv client putAppend key:0, value:
2026/01/12 17:05:44 [Node:1] kv server putAppend op:Put, key:0, value:
2026/01/12 17:05:44 [Node:1] kv server putAppend repley:NoLeader
2026/01/12 17:05:44 更新leader before:1, after:2
2026/01/12 17:05:44 server:2 kv client putAppend key repeat reply:NoLeader
2026/01/12 17:05:44 server:2 kv client putAppend key:0, value:
2026/01/12 17:05:44 [Node:3] kv server putAppend op:Put, key:0, value:
2026/01/12 17:05:44 [Node:3] kv server putAppend repley:NoLeader
2026/01/12 17:05:44 更新leader before:2, after:3
2026/01/12 17:05:44 server:3 kv client putAppend key repeat reply:NoLeader
2026/01/12 17:05:44 server:3 kv client putAppend key:0, value:
2026/01/12 17:05:44 [Node:4] kv server putAppend op:Put, key:0, value:
2026/01/12 17:05:44 [Node:4] kv server putAppend repley:NoLeader
2026/01/12 17:05:44 更新leader before:3, after:4
2026/01/12 17:05:44 server:4 kv client putAppend key repeat reply:NoLeader
2026/01/12 17:05:44 server:4 kv client putAppend key:0, value:
2026/01/12 17:05:44 [Node:0] kv server putAppend op:Put, key:0, value:
2026/01/12 17:05:44 [Node:0] kv server putAppend repley:NoLeader
2026/01/12 17:05:44 更新leader before:4, after:0
2026/01/12 17:05:44 server:0 kv client putAppend key repeat reply:NoLeader
2026/01/12 17:05:44 server:0 kv client putAppend key:0, value:
2026/01/12 17:05:44 [Node:2] kv server putAppend op:Put, key:0, value:
2026/01/12 17:05:44 [Node:2] kv server putAppend repley:NoLeader
2026/01/12 17:05:44 更新leader before:0, after:1
2026/01/12 17:05:44 server:1 kv client putAppend key repeat reply:NoLeader
2026/01/12 17:05:44 server:1 kv client putAppend key:0, value:
2026/01/12 17:05:44 [Node:1] kv server putAppend op:Put, key:0, value:
2026/01/12 17:05:44 [Node:1] kv server putAppend repley:NoLeader
2026/01/12 17:05:44 更新leader before:1, after:2
2026/01/12 17:05:44 server:2 kv client putAppend key repeat reply:NoLeader
2026/01/12 17:05:44 server:2 kv client putAppend key:0, value:
2026/01/12 17:05:44 [Node:3] kv server putAppend op:Put, key:0, value:
2026/01/12 17:05:44 [Node:3] kv server putAppend repley:NoLeader
2026/01/12 17:05:44 更新leader before:2, after:3
2026/01/12 17:05:44 server:3 kv client putAppend key repeat reply:NoLeader
2026/01/12 17:05:44 server:3 kv client putAppend key:0, value:
2026/01/12 17:05:44 [Node:4] kv server putAppend op:Put, key:0, value:
2026/01/12 17:05:44 [Node:4] kv server putAppend repley:NoLeader
2026/01/12 17:05:44 更新leader before:3, after:4
2026/01/12 17:05:44 server:4 kv client putAppend key repeat reply:NoLeader
2026/01/12 17:05:44 server:4 kv client putAppend key:0, value:
2026/01/12 17:05:44 [Node:0] kv server putAppend op:Put, key:0, value:
2026/01/12 17:05:44 [Node:0] kv server putAppend repley:NoLeader
2026/01/12 17:05:44 更新leader before:4, after:0
2026/01/12 17:05:44 server:0 kv client putAppend key repeat reply:NoLeader
2026/01/12 17:05:44 server:0 kv client putAppend key:0, value:
2026/01/12 17:05:44 [Node:2] kv server putAppend op:Put, key:0, value:
2026/01/12 17:05:44 [Node:2] kv server putAppend repley:NoLeader
2026/01/12 17:05:44 更新leader before:0, after:1
2026/01/12 17:05:44 server:1 kv client putAppend key repeat reply:NoLeader
2026/01/12 17:05:44 server:1 kv client putAppend key:0, value:
2026/01/12 17:05:44 [Node:1] kv server putAppend op:Put, key:0, value:
2026/01/12 17:05:44 [Node:1] kv server putAppend repley:NoLeader
2026/01/12 17:05:44 更新leader before:1, after:2
2026/01/12 17:05:44 server:2 kv client putAppend key repeat reply:NoLeader
2026/01/12 17:05:44 server:2 kv client putAppend key:0, value:
2026/01/12 17:05:44 [Node:3] kv server putAppend op:Put, key:0, value:
2026/01/12 17:05:44 [Node:3] kv server putAppend repley:NoLeader
2026/01/12 17:05:44 更新leader before:2, after:3
2026/01/12 17:05:44 server:3 kv client putAppend key repeat reply:NoLeader
2026/01/12 17:05:44 server:3 kv client putAppend key:0, value:
2026/01/12 17:05:44 [Node:4] kv server putAppend op:Put, key:0, value:
2026/01/12 17:05:44 [Node:4] kv server putAppend repley:NoLeader
2026/01/12 17:05:44 更新leader before:3, after:4
2026/01/12 17:05:44 server:4 kv client putAppend key repeat reply:NoLeader
2026/01/12 17:05:44 server:4 kv client putAppend key:0, value:
2026/01/12 17:05:44 [Node:0] kv server putAppend op:Put, key:0, value:
2026/01/12 17:05:44 [Node:0] kv server putAppend repley:NoLeader
2026/01/12 17:05:44 更新leader before:4, after:0
2026/01/12 17:05:44 server:0 kv client putAppend key repeat reply:NoLeader
2026/01/12 17:05:44 server:0 kv client putAppend key:0, value:
2026/01/12 17:05:44 [Node:2] kv server putAppend op:Put, key:0, value:
2026/01/12 17:05:44 [Node:2] kv server putAppend repley:NoLeader
2026/01/12 17:05:44 更新leader before:0, after:1
2026/01/12 17:05:44 server:1 kv client putAppend key repeat reply:NoLeader
2026/01/12 17:05:44 server:1 kv client putAppend key:0, value:
2026/01/12 17:05:44 [Node:1] kv server putAppend op:Put, key:0, value:
2026/01/12 17:05:44 [Node:1] kv server putAppend repley:NoLeader
2026/01/12 17:05:44 更新leader before:1, after:2
2026/01/12 17:05:44 server:2 kv client putAppend key repeat reply:NoLeader
2026/01/12 17:05:44 server:2 kv client putAppend key:0, value:
2026/01/12 17:05:44 [Node:3] kv server putAppend op:Put, key:0, value:
2026/01/12 17:05:44 [Node:3] kv server putAppend repley:NoLeader
2026/01/12 17:05:44 更新leader before:2, after:3
2026/01/12 17:05:44 server:3 kv client putAppend key repeat reply:NoLeader
2026/01/12 17:05:44 server:3 kv client putAppend key:0, value:
2026/01/12 17:05:44 [Node:4] kv server putAppend op:Put, key:0, value:
2026/01/12 17:05:44 [Node:4] kv server putAppend repley:NoLeader
2026/01/12 17:05:44 更新leader before:3, after:4
2026/01/12 17:05:44 server:4 kv client putAppend key repeat reply:NoLeader
2026/01/12 17:05:44 server:4 kv client putAppend key:0, value:
2026/01/12 17:05:44 [Node:0] kv server putAppend op:Put, key:0, value:
2026/01/12 17:05:44 [Node:0] kv server putAppend repley:NoLeader
2026/01/12 17:05:44 更新leader before:4, after:0
2026/01/12 17:05:44 server:0 kv client putAppend key repeat reply:NoLeader
2026/01/12 17:05:44 server:0 kv client putAppend key:0, value:
2026/01/12 17:05:44 [Node:2] kv server putAppend op:Put, key:0, value:
2026/01/12 17:05:44 [Node:2] kv server putAppend repley:NoLeader
2026/01/12 17:05:44 更新leader before:0, after:1
2026/01/12 17:05:44 server:1 kv client putAppend key repeat reply:NoLeader
2026/01/12 17:05:44 server:1 kv client putAppend key:0, value:
2026/01/12 17:05:44 [Node:1] kv server putAppend op:Put, key:0, value:
2026/01/12 17:05:44 [Node:1] kv server putAppend repley:NoLeader
2026/01/12 17:05:44 更新leader before:1, after:2
2026/01/12 17:05:44 server:2 kv client putAppend key repeat reply:NoLeader
2026/01/12 17:05:44 server:2 kv client putAppend key:0, value:
2026/01/12 17:05:44 [Node:3] kv server putAppend op:Put, key:0, value:
2026/01/12 17:05:44 [Node:3] kv server putAppend repley:NoLeader
2026/01/12 17:05:44 更新leader before:2, after:3
2026/01/12 17:05:44 server:3 kv client putAppend key repeat reply:NoLeader
2026/01/12 17:05:44 server:3 kv client putAppend key:0, value:
2026/01/12 17:05:44 [Node:4] kv server putAppend op:Put, key:0, value:
2026/01/12 17:05:44 [Node:4] kv server putAppend repley:NoLeader
2026/01/12 17:05:44 更新leader before:3, after:4
2026/01/12 17:05:44 server:4 kv client putAppend key repeat reply:NoLeader
2026/01/12 17:05:44 server:4 kv client putAppend key:0, value:
2026/01/12 17:05:44 [Node:0] kv server putAppend op:Put, key:0, value:
2026/01/12 17:05:44 [Node:0] kv server putAppend repley:NoLeader
2026/01/12 17:05:44 更新leader before:4, after:0
2026/01/12 17:05:44 server:0 kv client putAppend key repeat reply:NoLeader
2026/01/12 17:05:44 server:0 kv client putAppend key:0, value:
2026/01/12 17:05:44 [Node:2] kv server putAppend op:Put, key:0, value:
2026/01/12 17:05:44 [Node:2] kv server putAppend repley:NoLeader
2026/01/12 17:05:44 更新leader before:0, after:1
2026/01/12 17:05:44 server:1 kv client putAppend key repeat reply:NoLeader
2026/01/12 17:05:44 server:1 kv client putAppend key:0, value:
2026/01/12 17:05:44 [Node:1] kv server putAppend op:Put, key:0, value:
2026/01/12 17:05:44 [Node:1] kv server putAppend repley:NoLeader
2026/01/12 17:05:44 更新leader before:1, after:2
2026/01/12 17:05:44 server:2 kv client putAppend key repeat reply:NoLeader
2026/01/12 17:05:44 server:2 kv client putAppend key:0, value:
2026/01/12 17:05:44 [Node:3] kv server putAppend op:Put, key:0, value:
2026/01/12 17:05:44 [Node:3] kv server putAppend repley:NoLeader
2026/01/12 17:05:44 更新leader before:2, after:3
2026/01/12 17:05:44 server:3 kv client putAppend key repeat reply:NoLeader
2026/01/12 17:05:44 server:3 kv client putAppend key:0, value:
2026/01/12 17:05:44 [Node:4] kv server putAppend op:Put, key:0, value:
2026/01/12 17:05:44 [Node:4] kv server putAppend repley:NoLeader
2026/01/12 17:05:44 更新leader before:3, after:4
2026/01/12 17:05:44 server:4 kv client putAppend key repeat reply:NoLeader
2026/01/12 17:05:44 server:4 kv client putAppend key:0, value:
2026/01/12 17:05:44 [Node:0] kv server putAppend op:Put, key:0, value:
2026/01/12 17:05:44 [Node:0] kv server putAppend repley:NoLeader
2026/01/12 17:05:44 更新leader before:4, after:0
2026/01/12 17:05:44 server:0 kv client putAppend key repeat reply:NoLeader
2026/01/12 17:05:44 server:0 kv client putAppend key:0, value:
2026/01/12 17:05:44 [Node:2] kv server putAppend op:Put, key:0, value:
2026/01/12 17:05:44 [Node:2] kv server putAppend repley:NoLeader
2026/01/12 17:05:44 更新leader before:0, after:1
2026/01/12 17:05:44 server:1 kv client putAppend key repeat reply:NoLeader
2026/01/12 17:05:44 server:1 kv client putAppend key:0, value:
2026/01/12 17:05:44 [Node:1] kv server putAppend op:Put, key:0, value:
2026/01/12 17:05:44 [Node:1] kv server putAppend repley:NoLeader
2026/01/12 17:05:44 更新leader before:1, after:2
2026/01/12 17:05:44 server:2 kv client putAppend key repeat reply:NoLeader
2026/01/12 17:05:44 server:2 kv client putAppend key:0, value:
2026/01/12 17:05:44 [Node:3] kv server putAppend op:Put, key:0, value:
2026/01/12 17:05:44 [Node:3] kv server putAppend repley:NoLeader
2026/01/12 17:05:44 更新leader before:2, after:3
2026/01/12 17:05:44 server:3 kv client putAppend key repeat reply:NoLeader
2026/01/12 17:05:44 server:3 kv client putAppend key:0, value:
2026/01/12 17:05:44 [Node:4] kv server putAppend op:Put, key:0, value:
2026/01/12 17:05:44 [Node:4] kv server putAppend repley:NoLeader
2026/01/12 17:05:44 更新leader before:3, after:4
2026/01/12 17:05:44 server:4 kv client putAppend key repeat reply:NoLeader
2026/01/12 17:05:44 server:4 kv client putAppend key:0, value:
2026/01/12 17:05:44 [Node:0] kv server putAppend op:Put, key:0, value:
2026/01/12 17:05:44 [Node:0] kv server putAppend repley:NoLeader
2026/01/12 17:05:44 更新leader before:4, after:0
2026/01/12 17:05:44 server:0 kv client putAppend key repeat reply:NoLeader
2026/01/12 17:05:44 server:0 kv client putAppend key:0, value:
2026/01/12 17:05:44 [Node:2] kv server putAppend op:Put, key:0, value:
2026/01/12 17:05:44 [Node:2] kv server putAppend repley:NoLeader
2026/01/12 17:05:44 更新leader before:0, after:1
2026/01/12 17:05:44 server:1 kv client putAppend key repeat reply:NoLeader
2026/01/12 17:05:44 server:1 kv client putAppend key:0, value:
2026/01/12 17:05:44 [Node:1] kv server putAppend op:Put, key:0, value:
2026/01/12 17:05:44 [Node:1] kv server putAppend repley:NoLeader
2026/01/12 17:05:44 更新leader before:1, after:2
2026/01/12 17:05:44 server:2 kv client putAppend key repeat reply:NoLeader
2026/01/12 17:05:44 server:2 kv client putAppend key:0, value:
2026/01/12 17:05:44 [Node:3] kv server putAppend op:Put, key:0, value:
2026/01/12 17:05:44 [Node:3] kv server putAppend repley:NoLeader
2026/01/12 17:05:44 更新leader before:2, after:3
2026/01/12 17:05:44 server:3 kv client putAppend key repeat reply:NoLeader
2026/01/12 17:05:44 server:3 kv client putAppend key:0, value:
2026/01/12 17:05:44 [Node:4] kv server putAppend op:Put, key:0, value:
2026/01/12 17:05:44 [Node:4] kv server putAppend repley:NoLeader
2026/01/12 17:05:44 更新leader before:3, after:4
2026/01/12 17:05:44 server:4 kv client putAppend key repeat reply:NoLeader
2026/01/12 17:05:44 server:4 kv client putAppend key:0, value:
2026/01/12 17:05:44 [Node:0] kv server putAppend op:Put, key:0, value:
2026/01/12 17:05:44 [Node:0] kv server putAppend repley:NoLeader
2026/01/12 17:05:44 更新leader before:4, after:0
2026/01/12 17:05:44 server:0 kv client putAppend key repeat reply:NoLeader
2026/01/12 17:05:44 server:0 kv client putAppend key:0, value:
2026/01/12 17:05:44 [Node:2] kv server putAppend op:Put, key:0, value:
2026/01/12 17:05:44 [Node:2] kv server putAppend repley:NoLeader
2026/01/12 17:05:44 更新leader before:0, after:1
2026/01/12 17:05:44 server:1 kv client putAppend key repeat reply:NoLeader
2026/01/12 17:05:44 server:1 kv client putAppend key:0, value:
2026/01/12 17:05:44 [Node:1] kv server putAppend op:Put, key:0, value:
2026/01/12 17:05:44 [Node:1] kv server putAppend repley:NoLeader
2026/01/12 17:05:44 更新leader before:1, after:2
2026/01/12 17:05:44 server:2 kv client putAppend key repeat reply:NoLeader
2026/01/12 17:05:44 server:2 kv client putAppend key:0, value:
2026/01/12 17:05:44 [Node:3] kv server putAppend op:Put, key:0, value:
2026/01/12 17:05:44 [Node:3] kv server putAppend repley:NoLeader
2026/01/12 17:05:44 更新leader before:2, after:3
2026/01/12 17:05:44 server:3 kv client putAppend key repeat reply:NoLeader
2026/01/12 17:05:44 server:3 kv client putAppend key:0, value:
2026/01/12 17:05:44 [Node:4] kv server putAppend op:Put, key:0, value:
2026/01/12 17:05:44 [Node:4] kv server putAppend repley:NoLeader
2026/01/12 17:05:44 更新leader before:3, after:4
2026/01/12 17:05:44 server:4 kv client putAppend key repeat reply:NoLeader
2026/01/12 17:05:44 server:4 kv client putAppend key:0, value:
2026/01/12 17:05:44 [Node:0] kv server putAppend op:Put, key:0, value:
2026/01/12 17:05:44 [Node:0] kv server putAppend repley:NoLeader
2026/01/12 17:05:44 更新leader before:4, after:0
2026/01/12 17:05:44 server:0 kv client putAppend key repeat reply:NoLeader
2026/01/12 17:05:44 server:0 kv client putAppend key:0, value:
2026/01/12 17:05:44 [Node:2] kv server putAppend op:Put, key:0, value:
2026/01/12 17:05:44 [Node:2] kv server putAppend repley:NoLeader
2026/01/12 17:05:44 更新leader before:0, after:1
2026/01/12 17:05:44 server:1 kv client putAppend key repeat reply:NoLeader
2026/01/12 17:05:44 server:1 kv client putAppend key:0, value:
2026/01/12 17:05:44 [Node:1] kv server putAppend op:Put, key:0, value:
2026/01/12 17:05:44 [Node:1] kv server putAppend repley:NoLeader
2026/01/12 17:05:44 更新leader before:1, after:2
2026/01/12 17:05:44 server:2 kv client putAppend key repeat reply:NoLeader
2026/01/12 17:05:44 server:2 kv client putAppend key:0, value:
2026/01/12 17:05:44 [Node:3] kv server putAppend op:Put, key:0, value:
2026/01/12 17:05:44 [Node:3] kv server putAppend repley:NoLeader
2026/01/12 17:05:44 更新leader before:2, after:3
2026/01/12 17:05:44 server:3 kv client putAppend key repeat reply:NoLeader
2026/01/12 17:05:44 server:3 kv client putAppend key:0, value:
2026/01/12 17:05:44 [Node:4] kv server putAppend op:Put, key:0, value:
2026/01/12 17:05:44 [Node:4] kv server putAppend repley:NoLeader
2026/01/12 17:05:44 更新leader before:3, after:4
2026/01/12 17:05:44 server:4 kv client putAppend key repeat reply:NoLeader
2026/01/12 17:05:44 server:4 kv client putAppend key:0, value:
2026/01/12 17:05:44 [Node:0] kv server putAppend op:Put, key:0, value:
2026/01/12 17:05:44 [Node:0] kv server putAppend repley:NoLeader
2026/01/12 17:05:44 更新leader before:4, after:0
2026/01/12 17:05:44 server:0 kv client putAppend key repeat reply:NoLeader
2026/01/12 17:05:44 server:0 kv client putAppend key:0, value:
2026/01/12 17:05:44 [Node:2] kv server putAppend op:Put, key:0, value:
2026/01/12 17:05:44 [Node:2] kv server putAppend repley:NoLeader
2026/01/12 17:05:44 更新leader before:0, after:1
2026/01/12 17:05:44 server:1 kv client putAppend key repeat reply:NoLeader
2026/01/12 17:05:44 server:1 kv client putAppend key:0, value:
2026/01/12 17:05:44 [Node:1] kv server putAppend op:Put, key:0, value:
2026/01/12 17:05:44 [Node:1] kv server putAppend repley:NoLeader
2026/01/12 17:05:44 更新leader before:1, after:2
2026/01/12 17:05:44 server:2 kv client putAppend key repeat reply:NoLeader
2026/01/12 17:05:44 server:2 kv client putAppend key:0, value:
2026/01/12 17:05:44 [Node:3] kv server putAppend op:Put, key:0, value:
2026/01/12 17:05:44 [Node:3] kv server putAppend repley:NoLeader
2026/01/12 17:05:44 更新leader before:2, after:3
2026/01/12 17:05:44 server:3 kv client putAppend key repeat reply:NoLeader
2026/01/12 17:05:44 server:3 kv client putAppend key:0, value:
2026/01/12 17:05:44 [Node:4] kv server putAppend op:Put, key:0, value:
2026/01/12 17:05:44 [Node:4] kv server putAppend repley:NoLeader
2026/01/12 17:05:44 更新leader before:3, after:4
2026/01/12 17:05:44 server:4 kv client putAppend key repeat reply:NoLeader
2026/01/12 17:05:44 server:4 kv client putAppend key:0, value:
2026/01/12 17:05:44 [Node:0] kv server putAppend op:Put, key:0, value:
2026/01/12 17:05:44 [Node:0] kv server putAppend repley:NoLeader
2026/01/12 17:05:44 更新leader before:4, after:0
2026/01/12 17:05:44 server:0 kv client putAppend key repeat reply:NoLeader
2026/01/12 17:05:44 server:0 kv client putAppend key:0, value:
2026/01/12 17:05:44 [Node:2] kv server putAppend op:Put, key:0, value:
2026/01/12 17:05:44 [Node:2] kv server putAppend repley:NoLeader
2026/01/12 17:05:44 更新leader before:0, after:1
2026/01/12 17:05:44 server:1 kv client putAppend key repeat reply:NoLeader
2026/01/12 17:05:44 server:1 kv client putAppend key:0, value:
2026/01/12 17:05:44 [Node:1] kv server putAppend op:Put, key:0, value:
2026/01/12 17:05:44 [Node:1] kv server putAppend repley:NoLeader
2026/01/12 17:05:44 更新leader before:1, after:2
2026/01/12 17:05:44 server:2 kv client putAppend key repeat reply:NoLeader
2026/01/12 17:05:44 server:2 kv client putAppend key:0, value:
2026/01/12 17:05:44 [Node:3] kv server putAppend op:Put, key:0, value:
2026/01/12 17:05:44 [Node:3] kv server putAppend repley:NoLeader
2026/01/12 17:05:44 更新leader before:2, after:3
2026/01/12 17:05:44 server:3 kv client putAppend key repeat reply:NoLeader
2026/01/12 17:05:44 server:3 kv client putAppend key:0, value:
2026/01/12 17:05:44 [Node:4] kv server putAppend op:Put, key:0, value:
2026/01/12 17:05:44 [Node:4] kv server putAppend repley:NoLeader
2026/01/12 17:05:44 更新leader before:3, after:4
2026/01/12 17:05:44 server:4 kv client putAppend key repeat reply:NoLeader
2026/01/12 17:05:44 server:4 kv client putAppend key:0, value:
2026/01/12 17:05:44 [Node:0] kv server putAppend op:Put, key:0, value:
2026/01/12 17:05:44 [Node:0] kv server putAppend repley:NoLeader
2026/01/12 17:05:44 更新leader before:4, after:0
2026/01/12 17:05:44 server:0 kv client putAppend key repeat reply:NoLeader
2026/01/12 17:05:44 server:0 kv client putAppend key:0, value:
2026/01/12 17:05:44 [Node:2] kv server putAppend op:Put, key:0, value:
2026/01/12 17:05:44 [Node:2] kv server putAppend repley:NoLeader
2026/01/12 17:05:44 更新leader before:0, after:1
2026/01/12 17:05:44 server:1 kv client putAppend key repeat reply:NoLeader
2026/01/12 17:05:44 server:1 kv client putAppend key:0, value:
2026/01/12 17:05:44 [Node:1] kv server putAppend op:Put, key:0, value:
2026/01/12 17:05:44 [Node:1] kv server putAppend repley:NoLeader
2026/01/12 17:05:44 更新leader before:1, after:2
2026/01/12 17:05:44 server:2 kv client putAppend key repeat reply:NoLeader
2026/01/12 17:05:44 server:2 kv client putAppend key:0, value:
2026/01/12 17:05:44 [Node:3] kv server putAppend op:Put, key:0, value:
2026/01/12 17:05:44 [Node:3] kv server putAppend repley:NoLeader
2026/01/12 17:05:44 更新leader before:2, after:3
2026/01/12 17:05:44 server:3 kv client putAppend key repeat reply:NoLeader
2026/01/12 17:05:44 server:3 kv client putAppend key:0, value:
2026/01/12 17:05:44 [Node:4] kv server putAppend op:Put, key:0, value:
2026/01/12 17:05:44 [Node:4] kv server putAppend repley:NoLeader
2026/01/12 17:05:44 更新leader before:3, after:4
2026/01/12 17:05:44 server:4 kv client putAppend key repeat reply:NoLeader
2026/01/12 17:05:44 server:4 kv client putAppend key:0, value:
2026/01/12 17:05:44 [Node:0] kv server putAppend op:Put, key:0, value:
2026/01/12 17:05:44 [Node:0] kv server putAppend repley:NoLeader
2026/01/12 17:05:44 更新leader before:4, after:0
2026/01/12 17:05:44 server:0 kv client putAppend key repeat reply:NoLeader
2026/01/12 17:05:44 server:0 kv client putAppend key:0, value:
2026/01/12 17:05:44 [Node:2] kv server putAppend op:Put, key:0, value:
2026/01/12 17:05:44 [Node:2] kv server putAppend repley:NoLeader
2026/01/12 17:05:44 更新leader before:0, after:1
2026/01/12 17:05:44 server:1 kv client putAppend key repeat reply:NoLeader
2026/01/12 17:05:44 server:1 kv client putAppend key:0, value:
2026/01/12 17:05:44 [Node:1] kv server putAppend op:Put, key:0, value:
2026/01/12 17:05:44 [Node:1] kv server putAppend repley:NoLeader
2026/01/12 17:05:44 更新leader before:1, after:2
2026/01/12 17:05:44 server:2 kv client putAppend key repeat reply:NoLeader
2026/01/12 17:05:44 server:2 kv client putAppend key:0, value:
2026/01/12 17:05:44 [Node:3] kv server putAppend op:Put, key:0, value:
2026/01/12 17:05:44 [Node:3] kv server putAppend repley:NoLeader
2026/01/12 17:05:44 更新leader before:2, after:3
2026/01/12 17:05:44 server:3 kv client putAppend key repeat reply:NoLeader
2026/01/12 17:05:44 server:3 kv client putAppend key:0, value:
2026/01/12 17:05:44 [Node:4] kv server putAppend op:Put, key:0, value:
2026/01/12 17:05:44 [Node:4] kv server putAppend repley:NoLeader
2026/01/12 17:05:44 更新leader before:3, after:4
2026/01/12 17:05:44 server:4 kv client putAppend key repeat reply:NoLeader
2026/01/12 17:05:44 server:4 kv client putAppend key:0, value:
2026/01/12 17:05:44 [Node:0] kv server putAppend op:Put, key:0, value:
2026/01/12 17:05:44 [Node:0] kv server putAppend repley:NoLeader
2026/01/12 17:05:44 更新leader before:4, after:0
2026/01/12 17:05:44 server:0 kv client putAppend key repeat reply:NoLeader
2026/01/12 17:05:44 server:0 kv client putAppend key:0, value:
2026/01/12 17:05:44 [Node:2] kv server putAppend op:Put, key:0, value:
2026/01/12 17:05:44 [Node:2] kv server putAppend repley:NoLeader
2026/01/12 17:05:44 更新leader before:0, after:1
2026/01/12 17:05:44 server:1 kv client putAppend key repeat reply:NoLeader
2026/01/12 17:05:44 server:1 kv client putAppend key:0, value:
2026/01/12 17:05:44 [Node:1] kv server putAppend op:Put, key:0, value:
2026/01/12 17:05:44 [Node:1] kv server putAppend repley:NoLeader
2026/01/12 17:05:44 更新leader before:1, after:2
2026/01/12 17:05:44 server:2 kv client putAppend key repeat reply:NoLeader
2026/01/12 17:05:44 server:2 kv client putAppend key:0, value:
2026/01/12 17:05:44 [Node:3] kv server putAppend op:Put, key:0, value:
2026/01/12 17:05:44 [Node:3] kv server putAppend repley:NoLeader
2026/01/12 17:05:44 更新leader before:2, after:3
2026/01/12 17:05:44 server:3 kv client putAppend key repeat reply:NoLeader
2026/01/12 17:05:44 server:3 kv client putAppend key:0, value:
2026/01/12 17:05:44 [Node:4] kv server putAppend op:Put, key:0, value:
2026/01/12 17:05:44 [Node:4] kv server putAppend repley:NoLeader
2026/01/12 17:05:44 更新leader before:3, after:4
2026/01/12 17:05:44 server:4 kv client putAppend key repeat reply:NoLeader
2026/01/12 17:05:44 server:4 kv client putAppend key:0, value:
2026/01/12 17:05:44 [Node:0] kv server putAppend op:Put, key:0, value:
2026/01/12 17:05:44 [Node:0] kv server putAppend repley:NoLeader
2026/01/12 17:05:44 更新leader before:4, after:0
2026/01/12 17:05:44 server:0 kv client putAppend key repeat reply:NoLeader
2026/01/12 17:05:44 server:0 kv client putAppend key:0, value:
2026/01/12 17:05:44 [Node:2] kv server putAppend op:Put, key:0, value:
2026/01/12 17:05:44 [Node:2] kv server putAppend repley:NoLeader
2026/01/12 17:05:44 更新leader before:0, after:1
2026/01/12 17:05:44 server:1 kv client putAppend key repeat reply:NoLeader
2026/01/12 17:05:44 server:1 kv client putAppend key:0, value:
2026/01/12 17:05:44 [Node:1] kv server putAppend op:Put, key:0, value:
2026/01/12 17:05:44 [Node:1] kv server putAppend repley:NoLeader
2026/01/12 17:05:44 更新leader before:1, after:2
2026/01/12 17:05:44 server:2 kv client putAppend key repeat reply:NoLeader
2026/01/12 17:05:44 server:2 kv client putAppend key:0, value:
2026/01/12 17:05:44 [Node:3] kv server putAppend op:Put, key:0, value:
2026/01/12 17:05:44 [Node:3] kv server putAppend repley:NoLeader
2026/01/12 17:05:44 更新leader before:2, after:3
2026/01/12 17:05:44 server:3 kv client putAppend key repeat reply:NoLeader
2026/01/12 17:05:44 server:3 kv client putAppend key:0, value:
2026/01/12 17:05:44 [Node:4] kv server putAppend op:Put, key:0, value:
2026/01/12 17:05:44 [Node:4] kv server putAppend repley:NoLeader
2026/01/12 17:05:44 更新leader before:3, after:4
2026/01/12 17:05:44 server:4 kv client putAppend key repeat reply:NoLeader
2026/01/12 17:05:44 server:4 kv client putAppend key:0, value:
2026/01/12 17:05:44 [Node:0] kv server putAppend op:Put, key:0, value:
2026/01/12 17:05:44 [Node:0] kv server putAppend repley:NoLeader
2026/01/12 17:05:44 更新leader before:4, after:0
2026/01/12 17:05:44 server:0 kv client putAppend key repeat reply:NoLeader
2026/01/12 17:05:44 server:0 kv client putAppend key:0, value:
2026/01/12 17:05:44 [Node:2] kv server putAppend op:Put, key:0, value:
2026/01/12 17:05:44 [Node:2] kv server putAppend repley:NoLeader
2026/01/12 17:05:44 更新leader before:0, after:1
2026/01/12 17:05:44 server:1 kv client putAppend key repeat reply:NoLeader
2026/01/12 17:05:44 server:1 kv client putAppend key:0, value:
2026/01/12 17:05:44 [Node:1] kv server putAppend op:Put, key:0, value:
2026/01/12 17:05:44 [Node:1] kv server putAppend repley:NoLeader
2026/01/12 17:05:44 更新leader before:1, after:2
2026/01/12 17:05:44 server:2 kv client putAppend key repeat reply:NoLeader
2026/01/12 17:05:44 server:2 kv client putAppend key:0, value:
2026/01/12 17:05:44 [Node:3] kv server putAppend op:Put, key:0, value:
2026/01/12 17:05:44 [Node:3] kv server putAppend repley:NoLeader
2026/01/12 17:05:44 更新leader before:2, after:3
2026/01/12 17:05:44 server:3 kv client putAppend key repeat reply:NoLeader
2026/01/12 17:05:44 server:3 kv client putAppend key:0, value:
2026/01/12 17:05:44 [Node:4] kv server putAppend op:Put, key:0, value:
2026/01/12 17:05:44 [Node:4] kv server putAppend repley:NoLeader
2026/01/12 17:05:44 更新leader before:3, after:4
2026/01/12 17:05:44 server:4 kv client putAppend key repeat reply:NoLeader
2026/01/12 17:05:44 server:4 kv client putAppend key:0, value:
2026/01/12 17:05:44 [Node:0] kv server putAppend op:Put, key:0, value:
2026/01/12 17:05:44 [Node:0] kv server putAppend repley:NoLeader
2026/01/12 17:05:44 更新leader before:4, after:0
2026/01/12 17:05:44 server:0 kv client putAppend key repeat reply:NoLeader
2026/01/12 17:05:44 server:0 kv client putAppend key:0, value:
2026/01/12 17:05:44 [Node:2] kv server putAppend op:Put, key:0, value:
2026/01/12 17:05:44 [Node:2] kv server putAppend repley:NoLeader
2026/01/12 17:05:44 更新leader before:0, after:1
2026/01/12 17:05:44 server:1 kv client putAppend key repeat reply:NoLeader
2026/01/12 17:05:44 server:1 kv client putAppend key:0, value:
2026/01/12 17:05:44 [Node:1] kv server putAppend op:Put, key:0, value:
2026/01/12 17:05:44 [Node:1] kv server putAppend repley:NoLeader
2026/01/12 17:05:44 更新leader before:1, after:2
2026/01/12 17:05:44 server:2 kv client putAppend key repeat reply:NoLeader
2026/01/12 17:05:44 server:2 kv client putAppend key:0, value:
2026/01/12 17:05:44 [Node:3] kv server putAppend op:Put, key:0, value:
2026/01/12 17:05:44 [Node:3] kv server putAppend repley:NoLeader
2026/01/12 17:05:44 更新leader before:2, after:3
2026/01/12 17:05:44 server:3 kv client putAppend key repeat reply:NoLeader
2026/01/12 17:05:44 server:3 kv client putAppend key:0, value:
2026/01/12 17:05:44 [Node:4] kv server putAppend op:Put, key:0, value:
2026/01/12 17:05:44 [Node:4] kv server putAppend repley:NoLeader
2026/01/12 17:05:44 更新leader before:3, after:4
2026/01/12 17:05:44 server:4 kv client putAppend key repeat reply:NoLeader
2026/01/12 17:05:44 server:4 kv client putAppend key:0, value:
2026/01/12 17:05:44 [Node:0] kv server putAppend op:Put, key:0, value:
2026/01/12 17:05:44 [Node:0] kv server putAppend repley:NoLeader
2026/01/12 17:05:44 更新leader before:4, after:0
2026/01/12 17:05:44 server:0 kv client putAppend key repeat reply:NoLeader
2026/01/12 17:05:44 server:0 kv client putAppend key:0, value:
2026/01/12 17:05:44 [Node:2] kv server putAppend op:Put, key:0, value:
2026/01/12 17:05:44 [Node:2] kv server putAppend repley:NoLeader
2026/01/12 17:05:44 更新leader before:0, after:1
2026/01/12 17:05:44 server:1 kv client putAppend key repeat reply:NoLeader
2026/01/12 17:05:44 server:1 kv client putAppend key:0, value:
2026/01/12 17:05:44 [Node:1] kv server putAppend op:Put, key:0, value:
2026/01/12 17:05:44 [Node:1] kv server putAppend repley:NoLeader
2026/01/12 17:05:44 更新leader before:1, after:2
2026/01/12 17:05:44 server:2 kv client putAppend key repeat reply:NoLeader
2026/01/12 17:05:44 server:2 kv client putAppend key:0, value:
2026/01/12 17:05:44 [Node:3] kv server putAppend op:Put, key:0, value:
2026/01/12 17:05:44 [Node:3] kv server putAppend repley:NoLeader
2026/01/12 17:05:44 更新leader before:2, after:3
2026/01/12 17:05:44 server:3 kv client putAppend key repeat reply:NoLeader
2026/01/12 17:05:44 server:3 kv client putAppend key:0, value:
2026/01/12 17:05:44 [Node:4] kv server putAppend op:Put, key:0, value:
2026/01/12 17:05:44 [Node:4] kv server putAppend repley:NoLeader
2026/01/12 17:05:44 更新leader before:3, after:4
2026/01/12 17:05:44 server:4 kv client putAppend key repeat reply:NoLeader
2026/01/12 17:05:44 server:4 kv client putAppend key:0, value:
2026/01/12 17:05:44 [Node:0] kv server putAppend op:Put, key:0, value:
2026/01/12 17:05:44 [Node:0] kv server putAppend repley:NoLeader
2026/01/12 17:05:44 更新leader before:4, after:0
2026/01/12 17:05:44 server:0 kv client putAppend key repeat reply:NoLeader
2026/01/12 17:05:44 server:0 kv client putAppend key:0, value:
2026/01/12 17:05:44 [Node:2] kv server putAppend op:Put, key:0, value:
2026/01/12 17:05:44 [Node:2] kv server putAppend repley:NoLeader
2026/01/12 17:05:44 更新leader before:0, after:1
2026/01/12 17:05:44 server:1 kv client putAppend key repeat reply:NoLeader
2026/01/12 17:05:44 server:1 kv client putAppend key:0, value:
2026/01/12 17:05:44 [Node:1] kv server putAppend op:Put, key:0, value:
2026/01/12 17:05:44 [Node:1] kv server putAppend repley:NoLeader
2026/01/12 17:05:44 更新leader before:1, after:2
2026/01/12 17:05:44 server:2 kv client putAppend key repeat reply:NoLeader
2026/01/12 17:05:44 server:2 kv client putAppend key:0, value:
2026/01/12 17:05:44 [Node:3] kv server putAppend op:Put, key:0, value:
2026/01/12 17:05:44 [Node:3] kv server putAppend repley:NoLeader
2026/01/12 17:05:44 更新leader before:2, after:3
2026/01/12 17:05:44 server:3 kv client putAppend key repeat reply:NoLeader
2026/01/12 17:05:44 server:3 kv client putAppend key:0, value:
2026/01/12 17:05:44 [Node:4] kv server putAppend op:Put, key:0, value:
2026/01/12 17:05:44 [Node:4] kv server putAppend repley:NoLeader
2026/01/12 17:05:44 更新leader before:3, after:4
2026/01/12 17:05:44 server:4 kv client putAppend key repeat reply:NoLeader
2026/01/12 17:05:44 server:4 kv client putAppend key:0, value:
2026/01/12 17:05:44 [Node:0] kv server putAppend op:Put, key:0, value:
2026/01/12 17:05:44 [Node:0] kv server putAppend repley:NoLeader
2026/01/12 17:05:44 更新leader before:4, after:0
2026/01/12 17:05:44 server:0 kv client putAppend key repeat reply:NoLeader
2026/01/12 17:05:44 server:0 kv client putAppend key:0, value:
2026/01/12 17:05:44 [Node:2] kv server putAppend op:Put, key:0, value:
2026/01/12 17:05:44 [Node:2] kv server putAppend repley:NoLeader
2026/01/12 17:05:44 更新leader before:0, after:1
2026/01/12 17:05:44 server:1 kv client putAppend key repeat reply:NoLeader
2026/01/12 17:05:44 server:1 kv client putAppend key:0, value:
2026/01/12 17:05:44 [Node:1] kv server putAppend op:Put, key:0, value:
2026/01/12 17:05:44 [Node:1] kv server putAppend repley:NoLeader
2026/01/12 17:05:44 更新leader before:1, after:2
2026/01/12 17:05:44 server:2 kv client putAppend key repeat reply:NoLeader
2026/01/12 17:05:44 server:2 kv client putAppend key:0, value:
2026/01/12 17:05:44 [Node:3] kv server putAppend op:Put, key:0, value:
2026/01/12 17:05:44 [Node:3] kv server putAppend repley:NoLeader
2026/01/12 17:05:44 更新leader before:2, after:3
2026/01/12 17:05:44 server:3 kv client putAppend key repeat reply:NoLeader
2026/01/12 17:05:44 server:3 kv client putAppend key:0, value:
2026/01/12 17:05:44 [Node:4] kv server putAppend op:Put, key:0, value:
2026/01/12 17:05:44 [Node:4] kv server putAppend repley:NoLeader
2026/01/12 17:05:44 更新leader before:3, after:4
2026/01/12 17:05:44 server:4 kv client putAppend key repeat reply:NoLeader
2026/01/12 17:05:44 server:4 kv client putAppend key:0, value:
2026/01/12 17:05:44 [Node:0] kv server putAppend op:Put, key:0, value:
2026/01/12 17:05:44 [Node:0] kv server putAppend repley:NoLeader
2026/01/12 17:05:44 更新leader before:4, after:0
2026/01/12 17:05:44 server:0 kv client putAppend key repeat reply:NoLeader
2026/01/12 17:05:44 server:0 kv client putAppend key:0, value:
2026/01/12 17:05:44 [Node:2] kv server putAppend op:Put, key:0, value:
2026/01/12 17:05:44 [Node:2] kv server putAppend repley:NoLeader
2026/01/12 17:05:44 更新leader before:0, after:1
2026/01/12 17:05:44 server:1 kv client putAppend key repeat reply:NoLeader
2026/01/12 17:05:44 server:1 kv client putAppend key:0, value:
2026/01/12 17:05:44 [Node:1] kv server putAppend op:Put, key:0, value:
2026/01/12 17:05:44 [Node:1] kv server putAppend repley:NoLeader
2026/01/12 17:05:44 更新leader before:1, after:2
2026/01/12 17:05:44 server:2 kv client putAppend key repeat reply:NoLeader
2026/01/12 17:05:44 server:2 kv client putAppend key:0, value:
2026/01/12 17:05:44 [Node:3] kv server putAppend op:Put, key:0, value:
2026/01/12 17:05:44 [Node:3] kv server putAppend repley:NoLeader
2026/01/12 17:05:44 更新leader before:2, after:3
2026/01/12 17:05:44 server:3 kv client putAppend key repeat reply:NoLeader
2026/01/12 17:05:44 server:3 kv client putAppend key:0, value:
2026/01/12 17:05:44 [Node:4] kv server putAppend op:Put, key:0, value:
2026/01/12 17:05:44 [Node:4] kv server putAppend repley:NoLeader
2026/01/12 17:05:44 更新leader before:3, after:4
2026/01/12 17:05:44 server:4 kv client putAppend key repeat reply:NoLeader
2026/01/12 17:05:44 server:4 kv client putAppend key:0, value:
2026/01/12 17:05:44 [Node:0] kv server putAppend op:Put, key:0, value:
2026/01/12 17:05:44 [Node:0] kv server putAppend repley:NoLeader
2026/01/12 17:05:44 更新leader before:4, after:0
2026/01/12 17:05:44 server:0 kv client putAppend key repeat reply:NoLeader
2026/01/12 17:05:44 server:0 kv client putAppend key:0, value:
2026/01/12 17:05:44 [Node:2] kv server putAppend op:Put, key:0, value:
2026/01/12 17:05:44 [Node:2] kv server putAppend repley:NoLeader
2026/01/12 17:05:44 更新leader before:0, after:1
2026/01/12 17:05:44 server:1 kv client putAppend key repeat reply:NoLeader
2026/01/12 17:05:44 server:1 kv client putAppend key:0, value:
2026/01/12 17:05:44 [Node:1] kv server putAppend op:Put, key:0, value:
2026/01/12 17:05:44 [Node:1] kv server putAppend repley:NoLeader
2026/01/12 17:05:44 更新leader before:1, after:2
2026/01/12 17:05:44 server:2 kv client putAppend key repeat reply:NoLeader
2026/01/12 17:05:44 server:2 kv client putAppend key:0, value:
2026/01/12 17:05:44 [Node:3] kv server putAppend op:Put, key:0, value:
2026/01/12 17:05:44 [Node:3] kv server putAppend repley:NoLeader
2026/01/12 17:05:44 更新leader before:2, after:3
2026/01/12 17:05:44 server:3 kv client putAppend key repeat reply:NoLeader
2026/01/12 17:05:44 server:3 kv client putAppend key:0, value:
2026/01/12 17:05:44 [Node:4] kv server putAppend op:Put, key:0, value:
2026/01/12 17:05:44 [Node:4] kv server putAppend repley:NoLeader
2026/01/12 17:05:44 更新leader before:3, after:4
2026/01/12 17:05:44 server:4 kv client putAppend key repeat reply:NoLeader
2026/01/12 17:05:44 server:4 kv client putAppend key:0, value:
2026/01/12 17:05:44 [Node:0] kv server putAppend op:Put, key:0, value:
2026/01/12 17:05:44 [Node:0] kv server putAppend repley:NoLeader
2026/01/12 17:05:44 更新leader before:4, after:0
2026/01/12 17:05:44 server:0 kv client putAppend key repeat reply:NoLeader
2026/01/12 17:05:44 server:0 kv client putAppend key:0, value:
2026/01/12 17:05:44 [Node:2] kv server putAppend op:Put, key:0, value:
2026/01/12 17:05:44 [Node:2] kv server putAppend repley:NoLeader
2026/01/12 17:05:44 更新leader before:0, after:1
2026/01/12 17:05:44 server:1 kv client putAppend key repeat reply:NoLeader
2026/01/12 17:05:44 server:1 kv client putAppend key:0, value:
2026/01/12 17:05:44 [Node:1] kv server putAppend op:Put, key:0, value:
2026/01/12 17:05:44 [Node:1] kv server putAppend repley:NoLeader
2026/01/12 17:05:44 更新leader before:1, after:2
2026/01/12 17:05:44 server:2 kv client putAppend key repeat reply:NoLeader
2026/01/12 17:05:44 server:2 kv client putAppend key:0, value:
2026/01/12 17:05:44 [Node:3] kv server putAppend op:Put, key:0, value:
2026/01/12 17:05:44 [Node:3] kv server putAppend repley:NoLeader
2026/01/12 17:05:44 更新leader before:2, after:3
2026/01/12 17:05:44 server:3 kv client putAppend key repeat reply:NoLeader
2026/01/12 17:05:44 server:3 kv client putAppend key:0, value:
2026/01/12 17:05:44 [Node:4] kv server putAppend op:Put, key:0, value:
2026/01/12 17:05:44 [Node:4] kv server putAppend repley:NoLeader
2026/01/12 17:05:44 更新leader before:3, after:4
2026/01/12 17:05:44 server:4 kv client putAppend key repeat reply:NoLeader
2026/01/12 17:05:44 server:4 kv client putAppend key:0, value:
2026/01/12 17:05:44 [Node:0] kv server putAppend op:Put, key:0, value:
2026/01/12 17:05:44 [Node:0] kv server putAppend repley:NoLeader
2026/01/12 17:05:44 更新leader before:4, after:0
2026/01/12 17:05:44 server:0 kv client putAppend key repeat reply:NoLeader
2026/01/12 17:05:44 server:0 kv client putAppend key:0, value:
2026/01/12 17:05:44 [Node:2] kv server putAppend op:Put, key:0, value:
2026/01/12 17:05:44 [Node:2] kv server putAppend repley:NoLeader
2026/01/12 17:05:44 更新leader before:0, after:1
2026/01/12 17:05:44 server:1 kv client putAppend key repeat reply:NoLeader
2026/01/12 17:05:44 server:1 kv client putAppend key:0, value:
2026/01/12 17:05:44 [Node:1] kv server putAppend op:Put, key:0, value:
2026/01/12 17:05:44 [Node:1] kv server putAppend repley:NoLeader
2026/01/12 17:05:44 更新leader before:1, after:2
2026/01/12 17:05:44 server:2 kv client putAppend key repeat reply:NoLeader
2026/01/12 17:05:44 server:2 kv client putAppend key:0, value:
2026/01/12 17:05:44 [Node:3] kv server putAppend op:Put, key:0, value:
2026/01/12 17:05:44 [Node:3] kv server putAppend repley:NoLeader
2026/01/12 17:05:44 更新leader before:2, after:3
2026/01/12 17:05:44 server:3 kv client putAppend key repeat reply:NoLeader
2026/01/12 17:05:44 server:3 kv client putAppend key:0, value:
2026/01/12 17:05:44 [Node:4] kv server putAppend op:Put, key:0, value:
2026/01/12 17:05:44 [Node:4] kv server putAppend repley:NoLeader
2026/01/12 17:05:44 更新leader before:3, after:4
2026/01/12 17:05:44 server:4 kv client putAppend key repeat reply:NoLeader
2026/01/12 17:05:44 server:4 kv client putAppend key:0, value:
2026/01/12 17:05:44 [Node:0] kv server putAppend op:Put, key:0, value:
2026/01/12 17:05:44 [Node:0] kv server putAppend repley:NoLeader
2026/01/12 17:05:44 更新leader before:4, after:0
2026/01/12 17:05:44 server:0 kv client putAppend key repeat reply:NoLeader
2026/01/12 17:05:44 server:0 kv client putAppend key:0, value:
2026/01/12 17:05:44 [Node:2] kv server putAppend op:Put, key:0, value:
2026/01/12 17:05:44 [Node:2] kv server putAppend repley:NoLeader
2026/01/12 17:05:44 更新leader before:0, after:1
2026/01/12 17:05:44 server:1 kv client putAppend key repeat reply:NoLeader
2026/01/12 17:05:44 server:1 kv client putAppend key:0, value:
2026/01/12 17:05:44 [Node:1] kv server putAppend op:Put, key:0, value:
2026/01/12 17:05:44 [Node:1] kv server putAppend repley:NoLeader
2026/01/12 17:05:44 更新leader before:1, after:2
2026/01/12 17:05:44 server:2 kv client putAppend key repeat reply:NoLeader
2026/01/12 17:05:44 server:2 kv client putAppend key:0, value:
2026/01/12 17:05:44 [Node:3] kv server putAppend op:Put, key:0, value:
2026/01/12 17:05:44 [Node:3] kv server putAppend repley:NoLeader
2026/01/12 17:05:44 更新leader before:2, after:3
2026/01/12 17:05:44 server:3 kv client putAppend key repeat reply:NoLeader
2026/01/12 17:05:44 server:3 kv client putAppend key:0, value:
2026/01/12 17:05:44 [Node:4] kv server putAppend op:Put, key:0, value:
2026/01/12 17:05:44 [Node:4] kv server putAppend repley:NoLeader
2026/01/12 17:05:44 更新leader before:3, after:4
2026/01/12 17:05:44 server:4 kv client putAppend key repeat reply:NoLeader
2026/01/12 17:05:44 server:4 kv client putAppend key:0, value:
2026/01/12 17:05:44 [Node:0] kv server putAppend op:Put, key:0, value:
2026/01/12 17:05:44 [Node:0] kv server putAppend repley:NoLeader
2026/01/12 17:05:44 更新leader before:4, after:0
2026/01/12 17:05:44 server:0 kv client putAppend key repeat reply:NoLeader
2026/01/12 17:05:44 server:0 kv client putAppend key:0, value:
2026/01/12 17:05:44 [Node:2] kv server putAppend op:Put, key:0, value:
2026/01/12 17:05:44 [Node:2] kv server putAppend repley:NoLeader
2026/01/12 17:05:44 更新leader before:0, after:1
2026/01/12 17:05:44 server:1 kv client putAppend key repeat reply:NoLeader
2026/01/12 17:05:44 server:1 kv client putAppend key:0, value:
2026/01/12 17:05:44 [Node:1] kv server putAppend op:Put, key:0, value:
2026/01/12 17:05:44 [Node:1] kv server putAppend repley:NoLeader
2026/01/12 17:05:44 更新leader before:1, after:2
2026/01/12 17:05:44 server:2 kv client putAppend key repeat reply:NoLeader
2026/01/12 17:05:44 server:2 kv client putAppend key:0, value:
2026/01/12 17:05:44 [Node:3] kv server putAppend op:Put, key:0, value:
2026/01/12 17:05:44 [Node:3] kv server putAppend repley:NoLeader
2026/01/12 17:05:44 更新leader before:2, after:3
2026/01/12 17:05:44 server:3 kv client putAppend key repeat reply:NoLeader
2026/01/12 17:05:44 server:3 kv client putAppend key:0, value:
2026/01/12 17:05:44 [Node:4] kv server putAppend op:Put, key:0, value:
2026/01/12 17:05:44 [Node:4] kv server putAppend repley:NoLeader
2026/01/12 17:05:44 更新leader before:3, after:4
2026/01/12 17:05:44 server:4 kv client putAppend key repeat reply:NoLeader
2026/01/12 17:05:44 server:4 kv client putAppend key:0, value:
2026/01/12 17:05:44 [Node:0] kv server putAppend op:Put, key:0, value:
2026/01/12 17:05:44 [Node:0] kv server putAppend repley:NoLeader
2026/01/12 17:05:44 更新leader before:4, after:0
2026/01/12 17:05:44 server:0 kv client putAppend key repeat reply:NoLeader
2026/01/12 17:05:44 server:0 kv client putAppend key:0, value:
2026/01/12 17:05:44 [Node:2] kv server putAppend op:Put, key:0, value:
2026/01/12 17:05:44 [Node:2] kv server putAppend repley:NoLeader
2026/01/12 17:05:44 更新leader before:0, after:1
2026/01/12 17:05:44 server:1 kv client putAppend key repeat reply:NoLeader
2026/01/12 17:05:44 server:1 kv client putAppend key:0, value:
2026/01/12 17:05:44 [Node:1] kv server putAppend op:Put, key:0, value:
2026/01/12 17:05:44 [Node:1] kv server putAppend repley:NoLeader
2026/01/12 17:05:44 更新leader before:1, after:2
2026/01/12 17:05:44 server:2 kv client putAppend key repeat reply:NoLeader
2026/01/12 17:05:44 server:2 kv client putAppend key:0, value:
2026/01/12 17:05:44 [Node:3] kv server putAppend op:Put, key:0, value:
2026/01/12 17:05:44 [Node:3] kv server putAppend repley:NoLeader
2026/01/12 17:05:44 更新leader before:2, after:3
2026/01/12 17:05:44 server:3 kv client putAppend key repeat reply:NoLeader
2026/01/12 17:05:44 server:3 kv client putAppend key:0, value:
2026/01/12 17:05:44 [Node:4] kv server putAppend op:Put, key:0, value:
2026/01/12 17:05:44 [Node:4] kv server putAppend repley:NoLeader
2026/01/12 17:05:44 更新leader before:3, after:4
2026/01/12 17:05:44 server:4 kv client putAppend key repeat reply:NoLeader
2026/01/12 17:05:44 server:4 kv client putAppend key:0, value:
2026/01/12 17:05:44 [Node:0] kv server putAppend op:Put, key:0, value:
2026/01/12 17:05:44 [Node:0] kv server putAppend repley:NoLeader
2026/01/12 17:05:44 更新leader before:4, after:0
2026/01/12 17:05:44 server:0 kv client putAppend key repeat reply:NoLeader
2026/01/12 17:05:44 server:0 kv client putAppend key:0, value:
2026/01/12 17:05:44 [Node:2] kv server putAppend op:Put, key:0, value:
2026/01/12 17:05:44 [Node:2] kv server putAppend repley:NoLeader
2026/01/12 17:05:44 更新leader before:0, after:1
2026/01/12 17:05:44 server:1 kv client putAppend key repeat reply:NoLeader
2026/01/12 17:05:44 server:1 kv client putAppend key:0, value:
2026/01/12 17:05:44 [Node:1] kv server putAppend op:Put, key:0, value:
2026/01/12 17:05:44 [Node:1] kv server putAppend repley:NoLeader
2026/01/12 17:05:44 更新leader before:1, after:2
2026/01/12 17:05:44 server:2 kv client putAppend key repeat reply:NoLeader
2026/01/12 17:05:44 server:2 kv client putAppend key:0, value:
2026/01/12 17:05:44 [Node:3] kv server putAppend op:Put, key:0, value:
2026/01/12 17:05:44 [Node:3] kv server putAppend repley:NoLeader
2026/01/12 17:05:44 更新leader before:2, after:3
2026/01/12 17:05:44 server:3 kv client putAppend key repeat reply:NoLeader
2026/01/12 17:05:44 server:3 kv client putAppend key:0, value:
2026/01/12 17:05:44 [Node:4] kv server putAppend op:Put, key:0, value:
2026/01/12 17:05:44 [Node:4] kv server putAppend repley:NoLeader
2026/01/12 17:05:44 更新leader before:3, after:4
2026/01/12 17:05:44 server:4 kv client putAppend key repeat reply:NoLeader
2026/01/12 17:05:44 server:4 kv client putAppend key:0, value:
2026/01/12 17:05:44 [Node:0] kv server putAppend op:Put, key:0, value:
2026/01/12 17:05:44 [Node:0] kv server putAppend repley:NoLeader
2026/01/12 17:05:44 更新leader before:4, after:0
2026/01/12 17:05:44 server:0 kv client putAppend key repeat reply:NoLeader
2026/01/12 17:05:44 server:0 kv client putAppend key:0, value:
2026/01/12 17:05:44 [Node:2] kv server putAppend op:Put, key:0, value:
2026/01/12 17:05:44 [Node:2] kv server putAppend repley:NoLeader
2026/01/12 17:05:44 更新leader before:0, after:1
2026/01/12 17:05:44 server:1 kv client putAppend key repeat reply:NoLeader
2026/01/12 17:05:44 server:1 kv client putAppend key:0, value:
2026/01/12 17:05:44 [Node:1] kv server putAppend op:Put, key:0, value:
2026/01/12 17:05:44 [Node:1] kv server putAppend repley:NoLeader
2026/01/12 17:05:44 更新leader before:1, after:2
2026/01/12 17:05:44 server:2 kv client putAppend key repeat reply:NoLeader
2026/01/12 17:05:44 server:2 kv client putAppend key:0, value:
2026/01/12 17:05:44 [Node:3] kv server putAppend op:Put, key:0, value:
2026/01/12 17:05:44 [Node:3] kv server putAppend repley:NoLeader
2026/01/12 17:05:44 更新leader before:2, after:3
2026/01/12 17:05:44 server:3 kv client putAppend key repeat reply:NoLeader
2026/01/12 17:05:44 server:3 kv client putAppend key:0, value:
2026/01/12 17:05:44 [Node:4] kv server putAppend op:Put, key:0, value:
2026/01/12 17:05:44 [Node:4] kv server putAppend repley:NoLeader
2026/01/12 17:05:44 更新leader before:3, after:4
2026/01/12 17:05:44 server:4 kv client putAppend key repeat reply:NoLeader
2026/01/12 17:05:44 server:4 kv client putAppend key:0, value:
2026/01/12 17:05:44 [Node:0] kv server putAppend op:Put, key:0, value:
2026/01/12 17:05:44 [Node:0] kv server putAppend repley:NoLeader
2026/01/12 17:05:44 更新leader before:4, after:0
2026/01/12 17:05:44 server:0 kv client putAppend key repeat reply:NoLeader
2026/01/12 17:05:44 server:0 kv client putAppend key:0, value:
2026/01/12 17:05:44 [Node:2] kv server putAppend op:Put, key:0, value:
2026/01/12 17:05:44 [Node:2] kv server putAppend repley:NoLeader
2026/01/12 17:05:44 更新leader before:0, after:1
2026/01/12 17:05:44 server:1 kv client putAppend key repeat reply:NoLeader
2026/01/12 17:05:44 server:1 kv client putAppend key:0, value:
2026/01/12 17:05:44 [Node:1] kv server putAppend op:Put, key:0, value:
2026/01/12 17:05:44 [Node:1] kv server putAppend repley:NoLeader
2026/01/12 17:05:44 更新leader before:1, after:2
2026/01/12 17:05:44 server:2 kv client putAppend key repeat reply:NoLeader
2026/01/12 17:05:44 server:2 kv client putAppend key:0, value:
2026/01/12 17:05:44 [Node:3] kv server putAppend op:Put, key:0, value:
2026/01/12 17:05:44 [Node:3] kv server putAppend repley:NoLeader
2026/01/12 17:05:44 更新leader before:2, after:3
2026/01/12 17:05:44 server:3 kv client putAppend key repeat reply:NoLeader
2026/01/12 17:05:44 server:3 kv client putAppend key:0, value:
2026/01/12 17:05:44 [Node:4] kv server putAppend op:Put, key:0, value:
2026/01/12 17:05:44 [Node:4] kv server putAppend repley:NoLeader
2026/01/12 17:05:44 更新leader before:3, after:4
2026/01/12 17:05:44 server:4 kv client putAppend key repeat reply:NoLeader
2026/01/12 17:05:44 server:4 kv client putAppend key:0, value:
2026/01/12 17:05:44 [Node:0] kv server putAppend op:Put, key:0, value:
2026/01/12 17:05:44 [Node:0] kv server putAppend repley:NoLeader
2026/01/12 17:05:44 更新leader before:4, after:0
2026/01/12 17:05:44 server:0 kv client putAppend key repeat reply:NoLeader
2026/01/12 17:05:44 server:0 kv client putAppend key:0, value:
2026/01/12 17:05:44 [Node:2] kv server putAppend op:Put, key:0, value:
2026/01/12 17:05:44 [Node:2] kv server putAppend repley:NoLeader
2026/01/12 17:05:44 更新leader before:0, after:1
2026/01/12 17:05:44 server:1 kv client putAppend key repeat reply:NoLeader
2026/01/12 17:05:44 server:1 kv client putAppend key:0, value:
2026/01/12 17:05:44 [Node:1] kv server putAppend op:Put, key:0, value:
2026/01/12 17:05:44 [Node:1] kv server putAppend repley:NoLeader
2026/01/12 17:05:44 更新leader before:1, after:2
2026/01/12 17:05:44 server:2 kv client putAppend key repeat reply:NoLeader
2026/01/12 17:05:44 server:2 kv client putAppend key:0, value:
2026/01/12 17:05:44 [Node:3] kv server putAppend op:Put, key:0, value:
2026/01/12 17:05:44 [Node:3] kv server putAppend repley:NoLeader
2026/01/12 17:05:44 更新leader before:2, after:3
2026/01/12 17:05:44 server:3 kv client putAppend key repeat reply:NoLeader
2026/01/12 17:05:44 server:3 kv client putAppend key:0, value:
2026/01/12 17:05:44 [Node:4] kv server putAppend op:Put, key:0, value:
2026/01/12 17:05:44 [Node:4] kv server putAppend repley:NoLeader
2026/01/12 17:05:44 更新leader before:3, after:4
2026/01/12 17:05:44 server:4 kv client putAppend key repeat reply:NoLeader
2026/01/12 17:05:44 server:4 kv client putAppend key:0, value:
2026/01/12 17:05:44 [Node:0] kv server putAppend op:Put, key:0, value:
2026/01/12 17:05:44 [Node:0] kv server putAppend repley:NoLeader
2026/01/12 17:05:44 更新leader before:4, after:0
2026/01/12 17:05:44 server:0 kv client putAppend key repeat reply:NoLeader
2026/01/12 17:05:44 server:0 kv client putAppend key:0, value:
2026/01/12 17:05:44 [Node:2] kv server putAppend op:Put, key:0, value:
2026/01/12 17:05:44 [Node:2] kv server putAppend repley:NoLeader
2026/01/12 17:05:44 更新leader before:0, after:1
2026/01/12 17:05:44 server:1 kv client putAppend key repeat reply:NoLeader
2026/01/12 17:05:44 server:1 kv client putAppend key:0, value:
2026/01/12 17:05:44 [Node:1] kv server putAppend op:Put, key:0, value:
2026/01/12 17:05:44 [Node:1] kv server putAppend repley:NoLeader
2026/01/12 17:05:44 更新leader before:1, after:2
2026/01/12 17:05:44 server:2 kv client putAppend key repeat reply:NoLeader
2026/01/12 17:05:44 server:2 kv client putAppend key:0, value:
2026/01/12 17:05:44 [Node:3] kv server putAppend op:Put, key:0, value:
2026/01/12 17:05:44 [Node:3] kv server putAppend repley:NoLeader
2026/01/12 17:05:44 更新leader before:2, after:3
2026/01/12 17:05:44 server:3 kv client putAppend key repeat reply:NoLeader
2026/01/12 17:05:44 server:3 kv client putAppend key:0, value:
2026/01/12 17:05:44 [Node:4] kv server putAppend op:Put, key:0, value:
2026/01/12 17:05:44 [Node:4] kv server putAppend repley:NoLeader
2026/01/12 17:05:44 更新leader before:3, after:4
2026/01/12 17:05:44 server:4 kv client putAppend key repeat reply:NoLeader
2026/01/12 17:05:44 server:4 kv client putAppend key:0, value:
2026/01/12 17:05:44 [Node:0] kv server putAppend op:Put, key:0, value:
2026/01/12 17:05:44 [Node:0] kv server putAppend repley:NoLeader
2026/01/12 17:05:44 更新leader before:4, after:0
2026/01/12 17:05:44 server:0 kv client putAppend key repeat reply:NoLeader
2026/01/12 17:05:44 server:0 kv client putAppend key:0, value:
2026/01/12 17:05:44 [Node:2] kv server putAppend op:Put, key:0, value:
2026/01/12 17:05:44 [Node:2] kv server putAppend repley:NoLeader
2026/01/12 17:05:44 更新leader before:0, after:1
2026/01/12 17:05:44 server:1 kv client putAppend key repeat reply:NoLeader
2026/01/12 17:05:44 server:1 kv client putAppend key:0, value:
2026/01/12 17:05:44 [Node:1] kv server putAppend op:Put, key:0, value:
2026/01/12 17:05:44 [Node:1] kv server putAppend repley:NoLeader
2026/01/12 17:05:44 更新leader before:1, after:2
2026/01/12 17:05:44 server:2 kv client putAppend key repeat reply:NoLeader
2026/01/12 17:05:44 server:2 kv client putAppend key:0, value:
2026/01/12 17:05:44 [Node:3] kv server putAppend op:Put, key:0, value:
2026/01/12 17:05:44 [Node:3] kv server putAppend repley:NoLeader
2026/01/12 17:05:44 更新leader before:2, after:3
2026/01/12 17:05:44 server:3 kv client putAppend key repeat reply:NoLeader
2026/01/12 17:05:44 server:3 kv client putAppend key:0, value:
2026/01/12 17:05:44 [Node:4] kv server putAppend op:Put, key:0, value:
2026/01/12 17:05:44 [Node:4] kv server putAppend repley:NoLeader
2026/01/12 17:05:44 更新leader before:3, after:4
2026/01/12 17:05:44 server:4 kv client putAppend key repeat reply:NoLeader
2026/01/12 17:05:44 server:4 kv client putAppend key:0, value:
2026/01/12 17:05:44 [Node:0] kv server putAppend op:Put, key:0, value:
2026/01/12 17:05:44 [Node:0] kv server putAppend repley:NoLeader
2026/01/12 17:05:44 更新leader before:4, after:0
2026/01/12 17:05:44 server:0 kv client putAppend key repeat reply:NoLeader
2026/01/12 17:05:44 server:0 kv client putAppend key:0, value:
2026/01/12 17:05:44 [Node:2] kv server putAppend op:Put, key:0, value:
2026/01/12 17:05:44 [Node:2] kv server putAppend repley:NoLeader
2026/01/12 17:05:44 更新leader before:0, after:1
2026/01/12 17:05:44 server:1 kv client putAppend key repeat reply:NoLeader
2026/01/12 17:05:44 server:1 kv client putAppend key:0, value:
2026/01/12 17:05:44 [Node:1] kv server putAppend op:Put, key:0, value:
2026/01/12 17:05:44 [Node:1] kv server putAppend repley:NoLeader
2026/01/12 17:05:44 更新leader before:1, after:2
2026/01/12 17:05:44 server:2 kv client putAppend key repeat reply:NoLeader
2026/01/12 17:05:44 server:2 kv client putAppend key:0, value:
2026/01/12 17:05:44 [Node:3] kv server putAppend op:Put, key:0, value:
2026/01/12 17:05:44 [Node:3] kv server putAppend repley:NoLeader
2026/01/12 17:05:44 更新leader before:2, after:3
2026/01/12 17:05:44 server:3 kv client putAppend key repeat reply:NoLeader
2026/01/12 17:05:44 server:3 kv client putAppend key:0, value:
2026/01/12 17:05:44 [Node:4] kv server putAppend op:Put, key:0, value:
2026/01/12 17:05:44 [Node:4] kv server putAppend repley:NoLeader
2026/01/12 17:05:44 更新leader before:3, after:4
2026/01/12 17:05:44 server:4 kv client putAppend key repeat reply:NoLeader
2026/01/12 17:05:44 server:4 kv client putAppend key:0, value:
2026/01/12 17:05:44 [Node:0] kv server putAppend op:Put, key:0, value:
2026/01/12 17:05:44 [Node:0] kv server putAppend repley:NoLeader
2026/01/12 17:05:44 更新leader before:4, after:0
2026/01/12 17:05:44 server:0 kv client putAppend key repeat reply:NoLeader
2026/01/12 17:05:44 server:0 kv client putAppend key:0, value:
2026/01/12 17:05:44 [Node:2] kv server putAppend op:Put, key:0, value:
2026/01/12 17:05:44 [Node:2] kv server putAppend repley:NoLeader
2026/01/12 17:05:44 更新leader before:0, after:1
2026/01/12 17:05:44 server:1 kv client putAppend key repeat reply:NoLeader
2026/01/12 17:05:44 server:1 kv client putAppend key:0, value:
2026/01/12 17:05:44 [Node:1] kv server putAppend op:Put, key:0, value:
2026/01/12 17:05:44 [Node:1] kv server putAppend repley:NoLeader
2026/01/12 17:05:44 更新leader before:1, after:2
2026/01/12 17:05:44 server:2 kv client putAppend key repeat reply:NoLeader
2026/01/12 17:05:44 server:2 kv client putAppend key:0, value:
2026/01/12 17:05:44 [Node:3] kv server putAppend op:Put, key:0, value:
2026/01/12 17:05:44 [Node:3] kv server putAppend repley:NoLeader
2026/01/12 17:05:44 更新leader before:2, after:3
2026/01/12 17:05:44 server:3 kv client putAppend key repeat reply:NoLeader
2026/01/12 17:05:44 server:3 kv client putAppend key:0, value:
2026/01/12 17:05:44 [Node:4] kv server putAppend op:Put, key:0, value:
2026/01/12 17:05:44 [Node:4] kv server putAppend repley:NoLeader
2026/01/12 17:05:44 更新leader before:3, after:4
2026/01/12 17:05:44 server:4 kv client putAppend key repeat reply:NoLeader
2026/01/12 17:05:44 server:4 kv client putAppend key:0, value:
2026/01/12 17:05:44 [Node:0] kv server putAppend op:Put, key:0, value:
2026/01/12 17:05:44 [Node:0] kv server putAppend repley:NoLeader
2026/01/12 17:05:44 更新leader before:4, after:0
2026/01/12 17:05:44 server:0 kv client putAppend key repeat reply:NoLeader
2026/01/12 17:05:44 server:0 kv client putAppend key:0, value:
2026/01/12 17:05:44 [Node:2] kv server putAppend op:Put, key:0, value:
2026/01/12 17:05:44 [Node:2] kv server putAppend repley:NoLeader
2026/01/12 17:05:44 更新leader before:0, after:1
2026/01/12 17:05:44 server:1 kv client putAppend key repeat reply:NoLeader
2026/01/12 17:05:44 server:1 kv client putAppend key:0, value:
2026/01/12 17:05:44 [Node:1] kv server putAppend op:Put, key:0, value:
2026/01/12 17:05:44 [Node:1] kv server putAppend repley:NoLeader
2026/01/12 17:05:44 更新leader before:1, after:2
2026/01/12 17:05:44 server:2 kv client putAppend key repeat reply:NoLeader
2026/01/12 17:05:44 server:2 kv client putAppend key:0, value:
2026/01/12 17:05:44 [Node:3] kv server putAppend op:Put, key:0, value:
2026/01/12 17:05:44 [Node:3] kv server putAppend repley:NoLeader
2026/01/12 17:05:44 更新leader before:2, after:3
2026/01/12 17:05:44 server:3 kv client putAppend key repeat reply:NoLeader
2026/01/12 17:05:44 server:3 kv client putAppend key:0, value:
2026/01/12 17:05:44 [Node:4] kv server putAppend op:Put, key:0, value:
2026/01/12 17:05:44 [Node:4] kv server putAppend repley:NoLeader
2026/01/12 17:05:44 更新leader before:3, after:4
2026/01/12 17:05:44 server:4 kv client putAppend key repeat reply:NoLeader
2026/01/12 17:05:44 server:4 kv client putAppend key:0, value:
2026/01/12 17:05:44 [Node:0] kv server putAppend op:Put, key:0, value:
2026/01/12 17:05:44 [Node:0] kv server putAppend repley:NoLeader
2026/01/12 17:05:44 更新leader before:4, after:0
2026/01/12 17:05:44 server:0 kv client putAppend key repeat reply:NoLeader
2026/01/12 17:05:44 server:0 kv client putAppend key:0, value:
2026/01/12 17:05:44 [Node:2] kv server putAppend op:Put, key:0, value:
2026/01/12 17:05:44 [Node:2] kv server putAppend repley:NoLeader
2026/01/12 17:05:44 更新leader before:0, after:1
2026/01/12 17:05:44 server:1 kv client putAppend key repeat reply:NoLeader
2026/01/12 17:05:44 server:1 kv client putAppend key:0, value:
2026/01/12 17:05:44 [Node:1] kv server putAppend op:Put, key:0, value:
2026/01/12 17:05:44 [Node:1] kv server putAppend repley:NoLeader
2026/01/12 17:05:44 更新leader before:1, after:2
2026/01/12 17:05:44 server:2 kv client putAppend key repeat reply:NoLeader
2026/01/12 17:05:44 server:2 kv client putAppend key:0, value:
2026/01/12 17:05:44 [Node:3] kv server putAppend op:Put, key:0, value:
2026/01/12 17:05:44 [Node:3] kv server putAppend repley:NoLeader
2026/01/12 17:05:44 更新leader before:2, after:3
2026/01/12 17:05:44 server:3 kv client putAppend key repeat reply:NoLeader
2026/01/12 17:05:44 server:3 kv client putAppend key:0, value:
2026/01/12 17:05:44 [Node:4] kv server putAppend op:Put, key:0, value:
2026/01/12 17:05:44 [Node:4] kv server putAppend repley:NoLeader
2026/01/12 17:05:44 更新leader before:3, after:4
2026/01/12 17:05:44 server:4 kv client putAppend key repeat reply:NoLeader
2026/01/12 17:05:44 server:4 kv client putAppend key:0, value:
2026/01/12 17:05:44 [Node:0] kv server putAppend op:Put, key:0, value:
2026/01/12 17:05:44 [Node:0] kv server putAppend repley:NoLeader
2026/01/12 17:05:44 更新leader before:4, after:0
2026/01/12 17:05:44 server:0 kv client putAppend key repeat reply:NoLeader
2026/01/12 17:05:44 server:0 kv client putAppend key:0, value:
2026/01/12 17:05:44 [Node:2] kv server putAppend op:Put, key:0, value:
2026/01/12 17:05:44 [Node:2] kv server putAppend repley:NoLeader
2026/01/12 17:05:44 更新leader before:0, after:1
2026/01/12 17:05:44 server:1 kv client putAppend key repeat reply:NoLeader
2026/01/12 17:05:44 server:1 kv client putAppend key:0, value:
2026/01/12 17:05:44 [Node:1] kv server putAppend op:Put, key:0, value:
2026/01/12 17:05:44 [Node:1] kv server putAppend repley:NoLeader
2026/01/12 17:05:44 更新leader before:1, after:2
2026/01/12 17:05:44 server:2 kv client putAppend key repeat reply:NoLeader
2026/01/12 17:05:44 server:2 kv client putAppend key:0, value:
2026/01/12 17:05:44 [Node:3] kv server putAppend op:Put, key:0, value:
2026/01/12 17:05:44 [Node:3] kv server putAppend repley:NoLeader
2026/01/12 17:05:44 更新leader before:2, after:3
2026/01/12 17:05:44 server:3 kv client putAppend key repeat reply:NoLeader
2026/01/12 17:05:44 server:3 kv client putAppend key:0, value:
2026/01/12 17:05:44 [Node:4] kv server putAppend op:Put, key:0, value:
2026/01/12 17:05:44 [Node:4] kv server putAppend repley:NoLeader
2026/01/12 17:05:44 更新leader before:3, after:4
2026/01/12 17:05:44 server:4 kv client putAppend key repeat reply:NoLeader
2026/01/12 17:05:44 server:4 kv client putAppend key:0, value:
2026/01/12 17:05:44 [Node:0] kv server putAppend op:Put, key:0, value:
2026/01/12 17:05:44 [Node:0] kv server putAppend repley:NoLeader
2026/01/12 17:05:44 更新leader before:4, after:0
2026/01/12 17:05:44 server:0 kv client putAppend key repeat reply:NoLeader
2026/01/12 17:05:44 server:0 kv client putAppend key:0, value:
2026/01/12 17:05:44 [Node:2] kv server putAppend op:Put, key:0, value:
2026/01/12 17:05:44 [Node:2] kv server putAppend repley:NoLeader
2026/01/12 17:05:44 更新leader before:0, after:1
2026/01/12 17:05:44 server:1 kv client putAppend key repeat reply:NoLeader
2026/01/12 17:05:44 server:1 kv client putAppend key:0, value:
2026/01/12 17:05:44 [Node:1] kv server putAppend op:Put, key:0, value:
2026/01/12 17:05:44 [Node:1] kv server putAppend repley:NoLeader
2026/01/12 17:05:44 更新leader before:1, after:2
2026/01/12 17:05:44 server:2 kv client putAppend key repeat reply:NoLeader
2026/01/12 17:05:44 server:2 kv client putAppend key:0, value:
2026/01/12 17:05:44 [Node:3] kv server putAppend op:Put, key:0, value:
2026/01/12 17:05:44 [Node:3] kv server putAppend repley:NoLeader
2026/01/12 17:05:44 更新leader before:2, after:3
2026/01/12 17:05:44 server:3 kv client putAppend key repeat reply:NoLeader
2026/01/12 17:05:44 server:3 kv client putAppend key:0, value:
2026/01/12 17:05:44 [Node:4] kv server putAppend op:Put, key:0, value:
2026/01/12 17:05:44 [Node:4] kv server putAppend repley:NoLeader
2026/01/12 17:05:44 更新leader before:3, after:4
2026/01/12 17:05:44 server:4 kv client putAppend key repeat reply:NoLeader
2026/01/12 17:05:44 server:4 kv client putAppend key:0, value:
2026/01/12 17:05:44 [Node:0] kv server putAppend op:Put, key:0, value:
2026/01/12 17:05:44 [Node:0] kv server putAppend repley:NoLeader
2026/01/12 17:05:44 更新leader before:4, after:0
2026/01/12 17:05:44 server:0 kv client putAppend key repeat reply:NoLeader
2026/01/12 17:05:44 server:0 kv client putAppend key:0, value:
2026/01/12 17:05:44 [Node:2] kv server putAppend op:Put, key:0, value:
2026/01/12 17:05:44 [Node:2] kv server putAppend repley:NoLeader
2026/01/12 17:05:44 更新leader before:0, after:1
2026/01/12 17:05:44 server:1 kv client putAppend key repeat reply:NoLeader
2026/01/12 17:05:44 server:1 kv client putAppend key:0, value:
2026/01/12 17:05:44 [Node:1] kv server putAppend op:Put, key:0, value:
2026/01/12 17:05:44 [Node:1] kv server putAppend repley:NoLeader
2026/01/12 17:05:44 更新leader before:1, after:2
2026/01/12 17:05:44 server:2 kv client putAppend key repeat reply:NoLeader
2026/01/12 17:05:44 server:2 kv client putAppend key:0, value:
2026/01/12 17:05:44 [Node:3] kv server putAppend op:Put, key:0, value:
2026/01/12 17:05:44 [Node:3] kv server putAppend repley:NoLeader
2026/01/12 17:05:44 更新leader before:2, after:3
2026/01/12 17:05:44 server:3 kv client putAppend key repeat reply:NoLeader
2026/01/12 17:05:44 server:3 kv client putAppend key:0, value:
2026/01/12 17:05:44 [Node:4] kv server putAppend op:Put, key:0, value:
2026/01/12 17:05:44 [Node:4] kv server putAppend repley:NoLeader
2026/01/12 17:05:44 更新leader before:3, after:4
2026/01/12 17:05:44 server:4 kv client putAppend key repeat reply:NoLeader
2026/01/12 17:05:44 server:4 kv client putAppend key:0, value:
2026/01/12 17:05:44 [Node:0] kv server putAppend op:Put, key:0, value:
2026/01/12 17:05:44 [Node:0] kv server putAppend repley:NoLeader
2026/01/12 17:05:44 更新leader before:4, after:0
2026/01/12 17:05:44 server:0 kv client putAppend key repeat reply:NoLeader
2026/01/12 17:05:44 server:0 kv client putAppend key:0, value:
2026/01/12 17:05:44 [Node:2] kv server putAppend op:Put, key:0, value:
2026/01/12 17:05:44 [Node:2] kv server putAppend repley:NoLeader
2026/01/12 17:05:44 更新leader before:0, after:1
2026/01/12 17:05:44 server:1 kv client putAppend key repeat reply:NoLeader
2026/01/12 17:05:44 server:1 kv client putAppend key:0, value:
2026/01/12 17:05:44 [Node:1] kv server putAppend op:Put, key:0, value:
2026/01/12 17:05:44 [Node:1] kv server putAppend repley:NoLeader
2026/01/12 17:05:44 更新leader before:1, after:2
2026/01/12 17:05:44 server:2 kv client putAppend key repeat reply:NoLeader
2026/01/12 17:05:44 server:2 kv client putAppend key:0, value:
2026/01/12 17:05:44 [Node:3] kv server putAppend op:Put, key:0, value:
2026/01/12 17:05:44 [Node:3] kv server putAppend repley:NoLeader
2026/01/12 17:05:44 更新leader before:2, after:3
2026/01/12 17:05:44 server:3 kv client putAppend key repeat reply:NoLeader
2026/01/12 17:05:44 server:3 kv client putAppend key:0, value:
2026/01/12 17:05:44 [Node:4] kv server putAppend op:Put, key:0, value:
2026/01/12 17:05:44 [Node:4] kv server putAppend repley:NoLeader
2026/01/12 17:05:44 更新leader before:3, after:4
2026/01/12 17:05:44 server:4 kv client putAppend key repeat reply:NoLeader
2026/01/12 17:05:44 server:4 kv client putAppend key:0, value:
2026/01/12 17:05:44 [Node:0] kv server putAppend op:Put, key:0, value:
2026/01/12 17:05:44 [Node:0] kv server putAppend repley:NoLeader
2026/01/12 17:05:44 更新leader before:4, after:0
2026/01/12 17:05:44 server:0 kv client putAppend key repeat reply:NoLeader
2026/01/12 17:05:44 server:0 kv client putAppend key:0, value:
2026/01/12 17:05:44 [Node:2] kv server putAppend op:Put, key:0, value:
2026/01/12 17:05:44 [Node:2] kv server putAppend repley:NoLeader
2026/01/12 17:05:44 更新leader before:0, after:1
2026/01/12 17:05:44 server:1 kv client putAppend key repeat reply:NoLeader
2026/01/12 17:05:44 server:1 kv client putAppend key:0, value:
2026/01/12 17:05:44 [Node:1] kv server putAppend op:Put, key:0, value:
2026/01/12 17:05:44 [Node:1] kv server putAppend repley:NoLeader
2026/01/12 17:05:44 更新leader before:1, after:2
2026/01/12 17:05:44 server:2 kv client putAppend key repeat reply:NoLeader
2026/01/12 17:05:44 server:2 kv client putAppend key:0, value:
2026/01/12 17:05:44 [Node:3] kv server putAppend op:Put, key:0, value:
2026/01/12 17:05:44 [Node:3] kv server putAppend repley:NoLeader
2026/01/12 17:05:44 更新leader before:2, after:3
2026/01/12 17:05:44 server:3 kv client putAppend key repeat reply:NoLeader
2026/01/12 17:05:44 server:3 kv client putAppend key:0, value:
2026/01/12 17:05:44 [Node:4] kv server putAppend op:Put, key:0, value:
2026/01/12 17:05:44 [Node:4] kv server putAppend repley:NoLeader
2026/01/12 17:05:44 更新leader before:3, after:4
2026/01/12 17:05:44 server:4 kv client putAppend key repeat reply:NoLeader
2026/01/12 17:05:44 server:4 kv client putAppend key:0, value:
2026/01/12 17:05:44 [Node:0] kv server putAppend op:Put, key:0, value:
2026/01/12 17:05:44 [Node:0] kv server putAppend repley:NoLeader
2026/01/12 17:05:44 更新leader before:4, after:0
2026/01/12 17:05:44 server:0 kv client putAppend key repeat reply:NoLeader
2026/01/12 17:05:44 server:0 kv client putAppend key:0, value:
2026/01/12 17:05:44 [Node:2] kv server putAppend op:Put, key:0, value:
2026/01/12 17:05:44 [Node:2] kv server putAppend repley:NoLeader
2026/01/12 17:05:44 更新leader before:0, after:1
2026/01/12 17:05:44 server:1 kv client putAppend key repeat reply:NoLeader
2026/01/12 17:05:44 server:1 kv client putAppend key:0, value:
2026/01/12 17:05:44 [Node:1] kv server putAppend op:Put, key:0, value:
2026/01/12 17:05:44 [Node:1] kv server putAppend repley:NoLeader
2026/01/12 17:05:44 更新leader before:1, after:2
2026/01/12 17:05:44 server:2 kv client putAppend key repeat reply:NoLeader
2026/01/12 17:05:44 server:2 kv client putAppend key:0, value:
2026/01/12 17:05:44 [Node:3] kv server putAppend op:Put, key:0, value:
2026/01/12 17:05:44 [Node:3] kv server putAppend repley:NoLeader
2026/01/12 17:05:44 更新leader before:2, after:3
2026/01/12 17:05:44 server:3 kv client putAppend key repeat reply:NoLeader
2026/01/12 17:05:44 server:3 kv client putAppend key:0, value:
2026/01/12 17:05:44 [Node:4] kv server putAppend op:Put, key:0, value:
2026/01/12 17:05:44 [Node:4] kv server putAppend repley:NoLeader
2026/01/12 17:05:44 更新leader before:3, after:4
2026/01/12 17:05:44 server:4 kv client putAppend key repeat reply:NoLeader
2026/01/12 17:05:44 server:4 kv client putAppend key:0, value:
2026/01/12 17:05:44 [Node:0] kv server putAppend op:Put, key:0, value:
2026/01/12 17:05:44 [Node:0] kv server putAppend repley:NoLeader
2026/01/12 17:05:44 更新leader before:4, after:0
2026/01/12 17:05:44 server:0 kv client putAppend key repeat reply:NoLeader
2026/01/12 17:05:44 server:0 kv client putAppend key:0, value:
2026/01/12 17:05:44 [Node:2] kv server putAppend op:Put, key:0, value:
2026/01/12 17:05:44 [Node:2] kv server putAppend repley:NoLeader
2026/01/12 17:05:44 更新leader before:0, after:1
2026/01/12 17:05:44 server:1 kv client putAppend key repeat reply:NoLeader
2026/01/12 17:05:44 server:1 kv client putAppend key:0, value:
2026/01/12 17:05:44 [Node:1] kv server putAppend op:Put, key:0, value:
2026/01/12 17:05:44 [Node:1] kv server putAppend repley:NoLeader
2026/01/12 17:05:44 更新leader before:1, after:2
2026/01/12 17:05:44 server:2 kv client putAppend key repeat reply:NoLeader
2026/01/12 17:05:44 server:2 kv client putAppend key:0, value:
2026/01/12 17:05:44 [Node:3] kv server putAppend op:Put, key:0, value:
2026/01/12 17:05:44 [Node:3] kv server putAppend repley:NoLeader
2026/01/12 17:05:44 更新leader before:2, after:3
2026/01/12 17:05:44 server:3 kv client putAppend key repeat reply:NoLeader
2026/01/12 17:05:44 server:3 kv client putAppend key:0, value:
2026/01/12 17:05:44 [Node:4] kv server putAppend op:Put, key:0, value:
2026/01/12 17:05:44 [Node:4] kv server putAppend repley:NoLeader
2026/01/12 17:05:44 更新leader before:3, after:4
2026/01/12 17:05:44 server:4 kv client putAppend key repeat reply:NoLeader
2026/01/12 17:05:44 server:4 kv client putAppend key:0, value:
2026/01/12 17:05:44 [Node:0] kv server putAppend op:Put, key:0, value:
2026/01/12 17:05:44 [Node:0] kv server putAppend repley:NoLeader
2026/01/12 17:05:44 更新leader before:4, after:0
2026/01/12 17:05:44 server:0 kv client putAppend key repeat reply:NoLeader
2026/01/12 17:05:44 server:0 kv client putAppend key:0, value:
2026/01/12 17:05:44 [Node:2] kv server putAppend op:Put, key:0, value:
2026/01/12 17:05:44 [Node:2] kv server putAppend repley:NoLeader
2026/01/12 17:05:44 更新leader before:0, after:1
2026/01/12 17:05:44 server:1 kv client putAppend key repeat reply:NoLeader
2026/01/12 17:05:44 server:1 kv client putAppend key:0, value:
2026/01/12 17:05:44 [Node:1] kv server putAppend op:Put, key:0, value:
2026/01/12 17:05:44 [Node:1] kv server putAppend repley:NoLeader
2026/01/12 17:05:44 更新leader before:1, after:2
2026/01/12 17:05:44 server:2 kv client putAppend key repeat reply:NoLeader
2026/01/12 17:05:44 server:2 kv client putAppend key:0, value:
2026/01/12 17:05:44 [Node:3] kv server putAppend op:Put, key:0, value:
2026/01/12 17:05:44 [Node:3] kv server putAppend repley:NoLeader
2026/01/12 17:05:44 更新leader before:2, after:3
2026/01/12 17:05:44 server:3 kv client putAppend key repeat reply:NoLeader
2026/01/12 17:05:44 server:3 kv client putAppend key:0, value:
2026/01/12 17:05:44 [Node:4] kv server putAppend op:Put, key:0, value:
2026/01/12 17:05:44 [Node:4] kv server putAppend repley:NoLeader
2026/01/12 17:05:44 更新leader before:3, after:4
2026/01/12 17:05:44 server:4 kv client putAppend key repeat reply:NoLeader
2026/01/12 17:05:44 server:4 kv client putAppend key:0, value:
2026/01/12 17:05:44 [Node:0] kv server putAppend op:Put, key:0, value:
2026/01/12 17:05:44 [Node:0] kv server putAppend repley:NoLeader
2026/01/12 17:05:44 更新leader before:4, after:0
2026/01/12 17:05:44 server:0 kv client putAppend key repeat reply:NoLeader
2026/01/12 17:05:44 server:0 kv client putAppend key:0, value:
2026/01/12 17:05:44 [Node:2] kv server putAppend op:Put, key:0, value:
2026/01/12 17:05:44 [Node:2] kv server putAppend repley:NoLeader
2026/01/12 17:05:44 更新leader before:0, after:1
2026/01/12 17:05:44 server:1 kv client putAppend key repeat reply:NoLeader
2026/01/12 17:05:44 server:1 kv client putAppend key:0, value:
2026/01/12 17:05:44 [Node:1] kv server putAppend op:Put, key:0, value:
2026/01/12 17:05:44 [Node:1] kv server putAppend repley:NoLeader
2026/01/12 17:05:44 更新leader before:1, after:2
2026/01/12 17:05:44 server:2 kv client putAppend key repeat reply:NoLeader
2026/01/12 17:05:44 server:2 kv client putAppend key:0, value:
2026/01/12 17:05:44 [Node:3] kv server putAppend op:Put, key:0, value:
2026/01/12 17:05:44 [Node:3] kv server putAppend repley:NoLeader
2026/01/12 17:05:44 更新leader before:2, after:3
2026/01/12 17:05:44 server:3 kv client putAppend key repeat reply:NoLeader
2026/01/12 17:05:44 server:3 kv client putAppend key:0, value:
2026/01/12 17:05:44 [Node:4] kv server putAppend op:Put, key:0, value:
2026/01/12 17:05:44 [Node:4] kv server putAppend repley:NoLeader
2026/01/12 17:05:44 更新leader before:3, after:4
2026/01/12 17:05:44 server:4 kv client putAppend key repeat reply:NoLeader
2026/01/12 17:05:44 server:4 kv client putAppend key:0, value:
2026/01/12 17:05:44 [Node:0] kv server putAppend op:Put, key:0, value:
2026/01/12 17:05:44 [Node:0] kv server putAppend repley:NoLeader
2026/01/12 17:05:44 更新leader before:4, after:0
2026/01/12 17:05:44 server:0 kv client putAppend key repeat reply:NoLeader
2026/01/12 17:05:44 server:0 kv client putAppend key:0, value:
2026/01/12 17:05:44 [Node:2] kv server putAppend op:Put, key:0, value:
2026/01/12 17:05:44 [Node:2] kv server putAppend repley:NoLeader
2026/01/12 17:05:44 更新leader before:0, after:1
2026/01/12 17:05:44 server:1 kv client putAppend key repeat reply:NoLeader
2026/01/12 17:05:44 server:1 kv client putAppend key:0, value:
2026/01/12 17:05:44 [Node:1] kv server putAppend op:Put, key:0, value:
2026/01/12 17:05:44 [Node:1] kv server putAppend repley:NoLeader
2026/01/12 17:05:44 更新leader before:1, after:2
2026/01/12 17:05:44 server:2 kv client putAppend key repeat reply:NoLeader
2026/01/12 17:05:44 server:2 kv client putAppend key:0, value:
2026/01/12 17:05:44 [Node:3] kv server putAppend op:Put, key:0, value:
2026/01/12 17:05:44 [Node:3] kv server putAppend repley:NoLeader
2026/01/12 17:05:44 更新leader before:2, after:3
2026/01/12 17:05:44 server:3 kv client putAppend key repeat reply:NoLeader
2026/01/12 17:05:44 server:3 kv client putAppend key:0, value:
2026/01/12 17:05:44 [Node:4] kv server putAppend op:Put, key:0, value:
2026/01/12 17:05:44 [Node:4] kv server putAppend repley:NoLeader
2026/01/12 17:05:44 更新leader before:3, after:4
2026/01/12 17:05:44 server:4 kv client putAppend key repeat reply:NoLeader
2026/01/12 17:05:44 server:4 kv client putAppend key:0, value:
2026/01/12 17:05:44 [Node:0] kv server putAppend op:Put, key:0, value:
2026/01/12 17:05:44 [Node:0] kv server putAppend repley:NoLeader
2026/01/12 17:05:44 更新leader before:4, after:0
2026/01/12 17:05:44 server:0 kv client putAppend key repeat reply:NoLeader
2026/01/12 17:05:44 server:0 kv client putAppend key:0, value:
2026/01/12 17:05:44 [Node:2] kv server putAppend op:Put, key:0, value:
2026/01/12 17:05:44 [Node:2] kv server putAppend repley:NoLeader
2026/01/12 17:05:44 更新leader before:0, after:1
2026/01/12 17:05:44 server:1 kv client putAppend key repeat reply:NoLeader
2026/01/12 17:05:44 server:1 kv client putAppend key:0, value:
2026/01/12 17:05:44 [Node:1] kv server putAppend op:Put, key:0, value:
2026/01/12 17:05:44 [Node:1] kv server putAppend repley:NoLeader
2026/01/12 17:05:44 更新leader before:1, after:2
2026/01/12 17:05:44 server:2 kv client putAppend key repeat reply:NoLeader
2026/01/12 17:05:44 server:2 kv client putAppend key:0, value:
2026/01/12 17:05:44 [Node:3] kv server putAppend op:Put, key:0, value:
2026/01/12 17:05:44 [Node:3] kv server putAppend repley:NoLeader
2026/01/12 17:05:44 更新leader before:2, after:3
2026/01/12 17:05:44 server:3 kv client putAppend key repeat reply:NoLeader
2026/01/12 17:05:44 server:3 kv client putAppend key:0, value:
2026/01/12 17:05:44 [Node:4] kv server putAppend op:Put, key:0, value:
2026/01/12 17:05:44 [Node:4] kv server putAppend repley:NoLeader
2026/01/12 17:05:44 更新leader before:3, after:4
2026/01/12 17:05:44 server:4 kv client putAppend key repeat reply:NoLeader
2026/01/12 17:05:44 server:4 kv client putAppend key:0, value:
2026/01/12 17:05:44 [Node:0] kv server putAppend op:Put, key:0, value:
2026/01/12 17:05:44 [Node:0] kv server putAppend repley:NoLeader
2026/01/12 17:05:44 更新leader before:4, after:0
2026/01/12 17:05:44 server:0 kv client putAppend key repeat reply:NoLeader
2026/01/12 17:05:44 server:0 kv client putAppend key:0, value:
2026/01/12 17:05:44 [Node:2] kv server putAppend op:Put, key:0, value:
2026/01/12 17:05:44 [Node:2] kv server putAppend repley:NoLeader
2026/01/12 17:05:44 更新leader before:0, after:1
2026/01/12 17:05:44 server:1 kv client putAppend key repeat reply:NoLeader
2026/01/12 17:05:44 server:1 kv client putAppend key:0, value:
2026/01/12 17:05:44 [Node:1] kv server putAppend op:Put, key:0, value:
2026/01/12 17:05:44 [Node:1] kv server putAppend repley:NoLeader
2026/01/12 17:05:44 更新leader before:1, after:2
2026/01/12 17:05:44 server:2 kv client putAppend key repeat reply:NoLeader
2026/01/12 17:05:44 server:2 kv client putAppend key:0, value:
2026/01/12 17:05:44 [Node:3] kv server putAppend op:Put, key:0, value:
2026/01/12 17:05:44 [Node:3] kv server putAppend repley:NoLeader
2026/01/12 17:05:44 更新leader before:2, after:3
2026/01/12 17:05:44 server:3 kv client putAppend key repeat reply:NoLeader
2026/01/12 17:05:44 server:3 kv client putAppend key:0, value:
2026/01/12 17:05:44 [Node:4] kv server putAppend op:Put, key:0, value:
2026/01/12 17:05:44 [Node:4] kv server putAppend repley:NoLeader
2026/01/12 17:05:44 更新leader before:3, after:4
2026/01/12 17:05:44 server:4 kv client putAppend key repeat reply:NoLeader
2026/01/12 17:05:44 server:4 kv client putAppend key:0, value:
2026/01/12 17:05:44 [Node:0] kv server putAppend op:Put, key:0, value:
2026/01/12 17:05:44 [Node:0] kv server putAppend repley:NoLeader
2026/01/12 17:05:44 更新leader before:4, after:0
2026/01/12 17:05:44 server:0 kv client putAppend key repeat reply:NoLeader
2026/01/12 17:05:44 server:0 kv client putAppend key:0, value:
2026/01/12 17:05:44 [Node:2] kv server putAppend op:Put, key:0, value:
2026/01/12 17:05:44 [Node:2] kv server putAppend repley:NoLeader
2026/01/12 17:05:44 更新leader before:0, after:1
2026/01/12 17:05:44 server:1 kv client putAppend key repeat reply:NoLeader
2026/01/12 17:05:44 server:1 kv client putAppend key:0, value:
2026/01/12 17:05:44 [Node:1] kv server putAppend op:Put, key:0, value:
2026/01/12 17:05:44 [Node:1] kv server putAppend repley:NoLeader
2026/01/12 17:05:44 更新leader before:1, after:2
2026/01/12 17:05:44 server:2 kv client putAppend key repeat reply:NoLeader
2026/01/12 17:05:44 server:2 kv client putAppend key:0, value:
2026/01/12 17:05:44 [Node:3] kv server putAppend op:Put, key:0, value:
2026/01/12 17:05:44 [Node:3] kv server putAppend repley:NoLeader
2026/01/12 17:05:44 更新leader before:2, after:3
2026/01/12 17:05:44 server:3 kv client putAppend key repeat reply:NoLeader
2026/01/12 17:05:44 server:3 kv client putAppend key:0, value:
2026/01/12 17:05:44 [Node:4] kv server putAppend op:Put, key:0, value:
2026/01/12 17:05:44 [Node:4] kv server putAppend repley:NoLeader
2026/01/12 17:05:44 更新leader before:3, after:4
2026/01/12 17:05:44 server:4 kv client putAppend key repeat reply:NoLeader
2026/01/12 17:05:44 server:4 kv client putAppend key:0, value:
2026/01/12 17:05:44 [Node:0] kv server putAppend op:Put, key:0, value:
2026/01/12 17:05:44 [Node:0] kv server put success key:0 value:
2026/01/12 17:05:44 [Node:0] kv server putAppend repley:success
2026/01/12 17:05:44 0: client new get 0, myck:&{[0xc000074440 0xc000074420 0xc000074460 0xc000074480 0xc000074400] 4 false} 
2026/01/12 17:05:44 ckck client get key:0, ck:&{[0xc000074440 0xc000074420 0xc000074460 0xc000074480 0xc000074400] 4 false}
2026/01/12 17:05:44 server:4 kv client get key:0
2026/01/12 17:05:44 [Node:0] kv server get key:0, value:
2026/01/12 17:05:44 0: client new append x 0 0 y myck:&{[0xc000074440 0xc000074420 0xc000074460 0xc000074480 0xc000074400] 4 false}
2026/01/12 17:05:44 test client append key:0, value:x 0 0 y, ck:&{[0xc000074440 0xc000074420 0xc000074460 0xc000074480 0xc000074400] 4 false}
2026/01/12 17:05:44 server:4 kv client putAppend key:0, value:x 0 0 y
2026/01/12 17:05:44 [Node:0] kv server putAppend op:Append, key:0, value:x 0 0 y
2026/01/12 17:05:44 [Node:3] kv server put success key:0 value:
2026/01/12 17:05:44 [Node:2] kv server put success key:0 value:
2026/01/12 17:05:44 [Node:4] kv server put success key:0 value:
2026/01/12 17:05:44 [Node:1] kv server put success key:0 value:
2026/01/12 17:05:44 [Node:0] kv server append success key:0 value:x 0 0 y
2026/01/12 17:05:44 [Node:0] kv server putAppend repley:success
2026/01/12 17:05:44 0: client new append x 0 1 y myck:&{[0xc000074440 0xc000074420 0xc000074460 0xc000074480 0xc000074400] 4 false}
2026/01/12 17:05:44 test client append key:0, value:x 0 1 y, ck:&{[0xc000074440 0xc000074420 0xc000074460 0xc000074480 0xc000074400] 4 false}
2026/01/12 17:05:44 server:4 kv client putAppend key:0, value:x 0 1 y
2026/01/12 17:05:44 [Node:0] kv server putAppend op:Append, key:0, value:x 0 1 y
2026/01/12 17:05:44 [Node:1] kv server append success key:0 value:x 0 0 y
2026/01/12 17:05:44 [Node:3] kv server append success key:0 value:x 0 0 y
2026/01/12 17:05:44 [Node:2] kv server append success key:0 value:x 0 0 y
2026/01/12 17:05:44 [Node:0] kv server append success key:0 value:x 0 1 y
2026/01/12 17:05:44 [Node:4] kv server append success key:0 value:x 0 0 y
2026/01/12 17:05:44 [Node:0] kv server putAppend repley:success
2026/01/12 17:05:44 0: client new get 0, myck:&{[0xc000074440 0xc000074420 0xc000074460 0xc000074480 0xc000074400] 4 false} 
2026/01/12 17:05:44 ckck client get key:0, ck:&{[0xc000074440 0xc000074420 0xc000074460 0xc000074480 0xc000074400] 4 false}
2026/01/12 17:05:44 server:4 kv client get key:0
2026/01/12 17:05:44 [Node:0] kv server get key:0, value:x 0 0 yx 0 1 y
2026/01/12 17:05:44 0: client new append x 0 2 y myck:&{[0xc000074440 0xc000074420 0xc000074460 0xc000074480 0xc000074400] 4 false}
2026/01/12 17:05:44 test client append key:0, value:x 0 2 y, ck:&{[0xc000074440 0xc000074420 0xc000074460 0xc000074480 0xc000074400] 4 false}
2026/01/12 17:05:44 server:4 kv client putAppend key:0, value:x 0 2 y
2026/01/12 17:05:44 [Node:0] kv server putAppend op:Append, key:0, value:x 0 2 y
2026/01/12 17:05:44 [Node:1] kv server append success key:0 value:x 0 1 y
2026/01/12 17:05:44 [Node:2] kv server append success key:0 value:x 0 1 y
2026/01/12 17:05:44 [Node:3] kv server append success key:0 value:x 0 1 y
2026/01/12 17:05:44 [Node:4] kv server append success key:0 value:x 0 1 y
2026/01/12 17:05:44 [Node:0] kv server append success key:0 value:x 0 2 y
2026/01/12 17:05:44 [Node:0] kv server putAppend repley:success
2026/01/12 17:05:44 0: client new append x 0 3 y myck:&{[0xc000074440 0xc000074420 0xc000074460 0xc000074480 0xc000074400] 4 false}
2026/01/12 17:05:44 test client append key:0, value:x 0 3 y, ck:&{[0xc000074440 0xc000074420 0xc000074460 0xc000074480 0xc000074400] 4 false}
2026/01/12 17:05:44 server:4 kv client putAppend key:0, value:x 0 3 y
2026/01/12 17:05:44 [Node:0] kv server putAppend op:Append, key:0, value:x 0 3 y
2026/01/12 17:05:44 [Node:1] kv server append success key:0 value:x 0 2 y
2026/01/12 17:05:44 [Node:2] kv server append success key:0 value:x 0 2 y
2026/01/12 17:05:44 [Node:4] kv server append success key:0 value:x 0 2 y
2026/01/12 17:05:44 [Node:3] kv server append success key:0 value:x 0 2 y
2026/01/12 17:05:44 [Node:0] kv server append success key:0 value:x 0 3 y
2026/01/12 17:05:44 [Node:0] kv server putAppend repley:success
2026/01/12 17:05:44 0: client new append x 0 4 y myck:&{[0xc000074440 0xc000074420 0xc000074460 0xc000074480 0xc000074400] 4 false}
2026/01/12 17:05:44 test client append key:0, value:x 0 4 y, ck:&{[0xc000074440 0xc000074420 0xc000074460 0xc000074480 0xc000074400] 4 false}
2026/01/12 17:05:44 server:4 kv client putAppend key:0, value:x 0 4 y
2026/01/12 17:05:44 [Node:0] kv server putAppend op:Append, key:0, value:x 0 4 y
2026/01/12 17:05:44 [Node:4] kv server append success key:0 value:x 0 3 y
2026/01/12 17:05:44 [Node:1] kv server append success key:0 value:x 0 3 y
2026/01/12 17:05:44 [Node:3] kv server append success key:0 value:x 0 3 y
2026/01/12 17:05:44 [Node:2] kv server append success key:0 value:x 0 3 y
2026/01/12 17:05:44 [Node:0] kv server append success key:0 value:x 0 4 y
2026/01/12 17:05:44 [Node:0] kv server putAppend repley:success
2026/01/12 17:05:44 0: client new append x 0 5 y myck:&{[0xc000074440 0xc000074420 0xc000074460 0xc000074480 0xc000074400] 4 false}
2026/01/12 17:05:44 test client append key:0, value:x 0 5 y, ck:&{[0xc000074440 0xc000074420 0xc000074460 0xc000074480 0xc000074400] 4 false}
2026/01/12 17:05:44 server:4 kv client putAppend key:0, value:x 0 5 y
2026/01/12 17:05:44 [Node:0] kv server putAppend op:Append, key:0, value:x 0 5 y
2026/01/12 17:05:44 [Node:4] kv server append success key:0 value:x 0 4 y
2026/01/12 17:05:44 [Node:1] kv server append success key:0 value:x 0 4 y
2026/01/12 17:05:44 [Node:2] kv server append success key:0 value:x 0 4 y
2026/01/12 17:05:44 [Node:3] kv server append success key:0 value:x 0 4 y
2026/01/12 17:05:44 [Node:0] kv server append success key:0 value:x 0 5 y
2026/01/12 17:05:44 [Node:0] kv server putAppend repley:success
2026/01/12 17:05:44 0: client new append x 0 6 y myck:&{[0xc000074440 0xc000074420 0xc000074460 0xc000074480 0xc000074400] 4 false}
2026/01/12 17:05:44 test client append key:0, value:x 0 6 y, ck:&{[0xc000074440 0xc000074420 0xc000074460 0xc000074480 0xc000074400] 4 false}
2026/01/12 17:05:44 server:4 kv client putAppend key:0, value:x 0 6 y
2026/01/12 17:05:44 [Node:0] kv server putAppend op:Append, key:0, value:x 0 6 y
2026/01/12 17:05:44 [Node:3] kv server append success key:0 value:x 0 5 y
2026/01/12 17:05:44 [Node:1] kv server append success key:0 value:x 0 5 y
2026/01/12 17:05:44 [Node:4] kv server append success key:0 value:x 0 5 y
2026/01/12 17:05:44 [Node:2] kv server append success key:0 value:x 0 5 y
2026/01/12 17:05:44 [Node:0] kv server append success key:0 value:x 0 6 y
2026/01/12 17:05:44 [Node:0] kv server putAppend repley:success
2026/01/12 17:05:44 0: client new get 0, myck:&{[0xc000074440 0xc000074420 0xc000074460 0xc000074480 0xc000074400] 4 false} 
2026/01/12 17:05:44 ckck client get key:0, ck:&{[0xc000074440 0xc000074420 0xc000074460 0xc000074480 0xc000074400] 4 false}
2026/01/12 17:05:44 server:4 kv client get key:0
2026/01/12 17:05:44 [Node:0] kv server get key:0, value:x 0 0 yx 0 1 yx 0 2 yx 0 3 yx 0 4 yx 0 5 yx 0 6 y
2026/01/12 17:05:44 0: client new append x 0 7 y myck:&{[0xc000074440 0xc000074420 0xc000074460 0xc000074480 0xc000074400] 4 false}
2026/01/12 17:05:44 test client append key:0, value:x 0 7 y, ck:&{[0xc000074440 0xc000074420 0xc000074460 0xc000074480 0xc000074400] 4 false}
2026/01/12 17:05:44 server:4 kv client putAppend key:0, value:x 0 7 y
2026/01/12 17:05:44 [Node:0] kv server putAppend op:Append, key:0, value:x 0 7 y
2026/01/12 17:05:45 [Node:2] kv server append success key:0 value:x 0 6 y
2026/01/12 17:05:45 [Node:4] kv server append success key:0 value:x 0 6 y
2026/01/12 17:05:45 [Node:1] kv server append success key:0 value:x 0 6 y
2026/01/12 17:05:45 [Node:3] kv server append success key:0 value:x 0 6 y
2026/01/12 17:05:45 [Node:0] kv server append success key:0 value:x 0 7 y
2026/01/12 17:05:45 [Node:0] kv server putAppend repley:success
2026/01/12 17:05:45 0: client new append x 0 8 y myck:&{[0xc000074440 0xc000074420 0xc000074460 0xc000074480 0xc000074400] 4 false}
2026/01/12 17:05:45 test client append key:0, value:x 0 8 y, ck:&{[0xc000074440 0xc000074420 0xc000074460 0xc000074480 0xc000074400] 4 false}
2026/01/12 17:05:45 server:4 kv client putAppend key:0, value:x 0 8 y
2026/01/12 17:05:45 [Node:0] kv server putAppend op:Append, key:0, value:x 0 8 y
2026/01/12 17:05:45 [Node:1] kv server append success key:0 value:x 0 7 y
2026/01/12 17:05:45 [Node:4] kv server append success key:0 value:x 0 7 y
2026/01/12 17:05:45 [Node:3] kv server append success key:0 value:x 0 7 y
2026/01/12 17:05:45 [Node:2] kv server append success key:0 value:x 0 7 y
2026/01/12 17:05:45 [Node:0] kv server append success key:0 value:x 0 8 y
2026/01/12 17:05:45 [Node:0] kv server putAppend repley:success
2026/01/12 17:05:45 0: client new get 0, myck:&{[0xc000074440 0xc000074420 0xc000074460 0xc000074480 0xc000074400] 4 false} 
2026/01/12 17:05:45 ckck client get key:0, ck:&{[0xc000074440 0xc000074420 0xc000074460 0xc000074480 0xc000074400] 4 false}
2026/01/12 17:05:45 server:4 kv client get key:0
2026/01/12 17:05:45 [Node:0] kv server get key:0, value:x 0 0 yx 0 1 yx 0 2 yx 0 3 yx 0 4 yx 0 5 yx 0 6 yx 0 7 yx 0 8 y
2026/01/12 17:05:45 0: client new get 0, myck:&{[0xc000074440 0xc000074420 0xc000074460 0xc000074480 0xc000074400] 4 false} 
2026/01/12 17:05:45 ckck client get key:0, ck:&{[0xc000074440 0xc000074420 0xc000074460 0xc000074480 0xc000074400] 4 false}
2026/01/12 17:05:45 server:4 kv client get key:0
2026/01/12 17:05:45 [Node:0] kv server get key:0, value:x 0 0 yx 0 1 yx 0 2 yx 0 3 yx 0 4 yx 0 5 yx 0 6 yx 0 7 yx 0 8 y
2026/01/12 17:05:45 0: client new append x 0 9 y myck:&{[0xc000074440 0xc000074420 0xc000074460 0xc000074480 0xc000074400] 4 false}
2026/01/12 17:05:45 test client append key:0, value:x 0 9 y, ck:&{[0xc000074440 0xc000074420 0xc000074460 0xc000074480 0xc000074400] 4 false}
2026/01/12 17:05:45 server:4 kv client putAppend key:0, value:x 0 9 y
2026/01/12 17:05:45 [Node:0] kv server putAppend op:Append, key:0, value:x 0 9 y
2026/01/12 17:05:45 [Node:4] kv server append success key:0 value:x 0 8 y
2026/01/12 17:05:45 [Node:3] kv server append success key:0 value:x 0 8 y
2026/01/12 17:05:45 [Node:2] kv server append success key:0 value:x 0 8 y
2026/01/12 17:05:45 [Node:1] kv server append success key:0 value:x 0 8 y
2026/01/12 17:05:45 [Node:0] kv server append success key:0 value:x 0 9 y
2026/01/12 17:05:45 [Node:0] kv server putAppend repley:success
2026/01/12 17:05:45 0: client new get 0, myck:&{[0xc000074440 0xc000074420 0xc000074460 0xc000074480 0xc000074400] 4 false} 
2026/01/12 17:05:45 ckck client get key:0, ck:&{[0xc000074440 0xc000074420 0xc000074460 0xc000074480 0xc000074400] 4 false}
2026/01/12 17:05:45 server:4 kv client get key:0
2026/01/12 17:05:45 [Node:0] kv server get key:0, value:x 0 0 yx 0 1 yx 0 2 yx 0 3 yx 0 4 yx 0 5 yx 0 6 yx 0 7 yx 0 8 yx 0 9 y
2026/01/12 17:05:45 0: client new get 0, myck:&{[0xc000074440 0xc000074420 0xc000074460 0xc000074480 0xc000074400] 4 false} 
2026/01/12 17:05:45 ckck client get key:0, ck:&{[0xc000074440 0xc000074420 0xc000074460 0xc000074480 0xc000074400] 4 false}
2026/01/12 17:05:45 server:4 kv client get key:0
2026/01/12 17:05:45 [Node:0] kv server get key:0, value:x 0 0 yx 0 1 yx 0 2 yx 0 3 yx 0 4 yx 0 5 yx 0 6 yx 0 7 yx 0 8 yx 0 9 y
2026/01/12 17:05:45 0: client new append x 0 10 y myck:&{[0xc000074440 0xc000074420 0xc000074460 0xc000074480 0xc000074400] 4 false}
2026/01/12 17:05:45 test client append key:0, value:x 0 10 y, ck:&{[0xc000074440 0xc000074420 0xc000074460 0xc000074480 0xc000074400] 4 false}
2026/01/12 17:05:45 server:4 kv client putAppend key:0, value:x 0 10 y
2026/01/12 17:05:45 [Node:0] kv server putAppend op:Append, key:0, value:x 0 10 y
2026/01/12 17:05:45 [Node:1] kv server append success key:0 value:x 0 9 y
2026/01/12 17:05:45 [Node:2] kv server append success key:0 value:x 0 9 y
2026/01/12 17:05:45 [Node:3] kv server append success key:0 value:x 0 9 y
2026/01/12 17:05:45 [Node:4] kv server append success key:0 value:x 0 9 y
2026/01/12 17:05:45 [Node:0] kv server append success key:0 value:x 0 10 y
2026/01/12 17:05:45 [Node:0] kv server putAppend repley:success
2026/01/12 17:05:45 0: client new append x 0 11 y myck:&{[0xc000074440 0xc000074420 0xc000074460 0xc000074480 0xc000074400] 4 false}
2026/01/12 17:05:45 test client append key:0, value:x 0 11 y, ck:&{[0xc000074440 0xc000074420 0xc000074460 0xc000074480 0xc000074400] 4 false}
2026/01/12 17:05:45 server:4 kv client putAppend key:0, value:x 0 11 y
2026/01/12 17:05:45 [Node:0] kv server putAppend op:Append, key:0, value:x 0 11 y
2026/01/12 17:05:45 [Node:2] kv server append success key:0 value:x 0 10 y
2026/01/12 17:05:45 [Node:1] kv server append success key:0 value:x 0 10 y
2026/01/12 17:05:45 [Node:3] kv server append success key:0 value:x 0 10 y
2026/01/12 17:05:45 [Node:4] kv server append success key:0 value:x 0 10 y
2026/01/12 17:05:45 [Node:0] kv server append success key:0 value:x 0 11 y
2026/01/12 17:05:45 [Node:0] kv server putAppend repley:success
2026/01/12 17:05:45 0: client new get 0, myck:&{[0xc000074440 0xc000074420 0xc000074460 0xc000074480 0xc000074400] 4 false} 
2026/01/12 17:05:45 ckck client get key:0, ck:&{[0xc000074440 0xc000074420 0xc000074460 0xc000074480 0xc000074400] 4 false}
2026/01/12 17:05:45 server:4 kv client get key:0
2026/01/12 17:05:45 [Node:0] kv server get key:0, value:x 0 0 yx 0 1 yx 0 2 yx 0 3 yx 0 4 yx 0 5 yx 0 6 yx 0 7 yx 0 8 yx 0 9 yx 0 10 yx 0 11 y
2026/01/12 17:05:45 0: client new get 0, myck:&{[0xc000074440 0xc000074420 0xc000074460 0xc000074480 0xc000074400] 4 false} 
2026/01/12 17:05:45 ckck client get key:0, ck:&{[0xc000074440 0xc000074420 0xc000074460 0xc000074480 0xc000074400] 4 false}
2026/01/12 17:05:45 server:4 kv client get key:0
2026/01/12 17:05:45 [Node:0] kv server get key:0, value:x 0 0 yx 0 1 yx 0 2 yx 0 3 yx 0 4 yx 0 5 yx 0 6 yx 0 7 yx 0 8 yx 0 9 yx 0 10 yx 0 11 y
2026/01/12 17:05:45 0: client new append x 0 12 y myck:&{[0xc000074440 0xc000074420 0xc000074460 0xc000074480 0xc000074400] 4 false}
2026/01/12 17:05:45 test client append key:0, value:x 0 12 y, ck:&{[0xc000074440 0xc000074420 0xc000074460 0xc000074480 0xc000074400] 4 false}
2026/01/12 17:05:45 server:4 kv client putAppend key:0, value:x 0 12 y
2026/01/12 17:05:45 [Node:0] kv server putAppend op:Append, key:0, value:x 0 12 y
2026/01/12 17:05:45 [Node:2] kv server append success key:0 value:x 0 11 y
2026/01/12 17:05:45 [Node:4] kv server append success key:0 value:x 0 11 y
2026/01/12 17:05:45 [Node:1] kv server append success key:0 value:x 0 11 y
2026/01/12 17:05:45 [Node:3] kv server append success key:0 value:x 0 11 y
2026/01/12 17:05:45 [Node:0] kv server append success key:0 value:x 0 12 y
2026/01/12 17:05:45 [Node:0] kv server putAppend repley:success
2026/01/12 17:05:45 0: client new get 0, myck:&{[0xc000074440 0xc000074420 0xc000074460 0xc000074480 0xc000074400] 4 false} 
2026/01/12 17:05:45 ckck client get key:0, ck:&{[0xc000074440 0xc000074420 0xc000074460 0xc000074480 0xc000074400] 4 false}
2026/01/12 17:05:45 server:4 kv client get key:0
2026/01/12 17:05:45 [Node:0] kv server get key:0, value:x 0 0 yx 0 1 yx 0 2 yx 0 3 yx 0 4 yx 0 5 yx 0 6 yx 0 7 yx 0 8 yx 0 9 yx 0 10 yx 0 11 yx 0 12 y
2026/01/12 17:05:45 0: client new append x 0 13 y myck:&{[0xc000074440 0xc000074420 0xc000074460 0xc000074480 0xc000074400] 4 false}
2026/01/12 17:05:45 test client append key:0, value:x 0 13 y, ck:&{[0xc000074440 0xc000074420 0xc000074460 0xc000074480 0xc000074400] 4 false}
2026/01/12 17:05:45 server:4 kv client putAppend key:0, value:x 0 13 y
2026/01/12 17:05:45 [Node:0] kv server putAppend op:Append, key:0, value:x 0 13 y
2026/01/12 17:05:45 [Node:2] kv server append success key:0 value:x 0 12 y
2026/01/12 17:05:45 [Node:1] kv server append success key:0 value:x 0 12 y
2026/01/12 17:05:45 [Node:3] kv server append success key:0 value:x 0 12 y
2026/01/12 17:05:45 [Node:0] kv server append success key:0 value:x 0 13 y
2026/01/12 17:05:45 [Node:0] kv server putAppend repley:success
2026/01/12 17:05:45 [Node:4] kv server append success key:0 value:x 0 12 y
2026/01/12 17:05:45 0: client new get 0, myck:&{[0xc000074440 0xc000074420 0xc000074460 0xc000074480 0xc000074400] 4 false} 
2026/01/12 17:05:45 ckck client get key:0, ck:&{[0xc000074440 0xc000074420 0xc000074460 0xc000074480 0xc000074400] 4 false}
2026/01/12 17:05:45 server:4 kv client get key:0
2026/01/12 17:05:45 [Node:0] kv server get key:0, value:x 0 0 yx 0 1 yx 0 2 yx 0 3 yx 0 4 yx 0 5 yx 0 6 yx 0 7 yx 0 8 yx 0 9 yx 0 10 yx 0 11 yx 0 12 yx 0 13 y
2026/01/12 17:05:45 0: client new append x 0 14 y myck:&{[0xc000074440 0xc000074420 0xc000074460 0xc000074480 0xc000074400] 4 false}
2026/01/12 17:05:45 test client append key:0, value:x 0 14 y, ck:&{[0xc000074440 0xc000074420 0xc000074460 0xc000074480 0xc000074400] 4 false}
2026/01/12 17:05:45 server:4 kv client putAppend key:0, value:x 0 14 y
2026/01/12 17:05:45 [Node:0] kv server putAppend op:Append, key:0, value:x 0 14 y
2026/01/12 17:05:45 [Node:4] kv server append success key:0 value:x 0 13 y
2026/01/12 17:05:45 [Node:3] kv server append success key:0 value:x 0 13 y
2026/01/12 17:05:45 [Node:1] kv server append success key:0 value:x 0 13 y
2026/01/12 17:05:45 [Node:2] kv server append success key:0 value:x 0 13 y
2026/01/12 17:05:45 [Node:0] kv server append success key:0 value:x 0 14 y
2026/01/12 17:05:45 [Node:0] kv server putAppend repley:success
2026/01/12 17:05:45 0: client new append x 0 15 y myck:&{[0xc000074440 0xc000074420 0xc000074460 0xc000074480 0xc000074400] 4 false}
2026/01/12 17:05:45 test client append key:0, value:x 0 15 y, ck:&{[0xc000074440 0xc000074420 0xc000074460 0xc000074480 0xc000074400] 4 false}
2026/01/12 17:05:45 server:4 kv client putAppend key:0, value:x 0 15 y
2026/01/12 17:05:45 [Node:0] kv server putAppend op:Append, key:0, value:x 0 15 y
2026/01/12 17:05:45 [Node:2] kv server append success key:0 value:x 0 14 y
2026/01/12 17:05:45 [Node:4] kv server append success key:0 value:x 0 14 y
2026/01/12 17:05:45 [Node:3] kv server append success key:0 value:x 0 14 y
2026/01/12 17:05:45 [Node:1] kv server append success key:0 value:x 0 14 y
2026/01/12 17:05:45 [Node:0] kv server append success key:0 value:x 0 15 y
2026/01/12 17:05:45 [Node:0] kv server putAppend repley:success
2026/01/12 17:05:45 0: client new append x 0 16 y myck:&{[0xc000074440 0xc000074420 0xc000074460 0xc000074480 0xc000074400] 4 false}
2026/01/12 17:05:45 test client append key:0, value:x 0 16 y, ck:&{[0xc000074440 0xc000074420 0xc000074460 0xc000074480 0xc000074400] 4 false}
2026/01/12 17:05:45 server:4 kv client putAppend key:0, value:x 0 16 y
2026/01/12 17:05:45 [Node:0] kv server putAppend op:Append, key:0, value:x 0 16 y
2026/01/12 17:05:45 [Node:3] kv server append success key:0 value:x 0 15 y
2026/01/12 17:05:45 [Node:4] kv server append success key:0 value:x 0 15 y
2026/01/12 17:05:45 [Node:1] kv server append success key:0 value:x 0 15 y
2026/01/12 17:05:45 [Node:2] kv server append success key:0 value:x 0 15 y
2026/01/12 17:05:45 [Node:0] kv server append success key:0 value:x 0 16 y
2026/01/12 17:05:45 [Node:0] kv server putAppend repley:success
2026/01/12 17:05:45 0: client new append x 0 17 y myck:&{[0xc000074440 0xc000074420 0xc000074460 0xc000074480 0xc000074400] 4 false}
2026/01/12 17:05:45 test client append key:0, value:x 0 17 y, ck:&{[0xc000074440 0xc000074420 0xc000074460 0xc000074480 0xc000074400] 4 false}
2026/01/12 17:05:45 server:4 kv client putAppend key:0, value:x 0 17 y
2026/01/12 17:05:45 [Node:0] kv server putAppend op:Append, key:0, value:x 0 17 y
2026/01/12 17:05:46 [Node:1] kv server append success key:0 value:x 0 16 y
2026/01/12 17:05:46 [Node:2] kv server append success key:0 value:x 0 16 y
2026/01/12 17:05:46 [Node:3] kv server append success key:0 value:x 0 16 y
2026/01/12 17:05:46 [Node:4] kv server append success key:0 value:x 0 16 y
2026/01/12 17:05:46 [Node:0] kv server append success key:0 value:x 0 17 y
2026/01/12 17:05:46 [Node:0] kv server putAppend repley:success
2026/01/12 17:05:46 0: client new append x 0 18 y myck:&{[0xc000074440 0xc000074420 0xc000074460 0xc000074480 0xc000074400] 4 false}
2026/01/12 17:05:46 test client append key:0, value:x 0 18 y, ck:&{[0xc000074440 0xc000074420 0xc000074460 0xc000074480 0xc000074400] 4 false}
2026/01/12 17:05:46 server:4 kv client putAppend key:0, value:x 0 18 y
2026/01/12 17:05:46 [Node:0] kv server putAppend op:Append, key:0, value:x 0 18 y
2026/01/12 17:05:46 [Node:3] kv server append success key:0 value:x 0 17 y
2026/01/12 17:05:46 [Node:2] kv server append success key:0 value:x 0 17 y
2026/01/12 17:05:46 [Node:1] kv server append success key:0 value:x 0 17 y
2026/01/12 17:05:46 [Node:4] kv server append success key:0 value:x 0 17 y
2026/01/12 17:05:46 [Node:0] kv server append success key:0 value:x 0 18 y
2026/01/12 17:05:46 [Node:0] kv server putAppend repley:success
2026/01/12 17:05:46 0: client new append x 0 19 y myck:&{[0xc000074440 0xc000074420 0xc000074460 0xc000074480 0xc000074400] 4 false}
2026/01/12 17:05:46 test client append key:0, value:x 0 19 y, ck:&{[0xc000074440 0xc000074420 0xc000074460 0xc000074480 0xc000074400] 4 false}
2026/01/12 17:05:46 server:4 kv client putAppend key:0, value:x 0 19 y
2026/01/12 17:05:46 [Node:0] kv server putAppend op:Append, key:0, value:x 0 19 y
2026/01/12 17:05:46 [Node:3] kv server append success key:0 value:x 0 18 y
2026/01/12 17:05:46 [Node:1] kv server append success key:0 value:x 0 18 y
2026/01/12 17:05:46 [Node:4] kv server append success key:0 value:x 0 18 y
2026/01/12 17:05:46 [Node:2] kv server append success key:0 value:x 0 18 y
2026/01/12 17:05:46 [Node:0] kv server append success key:0 value:x 0 19 y
2026/01/12 17:05:46 [Node:0] kv server putAppend repley:success
2026/01/12 17:05:46 0: client new get 0, myck:&{[0xc000074440 0xc000074420 0xc000074460 0xc000074480 0xc000074400] 4 false} 
2026/01/12 17:05:46 ckck client get key:0, ck:&{[0xc000074440 0xc000074420 0xc000074460 0xc000074480 0xc000074400] 4 false}
2026/01/12 17:05:46 server:4 kv client get key:0
2026/01/12 17:05:46 [Node:0] kv server get key:0, value:x 0 0 yx 0 1 yx 0 2 yx 0 3 yx 0 4 yx 0 5 yx 0 6 yx 0 7 yx 0 8 yx 0 9 yx 0 10 yx 0 11 yx 0 12 yx 0 13 yx 0 14 yx 0 15 yx 0 16 yx 0 17 yx 0 18 yx 0 19 y
2026/01/12 17:05:46 0: client new append x 0 20 y myck:&{[0xc000074440 0xc000074420 0xc000074460 0xc000074480 0xc000074400] 4 false}
2026/01/12 17:05:46 test client append key:0, value:x 0 20 y, ck:&{[0xc000074440 0xc000074420 0xc000074460 0xc000074480 0xc000074400] 4 false}
2026/01/12 17:05:46 server:4 kv client putAppend key:0, value:x 0 20 y
2026/01/12 17:05:46 [Node:0] kv server putAppend op:Append, key:0, value:x 0 20 y
2026/01/12 17:05:46 [Node:3] kv server append success key:0 value:x 0 19 y
2026/01/12 17:05:46 [Node:2] kv server append success key:0 value:x 0 19 y
2026/01/12 17:05:46 [Node:4] kv server append success key:0 value:x 0 19 y
2026/01/12 17:05:46 [Node:1] kv server append success key:0 value:x 0 19 y
2026/01/12 17:05:46 [Node:0] kv server append success key:0 value:x 0 20 y
2026/01/12 17:05:46 [Node:0] kv server putAppend repley:success
2026/01/12 17:05:46 0: client new append x 0 21 y myck:&{[0xc000074440 0xc000074420 0xc000074460 0xc000074480 0xc000074400] 4 false}
2026/01/12 17:05:46 test client append key:0, value:x 0 21 y, ck:&{[0xc000074440 0xc000074420 0xc000074460 0xc000074480 0xc000074400] 4 false}
2026/01/12 17:05:46 server:4 kv client putAppend key:0, value:x 0 21 y
2026/01/12 17:05:46 [Node:0] kv server putAppend op:Append, key:0, value:x 0 21 y
2026/01/12 17:05:46 [Node:2] kv server append success key:0 value:x 0 20 y
2026/01/12 17:05:46 [Node:1] kv server append success key:0 value:x 0 20 y
2026/01/12 17:05:46 [Node:4] kv server append success key:0 value:x 0 20 y
2026/01/12 17:05:46 [Node:3] kv server append success key:0 value:x 0 20 y
2026/01/12 17:05:46 [Node:0] kv server append success key:0 value:x 0 21 y
2026/01/12 17:05:46 [Node:0] kv server putAppend repley:success
2026/01/12 17:05:46 0: client new append x 0 22 y myck:&{[0xc000074440 0xc000074420 0xc000074460 0xc000074480 0xc000074400] 4 false}
2026/01/12 17:05:46 test client append key:0, value:x 0 22 y, ck:&{[0xc000074440 0xc000074420 0xc000074460 0xc000074480 0xc000074400] 4 false}
2026/01/12 17:05:46 server:4 kv client putAppend key:0, value:x 0 22 y
2026/01/12 17:05:46 [Node:0] kv server putAppend op:Append, key:0, value:x 0 22 y
2026/01/12 17:05:46 [Node:1] kv server append success key:0 value:x 0 21 y
2026/01/12 17:05:46 [Node:4] kv server append success key:0 value:x 0 21 y
2026/01/12 17:05:46 [Node:3] kv server append success key:0 value:x 0 21 y
2026/01/12 17:05:46 [Node:2] kv server append success key:0 value:x 0 21 y
2026/01/12 17:05:46 [Node:0] kv server append success key:0 value:x 0 22 y
2026/01/12 17:05:46 [Node:0] kv server putAppend repley:success
2026/01/12 17:05:46 0: client new get 0, myck:&{[0xc000074440 0xc000074420 0xc000074460 0xc000074480 0xc000074400] 4 false} 
2026/01/12 17:05:46 ckck client get key:0, ck:&{[0xc000074440 0xc000074420 0xc000074460 0xc000074480 0xc000074400] 4 false}
2026/01/12 17:05:46 server:4 kv client get key:0
2026/01/12 17:05:46 [Node:0] kv server get key:0, value:x 0 0 yx 0 1 yx 0 2 yx 0 3 yx 0 4 yx 0 5 yx 0 6 yx 0 7 yx 0 8 yx 0 9 yx 0 10 yx 0 11 yx 0 12 yx 0 13 yx 0 14 yx 0 15 yx 0 16 yx 0 17 yx 0 18 yx 0 19 yx 0 20 yx 0 21 yx 0 22 y
2026/01/12 17:05:46 0: client new get 0, myck:&{[0xc000074440 0xc000074420 0xc000074460 0xc000074480 0xc000074400] 4 false} 
2026/01/12 17:05:46 ckck client get key:0, ck:&{[0xc000074440 0xc000074420 0xc000074460 0xc000074480 0xc000074400] 4 false}
2026/01/12 17:05:46 server:4 kv client get key:0
2026/01/12 17:05:46 [Node:0] kv server get key:0, value:x 0 0 yx 0 1 yx 0 2 yx 0 3 yx 0 4 yx 0 5 yx 0 6 yx 0 7 yx 0 8 yx 0 9 yx 0 10 yx 0 11 yx 0 12 yx 0 13 yx 0 14 yx 0 15 yx 0 16 yx 0 17 yx 0 18 yx 0 19 yx 0 20 yx 0 21 yx 0 22 y
2026/01/12 17:05:46 0: client new append x 0 23 y myck:&{[0xc000074440 0xc000074420 0xc000074460 0xc000074480 0xc000074400] 4 false}
2026/01/12 17:05:46 test client append key:0, value:x 0 23 y, ck:&{[0xc000074440 0xc000074420 0xc000074460 0xc000074480 0xc000074400] 4 false}
2026/01/12 17:05:46 server:4 kv client putAppend key:0, value:x 0 23 y
2026/01/12 17:05:46 [Node:0] kv server putAppend op:Append, key:0, value:x 0 23 y
2026/01/12 17:05:46 [Node:3] kv server append success key:0 value:x 0 22 y
2026/01/12 17:05:46 [Node:2] kv server append success key:0 value:x 0 22 y
2026/01/12 17:05:46 [Node:4] kv server append success key:0 value:x 0 22 y
2026/01/12 17:05:46 [Node:1] kv server append success key:0 value:x 0 22 y
2026/01/12 17:05:46 [Node:0] kv server append success key:0 value:x 0 23 y
2026/01/12 17:05:46 [Node:0] kv server putAppend repley:success
2026/01/12 17:05:46 0: client new get 0, myck:&{[0xc000074440 0xc000074420 0xc000074460 0xc000074480 0xc000074400] 4 false} 
2026/01/12 17:05:46 ckck client get key:0, ck:&{[0xc000074440 0xc000074420 0xc000074460 0xc000074480 0xc000074400] 4 false}
2026/01/12 17:05:46 server:4 kv client get key:0
2026/01/12 17:05:46 [Node:0] kv server get key:0, value:x 0 0 yx 0 1 yx 0 2 yx 0 3 yx 0 4 yx 0 5 yx 0 6 yx 0 7 yx 0 8 yx 0 9 yx 0 10 yx 0 11 yx 0 12 yx 0 13 yx 0 14 yx 0 15 yx 0 16 yx 0 17 yx 0 18 yx 0 19 yx 0 20 yx 0 21 yx 0 22 yx 0 23 y
2026/01/12 17:05:46 0: client new append x 0 24 y myck:&{[0xc000074440 0xc000074420 0xc000074460 0xc000074480 0xc000074400] 4 false}
2026/01/12 17:05:46 test client append key:0, value:x 0 24 y, ck:&{[0xc000074440 0xc000074420 0xc000074460 0xc000074480 0xc000074400] 4 false}
2026/01/12 17:05:46 server:4 kv client putAppend key:0, value:x 0 24 y
2026/01/12 17:05:46 [Node:0] kv server putAppend op:Append, key:0, value:x 0 24 y
2026/01/12 17:05:46 [Node:2] kv server append success key:0 value:x 0 23 y
2026/01/12 17:05:46 [Node:1] kv server append success key:0 value:x 0 23 y
2026/01/12 17:05:46 [Node:3] kv server append success key:0 value:x 0 23 y
2026/01/12 17:05:46 [Node:4] kv server append success key:0 value:x 0 23 y
2026/01/12 17:05:46 [Node:0] kv server append success key:0 value:x 0 24 y
2026/01/12 17:05:46 [Node:0] kv server putAppend repley:success
2026/01/12 17:05:46 0: client new append x 0 25 y myck:&{[0xc000074440 0xc000074420 0xc000074460 0xc000074480 0xc000074400] 4 false}
2026/01/12 17:05:46 test client append key:0, value:x 0 25 y, ck:&{[0xc000074440 0xc000074420 0xc000074460 0xc000074480 0xc000074400] 4 false}
2026/01/12 17:05:46 server:4 kv client putAppend key:0, value:x 0 25 y
2026/01/12 17:05:46 [Node:0] kv server putAppend op:Append, key:0, value:x 0 25 y
2026/01/12 17:05:46 [Node:2] kv server append success key:0 value:x 0 24 y
2026/01/12 17:05:46 [Node:3] kv server append success key:0 value:x 0 24 y
2026/01/12 17:05:46 [Node:4] kv server append success key:0 value:x 0 24 y
2026/01/12 17:05:46 [Node:1] kv server append success key:0 value:x 0 24 y
2026/01/12 17:05:46 [Node:0] kv server append success key:0 value:x 0 25 y
2026/01/12 17:05:46 [Node:0] kv server putAppend repley:success
2026/01/12 17:05:46 0: client new get 0, myck:&{[0xc000074440 0xc000074420 0xc000074460 0xc000074480 0xc000074400] 4 false} 
2026/01/12 17:05:46 ckck client get key:0, ck:&{[0xc000074440 0xc000074420 0xc000074460 0xc000074480 0xc000074400] 4 false}
2026/01/12 17:05:46 server:4 kv client get key:0
2026/01/12 17:05:46 [Node:0] kv server get key:0, value:x 0 0 yx 0 1 yx 0 2 yx 0 3 yx 0 4 yx 0 5 yx 0 6 yx 0 7 yx 0 8 yx 0 9 yx 0 10 yx 0 11 yx 0 12 yx 0 13 yx 0 14 yx 0 15 yx 0 16 yx 0 17 yx 0 18 yx 0 19 yx 0 20 yx 0 21 yx 0 22 yx 0 23 yx 0 24 yx 0 25 y
2026/01/12 17:05:46 0: client new append x 0 26 y myck:&{[0xc000074440 0xc000074420 0xc000074460 0xc000074480 0xc000074400] 4 false}
2026/01/12 17:05:46 test client append key:0, value:x 0 26 y, ck:&{[0xc000074440 0xc000074420 0xc000074460 0xc000074480 0xc000074400] 4 false}
2026/01/12 17:05:46 server:4 kv client putAppend key:0, value:x 0 26 y
2026/01/12 17:05:46 [Node:0] kv server putAppend op:Append, key:0, value:x 0 26 y
2026/01/12 17:05:46 [Node:1] kv server append success key:0 value:x 0 25 y
2026/01/12 17:05:46 [Node:4] kv server append success key:0 value:x 0 25 y
2026/01/12 17:05:46 [Node:2] kv server append success key:0 value:x 0 25 y
2026/01/12 17:05:46 [Node:3] kv server append success key:0 value:x 0 25 y
2026/01/12 17:05:46 [Node:0] kv server append success key:0 value:x 0 26 y
2026/01/12 17:05:46 [Node:0] kv server putAppend repley:success
2026/01/12 17:05:46 0: client new append x 0 27 y myck:&{[0xc000074440 0xc000074420 0xc000074460 0xc000074480 0xc000074400] 4 false}
2026/01/12 17:05:46 test client append key:0, value:x 0 27 y, ck:&{[0xc000074440 0xc000074420 0xc000074460 0xc000074480 0xc000074400] 4 false}
2026/01/12 17:05:46 server:4 kv client putAppend key:0, value:x 0 27 y
2026/01/12 17:05:46 [Node:0] kv server putAppend op:Append, key:0, value:x 0 27 y
2026/01/12 17:05:47 [Node:2] kv server append success key:0 value:x 0 26 y
2026/01/12 17:05:47 [Node:3] kv server append success key:0 value:x 0 26 y
2026/01/12 17:05:47 [Node:1] kv server append success key:0 value:x 0 26 y
2026/01/12 17:05:47 [Node:4] kv server append success key:0 value:x 0 26 y
2026/01/12 17:05:47 [Node:0] kv server append success key:0 value:x 0 27 y
2026/01/12 17:05:47 [Node:0] kv server putAppend repley:success
2026/01/12 17:05:47 0: client new get 0, myck:&{[0xc000074440 0xc000074420 0xc000074460 0xc000074480 0xc000074400] 4 false} 
2026/01/12 17:05:47 ckck client get key:0, ck:&{[0xc000074440 0xc000074420 0xc000074460 0xc000074480 0xc000074400] 4 false}
2026/01/12 17:05:47 server:4 kv client get key:0
2026/01/12 17:05:47 [Node:0] kv server get key:0, value:x 0 0 yx 0 1 yx 0 2 yx 0 3 yx 0 4 yx 0 5 yx 0 6 yx 0 7 yx 0 8 yx 0 9 yx 0 10 yx 0 11 yx 0 12 yx 0 13 yx 0 14 yx 0 15 yx 0 16 yx 0 17 yx 0 18 yx 0 19 yx 0 20 yx 0 21 yx 0 22 yx 0 23 yx 0 24 yx 0 25 yx 0 26 yx 0 27 y
2026/01/12 17:05:47 0: client new append x 0 28 y myck:&{[0xc000074440 0xc000074420 0xc000074460 0xc000074480 0xc000074400] 4 false}
2026/01/12 17:05:47 test client append key:0, value:x 0 28 y, ck:&{[0xc000074440 0xc000074420 0xc000074460 0xc000074480 0xc000074400] 4 false}
2026/01/12 17:05:47 server:4 kv client putAppend key:0, value:x 0 28 y
2026/01/12 17:05:47 [Node:0] kv server putAppend op:Append, key:0, value:x 0 28 y
2026/01/12 17:05:47 [Node:3] kv server append success key:0 value:x 0 27 y
2026/01/12 17:05:47 [Node:1] kv server append success key:0 value:x 0 27 y
2026/01/12 17:05:47 [Node:2] kv server append success key:0 value:x 0 27 y
2026/01/12 17:05:47 [Node:4] kv server append success key:0 value:x 0 27 y
2026/01/12 17:05:47 [Node:0] kv server append success key:0 value:x 0 28 y
2026/01/12 17:05:47 [Node:0] kv server putAppend repley:success
2026/01/12 17:05:47 0: client new get 0, myck:&{[0xc000074440 0xc000074420 0xc000074460 0xc000074480 0xc000074400] 4 false} 
2026/01/12 17:05:47 ckck client get key:0, ck:&{[0xc000074440 0xc000074420 0xc000074460 0xc000074480 0xc000074400] 4 false}
2026/01/12 17:05:47 server:4 kv client get key:0
2026/01/12 17:05:47 [Node:0] kv server get key:0, value:x 0 0 yx 0 1 yx 0 2 yx 0 3 yx 0 4 yx 0 5 yx 0 6 yx 0 7 yx 0 8 yx 0 9 yx 0 10 yx 0 11 yx 0 12 yx 0 13 yx 0 14 yx 0 15 yx 0 16 yx 0 17 yx 0 18 yx 0 19 yx 0 20 yx 0 21 yx 0 22 yx 0 23 yx 0 24 yx 0 25 yx 0 26 yx 0 27 yx 0 28 y
2026/01/12 17:05:47 0: client new append x 0 29 y myck:&{[0xc000074440 0xc000074420 0xc000074460 0xc000074480 0xc000074400] 4 false}
2026/01/12 17:05:47 test client append key:0, value:x 0 29 y, ck:&{[0xc000074440 0xc000074420 0xc000074460 0xc000074480 0xc000074400] 4 false}
2026/01/12 17:05:47 server:4 kv client putAppend key:0, value:x 0 29 y
2026/01/12 17:05:47 [Node:0] kv server putAppend op:Append, key:0, value:x 0 29 y
2026/01/12 17:05:47 [Node:2] kv server append success key:0 value:x 0 28 y
2026/01/12 17:05:47 [Node:1] kv server append success key:0 value:x 0 28 y
2026/01/12 17:05:47 [Node:4] kv server append success key:0 value:x 0 28 y
2026/01/12 17:05:47 [Node:3] kv server append success key:0 value:x 0 28 y
2026/01/12 17:05:47 [Node:0] kv server append success key:0 value:x 0 29 y
2026/01/12 17:05:47 [Node:0] kv server putAppend repley:success
2026/01/12 17:05:47 0: client new get 0, myck:&{[0xc000074440 0xc000074420 0xc000074460 0xc000074480 0xc000074400] 4 false} 
2026/01/12 17:05:47 ckck client get key:0, ck:&{[0xc000074440 0xc000074420 0xc000074460 0xc000074480 0xc000074400] 4 false}
2026/01/12 17:05:47 server:4 kv client get key:0
2026/01/12 17:05:47 [Node:0] kv server get key:0, value:x 0 0 yx 0 1 yx 0 2 yx 0 3 yx 0 4 yx 0 5 yx 0 6 yx 0 7 yx 0 8 yx 0 9 yx 0 10 yx 0 11 yx 0 12 yx 0 13 yx 0 14 yx 0 15 yx 0 16 yx 0 17 yx 0 18 yx 0 19 yx 0 20 yx 0 21 yx 0 22 yx 0 23 yx 0 24 yx 0 25 yx 0 26 yx 0 27 yx 0 28 yx 0 29 y
2026/01/12 17:05:47 0: client new append x 0 30 y myck:&{[0xc000074440 0xc000074420 0xc000074460 0xc000074480 0xc000074400] 4 false}
2026/01/12 17:05:47 test client append key:0, value:x 0 30 y, ck:&{[0xc000074440 0xc000074420 0xc000074460 0xc000074480 0xc000074400] 4 false}
2026/01/12 17:05:47 server:4 kv client putAppend key:0, value:x 0 30 y
2026/01/12 17:05:47 [Node:0] kv server putAppend op:Append, key:0, value:x 0 30 y
2026/01/12 17:05:47 [Node:3] kv server append success key:0 value:x 0 29 y
2026/01/12 17:05:47 [Node:4] kv server append success key:0 value:x 0 29 y
2026/01/12 17:05:47 [Node:2] kv server append success key:0 value:x 0 29 y
2026/01/12 17:05:47 [Node:1] kv server append success key:0 value:x 0 29 y
2026/01/12 17:05:47 [Node:0] kv server append success key:0 value:x 0 30 y
2026/01/12 17:05:47 [Node:0] kv server putAppend repley:success
2026/01/12 17:05:47 0: client new get 0, myck:&{[0xc000074440 0xc000074420 0xc000074460 0xc000074480 0xc000074400] 4 false} 
2026/01/12 17:05:47 ckck client get key:0, ck:&{[0xc000074440 0xc000074420 0xc000074460 0xc000074480 0xc000074400] 4 false}
2026/01/12 17:05:47 server:4 kv client get key:0
2026/01/12 17:05:47 [Node:0] kv server get key:0, value:x 0 0 yx 0 1 yx 0 2 yx 0 3 yx 0 4 yx 0 5 yx 0 6 yx 0 7 yx 0 8 yx 0 9 yx 0 10 yx 0 11 yx 0 12 yx 0 13 yx 0 14 yx 0 15 yx 0 16 yx 0 17 yx 0 18 yx 0 19 yx 0 20 yx 0 21 yx 0 22 yx 0 23 yx 0 24 yx 0 25 yx 0 26 yx 0 27 yx 0 28 yx 0 29 yx 0 30 y
2026/01/12 17:05:47 0: client new get 0, myck:&{[0xc000074440 0xc000074420 0xc000074460 0xc000074480 0xc000074400] 4 false} 
2026/01/12 17:05:47 ckck client get key:0, ck:&{[0xc000074440 0xc000074420 0xc000074460 0xc000074480 0xc000074400] 4 false}
2026/01/12 17:05:47 server:4 kv client get key:0
2026/01/12 17:05:47 [Node:0] kv server get key:0, value:x 0 0 yx 0 1 yx 0 2 yx 0 3 yx 0 4 yx 0 5 yx 0 6 yx 0 7 yx 0 8 yx 0 9 yx 0 10 yx 0 11 yx 0 12 yx 0 13 yx 0 14 yx 0 15 yx 0 16 yx 0 17 yx 0 18 yx 0 19 yx 0 20 yx 0 21 yx 0 22 yx 0 23 yx 0 24 yx 0 25 yx 0 26 yx 0 27 yx 0 28 yx 0 29 yx 0 30 y
2026/01/12 17:05:47 0: client new get 0, myck:&{[0xc000074440 0xc000074420 0xc000074460 0xc000074480 0xc000074400] 4 false} 
2026/01/12 17:05:47 ckck client get key:0, ck:&{[0xc000074440 0xc000074420 0xc000074460 0xc000074480 0xc000074400] 4 false}
2026/01/12 17:05:47 server:4 kv client get key:0
2026/01/12 17:05:47 [Node:0] kv server get key:0, value:x 0 0 yx 0 1 yx 0 2 yx 0 3 yx 0 4 yx 0 5 yx 0 6 yx 0 7 yx 0 8 yx 0 9 yx 0 10 yx 0 11 yx 0 12 yx 0 13 yx 0 14 yx 0 15 yx 0 16 yx 0 17 yx 0 18 yx 0 19 yx 0 20 yx 0 21 yx 0 22 yx 0 23 yx 0 24 yx 0 25 yx 0 26 yx 0 27 yx 0 28 yx 0 29 yx 0 30 y
2026/01/12 17:05:47 0: client new append x 0 31 y myck:&{[0xc000074440 0xc000074420 0xc000074460 0xc000074480 0xc000074400] 4 false}
2026/01/12 17:05:47 test client append key:0, value:x 0 31 y, ck:&{[0xc000074440 0xc000074420 0xc000074460 0xc000074480 0xc000074400] 4 false}
2026/01/12 17:05:47 server:4 kv client putAppend key:0, value:x 0 31 y
2026/01/12 17:05:47 [Node:0] kv server putAppend op:Append, key:0, value:x 0 31 y
2026/01/12 17:05:47 [Node:2] kv server append success key:0 value:x 0 30 y
2026/01/12 17:05:47 [Node:4] kv server append success key:0 value:x 0 30 y
2026/01/12 17:05:47 [Node:1] kv server append success key:0 value:x 0 30 y
2026/01/12 17:05:47 [Node:3] kv server append success key:0 value:x 0 30 y
2026/01/12 17:05:47 [Node:0] kv server append success key:0 value:x 0 31 y
2026/01/12 17:05:47 [Node:0] kv server putAppend repley:success
2026/01/12 17:05:47 0: client new get 0, myck:&{[0xc000074440 0xc000074420 0xc000074460 0xc000074480 0xc000074400] 4 false} 
2026/01/12 17:05:47 ckck client get key:0, ck:&{[0xc000074440 0xc000074420 0xc000074460 0xc000074480 0xc000074400] 4 false}
2026/01/12 17:05:47 server:4 kv client get key:0
2026/01/12 17:05:47 [Node:0] kv server get key:0, value:x 0 0 yx 0 1 yx 0 2 yx 0 3 yx 0 4 yx 0 5 yx 0 6 yx 0 7 yx 0 8 yx 0 9 yx 0 10 yx 0 11 yx 0 12 yx 0 13 yx 0 14 yx 0 15 yx 0 16 yx 0 17 yx 0 18 yx 0 19 yx 0 20 yx 0 21 yx 0 22 yx 0 23 yx 0 24 yx 0 25 yx 0 26 yx 0 27 yx 0 28 yx 0 29 yx 0 30 yx 0 31 y
2026/01/12 17:05:47 0: client new get 0, myck:&{[0xc000074440 0xc000074420 0xc000074460 0xc000074480 0xc000074400] 4 false} 
2026/01/12 17:05:47 ckck client get key:0, ck:&{[0xc000074440 0xc000074420 0xc000074460 0xc000074480 0xc000074400] 4 false}
2026/01/12 17:05:47 server:4 kv client get key:0
2026/01/12 17:05:47 [Node:0] kv server get key:0, value:x 0 0 yx 0 1 yx 0 2 yx 0 3 yx 0 4 yx 0 5 yx 0 6 yx 0 7 yx 0 8 yx 0 9 yx 0 10 yx 0 11 yx 0 12 yx 0 13 yx 0 14 yx 0 15 yx 0 16 yx 0 17 yx 0 18 yx 0 19 yx 0 20 yx 0 21 yx 0 22 yx 0 23 yx 0 24 yx 0 25 yx 0 26 yx 0 27 yx 0 28 yx 0 29 yx 0 30 yx 0 31 y
2026/01/12 17:05:47 0: client new get 0, myck:&{[0xc000074440 0xc000074420 0xc000074460 0xc000074480 0xc000074400] 4 false} 
2026/01/12 17:05:47 ckck client get key:0, ck:&{[0xc000074440 0xc000074420 0xc000074460 0xc000074480 0xc000074400] 4 false}
2026/01/12 17:05:47 server:4 kv client get key:0
2026/01/12 17:05:47 [Node:0] kv server get key:0, value:x 0 0 yx 0 1 yx 0 2 yx 0 3 yx 0 4 yx 0 5 yx 0 6 yx 0 7 yx 0 8 yx 0 9 yx 0 10 yx 0 11 yx 0 12 yx 0 13 yx 0 14 yx 0 15 yx 0 16 yx 0 17 yx 0 18 yx 0 19 yx 0 20 yx 0 21 yx 0 22 yx 0 23 yx 0 24 yx 0 25 yx 0 26 yx 0 27 yx 0 28 yx 0 29 yx 0 30 yx 0 31 y
2026/01/12 17:05:47 0: client new get 0, myck:&{[0xc000074440 0xc000074420 0xc000074460 0xc000074480 0xc000074400] 4 false} 
2026/01/12 17:05:47 ckck client get key:0, ck:&{[0xc000074440 0xc000074420 0xc000074460 0xc000074480 0xc000074400] 4 false}
2026/01/12 17:05:47 server:4 kv client get key:0
2026/01/12 17:05:47 [Node:0] kv server get key:0, value:x 0 0 yx 0 1 yx 0 2 yx 0 3 yx 0 4 yx 0 5 yx 0 6 yx 0 7 yx 0 8 yx 0 9 yx 0 10 yx 0 11 yx 0 12 yx 0 13 yx 0 14 yx 0 15 yx 0 16 yx 0 17 yx 0 18 yx 0 19 yx 0 20 yx 0 21 yx 0 22 yx 0 23 yx 0 24 yx 0 25 yx 0 26 yx 0 27 yx 0 28 yx 0 29 yx 0 30 yx 0 31 y
2026/01/12 17:05:47 0: client new get 0, myck:&{[0xc000074440 0xc000074420 0xc000074460 0xc000074480 0xc000074400] 4 false} 
2026/01/12 17:05:47 ckck client get key:0, ck:&{[0xc000074440 0xc000074420 0xc000074460 0xc000074480 0xc000074400] 4 false}
2026/01/12 17:05:47 server:4 kv client get key:0
2026/01/12 17:05:47 [Node:0] kv server get key:0, value:x 0 0 yx 0 1 yx 0 2 yx 0 3 yx 0 4 yx 0 5 yx 0 6 yx 0 7 yx 0 8 yx 0 9 yx 0 10 yx 0 11 yx 0 12 yx 0 13 yx 0 14 yx 0 15 yx 0 16 yx 0 17 yx 0 18 yx 0 19 yx 0 20 yx 0 21 yx 0 22 yx 0 23 yx 0 24 yx 0 25 yx 0 26 yx 0 27 yx 0 28 yx 0 29 yx 0 30 yx 0 31 y
2026/01/12 17:05:47 0: client new append x 0 32 y myck:&{[0xc000074440 0xc000074420 0xc000074460 0xc000074480 0xc000074400] 4 false}
2026/01/12 17:05:47 test client append key:0, value:x 0 32 y, ck:&{[0xc000074440 0xc000074420 0xc000074460 0xc000074480 0xc000074400] 4 false}
2026/01/12 17:05:47 server:4 kv client putAppend key:0, value:x 0 32 y
2026/01/12 17:05:47 [Node:0] kv server putAppend op:Append, key:0, value:x 0 32 y
2026/01/12 17:05:47 [Node:3] kv server append success key:0 value:x 0 31 y
2026/01/12 17:05:47 [Node:4] kv server append success key:0 value:x 0 31 y
2026/01/12 17:05:47 [Node:1] kv server append success key:0 value:x 0 31 y
2026/01/12 17:05:47 [Node:2] kv server append success key:0 value:x 0 31 y
2026/01/12 17:05:47 [Node:0] kv server append success key:0 value:x 0 32 y
2026/01/12 17:05:47 [Node:0] kv server putAppend repley:success
2026/01/12 17:05:47 0: client new get 0, myck:&{[0xc000074440 0xc000074420 0xc000074460 0xc000074480 0xc000074400] 4 false} 
2026/01/12 17:05:47 ckck client get key:0, ck:&{[0xc000074440 0xc000074420 0xc000074460 0xc000074480 0xc000074400] 4 false}
2026/01/12 17:05:47 server:4 kv client get key:0
2026/01/12 17:05:47 [Node:0] kv server get key:0, value:x 0 0 yx 0 1 yx 0 2 yx 0 3 yx 0 4 yx 0 5 yx 0 6 yx 0 7 yx 0 8 yx 0 9 yx 0 10 yx 0 11 yx 0 12 yx 0 13 yx 0 14 yx 0 15 yx 0 16 yx 0 17 yx 0 18 yx 0 19 yx 0 20 yx 0 21 yx 0 22 yx 0 23 yx 0 24 yx 0 25 yx 0 26 yx 0 27 yx 0 28 yx 0 29 yx 0 30 yx 0 31 yx 0 32 y
2026/01/12 17:05:47 0: client new append x 0 33 y myck:&{[0xc000074440 0xc000074420 0xc000074460 0xc000074480 0xc000074400] 4 false}
2026/01/12 17:05:47 test client append key:0, value:x 0 33 y, ck:&{[0xc000074440 0xc000074420 0xc000074460 0xc000074480 0xc000074400] 4 false}
2026/01/12 17:05:47 server:4 kv client putAppend key:0, value:x 0 33 y
2026/01/12 17:05:47 [Node:0] kv server putAppend op:Append, key:0, value:x 0 33 y
2026/01/12 17:05:47 [Node:4] kv server append success key:0 value:x 0 32 y
2026/01/12 17:05:47 [Node:3] kv server append success key:0 value:x 0 32 y
2026/01/12 17:05:47 [Node:2] kv server append success key:0 value:x 0 32 y
2026/01/12 17:05:47 [Node:1] kv server append success key:0 value:x 0 32 y
2026/01/12 17:05:47 [Node:0] kv server append success key:0 value:x 0 33 y
2026/01/12 17:05:47 [Node:0] kv server putAppend repley:success
2026/01/12 17:05:47 0: client new get 0, myck:&{[0xc000074440 0xc000074420 0xc000074460 0xc000074480 0xc000074400] 4 false} 
2026/01/12 17:05:47 ckck client get key:0, ck:&{[0xc000074440 0xc000074420 0xc000074460 0xc000074480 0xc000074400] 4 false}
2026/01/12 17:05:47 server:4 kv client get key:0
2026/01/12 17:05:47 [Node:0] kv server get key:0, value:x 0 0 yx 0 1 yx 0 2 yx 0 3 yx 0 4 yx 0 5 yx 0 6 yx 0 7 yx 0 8 yx 0 9 yx 0 10 yx 0 11 yx 0 12 yx 0 13 yx 0 14 yx 0 15 yx 0 16 yx 0 17 yx 0 18 yx 0 19 yx 0 20 yx 0 21 yx 0 22 yx 0 23 yx 0 24 yx 0 25 yx 0 26 yx 0 27 yx 0 28 yx 0 29 yx 0 30 yx 0 31 yx 0 32 yx 0 33 y
2026/01/12 17:05:47 0: client new append x 0 34 y myck:&{[0xc000074440 0xc000074420 0xc000074460 0xc000074480 0xc000074400] 4 false}
2026/01/12 17:05:47 test client append key:0, value:x 0 34 y, ck:&{[0xc000074440 0xc000074420 0xc000074460 0xc000074480 0xc000074400] 4 false}
2026/01/12 17:05:47 server:4 kv client putAppend key:0, value:x 0 34 y
2026/01/12 17:05:47 [Node:0] kv server putAppend op:Append, key:0, value:x 0 34 y
2026/01/12 17:05:47 [Node:2] kv server append success key:0 value:x 0 33 y
2026/01/12 17:05:47 [Node:3] kv server append success key:0 value:x 0 33 y
2026/01/12 17:05:47 [Node:1] kv server append success key:0 value:x 0 33 y
2026/01/12 17:05:47 [Node:4] kv server append success key:0 value:x 0 33 y
2026/01/12 17:05:47 [Node:0] kv server append success key:0 value:x 0 34 y
2026/01/12 17:05:47 [Node:0] kv server putAppend repley:success
2026/01/12 17:05:47 0: client new get 0, myck:&{[0xc000074440 0xc000074420 0xc000074460 0xc000074480 0xc000074400] 4 false} 
2026/01/12 17:05:47 ckck client get key:0, ck:&{[0xc000074440 0xc000074420 0xc000074460 0xc000074480 0xc000074400] 4 false}
2026/01/12 17:05:47 server:4 kv client get key:0
2026/01/12 17:05:47 [Node:0] kv server get key:0, value:x 0 0 yx 0 1 yx 0 2 yx 0 3 yx 0 4 yx 0 5 yx 0 6 yx 0 7 yx 0 8 yx 0 9 yx 0 10 yx 0 11 yx 0 12 yx 0 13 yx 0 14 yx 0 15 yx 0 16 yx 0 17 yx 0 18 yx 0 19 yx 0 20 yx 0 21 yx 0 22 yx 0 23 yx 0 24 yx 0 25 yx 0 26 yx 0 27 yx 0 28 yx 0 29 yx 0 30 yx 0 31 yx 0 32 yx 0 33 yx 0 34 y
2026/01/12 17:05:47 0: client new get 0, myck:&{[0xc000074440 0xc000074420 0xc000074460 0xc000074480 0xc000074400] 4 false} 
2026/01/12 17:05:47 ckck client get key:0, ck:&{[0xc000074440 0xc000074420 0xc000074460 0xc000074480 0xc000074400] 4 false}
2026/01/12 17:05:47 server:4 kv client get key:0
2026/01/12 17:05:47 [Node:0] kv server get key:0, value:x 0 0 yx 0 1 yx 0 2 yx 0 3 yx 0 4 yx 0 5 yx 0 6 yx 0 7 yx 0 8 yx 0 9 yx 0 10 yx 0 11 yx 0 12 yx 0 13 yx 0 14 yx 0 15 yx 0 16 yx 0 17 yx 0 18 yx 0 19 yx 0 20 yx 0 21 yx 0 22 yx 0 23 yx 0 24 yx 0 25 yx 0 26 yx 0 27 yx 0 28 yx 0 29 yx 0 30 yx 0 31 yx 0 32 yx 0 33 yx 0 34 y
2026/01/12 17:05:47 0: client new get 0, myck:&{[0xc000074440 0xc000074420 0xc000074460 0xc000074480 0xc000074400] 4 false} 
2026/01/12 17:05:47 ckck client get key:0, ck:&{[0xc000074440 0xc000074420 0xc000074460 0xc000074480 0xc000074400] 4 false}
2026/01/12 17:05:47 server:4 kv client get key:0
2026/01/12 17:05:47 [Node:0] kv server get key:0, value:x 0 0 yx 0 1 yx 0 2 yx 0 3 yx 0 4 yx 0 5 yx 0 6 yx 0 7 yx 0 8 yx 0 9 yx 0 10 yx 0 11 yx 0 12 yx 0 13 yx 0 14 yx 0 15 yx 0 16 yx 0 17 yx 0 18 yx 0 19 yx 0 20 yx 0 21 yx 0 22 yx 0 23 yx 0 24 yx 0 25 yx 0 26 yx 0 27 yx 0 28 yx 0 29 yx 0 30 yx 0 31 yx 0 32 yx 0 33 yx 0 34 y
2026/01/12 17:05:47 0: client new append x 0 35 y myck:&{[0xc000074440 0xc000074420 0xc000074460 0xc000074480 0xc000074400] 4 false}
2026/01/12 17:05:47 test client append key:0, value:x 0 35 y, ck:&{[0xc000074440 0xc000074420 0xc000074460 0xc000074480 0xc000074400] 4 false}
2026/01/12 17:05:47 server:4 kv client putAppend key:0, value:x 0 35 y
2026/01/12 17:05:47 [Node:0] kv server putAppend op:Append, key:0, value:x 0 35 y
2026/01/12 17:05:47 [Node:4] kv server append success key:0 value:x 0 34 y
2026/01/12 17:05:47 [Node:3] kv server append success key:0 value:x 0 34 y
2026/01/12 17:05:47 [Node:2] kv server append success key:0 value:x 0 34 y
2026/01/12 17:05:47 [Node:1] kv server append success key:0 value:x 0 34 y
2026/01/12 17:05:47 [Node:0] kv server append success key:0 value:x 0 35 y
2026/01/12 17:05:47 [Node:0] kv server putAppend repley:success
2026/01/12 17:05:47 0: client new append x 0 36 y myck:&{[0xc000074440 0xc000074420 0xc000074460 0xc000074480 0xc000074400] 4 false}
2026/01/12 17:05:47 test client append key:0, value:x 0 36 y, ck:&{[0xc000074440 0xc000074420 0xc000074460 0xc000074480 0xc000074400] 4 false}
2026/01/12 17:05:47 server:4 kv client putAppend key:0, value:x 0 36 y
2026/01/12 17:05:47 [Node:0] kv server putAppend op:Append, key:0, value:x 0 36 y
2026/01/12 17:05:47 [Node:3] kv server append success key:0 value:x 0 35 y
2026/01/12 17:05:47 [Node:2] kv server append success key:0 value:x 0 35 y
2026/01/12 17:05:47 [Node:4] kv server append success key:0 value:x 0 35 y
2026/01/12 17:05:47 [Node:1] kv server append success key:0 value:x 0 35 y
2026/01/12 17:05:47 [Node:0] kv server append success key:0 value:x 0 36 y
2026/01/12 17:05:47 [Node:0] kv server putAppend repley:success
2026/01/12 17:05:47 0: client new get 0, myck:&{[0xc000074440 0xc000074420 0xc000074460 0xc000074480 0xc000074400] 4 false} 
2026/01/12 17:05:47 ckck client get key:0, ck:&{[0xc000074440 0xc000074420 0xc000074460 0xc000074480 0xc000074400] 4 false}
2026/01/12 17:05:47 server:4 kv client get key:0
2026/01/12 17:05:47 [Node:0] kv server get key:0, value:x 0 0 yx 0 1 yx 0 2 yx 0 3 yx 0 4 yx 0 5 yx 0 6 yx 0 7 yx 0 8 yx 0 9 yx 0 10 yx 0 11 yx 0 12 yx 0 13 yx 0 14 yx 0 15 yx 0 16 yx 0 17 yx 0 18 yx 0 19 yx 0 20 yx 0 21 yx 0 22 yx 0 23 yx 0 24 yx 0 25 yx 0 26 yx 0 27 yx 0 28 yx 0 29 yx 0 30 yx 0 31 yx 0 32 yx 0 33 yx 0 34 yx 0 35 yx 0 36 y
2026/01/12 17:05:47 0: client new append x 0 37 y myck:&{[0xc000074440 0xc000074420 0xc000074460 0xc000074480 0xc000074400] 4 false}
2026/01/12 17:05:47 test client append key:0, value:x 0 37 y, ck:&{[0xc000074440 0xc000074420 0xc000074460 0xc000074480 0xc000074400] 4 false}
2026/01/12 17:05:47 server:4 kv client putAppend key:0, value:x 0 37 y
2026/01/12 17:05:47 [Node:0] kv server putAppend op:Append, key:0, value:x 0 37 y
2026/01/12 17:05:48 [Node:2] kv server append success key:0 value:x 0 36 y
2026/01/12 17:05:48 [Node:3] kv server append success key:0 value:x 0 36 y
2026/01/12 17:05:48 [Node:1] kv server append success key:0 value:x 0 36 y
2026/01/12 17:05:48 [Node:4] kv server append success key:0 value:x 0 36 y
2026/01/12 17:05:48 [Node:0] kv server append success key:0 value:x 0 37 y
2026/01/12 17:05:48 [Node:0] kv server putAppend repley:success
2026/01/12 17:05:48 0: client new get 0, myck:&{[0xc000074440 0xc000074420 0xc000074460 0xc000074480 0xc000074400] 4 false} 
2026/01/12 17:05:48 ckck client get key:0, ck:&{[0xc000074440 0xc000074420 0xc000074460 0xc000074480 0xc000074400] 4 false}
2026/01/12 17:05:48 server:4 kv client get key:0
2026/01/12 17:05:48 [Node:0] kv server get key:0, value:x 0 0 yx 0 1 yx 0 2 yx 0 3 yx 0 4 yx 0 5 yx 0 6 yx 0 7 yx 0 8 yx 0 9 yx 0 10 yx 0 11 yx 0 12 yx 0 13 yx 0 14 yx 0 15 yx 0 16 yx 0 17 yx 0 18 yx 0 19 yx 0 20 yx 0 21 yx 0 22 yx 0 23 yx 0 24 yx 0 25 yx 0 26 yx 0 27 yx 0 28 yx 0 29 yx 0 30 yx 0 31 yx 0 32 yx 0 33 yx 0 34 yx 0 35 yx 0 36 yx 0 37 y
2026/01/12 17:05:48 0: client new append x 0 38 y myck:&{[0xc000074440 0xc000074420 0xc000074460 0xc000074480 0xc000074400] 4 false}
2026/01/12 17:05:48 test client append key:0, value:x 0 38 y, ck:&{[0xc000074440 0xc000074420 0xc000074460 0xc000074480 0xc000074400] 4 false}
2026/01/12 17:05:48 server:4 kv client putAppend key:0, value:x 0 38 y
2026/01/12 17:05:48 [Node:0] kv server putAppend op:Append, key:0, value:x 0 38 y
2026/01/12 17:05:48 [Node:2] kv server append success key:0 value:x 0 37 y
2026/01/12 17:05:48 [Node:3] kv server append success key:0 value:x 0 37 y
2026/01/12 17:05:48 [Node:4] kv server append success key:0 value:x 0 37 y
2026/01/12 17:05:48 [Node:1] kv server append success key:0 value:x 0 37 y
2026/01/12 17:05:48 [Node:0] kv server append success key:0 value:x 0 38 y
2026/01/12 17:05:48 [Node:0] kv server putAppend repley:success
2026/01/12 17:05:48 0: client new append x 0 39 y myck:&{[0xc000074440 0xc000074420 0xc000074460 0xc000074480 0xc000074400] 4 false}
2026/01/12 17:05:48 test client append key:0, value:x 0 39 y, ck:&{[0xc000074440 0xc000074420 0xc000074460 0xc000074480 0xc000074400] 4 false}
2026/01/12 17:05:48 server:4 kv client putAppend key:0, value:x 0 39 y
2026/01/12 17:05:48 [Node:0] kv server putAppend op:Append, key:0, value:x 0 39 y
2026/01/12 17:05:48 [Node:4] kv server append success key:0 value:x 0 38 y
2026/01/12 17:05:48 [Node:1] kv server append success key:0 value:x 0 38 y
2026/01/12 17:05:48 [Node:2] kv server append success key:0 value:x 0 38 y
2026/01/12 17:05:48 [Node:0] kv server append success key:0 value:x 0 39 y
2026/01/12 17:05:48 [Node:0] kv server putAppend repley:success
2026/01/12 17:05:48 [Node:3] kv server append success key:0 value:x 0 38 y
2026/01/12 17:05:48 0: client new get 0, myck:&{[0xc000074440 0xc000074420 0xc000074460 0xc000074480 0xc000074400] 4 false} 
2026/01/12 17:05:48 ckck client get key:0, ck:&{[0xc000074440 0xc000074420 0xc000074460 0xc000074480 0xc000074400] 4 false}
2026/01/12 17:05:48 server:4 kv client get key:0
2026/01/12 17:05:48 [Node:0] kv server get key:0, value:x 0 0 yx 0 1 yx 0 2 yx 0 3 yx 0 4 yx 0 5 yx 0 6 yx 0 7 yx 0 8 yx 0 9 yx 0 10 yx 0 11 yx 0 12 yx 0 13 yx 0 14 yx 0 15 yx 0 16 yx 0 17 yx 0 18 yx 0 19 yx 0 20 yx 0 21 yx 0 22 yx 0 23 yx 0 24 yx 0 25 yx 0 26 yx 0 27 yx 0 28 yx 0 29 yx 0 30 yx 0 31 yx 0 32 yx 0 33 yx 0 34 yx 0 35 yx 0 36 yx 0 37 yx 0 38 yx 0 39 y
2026/01/12 17:05:48 0: client new get 0, myck:&{[0xc000074440 0xc000074420 0xc000074460 0xc000074480 0xc000074400] 4 false} 
2026/01/12 17:05:48 ckck client get key:0, ck:&{[0xc000074440 0xc000074420 0xc000074460 0xc000074480 0xc000074400] 4 false}
2026/01/12 17:05:48 server:4 kv client get key:0
2026/01/12 17:05:48 [Node:0] kv server get key:0, value:x 0 0 yx 0 1 yx 0 2 yx 0 3 yx 0 4 yx 0 5 yx 0 6 yx 0 7 yx 0 8 yx 0 9 yx 0 10 yx 0 11 yx 0 12 yx 0 13 yx 0 14 yx 0 15 yx 0 16 yx 0 17 yx 0 18 yx 0 19 yx 0 20 yx 0 21 yx 0 22 yx 0 23 yx 0 24 yx 0 25 yx 0 26 yx 0 27 yx 0 28 yx 0 29 yx 0 30 yx 0 31 yx 0 32 yx 0 33 yx 0 34 yx 0 35 yx 0 36 yx 0 37 yx 0 38 yx 0 39 y
2026/01/12 17:05:48 0: client new get 0, myck:&{[0xc000074440 0xc000074420 0xc000074460 0xc000074480 0xc000074400] 4 false} 
2026/01/12 17:05:48 ckck client get key:0, ck:&{[0xc000074440 0xc000074420 0xc000074460 0xc000074480 0xc000074400] 4 false}
2026/01/12 17:05:48 server:4 kv client get key:0
2026/01/12 17:05:48 [Node:0] kv server get key:0, value:x 0 0 yx 0 1 yx 0 2 yx 0 3 yx 0 4 yx 0 5 yx 0 6 yx 0 7 yx 0 8 yx 0 9 yx 0 10 yx 0 11 yx 0 12 yx 0 13 yx 0 14 yx 0 15 yx 0 16 yx 0 17 yx 0 18 yx 0 19 yx 0 20 yx 0 21 yx 0 22 yx 0 23 yx 0 24 yx 0 25 yx 0 26 yx 0 27 yx 0 28 yx 0 29 yx 0 30 yx 0 31 yx 0 32 yx 0 33 yx 0 34 yx 0 35 yx 0 36 yx 0 37 yx 0 38 yx 0 39 y
2026/01/12 17:05:48 0: client new append x 0 40 y myck:&{[0xc000074440 0xc000074420 0xc000074460 0xc000074480 0xc000074400] 4 false}
2026/01/12 17:05:48 test client append key:0, value:x 0 40 y, ck:&{[0xc000074440 0xc000074420 0xc000074460 0xc000074480 0xc000074400] 4 false}
2026/01/12 17:05:48 server:4 kv client putAppend key:0, value:x 0 40 y
2026/01/12 17:05:48 [Node:0] kv server putAppend op:Append, key:0, value:x 0 40 y
2026/01/12 17:05:48 [Node:3] kv server append success key:0 value:x 0 39 y
2026/01/12 17:05:48 [Node:1] kv server append success key:0 value:x 0 39 y
2026/01/12 17:05:48 [Node:4] kv server append success key:0 value:x 0 39 y
2026/01/12 17:05:48 [Node:2] kv server append success key:0 value:x 0 39 y
2026/01/12 17:05:48 [Node:0] kv server append success key:0 value:x 0 40 y
2026/01/12 17:05:48 [Node:0] kv server putAppend repley:success
2026/01/12 17:05:48 0: client new append x 0 41 y myck:&{[0xc000074440 0xc000074420 0xc000074460 0xc000074480 0xc000074400] 4 false}
2026/01/12 17:05:48 test client append key:0, value:x 0 41 y, ck:&{[0xc000074440 0xc000074420 0xc000074460 0xc000074480 0xc000074400] 4 false}
2026/01/12 17:05:48 server:4 kv client putAppend key:0, value:x 0 41 y
2026/01/12 17:05:48 [Node:0] kv server putAppend op:Append, key:0, value:x 0 41 y
2026/01/12 17:05:48 [Node:2] kv server append success key:0 value:x 0 40 y
2026/01/12 17:05:48 [Node:4] kv server append success key:0 value:x 0 40 y
2026/01/12 17:05:48 [Node:1] kv server append success key:0 value:x 0 40 y
2026/01/12 17:05:48 [Node:0] kv server append success key:0 value:x 0 41 y
2026/01/12 17:05:48 [Node:0] kv server putAppend repley:success
2026/01/12 17:05:48 [Node:3] kv server append success key:0 value:x 0 40 y
2026/01/12 17:05:48 0: client new append x 0 42 y myck:&{[0xc000074440 0xc000074420 0xc000074460 0xc000074480 0xc000074400] 4 false}
2026/01/12 17:05:48 test client append key:0, value:x 0 42 y, ck:&{[0xc000074440 0xc000074420 0xc000074460 0xc000074480 0xc000074400] 4 false}
2026/01/12 17:05:48 server:4 kv client putAppend key:0, value:x 0 42 y
2026/01/12 17:05:48 [Node:0] kv server putAppend op:Append, key:0, value:x 0 42 y
2026/01/12 17:05:48 [Node:3] kv server append success key:0 value:x 0 41 y
2026/01/12 17:05:48 [Node:1] kv server append success key:0 value:x 0 41 y
2026/01/12 17:05:48 [Node:0] kv server append success key:0 value:x 0 42 y
2026/01/12 17:05:48 [Node:0] kv server putAppend repley:success
2026/01/12 17:05:48 0: client new get 0, myck:&{[0xc000074440 0xc000074420 0xc000074460 0xc000074480 0xc000074400] 4 false} 
2026/01/12 17:05:48 ckck client get key:0, ck:&{[0xc000074440 0xc000074420 0xc000074460 0xc000074480 0xc000074400] 4 false}
2026/01/12 17:05:48 server:4 kv client get key:0
2026/01/12 17:05:48 [Node:4] kv server append success key:0 value:x 0 41 y
2026/01/12 17:05:48 [Node:2] kv server append success key:0 value:x 0 41 y
2026/01/12 17:05:48 [Node:0] kv server get key:0, value:x 0 0 yx 0 1 yx 0 2 yx 0 3 yx 0 4 yx 0 5 yx 0 6 yx 0 7 yx 0 8 yx 0 9 yx 0 10 yx 0 11 yx 0 12 yx 0 13 yx 0 14 yx 0 15 yx 0 16 yx 0 17 yx 0 18 yx 0 19 yx 0 20 yx 0 21 yx 0 22 yx 0 23 yx 0 24 yx 0 25 yx 0 26 yx 0 27 yx 0 28 yx 0 29 yx 0 30 yx 0 31 yx 0 32 yx 0 33 yx 0 34 yx 0 35 yx 0 36 yx 0 37 yx 0 38 yx 0 39 yx 0 40 yx 0 41 yx 0 42 y
2026/01/12 17:05:48 0: client new get 0, myck:&{[0xc000074440 0xc000074420 0xc000074460 0xc000074480 0xc000074400] 4 false} 
2026/01/12 17:05:48 ckck client get key:0, ck:&{[0xc000074440 0xc000074420 0xc000074460 0xc000074480 0xc000074400] 4 false}
2026/01/12 17:05:48 server:4 kv client get key:0
2026/01/12 17:05:48 [Node:0] kv server get key:0, value:x 0 0 yx 0 1 yx 0 2 yx 0 3 yx 0 4 yx 0 5 yx 0 6 yx 0 7 yx 0 8 yx 0 9 yx 0 10 yx 0 11 yx 0 12 yx 0 13 yx 0 14 yx 0 15 yx 0 16 yx 0 17 yx 0 18 yx 0 19 yx 0 20 yx 0 21 yx 0 22 yx 0 23 yx 0 24 yx 0 25 yx 0 26 yx 0 27 yx 0 28 yx 0 29 yx 0 30 yx 0 31 yx 0 32 yx 0 33 yx 0 34 yx 0 35 yx 0 36 yx 0 37 yx 0 38 yx 0 39 yx 0 40 yx 0 41 yx 0 42 y
2026/01/12 17:05:48 0: client new get 0, myck:&{[0xc000074440 0xc000074420 0xc000074460 0xc000074480 0xc000074400] 4 false} 
2026/01/12 17:05:48 ckck client get key:0, ck:&{[0xc000074440 0xc000074420 0xc000074460 0xc000074480 0xc000074400] 4 false}
2026/01/12 17:05:48 server:4 kv client get key:0
2026/01/12 17:05:48 [Node:0] kv server get key:0, value:x 0 0 yx 0 1 yx 0 2 yx 0 3 yx 0 4 yx 0 5 yx 0 6 yx 0 7 yx 0 8 yx 0 9 yx 0 10 yx 0 11 yx 0 12 yx 0 13 yx 0 14 yx 0 15 yx 0 16 yx 0 17 yx 0 18 yx 0 19 yx 0 20 yx 0 21 yx 0 22 yx 0 23 yx 0 24 yx 0 25 yx 0 26 yx 0 27 yx 0 28 yx 0 29 yx 0 30 yx 0 31 yx 0 32 yx 0 33 yx 0 34 yx 0 35 yx 0 36 yx 0 37 yx 0 38 yx 0 39 yx 0 40 yx 0 41 yx 0 42 y
2026/01/12 17:05:48 0: client new get 0, myck:&{[0xc000074440 0xc000074420 0xc000074460 0xc000074480 0xc000074400] 4 false} 
2026/01/12 17:05:48 ckck client get key:0, ck:&{[0xc000074440 0xc000074420 0xc000074460 0xc000074480 0xc000074400] 4 false}
2026/01/12 17:05:48 server:4 kv client get key:0
2026/01/12 17:05:48 [Node:0] kv server get key:0, value:x 0 0 yx 0 1 yx 0 2 yx 0 3 yx 0 4 yx 0 5 yx 0 6 yx 0 7 yx 0 8 yx 0 9 yx 0 10 yx 0 11 yx 0 12 yx 0 13 yx 0 14 yx 0 15 yx 0 16 yx 0 17 yx 0 18 yx 0 19 yx 0 20 yx 0 21 yx 0 22 yx 0 23 yx 0 24 yx 0 25 yx 0 26 yx 0 27 yx 0 28 yx 0 29 yx 0 30 yx 0 31 yx 0 32 yx 0 33 yx 0 34 yx 0 35 yx 0 36 yx 0 37 yx 0 38 yx 0 39 yx 0 40 yx 0 41 yx 0 42 y
2026/01/12 17:05:48 0: client new append x 0 43 y myck:&{[0xc000074440 0xc000074420 0xc000074460 0xc000074480 0xc000074400] 4 false}
2026/01/12 17:05:48 test client append key:0, value:x 0 43 y, ck:&{[0xc000074440 0xc000074420 0xc000074460 0xc000074480 0xc000074400] 4 false}
2026/01/12 17:05:48 server:4 kv client putAppend key:0, value:x 0 43 y
2026/01/12 17:05:48 [Node:0] kv server putAppend op:Append, key:0, value:x 0 43 y
2026/01/12 17:05:48 [Node:3] kv server append success key:0 value:x 0 42 y
2026/01/12 17:05:48 [Node:1] kv server append success key:0 value:x 0 42 y
2026/01/12 17:05:48 [Node:4] kv server append success key:0 value:x 0 42 y
2026/01/12 17:05:48 [Node:2] kv server append success key:0 value:x 0 42 y
2026/01/12 17:05:48 [Node:0] kv server append success key:0 value:x 0 43 y
2026/01/12 17:05:48 [Node:0] kv server putAppend repley:success
2026/01/12 17:05:48 0: client new get 0, myck:&{[0xc000074440 0xc000074420 0xc000074460 0xc000074480 0xc000074400] 4 false} 
2026/01/12 17:05:48 ckck client get key:0, ck:&{[0xc000074440 0xc000074420 0xc000074460 0xc000074480 0xc000074400] 4 false}
2026/01/12 17:05:48 server:4 kv client get key:0
2026/01/12 17:05:48 [Node:0] kv server get key:0, value:x 0 0 yx 0 1 yx 0 2 yx 0 3 yx 0 4 yx 0 5 yx 0 6 yx 0 7 yx 0 8 yx 0 9 yx 0 10 yx 0 11 yx 0 12 yx 0 13 yx 0 14 yx 0 15 yx 0 16 yx 0 17 yx 0 18 yx 0 19 yx 0 20 yx 0 21 yx 0 22 yx 0 23 yx 0 24 yx 0 25 yx 0 26 yx 0 27 yx 0 28 yx 0 29 yx 0 30 yx 0 31 yx 0 32 yx 0 33 yx 0 34 yx 0 35 yx 0 36 yx 0 37 yx 0 38 yx 0 39 yx 0 40 yx 0 41 yx 0 42 yx 0 43 y
2026/01/12 17:05:48 0: client new append x 0 44 y myck:&{[0xc000074440 0xc000074420 0xc000074460 0xc000074480 0xc000074400] 4 false}
2026/01/12 17:05:48 test client append key:0, value:x 0 44 y, ck:&{[0xc000074440 0xc000074420 0xc000074460 0xc000074480 0xc000074400] 4 false}
2026/01/12 17:05:48 server:4 kv client putAppend key:0, value:x 0 44 y
2026/01/12 17:05:48 [Node:0] kv server putAppend op:Append, key:0, value:x 0 44 y
2026/01/12 17:05:48 [Node:4] kv server append success key:0 value:x 0 43 y
2026/01/12 17:05:48 [Node:1] kv server append success key:0 value:x 0 43 y
2026/01/12 17:05:48 [Node:2] kv server append success key:0 value:x 0 43 y
2026/01/12 17:05:48 [Node:0] kv server append success key:0 value:x 0 44 y
2026/01/12 17:05:48 [Node:3] kv server append success key:0 value:x 0 43 y
2026/01/12 17:05:48 [Node:0] kv server putAppend repley:success
2026/01/12 17:05:48 0: client new get 0, myck:&{[0xc000074440 0xc000074420 0xc000074460 0xc000074480 0xc000074400] 4 false} 
2026/01/12 17:05:48 ckck client get key:0, ck:&{[0xc000074440 0xc000074420 0xc000074460 0xc000074480 0xc000074400] 4 false}
2026/01/12 17:05:48 server:4 kv client get key:0
2026/01/12 17:05:48 [Node:0] kv server get key:0, value:x 0 0 yx 0 1 yx 0 2 yx 0 3 yx 0 4 yx 0 5 yx 0 6 yx 0 7 yx 0 8 yx 0 9 yx 0 10 yx 0 11 yx 0 12 yx 0 13 yx 0 14 yx 0 15 yx 0 16 yx 0 17 yx 0 18 yx 0 19 yx 0 20 yx 0 21 yx 0 22 yx 0 23 yx 0 24 yx 0 25 yx 0 26 yx 0 27 yx 0 28 yx 0 29 yx 0 30 yx 0 31 yx 0 32 yx 0 33 yx 0 34 yx 0 35 yx 0 36 yx 0 37 yx 0 38 yx 0 39 yx 0 40 yx 0 41 yx 0 42 yx 0 43 yx 0 44 y
2026/01/12 17:05:48 0: client new append x 0 45 y myck:&{[0xc000074440 0xc000074420 0xc000074460 0xc000074480 0xc000074400] 4 false}
2026/01/12 17:05:48 test client append key:0, value:x 0 45 y, ck:&{[0xc000074440 0xc000074420 0xc000074460 0xc000074480 0xc000074400] 4 false}
2026/01/12 17:05:48 server:4 kv client putAppend key:0, value:x 0 45 y
2026/01/12 17:05:48 [Node:0] kv server putAppend op:Append, key:0, value:x 0 45 y
2026/01/12 17:05:48 [Node:2] kv server append success key:0 value:x 0 44 y
2026/01/12 17:05:48 [Node:4] kv server append success key:0 value:x 0 44 y
2026/01/12 17:05:48 [Node:3] kv server append success key:0 value:x 0 44 y
2026/01/12 17:05:48 [Node:1] kv server append success key:0 value:x 0 44 y
2026/01/12 17:05:48 [Node:0] kv server append success key:0 value:x 0 45 y
2026/01/12 17:05:48 [Node:0] kv server putAppend repley:success
2026/01/12 17:05:48 0: client new get 0, myck:&{[0xc000074440 0xc000074420 0xc000074460 0xc000074480 0xc000074400] 4 false} 
2026/01/12 17:05:48 ckck client get key:0, ck:&{[0xc000074440 0xc000074420 0xc000074460 0xc000074480 0xc000074400] 4 false}
2026/01/12 17:05:48 server:4 kv client get key:0
2026/01/12 17:05:48 [Node:0] kv server get key:0, value:x 0 0 yx 0 1 yx 0 2 yx 0 3 yx 0 4 yx 0 5 yx 0 6 yx 0 7 yx 0 8 yx 0 9 yx 0 10 yx 0 11 yx 0 12 yx 0 13 yx 0 14 yx 0 15 yx 0 16 yx 0 17 yx 0 18 yx 0 19 yx 0 20 yx 0 21 yx 0 22 yx 0 23 yx 0 24 yx 0 25 yx 0 26 yx 0 27 yx 0 28 yx 0 29 yx 0 30 yx 0 31 yx 0 32 yx 0 33 yx 0 34 yx 0 35 yx 0 36 yx 0 37 yx 0 38 yx 0 39 yx 0 40 yx 0 41 yx 0 42 yx 0 43 yx 0 44 yx 0 45 y
2026/01/12 17:05:48 0: client new append x 0 46 y myck:&{[0xc000074440 0xc000074420 0xc000074460 0xc000074480 0xc000074400] 4 false}
2026/01/12 17:05:48 test client append key:0, value:x 0 46 y, ck:&{[0xc000074440 0xc000074420 0xc000074460 0xc000074480 0xc000074400] 4 false}
2026/01/12 17:05:48 server:4 kv client putAppend key:0, value:x 0 46 y
2026/01/12 17:05:48 [Node:0] kv server putAppend op:Append, key:0, value:x 0 46 y
2026/01/12 17:05:48 [Node:2] kv server append success key:0 value:x 0 45 y
2026/01/12 17:05:48 [Node:1] kv server append success key:0 value:x 0 45 y
2026/01/12 17:05:48 [Node:4] kv server append success key:0 value:x 0 45 y
2026/01/12 17:05:48 [Node:3] kv server append success key:0 value:x 0 45 y
2026/01/12 17:05:48 [Node:0] kv server append success key:0 value:x 0 46 y
2026/01/12 17:05:48 [Node:0] kv server putAppend repley:success
2026/01/12 17:05:48 0: client new get 0, myck:&{[0xc000074440 0xc000074420 0xc000074460 0xc000074480 0xc000074400] 4 false} 
2026/01/12 17:05:48 ckck client get key:0, ck:&{[0xc000074440 0xc000074420 0xc000074460 0xc000074480 0xc000074400] 4 false}
2026/01/12 17:05:48 server:4 kv client get key:0
2026/01/12 17:05:48 [Node:0] kv server get key:0, value:x 0 0 yx 0 1 yx 0 2 yx 0 3 yx 0 4 yx 0 5 yx 0 6 yx 0 7 yx 0 8 yx 0 9 yx 0 10 yx 0 11 yx 0 12 yx 0 13 yx 0 14 yx 0 15 yx 0 16 yx 0 17 yx 0 18 yx 0 19 yx 0 20 yx 0 21 yx 0 22 yx 0 23 yx 0 24 yx 0 25 yx 0 26 yx 0 27 yx 0 28 yx 0 29 yx 0 30 yx 0 31 yx 0 32 yx 0 33 yx 0 34 yx 0 35 yx 0 36 yx 0 37 yx 0 38 yx 0 39 yx 0 40 yx 0 41 yx 0 42 yx 0 43 yx 0 44 yx 0 45 yx 0 46 y
2026/01/12 17:05:48 0: client new get 0, myck:&{[0xc000074440 0xc000074420 0xc000074460 0xc000074480 0xc000074400] 4 false} 
2026/01/12 17:05:48 ckck client get key:0, ck:&{[0xc000074440 0xc000074420 0xc000074460 0xc000074480 0xc000074400] 4 false}
2026/01/12 17:05:48 server:4 kv client get key:0
2026/01/12 17:05:48 [Node:0] kv server get key:0, value:x 0 0 yx 0 1 yx 0 2 yx 0 3 yx 0 4 yx 0 5 yx 0 6 yx 0 7 yx 0 8 yx 0 9 yx 0 10 yx 0 11 yx 0 12 yx 0 13 yx 0 14 yx 0 15 yx 0 16 yx 0 17 yx 0 18 yx 0 19 yx 0 20 yx 0 21 yx 0 22 yx 0 23 yx 0 24 yx 0 25 yx 0 26 yx 0 27 yx 0 28 yx 0 29 yx 0 30 yx 0 31 yx 0 32 yx 0 33 yx 0 34 yx 0 35 yx 0 36 yx 0 37 yx 0 38 yx 0 39 yx 0 40 yx 0 41 yx 0 42 yx 0 43 yx 0 44 yx 0 45 yx 0 46 y
2026/01/12 17:05:48 0: client new append x 0 47 y myck:&{[0xc000074440 0xc000074420 0xc000074460 0xc000074480 0xc000074400] 4 false}
2026/01/12 17:05:48 test client append key:0, value:x 0 47 y, ck:&{[0xc000074440 0xc000074420 0xc000074460 0xc000074480 0xc000074400] 4 false}
2026/01/12 17:05:48 server:4 kv client putAppend key:0, value:x 0 47 y
2026/01/12 17:05:48 [Node:0] kv server putAppend op:Append, key:0, value:x 0 47 y
2026/01/12 17:05:49 wait for clients
2026/01/12 17:05:49 [Node:4] kv server append success key:0 value:x 0 46 y
2026/01/12 17:05:49 [Node:2] kv server append success key:0 value:x 0 46 y
2026/01/12 17:05:49 [Node:3] kv server append success key:0 value:x 0 46 y
2026/01/12 17:05:49 [Node:1] kv server append success key:0 value:x 0 46 y
2026/01/12 17:05:49 [Node:0] kv server append success key:0 value:x 0 47 y
2026/01/12 17:05:49 [Node:0] kv server putAppend repley:success
2026/01/12 17:05:49 Check 48 for client 0 ck:&{[0xc000216520 0xc000216460 0xc0002164a0 0xc000216480 0xc000216440] 0 false}
2026/01/12 17:05:49 ckck client get key:0, ck:&{[0xc000216520 0xc000216460 0xc0002164a0 0xc000216480 0xc000216440] 0 false}
2026/01/12 17:05:49 server:0 kv client get key:0
2026/01/12 17:05:49 [Node:4] kv server get key:0, value:x 0 0 yx 0 1 yx 0 2 yx 0 3 yx 0 4 yx 0 5 yx 0 6 yx 0 7 yx 0 8 yx 0 9 yx 0 10 yx 0 11 yx 0 12 yx 0 13 yx 0 14 yx 0 15 yx 0 16 yx 0 17 yx 0 18 yx 0 19 yx 0 20 yx 0 21 yx 0 22 yx 0 23 yx 0 24 yx 0 25 yx 0 26 yx 0 27 yx 0 28 yx 0 29 yx 0 30 yx 0 31 yx 0 32 yx 0 33 yx 0 34 yx 0 35 yx 0 36 yx 0 37 yx 0 38 yx 0 39 yx 0 40 yx 0 41 yx 0 42 yx 0 43 yx 0 44 yx 0 45 yx 0 46 y
--- FAIL: TestBasic3A (5.07s)
    test_test.go:92: 0 missing element x 0 47 y in Append result x 0 0 yx 0 1 yx 0 2 yx 0 3 yx 0 4 yx 0 5 yx 0 6 yx 0 7 yx 0 8 yx 0 9 yx 0 10 yx 0 11 yx 0 12 yx 0 13 yx 0 14 yx 0 15 yx 0 16 yx 0 17 yx 0 18 yx 0 19 yx 0 20 yx 0 21 yx 0 22 yx 0 23 yx 0 24 yx 0 25 yx 0 26 yx 0 27 yx 0 28 yx 0 29 yx 0 30 yx 0 31 yx 0 32 yx 0 33 yx 0 34 yx 0 35 yx 0 36 yx 0 37 yx 0 38 yx 0 39 yx 0 40 yx 0 41 yx 0 42 yx 0 43 yx 0 44 yx 0 45 yx 0 46 y
FAIL
exit status 1
FAIL	learn-6.824/src/kvraft	5.948s
