2026/02/12 11:38:35 [client] shardkv client putappend key:0 value:_LBhPXgp-PAdFzyrvxj2 op:Put to server:&{n1_sw6gKRxu28cRk1WZf 0xc000024310 0xc000024380}, shard:8, gid:100 servers:[server-100-0 server-100-1 server-100-2]
2026/02/12 11:38:35 [client] shardkv client putappend key:0 value:_LBhPXgp-PAdFzyrvxj2 op:Put to server:&{Vtu6nbUGXCQYW8z3tGbS 0xc000024310 0xc000024380}, shard:8, gid:100 servers:[server-100-0 server-100-1 server-100-2]
2026/02/12 11:38:35 [client] shardkv client putappend key:0 value:_LBhPXgp-PAdFzyrvxj2 op:Put to server:&{23SNIvGggRUWdorgfG97 0xc000024310 0xc000024380}, shard:8, gid:100 servers:[server-100-0 server-100-1 server-100-2]
2026/02/12 11:38:35 [client] shardkv client putappend key:1 value:072HFcKmS9BxDWVCvul8 op:Put to server:&{KXZUAyuB3FxPbRMMIfnJ 0xc000024310 0xc000024380}, shard:9, gid:100 servers:[server-100-0 server-100-1 server-100-2]
2026/02/12 11:38:35 [client] shardkv client putappend key:1 value:072HFcKmS9BxDWVCvul8 op:Put to server:&{7VboALJIgWMKUzPbVMLZ 0xc000024310 0xc000024380}, shard:9, gid:100 servers:[server-100-0 server-100-1 server-100-2]
2026/02/12 11:38:35 [client] shardkv client putappend key:1 value:072HFcKmS9BxDWVCvul8 op:Put to server:&{HgdsV3D78l9G864TueEh 0xc000024310 0xc000024380}, shard:9, gid:100 servers:[server-100-0 server-100-1 server-100-2]
2026/02/12 11:38:35 [client] shardkv client putappend key:2 value:VTde9G2dz7BGSYqgBiwT op:Put to server:&{7R_7yIbNKYPaDxcY1DJg 0xc000024310 0xc000024380}, shard:0, gid:100 servers:[server-100-0 server-100-1 server-100-2]
2026/02/12 11:38:35 [client] shardkv client putappend key:2 value:VTde9G2dz7BGSYqgBiwT op:Put to server:&{nTH4jhTk9A3rOER0eECu 0xc000024310 0xc000024380}, shard:0, gid:100 servers:[server-100-0 server-100-1 server-100-2]
2026/02/12 11:38:35 [client] shardkv client putappend key:2 value:VTde9G2dz7BGSYqgBiwT op:Put to server:&{0YwwHNDTi4ejUqgRPvqJ 0xc000024310 0xc000024380}, shard:0, gid:100 servers:[server-100-0 server-100-1 server-100-2]
2026/02/12 11:38:35 [client] shardkv client putappend key:3 value:WZVNXtUO3NByXtM5xkIs op:Put to server:&{ZPtlVk614eDndDr8h97i 0xc000024310 0xc000024380}, shard:1, gid:100 servers:[server-100-0 server-100-1 server-100-2]
2026/02/12 11:38:35 [client] shardkv client putappend key:3 value:WZVNXtUO3NByXtM5xkIs op:Put to server:&{8RCX-xPHSEvctBfEn_od 0xc000024310 0xc000024380}, shard:1, gid:100 servers:[server-100-0 server-100-1 server-100-2]
2026/02/12 11:38:35 [client] shardkv client putappend key:3 value:WZVNXtUO3NByXtM5xkIs op:Put to server:&{LnCPuCpUvXAkWb7pMrzF 0xc000024310 0xc000024380}, shard:1, gid:100 servers:[server-100-0 server-100-1 server-100-2]
2026/02/12 11:38:35 [client] shardkv client putappend key:4 value:JW5us9jBWLExTPi7-7gu op:Put to server:&{0sTvVV2nNzQnhsJasOIl 0xc000024310 0xc000024380}, shard:2, gid:100 servers:[server-100-0 server-100-1 server-100-2]
2026/02/12 11:38:35 [client] shardkv client putappend key:4 value:JW5us9jBWLExTPi7-7gu op:Put to server:&{_RgjZenGL9LFErzfBx-p 0xc000024310 0xc000024380}, shard:2, gid:100 servers:[server-100-0 server-100-1 server-100-2]
2026/02/12 11:38:35 [client] shardkv client putappend key:4 value:JW5us9jBWLExTPi7-7gu op:Put to server:&{yCSU0OCBk8rYvNJfqRQC 0xc000024310 0xc000024380}, shard:2, gid:100 servers:[server-100-0 server-100-1 server-100-2]
2026/02/12 11:38:35 [client] shardkv client putappend key:5 value:NqszTYURyspy5Gsugi04 op:Put to server:&{TIgle_tbHjn3_kfKtrsP 0xc000024310 0xc000024380}, shard:3, gid:100 servers:[server-100-0 server-100-1 server-100-2]
2026/02/12 11:38:35 [client] shardkv client putappend key:5 value:NqszTYURyspy5Gsugi04 op:Put to server:&{_PhtYApZjWThe9suTYzI 0xc000024310 0xc000024380}, shard:3, gid:100 servers:[server-100-0 server-100-1 server-100-2]
2026/02/12 11:38:35 [client] shardkv client putappend key:5 value:NqszTYURyspy5Gsugi04 op:Put to server:&{eFChnOdp0zR4QNuXI0io 0xc000024310 0xc000024380}, shard:3, gid:100 servers:[server-100-0 server-100-1 server-100-2]
2026/02/12 11:38:36 [client] shardkv client putappend key:6 value:W26rgcR8H4LdusY50r1h op:Put to server:&{yWmDbccywjeBt4BpsAVr 0xc000024310 0xc000024380}, shard:4, gid:100 servers:[server-100-0 server-100-1 server-100-2]
2026/02/12 11:38:36 [client] shardkv client putappend key:6 value:W26rgcR8H4LdusY50r1h op:Put to server:&{KTK5Sj4SGNpCxCYQ4PqK 0xc000024310 0xc000024380}, shard:4, gid:100 servers:[server-100-0 server-100-1 server-100-2]
2026/02/12 11:38:36 [client] shardkv client putappend key:6 value:W26rgcR8H4LdusY50r1h op:Put to server:&{76fDGRT4X7XNe-gn-2q2 0xc000024310 0xc000024380}, shard:4, gid:100 servers:[server-100-0 server-100-1 server-100-2]
2026/02/12 11:38:36 [client] shardkv client putappend key:7 value:cZCTlAO5Ga1Cm_lNY-DJ op:Put to server:&{hCgSDbax5_vlH3uAjmPz 0xc000024310 0xc000024380}, shard:5, gid:100 servers:[server-100-0 server-100-1 server-100-2]
2026/02/12 11:38:36 [client] shardkv client putappend key:7 value:cZCTlAO5Ga1Cm_lNY-DJ op:Put to server:&{cpLNeDeyiMpXs0CnZWnb 0xc000024310 0xc000024380}, shard:5, gid:100 servers:[server-100-0 server-100-1 server-100-2]
2026/02/12 11:38:36 [client] shardkv client putappend key:7 value:cZCTlAO5Ga1Cm_lNY-DJ op:Put to server:&{UAK3Ia6c_YpdWdBznDDM 0xc000024310 0xc000024380}, shard:5, gid:100 servers:[server-100-0 server-100-1 server-100-2]
2026/02/12 11:38:36 [client] shardkv client putappend key:8 value:Mfxshp9V5NrE07f-2hci op:Put to server:&{D5xagJYYdPm9loCgolXk 0xc000024310 0xc000024380}, shard:6, gid:100 servers:[server-100-0 server-100-1 server-100-2]
2026/02/12 11:38:36 [client] shardkv client putappend key:8 value:Mfxshp9V5NrE07f-2hci op:Put to server:&{6nhPgGbXXfpYDbQs12u9 0xc000024310 0xc000024380}, shard:6, gid:100 servers:[server-100-0 server-100-1 server-100-2]
2026/02/12 11:38:36 [client] shardkv client putappend key:8 value:Mfxshp9V5NrE07f-2hci op:Put to server:&{hCvOOR-OhAUUyAiJLG7S 0xc000024310 0xc000024380}, shard:6, gid:100 servers:[server-100-0 server-100-1 server-100-2]
2026/02/12 11:38:36 [client] shardkv client putappend key:9 value:z1u162W8DsHAHXYrBjSM op:Put to server:&{mTE0T8e9P9KhiELmdQX3 0xc000024310 0xc000024380}, shard:7, gid:100 servers:[server-100-0 server-100-1 server-100-2]
2026/02/12 11:38:36 [client] shardkv client putappend key:9 value:z1u162W8DsHAHXYrBjSM op:Put to server:&{Lon09qi2d6EL3E8kvRtf 0xc000024310 0xc000024380}, shard:7, gid:100 servers:[server-100-0 server-100-1 server-100-2]
2026/02/12 11:38:36 [client] shardkv client putappend key:9 value:z1u162W8DsHAHXYrBjSM op:Put to server:&{SS2YQmNQ7pkcQympEMgl 0xc000024310 0xc000024380}, shard:7, gid:100 servers:[server-100-0 server-100-1 server-100-2]
2026/02/12 11:38:36 [client] shardkv client putappend key:10 value:rK-MeDLRLuBBlA8QnTxq op:Put to server:&{w_C3SfY-go-PZdAu3NV7 0xc000024310 0xc000024380}, shard:9, gid:100 servers:[server-100-0 server-100-1 server-100-2]
2026/02/12 11:38:36 [client] shardkv client putappend key:10 value:rK-MeDLRLuBBlA8QnTxq op:Put to server:&{Jz5BML7-vp53bhhRK1L0 0xc000024310 0xc000024380}, shard:9, gid:100 servers:[server-100-0 server-100-1 server-100-2]
2026/02/12 11:38:36 [client] shardkv client putappend key:10 value:rK-MeDLRLuBBlA8QnTxq op:Put to server:&{2NiFXbKdtxu1xTKbCLHj 0xc000024310 0xc000024380}, shard:9, gid:100 servers:[server-100-0 server-100-1 server-100-2]
2026/02/12 11:38:36 [client] shardkv client putappend key:11 value:4qc7MT6pXy5N4FHMgVSD op:Put to server:&{pN9c8l1goZhkG80ftTDO 0xc000024310 0xc000024380}, shard:9, gid:100 servers:[server-100-0 server-100-1 server-100-2]
2026/02/12 11:38:36 [client] shardkv client putappend key:11 value:4qc7MT6pXy5N4FHMgVSD op:Put to server:&{jLTAJHqXCUwaENEEaGCg 0xc000024310 0xc000024380}, shard:9, gid:100 servers:[server-100-0 server-100-1 server-100-2]
2026/02/12 11:38:36 [client] shardkv client putappend key:11 value:4qc7MT6pXy5N4FHMgVSD op:Put to server:&{wOWI85rEt7WNBZGor4sc 0xc000024310 0xc000024380}, shard:9, gid:100 servers:[server-100-0 server-100-1 server-100-2]
2026/02/12 11:38:36 [client] shardkv client putappend key:12 value:AqXLKwZEWYqgmYG9iNCz op:Put to server:&{-goYbcxfUW1a2HSnTHZ4 0xc000024310 0xc000024380}, shard:9, gid:100 servers:[server-100-0 server-100-1 server-100-2]
2026/02/12 11:38:36 [client] shardkv client putappend key:12 value:AqXLKwZEWYqgmYG9iNCz op:Put to server:&{vhTR8LRgX9ju96AStzxd 0xc000024310 0xc000024380}, shard:9, gid:100 servers:[server-100-0 server-100-1 server-100-2]
2026/02/12 11:38:36 [client] shardkv client putappend key:12 value:AqXLKwZEWYqgmYG9iNCz op:Put to server:&{QuPS9rFcUPBVKa12bceU 0xc000024310 0xc000024380}, shard:9, gid:100 servers:[server-100-0 server-100-1 server-100-2]
2026/02/12 11:38:36 [client] shardkv client putappend key:13 value:r9XEhFbXKvucOjvEk9Mq op:Put to server:&{E3wJNCKWBHr8dVZ57pnH 0xc000024310 0xc000024380}, shard:9, gid:100 servers:[server-100-0 server-100-1 server-100-2]
2026/02/12 11:38:36 [client] shardkv client putappend key:13 value:r9XEhFbXKvucOjvEk9Mq op:Put to server:&{3i0DbO3KfyPwQJEYka45 0xc000024310 0xc000024380}, shard:9, gid:100 servers:[server-100-0 server-100-1 server-100-2]
2026/02/12 11:38:36 [client] shardkv client putappend key:13 value:r9XEhFbXKvucOjvEk9Mq op:Put to server:&{ZNMYeyCScmakP5gVZSP_ 0xc000024310 0xc000024380}, shard:9, gid:100 servers:[server-100-0 server-100-1 server-100-2]
2026/02/12 11:38:36 [client] shardkv client putappend key:14 value:2KNJz71PIwvmfL5v04ze op:Put to server:&{6eynWRC716J4_zFh0hfn 0xc000024310 0xc000024380}, shard:9, gid:100 servers:[server-100-0 server-100-1 server-100-2]
2026/02/12 11:38:36 [client] shardkv client putappend key:14 value:2KNJz71PIwvmfL5v04ze op:Put to server:&{z0pSzQdQomhccdJo_BAk 0xc000024310 0xc000024380}, shard:9, gid:100 servers:[server-100-0 server-100-1 server-100-2]
2026/02/12 11:38:36 [client] shardkv client putappend key:14 value:2KNJz71PIwvmfL5v04ze op:Put to server:&{DuN2MIyU7N1V9WpTXQb8 0xc000024310 0xc000024380}, shard:9, gid:100 servers:[server-100-0 server-100-1 server-100-2]
2026/02/12 11:38:36 [client] shardkv client putappend key:15 value:6pU01E1kOZlIJumeaiPX op:Put to server:&{VaKzmKkitW_4EKNbTZZ7 0xc000024310 0xc000024380}, shard:9, gid:100 servers:[server-100-0 server-100-1 server-100-2]
2026/02/12 11:38:36 [client] shardkv client putappend key:15 value:6pU01E1kOZlIJumeaiPX op:Put to server:&{CCCgkySxAzVsX8rK16VL 0xc000024310 0xc000024380}, shard:9, gid:100 servers:[server-100-0 server-100-1 server-100-2]
2026/02/12 11:38:36 [client] shardkv client putappend key:15 value:6pU01E1kOZlIJumeaiPX op:Put to server:&{o_TsZp85Yv60VZ5NKMZK 0xc000024310 0xc000024380}, shard:9, gid:100 servers:[server-100-0 server-100-1 server-100-2]
2026/02/12 11:38:36 [client] shardkv client putappend key:16 value:Nwloqa3ECnnJ-V-tORXr op:Put to server:&{09blIkqp5W0onZdXgaWy 0xc000024310 0xc000024380}, shard:9, gid:100 servers:[server-100-0 server-100-1 server-100-2]
2026/02/12 11:38:36 [client] shardkv client putappend key:16 value:Nwloqa3ECnnJ-V-tORXr op:Put to server:&{shIq8ulWhYec4r_0FcAP 0xc000024310 0xc000024380}, shard:9, gid:100 servers:[server-100-0 server-100-1 server-100-2]
2026/02/12 11:38:36 [client] shardkv client putappend key:16 value:Nwloqa3ECnnJ-V-tORXr op:Put to server:&{Fhcc5SrwXa3ASt0lZOhM 0xc000024310 0xc000024380}, shard:9, gid:100 servers:[server-100-0 server-100-1 server-100-2]
2026/02/12 11:38:36 [client] shardkv client putappend key:17 value:FB4_uZNWUKFi_YzT8VXn op:Put to server:&{lvr1t15iO_p9Z3c2_RLl 0xc000024310 0xc000024380}, shard:9, gid:100 servers:[server-100-0 server-100-1 server-100-2]
2026/02/12 11:38:36 [client] shardkv client putappend key:17 value:FB4_uZNWUKFi_YzT8VXn op:Put to server:&{i6Dq8wfnVIkWSBdDiu2M 0xc000024310 0xc000024380}, shard:9, gid:100 servers:[server-100-0 server-100-1 server-100-2]
2026/02/12 11:38:36 [client] shardkv client putappend key:17 value:FB4_uZNWUKFi_YzT8VXn op:Put to server:&{DGXm8N8PcADJJbsqdgdV 0xc000024310 0xc000024380}, shard:9, gid:100 servers:[server-100-0 server-100-1 server-100-2]
2026/02/12 11:38:36 [client] shardkv client putappend key:18 value:fjuM-1ifH2iNkjzo9UYt op:Put to server:&{OnP2F3mCYvfn6LuDRfj5 0xc000024310 0xc000024380}, shard:9, gid:100 servers:[server-100-0 server-100-1 server-100-2]
2026/02/12 11:38:36 [client] shardkv client putappend key:18 value:fjuM-1ifH2iNkjzo9UYt op:Put to server:&{aLVOecSEFMehya8nlVab 0xc000024310 0xc000024380}, shard:9, gid:100 servers:[server-100-0 server-100-1 server-100-2]
2026/02/12 11:38:36 [client] shardkv client putappend key:18 value:fjuM-1ifH2iNkjzo9UYt op:Put to server:&{syvJeUA4DN9FzXYkxEfj 0xc000024310 0xc000024380}, shard:9, gid:100 servers:[server-100-0 server-100-1 server-100-2]
2026/02/12 11:38:36 [client] shardkv client putappend key:19 value:Sy_Qv4uBfGR5v9qro2Z4 op:Put to server:&{lBURcf4EWSJkbNHg9J6x 0xc000024310 0xc000024380}, shard:9, gid:100 servers:[server-100-0 server-100-1 server-100-2]
2026/02/12 11:38:36 [client] shardkv client putappend key:19 value:Sy_Qv4uBfGR5v9qro2Z4 op:Put to server:&{XEgnPXLAgsPcq2vVACnT 0xc000024310 0xc000024380}, shard:9, gid:100 servers:[server-100-0 server-100-1 server-100-2]
2026/02/12 11:38:36 [client] shardkv client putappend key:19 value:Sy_Qv4uBfGR5v9qro2Z4 op:Put to server:&{nh22vp3HNUKN8D4xGs8- 0xc000024310 0xc000024380}, shard:9, gid:100 servers:[server-100-0 server-100-1 server-100-2]
2026/02/12 11:38:36 [client] shardkv client putappend key:20 value:SlbVrqapno8jIad1WMC0 op:Put to server:&{LKtESDGu63zVGQ-8fbJ5 0xc000024310 0xc000024380}, shard:0, gid:100 servers:[server-100-0 server-100-1 server-100-2]
2026/02/12 11:38:36 [client] shardkv client putappend key:20 value:SlbVrqapno8jIad1WMC0 op:Put to server:&{5b7TPZuM2rPP0PnVW9Tv 0xc000024310 0xc000024380}, shard:0, gid:100 servers:[server-100-0 server-100-1 server-100-2]
2026/02/12 11:38:36 [client] shardkv client putappend key:20 value:SlbVrqapno8jIad1WMC0 op:Put to server:&{yQs9zvpIZszbnqvy6F4C 0xc000024310 0xc000024380}, shard:0, gid:100 servers:[server-100-0 server-100-1 server-100-2]
2026/02/12 11:38:36 [client] shardkv client putappend key:21 value:geEQvJmY55V60q0zlix1 op:Put to server:&{t85yBByHgYj0d1sZjk7s 0xc000024310 0xc000024380}, shard:0, gid:100 servers:[server-100-0 server-100-1 server-100-2]
2026/02/12 11:38:36 [client] shardkv client putappend key:21 value:geEQvJmY55V60q0zlix1 op:Put to server:&{FA4hdxMmMt92yPHNJn04 0xc000024310 0xc000024380}, shard:0, gid:100 servers:[server-100-0 server-100-1 server-100-2]
2026/02/12 11:38:36 [client] shardkv client putappend key:21 value:geEQvJmY55V60q0zlix1 op:Put to server:&{mSshABm3I-JN7b-dShaW 0xc000024310 0xc000024380}, shard:0, gid:100 servers:[server-100-0 server-100-1 server-100-2]
2026/02/12 11:38:36 [client] shardkv client putappend key:22 value:AkAYRN6FAHd-RRK2Jw5n op:Put to server:&{UEr4mA0KZuKP71ayclTQ 0xc000024310 0xc000024380}, shard:0, gid:100 servers:[server-100-0 server-100-1 server-100-2]
2026/02/12 11:38:36 [client] shardkv client putappend key:22 value:AkAYRN6FAHd-RRK2Jw5n op:Put to server:&{eXFttIl09LCBA9jN-E9v 0xc000024310 0xc000024380}, shard:0, gid:100 servers:[server-100-0 server-100-1 server-100-2]
2026/02/12 11:38:36 [client] shardkv client putappend key:22 value:AkAYRN6FAHd-RRK2Jw5n op:Put to server:&{ubC2ichb7wRTvb-rTVP9 0xc000024310 0xc000024380}, shard:0, gid:100 servers:[server-100-0 server-100-1 server-100-2]
2026/02/12 11:38:36 [client] shardkv client putappend key:23 value:UaXgF5KaO1dRRzRRxDD8 op:Put to server:&{I3Sb42hn08BKYPyDtpYD 0xc000024310 0xc000024380}, shard:0, gid:100 servers:[server-100-0 server-100-1 server-100-2]
2026/02/12 11:38:36 [client] shardkv client putappend key:23 value:UaXgF5KaO1dRRzRRxDD8 op:Put to server:&{6JxG4DGX2NthLwlLZZIb 0xc000024310 0xc000024380}, shard:0, gid:100 servers:[server-100-0 server-100-1 server-100-2]
2026/02/12 11:38:36 [client] shardkv client putappend key:23 value:UaXgF5KaO1dRRzRRxDD8 op:Put to server:&{teZbErvGNIrPVVR_bg42 0xc000024310 0xc000024380}, shard:0, gid:100 servers:[server-100-0 server-100-1 server-100-2]
2026/02/12 11:38:36 [client] shardkv client putappend key:24 value:3IJCQZOvB4MFjb_mOwEf op:Put to server:&{_9emJTOO71gwguODZl5Z 0xc000024310 0xc000024380}, shard:0, gid:100 servers:[server-100-0 server-100-1 server-100-2]
2026/02/12 11:38:36 [client] shardkv client putappend key:24 value:3IJCQZOvB4MFjb_mOwEf op:Put to server:&{sV_wi2nRANuhLIaD3379 0xc000024310 0xc000024380}, shard:0, gid:100 servers:[server-100-0 server-100-1 server-100-2]
2026/02/12 11:38:36 [client] shardkv client putappend key:24 value:3IJCQZOvB4MFjb_mOwEf op:Put to server:&{5_U2YbRnHdXtlGuYjGN2 0xc000024310 0xc000024380}, shard:0, gid:100 servers:[server-100-0 server-100-1 server-100-2]
2026/02/12 11:38:36 [client] shardkv client putappend key:25 value:-n4EN_FvUATYQ06Wz0AY op:Put to server:&{dFt8apQe1Q7wa-UJbhPu 0xc000024310 0xc000024380}, shard:0, gid:100 servers:[server-100-0 server-100-1 server-100-2]
2026/02/12 11:38:36 [client] shardkv client putappend key:25 value:-n4EN_FvUATYQ06Wz0AY op:Put to server:&{G5ARyrDrAoT3GzJsx4yt 0xc000024310 0xc000024380}, shard:0, gid:100 servers:[server-100-0 server-100-1 server-100-2]
2026/02/12 11:38:36 [client] shardkv client putappend key:25 value:-n4EN_FvUATYQ06Wz0AY op:Put to server:&{JwagHLYl9eNsiyHqm_1X 0xc000024310 0xc000024380}, shard:0, gid:100 servers:[server-100-0 server-100-1 server-100-2]
2026/02/12 11:38:37 [client] shardkv client putappend key:26 value:mUDT7BaVWhQgPo8NmkAD op:Put to server:&{lbRob2mQOhjAsFg7WTer 0xc000024310 0xc000024380}, shard:0, gid:100 servers:[server-100-0 server-100-1 server-100-2]
2026/02/12 11:38:37 [client] shardkv client putappend key:26 value:mUDT7BaVWhQgPo8NmkAD op:Put to server:&{Yq3r4W92zgBNRrOnhlF_ 0xc000024310 0xc000024380}, shard:0, gid:100 servers:[server-100-0 server-100-1 server-100-2]
2026/02/12 11:38:37 [client] shardkv client putappend key:26 value:mUDT7BaVWhQgPo8NmkAD op:Put to server:&{0H6x38GNGNsKECMlu2D5 0xc000024310 0xc000024380}, shard:0, gid:100 servers:[server-100-0 server-100-1 server-100-2]
2026/02/12 11:38:37 [client] shardkv client putappend key:27 value:P2cQOel2qPEgvbvJxms1 op:Put to server:&{P1JdSG238kJu4lB2PRyb 0xc000024310 0xc000024380}, shard:0, gid:100 servers:[server-100-0 server-100-1 server-100-2]
2026/02/12 11:38:37 [client] shardkv client putappend key:27 value:P2cQOel2qPEgvbvJxms1 op:Put to server:&{O52LBAkflrzhkHlN84J- 0xc000024310 0xc000024380}, shard:0, gid:100 servers:[server-100-0 server-100-1 server-100-2]
2026/02/12 11:38:37 [client] shardkv client putappend key:27 value:P2cQOel2qPEgvbvJxms1 op:Put to server:&{N_RJwvyqQKuhpkdvEdKq 0xc000024310 0xc000024380}, shard:0, gid:100 servers:[server-100-0 server-100-1 server-100-2]
2026/02/12 11:38:37 [client] shardkv client putappend key:28 value:xP_Y-XD1A9aij8pOsQOe op:Put to server:&{z33x2L91KoCHB0EQLIO6 0xc000024310 0xc000024380}, shard:0, gid:100 servers:[server-100-0 server-100-1 server-100-2]
2026/02/12 11:38:37 [client] shardkv client putappend key:28 value:xP_Y-XD1A9aij8pOsQOe op:Put to server:&{bEdqMWoQno0SO_n2t_6M 0xc000024310 0xc000024380}, shard:0, gid:100 servers:[server-100-0 server-100-1 server-100-2]
2026/02/12 11:38:37 [client] shardkv client putappend key:28 value:xP_Y-XD1A9aij8pOsQOe op:Put to server:&{bzhi3Hn3ncIVA5wZcUTo 0xc000024310 0xc000024380}, shard:0, gid:100 servers:[server-100-0 server-100-1 server-100-2]
2026/02/12 11:38:37 [client] shardkv client putappend key:29 value:j97rKxL3luJt9FkaknKC op:Put to server:&{oUbAeMI6_-cJ6BDwqNnp 0xc000024310 0xc000024380}, shard:0, gid:100 servers:[server-100-0 server-100-1 server-100-2]
2026/02/12 11:38:37 [client] shardkv client putappend key:29 value:j97rKxL3luJt9FkaknKC op:Put to server:&{9uTxwp5LFwx6WE-YKvia 0xc000024310 0xc000024380}, shard:0, gid:100 servers:[server-100-0 server-100-1 server-100-2]
2026/02/12 11:38:37 [client] shardkv client putappend key:29 value:j97rKxL3luJt9FkaknKC op:Put to server:&{OJJiobhF6pGawaMFeXbJ 0xc000024310 0xc000024380}, shard:0, gid:100 servers:[server-100-0 server-100-1 server-100-2]
2026/02/12 11:38:37 [client] shardkv client get key:0 to server:&{aFeU8M8qSGipczC091uw 0xc000024310 0xc000024380}, shard:8, gid:100 servers:[server-100-0 server-100-1 server-100-2]
2026/02/12 11:38:37 [client] shardkv client get key:0 to server:&{JjrvAvMgVY12iXgLuYbx 0xc000024310 0xc000024380}, shard:8, gid:100 servers:[server-100-0 server-100-1 server-100-2]
2026/02/12 11:38:37 [client] shardkv client get key:0 to server:&{TGoOO7Xwho64FCKx-cFh 0xc000024310 0xc000024380}, shard:8, gid:100 servers:[server-100-0 server-100-1 server-100-2]
2026/02/12 11:38:37 [client] shardkv client get key:1 to server:&{vGEmF8scHiY2jyX1qt8H 0xc000024310 0xc000024380}, shard:9, gid:100 servers:[server-100-0 server-100-1 server-100-2]
2026/02/12 11:38:37 [client] shardkv client get key:1 to server:&{gFkRj_Eg1xpCzdQIDX1A 0xc000024310 0xc000024380}, shard:9, gid:100 servers:[server-100-0 server-100-1 server-100-2]
2026/02/12 11:38:37 [client] shardkv client get key:1 to server:&{IT-kTZJU3Hbghtmz5V_O 0xc000024310 0xc000024380}, shard:9, gid:100 servers:[server-100-0 server-100-1 server-100-2]
2026/02/12 11:38:37 [client] shardkv client get key:2 to server:&{a-rPApokYyVdI0iJcEgh 0xc000024310 0xc000024380}, shard:0, gid:100 servers:[server-100-0 server-100-1 server-100-2]
2026/02/12 11:38:37 [client] shardkv client get key:2 to server:&{pTEoFyqUm5ZtUtoDICmT 0xc000024310 0xc000024380}, shard:0, gid:100 servers:[server-100-0 server-100-1 server-100-2]
2026/02/12 11:38:37 [client] shardkv client get key:2 to server:&{Z4Law2lAzmxNlg9sDvGE 0xc000024310 0xc000024380}, shard:0, gid:100 servers:[server-100-0 server-100-1 server-100-2]
2026/02/12 11:38:37 [client] shardkv client get key:3 to server:&{quDB0foMNp9ET_eeGGN8 0xc000024310 0xc000024380}, shard:1, gid:100 servers:[server-100-0 server-100-1 server-100-2]
2026/02/12 11:38:37 [client] shardkv client get key:3 to server:&{Y3UutO-9Eb8TDte_ufrT 0xc000024310 0xc000024380}, shard:1, gid:100 servers:[server-100-0 server-100-1 server-100-2]
2026/02/12 11:38:37 [client] shardkv client get key:3 to server:&{qZZYG_Pp4NgMGFOEY0JP 0xc000024310 0xc000024380}, shard:1, gid:100 servers:[server-100-0 server-100-1 server-100-2]
2026/02/12 11:38:37 [client] shardkv client get key:4 to server:&{g-ZEQRBKN_NZbqeYTemR 0xc000024310 0xc000024380}, shard:2, gid:100 servers:[server-100-0 server-100-1 server-100-2]
2026/02/12 11:38:37 [client] shardkv client get key:4 to server:&{b7wFCGomQ7zGJ8SVvr0M 0xc000024310 0xc000024380}, shard:2, gid:100 servers:[server-100-0 server-100-1 server-100-2]
2026/02/12 11:38:37 [client] shardkv client get key:4 to server:&{CV9_UapPd3UhdLAWbRaV 0xc000024310 0xc000024380}, shard:2, gid:100 servers:[server-100-0 server-100-1 server-100-2]
2026/02/12 11:38:37 [client] shardkv client get key:5 to server:&{gYEkp4ba8W23SUdRWIVY 0xc000024310 0xc000024380}, shard:3, gid:100 servers:[server-100-0 server-100-1 server-100-2]
2026/02/12 11:38:37 [client] shardkv client get key:5 to server:&{mozrRBlSg_IimNyCoAy4 0xc000024310 0xc000024380}, shard:3, gid:100 servers:[server-100-0 server-100-1 server-100-2]
2026/02/12 11:38:37 [client] shardkv client get key:5 to server:&{jpZLut6Z0y_Oj5cqqIZN 0xc000024310 0xc000024380}, shard:3, gid:100 servers:[server-100-0 server-100-1 server-100-2]
2026/02/12 11:38:37 [client] shardkv client get key:6 to server:&{syTJyowhPYLoKJqhhLQa 0xc000024310 0xc000024380}, shard:4, gid:100 servers:[server-100-0 server-100-1 server-100-2]
2026/02/12 11:38:37 [client] shardkv client get key:6 to server:&{O5ZreuoPdFbralRa-5q8 0xc000024310 0xc000024380}, shard:4, gid:100 servers:[server-100-0 server-100-1 server-100-2]
2026/02/12 11:38:37 [client] shardkv client get key:6 to server:&{udvGraGayx5yvpFdB-lg 0xc000024310 0xc000024380}, shard:4, gid:100 servers:[server-100-0 server-100-1 server-100-2]
2026/02/12 11:38:37 [client] shardkv client get key:7 to server:&{U2VNEdiDR5GXgRZtRrlk 0xc000024310 0xc000024380}, shard:5, gid:100 servers:[server-100-0 server-100-1 server-100-2]
2026/02/12 11:38:37 [client] shardkv client get key:7 to server:&{msmR2CZFfm6hCuIW3VFr 0xc000024310 0xc000024380}, shard:5, gid:100 servers:[server-100-0 server-100-1 server-100-2]
2026/02/12 11:38:37 [client] shardkv client get key:7 to server:&{ciZ0-BInqVFzuhtC6VZA 0xc000024310 0xc000024380}, shard:5, gid:100 servers:[server-100-0 server-100-1 server-100-2]
2026/02/12 11:38:37 [client] shardkv client get key:8 to server:&{U3u8NxJKcpjOvJCjijZD 0xc000024310 0xc000024380}, shard:6, gid:100 servers:[server-100-0 server-100-1 server-100-2]
2026/02/12 11:38:37 [client] shardkv client get key:8 to server:&{WRUrg9Y10S8BNuFwZFuZ 0xc000024310 0xc000024380}, shard:6, gid:100 servers:[server-100-0 server-100-1 server-100-2]
2026/02/12 11:38:37 [client] shardkv client get key:8 to server:&{6xLY7dGScBiUdftqIdzL 0xc000024310 0xc000024380}, shard:6, gid:100 servers:[server-100-0 server-100-1 server-100-2]
2026/02/12 11:38:37 [client] shardkv client get key:9 to server:&{thVLNGib5WY-gOVZlbSl 0xc000024310 0xc000024380}, shard:7, gid:100 servers:[server-100-0 server-100-1 server-100-2]
2026/02/12 11:38:37 [client] shardkv client get key:9 to server:&{iXFV-W2ISIjm03SiRmkR 0xc000024310 0xc000024380}, shard:7, gid:100 servers:[server-100-0 server-100-1 server-100-2]
2026/02/12 11:38:37 [client] shardkv client get key:9 to server:&{7c_MBefzln26gl3CQkOb 0xc000024310 0xc000024380}, shard:7, gid:100 servers:[server-100-0 server-100-1 server-100-2]
2026/02/12 11:38:37 [client] shardkv client get key:10 to server:&{S0ONx35T-4d14qxV9sLX 0xc000024310 0xc000024380}, shard:9, gid:100 servers:[server-100-0 server-100-1 server-100-2]
2026/02/12 11:38:37 [client] shardkv client get key:10 to server:&{b-ymDBcVoT0G-jFRNnxe 0xc000024310 0xc000024380}, shard:9, gid:100 servers:[server-100-0 server-100-1 server-100-2]
2026/02/12 11:38:37 [client] shardkv client get key:10 to server:&{BDuFeroW2p6qCAVVnbDQ 0xc000024310 0xc000024380}, shard:9, gid:100 servers:[server-100-0 server-100-1 server-100-2]
2026/02/12 11:38:37 [client] shardkv client get key:11 to server:&{5IVxNHBLuB-tzFvBXqIC 0xc000024310 0xc000024380}, shard:9, gid:100 servers:[server-100-0 server-100-1 server-100-2]
2026/02/12 11:38:37 [client] shardkv client get key:11 to server:&{9fTagFP4EhMz-hUnpm4Q 0xc000024310 0xc000024380}, shard:9, gid:100 servers:[server-100-0 server-100-1 server-100-2]
2026/02/12 11:38:37 [client] shardkv client get key:11 to server:&{H-X7IRdE9WKkRO-DMORg 0xc000024310 0xc000024380}, shard:9, gid:100 servers:[server-100-0 server-100-1 server-100-2]
2026/02/12 11:38:37 [client] shardkv client get key:12 to server:&{artre-BFFRiGKpKLo32I 0xc000024310 0xc000024380}, shard:9, gid:100 servers:[server-100-0 server-100-1 server-100-2]
2026/02/12 11:38:37 [client] shardkv client get key:12 to server:&{BYgz6RH8XZhBi-HuBykn 0xc000024310 0xc000024380}, shard:9, gid:100 servers:[server-100-0 server-100-1 server-100-2]
2026/02/12 11:38:37 [client] shardkv client get key:12 to server:&{_tX_G51Cx4QXh-7NxE99 0xc000024310 0xc000024380}, shard:9, gid:100 servers:[server-100-0 server-100-1 server-100-2]
2026/02/12 11:38:37 [client] shardkv client get key:13 to server:&{ofPFyUrH3VfzGDTRrymb 0xc000024310 0xc000024380}, shard:9, gid:100 servers:[server-100-0 server-100-1 server-100-2]
2026/02/12 11:38:37 [client] shardkv client get key:13 to server:&{i2DEo95lrz1HIYB9rqAn 0xc000024310 0xc000024380}, shard:9, gid:100 servers:[server-100-0 server-100-1 server-100-2]
2026/02/12 11:38:37 [client] shardkv client get key:13 to server:&{XrKds7OwwQR8CNxaxPGu 0xc000024310 0xc000024380}, shard:9, gid:100 servers:[server-100-0 server-100-1 server-100-2]
2026/02/12 11:38:37 [client] shardkv client get key:14 to server:&{Pby1vS2u8t0ftNhnaoj1 0xc000024310 0xc000024380}, shard:9, gid:100 servers:[server-100-0 server-100-1 server-100-2]
2026/02/12 11:38:37 [client] shardkv client get key:14 to server:&{OCwRAJsndZKhbEqByrLQ 0xc000024310 0xc000024380}, shard:9, gid:100 servers:[server-100-0 server-100-1 server-100-2]
2026/02/12 11:38:37 [client] shardkv client get key:14 to server:&{kr5Nr9fJRYxqhSvY18pS 0xc000024310 0xc000024380}, shard:9, gid:100 servers:[server-100-0 server-100-1 server-100-2]
2026/02/12 11:38:37 [client] shardkv client get key:15 to server:&{HFodqmGP0uv-q4hgPSya 0xc000024310 0xc000024380}, shard:9, gid:100 servers:[server-100-0 server-100-1 server-100-2]
2026/02/12 11:38:37 [client] shardkv client get key:15 to server:&{b2l9Qa07TeVp9s6PxV2o 0xc000024310 0xc000024380}, shard:9, gid:100 servers:[server-100-0 server-100-1 server-100-2]
2026/02/12 11:38:37 [client] shardkv client get key:15 to server:&{eokvQpofe7l1v_coEVzv 0xc000024310 0xc000024380}, shard:9, gid:100 servers:[server-100-0 server-100-1 server-100-2]
2026/02/12 11:38:38 [client] shardkv client get key:16 to server:&{vUyu3kPqx3dYnK4LTgi6 0xc000024310 0xc000024380}, shard:9, gid:100 servers:[server-100-0 server-100-1 server-100-2]
2026/02/12 11:38:38 [client] shardkv client get key:16 to server:&{bJVQUg18-a1SQURsLGQn 0xc000024310 0xc000024380}, shard:9, gid:100 servers:[server-100-0 server-100-1 server-100-2]
2026/02/12 11:38:38 [client] shardkv client get key:16 to server:&{06c8IeHgVg540eHPrDcv 0xc000024310 0xc000024380}, shard:9, gid:100 servers:[server-100-0 server-100-1 server-100-2]
2026/02/12 11:38:38 [client] shardkv client get key:17 to server:&{IyTwBajOAvENrcyBHjQ5 0xc000024310 0xc000024380}, shard:9, gid:100 servers:[server-100-0 server-100-1 server-100-2]
2026/02/12 11:38:38 [client] shardkv client get key:17 to server:&{0zK4TAOU037jhhwR6BMO 0xc000024310 0xc000024380}, shard:9, gid:100 servers:[server-100-0 server-100-1 server-100-2]
2026/02/12 11:38:38 [client] shardkv client get key:17 to server:&{U4bYaYqPopR2MQfj6co2 0xc000024310 0xc000024380}, shard:9, gid:100 servers:[server-100-0 server-100-1 server-100-2]
2026/02/12 11:38:38 [client] shardkv client get key:18 to server:&{fk4I7b22t4y_iOxwz4Cl 0xc000024310 0xc000024380}, shard:9, gid:100 servers:[server-100-0 server-100-1 server-100-2]
2026/02/12 11:38:38 [client] shardkv client get key:18 to server:&{YT_pVR6nbsRy0Bhx4jQd 0xc000024310 0xc000024380}, shard:9, gid:100 servers:[server-100-0 server-100-1 server-100-2]
2026/02/12 11:38:38 [client] shardkv client get key:18 to server:&{xEsz96QXWxKzQzXt1ose 0xc000024310 0xc000024380}, shard:9, gid:100 servers:[server-100-0 server-100-1 server-100-2]
2026/02/12 11:38:38 [client] shardkv client get key:19 to server:&{gcr_7NbGNx7jNNeSGqXs 0xc000024310 0xc000024380}, shard:9, gid:100 servers:[server-100-0 server-100-1 server-100-2]
2026/02/12 11:38:38 [client] shardkv client get key:19 to server:&{pjtOhnEOc-JZcTAuf3nk 0xc000024310 0xc000024380}, shard:9, gid:100 servers:[server-100-0 server-100-1 server-100-2]
2026/02/12 11:38:38 [client] shardkv client get key:19 to server:&{gFfCr5AYLA9n209rB2TR 0xc000024310 0xc000024380}, shard:9, gid:100 servers:[server-100-0 server-100-1 server-100-2]
2026/02/12 11:38:38 [client] shardkv client get key:20 to server:&{QlN-h0Gh6yafDx7XNlNv 0xc000024310 0xc000024380}, shard:0, gid:100 servers:[server-100-0 server-100-1 server-100-2]
2026/02/12 11:38:38 [client] shardkv client get key:20 to server:&{2Ajj1GLTsy9PV_F9p-fP 0xc000024310 0xc000024380}, shard:0, gid:100 servers:[server-100-0 server-100-1 server-100-2]
2026/02/12 11:38:38 [client] shardkv client get key:20 to server:&{09PKhhi1HN-5vks27K9t 0xc000024310 0xc000024380}, shard:0, gid:100 servers:[server-100-0 server-100-1 server-100-2]
2026/02/12 11:38:38 [client] shardkv client get key:21 to server:&{neaW-k8QLm-Q85DDQwRm 0xc000024310 0xc000024380}, shard:0, gid:100 servers:[server-100-0 server-100-1 server-100-2]
2026/02/12 11:38:38 [client] shardkv client get key:21 to server:&{j-aESokjrHrqxQgkUum4 0xc000024310 0xc000024380}, shard:0, gid:100 servers:[server-100-0 server-100-1 server-100-2]
2026/02/12 11:38:38 [client] shardkv client get key:21 to server:&{o5xqfphZ1HCIfZMwLuM9 0xc000024310 0xc000024380}, shard:0, gid:100 servers:[server-100-0 server-100-1 server-100-2]
2026/02/12 11:38:38 [client] shardkv client get key:22 to server:&{8wbG-OL_arPBAqW32ugQ 0xc000024310 0xc000024380}, shard:0, gid:100 servers:[server-100-0 server-100-1 server-100-2]
2026/02/12 11:38:38 [client] shardkv client get key:22 to server:&{15E-TCRJcLFG4olTAnCo 0xc000024310 0xc000024380}, shard:0, gid:100 servers:[server-100-0 server-100-1 server-100-2]
2026/02/12 11:38:38 [client] shardkv client get key:22 to server:&{GD9mxEpLo8KxO2hjZ7KC 0xc000024310 0xc000024380}, shard:0, gid:100 servers:[server-100-0 server-100-1 server-100-2]
2026/02/12 11:38:38 [client] shardkv client get key:23 to server:&{0mDaauLaBx1ey8vEjAyp 0xc000024310 0xc000024380}, shard:0, gid:100 servers:[server-100-0 server-100-1 server-100-2]
2026/02/12 11:38:38 [client] shardkv client get key:23 to server:&{7dzRxMNcZyHY_i7VPyn3 0xc000024310 0xc000024380}, shard:0, gid:100 servers:[server-100-0 server-100-1 server-100-2]
2026/02/12 11:38:38 [client] shardkv client get key:23 to server:&{C-i8eWWMUGE_ckIRrJRD 0xc000024310 0xc000024380}, shard:0, gid:100 servers:[server-100-0 server-100-1 server-100-2]
2026/02/12 11:38:38 [client] shardkv client get key:24 to server:&{VM_t6ydmfiX-jQKIupBz 0xc000024310 0xc000024380}, shard:0, gid:100 servers:[server-100-0 server-100-1 server-100-2]
2026/02/12 11:38:38 [client] shardkv client get key:24 to server:&{DYv8QbXiHZAqRzGtp8_T 0xc000024310 0xc000024380}, shard:0, gid:100 servers:[server-100-0 server-100-1 server-100-2]
2026/02/12 11:38:38 [client] shardkv client get key:24 to server:&{-v8OnHIiLhKg7reOo-cH 0xc000024310 0xc000024380}, shard:0, gid:100 servers:[server-100-0 server-100-1 server-100-2]
2026/02/12 11:38:38 [client] shardkv client get key:25 to server:&{o5Nuyu12BUvZ-wbxdxe9 0xc000024310 0xc000024380}, shard:0, gid:100 servers:[server-100-0 server-100-1 server-100-2]
2026/02/12 11:38:38 [client] shardkv client get key:25 to server:&{DMjLQzEW9RqXiAVQb-2i 0xc000024310 0xc000024380}, shard:0, gid:100 servers:[server-100-0 server-100-1 server-100-2]
2026/02/12 11:38:38 [client] shardkv client get key:25 to server:&{H129BTi1g2mssK39hUm6 0xc000024310 0xc000024380}, shard:0, gid:100 servers:[server-100-0 server-100-1 server-100-2]
2026/02/12 11:38:38 [client] shardkv client get key:26 to server:&{J5mdGopm4ykbZcnlYs7h 0xc000024310 0xc000024380}, shard:0, gid:100 servers:[server-100-0 server-100-1 server-100-2]
2026/02/12 11:38:38 [client] shardkv client get key:26 to server:&{Y9wCgRT7fcmG5s_O4j91 0xc000024310 0xc000024380}, shard:0, gid:100 servers:[server-100-0 server-100-1 server-100-2]
2026/02/12 11:38:38 [client] shardkv client get key:26 to server:&{xoHnIGomN9FaxGHZTMUw 0xc000024310 0xc000024380}, shard:0, gid:100 servers:[server-100-0 server-100-1 server-100-2]
2026/02/12 11:38:38 [client] shardkv client get key:27 to server:&{yrVrbfatupc3KCF_iIfi 0xc000024310 0xc000024380}, shard:0, gid:100 servers:[server-100-0 server-100-1 server-100-2]
2026/02/12 11:38:38 [client] shardkv client get key:27 to server:&{i1UeMifsCNvuu1BL1goj 0xc000024310 0xc000024380}, shard:0, gid:100 servers:[server-100-0 server-100-1 server-100-2]
2026/02/12 11:38:38 [client] shardkv client get key:27 to server:&{m4I0fCVoKj_RUS7AbCEE 0xc000024310 0xc000024380}, shard:0, gid:100 servers:[server-100-0 server-100-1 server-100-2]
2026/02/12 11:38:38 [client] shardkv client get key:28 to server:&{VN3IT0zTMdWq4H1291-U 0xc000024310 0xc000024380}, shard:0, gid:100 servers:[server-100-0 server-100-1 server-100-2]
2026/02/12 11:38:38 [client] shardkv client get key:28 to server:&{kjodRk5NgLJd447DBZpy 0xc000024310 0xc000024380}, shard:0, gid:100 servers:[server-100-0 server-100-1 server-100-2]
2026/02/12 11:38:38 [client] shardkv client get key:28 to server:&{41EnSs7iBJR9_dak1oQV 0xc000024310 0xc000024380}, shard:0, gid:100 servers:[server-100-0 server-100-1 server-100-2]
2026/02/12 11:38:38 [client] shardkv client get key:29 to server:&{v3DdNVFFG2Dy3IxVzvpE 0xc000024310 0xc000024380}, shard:0, gid:100 servers:[server-100-0 server-100-1 server-100-2]
2026/02/12 11:38:38 [client] shardkv client get key:29 to server:&{uwHwcaWI8uyEz9Gda_aR 0xc000024310 0xc000024380}, shard:0, gid:100 servers:[server-100-0 server-100-1 server-100-2]
2026/02/12 11:38:38 [client] shardkv client get key:29 to server:&{a9vp3iXcS8EiDB5tDmYU 0xc000024310 0xc000024380}, shard:0, gid:100 servers:[server-100-0 server-100-1 server-100-2]
2026/02/12 11:38:38 [client] shardkv client get key:0 to server:&{EbR2rNGZU9w3cmX8vDRc 0xc000024310 0xc000024380}, shard:8, gid:100 servers:[server-100-0 server-100-1 server-100-2]
2026/02/12 11:38:38 [client] shardkv client get key:0 to server:&{se8whXY9thzJpmTVywa9 0xc000024310 0xc000024380}, shard:8, gid:100 servers:[server-100-0 server-100-1 server-100-2]
2026/02/12 11:38:38 [client] shardkv client get key:0 to server:&{i1hhQfY84c1Q5KdXZ1hl 0xc000024310 0xc000024380}, shard:8, gid:100 servers:[server-100-0 server-100-1 server-100-2]
2026/02/12 11:38:38 [client] shardkv client putappend key:0 value:oJUeR5n48HjmTkQoONT1 op:Append to server:&{JgeVS8Ysxb-W3XzvQaHg 0xc000024310 0xc000024380}, shard:8, gid:100 servers:[server-100-0 server-100-1 server-100-2]
2026/02/12 11:38:38 [client] shardkv client putappend key:0 value:oJUeR5n48HjmTkQoONT1 op:Append to server:&{zuCvEX66IyB6lgqhXXix 0xc000024310 0xc000024380}, shard:8, gid:100 servers:[server-100-0 server-100-1 server-100-2]
2026/02/12 11:38:38 [client] shardkv client putappend key:0 value:oJUeR5n48HjmTkQoONT1 op:Append to server:&{krvsM_67IewEeiMzp7Sc 0xc000024310 0xc000024380}, shard:8, gid:100 servers:[server-100-0 server-100-1 server-100-2]
2026/02/12 11:38:39 [Node:2 GID:100 isLeader:true] shardkv client migration data:map[0:_LBhPXgp-PAdFzyrvxj2 2:VTde9G2dz7BGSYqgBiwT 20:SlbVrqapno8jIad1WMC0 21:geEQvJmY55V60q0zlix1 22:AkAYRN6FAHd-RRK2Jw5n 23:UaXgF5KaO1dRRzRRxDD8 24:3IJCQZOvB4MFjb_mOwEf 25:-n4EN_FvUATYQ06Wz0AY 26:mUDT7BaVWhQgPo8NmkAD 27:P2cQOel2qPEgvbvJxms1 28:xP_Y-XD1A9aij8pOsQOe 29:j97rKxL3luJt9FkaknKC 4:JW5us9jBWLExTPi7-7gu 6:W26rgcR8H4LdusY50r1h 8:Mfxshp9V5NrE07f-2hci] to server:&{Zw-DxTAMZtjL5NoSSAQW 0xc000024310 0xc000024380}, shard:0, gid:101 server:server-101-0
2026/02/12 11:38:39 [Node:2 GID:100 isLeader:true] shardkv client migration data:map[0:_LBhPXgp-PAdFzyrvxj2 2:VTde9G2dz7BGSYqgBiwT 20:SlbVrqapno8jIad1WMC0 21:geEQvJmY55V60q0zlix1 22:AkAYRN6FAHd-RRK2Jw5n 23:UaXgF5KaO1dRRzRRxDD8 24:3IJCQZOvB4MFjb_mOwEf 25:-n4EN_FvUATYQ06Wz0AY 26:mUDT7BaVWhQgPo8NmkAD 27:P2cQOel2qPEgvbvJxms1 28:xP_Y-XD1A9aij8pOsQOe 29:j97rKxL3luJt9FkaknKC 4:JW5us9jBWLExTPi7-7gu 6:W26rgcR8H4LdusY50r1h 8:Mfxshp9V5NrE07f-2hci] to server:&{s5SUD365dIgLTVobKleL 0xc000024310 0xc000024380}, shard:0, gid:101 server:server-101-1
2026/02/12 11:38:39 [Node:2 GID:100 isLeader:true] shardkv client migration data:map[1:072HFcKmS9BxDWVCvul8 10:rK-MeDLRLuBBlA8QnTxq 11:4qc7MT6pXy5N4FHMgVSD 12:AqXLKwZEWYqgmYG9iNCz 13:r9XEhFbXKvucOjvEk9Mq 14:2KNJz71PIwvmfL5v04ze 15:6pU01E1kOZlIJumeaiPX 16:Nwloqa3ECnnJ-V-tORXr 17:FB4_uZNWUKFi_YzT8VXn 18:fjuM-1ifH2iNkjzo9UYt 19:Sy_Qv4uBfGR5v9qro2Z4 3:WZVNXtUO3NByXtM5xkIs 5:NqszTYURyspy5Gsugi04 7:cZCTlAO5Ga1Cm_lNY-DJ 9:z1u162W8DsHAHXYrBjSM] to server:&{lvUtbh9dNjBJkmT4nVxW 0xc000024310 0xc000024380}, shard:0, gid:102 server:server-102-0
2026/02/12 11:38:39 [Node:2 GID:100 isLeader:true] shardkv client migration data:map[1:072HFcKmS9BxDWVCvul8 10:rK-MeDLRLuBBlA8QnTxq 11:4qc7MT6pXy5N4FHMgVSD 12:AqXLKwZEWYqgmYG9iNCz 13:r9XEhFbXKvucOjvEk9Mq 14:2KNJz71PIwvmfL5v04ze 15:6pU01E1kOZlIJumeaiPX 16:Nwloqa3ECnnJ-V-tORXr 17:FB4_uZNWUKFi_YzT8VXn 18:fjuM-1ifH2iNkjzo9UYt 19:Sy_Qv4uBfGR5v9qro2Z4 3:WZVNXtUO3NByXtM5xkIs 5:NqszTYURyspy5Gsugi04 7:cZCTlAO5Ga1Cm_lNY-DJ 9:z1u162W8DsHAHXYrBjSM] to server:&{CGvLPLx2h4oyEeqOa7Lo 0xc000024310 0xc000024380}, shard:0, gid:102 server:server-102-1
2026/02/12 11:38:39 [Node:2 GID:100 isLeader:true] shardkv client migration data:map[1:072HFcKmS9BxDWVCvul8 10:rK-MeDLRLuBBlA8QnTxq 11:4qc7MT6pXy5N4FHMgVSD 12:AqXLKwZEWYqgmYG9iNCz 13:r9XEhFbXKvucOjvEk9Mq 14:2KNJz71PIwvmfL5v04ze 15:6pU01E1kOZlIJumeaiPX 16:Nwloqa3ECnnJ-V-tORXr 17:FB4_uZNWUKFi_YzT8VXn 18:fjuM-1ifH2iNkjzo9UYt 19:Sy_Qv4uBfGR5v9qro2Z4 3:WZVNXtUO3NByXtM5xkIs 5:NqszTYURyspy5Gsugi04 7:cZCTlAO5Ga1Cm_lNY-DJ 9:z1u162W8DsHAHXYrBjSM] to server:&{7upKzDx6JGK9jsDyF7lD 0xc000024310 0xc000024380}, shard:0, gid:102 server:server-102-2
2026/02/12 11:38:39 [client] shardkv client putappend key:0 value:oJUeR5n48HjmTkQoONT1 op:Append to server:&{FnznFtC_5TzyCfsK2HBl 0xc000024310 0xc000024380}, shard:8, gid:101 servers:[server-101-0 server-101-1 server-101-2]
2026/02/12 11:38:39 [client] shardkv client putappend key:0 value:oJUeR5n48HjmTkQoONT1 op:Append to server:&{ymGKByEgajFM7qEMw52E 0xc000024310 0xc000024380}, shard:8, gid:101 servers:[server-101-0 server-101-1 server-101-2]
2026/02/12 11:38:39 [client] shardkv client get key:1 to server:&{psfdq85iYZJyclfqqO11 0xc000024310 0xc000024380}, shard:9, gid:102 servers:[server-102-0 server-102-1 server-102-2]
2026/02/12 11:38:39 [client] shardkv client get key:1 to server:&{TP7n2MpMTXdprQ5yQc5e 0xc000024310 0xc000024380}, shard:9, gid:102 servers:[server-102-0 server-102-1 server-102-2]
2026/02/12 11:38:39 [client] shardkv client get key:1 to server:&{9nhexB5eRckK196PxxIW 0xc000024310 0xc000024380}, shard:9, gid:102 servers:[server-102-0 server-102-1 server-102-2]
2026/02/12 11:38:39 [client] shardkv client putappend key:1 value:KlemBQxKcAO_42mo9JzP op:Append to server:&{JnhIhuv2NWlOg_Rvj1KL 0xc000024310 0xc000024380}, shard:9, gid:102 servers:[server-102-0 server-102-1 server-102-2]
2026/02/12 11:38:39 [client] shardkv client putappend key:1 value:KlemBQxKcAO_42mo9JzP op:Append to server:&{KThBv1k-YCUFjOmzWQT7 0xc000024310 0xc000024380}, shard:9, gid:102 servers:[server-102-0 server-102-1 server-102-2]
2026/02/12 11:38:39 [client] shardkv client putappend key:1 value:KlemBQxKcAO_42mo9JzP op:Append to server:&{ZuDpU43b6uTO_dv3u_Lm 0xc000024310 0xc000024380}, shard:9, gid:102 servers:[server-102-0 server-102-1 server-102-2]
2026/02/12 11:38:39 [client] shardkv client get key:2 to server:&{4gvZ9nJmudZPcdxMcSIL 0xc000024310 0xc000024380}, shard:0, gid:101 servers:[server-101-0 server-101-1 server-101-2]
2026/02/12 11:38:39 [client] shardkv client get key:2 to server:&{AX4ZDZ-flrySuF8da7yR 0xc000024310 0xc000024380}, shard:0, gid:101 servers:[server-101-0 server-101-1 server-101-2]
2026/02/12 11:38:39 [client] shardkv client putappend key:2 value:j27SWAWCnqI5tkcFJLnf op:Append to server:&{MS4ucTFIs1pt6akTKTu7 0xc000024310 0xc000024380}, shard:0, gid:101 servers:[server-101-0 server-101-1 server-101-2]
2026/02/12 11:38:39 [client] shardkv client putappend key:2 value:j27SWAWCnqI5tkcFJLnf op:Append to server:&{pL6lk5jIW09bB-bcGTAQ 0xc000024310 0xc000024380}, shard:0, gid:101 servers:[server-101-0 server-101-1 server-101-2]
2026/02/12 11:38:39 [client] shardkv client get key:3 to server:&{qHLEMttl6qKwh7MiTkh4 0xc000024310 0xc000024380}, shard:1, gid:102 servers:[server-102-0 server-102-1 server-102-2]
2026/02/12 11:38:39 [client] shardkv client get key:3 to server:&{WrOX0fBKyxxxhxvBxlAT 0xc000024310 0xc000024380}, shard:1, gid:102 servers:[server-102-0 server-102-1 server-102-2]
2026/02/12 11:38:39 [client] shardkv client get key:3 to server:&{GLF3gRylbIEthogvGL21 0xc000024310 0xc000024380}, shard:1, gid:102 servers:[server-102-0 server-102-1 server-102-2]
2026/02/12 11:38:39 [client] shardkv client putappend key:3 value:fymCZWrpycgXtPbIJrPL op:Append to server:&{1cSYR6wG5YR1nN4RmbhW 0xc000024310 0xc000024380}, shard:1, gid:102 servers:[server-102-0 server-102-1 server-102-2]
2026/02/12 11:38:39 [client] shardkv client putappend key:3 value:fymCZWrpycgXtPbIJrPL op:Append to server:&{RWP9pr2vRn5axVl1MKaL 0xc000024310 0xc000024380}, shard:1, gid:102 servers:[server-102-0 server-102-1 server-102-2]
2026/02/12 11:38:39 [client] shardkv client putappend key:3 value:fymCZWrpycgXtPbIJrPL op:Append to server:&{JY0Uw7QlKU0Mw_Go-EPp 0xc000024310 0xc000024380}, shard:1, gid:102 servers:[server-102-0 server-102-1 server-102-2]
2026/02/12 11:38:39 [client] shardkv client get key:4 to server:&{D1v4tK-oFFgwJgqoTKxk 0xc000024310 0xc000024380}, shard:2, gid:101 servers:[server-101-0 server-101-1 server-101-2]
2026/02/12 11:38:39 [client] shardkv client get key:4 to server:&{DjPvMwRRMw8I6MC71lD4 0xc000024310 0xc000024380}, shard:2, gid:101 servers:[server-101-0 server-101-1 server-101-2]
2026/02/12 11:38:39 [client] shardkv client putappend key:4 value:O2wOJd-hy-eujIlQyTsI op:Append to server:&{D9tkTLxg0HySeVo0WHmJ 0xc000024310 0xc000024380}, shard:2, gid:101 servers:[server-101-0 server-101-1 server-101-2]
2026/02/12 11:38:39 [client] shardkv client putappend key:4 value:O2wOJd-hy-eujIlQyTsI op:Append to server:&{VYy0sVeJgoTXDubFWqZ6 0xc000024310 0xc000024380}, shard:2, gid:101 servers:[server-101-0 server-101-1 server-101-2]
2026/02/12 11:38:39 [client] shardkv client get key:5 to server:&{OwVhccGSss33CooYuL0_ 0xc000024310 0xc000024380}, shard:3, gid:102 servers:[server-102-0 server-102-1 server-102-2]
2026/02/12 11:38:39 [client] shardkv client get key:5 to server:&{C4SpC76QqY5nAznlwgfv 0xc000024310 0xc000024380}, shard:3, gid:102 servers:[server-102-0 server-102-1 server-102-2]
2026/02/12 11:38:39 [client] shardkv client get key:5 to server:&{xdTogUdCvLi1nSsuWJHm 0xc000024310 0xc000024380}, shard:3, gid:102 servers:[server-102-0 server-102-1 server-102-2]
2026/02/12 11:38:39 [client] shardkv client putappend key:5 value:gZTlha20OW4r0_fU2Tg9 op:Append to server:&{r4lDtUhu4_U4UXmI3l-Y 0xc000024310 0xc000024380}, shard:3, gid:102 servers:[server-102-0 server-102-1 server-102-2]
2026/02/12 11:38:39 [client] shardkv client putappend key:5 value:gZTlha20OW4r0_fU2Tg9 op:Append to server:&{jSySA2oV_Fb8ha8k9nlF 0xc000024310 0xc000024380}, shard:3, gid:102 servers:[server-102-0 server-102-1 server-102-2]
2026/02/12 11:38:39 [client] shardkv client putappend key:5 value:gZTlha20OW4r0_fU2Tg9 op:Append to server:&{KmGVTRouJRZ6NM3LJ6iq 0xc000024310 0xc000024380}, shard:3, gid:102 servers:[server-102-0 server-102-1 server-102-2]
2026/02/12 11:38:39 [client] shardkv client get key:6 to server:&{J9LlbJyTwFkKUYmnmXLt 0xc000024310 0xc000024380}, shard:4, gid:101 servers:[server-101-0 server-101-1 server-101-2]
2026/02/12 11:38:39 [client] shardkv client get key:6 to server:&{T_bWfBffp1v91EHYqlSa 0xc000024310 0xc000024380}, shard:4, gid:101 servers:[server-101-0 server-101-1 server-101-2]
2026/02/12 11:38:39 [client] shardkv client putappend key:6 value:mxDb_-hnJCTrturThnn8 op:Append to server:&{TJVwaqXPbi_AKFoFn2wV 0xc000024310 0xc000024380}, shard:4, gid:101 servers:[server-101-0 server-101-1 server-101-2]
2026/02/12 11:38:39 [client] shardkv client putappend key:6 value:mxDb_-hnJCTrturThnn8 op:Append to server:&{AoLDLSFd1HKbofntwrSE 0xc000024310 0xc000024380}, shard:4, gid:101 servers:[server-101-0 server-101-1 server-101-2]
2026/02/12 11:38:39 [client] shardkv client get key:7 to server:&{CQJ0sUL4cE6fNBhLjAW3 0xc000024310 0xc000024380}, shard:5, gid:102 servers:[server-102-0 server-102-1 server-102-2]
2026/02/12 11:38:39 [client] shardkv client get key:7 to server:&{EF_iEyoS0HRtbmmovohU 0xc000024310 0xc000024380}, shard:5, gid:102 servers:[server-102-0 server-102-1 server-102-2]
2026/02/12 11:38:39 [client] shardkv client get key:7 to server:&{wz9ahC0qL2K5vqA11aMm 0xc000024310 0xc000024380}, shard:5, gid:102 servers:[server-102-0 server-102-1 server-102-2]
2026/02/12 11:38:39 [client] shardkv client putappend key:7 value:0QwemVQKTz3cizpOJQXE op:Append to server:&{A2KB5BmsmEVd3UKO-I6W 0xc000024310 0xc000024380}, shard:5, gid:102 servers:[server-102-0 server-102-1 server-102-2]
2026/02/12 11:38:39 [client] shardkv client putappend key:7 value:0QwemVQKTz3cizpOJQXE op:Append to server:&{28jagzPIuNCGsulFPW5u 0xc000024310 0xc000024380}, shard:5, gid:102 servers:[server-102-0 server-102-1 server-102-2]
2026/02/12 11:38:39 [client] shardkv client putappend key:7 value:0QwemVQKTz3cizpOJQXE op:Append to server:&{efO8r5vH9T0LPayc180q 0xc000024310 0xc000024380}, shard:5, gid:102 servers:[server-102-0 server-102-1 server-102-2]
2026/02/12 11:38:39 [client] shardkv client get key:8 to server:&{QInTo4nTFS4Xq-SaaQTp 0xc000024310 0xc000024380}, shard:6, gid:101 servers:[server-101-0 server-101-1 server-101-2]
2026/02/12 11:38:39 [client] shardkv client get key:8 to server:&{FsBT8xti9i8G1fx-dG39 0xc000024310 0xc000024380}, shard:6, gid:101 servers:[server-101-0 server-101-1 server-101-2]
2026/02/12 11:38:39 [client] shardkv client putappend key:8 value:SeHUwwO8lAJer0rAUt90 op:Append to server:&{-vH9cJ1BCxjibMQyt0mY 0xc000024310 0xc000024380}, shard:6, gid:101 servers:[server-101-0 server-101-1 server-101-2]
2026/02/12 11:38:39 [client] shardkv client putappend key:8 value:SeHUwwO8lAJer0rAUt90 op:Append to server:&{eOCIIh2Pmfy68e2kiHCP 0xc000024310 0xc000024380}, shard:6, gid:101 servers:[server-101-0 server-101-1 server-101-2]
2026/02/12 11:38:39 [client] shardkv client get key:9 to server:&{M79m946dzfFQ6lGsdDwR 0xc000024310 0xc000024380}, shard:7, gid:102 servers:[server-102-0 server-102-1 server-102-2]
2026/02/12 11:38:39 [client] shardkv client get key:9 to server:&{bTgRhZt0H8OFeSa_C1K3 0xc000024310 0xc000024380}, shard:7, gid:102 servers:[server-102-0 server-102-1 server-102-2]
2026/02/12 11:38:39 [client] shardkv client get key:9 to server:&{ApCxGtESiIQn2KbT2QVO 0xc000024310 0xc000024380}, shard:7, gid:102 servers:[server-102-0 server-102-1 server-102-2]
2026/02/12 11:38:39 [client] shardkv client putappend key:9 value:15J_psw9HppQfTvIJtDl op:Append to server:&{82mWF6hhkujJvVYn1Ip2 0xc000024310 0xc000024380}, shard:7, gid:102 servers:[server-102-0 server-102-1 server-102-2]
2026/02/12 11:38:39 [client] shardkv client putappend key:9 value:15J_psw9HppQfTvIJtDl op:Append to server:&{Aok4kCbZij86ZFtP7_ha 0xc000024310 0xc000024380}, shard:7, gid:102 servers:[server-102-0 server-102-1 server-102-2]
2026/02/12 11:38:39 [client] shardkv client putappend key:9 value:15J_psw9HppQfTvIJtDl op:Append to server:&{h9XbXEL_5UAXFxcjzCkk 0xc000024310 0xc000024380}, shard:7, gid:102 servers:[server-102-0 server-102-1 server-102-2]
2026/02/12 11:38:39 [client] shardkv client get key:10 to server:&{fdlbZNvpnjoi64WJYK9n 0xc000024310 0xc000024380}, shard:9, gid:102 servers:[server-102-0 server-102-1 server-102-2]
2026/02/12 11:38:39 [client] shardkv client get key:10 to server:&{7ulWtLvqAd8d8XIbTUIy 0xc000024310 0xc000024380}, shard:9, gid:102 servers:[server-102-0 server-102-1 server-102-2]
2026/02/12 11:38:39 [client] shardkv client get key:10 to server:&{PXZwTIdYkiXS5p5EniA6 0xc000024310 0xc000024380}, shard:9, gid:102 servers:[server-102-0 server-102-1 server-102-2]
2026/02/12 11:38:39 [client] shardkv client putappend key:10 value:5I6QI2Wh34t3kuNgSvGr op:Append to server:&{YIW5dO6czfGHTnf5s_vm 0xc000024310 0xc000024380}, shard:9, gid:102 servers:[server-102-0 server-102-1 server-102-2]
2026/02/12 11:38:39 [client] shardkv client putappend key:10 value:5I6QI2Wh34t3kuNgSvGr op:Append to server:&{y9qAWTcyaUm5fxZzQjrx 0xc000024310 0xc000024380}, shard:9, gid:102 servers:[server-102-0 server-102-1 server-102-2]
2026/02/12 11:38:39 [client] shardkv client putappend key:10 value:5I6QI2Wh34t3kuNgSvGr op:Append to server:&{aPo-pyh-NQe6OCgOOtpu 0xc000024310 0xc000024380}, shard:9, gid:102 servers:[server-102-0 server-102-1 server-102-2]
2026/02/12 11:38:39 [client] shardkv client get key:11 to server:&{1GiUJvHRELZQQNAfJdoT 0xc000024310 0xc000024380}, shard:9, gid:102 servers:[server-102-0 server-102-1 server-102-2]
2026/02/12 11:38:39 [client] shardkv client get key:11 to server:&{tH8hfzn1hgZPttu5cUNc 0xc000024310 0xc000024380}, shard:9, gid:102 servers:[server-102-0 server-102-1 server-102-2]
2026/02/12 11:38:39 [client] shardkv client get key:11 to server:&{8By9peti6cNLIvgjbPu_ 0xc000024310 0xc000024380}, shard:9, gid:102 servers:[server-102-0 server-102-1 server-102-2]
2026/02/12 11:38:40 [client] shardkv client putappend key:11 value:YZ4f_UueSkxZScL1VuWL op:Append to server:&{4dKbqeUOzHrUEukwj7Wq 0xc000024310 0xc000024380}, shard:9, gid:102 servers:[server-102-0 server-102-1 server-102-2]
2026/02/12 11:38:40 [client] shardkv client putappend key:11 value:YZ4f_UueSkxZScL1VuWL op:Append to server:&{bKLIr-Tm0LVHmQukFV_E 0xc000024310 0xc000024380}, shard:9, gid:102 servers:[server-102-0 server-102-1 server-102-2]
2026/02/12 11:38:40 [client] shardkv client putappend key:11 value:YZ4f_UueSkxZScL1VuWL op:Append to server:&{ohg9aAWBe08oH__vG1Ld 0xc000024310 0xc000024380}, shard:9, gid:102 servers:[server-102-0 server-102-1 server-102-2]
2026/02/12 11:38:40 [client] shardkv client get key:12 to server:&{QX73rxrSNOMj0065zo30 0xc000024310 0xc000024380}, shard:9, gid:102 servers:[server-102-0 server-102-1 server-102-2]
2026/02/12 11:38:40 [client] shardkv client get key:12 to server:&{6QR9On0lMhdzLuS0aEUW 0xc000024310 0xc000024380}, shard:9, gid:102 servers:[server-102-0 server-102-1 server-102-2]
2026/02/12 11:38:40 [client] shardkv client get key:12 to server:&{HX_Ggmy8W50C9mMAbv6B 0xc000024310 0xc000024380}, shard:9, gid:102 servers:[server-102-0 server-102-1 server-102-2]
2026/02/12 11:38:40 [client] shardkv client putappend key:12 value:eXLJ2zBof6ErIQZr0niC op:Append to server:&{YMLeAzAQk-F5rB8dpNbM 0xc000024310 0xc000024380}, shard:9, gid:102 servers:[server-102-0 server-102-1 server-102-2]
2026/02/12 11:38:40 [client] shardkv client putappend key:12 value:eXLJ2zBof6ErIQZr0niC op:Append to server:&{EfZmpCr2fHG_sm9h0ENB 0xc000024310 0xc000024380}, shard:9, gid:102 servers:[server-102-0 server-102-1 server-102-2]
2026/02/12 11:38:40 [client] shardkv client putappend key:12 value:eXLJ2zBof6ErIQZr0niC op:Append to server:&{_nerHxlcK1wvYW7gU1eR 0xc000024310 0xc000024380}, shard:9, gid:102 servers:[server-102-0 server-102-1 server-102-2]
2026/02/12 11:38:40 [client] shardkv client get key:13 to server:&{iNyFVNba972OJPdo6k0q 0xc000024310 0xc000024380}, shard:9, gid:102 servers:[server-102-0 server-102-1 server-102-2]
2026/02/12 11:38:40 [client] shardkv client get key:13 to server:&{0vIUjERr48YkowrkPN77 0xc000024310 0xc000024380}, shard:9, gid:102 servers:[server-102-0 server-102-1 server-102-2]
2026/02/12 11:38:40 [client] shardkv client get key:13 to server:&{Pumt_-JM5ItybpFsX1mF 0xc000024310 0xc000024380}, shard:9, gid:102 servers:[server-102-0 server-102-1 server-102-2]
2026/02/12 11:38:40 [client] shardkv client putappend key:13 value:z7HBZce8SytSdx7Z6QSk op:Append to server:&{rfFN8L-V6ABz93QnPCtn 0xc000024310 0xc000024380}, shard:9, gid:102 servers:[server-102-0 server-102-1 server-102-2]
2026/02/12 11:38:40 [client] shardkv client putappend key:13 value:z7HBZce8SytSdx7Z6QSk op:Append to server:&{d78pOa8JeZ5a6hCFEdWO 0xc000024310 0xc000024380}, shard:9, gid:102 servers:[server-102-0 server-102-1 server-102-2]
2026/02/12 11:38:40 [client] shardkv client putappend key:13 value:z7HBZce8SytSdx7Z6QSk op:Append to server:&{ZH8IN7rvxb4i1Gg0c3W9 0xc000024310 0xc000024380}, shard:9, gid:102 servers:[server-102-0 server-102-1 server-102-2]
2026/02/12 11:38:40 [client] shardkv client get key:14 to server:&{zZjrP2kkcd9JcL1Ssfk1 0xc000024310 0xc000024380}, shard:9, gid:102 servers:[server-102-0 server-102-1 server-102-2]
2026/02/12 11:38:40 [client] shardkv client get key:14 to server:&{YR4DLYgqMGbf9W4xgFYY 0xc000024310 0xc000024380}, shard:9, gid:102 servers:[server-102-0 server-102-1 server-102-2]
2026/02/12 11:38:40 [client] shardkv client get key:14 to server:&{extKFNeBqGnZa-9Tt6eF 0xc000024310 0xc000024380}, shard:9, gid:102 servers:[server-102-0 server-102-1 server-102-2]
2026/02/12 11:38:40 [client] shardkv client putappend key:14 value:KGYaLv6iPWE232ABbqdd op:Append to server:&{srGxRgwVlDtFbhilpOer 0xc000024310 0xc000024380}, shard:9, gid:102 servers:[server-102-0 server-102-1 server-102-2]
2026/02/12 11:38:40 [client] shardkv client putappend key:14 value:KGYaLv6iPWE232ABbqdd op:Append to server:&{VNE6QXlH7WviHy_xokwb 0xc000024310 0xc000024380}, shard:9, gid:102 servers:[server-102-0 server-102-1 server-102-2]
2026/02/12 11:38:40 [client] shardkv client putappend key:14 value:KGYaLv6iPWE232ABbqdd op:Append to server:&{Is4Z-FK0A0GmSYnQ0HoF 0xc000024310 0xc000024380}, shard:9, gid:102 servers:[server-102-0 server-102-1 server-102-2]
2026/02/12 11:38:40 [client] shardkv client get key:15 to server:&{SQSGJKZnDmUa6_7HZrNr 0xc000024310 0xc000024380}, shard:9, gid:102 servers:[server-102-0 server-102-1 server-102-2]
2026/02/12 11:38:40 [client] shardkv client get key:15 to server:&{CAurfy6jeMHTFU2x4EPV 0xc000024310 0xc000024380}, shard:9, gid:102 servers:[server-102-0 server-102-1 server-102-2]
2026/02/12 11:38:40 [client] shardkv client get key:15 to server:&{IGOFFLlnBMva8tx0YJaG 0xc000024310 0xc000024380}, shard:9, gid:102 servers:[server-102-0 server-102-1 server-102-2]
2026/02/12 11:38:40 [client] shardkv client putappend key:15 value:MWeB7qDPxy2PKREGgVLx op:Append to server:&{ZaD3qnDOjuwHJF16UcCl 0xc000024310 0xc000024380}, shard:9, gid:102 servers:[server-102-0 server-102-1 server-102-2]
2026/02/12 11:38:40 [client] shardkv client putappend key:15 value:MWeB7qDPxy2PKREGgVLx op:Append to server:&{f--XQ7hBusBMZ7yyYTfx 0xc000024310 0xc000024380}, shard:9, gid:102 servers:[server-102-0 server-102-1 server-102-2]
2026/02/12 11:38:40 [client] shardkv client putappend key:15 value:MWeB7qDPxy2PKREGgVLx op:Append to server:&{06-Wn5VYHpzIj4g1pOJW 0xc000024310 0xc000024380}, shard:9, gid:102 servers:[server-102-0 server-102-1 server-102-2]
2026/02/12 11:38:40 [client] shardkv client get key:16 to server:&{liL9yM8XxCZ3HCSr_qVV 0xc000024310 0xc000024380}, shard:9, gid:102 servers:[server-102-0 server-102-1 server-102-2]
2026/02/12 11:38:40 [client] shardkv client get key:16 to server:&{mdJOV89X5QxIV7PvqY13 0xc000024310 0xc000024380}, shard:9, gid:102 servers:[server-102-0 server-102-1 server-102-2]
2026/02/12 11:38:40 [client] shardkv client get key:16 to server:&{WH3KInUtyCm5Xj5YaAZv 0xc000024310 0xc000024380}, shard:9, gid:102 servers:[server-102-0 server-102-1 server-102-2]
2026/02/12 11:38:40 [client] shardkv client putappend key:16 value:HtBt9h8ct7HsVtxQ-W-Z op:Append to server:&{clhOpCjbCA0LEDd0ifRx 0xc000024310 0xc000024380}, shard:9, gid:102 servers:[server-102-0 server-102-1 server-102-2]
2026/02/12 11:38:40 [client] shardkv client putappend key:16 value:HtBt9h8ct7HsVtxQ-W-Z op:Append to server:&{8oUEVI39TFQSvHF4tMEA 0xc000024310 0xc000024380}, shard:9, gid:102 servers:[server-102-0 server-102-1 server-102-2]
2026/02/12 11:38:40 [client] shardkv client putappend key:16 value:HtBt9h8ct7HsVtxQ-W-Z op:Append to server:&{7iV8NQVBjsugF1IOo_Fr 0xc000024310 0xc000024380}, shard:9, gid:102 servers:[server-102-0 server-102-1 server-102-2]
2026/02/12 11:38:40 [client] shardkv client get key:17 to server:&{l0oMzWphzczPBtRiqtEb 0xc000024310 0xc000024380}, shard:9, gid:102 servers:[server-102-0 server-102-1 server-102-2]
2026/02/12 11:38:40 [client] shardkv client get key:17 to server:&{rACEo_0Y_gcclODbfSra 0xc000024310 0xc000024380}, shard:9, gid:102 servers:[server-102-0 server-102-1 server-102-2]
2026/02/12 11:38:40 [client] shardkv client get key:17 to server:&{3Q6ols26QlnjIozHhtUL 0xc000024310 0xc000024380}, shard:9, gid:102 servers:[server-102-0 server-102-1 server-102-2]
2026/02/12 11:38:40 [client] shardkv client putappend key:17 value:qFDXDif3u10asqP5Qt16 op:Append to server:&{SY9Pk1bJ9b6lO9fWiBAZ 0xc000024310 0xc000024380}, shard:9, gid:102 servers:[server-102-0 server-102-1 server-102-2]
2026/02/12 11:38:40 [client] shardkv client putappend key:17 value:qFDXDif3u10asqP5Qt16 op:Append to server:&{TalP0mIU1zk9RMNa5Iq5 0xc000024310 0xc000024380}, shard:9, gid:102 servers:[server-102-0 server-102-1 server-102-2]
2026/02/12 11:38:40 [client] shardkv client putappend key:17 value:qFDXDif3u10asqP5Qt16 op:Append to server:&{r5gzflWkeBMcblvnnX2T 0xc000024310 0xc000024380}, shard:9, gid:102 servers:[server-102-0 server-102-1 server-102-2]
2026/02/12 11:38:40 [client] shardkv client get key:18 to server:&{IGbXYMC5fW_q8GUQc_Vs 0xc000024310 0xc000024380}, shard:9, gid:102 servers:[server-102-0 server-102-1 server-102-2]
2026/02/12 11:38:40 [client] shardkv client get key:18 to server:&{o47k_o2FgcNSzismwCIy 0xc000024310 0xc000024380}, shard:9, gid:102 servers:[server-102-0 server-102-1 server-102-2]
2026/02/12 11:38:40 [client] shardkv client get key:18 to server:&{BRPvi26JveMU9KZ1Gbw6 0xc000024310 0xc000024380}, shard:9, gid:102 servers:[server-102-0 server-102-1 server-102-2]
2026/02/12 11:38:40 [client] shardkv client putappend key:18 value:a1greKwbO3WcKbcPuLzJ op:Append to server:&{mbynkP9Kr_0OXqRmm_Qc 0xc000024310 0xc000024380}, shard:9, gid:102 servers:[server-102-0 server-102-1 server-102-2]
2026/02/12 11:38:40 [client] shardkv client putappend key:18 value:a1greKwbO3WcKbcPuLzJ op:Append to server:&{6KmWI6b_SINYzVJDjLEU 0xc000024310 0xc000024380}, shard:9, gid:102 servers:[server-102-0 server-102-1 server-102-2]
2026/02/12 11:38:40 [client] shardkv client putappend key:18 value:a1greKwbO3WcKbcPuLzJ op:Append to server:&{t5avrABwEhvxCBK68s9k 0xc000024310 0xc000024380}, shard:9, gid:102 servers:[server-102-0 server-102-1 server-102-2]
2026/02/12 11:38:40 [client] shardkv client get key:19 to server:&{x3Zi4vtIy1qke_mGEzAL 0xc000024310 0xc000024380}, shard:9, gid:102 servers:[server-102-0 server-102-1 server-102-2]
2026/02/12 11:38:40 [client] shardkv client get key:19 to server:&{Q-prl-2uldqbCrPG6cyk 0xc000024310 0xc000024380}, shard:9, gid:102 servers:[server-102-0 server-102-1 server-102-2]
2026/02/12 11:38:40 [client] shardkv client get key:19 to server:&{gPdn183Wl_z3aJpvI4xQ 0xc000024310 0xc000024380}, shard:9, gid:102 servers:[server-102-0 server-102-1 server-102-2]
2026/02/12 11:38:40 [client] shardkv client putappend key:19 value:J-0x7AGmI1D4vPo67IT9 op:Append to server:&{Z6HULj-BfmZOwB4bT10C 0xc000024310 0xc000024380}, shard:9, gid:102 servers:[server-102-0 server-102-1 server-102-2]
2026/02/12 11:38:40 [client] shardkv client putappend key:19 value:J-0x7AGmI1D4vPo67IT9 op:Append to server:&{AmUx8bgrvr97QFVivI31 0xc000024310 0xc000024380}, shard:9, gid:102 servers:[server-102-0 server-102-1 server-102-2]
2026/02/12 11:38:40 [client] shardkv client putappend key:19 value:J-0x7AGmI1D4vPo67IT9 op:Append to server:&{v6mc2ZMGAMiLZuBG6u0y 0xc000024310 0xc000024380}, shard:9, gid:102 servers:[server-102-0 server-102-1 server-102-2]
2026/02/12 11:38:40 [client] shardkv client get key:20 to server:&{WABME1xJf3yl3pXTAdf2 0xc000024310 0xc000024380}, shard:0, gid:101 servers:[server-101-0 server-101-1 server-101-2]
2026/02/12 11:38:40 [client] shardkv client get key:20 to server:&{Mldj0dY7nLcGWZgyf63c 0xc000024310 0xc000024380}, shard:0, gid:101 servers:[server-101-0 server-101-1 server-101-2]
2026/02/12 11:38:40 [client] shardkv client putappend key:20 value:YSzyJ0BQ0tw8Qg1gi9XC op:Append to server:&{DBUbaYFjs2xLN_0DA_uC 0xc000024310 0xc000024380}, shard:0, gid:101 servers:[server-101-0 server-101-1 server-101-2]
2026/02/12 11:38:40 [client] shardkv client putappend key:20 value:YSzyJ0BQ0tw8Qg1gi9XC op:Append to server:&{nc6OykacQFWG5_B9wOzn 0xc000024310 0xc000024380}, shard:0, gid:101 servers:[server-101-0 server-101-1 server-101-2]
2026/02/12 11:38:40 [client] shardkv client get key:21 to server:&{YsJ0CqYLKkqr6iIP9OrS 0xc000024310 0xc000024380}, shard:0, gid:101 servers:[server-101-0 server-101-1 server-101-2]
2026/02/12 11:38:40 [client] shardkv client get key:21 to server:&{HsLDPaPrm0Ntc3QidX5h 0xc000024310 0xc000024380}, shard:0, gid:101 servers:[server-101-0 server-101-1 server-101-2]
2026/02/12 11:38:40 [client] shardkv client putappend key:21 value:qdqcEOUQZZqgH-Zld7KY op:Append to server:&{ipccgk8fSx-kBs1VSHqO 0xc000024310 0xc000024380}, shard:0, gid:101 servers:[server-101-0 server-101-1 server-101-2]
2026/02/12 11:38:40 [client] shardkv client putappend key:21 value:qdqcEOUQZZqgH-Zld7KY op:Append to server:&{mPbk1xGMkXPABBcf4qtg 0xc000024310 0xc000024380}, shard:0, gid:101 servers:[server-101-0 server-101-1 server-101-2]
2026/02/12 11:38:41 [client] shardkv client get key:22 to server:&{nRIlY7oP_gxZ7PaKkuKs 0xc000024310 0xc000024380}, shard:0, gid:101 servers:[server-101-0 server-101-1 server-101-2]
2026/02/12 11:38:41 [client] shardkv client get key:22 to server:&{7uRCU19wOmE33fLk0bPU 0xc000024310 0xc000024380}, shard:0, gid:101 servers:[server-101-0 server-101-1 server-101-2]
2026/02/12 11:38:41 [client] shardkv client putappend key:22 value:ac23OCNP_q7aYRFpIP6b op:Append to server:&{6Sgn7-zv1yMm88u2oSPb 0xc000024310 0xc000024380}, shard:0, gid:101 servers:[server-101-0 server-101-1 server-101-2]
2026/02/12 11:38:41 [client] shardkv client putappend key:22 value:ac23OCNP_q7aYRFpIP6b op:Append to server:&{L610NY6cFCta9usIj7V- 0xc000024310 0xc000024380}, shard:0, gid:101 servers:[server-101-0 server-101-1 server-101-2]
2026/02/12 11:38:41 [client] shardkv client get key:23 to server:&{hLJof_x_dL3EV4lrWfqu 0xc000024310 0xc000024380}, shard:0, gid:101 servers:[server-101-0 server-101-1 server-101-2]
2026/02/12 11:38:41 [client] shardkv client get key:23 to server:&{bdIW4bQTaAOVzbyovaJy 0xc000024310 0xc000024380}, shard:0, gid:101 servers:[server-101-0 server-101-1 server-101-2]
2026/02/12 11:38:41 [client] shardkv client putappend key:23 value:j2-KHdRY5zAoQAdnuE1X op:Append to server:&{nckcnHu_KZKUq9yayM0x 0xc000024310 0xc000024380}, shard:0, gid:101 servers:[server-101-0 server-101-1 server-101-2]
2026/02/12 11:38:41 [client] shardkv client putappend key:23 value:j2-KHdRY5zAoQAdnuE1X op:Append to server:&{U5OkMP8BFYX9ovrnA_Ax 0xc000024310 0xc000024380}, shard:0, gid:101 servers:[server-101-0 server-101-1 server-101-2]
2026/02/12 11:38:41 [client] shardkv client get key:24 to server:&{bxk7DtoYXCjd_fPI7MPb 0xc000024310 0xc000024380}, shard:0, gid:101 servers:[server-101-0 server-101-1 server-101-2]
2026/02/12 11:38:41 [client] shardkv client get key:24 to server:&{Tc_5biCwUWgsmiCybaNE 0xc000024310 0xc000024380}, shard:0, gid:101 servers:[server-101-0 server-101-1 server-101-2]
2026/02/12 11:38:41 [client] shardkv client putappend key:24 value:OQFvDvBeCMvxJmIZUfGq op:Append to server:&{uS0qqez7ZxnmNBP8oRPe 0xc000024310 0xc000024380}, shard:0, gid:101 servers:[server-101-0 server-101-1 server-101-2]
2026/02/12 11:38:41 [client] shardkv client putappend key:24 value:OQFvDvBeCMvxJmIZUfGq op:Append to server:&{hzgeHIn0MEpF8cfiWGgS 0xc000024310 0xc000024380}, shard:0, gid:101 servers:[server-101-0 server-101-1 server-101-2]
2026/02/12 11:38:41 [client] shardkv client get key:25 to server:&{hfcAM5RJSRWavU8Svqjz 0xc000024310 0xc000024380}, shard:0, gid:101 servers:[server-101-0 server-101-1 server-101-2]
2026/02/12 11:38:41 [client] shardkv client get key:25 to server:&{fgQ8lAKbIP37JfEQA8IE 0xc000024310 0xc000024380}, shard:0, gid:101 servers:[server-101-0 server-101-1 server-101-2]
2026/02/12 11:38:41 [client] shardkv client putappend key:25 value:WRllQ6So0do9T6KVOWy0 op:Append to server:&{UsLcISxElZGzYxY0OLVP 0xc000024310 0xc000024380}, shard:0, gid:101 servers:[server-101-0 server-101-1 server-101-2]
2026/02/12 11:38:41 [client] shardkv client putappend key:25 value:WRllQ6So0do9T6KVOWy0 op:Append to server:&{sWGwfX6nHPL6fTvULD1c 0xc000024310 0xc000024380}, shard:0, gid:101 servers:[server-101-0 server-101-1 server-101-2]
2026/02/12 11:38:41 [client] shardkv client get key:26 to server:&{U5ScwvPM1Aq5TBwj2jDv 0xc000024310 0xc000024380}, shard:0, gid:101 servers:[server-101-0 server-101-1 server-101-2]
2026/02/12 11:38:41 [client] shardkv client get key:26 to server:&{enBT6-DcMFR1KJPErOKC 0xc000024310 0xc000024380}, shard:0, gid:101 servers:[server-101-0 server-101-1 server-101-2]
2026/02/12 11:38:41 [client] shardkv client putappend key:26 value:OVZZ1Y0TPkG1x0p8sqD6 op:Append to server:&{YQSA91WNj7JlzgKaYPQV 0xc000024310 0xc000024380}, shard:0, gid:101 servers:[server-101-0 server-101-1 server-101-2]
2026/02/12 11:38:41 [client] shardkv client putappend key:26 value:OVZZ1Y0TPkG1x0p8sqD6 op:Append to server:&{Nr7VI1XZYbdut0Gl1c8J 0xc000024310 0xc000024380}, shard:0, gid:101 servers:[server-101-0 server-101-1 server-101-2]
2026/02/12 11:38:41 [client] shardkv client get key:27 to server:&{26dRiTS38ZaPpPEzXh1L 0xc000024310 0xc000024380}, shard:0, gid:101 servers:[server-101-0 server-101-1 server-101-2]
2026/02/12 11:38:41 [client] shardkv client get key:27 to server:&{V188WHwyiQXodvcWmvzF 0xc000024310 0xc000024380}, shard:0, gid:101 servers:[server-101-0 server-101-1 server-101-2]
2026/02/12 11:38:41 [client] shardkv client putappend key:27 value:GYS16eaHNVDBhyuFHLYf op:Append to server:&{KaLtUxxOzC9miGnlZuCt 0xc000024310 0xc000024380}, shard:0, gid:101 servers:[server-101-0 server-101-1 server-101-2]
2026/02/12 11:38:41 [client] shardkv client putappend key:27 value:GYS16eaHNVDBhyuFHLYf op:Append to server:&{PaxQIBbwQS8c43LRgeDE 0xc000024310 0xc000024380}, shard:0, gid:101 servers:[server-101-0 server-101-1 server-101-2]
2026/02/12 11:38:41 [client] shardkv client get key:28 to server:&{l5laYgubfyO9QE3p804O 0xc000024310 0xc000024380}, shard:0, gid:101 servers:[server-101-0 server-101-1 server-101-2]
2026/02/12 11:38:41 [client] shardkv client get key:28 to server:&{zOhA5jvWpdbKPHHL1nWh 0xc000024310 0xc000024380}, shard:0, gid:101 servers:[server-101-0 server-101-1 server-101-2]
2026/02/12 11:38:41 [client] shardkv client putappend key:28 value:QMt-IyGpX5-ldshPG8RZ op:Append to server:&{Wa-XV4JGZHDiCs7Im0Kv 0xc000024310 0xc000024380}, shard:0, gid:101 servers:[server-101-0 server-101-1 server-101-2]
2026/02/12 11:38:41 [client] shardkv client putappend key:28 value:QMt-IyGpX5-ldshPG8RZ op:Append to server:&{aKE9VAzy1KRg3iB3bpbI 0xc000024310 0xc000024380}, shard:0, gid:101 servers:[server-101-0 server-101-1 server-101-2]
2026/02/12 11:38:41 [client] shardkv client get key:29 to server:&{v2PLQbP2q3BU8PHoke2b 0xc000024310 0xc000024380}, shard:0, gid:101 servers:[server-101-0 server-101-1 server-101-2]
2026/02/12 11:38:41 [client] shardkv client get key:29 to server:&{kqzRk29Czg0BCh8cpGln 0xc000024310 0xc000024380}, shard:0, gid:101 servers:[server-101-0 server-101-1 server-101-2]
2026/02/12 11:38:41 [client] shardkv client putappend key:29 value:emdtGwi1k7VYSxfFFl-a op:Append to server:&{TCR-3j-etvYzq5pspkjc 0xc000024310 0xc000024380}, shard:0, gid:101 servers:[server-101-0 server-101-1 server-101-2]
2026/02/12 11:38:41 [client] shardkv client putappend key:29 value:emdtGwi1k7VYSxfFFl-a op:Append to server:&{PmB6rOEuskGhcDxGO6QH 0xc000024310 0xc000024380}, shard:0, gid:101 servers:[server-101-0 server-101-1 server-101-2]
2026/02/12 11:38:41 [Node:2 GID:100 isLeader:true] shardkv client migration data:map[0:_LBhPXgp-PAdFzyrvxj2 2:VTde9G2dz7BGSYqgBiwT 20:SlbVrqapno8jIad1WMC0 21:geEQvJmY55V60q0zlix1 22:AkAYRN6FAHd-RRK2Jw5n 23:UaXgF5KaO1dRRzRRxDD8 24:3IJCQZOvB4MFjb_mOwEf 25:-n4EN_FvUATYQ06Wz0AY 26:mUDT7BaVWhQgPo8NmkAD 27:P2cQOel2qPEgvbvJxms1 28:xP_Y-XD1A9aij8pOsQOe 29:j97rKxL3luJt9FkaknKC 4:JW5us9jBWLExTPi7-7gu 6:W26rgcR8H4LdusY50r1h 8:Mfxshp9V5NrE07f-2hci] to server:&{G8zzykiM7ADkBFOybmBb 0xc000024310 0xc000024380}, shard:0, gid:102 server:server-102-0
2026/02/12 11:38:41 [Node:2 GID:100 isLeader:true] shardkv client migration data:map[0:_LBhPXgp-PAdFzyrvxj2 2:VTde9G2dz7BGSYqgBiwT 20:SlbVrqapno8jIad1WMC0 21:geEQvJmY55V60q0zlix1 22:AkAYRN6FAHd-RRK2Jw5n 23:UaXgF5KaO1dRRzRRxDD8 24:3IJCQZOvB4MFjb_mOwEf 25:-n4EN_FvUATYQ06Wz0AY 26:mUDT7BaVWhQgPo8NmkAD 27:P2cQOel2qPEgvbvJxms1 28:xP_Y-XD1A9aij8pOsQOe 29:j97rKxL3luJt9FkaknKC 4:JW5us9jBWLExTPi7-7gu 6:W26rgcR8H4LdusY50r1h 8:Mfxshp9V5NrE07f-2hci] to server:&{s1m-HLpxxno75QPeF7vW 0xc000024310 0xc000024380}, shard:0, gid:102 server:server-102-1
2026/02/12 11:38:41 [Node:2 GID:100 isLeader:true] shardkv client migration data:map[0:_LBhPXgp-PAdFzyrvxj2 2:VTde9G2dz7BGSYqgBiwT 20:SlbVrqapno8jIad1WMC0 21:geEQvJmY55V60q0zlix1 22:AkAYRN6FAHd-RRK2Jw5n 23:UaXgF5KaO1dRRzRRxDD8 24:3IJCQZOvB4MFjb_mOwEf 25:-n4EN_FvUATYQ06Wz0AY 26:mUDT7BaVWhQgPo8NmkAD 27:P2cQOel2qPEgvbvJxms1 28:xP_Y-XD1A9aij8pOsQOe 29:j97rKxL3luJt9FkaknKC 4:JW5us9jBWLExTPi7-7gu 6:W26rgcR8H4LdusY50r1h 8:Mfxshp9V5NrE07f-2hci] to server:&{nBBwWQfzxK0U8MQZ-McT 0xc000024310 0xc000024380}, shard:0, gid:102 server:server-102-2
2026/02/12 11:38:41 [client] shardkv client get key:0 to server:&{9JyuXwX-fpjOXD8PvrpG 0xc000024310 0xc000024380}, shard:8, gid:101 servers:[server-101-0 server-101-1 server-101-2]
2026/02/12 11:38:41 [client] shardkv client get key:0 to server:&{3Dx1ad9ckFheCLjVNr6k 0xc000024310 0xc000024380}, shard:8, gid:101 servers:[server-101-0 server-101-1 server-101-2]
2026/02/12 11:38:41 [client] shardkv client putappend key:0 value:EauDJ_2q8drS-1knDjjH op:Append to server:&{CC-scHL8LJMcsGTweoCg 0xc000024310 0xc000024380}, shard:8, gid:101 servers:[server-101-0 server-101-1 server-101-2]
2026/02/12 11:38:41 [client] shardkv client putappend key:0 value:EauDJ_2q8drS-1knDjjH op:Append to server:&{JXyrTBW3FPucSwpe9HNJ 0xc000024310 0xc000024380}, shard:8, gid:101 servers:[server-101-0 server-101-1 server-101-2]
2026/02/12 11:38:41 [client] shardkv client get key:1 to server:&{7vJzj6ocX5GFj-cOdDtz 0xc000024310 0xc000024380}, shard:9, gid:102 servers:[server-102-0 server-102-1 server-102-2]
2026/02/12 11:38:41 [Node:1 GID:101 isLeader:true] shardkv client migration data:map[0:_LBhPXgp-PAdFzyrvxj2oJUeR5n48HjmTkQoONT1EauDJ_2q8drS-1knDjjH 2:VTde9G2dz7BGSYqgBiwTj27SWAWCnqI5tkcFJLnf 20:SlbVrqapno8jIad1WMC0YSzyJ0BQ0tw8Qg1gi9XC 21:geEQvJmY55V60q0zlix1qdqcEOUQZZqgH-Zld7KY 22:AkAYRN6FAHd-RRK2Jw5nac23OCNP_q7aYRFpIP6b 23:UaXgF5KaO1dRRzRRxDD8j2-KHdRY5zAoQAdnuE1X 24:3IJCQZOvB4MFjb_mOwEfOQFvDvBeCMvxJmIZUfGq 25:-n4EN_FvUATYQ06Wz0AYWRllQ6So0do9T6KVOWy0 26:mUDT7BaVWhQgPo8NmkADOVZZ1Y0TPkG1x0p8sqD6 27:P2cQOel2qPEgvbvJxms1GYS16eaHNVDBhyuFHLYf 28:xP_Y-XD1A9aij8pOsQOeQMt-IyGpX5-ldshPG8RZ 29:j97rKxL3luJt9FkaknKCemdtGwi1k7VYSxfFFl-a 4:JW5us9jBWLExTPi7-7guO2wOJd-hy-eujIlQyTsI 6:W26rgcR8H4LdusY50r1hmxDb_-hnJCTrturThnn8 8:Mfxshp9V5NrE07f-2hciSeHUwwO8lAJer0rAUt90] to server:&{ISNnt6nClctXgd3r3E7j 0xc000024310 0xc000024380}, shard:0, gid:100 server:server-100-0
2026/02/12 11:38:41 [Node:1 GID:101 isLeader:true] shardkv client migration data:map[0:_LBhPXgp-PAdFzyrvxj2oJUeR5n48HjmTkQoONT1EauDJ_2q8drS-1knDjjH 2:VTde9G2dz7BGSYqgBiwTj27SWAWCnqI5tkcFJLnf 20:SlbVrqapno8jIad1WMC0YSzyJ0BQ0tw8Qg1gi9XC 21:geEQvJmY55V60q0zlix1qdqcEOUQZZqgH-Zld7KY 22:AkAYRN6FAHd-RRK2Jw5nac23OCNP_q7aYRFpIP6b 23:UaXgF5KaO1dRRzRRxDD8j2-KHdRY5zAoQAdnuE1X 24:3IJCQZOvB4MFjb_mOwEfOQFvDvBeCMvxJmIZUfGq 25:-n4EN_FvUATYQ06Wz0AYWRllQ6So0do9T6KVOWy0 26:mUDT7BaVWhQgPo8NmkADOVZZ1Y0TPkG1x0p8sqD6 27:P2cQOel2qPEgvbvJxms1GYS16eaHNVDBhyuFHLYf 28:xP_Y-XD1A9aij8pOsQOeQMt-IyGpX5-ldshPG8RZ 29:j97rKxL3luJt9FkaknKCemdtGwi1k7VYSxfFFl-a 4:JW5us9jBWLExTPi7-7guO2wOJd-hy-eujIlQyTsI 6:W26rgcR8H4LdusY50r1hmxDb_-hnJCTrturThnn8 8:Mfxshp9V5NrE07f-2hciSeHUwwO8lAJer0rAUt90] to server:&{AcmMq81gyeBfqnlPoNXi 0xc000024310 0xc000024380}, shard:0, gid:100 server:server-100-1
2026/02/12 11:38:41 [Node:1 GID:101 isLeader:true] shardkv client migration data:map[0:_LBhPXgp-PAdFzyrvxj2oJUeR5n48HjmTkQoONT1EauDJ_2q8drS-1knDjjH 2:VTde9G2dz7BGSYqgBiwTj27SWAWCnqI5tkcFJLnf 20:SlbVrqapno8jIad1WMC0YSzyJ0BQ0tw8Qg1gi9XC 21:geEQvJmY55V60q0zlix1qdqcEOUQZZqgH-Zld7KY 22:AkAYRN6FAHd-RRK2Jw5nac23OCNP_q7aYRFpIP6b 23:UaXgF5KaO1dRRzRRxDD8j2-KHdRY5zAoQAdnuE1X 24:3IJCQZOvB4MFjb_mOwEfOQFvDvBeCMvxJmIZUfGq 25:-n4EN_FvUATYQ06Wz0AYWRllQ6So0do9T6KVOWy0 26:mUDT7BaVWhQgPo8NmkADOVZZ1Y0TPkG1x0p8sqD6 27:P2cQOel2qPEgvbvJxms1GYS16eaHNVDBhyuFHLYf 28:xP_Y-XD1A9aij8pOsQOeQMt-IyGpX5-ldshPG8RZ 29:j97rKxL3luJt9FkaknKCemdtGwi1k7VYSxfFFl-a 4:JW5us9jBWLExTPi7-7guO2wOJd-hy-eujIlQyTsI 6:W26rgcR8H4LdusY50r1hmxDb_-hnJCTrturThnn8 8:Mfxshp9V5NrE07f-2hciSeHUwwO8lAJer0rAUt90] to server:&{xLQFBUtL_7gsGM6IN7Rt 0xc000024310 0xc000024380}, shard:0, gid:100 server:server-100-2
2026/02/12 11:38:42 [Node:2 GID:102 isLeader:true] shardkv client migration data:map[0:_LBhPXgp-PAdFzyrvxj2 2:VTde9G2dz7BGSYqgBiwT 20:SlbVrqapno8jIad1WMC0 21:geEQvJmY55V60q0zlix1 22:AkAYRN6FAHd-RRK2Jw5n 23:UaXgF5KaO1dRRzRRxDD8 24:3IJCQZOvB4MFjb_mOwEf 25:-n4EN_FvUATYQ06Wz0AY 26:mUDT7BaVWhQgPo8NmkAD 27:P2cQOel2qPEgvbvJxms1 28:xP_Y-XD1A9aij8pOsQOe 29:j97rKxL3luJt9FkaknKC 4:JW5us9jBWLExTPi7-7gu 6:W26rgcR8H4LdusY50r1h 8:Mfxshp9V5NrE07f-2hci] to server:&{ESiW91tjr2-SP6xGGfU0 0xc000024310 0xc000024380}, shard:0, gid:100 server:server-100-0
2026/02/12 11:38:42 [Node:2 GID:102 isLeader:true] shardkv client migration data:map[0:_LBhPXgp-PAdFzyrvxj2 2:VTde9G2dz7BGSYqgBiwT 20:SlbVrqapno8jIad1WMC0 21:geEQvJmY55V60q0zlix1 22:AkAYRN6FAHd-RRK2Jw5n 23:UaXgF5KaO1dRRzRRxDD8 24:3IJCQZOvB4MFjb_mOwEf 25:-n4EN_FvUATYQ06Wz0AY 26:mUDT7BaVWhQgPo8NmkAD 27:P2cQOel2qPEgvbvJxms1 28:xP_Y-XD1A9aij8pOsQOe 29:j97rKxL3luJt9FkaknKC 4:JW5us9jBWLExTPi7-7gu 6:W26rgcR8H4LdusY50r1h 8:Mfxshp9V5NrE07f-2hci] to server:&{Cm-5hAXKV473fcB6Hpfp 0xc000024310 0xc000024380}, shard:0, gid:100 server:server-100-1
2026/02/12 11:38:42 [Node:2 GID:102 isLeader:true] shardkv client migration data:map[0:_LBhPXgp-PAdFzyrvxj2 2:VTde9G2dz7BGSYqgBiwT 20:SlbVrqapno8jIad1WMC0 21:geEQvJmY55V60q0zlix1 22:AkAYRN6FAHd-RRK2Jw5n 23:UaXgF5KaO1dRRzRRxDD8 24:3IJCQZOvB4MFjb_mOwEf 25:-n4EN_FvUATYQ06Wz0AY 26:mUDT7BaVWhQgPo8NmkAD 27:P2cQOel2qPEgvbvJxms1 28:xP_Y-XD1A9aij8pOsQOe 29:j97rKxL3luJt9FkaknKC 4:JW5us9jBWLExTPi7-7gu 6:W26rgcR8H4LdusY50r1h 8:Mfxshp9V5NrE07f-2hci] to server:&{ZCOzsja1BqHNRL9NYWvr 0xc000024310 0xc000024380}, shard:0, gid:100 server:server-100-2
2026/02/12 11:38:42 [client] shardkv client get key:1 to server:&{wQv4PpY5EyY6snXlCivN 0xc000024310 0xc000024380}, shard:9, gid:102 servers:[server-102-0 server-102-1 server-102-2]
2026/02/12 11:38:42 [client] shardkv client get key:1 to server:&{Vo-sfPLf9eP8uJsuonFi 0xc000024310 0xc000024380}, shard:9, gid:102 servers:[server-102-0 server-102-1 server-102-2]
2026/02/12 11:38:42 [client] shardkv client get key:1 to server:&{0jTh6WJtP588hKgn7CVg 0xc000024310 0xc000024380}, shard:9, gid:102 servers:[server-102-0 server-102-1 server-102-2]
2026/02/12 11:38:42 [client] shardkv client get key:1 to server:&{i38uHUdBT3yuCy9R-Xs3 0xc000024310 0xc000024380}, shard:9, gid:102 servers:[server-102-0 server-102-1 server-102-2]
2026/02/12 11:38:42 [client] shardkv client get key:1 to server:&{Xq55JvcnWnR3Bw4AvcyY 0xc000024310 0xc000024380}, shard:9, gid:102 servers:[server-102-0 server-102-1 server-102-2]
2026/02/12 11:38:42 [client] shardkv client get key:1 to server:&{EzKqbgzfIa03N2Ku1vEJ 0xc000024310 0xc000024380}, shard:9, gid:102 servers:[server-102-0 server-102-1 server-102-2]
2026/02/12 11:38:43 [client] shardkv client get key:1 to server:&{tsp8kyhz3njP1AfLWyMW 0xc000024310 0xc000024380}, shard:9, gid:102 servers:[server-102-0 server-102-1 server-102-2]
2026/02/12 11:38:43 [client] shardkv client get key:1 to server:&{ems1XQ2vVYyN-DFm54Oc 0xc000024310 0xc000024380}, shard:9, gid:102 servers:[server-102-0 server-102-1 server-102-2]
2026/02/12 11:38:43 [client] shardkv client get key:1 to server:&{jGPJ-cjWJfiJ_pX8RhFl 0xc000024310 0xc000024380}, shard:9, gid:102 servers:[server-102-0 server-102-1 server-102-2]
2026/02/12 11:38:43 [client] shardkv client get key:1 to server:&{SwqNiHzPNMo4Yj5PyhVQ 0xc000024310 0xc000024380}, shard:9, gid:102 servers:[server-102-0 server-102-1 server-102-2]
2026/02/12 11:38:43 [client] shardkv client get key:1 to server:&{RdUERCTCJaPjfQG-UfC6 0xc000024310 0xc000024380}, shard:9, gid:102 servers:[server-102-0 server-102-1 server-102-2]
2026/02/12 11:38:43 [client] shardkv client get key:1 to server:&{gfcafUl2WwgYmdRCSBON 0xc000024310 0xc000024380}, shard:9, gid:102 servers:[server-102-0 server-102-1 server-102-2]
2026/02/12 11:38:43 [client] shardkv client get key:1 to server:&{7hCdNzsffDSQiQjoHQ_g 0xc000024310 0xc000024380}, shard:9, gid:102 servers:[server-102-0 server-102-1 server-102-2]
2026/02/12 11:38:44 [client] shardkv client get key:1 to server:&{Z6p5Jx3mEz-hbK00T6gu 0xc000024310 0xc000024380}, shard:9, gid:102 servers:[server-102-0 server-102-1 server-102-2]
2026/02/12 11:38:44 [client] shardkv client get key:1 to server:&{qmZwPX-710_p8XbqAJ55 0xc000024310 0xc000024380}, shard:9, gid:102 servers:[server-102-0 server-102-1 server-102-2]
2026/02/12 11:38:44 [client] shardkv client get key:1 to server:&{072vs0tq3PzRCXncu0v4 0xc000024310 0xc000024380}, shard:9, gid:102 servers:[server-102-0 server-102-1 server-102-2]
2026/02/12 11:38:44 [client] shardkv client get key:1 to server:&{xXp3u7luVLibyto1WFCa 0xc000024310 0xc000024380}, shard:9, gid:102 servers:[server-102-0 server-102-1 server-102-2]
2026/02/12 11:38:44 [client] shardkv client get key:1 to server:&{fFxGAjt3aW6QQb967lKt 0xc000024310 0xc000024380}, shard:9, gid:102 servers:[server-102-0 server-102-1 server-102-2]
2026/02/12 11:38:44 [client] shardkv client get key:1 to server:&{t4qz48HuOJCbR53ft8Jo 0xc000024310 0xc000024380}, shard:9, gid:102 servers:[server-102-0 server-102-1 server-102-2]
2026/02/12 11:38:45 [client] shardkv client get key:1 to server:&{_L_jXw7JsAkaG9Y_7dBo 0xc000024310 0xc000024380}, shard:9, gid:102 servers:[server-102-0 server-102-1 server-102-2]
2026/02/12 11:38:45 [client] shardkv client get key:1 to server:&{4SYMIRJWeBGhtK-pLCJF 0xc000024310 0xc000024380}, shard:9, gid:102 servers:[server-102-0 server-102-1 server-102-2]
2026/02/12 11:38:45 [client] shardkv client get key:1 to server:&{u4YDIrYnVZN1B4Gx6y0w 0xc000024310 0xc000024380}, shard:9, gid:102 servers:[server-102-0 server-102-1 server-102-2]
2026/02/12 11:38:45 [client] shardkv client get key:1 to server:&{6Iam0ycHjxpb9oMMJRPi 0xc000024310 0xc000024380}, shard:9, gid:102 servers:[server-102-0 server-102-1 server-102-2]
2026/02/12 11:38:45 [client] shardkv client get key:1 to server:&{L7xIlEH4T8sEsKxFHolD 0xc000024310 0xc000024380}, shard:9, gid:102 servers:[server-102-0 server-102-1 server-102-2]
2026/02/12 11:38:45 [client] shardkv client get key:1 to server:&{hIxiQOjVieAtv4AoL0mR 0xc000024310 0xc000024380}, shard:9, gid:102 servers:[server-102-0 server-102-1 server-102-2]
2026/02/12 11:38:45 [client] shardkv client get key:1 to server:&{K0v5gXQewtWdKCMB6Xc4 0xc000024310 0xc000024380}, shard:9, gid:102 servers:[server-102-0 server-102-1 server-102-2]
2026/02/12 11:38:46 [client] shardkv client get key:1 to server:&{FJa2JTCWATv4JzokwJOx 0xc000024310 0xc000024380}, shard:9, gid:102 servers:[server-102-0 server-102-1 server-102-2]
2026/02/12 11:38:46 [client] shardkv client get key:1 to server:&{7ZyXaquUdUBOzIE6W6Ks 0xc000024310 0xc000024380}, shard:9, gid:102 servers:[server-102-0 server-102-1 server-102-2]
2026/02/12 11:38:46 [client] shardkv client get key:1 to server:&{7Ri6GJqmrExRvU65X9UX 0xc000024310 0xc000024380}, shard:9, gid:102 servers:[server-102-0 server-102-1 server-102-2]
2026/02/12 11:38:46 [client] shardkv client get key:1 to server:&{uEHlgMleeaNHbLhCx4BF 0xc000024310 0xc000024380}, shard:9, gid:102 servers:[server-102-0 server-102-1 server-102-2]
2026/02/12 11:38:46 [client] shardkv client get key:1 to server:&{Cl7zYNTIiE3FxckIWTy2 0xc000024310 0xc000024380}, shard:9, gid:102 servers:[server-102-0 server-102-1 server-102-2]
2026/02/12 11:38:46 [client] shardkv client get key:1 to server:&{QFrMpwHHm64efA-9xxGx 0xc000024310 0xc000024380}, shard:9, gid:102 servers:[server-102-0 server-102-1 server-102-2]
2026/02/12 11:38:46 [client] shardkv client get key:1 to server:&{L8_rvD6eu97WZMa8AE0X 0xc000024310 0xc000024380}, shard:9, gid:102 servers:[server-102-0 server-102-1 server-102-2]
2026/02/12 11:38:47 [client] shardkv client get key:1 to server:&{M3BdOzp9OxbxNkHWJkel 0xc000024310 0xc000024380}, shard:9, gid:102 servers:[server-102-0 server-102-1 server-102-2]
2026/02/12 11:38:47 [client] shardkv client get key:1 to server:&{AIF3EU7o5bGGBWmzSzeT 0xc000024310 0xc000024380}, shard:9, gid:102 servers:[server-102-0 server-102-1 server-102-2]
2026/02/12 11:38:47 [client] shardkv client get key:1 to server:&{Arpv2XVDGnLNp5GEQ4Z2 0xc000024310 0xc000024380}, shard:9, gid:102 servers:[server-102-0 server-102-1 server-102-2]
2026/02/12 11:38:47 [client] shardkv client get key:1 to server:&{f5iruwb-CjNOST_RnGUn 0xc000024310 0xc000024380}, shard:9, gid:102 servers:[server-102-0 server-102-1 server-102-2]
2026/02/12 11:38:47 [client] shardkv client get key:1 to server:&{p0zN_uf0qogWX_27jkuf 0xc000024310 0xc000024380}, shard:9, gid:102 servers:[server-102-0 server-102-1 server-102-2]
2026/02/12 11:38:47 [client] shardkv client get key:1 to server:&{imIjDlT-yp2vOmVbtZSG 0xc000024310 0xc000024380}, shard:9, gid:102 servers:[server-102-0 server-102-1 server-102-2]
2026/02/12 11:38:48 [client] shardkv client get key:1 to server:&{qH0SOQivGG8OHZIbjQoa 0xc000024310 0xc000024380}, shard:9, gid:102 servers:[server-102-0 server-102-1 server-102-2]
2026/02/12 11:38:48 [client] shardkv client get key:1 to server:&{Km0d8HUQccdQ-CCyCMIF 0xc000024310 0xc000024380}, shard:9, gid:102 servers:[server-102-0 server-102-1 server-102-2]
2026/02/12 11:38:48 [client] shardkv client get key:1 to server:&{8OSgV3kbY6GbNsLlzhfs 0xc000024310 0xc000024380}, shard:9, gid:102 servers:[server-102-0 server-102-1 server-102-2]
2026/02/12 11:38:48 [client] shardkv client get key:1 to server:&{ZKzNLsmD7BsRI0B6JNcj 0xc000024310 0xc000024380}, shard:9, gid:102 servers:[server-102-0 server-102-1 server-102-2]
2026/02/12 11:38:48 [client] shardkv client get key:1 to server:&{ekM_JncNRFPWhSf0W5yJ 0xc000024310 0xc000024380}, shard:9, gid:102 servers:[server-102-0 server-102-1 server-102-2]
2026/02/12 11:38:48 [client] shardkv client get key:1 to server:&{KBHwiTSvkuJJdcUsP0FF 0xc000024310 0xc000024380}, shard:9, gid:102 servers:[server-102-0 server-102-1 server-102-2]
2026/02/12 11:38:48 [client] shardkv client get key:1 to server:&{Fp03KjTCF4TCjow4pAB0 0xc000024310 0xc000024380}, shard:9, gid:102 servers:[server-102-0 server-102-1 server-102-2]
2026/02/12 11:38:49 [client] shardkv client get key:1 to server:&{oDVD_1txnWxglUfgUkqL 0xc000024310 0xc000024380}, shard:9, gid:102 servers:[server-102-0 server-102-1 server-102-2]
2026/02/12 11:38:49 [client] shardkv client get key:1 to server:&{JYZaevYubspZnK15tT_5 0xc000024310 0xc000024380}, shard:9, gid:102 servers:[server-102-0 server-102-1 server-102-2]
2026/02/12 11:38:49 [client] shardkv client get key:1 to server:&{VsADgLZJs2YWGYLu4r_W 0xc000024310 0xc000024380}, shard:9, gid:102 servers:[server-102-0 server-102-1 server-102-2]
2026/02/12 11:38:49 [client] shardkv client get key:1 to server:&{Px7sJ3VHbyCM_KgENF6k 0xc000024310 0xc000024380}, shard:9, gid:102 servers:[server-102-0 server-102-1 server-102-2]
2026/02/12 11:38:49 [client] shardkv client get key:1 to server:&{a0OeWyJlElFQhL90hh2a 0xc000024310 0xc000024380}, shard:9, gid:102 servers:[server-102-0 server-102-1 server-102-2]
2026/02/12 11:38:49 [client] shardkv client get key:1 to server:&{QIQEVOE0kMWmECDrxyXH 0xc000024310 0xc000024380}, shard:9, gid:102 servers:[server-102-0 server-102-1 server-102-2]
2026/02/12 11:38:50 [client] shardkv client get key:1 to server:&{_-VIOZiSv0knlHn4JL8s 0xc000024310 0xc000024380}, shard:9, gid:102 servers:[server-102-0 server-102-1 server-102-2]
2026/02/12 11:38:50 [client] shardkv client get key:1 to server:&{4t2DXn0MZD7nv1ivaW67 0xc000024310 0xc000024380}, shard:9, gid:102 servers:[server-102-0 server-102-1 server-102-2]
2026/02/12 11:38:50 [client] shardkv client get key:1 to server:&{jkpnvK51U2v4I_Um_YJj 0xc000024310 0xc000024380}, shard:9, gid:102 servers:[server-102-0 server-102-1 server-102-2]
2026/02/12 11:38:50 [client] shardkv client get key:1 to server:&{disdAQYiPkroQAlOI-9i 0xc000024310 0xc000024380}, shard:9, gid:102 servers:[server-102-0 server-102-1 server-102-2]
2026/02/12 11:38:50 [client] shardkv client get key:1 to server:&{Mb8OdlkNw2-KA7ZyyLTW 0xc000024310 0xc000024380}, shard:9, gid:102 servers:[server-102-0 server-102-1 server-102-2]
2026/02/12 11:38:50 [client] shardkv client get key:1 to server:&{aSktfHqyIVXgxeZh8y6E 0xc000024310 0xc000024380}, shard:9, gid:102 servers:[server-102-0 server-102-1 server-102-2]
2026/02/12 11:38:51 [client] shardkv client get key:1 to server:&{ZvAYY30MT8APfzTtD2rc 0xc000024310 0xc000024380}, shard:9, gid:102 servers:[server-102-0 server-102-1 server-102-2]
2026/02/12 11:38:51 [client] shardkv client get key:1 to server:&{9uY7fXs4iVBXKy41WEMs 0xc000024310 0xc000024380}, shard:9, gid:102 servers:[server-102-0 server-102-1 server-102-2]
2026/02/12 11:38:51 [client] shardkv client get key:1 to server:&{BwGKSMNGtOAaJOYLERGH 0xc000024310 0xc000024380}, shard:9, gid:102 servers:[server-102-0 server-102-1 server-102-2]
2026/02/12 11:38:51 [client] shardkv client get key:1 to server:&{blVBUGdiO9xFVyeW2ox3 0xc000024310 0xc000024380}, shard:9, gid:102 servers:[server-102-0 server-102-1 server-102-2]
2026/02/12 11:38:51 [client] shardkv client get key:1 to server:&{Hl-Fxb2KC57KjoUCMEj6 0xc000024310 0xc000024380}, shard:9, gid:102 servers:[server-102-0 server-102-1 server-102-2]
2026/02/12 11:38:51 [client] shardkv client get key:1 to server:&{pzD4LFiHdXPi129a3-nH 0xc000024310 0xc000024380}, shard:9, gid:102 servers:[server-102-0 server-102-1 server-102-2]
2026/02/12 11:38:51 [client] shardkv client get key:1 to server:&{eZndDPSXoXHZ0cQ7T1oF 0xc000024310 0xc000024380}, shard:9, gid:102 servers:[server-102-0 server-102-1 server-102-2]
2026/02/12 11:38:52 [client] shardkv client get key:1 to server:&{Z6AIg30nZILBsQS8Q9Fv 0xc000024310 0xc000024380}, shard:9, gid:102 servers:[server-102-0 server-102-1 server-102-2]
2026/02/12 11:38:52 [client] shardkv client get key:1 to server:&{iq6iMdVGhGhskp8Fb_40 0xc000024310 0xc000024380}, shard:9, gid:102 servers:[server-102-0 server-102-1 server-102-2]
2026/02/12 11:38:52 [client] shardkv client get key:1 to server:&{xHv1xht3qSUKtLkIfpUn 0xc000024310 0xc000024380}, shard:9, gid:102 servers:[server-102-0 server-102-1 server-102-2]
2026/02/12 11:38:52 [client] shardkv client get key:1 to server:&{h1K8xvJpwRibqWVIMmpC 0xc000024310 0xc000024380}, shard:9, gid:102 servers:[server-102-0 server-102-1 server-102-2]
2026/02/12 11:38:52 [client] shardkv client get key:1 to server:&{r7cnH_N4kTK4ZTIMs2iT 0xc000024310 0xc000024380}, shard:9, gid:102 servers:[server-102-0 server-102-1 server-102-2]
2026/02/12 11:38:52 [client] shardkv client get key:1 to server:&{lLY45Eg4sBLgD8nLylGW 0xc000024310 0xc000024380}, shard:9, gid:102 servers:[server-102-0 server-102-1 server-102-2]
2026/02/12 11:38:52 [client] shardkv client get key:1 to server:&{s7FOZH3gOBFqegSLivbI 0xc000024310 0xc000024380}, shard:9, gid:102 servers:[server-102-0 server-102-1 server-102-2]
2026/02/12 11:38:53 [client] shardkv client get key:1 to server:&{xvK63ipO67DzeL_mlT4g 0xc000024310 0xc000024380}, shard:9, gid:102 servers:[server-102-0 server-102-1 server-102-2]
2026/02/12 11:38:53 [client] shardkv client get key:1 to server:&{KwN-tnat6tYNKoAbazRq 0xc000024310 0xc000024380}, shard:9, gid:102 servers:[server-102-0 server-102-1 server-102-2]
2026/02/12 11:38:53 [client] shardkv client get key:1 to server:&{lHa4xLAjA3MSinDNxva5 0xc000024310 0xc000024380}, shard:9, gid:102 servers:[server-102-0 server-102-1 server-102-2]
2026/02/12 11:38:53 [client] shardkv client get key:1 to server:&{Ne1QLKB4gUHQYtYSzwbQ 0xc000024310 0xc000024380}, shard:9, gid:102 servers:[server-102-0 server-102-1 server-102-2]
2026/02/12 11:38:53 [client] shardkv client get key:1 to server:&{swxjEXNsogH6JT-Rbl2k 0xc000024310 0xc000024380}, shard:9, gid:102 servers:[server-102-0 server-102-1 server-102-2]
2026/02/12 11:38:53 [client] shardkv client get key:1 to server:&{GOWLG0qpYvqiq_h45NEr 0xc000024310 0xc000024380}, shard:9, gid:102 servers:[server-102-0 server-102-1 server-102-2]
2026/02/12 11:38:54 [client] shardkv client get key:1 to server:&{8d3pF8mkiJbK2-6H0Dto 0xc000024310 0xc000024380}, shard:9, gid:102 servers:[server-102-0 server-102-1 server-102-2]
2026/02/12 11:38:54 [client] shardkv client get key:1 to server:&{QPP_yoQ01QUouSw1C6J8 0xc000024310 0xc000024380}, shard:9, gid:102 servers:[server-102-0 server-102-1 server-102-2]
2026/02/12 11:38:54 [client] shardkv client get key:1 to server:&{iZGvOhj8MBPybtYfX4h1 0xc000024310 0xc000024380}, shard:9, gid:102 servers:[server-102-0 server-102-1 server-102-2]
2026/02/12 11:38:54 [client] shardkv client get key:1 to server:&{n6WEJkdFU7AJTpmFfpH_ 0xc000024310 0xc000024380}, shard:9, gid:102 servers:[server-102-0 server-102-1 server-102-2]
2026/02/12 11:38:54 [client] shardkv client get key:1 to server:&{dzIC9QmUVzrqN-7HPn98 0xc000024310 0xc000024380}, shard:9, gid:102 servers:[server-102-0 server-102-1 server-102-2]
2026/02/12 11:38:54 [client] shardkv client get key:1 to server:&{x1dXL4-apgJ2sBCGOSOa 0xc000024310 0xc000024380}, shard:9, gid:102 servers:[server-102-0 server-102-1 server-102-2]
2026/02/12 11:38:55 [client] shardkv client get key:1 to server:&{y4LLCz9rdoOyeuEZAaxH 0xc000024310 0xc000024380}, shard:9, gid:102 servers:[server-102-0 server-102-1 server-102-2]
2026/02/12 11:38:55 [client] shardkv client get key:1 to server:&{xBugaH5ztm8JHZPeUbVM 0xc000024310 0xc000024380}, shard:9, gid:102 servers:[server-102-0 server-102-1 server-102-2]
2026/02/12 11:38:55 [client] shardkv client get key:1 to server:&{vNhF5UP1KAxloXWcIXfF 0xc000024310 0xc000024380}, shard:9, gid:102 servers:[server-102-0 server-102-1 server-102-2]
2026/02/12 11:38:55 [client] shardkv client get key:1 to server:&{5vO1P2-bBi1T4SFslhob 0xc000024310 0xc000024380}, shard:9, gid:102 servers:[server-102-0 server-102-1 server-102-2]
2026/02/12 11:38:55 [client] shardkv client get key:1 to server:&{nfAbh798wBSs_IRZrhuo 0xc000024310 0xc000024380}, shard:9, gid:102 servers:[server-102-0 server-102-1 server-102-2]
2026/02/12 11:38:55 [client] shardkv client get key:1 to server:&{0aIBfweVm7iZ07vzHZ0C 0xc000024310 0xc000024380}, shard:9, gid:102 servers:[server-102-0 server-102-1 server-102-2]
2026/02/12 11:38:55 [client] shardkv client get key:1 to server:&{PEfuAkQcI1UjNAAF5qUZ 0xc000024310 0xc000024380}, shard:9, gid:102 servers:[server-102-0 server-102-1 server-102-2]
2026/02/12 11:38:56 [client] shardkv client get key:1 to server:&{t6TKGUNMcAGD64DR0KDV 0xc000024310 0xc000024380}, shard:9, gid:102 servers:[server-102-0 server-102-1 server-102-2]
2026/02/12 11:38:56 [client] shardkv client get key:1 to server:&{8k2NIjblQjTcRPS524Gc 0xc000024310 0xc000024380}, shard:9, gid:102 servers:[server-102-0 server-102-1 server-102-2]
2026/02/12 11:38:56 [client] shardkv client get key:1 to server:&{gzbnuWN0kz7VtQBo4ptd 0xc000024310 0xc000024380}, shard:9, gid:102 servers:[server-102-0 server-102-1 server-102-2]
2026/02/12 11:38:56 [client] shardkv client get key:1 to server:&{8FKpLeAG34ykCB-OmUWI 0xc000024310 0xc000024380}, shard:9, gid:102 servers:[server-102-0 server-102-1 server-102-2]
2026/02/12 11:38:56 [client] shardkv client get key:1 to server:&{GuokxoZyb1GQ3YbKjpU7 0xc000024310 0xc000024380}, shard:9, gid:102 servers:[server-102-0 server-102-1 server-102-2]
2026/02/12 11:38:56 [client] shardkv client get key:1 to server:&{YV1rof7JHQngB7MPzIsO 0xc000024310 0xc000024380}, shard:9, gid:102 servers:[server-102-0 server-102-1 server-102-2]
2026/02/12 11:38:57 [client] shardkv client get key:1 to server:&{zzk3IyQqcQ7DM0G5VR3n 0xc000024310 0xc000024380}, shard:9, gid:102 servers:[server-102-0 server-102-1 server-102-2]
2026/02/12 11:38:57 [client] shardkv client get key:1 to server:&{cQnVGZK4L_kbQ_67xoU6 0xc000024310 0xc000024380}, shard:9, gid:102 servers:[server-102-0 server-102-1 server-102-2]
2026/02/12 11:38:57 [client] shardkv client get key:1 to server:&{oNsuQAD8B8TpDZGOe5Jm 0xc000024310 0xc000024380}, shard:9, gid:102 servers:[server-102-0 server-102-1 server-102-2]
2026/02/12 11:38:57 [client] shardkv client get key:1 to server:&{0IJeCOk7tQ0ZH8sxs3kf 0xc000024310 0xc000024380}, shard:9, gid:102 servers:[server-102-0 server-102-1 server-102-2]
2026/02/12 11:38:57 [client] shardkv client get key:1 to server:&{eHGH6ScCT_YFCIXzPVvP 0xc000024310 0xc000024380}, shard:9, gid:102 servers:[server-102-0 server-102-1 server-102-2]
2026/02/12 11:38:57 [client] shardkv client get key:1 to server:&{lPsmSt7mA_W9UyyWa1xA 0xc000024310 0xc000024380}, shard:9, gid:102 servers:[server-102-0 server-102-1 server-102-2]
2026/02/12 11:38:57 [client] shardkv client get key:1 to server:&{afhm2uig05BK_bNWZitV 0xc000024310 0xc000024380}, shard:9, gid:102 servers:[server-102-0 server-102-1 server-102-2]
2026/02/12 11:38:58 [client] shardkv client get key:1 to server:&{yYg23is5DEgypnvTCsJY 0xc000024310 0xc000024380}, shard:9, gid:102 servers:[server-102-0 server-102-1 server-102-2]
2026/02/12 11:38:58 [client] shardkv client get key:1 to server:&{S2KCQiv4JVPi1bl1U5TS 0xc000024310 0xc000024380}, shard:9, gid:102 servers:[server-102-0 server-102-1 server-102-2]
2026/02/12 11:38:58 [client] shardkv client get key:1 to server:&{aCNnYkUfOFF2sWmmaxL0 0xc000024310 0xc000024380}, shard:9, gid:102 servers:[server-102-0 server-102-1 server-102-2]
2026/02/12 11:38:58 [client] shardkv client get key:1 to server:&{2WTIBRczbVHYJIedt3eG 0xc000024310 0xc000024380}, shard:9, gid:102 servers:[server-102-0 server-102-1 server-102-2]
2026/02/12 11:38:58 [client] shardkv client get key:1 to server:&{huvyYCXDZ_SVZLcsKBBj 0xc000024310 0xc000024380}, shard:9, gid:102 servers:[server-102-0 server-102-1 server-102-2]
2026/02/12 11:38:58 [client] shardkv client get key:1 to server:&{mTi4HoNggb9tx0lgT0WM 0xc000024310 0xc000024380}, shard:9, gid:102 servers:[server-102-0 server-102-1 server-102-2]
2026/02/12 11:38:58 [client] shardkv client get key:1 to server:&{GKhpFeF7ThJVAiKz1RiW 0xc000024310 0xc000024380}, shard:9, gid:102 servers:[server-102-0 server-102-1 server-102-2]
2026/02/12 11:38:59 [client] shardkv client get key:1 to server:&{7RfaqHp7kAeIthVrJ9Eu 0xc000024310 0xc000024380}, shard:9, gid:102 servers:[server-102-0 server-102-1 server-102-2]
2026/02/12 11:38:59 [client] shardkv client get key:1 to server:&{etzdF0U30kjr8l0z2En1 0xc000024310 0xc000024380}, shard:9, gid:102 servers:[server-102-0 server-102-1 server-102-2]
2026/02/12 11:38:59 [client] shardkv client get key:1 to server:&{uOtuZKbtJsC1YqQWFOAw 0xc000024310 0xc000024380}, shard:9, gid:102 servers:[server-102-0 server-102-1 server-102-2]
2026/02/12 11:38:59 [client] shardkv client get key:1 to server:&{8tDTiV93PNoBNUa51-X7 0xc000024310 0xc000024380}, shard:9, gid:102 servers:[server-102-0 server-102-1 server-102-2]
2026/02/12 11:38:59 [client] shardkv client get key:1 to server:&{sKrllm6UTxJ5NgfKOEha 0xc000024310 0xc000024380}, shard:9, gid:102 servers:[server-102-0 server-102-1 server-102-2]
2026/02/12 11:38:59 [client] shardkv client get key:1 to server:&{GuEz5wdhvsfCF0e6OuAa 0xc000024310 0xc000024380}, shard:9, gid:102 servers:[server-102-0 server-102-1 server-102-2]
2026/02/12 11:39:00 [client] shardkv client get key:1 to server:&{WdgeIYDRlGLE_kbyNPKn 0xc000024310 0xc000024380}, shard:9, gid:102 servers:[server-102-0 server-102-1 server-102-2]
2026/02/12 11:39:00 [client] shardkv client get key:1 to server:&{gMhChei3eD0y9M3tyPl4 0xc000024310 0xc000024380}, shard:9, gid:102 servers:[server-102-0 server-102-1 server-102-2]
2026/02/12 11:39:00 [client] shardkv client get key:1 to server:&{bd-XwpBZp_3Hgmwewwqd 0xc000024310 0xc000024380}, shard:9, gid:102 servers:[server-102-0 server-102-1 server-102-2]
2026/02/12 11:39:00 [client] shardkv client get key:1 to server:&{V98IwYwSSjgbeZiOOln2 0xc000024310 0xc000024380}, shard:9, gid:102 servers:[server-102-0 server-102-1 server-102-2]
2026/02/12 11:39:00 [client] shardkv client get key:1 to server:&{vX_A-QCA1rp0DQ9mhOZJ 0xc000024310 0xc000024380}, shard:9, gid:102 servers:[server-102-0 server-102-1 server-102-2]
2026/02/12 11:39:00 [client] shardkv client get key:1 to server:&{pKJi3C6xuwEL4rCgKX1s 0xc000024310 0xc000024380}, shard:9, gid:102 servers:[server-102-0 server-102-1 server-102-2]
2026/02/12 11:39:00 [client] shardkv client get key:1 to server:&{q1pUQEmGNuF_ePb0ELa_ 0xc000024310 0xc000024380}, shard:9, gid:102 servers:[server-102-0 server-102-1 server-102-2]
2026/02/12 11:39:01 [client] shardkv client get key:1 to server:&{EBoqGax_lbaoLWOENtDd 0xc000024310 0xc000024380}, shard:9, gid:102 servers:[server-102-0 server-102-1 server-102-2]
2026/02/12 11:39:01 [client] shardkv client get key:1 to server:&{eNt8SUK3oPUnYEz2MMM_ 0xc000024310 0xc000024380}, shard:9, gid:102 servers:[server-102-0 server-102-1 server-102-2]
2026/02/12 11:39:01 [client] shardkv client get key:1 to server:&{38D5Z69M6uxas8N6w1jM 0xc000024310 0xc000024380}, shard:9, gid:102 servers:[server-102-0 server-102-1 server-102-2]
2026/02/12 11:39:01 [client] shardkv client get key:1 to server:&{j9-4QwIVWkpAs8pAaGL_ 0xc000024310 0xc000024380}, shard:9, gid:102 servers:[server-102-0 server-102-1 server-102-2]
2026/02/12 11:39:01 [client] shardkv client get key:1 to server:&{VmodMKyMtDOMROMpjx2v 0xc000024310 0xc000024380}, shard:9, gid:102 servers:[server-102-0 server-102-1 server-102-2]
2026/02/12 11:39:01 [client] shardkv client get key:1 to server:&{iz1aldQHPcy5kQ6kqXy_ 0xc000024310 0xc000024380}, shard:9, gid:102 servers:[server-102-0 server-102-1 server-102-2]
2026/02/12 11:39:02 [client] shardkv client get key:1 to server:&{aXCopXTb2N-YudDtdw2l 0xc000024310 0xc000024380}, shard:9, gid:102 servers:[server-102-0 server-102-1 server-102-2]
2026/02/12 11:39:02 [client] shardkv client get key:1 to server:&{XMihRwEq9yFdm3r-Cy4W 0xc000024310 0xc000024380}, shard:9, gid:102 servers:[server-102-0 server-102-1 server-102-2]
2026/02/12 11:39:02 [client] shardkv client get key:1 to server:&{dxWMHHI3qyPWhmwS9xGT 0xc000024310 0xc000024380}, shard:9, gid:102 servers:[server-102-0 server-102-1 server-102-2]
2026/02/12 11:39:02 [client] shardkv client get key:1 to server:&{1UypwHSp3i3TSh7ZLOLY 0xc000024310 0xc000024380}, shard:9, gid:102 servers:[server-102-0 server-102-1 server-102-2]
2026/02/12 11:39:02 [client] shardkv client get key:1 to server:&{AVa60cRWtXFTVNC5gkTD 0xc000024310 0xc000024380}, shard:9, gid:102 servers:[server-102-0 server-102-1 server-102-2]
2026/02/12 11:39:02 [client] shardkv client get key:1 to server:&{8L4L2DxQVAL1l419dNXQ 0xc000024310 0xc000024380}, shard:9, gid:102 servers:[server-102-0 server-102-1 server-102-2]
2026/02/12 11:39:02 [client] shardkv client get key:1 to server:&{-K_0RpORSd6_omw0gCCa 0xc000024310 0xc000024380}, shard:9, gid:102 servers:[server-102-0 server-102-1 server-102-2]
2026/02/12 11:39:03 [client] shardkv client get key:1 to server:&{t9wr6fbvkwM0ArG7mt9L 0xc000024310 0xc000024380}, shard:9, gid:102 servers:[server-102-0 server-102-1 server-102-2]
2026/02/12 11:39:03 [client] shardkv client get key:1 to server:&{QY0YRKa6NRO9F0ueiqMg 0xc000024310 0xc000024380}, shard:9, gid:102 servers:[server-102-0 server-102-1 server-102-2]
2026/02/12 11:39:03 [client] shardkv client get key:1 to server:&{W6bceZtB6zMolFdr0PJ5 0xc000024310 0xc000024380}, shard:9, gid:102 servers:[server-102-0 server-102-1 server-102-2]
2026/02/12 11:39:03 [client] shardkv client get key:1 to server:&{Lk6RTjeAmBnC34-qhYQC 0xc000024310 0xc000024380}, shard:9, gid:102 servers:[server-102-0 server-102-1 server-102-2]
2026/02/12 11:39:03 [client] shardkv client get key:1 to server:&{MkuHq-uuHx99ms47g2Hs 0xc000024310 0xc000024380}, shard:9, gid:102 servers:[server-102-0 server-102-1 server-102-2]
2026/02/12 11:39:03 [client] shardkv client get key:1 to server:&{03Fbhcmc-fMbJDMxBPJm 0xc000024310 0xc000024380}, shard:9, gid:102 servers:[server-102-0 server-102-1 server-102-2]
2026/02/12 11:39:03 [client] shardkv client get key:1 to server:&{325l39CuiygPJi_dwS9z 0xc000024310 0xc000024380}, shard:9, gid:102 servers:[server-102-0 server-102-1 server-102-2]
2026/02/12 11:39:04 [client] shardkv client get key:1 to server:&{IFsnjomGkA6s6PwiEekw 0xc000024310 0xc000024380}, shard:9, gid:102 servers:[server-102-0 server-102-1 server-102-2]
2026/02/12 11:39:04 [client] shardkv client get key:1 to server:&{9JlrR-p70VEZa5cUywCW 0xc000024310 0xc000024380}, shard:9, gid:102 servers:[server-102-0 server-102-1 server-102-2]
2026/02/12 11:39:04 [client] shardkv client get key:1 to server:&{OJCy1CrxFqCR1sTDazWy 0xc000024310 0xc000024380}, shard:9, gid:102 servers:[server-102-0 server-102-1 server-102-2]
2026/02/12 11:39:04 [client] shardkv client get key:1 to server:&{nUkYsgoingisLqQxPeRu 0xc000024310 0xc000024380}, shard:9, gid:102 servers:[server-102-0 server-102-1 server-102-2]
2026/02/12 11:39:04 [client] shardkv client get key:1 to server:&{hWryKivaI2UYtg8Xk-gs 0xc000024310 0xc000024380}, shard:9, gid:102 servers:[server-102-0 server-102-1 server-102-2]
2026/02/12 11:39:04 [client] shardkv client get key:1 to server:&{Td3hmYyY3JXYP4ktS91o 0xc000024310 0xc000024380}, shard:9, gid:102 servers:[server-102-0 server-102-1 server-102-2]
2026/02/12 11:39:05 [client] shardkv client get key:1 to server:&{A_N3FL9JrMkrfSsPW7OK 0xc000024310 0xc000024380}, shard:9, gid:102 servers:[server-102-0 server-102-1 server-102-2]
2026/02/12 11:39:05 [client] shardkv client get key:1 to server:&{VdJZEKWnBzDqE18ClL2k 0xc000024310 0xc000024380}, shard:9, gid:102 servers:[server-102-0 server-102-1 server-102-2]
2026/02/12 11:39:05 [client] shardkv client get key:1 to server:&{_9ds-XjnbJTs1enDUAmt 0xc000024310 0xc000024380}, shard:9, gid:102 servers:[server-102-0 server-102-1 server-102-2]
2026/02/12 11:39:05 [client] shardkv client get key:1 to server:&{Qy8hlUHqnnm2rORTmnuZ 0xc000024310 0xc000024380}, shard:9, gid:102 servers:[server-102-0 server-102-1 server-102-2]
2026/02/12 11:39:05 [client] shardkv client get key:1 to server:&{MZ84PXHKq36yqimjOr6- 0xc000024310 0xc000024380}, shard:9, gid:102 servers:[server-102-0 server-102-1 server-102-2]
2026/02/12 11:39:05 [client] shardkv client get key:1 to server:&{7Fk3E9tjYm1uzkIakW7M 0xc000024310 0xc000024380}, shard:9, gid:102 servers:[server-102-0 server-102-1 server-102-2]
2026/02/12 11:39:05 [client] shardkv client get key:1 to server:&{wSC_jpXoPOKldV09i6Z2 0xc000024310 0xc000024380}, shard:9, gid:102 servers:[server-102-0 server-102-1 server-102-2]
2026/02/12 11:39:06 [client] shardkv client get key:1 to server:&{kx31VmUkWu3LfZ1jvpvF 0xc000024310 0xc000024380}, shard:9, gid:102 servers:[server-102-0 server-102-1 server-102-2]
2026/02/12 11:39:06 [client] shardkv client get key:1 to server:&{q9-FinCoI24rmxWpVzqz 0xc000024310 0xc000024380}, shard:9, gid:102 servers:[server-102-0 server-102-1 server-102-2]
2026/02/12 11:39:06 [client] shardkv client get key:1 to server:&{4oD1-_-ND6mZANGXuH9O 0xc000024310 0xc000024380}, shard:9, gid:102 servers:[server-102-0 server-102-1 server-102-2]
2026/02/12 11:39:06 [client] shardkv client get key:1 to server:&{g_Ijq29ZWWxuv4R7S_0A 0xc000024310 0xc000024380}, shard:9, gid:102 servers:[server-102-0 server-102-1 server-102-2]
2026/02/12 11:39:06 [client] shardkv client get key:1 to server:&{KSD22ARZSXOoHhdVhKNX 0xc000024310 0xc000024380}, shard:9, gid:102 servers:[server-102-0 server-102-1 server-102-2]
2026/02/12 11:39:06 [client] shardkv client get key:1 to server:&{4jKQ2jv1I6Oh6zT1wzfE 0xc000024310 0xc000024380}, shard:9, gid:102 servers:[server-102-0 server-102-1 server-102-2]
2026/02/12 11:39:07 [client] shardkv client get key:1 to server:&{mIk749R1ZbOX0sImOJ5D 0xc000024310 0xc000024380}, shard:9, gid:102 servers:[server-102-0 server-102-1 server-102-2]
2026/02/12 11:39:07 [client] shardkv client get key:1 to server:&{qkNUOXRy-urAPFFZqJ4x 0xc000024310 0xc000024380}, shard:9, gid:102 servers:[server-102-0 server-102-1 server-102-2]
2026/02/12 11:39:07 [client] shardkv client get key:1 to server:&{XXh-AzBJwQgLTMRTIyT8 0xc000024310 0xc000024380}, shard:9, gid:102 servers:[server-102-0 server-102-1 server-102-2]
2026/02/12 11:39:07 [client] shardkv client get key:1 to server:&{nHf3hxS_OgL4nN45yu_M 0xc000024310 0xc000024380}, shard:9, gid:102 servers:[server-102-0 server-102-1 server-102-2]
2026/02/12 11:39:07 [client] shardkv client get key:1 to server:&{QVSyZzqa0FoJieseioiv 0xc000024310 0xc000024380}, shard:9, gid:102 servers:[server-102-0 server-102-1 server-102-2]
2026/02/12 11:39:07 [client] shardkv client get key:1 to server:&{TxsZ8WqFuk_xVCNV5xGl 0xc000024310 0xc000024380}, shard:9, gid:102 servers:[server-102-0 server-102-1 server-102-2]
2026/02/12 11:39:07 [client] shardkv client get key:1 to server:&{3Hw4tYRaiS2NqOE4URcs 0xc000024310 0xc000024380}, shard:9, gid:102 servers:[server-102-0 server-102-1 server-102-2]
2026/02/12 11:39:08 [client] shardkv client get key:1 to server:&{xqCnjbn8ZW-rrVNn_Eyo 0xc000024310 0xc000024380}, shard:9, gid:102 servers:[server-102-0 server-102-1 server-102-2]
2026/02/12 11:39:08 [client] shardkv client get key:1 to server:&{fOABPZApyl3e-VzDuZHA 0xc000024310 0xc000024380}, shard:9, gid:102 servers:[server-102-0 server-102-1 server-102-2]
2026/02/12 11:39:08 [client] shardkv client get key:1 to server:&{UaM1GPzzYZ0HZfK6mW1z 0xc000024310 0xc000024380}, shard:9, gid:102 servers:[server-102-0 server-102-1 server-102-2]
2026/02/12 11:39:08 [client] shardkv client get key:1 to server:&{uGOj8vBvv_0O6fhbnn_J 0xc000024310 0xc000024380}, shard:9, gid:102 servers:[server-102-0 server-102-1 server-102-2]
2026/02/12 11:39:08 [client] shardkv client get key:1 to server:&{mTx_85Zjzzvqls9bqHhI 0xc000024310 0xc000024380}, shard:9, gid:102 servers:[server-102-0 server-102-1 server-102-2]
2026/02/12 11:39:08 [client] shardkv client get key:1 to server:&{l0cGKhQPP7OLuzxys-8_ 0xc000024310 0xc000024380}, shard:9, gid:102 servers:[server-102-0 server-102-1 server-102-2]
2026/02/12 11:39:09 [client] shardkv client get key:1 to server:&{gYeSzvmkAu7ahkm1xZeO 0xc000024310 0xc000024380}, shard:9, gid:102 servers:[server-102-0 server-102-1 server-102-2]
2026/02/12 11:39:09 [client] shardkv client get key:1 to server:&{Bdn3reuK8f6cxLZNWsnX 0xc000024310 0xc000024380}, shard:9, gid:102 servers:[server-102-0 server-102-1 server-102-2]
2026/02/12 11:39:09 [client] shardkv client get key:1 to server:&{uW8v2Br1mQxPZv98xToL 0xc000024310 0xc000024380}, shard:9, gid:102 servers:[server-102-0 server-102-1 server-102-2]
2026/02/12 11:39:09 [client] shardkv client get key:1 to server:&{FuFkaID2JMR0FfHuJprf 0xc000024310 0xc000024380}, shard:9, gid:102 servers:[server-102-0 server-102-1 server-102-2]
2026/02/12 11:39:09 [client] shardkv client get key:1 to server:&{4fBx-qm4Jbd8x_ZhC_RR 0xc000024310 0xc000024380}, shard:9, gid:102 servers:[server-102-0 server-102-1 server-102-2]
2026/02/12 11:39:09 [client] shardkv client get key:1 to server:&{ZUo2eR-R1hiiKim-q2IV 0xc000024310 0xc000024380}, shard:9, gid:102 servers:[server-102-0 server-102-1 server-102-2]
2026/02/12 11:39:10 [client] shardkv client get key:1 to server:&{L-i71bwl4aFKT8lHF0mY 0xc000024310 0xc000024380}, shard:9, gid:102 servers:[server-102-0 server-102-1 server-102-2]
2026/02/12 11:39:10 [client] shardkv client get key:1 to server:&{UYxORA8UCY69kYoEiQzF 0xc000024310 0xc000024380}, shard:9, gid:102 servers:[server-102-0 server-102-1 server-102-2]
2026/02/12 11:39:10 [client] shardkv client get key:1 to server:&{-jdRXbuOgcJLW5c3_L9C 0xc000024310 0xc000024380}, shard:9, gid:102 servers:[server-102-0 server-102-1 server-102-2]
2026/02/12 11:39:10 [client] shardkv client get key:1 to server:&{oXobJBcgGztwgqHWl2sr 0xc000024310 0xc000024380}, shard:9, gid:102 servers:[server-102-0 server-102-1 server-102-2]
2026/02/12 11:39:10 [client] shardkv client get key:1 to server:&{xqHaWzMrL2Pethm_IftO 0xc000024310 0xc000024380}, shard:9, gid:102 servers:[server-102-0 server-102-1 server-102-2]
2026/02/12 11:39:10 [client] shardkv client get key:1 to server:&{M34tZXUyVYpDZ8l_C_iL 0xc000024310 0xc000024380}, shard:9, gid:102 servers:[server-102-0 server-102-1 server-102-2]
2026/02/12 11:39:11 [client] shardkv client get key:1 to server:&{9gx3HtMoxMGv4vaoLnvi 0xc000024310 0xc000024380}, shard:9, gid:102 servers:[server-102-0 server-102-1 server-102-2]
2026/02/12 11:39:11 [client] shardkv client get key:1 to server:&{-APod2pOLN8PhdG2SRC0 0xc000024310 0xc000024380}, shard:9, gid:102 servers:[server-102-0 server-102-1 server-102-2]
2026/02/12 11:39:11 [client] shardkv client get key:1 to server:&{9PpB_QCtFb2ryGKi6bs9 0xc000024310 0xc000024380}, shard:9, gid:102 servers:[server-102-0 server-102-1 server-102-2]
2026/02/12 11:39:11 [client] shardkv client get key:1 to server:&{CPa6Mc7IZm_3-7anUz6C 0xc000024310 0xc000024380}, shard:9, gid:102 servers:[server-102-0 server-102-1 server-102-2]
2026/02/12 11:39:11 [client] shardkv client get key:1 to server:&{0WWVJ1qY2on_akPRAFdT 0xc000024310 0xc000024380}, shard:9, gid:102 servers:[server-102-0 server-102-1 server-102-2]
2026/02/12 11:39:11 [client] shardkv client get key:1 to server:&{6sn6_X_oquaBDcrILqDW 0xc000024310 0xc000024380}, shard:9, gid:102 servers:[server-102-0 server-102-1 server-102-2]
2026/02/12 11:39:11 [client] shardkv client get key:1 to server:&{WF19IQ3-1O3PR3xDtYtK 0xc000024310 0xc000024380}, shard:9, gid:102 servers:[server-102-0 server-102-1 server-102-2]
2026/02/12 11:39:12 [client] shardkv client get key:1 to server:&{x2y_jPvzOh19QGsIjaIr 0xc000024310 0xc000024380}, shard:9, gid:102 servers:[server-102-0 server-102-1 server-102-2]
2026/02/12 11:39:12 [client] shardkv client get key:1 to server:&{w4AaSfm7jtNNHQBRAlrM 0xc000024310 0xc000024380}, shard:9, gid:102 servers:[server-102-0 server-102-1 server-102-2]
2026/02/12 11:39:12 [client] shardkv client get key:1 to server:&{s6LZXufupqiQZCv4QzHj 0xc000024310 0xc000024380}, shard:9, gid:102 servers:[server-102-0 server-102-1 server-102-2]
2026/02/12 11:39:12 [client] shardkv client get key:1 to server:&{iMm2BC_ZeIeUKG2U4yAG 0xc000024310 0xc000024380}, shard:9, gid:102 servers:[server-102-0 server-102-1 server-102-2]
2026/02/12 11:39:12 [client] shardkv client get key:1 to server:&{JV7bU6rxZniuQHQ0Mlbr 0xc000024310 0xc000024380}, shard:9, gid:102 servers:[server-102-0 server-102-1 server-102-2]
2026/02/12 11:39:12 [client] shardkv client get key:1 to server:&{tfrOSNitLSTi44r7CoPV 0xc000024310 0xc000024380}, shard:9, gid:102 servers:[server-102-0 server-102-1 server-102-2]
2026/02/12 11:39:13 [client] shardkv client get key:1 to server:&{akWd3dr-hzZu3PfWGKes 0xc000024310 0xc000024380}, shard:9, gid:102 servers:[server-102-0 server-102-1 server-102-2]
2026/02/12 11:39:13 [client] shardkv client get key:1 to server:&{0mxlf5pS5DwrYdzvCDHD 0xc000024310 0xc000024380}, shard:9, gid:102 servers:[server-102-0 server-102-1 server-102-2]
2026/02/12 11:39:13 [client] shardkv client get key:1 to server:&{1d2ojbhHeITM5xwkiTAe 0xc000024310 0xc000024380}, shard:9, gid:102 servers:[server-102-0 server-102-1 server-102-2]
2026/02/12 11:39:13 [client] shardkv client get key:1 to server:&{7AzY3bfpUNTyrRwBXAjd 0xc000024310 0xc000024380}, shard:9, gid:102 servers:[server-102-0 server-102-1 server-102-2]
2026/02/12 11:39:13 [client] shardkv client get key:1 to server:&{leTx6LlGLyqtQURtkrVq 0xc000024310 0xc000024380}, shard:9, gid:102 servers:[server-102-0 server-102-1 server-102-2]
2026/02/12 11:39:13 [client] shardkv client get key:1 to server:&{oj1rKqTENke4mee3qP9p 0xc000024310 0xc000024380}, shard:9, gid:102 servers:[server-102-0 server-102-1 server-102-2]
2026/02/12 11:39:14 [client] shardkv client get key:1 to server:&{lve2qLqDyTFxZGDG6np5 0xc000024310 0xc000024380}, shard:9, gid:102 servers:[server-102-0 server-102-1 server-102-2]
2026/02/12 11:39:14 [client] shardkv client get key:1 to server:&{3VRl-N2H7FtEgxqZOOQF 0xc000024310 0xc000024380}, shard:9, gid:102 servers:[server-102-0 server-102-1 server-102-2]
2026/02/12 11:39:14 [client] shardkv client get key:1 to server:&{eOf3SRP7TVvfUU1Bx8Bl 0xc000024310 0xc000024380}, shard:9, gid:102 servers:[server-102-0 server-102-1 server-102-2]
2026/02/12 11:39:14 [client] shardkv client get key:1 to server:&{TfrqbJDN6mirQ6sWtTNB 0xc000024310 0xc000024380}, shard:9, gid:102 servers:[server-102-0 server-102-1 server-102-2]
2026/02/12 11:39:14 [client] shardkv client get key:1 to server:&{jsLurONjk_u_4kwBCumn 0xc000024310 0xc000024380}, shard:9, gid:102 servers:[server-102-0 server-102-1 server-102-2]
2026/02/12 11:39:15 [client] shardkv client get key:1 to server:&{fhTKUepPc6olNOcavNRc 0xc000024310 0xc000024380}, shard:9, gid:102 servers:[server-102-0 server-102-1 server-102-2]
2026/02/12 11:39:15 [client] shardkv client get key:1 to server:&{AMdN_V0yAs4HXGnrvYkM 0xc000024310 0xc000024380}, shard:9, gid:102 servers:[server-102-0 server-102-1 server-102-2]
2026/02/12 11:39:15 [client] shardkv client get key:1 to server:&{Bb0cRPtgg9yVdS30xlz3 0xc000024310 0xc000024380}, shard:9, gid:102 servers:[server-102-0 server-102-1 server-102-2]
2026/02/12 11:39:15 [client] shardkv client get key:1 to server:&{MjXL-IuAluHQCrFA20kT 0xc000024310 0xc000024380}, shard:9, gid:102 servers:[server-102-0 server-102-1 server-102-2]
2026/02/12 11:39:15 [client] shardkv client get key:1 to server:&{PfMl-52hPcH1IYMKTcQ5 0xc000024310 0xc000024380}, shard:9, gid:102 servers:[server-102-0 server-102-1 server-102-2]
2026/02/12 11:39:15 [client] shardkv client get key:1 to server:&{sPeNDHgjRpUsU10-s_KF 0xc000024310 0xc000024380}, shard:9, gid:102 servers:[server-102-0 server-102-1 server-102-2]
2026/02/12 11:39:16 [client] shardkv client get key:1 to server:&{qI8mxpV-Cg9wZf3X8phw 0xc000024310 0xc000024380}, shard:9, gid:102 servers:[server-102-0 server-102-1 server-102-2]
2026/02/12 11:39:16 [client] shardkv client get key:1 to server:&{JpT-H0zuKTvCBnMDsRCm 0xc000024310 0xc000024380}, shard:9, gid:102 servers:[server-102-0 server-102-1 server-102-2]
2026/02/12 11:39:16 [client] shardkv client get key:1 to server:&{9cTiSraktUZwuQ1LM0_y 0xc000024310 0xc000024380}, shard:9, gid:102 servers:[server-102-0 server-102-1 server-102-2]
2026/02/12 11:39:16 [client] shardkv client get key:1 to server:&{lfktOKOIFrRX0mVPx-gU 0xc000024310 0xc000024380}, shard:9, gid:102 servers:[server-102-0 server-102-1 server-102-2]
2026/02/12 11:39:16 [client] shardkv client get key:1 to server:&{oMfTnUJQLxCWibn2Sa13 0xc000024310 0xc000024380}, shard:9, gid:102 servers:[server-102-0 server-102-1 server-102-2]
2026/02/12 11:39:16 [client] shardkv client get key:1 to server:&{SJPKjK-xN8E77gGQ3Mgp 0xc000024310 0xc000024380}, shard:9, gid:102 servers:[server-102-0 server-102-1 server-102-2]
2026/02/12 11:39:17 [client] shardkv client get key:1 to server:&{vmQpk2rFTibMANCBBg4w 0xc000024310 0xc000024380}, shard:9, gid:102 servers:[server-102-0 server-102-1 server-102-2]
2026/02/12 11:39:17 [client] shardkv client get key:1 to server:&{B2Q4glaWFxVu-t2ZLozO 0xc000024310 0xc000024380}, shard:9, gid:102 servers:[server-102-0 server-102-1 server-102-2]
2026/02/12 11:39:17 [client] shardkv client get key:1 to server:&{ZoRyq8rJeX31PSDp6WLh 0xc000024310 0xc000024380}, shard:9, gid:102 servers:[server-102-0 server-102-1 server-102-2]
2026/02/12 11:39:17 [client] shardkv client get key:1 to server:&{uoLK4ZbXnMjt39i5IkIK 0xc000024310 0xc000024380}, shard:9, gid:102 servers:[server-102-0 server-102-1 server-102-2]
2026/02/12 11:39:17 [client] shardkv client get key:1 to server:&{m-rAjtmgMUnL1sFzfgdW 0xc000024310 0xc000024380}, shard:9, gid:102 servers:[server-102-0 server-102-1 server-102-2]
2026/02/12 11:39:17 [client] shardkv client get key:1 to server:&{0KBDi_4UyabjgRbQmeKq 0xc000024310 0xc000024380}, shard:9, gid:102 servers:[server-102-0 server-102-1 server-102-2]
2026/02/12 11:39:18 [client] shardkv client get key:1 to server:&{hqB1BixoPI6NcDTNpnZ7 0xc000024310 0xc000024380}, shard:9, gid:102 servers:[server-102-0 server-102-1 server-102-2]
2026/02/12 11:39:18 [client] shardkv client get key:1 to server:&{-Hd8QC8DB4E9X3_GVla1 0xc000024310 0xc000024380}, shard:9, gid:102 servers:[server-102-0 server-102-1 server-102-2]
2026/02/12 11:39:18 [client] shardkv client get key:1 to server:&{6g-GVM5c79-gfXOlurtI 0xc000024310 0xc000024380}, shard:9, gid:102 servers:[server-102-0 server-102-1 server-102-2]
2026/02/12 11:39:18 [client] shardkv client get key:1 to server:&{CNLeToe35DhZoR-rhQJ_ 0xc000024310 0xc000024380}, shard:9, gid:102 servers:[server-102-0 server-102-1 server-102-2]
2026/02/12 11:39:18 [client] shardkv client get key:1 to server:&{EfpdIhkeE7VSC9v4glc_ 0xc000024310 0xc000024380}, shard:9, gid:102 servers:[server-102-0 server-102-1 server-102-2]
2026/02/12 11:39:18 [client] shardkv client get key:1 to server:&{w4Ep3jE27yLTEVYybEJI 0xc000024310 0xc000024380}, shard:9, gid:102 servers:[server-102-0 server-102-1 server-102-2]
2026/02/12 11:39:19 [client] shardkv client get key:1 to server:&{GCIysMtsySyZRDdmIE6p 0xc000024310 0xc000024380}, shard:9, gid:102 servers:[server-102-0 server-102-1 server-102-2]
2026/02/12 11:39:19 [client] shardkv client get key:1 to server:&{PgUje6GysIKuq62T4MG6 0xc000024310 0xc000024380}, shard:9, gid:102 servers:[server-102-0 server-102-1 server-102-2]
2026/02/12 11:39:19 [client] shardkv client get key:1 to server:&{eGD2jQeMhz2E0iN3M2-f 0xc000024310 0xc000024380}, shard:9, gid:102 servers:[server-102-0 server-102-1 server-102-2]
2026/02/12 11:39:19 [client] shardkv client get key:1 to server:&{flMHZf1R-YupkCLCFq94 0xc000024310 0xc000024380}, shard:9, gid:102 servers:[server-102-0 server-102-1 server-102-2]
2026/02/12 11:39:19 [client] shardkv client get key:1 to server:&{GV694oFKQwgsbZUC2BFy 0xc000024310 0xc000024380}, shard:9, gid:102 servers:[server-102-0 server-102-1 server-102-2]
2026/02/12 11:39:20 [client] shardkv client get key:1 to server:&{eEDqSivdLQv6RXB-wYpw 0xc000024310 0xc000024380}, shard:9, gid:102 servers:[server-102-0 server-102-1 server-102-2]
2026/02/12 11:39:20 [client] shardkv client get key:1 to server:&{PtkG2BzFa71qyxZrP1Bg 0xc000024310 0xc000024380}, shard:9, gid:102 servers:[server-102-0 server-102-1 server-102-2]
2026/02/12 11:39:20 [client] shardkv client get key:1 to server:&{43pEY9Iif4btUIDZGYS7 0xc000024310 0xc000024380}, shard:9, gid:102 servers:[server-102-0 server-102-1 server-102-2]
2026/02/12 11:39:20 [client] shardkv client get key:1 to server:&{LbPlt0tIfPe1EkVwZFdy 0xc000024310 0xc000024380}, shard:9, gid:102 servers:[server-102-0 server-102-1 server-102-2]
2026/02/12 11:39:20 [client] shardkv client get key:1 to server:&{X3FGXoHT8e_h8xgc5l2A 0xc000024310 0xc000024380}, shard:9, gid:102 servers:[server-102-0 server-102-1 server-102-2]
2026/02/12 11:39:20 [client] shardkv client get key:1 to server:&{N4gh7wfDhvq_fVuxW_CQ 0xc000024310 0xc000024380}, shard:9, gid:102 servers:[server-102-0 server-102-1 server-102-2]
2026/02/12 11:39:21 [client] shardkv client get key:1 to server:&{JjE8cMqzxGy3cuagnPn2 0xc000024310 0xc000024380}, shard:9, gid:102 servers:[server-102-0 server-102-1 server-102-2]
2026/02/12 11:39:21 [client] shardkv client get key:1 to server:&{R2P3WpWgY2N7AscB1p4x 0xc000024310 0xc000024380}, shard:9, gid:102 servers:[server-102-0 server-102-1 server-102-2]
2026/02/12 11:39:21 [client] shardkv client get key:1 to server:&{2g7LtvK_mz35z5AwMVfD 0xc000024310 0xc000024380}, shard:9, gid:102 servers:[server-102-0 server-102-1 server-102-2]
2026/02/12 11:39:21 [client] shardkv client get key:1 to server:&{nh-OdCQ4h-3uxY-aKKDq 0xc000024310 0xc000024380}, shard:9, gid:102 servers:[server-102-0 server-102-1 server-102-2]
2026/02/12 11:39:21 [client] shardkv client get key:1 to server:&{ZeVuz7Tkz1_yH8YTAjIx 0xc000024310 0xc000024380}, shard:9, gid:102 servers:[server-102-0 server-102-1 server-102-2]
2026/02/12 11:39:21 [client] shardkv client get key:1 to server:&{4BUjnLkZETgAhCz9Wm5s 0xc000024310 0xc000024380}, shard:9, gid:102 servers:[server-102-0 server-102-1 server-102-2]
2026/02/12 11:39:22 [client] shardkv client get key:1 to server:&{r_BSApekT1a68oz6nBE9 0xc000024310 0xc000024380}, shard:9, gid:102 servers:[server-102-0 server-102-1 server-102-2]
2026/02/12 11:39:22 [client] shardkv client get key:1 to server:&{Bzz55UV6tAG4_UYHkOUz 0xc000024310 0xc000024380}, shard:9, gid:102 servers:[server-102-0 server-102-1 server-102-2]
2026/02/12 11:39:22 [client] shardkv client get key:1 to server:&{7H82dIC1nSZz3D45jC5J 0xc000024310 0xc000024380}, shard:9, gid:102 servers:[server-102-0 server-102-1 server-102-2]
2026/02/12 11:39:22 [client] shardkv client get key:1 to server:&{whDHVXBk4yBTC1YfhQ31 0xc000024310 0xc000024380}, shard:9, gid:102 servers:[server-102-0 server-102-1 server-102-2]
2026/02/12 11:39:22 [client] shardkv client get key:1 to server:&{xuzoSKYGF74ViNhmlvX1 0xc000024310 0xc000024380}, shard:9, gid:102 servers:[server-102-0 server-102-1 server-102-2]
2026/02/12 11:39:22 [client] shardkv client get key:1 to server:&{UyYm1zD2KZr0d-vpNKIk 0xc000024310 0xc000024380}, shard:9, gid:102 servers:[server-102-0 server-102-1 server-102-2]
2026/02/12 11:39:23 [client] shardkv client get key:1 to server:&{10vdsirzPeCZfVF4hUoe 0xc000024310 0xc000024380}, shard:9, gid:102 servers:[server-102-0 server-102-1 server-102-2]
2026/02/12 11:39:23 [client] shardkv client get key:1 to server:&{6gCZRqu7qh8nq_IJUP3g 0xc000024310 0xc000024380}, shard:9, gid:102 servers:[server-102-0 server-102-1 server-102-2]
2026/02/12 11:39:23 [client] shardkv client get key:1 to server:&{yZ3u_ZafRaaDU-UOnpan 0xc000024310 0xc000024380}, shard:9, gid:102 servers:[server-102-0 server-102-1 server-102-2]
2026/02/12 11:39:23 [client] shardkv client get key:1 to server:&{6DQfnQuR8Yipdukt2rIK 0xc000024310 0xc000024380}, shard:9, gid:102 servers:[server-102-0 server-102-1 server-102-2]
2026/02/12 11:39:23 [client] shardkv client get key:1 to server:&{KGb1polt9L4_adoYEZ_P 0xc000024310 0xc000024380}, shard:9, gid:102 servers:[server-102-0 server-102-1 server-102-2]
2026/02/12 11:39:24 [client] shardkv client get key:1 to server:&{G0SsRbFaPVNUba_FHmG0 0xc000024310 0xc000024380}, shard:9, gid:102 servers:[server-102-0 server-102-1 server-102-2]
2026/02/12 11:39:24 [client] shardkv client get key:1 to server:&{h-n1nVRhglDAM0154jPX 0xc000024310 0xc000024380}, shard:9, gid:102 servers:[server-102-0 server-102-1 server-102-2]
2026/02/12 11:39:24 [client] shardkv client get key:1 to server:&{cCSqH50iAqm93oPRXweA 0xc000024310 0xc000024380}, shard:9, gid:102 servers:[server-102-0 server-102-1 server-102-2]
2026/02/12 11:39:24 [client] shardkv client get key:1 to server:&{JLdFcaNvF65b7Jb4_Onf 0xc000024310 0xc000024380}, shard:9, gid:102 servers:[server-102-0 server-102-1 server-102-2]
2026/02/12 11:39:24 [client] shardkv client get key:1 to server:&{vsoyJ1kd0woFj_f6HLdm 0xc000024310 0xc000024380}, shard:9, gid:102 servers:[server-102-0 server-102-1 server-102-2]
2026/02/12 11:39:24 [client] shardkv client get key:1 to server:&{DktZ5l-6cONOR5L3RnAG 0xc000024310 0xc000024380}, shard:9, gid:102 servers:[server-102-0 server-102-1 server-102-2]
2026/02/12 11:39:25 [client] shardkv client get key:1 to server:&{PH-41CXmsI6Yk2VyyQzf 0xc000024310 0xc000024380}, shard:9, gid:102 servers:[server-102-0 server-102-1 server-102-2]
2026/02/12 11:39:25 [client] shardkv client get key:1 to server:&{nyh4gy8QwO-5iSPbL51s 0xc000024310 0xc000024380}, shard:9, gid:102 servers:[server-102-0 server-102-1 server-102-2]
2026/02/12 11:39:25 [client] shardkv client get key:1 to server:&{gwP9LTGcMPBq-OmrojQo 0xc000024310 0xc000024380}, shard:9, gid:102 servers:[server-102-0 server-102-1 server-102-2]
2026/02/12 11:39:25 [client] shardkv client get key:1 to server:&{Qo3iWvaLFxuQKKi0FGSY 0xc000024310 0xc000024380}, shard:9, gid:102 servers:[server-102-0 server-102-1 server-102-2]
2026/02/12 11:39:25 [client] shardkv client get key:1 to server:&{_GNKPFpLJkzrFrhGFV9G 0xc000024310 0xc000024380}, shard:9, gid:102 servers:[server-102-0 server-102-1 server-102-2]
2026/02/12 11:39:26 [client] shardkv client get key:1 to server:&{DKIWmyDJ9mGaMQyyeOG4 0xc000024310 0xc000024380}, shard:9, gid:102 servers:[server-102-0 server-102-1 server-102-2]
2026/02/12 11:39:26 [client] shardkv client get key:1 to server:&{KuHqLOAqCmVxxqCQbrzX 0xc000024310 0xc000024380}, shard:9, gid:102 servers:[server-102-0 server-102-1 server-102-2]
2026/02/12 11:39:26 [client] shardkv client get key:1 to server:&{q4snGwZIiwzGZ5HOyfuG 0xc000024310 0xc000024380}, shard:9, gid:102 servers:[server-102-0 server-102-1 server-102-2]
2026/02/12 11:39:26 [client] shardkv client get key:1 to server:&{H-ZJ30MOQnGeSPRvH-N7 0xc000024310 0xc000024380}, shard:9, gid:102 servers:[server-102-0 server-102-1 server-102-2]
2026/02/12 11:39:26 [client] shardkv client get key:1 to server:&{lQVCiqfwhu6oaY9rqrfg 0xc000024310 0xc000024380}, shard:9, gid:102 servers:[server-102-0 server-102-1 server-102-2]
2026/02/12 11:39:27 [client] shardkv client get key:1 to server:&{2eQtuxblC18ONc_lSy-p 0xc000024310 0xc000024380}, shard:9, gid:102 servers:[server-102-0 server-102-1 server-102-2]
2026/02/12 11:39:27 [client] shardkv client get key:1 to server:&{KQVqkeBamKrtHX1gTOtj 0xc000024310 0xc000024380}, shard:9, gid:102 servers:[server-102-0 server-102-1 server-102-2]
2026/02/12 11:39:27 [client] shardkv client get key:1 to server:&{5YPkSsho6IXD7_THZ2Wd 0xc000024310 0xc000024380}, shard:9, gid:102 servers:[server-102-0 server-102-1 server-102-2]
2026/02/12 11:39:27 [client] shardkv client get key:1 to server:&{xjqo3kTWMj3Q6Ih66S18 0xc000024310 0xc000024380}, shard:9, gid:102 servers:[server-102-0 server-102-1 server-102-2]
2026/02/12 11:39:27 [client] shardkv client get key:1 to server:&{aVcY_NUUQcSdO2Nn1vZR 0xc000024310 0xc000024380}, shard:9, gid:102 servers:[server-102-0 server-102-1 server-102-2]
2026/02/12 11:39:27 [client] shardkv client get key:1 to server:&{Ej8AZT8cUsenxHtGlSPB 0xc000024310 0xc000024380}, shard:9, gid:102 servers:[server-102-0 server-102-1 server-102-2]
2026/02/12 11:39:28 [client] shardkv client get key:1 to server:&{gj2liHP_E_m5wvZqFnSe 0xc000024310 0xc000024380}, shard:9, gid:102 servers:[server-102-0 server-102-1 server-102-2]
2026/02/12 11:39:28 [client] shardkv client get key:1 to server:&{qGm02JFi85pdrb5bROc8 0xc000024310 0xc000024380}, shard:9, gid:102 servers:[server-102-0 server-102-1 server-102-2]
2026/02/12 11:39:28 [client] shardkv client get key:1 to server:&{t-XwdVnuEWX3AGNPBRil 0xc000024310 0xc000024380}, shard:9, gid:102 servers:[server-102-0 server-102-1 server-102-2]
2026/02/12 11:39:28 [client] shardkv client get key:1 to server:&{PYTNU7JcCKWcU5_H8-jk 0xc000024310 0xc000024380}, shard:9, gid:102 servers:[server-102-0 server-102-1 server-102-2]
2026/02/12 11:39:28 [client] shardkv client get key:1 to server:&{DnGTlgy2r4FRoyY5lzPy 0xc000024310 0xc000024380}, shard:9, gid:102 servers:[server-102-0 server-102-1 server-102-2]
2026/02/12 11:39:29 [client] shardkv client get key:1 to server:&{CMQJxt8YHGLTLMYGXRZg 0xc000024310 0xc000024380}, shard:9, gid:102 servers:[server-102-0 server-102-1 server-102-2]
2026/02/12 11:39:29 [client] shardkv client get key:1 to server:&{FBOF0hjhC65adYOhVLZl 0xc000024310 0xc000024380}, shard:9, gid:102 servers:[server-102-0 server-102-1 server-102-2]
2026/02/12 11:39:29 [client] shardkv client get key:1 to server:&{qcD2CDT71WL7462v0aGQ 0xc000024310 0xc000024380}, shard:9, gid:102 servers:[server-102-0 server-102-1 server-102-2]
2026/02/12 11:39:29 [client] shardkv client get key:1 to server:&{zvku_9c555EFO65fF3U2 0xc000024310 0xc000024380}, shard:9, gid:102 servers:[server-102-0 server-102-1 server-102-2]
2026/02/12 11:39:29 [client] shardkv client get key:1 to server:&{b7PgBXfEQipDAfR0juei 0xc000024310 0xc000024380}, shard:9, gid:102 servers:[server-102-0 server-102-1 server-102-2]
2026/02/12 11:39:29 [client] shardkv client get key:1 to server:&{hMBQni1nCzfIyFtXtdyB 0xc000024310 0xc000024380}, shard:9, gid:102 servers:[server-102-0 server-102-1 server-102-2]
2026/02/12 11:39:30 [client] shardkv client get key:1 to server:&{5swWmBJoXt6NYragy5Ah 0xc000024310 0xc000024380}, shard:9, gid:102 servers:[server-102-0 server-102-1 server-102-2]
2026/02/12 11:39:30 [client] shardkv client get key:1 to server:&{zItRd6DLcS7DBePgqlPE 0xc000024310 0xc000024380}, shard:9, gid:102 servers:[server-102-0 server-102-1 server-102-2]
2026/02/12 11:39:30 [client] shardkv client get key:1 to server:&{zZpaqRhnRyzouzqeeLGp 0xc000024310 0xc000024380}, shard:9, gid:102 servers:[server-102-0 server-102-1 server-102-2]
2026/02/12 11:39:30 [client] shardkv client get key:1 to server:&{rWfXPoB7895FidcQAVxB 0xc000024310 0xc000024380}, shard:9, gid:102 servers:[server-102-0 server-102-1 server-102-2]
2026/02/12 11:39:30 [client] shardkv client get key:1 to server:&{ycjPkpn4Jj6hsG9LcMNq 0xc000024310 0xc000024380}, shard:9, gid:102 servers:[server-102-0 server-102-1 server-102-2]
2026/02/12 11:39:31 [client] shardkv client get key:1 to server:&{gZmSLUwyyUhMCmlcmypu 0xc000024310 0xc000024380}, shard:9, gid:102 servers:[server-102-0 server-102-1 server-102-2]
2026/02/12 11:39:31 [client] shardkv client get key:1 to server:&{GpqU2y7EVVBl-uvFVXiX 0xc000024310 0xc000024380}, shard:9, gid:102 servers:[server-102-0 server-102-1 server-102-2]
2026/02/12 11:39:31 [client] shardkv client get key:1 to server:&{Nmvo6516NLvE2G7PtP7Q 0xc000024310 0xc000024380}, shard:9, gid:102 servers:[server-102-0 server-102-1 server-102-2]
2026/02/12 11:39:31 [client] shardkv client get key:1 to server:&{TcGHHiPPqKA6Aale7Z6y 0xc000024310 0xc000024380}, shard:9, gid:102 servers:[server-102-0 server-102-1 server-102-2]
2026/02/12 11:39:31 [client] shardkv client get key:1 to server:&{z95WGp81oipMNBnE4cA4 0xc000024310 0xc000024380}, shard:9, gid:102 servers:[server-102-0 server-102-1 server-102-2]
2026/02/12 11:39:32 [client] shardkv client get key:1 to server:&{OyminyVUq77y0pkXSX6o 0xc000024310 0xc000024380}, shard:9, gid:102 servers:[server-102-0 server-102-1 server-102-2]
2026/02/12 11:39:32 [client] shardkv client get key:1 to server:&{HrPDT8ReOLrc-KNtjr0J 0xc000024310 0xc000024380}, shard:9, gid:102 servers:[server-102-0 server-102-1 server-102-2]
2026/02/12 11:39:32 [client] shardkv client get key:1 to server:&{RUowh4fE52-LwR-v_SVp 0xc000024310 0xc000024380}, shard:9, gid:102 servers:[server-102-0 server-102-1 server-102-2]
2026/02/12 11:39:32 [client] shardkv client get key:1 to server:&{yJUDX5tYmJzRT84ivCYd 0xc000024310 0xc000024380}, shard:9, gid:102 servers:[server-102-0 server-102-1 server-102-2]
2026/02/12 11:39:32 [client] shardkv client get key:1 to server:&{BTGWOmtM11rBYJ5XBYqD 0xc000024310 0xc000024380}, shard:9, gid:102 servers:[server-102-0 server-102-1 server-102-2]
2026/02/12 11:39:32 [client] shardkv client get key:1 to server:&{ojKiyIvpGFC40yWjbRpo 0xc000024310 0xc000024380}, shard:9, gid:102 servers:[server-102-0 server-102-1 server-102-2]
2026/02/12 11:39:33 [client] shardkv client get key:1 to server:&{W5I5GXjSe513rx--slhz 0xc000024310 0xc000024380}, shard:9, gid:102 servers:[server-102-0 server-102-1 server-102-2]
2026/02/12 11:39:33 [client] shardkv client get key:1 to server:&{Zox5Kqs1g2sg3dLR2cYD 0xc000024310 0xc000024380}, shard:9, gid:102 servers:[server-102-0 server-102-1 server-102-2]
2026/02/12 11:39:33 [client] shardkv client get key:1 to server:&{FdNaG95wE9gWu3N54rvM 0xc000024310 0xc000024380}, shard:9, gid:102 servers:[server-102-0 server-102-1 server-102-2]
2026/02/12 11:39:33 [client] shardkv client get key:1 to server:&{1EiCgwGdVdgHQB2RBDZA 0xc000024310 0xc000024380}, shard:9, gid:102 servers:[server-102-0 server-102-1 server-102-2]
2026/02/12 11:39:33 [client] shardkv client get key:1 to server:&{rlOGmfLAfCHT5AcbkT3e 0xc000024310 0xc000024380}, shard:9, gid:102 servers:[server-102-0 server-102-1 server-102-2]
2026/02/12 11:39:34 [client] shardkv client get key:1 to server:&{rfM_PRcLE2ZIldh0hs05 0xc000024310 0xc000024380}, shard:9, gid:102 servers:[server-102-0 server-102-1 server-102-2]
2026/02/12 11:39:34 [client] shardkv client get key:1 to server:&{EUHfue0wqxdjqrhLBilb 0xc000024310 0xc000024380}, shard:9, gid:102 servers:[server-102-0 server-102-1 server-102-2]
2026/02/12 11:39:34 [client] shardkv client get key:1 to server:&{dYgZbtK99iY0i5jvQvUy 0xc000024310 0xc000024380}, shard:9, gid:102 servers:[server-102-0 server-102-1 server-102-2]
2026/02/12 11:39:34 [client] shardkv client get key:1 to server:&{J1mw3S7Xe9mfC5L5B_II 0xc000024310 0xc000024380}, shard:9, gid:102 servers:[server-102-0 server-102-1 server-102-2]
2026/02/12 11:39:34 [client] shardkv client get key:1 to server:&{zkHld1g4WtTlA5_VS8Df 0xc000024310 0xc000024380}, shard:9, gid:102 servers:[server-102-0 server-102-1 server-102-2]
2026/02/12 11:39:35 [client] shardkv client get key:1 to server:&{XprqRqdH9IPAh9FHYVDi 0xc000024310 0xc000024380}, shard:9, gid:102 servers:[server-102-0 server-102-1 server-102-2]
2026/02/12 11:39:35 [client] shardkv client get key:1 to server:&{vxShVBGLXjTgz_CDKnp5 0xc000024310 0xc000024380}, shard:9, gid:102 servers:[server-102-0 server-102-1 server-102-2]
2026/02/12 11:39:35 [client] shardkv client get key:1 to server:&{so8Ixg-0z3dt9639pqXy 0xc000024310 0xc000024380}, shard:9, gid:102 servers:[server-102-0 server-102-1 server-102-2]
2026/02/12 11:39:35 [client] shardkv client get key:1 to server:&{wqOh746azakbeem1gMpF 0xc000024310 0xc000024380}, shard:9, gid:102 servers:[server-102-0 server-102-1 server-102-2]
2026/02/12 11:39:35 [client] shardkv client get key:1 to server:&{XDAwT01T5nz0bvPvefwR 0xc000024310 0xc000024380}, shard:9, gid:102 servers:[server-102-0 server-102-1 server-102-2]
2026/02/12 11:39:36 [client] shardkv client get key:1 to server:&{XDOveMeWcXYdppwA27Cn 0xc000024310 0xc000024380}, shard:9, gid:102 servers:[server-102-0 server-102-1 server-102-2]
2026/02/12 11:39:36 [client] shardkv client get key:1 to server:&{p9pFpxjTU_ejrumcV4TB 0xc000024310 0xc000024380}, shard:9, gid:102 servers:[server-102-0 server-102-1 server-102-2]
2026/02/12 11:39:36 [client] shardkv client get key:1 to server:&{csiVG9GkESGt1Y0PljDk 0xc000024310 0xc000024380}, shard:9, gid:102 servers:[server-102-0 server-102-1 server-102-2]
2026/02/12 11:39:36 [client] shardkv client get key:1 to server:&{ssR86gLRdoFLnAK6TOLV 0xc000024310 0xc000024380}, shard:9, gid:102 servers:[server-102-0 server-102-1 server-102-2]
2026/02/12 11:39:36 [client] shardkv client get key:1 to server:&{ki4hxlT-hG9_6j1vCPBj 0xc000024310 0xc000024380}, shard:9, gid:102 servers:[server-102-0 server-102-1 server-102-2]
2026/02/12 11:39:37 [client] shardkv client get key:1 to server:&{dyrmMOe5rEsfVYrRykVE 0xc000024310 0xc000024380}, shard:9, gid:102 servers:[server-102-0 server-102-1 server-102-2]
2026/02/12 11:39:37 [client] shardkv client get key:1 to server:&{OjNgZ_Bv5L48qDBjP2ST 0xc000024310 0xc000024380}, shard:9, gid:102 servers:[server-102-0 server-102-1 server-102-2]
2026/02/12 11:39:37 [client] shardkv client get key:1 to server:&{FdcZDN8f52idlWjKHKOg 0xc000024310 0xc000024380}, shard:9, gid:102 servers:[server-102-0 server-102-1 server-102-2]
2026/02/12 11:39:37 [client] shardkv client get key:1 to server:&{s-b9RLgYnN3VGTH2ET_9 0xc000024310 0xc000024380}, shard:9, gid:102 servers:[server-102-0 server-102-1 server-102-2]
2026/02/12 11:39:37 [client] shardkv client get key:1 to server:&{KXOPekw_NZ69qbnB7rT4 0xc000024310 0xc000024380}, shard:9, gid:102 servers:[server-102-0 server-102-1 server-102-2]
2026/02/12 11:39:38 [client] shardkv client get key:1 to server:&{Ib32I2rHdwROvLslGJUi 0xc000024310 0xc000024380}, shard:9, gid:102 servers:[server-102-0 server-102-1 server-102-2]
2026/02/12 11:39:38 [client] shardkv client get key:1 to server:&{wODFZ_6Uf9MkF8aELwO0 0xc000024310 0xc000024380}, shard:9, gid:102 servers:[server-102-0 server-102-1 server-102-2]
2026/02/12 11:39:38 [client] shardkv client get key:1 to server:&{KwQuBaj5SFcNvtzFErrN 0xc000024310 0xc000024380}, shard:9, gid:102 servers:[server-102-0 server-102-1 server-102-2]
2026/02/12 11:39:38 [client] shardkv client get key:1 to server:&{6PjOK1Bxymewavx6PQ00 0xc000024310 0xc000024380}, shard:9, gid:102 servers:[server-102-0 server-102-1 server-102-2]
2026/02/12 11:39:39 [client] shardkv client get key:1 to server:&{jArmB2Yoss108BMmvmM- 0xc000024310 0xc000024380}, shard:9, gid:102 servers:[server-102-0 server-102-1 server-102-2]
2026/02/12 11:39:39 [client] shardkv client get key:1 to server:&{MraChNxi2_4lVWZX4Mul 0xc000024310 0xc000024380}, shard:9, gid:102 servers:[server-102-0 server-102-1 server-102-2]
2026/02/12 11:39:39 [client] shardkv client get key:1 to server:&{vIaNQsTJ4tmQ98JyCHE3 0xc000024310 0xc000024380}, shard:9, gid:102 servers:[server-102-0 server-102-1 server-102-2]
2026/02/12 11:39:39 [client] shardkv client get key:1 to server:&{07tSIKxzJQA-JIDaY6A5 0xc000024310 0xc000024380}, shard:9, gid:102 servers:[server-102-0 server-102-1 server-102-2]
2026/02/12 11:39:39 [client] shardkv client get key:1 to server:&{8EnwHeRSNPW8a4j-R3h6 0xc000024310 0xc000024380}, shard:9, gid:102 servers:[server-102-0 server-102-1 server-102-2]
2026/02/12 11:39:40 [client] shardkv client get key:1 to server:&{YC_CJ6dVs-m8sjBt09oW 0xc000024310 0xc000024380}, shard:9, gid:102 servers:[server-102-0 server-102-1 server-102-2]
2026/02/12 11:39:40 [client] shardkv client get key:1 to server:&{Ak6NhtgBfdRd61Twb2qB 0xc000024310 0xc000024380}, shard:9, gid:102 servers:[server-102-0 server-102-1 server-102-2]
2026/02/12 11:39:40 [client] shardkv client get key:1 to server:&{5Ak8Cdjxw7285whSI6e1 0xc000024310 0xc000024380}, shard:9, gid:102 servers:[server-102-0 server-102-1 server-102-2]
2026/02/12 11:39:40 [client] shardkv client get key:1 to server:&{XNH345y7O7_QwVi12Ozo 0xc000024310 0xc000024380}, shard:9, gid:102 servers:[server-102-0 server-102-1 server-102-2]
2026/02/12 11:39:41 [client] shardkv client get key:1 to server:&{MPfmWUMXY3VMQ00Gti0s 0xc000024310 0xc000024380}, shard:9, gid:102 servers:[server-102-0 server-102-1 server-102-2]
2026/02/12 11:39:41 [client] shardkv client get key:1 to server:&{oUWiRC6NsN13OID_tD2n 0xc000024310 0xc000024380}, shard:9, gid:102 servers:[server-102-0 server-102-1 server-102-2]
2026/02/12 11:39:41 [client] shardkv client get key:1 to server:&{19FpIfKBtlGp2pnfUCGV 0xc000024310 0xc000024380}, shard:9, gid:102 servers:[server-102-0 server-102-1 server-102-2]
2026/02/12 11:39:41 [client] shardkv client get key:1 to server:&{b922DNbLTcLGAIMqyPh5 0xc000024310 0xc000024380}, shard:9, gid:102 servers:[server-102-0 server-102-1 server-102-2]
2026/02/12 11:39:42 [client] shardkv client get key:1 to server:&{AqG7JFcMM-nFEpGTV4h3 0xc000024310 0xc000024380}, shard:9, gid:102 servers:[server-102-0 server-102-1 server-102-2]
2026/02/12 11:39:42 [client] shardkv client get key:1 to server:&{6Nb4_XS49QB51mltgxWG 0xc000024310 0xc000024380}, shard:9, gid:102 servers:[server-102-0 server-102-1 server-102-2]
2026/02/12 11:39:42 [client] shardkv client get key:1 to server:&{Wq39_ygPcFm3jgqClE8Y 0xc000024310 0xc000024380}, shard:9, gid:102 servers:[server-102-0 server-102-1 server-102-2]
2026/02/12 11:39:42 [client] shardkv client get key:1 to server:&{HIkGrVfQvIZhHxFKtTCg 0xc000024310 0xc000024380}, shard:9, gid:102 servers:[server-102-0 server-102-1 server-102-2]
2026/02/12 11:39:42 [client] shardkv client get key:1 to server:&{BQzJlIZfUOBAKuU5VBS7 0xc000024310 0xc000024380}, shard:9, gid:102 servers:[server-102-0 server-102-1 server-102-2]
2026/02/12 11:39:43 [client] shardkv client get key:1 to server:&{vgiT-dnjD4A53SH4Q4HO 0xc000024310 0xc000024380}, shard:9, gid:102 servers:[server-102-0 server-102-1 server-102-2]
2026/02/12 11:39:43 [client] shardkv client get key:1 to server:&{lQ8Caa0zYMmiKsiUAYYx 0xc000024310 0xc000024380}, shard:9, gid:102 servers:[server-102-0 server-102-1 server-102-2]
2026/02/12 11:39:43 [client] shardkv client get key:1 to server:&{2y4lNujeEx1SyBPpihIm 0xc000024310 0xc000024380}, shard:9, gid:102 servers:[server-102-0 server-102-1 server-102-2]
2026/02/12 11:39:43 [client] shardkv client get key:1 to server:&{ct7f9HNts-dgDUP-bpRg 0xc000024310 0xc000024380}, shard:9, gid:102 servers:[server-102-0 server-102-1 server-102-2]
2026/02/12 11:39:44 [client] shardkv client get key:1 to server:&{Prm_aisO7gzKkIGcCie6 0xc000024310 0xc000024380}, shard:9, gid:102 servers:[server-102-0 server-102-1 server-102-2]
2026/02/12 11:39:44 [client] shardkv client get key:1 to server:&{ikhe80A8IHKejG5WY_WR 0xc000024310 0xc000024380}, shard:9, gid:102 servers:[server-102-0 server-102-1 server-102-2]
2026/02/12 11:39:44 [client] shardkv client get key:1 to server:&{70PtsX5lN6_eXucQZLsm 0xc000024310 0xc000024380}, shard:9, gid:102 servers:[server-102-0 server-102-1 server-102-2]
2026/02/12 11:39:44 [client] shardkv client get key:1 to server:&{BzCaEP-A7Wm_Xrhyd96Q 0xc000024310 0xc000024380}, shard:9, gid:102 servers:[server-102-0 server-102-1 server-102-2]
2026/02/12 11:39:45 [client] shardkv client get key:1 to server:&{n2L-xdBqINVgXPHl3ka0 0xc000024310 0xc000024380}, shard:9, gid:102 servers:[server-102-0 server-102-1 server-102-2]
2026/02/12 11:39:45 [client] shardkv client get key:1 to server:&{ZOT6i6dRkuOkYa2Wc_PZ 0xc000024310 0xc000024380}, shard:9, gid:102 servers:[server-102-0 server-102-1 server-102-2]
2026/02/12 11:39:45 [client] shardkv client get key:1 to server:&{Kuhnk3uENfE8NyJa-Jkj 0xc000024310 0xc000024380}, shard:9, gid:102 servers:[server-102-0 server-102-1 server-102-2]
2026/02/12 11:39:45 [client] shardkv client get key:1 to server:&{Re7f9cF2ltNukcHNETMN 0xc000024310 0xc000024380}, shard:9, gid:102 servers:[server-102-0 server-102-1 server-102-2]
2026/02/12 11:39:46 [client] shardkv client get key:1 to server:&{Zj0i5fjJyqrN3aAoOiq2 0xc000024310 0xc000024380}, shard:9, gid:102 servers:[server-102-0 server-102-1 server-102-2]
2026/02/12 11:39:46 [client] shardkv client get key:1 to server:&{Z_nwIqstW6CpmrJah1Sl 0xc000024310 0xc000024380}, shard:9, gid:102 servers:[server-102-0 server-102-1 server-102-2]
2026/02/12 11:39:46 [client] shardkv client get key:1 to server:&{YSjnM8mSCPPBK82-GLj9 0xc000024310 0xc000024380}, shard:9, gid:102 servers:[server-102-0 server-102-1 server-102-2]
2026/02/12 11:39:46 [client] shardkv client get key:1 to server:&{gGWSTonxY7TD0GAcSCm1 0xc000024310 0xc000024380}, shard:9, gid:102 servers:[server-102-0 server-102-1 server-102-2]
2026/02/12 11:39:47 [client] shardkv client get key:1 to server:&{_--KFd9BUrL5YLcv6od1 0xc000024310 0xc000024380}, shard:9, gid:102 servers:[server-102-0 server-102-1 server-102-2]
2026/02/12 11:39:47 [client] shardkv client get key:1 to server:&{p2G-TW61kz5ZnHentZFY 0xc000024310 0xc000024380}, shard:9, gid:102 servers:[server-102-0 server-102-1 server-102-2]
2026/02/12 11:39:47 [client] shardkv client get key:1 to server:&{7XPK6Iw7hrQS2Mk0E1Xf 0xc000024310 0xc000024380}, shard:9, gid:102 servers:[server-102-0 server-102-1 server-102-2]
2026/02/12 11:39:47 [client] shardkv client get key:1 to server:&{HQmAfYD7TbRKGbqUISyg 0xc000024310 0xc000024380}, shard:9, gid:102 servers:[server-102-0 server-102-1 server-102-2]
2026/02/12 11:39:47 [client] shardkv client get key:1 to server:&{I4FNvG-sWGtRLyDmywA6 0xc000024310 0xc000024380}, shard:9, gid:102 servers:[server-102-0 server-102-1 server-102-2]
2026/02/12 11:39:48 [client] shardkv client get key:1 to server:&{vGnF1AZ_TBIoW2nsv-9K 0xc000024310 0xc000024380}, shard:9, gid:102 servers:[server-102-0 server-102-1 server-102-2]
2026/02/12 11:39:48 [client] shardkv client get key:1 to server:&{XHsfbff_oewESKZ6EjoZ 0xc000024310 0xc000024380}, shard:9, gid:102 servers:[server-102-0 server-102-1 server-102-2]
2026/02/12 11:39:48 [client] shardkv client get key:1 to server:&{RoP9qYVrjiGsrxoKMDbD 0xc000024310 0xc000024380}, shard:9, gid:102 servers:[server-102-0 server-102-1 server-102-2]
2026/02/12 11:39:48 [client] shardkv client get key:1 to server:&{eaGu-1bfxFxoIixE3hge 0xc000024310 0xc000024380}, shard:9, gid:102 servers:[server-102-0 server-102-1 server-102-2]
2026/02/12 11:39:49 [client] shardkv client get key:1 to server:&{KI22826x_1BBFrqUjg7q 0xc000024310 0xc000024380}, shard:9, gid:102 servers:[server-102-0 server-102-1 server-102-2]
2026/02/12 11:39:49 [client] shardkv client get key:1 to server:&{jdVdQU62FRRACvE-FUzo 0xc000024310 0xc000024380}, shard:9, gid:102 servers:[server-102-0 server-102-1 server-102-2]
2026/02/12 11:39:49 [client] shardkv client get key:1 to server:&{CtIUsrpR0IxuUD8fu_i9 0xc000024310 0xc000024380}, shard:9, gid:102 servers:[server-102-0 server-102-1 server-102-2]
2026/02/12 11:39:49 [client] shardkv client get key:1 to server:&{xkx3obM3IcTICKXZZiu3 0xc000024310 0xc000024380}, shard:9, gid:102 servers:[server-102-0 server-102-1 server-102-2]
2026/02/12 11:39:50 [client] shardkv client get key:1 to server:&{d8621JOIfJfClS7Dz7aD 0xc000024310 0xc000024380}, shard:9, gid:102 servers:[server-102-0 server-102-1 server-102-2]
2026/02/12 11:39:50 [client] shardkv client get key:1 to server:&{ej4UCTgsehyAaPaqUK4P 0xc000024310 0xc000024380}, shard:9, gid:102 servers:[server-102-0 server-102-1 server-102-2]
2026/02/12 11:39:50 [client] shardkv client get key:1 to server:&{gWd6lA8Efk4jicUGkCaR 0xc000024310 0xc000024380}, shard:9, gid:102 servers:[server-102-0 server-102-1 server-102-2]
2026/02/12 11:39:50 [client] shardkv client get key:1 to server:&{k1zNDgSPwKwDopnUv35E 0xc000024310 0xc000024380}, shard:9, gid:102 servers:[server-102-0 server-102-1 server-102-2]
2026/02/12 11:39:51 [client] shardkv client get key:1 to server:&{8Z2XkmptqhF0NUUAKYII 0xc000024310 0xc000024380}, shard:9, gid:102 servers:[server-102-0 server-102-1 server-102-2]
2026/02/12 11:39:51 [client] shardkv client get key:1 to server:&{0skVhioLVG4mrvvAXr3c 0xc000024310 0xc000024380}, shard:9, gid:102 servers:[server-102-0 server-102-1 server-102-2]
2026/02/12 11:39:51 [client] shardkv client get key:1 to server:&{30wWfJzuH-oNLV1qUaUy 0xc000024310 0xc000024380}, shard:9, gid:102 servers:[server-102-0 server-102-1 server-102-2]
2026/02/12 11:39:51 [client] shardkv client get key:1 to server:&{i2yoOmznG73osxq42ap9 0xc000024310 0xc000024380}, shard:9, gid:102 servers:[server-102-0 server-102-1 server-102-2]
2026/02/12 11:39:52 [client] shardkv client get key:1 to server:&{jVOErqWqEESzynZSrZ03 0xc000024310 0xc000024380}, shard:9, gid:102 servers:[server-102-0 server-102-1 server-102-2]
2026/02/12 11:39:52 [client] shardkv client get key:1 to server:&{1ea589mhjoEE9YUMGiHR 0xc000024310 0xc000024380}, shard:9, gid:102 servers:[server-102-0 server-102-1 server-102-2]
2026/02/12 11:39:52 [client] shardkv client get key:1 to server:&{_b-YRAxJCNwMBnZkSOTt 0xc000024310 0xc000024380}, shard:9, gid:102 servers:[server-102-0 server-102-1 server-102-2]
2026/02/12 11:39:52 [client] shardkv client get key:1 to server:&{rvR1S0NNgTRLkaI-qkOy 0xc000024310 0xc000024380}, shard:9, gid:102 servers:[server-102-0 server-102-1 server-102-2]
2026/02/12 11:39:53 [client] shardkv client get key:1 to server:&{l3AuodXanmwru5lXTU9d 0xc000024310 0xc000024380}, shard:9, gid:102 servers:[server-102-0 server-102-1 server-102-2]
2026/02/12 11:39:53 [client] shardkv client get key:1 to server:&{eOytPaML1HNJ0hxM6DNY 0xc000024310 0xc000024380}, shard:9, gid:102 servers:[server-102-0 server-102-1 server-102-2]
2026/02/12 11:39:53 [client] shardkv client get key:1 to server:&{NoooJvEH-fU5xaMSFTJP 0xc000024310 0xc000024380}, shard:9, gid:102 servers:[server-102-0 server-102-1 server-102-2]
2026/02/12 11:39:53 [client] shardkv client get key:1 to server:&{AfM1DUNYAgvEOHZxOJMC 0xc000024310 0xc000024380}, shard:9, gid:102 servers:[server-102-0 server-102-1 server-102-2]
2026/02/12 11:39:54 [client] shardkv client get key:1 to server:&{Dkb2K0I0PXuQe_m0mkeg 0xc000024310 0xc000024380}, shard:9, gid:102 servers:[server-102-0 server-102-1 server-102-2]
2026/02/12 11:39:54 [client] shardkv client get key:1 to server:&{6_SZ_TZ0D8oP3DfmxvtH 0xc000024310 0xc000024380}, shard:9, gid:102 servers:[server-102-0 server-102-1 server-102-2]
2026/02/12 11:39:54 [client] shardkv client get key:1 to server:&{MWwDQxNs0TK62rVMni6i 0xc000024310 0xc000024380}, shard:9, gid:102 servers:[server-102-0 server-102-1 server-102-2]
2026/02/12 11:39:54 [client] shardkv client get key:1 to server:&{S9_opZ6aeOtsAyvHS8h4 0xc000024310 0xc000024380}, shard:9, gid:102 servers:[server-102-0 server-102-1 server-102-2]
2026/02/12 11:39:55 [client] shardkv client get key:1 to server:&{KN3PU3P0SijMcQk6tRA_ 0xc000024310 0xc000024380}, shard:9, gid:102 servers:[server-102-0 server-102-1 server-102-2]
2026/02/12 11:39:55 [client] shardkv client get key:1 to server:&{rlEuuXIJTtWO6xovxZhP 0xc000024310 0xc000024380}, shard:9, gid:102 servers:[server-102-0 server-102-1 server-102-2]
2026/02/12 11:39:55 [client] shardkv client get key:1 to server:&{bt5nLJC_3R2o19mknWhg 0xc000024310 0xc000024380}, shard:9, gid:102 servers:[server-102-0 server-102-1 server-102-2]
2026/02/12 11:39:55 [client] shardkv client get key:1 to server:&{Pv8QmeAKoxNHgGqr6tUH 0xc000024310 0xc000024380}, shard:9, gid:102 servers:[server-102-0 server-102-1 server-102-2]
2026/02/12 11:39:55 [client] shardkv client get key:1 to server:&{R1b8yvbMkm0BWoypolXB 0xc000024310 0xc000024380}, shard:9, gid:102 servers:[server-102-0 server-102-1 server-102-2]
2026/02/12 11:39:56 [client] shardkv client get key:1 to server:&{fx8gOaQsDj49MTHfn7_- 0xc000024310 0xc000024380}, shard:9, gid:102 servers:[server-102-0 server-102-1 server-102-2]
2026/02/12 11:39:56 [client] shardkv client get key:1 to server:&{-_ARYdT2jl0bBws8PgvI 0xc000024310 0xc000024380}, shard:9, gid:102 servers:[server-102-0 server-102-1 server-102-2]
2026/02/12 11:39:56 [client] shardkv client get key:1 to server:&{3rV0DxCwdVPfYUf-Vd-9 0xc000024310 0xc000024380}, shard:9, gid:102 servers:[server-102-0 server-102-1 server-102-2]
2026/02/12 11:39:56 [client] shardkv client get key:1 to server:&{N58-b6p-qZDOG4CyF2Xo 0xc000024310 0xc000024380}, shard:9, gid:102 servers:[server-102-0 server-102-1 server-102-2]
2026/02/12 11:39:57 [client] shardkv client get key:1 to server:&{TIYyCy28B750VCvFyzTW 0xc000024310 0xc000024380}, shard:9, gid:102 servers:[server-102-0 server-102-1 server-102-2]
2026/02/12 11:39:57 [client] shardkv client get key:1 to server:&{oEb0K9yG-vTjFNcr-2s3 0xc000024310 0xc000024380}, shard:9, gid:102 servers:[server-102-0 server-102-1 server-102-2]
2026/02/12 11:39:57 [client] shardkv client get key:1 to server:&{E6HTqxmArTLQqcMmp-M1 0xc000024310 0xc000024380}, shard:9, gid:102 servers:[server-102-0 server-102-1 server-102-2]
2026/02/12 11:39:57 [client] shardkv client get key:1 to server:&{pOiGGNoq4oHjkRfPbco7 0xc000024310 0xc000024380}, shard:9, gid:102 servers:[server-102-0 server-102-1 server-102-2]
2026/02/12 11:39:58 [client] shardkv client get key:1 to server:&{8TXWUhxt1ts3Sdrt7wus 0xc000024310 0xc000024380}, shard:9, gid:102 servers:[server-102-0 server-102-1 server-102-2]
2026/02/12 11:39:58 [client] shardkv client get key:1 to server:&{dqKiF25GDliPUzUznBka 0xc000024310 0xc000024380}, shard:9, gid:102 servers:[server-102-0 server-102-1 server-102-2]
2026/02/12 11:39:58 [client] shardkv client get key:1 to server:&{N07Ldu8aFLKB_d8iZcas 0xc000024310 0xc000024380}, shard:9, gid:102 servers:[server-102-0 server-102-1 server-102-2]
2026/02/12 11:39:58 [client] shardkv client get key:1 to server:&{Zc4NYR2I4V6g5y3lAZUa 0xc000024310 0xc000024380}, shard:9, gid:102 servers:[server-102-0 server-102-1 server-102-2]
2026/02/12 11:39:59 [client] shardkv client get key:1 to server:&{xa57K3H7uWvyQl55_Bof 0xc000024310 0xc000024380}, shard:9, gid:102 servers:[server-102-0 server-102-1 server-102-2]
2026/02/12 11:39:59 [client] shardkv client get key:1 to server:&{4fGG-Kn8aANA5ByKPKWg 0xc000024310 0xc000024380}, shard:9, gid:102 servers:[server-102-0 server-102-1 server-102-2]
2026/02/12 11:39:59 [client] shardkv client get key:1 to server:&{b_KEoNiOodicRTQ__NxJ 0xc000024310 0xc000024380}, shard:9, gid:102 servers:[server-102-0 server-102-1 server-102-2]
2026/02/12 11:39:59 [client] shardkv client get key:1 to server:&{U50F66WdJEk3DcZX_f0K 0xc000024310 0xc000024380}, shard:9, gid:102 servers:[server-102-0 server-102-1 server-102-2]
2026/02/12 11:40:00 [client] shardkv client get key:1 to server:&{lhQiEYo9OUsILWwHrlQr 0xc000024310 0xc000024380}, shard:9, gid:102 servers:[server-102-0 server-102-1 server-102-2]
2026/02/12 11:40:00 [client] shardkv client get key:1 to server:&{P3p_MyJ-ChfR3r4A1Xwq 0xc000024310 0xc000024380}, shard:9, gid:102 servers:[server-102-0 server-102-1 server-102-2]
2026/02/12 11:40:00 [client] shardkv client get key:1 to server:&{-R7emfnnQZMB-yYqFg0k 0xc000024310 0xc000024380}, shard:9, gid:102 servers:[server-102-0 server-102-1 server-102-2]
2026/02/12 11:40:00 [client] shardkv client get key:1 to server:&{8AkGzbCyiStAz_5XwPwF 0xc000024310 0xc000024380}, shard:9, gid:102 servers:[server-102-0 server-102-1 server-102-2]
2026/02/12 11:40:01 [client] shardkv client get key:1 to server:&{S7Y3u_Y34Pcr_D9bRMHa 0xc000024310 0xc000024380}, shard:9, gid:102 servers:[server-102-0 server-102-1 server-102-2]
2026/02/12 11:40:01 [client] shardkv client get key:1 to server:&{7cWZT1ohdQp1Mrv8Gub- 0xc000024310 0xc000024380}, shard:9, gid:102 servers:[server-102-0 server-102-1 server-102-2]
2026/02/12 11:40:01 [client] shardkv client get key:1 to server:&{x1XSUtw2rTiscOnYjJNV 0xc000024310 0xc000024380}, shard:9, gid:102 servers:[server-102-0 server-102-1 server-102-2]
2026/02/12 11:40:01 [client] shardkv client get key:1 to server:&{D4dW3VODWKytq_8iQRzE 0xc000024310 0xc000024380}, shard:9, gid:102 servers:[server-102-0 server-102-1 server-102-2]
2026/02/12 11:40:02 [client] shardkv client get key:1 to server:&{6vals6nyLyPz01lRxwuQ 0xc000024310 0xc000024380}, shard:9, gid:102 servers:[server-102-0 server-102-1 server-102-2]
2026/02/12 11:40:02 [client] shardkv client get key:1 to server:&{GmiAQqcSo5w12totAsS1 0xc000024310 0xc000024380}, shard:9, gid:102 servers:[server-102-0 server-102-1 server-102-2]
2026/02/12 11:40:02 [client] shardkv client get key:1 to server:&{8ObPAgDWPebjGBUgeJu4 0xc000024310 0xc000024380}, shard:9, gid:102 servers:[server-102-0 server-102-1 server-102-2]
2026/02/12 11:40:02 [client] shardkv client get key:1 to server:&{zww_XxazAWIb5tr9Z5-N 0xc000024310 0xc000024380}, shard:9, gid:102 servers:[server-102-0 server-102-1 server-102-2]
2026/02/12 11:40:03 [client] shardkv client get key:1 to server:&{hT910sH8rIXCWFTv2nBr 0xc000024310 0xc000024380}, shard:9, gid:102 servers:[server-102-0 server-102-1 server-102-2]
2026/02/12 11:40:03 [client] shardkv client get key:1 to server:&{cG0dDc78-MaibRhM22aw 0xc000024310 0xc000024380}, shard:9, gid:102 servers:[server-102-0 server-102-1 server-102-2]
2026/02/12 11:40:03 [client] shardkv client get key:1 to server:&{2RQAhy0NmTXuT7kubMk8 0xc000024310 0xc000024380}, shard:9, gid:102 servers:[server-102-0 server-102-1 server-102-2]
2026/02/12 11:40:03 [client] shardkv client get key:1 to server:&{S7pI1mk-ALe6CyN8NN3g 0xc000024310 0xc000024380}, shard:9, gid:102 servers:[server-102-0 server-102-1 server-102-2]
2026/02/12 11:40:04 [client] shardkv client get key:1 to server:&{t9KopwYD9Els_r3WL7Z3 0xc000024310 0xc000024380}, shard:9, gid:102 servers:[server-102-0 server-102-1 server-102-2]
2026/02/12 11:40:04 [client] shardkv client get key:1 to server:&{kIisA35DYaTwbUYBc6B3 0xc000024310 0xc000024380}, shard:9, gid:102 servers:[server-102-0 server-102-1 server-102-2]
2026/02/12 11:40:04 [client] shardkv client get key:1 to server:&{eeNsJUtzoERtt0qsX2Co 0xc000024310 0xc000024380}, shard:9, gid:102 servers:[server-102-0 server-102-1 server-102-2]
2026/02/12 11:40:05 [client] shardkv client get key:1 to server:&{3sKqPg3z4Wa1UwPClgF8 0xc000024310 0xc000024380}, shard:9, gid:102 servers:[server-102-0 server-102-1 server-102-2]
2026/02/12 11:40:05 [client] shardkv client get key:1 to server:&{za0nf_NPeegJ-PM-M2yB 0xc000024310 0xc000024380}, shard:9, gid:102 servers:[server-102-0 server-102-1 server-102-2]
2026/02/12 11:40:05 [client] shardkv client get key:1 to server:&{aav-A3HrHSPP5l5mGJbV 0xc000024310 0xc000024380}, shard:9, gid:102 servers:[server-102-0 server-102-1 server-102-2]
2026/02/12 11:40:06 [client] shardkv client get key:1 to server:&{d4ev6SeUKJK0JRfzfMip 0xc000024310 0xc000024380}, shard:9, gid:102 servers:[server-102-0 server-102-1 server-102-2]
2026/02/12 11:40:06 [client] shardkv client get key:1 to server:&{-eVR5EP6WWGGPMGcLSSr 0xc000024310 0xc000024380}, shard:9, gid:102 servers:[server-102-0 server-102-1 server-102-2]
2026/02/12 11:40:06 [client] shardkv client get key:1 to server:&{DhpBa_HTll4YZl2oJ3bC 0xc000024310 0xc000024380}, shard:9, gid:102 servers:[server-102-0 server-102-1 server-102-2]
2026/02/12 11:40:07 [client] shardkv client get key:1 to server:&{ffy3bs52vrn17gV1ri70 0xc000024310 0xc000024380}, shard:9, gid:102 servers:[server-102-0 server-102-1 server-102-2]
2026/02/12 11:40:07 [client] shardkv client get key:1 to server:&{VSiFhKClDAOGiHG0kYya 0xc000024310 0xc000024380}, shard:9, gid:102 servers:[server-102-0 server-102-1 server-102-2]
2026/02/12 11:40:07 [client] shardkv client get key:1 to server:&{QG-F2l-DCYkj6npyX8w- 0xc000024310 0xc000024380}, shard:9, gid:102 servers:[server-102-0 server-102-1 server-102-2]
2026/02/12 11:40:07 [client] shardkv client get key:1 to server:&{lYN9XW_0rrOQ3HnTtr_X 0xc000024310 0xc000024380}, shard:9, gid:102 servers:[server-102-0 server-102-1 server-102-2]
2026/02/12 11:40:08 [client] shardkv client get key:1 to server:&{MbqgQAGXxlqtt3x7kd3B 0xc000024310 0xc000024380}, shard:9, gid:102 servers:[server-102-0 server-102-1 server-102-2]
2026/02/12 11:40:08 [client] shardkv client get key:1 to server:&{3VyTOOFcpKzooLv6N8hJ 0xc000024310 0xc000024380}, shard:9, gid:102 servers:[server-102-0 server-102-1 server-102-2]
2026/02/12 11:40:08 [client] shardkv client get key:1 to server:&{RT5qBDT__NA7PZqJc9rt 0xc000024310 0xc000024380}, shard:9, gid:102 servers:[server-102-0 server-102-1 server-102-2]
2026/02/12 11:40:08 [client] shardkv client get key:1 to server:&{48tznylGMNPeppnxnFqB 0xc000024310 0xc000024380}, shard:9, gid:102 servers:[server-102-0 server-102-1 server-102-2]
2026/02/12 11:40:09 [client] shardkv client get key:1 to server:&{tuey-MiYDfc6KepwUQIb 0xc000024310 0xc000024380}, shard:9, gid:102 servers:[server-102-0 server-102-1 server-102-2]
2026/02/12 11:40:09 [client] shardkv client get key:1 to server:&{8T7w04c5kzi7ncjn9u3o 0xc000024310 0xc000024380}, shard:9, gid:102 servers:[server-102-0 server-102-1 server-102-2]
2026/02/12 11:40:09 [client] shardkv client get key:1 to server:&{icJZf7Pbs3-_yoxsgAMT 0xc000024310 0xc000024380}, shard:9, gid:102 servers:[server-102-0 server-102-1 server-102-2]
2026/02/12 11:40:09 [client] shardkv client get key:1 to server:&{b17PXNNrF1IImK15SAYG 0xc000024310 0xc000024380}, shard:9, gid:102 servers:[server-102-0 server-102-1 server-102-2]
2026/02/12 11:40:10 [client] shardkv client get key:1 to server:&{rVOY8mG343NS_EcdABTL 0xc000024310 0xc000024380}, shard:9, gid:102 servers:[server-102-0 server-102-1 server-102-2]
2026/02/12 11:40:10 [client] shardkv client get key:1 to server:&{76g8Iui3CCIH8UwnQTkO 0xc000024310 0xc000024380}, shard:9, gid:102 servers:[server-102-0 server-102-1 server-102-2]
2026/02/12 11:40:10 [client] shardkv client get key:1 to server:&{YNRR1qCkygt0JZElTc3H 0xc000024310 0xc000024380}, shard:9, gid:102 servers:[server-102-0 server-102-1 server-102-2]
2026/02/12 11:40:11 [client] shardkv client get key:1 to server:&{9_ijLeMRleh-rmdD7nfH 0xc000024310 0xc000024380}, shard:9, gid:102 servers:[server-102-0 server-102-1 server-102-2]
2026/02/12 11:40:11 [client] shardkv client get key:1 to server:&{uKKO-m0QI_hNEQZb62f_ 0xc000024310 0xc000024380}, shard:9, gid:102 servers:[server-102-0 server-102-1 server-102-2]
2026/02/12 11:40:11 [client] shardkv client get key:1 to server:&{iBJk65VbOl9DnxbdyFXb 0xc000024310 0xc000024380}, shard:9, gid:102 servers:[server-102-0 server-102-1 server-102-2]
2026/02/12 11:40:11 [client] shardkv client get key:1 to server:&{KeBbsWyUXV0KRFTwXaAs 0xc000024310 0xc000024380}, shard:9, gid:102 servers:[server-102-0 server-102-1 server-102-2]
2026/02/12 11:40:12 [client] shardkv client get key:1 to server:&{C_tdthVL8Y_09Zc53Dgr 0xc000024310 0xc000024380}, shard:9, gid:102 servers:[server-102-0 server-102-1 server-102-2]
2026/02/12 11:40:12 [client] shardkv client get key:1 to server:&{U9ZO9AgPcnTQKP1jtcS4 0xc000024310 0xc000024380}, shard:9, gid:102 servers:[server-102-0 server-102-1 server-102-2]
2026/02/12 11:40:12 [client] shardkv client get key:1 to server:&{AyBLIV3S7LsgIbZMbLOW 0xc000024310 0xc000024380}, shard:9, gid:102 servers:[server-102-0 server-102-1 server-102-2]
2026/02/12 11:40:13 [client] shardkv client get key:1 to server:&{lkbufyR1bxXhvVLAGHFs 0xc000024310 0xc000024380}, shard:9, gid:102 servers:[server-102-0 server-102-1 server-102-2]
2026/02/12 11:40:13 [client] shardkv client get key:1 to server:&{oyB8FtD4nVROIJEPJYjx 0xc000024310 0xc000024380}, shard:9, gid:102 servers:[server-102-0 server-102-1 server-102-2]
2026/02/12 11:40:13 [client] shardkv client get key:1 to server:&{ngewD3EUMiu01UOga4dL 0xc000024310 0xc000024380}, shard:9, gid:102 servers:[server-102-0 server-102-1 server-102-2]
2026/02/12 11:40:13 [client] shardkv client get key:1 to server:&{knBP2r_yulgllGikLs8j 0xc000024310 0xc000024380}, shard:9, gid:102 servers:[server-102-0 server-102-1 server-102-2]
2026/02/12 11:40:14 [client] shardkv client get key:1 to server:&{3FA06RGNsjPeBD3f8eyj 0xc000024310 0xc000024380}, shard:9, gid:102 servers:[server-102-0 server-102-1 server-102-2]
2026/02/12 11:40:14 [client] shardkv client get key:1 to server:&{PLC2SyibGktUSnt0OIKJ 0xc000024310 0xc000024380}, shard:9, gid:102 servers:[server-102-0 server-102-1 server-102-2]
2026/02/12 11:40:14 [client] shardkv client get key:1 to server:&{vqp8W3xOy2HnVXddzglR 0xc000024310 0xc000024380}, shard:9, gid:102 servers:[server-102-0 server-102-1 server-102-2]
2026/02/12 11:40:15 [client] shardkv client get key:1 to server:&{IYJzCOmM3b2a9KM7qasi 0xc000024310 0xc000024380}, shard:9, gid:102 servers:[server-102-0 server-102-1 server-102-2]
2026/02/12 11:40:15 [client] shardkv client get key:1 to server:&{ePUjdEzGdx5AF64ZB8kk 0xc000024310 0xc000024380}, shard:9, gid:102 servers:[server-102-0 server-102-1 server-102-2]
2026/02/12 11:40:15 [client] shardkv client get key:1 to server:&{zxmQqPtI5EBbNfoLU1sx 0xc000024310 0xc000024380}, shard:9, gid:102 servers:[server-102-0 server-102-1 server-102-2]
2026/02/12 11:40:16 [client] shardkv client get key:1 to server:&{wuaPGey9IJhZ47U4o76Q 0xc000024310 0xc000024380}, shard:9, gid:102 servers:[server-102-0 server-102-1 server-102-2]
2026/02/12 11:40:16 [client] shardkv client get key:1 to server:&{wRiHc03IhNupHjAlQD0F 0xc000024310 0xc000024380}, shard:9, gid:102 servers:[server-102-0 server-102-1 server-102-2]
2026/02/12 11:40:16 [client] shardkv client get key:1 to server:&{0T8wwvwA3WEdcAsx22oL 0xc000024310 0xc000024380}, shard:9, gid:102 servers:[server-102-0 server-102-1 server-102-2]
2026/02/12 11:40:16 [client] shardkv client get key:1 to server:&{XbdDekzTx-Ow2eC7IuGu 0xc000024310 0xc000024380}, shard:9, gid:102 servers:[server-102-0 server-102-1 server-102-2]
2026/02/12 11:40:17 [client] shardkv client get key:1 to server:&{wQcQB9Ktzm9TKeQKT_Ny 0xc000024310 0xc000024380}, shard:9, gid:102 servers:[server-102-0 server-102-1 server-102-2]
2026/02/12 11:40:17 [client] shardkv client get key:1 to server:&{DYT-VE2XMxz-SnRMUSN0 0xc000024310 0xc000024380}, shard:9, gid:102 servers:[server-102-0 server-102-1 server-102-2]
2026/02/12 11:40:17 [client] shardkv client get key:1 to server:&{01oB14o2pbc-QVoLLRYs 0xc000024310 0xc000024380}, shard:9, gid:102 servers:[server-102-0 server-102-1 server-102-2]
2026/02/12 11:40:18 [client] shardkv client get key:1 to server:&{bSuWhHPnHSjOM5CQDeq3 0xc000024310 0xc000024380}, shard:9, gid:102 servers:[server-102-0 server-102-1 server-102-2]
2026/02/12 11:40:18 [client] shardkv client get key:1 to server:&{YKWZHsUxe4lfXD1h1rho 0xc000024310 0xc000024380}, shard:9, gid:102 servers:[server-102-0 server-102-1 server-102-2]
2026/02/12 11:40:18 [client] shardkv client get key:1 to server:&{zj37y8dqHXoWqzN5MAii 0xc000024310 0xc000024380}, shard:9, gid:102 servers:[server-102-0 server-102-1 server-102-2]
2026/02/12 11:40:19 [client] shardkv client get key:1 to server:&{7OmvYiZsnMucRarWmF61 0xc000024310 0xc000024380}, shard:9, gid:102 servers:[server-102-0 server-102-1 server-102-2]
2026/02/12 11:40:19 [client] shardkv client get key:1 to server:&{KaGu2ct4dAi0AALvFJ1I 0xc000024310 0xc000024380}, shard:9, gid:102 servers:[server-102-0 server-102-1 server-102-2]
2026/02/12 11:40:19 [client] shardkv client get key:1 to server:&{9IZHfUur7zM2ZcyogYCY 0xc000024310 0xc000024380}, shard:9, gid:102 servers:[server-102-0 server-102-1 server-102-2]
2026/02/12 11:40:20 [client] shardkv client get key:1 to server:&{nzy6qkqFFd_4Fkgg79xq 0xc000024310 0xc000024380}, shard:9, gid:102 servers:[server-102-0 server-102-1 server-102-2]
2026/02/12 11:40:20 [client] shardkv client get key:1 to server:&{9BgrQamPwrUHF2FQq1oO 0xc000024310 0xc000024380}, shard:9, gid:102 servers:[server-102-0 server-102-1 server-102-2]
2026/02/12 11:40:20 [client] shardkv client get key:1 to server:&{iZaAJFRE9tFZFhjig8r6 0xc000024310 0xc000024380}, shard:9, gid:102 servers:[server-102-0 server-102-1 server-102-2]
2026/02/12 11:40:21 [client] shardkv client get key:1 to server:&{Lt_zD1Npg8NlR4Xkow_B 0xc000024310 0xc000024380}, shard:9, gid:102 servers:[server-102-0 server-102-1 server-102-2]
2026/02/12 11:40:21 [client] shardkv client get key:1 to server:&{OdprLdYHg8Kmn0NRbGeA 0xc000024310 0xc000024380}, shard:9, gid:102 servers:[server-102-0 server-102-1 server-102-2]
2026/02/12 11:40:21 [client] shardkv client get key:1 to server:&{V6hiU1S_ltD5auPqdcxM 0xc000024310 0xc000024380}, shard:9, gid:102 servers:[server-102-0 server-102-1 server-102-2]
2026/02/12 11:40:22 [client] shardkv client get key:1 to server:&{-aW76wSwLtdqgAns00zB 0xc000024310 0xc000024380}, shard:9, gid:102 servers:[server-102-0 server-102-1 server-102-2]
2026/02/12 11:40:22 [client] shardkv client get key:1 to server:&{KI0moz-JrxsT3krqIACD 0xc000024310 0xc000024380}, shard:9, gid:102 servers:[server-102-0 server-102-1 server-102-2]
2026/02/12 11:40:22 [client] shardkv client get key:1 to server:&{HDakofDgH_zu5dO9ipT4 0xc000024310 0xc000024380}, shard:9, gid:102 servers:[server-102-0 server-102-1 server-102-2]
2026/02/12 11:40:22 [client] shardkv client get key:1 to server:&{A5XP1xafueblMM3ncUZs 0xc000024310 0xc000024380}, shard:9, gid:102 servers:[server-102-0 server-102-1 server-102-2]
2026/02/12 11:40:23 [client] shardkv client get key:1 to server:&{oluGzo9Dlb01Y6i5yYdx 0xc000024310 0xc000024380}, shard:9, gid:102 servers:[server-102-0 server-102-1 server-102-2]
2026/02/12 11:40:23 [client] shardkv client get key:1 to server:&{DJgclulOOkN1r6RGZ-QI 0xc000024310 0xc000024380}, shard:9, gid:102 servers:[server-102-0 server-102-1 server-102-2]
2026/02/12 11:40:23 [client] shardkv client get key:1 to server:&{uj4VyuEivodeaev_-MJN 0xc000024310 0xc000024380}, shard:9, gid:102 servers:[server-102-0 server-102-1 server-102-2]
2026/02/12 11:40:24 [client] shardkv client get key:1 to server:&{9NcD8bc6u3f1bGIN5Rfi 0xc000024310 0xc000024380}, shard:9, gid:102 servers:[server-102-0 server-102-1 server-102-2]
2026/02/12 11:40:24 [client] shardkv client get key:1 to server:&{QjV1cxP82pR7FzK_4UEV 0xc000024310 0xc000024380}, shard:9, gid:102 servers:[server-102-0 server-102-1 server-102-2]
2026/02/12 11:40:24 [client] shardkv client get key:1 to server:&{vbdRNavAUOrvOn27EIcC 0xc000024310 0xc000024380}, shard:9, gid:102 servers:[server-102-0 server-102-1 server-102-2]
2026/02/12 11:40:25 [client] shardkv client get key:1 to server:&{CAtoaMLqppABSoE8-MFg 0xc000024310 0xc000024380}, shard:9, gid:102 servers:[server-102-0 server-102-1 server-102-2]
2026/02/12 11:40:25 [client] shardkv client get key:1 to server:&{pj7SjihzQ8rn9PNNi5tp 0xc000024310 0xc000024380}, shard:9, gid:102 servers:[server-102-0 server-102-1 server-102-2]
2026/02/12 11:40:26 [client] shardkv client get key:1 to server:&{_Lbwi9_FWfbUIehVU-kE 0xc000024310 0xc000024380}, shard:9, gid:102 servers:[server-102-0 server-102-1 server-102-2]
2026/02/12 11:40:26 [client] shardkv client get key:1 to server:&{rrTJPRrXMn0irqvwv0PH 0xc000024310 0xc000024380}, shard:9, gid:102 servers:[server-102-0 server-102-1 server-102-2]
2026/02/12 11:40:27 [client] shardkv client get key:1 to server:&{ljBsZbxwX0QZtjvKqKey 0xc000024310 0xc000024380}, shard:9, gid:102 servers:[server-102-0 server-102-1 server-102-2]
2026/02/12 11:40:28 [client] shardkv client get key:1 to server:&{eghpBrQI_-PMhxovklp- 0xc000024310 0xc000024380}, shard:9, gid:102 servers:[server-102-0 server-102-1 server-102-2]
2026/02/12 11:40:29 [client] shardkv client get key:1 to server:&{JRVCMxQMbaXGLB8ZKGYC 0xc000024310 0xc000024380}, shard:9, gid:102 servers:[server-102-0 server-102-1 server-102-2]
2026/02/12 11:40:29 [client] shardkv client get key:1 to server:&{8OhJGzOVMrCxIpImDU_S 0xc000024310 0xc000024380}, shard:9, gid:102 servers:[server-102-0 server-102-1 server-102-2]
2026/02/12 11:40:30 [client] shardkv client get key:1 to server:&{mHURdxEiEPMeS0pBT4U3 0xc000024310 0xc000024380}, shard:9, gid:102 servers:[server-102-0 server-102-1 server-102-2]
2026/02/12 11:40:31 [client] shardkv client get key:1 to server:&{J_10d21BDzX-ofGSxoya 0xc000024310 0xc000024380}, shard:9, gid:102 servers:[server-102-0 server-102-1 server-102-2]
2026/02/12 11:40:32 [client] shardkv client get key:1 to server:&{MUkHm_Lfp0-UUY9R-att 0xc000024310 0xc000024380}, shard:9, gid:102 servers:[server-102-0 server-102-1 server-102-2]
2026/02/12 11:40:33 [client] shardkv client get key:1 to server:&{ALxtrmHD9GaK5guca4bA 0xc000024310 0xc000024380}, shard:9, gid:102 servers:[server-102-0 server-102-1 server-102-2]
2026/02/12 11:40:34 [client] shardkv client get key:1 to server:&{wGHpGTyjLdhDQrkpyYDG 0xc000024310 0xc000024380}, shard:9, gid:102 servers:[server-102-0 server-102-1 server-102-2]
2026/02/12 11:40:35 [client] shardkv client get key:1 to server:&{2bMSOIDEBgWR8ZVYNNWv 0xc000024310 0xc000024380}, shard:9, gid:102 servers:[server-102-0 server-102-1 server-102-2]
2026/02/12 11:40:36 [client] shardkv client get key:1 to server:&{CV3jHYLQ9rXGh5yYoBZF 0xc000024310 0xc000024380}, shard:9, gid:102 servers:[server-102-0 server-102-1 server-102-2]
2026/02/12 11:40:37 [client] shardkv client get key:1 to server:&{YazHqK5FtjvoyXFEW91H 0xc000024310 0xc000024380}, shard:9, gid:102 servers:[server-102-0 server-102-1 server-102-2]
2026/02/12 11:40:38 [client] shardkv client get key:1 to server:&{ud6ECo9XLyTX3mwdZ1wn 0xc000024310 0xc000024380}, shard:9, gid:102 servers:[server-102-0 server-102-1 server-102-2]
2026/02/12 11:40:39 [client] shardkv client get key:1 to server:&{LlCwKUjhRDAJ7H3KMb2m 0xc000024310 0xc000024380}, shard:9, gid:102 servers:[server-102-0 server-102-1 server-102-2]
2026/02/12 11:40:41 [client] shardkv client get key:1 to server:&{oAVWqo2R9U49TOXu6bGw 0xc000024310 0xc000024380}, shard:9, gid:102 servers:[server-102-0 server-102-1 server-102-2]
2026/02/12 11:40:42 [client] shardkv client get key:1 to server:&{x5CD_LAhGzq1h79cHHu1 0xc000024310 0xc000024380}, shard:9, gid:102 servers:[server-102-0 server-102-1 server-102-2]
2026/02/12 11:40:43 [client] shardkv client get key:1 to server:&{muGvL57S7EeNTusTmvAf 0xc000024310 0xc000024380}, shard:9, gid:102 servers:[server-102-0 server-102-1 server-102-2]
2026/02/12 11:40:44 [client] shardkv client get key:1 to server:&{PtEjIGuD55cxB61JYjGQ 0xc000024310 0xc000024380}, shard:9, gid:102 servers:[server-102-0 server-102-1 server-102-2]
2026/02/12 11:40:46 [client] shardkv client get key:1 to server:&{Ywixo97NpsOdOLcmOgyW 0xc000024310 0xc000024380}, shard:9, gid:102 servers:[server-102-0 server-102-1 server-102-2]
2026/02/12 11:40:47 [client] shardkv client get key:1 to server:&{F45qmukYoz3SdYfhXAp7 0xc000024310 0xc000024380}, shard:9, gid:102 servers:[server-102-0 server-102-1 server-102-2]
2026/02/12 11:40:49 [client] shardkv client get key:1 to server:&{gIHCMOpgmOjY2i7_dT7C 0xc000024310 0xc000024380}, shard:9, gid:102 servers:[server-102-0 server-102-1 server-102-2]
2026/02/12 11:40:50 [client] shardkv client get key:1 to server:&{osXY8oH-_Iey-UZ6thbe 0xc000024310 0xc000024380}, shard:9, gid:102 servers:[server-102-0 server-102-1 server-102-2]
2026/02/12 11:40:52 [client] shardkv client get key:1 to server:&{x3l2BWhlm4IV4vbLx0xB 0xc000024310 0xc000024380}, shard:9, gid:102 servers:[server-102-0 server-102-1 server-102-2]
2026/02/12 11:40:54 [client] shardkv client get key:1 to server:&{ImqtL_EfO9ix6IjV7bBu 0xc000024310 0xc000024380}, shard:9, gid:102 servers:[server-102-0 server-102-1 server-102-2]
2026/02/12 11:40:55 [client] shardkv client get key:1 to server:&{5BLGJ2wUKm50DUKqqDFy 0xc000024310 0xc000024380}, shard:9, gid:102 servers:[server-102-0 server-102-1 server-102-2]
2026/02/12 11:40:57 [client] shardkv client get key:1 to server:&{3u-FFAbxCxhagigutBv3 0xc000024310 0xc000024380}, shard:9, gid:102 servers:[server-102-0 server-102-1 server-102-2]
2026/02/12 11:44:31 [client] shardkv client get key:1 to server:&{IPyOQ7jAmQ4E-7P5zBpC 0xc000024310 0xc000024380}, shard:9, gid:102 servers:[server-102-0 server-102-1 server-102-2]
2026/02/12 11:44:31 [client] shardkv client get key:1 to server:&{ja0eovVcdRN35ijMwkKt 0xc000024310 0xc000024380}, shard:9, gid:102 servers:[server-102-0 server-102-1 server-102-2]
2026/02/12 11:44:32 [client] shardkv client get key:1 to server:&{Fuq1RnsT-1gMgKavpP06 0xc000024310 0xc000024380}, shard:9, gid:102 servers:[server-102-0 server-102-1 server-102-2]
2026/02/12 11:44:33 [client] shardkv client get key:1 to server:&{e-01Y3i-2SVHanL7h0jq 0xc000024310 0xc000024380}, shard:9, gid:102 servers:[server-102-0 server-102-1 server-102-2]
2026/02/12 11:44:54 [client] shardkv client get key:1 to server:&{BEzJygw6R0kOfm3SdWjx 0xc000024310 0xc000024380}, shard:9, gid:102 servers:[server-102-0 server-102-1 server-102-2]
