2026/02/24 17:26:52 [Node:0 GID:100] shardkv server start...
2026/02/24 17:26:52 [Node:0 GID:100 isLeader:false] shardkv server generateSnapshotter raft state size: 0, maxraftstate: 1000
2026/02/24 17:26:52 [Node:1 GID:100] shardkv server start...
2026/02/24 17:26:52 [Node:2 GID:100] shardkv server start...
2026/02/24 17:26:52 [Node:2 GID:100 isLeader:false] shardkv server generateSnapshotter raft state size: 0, maxraftstate: 1000
2026/02/24 17:26:52 [Node:1 GID:100 isLeader:false] shardkv server generateSnapshotter raft state size: 0, maxraftstate: 1000
2026/02/24 17:26:53 [Node:0 GID:100 isLeader:false] shardkv server generateSnapshotter raft state size: 0, maxraftstate: 1000
2026/02/24 17:26:53 [Node:1 GID:100 isLeader:false] shardkv server generateSnapshotter raft state size: 0, maxraftstate: 1000
2026/02/24 17:26:53 [Node:2 GID:100 isLeader:false] shardkv server generateSnapshotter raft state size: 0, maxraftstate: 1000
2026/02/24 17:26:53 [Node:0 GID:100 isLeader:false] shardkv server generateSnapshotter raft state size: 93, maxraftstate: 1000
2026/02/24 17:26:53 [Node:2 GID:100 isLeader:false] shardkv server generateSnapshotter raft state size: 93, maxraftstate: 1000
2026/02/24 17:26:53 [Node:1 GID:100 isLeader:false] shardkv server generateSnapshotter raft state size: 93, maxraftstate: 1000
2026/02/24 17:26:53 [Node:1 GID:100 isLeader:false] shardkv server generateSnapshotter raft state size: 93, maxraftstate: 1000
2026/02/24 17:26:53 [Node:2 GID:100 isLeader:false] shardkv server generateSnapshotter raft state size: 93, maxraftstate: 1000
2026/02/24 17:26:53 [Node:0 GID:100 isLeader:false] shardkv server generateSnapshotter raft state size: 93, maxraftstate: 1000
2026/02/24 17:26:53 [Node:0 GID:100 isLeader:false] shardkv server checkGroup key:0, shard:8 shards:map[0:true 1:true 2:true 3:true 4:true 5:true 6:true 7:true 8:true 9:true]
2026/02/24 17:26:53 [Node:0 GID:100] shardkv server get key:0, check param failed Err:ErrWrongGroup
2026/02/24 17:26:53 [Node:2 GID:100 isLeader:false] shardkv server generateSnapshotter raft state size: 93, maxraftstate: 1000
2026/02/24 17:26:53 [Node:1 GID:100 isLeader:false] shardkv server generateSnapshotter raft state size: 93, maxraftstate: 1000
2026/02/24 17:26:53 [Node:0 GID:100 isLeader:true] shardkv server generateSnapshotter raft state size: 93, maxraftstate: 1000
2026/02/24 17:26:53 [Node:0 GID:100 isLeader:true] shardkv server listenConfigChange new config num:1, old config num:0
2026/02/24 17:26:53 [Node:0 GID:100 isLeader:true] shardkv server diffConfig old config num:0, new config num:1, old config:{0 [0 0 0 0 0 0 0 0 0 0] map[]}, new config:{1 [100 100 100 100 100 100 100 100 100 100] map[100:[server-100-0 server-100-1 server-100-2]]}
2026/02/24 17:26:53 [Node:0 GID:100 isLeader:true] shardkv server listenApplyCh applyMsg:{true {  CHANGE_CONFIG 0 1 0 {1 [100 100 100 100 100 100 100 100 100 100] map[100:[server-100-0 server-100-1 server-100-2]]} map[] 0} 1 map[] false map[] map[] map[] map[]}
2026/02/24 17:26:53 [Node:0 GID:100 isLeader:true] kv server listenApplyCh op:CHANGE_CONFIG, key:, value: clientid:0, 更新seqNum:1
2026/02/24 17:26:53 [Node:0 GID:100 isLeader:true] shardkv server listenApplyCh apply config num:1
2026/02/24 17:26:53 [Node:0 GID:100 isLeader:true] shardkv server executeConfigChange new config num:1, old config num:0
2026/02/24 17:26:53 [Node:0 GID:100 isLeader:true] shardkv server executeConfigChange migrate shard:0 from 0 to 100, keyList:map[] shard status:NORMAL
2026/02/24 17:26:53 [Node:0 GID:100 isLeader:true] shardkv server executeConfigChange migrate shard:1 from 0 to 100, keyList:map[] shard status:NORMAL
2026/02/24 17:26:53 [Node:0 GID:100 isLeader:true] shardkv server executeConfigChange migrate shard:2 from 0 to 100, keyList:map[] shard status:NORMAL
2026/02/24 17:26:53 [Node:0 GID:100 isLeader:true] shardkv server executeConfigChange migrate shard:3 from 0 to 100, keyList:map[] shard status:NORMAL
2026/02/24 17:26:53 [Node:0 GID:100 isLeader:true] shardkv server executeConfigChange migrate shard:4 from 0 to 100, keyList:map[] shard status:NORMAL
2026/02/24 17:26:53 [Node:0 GID:100 isLeader:true] shardkv server executeConfigChange migrate shard:5 from 0 to 100, keyList:map[] shard status:NORMAL
2026/02/24 17:26:53 [Node:0 GID:100 isLeader:true] shardkv server executeConfigChange migrate shard:6 from 0 to 100, keyList:map[] shard status:NORMAL
2026/02/24 17:26:53 [Node:0 GID:100 isLeader:true] shardkv server executeConfigChange migrate shard:7 from 0 to 100, keyList:map[] shard status:NORMAL
2026/02/24 17:26:53 [Node:0 GID:100 isLeader:true] shardkv server executeConfigChange migrate shard:8 from 0 to 100, keyList:map[] shard status:NORMAL
2026/02/24 17:26:53 [Node:0 GID:100 isLeader:true] shardkv server executeConfigChange migrate shard:9 from 0 to 100, keyList:map[] shard status:NORMAL
2026/02/24 17:26:53 [Node:0 GID:100 isLeader:true] shardkv server executeConfigChange migrate gid2keyList:map[]
2026/02/24 17:26:53 [Node:0 GID:100 isLeader:true] shardkv server executeConfigChange 更新负责的分片:map[0:0xc0001262c0 1:0xc000126300 2:0xc000126340 3:0xc000126380 4:0xc0001263c0 5:0xc000126400 6:0xc000126440 7:0xc000126480 8:0xc0001264c0 9:0xc000126500]
2026/02/24 17:26:53 [Node:2 GID:100 isLeader:false] shardkv server generateSnapshotter raft state size: 613, maxraftstate: 1000
2026/02/24 17:26:53 [Node:1 GID:100 isLeader:false] shardkv server generateSnapshotter raft state size: 613, maxraftstate: 1000
2026/02/24 17:26:53 [Node:0 GID:100 isLeader:true] shardkv server generateSnapshotter raft state size: 613, maxraftstate: 1000
2026/02/24 17:26:53 [Node:0 GID:100 isLeader:true] shardkv server checkGroup key:0, shard:8 shards:map[0:true 1:true 2:true 3:true 4:true 5:true 6:true 7:true 8:true 9:true]
2026/02/24 17:26:53 [Node:0 GID:100 isLeader:true] shardkv server raft command:{0 4JPKOsUVfVcvncyCAj-8 PUT 8 1 113871309237573403 {0 [0 0 0 0 0 0 0 0 0 0] map[]} map[] 0}
2026/02/24 17:26:53 [Node:2 GID:100 isLeader:false] shardkv server listenApplyCh applyMsg:{true {  CHANGE_CONFIG 0 1 0 {1 [100 100 100 100 100 100 100 100 100 100] map[100:[server-100-0 server-100-1 server-100-2]]} map[] 0} 1 map[] false map[] map[] map[] map[]}
2026/02/24 17:26:53 [Node:1 GID:100 isLeader:false] shardkv server listenApplyCh applyMsg:{true {  CHANGE_CONFIG 0 1 0 {1 [100 100 100 100 100 100 100 100 100 100] map[100:[server-100-0 server-100-1 server-100-2]]} map[] 0} 1 map[] false map[] map[] map[] map[]}
2026/02/24 17:26:53 [Node:2 GID:100 isLeader:false] kv server listenApplyCh op:CHANGE_CONFIG, key:, value: clientid:0, 更新seqNum:1
2026/02/24 17:26:53 [Node:1 GID:100 isLeader:false] kv server listenApplyCh op:CHANGE_CONFIG, key:, value: clientid:0, 更新seqNum:1
2026/02/24 17:26:53 [Node:2 GID:100 isLeader:false] shardkv server listenApplyCh apply config num:1
2026/02/24 17:26:53 [Node:2 GID:100 isLeader:false] shardkv server executeConfigChange new config num:1, old config num:0
2026/02/24 17:26:53 [Node:2 GID:100 isLeader:false] shardkv server executeConfigChange migrate shard:0 from 0 to 100, keyList:map[] shard status:NORMAL
2026/02/24 17:26:53 [Node:1 GID:100 isLeader:false] shardkv server listenApplyCh apply config num:1
2026/02/24 17:26:53 [Node:2 GID:100 isLeader:false] shardkv server executeConfigChange migrate shard:1 from 0 to 100, keyList:map[] shard status:NORMAL
2026/02/24 17:26:53 [Node:2 GID:100 isLeader:false] shardkv server executeConfigChange migrate shard:2 from 0 to 100, keyList:map[] shard status:NORMAL
2026/02/24 17:26:53 [Node:1 GID:100 isLeader:false] shardkv server executeConfigChange new config num:1, old config num:0
2026/02/24 17:26:53 [Node:2 GID:100 isLeader:false] shardkv server executeConfigChange migrate shard:3 from 0 to 100, keyList:map[] shard status:NORMAL
2026/02/24 17:26:53 [Node:1 GID:100 isLeader:false] shardkv server executeConfigChange migrate shard:0 from 0 to 100, keyList:map[] shard status:NORMAL
2026/02/24 17:26:53 [Node:2 GID:100 isLeader:false] shardkv server executeConfigChange migrate shard:4 from 0 to 100, keyList:map[] shard status:NORMAL
2026/02/24 17:26:53 [Node:1 GID:100 isLeader:false] shardkv server executeConfigChange migrate shard:1 from 0 to 100, keyList:map[] shard status:NORMAL
2026/02/24 17:26:53 [Node:2 GID:100 isLeader:false] shardkv server executeConfigChange migrate shard:5 from 0 to 100, keyList:map[] shard status:NORMAL
2026/02/24 17:26:53 [Node:1 GID:100 isLeader:false] shardkv server executeConfigChange migrate shard:2 from 0 to 100, keyList:map[] shard status:NORMAL
2026/02/24 17:26:53 [Node:2 GID:100 isLeader:false] shardkv server executeConfigChange migrate shard:6 from 0 to 100, keyList:map[] shard status:NORMAL
2026/02/24 17:26:53 [Node:1 GID:100 isLeader:false] shardkv server executeConfigChange migrate shard:3 from 0 to 100, keyList:map[] shard status:NORMAL
2026/02/24 17:26:53 [Node:2 GID:100 isLeader:false] shardkv server executeConfigChange migrate shard:7 from 0 to 100, keyList:map[] shard status:NORMAL
2026/02/24 17:26:53 [Node:1 GID:100 isLeader:false] shardkv server executeConfigChange migrate shard:4 from 0 to 100, keyList:map[] shard status:NORMAL
2026/02/24 17:26:53 [Node:2 GID:100 isLeader:false] shardkv server executeConfigChange migrate shard:8 from 0 to 100, keyList:map[] shard status:NORMAL
2026/02/24 17:26:53 [Node:1 GID:100 isLeader:false] shardkv server executeConfigChange migrate shard:5 from 0 to 100, keyList:map[] shard status:NORMAL
2026/02/24 17:26:53 [Node:1 GID:100 isLeader:false] shardkv server executeConfigChange migrate shard:6 from 0 to 100, keyList:map[] shard status:NORMAL
2026/02/24 17:26:53 [Node:2 GID:100 isLeader:false] shardkv server executeConfigChange migrate shard:9 from 0 to 100, keyList:map[] shard status:NORMAL
2026/02/24 17:26:53 [Node:1 GID:100 isLeader:false] shardkv server executeConfigChange migrate shard:7 from 0 to 100, keyList:map[] shard status:NORMAL
2026/02/24 17:26:53 [Node:2 GID:100 isLeader:false] shardkv server executeConfigChange migrate gid2keyList:map[]
2026/02/24 17:26:53 [Node:1 GID:100 isLeader:false] shardkv server executeConfigChange migrate shard:8 from 0 to 100, keyList:map[] shard status:NORMAL
2026/02/24 17:26:53 [Node:1 GID:100 isLeader:false] shardkv server executeConfigChange migrate shard:9 from 0 to 100, keyList:map[] shard status:NORMAL
2026/02/24 17:26:53 [Node:1 GID:100 isLeader:false] shardkv server executeConfigChange migrate gid2keyList:map[]
2026/02/24 17:26:53 [Node:2 GID:100 isLeader:false] shardkv server executeConfigChange 更新负责的分片:map[0:0xc000126ac0 1:0xc000126b00 2:0xc000126b40 3:0xc000126b80 4:0xc000126bc0 5:0xc000126c00 6:0xc000126c40 7:0xc000126c80 8:0xc000126cc0 9:0xc000126d00]
2026/02/24 17:26:53 [Node:1 GID:100 isLeader:false] shardkv server executeConfigChange 更新负责的分片:map[0:0xc0001266c0 1:0xc000126700 2:0xc000126740 3:0xc000126780 4:0xc0001267c0 5:0xc000126800 6:0xc000126840 7:0xc000126880 8:0xc0001268c0 9:0xc000126900]
2026/02/24 17:26:53 [Node:0 GID:100 isLeader:true] shardkv server listenApplyCh applyMsg:{true {0 4JPKOsUVfVcvncyCAj-8 PUT 8 1 113871309237573403 {0 [0 0 0 0 0 0 0 0 0 0] map[]} map[] 0} 2 map[] false map[] map[] map[] map[]}
2026/02/24 17:26:53 [Node:0 GID:100 isLeader:true] kv server listenApplyCh op:PUT, key:0, value:4JPKOsUVfVcvncyCAj-8 clientid:113871309237573403, 更新seqNum:1
2026/02/24 17:26:53 [Node:0 GID:100 isLeader:true] shardkv server put success key:0 value:4JPKOsUVfVcvncyCAj-8 data:map[0:4JPKOsUVfVcvncyCAj-8]
2026/02/24 17:26:53 [Node:0 GID:100 isLeader:true] shardkv server raft repley: success op:PUT, key:0 value:4JPKOsUVfVcvncyCAj-8
2026/02/24 17:26:53 [Node:0 GID:100 isLeader:true] shardkv server checkGroup key:1, shard:9 shards:map[0:true 1:true 2:true 3:true 4:true 5:true 6:true 7:true 8:true 9:true]
2026/02/24 17:26:53 [Node:0 GID:100 isLeader:true] shardkv server raft command:{1 7feyKfcAmKMj84e-Z9Qy PUT 9 2 113871309237573403 {0 [0 0 0 0 0 0 0 0 0 0] map[]} map[] 0}
2026/02/24 17:26:53 [Node:2 GID:100 isLeader:false] shardkv server generateSnapshotter raft state size: 709, maxraftstate: 1000
2026/02/24 17:26:53 [Node:1 GID:100 isLeader:false] shardkv server generateSnapshotter raft state size: 709, maxraftstate: 1000
2026/02/24 17:26:53 [Node:0 GID:100 isLeader:true] shardkv server generateSnapshotter raft state size: 805, maxraftstate: 1000
2026/02/24 17:26:53 [Node:1 GID:100 isLeader:false] shardkv server listenApplyCh applyMsg:{true {0 4JPKOsUVfVcvncyCAj-8 PUT 8 1 113871309237573403 {0 [0 0 0 0 0 0 0 0 0 0] map[]} map[] 0} 2 map[] false map[] map[] map[] map[]}
2026/02/24 17:26:53 [Node:1 GID:100 isLeader:false] kv server listenApplyCh op:PUT, key:0, value:4JPKOsUVfVcvncyCAj-8 clientid:113871309237573403, 更新seqNum:1
2026/02/24 17:26:53 [Node:1 GID:100 isLeader:false] shardkv server put success key:0 value:4JPKOsUVfVcvncyCAj-8 data:map[0:4JPKOsUVfVcvncyCAj-8]
2026/02/24 17:26:53 [Node:0 GID:100 isLeader:true] shardkv server listenApplyCh applyMsg:{true {1 7feyKfcAmKMj84e-Z9Qy PUT 9 2 113871309237573403 {0 [0 0 0 0 0 0 0 0 0 0] map[]} map[] 0} 3 map[] false map[] map[] map[] map[]}
2026/02/24 17:26:53 [Node:0 GID:100 isLeader:true] kv server listenApplyCh op:PUT, key:1, value:7feyKfcAmKMj84e-Z9Qy clientid:113871309237573403, 更新seqNum:2
2026/02/24 17:26:53 [Node:0 GID:100 isLeader:true] shardkv server put success key:1 value:7feyKfcAmKMj84e-Z9Qy data:map[1:7feyKfcAmKMj84e-Z9Qy]
2026/02/24 17:26:53 [Node:0 GID:100 isLeader:true] shardkv server raft repley: success op:PUT, key:1 value:7feyKfcAmKMj84e-Z9Qy
2026/02/24 17:26:53 [Node:2 GID:100 isLeader:false] shardkv server listenApplyCh applyMsg:{true {0 4JPKOsUVfVcvncyCAj-8 PUT 8 1 113871309237573403 {0 [0 0 0 0 0 0 0 0 0 0] map[]} map[] 0} 2 map[] false map[] map[] map[] map[]}
2026/02/24 17:26:53 [Node:2 GID:100 isLeader:false] kv server listenApplyCh op:PUT, key:0, value:4JPKOsUVfVcvncyCAj-8 clientid:113871309237573403, 更新seqNum:1
2026/02/24 17:26:53 [Node:2 GID:100 isLeader:false] shardkv server put success key:0 value:4JPKOsUVfVcvncyCAj-8 data:map[0:4JPKOsUVfVcvncyCAj-8]
2026/02/24 17:26:53 [Node:0 GID:100 isLeader:true] shardkv server checkGroup key:2, shard:0 shards:map[0:true 1:true 2:true 3:true 4:true 5:true 6:true 7:true 8:true 9:true]
2026/02/24 17:26:53 [Node:0 GID:100 isLeader:true] shardkv server raft command:{2 e7KLJGj9FfoEz52Hcp3H PUT 0 3 113871309237573403 {0 [0 0 0 0 0 0 0 0 0 0] map[]} map[] 0}
2026/02/24 17:26:53 [Node:1 GID:100 isLeader:false] shardkv server listenApplyCh applyMsg:{true {1 7feyKfcAmKMj84e-Z9Qy PUT 9 2 113871309237573403 {0 [0 0 0 0 0 0 0 0 0 0] map[]} map[] 0} 3 map[] false map[] map[] map[] map[]}
2026/02/24 17:26:53 [Node:1 GID:100 isLeader:false] kv server listenApplyCh op:PUT, key:1, value:7feyKfcAmKMj84e-Z9Qy clientid:113871309237573403, 更新seqNum:2
2026/02/24 17:26:53 [Node:1 GID:100 isLeader:false] shardkv server put success key:1 value:7feyKfcAmKMj84e-Z9Qy data:map[1:7feyKfcAmKMj84e-Z9Qy]
2026/02/24 17:26:53 [Node:0 GID:100 isLeader:true] shardkv server listenApplyCh applyMsg:{true {2 e7KLJGj9FfoEz52Hcp3H PUT 0 3 113871309237573403 {0 [0 0 0 0 0 0 0 0 0 0] map[]} map[] 0} 4 map[] false map[] map[] map[] map[]}
2026/02/24 17:26:53 [Node:0 GID:100 isLeader:true] kv server listenApplyCh op:PUT, key:2, value:e7KLJGj9FfoEz52Hcp3H clientid:113871309237573403, 更新seqNum:3
2026/02/24 17:26:53 [Node:0 GID:100 isLeader:true] shardkv server put success key:2 value:e7KLJGj9FfoEz52Hcp3H data:map[2:e7KLJGj9FfoEz52Hcp3H]
2026/02/24 17:26:53 [Node:0 GID:100 isLeader:true] shardkv server raft repley: success op:PUT, key:2 value:e7KLJGj9FfoEz52Hcp3H
2026/02/24 17:26:53 [Node:0 GID:100 isLeader:true] shardkv server checkGroup key:3, shard:1 shards:map[0:true 1:true 2:true 3:true 4:true 5:true 6:true 7:true 8:true 9:true]
2026/02/24 17:26:53 [Node:0 GID:100 isLeader:true] shardkv server raft command:{3 Hru2hXtYBJ0LEvhhZyB7 PUT 1 4 113871309237573403 {0 [0 0 0 0 0 0 0 0 0 0] map[]} map[] 0}
2026/02/24 17:26:53 [Node:2 GID:100 isLeader:false] shardkv server listenApplyCh applyMsg:{true {1 7feyKfcAmKMj84e-Z9Qy PUT 9 2 113871309237573403 {0 [0 0 0 0 0 0 0 0 0 0] map[]} map[] 0} 3 map[] false map[] map[] map[] map[]}
2026/02/24 17:26:53 [Node:2 GID:100 isLeader:false] kv server listenApplyCh op:PUT, key:1, value:7feyKfcAmKMj84e-Z9Qy clientid:113871309237573403, 更新seqNum:2
2026/02/24 17:26:53 [Node:2 GID:100 isLeader:false] shardkv server put success key:1 value:7feyKfcAmKMj84e-Z9Qy data:map[1:7feyKfcAmKMj84e-Z9Qy]
2026/02/24 17:26:53 [Node:2 GID:100 isLeader:false] shardkv server generateSnapshotter raft state size: 898, maxraftstate: 1000
2026/02/24 17:26:53 [Node:1 GID:100 isLeader:false] shardkv server generateSnapshotter raft state size: 898, maxraftstate: 1000
2026/02/24 17:26:53 [Node:0 GID:100 isLeader:true] shardkv server generateSnapshotter raft state size: 993, maxraftstate: 1000
2026/02/24 17:26:53 [Node:2 GID:100 isLeader:false] shardkv server listenApplyCh applyMsg:{true {2 e7KLJGj9FfoEz52Hcp3H PUT 0 3 113871309237573403 {0 [0 0 0 0 0 0 0 0 0 0] map[]} map[] 0} 4 map[] false map[] map[] map[] map[]}
2026/02/24 17:26:53 [Node:2 GID:100 isLeader:false] kv server listenApplyCh op:PUT, key:2, value:e7KLJGj9FfoEz52Hcp3H clientid:113871309237573403, 更新seqNum:3
2026/02/24 17:26:53 [Node:2 GID:100 isLeader:false] shardkv server put success key:2 value:e7KLJGj9FfoEz52Hcp3H data:map[2:e7KLJGj9FfoEz52Hcp3H]
2026/02/24 17:26:53 [Node:0 GID:100 isLeader:true] shardkv server listenApplyCh applyMsg:{true {3 Hru2hXtYBJ0LEvhhZyB7 PUT 1 4 113871309237573403 {0 [0 0 0 0 0 0 0 0 0 0] map[]} map[] 0} 5 map[] false map[] map[] map[] map[]}
2026/02/24 17:26:53 [Node:0 GID:100 isLeader:true] kv server listenApplyCh op:PUT, key:3, value:Hru2hXtYBJ0LEvhhZyB7 clientid:113871309237573403, 更新seqNum:4
2026/02/24 17:26:53 [Node:0 GID:100 isLeader:true] shardkv server put success key:3 value:Hru2hXtYBJ0LEvhhZyB7 data:map[3:Hru2hXtYBJ0LEvhhZyB7]
2026/02/24 17:26:53 [Node:0 GID:100 isLeader:true] shardkv server raft repley: success op:PUT, key:3 value:Hru2hXtYBJ0LEvhhZyB7
2026/02/24 17:26:53 [Node:1 GID:100 isLeader:false] shardkv server listenApplyCh applyMsg:{true {2 e7KLJGj9FfoEz52Hcp3H PUT 0 3 113871309237573403 {0 [0 0 0 0 0 0 0 0 0 0] map[]} map[] 0} 4 map[] false map[] map[] map[] map[]}
2026/02/24 17:26:53 [Node:1 GID:100 isLeader:false] kv server listenApplyCh op:PUT, key:2, value:e7KLJGj9FfoEz52Hcp3H clientid:113871309237573403, 更新seqNum:3
2026/02/24 17:26:53 [Node:1 GID:100 isLeader:false] shardkv server put success key:2 value:e7KLJGj9FfoEz52Hcp3H data:map[2:e7KLJGj9FfoEz52Hcp3H]
2026/02/24 17:26:53 [Node:0 GID:100 isLeader:true] shardkv server checkGroup key:4, shard:2 shards:map[0:true 1:true 2:true 3:true 4:true 5:true 6:true 7:true 8:true 9:true]
2026/02/24 17:26:53 [Node:0 GID:100 isLeader:true] shardkv server raft command:{4 4_jSWlOJHgao3DYGmXfx PUT 2 5 113871309237573403 {0 [0 0 0 0 0 0 0 0 0 0] map[]} map[] 0}
2026/02/24 17:26:53 [Node:2 GID:100 isLeader:false] shardkv server listenApplyCh applyMsg:{true {3 Hru2hXtYBJ0LEvhhZyB7 PUT 1 4 113871309237573403 {0 [0 0 0 0 0 0 0 0 0 0] map[]} map[] 0} 5 map[] false map[] map[] map[] map[]}
2026/02/24 17:26:53 [Node:2 GID:100 isLeader:false] kv server listenApplyCh op:PUT, key:3, value:Hru2hXtYBJ0LEvhhZyB7 clientid:113871309237573403, 更新seqNum:4
2026/02/24 17:26:53 [Node:2 GID:100 isLeader:false] shardkv server put success key:3 value:Hru2hXtYBJ0LEvhhZyB7 data:map[3:Hru2hXtYBJ0LEvhhZyB7]
2026/02/24 17:26:53 [Node:1 GID:100 isLeader:false] shardkv server listenApplyCh applyMsg:{true {3 Hru2hXtYBJ0LEvhhZyB7 PUT 1 4 113871309237573403 {0 [0 0 0 0 0 0 0 0 0 0] map[]} map[] 0} 5 map[] false map[] map[] map[] map[]}
2026/02/24 17:26:53 [Node:1 GID:100 isLeader:false] kv server listenApplyCh op:PUT, key:3, value:Hru2hXtYBJ0LEvhhZyB7 clientid:113871309237573403, 更新seqNum:4
2026/02/24 17:26:53 [Node:1 GID:100 isLeader:false] shardkv server put success key:3 value:Hru2hXtYBJ0LEvhhZyB7 data:map[3:Hru2hXtYBJ0LEvhhZyB7]
2026/02/24 17:26:53 [Node:2 GID:100 isLeader:false] shardkv server generateSnapshotter raft state size: 1088, maxraftstate: 1000
2026/02/24 17:26:53 [Node:1 GID:100 isLeader:false] shardkv server generateSnapshotter raft state size: 1088, maxraftstate: 1000
2026/02/24 17:26:53 [Node:0 GID:100 isLeader:true] shardkv server listenApplyCh applyMsg:{true {4 4_jSWlOJHgao3DYGmXfx PUT 2 5 113871309237573403 {0 [0 0 0 0 0 0 0 0 0 0] map[]} map[] 0} 6 map[] false map[] map[] map[] map[]}
2026/02/24 17:26:53 [Node:0 GID:100 isLeader:true] kv server listenApplyCh op:PUT, key:4, value:4_jSWlOJHgao3DYGmXfx clientid:113871309237573403, 更新seqNum:5
2026/02/24 17:26:53 [Node:0 GID:100 isLeader:true] shardkv server put success key:4 value:4_jSWlOJHgao3DYGmXfx data:map[4:4_jSWlOJHgao3DYGmXfx]
2026/02/24 17:26:53 [Node:0 GID:100 isLeader:true] shardkv server raft repley: success op:PUT, key:4 value:4_jSWlOJHgao3DYGmXfx
2026/02/24 17:26:53 [Node:0 GID:100 isLeader:true] shardkv server generateSnapshotter raft state size: 1088, maxraftstate: 1000
2026/02/24 17:26:53 [Node:0 GID:100 isLeader:true] shardkv server generateSnapshotter start data:map[0:map[2:e7KLJGj9FfoEz52Hcp3H] 1:map[3:Hru2hXtYBJ0LEvhhZyB7] 2:map[4:4_jSWlOJHgao3DYGmXfx] 3:map[] 4:map[] 5:map[] 6:map[] 7:map[] 8:map[0:4JPKOsUVfVcvncyCAj-8] 9:map[1:7feyKfcAmKMj84e-Z9Qy]]
2026/02/24 17:26:53 [Node:0 GID:100 isLeader:true] shardkv server checkGroup key:5, shard:3 shards:map[0:true 1:true 2:true 3:true 4:true 5:true 6:true 7:true 8:true 9:true]
2026/02/24 17:26:53 [Node:0 GID:100 isLeader:true] shardkv server raft command:{5 7Qs3WNhdC_Xy7ku2e5YO PUT 3 6 113871309237573403 {0 [0 0 0 0 0 0 0 0 0 0] map[]} map[] 0}
2026/02/24 17:26:53 [Node:1 GID:100 isLeader:false] shardkv server listenApplyCh applyMsg:{false <nil> 6 map[] true map[] map[0:map[2:e7KLJGj9FfoEz52Hcp3H] 1:map[3:Hru2hXtYBJ0LEvhhZyB7] 2:map[4:4_jSWlOJHgao3DYGmXfx] 3:map[] 4:map[] 5:map[] 6:map[] 7:map[] 8:map[0:4JPKOsUVfVcvncyCAj-8] 9:map[1:7feyKfcAmKMj84e-Z9Qy]] map[0:map[0:1 113871309237573403:3] 1:map[113871309237573403:4] 2:map[113871309237573403:5] 3:map[] 4:map[] 5:map[] 6:map[] 7:map[] 8:map[113871309237573403:1] 9:map[113871309237573403:2]] map[0:NORMAL 1:NORMAL 2:NORMAL 3:NORMAL 4:NORMAL 5:NORMAL 6:NORMAL 7:NORMAL 8:NORMAL 9:NORMAL]}
2026/02/24 17:26:53 [Node:2 GID:100 isLeader:false] shardkv server listenApplyCh applyMsg:{false <nil> 6 map[] true map[] map[0:map[2:e7KLJGj9FfoEz52Hcp3H] 1:map[3:Hru2hXtYBJ0LEvhhZyB7] 2:map[4:4_jSWlOJHgao3DYGmXfx] 3:map[] 4:map[] 5:map[] 6:map[] 7:map[] 8:map[0:4JPKOsUVfVcvncyCAj-8] 9:map[1:7feyKfcAmKMj84e-Z9Qy]] map[0:map[0:1 113871309237573403:3] 1:map[113871309237573403:4] 2:map[113871309237573403:5] 3:map[] 4:map[] 5:map[] 6:map[] 7:map[] 8:map[113871309237573403:1] 9:map[113871309237573403:2]] map[0:NORMAL 1:NORMAL 2:NORMAL 3:NORMAL 4:NORMAL 5:NORMAL 6:NORMAL 7:NORMAL 8:NORMAL 9:NORMAL]}
2026/02/24 17:26:53 [Node:1 GID:100 isLeader:false] shardkv server listenApplyCh load snapshot data:map[0:map[2:e7KLJGj9FfoEz52Hcp3H] 1:map[3:Hru2hXtYBJ0LEvhhZyB7] 2:map[4:4_jSWlOJHgao3DYGmXfx] 3:map[] 4:map[] 5:map[] 6:map[] 7:map[] 8:map[0:4JPKOsUVfVcvncyCAj-8] 9:map[1:7feyKfcAmKMj84e-Z9Qy]] seqNums:map[0:map[0:1 113871309237573403:3] 1:map[113871309237573403:4] 2:map[113871309237573403:5] 3:map[] 4:map[] 5:map[] 6:map[] 7:map[] 8:map[113871309237573403:1] 9:map[113871309237573403:2]]
2026/02/24 17:26:53 [Node:2 GID:100 isLeader:false] shardkv server listenApplyCh load snapshot data:map[0:map[2:e7KLJGj9FfoEz52Hcp3H] 1:map[3:Hru2hXtYBJ0LEvhhZyB7] 2:map[4:4_jSWlOJHgao3DYGmXfx] 3:map[] 4:map[] 5:map[] 6:map[] 7:map[] 8:map[0:4JPKOsUVfVcvncyCAj-8] 9:map[1:7feyKfcAmKMj84e-Z9Qy]] seqNums:map[0:map[0:1 113871309237573403:3] 1:map[113871309237573403:4] 2:map[113871309237573403:5] 3:map[] 4:map[] 5:map[] 6:map[] 7:map[] 8:map[113871309237573403:1] 9:map[113871309237573403:2]]
2026/02/24 17:26:53 [Node:0 GID:100 isLeader:true] shardkv server listenApplyCh applyMsg:{true {5 7Qs3WNhdC_Xy7ku2e5YO PUT 3 6 113871309237573403 {0 [0 0 0 0 0 0 0 0 0 0] map[]} map[] 0} 7 map[] false map[] map[] map[] map[]}
2026/02/24 17:26:53 [Node:0 GID:100 isLeader:true] kv server listenApplyCh op:PUT, key:5, value:7Qs3WNhdC_Xy7ku2e5YO clientid:113871309237573403, 更新seqNum:6
2026/02/24 17:26:53 [Node:0 GID:100 isLeader:true] shardkv server put success key:5 value:7Qs3WNhdC_Xy7ku2e5YO data:map[5:7Qs3WNhdC_Xy7ku2e5YO]
2026/02/24 17:26:53 [Node:0 GID:100 isLeader:true] shardkv server raft repley: success op:PUT, key:5 value:7Qs3WNhdC_Xy7ku2e5YO
2026/02/24 17:26:53 [Node:0 GID:100 isLeader:true] shardkv server checkGroup key:6, shard:4 shards:map[0:true 1:true 2:true 3:true 4:true 5:true 6:true 7:true 8:true 9:true]
2026/02/24 17:26:53 [Node:0 GID:100 isLeader:true] shardkv server raft command:{6 lFVqDSzzWwLbl3rpO8tR PUT 4 7 113871309237573403 {0 [0 0 0 0 0 0 0 0 0 0] map[]} map[] 0}
2026/02/24 17:26:53 [Node:2 GID:100 isLeader:false] shardkv server generateSnapshotter raft state size: 586, maxraftstate: 1000
2026/02/24 17:26:53 [Node:1 GID:100 isLeader:false] shardkv server generateSnapshotter raft state size: 586, maxraftstate: 1000
2026/02/24 17:26:53 [Node:2 GID:100 isLeader:false] shardkv server listenApplyCh applyMsg:{true {5 7Qs3WNhdC_Xy7ku2e5YO PUT 3 6 113871309237573403 {0 [0 0 0 0 0 0 0 0 0 0] map[]} map[] 0} 7 map[] false map[] map[] map[] map[]}
2026/02/24 17:26:53 [Node:0 GID:100 isLeader:true] shardkv server listenApplyCh applyMsg:{true {6 lFVqDSzzWwLbl3rpO8tR PUT 4 7 113871309237573403 {0 [0 0 0 0 0 0 0 0 0 0] map[]} map[] 0} 8 map[] false map[] map[] map[] map[]}
2026/02/24 17:26:53 [Node:2 GID:100 isLeader:false] kv server listenApplyCh op:PUT, key:5, value:7Qs3WNhdC_Xy7ku2e5YO clientid:113871309237573403, 更新seqNum:6
2026/02/24 17:26:53 [Node:0 GID:100 isLeader:true] kv server listenApplyCh op:PUT, key:6, value:lFVqDSzzWwLbl3rpO8tR clientid:113871309237573403, 更新seqNum:7
2026/02/24 17:26:53 [Node:0 GID:100 isLeader:true] shardkv server put success key:6 value:lFVqDSzzWwLbl3rpO8tR data:map[6:lFVqDSzzWwLbl3rpO8tR]
2026/02/24 17:26:53 [Node:0 GID:100 isLeader:true] shardkv server raft repley: success op:PUT, key:6 value:lFVqDSzzWwLbl3rpO8tR
2026/02/24 17:26:53 [Node:2 GID:100 isLeader:false] shardkv server put success key:5 value:7Qs3WNhdC_Xy7ku2e5YO data:map[5:7Qs3WNhdC_Xy7ku2e5YO]
2026/02/24 17:26:53 [Node:1 GID:100 isLeader:false] shardkv server listenApplyCh applyMsg:{true {5 7Qs3WNhdC_Xy7ku2e5YO PUT 3 6 113871309237573403 {0 [0 0 0 0 0 0 0 0 0 0] map[]} map[] 0} 7 map[] false map[] map[] map[] map[]}
2026/02/24 17:26:53 [Node:1 GID:100 isLeader:false] kv server listenApplyCh op:PUT, key:5, value:7Qs3WNhdC_Xy7ku2e5YO clientid:113871309237573403, 更新seqNum:6
2026/02/24 17:26:53 [Node:1 GID:100 isLeader:false] shardkv server put success key:5 value:7Qs3WNhdC_Xy7ku2e5YO data:map[5:7Qs3WNhdC_Xy7ku2e5YO]
2026/02/24 17:26:53 [Node:0 GID:100 isLeader:true] shardkv server checkGroup key:7, shard:5 shards:map[0:true 1:true 2:true 3:true 4:true 5:true 6:true 7:true 8:true 9:true]
2026/02/24 17:26:53 [Node:0 GID:100 isLeader:true] shardkv server raft command:{7 z2LVJuJMcOCsm-VAweCT PUT 5 8 113871309237573403 {0 [0 0 0 0 0 0 0 0 0 0] map[]} map[] 0}
2026/02/24 17:26:53 [Node:0 GID:100 isLeader:true] shardkv server generateSnapshotter raft state size: 778, maxraftstate: 1000
2026/02/24 17:26:53 [Node:2 GID:100 isLeader:false] shardkv server listenApplyCh applyMsg:{true {6 lFVqDSzzWwLbl3rpO8tR PUT 4 7 113871309237573403 {0 [0 0 0 0 0 0 0 0 0 0] map[]} map[] 0} 8 map[] false map[] map[] map[] map[]}
2026/02/24 17:26:53 [Node:2 GID:100 isLeader:false] kv server listenApplyCh op:PUT, key:6, value:lFVqDSzzWwLbl3rpO8tR clientid:113871309237573403, 更新seqNum:7
2026/02/24 17:26:53 [Node:2 GID:100 isLeader:false] shardkv server put success key:6 value:lFVqDSzzWwLbl3rpO8tR data:map[6:lFVqDSzzWwLbl3rpO8tR]
2026/02/24 17:26:53 [Node:1 GID:100 isLeader:false] shardkv server listenApplyCh applyMsg:{true {6 lFVqDSzzWwLbl3rpO8tR PUT 4 7 113871309237573403 {0 [0 0 0 0 0 0 0 0 0 0] map[]} map[] 0} 8 map[] false map[] map[] map[] map[]}
2026/02/24 17:26:53 [Node:1 GID:100 isLeader:false] kv server listenApplyCh op:PUT, key:6, value:lFVqDSzzWwLbl3rpO8tR clientid:113871309237573403, 更新seqNum:7
2026/02/24 17:26:53 [Node:1 GID:100 isLeader:false] shardkv server put success key:6 value:lFVqDSzzWwLbl3rpO8tR data:map[6:lFVqDSzzWwLbl3rpO8tR]
2026/02/24 17:26:53 [Node:0 GID:100 isLeader:true] shardkv server listenApplyCh applyMsg:{true {7 z2LVJuJMcOCsm-VAweCT PUT 5 8 113871309237573403 {0 [0 0 0 0 0 0 0 0 0 0] map[]} map[] 0} 9 map[] false map[] map[] map[] map[]}
2026/02/24 17:26:53 [Node:0 GID:100 isLeader:true] kv server listenApplyCh op:PUT, key:7, value:z2LVJuJMcOCsm-VAweCT clientid:113871309237573403, 更新seqNum:8
2026/02/24 17:26:53 [Node:0 GID:100 isLeader:true] shardkv server put success key:7 value:z2LVJuJMcOCsm-VAweCT data:map[7:z2LVJuJMcOCsm-VAweCT]
2026/02/24 17:26:53 [Node:0 GID:100 isLeader:true] shardkv server raft repley: success op:PUT, key:7 value:z2LVJuJMcOCsm-VAweCT
2026/02/24 17:26:53 [Node:0 GID:100 isLeader:true] shardkv server checkGroup key:8, shard:6 shards:map[0:true 1:true 2:true 3:true 4:true 5:true 6:true 7:true 8:true 9:true]
2026/02/24 17:26:53 [Node:0 GID:100 isLeader:true] shardkv server raft command:{8 25imAyinhov1A9x-2_yH PUT 6 9 113871309237573403 {0 [0 0 0 0 0 0 0 0 0 0] map[]} map[] 0}
2026/02/24 17:26:54 [Node:1 GID:100 isLeader:false] shardkv server listenApplyCh applyMsg:{true {7 z2LVJuJMcOCsm-VAweCT PUT 5 8 113871309237573403 {0 [0 0 0 0 0 0 0 0 0 0] map[]} map[] 0} 9 map[] false map[] map[] map[] map[]}
2026/02/24 17:26:54 [Node:1 GID:100 isLeader:false] kv server listenApplyCh op:PUT, key:7, value:z2LVJuJMcOCsm-VAweCT clientid:113871309237573403, 更新seqNum:8
2026/02/24 17:26:54 [Node:1 GID:100 isLeader:false] shardkv server put success key:7 value:z2LVJuJMcOCsm-VAweCT data:map[7:z2LVJuJMcOCsm-VAweCT]
2026/02/24 17:26:54 [Node:0 GID:100 isLeader:true] shardkv server listenApplyCh applyMsg:{true {8 25imAyinhov1A9x-2_yH PUT 6 9 113871309237573403 {0 [0 0 0 0 0 0 0 0 0 0] map[]} map[] 0} 10 map[] false map[] map[] map[] map[]}
2026/02/24 17:26:54 [Node:0 GID:100 isLeader:true] kv server listenApplyCh op:PUT, key:8, value:25imAyinhov1A9x-2_yH clientid:113871309237573403, 更新seqNum:9
2026/02/24 17:26:54 [Node:2 GID:100 isLeader:false] shardkv server listenApplyCh applyMsg:{true {7 z2LVJuJMcOCsm-VAweCT PUT 5 8 113871309237573403 {0 [0 0 0 0 0 0 0 0 0 0] map[]} map[] 0} 9 map[] false map[] map[] map[] map[]}
2026/02/24 17:26:54 [Node:2 GID:100 isLeader:false] kv server listenApplyCh op:PUT, key:7, value:z2LVJuJMcOCsm-VAweCT clientid:113871309237573403, 更新seqNum:8
2026/02/24 17:26:54 [Node:0 GID:100 isLeader:true] shardkv server put success key:8 value:25imAyinhov1A9x-2_yH data:map[8:25imAyinhov1A9x-2_yH]
2026/02/24 17:26:54 [Node:2 GID:100 isLeader:false] shardkv server put success key:7 value:z2LVJuJMcOCsm-VAweCT data:map[7:z2LVJuJMcOCsm-VAweCT]
2026/02/24 17:26:54 [Node:0 GID:100 isLeader:true] shardkv server raft repley: success op:PUT, key:8 value:25imAyinhov1A9x-2_yH
2026/02/24 17:26:54 [Node:0 GID:100 isLeader:true] shardkv server checkGroup key:9, shard:7 shards:map[0:true 1:true 2:true 3:true 4:true 5:true 6:true 7:true 8:true 9:true]
2026/02/24 17:26:54 [Node:0 GID:100 isLeader:true] shardkv server raft command:{9 W2k9CA3KTZbuggglJ85F PUT 7 10 113871309237573403 {0 [0 0 0 0 0 0 0 0 0 0] map[]} map[] 0}
2026/02/24 17:26:54 [Node:2 GID:100 isLeader:false] shardkv server generateSnapshotter raft state size: 873, maxraftstate: 1000
2026/02/24 17:26:54 [Node:1 GID:100 isLeader:false] shardkv server generateSnapshotter raft state size: 873, maxraftstate: 1000
2026/02/24 17:26:54 [Node:0 GID:100 isLeader:true] shardkv server generateSnapshotter raft state size: 968, maxraftstate: 1000
2026/02/24 17:26:54 [Node:1 GID:100 isLeader:false] shardkv server listenApplyCh applyMsg:{true {8 25imAyinhov1A9x-2_yH PUT 6 9 113871309237573403 {0 [0 0 0 0 0 0 0 0 0 0] map[]} map[] 0} 10 map[] false map[] map[] map[] map[]}
2026/02/24 17:26:54 [Node:1 GID:100 isLeader:false] kv server listenApplyCh op:PUT, key:8, value:25imAyinhov1A9x-2_yH clientid:113871309237573403, 更新seqNum:9
2026/02/24 17:26:54 [Node:1 GID:100 isLeader:false] shardkv server put success key:8 value:25imAyinhov1A9x-2_yH data:map[8:25imAyinhov1A9x-2_yH]
2026/02/24 17:26:54 [Node:2 GID:100 isLeader:false] shardkv server listenApplyCh applyMsg:{true {8 25imAyinhov1A9x-2_yH PUT 6 9 113871309237573403 {0 [0 0 0 0 0 0 0 0 0 0] map[]} map[] 0} 10 map[] false map[] map[] map[] map[]}
2026/02/24 17:26:54 [Node:2 GID:100 isLeader:false] kv server listenApplyCh op:PUT, key:8, value:25imAyinhov1A9x-2_yH clientid:113871309237573403, 更新seqNum:9
2026/02/24 17:26:54 [Node:0 GID:100 isLeader:true] shardkv server listenApplyCh applyMsg:{true {9 W2k9CA3KTZbuggglJ85F PUT 7 10 113871309237573403 {0 [0 0 0 0 0 0 0 0 0 0] map[]} map[] 0} 11 map[] false map[] map[] map[] map[]}
2026/02/24 17:26:54 [Node:0 GID:100 isLeader:true] kv server listenApplyCh op:PUT, key:9, value:W2k9CA3KTZbuggglJ85F clientid:113871309237573403, 更新seqNum:10
2026/02/24 17:26:54 [Node:2 GID:100 isLeader:false] shardkv server put success key:8 value:25imAyinhov1A9x-2_yH data:map[8:25imAyinhov1A9x-2_yH]
2026/02/24 17:26:54 [Node:0 GID:100 isLeader:true] shardkv server put success key:9 value:W2k9CA3KTZbuggglJ85F data:map[9:W2k9CA3KTZbuggglJ85F]
2026/02/24 17:26:54 [Node:0 GID:100 isLeader:true] shardkv server raft repley: success op:PUT, key:9 value:W2k9CA3KTZbuggglJ85F
2026/02/24 17:26:54 [Node:0 GID:100 isLeader:true] shardkv server checkGroup key:10, shard:9 shards:map[0:true 1:true 2:true 3:true 4:true 5:true 6:true 7:true 8:true 9:true]
2026/02/24 17:26:54 [Node:0 GID:100 isLeader:true] shardkv server raft command:{10 ZIo_MWLuWr11IuKrdiJ2 PUT 9 11 113871309237573403 {0 [0 0 0 0 0 0 0 0 0 0] map[]} map[] 0}
2026/02/24 17:26:54 [Node:1 GID:100 isLeader:false] shardkv server listenApplyCh applyMsg:{true {9 W2k9CA3KTZbuggglJ85F PUT 7 10 113871309237573403 {0 [0 0 0 0 0 0 0 0 0 0] map[]} map[] 0} 11 map[] false map[] map[] map[] map[]}
2026/02/24 17:26:54 [Node:1 GID:100 isLeader:false] kv server listenApplyCh op:PUT, key:9, value:W2k9CA3KTZbuggglJ85F clientid:113871309237573403, 更新seqNum:10
2026/02/24 17:26:54 [Node:1 GID:100 isLeader:false] shardkv server put success key:9 value:W2k9CA3KTZbuggglJ85F data:map[9:W2k9CA3KTZbuggglJ85F]
2026/02/24 17:26:54 [Node:2 GID:100 isLeader:false] shardkv server listenApplyCh applyMsg:{true {9 W2k9CA3KTZbuggglJ85F PUT 7 10 113871309237573403 {0 [0 0 0 0 0 0 0 0 0 0] map[]} map[] 0} 11 map[] false map[] map[] map[] map[]}
2026/02/24 17:26:54 [Node:2 GID:100 isLeader:false] kv server listenApplyCh op:PUT, key:9, value:W2k9CA3KTZbuggglJ85F clientid:113871309237573403, 更新seqNum:10
2026/02/24 17:26:54 [Node:2 GID:100 isLeader:false] shardkv server put success key:9 value:W2k9CA3KTZbuggglJ85F data:map[9:W2k9CA3KTZbuggglJ85F]
2026/02/24 17:26:54 [Node:0 GID:100 isLeader:true] shardkv server listenApplyCh applyMsg:{true {10 ZIo_MWLuWr11IuKrdiJ2 PUT 9 11 113871309237573403 {0 [0 0 0 0 0 0 0 0 0 0] map[]} map[] 0} 12 map[] false map[] map[] map[] map[]}
2026/02/24 17:26:54 [Node:0 GID:100 isLeader:true] kv server listenApplyCh op:PUT, key:10, value:ZIo_MWLuWr11IuKrdiJ2 clientid:113871309237573403, 更新seqNum:11
2026/02/24 17:26:54 [Node:0 GID:100 isLeader:true] shardkv server put success key:10 value:ZIo_MWLuWr11IuKrdiJ2 data:map[1:7feyKfcAmKMj84e-Z9Qy 10:ZIo_MWLuWr11IuKrdiJ2]
2026/02/24 17:26:54 [Node:0 GID:100 isLeader:true] shardkv server raft repley: success op:PUT, key:10 value:ZIo_MWLuWr11IuKrdiJ2
2026/02/24 17:26:54 [Node:0 GID:100 isLeader:true] shardkv server checkGroup key:11, shard:9 shards:map[0:true 1:true 2:true 3:true 4:true 5:true 6:true 7:true 8:true 9:true]
2026/02/24 17:26:54 [Node:0 GID:100 isLeader:true] shardkv server raft command:{11 G-WdPfixCsStieX94OwO PUT 9 12 113871309237573403 {0 [0 0 0 0 0 0 0 0 0 0] map[]} map[] 0}
2026/02/24 17:26:54 [Node:2 GID:100 isLeader:false] shardkv server generateSnapshotter raft state size: 1064, maxraftstate: 1000
2026/02/24 17:26:54 [Node:1 GID:100 isLeader:false] shardkv server generateSnapshotter raft state size: 1064, maxraftstate: 1000
2026/02/24 17:26:54 [Node:0 GID:100 isLeader:true] shardkv server generateSnapshotter raft state size: 1160, maxraftstate: 1000
2026/02/24 17:26:54 [Node:0 GID:100 isLeader:true] shardkv server generateSnapshotter start data:map[0:map[2:e7KLJGj9FfoEz52Hcp3H] 1:map[3:Hru2hXtYBJ0LEvhhZyB7] 2:map[4:4_jSWlOJHgao3DYGmXfx] 3:map[5:7Qs3WNhdC_Xy7ku2e5YO] 4:map[6:lFVqDSzzWwLbl3rpO8tR] 5:map[7:z2LVJuJMcOCsm-VAweCT] 6:map[8:25imAyinhov1A9x-2_yH] 7:map[9:W2k9CA3KTZbuggglJ85F] 8:map[0:4JPKOsUVfVcvncyCAj-8] 9:map[1:7feyKfcAmKMj84e-Z9Qy 10:ZIo_MWLuWr11IuKrdiJ2]]
2026/02/24 17:26:54 [Node:1 GID:100 isLeader:false] shardkv server listenApplyCh applyMsg:{false <nil> 12 map[] true map[] map[0:map[2:e7KLJGj9FfoEz52Hcp3H] 1:map[3:Hru2hXtYBJ0LEvhhZyB7] 2:map[4:4_jSWlOJHgao3DYGmXfx] 3:map[5:7Qs3WNhdC_Xy7ku2e5YO] 4:map[6:lFVqDSzzWwLbl3rpO8tR] 5:map[7:z2LVJuJMcOCsm-VAweCT] 6:map[8:25imAyinhov1A9x-2_yH] 7:map[9:W2k9CA3KTZbuggglJ85F] 8:map[0:4JPKOsUVfVcvncyCAj-8] 9:map[1:7feyKfcAmKMj84e-Z9Qy 10:ZIo_MWLuWr11IuKrdiJ2]] map[0:map[0:1 113871309237573403:3] 1:map[113871309237573403:4] 2:map[113871309237573403:5] 3:map[113871309237573403:6] 4:map[113871309237573403:7] 5:map[113871309237573403:8] 6:map[113871309237573403:9] 7:map[113871309237573403:10] 8:map[113871309237573403:1] 9:map[113871309237573403:11]] map[0:NORMAL 1:NORMAL 2:NORMAL 3:NORMAL 4:NORMAL 5:NORMAL 6:NORMAL 7:NORMAL 8:NORMAL 9:NORMAL]}
2026/02/24 17:26:54 [Node:1 GID:100 isLeader:false] shardkv server listenApplyCh load snapshot data:map[0:map[2:e7KLJGj9FfoEz52Hcp3H] 1:map[3:Hru2hXtYBJ0LEvhhZyB7] 2:map[4:4_jSWlOJHgao3DYGmXfx] 3:map[5:7Qs3WNhdC_Xy7ku2e5YO] 4:map[6:lFVqDSzzWwLbl3rpO8tR] 5:map[7:z2LVJuJMcOCsm-VAweCT] 6:map[8:25imAyinhov1A9x-2_yH] 7:map[9:W2k9CA3KTZbuggglJ85F] 8:map[0:4JPKOsUVfVcvncyCAj-8] 9:map[1:7feyKfcAmKMj84e-Z9Qy 10:ZIo_MWLuWr11IuKrdiJ2]] seqNums:map[0:map[0:1 113871309237573403:3] 1:map[113871309237573403:4] 2:map[113871309237573403:5] 3:map[113871309237573403:6] 4:map[113871309237573403:7] 5:map[113871309237573403:8] 6:map[113871309237573403:9] 7:map[113871309237573403:10] 8:map[113871309237573403:1] 9:map[113871309237573403:11]]
2026/02/24 17:26:54 [Node:2 GID:100 isLeader:false] shardkv server listenApplyCh applyMsg:{false <nil> 12 map[] true map[] map[0:map[2:e7KLJGj9FfoEz52Hcp3H] 1:map[3:Hru2hXtYBJ0LEvhhZyB7] 2:map[4:4_jSWlOJHgao3DYGmXfx] 3:map[5:7Qs3WNhdC_Xy7ku2e5YO] 4:map[6:lFVqDSzzWwLbl3rpO8tR] 5:map[7:z2LVJuJMcOCsm-VAweCT] 6:map[8:25imAyinhov1A9x-2_yH] 7:map[9:W2k9CA3KTZbuggglJ85F] 8:map[0:4JPKOsUVfVcvncyCAj-8] 9:map[1:7feyKfcAmKMj84e-Z9Qy 10:ZIo_MWLuWr11IuKrdiJ2]] map[0:map[0:1 113871309237573403:3] 1:map[113871309237573403:4] 2:map[113871309237573403:5] 3:map[113871309237573403:6] 4:map[113871309237573403:7] 5:map[113871309237573403:8] 6:map[113871309237573403:9] 7:map[113871309237573403:10] 8:map[113871309237573403:1] 9:map[113871309237573403:11]] map[0:NORMAL 1:NORMAL 2:NORMAL 3:NORMAL 4:NORMAL 5:NORMAL 6:NORMAL 7:NORMAL 8:NORMAL 9:NORMAL]}
2026/02/24 17:26:54 [Node:2 GID:100 isLeader:false] shardkv server listenApplyCh load snapshot data:map[0:map[2:e7KLJGj9FfoEz52Hcp3H] 1:map[3:Hru2hXtYBJ0LEvhhZyB7] 2:map[4:4_jSWlOJHgao3DYGmXfx] 3:map[5:7Qs3WNhdC_Xy7ku2e5YO] 4:map[6:lFVqDSzzWwLbl3rpO8tR] 5:map[7:z2LVJuJMcOCsm-VAweCT] 6:map[8:25imAyinhov1A9x-2_yH] 7:map[9:W2k9CA3KTZbuggglJ85F] 8:map[0:4JPKOsUVfVcvncyCAj-8] 9:map[1:7feyKfcAmKMj84e-Z9Qy 10:ZIo_MWLuWr11IuKrdiJ2]] seqNums:map[0:map[0:1 113871309237573403:3] 1:map[113871309237573403:4] 2:map[113871309237573403:5] 3:map[113871309237573403:6] 4:map[113871309237573403:7] 5:map[113871309237573403:8] 6:map[113871309237573403:9] 7:map[113871309237573403:10] 8:map[113871309237573403:1] 9:map[113871309237573403:11]]
2026/02/24 17:26:54 [Node:0 GID:100 isLeader:true] shardkv server listenApplyCh applyMsg:{true {11 G-WdPfixCsStieX94OwO PUT 9 12 113871309237573403 {0 [0 0 0 0 0 0 0 0 0 0] map[]} map[] 0} 13 map[] false map[] map[] map[] map[]}
2026/02/24 17:26:54 [Node:0 GID:100 isLeader:true] kv server listenApplyCh op:PUT, key:11, value:G-WdPfixCsStieX94OwO clientid:113871309237573403, 更新seqNum:12
2026/02/24 17:26:54 [Node:0 GID:100 isLeader:true] shardkv server put success key:11 value:G-WdPfixCsStieX94OwO data:map[1:7feyKfcAmKMj84e-Z9Qy 10:ZIo_MWLuWr11IuKrdiJ2 11:G-WdPfixCsStieX94OwO]
2026/02/24 17:26:54 [Node:0 GID:100 isLeader:true] shardkv server raft repley: success op:PUT, key:11 value:G-WdPfixCsStieX94OwO
2026/02/24 17:26:54 [Node:0 GID:100 isLeader:true] shardkv server checkGroup key:12, shard:9 shards:map[0:true 1:true 2:true 3:true 4:true 5:true 6:true 7:true 8:true 9:true]
2026/02/24 17:26:54 [Node:0 GID:100 isLeader:true] shardkv server raft command:{12 96ZhhvdDDUM5xUOVYxQI PUT 9 13 113871309237573403 {0 [0 0 0 0 0 0 0 0 0 0] map[]} map[] 0}
2026/02/24 17:26:54 [Node:2 GID:100 isLeader:false] shardkv server listenApplyCh applyMsg:{true {11 G-WdPfixCsStieX94OwO PUT 9 12 113871309237573403 {0 [0 0 0 0 0 0 0 0 0 0] map[]} map[] 0} 13 map[] false map[] map[] map[] map[]}
2026/02/24 17:26:54 [Node:2 GID:100 isLeader:false] kv server listenApplyCh op:PUT, key:11, value:G-WdPfixCsStieX94OwO clientid:113871309237573403, 更新seqNum:12
2026/02/24 17:26:54 [Node:1 GID:100 isLeader:false] shardkv server listenApplyCh applyMsg:{true {11 G-WdPfixCsStieX94OwO PUT 9 12 113871309237573403 {0 [0 0 0 0 0 0 0 0 0 0] map[]} map[] 0} 13 map[] false map[] map[] map[] map[]}
2026/02/24 17:26:54 [Node:1 GID:100 isLeader:false] kv server listenApplyCh op:PUT, key:11, value:G-WdPfixCsStieX94OwO clientid:113871309237573403, 更新seqNum:12
2026/02/24 17:26:54 [Node:1 GID:100 isLeader:false] shardkv server put success key:11 value:G-WdPfixCsStieX94OwO data:map[1:7feyKfcAmKMj84e-Z9Qy 10:ZIo_MWLuWr11IuKrdiJ2 11:G-WdPfixCsStieX94OwO]
2026/02/24 17:26:54 [Node:2 GID:100 isLeader:false] shardkv server put success key:11 value:G-WdPfixCsStieX94OwO data:map[1:7feyKfcAmKMj84e-Z9Qy 10:ZIo_MWLuWr11IuKrdiJ2 11:G-WdPfixCsStieX94OwO]
2026/02/24 17:26:54 [Node:0 GID:100 isLeader:true] shardkv server listenApplyCh applyMsg:{true {12 96ZhhvdDDUM5xUOVYxQI PUT 9 13 113871309237573403 {0 [0 0 0 0 0 0 0 0 0 0] map[]} map[] 0} 14 map[] false map[] map[] map[] map[]}
2026/02/24 17:26:54 [Node:0 GID:100 isLeader:true] kv server listenApplyCh op:PUT, key:12, value:96ZhhvdDDUM5xUOVYxQI clientid:113871309237573403, 更新seqNum:13
2026/02/24 17:26:54 [Node:0 GID:100 isLeader:true] shardkv server put success key:12 value:96ZhhvdDDUM5xUOVYxQI data:map[1:7feyKfcAmKMj84e-Z9Qy 10:ZIo_MWLuWr11IuKrdiJ2 11:G-WdPfixCsStieX94OwO 12:96ZhhvdDDUM5xUOVYxQI]
2026/02/24 17:26:54 [Node:0 GID:100 isLeader:true] shardkv server raft repley: success op:PUT, key:12 value:96ZhhvdDDUM5xUOVYxQI
2026/02/24 17:26:54 [Node:0 GID:100 isLeader:true] shardkv server checkGroup key:13, shard:9 shards:map[0:true 1:true 2:true 3:true 4:true 5:true 6:true 7:true 8:true 9:true]
2026/02/24 17:26:54 [Node:0 GID:100 isLeader:true] shardkv server raft command:{13 XE90ySoOGhjGY2lx7_n6 PUT 9 14 113871309237573403 {0 [0 0 0 0 0 0 0 0 0 0] map[]} map[] 0}
2026/02/24 17:26:54 [Node:2 GID:100 isLeader:false] shardkv server generateSnapshotter raft state size: 684, maxraftstate: 1000
2026/02/24 17:26:54 [Node:1 GID:100 isLeader:false] shardkv server generateSnapshotter raft state size: 684, maxraftstate: 1000
2026/02/24 17:26:54 [Node:0 GID:100 isLeader:true] shardkv server generateSnapshotter raft state size: 781, maxraftstate: 1000
2026/02/24 17:26:54 [Node:1 GID:100 isLeader:false] shardkv server listenApplyCh applyMsg:{true {12 96ZhhvdDDUM5xUOVYxQI PUT 9 13 113871309237573403 {0 [0 0 0 0 0 0 0 0 0 0] map[]} map[] 0} 14 map[] false map[] map[] map[] map[]}
2026/02/24 17:26:54 [Node:1 GID:100 isLeader:false] kv server listenApplyCh op:PUT, key:12, value:96ZhhvdDDUM5xUOVYxQI clientid:113871309237573403, 更新seqNum:13
2026/02/24 17:26:54 [Node:1 GID:100 isLeader:false] shardkv server put success key:12 value:96ZhhvdDDUM5xUOVYxQI data:map[1:7feyKfcAmKMj84e-Z9Qy 10:ZIo_MWLuWr11IuKrdiJ2 11:G-WdPfixCsStieX94OwO 12:96ZhhvdDDUM5xUOVYxQI]
2026/02/24 17:26:54 [Node:0 GID:100 isLeader:true] shardkv server listenApplyCh applyMsg:{true {13 XE90ySoOGhjGY2lx7_n6 PUT 9 14 113871309237573403 {0 [0 0 0 0 0 0 0 0 0 0] map[]} map[] 0} 15 map[] false map[] map[] map[] map[]}
2026/02/24 17:26:54 [Node:0 GID:100 isLeader:true] kv server listenApplyCh op:PUT, key:13, value:XE90ySoOGhjGY2lx7_n6 clientid:113871309237573403, 更新seqNum:14
2026/02/24 17:26:54 [Node:0 GID:100 isLeader:true] shardkv server put success key:13 value:XE90ySoOGhjGY2lx7_n6 data:map[1:7feyKfcAmKMj84e-Z9Qy 10:ZIo_MWLuWr11IuKrdiJ2 11:G-WdPfixCsStieX94OwO 12:96ZhhvdDDUM5xUOVYxQI 13:XE90ySoOGhjGY2lx7_n6]
2026/02/24 17:26:54 [Node:0 GID:100 isLeader:true] shardkv server raft repley: success op:PUT, key:13 value:XE90ySoOGhjGY2lx7_n6
2026/02/24 17:26:54 [Node:2 GID:100 isLeader:false] shardkv server listenApplyCh applyMsg:{true {12 96ZhhvdDDUM5xUOVYxQI PUT 9 13 113871309237573403 {0 [0 0 0 0 0 0 0 0 0 0] map[]} map[] 0} 14 map[] false map[] map[] map[] map[]}
2026/02/24 17:26:54 [Node:2 GID:100 isLeader:false] kv server listenApplyCh op:PUT, key:12, value:96ZhhvdDDUM5xUOVYxQI clientid:113871309237573403, 更新seqNum:13
2026/02/24 17:26:54 [Node:2 GID:100 isLeader:false] shardkv server put success key:12 value:96ZhhvdDDUM5xUOVYxQI data:map[1:7feyKfcAmKMj84e-Z9Qy 10:ZIo_MWLuWr11IuKrdiJ2 11:G-WdPfixCsStieX94OwO 12:96ZhhvdDDUM5xUOVYxQI]
2026/02/24 17:26:54 [Node:0 GID:100 isLeader:true] shardkv server checkGroup key:14, shard:9 shards:map[0:true 1:true 2:true 3:true 4:true 5:true 6:true 7:true 8:true 9:true]
2026/02/24 17:26:54 [Node:0 GID:100 isLeader:true] shardkv server raft command:{14 qYFp5ienKQiZmDXCokTB PUT 9 15 113871309237573403 {0 [0 0 0 0 0 0 0 0 0 0] map[]} map[] 0}
2026/02/24 17:26:54 [Node:2 GID:100 isLeader:false] shardkv server listenApplyCh applyMsg:{true {13 XE90ySoOGhjGY2lx7_n6 PUT 9 14 113871309237573403 {0 [0 0 0 0 0 0 0 0 0 0] map[]} map[] 0} 15 map[] false map[] map[] map[] map[]}
2026/02/24 17:26:54 [Node:2 GID:100 isLeader:false] kv server listenApplyCh op:PUT, key:13, value:XE90ySoOGhjGY2lx7_n6 clientid:113871309237573403, 更新seqNum:14
2026/02/24 17:26:54 [Node:1 GID:100 isLeader:false] shardkv server listenApplyCh applyMsg:{true {13 XE90ySoOGhjGY2lx7_n6 PUT 9 14 113871309237573403 {0 [0 0 0 0 0 0 0 0 0 0] map[]} map[] 0} 15 map[] false map[] map[] map[] map[]}
2026/02/24 17:26:54 [Node:1 GID:100 isLeader:false] kv server listenApplyCh op:PUT, key:13, value:XE90ySoOGhjGY2lx7_n6 clientid:113871309237573403, 更新seqNum:14
2026/02/24 17:26:54 [Node:1 GID:100 isLeader:false] shardkv server put success key:13 value:XE90ySoOGhjGY2lx7_n6 data:map[1:7feyKfcAmKMj84e-Z9Qy 10:ZIo_MWLuWr11IuKrdiJ2 11:G-WdPfixCsStieX94OwO 12:96ZhhvdDDUM5xUOVYxQI 13:XE90ySoOGhjGY2lx7_n6]
2026/02/24 17:26:54 [Node:2 GID:100 isLeader:false] shardkv server put success key:13 value:XE90ySoOGhjGY2lx7_n6 data:map[1:7feyKfcAmKMj84e-Z9Qy 10:ZIo_MWLuWr11IuKrdiJ2 11:G-WdPfixCsStieX94OwO 12:96ZhhvdDDUM5xUOVYxQI 13:XE90ySoOGhjGY2lx7_n6]
2026/02/24 17:26:54 [Node:0 GID:100 isLeader:true] shardkv server listenApplyCh applyMsg:{true {14 qYFp5ienKQiZmDXCokTB PUT 9 15 113871309237573403 {0 [0 0 0 0 0 0 0 0 0 0] map[]} map[] 0} 16 map[] false map[] map[] map[] map[]}
2026/02/24 17:26:54 [Node:0 GID:100 isLeader:true] kv server listenApplyCh op:PUT, key:14, value:qYFp5ienKQiZmDXCokTB clientid:113871309237573403, 更新seqNum:15
2026/02/24 17:26:54 [Node:0 GID:100 isLeader:true] shardkv server put success key:14 value:qYFp5ienKQiZmDXCokTB data:map[1:7feyKfcAmKMj84e-Z9Qy 10:ZIo_MWLuWr11IuKrdiJ2 11:G-WdPfixCsStieX94OwO 12:96ZhhvdDDUM5xUOVYxQI 13:XE90ySoOGhjGY2lx7_n6 14:qYFp5ienKQiZmDXCokTB]
2026/02/24 17:26:54 [Node:0 GID:100 isLeader:true] shardkv server raft repley: success op:PUT, key:14 value:qYFp5ienKQiZmDXCokTB
2026/02/24 17:26:54 [Node:0 GID:100 isLeader:true] shardkv server checkGroup key:15, shard:9 shards:map[0:true 1:true 2:true 3:true 4:true 5:true 6:true 7:true 8:true 9:true]
2026/02/24 17:26:54 [Node:0 GID:100 isLeader:true] shardkv server raft command:{15 hfoSBfHfoMGZC-E23lrs PUT 9 16 113871309237573403 {0 [0 0 0 0 0 0 0 0 0 0] map[]} map[] 0}
2026/02/24 17:26:54 [Node:1 GID:100 isLeader:false] shardkv server generateSnapshotter raft state size: 877, maxraftstate: 1000
2026/02/24 17:26:54 [Node:2 GID:100 isLeader:false] shardkv server generateSnapshotter raft state size: 877, maxraftstate: 1000
2026/02/24 17:26:54 [Node:0 GID:100 isLeader:true] shardkv server generateSnapshotter raft state size: 973, maxraftstate: 1000
2026/02/24 17:26:54 [Node:0 GID:100 isLeader:true] shardkv server listenApplyCh applyMsg:{true {15 hfoSBfHfoMGZC-E23lrs PUT 9 16 113871309237573403 {0 [0 0 0 0 0 0 0 0 0 0] map[]} map[] 0} 17 map[] false map[] map[] map[] map[]}
2026/02/24 17:26:54 [Node:1 GID:100 isLeader:false] shardkv server listenApplyCh applyMsg:{true {14 qYFp5ienKQiZmDXCokTB PUT 9 15 113871309237573403 {0 [0 0 0 0 0 0 0 0 0 0] map[]} map[] 0} 16 map[] false map[] map[] map[] map[]}
2026/02/24 17:26:54 [Node:2 GID:100 isLeader:false] shardkv server listenApplyCh applyMsg:{true {14 qYFp5ienKQiZmDXCokTB PUT 9 15 113871309237573403 {0 [0 0 0 0 0 0 0 0 0 0] map[]} map[] 0} 16 map[] false map[] map[] map[] map[]}
2026/02/24 17:26:54 [Node:0 GID:100 isLeader:true] kv server listenApplyCh op:PUT, key:15, value:hfoSBfHfoMGZC-E23lrs clientid:113871309237573403, 更新seqNum:16
2026/02/24 17:26:54 [Node:0 GID:100 isLeader:true] shardkv server put success key:15 value:hfoSBfHfoMGZC-E23lrs data:map[1:7feyKfcAmKMj84e-Z9Qy 10:ZIo_MWLuWr11IuKrdiJ2 11:G-WdPfixCsStieX94OwO 12:96ZhhvdDDUM5xUOVYxQI 13:XE90ySoOGhjGY2lx7_n6 14:qYFp5ienKQiZmDXCokTB 15:hfoSBfHfoMGZC-E23lrs]
2026/02/24 17:26:54 [Node:2 GID:100 isLeader:false] kv server listenApplyCh op:PUT, key:14, value:qYFp5ienKQiZmDXCokTB clientid:113871309237573403, 更新seqNum:15
2026/02/24 17:26:54 [Node:0 GID:100 isLeader:true] shardkv server raft repley: success op:PUT, key:15 value:hfoSBfHfoMGZC-E23lrs
2026/02/24 17:26:54 [Node:1 GID:100 isLeader:false] kv server listenApplyCh op:PUT, key:14, value:qYFp5ienKQiZmDXCokTB clientid:113871309237573403, 更新seqNum:15
2026/02/24 17:26:54 [Node:2 GID:100 isLeader:false] shardkv server put success key:14 value:qYFp5ienKQiZmDXCokTB data:map[1:7feyKfcAmKMj84e-Z9Qy 10:ZIo_MWLuWr11IuKrdiJ2 11:G-WdPfixCsStieX94OwO 12:96ZhhvdDDUM5xUOVYxQI 13:XE90ySoOGhjGY2lx7_n6 14:qYFp5ienKQiZmDXCokTB]
2026/02/24 17:26:54 [Node:1 GID:100 isLeader:false] shardkv server put success key:14 value:qYFp5ienKQiZmDXCokTB data:map[1:7feyKfcAmKMj84e-Z9Qy 10:ZIo_MWLuWr11IuKrdiJ2 11:G-WdPfixCsStieX94OwO 12:96ZhhvdDDUM5xUOVYxQI 13:XE90ySoOGhjGY2lx7_n6 14:qYFp5ienKQiZmDXCokTB]
2026/02/24 17:26:54 [Node:0 GID:100 isLeader:true] shardkv server checkGroup key:16, shard:9 shards:map[0:true 1:true 2:true 3:true 4:true 5:true 6:true 7:true 8:true 9:true]
2026/02/24 17:26:54 [Node:0 GID:100 isLeader:true] shardkv server raft command:{16 w49ucCQcjPa0iUGSzwdg PUT 9 17 113871309237573403 {0 [0 0 0 0 0 0 0 0 0 0] map[]} map[] 0}
2026/02/24 17:26:54 [Node:0 GID:100 isLeader:true] shardkv server listenApplyCh applyMsg:{true {16 w49ucCQcjPa0iUGSzwdg PUT 9 17 113871309237573403 {0 [0 0 0 0 0 0 0 0 0 0] map[]} map[] 0} 18 map[] false map[] map[] map[] map[]}
2026/02/24 17:26:54 [Node:0 GID:100 isLeader:true] kv server listenApplyCh op:PUT, key:16, value:w49ucCQcjPa0iUGSzwdg clientid:113871309237573403, 更新seqNum:17
2026/02/24 17:26:54 [Node:0 GID:100 isLeader:true] shardkv server put success key:16 value:w49ucCQcjPa0iUGSzwdg data:map[1:7feyKfcAmKMj84e-Z9Qy 10:ZIo_MWLuWr11IuKrdiJ2 11:G-WdPfixCsStieX94OwO 12:96ZhhvdDDUM5xUOVYxQI 13:XE90ySoOGhjGY2lx7_n6 14:qYFp5ienKQiZmDXCokTB 15:hfoSBfHfoMGZC-E23lrs 16:w49ucCQcjPa0iUGSzwdg]
2026/02/24 17:26:54 [Node:0 GID:100 isLeader:true] shardkv server raft repley: success op:PUT, key:16 value:w49ucCQcjPa0iUGSzwdg
2026/02/24 17:26:54 [Node:2 GID:100 isLeader:false] shardkv server listenApplyCh applyMsg:{true {15 hfoSBfHfoMGZC-E23lrs PUT 9 16 113871309237573403 {0 [0 0 0 0 0 0 0 0 0 0] map[]} map[] 0} 17 map[] false map[] map[] map[] map[]}
2026/02/24 17:26:54 [Node:1 GID:100 isLeader:false] shardkv server listenApplyCh applyMsg:{true {15 hfoSBfHfoMGZC-E23lrs PUT 9 16 113871309237573403 {0 [0 0 0 0 0 0 0 0 0 0] map[]} map[] 0} 17 map[] false map[] map[] map[] map[]}
2026/02/24 17:26:54 [Node:2 GID:100 isLeader:false] kv server listenApplyCh op:PUT, key:15, value:hfoSBfHfoMGZC-E23lrs clientid:113871309237573403, 更新seqNum:16
2026/02/24 17:26:54 [Node:2 GID:100 isLeader:false] shardkv server put success key:15 value:hfoSBfHfoMGZC-E23lrs data:map[1:7feyKfcAmKMj84e-Z9Qy 10:ZIo_MWLuWr11IuKrdiJ2 11:G-WdPfixCsStieX94OwO 12:96ZhhvdDDUM5xUOVYxQI 13:XE90ySoOGhjGY2lx7_n6 14:qYFp5ienKQiZmDXCokTB 15:hfoSBfHfoMGZC-E23lrs]
2026/02/24 17:26:54 [Node:1 GID:100 isLeader:false] kv server listenApplyCh op:PUT, key:15, value:hfoSBfHfoMGZC-E23lrs clientid:113871309237573403, 更新seqNum:16
2026/02/24 17:26:54 [Node:1 GID:100 isLeader:false] shardkv server put success key:15 value:hfoSBfHfoMGZC-E23lrs data:map[1:7feyKfcAmKMj84e-Z9Qy 10:ZIo_MWLuWr11IuKrdiJ2 11:G-WdPfixCsStieX94OwO 12:96ZhhvdDDUM5xUOVYxQI 13:XE90ySoOGhjGY2lx7_n6 14:qYFp5ienKQiZmDXCokTB 15:hfoSBfHfoMGZC-E23lrs]
2026/02/24 17:26:54 [Node:0 GID:100 isLeader:true] shardkv server checkGroup key:17, shard:9 shards:map[0:true 1:true 2:true 3:true 4:true 5:true 6:true 7:true 8:true 9:true]
2026/02/24 17:26:54 [Node:0 GID:100 isLeader:true] shardkv server raft command:{17 tS93z-FyNwnLWHVevezP PUT 9 18 113871309237573403 {0 [0 0 0 0 0 0 0 0 0 0] map[]} map[] 0}
2026/02/24 17:26:54 [Node:2 GID:100 isLeader:false] shardkv server generateSnapshotter raft state size: 1069, maxraftstate: 1000
2026/02/24 17:26:54 [Node:1 GID:100 isLeader:false] shardkv server generateSnapshotter raft state size: 1069, maxraftstate: 1000
2026/02/24 17:26:54 [Node:0 GID:100 isLeader:true] shardkv server generateSnapshotter raft state size: 1165, maxraftstate: 1000
2026/02/24 17:26:54 [Node:0 GID:100 isLeader:true] shardkv server generateSnapshotter start data:map[0:map[2:e7KLJGj9FfoEz52Hcp3H] 1:map[3:Hru2hXtYBJ0LEvhhZyB7] 2:map[4:4_jSWlOJHgao3DYGmXfx] 3:map[5:7Qs3WNhdC_Xy7ku2e5YO] 4:map[6:lFVqDSzzWwLbl3rpO8tR] 5:map[7:z2LVJuJMcOCsm-VAweCT] 6:map[8:25imAyinhov1A9x-2_yH] 7:map[9:W2k9CA3KTZbuggglJ85F] 8:map[0:4JPKOsUVfVcvncyCAj-8] 9:map[1:7feyKfcAmKMj84e-Z9Qy 10:ZIo_MWLuWr11IuKrdiJ2 11:G-WdPfixCsStieX94OwO 12:96ZhhvdDDUM5xUOVYxQI 13:XE90ySoOGhjGY2lx7_n6 14:qYFp5ienKQiZmDXCokTB 15:hfoSBfHfoMGZC-E23lrs 16:w49ucCQcjPa0iUGSzwdg]]
2026/02/24 17:26:54 [Node:1 GID:100 isLeader:false] shardkv server listenApplyCh applyMsg:{false <nil> 18 map[] true map[] map[0:map[2:e7KLJGj9FfoEz52Hcp3H] 1:map[3:Hru2hXtYBJ0LEvhhZyB7] 2:map[4:4_jSWlOJHgao3DYGmXfx] 3:map[5:7Qs3WNhdC_Xy7ku2e5YO] 4:map[6:lFVqDSzzWwLbl3rpO8tR] 5:map[7:z2LVJuJMcOCsm-VAweCT] 6:map[8:25imAyinhov1A9x-2_yH] 7:map[9:W2k9CA3KTZbuggglJ85F] 8:map[0:4JPKOsUVfVcvncyCAj-8] 9:map[1:7feyKfcAmKMj84e-Z9Qy 10:ZIo_MWLuWr11IuKrdiJ2 11:G-WdPfixCsStieX94OwO 12:96ZhhvdDDUM5xUOVYxQI 13:XE90ySoOGhjGY2lx7_n6 14:qYFp5ienKQiZmDXCokTB 15:hfoSBfHfoMGZC-E23lrs 16:w49ucCQcjPa0iUGSzwdg]] map[0:map[0:1 113871309237573403:3] 1:map[113871309237573403:4] 2:map[113871309237573403:5] 3:map[113871309237573403:6] 4:map[113871309237573403:7] 5:map[113871309237573403:8] 6:map[113871309237573403:9] 7:map[113871309237573403:10] 8:map[113871309237573403:1] 9:map[113871309237573403:17]] map[0:NORMAL 1:NORMAL 2:NORMAL 3:NORMAL 4:NORMAL 5:NORMAL 6:NORMAL 7:NORMAL 8:NORMAL 9:NORMAL]}
2026/02/24 17:26:54 [Node:1 GID:100 isLeader:false] shardkv server listenApplyCh load snapshot data:map[0:map[2:e7KLJGj9FfoEz52Hcp3H] 1:map[3:Hru2hXtYBJ0LEvhhZyB7] 2:map[4:4_jSWlOJHgao3DYGmXfx] 3:map[5:7Qs3WNhdC_Xy7ku2e5YO] 4:map[6:lFVqDSzzWwLbl3rpO8tR] 5:map[7:z2LVJuJMcOCsm-VAweCT] 6:map[8:25imAyinhov1A9x-2_yH] 7:map[9:W2k9CA3KTZbuggglJ85F] 8:map[0:4JPKOsUVfVcvncyCAj-8] 9:map[1:7feyKfcAmKMj84e-Z9Qy 10:ZIo_MWLuWr11IuKrdiJ2 11:G-WdPfixCsStieX94OwO 12:96ZhhvdDDUM5xUOVYxQI 13:XE90ySoOGhjGY2lx7_n6 14:qYFp5ienKQiZmDXCokTB 15:hfoSBfHfoMGZC-E23lrs 16:w49ucCQcjPa0iUGSzwdg]] seqNums:map[0:map[0:1 113871309237573403:3] 1:map[113871309237573403:4] 2:map[113871309237573403:5] 3:map[113871309237573403:6] 4:map[113871309237573403:7] 5:map[113871309237573403:8] 6:map[113871309237573403:9] 7:map[113871309237573403:10] 8:map[113871309237573403:1] 9:map[113871309237573403:17]]
2026/02/24 17:26:54 [Node:2 GID:100 isLeader:false] shardkv server listenApplyCh applyMsg:{false <nil> 18 map[] true map[] map[0:map[2:e7KLJGj9FfoEz52Hcp3H] 1:map[3:Hru2hXtYBJ0LEvhhZyB7] 2:map[4:4_jSWlOJHgao3DYGmXfx] 3:map[5:7Qs3WNhdC_Xy7ku2e5YO] 4:map[6:lFVqDSzzWwLbl3rpO8tR] 5:map[7:z2LVJuJMcOCsm-VAweCT] 6:map[8:25imAyinhov1A9x-2_yH] 7:map[9:W2k9CA3KTZbuggglJ85F] 8:map[0:4JPKOsUVfVcvncyCAj-8] 9:map[1:7feyKfcAmKMj84e-Z9Qy 10:ZIo_MWLuWr11IuKrdiJ2 11:G-WdPfixCsStieX94OwO 12:96ZhhvdDDUM5xUOVYxQI 13:XE90ySoOGhjGY2lx7_n6 14:qYFp5ienKQiZmDXCokTB 15:hfoSBfHfoMGZC-E23lrs 16:w49ucCQcjPa0iUGSzwdg]] map[0:map[0:1 113871309237573403:3] 1:map[113871309237573403:4] 2:map[113871309237573403:5] 3:map[113871309237573403:6] 4:map[113871309237573403:7] 5:map[113871309237573403:8] 6:map[113871309237573403:9] 7:map[113871309237573403:10] 8:map[113871309237573403:1] 9:map[113871309237573403:17]] map[0:NORMAL 1:NORMAL 2:NORMAL 3:NORMAL 4:NORMAL 5:NORMAL 6:NORMAL 7:NORMAL 8:NORMAL 9:NORMAL]}
2026/02/24 17:26:54 [Node:2 GID:100 isLeader:false] shardkv server listenApplyCh load snapshot data:map[0:map[2:e7KLJGj9FfoEz52Hcp3H] 1:map[3:Hru2hXtYBJ0LEvhhZyB7] 2:map[4:4_jSWlOJHgao3DYGmXfx] 3:map[5:7Qs3WNhdC_Xy7ku2e5YO] 4:map[6:lFVqDSzzWwLbl3rpO8tR] 5:map[7:z2LVJuJMcOCsm-VAweCT] 6:map[8:25imAyinhov1A9x-2_yH] 7:map[9:W2k9CA3KTZbuggglJ85F] 8:map[0:4JPKOsUVfVcvncyCAj-8] 9:map[1:7feyKfcAmKMj84e-Z9Qy 10:ZIo_MWLuWr11IuKrdiJ2 11:G-WdPfixCsStieX94OwO 12:96ZhhvdDDUM5xUOVYxQI 13:XE90ySoOGhjGY2lx7_n6 14:qYFp5ienKQiZmDXCokTB 15:hfoSBfHfoMGZC-E23lrs 16:w49ucCQcjPa0iUGSzwdg]] seqNums:map[0:map[0:1 113871309237573403:3] 1:map[113871309237573403:4] 2:map[113871309237573403:5] 3:map[113871309237573403:6] 4:map[113871309237573403:7] 5:map[113871309237573403:8] 6:map[113871309237573403:9] 7:map[113871309237573403:10] 8:map[113871309237573403:1] 9:map[113871309237573403:17]]
2026/02/24 17:26:54 [Node:0 GID:100 isLeader:true] shardkv server listenApplyCh applyMsg:{true {17 tS93z-FyNwnLWHVevezP PUT 9 18 113871309237573403 {0 [0 0 0 0 0 0 0 0 0 0] map[]} map[] 0} 19 map[] false map[] map[] map[] map[]}
2026/02/24 17:26:54 [Node:0 GID:100 isLeader:true] kv server listenApplyCh op:PUT, key:17, value:tS93z-FyNwnLWHVevezP clientid:113871309237573403, 更新seqNum:18
2026/02/24 17:26:54 [Node:0 GID:100 isLeader:true] shardkv server put success key:17 value:tS93z-FyNwnLWHVevezP data:map[1:7feyKfcAmKMj84e-Z9Qy 10:ZIo_MWLuWr11IuKrdiJ2 11:G-WdPfixCsStieX94OwO 12:96ZhhvdDDUM5xUOVYxQI 13:XE90ySoOGhjGY2lx7_n6 14:qYFp5ienKQiZmDXCokTB 15:hfoSBfHfoMGZC-E23lrs 16:w49ucCQcjPa0iUGSzwdg 17:tS93z-FyNwnLWHVevezP]
2026/02/24 17:26:54 [Node:0 GID:100 isLeader:true] shardkv server raft repley: success op:PUT, key:17 value:tS93z-FyNwnLWHVevezP
2026/02/24 17:26:54 [Node:0 GID:100 isLeader:true] shardkv server checkGroup key:18, shard:9 shards:map[0:true 1:true 2:true 3:true 4:true 5:true 6:true 7:true 8:true 9:true]
2026/02/24 17:26:54 [Node:0 GID:100 isLeader:true] shardkv server raft command:{18 eGx5LOeZm_ldSj2mREyz PUT 9 19 113871309237573403 {0 [0 0 0 0 0 0 0 0 0 0] map[]} map[] 0}
2026/02/24 17:26:54 [Node:2 GID:100 isLeader:false] shardkv server listenApplyCh applyMsg:{true {17 tS93z-FyNwnLWHVevezP PUT 9 18 113871309237573403 {0 [0 0 0 0 0 0 0 0 0 0] map[]} map[] 0} 19 map[] false map[] map[] map[] map[]}
2026/02/24 17:26:54 [Node:2 GID:100 isLeader:false] kv server listenApplyCh op:PUT, key:17, value:tS93z-FyNwnLWHVevezP clientid:113871309237573403, 更新seqNum:18
2026/02/24 17:26:54 [Node:2 GID:100 isLeader:false] shardkv server put success key:17 value:tS93z-FyNwnLWHVevezP data:map[1:7feyKfcAmKMj84e-Z9Qy 10:ZIo_MWLuWr11IuKrdiJ2 11:G-WdPfixCsStieX94OwO 12:96ZhhvdDDUM5xUOVYxQI 13:XE90ySoOGhjGY2lx7_n6 14:qYFp5ienKQiZmDXCokTB 15:hfoSBfHfoMGZC-E23lrs 16:w49ucCQcjPa0iUGSzwdg 17:tS93z-FyNwnLWHVevezP]
2026/02/24 17:26:54 [Node:1 GID:100 isLeader:false] shardkv server listenApplyCh applyMsg:{true {17 tS93z-FyNwnLWHVevezP PUT 9 18 113871309237573403 {0 [0 0 0 0 0 0 0 0 0 0] map[]} map[] 0} 19 map[] false map[] map[] map[] map[]}
2026/02/24 17:26:54 [Node:1 GID:100 isLeader:false] kv server listenApplyCh op:PUT, key:17, value:tS93z-FyNwnLWHVevezP clientid:113871309237573403, 更新seqNum:18
2026/02/24 17:26:54 [Node:1 GID:100 isLeader:false] shardkv server put success key:17 value:tS93z-FyNwnLWHVevezP data:map[1:7feyKfcAmKMj84e-Z9Qy 10:ZIo_MWLuWr11IuKrdiJ2 11:G-WdPfixCsStieX94OwO 12:96ZhhvdDDUM5xUOVYxQI 13:XE90ySoOGhjGY2lx7_n6 14:qYFp5ienKQiZmDXCokTB 15:hfoSBfHfoMGZC-E23lrs 16:w49ucCQcjPa0iUGSzwdg 17:tS93z-FyNwnLWHVevezP]
2026/02/24 17:26:54 [Node:0 GID:100 isLeader:true] shardkv server listenApplyCh applyMsg:{true {18 eGx5LOeZm_ldSj2mREyz PUT 9 19 113871309237573403 {0 [0 0 0 0 0 0 0 0 0 0] map[]} map[] 0} 20 map[] false map[] map[] map[] map[]}
2026/02/24 17:26:54 [Node:0 GID:100 isLeader:true] kv server listenApplyCh op:PUT, key:18, value:eGx5LOeZm_ldSj2mREyz clientid:113871309237573403, 更新seqNum:19
2026/02/24 17:26:54 [Node:0 GID:100 isLeader:true] shardkv server put success key:18 value:eGx5LOeZm_ldSj2mREyz data:map[1:7feyKfcAmKMj84e-Z9Qy 10:ZIo_MWLuWr11IuKrdiJ2 11:G-WdPfixCsStieX94OwO 12:96ZhhvdDDUM5xUOVYxQI 13:XE90ySoOGhjGY2lx7_n6 14:qYFp5ienKQiZmDXCokTB 15:hfoSBfHfoMGZC-E23lrs 16:w49ucCQcjPa0iUGSzwdg 17:tS93z-FyNwnLWHVevezP 18:eGx5LOeZm_ldSj2mREyz]
2026/02/24 17:26:54 [Node:0 GID:100 isLeader:true] shardkv server raft repley: success op:PUT, key:18 value:eGx5LOeZm_ldSj2mREyz
2026/02/24 17:26:54 [Node:0 GID:100 isLeader:true] shardkv server checkGroup key:19, shard:9 shards:map[0:true 1:true 2:true 3:true 4:true 5:true 6:true 7:true 8:true 9:true]
2026/02/24 17:26:54 [Node:0 GID:100 isLeader:true] shardkv server raft command:{19 TuU_Zvm4dt_Z_xRmrtr8 PUT 9 20 113871309237573403 {0 [0 0 0 0 0 0 0 0 0 0] map[]} map[] 0}
2026/02/24 17:26:54 [Node:1 GID:100 isLeader:false] shardkv server generateSnapshotter raft state size: 684, maxraftstate: 1000
2026/02/24 17:26:54 [Node:2 GID:100 isLeader:false] shardkv server generateSnapshotter raft state size: 684, maxraftstate: 1000
2026/02/24 17:26:54 [Node:0 GID:100 isLeader:true] shardkv server generateSnapshotter raft state size: 781, maxraftstate: 1000
2026/02/24 17:26:54 [Node:1 GID:100 isLeader:false] shardkv server listenApplyCh applyMsg:{true {18 eGx5LOeZm_ldSj2mREyz PUT 9 19 113871309237573403 {0 [0 0 0 0 0 0 0 0 0 0] map[]} map[] 0} 20 map[] false map[] map[] map[] map[]}
2026/02/24 17:26:54 [Node:1 GID:100 isLeader:false] kv server listenApplyCh op:PUT, key:18, value:eGx5LOeZm_ldSj2mREyz clientid:113871309237573403, 更新seqNum:19
2026/02/24 17:26:54 [Node:1 GID:100 isLeader:false] shardkv server put success key:18 value:eGx5LOeZm_ldSj2mREyz data:map[1:7feyKfcAmKMj84e-Z9Qy 10:ZIo_MWLuWr11IuKrdiJ2 11:G-WdPfixCsStieX94OwO 12:96ZhhvdDDUM5xUOVYxQI 13:XE90ySoOGhjGY2lx7_n6 14:qYFp5ienKQiZmDXCokTB 15:hfoSBfHfoMGZC-E23lrs 16:w49ucCQcjPa0iUGSzwdg 17:tS93z-FyNwnLWHVevezP 18:eGx5LOeZm_ldSj2mREyz]
2026/02/24 17:26:54 [Node:2 GID:100 isLeader:false] shardkv server listenApplyCh applyMsg:{true {18 eGx5LOeZm_ldSj2mREyz PUT 9 19 113871309237573403 {0 [0 0 0 0 0 0 0 0 0 0] map[]} map[] 0} 20 map[] false map[] map[] map[] map[]}
2026/02/24 17:26:54 [Node:2 GID:100 isLeader:false] kv server listenApplyCh op:PUT, key:18, value:eGx5LOeZm_ldSj2mREyz clientid:113871309237573403, 更新seqNum:19
2026/02/24 17:26:54 [Node:2 GID:100 isLeader:false] shardkv server put success key:18 value:eGx5LOeZm_ldSj2mREyz data:map[1:7feyKfcAmKMj84e-Z9Qy 10:ZIo_MWLuWr11IuKrdiJ2 11:G-WdPfixCsStieX94OwO 12:96ZhhvdDDUM5xUOVYxQI 13:XE90ySoOGhjGY2lx7_n6 14:qYFp5ienKQiZmDXCokTB 15:hfoSBfHfoMGZC-E23lrs 16:w49ucCQcjPa0iUGSzwdg 17:tS93z-FyNwnLWHVevezP 18:eGx5LOeZm_ldSj2mREyz]
2026/02/24 17:26:54 [Node:0 GID:100 isLeader:true] shardkv server listenApplyCh applyMsg:{true {19 TuU_Zvm4dt_Z_xRmrtr8 PUT 9 20 113871309237573403 {0 [0 0 0 0 0 0 0 0 0 0] map[]} map[] 0} 21 map[] false map[] map[] map[] map[]}
2026/02/24 17:26:54 [Node:0 GID:100 isLeader:true] kv server listenApplyCh op:PUT, key:19, value:TuU_Zvm4dt_Z_xRmrtr8 clientid:113871309237573403, 更新seqNum:20
2026/02/24 17:26:54 [Node:0 GID:100 isLeader:true] shardkv server put success key:19 value:TuU_Zvm4dt_Z_xRmrtr8 data:map[1:7feyKfcAmKMj84e-Z9Qy 10:ZIo_MWLuWr11IuKrdiJ2 11:G-WdPfixCsStieX94OwO 12:96ZhhvdDDUM5xUOVYxQI 13:XE90ySoOGhjGY2lx7_n6 14:qYFp5ienKQiZmDXCokTB 15:hfoSBfHfoMGZC-E23lrs 16:w49ucCQcjPa0iUGSzwdg 17:tS93z-FyNwnLWHVevezP 18:eGx5LOeZm_ldSj2mREyz 19:TuU_Zvm4dt_Z_xRmrtr8]
2026/02/24 17:26:54 [Node:0 GID:100 isLeader:true] shardkv server raft repley: success op:PUT, key:19 value:TuU_Zvm4dt_Z_xRmrtr8
2026/02/24 17:26:54 [Node:0 GID:100 isLeader:true] shardkv server checkGroup key:20, shard:0 shards:map[0:true 1:true 2:true 3:true 4:true 5:true 6:true 7:true 8:true 9:true]
2026/02/24 17:26:54 [Node:0 GID:100 isLeader:true] shardkv server raft command:{20 sxevmuW7AmVBs1CkujVp PUT 0 21 113871309237573403 {0 [0 0 0 0 0 0 0 0 0 0] map[]} map[] 0}
2026/02/24 17:26:54 [Node:1 GID:100 isLeader:false] shardkv server listenApplyCh applyMsg:{true {19 TuU_Zvm4dt_Z_xRmrtr8 PUT 9 20 113871309237573403 {0 [0 0 0 0 0 0 0 0 0 0] map[]} map[] 0} 21 map[] false map[] map[] map[] map[]}
2026/02/24 17:26:54 [Node:1 GID:100 isLeader:false] kv server listenApplyCh op:PUT, key:19, value:TuU_Zvm4dt_Z_xRmrtr8 clientid:113871309237573403, 更新seqNum:20
2026/02/24 17:26:54 [Node:1 GID:100 isLeader:false] shardkv server put success key:19 value:TuU_Zvm4dt_Z_xRmrtr8 data:map[1:7feyKfcAmKMj84e-Z9Qy 10:ZIo_MWLuWr11IuKrdiJ2 11:G-WdPfixCsStieX94OwO 12:96ZhhvdDDUM5xUOVYxQI 13:XE90ySoOGhjGY2lx7_n6 14:qYFp5ienKQiZmDXCokTB 15:hfoSBfHfoMGZC-E23lrs 16:w49ucCQcjPa0iUGSzwdg 17:tS93z-FyNwnLWHVevezP 18:eGx5LOeZm_ldSj2mREyz 19:TuU_Zvm4dt_Z_xRmrtr8]
2026/02/24 17:26:54 [Node:2 GID:100 isLeader:false] shardkv server listenApplyCh applyMsg:{true {19 TuU_Zvm4dt_Z_xRmrtr8 PUT 9 20 113871309237573403 {0 [0 0 0 0 0 0 0 0 0 0] map[]} map[] 0} 21 map[] false map[] map[] map[] map[]}
2026/02/24 17:26:54 [Node:2 GID:100 isLeader:false] kv server listenApplyCh op:PUT, key:19, value:TuU_Zvm4dt_Z_xRmrtr8 clientid:113871309237573403, 更新seqNum:20
2026/02/24 17:26:54 [Node:0 GID:100 isLeader:true] shardkv server listenApplyCh applyMsg:{true {20 sxevmuW7AmVBs1CkujVp PUT 0 21 113871309237573403 {0 [0 0 0 0 0 0 0 0 0 0] map[]} map[] 0} 22 map[] false map[] map[] map[] map[]}
2026/02/24 17:26:54 [Node:0 GID:100 isLeader:true] kv server listenApplyCh op:PUT, key:20, value:sxevmuW7AmVBs1CkujVp clientid:113871309237573403, 更新seqNum:21
2026/02/24 17:26:54 [Node:2 GID:100 isLeader:false] shardkv server put success key:19 value:TuU_Zvm4dt_Z_xRmrtr8 data:map[1:7feyKfcAmKMj84e-Z9Qy 10:ZIo_MWLuWr11IuKrdiJ2 11:G-WdPfixCsStieX94OwO 12:96ZhhvdDDUM5xUOVYxQI 13:XE90ySoOGhjGY2lx7_n6 14:qYFp5ienKQiZmDXCokTB 15:hfoSBfHfoMGZC-E23lrs 16:w49ucCQcjPa0iUGSzwdg 17:tS93z-FyNwnLWHVevezP 18:eGx5LOeZm_ldSj2mREyz 19:TuU_Zvm4dt_Z_xRmrtr8]
2026/02/24 17:26:54 [Node:0 GID:100 isLeader:true] shardkv server put success key:20 value:sxevmuW7AmVBs1CkujVp data:map[2:e7KLJGj9FfoEz52Hcp3H 20:sxevmuW7AmVBs1CkujVp]
2026/02/24 17:26:54 [Node:0 GID:100 isLeader:true] shardkv server raft repley: success op:PUT, key:20 value:sxevmuW7AmVBs1CkujVp
2026/02/24 17:26:54 [Node:0 GID:100 isLeader:true] shardkv server checkGroup key:21, shard:0 shards:map[0:true 1:true 2:true 3:true 4:true 5:true 6:true 7:true 8:true 9:true]
2026/02/24 17:26:54 [Node:0 GID:100 isLeader:true] shardkv server raft command:{21 AB-RSTY0r6n0a5q8vcmg PUT 0 22 113871309237573403 {0 [0 0 0 0 0 0 0 0 0 0] map[]} map[] 0}
2026/02/24 17:26:54 [Node:2 GID:100 isLeader:false] shardkv server generateSnapshotter raft state size: 875, maxraftstate: 1000
2026/02/24 17:26:54 [Node:1 GID:100 isLeader:false] shardkv server generateSnapshotter raft state size: 875, maxraftstate: 1000
2026/02/24 17:26:54 [Node:0 GID:100 isLeader:true] shardkv server generateSnapshotter raft state size: 969, maxraftstate: 1000
2026/02/24 17:26:54 [Node:1 GID:100 isLeader:false] shardkv server listenApplyCh applyMsg:{true {20 sxevmuW7AmVBs1CkujVp PUT 0 21 113871309237573403 {0 [0 0 0 0 0 0 0 0 0 0] map[]} map[] 0} 22 map[] false map[] map[] map[] map[]}
2026/02/24 17:26:54 [Node:1 GID:100 isLeader:false] kv server listenApplyCh op:PUT, key:20, value:sxevmuW7AmVBs1CkujVp clientid:113871309237573403, 更新seqNum:21
2026/02/24 17:26:54 [Node:1 GID:100 isLeader:false] shardkv server put success key:20 value:sxevmuW7AmVBs1CkujVp data:map[2:e7KLJGj9FfoEz52Hcp3H 20:sxevmuW7AmVBs1CkujVp]
2026/02/24 17:26:54 [Node:0 GID:100 isLeader:true] shardkv server listenApplyCh applyMsg:{true {21 AB-RSTY0r6n0a5q8vcmg PUT 0 22 113871309237573403 {0 [0 0 0 0 0 0 0 0 0 0] map[]} map[] 0} 23 map[] false map[] map[] map[] map[]}
2026/02/24 17:26:54 [Node:0 GID:100 isLeader:true] kv server listenApplyCh op:PUT, key:21, value:AB-RSTY0r6n0a5q8vcmg clientid:113871309237573403, 更新seqNum:22
2026/02/24 17:26:54 [Node:0 GID:100 isLeader:true] shardkv server put success key:21 value:AB-RSTY0r6n0a5q8vcmg data:map[2:e7KLJGj9FfoEz52Hcp3H 20:sxevmuW7AmVBs1CkujVp 21:AB-RSTY0r6n0a5q8vcmg]
2026/02/24 17:26:54 [Node:0 GID:100 isLeader:true] shardkv server raft repley: success op:PUT, key:21 value:AB-RSTY0r6n0a5q8vcmg
2026/02/24 17:26:54 [Node:2 GID:100 isLeader:false] shardkv server listenApplyCh applyMsg:{true {20 sxevmuW7AmVBs1CkujVp PUT 0 21 113871309237573403 {0 [0 0 0 0 0 0 0 0 0 0] map[]} map[] 0} 22 map[] false map[] map[] map[] map[]}
2026/02/24 17:26:54 [Node:2 GID:100 isLeader:false] kv server listenApplyCh op:PUT, key:20, value:sxevmuW7AmVBs1CkujVp clientid:113871309237573403, 更新seqNum:21
2026/02/24 17:26:54 [Node:2 GID:100 isLeader:false] shardkv server put success key:20 value:sxevmuW7AmVBs1CkujVp data:map[2:e7KLJGj9FfoEz52Hcp3H 20:sxevmuW7AmVBs1CkujVp]
2026/02/24 17:26:54 [Node:0 GID:100 isLeader:true] shardkv server checkGroup key:22, shard:0 shards:map[0:true 1:true 2:true 3:true 4:true 5:true 6:true 7:true 8:true 9:true]
2026/02/24 17:26:54 [Node:0 GID:100 isLeader:true] shardkv server raft command:{22 _w4WVM9-y3hR5bZSIEWh PUT 0 23 113871309237573403 {0 [0 0 0 0 0 0 0 0 0 0] map[]} map[] 0}
2026/02/24 17:26:54 [Node:2 GID:100 isLeader:false] shardkv server generateSnapshotter raft state size: 1063, maxraftstate: 1000
2026/02/24 17:26:54 [Node:0 GID:100 isLeader:true] shardkv server listenApplyCh applyMsg:{true {22 _w4WVM9-y3hR5bZSIEWh PUT 0 23 113871309237573403 {0 [0 0 0 0 0 0 0 0 0 0] map[]} map[] 0} 24 map[] false map[] map[] map[] map[]}
2026/02/24 17:26:54 [Node:0 GID:100 isLeader:true] kv server listenApplyCh op:PUT, key:22, value:_w4WVM9-y3hR5bZSIEWh clientid:113871309237573403, 更新seqNum:23
2026/02/24 17:26:54 [Node:0 GID:100 isLeader:true] shardkv server put success key:22 value:_w4WVM9-y3hR5bZSIEWh data:map[2:e7KLJGj9FfoEz52Hcp3H 20:sxevmuW7AmVBs1CkujVp 21:AB-RSTY0r6n0a5q8vcmg 22:_w4WVM9-y3hR5bZSIEWh]
2026/02/24 17:26:54 [Node:0 GID:100 isLeader:true] shardkv server raft repley: success op:PUT, key:22 value:_w4WVM9-y3hR5bZSIEWh
2026/02/24 17:26:54 [Node:2 GID:100 isLeader:false] shardkv server listenApplyCh applyMsg:{true {21 AB-RSTY0r6n0a5q8vcmg PUT 0 22 113871309237573403 {0 [0 0 0 0 0 0 0 0 0 0] map[]} map[] 0} 23 map[] false map[] map[] map[] map[]}
2026/02/24 17:26:54 [Node:2 GID:100 isLeader:false] kv server listenApplyCh op:PUT, key:21, value:AB-RSTY0r6n0a5q8vcmg clientid:113871309237573403, 更新seqNum:22
2026/02/24 17:26:54 [Node:2 GID:100 isLeader:false] shardkv server put success key:21 value:AB-RSTY0r6n0a5q8vcmg data:map[2:e7KLJGj9FfoEz52Hcp3H 20:sxevmuW7AmVBs1CkujVp 21:AB-RSTY0r6n0a5q8vcmg]
2026/02/24 17:26:54 [Node:1 GID:100 isLeader:false] shardkv server generateSnapshotter raft state size: 1063, maxraftstate: 1000
2026/02/24 17:26:54 [Node:1 GID:100 isLeader:false] shardkv server listenApplyCh applyMsg:{true {21 AB-RSTY0r6n0a5q8vcmg PUT 0 22 113871309237573403 {0 [0 0 0 0 0 0 0 0 0 0] map[]} map[] 0} 23 map[] false map[] map[] map[] map[]}
2026/02/24 17:26:54 [Node:1 GID:100 isLeader:false] kv server listenApplyCh op:PUT, key:21, value:AB-RSTY0r6n0a5q8vcmg clientid:113871309237573403, 更新seqNum:22
2026/02/24 17:26:54 [Node:1 GID:100 isLeader:false] shardkv server put success key:21 value:AB-RSTY0r6n0a5q8vcmg data:map[2:e7KLJGj9FfoEz52Hcp3H 20:sxevmuW7AmVBs1CkujVp 21:AB-RSTY0r6n0a5q8vcmg]
2026/02/24 17:26:54 [Node:0 GID:100 isLeader:true] shardkv server checkGroup key:23, shard:0 shards:map[0:true 1:true 2:true 3:true 4:true 5:true 6:true 7:true 8:true 9:true]
2026/02/24 17:26:54 [Node:0 GID:100 isLeader:true] shardkv server raft command:{23 QFjsUpC5euDpwYpR2oU3 PUT 0 24 113871309237573403 {0 [0 0 0 0 0 0 0 0 0 0] map[]} map[] 0}
2026/02/24 17:26:54 [Node:0 GID:100 isLeader:true] shardkv server generateSnapshotter raft state size: 1157, maxraftstate: 1000
2026/02/24 17:26:54 [Node:0 GID:100 isLeader:true] shardkv server generateSnapshotter start data:map[0:map[2:e7KLJGj9FfoEz52Hcp3H 20:sxevmuW7AmVBs1CkujVp 21:AB-RSTY0r6n0a5q8vcmg 22:_w4WVM9-y3hR5bZSIEWh] 1:map[3:Hru2hXtYBJ0LEvhhZyB7] 2:map[4:4_jSWlOJHgao3DYGmXfx] 3:map[5:7Qs3WNhdC_Xy7ku2e5YO] 4:map[6:lFVqDSzzWwLbl3rpO8tR] 5:map[7:z2LVJuJMcOCsm-VAweCT] 6:map[8:25imAyinhov1A9x-2_yH] 7:map[9:W2k9CA3KTZbuggglJ85F] 8:map[0:4JPKOsUVfVcvncyCAj-8] 9:map[1:7feyKfcAmKMj84e-Z9Qy 10:ZIo_MWLuWr11IuKrdiJ2 11:G-WdPfixCsStieX94OwO 12:96ZhhvdDDUM5xUOVYxQI 13:XE90ySoOGhjGY2lx7_n6 14:qYFp5ienKQiZmDXCokTB 15:hfoSBfHfoMGZC-E23lrs 16:w49ucCQcjPa0iUGSzwdg 17:tS93z-FyNwnLWHVevezP 18:eGx5LOeZm_ldSj2mREyz 19:TuU_Zvm4dt_Z_xRmrtr8]]
2026/02/24 17:26:54 [Node:1 GID:100 isLeader:false] shardkv server listenApplyCh applyMsg:{false <nil> 24 map[] true map[] map[0:map[2:e7KLJGj9FfoEz52Hcp3H 20:sxevmuW7AmVBs1CkujVp 21:AB-RSTY0r6n0a5q8vcmg 22:_w4WVM9-y3hR5bZSIEWh] 1:map[3:Hru2hXtYBJ0LEvhhZyB7] 2:map[4:4_jSWlOJHgao3DYGmXfx] 3:map[5:7Qs3WNhdC_Xy7ku2e5YO] 4:map[6:lFVqDSzzWwLbl3rpO8tR] 5:map[7:z2LVJuJMcOCsm-VAweCT] 6:map[8:25imAyinhov1A9x-2_yH] 7:map[9:W2k9CA3KTZbuggglJ85F] 8:map[0:4JPKOsUVfVcvncyCAj-8] 9:map[1:7feyKfcAmKMj84e-Z9Qy 10:ZIo_MWLuWr11IuKrdiJ2 11:G-WdPfixCsStieX94OwO 12:96ZhhvdDDUM5xUOVYxQI 13:XE90ySoOGhjGY2lx7_n6 14:qYFp5ienKQiZmDXCokTB 15:hfoSBfHfoMGZC-E23lrs 16:w49ucCQcjPa0iUGSzwdg 17:tS93z-FyNwnLWHVevezP 18:eGx5LOeZm_ldSj2mREyz 19:TuU_Zvm4dt_Z_xRmrtr8]] map[0:map[0:1 113871309237573403:23] 1:map[113871309237573403:4] 2:map[113871309237573403:5] 3:map[113871309237573403:6] 4:map[113871309237573403:7] 5:map[113871309237573403:8] 6:map[113871309237573403:9] 7:map[113871309237573403:10] 8:map[113871309237573403:1] 9:map[113871309237573403:20]] map[0:NORMAL 1:NORMAL 2:NORMAL 3:NORMAL 4:NORMAL 5:NORMAL 6:NORMAL 7:NORMAL 8:NORMAL 9:NORMAL]}
2026/02/24 17:26:54 [Node:1 GID:100 isLeader:false] shardkv server listenApplyCh load snapshot data:map[0:map[2:e7KLJGj9FfoEz52Hcp3H 20:sxevmuW7AmVBs1CkujVp 21:AB-RSTY0r6n0a5q8vcmg 22:_w4WVM9-y3hR5bZSIEWh] 1:map[3:Hru2hXtYBJ0LEvhhZyB7] 2:map[4:4_jSWlOJHgao3DYGmXfx] 3:map[5:7Qs3WNhdC_Xy7ku2e5YO] 4:map[6:lFVqDSzzWwLbl3rpO8tR] 5:map[7:z2LVJuJMcOCsm-VAweCT] 6:map[8:25imAyinhov1A9x-2_yH] 7:map[9:W2k9CA3KTZbuggglJ85F] 8:map[0:4JPKOsUVfVcvncyCAj-8] 9:map[1:7feyKfcAmKMj84e-Z9Qy 10:ZIo_MWLuWr11IuKrdiJ2 11:G-WdPfixCsStieX94OwO 12:96ZhhvdDDUM5xUOVYxQI 13:XE90ySoOGhjGY2lx7_n6 14:qYFp5ienKQiZmDXCokTB 15:hfoSBfHfoMGZC-E23lrs 16:w49ucCQcjPa0iUGSzwdg 17:tS93z-FyNwnLWHVevezP 18:eGx5LOeZm_ldSj2mREyz 19:TuU_Zvm4dt_Z_xRmrtr8]] seqNums:map[0:map[0:1 113871309237573403:23] 1:map[113871309237573403:4] 2:map[113871309237573403:5] 3:map[113871309237573403:6] 4:map[113871309237573403:7] 5:map[113871309237573403:8] 6:map[113871309237573403:9] 7:map[113871309237573403:10] 8:map[113871309237573403:1] 9:map[113871309237573403:20]]
2026/02/24 17:26:54 [Node:2 GID:100 isLeader:false] shardkv server listenApplyCh applyMsg:{false <nil> 24 map[] true map[] map[0:map[2:e7KLJGj9FfoEz52Hcp3H 20:sxevmuW7AmVBs1CkujVp 21:AB-RSTY0r6n0a5q8vcmg 22:_w4WVM9-y3hR5bZSIEWh] 1:map[3:Hru2hXtYBJ0LEvhhZyB7] 2:map[4:4_jSWlOJHgao3DYGmXfx] 3:map[5:7Qs3WNhdC_Xy7ku2e5YO] 4:map[6:lFVqDSzzWwLbl3rpO8tR] 5:map[7:z2LVJuJMcOCsm-VAweCT] 6:map[8:25imAyinhov1A9x-2_yH] 7:map[9:W2k9CA3KTZbuggglJ85F] 8:map[0:4JPKOsUVfVcvncyCAj-8] 9:map[1:7feyKfcAmKMj84e-Z9Qy 10:ZIo_MWLuWr11IuKrdiJ2 11:G-WdPfixCsStieX94OwO 12:96ZhhvdDDUM5xUOVYxQI 13:XE90ySoOGhjGY2lx7_n6 14:qYFp5ienKQiZmDXCokTB 15:hfoSBfHfoMGZC-E23lrs 16:w49ucCQcjPa0iUGSzwdg 17:tS93z-FyNwnLWHVevezP 18:eGx5LOeZm_ldSj2mREyz 19:TuU_Zvm4dt_Z_xRmrtr8]] map[0:map[0:1 113871309237573403:23] 1:map[113871309237573403:4] 2:map[113871309237573403:5] 3:map[113871309237573403:6] 4:map[113871309237573403:7] 5:map[113871309237573403:8] 6:map[113871309237573403:9] 7:map[113871309237573403:10] 8:map[113871309237573403:1] 9:map[113871309237573403:20]] map[0:NORMAL 1:NORMAL 2:NORMAL 3:NORMAL 4:NORMAL 5:NORMAL 6:NORMAL 7:NORMAL 8:NORMAL 9:NORMAL]}
2026/02/24 17:26:54 [Node:2 GID:100 isLeader:false] shardkv server listenApplyCh load snapshot data:map[0:map[2:e7KLJGj9FfoEz52Hcp3H 20:sxevmuW7AmVBs1CkujVp 21:AB-RSTY0r6n0a5q8vcmg 22:_w4WVM9-y3hR5bZSIEWh] 1:map[3:Hru2hXtYBJ0LEvhhZyB7] 2:map[4:4_jSWlOJHgao3DYGmXfx] 3:map[5:7Qs3WNhdC_Xy7ku2e5YO] 4:map[6:lFVqDSzzWwLbl3rpO8tR] 5:map[7:z2LVJuJMcOCsm-VAweCT] 6:map[8:25imAyinhov1A9x-2_yH] 7:map[9:W2k9CA3KTZbuggglJ85F] 8:map[0:4JPKOsUVfVcvncyCAj-8] 9:map[1:7feyKfcAmKMj84e-Z9Qy 10:ZIo_MWLuWr11IuKrdiJ2 11:G-WdPfixCsStieX94OwO 12:96ZhhvdDDUM5xUOVYxQI 13:XE90ySoOGhjGY2lx7_n6 14:qYFp5ienKQiZmDXCokTB 15:hfoSBfHfoMGZC-E23lrs 16:w49ucCQcjPa0iUGSzwdg 17:tS93z-FyNwnLWHVevezP 18:eGx5LOeZm_ldSj2mREyz 19:TuU_Zvm4dt_Z_xRmrtr8]] seqNums:map[0:map[0:1 113871309237573403:23] 1:map[113871309237573403:4] 2:map[113871309237573403:5] 3:map[113871309237573403:6] 4:map[113871309237573403:7] 5:map[113871309237573403:8] 6:map[113871309237573403:9] 7:map[113871309237573403:10] 8:map[113871309237573403:1] 9:map[113871309237573403:20]]
2026/02/24 17:26:54 [Node:0 GID:100 isLeader:true] shardkv server listenApplyCh applyMsg:{true {23 QFjsUpC5euDpwYpR2oU3 PUT 0 24 113871309237573403 {0 [0 0 0 0 0 0 0 0 0 0] map[]} map[] 0} 25 map[] false map[] map[] map[] map[]}
2026/02/24 17:26:54 [Node:0 GID:100 isLeader:true] kv server listenApplyCh op:PUT, key:23, value:QFjsUpC5euDpwYpR2oU3 clientid:113871309237573403, 更新seqNum:24
2026/02/24 17:26:54 [Node:0 GID:100 isLeader:true] shardkv server put success key:23 value:QFjsUpC5euDpwYpR2oU3 data:map[2:e7KLJGj9FfoEz52Hcp3H 20:sxevmuW7AmVBs1CkujVp 21:AB-RSTY0r6n0a5q8vcmg 22:_w4WVM9-y3hR5bZSIEWh 23:QFjsUpC5euDpwYpR2oU3]
2026/02/24 17:26:54 [Node:0 GID:100 isLeader:true] shardkv server raft repley: success op:PUT, key:23 value:QFjsUpC5euDpwYpR2oU3
2026/02/24 17:26:54 [Node:0 GID:100 isLeader:true] shardkv server checkGroup key:24, shard:0 shards:map[0:true 1:true 2:true 3:true 4:true 5:true 6:true 7:true 8:true 9:true]
2026/02/24 17:26:54 [Node:0 GID:100 isLeader:true] shardkv server raft command:{24 IEkCCLX4oicRxt8IqaX3 PUT 0 25 113871309237573403 {0 [0 0 0 0 0 0 0 0 0 0] map[]} map[] 0}
2026/02/24 17:26:54 [Node:2 GID:100 isLeader:false] shardkv server listenApplyCh applyMsg:{true {23 QFjsUpC5euDpwYpR2oU3 PUT 0 24 113871309237573403 {0 [0 0 0 0 0 0 0 0 0 0] map[]} map[] 0} 25 map[] false map[] map[] map[] map[]}
2026/02/24 17:26:54 [Node:2 GID:100 isLeader:false] kv server listenApplyCh op:PUT, key:23, value:QFjsUpC5euDpwYpR2oU3 clientid:113871309237573403, 更新seqNum:24
2026/02/24 17:26:54 [Node:2 GID:100 isLeader:false] shardkv server put success key:23 value:QFjsUpC5euDpwYpR2oU3 data:map[2:e7KLJGj9FfoEz52Hcp3H 20:sxevmuW7AmVBs1CkujVp 21:AB-RSTY0r6n0a5q8vcmg 22:_w4WVM9-y3hR5bZSIEWh 23:QFjsUpC5euDpwYpR2oU3]
2026/02/24 17:26:54 [Node:1 GID:100 isLeader:false] shardkv server listenApplyCh applyMsg:{true {23 QFjsUpC5euDpwYpR2oU3 PUT 0 24 113871309237573403 {0 [0 0 0 0 0 0 0 0 0 0] map[]} map[] 0} 25 map[] false map[] map[] map[] map[]}
2026/02/24 17:26:54 [Node:0 GID:100 isLeader:true] shardkv server listenApplyCh applyMsg:{true {24 IEkCCLX4oicRxt8IqaX3 PUT 0 25 113871309237573403 {0 [0 0 0 0 0 0 0 0 0 0] map[]} map[] 0} 26 map[] false map[] map[] map[] map[]}
2026/02/24 17:26:54 [Node:0 GID:100 isLeader:true] kv server listenApplyCh op:PUT, key:24, value:IEkCCLX4oicRxt8IqaX3 clientid:113871309237573403, 更新seqNum:25
2026/02/24 17:26:54 [Node:0 GID:100 isLeader:true] shardkv server put success key:24 value:IEkCCLX4oicRxt8IqaX3 data:map[2:e7KLJGj9FfoEz52Hcp3H 20:sxevmuW7AmVBs1CkujVp 21:AB-RSTY0r6n0a5q8vcmg 22:_w4WVM9-y3hR5bZSIEWh 23:QFjsUpC5euDpwYpR2oU3 24:IEkCCLX4oicRxt8IqaX3]
2026/02/24 17:26:54 [Node:0 GID:100 isLeader:true] shardkv server raft repley: success op:PUT, key:24 value:IEkCCLX4oicRxt8IqaX3
2026/02/24 17:26:54 [Node:2 GID:100 isLeader:false] shardkv server generateSnapshotter raft state size: 680, maxraftstate: 1000
2026/02/24 17:26:54 [Node:1 GID:100 isLeader:false] kv server listenApplyCh op:PUT, key:23, value:QFjsUpC5euDpwYpR2oU3 clientid:113871309237573403, 更新seqNum:24
2026/02/24 17:26:54 [Node:1 GID:100 isLeader:false] shardkv server put success key:23 value:QFjsUpC5euDpwYpR2oU3 data:map[2:e7KLJGj9FfoEz52Hcp3H 20:sxevmuW7AmVBs1CkujVp 21:AB-RSTY0r6n0a5q8vcmg 22:_w4WVM9-y3hR5bZSIEWh 23:QFjsUpC5euDpwYpR2oU3]
2026/02/24 17:26:54 [Node:1 GID:100 isLeader:false] shardkv server generateSnapshotter raft state size: 680, maxraftstate: 1000
2026/02/24 17:26:54 [Node:0 GID:100 isLeader:true] shardkv server checkGroup key:25, shard:0 shards:map[0:true 1:true 2:true 3:true 4:true 5:true 6:true 7:true 8:true 9:true]
2026/02/24 17:26:54 [Node:0 GID:100 isLeader:true] shardkv server raft command:{25 gIvRmn0Vk7CvUtn1b9YE PUT 0 26 113871309237573403 {0 [0 0 0 0 0 0 0 0 0 0] map[]} map[] 0}
2026/02/24 17:26:54 [Node:0 GID:100 isLeader:true] shardkv server generateSnapshotter raft state size: 774, maxraftstate: 1000
2026/02/24 17:26:54 [Node:1 GID:100 isLeader:false] shardkv server listenApplyCh applyMsg:{true {24 IEkCCLX4oicRxt8IqaX3 PUT 0 25 113871309237573403 {0 [0 0 0 0 0 0 0 0 0 0] map[]} map[] 0} 26 map[] false map[] map[] map[] map[]}
2026/02/24 17:26:54 [Node:1 GID:100 isLeader:false] kv server listenApplyCh op:PUT, key:24, value:IEkCCLX4oicRxt8IqaX3 clientid:113871309237573403, 更新seqNum:25
2026/02/24 17:26:54 [Node:1 GID:100 isLeader:false] shardkv server put success key:24 value:IEkCCLX4oicRxt8IqaX3 data:map[2:e7KLJGj9FfoEz52Hcp3H 20:sxevmuW7AmVBs1CkujVp 21:AB-RSTY0r6n0a5q8vcmg 22:_w4WVM9-y3hR5bZSIEWh 23:QFjsUpC5euDpwYpR2oU3 24:IEkCCLX4oicRxt8IqaX3]
2026/02/24 17:26:54 [Node:0 GID:100 isLeader:true] shardkv server listenApplyCh applyMsg:{true {25 gIvRmn0Vk7CvUtn1b9YE PUT 0 26 113871309237573403 {0 [0 0 0 0 0 0 0 0 0 0] map[]} map[] 0} 27 map[] false map[] map[] map[] map[]}
2026/02/24 17:26:54 [Node:0 GID:100 isLeader:true] kv server listenApplyCh op:PUT, key:25, value:gIvRmn0Vk7CvUtn1b9YE clientid:113871309237573403, 更新seqNum:26
2026/02/24 17:26:54 [Node:0 GID:100 isLeader:true] shardkv server put success key:25 value:gIvRmn0Vk7CvUtn1b9YE data:map[2:e7KLJGj9FfoEz52Hcp3H 20:sxevmuW7AmVBs1CkujVp 21:AB-RSTY0r6n0a5q8vcmg 22:_w4WVM9-y3hR5bZSIEWh 23:QFjsUpC5euDpwYpR2oU3 24:IEkCCLX4oicRxt8IqaX3 25:gIvRmn0Vk7CvUtn1b9YE]
2026/02/24 17:26:54 [Node:0 GID:100 isLeader:true] shardkv server raft repley: success op:PUT, key:25 value:gIvRmn0Vk7CvUtn1b9YE
2026/02/24 17:26:54 [Node:2 GID:100 isLeader:false] shardkv server listenApplyCh applyMsg:{true {24 IEkCCLX4oicRxt8IqaX3 PUT 0 25 113871309237573403 {0 [0 0 0 0 0 0 0 0 0 0] map[]} map[] 0} 26 map[] false map[] map[] map[] map[]}
2026/02/24 17:26:54 [Node:2 GID:100 isLeader:false] kv server listenApplyCh op:PUT, key:24, value:IEkCCLX4oicRxt8IqaX3 clientid:113871309237573403, 更新seqNum:25
2026/02/24 17:26:54 [Node:2 GID:100 isLeader:false] shardkv server put success key:24 value:IEkCCLX4oicRxt8IqaX3 data:map[2:e7KLJGj9FfoEz52Hcp3H 20:sxevmuW7AmVBs1CkujVp 21:AB-RSTY0r6n0a5q8vcmg 22:_w4WVM9-y3hR5bZSIEWh 23:QFjsUpC5euDpwYpR2oU3 24:IEkCCLX4oicRxt8IqaX3]
2026/02/24 17:26:54 [Node:0 GID:100 isLeader:true] shardkv server checkGroup key:26, shard:0 shards:map[0:true 1:true 2:true 3:true 4:true 5:true 6:true 7:true 8:true 9:true]
2026/02/24 17:26:54 [Node:0 GID:100 isLeader:true] shardkv server raft command:{26 QJpznCkMRhsFOWcrsnvD PUT 0 27 113871309237573403 {0 [0 0 0 0 0 0 0 0 0 0] map[]} map[] 0}
2026/02/24 17:26:54 [Node:2 GID:100 isLeader:false] shardkv server generateSnapshotter raft state size: 774, maxraftstate: 1000
2026/02/24 17:26:54 [Node:1 GID:100 isLeader:false] shardkv server generateSnapshotter raft state size: 774, maxraftstate: 1000
2026/02/24 17:26:54 [Node:2 GID:100 isLeader:false] shardkv server listenApplyCh applyMsg:{true {25 gIvRmn0Vk7CvUtn1b9YE PUT 0 26 113871309237573403 {0 [0 0 0 0 0 0 0 0 0 0] map[]} map[] 0} 27 map[] false map[] map[] map[] map[]}
2026/02/24 17:26:54 [Node:2 GID:100 isLeader:false] kv server listenApplyCh op:PUT, key:25, value:gIvRmn0Vk7CvUtn1b9YE clientid:113871309237573403, 更新seqNum:26
2026/02/24 17:26:54 [Node:2 GID:100 isLeader:false] shardkv server put success key:25 value:gIvRmn0Vk7CvUtn1b9YE data:map[2:e7KLJGj9FfoEz52Hcp3H 20:sxevmuW7AmVBs1CkujVp 21:AB-RSTY0r6n0a5q8vcmg 22:_w4WVM9-y3hR5bZSIEWh 23:QFjsUpC5euDpwYpR2oU3 24:IEkCCLX4oicRxt8IqaX3 25:gIvRmn0Vk7CvUtn1b9YE]
2026/02/24 17:26:54 [Node:1 GID:100 isLeader:false] shardkv server listenApplyCh applyMsg:{true {25 gIvRmn0Vk7CvUtn1b9YE PUT 0 26 113871309237573403 {0 [0 0 0 0 0 0 0 0 0 0] map[]} map[] 0} 27 map[] false map[] map[] map[] map[]}
2026/02/24 17:26:54 [Node:1 GID:100 isLeader:false] kv server listenApplyCh op:PUT, key:25, value:gIvRmn0Vk7CvUtn1b9YE clientid:113871309237573403, 更新seqNum:26
2026/02/24 17:26:54 [Node:0 GID:100 isLeader:true] shardkv server listenApplyCh applyMsg:{true {26 QJpznCkMRhsFOWcrsnvD PUT 0 27 113871309237573403 {0 [0 0 0 0 0 0 0 0 0 0] map[]} map[] 0} 28 map[] false map[] map[] map[] map[]}
2026/02/24 17:26:54 [Node:0 GID:100 isLeader:true] kv server listenApplyCh op:PUT, key:26, value:QJpznCkMRhsFOWcrsnvD clientid:113871309237573403, 更新seqNum:27
2026/02/24 17:26:54 [Node:1 GID:100 isLeader:false] shardkv server put success key:25 value:gIvRmn0Vk7CvUtn1b9YE data:map[2:e7KLJGj9FfoEz52Hcp3H 20:sxevmuW7AmVBs1CkujVp 21:AB-RSTY0r6n0a5q8vcmg 22:_w4WVM9-y3hR5bZSIEWh 23:QFjsUpC5euDpwYpR2oU3 24:IEkCCLX4oicRxt8IqaX3 25:gIvRmn0Vk7CvUtn1b9YE]
2026/02/24 17:26:54 [Node:0 GID:100 isLeader:true] shardkv server put success key:26 value:QJpznCkMRhsFOWcrsnvD data:map[2:e7KLJGj9FfoEz52Hcp3H 20:sxevmuW7AmVBs1CkujVp 21:AB-RSTY0r6n0a5q8vcmg 22:_w4WVM9-y3hR5bZSIEWh 23:QFjsUpC5euDpwYpR2oU3 24:IEkCCLX4oicRxt8IqaX3 25:gIvRmn0Vk7CvUtn1b9YE 26:QJpznCkMRhsFOWcrsnvD]
2026/02/24 17:26:54 [Node:0 GID:100 isLeader:true] shardkv server raft repley: success op:PUT, key:26 value:QJpznCkMRhsFOWcrsnvD
2026/02/24 17:26:54 [Node:0 GID:100 isLeader:true] shardkv server checkGroup key:27, shard:0 shards:map[0:true 1:true 2:true 3:true 4:true 5:true 6:true 7:true 8:true 9:true]
2026/02/24 17:26:54 [Node:0 GID:100 isLeader:true] shardkv server raft command:{27 IX9f8pgSK6B4a77Vh-vx PUT 0 28 113871309237573403 {0 [0 0 0 0 0 0 0 0 0 0] map[]} map[] 0}
2026/02/24 17:26:54 [Node:0 GID:100 isLeader:true] shardkv server generateSnapshotter raft state size: 963, maxraftstate: 1000
2026/02/24 17:26:54 [Node:2 GID:100 isLeader:false] shardkv server listenApplyCh applyMsg:{true {26 QJpznCkMRhsFOWcrsnvD PUT 0 27 113871309237573403 {0 [0 0 0 0 0 0 0 0 0 0] map[]} map[] 0} 28 map[] false map[] map[] map[] map[]}
2026/02/24 17:26:54 [Node:2 GID:100 isLeader:false] kv server listenApplyCh op:PUT, key:26, value:QJpznCkMRhsFOWcrsnvD clientid:113871309237573403, 更新seqNum:27
2026/02/24 17:26:54 [Node:2 GID:100 isLeader:false] shardkv server put success key:26 value:QJpznCkMRhsFOWcrsnvD data:map[2:e7KLJGj9FfoEz52Hcp3H 20:sxevmuW7AmVBs1CkujVp 21:AB-RSTY0r6n0a5q8vcmg 22:_w4WVM9-y3hR5bZSIEWh 23:QFjsUpC5euDpwYpR2oU3 24:IEkCCLX4oicRxt8IqaX3 25:gIvRmn0Vk7CvUtn1b9YE 26:QJpznCkMRhsFOWcrsnvD]
2026/02/24 17:26:54 [Node:1 GID:100 isLeader:false] shardkv server listenApplyCh applyMsg:{true {26 QJpznCkMRhsFOWcrsnvD PUT 0 27 113871309237573403 {0 [0 0 0 0 0 0 0 0 0 0] map[]} map[] 0} 28 map[] false map[] map[] map[] map[]}
2026/02/24 17:26:54 [Node:1 GID:100 isLeader:false] kv server listenApplyCh op:PUT, key:26, value:QJpznCkMRhsFOWcrsnvD clientid:113871309237573403, 更新seqNum:27
2026/02/24 17:26:54 [Node:1 GID:100 isLeader:false] shardkv server put success key:26 value:QJpznCkMRhsFOWcrsnvD data:map[2:e7KLJGj9FfoEz52Hcp3H 20:sxevmuW7AmVBs1CkujVp 21:AB-RSTY0r6n0a5q8vcmg 22:_w4WVM9-y3hR5bZSIEWh 23:QFjsUpC5euDpwYpR2oU3 24:IEkCCLX4oicRxt8IqaX3 25:gIvRmn0Vk7CvUtn1b9YE 26:QJpznCkMRhsFOWcrsnvD]
2026/02/24 17:26:54 [Node:0 GID:100 isLeader:true] shardkv server listenApplyCh applyMsg:{true {27 IX9f8pgSK6B4a77Vh-vx PUT 0 28 113871309237573403 {0 [0 0 0 0 0 0 0 0 0 0] map[]} map[] 0} 29 map[] false map[] map[] map[] map[]}
2026/02/24 17:26:54 [Node:0 GID:100 isLeader:true] kv server listenApplyCh op:PUT, key:27, value:IX9f8pgSK6B4a77Vh-vx clientid:113871309237573403, 更新seqNum:28
2026/02/24 17:26:54 [Node:0 GID:100 isLeader:true] shardkv server put success key:27 value:IX9f8pgSK6B4a77Vh-vx data:map[2:e7KLJGj9FfoEz52Hcp3H 20:sxevmuW7AmVBs1CkujVp 21:AB-RSTY0r6n0a5q8vcmg 22:_w4WVM9-y3hR5bZSIEWh 23:QFjsUpC5euDpwYpR2oU3 24:IEkCCLX4oicRxt8IqaX3 25:gIvRmn0Vk7CvUtn1b9YE 26:QJpznCkMRhsFOWcrsnvD 27:IX9f8pgSK6B4a77Vh-vx]
2026/02/24 17:26:54 [Node:0 GID:100 isLeader:true] shardkv server raft repley: success op:PUT, key:27 value:IX9f8pgSK6B4a77Vh-vx
2026/02/24 17:26:54 [Node:0 GID:100 isLeader:true] shardkv server checkGroup key:28, shard:0 shards:map[0:true 1:true 2:true 3:true 4:true 5:true 6:true 7:true 8:true 9:true]
2026/02/24 17:26:54 [Node:0 GID:100 isLeader:true] shardkv server raft command:{28 _5uoVW9UzbaA_KtclZvr PUT 0 29 113871309237573403 {0 [0 0 0 0 0 0 0 0 0 0] map[]} map[] 0}
2026/02/24 17:26:55 [Node:2 GID:100 isLeader:false] shardkv server generateSnapshotter raft state size: 963, maxraftstate: 1000
2026/02/24 17:26:55 [Node:1 GID:100 isLeader:false] shardkv server generateSnapshotter raft state size: 963, maxraftstate: 1000
2026/02/24 17:26:55 [Node:1 GID:100 isLeader:false] shardkv server listenApplyCh applyMsg:{true {27 IX9f8pgSK6B4a77Vh-vx PUT 0 28 113871309237573403 {0 [0 0 0 0 0 0 0 0 0 0] map[]} map[] 0} 29 map[] false map[] map[] map[] map[]}
2026/02/24 17:26:55 [Node:2 GID:100 isLeader:false] shardkv server listenApplyCh applyMsg:{true {27 IX9f8pgSK6B4a77Vh-vx PUT 0 28 113871309237573403 {0 [0 0 0 0 0 0 0 0 0 0] map[]} map[] 0} 29 map[] false map[] map[] map[] map[]}
2026/02/24 17:26:55 [Node:2 GID:100 isLeader:false] kv server listenApplyCh op:PUT, key:27, value:IX9f8pgSK6B4a77Vh-vx clientid:113871309237573403, 更新seqNum:28
2026/02/24 17:26:55 [Node:2 GID:100 isLeader:false] shardkv server put success key:27 value:IX9f8pgSK6B4a77Vh-vx data:map[2:e7KLJGj9FfoEz52Hcp3H 20:sxevmuW7AmVBs1CkujVp 21:AB-RSTY0r6n0a5q8vcmg 22:_w4WVM9-y3hR5bZSIEWh 23:QFjsUpC5euDpwYpR2oU3 24:IEkCCLX4oicRxt8IqaX3 25:gIvRmn0Vk7CvUtn1b9YE 26:QJpznCkMRhsFOWcrsnvD 27:IX9f8pgSK6B4a77Vh-vx]
2026/02/24 17:26:55 [Node:1 GID:100 isLeader:false] kv server listenApplyCh op:PUT, key:27, value:IX9f8pgSK6B4a77Vh-vx clientid:113871309237573403, 更新seqNum:28
2026/02/24 17:26:55 [Node:1 GID:100 isLeader:false] shardkv server put success key:27 value:IX9f8pgSK6B4a77Vh-vx data:map[2:e7KLJGj9FfoEz52Hcp3H 20:sxevmuW7AmVBs1CkujVp 21:AB-RSTY0r6n0a5q8vcmg 22:_w4WVM9-y3hR5bZSIEWh 23:QFjsUpC5euDpwYpR2oU3 24:IEkCCLX4oicRxt8IqaX3 25:gIvRmn0Vk7CvUtn1b9YE 26:QJpznCkMRhsFOWcrsnvD 27:IX9f8pgSK6B4a77Vh-vx]
2026/02/24 17:26:55 [Node:0 GID:100 isLeader:true] shardkv server listenApplyCh applyMsg:{true {28 _5uoVW9UzbaA_KtclZvr PUT 0 29 113871309237573403 {0 [0 0 0 0 0 0 0 0 0 0] map[]} map[] 0} 30 map[] false map[] map[] map[] map[]}
2026/02/24 17:26:55 [Node:0 GID:100 isLeader:true] kv server listenApplyCh op:PUT, key:28, value:_5uoVW9UzbaA_KtclZvr clientid:113871309237573403, 更新seqNum:29
2026/02/24 17:26:55 [Node:0 GID:100 isLeader:true] shardkv server put success key:28 value:_5uoVW9UzbaA_KtclZvr data:map[2:e7KLJGj9FfoEz52Hcp3H 20:sxevmuW7AmVBs1CkujVp 21:AB-RSTY0r6n0a5q8vcmg 22:_w4WVM9-y3hR5bZSIEWh 23:QFjsUpC5euDpwYpR2oU3 24:IEkCCLX4oicRxt8IqaX3 25:gIvRmn0Vk7CvUtn1b9YE 26:QJpznCkMRhsFOWcrsnvD 27:IX9f8pgSK6B4a77Vh-vx 28:_5uoVW9UzbaA_KtclZvr]
2026/02/24 17:26:55 [Node:0 GID:100 isLeader:true] shardkv server raft repley: success op:PUT, key:28 value:_5uoVW9UzbaA_KtclZvr
2026/02/24 17:26:55 [Node:0 GID:100 isLeader:true] shardkv server checkGroup key:29, shard:0 shards:map[0:true 1:true 2:true 3:true 4:true 5:true 6:true 7:true 8:true 9:true]
2026/02/24 17:26:55 [Node:0 GID:100 isLeader:true] shardkv server raft command:{29 ITUcWpr5oaTUfV03GUIG PUT 0 30 113871309237573403 {0 [0 0 0 0 0 0 0 0 0 0] map[]} map[] 0}
2026/02/24 17:26:55 [Node:0 GID:100 isLeader:true] shardkv server generateSnapshotter raft state size: 1151, maxraftstate: 1000
2026/02/24 17:26:55 [Node:0 GID:100 isLeader:true] shardkv server generateSnapshotter start data:map[0:map[2:e7KLJGj9FfoEz52Hcp3H 20:sxevmuW7AmVBs1CkujVp 21:AB-RSTY0r6n0a5q8vcmg 22:_w4WVM9-y3hR5bZSIEWh 23:QFjsUpC5euDpwYpR2oU3 24:IEkCCLX4oicRxt8IqaX3 25:gIvRmn0Vk7CvUtn1b9YE 26:QJpznCkMRhsFOWcrsnvD 27:IX9f8pgSK6B4a77Vh-vx 28:_5uoVW9UzbaA_KtclZvr] 1:map[3:Hru2hXtYBJ0LEvhhZyB7] 2:map[4:4_jSWlOJHgao3DYGmXfx] 3:map[5:7Qs3WNhdC_Xy7ku2e5YO] 4:map[6:lFVqDSzzWwLbl3rpO8tR] 5:map[7:z2LVJuJMcOCsm-VAweCT] 6:map[8:25imAyinhov1A9x-2_yH] 7:map[9:W2k9CA3KTZbuggglJ85F] 8:map[0:4JPKOsUVfVcvncyCAj-8] 9:map[1:7feyKfcAmKMj84e-Z9Qy 10:ZIo_MWLuWr11IuKrdiJ2 11:G-WdPfixCsStieX94OwO 12:96ZhhvdDDUM5xUOVYxQI 13:XE90ySoOGhjGY2lx7_n6 14:qYFp5ienKQiZmDXCokTB 15:hfoSBfHfoMGZC-E23lrs 16:w49ucCQcjPa0iUGSzwdg 17:tS93z-FyNwnLWHVevezP 18:eGx5LOeZm_ldSj2mREyz 19:TuU_Zvm4dt_Z_xRmrtr8]]
2026/02/24 17:26:55 [Node:1 GID:100 isLeader:false] shardkv server listenApplyCh applyMsg:{false <nil> 30 map[] true map[] map[0:map[2:e7KLJGj9FfoEz52Hcp3H 20:sxevmuW7AmVBs1CkujVp 21:AB-RSTY0r6n0a5q8vcmg 22:_w4WVM9-y3hR5bZSIEWh 23:QFjsUpC5euDpwYpR2oU3 24:IEkCCLX4oicRxt8IqaX3 25:gIvRmn0Vk7CvUtn1b9YE 26:QJpznCkMRhsFOWcrsnvD 27:IX9f8pgSK6B4a77Vh-vx 28:_5uoVW9UzbaA_KtclZvr] 1:map[3:Hru2hXtYBJ0LEvhhZyB7] 2:map[4:4_jSWlOJHgao3DYGmXfx] 3:map[5:7Qs3WNhdC_Xy7ku2e5YO] 4:map[6:lFVqDSzzWwLbl3rpO8tR] 5:map[7:z2LVJuJMcOCsm-VAweCT] 6:map[8:25imAyinhov1A9x-2_yH] 7:map[9:W2k9CA3KTZbuggglJ85F] 8:map[0:4JPKOsUVfVcvncyCAj-8] 9:map[1:7feyKfcAmKMj84e-Z9Qy 10:ZIo_MWLuWr11IuKrdiJ2 11:G-WdPfixCsStieX94OwO 12:96ZhhvdDDUM5xUOVYxQI 13:XE90ySoOGhjGY2lx7_n6 14:qYFp5ienKQiZmDXCokTB 15:hfoSBfHfoMGZC-E23lrs 16:w49ucCQcjPa0iUGSzwdg 17:tS93z-FyNwnLWHVevezP 18:eGx5LOeZm_ldSj2mREyz 19:TuU_Zvm4dt_Z_xRmrtr8]] map[0:map[0:1 113871309237573403:29] 1:map[113871309237573403:4] 2:map[113871309237573403:5] 3:map[113871309237573403:6] 4:map[113871309237573403:7] 5:map[113871309237573403:8] 6:map[113871309237573403:9] 7:map[113871309237573403:10] 8:map[113871309237573403:1] 9:map[113871309237573403:20]] map[0:NORMAL 1:NORMAL 2:NORMAL 3:NORMAL 4:NORMAL 5:NORMAL 6:NORMAL 7:NORMAL 8:NORMAL 9:NORMAL]}
2026/02/24 17:26:55 [Node:1 GID:100 isLeader:false] shardkv server listenApplyCh load snapshot data:map[0:map[2:e7KLJGj9FfoEz52Hcp3H 20:sxevmuW7AmVBs1CkujVp 21:AB-RSTY0r6n0a5q8vcmg 22:_w4WVM9-y3hR5bZSIEWh 23:QFjsUpC5euDpwYpR2oU3 24:IEkCCLX4oicRxt8IqaX3 25:gIvRmn0Vk7CvUtn1b9YE 26:QJpznCkMRhsFOWcrsnvD 27:IX9f8pgSK6B4a77Vh-vx 28:_5uoVW9UzbaA_KtclZvr] 1:map[3:Hru2hXtYBJ0LEvhhZyB7] 2:map[4:4_jSWlOJHgao3DYGmXfx] 3:map[5:7Qs3WNhdC_Xy7ku2e5YO] 4:map[6:lFVqDSzzWwLbl3rpO8tR] 5:map[7:z2LVJuJMcOCsm-VAweCT] 6:map[8:25imAyinhov1A9x-2_yH] 7:map[9:W2k9CA3KTZbuggglJ85F] 8:map[0:4JPKOsUVfVcvncyCAj-8] 9:map[1:7feyKfcAmKMj84e-Z9Qy 10:ZIo_MWLuWr11IuKrdiJ2 11:G-WdPfixCsStieX94OwO 12:96ZhhvdDDUM5xUOVYxQI 13:XE90ySoOGhjGY2lx7_n6 14:qYFp5ienKQiZmDXCokTB 15:hfoSBfHfoMGZC-E23lrs 16:w49ucCQcjPa0iUGSzwdg 17:tS93z-FyNwnLWHVevezP 18:eGx5LOeZm_ldSj2mREyz 19:TuU_Zvm4dt_Z_xRmrtr8]] seqNums:map[0:map[0:1 113871309237573403:29] 1:map[113871309237573403:4] 2:map[113871309237573403:5] 3:map[113871309237573403:6] 4:map[113871309237573403:7] 5:map[113871309237573403:8] 6:map[113871309237573403:9] 7:map[113871309237573403:10] 8:map[113871309237573403:1] 9:map[113871309237573403:20]]
2026/02/24 17:26:55 [Node:2 GID:100 isLeader:false] shardkv server listenApplyCh applyMsg:{false <nil> 30 map[] true map[] map[0:map[2:e7KLJGj9FfoEz52Hcp3H 20:sxevmuW7AmVBs1CkujVp 21:AB-RSTY0r6n0a5q8vcmg 22:_w4WVM9-y3hR5bZSIEWh 23:QFjsUpC5euDpwYpR2oU3 24:IEkCCLX4oicRxt8IqaX3 25:gIvRmn0Vk7CvUtn1b9YE 26:QJpznCkMRhsFOWcrsnvD 27:IX9f8pgSK6B4a77Vh-vx 28:_5uoVW9UzbaA_KtclZvr] 1:map[3:Hru2hXtYBJ0LEvhhZyB7] 2:map[4:4_jSWlOJHgao3DYGmXfx] 3:map[5:7Qs3WNhdC_Xy7ku2e5YO] 4:map[6:lFVqDSzzWwLbl3rpO8tR] 5:map[7:z2LVJuJMcOCsm-VAweCT] 6:map[8:25imAyinhov1A9x-2_yH] 7:map[9:W2k9CA3KTZbuggglJ85F] 8:map[0:4JPKOsUVfVcvncyCAj-8] 9:map[1:7feyKfcAmKMj84e-Z9Qy 10:ZIo_MWLuWr11IuKrdiJ2 11:G-WdPfixCsStieX94OwO 12:96ZhhvdDDUM5xUOVYxQI 13:XE90ySoOGhjGY2lx7_n6 14:qYFp5ienKQiZmDXCokTB 15:hfoSBfHfoMGZC-E23lrs 16:w49ucCQcjPa0iUGSzwdg 17:tS93z-FyNwnLWHVevezP 18:eGx5LOeZm_ldSj2mREyz 19:TuU_Zvm4dt_Z_xRmrtr8]] map[0:map[0:1 113871309237573403:29] 1:map[113871309237573403:4] 2:map[113871309237573403:5] 3:map[113871309237573403:6] 4:map[113871309237573403:7] 5:map[113871309237573403:8] 6:map[113871309237573403:9] 7:map[113871309237573403:10] 8:map[113871309237573403:1] 9:map[113871309237573403:20]] map[0:NORMAL 1:NORMAL 2:NORMAL 3:NORMAL 4:NORMAL 5:NORMAL 6:NORMAL 7:NORMAL 8:NORMAL 9:NORMAL]}
2026/02/24 17:26:55 [Node:2 GID:100 isLeader:false] shardkv server listenApplyCh load snapshot data:map[0:map[2:e7KLJGj9FfoEz52Hcp3H 20:sxevmuW7AmVBs1CkujVp 21:AB-RSTY0r6n0a5q8vcmg 22:_w4WVM9-y3hR5bZSIEWh 23:QFjsUpC5euDpwYpR2oU3 24:IEkCCLX4oicRxt8IqaX3 25:gIvRmn0Vk7CvUtn1b9YE 26:QJpznCkMRhsFOWcrsnvD 27:IX9f8pgSK6B4a77Vh-vx 28:_5uoVW9UzbaA_KtclZvr] 1:map[3:Hru2hXtYBJ0LEvhhZyB7] 2:map[4:4_jSWlOJHgao3DYGmXfx] 3:map[5:7Qs3WNhdC_Xy7ku2e5YO] 4:map[6:lFVqDSzzWwLbl3rpO8tR] 5:map[7:z2LVJuJMcOCsm-VAweCT] 6:map[8:25imAyinhov1A9x-2_yH] 7:map[9:W2k9CA3KTZbuggglJ85F] 8:map[0:4JPKOsUVfVcvncyCAj-8] 9:map[1:7feyKfcAmKMj84e-Z9Qy 10:ZIo_MWLuWr11IuKrdiJ2 11:G-WdPfixCsStieX94OwO 12:96ZhhvdDDUM5xUOVYxQI 13:XE90ySoOGhjGY2lx7_n6 14:qYFp5ienKQiZmDXCokTB 15:hfoSBfHfoMGZC-E23lrs 16:w49ucCQcjPa0iUGSzwdg 17:tS93z-FyNwnLWHVevezP 18:eGx5LOeZm_ldSj2mREyz 19:TuU_Zvm4dt_Z_xRmrtr8]] seqNums:map[0:map[0:1 113871309237573403:29] 1:map[113871309237573403:4] 2:map[113871309237573403:5] 3:map[113871309237573403:6] 4:map[113871309237573403:7] 5:map[113871309237573403:8] 6:map[113871309237573403:9] 7:map[113871309237573403:10] 8:map[113871309237573403:1] 9:map[113871309237573403:20]]
2026/02/24 17:26:55 [Node:0 GID:100 isLeader:true] shardkv server listenApplyCh applyMsg:{true {29 ITUcWpr5oaTUfV03GUIG PUT 0 30 113871309237573403 {0 [0 0 0 0 0 0 0 0 0 0] map[]} map[] 0} 31 map[] false map[] map[] map[] map[]}
2026/02/24 17:26:55 [Node:0 GID:100 isLeader:true] kv server listenApplyCh op:PUT, key:29, value:ITUcWpr5oaTUfV03GUIG clientid:113871309237573403, 更新seqNum:30
2026/02/24 17:26:55 [Node:0 GID:100 isLeader:true] shardkv server put success key:29 value:ITUcWpr5oaTUfV03GUIG data:map[2:e7KLJGj9FfoEz52Hcp3H 20:sxevmuW7AmVBs1CkujVp 21:AB-RSTY0r6n0a5q8vcmg 22:_w4WVM9-y3hR5bZSIEWh 23:QFjsUpC5euDpwYpR2oU3 24:IEkCCLX4oicRxt8IqaX3 25:gIvRmn0Vk7CvUtn1b9YE 26:QJpznCkMRhsFOWcrsnvD 27:IX9f8pgSK6B4a77Vh-vx 28:_5uoVW9UzbaA_KtclZvr 29:ITUcWpr5oaTUfV03GUIG]
2026/02/24 17:26:55 [Node:0 GID:100 isLeader:true] shardkv server raft repley: success op:PUT, key:29 value:ITUcWpr5oaTUfV03GUIG
2026/02/24 17:26:55 [Node:0 GID:100 isLeader:true] shardkv server checkGroup key:0, shard:8 shards:map[0:true 1:true 2:true 3:true 4:true 5:true 6:true 7:true 8:true 9:true]
2026/02/24 17:26:55 [Node:0 GID:100 isLeader:true] shardkv server raft command:{0  GET 8 31 113871309237573403 {0 [0 0 0 0 0 0 0 0 0 0] map[]} map[] 0}
2026/02/24 17:26:55 [Node:2 GID:100 isLeader:false] shardkv server generateSnapshotter raft state size: 585, maxraftstate: 1000
2026/02/24 17:26:55 [Node:1 GID:100 isLeader:false] shardkv server generateSnapshotter raft state size: 585, maxraftstate: 1000
2026/02/24 17:26:55 [Node:1 GID:100 isLeader:false] shardkv server listenApplyCh applyMsg:{true {29 ITUcWpr5oaTUfV03GUIG PUT 0 30 113871309237573403 {0 [0 0 0 0 0 0 0 0 0 0] map[]} map[] 0} 31 map[] false map[] map[] map[] map[]}
2026/02/24 17:26:55 [Node:1 GID:100 isLeader:false] kv server listenApplyCh op:PUT, key:29, value:ITUcWpr5oaTUfV03GUIG clientid:113871309237573403, 更新seqNum:30
2026/02/24 17:26:55 [Node:2 GID:100 isLeader:false] shardkv server listenApplyCh applyMsg:{true {29 ITUcWpr5oaTUfV03GUIG PUT 0 30 113871309237573403 {0 [0 0 0 0 0 0 0 0 0 0] map[]} map[] 0} 31 map[] false map[] map[] map[] map[]}
2026/02/24 17:26:55 [Node:2 GID:100 isLeader:false] kv server listenApplyCh op:PUT, key:29, value:ITUcWpr5oaTUfV03GUIG clientid:113871309237573403, 更新seqNum:30
2026/02/24 17:26:55 [Node:2 GID:100 isLeader:false] shardkv server put success key:29 value:ITUcWpr5oaTUfV03GUIG data:map[2:e7KLJGj9FfoEz52Hcp3H 20:sxevmuW7AmVBs1CkujVp 21:AB-RSTY0r6n0a5q8vcmg 22:_w4WVM9-y3hR5bZSIEWh 23:QFjsUpC5euDpwYpR2oU3 24:IEkCCLX4oicRxt8IqaX3 25:gIvRmn0Vk7CvUtn1b9YE 26:QJpznCkMRhsFOWcrsnvD 27:IX9f8pgSK6B4a77Vh-vx 28:_5uoVW9UzbaA_KtclZvr 29:ITUcWpr5oaTUfV03GUIG]
2026/02/24 17:26:55 [Node:0 GID:100 isLeader:true] shardkv server listenApplyCh applyMsg:{true {0  GET 8 31 113871309237573403 {0 [0 0 0 0 0 0 0 0 0 0] map[]} map[] 0} 32 map[] false map[] map[] map[] map[]}
2026/02/24 17:26:55 [Node:0 GID:100 isLeader:true] kv server listenApplyCh op:GET, key:0, value: clientid:113871309237573403, 更新seqNum:31
2026/02/24 17:26:55 [Node:1 GID:100 isLeader:false] shardkv server put success key:29 value:ITUcWpr5oaTUfV03GUIG data:map[2:e7KLJGj9FfoEz52Hcp3H 20:sxevmuW7AmVBs1CkujVp 21:AB-RSTY0r6n0a5q8vcmg 22:_w4WVM9-y3hR5bZSIEWh 23:QFjsUpC5euDpwYpR2oU3 24:IEkCCLX4oicRxt8IqaX3 25:gIvRmn0Vk7CvUtn1b9YE 26:QJpznCkMRhsFOWcrsnvD 27:IX9f8pgSK6B4a77Vh-vx 28:_5uoVW9UzbaA_KtclZvr 29:ITUcWpr5oaTUfV03GUIG]
2026/02/24 17:26:55 [Node:0 GID:100 isLeader:true] shardkv server raft repley: success op:GET, key:0 value:
2026/02/24 17:26:55 [Node:0 GID:100 isLeader:true] shardkv server get key:0, data:map[0:4JPKOsUVfVcvncyCAj-8]
2026/02/24 17:26:55 [Node:0 GID:100 isLeader:true] shardkv server get key:0, value:4JPKOsUVfVcvncyCAj-8
2026/02/24 17:26:55 [Node:0 GID:100 isLeader:true] shardkv server checkGroup key:1, shard:9 shards:map[0:true 1:true 2:true 3:true 4:true 5:true 6:true 7:true 8:true 9:true]
2026/02/24 17:26:55 [Node:0 GID:100 isLeader:true] shardkv server raft command:{1  GET 9 32 113871309237573403 {0 [0 0 0 0 0 0 0 0 0 0] map[]} map[] 0}
2026/02/24 17:26:55 [Node:0 GID:100 isLeader:true] shardkv server generateSnapshotter raft state size: 732, maxraftstate: 1000
2026/02/24 17:26:55 [Node:1 GID:100 isLeader:false] shardkv server listenApplyCh applyMsg:{true {0  GET 8 31 113871309237573403 {0 [0 0 0 0 0 0 0 0 0 0] map[]} map[] 0} 32 map[] false map[] map[] map[] map[]}
2026/02/24 17:26:55 [Node:1 GID:100 isLeader:false] kv server listenApplyCh op:GET, key:0, value: clientid:113871309237573403, 更新seqNum:31
2026/02/24 17:26:55 [Node:0 GID:100 isLeader:true] shardkv server listenApplyCh applyMsg:{true {1  GET 9 32 113871309237573403 {0 [0 0 0 0 0 0 0 0 0 0] map[]} map[] 0} 33 map[] false map[] map[] map[] map[]}
2026/02/24 17:26:55 [Node:0 GID:100 isLeader:true] kv server listenApplyCh op:GET, key:1, value: clientid:113871309237573403, 更新seqNum:32
2026/02/24 17:26:55 [Node:0 GID:100 isLeader:true] shardkv server raft repley: success op:GET, key:1 value:
2026/02/24 17:26:55 [Node:2 GID:100 isLeader:false] shardkv server listenApplyCh applyMsg:{true {0  GET 8 31 113871309237573403 {0 [0 0 0 0 0 0 0 0 0 0] map[]} map[] 0} 32 map[] false map[] map[] map[] map[]}
2026/02/24 17:26:55 [Node:2 GID:100 isLeader:false] kv server listenApplyCh op:GET, key:0, value: clientid:113871309237573403, 更新seqNum:31
2026/02/24 17:26:55 [Node:0 GID:100 isLeader:true] shardkv server get key:1, data:map[1:7feyKfcAmKMj84e-Z9Qy 10:ZIo_MWLuWr11IuKrdiJ2 11:G-WdPfixCsStieX94OwO 12:96ZhhvdDDUM5xUOVYxQI 13:XE90ySoOGhjGY2lx7_n6 14:qYFp5ienKQiZmDXCokTB 15:hfoSBfHfoMGZC-E23lrs 16:w49ucCQcjPa0iUGSzwdg 17:tS93z-FyNwnLWHVevezP 18:eGx5LOeZm_ldSj2mREyz 19:TuU_Zvm4dt_Z_xRmrtr8]
2026/02/24 17:26:55 [Node:0 GID:100 isLeader:true] shardkv server get key:1, value:7feyKfcAmKMj84e-Z9Qy
2026/02/24 17:26:55 [Node:0 GID:100 isLeader:true] shardkv server checkGroup key:2, shard:0 shards:map[0:true 1:true 2:true 3:true 4:true 5:true 6:true 7:true 8:true 9:true]
2026/02/24 17:26:55 [Node:0 GID:100 isLeader:true] shardkv server raft command:{2  GET 0 33 113871309237573403 {0 [0 0 0 0 0 0 0 0 0 0] map[]} map[] 0}
2026/02/24 17:26:55 [Node:1 GID:100 isLeader:false] shardkv server generateSnapshotter raft state size: 732, maxraftstate: 1000
2026/02/24 17:26:55 [Node:2 GID:100 isLeader:false] shardkv server generateSnapshotter raft state size: 732, maxraftstate: 1000
2026/02/24 17:26:55 [Node:2 GID:100 isLeader:false] shardkv server listenApplyCh applyMsg:{true {1  GET 9 32 113871309237573403 {0 [0 0 0 0 0 0 0 0 0 0] map[]} map[] 0} 33 map[] false map[] map[] map[] map[]}
2026/02/24 17:26:55 [Node:2 GID:100 isLeader:false] kv server listenApplyCh op:GET, key:1, value: clientid:113871309237573403, 更新seqNum:32
2026/02/24 17:26:55 [Node:0 GID:100 isLeader:true] shardkv server listenApplyCh applyMsg:{true {2  GET 0 33 113871309237573403 {0 [0 0 0 0 0 0 0 0 0 0] map[]} map[] 0} 34 map[] false map[] map[] map[] map[]}
2026/02/24 17:26:55 [Node:0 GID:100 isLeader:true] kv server listenApplyCh op:GET, key:2, value: clientid:113871309237573403, 更新seqNum:33
2026/02/24 17:26:55 [Node:1 GID:100 isLeader:false] shardkv server listenApplyCh applyMsg:{true {1  GET 9 32 113871309237573403 {0 [0 0 0 0 0 0 0 0 0 0] map[]} map[] 0} 33 map[] false map[] map[] map[] map[]}
2026/02/24 17:26:55 [Node:1 GID:100 isLeader:false] kv server listenApplyCh op:GET, key:1, value: clientid:113871309237573403, 更新seqNum:32
2026/02/24 17:26:55 [Node:0 GID:100 isLeader:true] shardkv server raft repley: success op:GET, key:2 value:
2026/02/24 17:26:55 [Node:0 GID:100 isLeader:true] shardkv server get key:2, data:map[2:e7KLJGj9FfoEz52Hcp3H 20:sxevmuW7AmVBs1CkujVp 21:AB-RSTY0r6n0a5q8vcmg 22:_w4WVM9-y3hR5bZSIEWh 23:QFjsUpC5euDpwYpR2oU3 24:IEkCCLX4oicRxt8IqaX3 25:gIvRmn0Vk7CvUtn1b9YE 26:QJpznCkMRhsFOWcrsnvD 27:IX9f8pgSK6B4a77Vh-vx 28:_5uoVW9UzbaA_KtclZvr 29:ITUcWpr5oaTUfV03GUIG]
2026/02/24 17:26:55 [Node:0 GID:100 isLeader:true] shardkv server get key:2, value:e7KLJGj9FfoEz52Hcp3H
2026/02/24 17:26:55 [Node:0 GID:100 isLeader:true] shardkv server checkGroup key:3, shard:1 shards:map[0:true 1:true 2:true 3:true 4:true 5:true 6:true 7:true 8:true 9:true]
2026/02/24 17:26:55 [Node:0 GID:100 isLeader:true] shardkv server raft command:{3  GET 1 34 113871309237573403 {0 [0 0 0 0 0 0 0 0 0 0] map[]} map[] 0}
2026/02/24 17:26:55 [Node:0 GID:100 isLeader:true] shardkv server generateSnapshotter raft state size: 877, maxraftstate: 1000
2026/02/24 17:26:55 [Node:1 GID:100 isLeader:false] shardkv server listenApplyCh applyMsg:{true {2  GET 0 33 113871309237573403 {0 [0 0 0 0 0 0 0 0 0 0] map[]} map[] 0} 34 map[] false map[] map[] map[] map[]}
2026/02/24 17:26:55 [Node:1 GID:100 isLeader:false] kv server listenApplyCh op:GET, key:2, value: clientid:113871309237573403, 更新seqNum:33
2026/02/24 17:26:55 [Node:0 GID:100 isLeader:true] shardkv server listenApplyCh applyMsg:{true {3  GET 1 34 113871309237573403 {0 [0 0 0 0 0 0 0 0 0 0] map[]} map[] 0} 35 map[] false map[] map[] map[] map[]}
2026/02/24 17:26:55 [Node:0 GID:100 isLeader:true] kv server listenApplyCh op:GET, key:3, value: clientid:113871309237573403, 更新seqNum:34
2026/02/24 17:26:55 [Node:2 GID:100 isLeader:false] shardkv server listenApplyCh applyMsg:{true {2  GET 0 33 113871309237573403 {0 [0 0 0 0 0 0 0 0 0 0] map[]} map[] 0} 34 map[] false map[] map[] map[] map[]}
2026/02/24 17:26:55 [Node:2 GID:100 isLeader:false] kv server listenApplyCh op:GET, key:2, value: clientid:113871309237573403, 更新seqNum:33
2026/02/24 17:26:55 [Node:0 GID:100 isLeader:true] shardkv server raft repley: success op:GET, key:3 value:
2026/02/24 17:26:55 [Node:0 GID:100 isLeader:true] shardkv server get key:3, data:map[3:Hru2hXtYBJ0LEvhhZyB7]
2026/02/24 17:26:55 [Node:0 GID:100 isLeader:true] shardkv server get key:3, value:Hru2hXtYBJ0LEvhhZyB7
2026/02/24 17:26:55 [Node:0 GID:100 isLeader:true] shardkv server checkGroup key:4, shard:2 shards:map[0:true 1:true 2:true 3:true 4:true 5:true 6:true 7:true 8:true 9:true]
2026/02/24 17:26:55 [Node:0 GID:100 isLeader:true] shardkv server raft command:{4  GET 2 35 113871309237573403 {0 [0 0 0 0 0 0 0 0 0 0] map[]} map[] 0}
2026/02/24 17:26:55 [Node:1 GID:100 isLeader:false] shardkv server generateSnapshotter raft state size: 877, maxraftstate: 1000
2026/02/24 17:26:55 [Node:2 GID:100 isLeader:false] shardkv server generateSnapshotter raft state size: 877, maxraftstate: 1000
2026/02/24 17:26:55 [Node:1 GID:100 isLeader:false] shardkv server listenApplyCh applyMsg:{true {3  GET 1 34 113871309237573403 {0 [0 0 0 0 0 0 0 0 0 0] map[]} map[] 0} 35 map[] false map[] map[] map[] map[]}
2026/02/24 17:26:55 [Node:1 GID:100 isLeader:false] kv server listenApplyCh op:GET, key:3, value: clientid:113871309237573403, 更新seqNum:34
2026/02/24 17:26:55 [Node:0 GID:100 isLeader:true] shardkv server listenApplyCh applyMsg:{true {4  GET 2 35 113871309237573403 {0 [0 0 0 0 0 0 0 0 0 0] map[]} map[] 0} 36 map[] false map[] map[] map[] map[]}
2026/02/24 17:26:55 [Node:0 GID:100 isLeader:true] kv server listenApplyCh op:GET, key:4, value: clientid:113871309237573403, 更新seqNum:35
2026/02/24 17:26:55 [Node:0 GID:100 isLeader:true] shardkv server raft repley: success op:GET, key:4 value:
2026/02/24 17:26:55 [Node:0 GID:100 isLeader:true] shardkv server get key:4, data:map[4:4_jSWlOJHgao3DYGmXfx]
2026/02/24 17:26:55 [Node:2 GID:100 isLeader:false] shardkv server listenApplyCh applyMsg:{true {3  GET 1 34 113871309237573403 {0 [0 0 0 0 0 0 0 0 0 0] map[]} map[] 0} 35 map[] false map[] map[] map[] map[]}
2026/02/24 17:26:55 [Node:0 GID:100 isLeader:true] shardkv server get key:4, value:4_jSWlOJHgao3DYGmXfx
2026/02/24 17:26:55 [Node:2 GID:100 isLeader:false] kv server listenApplyCh op:GET, key:3, value: clientid:113871309237573403, 更新seqNum:34
2026/02/24 17:26:55 [Node:0 GID:100 isLeader:true] shardkv server checkGroup key:5, shard:3 shards:map[0:true 1:true 2:true 3:true 4:true 5:true 6:true 7:true 8:true 9:true]
2026/02/24 17:26:55 [Node:0 GID:100 isLeader:true] shardkv server raft command:{5  GET 3 36 113871309237573403 {0 [0 0 0 0 0 0 0 0 0 0] map[]} map[] 0}
2026/02/24 17:26:55 [Node:0 GID:100 isLeader:true] shardkv server generateSnapshotter raft state size: 1023, maxraftstate: 1000
2026/02/24 17:26:55 [Node:0 GID:100 isLeader:true] shardkv server generateSnapshotter start data:map[0:map[2:e7KLJGj9FfoEz52Hcp3H 20:sxevmuW7AmVBs1CkujVp 21:AB-RSTY0r6n0a5q8vcmg 22:_w4WVM9-y3hR5bZSIEWh 23:QFjsUpC5euDpwYpR2oU3 24:IEkCCLX4oicRxt8IqaX3 25:gIvRmn0Vk7CvUtn1b9YE 26:QJpznCkMRhsFOWcrsnvD 27:IX9f8pgSK6B4a77Vh-vx 28:_5uoVW9UzbaA_KtclZvr 29:ITUcWpr5oaTUfV03GUIG] 1:map[3:Hru2hXtYBJ0LEvhhZyB7] 2:map[4:4_jSWlOJHgao3DYGmXfx] 3:map[5:7Qs3WNhdC_Xy7ku2e5YO] 4:map[6:lFVqDSzzWwLbl3rpO8tR] 5:map[7:z2LVJuJMcOCsm-VAweCT] 6:map[8:25imAyinhov1A9x-2_yH] 7:map[9:W2k9CA3KTZbuggglJ85F] 8:map[0:4JPKOsUVfVcvncyCAj-8] 9:map[1:7feyKfcAmKMj84e-Z9Qy 10:ZIo_MWLuWr11IuKrdiJ2 11:G-WdPfixCsStieX94OwO 12:96ZhhvdDDUM5xUOVYxQI 13:XE90ySoOGhjGY2lx7_n6 14:qYFp5ienKQiZmDXCokTB 15:hfoSBfHfoMGZC-E23lrs 16:w49ucCQcjPa0iUGSzwdg 17:tS93z-FyNwnLWHVevezP 18:eGx5LOeZm_ldSj2mREyz 19:TuU_Zvm4dt_Z_xRmrtr8]]
2026/02/24 17:26:55 [Node:1 GID:100 isLeader:false] shardkv server listenApplyCh applyMsg:{false <nil> 36 map[] true map[] map[0:map[2:e7KLJGj9FfoEz52Hcp3H 20:sxevmuW7AmVBs1CkujVp 21:AB-RSTY0r6n0a5q8vcmg 22:_w4WVM9-y3hR5bZSIEWh 23:QFjsUpC5euDpwYpR2oU3 24:IEkCCLX4oicRxt8IqaX3 25:gIvRmn0Vk7CvUtn1b9YE 26:QJpznCkMRhsFOWcrsnvD 27:IX9f8pgSK6B4a77Vh-vx 28:_5uoVW9UzbaA_KtclZvr 29:ITUcWpr5oaTUfV03GUIG] 1:map[3:Hru2hXtYBJ0LEvhhZyB7] 2:map[4:4_jSWlOJHgao3DYGmXfx] 3:map[5:7Qs3WNhdC_Xy7ku2e5YO] 4:map[6:lFVqDSzzWwLbl3rpO8tR] 5:map[7:z2LVJuJMcOCsm-VAweCT] 6:map[8:25imAyinhov1A9x-2_yH] 7:map[9:W2k9CA3KTZbuggglJ85F] 8:map[0:4JPKOsUVfVcvncyCAj-8] 9:map[1:7feyKfcAmKMj84e-Z9Qy 10:ZIo_MWLuWr11IuKrdiJ2 11:G-WdPfixCsStieX94OwO 12:96ZhhvdDDUM5xUOVYxQI 13:XE90ySoOGhjGY2lx7_n6 14:qYFp5ienKQiZmDXCokTB 15:hfoSBfHfoMGZC-E23lrs 16:w49ucCQcjPa0iUGSzwdg 17:tS93z-FyNwnLWHVevezP 18:eGx5LOeZm_ldSj2mREyz 19:TuU_Zvm4dt_Z_xRmrtr8]] map[0:map[0:1 113871309237573403:33] 1:map[113871309237573403:34] 2:map[113871309237573403:35] 3:map[113871309237573403:6] 4:map[113871309237573403:7] 5:map[113871309237573403:8] 6:map[113871309237573403:9] 7:map[113871309237573403:10] 8:map[113871309237573403:31] 9:map[113871309237573403:32]] map[0:NORMAL 1:NORMAL 2:NORMAL 3:NORMAL 4:NORMAL 5:NORMAL 6:NORMAL 7:NORMAL 8:NORMAL 9:NORMAL]}
2026/02/24 17:26:55 [Node:1 GID:100 isLeader:false] shardkv server listenApplyCh load snapshot data:map[0:map[2:e7KLJGj9FfoEz52Hcp3H 20:sxevmuW7AmVBs1CkujVp 21:AB-RSTY0r6n0a5q8vcmg 22:_w4WVM9-y3hR5bZSIEWh 23:QFjsUpC5euDpwYpR2oU3 24:IEkCCLX4oicRxt8IqaX3 25:gIvRmn0Vk7CvUtn1b9YE 26:QJpznCkMRhsFOWcrsnvD 27:IX9f8pgSK6B4a77Vh-vx 28:_5uoVW9UzbaA_KtclZvr 29:ITUcWpr5oaTUfV03GUIG] 1:map[3:Hru2hXtYBJ0LEvhhZyB7] 2:map[4:4_jSWlOJHgao3DYGmXfx] 3:map[5:7Qs3WNhdC_Xy7ku2e5YO] 4:map[6:lFVqDSzzWwLbl3rpO8tR] 5:map[7:z2LVJuJMcOCsm-VAweCT] 6:map[8:25imAyinhov1A9x-2_yH] 7:map[9:W2k9CA3KTZbuggglJ85F] 8:map[0:4JPKOsUVfVcvncyCAj-8] 9:map[1:7feyKfcAmKMj84e-Z9Qy 10:ZIo_MWLuWr11IuKrdiJ2 11:G-WdPfixCsStieX94OwO 12:96ZhhvdDDUM5xUOVYxQI 13:XE90ySoOGhjGY2lx7_n6 14:qYFp5ienKQiZmDXCokTB 15:hfoSBfHfoMGZC-E23lrs 16:w49ucCQcjPa0iUGSzwdg 17:tS93z-FyNwnLWHVevezP 18:eGx5LOeZm_ldSj2mREyz 19:TuU_Zvm4dt_Z_xRmrtr8]] seqNums:map[0:map[0:1 113871309237573403:33] 1:map[113871309237573403:34] 2:map[113871309237573403:35] 3:map[113871309237573403:6] 4:map[113871309237573403:7] 5:map[113871309237573403:8] 6:map[113871309237573403:9] 7:map[113871309237573403:10] 8:map[113871309237573403:31] 9:map[113871309237573403:32]]
2026/02/24 17:26:55 [Node:2 GID:100 isLeader:false] shardkv server listenApplyCh applyMsg:{false <nil> 36 map[] true map[] map[0:map[2:e7KLJGj9FfoEz52Hcp3H 20:sxevmuW7AmVBs1CkujVp 21:AB-RSTY0r6n0a5q8vcmg 22:_w4WVM9-y3hR5bZSIEWh 23:QFjsUpC5euDpwYpR2oU3 24:IEkCCLX4oicRxt8IqaX3 25:gIvRmn0Vk7CvUtn1b9YE 26:QJpznCkMRhsFOWcrsnvD 27:IX9f8pgSK6B4a77Vh-vx 28:_5uoVW9UzbaA_KtclZvr 29:ITUcWpr5oaTUfV03GUIG] 1:map[3:Hru2hXtYBJ0LEvhhZyB7] 2:map[4:4_jSWlOJHgao3DYGmXfx] 3:map[5:7Qs3WNhdC_Xy7ku2e5YO] 4:map[6:lFVqDSzzWwLbl3rpO8tR] 5:map[7:z2LVJuJMcOCsm-VAweCT] 6:map[8:25imAyinhov1A9x-2_yH] 7:map[9:W2k9CA3KTZbuggglJ85F] 8:map[0:4JPKOsUVfVcvncyCAj-8] 9:map[1:7feyKfcAmKMj84e-Z9Qy 10:ZIo_MWLuWr11IuKrdiJ2 11:G-WdPfixCsStieX94OwO 12:96ZhhvdDDUM5xUOVYxQI 13:XE90ySoOGhjGY2lx7_n6 14:qYFp5ienKQiZmDXCokTB 15:hfoSBfHfoMGZC-E23lrs 16:w49ucCQcjPa0iUGSzwdg 17:tS93z-FyNwnLWHVevezP 18:eGx5LOeZm_ldSj2mREyz 19:TuU_Zvm4dt_Z_xRmrtr8]] map[0:map[0:1 113871309237573403:33] 1:map[113871309237573403:34] 2:map[113871309237573403:35] 3:map[113871309237573403:6] 4:map[113871309237573403:7] 5:map[113871309237573403:8] 6:map[113871309237573403:9] 7:map[113871309237573403:10] 8:map[113871309237573403:31] 9:map[113871309237573403:32]] map[0:NORMAL 1:NORMAL 2:NORMAL 3:NORMAL 4:NORMAL 5:NORMAL 6:NORMAL 7:NORMAL 8:NORMAL 9:NORMAL]}
2026/02/24 17:26:55 [Node:2 GID:100 isLeader:false] shardkv server listenApplyCh load snapshot data:map[0:map[2:e7KLJGj9FfoEz52Hcp3H 20:sxevmuW7AmVBs1CkujVp 21:AB-RSTY0r6n0a5q8vcmg 22:_w4WVM9-y3hR5bZSIEWh 23:QFjsUpC5euDpwYpR2oU3 24:IEkCCLX4oicRxt8IqaX3 25:gIvRmn0Vk7CvUtn1b9YE 26:QJpznCkMRhsFOWcrsnvD 27:IX9f8pgSK6B4a77Vh-vx 28:_5uoVW9UzbaA_KtclZvr 29:ITUcWpr5oaTUfV03GUIG] 1:map[3:Hru2hXtYBJ0LEvhhZyB7] 2:map[4:4_jSWlOJHgao3DYGmXfx] 3:map[5:7Qs3WNhdC_Xy7ku2e5YO] 4:map[6:lFVqDSzzWwLbl3rpO8tR] 5:map[7:z2LVJuJMcOCsm-VAweCT] 6:map[8:25imAyinhov1A9x-2_yH] 7:map[9:W2k9CA3KTZbuggglJ85F] 8:map[0:4JPKOsUVfVcvncyCAj-8] 9:map[1:7feyKfcAmKMj84e-Z9Qy 10:ZIo_MWLuWr11IuKrdiJ2 11:G-WdPfixCsStieX94OwO 12:96ZhhvdDDUM5xUOVYxQI 13:XE90ySoOGhjGY2lx7_n6 14:qYFp5ienKQiZmDXCokTB 15:hfoSBfHfoMGZC-E23lrs 16:w49ucCQcjPa0iUGSzwdg 17:tS93z-FyNwnLWHVevezP 18:eGx5LOeZm_ldSj2mREyz 19:TuU_Zvm4dt_Z_xRmrtr8]] seqNums:map[0:map[0:1 113871309237573403:33] 1:map[113871309237573403:34] 2:map[113871309237573403:35] 3:map[113871309237573403:6] 4:map[113871309237573403:7] 5:map[113871309237573403:8] 6:map[113871309237573403:9] 7:map[113871309237573403:10] 8:map[113871309237573403:31] 9:map[113871309237573403:32]]
2026/02/24 17:26:55 [Node:0 GID:100 isLeader:true] shardkv server listenApplyCh applyMsg:{true {5  GET 3 36 113871309237573403 {0 [0 0 0 0 0 0 0 0 0 0] map[]} map[] 0} 37 map[] false map[] map[] map[] map[]}
2026/02/24 17:26:55 [Node:0 GID:100 isLeader:true] kv server listenApplyCh op:GET, key:5, value: clientid:113871309237573403, 更新seqNum:36
2026/02/24 17:26:55 [Node:0 GID:100 isLeader:true] shardkv server raft repley: success op:GET, key:5 value:
2026/02/24 17:26:55 [Node:0 GID:100 isLeader:true] shardkv server get key:5, data:map[5:7Qs3WNhdC_Xy7ku2e5YO]
2026/02/24 17:26:55 [Node:0 GID:100 isLeader:true] shardkv server get key:5, value:7Qs3WNhdC_Xy7ku2e5YO
2026/02/24 17:26:55 [Node:0 GID:100 isLeader:true] shardkv server checkGroup key:6, shard:4 shards:map[0:true 1:true 2:true 3:true 4:true 5:true 6:true 7:true 8:true 9:true]
2026/02/24 17:26:55 [Node:0 GID:100 isLeader:true] shardkv server raft command:{6  GET 4 37 113871309237573403 {0 [0 0 0 0 0 0 0 0 0 0] map[]} map[] 0}
2026/02/24 17:26:55 [Node:1 GID:100 isLeader:false] shardkv server generateSnapshotter raft state size: 564, maxraftstate: 1000
2026/02/24 17:26:55 [Node:2 GID:100 isLeader:false] shardkv server generateSnapshotter raft state size: 564, maxraftstate: 1000
2026/02/24 17:26:55 [Node:2 GID:100 isLeader:false] shardkv server listenApplyCh applyMsg:{true {5  GET 3 36 113871309237573403 {0 [0 0 0 0 0 0 0 0 0 0] map[]} map[] 0} 37 map[] false map[] map[] map[] map[]}
2026/02/24 17:26:55 [Node:2 GID:100 isLeader:false] kv server listenApplyCh op:GET, key:5, value: clientid:113871309237573403, 更新seqNum:36
2026/02/24 17:26:55 [Node:1 GID:100 isLeader:false] shardkv server listenApplyCh applyMsg:{true {5  GET 3 36 113871309237573403 {0 [0 0 0 0 0 0 0 0 0 0] map[]} map[] 0} 37 map[] false map[] map[] map[] map[]}
2026/02/24 17:26:55 [Node:1 GID:100 isLeader:false] kv server listenApplyCh op:GET, key:5, value: clientid:113871309237573403, 更新seqNum:36
2026/02/24 17:26:55 [Node:0 GID:100 isLeader:true] shardkv server listenApplyCh applyMsg:{true {6  GET 4 37 113871309237573403 {0 [0 0 0 0 0 0 0 0 0 0] map[]} map[] 0} 38 map[] false map[] map[] map[] map[]}
2026/02/24 17:26:55 [Node:0 GID:100 isLeader:true] kv server listenApplyCh op:GET, key:6, value: clientid:113871309237573403, 更新seqNum:37
2026/02/24 17:26:55 [Node:0 GID:100 isLeader:true] shardkv server raft repley: success op:GET, key:6 value:
2026/02/24 17:26:55 [Node:0 GID:100 isLeader:true] shardkv server get key:6, data:map[6:lFVqDSzzWwLbl3rpO8tR]
2026/02/24 17:26:55 [Node:0 GID:100 isLeader:true] shardkv server get key:6, value:lFVqDSzzWwLbl3rpO8tR
2026/02/24 17:26:55 [Node:0 GID:100 isLeader:true] shardkv server checkGroup key:7, shard:5 shards:map[0:true 1:true 2:true 3:true 4:true 5:true 6:true 7:true 8:true 9:true]
2026/02/24 17:26:55 [Node:0 GID:100 isLeader:true] shardkv server raft command:{7  GET 5 38 113871309237573403 {0 [0 0 0 0 0 0 0 0 0 0] map[]} map[] 0}
2026/02/24 17:26:55 [Node:0 GID:100 isLeader:true] shardkv server generateSnapshotter raft state size: 711, maxraftstate: 1000
2026/02/24 17:26:55 [Node:1 GID:100 isLeader:false] shardkv server listenApplyCh applyMsg:{true {6  GET 4 37 113871309237573403 {0 [0 0 0 0 0 0 0 0 0 0] map[]} map[] 0} 38 map[] false map[] map[] map[] map[]}
2026/02/24 17:26:55 [Node:2 GID:100 isLeader:false] shardkv server listenApplyCh applyMsg:{true {6  GET 4 37 113871309237573403 {0 [0 0 0 0 0 0 0 0 0 0] map[]} map[] 0} 38 map[] false map[] map[] map[] map[]}
2026/02/24 17:26:55 [Node:2 GID:100 isLeader:false] kv server listenApplyCh op:GET, key:6, value: clientid:113871309237573403, 更新seqNum:37
2026/02/24 17:26:55 [Node:0 GID:100 isLeader:true] shardkv server listenApplyCh applyMsg:{true {7  GET 5 38 113871309237573403 {0 [0 0 0 0 0 0 0 0 0 0] map[]} map[] 0} 39 map[] false map[] map[] map[] map[]}
2026/02/24 17:26:55 [Node:1 GID:100 isLeader:false] kv server listenApplyCh op:GET, key:6, value: clientid:113871309237573403, 更新seqNum:37
2026/02/24 17:26:55 [Node:0 GID:100 isLeader:true] kv server listenApplyCh op:GET, key:7, value: clientid:113871309237573403, 更新seqNum:38
2026/02/24 17:26:55 [Node:0 GID:100 isLeader:true] shardkv server raft repley: success op:GET, key:7 value:
2026/02/24 17:26:55 [Node:0 GID:100 isLeader:true] shardkv server get key:7, data:map[7:z2LVJuJMcOCsm-VAweCT]
2026/02/24 17:26:55 [Node:0 GID:100 isLeader:true] shardkv server get key:7, value:z2LVJuJMcOCsm-VAweCT
2026/02/24 17:26:55 [Node:0 GID:100 isLeader:true] shardkv server checkGroup key:8, shard:6 shards:map[0:true 1:true 2:true 3:true 4:true 5:true 6:true 7:true 8:true 9:true]
2026/02/24 17:26:55 [Node:0 GID:100 isLeader:true] shardkv server raft command:{8  GET 6 39 113871309237573403 {0 [0 0 0 0 0 0 0 0 0 0] map[]} map[] 0}
2026/02/24 17:26:55 [Node:2 GID:100 isLeader:false] shardkv server generateSnapshotter raft state size: 711, maxraftstate: 1000
2026/02/24 17:26:55 [Node:1 GID:100 isLeader:false] shardkv server generateSnapshotter raft state size: 711, maxraftstate: 1000
2026/02/24 17:26:55 [Node:1 GID:100 isLeader:false] shardkv server listenApplyCh applyMsg:{true {7  GET 5 38 113871309237573403 {0 [0 0 0 0 0 0 0 0 0 0] map[]} map[] 0} 39 map[] false map[] map[] map[] map[]}
2026/02/24 17:26:55 [Node:1 GID:100 isLeader:false] kv server listenApplyCh op:GET, key:7, value: clientid:113871309237573403, 更新seqNum:38
2026/02/24 17:26:55 [Node:0 GID:100 isLeader:true] shardkv server listenApplyCh applyMsg:{true {8  GET 6 39 113871309237573403 {0 [0 0 0 0 0 0 0 0 0 0] map[]} map[] 0} 40 map[] false map[] map[] map[] map[]}
2026/02/24 17:26:55 [Node:2 GID:100 isLeader:false] shardkv server listenApplyCh applyMsg:{true {7  GET 5 38 113871309237573403 {0 [0 0 0 0 0 0 0 0 0 0] map[]} map[] 0} 39 map[] false map[] map[] map[] map[]}
2026/02/24 17:26:55 [Node:0 GID:100 isLeader:true] kv server listenApplyCh op:GET, key:8, value: clientid:113871309237573403, 更新seqNum:39
2026/02/24 17:26:55 [Node:2 GID:100 isLeader:false] kv server listenApplyCh op:GET, key:7, value: clientid:113871309237573403, 更新seqNum:38
2026/02/24 17:26:55 [Node:0 GID:100 isLeader:true] shardkv server raft repley: success op:GET, key:8 value:
2026/02/24 17:26:55 [Node:0 GID:100 isLeader:true] shardkv server get key:8, data:map[8:25imAyinhov1A9x-2_yH]
2026/02/24 17:26:55 [Node:0 GID:100 isLeader:true] shardkv server get key:8, value:25imAyinhov1A9x-2_yH
2026/02/24 17:26:55 [Node:0 GID:100 isLeader:true] shardkv server checkGroup key:9, shard:7 shards:map[0:true 1:true 2:true 3:true 4:true 5:true 6:true 7:true 8:true 9:true]
2026/02/24 17:26:55 [Node:0 GID:100 isLeader:true] shardkv server raft command:{9  GET 7 40 113871309237573403 {0 [0 0 0 0 0 0 0 0 0 0] map[]} map[] 0}
2026/02/24 17:26:55 [Node:0 GID:100 isLeader:true] shardkv server generateSnapshotter raft state size: 858, maxraftstate: 1000
2026/02/24 17:26:55 [Node:2 GID:100 isLeader:false] shardkv server listenApplyCh applyMsg:{true {8  GET 6 39 113871309237573403 {0 [0 0 0 0 0 0 0 0 0 0] map[]} map[] 0} 40 map[] false map[] map[] map[] map[]}
2026/02/24 17:26:55 [Node:2 GID:100 isLeader:false] kv server listenApplyCh op:GET, key:8, value: clientid:113871309237573403, 更新seqNum:39
2026/02/24 17:26:55 [Node:1 GID:100 isLeader:false] shardkv server listenApplyCh applyMsg:{true {8  GET 6 39 113871309237573403 {0 [0 0 0 0 0 0 0 0 0 0] map[]} map[] 0} 40 map[] false map[] map[] map[] map[]}
2026/02/24 17:26:55 [Node:0 GID:100 isLeader:true] shardkv server listenApplyCh applyMsg:{true {9  GET 7 40 113871309237573403 {0 [0 0 0 0 0 0 0 0 0 0] map[]} map[] 0} 41 map[] false map[] map[] map[] map[]}
2026/02/24 17:26:55 [Node:0 GID:100 isLeader:true] kv server listenApplyCh op:GET, key:9, value: clientid:113871309237573403, 更新seqNum:40
2026/02/24 17:26:55 [Node:1 GID:100 isLeader:false] kv server listenApplyCh op:GET, key:8, value: clientid:113871309237573403, 更新seqNum:39
2026/02/24 17:26:55 [Node:0 GID:100 isLeader:true] shardkv server raft repley: success op:GET, key:9 value:
2026/02/24 17:26:55 [Node:0 GID:100 isLeader:true] shardkv server get key:9, data:map[9:W2k9CA3KTZbuggglJ85F]
2026/02/24 17:26:55 [Node:0 GID:100 isLeader:true] shardkv server get key:9, value:W2k9CA3KTZbuggglJ85F
2026/02/24 17:26:55 [Node:0 GID:100 isLeader:true] shardkv server checkGroup key:10, shard:9 shards:map[0:true 1:true 2:true 3:true 4:true 5:true 6:true 7:true 8:true 9:true]
2026/02/24 17:26:55 [Node:0 GID:100 isLeader:true] shardkv server raft command:{10  GET 9 41 113871309237573403 {0 [0 0 0 0 0 0 0 0 0 0] map[]} map[] 0}
2026/02/24 17:26:55 [Node:1 GID:100 isLeader:false] shardkv server generateSnapshotter raft state size: 858, maxraftstate: 1000
2026/02/24 17:26:55 [Node:2 GID:100 isLeader:false] shardkv server generateSnapshotter raft state size: 858, maxraftstate: 1000
2026/02/24 17:26:55 [Node:2 GID:100 isLeader:false] shardkv server listenApplyCh applyMsg:{true {9  GET 7 40 113871309237573403 {0 [0 0 0 0 0 0 0 0 0 0] map[]} map[] 0} 41 map[] false map[] map[] map[] map[]}
2026/02/24 17:26:55 [Node:2 GID:100 isLeader:false] kv server listenApplyCh op:GET, key:9, value: clientid:113871309237573403, 更新seqNum:40
2026/02/24 17:26:55 [Node:0 GID:100 isLeader:true] shardkv server listenApplyCh applyMsg:{true {10  GET 9 41 113871309237573403 {0 [0 0 0 0 0 0 0 0 0 0] map[]} map[] 0} 42 map[] false map[] map[] map[] map[]}
2026/02/24 17:26:55 [Node:0 GID:100 isLeader:true] kv server listenApplyCh op:GET, key:10, value: clientid:113871309237573403, 更新seqNum:41
2026/02/24 17:26:55 [Node:1 GID:100 isLeader:false] shardkv server listenApplyCh applyMsg:{true {9  GET 7 40 113871309237573403 {0 [0 0 0 0 0 0 0 0 0 0] map[]} map[] 0} 41 map[] false map[] map[] map[] map[]}
2026/02/24 17:26:55 [Node:0 GID:100 isLeader:true] shardkv server raft repley: success op:GET, key:10 value:
2026/02/24 17:26:55 [Node:1 GID:100 isLeader:false] kv server listenApplyCh op:GET, key:9, value: clientid:113871309237573403, 更新seqNum:40
2026/02/24 17:26:55 [Node:0 GID:100 isLeader:true] shardkv server get key:10, data:map[1:7feyKfcAmKMj84e-Z9Qy 10:ZIo_MWLuWr11IuKrdiJ2 11:G-WdPfixCsStieX94OwO 12:96ZhhvdDDUM5xUOVYxQI 13:XE90ySoOGhjGY2lx7_n6 14:qYFp5ienKQiZmDXCokTB 15:hfoSBfHfoMGZC-E23lrs 16:w49ucCQcjPa0iUGSzwdg 17:tS93z-FyNwnLWHVevezP 18:eGx5LOeZm_ldSj2mREyz 19:TuU_Zvm4dt_Z_xRmrtr8]
2026/02/24 17:26:55 [Node:0 GID:100 isLeader:true] shardkv server get key:10, value:ZIo_MWLuWr11IuKrdiJ2
2026/02/24 17:26:55 [Node:0 GID:100 isLeader:true] shardkv server checkGroup key:11, shard:9 shards:map[0:true 1:true 2:true 3:true 4:true 5:true 6:true 7:true 8:true 9:true]
2026/02/24 17:26:55 [Node:0 GID:100 isLeader:true] shardkv server raft command:{11  GET 9 42 113871309237573403 {0 [0 0 0 0 0 0 0 0 0 0] map[]} map[] 0}
2026/02/24 17:26:55 [Node:0 GID:100 isLeader:true] shardkv server generateSnapshotter raft state size: 1006, maxraftstate: 1000
2026/02/24 17:26:55 [Node:0 GID:100 isLeader:true] shardkv server generateSnapshotter start data:map[0:map[2:e7KLJGj9FfoEz52Hcp3H 20:sxevmuW7AmVBs1CkujVp 21:AB-RSTY0r6n0a5q8vcmg 22:_w4WVM9-y3hR5bZSIEWh 23:QFjsUpC5euDpwYpR2oU3 24:IEkCCLX4oicRxt8IqaX3 25:gIvRmn0Vk7CvUtn1b9YE 26:QJpznCkMRhsFOWcrsnvD 27:IX9f8pgSK6B4a77Vh-vx 28:_5uoVW9UzbaA_KtclZvr 29:ITUcWpr5oaTUfV03GUIG] 1:map[3:Hru2hXtYBJ0LEvhhZyB7] 2:map[4:4_jSWlOJHgao3DYGmXfx] 3:map[5:7Qs3WNhdC_Xy7ku2e5YO] 4:map[6:lFVqDSzzWwLbl3rpO8tR] 5:map[7:z2LVJuJMcOCsm-VAweCT] 6:map[8:25imAyinhov1A9x-2_yH] 7:map[9:W2k9CA3KTZbuggglJ85F] 8:map[0:4JPKOsUVfVcvncyCAj-8] 9:map[1:7feyKfcAmKMj84e-Z9Qy 10:ZIo_MWLuWr11IuKrdiJ2 11:G-WdPfixCsStieX94OwO 12:96ZhhvdDDUM5xUOVYxQI 13:XE90ySoOGhjGY2lx7_n6 14:qYFp5ienKQiZmDXCokTB 15:hfoSBfHfoMGZC-E23lrs 16:w49ucCQcjPa0iUGSzwdg 17:tS93z-FyNwnLWHVevezP 18:eGx5LOeZm_ldSj2mREyz 19:TuU_Zvm4dt_Z_xRmrtr8]]
2026/02/24 17:26:55 [Node:1 GID:100 isLeader:false] shardkv server listenApplyCh applyMsg:{false <nil> 42 map[] true map[] map[0:map[2:e7KLJGj9FfoEz52Hcp3H 20:sxevmuW7AmVBs1CkujVp 21:AB-RSTY0r6n0a5q8vcmg 22:_w4WVM9-y3hR5bZSIEWh 23:QFjsUpC5euDpwYpR2oU3 24:IEkCCLX4oicRxt8IqaX3 25:gIvRmn0Vk7CvUtn1b9YE 26:QJpznCkMRhsFOWcrsnvD 27:IX9f8pgSK6B4a77Vh-vx 28:_5uoVW9UzbaA_KtclZvr 29:ITUcWpr5oaTUfV03GUIG] 1:map[3:Hru2hXtYBJ0LEvhhZyB7] 2:map[4:4_jSWlOJHgao3DYGmXfx] 3:map[5:7Qs3WNhdC_Xy7ku2e5YO] 4:map[6:lFVqDSzzWwLbl3rpO8tR] 5:map[7:z2LVJuJMcOCsm-VAweCT] 6:map[8:25imAyinhov1A9x-2_yH] 7:map[9:W2k9CA3KTZbuggglJ85F] 8:map[0:4JPKOsUVfVcvncyCAj-8] 9:map[1:7feyKfcAmKMj84e-Z9Qy 10:ZIo_MWLuWr11IuKrdiJ2 11:G-WdPfixCsStieX94OwO 12:96ZhhvdDDUM5xUOVYxQI 13:XE90ySoOGhjGY2lx7_n6 14:qYFp5ienKQiZmDXCokTB 15:hfoSBfHfoMGZC-E23lrs 16:w49ucCQcjPa0iUGSzwdg 17:tS93z-FyNwnLWHVevezP 18:eGx5LOeZm_ldSj2mREyz 19:TuU_Zvm4dt_Z_xRmrtr8]] map[0:map[0:1 113871309237573403:33] 1:map[113871309237573403:34] 2:map[113871309237573403:35] 3:map[113871309237573403:36] 4:map[113871309237573403:37] 5:map[113871309237573403:38] 6:map[113871309237573403:39] 7:map[113871309237573403:40] 8:map[113871309237573403:31] 9:map[113871309237573403:41]] map[0:NORMAL 1:NORMAL 2:NORMAL 3:NORMAL 4:NORMAL 5:NORMAL 6:NORMAL 7:NORMAL 8:NORMAL 9:NORMAL]}
2026/02/24 17:26:55 [Node:1 GID:100 isLeader:false] shardkv server listenApplyCh load snapshot data:map[0:map[2:e7KLJGj9FfoEz52Hcp3H 20:sxevmuW7AmVBs1CkujVp 21:AB-RSTY0r6n0a5q8vcmg 22:_w4WVM9-y3hR5bZSIEWh 23:QFjsUpC5euDpwYpR2oU3 24:IEkCCLX4oicRxt8IqaX3 25:gIvRmn0Vk7CvUtn1b9YE 26:QJpznCkMRhsFOWcrsnvD 27:IX9f8pgSK6B4a77Vh-vx 28:_5uoVW9UzbaA_KtclZvr 29:ITUcWpr5oaTUfV03GUIG] 1:map[3:Hru2hXtYBJ0LEvhhZyB7] 2:map[4:4_jSWlOJHgao3DYGmXfx] 3:map[5:7Qs3WNhdC_Xy7ku2e5YO] 4:map[6:lFVqDSzzWwLbl3rpO8tR] 5:map[7:z2LVJuJMcOCsm-VAweCT] 6:map[8:25imAyinhov1A9x-2_yH] 7:map[9:W2k9CA3KTZbuggglJ85F] 8:map[0:4JPKOsUVfVcvncyCAj-8] 9:map[1:7feyKfcAmKMj84e-Z9Qy 10:ZIo_MWLuWr11IuKrdiJ2 11:G-WdPfixCsStieX94OwO 12:96ZhhvdDDUM5xUOVYxQI 13:XE90ySoOGhjGY2lx7_n6 14:qYFp5ienKQiZmDXCokTB 15:hfoSBfHfoMGZC-E23lrs 16:w49ucCQcjPa0iUGSzwdg 17:tS93z-FyNwnLWHVevezP 18:eGx5LOeZm_ldSj2mREyz 19:TuU_Zvm4dt_Z_xRmrtr8]] seqNums:map[0:map[0:1 113871309237573403:33] 1:map[113871309237573403:34] 2:map[113871309237573403:35] 3:map[113871309237573403:36] 4:map[113871309237573403:37] 5:map[113871309237573403:38] 6:map[113871309237573403:39] 7:map[113871309237573403:40] 8:map[113871309237573403:31] 9:map[113871309237573403:41]]
2026/02/24 17:26:55 [Node:2 GID:100 isLeader:false] shardkv server listenApplyCh applyMsg:{false <nil> 42 map[] true map[] map[0:map[2:e7KLJGj9FfoEz52Hcp3H 20:sxevmuW7AmVBs1CkujVp 21:AB-RSTY0r6n0a5q8vcmg 22:_w4WVM9-y3hR5bZSIEWh 23:QFjsUpC5euDpwYpR2oU3 24:IEkCCLX4oicRxt8IqaX3 25:gIvRmn0Vk7CvUtn1b9YE 26:QJpznCkMRhsFOWcrsnvD 27:IX9f8pgSK6B4a77Vh-vx 28:_5uoVW9UzbaA_KtclZvr 29:ITUcWpr5oaTUfV03GUIG] 1:map[3:Hru2hXtYBJ0LEvhhZyB7] 2:map[4:4_jSWlOJHgao3DYGmXfx] 3:map[5:7Qs3WNhdC_Xy7ku2e5YO] 4:map[6:lFVqDSzzWwLbl3rpO8tR] 5:map[7:z2LVJuJMcOCsm-VAweCT] 6:map[8:25imAyinhov1A9x-2_yH] 7:map[9:W2k9CA3KTZbuggglJ85F] 8:map[0:4JPKOsUVfVcvncyCAj-8] 9:map[1:7feyKfcAmKMj84e-Z9Qy 10:ZIo_MWLuWr11IuKrdiJ2 11:G-WdPfixCsStieX94OwO 12:96ZhhvdDDUM5xUOVYxQI 13:XE90ySoOGhjGY2lx7_n6 14:qYFp5ienKQiZmDXCokTB 15:hfoSBfHfoMGZC-E23lrs 16:w49ucCQcjPa0iUGSzwdg 17:tS93z-FyNwnLWHVevezP 18:eGx5LOeZm_ldSj2mREyz 19:TuU_Zvm4dt_Z_xRmrtr8]] map[0:map[0:1 113871309237573403:33] 1:map[113871309237573403:34] 2:map[113871309237573403:35] 3:map[113871309237573403:36] 4:map[113871309237573403:37] 5:map[113871309237573403:38] 6:map[113871309237573403:39] 7:map[113871309237573403:40] 8:map[113871309237573403:31] 9:map[113871309237573403:41]] map[0:NORMAL 1:NORMAL 2:NORMAL 3:NORMAL 4:NORMAL 5:NORMAL 6:NORMAL 7:NORMAL 8:NORMAL 9:NORMAL]}
2026/02/24 17:26:55 [Node:2 GID:100 isLeader:false] shardkv server listenApplyCh load snapshot data:map[0:map[2:e7KLJGj9FfoEz52Hcp3H 20:sxevmuW7AmVBs1CkujVp 21:AB-RSTY0r6n0a5q8vcmg 22:_w4WVM9-y3hR5bZSIEWh 23:QFjsUpC5euDpwYpR2oU3 24:IEkCCLX4oicRxt8IqaX3 25:gIvRmn0Vk7CvUtn1b9YE 26:QJpznCkMRhsFOWcrsnvD 27:IX9f8pgSK6B4a77Vh-vx 28:_5uoVW9UzbaA_KtclZvr 29:ITUcWpr5oaTUfV03GUIG] 1:map[3:Hru2hXtYBJ0LEvhhZyB7] 2:map[4:4_jSWlOJHgao3DYGmXfx] 3:map[5:7Qs3WNhdC_Xy7ku2e5YO] 4:map[6:lFVqDSzzWwLbl3rpO8tR] 5:map[7:z2LVJuJMcOCsm-VAweCT] 6:map[8:25imAyinhov1A9x-2_yH] 7:map[9:W2k9CA3KTZbuggglJ85F] 8:map[0:4JPKOsUVfVcvncyCAj-8] 9:map[1:7feyKfcAmKMj84e-Z9Qy 10:ZIo_MWLuWr11IuKrdiJ2 11:G-WdPfixCsStieX94OwO 12:96ZhhvdDDUM5xUOVYxQI 13:XE90ySoOGhjGY2lx7_n6 14:qYFp5ienKQiZmDXCokTB 15:hfoSBfHfoMGZC-E23lrs 16:w49ucCQcjPa0iUGSzwdg 17:tS93z-FyNwnLWHVevezP 18:eGx5LOeZm_ldSj2mREyz 19:TuU_Zvm4dt_Z_xRmrtr8]] seqNums:map[0:map[0:1 113871309237573403:33] 1:map[113871309237573403:34] 2:map[113871309237573403:35] 3:map[113871309237573403:36] 4:map[113871309237573403:37] 5:map[113871309237573403:38] 6:map[113871309237573403:39] 7:map[113871309237573403:40] 8:map[113871309237573403:31] 9:map[113871309237573403:41]]
2026/02/24 17:26:55 [Node:0 GID:100 isLeader:true] shardkv server listenApplyCh applyMsg:{true {11  GET 9 42 113871309237573403 {0 [0 0 0 0 0 0 0 0 0 0] map[]} map[] 0} 43 map[] false map[] map[] map[] map[]}
2026/02/24 17:26:55 [Node:0 GID:100 isLeader:true] kv server listenApplyCh op:GET, key:11, value: clientid:113871309237573403, 更新seqNum:42
2026/02/24 17:26:55 [Node:0 GID:100 isLeader:true] shardkv server raft repley: success op:GET, key:11 value:
2026/02/24 17:26:55 [Node:0 GID:100 isLeader:true] shardkv server get key:11, data:map[1:7feyKfcAmKMj84e-Z9Qy 10:ZIo_MWLuWr11IuKrdiJ2 11:G-WdPfixCsStieX94OwO 12:96ZhhvdDDUM5xUOVYxQI 13:XE90ySoOGhjGY2lx7_n6 14:qYFp5ienKQiZmDXCokTB 15:hfoSBfHfoMGZC-E23lrs 16:w49ucCQcjPa0iUGSzwdg 17:tS93z-FyNwnLWHVevezP 18:eGx5LOeZm_ldSj2mREyz 19:TuU_Zvm4dt_Z_xRmrtr8]
2026/02/24 17:26:55 [Node:0 GID:100 isLeader:true] shardkv server get key:11, value:G-WdPfixCsStieX94OwO
2026/02/24 17:26:55 [Node:0 GID:100 isLeader:true] shardkv server checkGroup key:12, shard:9 shards:map[0:true 1:true 2:true 3:true 4:true 5:true 6:true 7:true 8:true 9:true]
2026/02/24 17:26:55 [Node:0 GID:100 isLeader:true] shardkv server raft command:{12  GET 9 43 113871309237573403 {0 [0 0 0 0 0 0 0 0 0 0] map[]} map[] 0}
2026/02/24 17:26:55 [Node:1 GID:100 isLeader:false] shardkv server generateSnapshotter raft state size: 565, maxraftstate: 1000
2026/02/24 17:26:55 [Node:2 GID:100 isLeader:false] shardkv server generateSnapshotter raft state size: 565, maxraftstate: 1000
2026/02/24 17:26:55 [Node:2 GID:100 isLeader:false] shardkv server listenApplyCh applyMsg:{true {11  GET 9 42 113871309237573403 {0 [0 0 0 0 0 0 0 0 0 0] map[]} map[] 0} 43 map[] false map[] map[] map[] map[]}
2026/02/24 17:26:55 [Node:2 GID:100 isLeader:false] kv server listenApplyCh op:GET, key:11, value: clientid:113871309237573403, 更新seqNum:42
2026/02/24 17:26:55 [Node:1 GID:100 isLeader:false] shardkv server listenApplyCh applyMsg:{true {11  GET 9 42 113871309237573403 {0 [0 0 0 0 0 0 0 0 0 0] map[]} map[] 0} 43 map[] false map[] map[] map[] map[]}
2026/02/24 17:26:55 [Node:1 GID:100 isLeader:false] kv server listenApplyCh op:GET, key:11, value: clientid:113871309237573403, 更新seqNum:42
2026/02/24 17:26:55 [Node:0 GID:100 isLeader:true] shardkv server listenApplyCh applyMsg:{true {12  GET 9 43 113871309237573403 {0 [0 0 0 0 0 0 0 0 0 0] map[]} map[] 0} 44 map[] false map[] map[] map[] map[]}
2026/02/24 17:26:55 [Node:0 GID:100 isLeader:true] kv server listenApplyCh op:GET, key:12, value: clientid:113871309237573403, 更新seqNum:43
2026/02/24 17:26:55 [Node:0 GID:100 isLeader:true] shardkv server raft repley: success op:GET, key:12 value:
2026/02/24 17:26:55 [Node:0 GID:100 isLeader:true] shardkv server get key:12, data:map[1:7feyKfcAmKMj84e-Z9Qy 10:ZIo_MWLuWr11IuKrdiJ2 11:G-WdPfixCsStieX94OwO 12:96ZhhvdDDUM5xUOVYxQI 13:XE90ySoOGhjGY2lx7_n6 14:qYFp5ienKQiZmDXCokTB 15:hfoSBfHfoMGZC-E23lrs 16:w49ucCQcjPa0iUGSzwdg 17:tS93z-FyNwnLWHVevezP 18:eGx5LOeZm_ldSj2mREyz 19:TuU_Zvm4dt_Z_xRmrtr8]
2026/02/24 17:26:55 [Node:0 GID:100 isLeader:true] shardkv server get key:12, value:96ZhhvdDDUM5xUOVYxQI
2026/02/24 17:26:55 [Node:0 GID:100 isLeader:true] shardkv server checkGroup key:13, shard:9 shards:map[0:true 1:true 2:true 3:true 4:true 5:true 6:true 7:true 8:true 9:true]
2026/02/24 17:26:55 [Node:0 GID:100 isLeader:true] shardkv server raft command:{13  GET 9 44 113871309237573403 {0 [0 0 0 0 0 0 0 0 0 0] map[]} map[] 0}
2026/02/24 17:26:55 [Node:0 GID:100 isLeader:true] shardkv server generateSnapshotter raft state size: 714, maxraftstate: 1000
2026/02/24 17:26:55 [Node:1 GID:100 isLeader:false] shardkv server listenApplyCh applyMsg:{true {12  GET 9 43 113871309237573403 {0 [0 0 0 0 0 0 0 0 0 0] map[]} map[] 0} 44 map[] false map[] map[] map[] map[]}
2026/02/24 17:26:55 [Node:2 GID:100 isLeader:false] shardkv server listenApplyCh applyMsg:{true {12  GET 9 43 113871309237573403 {0 [0 0 0 0 0 0 0 0 0 0] map[]} map[] 0} 44 map[] false map[] map[] map[] map[]}
2026/02/24 17:26:55 [Node:2 GID:100 isLeader:false] kv server listenApplyCh op:GET, key:12, value: clientid:113871309237573403, 更新seqNum:43
2026/02/24 17:26:55 [Node:1 GID:100 isLeader:false] kv server listenApplyCh op:GET, key:12, value: clientid:113871309237573403, 更新seqNum:43
2026/02/24 17:26:55 [Node:0 GID:100 isLeader:true] shardkv server listenApplyCh applyMsg:{true {13  GET 9 44 113871309237573403 {0 [0 0 0 0 0 0 0 0 0 0] map[]} map[] 0} 45 map[] false map[] map[] map[] map[]}
2026/02/24 17:26:55 [Node:0 GID:100 isLeader:true] kv server listenApplyCh op:GET, key:13, value: clientid:113871309237573403, 更新seqNum:44
2026/02/24 17:26:55 [Node:0 GID:100 isLeader:true] shardkv server raft repley: success op:GET, key:13 value:
2026/02/24 17:26:55 [Node:0 GID:100 isLeader:true] shardkv server get key:13, data:map[1:7feyKfcAmKMj84e-Z9Qy 10:ZIo_MWLuWr11IuKrdiJ2 11:G-WdPfixCsStieX94OwO 12:96ZhhvdDDUM5xUOVYxQI 13:XE90ySoOGhjGY2lx7_n6 14:qYFp5ienKQiZmDXCokTB 15:hfoSBfHfoMGZC-E23lrs 16:w49ucCQcjPa0iUGSzwdg 17:tS93z-FyNwnLWHVevezP 18:eGx5LOeZm_ldSj2mREyz 19:TuU_Zvm4dt_Z_xRmrtr8]
2026/02/24 17:26:55 [Node:0 GID:100 isLeader:true] shardkv server get key:13, value:XE90ySoOGhjGY2lx7_n6
2026/02/24 17:26:55 [Node:0 GID:100 isLeader:true] shardkv server checkGroup key:14, shard:9 shards:map[0:true 1:true 2:true 3:true 4:true 5:true 6:true 7:true 8:true 9:true]
2026/02/24 17:26:55 [Node:0 GID:100 isLeader:true] shardkv server raft command:{14  GET 9 45 113871309237573403 {0 [0 0 0 0 0 0 0 0 0 0] map[]} map[] 0}
2026/02/24 17:26:55 [Node:1 GID:100 isLeader:false] shardkv server generateSnapshotter raft state size: 714, maxraftstate: 1000
2026/02/24 17:26:55 [Node:2 GID:100 isLeader:false] shardkv server generateSnapshotter raft state size: 714, maxraftstate: 1000
2026/02/24 17:26:55 [Node:2 GID:100 isLeader:false] shardkv server listenApplyCh applyMsg:{true {13  GET 9 44 113871309237573403 {0 [0 0 0 0 0 0 0 0 0 0] map[]} map[] 0} 45 map[] false map[] map[] map[] map[]}
2026/02/24 17:26:55 [Node:2 GID:100 isLeader:false] kv server listenApplyCh op:GET, key:13, value: clientid:113871309237573403, 更新seqNum:44
2026/02/24 17:26:55 [Node:0 GID:100 isLeader:true] shardkv server listenApplyCh applyMsg:{true {14  GET 9 45 113871309237573403 {0 [0 0 0 0 0 0 0 0 0 0] map[]} map[] 0} 46 map[] false map[] map[] map[] map[]}
2026/02/24 17:26:55 [Node:0 GID:100 isLeader:true] kv server listenApplyCh op:GET, key:14, value: clientid:113871309237573403, 更新seqNum:45
2026/02/24 17:26:55 [Node:0 GID:100 isLeader:true] shardkv server raft repley: success op:GET, key:14 value:
2026/02/24 17:26:55 [Node:1 GID:100 isLeader:false] shardkv server listenApplyCh applyMsg:{true {13  GET 9 44 113871309237573403 {0 [0 0 0 0 0 0 0 0 0 0] map[]} map[] 0} 45 map[] false map[] map[] map[] map[]}
2026/02/24 17:26:55 [Node:1 GID:100 isLeader:false] kv server listenApplyCh op:GET, key:13, value: clientid:113871309237573403, 更新seqNum:44
2026/02/24 17:26:55 [Node:0 GID:100 isLeader:true] shardkv server get key:14, data:map[1:7feyKfcAmKMj84e-Z9Qy 10:ZIo_MWLuWr11IuKrdiJ2 11:G-WdPfixCsStieX94OwO 12:96ZhhvdDDUM5xUOVYxQI 13:XE90ySoOGhjGY2lx7_n6 14:qYFp5ienKQiZmDXCokTB 15:hfoSBfHfoMGZC-E23lrs 16:w49ucCQcjPa0iUGSzwdg 17:tS93z-FyNwnLWHVevezP 18:eGx5LOeZm_ldSj2mREyz 19:TuU_Zvm4dt_Z_xRmrtr8]
2026/02/24 17:26:55 [Node:0 GID:100 isLeader:true] shardkv server get key:14, value:qYFp5ienKQiZmDXCokTB
2026/02/24 17:26:55 [Node:0 GID:100 isLeader:true] shardkv server checkGroup key:15, shard:9 shards:map[0:true 1:true 2:true 3:true 4:true 5:true 6:true 7:true 8:true 9:true]
2026/02/24 17:26:55 [Node:0 GID:100 isLeader:true] shardkv server raft command:{15  GET 9 46 113871309237573403 {0 [0 0 0 0 0 0 0 0 0 0] map[]} map[] 0}
2026/02/24 17:26:55 [Node:0 GID:100 isLeader:true] shardkv server generateSnapshotter raft state size: 863, maxraftstate: 1000
2026/02/24 17:26:55 [Node:1 GID:100 isLeader:false] shardkv server listenApplyCh applyMsg:{true {14  GET 9 45 113871309237573403 {0 [0 0 0 0 0 0 0 0 0 0] map[]} map[] 0} 46 map[] false map[] map[] map[] map[]}
2026/02/24 17:26:55 [Node:1 GID:100 isLeader:false] kv server listenApplyCh op:GET, key:14, value: clientid:113871309237573403, 更新seqNum:45
2026/02/24 17:26:55 [Node:0 GID:100 isLeader:true] shardkv server listenApplyCh applyMsg:{true {15  GET 9 46 113871309237573403 {0 [0 0 0 0 0 0 0 0 0 0] map[]} map[] 0} 47 map[] false map[] map[] map[] map[]}
2026/02/24 17:26:55 [Node:0 GID:100 isLeader:true] kv server listenApplyCh op:GET, key:15, value: clientid:113871309237573403, 更新seqNum:46
2026/02/24 17:26:55 [Node:0 GID:100 isLeader:true] shardkv server raft repley: success op:GET, key:15 value:
2026/02/24 17:26:55 [Node:2 GID:100 isLeader:false] shardkv server listenApplyCh applyMsg:{true {14  GET 9 45 113871309237573403 {0 [0 0 0 0 0 0 0 0 0 0] map[]} map[] 0} 46 map[] false map[] map[] map[] map[]}
2026/02/24 17:26:55 [Node:0 GID:100 isLeader:true] shardkv server get key:15, data:map[1:7feyKfcAmKMj84e-Z9Qy 10:ZIo_MWLuWr11IuKrdiJ2 11:G-WdPfixCsStieX94OwO 12:96ZhhvdDDUM5xUOVYxQI 13:XE90ySoOGhjGY2lx7_n6 14:qYFp5ienKQiZmDXCokTB 15:hfoSBfHfoMGZC-E23lrs 16:w49ucCQcjPa0iUGSzwdg 17:tS93z-FyNwnLWHVevezP 18:eGx5LOeZm_ldSj2mREyz 19:TuU_Zvm4dt_Z_xRmrtr8]
2026/02/24 17:26:55 [Node:0 GID:100 isLeader:true] shardkv server get key:15, value:hfoSBfHfoMGZC-E23lrs
2026/02/24 17:26:55 [Node:2 GID:100 isLeader:false] kv server listenApplyCh op:GET, key:14, value: clientid:113871309237573403, 更新seqNum:45
2026/02/24 17:26:55 [Node:0 GID:100 isLeader:true] shardkv server checkGroup key:16, shard:9 shards:map[0:true 1:true 2:true 3:true 4:true 5:true 6:true 7:true 8:true 9:true]
2026/02/24 17:26:55 [Node:0 GID:100 isLeader:true] shardkv server raft command:{16  GET 9 47 113871309237573403 {0 [0 0 0 0 0 0 0 0 0 0] map[]} map[] 0}
2026/02/24 17:26:55 [Node:1 GID:100 isLeader:false] shardkv server generateSnapshotter raft state size: 863, maxraftstate: 1000
2026/02/24 17:26:55 [Node:2 GID:100 isLeader:false] shardkv server generateSnapshotter raft state size: 863, maxraftstate: 1000
2026/02/24 17:26:55 [Node:1 GID:100 isLeader:false] shardkv server listenApplyCh applyMsg:{true {15  GET 9 46 113871309237573403 {0 [0 0 0 0 0 0 0 0 0 0] map[]} map[] 0} 47 map[] false map[] map[] map[] map[]}
2026/02/24 17:26:55 [Node:1 GID:100 isLeader:false] kv server listenApplyCh op:GET, key:15, value: clientid:113871309237573403, 更新seqNum:46
2026/02/24 17:26:55 [Node:0 GID:100 isLeader:true] shardkv server listenApplyCh applyMsg:{true {16  GET 9 47 113871309237573403 {0 [0 0 0 0 0 0 0 0 0 0] map[]} map[] 0} 48 map[] false map[] map[] map[] map[]}
2026/02/24 17:26:55 [Node:0 GID:100 isLeader:true] kv server listenApplyCh op:GET, key:16, value: clientid:113871309237573403, 更新seqNum:47
2026/02/24 17:26:55 [Node:2 GID:100 isLeader:false] shardkv server listenApplyCh applyMsg:{true {15  GET 9 46 113871309237573403 {0 [0 0 0 0 0 0 0 0 0 0] map[]} map[] 0} 47 map[] false map[] map[] map[] map[]}
2026/02/24 17:26:55 [Node:0 GID:100 isLeader:true] shardkv server raft repley: success op:GET, key:16 value:
2026/02/24 17:26:55 [Node:2 GID:100 isLeader:false] kv server listenApplyCh op:GET, key:15, value: clientid:113871309237573403, 更新seqNum:46
2026/02/24 17:26:55 [Node:0 GID:100 isLeader:true] shardkv server get key:16, data:map[1:7feyKfcAmKMj84e-Z9Qy 10:ZIo_MWLuWr11IuKrdiJ2 11:G-WdPfixCsStieX94OwO 12:96ZhhvdDDUM5xUOVYxQI 13:XE90ySoOGhjGY2lx7_n6 14:qYFp5ienKQiZmDXCokTB 15:hfoSBfHfoMGZC-E23lrs 16:w49ucCQcjPa0iUGSzwdg 17:tS93z-FyNwnLWHVevezP 18:eGx5LOeZm_ldSj2mREyz 19:TuU_Zvm4dt_Z_xRmrtr8]
2026/02/24 17:26:55 [Node:0 GID:100 isLeader:true] shardkv server get key:16, value:w49ucCQcjPa0iUGSzwdg
2026/02/24 17:26:55 [Node:0 GID:100 isLeader:true] shardkv server checkGroup key:17, shard:9 shards:map[0:true 1:true 2:true 3:true 4:true 5:true 6:true 7:true 8:true 9:true]
2026/02/24 17:26:55 [Node:0 GID:100 isLeader:true] shardkv server raft command:{17  GET 9 48 113871309237573403 {0 [0 0 0 0 0 0 0 0 0 0] map[]} map[] 0}
2026/02/24 17:26:55 [Node:0 GID:100 isLeader:true] shardkv server generateSnapshotter raft state size: 1011, maxraftstate: 1000
2026/02/24 17:26:55 [Node:0 GID:100 isLeader:true] shardkv server generateSnapshotter start data:map[0:map[2:e7KLJGj9FfoEz52Hcp3H 20:sxevmuW7AmVBs1CkujVp 21:AB-RSTY0r6n0a5q8vcmg 22:_w4WVM9-y3hR5bZSIEWh 23:QFjsUpC5euDpwYpR2oU3 24:IEkCCLX4oicRxt8IqaX3 25:gIvRmn0Vk7CvUtn1b9YE 26:QJpznCkMRhsFOWcrsnvD 27:IX9f8pgSK6B4a77Vh-vx 28:_5uoVW9UzbaA_KtclZvr 29:ITUcWpr5oaTUfV03GUIG] 1:map[3:Hru2hXtYBJ0LEvhhZyB7] 2:map[4:4_jSWlOJHgao3DYGmXfx] 3:map[5:7Qs3WNhdC_Xy7ku2e5YO] 4:map[6:lFVqDSzzWwLbl3rpO8tR] 5:map[7:z2LVJuJMcOCsm-VAweCT] 6:map[8:25imAyinhov1A9x-2_yH] 7:map[9:W2k9CA3KTZbuggglJ85F] 8:map[0:4JPKOsUVfVcvncyCAj-8] 9:map[1:7feyKfcAmKMj84e-Z9Qy 10:ZIo_MWLuWr11IuKrdiJ2 11:G-WdPfixCsStieX94OwO 12:96ZhhvdDDUM5xUOVYxQI 13:XE90ySoOGhjGY2lx7_n6 14:qYFp5ienKQiZmDXCokTB 15:hfoSBfHfoMGZC-E23lrs 16:w49ucCQcjPa0iUGSzwdg 17:tS93z-FyNwnLWHVevezP 18:eGx5LOeZm_ldSj2mREyz 19:TuU_Zvm4dt_Z_xRmrtr8]]
2026/02/24 17:26:55 [Node:1 GID:100 isLeader:false] shardkv server listenApplyCh applyMsg:{false <nil> 48 map[] true map[] map[0:map[2:e7KLJGj9FfoEz52Hcp3H 20:sxevmuW7AmVBs1CkujVp 21:AB-RSTY0r6n0a5q8vcmg 22:_w4WVM9-y3hR5bZSIEWh 23:QFjsUpC5euDpwYpR2oU3 24:IEkCCLX4oicRxt8IqaX3 25:gIvRmn0Vk7CvUtn1b9YE 26:QJpznCkMRhsFOWcrsnvD 27:IX9f8pgSK6B4a77Vh-vx 28:_5uoVW9UzbaA_KtclZvr 29:ITUcWpr5oaTUfV03GUIG] 1:map[3:Hru2hXtYBJ0LEvhhZyB7] 2:map[4:4_jSWlOJHgao3DYGmXfx] 3:map[5:7Qs3WNhdC_Xy7ku2e5YO] 4:map[6:lFVqDSzzWwLbl3rpO8tR] 5:map[7:z2LVJuJMcOCsm-VAweCT] 6:map[8:25imAyinhov1A9x-2_yH] 7:map[9:W2k9CA3KTZbuggglJ85F] 8:map[0:4JPKOsUVfVcvncyCAj-8] 9:map[1:7feyKfcAmKMj84e-Z9Qy 10:ZIo_MWLuWr11IuKrdiJ2 11:G-WdPfixCsStieX94OwO 12:96ZhhvdDDUM5xUOVYxQI 13:XE90ySoOGhjGY2lx7_n6 14:qYFp5ienKQiZmDXCokTB 15:hfoSBfHfoMGZC-E23lrs 16:w49ucCQcjPa0iUGSzwdg 17:tS93z-FyNwnLWHVevezP 18:eGx5LOeZm_ldSj2mREyz 19:TuU_Zvm4dt_Z_xRmrtr8]] map[0:map[0:1 113871309237573403:33] 1:map[113871309237573403:34] 2:map[113871309237573403:35] 3:map[113871309237573403:36] 4:map[113871309237573403:37] 5:map[113871309237573403:38] 6:map[113871309237573403:39] 7:map[113871309237573403:40] 8:map[113871309237573403:31] 9:map[113871309237573403:47]] map[0:NORMAL 1:NORMAL 2:NORMAL 3:NORMAL 4:NORMAL 5:NORMAL 6:NORMAL 7:NORMAL 8:NORMAL 9:NORMAL]}
2026/02/24 17:26:55 [Node:1 GID:100 isLeader:false] shardkv server listenApplyCh load snapshot data:map[0:map[2:e7KLJGj9FfoEz52Hcp3H 20:sxevmuW7AmVBs1CkujVp 21:AB-RSTY0r6n0a5q8vcmg 22:_w4WVM9-y3hR5bZSIEWh 23:QFjsUpC5euDpwYpR2oU3 24:IEkCCLX4oicRxt8IqaX3 25:gIvRmn0Vk7CvUtn1b9YE 26:QJpznCkMRhsFOWcrsnvD 27:IX9f8pgSK6B4a77Vh-vx 28:_5uoVW9UzbaA_KtclZvr 29:ITUcWpr5oaTUfV03GUIG] 1:map[3:Hru2hXtYBJ0LEvhhZyB7] 2:map[4:4_jSWlOJHgao3DYGmXfx] 3:map[5:7Qs3WNhdC_Xy7ku2e5YO] 4:map[6:lFVqDSzzWwLbl3rpO8tR] 5:map[7:z2LVJuJMcOCsm-VAweCT] 6:map[8:25imAyinhov1A9x-2_yH] 7:map[9:W2k9CA3KTZbuggglJ85F] 8:map[0:4JPKOsUVfVcvncyCAj-8] 9:map[1:7feyKfcAmKMj84e-Z9Qy 10:ZIo_MWLuWr11IuKrdiJ2 11:G-WdPfixCsStieX94OwO 12:96ZhhvdDDUM5xUOVYxQI 13:XE90ySoOGhjGY2lx7_n6 14:qYFp5ienKQiZmDXCokTB 15:hfoSBfHfoMGZC-E23lrs 16:w49ucCQcjPa0iUGSzwdg 17:tS93z-FyNwnLWHVevezP 18:eGx5LOeZm_ldSj2mREyz 19:TuU_Zvm4dt_Z_xRmrtr8]] seqNums:map[0:map[0:1 113871309237573403:33] 1:map[113871309237573403:34] 2:map[113871309237573403:35] 3:map[113871309237573403:36] 4:map[113871309237573403:37] 5:map[113871309237573403:38] 6:map[113871309237573403:39] 7:map[113871309237573403:40] 8:map[113871309237573403:31] 9:map[113871309237573403:47]]
2026/02/24 17:26:55 [Node:2 GID:100 isLeader:false] shardkv server listenApplyCh applyMsg:{false <nil> 48 map[] true map[] map[0:map[2:e7KLJGj9FfoEz52Hcp3H 20:sxevmuW7AmVBs1CkujVp 21:AB-RSTY0r6n0a5q8vcmg 22:_w4WVM9-y3hR5bZSIEWh 23:QFjsUpC5euDpwYpR2oU3 24:IEkCCLX4oicRxt8IqaX3 25:gIvRmn0Vk7CvUtn1b9YE 26:QJpznCkMRhsFOWcrsnvD 27:IX9f8pgSK6B4a77Vh-vx 28:_5uoVW9UzbaA_KtclZvr 29:ITUcWpr5oaTUfV03GUIG] 1:map[3:Hru2hXtYBJ0LEvhhZyB7] 2:map[4:4_jSWlOJHgao3DYGmXfx] 3:map[5:7Qs3WNhdC_Xy7ku2e5YO] 4:map[6:lFVqDSzzWwLbl3rpO8tR] 5:map[7:z2LVJuJMcOCsm-VAweCT] 6:map[8:25imAyinhov1A9x-2_yH] 7:map[9:W2k9CA3KTZbuggglJ85F] 8:map[0:4JPKOsUVfVcvncyCAj-8] 9:map[1:7feyKfcAmKMj84e-Z9Qy 10:ZIo_MWLuWr11IuKrdiJ2 11:G-WdPfixCsStieX94OwO 12:96ZhhvdDDUM5xUOVYxQI 13:XE90ySoOGhjGY2lx7_n6 14:qYFp5ienKQiZmDXCokTB 15:hfoSBfHfoMGZC-E23lrs 16:w49ucCQcjPa0iUGSzwdg 17:tS93z-FyNwnLWHVevezP 18:eGx5LOeZm_ldSj2mREyz 19:TuU_Zvm4dt_Z_xRmrtr8]] map[0:map[0:1 113871309237573403:33] 1:map[113871309237573403:34] 2:map[113871309237573403:35] 3:map[113871309237573403:36] 4:map[113871309237573403:37] 5:map[113871309237573403:38] 6:map[113871309237573403:39] 7:map[113871309237573403:40] 8:map[113871309237573403:31] 9:map[113871309237573403:47]] map[0:NORMAL 1:NORMAL 2:NORMAL 3:NORMAL 4:NORMAL 5:NORMAL 6:NORMAL 7:NORMAL 8:NORMAL 9:NORMAL]}
2026/02/24 17:26:55 [Node:2 GID:100 isLeader:false] shardkv server listenApplyCh load snapshot data:map[0:map[2:e7KLJGj9FfoEz52Hcp3H 20:sxevmuW7AmVBs1CkujVp 21:AB-RSTY0r6n0a5q8vcmg 22:_w4WVM9-y3hR5bZSIEWh 23:QFjsUpC5euDpwYpR2oU3 24:IEkCCLX4oicRxt8IqaX3 25:gIvRmn0Vk7CvUtn1b9YE 26:QJpznCkMRhsFOWcrsnvD 27:IX9f8pgSK6B4a77Vh-vx 28:_5uoVW9UzbaA_KtclZvr 29:ITUcWpr5oaTUfV03GUIG] 1:map[3:Hru2hXtYBJ0LEvhhZyB7] 2:map[4:4_jSWlOJHgao3DYGmXfx] 3:map[5:7Qs3WNhdC_Xy7ku2e5YO] 4:map[6:lFVqDSzzWwLbl3rpO8tR] 5:map[7:z2LVJuJMcOCsm-VAweCT] 6:map[8:25imAyinhov1A9x-2_yH] 7:map[9:W2k9CA3KTZbuggglJ85F] 8:map[0:4JPKOsUVfVcvncyCAj-8] 9:map[1:7feyKfcAmKMj84e-Z9Qy 10:ZIo_MWLuWr11IuKrdiJ2 11:G-WdPfixCsStieX94OwO 12:96ZhhvdDDUM5xUOVYxQI 13:XE90ySoOGhjGY2lx7_n6 14:qYFp5ienKQiZmDXCokTB 15:hfoSBfHfoMGZC-E23lrs 16:w49ucCQcjPa0iUGSzwdg 17:tS93z-FyNwnLWHVevezP 18:eGx5LOeZm_ldSj2mREyz 19:TuU_Zvm4dt_Z_xRmrtr8]] seqNums:map[0:map[0:1 113871309237573403:33] 1:map[113871309237573403:34] 2:map[113871309237573403:35] 3:map[113871309237573403:36] 4:map[113871309237573403:37] 5:map[113871309237573403:38] 6:map[113871309237573403:39] 7:map[113871309237573403:40] 8:map[113871309237573403:31] 9:map[113871309237573403:47]]
2026/02/24 17:26:55 [Node:0 GID:100 isLeader:true] shardkv server listenApplyCh applyMsg:{true {17  GET 9 48 113871309237573403 {0 [0 0 0 0 0 0 0 0 0 0] map[]} map[] 0} 49 map[] false map[] map[] map[] map[]}
2026/02/24 17:26:55 [Node:0 GID:100 isLeader:true] kv server listenApplyCh op:GET, key:17, value: clientid:113871309237573403, 更新seqNum:48
2026/02/24 17:26:55 [Node:0 GID:100 isLeader:true] shardkv server raft repley: success op:GET, key:17 value:
2026/02/24 17:26:55 [Node:0 GID:100 isLeader:true] shardkv server get key:17, data:map[1:7feyKfcAmKMj84e-Z9Qy 10:ZIo_MWLuWr11IuKrdiJ2 11:G-WdPfixCsStieX94OwO 12:96ZhhvdDDUM5xUOVYxQI 13:XE90ySoOGhjGY2lx7_n6 14:qYFp5ienKQiZmDXCokTB 15:hfoSBfHfoMGZC-E23lrs 16:w49ucCQcjPa0iUGSzwdg 17:tS93z-FyNwnLWHVevezP 18:eGx5LOeZm_ldSj2mREyz 19:TuU_Zvm4dt_Z_xRmrtr8]
2026/02/24 17:26:55 [Node:0 GID:100 isLeader:true] shardkv server get key:17, value:tS93z-FyNwnLWHVevezP
2026/02/24 17:26:55 [Node:0 GID:100 isLeader:true] shardkv server checkGroup key:18, shard:9 shards:map[0:true 1:true 2:true 3:true 4:true 5:true 6:true 7:true 8:true 9:true]
2026/02/24 17:26:55 [Node:0 GID:100 isLeader:true] shardkv server raft command:{18  GET 9 49 113871309237573403 {0 [0 0 0 0 0 0 0 0 0 0] map[]} map[] 0}
2026/02/24 17:26:56 [Node:2 GID:100 isLeader:false] shardkv server generateSnapshotter raft state size: 565, maxraftstate: 1000
2026/02/24 17:26:56 [Node:1 GID:100 isLeader:false] shardkv server generateSnapshotter raft state size: 565, maxraftstate: 1000
2026/02/24 17:26:56 [Node:2 GID:100 isLeader:false] shardkv server listenApplyCh applyMsg:{true {17  GET 9 48 113871309237573403 {0 [0 0 0 0 0 0 0 0 0 0] map[]} map[] 0} 49 map[] false map[] map[] map[] map[]}
2026/02/24 17:26:56 [Node:2 GID:100 isLeader:false] kv server listenApplyCh op:GET, key:17, value: clientid:113871309237573403, 更新seqNum:48
2026/02/24 17:26:56 [Node:0 GID:100 isLeader:true] shardkv server listenApplyCh applyMsg:{true {18  GET 9 49 113871309237573403 {0 [0 0 0 0 0 0 0 0 0 0] map[]} map[] 0} 50 map[] false map[] map[] map[] map[]}
2026/02/24 17:26:56 [Node:0 GID:100 isLeader:true] kv server listenApplyCh op:GET, key:18, value: clientid:113871309237573403, 更新seqNum:49
2026/02/24 17:26:56 [Node:1 GID:100 isLeader:false] shardkv server listenApplyCh applyMsg:{true {17  GET 9 48 113871309237573403 {0 [0 0 0 0 0 0 0 0 0 0] map[]} map[] 0} 49 map[] false map[] map[] map[] map[]}
2026/02/24 17:26:56 [Node:0 GID:100 isLeader:true] shardkv server raft repley: success op:GET, key:18 value:
2026/02/24 17:26:56 [Node:1 GID:100 isLeader:false] kv server listenApplyCh op:GET, key:17, value: clientid:113871309237573403, 更新seqNum:48
2026/02/24 17:26:56 [Node:0 GID:100 isLeader:true] shardkv server get key:18, data:map[1:7feyKfcAmKMj84e-Z9Qy 10:ZIo_MWLuWr11IuKrdiJ2 11:G-WdPfixCsStieX94OwO 12:96ZhhvdDDUM5xUOVYxQI 13:XE90ySoOGhjGY2lx7_n6 14:qYFp5ienKQiZmDXCokTB 15:hfoSBfHfoMGZC-E23lrs 16:w49ucCQcjPa0iUGSzwdg 17:tS93z-FyNwnLWHVevezP 18:eGx5LOeZm_ldSj2mREyz 19:TuU_Zvm4dt_Z_xRmrtr8]
2026/02/24 17:26:56 [Node:0 GID:100 isLeader:true] shardkv server get key:18, value:eGx5LOeZm_ldSj2mREyz
2026/02/24 17:26:56 [Node:0 GID:100 isLeader:true] shardkv server checkGroup key:19, shard:9 shards:map[0:true 1:true 2:true 3:true 4:true 5:true 6:true 7:true 8:true 9:true]
2026/02/24 17:26:56 [Node:0 GID:100 isLeader:true] shardkv server raft command:{19  GET 9 50 113871309237573403 {0 [0 0 0 0 0 0 0 0 0 0] map[]} map[] 0}
2026/02/24 17:26:56 [Node:0 GID:100 isLeader:true] shardkv server generateSnapshotter raft state size: 714, maxraftstate: 1000
2026/02/24 17:26:56 [Node:1 GID:100 isLeader:false] shardkv server listenApplyCh applyMsg:{true {18  GET 9 49 113871309237573403 {0 [0 0 0 0 0 0 0 0 0 0] map[]} map[] 0} 50 map[] false map[] map[] map[] map[]}
2026/02/24 17:26:56 [Node:1 GID:100 isLeader:false] kv server listenApplyCh op:GET, key:18, value: clientid:113871309237573403, 更新seqNum:49
2026/02/24 17:26:56 [Node:2 GID:100 isLeader:false] shardkv server listenApplyCh applyMsg:{true {18  GET 9 49 113871309237573403 {0 [0 0 0 0 0 0 0 0 0 0] map[]} map[] 0} 50 map[] false map[] map[] map[] map[]}
2026/02/24 17:26:56 [Node:2 GID:100 isLeader:false] kv server listenApplyCh op:GET, key:18, value: clientid:113871309237573403, 更新seqNum:49
2026/02/24 17:26:56 [Node:0 GID:100 isLeader:true] shardkv server listenApplyCh applyMsg:{true {19  GET 9 50 113871309237573403 {0 [0 0 0 0 0 0 0 0 0 0] map[]} map[] 0} 51 map[] false map[] map[] map[] map[]}
2026/02/24 17:26:56 [Node:0 GID:100 isLeader:true] kv server listenApplyCh op:GET, key:19, value: clientid:113871309237573403, 更新seqNum:50
2026/02/24 17:26:56 [Node:0 GID:100 isLeader:true] shardkv server raft repley: success op:GET, key:19 value:
2026/02/24 17:26:56 [Node:0 GID:100 isLeader:true] shardkv server get key:19, data:map[1:7feyKfcAmKMj84e-Z9Qy 10:ZIo_MWLuWr11IuKrdiJ2 11:G-WdPfixCsStieX94OwO 12:96ZhhvdDDUM5xUOVYxQI 13:XE90ySoOGhjGY2lx7_n6 14:qYFp5ienKQiZmDXCokTB 15:hfoSBfHfoMGZC-E23lrs 16:w49ucCQcjPa0iUGSzwdg 17:tS93z-FyNwnLWHVevezP 18:eGx5LOeZm_ldSj2mREyz 19:TuU_Zvm4dt_Z_xRmrtr8]
2026/02/24 17:26:56 [Node:0 GID:100 isLeader:true] shardkv server get key:19, value:TuU_Zvm4dt_Z_xRmrtr8
2026/02/24 17:26:56 [Node:0 GID:100 isLeader:true] shardkv server checkGroup key:20, shard:0 shards:map[0:true 1:true 2:true 3:true 4:true 5:true 6:true 7:true 8:true 9:true]
2026/02/24 17:26:56 [Node:0 GID:100 isLeader:true] shardkv server raft command:{20  GET 0 51 113871309237573403 {0 [0 0 0 0 0 0 0 0 0 0] map[]} map[] 0}
2026/02/24 17:26:56 [Node:2 GID:100 isLeader:false] shardkv server generateSnapshotter raft state size: 714, maxraftstate: 1000
2026/02/24 17:26:56 [Node:1 GID:100 isLeader:false] shardkv server generateSnapshotter raft state size: 714, maxraftstate: 1000
2026/02/24 17:26:56 [Node:2 GID:100 isLeader:false] shardkv server listenApplyCh applyMsg:{true {19  GET 9 50 113871309237573403 {0 [0 0 0 0 0 0 0 0 0 0] map[]} map[] 0} 51 map[] false map[] map[] map[] map[]}
2026/02/24 17:26:56 [Node:2 GID:100 isLeader:false] kv server listenApplyCh op:GET, key:19, value: clientid:113871309237573403, 更新seqNum:50
2026/02/24 17:26:56 [Node:1 GID:100 isLeader:false] shardkv server listenApplyCh applyMsg:{true {19  GET 9 50 113871309237573403 {0 [0 0 0 0 0 0 0 0 0 0] map[]} map[] 0} 51 map[] false map[] map[] map[] map[]}
2026/02/24 17:26:56 [Node:1 GID:100 isLeader:false] kv server listenApplyCh op:GET, key:19, value: clientid:113871309237573403, 更新seqNum:50
2026/02/24 17:26:56 [Node:0 GID:100 isLeader:true] shardkv server listenApplyCh applyMsg:{true {20  GET 0 51 113871309237573403 {0 [0 0 0 0 0 0 0 0 0 0] map[]} map[] 0} 52 map[] false map[] map[] map[] map[]}
2026/02/24 17:26:56 [Node:0 GID:100 isLeader:true] kv server listenApplyCh op:GET, key:20, value: clientid:113871309237573403, 更新seqNum:51
2026/02/24 17:26:56 [Node:0 GID:100 isLeader:true] shardkv server raft repley: success op:GET, key:20 value:
2026/02/24 17:26:56 [Node:0 GID:100 isLeader:true] shardkv server get key:20, data:map[2:e7KLJGj9FfoEz52Hcp3H 20:sxevmuW7AmVBs1CkujVp 21:AB-RSTY0r6n0a5q8vcmg 22:_w4WVM9-y3hR5bZSIEWh 23:QFjsUpC5euDpwYpR2oU3 24:IEkCCLX4oicRxt8IqaX3 25:gIvRmn0Vk7CvUtn1b9YE 26:QJpznCkMRhsFOWcrsnvD 27:IX9f8pgSK6B4a77Vh-vx 28:_5uoVW9UzbaA_KtclZvr 29:ITUcWpr5oaTUfV03GUIG]
2026/02/24 17:26:56 [Node:0 GID:100 isLeader:true] shardkv server get key:20, value:sxevmuW7AmVBs1CkujVp
2026/02/24 17:26:56 [Node:0 GID:100 isLeader:true] shardkv server checkGroup key:21, shard:0 shards:map[0:true 1:true 2:true 3:true 4:true 5:true 6:true 7:true 8:true 9:true]
2026/02/24 17:26:56 [Node:0 GID:100 isLeader:true] shardkv server raft command:{21  GET 0 52 113871309237573403 {0 [0 0 0 0 0 0 0 0 0 0] map[]} map[] 0}
2026/02/24 17:26:56 [Node:0 GID:100 isLeader:true] shardkv server generateSnapshotter raft state size: 859, maxraftstate: 1000
2026/02/24 17:26:56 [Node:1 GID:100 isLeader:false] shardkv server listenApplyCh applyMsg:{true {20  GET 0 51 113871309237573403 {0 [0 0 0 0 0 0 0 0 0 0] map[]} map[] 0} 52 map[] false map[] map[] map[] map[]}
2026/02/24 17:26:56 [Node:1 GID:100 isLeader:false] kv server listenApplyCh op:GET, key:20, value: clientid:113871309237573403, 更新seqNum:51
2026/02/24 17:26:56 [Node:0 GID:100 isLeader:true] shardkv server listenApplyCh applyMsg:{true {21  GET 0 52 113871309237573403 {0 [0 0 0 0 0 0 0 0 0 0] map[]} map[] 0} 53 map[] false map[] map[] map[] map[]}
2026/02/24 17:26:56 [Node:0 GID:100 isLeader:true] kv server listenApplyCh op:GET, key:21, value: clientid:113871309237573403, 更新seqNum:52
2026/02/24 17:26:56 [Node:0 GID:100 isLeader:true] shardkv server raft repley: success op:GET, key:21 value:
2026/02/24 17:26:56 [Node:0 GID:100 isLeader:true] shardkv server get key:21, data:map[2:e7KLJGj9FfoEz52Hcp3H 20:sxevmuW7AmVBs1CkujVp 21:AB-RSTY0r6n0a5q8vcmg 22:_w4WVM9-y3hR5bZSIEWh 23:QFjsUpC5euDpwYpR2oU3 24:IEkCCLX4oicRxt8IqaX3 25:gIvRmn0Vk7CvUtn1b9YE 26:QJpznCkMRhsFOWcrsnvD 27:IX9f8pgSK6B4a77Vh-vx 28:_5uoVW9UzbaA_KtclZvr 29:ITUcWpr5oaTUfV03GUIG]
2026/02/24 17:26:56 [Node:0 GID:100 isLeader:true] shardkv server get key:21, value:AB-RSTY0r6n0a5q8vcmg
2026/02/24 17:26:56 [Node:2 GID:100 isLeader:false] shardkv server listenApplyCh applyMsg:{true {20  GET 0 51 113871309237573403 {0 [0 0 0 0 0 0 0 0 0 0] map[]} map[] 0} 52 map[] false map[] map[] map[] map[]}
2026/02/24 17:26:56 [Node:2 GID:100 isLeader:false] kv server listenApplyCh op:GET, key:20, value: clientid:113871309237573403, 更新seqNum:51
2026/02/24 17:26:56 [Node:0 GID:100 isLeader:true] shardkv server checkGroup key:22, shard:0 shards:map[0:true 1:true 2:true 3:true 4:true 5:true 6:true 7:true 8:true 9:true]
2026/02/24 17:26:56 [Node:0 GID:100 isLeader:true] shardkv server raft command:{22  GET 0 53 113871309237573403 {0 [0 0 0 0 0 0 0 0 0 0] map[]} map[] 0}
2026/02/24 17:26:56 [Node:2 GID:100 isLeader:false] shardkv server generateSnapshotter raft state size: 859, maxraftstate: 1000
2026/02/24 17:26:56 [Node:1 GID:100 isLeader:false] shardkv server generateSnapshotter raft state size: 859, maxraftstate: 1000
2026/02/24 17:26:56 [Node:2 GID:100 isLeader:false] shardkv server listenApplyCh applyMsg:{true {21  GET 0 52 113871309237573403 {0 [0 0 0 0 0 0 0 0 0 0] map[]} map[] 0} 53 map[] false map[] map[] map[] map[]}
2026/02/24 17:26:56 [Node:2 GID:100 isLeader:false] kv server listenApplyCh op:GET, key:21, value: clientid:113871309237573403, 更新seqNum:52
2026/02/24 17:26:56 [Node:0 GID:100 isLeader:true] shardkv server listenApplyCh applyMsg:{true {22  GET 0 53 113871309237573403 {0 [0 0 0 0 0 0 0 0 0 0] map[]} map[] 0} 54 map[] false map[] map[] map[] map[]}
2026/02/24 17:26:56 [Node:0 GID:100 isLeader:true] kv server listenApplyCh op:GET, key:22, value: clientid:113871309237573403, 更新seqNum:53
2026/02/24 17:26:56 [Node:1 GID:100 isLeader:false] shardkv server listenApplyCh applyMsg:{true {21  GET 0 52 113871309237573403 {0 [0 0 0 0 0 0 0 0 0 0] map[]} map[] 0} 53 map[] false map[] map[] map[] map[]}
2026/02/24 17:26:56 [Node:1 GID:100 isLeader:false] kv server listenApplyCh op:GET, key:21, value: clientid:113871309237573403, 更新seqNum:52
2026/02/24 17:26:56 [Node:0 GID:100 isLeader:true] shardkv server raft repley: success op:GET, key:22 value:
2026/02/24 17:26:56 [Node:0 GID:100 isLeader:true] shardkv server get key:22, data:map[2:e7KLJGj9FfoEz52Hcp3H 20:sxevmuW7AmVBs1CkujVp 21:AB-RSTY0r6n0a5q8vcmg 22:_w4WVM9-y3hR5bZSIEWh 23:QFjsUpC5euDpwYpR2oU3 24:IEkCCLX4oicRxt8IqaX3 25:gIvRmn0Vk7CvUtn1b9YE 26:QJpznCkMRhsFOWcrsnvD 27:IX9f8pgSK6B4a77Vh-vx 28:_5uoVW9UzbaA_KtclZvr 29:ITUcWpr5oaTUfV03GUIG]
2026/02/24 17:26:56 [Node:0 GID:100 isLeader:true] shardkv server get key:22, value:_w4WVM9-y3hR5bZSIEWh
2026/02/24 17:26:56 [Node:0 GID:100 isLeader:true] shardkv server checkGroup key:23, shard:0 shards:map[0:true 1:true 2:true 3:true 4:true 5:true 6:true 7:true 8:true 9:true]
2026/02/24 17:26:56 [Node:0 GID:100 isLeader:true] shardkv server raft command:{23  GET 0 54 113871309237573403 {0 [0 0 0 0 0 0 0 0 0 0] map[]} map[] 0}
2026/02/24 17:26:56 [Node:0 GID:100 isLeader:true] shardkv server generateSnapshotter raft state size: 1003, maxraftstate: 1000
2026/02/24 17:26:56 [Node:0 GID:100 isLeader:true] shardkv server generateSnapshotter start data:map[0:map[2:e7KLJGj9FfoEz52Hcp3H 20:sxevmuW7AmVBs1CkujVp 21:AB-RSTY0r6n0a5q8vcmg 22:_w4WVM9-y3hR5bZSIEWh 23:QFjsUpC5euDpwYpR2oU3 24:IEkCCLX4oicRxt8IqaX3 25:gIvRmn0Vk7CvUtn1b9YE 26:QJpznCkMRhsFOWcrsnvD 27:IX9f8pgSK6B4a77Vh-vx 28:_5uoVW9UzbaA_KtclZvr 29:ITUcWpr5oaTUfV03GUIG] 1:map[3:Hru2hXtYBJ0LEvhhZyB7] 2:map[4:4_jSWlOJHgao3DYGmXfx] 3:map[5:7Qs3WNhdC_Xy7ku2e5YO] 4:map[6:lFVqDSzzWwLbl3rpO8tR] 5:map[7:z2LVJuJMcOCsm-VAweCT] 6:map[8:25imAyinhov1A9x-2_yH] 7:map[9:W2k9CA3KTZbuggglJ85F] 8:map[0:4JPKOsUVfVcvncyCAj-8] 9:map[1:7feyKfcAmKMj84e-Z9Qy 10:ZIo_MWLuWr11IuKrdiJ2 11:G-WdPfixCsStieX94OwO 12:96ZhhvdDDUM5xUOVYxQI 13:XE90ySoOGhjGY2lx7_n6 14:qYFp5ienKQiZmDXCokTB 15:hfoSBfHfoMGZC-E23lrs 16:w49ucCQcjPa0iUGSzwdg 17:tS93z-FyNwnLWHVevezP 18:eGx5LOeZm_ldSj2mREyz 19:TuU_Zvm4dt_Z_xRmrtr8]]
2026/02/24 17:26:56 [Node:1 GID:100 isLeader:false] shardkv server listenApplyCh applyMsg:{false <nil> 54 map[] true map[] map[0:map[2:e7KLJGj9FfoEz52Hcp3H 20:sxevmuW7AmVBs1CkujVp 21:AB-RSTY0r6n0a5q8vcmg 22:_w4WVM9-y3hR5bZSIEWh 23:QFjsUpC5euDpwYpR2oU3 24:IEkCCLX4oicRxt8IqaX3 25:gIvRmn0Vk7CvUtn1b9YE 26:QJpznCkMRhsFOWcrsnvD 27:IX9f8pgSK6B4a77Vh-vx 28:_5uoVW9UzbaA_KtclZvr 29:ITUcWpr5oaTUfV03GUIG] 1:map[3:Hru2hXtYBJ0LEvhhZyB7] 2:map[4:4_jSWlOJHgao3DYGmXfx] 3:map[5:7Qs3WNhdC_Xy7ku2e5YO] 4:map[6:lFVqDSzzWwLbl3rpO8tR] 5:map[7:z2LVJuJMcOCsm-VAweCT] 6:map[8:25imAyinhov1A9x-2_yH] 7:map[9:W2k9CA3KTZbuggglJ85F] 8:map[0:4JPKOsUVfVcvncyCAj-8] 9:map[1:7feyKfcAmKMj84e-Z9Qy 10:ZIo_MWLuWr11IuKrdiJ2 11:G-WdPfixCsStieX94OwO 12:96ZhhvdDDUM5xUOVYxQI 13:XE90ySoOGhjGY2lx7_n6 14:qYFp5ienKQiZmDXCokTB 15:hfoSBfHfoMGZC-E23lrs 16:w49ucCQcjPa0iUGSzwdg 17:tS93z-FyNwnLWHVevezP 18:eGx5LOeZm_ldSj2mREyz 19:TuU_Zvm4dt_Z_xRmrtr8]] map[0:map[0:1 113871309237573403:53] 1:map[113871309237573403:34] 2:map[113871309237573403:35] 3:map[113871309237573403:36] 4:map[113871309237573403:37] 5:map[113871309237573403:38] 6:map[113871309237573403:39] 7:map[113871309237573403:40] 8:map[113871309237573403:31] 9:map[113871309237573403:50]] map[0:NORMAL 1:NORMAL 2:NORMAL 3:NORMAL 4:NORMAL 5:NORMAL 6:NORMAL 7:NORMAL 8:NORMAL 9:NORMAL]}
2026/02/24 17:26:56 [Node:1 GID:100 isLeader:false] shardkv server listenApplyCh load snapshot data:map[0:map[2:e7KLJGj9FfoEz52Hcp3H 20:sxevmuW7AmVBs1CkujVp 21:AB-RSTY0r6n0a5q8vcmg 22:_w4WVM9-y3hR5bZSIEWh 23:QFjsUpC5euDpwYpR2oU3 24:IEkCCLX4oicRxt8IqaX3 25:gIvRmn0Vk7CvUtn1b9YE 26:QJpznCkMRhsFOWcrsnvD 27:IX9f8pgSK6B4a77Vh-vx 28:_5uoVW9UzbaA_KtclZvr 29:ITUcWpr5oaTUfV03GUIG] 1:map[3:Hru2hXtYBJ0LEvhhZyB7] 2:map[4:4_jSWlOJHgao3DYGmXfx] 3:map[5:7Qs3WNhdC_Xy7ku2e5YO] 4:map[6:lFVqDSzzWwLbl3rpO8tR] 5:map[7:z2LVJuJMcOCsm-VAweCT] 6:map[8:25imAyinhov1A9x-2_yH] 7:map[9:W2k9CA3KTZbuggglJ85F] 8:map[0:4JPKOsUVfVcvncyCAj-8] 9:map[1:7feyKfcAmKMj84e-Z9Qy 10:ZIo_MWLuWr11IuKrdiJ2 11:G-WdPfixCsStieX94OwO 12:96ZhhvdDDUM5xUOVYxQI 13:XE90ySoOGhjGY2lx7_n6 14:qYFp5ienKQiZmDXCokTB 15:hfoSBfHfoMGZC-E23lrs 16:w49ucCQcjPa0iUGSzwdg 17:tS93z-FyNwnLWHVevezP 18:eGx5LOeZm_ldSj2mREyz 19:TuU_Zvm4dt_Z_xRmrtr8]] seqNums:map[0:map[0:1 113871309237573403:53] 1:map[113871309237573403:34] 2:map[113871309237573403:35] 3:map[113871309237573403:36] 4:map[113871309237573403:37] 5:map[113871309237573403:38] 6:map[113871309237573403:39] 7:map[113871309237573403:40] 8:map[113871309237573403:31] 9:map[113871309237573403:50]]
2026/02/24 17:26:56 [Node:2 GID:100 isLeader:false] shardkv server listenApplyCh applyMsg:{false <nil> 54 map[] true map[] map[0:map[2:e7KLJGj9FfoEz52Hcp3H 20:sxevmuW7AmVBs1CkujVp 21:AB-RSTY0r6n0a5q8vcmg 22:_w4WVM9-y3hR5bZSIEWh 23:QFjsUpC5euDpwYpR2oU3 24:IEkCCLX4oicRxt8IqaX3 25:gIvRmn0Vk7CvUtn1b9YE 26:QJpznCkMRhsFOWcrsnvD 27:IX9f8pgSK6B4a77Vh-vx 28:_5uoVW9UzbaA_KtclZvr 29:ITUcWpr5oaTUfV03GUIG] 1:map[3:Hru2hXtYBJ0LEvhhZyB7] 2:map[4:4_jSWlOJHgao3DYGmXfx] 3:map[5:7Qs3WNhdC_Xy7ku2e5YO] 4:map[6:lFVqDSzzWwLbl3rpO8tR] 5:map[7:z2LVJuJMcOCsm-VAweCT] 6:map[8:25imAyinhov1A9x-2_yH] 7:map[9:W2k9CA3KTZbuggglJ85F] 8:map[0:4JPKOsUVfVcvncyCAj-8] 9:map[1:7feyKfcAmKMj84e-Z9Qy 10:ZIo_MWLuWr11IuKrdiJ2 11:G-WdPfixCsStieX94OwO 12:96ZhhvdDDUM5xUOVYxQI 13:XE90ySoOGhjGY2lx7_n6 14:qYFp5ienKQiZmDXCokTB 15:hfoSBfHfoMGZC-E23lrs 16:w49ucCQcjPa0iUGSzwdg 17:tS93z-FyNwnLWHVevezP 18:eGx5LOeZm_ldSj2mREyz 19:TuU_Zvm4dt_Z_xRmrtr8]] map[0:map[0:1 113871309237573403:53] 1:map[113871309237573403:34] 2:map[113871309237573403:35] 3:map[113871309237573403:36] 4:map[113871309237573403:37] 5:map[113871309237573403:38] 6:map[113871309237573403:39] 7:map[113871309237573403:40] 8:map[113871309237573403:31] 9:map[113871309237573403:50]] map[0:NORMAL 1:NORMAL 2:NORMAL 3:NORMAL 4:NORMAL 5:NORMAL 6:NORMAL 7:NORMAL 8:NORMAL 9:NORMAL]}
2026/02/24 17:26:56 [Node:2 GID:100 isLeader:false] shardkv server listenApplyCh load snapshot data:map[0:map[2:e7KLJGj9FfoEz52Hcp3H 20:sxevmuW7AmVBs1CkujVp 21:AB-RSTY0r6n0a5q8vcmg 22:_w4WVM9-y3hR5bZSIEWh 23:QFjsUpC5euDpwYpR2oU3 24:IEkCCLX4oicRxt8IqaX3 25:gIvRmn0Vk7CvUtn1b9YE 26:QJpznCkMRhsFOWcrsnvD 27:IX9f8pgSK6B4a77Vh-vx 28:_5uoVW9UzbaA_KtclZvr 29:ITUcWpr5oaTUfV03GUIG] 1:map[3:Hru2hXtYBJ0LEvhhZyB7] 2:map[4:4_jSWlOJHgao3DYGmXfx] 3:map[5:7Qs3WNhdC_Xy7ku2e5YO] 4:map[6:lFVqDSzzWwLbl3rpO8tR] 5:map[7:z2LVJuJMcOCsm-VAweCT] 6:map[8:25imAyinhov1A9x-2_yH] 7:map[9:W2k9CA3KTZbuggglJ85F] 8:map[0:4JPKOsUVfVcvncyCAj-8] 9:map[1:7feyKfcAmKMj84e-Z9Qy 10:ZIo_MWLuWr11IuKrdiJ2 11:G-WdPfixCsStieX94OwO 12:96ZhhvdDDUM5xUOVYxQI 13:XE90ySoOGhjGY2lx7_n6 14:qYFp5ienKQiZmDXCokTB 15:hfoSBfHfoMGZC-E23lrs 16:w49ucCQcjPa0iUGSzwdg 17:tS93z-FyNwnLWHVevezP 18:eGx5LOeZm_ldSj2mREyz 19:TuU_Zvm4dt_Z_xRmrtr8]] seqNums:map[0:map[0:1 113871309237573403:53] 1:map[113871309237573403:34] 2:map[113871309237573403:35] 3:map[113871309237573403:36] 4:map[113871309237573403:37] 5:map[113871309237573403:38] 6:map[113871309237573403:39] 7:map[113871309237573403:40] 8:map[113871309237573403:31] 9:map[113871309237573403:50]]
2026/02/24 17:26:56 [Node:0 GID:100 isLeader:true] shardkv server listenApplyCh applyMsg:{true {23  GET 0 54 113871309237573403 {0 [0 0 0 0 0 0 0 0 0 0] map[]} map[] 0} 55 map[] false map[] map[] map[] map[]}
2026/02/24 17:26:56 [Node:0 GID:100 isLeader:true] kv server listenApplyCh op:GET, key:23, value: clientid:113871309237573403, 更新seqNum:54
2026/02/24 17:26:56 [Node:0 GID:100 isLeader:true] shardkv server raft repley: success op:GET, key:23 value:
2026/02/24 17:26:56 [Node:0 GID:100 isLeader:true] shardkv server get key:23, data:map[2:e7KLJGj9FfoEz52Hcp3H 20:sxevmuW7AmVBs1CkujVp 21:AB-RSTY0r6n0a5q8vcmg 22:_w4WVM9-y3hR5bZSIEWh 23:QFjsUpC5euDpwYpR2oU3 24:IEkCCLX4oicRxt8IqaX3 25:gIvRmn0Vk7CvUtn1b9YE 26:QJpznCkMRhsFOWcrsnvD 27:IX9f8pgSK6B4a77Vh-vx 28:_5uoVW9UzbaA_KtclZvr 29:ITUcWpr5oaTUfV03GUIG]
2026/02/24 17:26:56 [Node:0 GID:100 isLeader:true] shardkv server get key:23, value:QFjsUpC5euDpwYpR2oU3
2026/02/24 17:26:56 [Node:0 GID:100 isLeader:true] shardkv server checkGroup key:24, shard:0 shards:map[0:true 1:true 2:true 3:true 4:true 5:true 6:true 7:true 8:true 9:true]
2026/02/24 17:26:56 [Node:0 GID:100 isLeader:true] shardkv server raft command:{24  GET 0 55 113871309237573403 {0 [0 0 0 0 0 0 0 0 0 0] map[]} map[] 0}
2026/02/24 17:26:56 [Node:1 GID:100 isLeader:false] shardkv server generateSnapshotter raft state size: 563, maxraftstate: 1000
2026/02/24 17:26:56 [Node:2 GID:100 isLeader:false] shardkv server generateSnapshotter raft state size: 563, maxraftstate: 1000
2026/02/24 17:26:56 [Node:0 GID:100 isLeader:true] shardkv server listenApplyCh applyMsg:{true {24  GET 0 55 113871309237573403 {0 [0 0 0 0 0 0 0 0 0 0] map[]} map[] 0} 56 map[] false map[] map[] map[] map[]}
2026/02/24 17:26:56 [Node:0 GID:100 isLeader:true] kv server listenApplyCh op:GET, key:24, value: clientid:113871309237573403, 更新seqNum:55
2026/02/24 17:26:56 [Node:2 GID:100 isLeader:false] shardkv server listenApplyCh applyMsg:{true {23  GET 0 54 113871309237573403 {0 [0 0 0 0 0 0 0 0 0 0] map[]} map[] 0} 55 map[] false map[] map[] map[] map[]}
2026/02/24 17:26:56 [Node:0 GID:100 isLeader:true] shardkv server raft repley: success op:GET, key:24 value:
2026/02/24 17:26:56 [Node:0 GID:100 isLeader:true] shardkv server get key:24, data:map[2:e7KLJGj9FfoEz52Hcp3H 20:sxevmuW7AmVBs1CkujVp 21:AB-RSTY0r6n0a5q8vcmg 22:_w4WVM9-y3hR5bZSIEWh 23:QFjsUpC5euDpwYpR2oU3 24:IEkCCLX4oicRxt8IqaX3 25:gIvRmn0Vk7CvUtn1b9YE 26:QJpznCkMRhsFOWcrsnvD 27:IX9f8pgSK6B4a77Vh-vx 28:_5uoVW9UzbaA_KtclZvr 29:ITUcWpr5oaTUfV03GUIG]
2026/02/24 17:26:56 [Node:0 GID:100 isLeader:true] shardkv server get key:24, value:IEkCCLX4oicRxt8IqaX3
2026/02/24 17:26:56 [Node:1 GID:100 isLeader:false] shardkv server listenApplyCh applyMsg:{true {23  GET 0 54 113871309237573403 {0 [0 0 0 0 0 0 0 0 0 0] map[]} map[] 0} 55 map[] false map[] map[] map[] map[]}
2026/02/24 17:26:56 [Node:1 GID:100 isLeader:false] kv server listenApplyCh op:GET, key:23, value: clientid:113871309237573403, 更新seqNum:54
2026/02/24 17:26:56 [Node:2 GID:100 isLeader:false] kv server listenApplyCh op:GET, key:23, value: clientid:113871309237573403, 更新seqNum:54
2026/02/24 17:26:56 [Node:0 GID:100 isLeader:true] shardkv server checkGroup key:25, shard:0 shards:map[0:true 1:true 2:true 3:true 4:true 5:true 6:true 7:true 8:true 9:true]
2026/02/24 17:26:56 [Node:0 GID:100 isLeader:true] shardkv server raft command:{25  GET 0 56 113871309237573403 {0 [0 0 0 0 0 0 0 0 0 0] map[]} map[] 0}
2026/02/24 17:26:56 [Node:0 GID:100 isLeader:true] shardkv server generateSnapshotter raft state size: 708, maxraftstate: 1000
2026/02/24 17:26:56 [Node:1 GID:100 isLeader:false] shardkv server listenApplyCh applyMsg:{true {24  GET 0 55 113871309237573403 {0 [0 0 0 0 0 0 0 0 0 0] map[]} map[] 0} 56 map[] false map[] map[] map[] map[]}
2026/02/24 17:26:56 [Node:1 GID:100 isLeader:false] kv server listenApplyCh op:GET, key:24, value: clientid:113871309237573403, 更新seqNum:55
2026/02/24 17:26:56 [Node:2 GID:100 isLeader:false] shardkv server listenApplyCh applyMsg:{true {24  GET 0 55 113871309237573403 {0 [0 0 0 0 0 0 0 0 0 0] map[]} map[] 0} 56 map[] false map[] map[] map[] map[]}
2026/02/24 17:26:56 [Node:2 GID:100 isLeader:false] kv server listenApplyCh op:GET, key:24, value: clientid:113871309237573403, 更新seqNum:55
2026/02/24 17:26:56 [Node:0 GID:100 isLeader:true] shardkv server listenApplyCh applyMsg:{true {25  GET 0 56 113871309237573403 {0 [0 0 0 0 0 0 0 0 0 0] map[]} map[] 0} 57 map[] false map[] map[] map[] map[]}
2026/02/24 17:26:56 [Node:0 GID:100 isLeader:true] kv server listenApplyCh op:GET, key:25, value: clientid:113871309237573403, 更新seqNum:56
2026/02/24 17:26:56 [Node:0 GID:100 isLeader:true] shardkv server raft repley: success op:GET, key:25 value:
2026/02/24 17:26:56 [Node:0 GID:100 isLeader:true] shardkv server get key:25, data:map[2:e7KLJGj9FfoEz52Hcp3H 20:sxevmuW7AmVBs1CkujVp 21:AB-RSTY0r6n0a5q8vcmg 22:_w4WVM9-y3hR5bZSIEWh 23:QFjsUpC5euDpwYpR2oU3 24:IEkCCLX4oicRxt8IqaX3 25:gIvRmn0Vk7CvUtn1b9YE 26:QJpznCkMRhsFOWcrsnvD 27:IX9f8pgSK6B4a77Vh-vx 28:_5uoVW9UzbaA_KtclZvr 29:ITUcWpr5oaTUfV03GUIG]
2026/02/24 17:26:56 [Node:0 GID:100 isLeader:true] shardkv server get key:25, value:gIvRmn0Vk7CvUtn1b9YE
2026/02/24 17:26:56 [Node:0 GID:100 isLeader:true] shardkv server checkGroup key:26, shard:0 shards:map[0:true 1:true 2:true 3:true 4:true 5:true 6:true 7:true 8:true 9:true]
2026/02/24 17:26:56 [Node:0 GID:100 isLeader:true] shardkv server raft command:{26  GET 0 57 113871309237573403 {0 [0 0 0 0 0 0 0 0 0 0] map[]} map[] 0}
2026/02/24 17:26:56 [Node:1 GID:100 isLeader:false] shardkv server generateSnapshotter raft state size: 708, maxraftstate: 1000
2026/02/24 17:26:56 [Node:2 GID:100 isLeader:false] shardkv server generateSnapshotter raft state size: 708, maxraftstate: 1000
2026/02/24 17:26:56 [Node:1 GID:100 isLeader:false] shardkv server listenApplyCh applyMsg:{true {25  GET 0 56 113871309237573403 {0 [0 0 0 0 0 0 0 0 0 0] map[]} map[] 0} 57 map[] false map[] map[] map[] map[]}
2026/02/24 17:26:56 [Node:1 GID:100 isLeader:false] kv server listenApplyCh op:GET, key:25, value: clientid:113871309237573403, 更新seqNum:56
2026/02/24 17:26:56 [Node:2 GID:100 isLeader:false] shardkv server listenApplyCh applyMsg:{true {25  GET 0 56 113871309237573403 {0 [0 0 0 0 0 0 0 0 0 0] map[]} map[] 0} 57 map[] false map[] map[] map[] map[]}
2026/02/24 17:26:56 [Node:2 GID:100 isLeader:false] kv server listenApplyCh op:GET, key:25, value: clientid:113871309237573403, 更新seqNum:56
2026/02/24 17:26:56 [Node:0 GID:100 isLeader:true] shardkv server listenApplyCh applyMsg:{true {26  GET 0 57 113871309237573403 {0 [0 0 0 0 0 0 0 0 0 0] map[]} map[] 0} 58 map[] false map[] map[] map[] map[]}
2026/02/24 17:26:56 [Node:0 GID:100 isLeader:true] kv server listenApplyCh op:GET, key:26, value: clientid:113871309237573403, 更新seqNum:57
2026/02/24 17:26:56 [Node:0 GID:100 isLeader:true] shardkv server raft repley: success op:GET, key:26 value:
2026/02/24 17:26:56 [Node:0 GID:100 isLeader:true] shardkv server get key:26, data:map[2:e7KLJGj9FfoEz52Hcp3H 20:sxevmuW7AmVBs1CkujVp 21:AB-RSTY0r6n0a5q8vcmg 22:_w4WVM9-y3hR5bZSIEWh 23:QFjsUpC5euDpwYpR2oU3 24:IEkCCLX4oicRxt8IqaX3 25:gIvRmn0Vk7CvUtn1b9YE 26:QJpznCkMRhsFOWcrsnvD 27:IX9f8pgSK6B4a77Vh-vx 28:_5uoVW9UzbaA_KtclZvr 29:ITUcWpr5oaTUfV03GUIG]
2026/02/24 17:26:56 [Node:0 GID:100 isLeader:true] shardkv server get key:26, value:QJpznCkMRhsFOWcrsnvD
2026/02/24 17:26:56 [Node:0 GID:100 isLeader:true] shardkv server checkGroup key:27, shard:0 shards:map[0:true 1:true 2:true 3:true 4:true 5:true 6:true 7:true 8:true 9:true]
2026/02/24 17:26:56 [Node:0 GID:100 isLeader:true] shardkv server raft command:{27  GET 0 58 113871309237573403 {0 [0 0 0 0 0 0 0 0 0 0] map[]} map[] 0}
2026/02/24 17:26:56 [Node:0 GID:100 isLeader:true] shardkv server generateSnapshotter raft state size: 853, maxraftstate: 1000
2026/02/24 17:26:56 [Node:2 GID:100 isLeader:false] shardkv server listenApplyCh applyMsg:{true {26  GET 0 57 113871309237573403 {0 [0 0 0 0 0 0 0 0 0 0] map[]} map[] 0} 58 map[] false map[] map[] map[] map[]}
2026/02/24 17:26:56 [Node:2 GID:100 isLeader:false] kv server listenApplyCh op:GET, key:26, value: clientid:113871309237573403, 更新seqNum:57
2026/02/24 17:26:56 [Node:0 GID:100 isLeader:true] shardkv server listenApplyCh applyMsg:{true {27  GET 0 58 113871309237573403 {0 [0 0 0 0 0 0 0 0 0 0] map[]} map[] 0} 59 map[] false map[] map[] map[] map[]}
2026/02/24 17:26:56 [Node:0 GID:100 isLeader:true] kv server listenApplyCh op:GET, key:27, value: clientid:113871309237573403, 更新seqNum:58
2026/02/24 17:26:56 [Node:0 GID:100 isLeader:true] shardkv server raft repley: success op:GET, key:27 value:
2026/02/24 17:26:56 [Node:0 GID:100 isLeader:true] shardkv server get key:27, data:map[2:e7KLJGj9FfoEz52Hcp3H 20:sxevmuW7AmVBs1CkujVp 21:AB-RSTY0r6n0a5q8vcmg 22:_w4WVM9-y3hR5bZSIEWh 23:QFjsUpC5euDpwYpR2oU3 24:IEkCCLX4oicRxt8IqaX3 25:gIvRmn0Vk7CvUtn1b9YE 26:QJpznCkMRhsFOWcrsnvD 27:IX9f8pgSK6B4a77Vh-vx 28:_5uoVW9UzbaA_KtclZvr 29:ITUcWpr5oaTUfV03GUIG]
2026/02/24 17:26:56 [Node:0 GID:100 isLeader:true] shardkv server get key:27, value:IX9f8pgSK6B4a77Vh-vx
2026/02/24 17:26:56 [Node:0 GID:100 isLeader:true] shardkv server checkGroup key:28, shard:0 shards:map[0:true 1:true 2:true 3:true 4:true 5:true 6:true 7:true 8:true 9:true]
2026/02/24 17:26:56 [Node:1 GID:100 isLeader:false] shardkv server listenApplyCh applyMsg:{true {26  GET 0 57 113871309237573403 {0 [0 0 0 0 0 0 0 0 0 0] map[]} map[] 0} 58 map[] false map[] map[] map[] map[]}
2026/02/24 17:26:56 [Node:1 GID:100 isLeader:false] kv server listenApplyCh op:GET, key:26, value: clientid:113871309237573403, 更新seqNum:57
2026/02/24 17:26:56 [Node:0 GID:100 isLeader:true] shardkv server raft command:{28  GET 0 59 113871309237573403 {0 [0 0 0 0 0 0 0 0 0 0] map[]} map[] 0}
2026/02/24 17:26:56 [Node:1 GID:100 isLeader:false] shardkv server generateSnapshotter raft state size: 853, maxraftstate: 1000
2026/02/24 17:26:56 [Node:2 GID:100 isLeader:false] shardkv server generateSnapshotter raft state size: 853, maxraftstate: 1000
2026/02/24 17:26:56 [Node:2 GID:100 isLeader:false] shardkv server listenApplyCh applyMsg:{true {27  GET 0 58 113871309237573403 {0 [0 0 0 0 0 0 0 0 0 0] map[]} map[] 0} 59 map[] false map[] map[] map[] map[]}
2026/02/24 17:26:56 [Node:2 GID:100 isLeader:false] kv server listenApplyCh op:GET, key:27, value: clientid:113871309237573403, 更新seqNum:58
2026/02/24 17:26:56 [Node:0 GID:100 isLeader:true] shardkv server listenApplyCh applyMsg:{true {28  GET 0 59 113871309237573403 {0 [0 0 0 0 0 0 0 0 0 0] map[]} map[] 0} 60 map[] false map[] map[] map[] map[]}
2026/02/24 17:26:56 [Node:1 GID:100 isLeader:false] shardkv server listenApplyCh applyMsg:{true {27  GET 0 58 113871309237573403 {0 [0 0 0 0 0 0 0 0 0 0] map[]} map[] 0} 59 map[] false map[] map[] map[] map[]}
2026/02/24 17:26:56 [Node:0 GID:100 isLeader:true] kv server listenApplyCh op:GET, key:28, value: clientid:113871309237573403, 更新seqNum:59
2026/02/24 17:26:56 [Node:1 GID:100 isLeader:false] kv server listenApplyCh op:GET, key:27, value: clientid:113871309237573403, 更新seqNum:58
2026/02/24 17:26:56 [Node:0 GID:100 isLeader:true] shardkv server raft repley: success op:GET, key:28 value:
2026/02/24 17:26:56 [Node:0 GID:100 isLeader:true] shardkv server get key:28, data:map[2:e7KLJGj9FfoEz52Hcp3H 20:sxevmuW7AmVBs1CkujVp 21:AB-RSTY0r6n0a5q8vcmg 22:_w4WVM9-y3hR5bZSIEWh 23:QFjsUpC5euDpwYpR2oU3 24:IEkCCLX4oicRxt8IqaX3 25:gIvRmn0Vk7CvUtn1b9YE 26:QJpznCkMRhsFOWcrsnvD 27:IX9f8pgSK6B4a77Vh-vx 28:_5uoVW9UzbaA_KtclZvr 29:ITUcWpr5oaTUfV03GUIG]
2026/02/24 17:26:56 [Node:0 GID:100 isLeader:true] shardkv server get key:28, value:_5uoVW9UzbaA_KtclZvr
2026/02/24 17:26:56 [Node:0 GID:100 isLeader:true] shardkv server checkGroup key:29, shard:0 shards:map[0:true 1:true 2:true 3:true 4:true 5:true 6:true 7:true 8:true 9:true]
2026/02/24 17:26:56 [Node:0 GID:100 isLeader:true] shardkv server raft command:{29  GET 0 60 113871309237573403 {0 [0 0 0 0 0 0 0 0 0 0] map[]} map[] 0}
2026/02/24 17:26:56 [Node:0 GID:100 isLeader:true] shardkv server generateSnapshotter raft state size: 997, maxraftstate: 1000
2026/02/24 17:26:56 [Node:1 GID:100 isLeader:false] shardkv server listenApplyCh applyMsg:{true {28  GET 0 59 113871309237573403 {0 [0 0 0 0 0 0 0 0 0 0] map[]} map[] 0} 60 map[] false map[] map[] map[] map[]}
2026/02/24 17:26:56 [Node:1 GID:100 isLeader:false] kv server listenApplyCh op:GET, key:28, value: clientid:113871309237573403, 更新seqNum:59
2026/02/24 17:26:56 [Node:2 GID:100 isLeader:false] shardkv server listenApplyCh applyMsg:{true {28  GET 0 59 113871309237573403 {0 [0 0 0 0 0 0 0 0 0 0] map[]} map[] 0} 60 map[] false map[] map[] map[] map[]}
2026/02/24 17:26:56 [Node:2 GID:100 isLeader:false] kv server listenApplyCh op:GET, key:28, value: clientid:113871309237573403, 更新seqNum:59
2026/02/24 17:26:56 [Node:0 GID:100 isLeader:true] shardkv server listenApplyCh applyMsg:{true {29  GET 0 60 113871309237573403 {0 [0 0 0 0 0 0 0 0 0 0] map[]} map[] 0} 61 map[] false map[] map[] map[] map[]}
2026/02/24 17:26:56 [Node:0 GID:100 isLeader:true] kv server listenApplyCh op:GET, key:29, value: clientid:113871309237573403, 更新seqNum:60
2026/02/24 17:26:56 [Node:0 GID:100 isLeader:true] shardkv server raft repley: success op:GET, key:29 value:
2026/02/24 17:26:56 [Node:0 GID:100 isLeader:true] shardkv server get key:29, data:map[2:e7KLJGj9FfoEz52Hcp3H 20:sxevmuW7AmVBs1CkujVp 21:AB-RSTY0r6n0a5q8vcmg 22:_w4WVM9-y3hR5bZSIEWh 23:QFjsUpC5euDpwYpR2oU3 24:IEkCCLX4oicRxt8IqaX3 25:gIvRmn0Vk7CvUtn1b9YE 26:QJpznCkMRhsFOWcrsnvD 27:IX9f8pgSK6B4a77Vh-vx 28:_5uoVW9UzbaA_KtclZvr 29:ITUcWpr5oaTUfV03GUIG]
2026/02/24 17:26:56 [Node:0 GID:100 isLeader:true] shardkv server get key:29, value:ITUcWpr5oaTUfV03GUIG
2026/02/24 17:26:56 [Node:1 GID:100 isLeader:false] shardkv server generateSnapshotter raft state size: 997, maxraftstate: 1000
2026/02/24 17:26:56 [Node:2 GID:100 isLeader:false] shardkv server generateSnapshotter raft state size: 997, maxraftstate: 1000
2026/02/24 17:26:56 [Node:1 GID:100 isLeader:false] shardkv server listenApplyCh applyMsg:{true {29  GET 0 60 113871309237573403 {0 [0 0 0 0 0 0 0 0 0 0] map[]} map[] 0} 61 map[] false map[] map[] map[] map[]}
2026/02/24 17:26:56 [Node:1 GID:100 isLeader:false] kv server listenApplyCh op:GET, key:29, value: clientid:113871309237573403, 更新seqNum:60
2026/02/24 17:26:56 [Node:2 GID:100 isLeader:false] shardkv server listenApplyCh applyMsg:{true {29  GET 0 60 113871309237573403 {0 [0 0 0 0 0 0 0 0 0 0] map[]} map[] 0} 61 map[] false map[] map[] map[] map[]}
2026/02/24 17:26:56 [Node:2 GID:100 isLeader:false] kv server listenApplyCh op:GET, key:29, value: clientid:113871309237573403, 更新seqNum:60
2026/02/24 17:26:56 [Node:0 GID:100 isLeader:true] shardkv server generateSnapshotter raft state size: 997, maxraftstate: 1000
2026/02/24 17:26:56 [Node:0 GID:100 isLeader:true] shardkv server listenConfigChange new config num:2, old config num:1
2026/02/24 17:26:56 [Node:0 GID:100 isLeader:true] shardkv server diffConfig old config num:1, new config num:2, old config:{1 [100 100 100 100 100 100 100 100 100 100] map[100:[server-100-0 server-100-1 server-100-2]]}, new config:{2 [100 101 100 101 100 101 100 101 100 101] map[100:[server-100-0 server-100-1 server-100-2] 101:[server-101-0 server-101-1 server-101-2]]}
2026/02/24 17:26:56 [Node:1 GID:100 isLeader:false] shardkv server generateSnapshotter raft state size: 997, maxraftstate: 1000
2026/02/24 17:26:56 [Node:2 GID:100 isLeader:false] shardkv server generateSnapshotter raft state size: 997, maxraftstate: 1000
2026/02/24 17:26:56 [Node:0 GID:100 isLeader:true] shardkv server listenApplyCh applyMsg:{true {  CHANGE_CONFIG 0 2 0 {2 [100 101 100 101 100 101 100 101 100 101] map[100:[server-100-0 server-100-1 server-100-2] 101:[server-101-0 server-101-1 server-101-2]]} map[] 0} 62 map[] false map[] map[] map[] map[]}
2026/02/24 17:26:56 [Node:0 GID:100 isLeader:true] kv server listenApplyCh op:CHANGE_CONFIG, key:, value: clientid:0, 更新seqNum:2
2026/02/24 17:26:56 [Node:0 GID:100 isLeader:true] shardkv server listenApplyCh apply config num:2
2026/02/24 17:26:56 [Node:0 GID:100 isLeader:true] shardkv server executeConfigChange new config num:2, old config num:1
2026/02/24 17:26:56 [Node:0 GID:100 isLeader:true] shardkv server executeConfigChange migrate shard:0 from 100 to 100, keyList:map[] shard status:NORMAL
2026/02/24 17:26:56 [Node:0 GID:100 isLeader:true] shardkv server executeConfigChange migrate shard:1 from 100 to 101, keyList:map[1:{map[3:Hru2hXtYBJ0LEvhhZyB7] map[113871309237573403:34]}] shard status:MIGRATION_OUT
2026/02/24 17:26:56 [Node:0 GID:100 isLeader:true] shardkv server executeConfigChange migrate shard:2 from 100 to 100, keyList:map[101:map[1:{map[3:Hru2hXtYBJ0LEvhhZyB7] map[113871309237573403:34]}]] shard status:NORMAL
2026/02/24 17:26:56 [Node:0 GID:100 isLeader:true] shardkv server executeConfigChange migrate shard:3 from 100 to 101, keyList:map[1:{map[3:Hru2hXtYBJ0LEvhhZyB7] map[113871309237573403:34]} 3:{map[5:7Qs3WNhdC_Xy7ku2e5YO] map[113871309237573403:36]}] shard status:MIGRATION_OUT
2026/02/24 17:26:56 [Node:0 GID:100 isLeader:true] shardkv server executeConfigChange migrate shard:4 from 100 to 100, keyList:map[101:map[1:{map[3:Hru2hXtYBJ0LEvhhZyB7] map[113871309237573403:34]} 3:{map[5:7Qs3WNhdC_Xy7ku2e5YO] map[113871309237573403:36]}]] shard status:NORMAL
2026/02/24 17:26:56 [Node:0 GID:100 isLeader:true] shardkv server executeConfigChange migrate shard:5 from 100 to 101, keyList:map[1:{map[3:Hru2hXtYBJ0LEvhhZyB7] map[113871309237573403:34]} 3:{map[5:7Qs3WNhdC_Xy7ku2e5YO] map[113871309237573403:36]} 5:{map[7:z2LVJuJMcOCsm-VAweCT] map[113871309237573403:38]}] shard status:MIGRATION_OUT
2026/02/24 17:26:56 [Node:0 GID:100 isLeader:true] shardkv server executeConfigChange migrate shard:6 from 100 to 100, keyList:map[101:map[1:{map[3:Hru2hXtYBJ0LEvhhZyB7] map[113871309237573403:34]} 3:{map[5:7Qs3WNhdC_Xy7ku2e5YO] map[113871309237573403:36]} 5:{map[7:z2LVJuJMcOCsm-VAweCT] map[113871309237573403:38]}]] shard status:NORMAL
2026/02/24 17:26:56 [Node:0 GID:100 isLeader:true] shardkv server executeConfigChange migrate shard:7 from 100 to 101, keyList:map[1:{map[3:Hru2hXtYBJ0LEvhhZyB7] map[113871309237573403:34]} 3:{map[5:7Qs3WNhdC_Xy7ku2e5YO] map[113871309237573403:36]} 5:{map[7:z2LVJuJMcOCsm-VAweCT] map[113871309237573403:38]} 7:{map[9:W2k9CA3KTZbuggglJ85F] map[113871309237573403:40]}] shard status:MIGRATION_OUT
2026/02/24 17:26:56 [Node:0 GID:100 isLeader:true] shardkv server executeConfigChange migrate shard:8 from 100 to 100, keyList:map[101:map[1:{map[3:Hru2hXtYBJ0LEvhhZyB7] map[113871309237573403:34]} 3:{map[5:7Qs3WNhdC_Xy7ku2e5YO] map[113871309237573403:36]} 5:{map[7:z2LVJuJMcOCsm-VAweCT] map[113871309237573403:38]} 7:{map[9:W2k9CA3KTZbuggglJ85F] map[113871309237573403:40]}]] shard status:NORMAL
2026/02/24 17:26:56 [Node:0 GID:100 isLeader:true] shardkv server executeConfigChange migrate shard:9 from 100 to 101, keyList:map[1:{map[3:Hru2hXtYBJ0LEvhhZyB7] map[113871309237573403:34]} 3:{map[5:7Qs3WNhdC_Xy7ku2e5YO] map[113871309237573403:36]} 5:{map[7:z2LVJuJMcOCsm-VAweCT] map[113871309237573403:38]} 7:{map[9:W2k9CA3KTZbuggglJ85F] map[113871309237573403:40]} 9:{map[1:7feyKfcAmKMj84e-Z9Qy 10:ZIo_MWLuWr11IuKrdiJ2 11:G-WdPfixCsStieX94OwO 12:96ZhhvdDDUM5xUOVYxQI 13:XE90ySoOGhjGY2lx7_n6 14:qYFp5ienKQiZmDXCokTB 15:hfoSBfHfoMGZC-E23lrs 16:w49ucCQcjPa0iUGSzwdg 17:tS93z-FyNwnLWHVevezP 18:eGx5LOeZm_ldSj2mREyz 19:TuU_Zvm4dt_Z_xRmrtr8] map[113871309237573403:50]}] shard status:MIGRATION_OUT
2026/02/24 17:26:56 [Node:0 GID:100 isLeader:true] shardkv server executeConfigChange migrate gid2keyList:map[101:map[1:{map[3:Hru2hXtYBJ0LEvhhZyB7] map[113871309237573403:34]} 3:{map[5:7Qs3WNhdC_Xy7ku2e5YO] map[113871309237573403:36]} 5:{map[7:z2LVJuJMcOCsm-VAweCT] map[113871309237573403:38]} 7:{map[9:W2k9CA3KTZbuggglJ85F] map[113871309237573403:40]} 9:{map[1:7feyKfcAmKMj84e-Z9Qy 10:ZIo_MWLuWr11IuKrdiJ2 11:G-WdPfixCsStieX94OwO 12:96ZhhvdDDUM5xUOVYxQI 13:XE90ySoOGhjGY2lx7_n6 14:qYFp5ienKQiZmDXCokTB 15:hfoSBfHfoMGZC-E23lrs 16:w49ucCQcjPa0iUGSzwdg 17:tS93z-FyNwnLWHVevezP 18:eGx5LOeZm_ldSj2mREyz 19:TuU_Zvm4dt_Z_xRmrtr8] map[113871309237573403:50]}]]
2026/02/24 17:26:56 [Node:0 GID:100 isLeader:true] shardkv server executeConfigChange 更新负责的分片:map[0:0xc0001262c0 1:0xc000126300 2:0xc000126340 3:0xc000126380 4:0xc0001263c0 5:0xc000126400 6:0xc000126440 7:0xc000126480 8:0xc0001264c0 9:0xc000126500]
2026/02/24 17:26:56 [Node:0 GID:100 isLeader:true] shardkv client migration data:map[] to server:&{TLifISrkTQrFWFxzAjzo 0xc000024310 0xc000024380}, shard:0, gid:101 server:server-101-0
2026/02/24 17:26:56 [Node:0 GID:100 isLeader:true] shardkv server checkGroup key:0, shard:8 shards:map[0:true 1:true 2:true 3:true 4:true 5:true 6:true 7:true 8:true 9:true]
2026/02/24 17:26:56 [Node:0 GID:100 isLeader:true] shardkv server raft command:{0  GET 8 61 113871309237573403 {0 [0 0 0 0 0 0 0 0 0 0] map[]} map[] 0}
2026/02/24 17:26:56 [Node:0 GID:100 isLeader:true] shardkv server generateSnapshotter raft state size: 1237, maxraftstate: 1000
2026/02/24 17:26:56 [Node:0 GID:100 isLeader:true] shardkv server generateSnapshotter start data:map[0:map[2:e7KLJGj9FfoEz52Hcp3H 20:sxevmuW7AmVBs1CkujVp 21:AB-RSTY0r6n0a5q8vcmg 22:_w4WVM9-y3hR5bZSIEWh 23:QFjsUpC5euDpwYpR2oU3 24:IEkCCLX4oicRxt8IqaX3 25:gIvRmn0Vk7CvUtn1b9YE 26:QJpznCkMRhsFOWcrsnvD 27:IX9f8pgSK6B4a77Vh-vx 28:_5uoVW9UzbaA_KtclZvr 29:ITUcWpr5oaTUfV03GUIG] 1:map[3:Hru2hXtYBJ0LEvhhZyB7] 2:map[4:4_jSWlOJHgao3DYGmXfx] 3:map[5:7Qs3WNhdC_Xy7ku2e5YO] 4:map[6:lFVqDSzzWwLbl3rpO8tR] 5:map[7:z2LVJuJMcOCsm-VAweCT] 6:map[8:25imAyinhov1A9x-2_yH] 7:map[9:W2k9CA3KTZbuggglJ85F] 8:map[0:4JPKOsUVfVcvncyCAj-8] 9:map[1:7feyKfcAmKMj84e-Z9Qy 10:ZIo_MWLuWr11IuKrdiJ2 11:G-WdPfixCsStieX94OwO 12:96ZhhvdDDUM5xUOVYxQI 13:XE90ySoOGhjGY2lx7_n6 14:qYFp5ienKQiZmDXCokTB 15:hfoSBfHfoMGZC-E23lrs 16:w49ucCQcjPa0iUGSzwdg 17:tS93z-FyNwnLWHVevezP 18:eGx5LOeZm_ldSj2mREyz 19:TuU_Zvm4dt_Z_xRmrtr8]]
2026/02/24 17:26:56 [Node:0 GID:100 isLeader:true] shardkv client migration data:map[] to server:&{TLifISrkTQrFWFxzAjzo 0xc000024310 0xc000024380}, shard:0, gid:101 server:server-101-0 succeess
2026/02/24 17:26:56 [Node:1 GID:100 isLeader:false] shardkv server listenApplyCh applyMsg:{false <nil> 62 map[] true map[] map[0:map[2:e7KLJGj9FfoEz52Hcp3H 20:sxevmuW7AmVBs1CkujVp 21:AB-RSTY0r6n0a5q8vcmg 22:_w4WVM9-y3hR5bZSIEWh 23:QFjsUpC5euDpwYpR2oU3 24:IEkCCLX4oicRxt8IqaX3 25:gIvRmn0Vk7CvUtn1b9YE 26:QJpznCkMRhsFOWcrsnvD 27:IX9f8pgSK6B4a77Vh-vx 28:_5uoVW9UzbaA_KtclZvr 29:ITUcWpr5oaTUfV03GUIG] 1:map[3:Hru2hXtYBJ0LEvhhZyB7] 2:map[4:4_jSWlOJHgao3DYGmXfx] 3:map[5:7Qs3WNhdC_Xy7ku2e5YO] 4:map[6:lFVqDSzzWwLbl3rpO8tR] 5:map[7:z2LVJuJMcOCsm-VAweCT] 6:map[8:25imAyinhov1A9x-2_yH] 7:map[9:W2k9CA3KTZbuggglJ85F] 8:map[0:4JPKOsUVfVcvncyCAj-8] 9:map[1:7feyKfcAmKMj84e-Z9Qy 10:ZIo_MWLuWr11IuKrdiJ2 11:G-WdPfixCsStieX94OwO 12:96ZhhvdDDUM5xUOVYxQI 13:XE90ySoOGhjGY2lx7_n6 14:qYFp5ienKQiZmDXCokTB 15:hfoSBfHfoMGZC-E23lrs 16:w49ucCQcjPa0iUGSzwdg 17:tS93z-FyNwnLWHVevezP 18:eGx5LOeZm_ldSj2mREyz 19:TuU_Zvm4dt_Z_xRmrtr8]] map[0:map[0:2 113871309237573403:60] 1:map[113871309237573403:34] 2:map[113871309237573403:35] 3:map[113871309237573403:36] 4:map[113871309237573403:37] 5:map[113871309237573403:38] 6:map[113871309237573403:39] 7:map[113871309237573403:40] 8:map[113871309237573403:31] 9:map[113871309237573403:50]] map[0:NORMAL 1:INVALID 2:NORMAL 3:INVALID 4:NORMAL 5:INVALID 6:NORMAL 7:INVALID 8:NORMAL 9:INVALID]}
2026/02/24 17:26:56 [Node:1 GID:100 isLeader:false] shardkv server listenApplyCh load snapshot data:map[0:map[2:e7KLJGj9FfoEz52Hcp3H 20:sxevmuW7AmVBs1CkujVp 21:AB-RSTY0r6n0a5q8vcmg 22:_w4WVM9-y3hR5bZSIEWh 23:QFjsUpC5euDpwYpR2oU3 24:IEkCCLX4oicRxt8IqaX3 25:gIvRmn0Vk7CvUtn1b9YE 26:QJpznCkMRhsFOWcrsnvD 27:IX9f8pgSK6B4a77Vh-vx 28:_5uoVW9UzbaA_KtclZvr 29:ITUcWpr5oaTUfV03GUIG] 1:map[3:Hru2hXtYBJ0LEvhhZyB7] 2:map[4:4_jSWlOJHgao3DYGmXfx] 3:map[5:7Qs3WNhdC_Xy7ku2e5YO] 4:map[6:lFVqDSzzWwLbl3rpO8tR] 5:map[7:z2LVJuJMcOCsm-VAweCT] 6:map[8:25imAyinhov1A9x-2_yH] 7:map[9:W2k9CA3KTZbuggglJ85F] 8:map[0:4JPKOsUVfVcvncyCAj-8] 9:map[1:7feyKfcAmKMj84e-Z9Qy 10:ZIo_MWLuWr11IuKrdiJ2 11:G-WdPfixCsStieX94OwO 12:96ZhhvdDDUM5xUOVYxQI 13:XE90ySoOGhjGY2lx7_n6 14:qYFp5ienKQiZmDXCokTB 15:hfoSBfHfoMGZC-E23lrs 16:w49ucCQcjPa0iUGSzwdg 17:tS93z-FyNwnLWHVevezP 18:eGx5LOeZm_ldSj2mREyz 19:TuU_Zvm4dt_Z_xRmrtr8]] seqNums:map[0:map[0:2 113871309237573403:60] 1:map[113871309237573403:34] 2:map[113871309237573403:35] 3:map[113871309237573403:36] 4:map[113871309237573403:37] 5:map[113871309237573403:38] 6:map[113871309237573403:39] 7:map[113871309237573403:40] 8:map[113871309237573403:31] 9:map[113871309237573403:50]]
2026/02/24 17:26:56 [Node:2 GID:100 isLeader:false] shardkv server listenApplyCh applyMsg:{true {  CHANGE_CONFIG 0 2 0 {2 [100 101 100 101 100 101 100 101 100 101] map[100:[server-100-0 server-100-1 server-100-2] 101:[server-101-0 server-101-1 server-101-2]]} map[] 0} 62 map[] false map[] map[] map[] map[]}
2026/02/24 17:26:56 [Node:2 GID:100 isLeader:false] kv server listenApplyCh op:CHANGE_CONFIG, key:, value: clientid:0, 更新seqNum:2
2026/02/24 17:26:56 [Node:2 GID:100 isLeader:false] shardkv server listenApplyCh apply config num:2
2026/02/24 17:26:56 [Node:2 GID:100 isLeader:false] shardkv server executeConfigChange new config num:2, old config num:1
2026/02/24 17:26:56 [Node:2 GID:100 isLeader:false] shardkv server executeConfigChange migrate shard:0 from 100 to 100, keyList:map[] shard status:NORMAL
2026/02/24 17:26:56 [Node:2 GID:100 isLeader:false] shardkv server executeConfigChange migrate shard:1 from 100 to 101, keyList:map[1:{map[3:Hru2hXtYBJ0LEvhhZyB7] map[113871309237573403:34]}] shard status:MIGRATION_OUT
2026/02/24 17:26:56 [Node:2 GID:100 isLeader:false] shardkv server executeConfigChange migrate shard:2 from 100 to 100, keyList:map[101:map[1:{map[3:Hru2hXtYBJ0LEvhhZyB7] map[113871309237573403:34]}]] shard status:NORMAL
2026/02/24 17:26:56 [Node:2 GID:100 isLeader:false] shardkv server executeConfigChange migrate shard:3 from 100 to 101, keyList:map[1:{map[3:Hru2hXtYBJ0LEvhhZyB7] map[113871309237573403:34]} 3:{map[5:7Qs3WNhdC_Xy7ku2e5YO] map[113871309237573403:36]}] shard status:MIGRATION_OUT
2026/02/24 17:26:56 [Node:2 GID:100 isLeader:false] shardkv server executeConfigChange migrate shard:4 from 100 to 100, keyList:map[101:map[1:{map[3:Hru2hXtYBJ0LEvhhZyB7] map[113871309237573403:34]} 3:{map[5:7Qs3WNhdC_Xy7ku2e5YO] map[113871309237573403:36]}]] shard status:NORMAL
2026/02/24 17:26:56 [Node:2 GID:100 isLeader:false] shardkv server executeConfigChange migrate shard:5 from 100 to 101, keyList:map[1:{map[3:Hru2hXtYBJ0LEvhhZyB7] map[113871309237573403:34]} 3:{map[5:7Qs3WNhdC_Xy7ku2e5YO] map[113871309237573403:36]} 5:{map[7:z2LVJuJMcOCsm-VAweCT] map[113871309237573403:38]}] shard status:MIGRATION_OUT
2026/02/24 17:26:56 [Node:2 GID:100 isLeader:false] shardkv server executeConfigChange migrate shard:6 from 100 to 100, keyList:map[101:map[1:{map[3:Hru2hXtYBJ0LEvhhZyB7] map[113871309237573403:34]} 3:{map[5:7Qs3WNhdC_Xy7ku2e5YO] map[113871309237573403:36]} 5:{map[7:z2LVJuJMcOCsm-VAweCT] map[113871309237573403:38]}]] shard status:NORMAL
2026/02/24 17:26:56 [Node:2 GID:100 isLeader:false] shardkv server executeConfigChange migrate shard:7 from 100 to 101, keyList:map[1:{map[3:Hru2hXtYBJ0LEvhhZyB7] map[113871309237573403:34]} 3:{map[5:7Qs3WNhdC_Xy7ku2e5YO] map[113871309237573403:36]} 5:{map[7:z2LVJuJMcOCsm-VAweCT] map[113871309237573403:38]} 7:{map[9:W2k9CA3KTZbuggglJ85F] map[113871309237573403:40]}] shard status:MIGRATION_OUT
2026/02/24 17:26:56 [Node:2 GID:100 isLeader:false] shardkv server executeConfigChange migrate shard:8 from 100 to 100, keyList:map[101:map[1:{map[3:Hru2hXtYBJ0LEvhhZyB7] map[113871309237573403:34]} 3:{map[5:7Qs3WNhdC_Xy7ku2e5YO] map[113871309237573403:36]} 5:{map[7:z2LVJuJMcOCsm-VAweCT] map[113871309237573403:38]} 7:{map[9:W2k9CA3KTZbuggglJ85F] map[113871309237573403:40]}]] shard status:NORMAL
2026/02/24 17:26:56 [Node:2 GID:100 isLeader:false] shardkv server executeConfigChange migrate shard:9 from 100 to 101, keyList:map[1:{map[3:Hru2hXtYBJ0LEvhhZyB7] map[113871309237573403:34]} 3:{map[5:7Qs3WNhdC_Xy7ku2e5YO] map[113871309237573403:36]} 5:{map[7:z2LVJuJMcOCsm-VAweCT] map[113871309237573403:38]} 7:{map[9:W2k9CA3KTZbuggglJ85F] map[113871309237573403:40]} 9:{map[1:7feyKfcAmKMj84e-Z9Qy 10:ZIo_MWLuWr11IuKrdiJ2 11:G-WdPfixCsStieX94OwO 12:96ZhhvdDDUM5xUOVYxQI 13:XE90ySoOGhjGY2lx7_n6 14:qYFp5ienKQiZmDXCokTB 15:hfoSBfHfoMGZC-E23lrs 16:w49ucCQcjPa0iUGSzwdg 17:tS93z-FyNwnLWHVevezP 18:eGx5LOeZm_ldSj2mREyz 19:TuU_Zvm4dt_Z_xRmrtr8] map[113871309237573403:50]}] shard status:MIGRATION_OUT
2026/02/24 17:26:56 [Node:2 GID:100 isLeader:false] shardkv server executeConfigChange migrate gid2keyList:map[101:map[1:{map[3:Hru2hXtYBJ0LEvhhZyB7] map[113871309237573403:34]} 3:{map[5:7Qs3WNhdC_Xy7ku2e5YO] map[113871309237573403:36]} 5:{map[7:z2LVJuJMcOCsm-VAweCT] map[113871309237573403:38]} 7:{map[9:W2k9CA3KTZbuggglJ85F] map[113871309237573403:40]} 9:{map[1:7feyKfcAmKMj84e-Z9Qy 10:ZIo_MWLuWr11IuKrdiJ2 11:G-WdPfixCsStieX94OwO 12:96ZhhvdDDUM5xUOVYxQI 13:XE90ySoOGhjGY2lx7_n6 14:qYFp5ienKQiZmDXCokTB 15:hfoSBfHfoMGZC-E23lrs 16:w49ucCQcjPa0iUGSzwdg 17:tS93z-FyNwnLWHVevezP 18:eGx5LOeZm_ldSj2mREyz 19:TuU_Zvm4dt_Z_xRmrtr8] map[113871309237573403:50]}]]
2026/02/24 17:26:56 [Node:2 GID:100 isLeader:false] shardkv server executeConfigChange 更新负责的分片:map[0:0xc000126ac0 1:0xc000126b00 2:0xc000126b40 3:0xc000126b80 4:0xc000126bc0 5:0xc000126c00 6:0xc000126c40 7:0xc000126c80 8:0xc000126cc0 9:0xc000126d00]
2026/02/24 17:26:56 [Node:0 GID:100 isLeader:true] shardkv server listenApplyCh applyMsg:{true {0  GET 8 61 113871309237573403 {0 [0 0 0 0 0 0 0 0 0 0] map[]} map[] 0} 63 map[] false map[] map[] map[] map[]}
2026/02/24 17:26:56 [Node:0 GID:100 isLeader:true] kv server listenApplyCh op:GET, key:0, value: clientid:113871309237573403, 更新seqNum:61
2026/02/24 17:26:56 [Node:0 GID:100 isLeader:true] shardkv server raft repley: success op:GET, key:0 value:
2026/02/24 17:26:56 [Node:0 GID:100 isLeader:true] shardkv server get key:0, data:map[0:4JPKOsUVfVcvncyCAj-8]
2026/02/24 17:26:56 [Node:0 GID:100 isLeader:true] shardkv server get key:0, value:4JPKOsUVfVcvncyCAj-8
2026/02/24 17:26:56 [Node:0 GID:100 isLeader:true] shardkv server listenConfigChange new config num:3, old config num:2
2026/02/24 17:26:56 [Node:0 GID:100 isLeader:true] shardkv server diffConfig old config num:2, new config num:3, old config:{2 [100 101 100 101 100 101 100 101 100 101] map[100:[server-100-0 server-100-1 server-100-2] 101:[server-101-0 server-101-1 server-101-2]]}, new config:{3 [100 101 102 100 101 102 100 101 102 100] map[100:[server-100-0 server-100-1 server-100-2] 101:[server-101-0 server-101-1 server-101-2] 102:[server-102-0 server-102-1 server-102-2]]}
2026/02/24 17:26:56 [Node:0 GID:100 isLeader:true] shardkv server checkGroup key:0, shard:8 shards:map[0:true 1:true 2:true 3:true 4:true 5:true 6:true 7:true 8:true 9:true]
2026/02/24 17:26:56 [Node:0 GID:100] shardkv server get key:0, check param failed Err:ErrWrongStatus
2026/02/24 17:26:56 [Node:1 GID:100 isLeader:false] shardkv server generateSnapshotter raft state size: 564, maxraftstate: 1000
2026/02/24 17:26:56 [Node:2 GID:100 isLeader:false] shardkv server generateSnapshotter raft state size: 564, maxraftstate: 1000
2026/02/24 17:26:56 [Node:2 GID:100 isLeader:false] shardkv server listenApplyCh applyMsg:{true {0  GET 8 61 113871309237573403 {0 [0 0 0 0 0 0 0 0 0 0] map[]} map[] 0} 63 map[] false map[] map[] map[] map[]}
2026/02/24 17:26:56 [Node:1 GID:100 isLeader:false] shardkv server listenApplyCh applyMsg:{true {0  GET 8 61 113871309237573403 {0 [0 0 0 0 0 0 0 0 0 0] map[]} map[] 0} 63 map[] false map[] map[] map[] map[]}
2026/02/24 17:26:56 [Node:1 GID:100 isLeader:false] kv server listenApplyCh op:GET, key:0, value: clientid:113871309237573403, 更新seqNum:61
2026/02/24 17:26:56 [Node:2 GID:100 isLeader:false] kv server listenApplyCh op:GET, key:0, value: clientid:113871309237573403, 更新seqNum:61
2026/02/24 17:26:56 [Node:0 GID:100 isLeader:true] shardkv server listenApplyCh applyMsg:{true {  CHANGE_CONFIG 0 3 0 {3 [100 101 102 100 101 102 100 101 102 100] map[100:[server-100-0 server-100-1 server-100-2] 101:[server-101-0 server-101-1 server-101-2] 102:[server-102-0 server-102-1 server-102-2]]} map[] 0} 64 map[] false map[] map[] map[] map[]}
2026/02/24 17:26:56 [Node:0 GID:100 isLeader:true] kv server listenApplyCh op:CHANGE_CONFIG, key:, value: clientid:0, 更新seqNum:3
2026/02/24 17:26:56 [Node:0 GID:100 isLeader:true] shardkv server listenApplyCh apply config num:3
2026/02/24 17:26:56 [Node:0 GID:100 isLeader:true] shardkv server executeConfigChange new config num:3, old config num:2
2026/02/24 17:26:56 [Node:0 GID:100 isLeader:true] shardkv server executeConfigChange migrate shard:0 from 100 to 100, keyList:map[] shard status:NORMAL
2026/02/24 17:26:56 [Node:0 GID:100 isLeader:true] shardkv server executeConfigChange migrate shard:1 from 101 to 101, keyList:map[] shard status:INVALID
2026/02/24 17:26:56 [Node:0 GID:100 isLeader:true] shardkv server executeConfigChange migrate shard:2 from 100 to 102, keyList:map[2:{map[4:4_jSWlOJHgao3DYGmXfx] map[113871309237573403:35]}] shard status:MIGRATION_OUT
2026/02/24 17:26:56 [Node:0 GID:100 isLeader:true] shardkv server executeConfigChange migrate shard:3 from 101 to 100, keyList:map[102:map[2:{map[4:4_jSWlOJHgao3DYGmXfx] map[113871309237573403:35]}]] shard status:MIGRATION_IN
2026/02/24 17:26:56 [Node:0 GID:100 isLeader:true] shardkv server executeConfigChange migrate shard:4 from 100 to 101, keyList:map[4:{map[6:lFVqDSzzWwLbl3rpO8tR] map[113871309237573403:37]}] shard status:MIGRATION_OUT
2026/02/24 17:26:56 [Node:0 GID:100 isLeader:true] shardkv server executeConfigChange migrate shard:5 from 101 to 102, keyList:map[2:{map[4:4_jSWlOJHgao3DYGmXfx] map[113871309237573403:35]}] shard status:INVALID
2026/02/24 17:26:56 [Node:0 GID:100 isLeader:true] shardkv server executeConfigChange migrate shard:6 from 100 to 100, keyList:map[101:map[4:{map[6:lFVqDSzzWwLbl3rpO8tR] map[113871309237573403:37]}] 102:map[2:{map[4:4_jSWlOJHgao3DYGmXfx] map[113871309237573403:35]}]] shard status:NORMAL
2026/02/24 17:26:56 [Node:0 GID:100 isLeader:true] shardkv server executeConfigChange migrate shard:7 from 101 to 101, keyList:map[4:{map[6:lFVqDSzzWwLbl3rpO8tR] map[113871309237573403:37]}] shard status:INVALID
2026/02/24 17:26:56 [Node:0 GID:100 isLeader:true] shardkv server executeConfigChange migrate shard:8 from 100 to 102, keyList:map[2:{map[4:4_jSWlOJHgao3DYGmXfx] map[113871309237573403:35]} 8:{map[0:4JPKOsUVfVcvncyCAj-8] map[113871309237573403:61]}] shard status:MIGRATION_OUT
2026/02/24 17:26:56 [Node:0 GID:100 isLeader:true] shardkv server executeConfigChange migrate shard:9 from 101 to 100, keyList:map[101:map[4:{map[6:lFVqDSzzWwLbl3rpO8tR] map[113871309237573403:37]}] 102:map[2:{map[4:4_jSWlOJHgao3DYGmXfx] map[113871309237573403:35]} 8:{map[0:4JPKOsUVfVcvncyCAj-8] map[113871309237573403:61]}]] shard status:MIGRATION_IN
2026/02/24 17:26:56 [Node:0 GID:100 isLeader:true] shardkv server executeConfigChange migrate gid2keyList:map[101:map[4:{map[6:lFVqDSzzWwLbl3rpO8tR] map[113871309237573403:37]}] 102:map[2:{map[4:4_jSWlOJHgao3DYGmXfx] map[113871309237573403:35]} 8:{map[0:4JPKOsUVfVcvncyCAj-8] map[113871309237573403:61]}]]
2026/02/24 17:26:56 [Node:0 GID:100 isLeader:true] shardkv server executeConfigChange 更新负责的分片:map[0:0xc0001262c0 1:0xc000126300 2:0xc000126340 3:0xc000126380 4:0xc0001263c0 5:0xc000126400 6:0xc000126440 7:0xc000126480 8:0xc0001264c0 9:0xc000126500]
2026/02/24 17:26:56 [Node:0 GID:100 isLeader:true] shardkv client migration data:map[] to server:&{LhJdVxKL7tkkR29oUB-A 0xc000024310 0xc000024380}, shard:0, gid:101 server:server-101-0
2026/02/24 17:26:56 [Node:0 GID:100 isLeader:true] shardkv client migration data:map[] to server:&{D1Nv_T7FTrQj7Yxl1ey5 0xc000024310 0xc000024380}, shard:0, gid:102 server:server-102-0
2026/02/24 17:26:56 [Node:0 GID:100 isLeader:true] shardkv client migration data:map[] to server:&{eepddsN_K1RPnY1Q-l5t 0xc000024310 0xc000024380}, shard:0, gid:102 server:server-102-1
2026/02/24 17:26:56 [Node:0 GID:100 isLeader:true] shardkv client migration data:map[] to server:&{MAPoGtFW36SsNOZBHc-6 0xc000024310 0xc000024380}, shard:0, gid:101 server:server-101-0
2026/02/24 17:26:56 [Node:0 GID:100 isLeader:true] shardkv server migration args:&{map[] 0 3 map[] map[3:{map[5:7Qs3WNhdC_Xy7ku2e5YO] map[113871309237573403:36]} 9:{map[1:7feyKfcAmKMj84e-Z9Qy 10:ZIo_MWLuWr11IuKrdiJ2 11:G-WdPfixCsStieX94OwO 12:96ZhhvdDDUM5xUOVYxQI 13:XE90ySoOGhjGY2lx7_n6 14:qYFp5ienKQiZmDXCokTB 15:hfoSBfHfoMGZC-E23lrs 16:w49ucCQcjPa0iUGSzwdg 17:tS93z-FyNwnLWHVevezP 18:eGx5LOeZm_ldSj2mREyz 19:TuU_Zvm4dt_Z_xRmrtr8] map[113871309237573403:50]}] 0}
2026/02/24 17:26:56 [Node:0 GID:100 isLeader:true] shardkv server raft command:{  MIGRATION_IN 0 0 0 {0 [0 0 0 0 0 0 0 0 0 0] map[]} map[3:{map[5:7Qs3WNhdC_Xy7ku2e5YO] map[113871309237573403:36]} 9:{map[1:7feyKfcAmKMj84e-Z9Qy 10:ZIo_MWLuWr11IuKrdiJ2 11:G-WdPfixCsStieX94OwO 12:96ZhhvdDDUM5xUOVYxQI 13:XE90ySoOGhjGY2lx7_n6 14:qYFp5ienKQiZmDXCokTB 15:hfoSBfHfoMGZC-E23lrs 16:w49ucCQcjPa0iUGSzwdg 17:tS93z-FyNwnLWHVevezP 18:eGx5LOeZm_ldSj2mREyz 19:TuU_Zvm4dt_Z_xRmrtr8] map[113871309237573403:50]}] 3}
2026/02/24 17:26:56 [Node:0 GID:100 isLeader:true] shardkv client migration data:map[] to server:&{KvFpThSWXj_-Cp6zlfmT 0xc000024310 0xc000024380}, shard:0, gid:102 server:server-102-0
2026/02/24 17:26:56 [Node:0 GID:100 isLeader:true] shardkv client migration data:map[] to server:&{rd9JYNWEUmMDFaYEJxga 0xc000024310 0xc000024380}, shard:0, gid:102 server:server-102-1
2026/02/24 17:26:56 [Node:0 GID:100 isLeader:true] shardkv client migration data:map[] to server:&{SKNR9mjRNBZCOWgqqzWw 0xc000024310 0xc000024380}, shard:0, gid:102 server:server-102-0
2026/02/24 17:26:56 [Node:0 GID:100 isLeader:true] shardkv client migration data:map[] to server:&{3YfEznAqv08DlozrzvOy 0xc000024310 0xc000024380}, shard:0, gid:102 server:server-102-1
2026/02/24 17:26:56 [Node:0 GID:100 isLeader:true] shardkv client migration data:map[] to server:&{95PrCPFUH6aEUActR3Z- 0xc000024310 0xc000024380}, shard:0, gid:102 server:server-102-0
2026/02/24 17:26:56 [Node:0 GID:100 isLeader:true] shardkv client migration data:map[] to server:&{WfaF8A-JKy_emfziYu_d 0xc000024310 0xc000024380}, shard:0, gid:102 server:server-102-1
2026/02/24 17:26:56 [Node:0 GID:100 isLeader:true] shardkv client migration data:map[] to server:&{NU2jvPt4Uzw0zzxQJa7r 0xc000024310 0xc000024380}, shard:0, gid:102 server:server-102-0
2026/02/24 17:26:56 [Node:0 GID:100 isLeader:true] shardkv client migration data:map[] to server:&{R_CO2tfFwLZFLKBNDFk_ 0xc000024310 0xc000024380}, shard:0, gid:102 server:server-102-1
2026/02/24 17:26:56 [Node:1 GID:100 isLeader:false] shardkv server listenApplyCh applyMsg:{true {  CHANGE_CONFIG 0 3 0 {3 [100 101 102 100 101 102 100 101 102 100] map[100:[server-100-0 server-100-1 server-100-2] 101:[server-101-0 server-101-1 server-101-2] 102:[server-102-0 server-102-1 server-102-2]]} map[] 0} 64 map[] false map[] map[] map[] map[]}
2026/02/24 17:26:56 [Node:1 GID:100 isLeader:false] kv server listenApplyCh op:CHANGE_CONFIG, key:, value: clientid:0, 更新seqNum:3
2026/02/24 17:26:56 [Node:1 GID:100 isLeader:false] shardkv server listenApplyCh apply config num:3
2026/02/24 17:26:56 [Node:2 GID:100 isLeader:false] shardkv server listenApplyCh applyMsg:{true {  CHANGE_CONFIG 0 3 0 {3 [100 101 102 100 101 102 100 101 102 100] map[100:[server-100-0 server-100-1 server-100-2] 101:[server-101-0 server-101-1 server-101-2] 102:[server-102-0 server-102-1 server-102-2]]} map[] 0} 64 map[] false map[] map[] map[] map[]}
2026/02/24 17:26:56 [Node:1 GID:100 isLeader:false] shardkv server executeConfigChange new config num:3, old config num:1
2026/02/24 17:26:56 [Node:1 GID:100 isLeader:false] shardkv server executeConfigChange migrate shard:0 from 100 to 100, keyList:map[] shard status:NORMAL
2026/02/24 17:26:56 [Node:1 GID:100 isLeader:false] shardkv server executeConfigChange migrate shard:1 from 100 to 101, keyList:map[1:{map[3:Hru2hXtYBJ0LEvhhZyB7] map[113871309237573403:34]}] shard status:MIGRATION_OUT
2026/02/24 17:26:56 [Node:1 GID:100 isLeader:false] shardkv server executeConfigChange migrate shard:2 from 100 to 102, keyList:map[2:{map[4:4_jSWlOJHgao3DYGmXfx] map[113871309237573403:35]}] shard status:MIGRATION_OUT
2026/02/24 17:26:56 [Node:1 GID:100 isLeader:false] shardkv server executeConfigChange migrate shard:3 from 100 to 100, keyList:map[101:map[1:{map[3:Hru2hXtYBJ0LEvhhZyB7] map[113871309237573403:34]}] 102:map[2:{map[4:4_jSWlOJHgao3DYGmXfx] map[113871309237573403:35]}]] shard status:NORMAL
2026/02/24 17:26:56 [Node:0 GID:100 isLeader:true] shardkv server listenApplyCh applyMsg:{true {  MIGRATION_IN 0 0 0 {0 [0 0 0 0 0 0 0 0 0 0] map[]} map[3:{map[5:7Qs3WNhdC_Xy7ku2e5YO] map[113871309237573403:36]} 9:{map[1:7feyKfcAmKMj84e-Z9Qy 10:ZIo_MWLuWr11IuKrdiJ2 11:G-WdPfixCsStieX94OwO 12:96ZhhvdDDUM5xUOVYxQI 13:XE90ySoOGhjGY2lx7_n6 14:qYFp5ienKQiZmDXCokTB 15:hfoSBfHfoMGZC-E23lrs 16:w49ucCQcjPa0iUGSzwdg 17:tS93z-FyNwnLWHVevezP 18:eGx5LOeZm_ldSj2mREyz 19:TuU_Zvm4dt_Z_xRmrtr8] map[113871309237573403:50]}] 3} 65 map[] false map[] map[] map[] map[]}
2026/02/24 17:26:56 [Node:2 GID:100 isLeader:false] kv server listenApplyCh op:CHANGE_CONFIG, key:, value: clientid:0, 更新seqNum:3
2026/02/24 17:26:56 [Node:1 GID:100 isLeader:false] shardkv server executeConfigChange migrate shard:4 from 100 to 101, keyList:map[1:{map[3:Hru2hXtYBJ0LEvhhZyB7] map[113871309237573403:34]} 4:{map[6:lFVqDSzzWwLbl3rpO8tR] map[113871309237573403:37]}] shard status:MIGRATION_OUT
2026/02/24 17:26:56 [Node:1 GID:100 isLeader:false] shardkv server executeConfigChange migrate shard:5 from 100 to 102, keyList:map[2:{map[4:4_jSWlOJHgao3DYGmXfx] map[113871309237573403:35]} 5:{map[7:z2LVJuJMcOCsm-VAweCT] map[113871309237573403:38]}] shard status:MIGRATION_OUT
2026/02/24 17:26:56 [Node:0 GID:100 isLeader:true] shardkv server listenApplyCh apply migration data:map[3:{map[5:7Qs3WNhdC_Xy7ku2e5YO] map[113871309237573403:36]} 9:{map[1:7feyKfcAmKMj84e-Z9Qy 10:ZIo_MWLuWr11IuKrdiJ2 11:G-WdPfixCsStieX94OwO 12:96ZhhvdDDUM5xUOVYxQI 13:XE90ySoOGhjGY2lx7_n6 14:qYFp5ienKQiZmDXCokTB 15:hfoSBfHfoMGZC-E23lrs 16:w49ucCQcjPa0iUGSzwdg 17:tS93z-FyNwnLWHVevezP 18:eGx5LOeZm_ldSj2mREyz 19:TuU_Zvm4dt_Z_xRmrtr8] map[113871309237573403:50]}]
2026/02/24 17:26:56 [Node:1 GID:100 isLeader:false] shardkv server executeConfigChange migrate shard:6 from 100 to 100, keyList:map[101:map[1:{map[3:Hru2hXtYBJ0LEvhhZyB7] map[113871309237573403:34]} 4:{map[6:lFVqDSzzWwLbl3rpO8tR] map[113871309237573403:37]}] 102:map[2:{map[4:4_jSWlOJHgao3DYGmXfx] map[113871309237573403:35]} 5:{map[7:z2LVJuJMcOCsm-VAweCT] map[113871309237573403:38]}]] shard status:NORMAL
2026/02/24 17:26:56 [Node:1 GID:100 isLeader:false] shardkv server executeConfigChange migrate shard:7 from 100 to 101, keyList:map[1:{map[3:Hru2hXtYBJ0LEvhhZyB7] map[113871309237573403:34]} 4:{map[6:lFVqDSzzWwLbl3rpO8tR] map[113871309237573403:37]} 7:{map[9:W2k9CA3KTZbuggglJ85F] map[113871309237573403:40]}] shard status:MIGRATION_OUT
2026/02/24 17:26:56 [Node:1 GID:100 isLeader:false] shardkv server executeConfigChange migrate shard:8 from 100 to 102, keyList:map[2:{map[4:4_jSWlOJHgao3DYGmXfx] map[113871309237573403:35]} 5:{map[7:z2LVJuJMcOCsm-VAweCT] map[113871309237573403:38]} 8:{map[0:4JPKOsUVfVcvncyCAj-8] map[113871309237573403:61]}] shard status:MIGRATION_OUT
2026/02/24 17:26:56 [Node:2 GID:100 isLeader:false] shardkv server listenApplyCh apply config num:3
2026/02/24 17:26:56 [Node:0 GID:100 isLeader:true] shardkv server executeConfigChange migrate shard:3 status:NORMAL
2026/02/24 17:26:56 [Node:2 GID:100 isLeader:false] shardkv server executeConfigChange new config num:3, old config num:2
2026/02/24 17:26:56 [Node:1 GID:100 isLeader:false] shardkv server executeConfigChange migrate shard:9 from 100 to 100, keyList:map[101:map[1:{map[3:Hru2hXtYBJ0LEvhhZyB7] map[113871309237573403:34]} 4:{map[6:lFVqDSzzWwLbl3rpO8tR] map[113871309237573403:37]} 7:{map[9:W2k9CA3KTZbuggglJ85F] map[113871309237573403:40]}] 102:map[2:{map[4:4_jSWlOJHgao3DYGmXfx] map[113871309237573403:35]} 5:{map[7:z2LVJuJMcOCsm-VAweCT] map[113871309237573403:38]} 8:{map[0:4JPKOsUVfVcvncyCAj-8] map[113871309237573403:61]}]] shard status:NORMAL
2026/02/24 17:26:56 [Node:0 GID:100 isLeader:true] shardkv server executeConfigChange migrate shard:9 status:NORMAL
2026/02/24 17:26:56 [Node:2 GID:100 isLeader:false] shardkv server executeConfigChange migrate shard:0 from 100 to 100, keyList:map[] shard status:NORMAL
2026/02/24 17:26:56 [Node:2 GID:100 isLeader:false] shardkv server executeConfigChange migrate shard:1 from 101 to 101, keyList:map[] shard status:INVALID
2026/02/24 17:26:56 [Node:1 GID:100 isLeader:false] shardkv server executeConfigChange migrate gid2keyList:map[101:map[1:{map[3:Hru2hXtYBJ0LEvhhZyB7] map[113871309237573403:34]} 4:{map[6:lFVqDSzzWwLbl3rpO8tR] map[113871309237573403:37]} 7:{map[9:W2k9CA3KTZbuggglJ85F] map[113871309237573403:40]}] 102:map[2:{map[4:4_jSWlOJHgao3DYGmXfx] map[113871309237573403:35]} 5:{map[7:z2LVJuJMcOCsm-VAweCT] map[113871309237573403:38]} 8:{map[0:4JPKOsUVfVcvncyCAj-8] map[113871309237573403:61]}]]
2026/02/24 17:26:56 [Node:2 GID:100 isLeader:false] shardkv server executeConfigChange migrate shard:2 from 100 to 102, keyList:map[2:{map[4:4_jSWlOJHgao3DYGmXfx] map[113871309237573403:35]}] shard status:MIGRATION_OUT
2026/02/24 17:26:56 [Node:0 GID:100 isLeader:true] shardkv server raft repley: success op:MIGRATION_IN, key: value:
2026/02/24 17:26:56 [Node:1 GID:100 isLeader:false] shardkv server executeConfigChange 更新负责的分片:map[0:0xc0001266c0 1:0xc000126700 2:0xc000126740 3:0xc000126780 4:0xc0001267c0 5:0xc000126800 6:0xc000126840 7:0xc000126880 8:0xc0001268c0 9:0xc000126900]
2026/02/24 17:26:56 [Node:2 GID:100 isLeader:false] shardkv server executeConfigChange migrate shard:3 from 101 to 100, keyList:map[102:map[2:{map[4:4_jSWlOJHgao3DYGmXfx] map[113871309237573403:35]}]] shard status:MIGRATION_IN
2026/02/24 17:26:56 [Node:2 GID:100 isLeader:false] shardkv server executeConfigChange migrate shard:4 from 100 to 101, keyList:map[4:{map[6:lFVqDSzzWwLbl3rpO8tR] map[113871309237573403:37]}] shard status:MIGRATION_OUT
2026/02/24 17:26:56 [Node:2 GID:100 isLeader:false] shardkv server executeConfigChange migrate shard:5 from 101 to 102, keyList:map[2:{map[4:4_jSWlOJHgao3DYGmXfx] map[113871309237573403:35]}] shard status:INVALID
2026/02/24 17:26:56 [Node:2 GID:100 isLeader:false] shardkv server executeConfigChange migrate shard:6 from 100 to 100, keyList:map[101:map[4:{map[6:lFVqDSzzWwLbl3rpO8tR] map[113871309237573403:37]}] 102:map[2:{map[4:4_jSWlOJHgao3DYGmXfx] map[113871309237573403:35]}]] shard status:NORMAL
2026/02/24 17:26:56 [Node:0 GID:100 isLeader:true] shardkv server migration success
2026/02/24 17:26:56 [Node:2 GID:100 isLeader:false] shardkv server executeConfigChange migrate shard:7 from 101 to 101, keyList:map[4:{map[6:lFVqDSzzWwLbl3rpO8tR] map[113871309237573403:37]}] shard status:INVALID
2026/02/24 17:26:56 [Node:2 GID:100 isLeader:false] shardkv server executeConfigChange migrate shard:8 from 100 to 102, keyList:map[2:{map[4:4_jSWlOJHgao3DYGmXfx] map[113871309237573403:35]} 8:{map[0:4JPKOsUVfVcvncyCAj-8] map[113871309237573403:61]}] shard status:MIGRATION_OUT
2026/02/24 17:26:56 [Node:2 GID:100 isLeader:false] shardkv server executeConfigChange migrate shard:9 from 101 to 100, keyList:map[101:map[4:{map[6:lFVqDSzzWwLbl3rpO8tR] map[113871309237573403:37]}] 102:map[2:{map[4:4_jSWlOJHgao3DYGmXfx] map[113871309237573403:35]} 8:{map[0:4JPKOsUVfVcvncyCAj-8] map[113871309237573403:61]}]] shard status:MIGRATION_IN
2026/02/24 17:26:56 [Node:2 GID:100 isLeader:false] shardkv server executeConfigChange migrate gid2keyList:map[101:map[4:{map[6:lFVqDSzzWwLbl3rpO8tR] map[113871309237573403:37]}] 102:map[2:{map[4:4_jSWlOJHgao3DYGmXfx] map[113871309237573403:35]} 8:{map[0:4JPKOsUVfVcvncyCAj-8] map[113871309237573403:61]}]]
2026/02/24 17:26:56 [Node:2 GID:100 isLeader:false] shardkv server executeConfigChange 更新负责的分片:map[0:0xc000126ac0 1:0xc000126b00 2:0xc000126b40 3:0xc000126b80 4:0xc000126bc0 5:0xc000126c00 6:0xc000126c40 7:0xc000126c80 8:0xc000126cc0 9:0xc000126d00]
2026/02/24 17:26:56 [Node:0 GID:100 isLeader:true] shardkv client migration data:map[] to server:&{zLd8eyWHnfwDM59zRZm- 0xc000024310 0xc000024380}, shard:0, gid:102 server:server-102-0
2026/02/24 17:26:56 [Node:0 GID:100 isLeader:true] shardkv client migration data:map[] to server:&{QXWjajwsjrAqN5OUhm8n 0xc000024310 0xc000024380}, shard:0, gid:102 server:server-102-1
2026/02/24 17:26:56 [Node:0 GID:100 isLeader:true] shardkv client migration data:map[] to server:&{MAPoGtFW36SsNOZBHc-6 0xc000024310 0xc000024380}, shard:0, gid:101 server:server-101-0 succeess
2026/02/24 17:26:56 [Node:0 GID:100 isLeader:true] shardkv client migration data:map[] to server:&{kW7vkbrk_Yw0Bo38bRN1 0xc000024310 0xc000024380}, shard:0, gid:102 server:server-102-0
2026/02/24 17:26:56 [Node:0 GID:100 isLeader:true] shardkv client migration data:map[] to server:&{cKpTUpFx4WpS6NZ90vDf 0xc000024310 0xc000024380}, shard:0, gid:102 server:server-102-1
2026/02/24 17:26:56 [Node:0 GID:100 isLeader:true] shardkv server generateSnapshotter raft state size: 1166, maxraftstate: 1000
2026/02/24 17:26:56 [Node:0 GID:100 isLeader:true] shardkv server generateSnapshotter start data:map[0:map[2:e7KLJGj9FfoEz52Hcp3H 20:sxevmuW7AmVBs1CkujVp 21:AB-RSTY0r6n0a5q8vcmg 22:_w4WVM9-y3hR5bZSIEWh 23:QFjsUpC5euDpwYpR2oU3 24:IEkCCLX4oicRxt8IqaX3 25:gIvRmn0Vk7CvUtn1b9YE 26:QJpznCkMRhsFOWcrsnvD 27:IX9f8pgSK6B4a77Vh-vx 28:_5uoVW9UzbaA_KtclZvr 29:ITUcWpr5oaTUfV03GUIG] 1:map[3:Hru2hXtYBJ0LEvhhZyB7] 2:map[4:4_jSWlOJHgao3DYGmXfx] 3:map[5:7Qs3WNhdC_Xy7ku2e5YO] 4:map[6:lFVqDSzzWwLbl3rpO8tR] 5:map[7:z2LVJuJMcOCsm-VAweCT] 6:map[8:25imAyinhov1A9x-2_yH] 7:map[9:W2k9CA3KTZbuggglJ85F] 8:map[0:4JPKOsUVfVcvncyCAj-8] 9:map[1:7feyKfcAmKMj84e-Z9Qy 10:ZIo_MWLuWr11IuKrdiJ2 11:G-WdPfixCsStieX94OwO 12:96ZhhvdDDUM5xUOVYxQI 13:XE90ySoOGhjGY2lx7_n6 14:qYFp5ienKQiZmDXCokTB 15:hfoSBfHfoMGZC-E23lrs 16:w49ucCQcjPa0iUGSzwdg 17:tS93z-FyNwnLWHVevezP 18:eGx5LOeZm_ldSj2mREyz 19:TuU_Zvm4dt_Z_xRmrtr8]]
2026/02/24 17:26:56 [Node:1 GID:100 isLeader:false] shardkv server listenApplyCh applyMsg:{false <nil> 65 map[] true map[] map[0:map[2:e7KLJGj9FfoEz52Hcp3H 20:sxevmuW7AmVBs1CkujVp 21:AB-RSTY0r6n0a5q8vcmg 22:_w4WVM9-y3hR5bZSIEWh 23:QFjsUpC5euDpwYpR2oU3 24:IEkCCLX4oicRxt8IqaX3 25:gIvRmn0Vk7CvUtn1b9YE 26:QJpznCkMRhsFOWcrsnvD 27:IX9f8pgSK6B4a77Vh-vx 28:_5uoVW9UzbaA_KtclZvr 29:ITUcWpr5oaTUfV03GUIG] 1:map[3:Hru2hXtYBJ0LEvhhZyB7] 2:map[4:4_jSWlOJHgao3DYGmXfx] 3:map[5:7Qs3WNhdC_Xy7ku2e5YO] 4:map[6:lFVqDSzzWwLbl3rpO8tR] 5:map[7:z2LVJuJMcOCsm-VAweCT] 6:map[8:25imAyinhov1A9x-2_yH] 7:map[9:W2k9CA3KTZbuggglJ85F] 8:map[0:4JPKOsUVfVcvncyCAj-8] 9:map[1:7feyKfcAmKMj84e-Z9Qy 10:ZIo_MWLuWr11IuKrdiJ2 11:G-WdPfixCsStieX94OwO 12:96ZhhvdDDUM5xUOVYxQI 13:XE90ySoOGhjGY2lx7_n6 14:qYFp5ienKQiZmDXCokTB 15:hfoSBfHfoMGZC-E23lrs 16:w49ucCQcjPa0iUGSzwdg 17:tS93z-FyNwnLWHVevezP 18:eGx5LOeZm_ldSj2mREyz 19:TuU_Zvm4dt_Z_xRmrtr8]] map[0:map[0:3 113871309237573403:60] 1:map[113871309237573403:34] 2:map[113871309237573403:35] 3:map[113871309237573403:36] 4:map[113871309237573403:37] 5:map[113871309237573403:38] 6:map[113871309237573403:39] 7:map[113871309237573403:40] 8:map[113871309237573403:61] 9:map[113871309237573403:50]] map[0:NORMAL 1:INVALID 2:INVALID 3:NORMAL 4:INVALID 5:INVALID 6:NORMAL 7:INVALID 8:INVALID 9:NORMAL]}
2026/02/24 17:26:56 [Node:1 GID:100 isLeader:false] shardkv server listenApplyCh load snapshot data:map[0:map[2:e7KLJGj9FfoEz52Hcp3H 20:sxevmuW7AmVBs1CkujVp 21:AB-RSTY0r6n0a5q8vcmg 22:_w4WVM9-y3hR5bZSIEWh 23:QFjsUpC5euDpwYpR2oU3 24:IEkCCLX4oicRxt8IqaX3 25:gIvRmn0Vk7CvUtn1b9YE 26:QJpznCkMRhsFOWcrsnvD 27:IX9f8pgSK6B4a77Vh-vx 28:_5uoVW9UzbaA_KtclZvr 29:ITUcWpr5oaTUfV03GUIG] 1:map[3:Hru2hXtYBJ0LEvhhZyB7] 2:map[4:4_jSWlOJHgao3DYGmXfx] 3:map[5:7Qs3WNhdC_Xy7ku2e5YO] 4:map[6:lFVqDSzzWwLbl3rpO8tR] 5:map[7:z2LVJuJMcOCsm-VAweCT] 6:map[8:25imAyinhov1A9x-2_yH] 7:map[9:W2k9CA3KTZbuggglJ85F] 8:map[0:4JPKOsUVfVcvncyCAj-8] 9:map[1:7feyKfcAmKMj84e-Z9Qy 10:ZIo_MWLuWr11IuKrdiJ2 11:G-WdPfixCsStieX94OwO 12:96ZhhvdDDUM5xUOVYxQI 13:XE90ySoOGhjGY2lx7_n6 14:qYFp5ienKQiZmDXCokTB 15:hfoSBfHfoMGZC-E23lrs 16:w49ucCQcjPa0iUGSzwdg 17:tS93z-FyNwnLWHVevezP 18:eGx5LOeZm_ldSj2mREyz 19:TuU_Zvm4dt_Z_xRmrtr8]] seqNums:map[0:map[0:3 113871309237573403:60] 1:map[113871309237573403:34] 2:map[113871309237573403:35] 3:map[113871309237573403:36] 4:map[113871309237573403:37] 5:map[113871309237573403:38] 6:map[113871309237573403:39] 7:map[113871309237573403:40] 8:map[113871309237573403:61] 9:map[113871309237573403:50]]
2026/02/24 17:26:56 [Node:2 GID:100 isLeader:false] shardkv server listenApplyCh applyMsg:{false <nil> 65 map[] true map[] map[0:map[2:e7KLJGj9FfoEz52Hcp3H 20:sxevmuW7AmVBs1CkujVp 21:AB-RSTY0r6n0a5q8vcmg 22:_w4WVM9-y3hR5bZSIEWh 23:QFjsUpC5euDpwYpR2oU3 24:IEkCCLX4oicRxt8IqaX3 25:gIvRmn0Vk7CvUtn1b9YE 26:QJpznCkMRhsFOWcrsnvD 27:IX9f8pgSK6B4a77Vh-vx 28:_5uoVW9UzbaA_KtclZvr 29:ITUcWpr5oaTUfV03GUIG] 1:map[3:Hru2hXtYBJ0LEvhhZyB7] 2:map[4:4_jSWlOJHgao3DYGmXfx] 3:map[5:7Qs3WNhdC_Xy7ku2e5YO] 4:map[6:lFVqDSzzWwLbl3rpO8tR] 5:map[7:z2LVJuJMcOCsm-VAweCT] 6:map[8:25imAyinhov1A9x-2_yH] 7:map[9:W2k9CA3KTZbuggglJ85F] 8:map[0:4JPKOsUVfVcvncyCAj-8] 9:map[1:7feyKfcAmKMj84e-Z9Qy 10:ZIo_MWLuWr11IuKrdiJ2 11:G-WdPfixCsStieX94OwO 12:96ZhhvdDDUM5xUOVYxQI 13:XE90ySoOGhjGY2lx7_n6 14:qYFp5ienKQiZmDXCokTB 15:hfoSBfHfoMGZC-E23lrs 16:w49ucCQcjPa0iUGSzwdg 17:tS93z-FyNwnLWHVevezP 18:eGx5LOeZm_ldSj2mREyz 19:TuU_Zvm4dt_Z_xRmrtr8]] map[0:map[0:3 113871309237573403:60] 1:map[113871309237573403:34] 2:map[113871309237573403:35] 3:map[113871309237573403:36] 4:map[113871309237573403:37] 5:map[113871309237573403:38] 6:map[113871309237573403:39] 7:map[113871309237573403:40] 8:map[113871309237573403:61] 9:map[113871309237573403:50]] map[0:NORMAL 1:INVALID 2:INVALID 3:NORMAL 4:INVALID 5:INVALID 6:NORMAL 7:INVALID 8:INVALID 9:NORMAL]}
2026/02/24 17:26:56 [Node:2 GID:100 isLeader:false] shardkv server listenApplyCh load snapshot data:map[0:map[2:e7KLJGj9FfoEz52Hcp3H 20:sxevmuW7AmVBs1CkujVp 21:AB-RSTY0r6n0a5q8vcmg 22:_w4WVM9-y3hR5bZSIEWh 23:QFjsUpC5euDpwYpR2oU3 24:IEkCCLX4oicRxt8IqaX3 25:gIvRmn0Vk7CvUtn1b9YE 26:QJpznCkMRhsFOWcrsnvD 27:IX9f8pgSK6B4a77Vh-vx 28:_5uoVW9UzbaA_KtclZvr 29:ITUcWpr5oaTUfV03GUIG] 1:map[3:Hru2hXtYBJ0LEvhhZyB7] 2:map[4:4_jSWlOJHgao3DYGmXfx] 3:map[5:7Qs3WNhdC_Xy7ku2e5YO] 4:map[6:lFVqDSzzWwLbl3rpO8tR] 5:map[7:z2LVJuJMcOCsm-VAweCT] 6:map[8:25imAyinhov1A9x-2_yH] 7:map[9:W2k9CA3KTZbuggglJ85F] 8:map[0:4JPKOsUVfVcvncyCAj-8] 9:map[1:7feyKfcAmKMj84e-Z9Qy 10:ZIo_MWLuWr11IuKrdiJ2 11:G-WdPfixCsStieX94OwO 12:96ZhhvdDDUM5xUOVYxQI 13:XE90ySoOGhjGY2lx7_n6 14:qYFp5ienKQiZmDXCokTB 15:hfoSBfHfoMGZC-E23lrs 16:w49ucCQcjPa0iUGSzwdg 17:tS93z-FyNwnLWHVevezP 18:eGx5LOeZm_ldSj2mREyz 19:TuU_Zvm4dt_Z_xRmrtr8]] seqNums:map[0:map[0:3 113871309237573403:60] 1:map[113871309237573403:34] 2:map[113871309237573403:35] 3:map[113871309237573403:36] 4:map[113871309237573403:37] 5:map[113871309237573403:38] 6:map[113871309237573403:39] 7:map[113871309237573403:40] 8:map[113871309237573403:61] 9:map[113871309237573403:50]]
2026/02/24 17:26:56 [Node:1 GID:100 isLeader:false] shardkv server generateSnapshotter raft state size: 95, maxraftstate: 1000
2026/02/24 17:26:56 [Node:2 GID:100 isLeader:false] shardkv server generateSnapshotter raft state size: 95, maxraftstate: 1000
2026/02/24 17:26:56 [Node:0 GID:100 isLeader:true] shardkv client migration data:map[] to server:&{cKpTUpFx4WpS6NZ90vDf 0xc000024310 0xc000024380}, shard:0, gid:102 server:server-102-1 succeess
2026/02/24 17:26:56 [Node:0 GID:100 isLeader:true] shardkv server listenConfigChange new config num:4, old config num:3
2026/02/24 17:26:56 [Node:0 GID:100 isLeader:true] shardkv server diffConfig old config num:3, new config num:4, old config:{3 [100 101 102 100 101 102 100 101 102 100] map[100:[server-100-0 server-100-1 server-100-2] 101:[server-101-0 server-101-1 server-101-2] 102:[server-102-0 server-102-1 server-102-2]]}, new config:{4 [101 102 101 102 101 102 101 102 101 102] map[101:[server-101-0 server-101-1 server-101-2] 102:[server-102-0 server-102-1 server-102-2]]}
2026/02/24 17:26:56 [Node:0 GID:100 isLeader:true] shardkv server listenApplyCh applyMsg:{true {  CHANGE_CONFIG 0 4 0 {4 [101 102 101 102 101 102 101 102 101 102] map[101:[server-101-0 server-101-1 server-101-2] 102:[server-102-0 server-102-1 server-102-2]]} map[] 0} 66 map[] false map[] map[] map[] map[]}
2026/02/24 17:26:56 [Node:0 GID:100 isLeader:true] kv server listenApplyCh op:CHANGE_CONFIG, key:, value: clientid:0, 更新seqNum:4
2026/02/24 17:26:56 [Node:0 GID:100 isLeader:true] shardkv server listenApplyCh apply config num:4
2026/02/24 17:26:56 [Node:0 GID:100 isLeader:true] shardkv server executeConfigChange new config num:4, old config num:3
2026/02/24 17:26:56 [Node:0 GID:100 isLeader:true] shardkv server executeConfigChange migrate shard:0 from 100 to 101, keyList:map[0:{map[2:e7KLJGj9FfoEz52Hcp3H 20:sxevmuW7AmVBs1CkujVp 21:AB-RSTY0r6n0a5q8vcmg 22:_w4WVM9-y3hR5bZSIEWh 23:QFjsUpC5euDpwYpR2oU3 24:IEkCCLX4oicRxt8IqaX3 25:gIvRmn0Vk7CvUtn1b9YE 26:QJpznCkMRhsFOWcrsnvD 27:IX9f8pgSK6B4a77Vh-vx 28:_5uoVW9UzbaA_KtclZvr 29:ITUcWpr5oaTUfV03GUIG] map[0:4 113871309237573403:60]}] shard status:MIGRATION_OUT
2026/02/24 17:26:56 [Node:0 GID:100 isLeader:true] shardkv server executeConfigChange migrate shard:1 from 101 to 102, keyList:map[] shard status:INVALID
2026/02/24 17:26:56 [Node:0 GID:100 isLeader:true] shardkv server executeConfigChange migrate shard:2 from 102 to 101, keyList:map[0:{map[2:e7KLJGj9FfoEz52Hcp3H 20:sxevmuW7AmVBs1CkujVp 21:AB-RSTY0r6n0a5q8vcmg 22:_w4WVM9-y3hR5bZSIEWh 23:QFjsUpC5euDpwYpR2oU3 24:IEkCCLX4oicRxt8IqaX3 25:gIvRmn0Vk7CvUtn1b9YE 26:QJpznCkMRhsFOWcrsnvD 27:IX9f8pgSK6B4a77Vh-vx 28:_5uoVW9UzbaA_KtclZvr 29:ITUcWpr5oaTUfV03GUIG] map[0:4 113871309237573403:60]}] shard status:INVALID
2026/02/24 17:26:56 [Node:0 GID:100 isLeader:true] shardkv server executeConfigChange migrate shard:3 from 100 to 102, keyList:map[3:{map[5:7Qs3WNhdC_Xy7ku2e5YO] map[113871309237573403:36]}] shard status:MIGRATION_OUT
2026/02/24 17:26:56 [Node:0 GID:100 isLeader:true] shardkv server executeConfigChange migrate shard:4 from 101 to 101, keyList:map[0:{map[2:e7KLJGj9FfoEz52Hcp3H 20:sxevmuW7AmVBs1CkujVp 21:AB-RSTY0r6n0a5q8vcmg 22:_w4WVM9-y3hR5bZSIEWh 23:QFjsUpC5euDpwYpR2oU3 24:IEkCCLX4oicRxt8IqaX3 25:gIvRmn0Vk7CvUtn1b9YE 26:QJpznCkMRhsFOWcrsnvD 27:IX9f8pgSK6B4a77Vh-vx 28:_5uoVW9UzbaA_KtclZvr 29:ITUcWpr5oaTUfV03GUIG] map[0:4 113871309237573403:60]}] shard status:INVALID
2026/02/24 17:26:56 [Node:0 GID:100 isLeader:true] shardkv server executeConfigChange migrate shard:5 from 102 to 102, keyList:map[3:{map[5:7Qs3WNhdC_Xy7ku2e5YO] map[113871309237573403:36]}] shard status:INVALID
2026/02/24 17:26:56 [Node:0 GID:100 isLeader:true] shardkv server executeConfigChange migrate shard:6 from 100 to 101, keyList:map[0:{map[2:e7KLJGj9FfoEz52Hcp3H 20:sxevmuW7AmVBs1CkujVp 21:AB-RSTY0r6n0a5q8vcmg 22:_w4WVM9-y3hR5bZSIEWh 23:QFjsUpC5euDpwYpR2oU3 24:IEkCCLX4oicRxt8IqaX3 25:gIvRmn0Vk7CvUtn1b9YE 26:QJpznCkMRhsFOWcrsnvD 27:IX9f8pgSK6B4a77Vh-vx 28:_5uoVW9UzbaA_KtclZvr 29:ITUcWpr5oaTUfV03GUIG] map[0:4 113871309237573403:60]} 6:{map[8:25imAyinhov1A9x-2_yH] map[113871309237573403:39]}] shard status:MIGRATION_OUT
2026/02/24 17:26:56 [Node:0 GID:100 isLeader:true] shardkv server executeConfigChange migrate shard:7 from 101 to 102, keyList:map[3:{map[5:7Qs3WNhdC_Xy7ku2e5YO] map[113871309237573403:36]}] shard status:INVALID
2026/02/24 17:26:56 [Node:0 GID:100 isLeader:true] shardkv server executeConfigChange migrate shard:8 from 102 to 101, keyList:map[0:{map[2:e7KLJGj9FfoEz52Hcp3H 20:sxevmuW7AmVBs1CkujVp 21:AB-RSTY0r6n0a5q8vcmg 22:_w4WVM9-y3hR5bZSIEWh 23:QFjsUpC5euDpwYpR2oU3 24:IEkCCLX4oicRxt8IqaX3 25:gIvRmn0Vk7CvUtn1b9YE 26:QJpznCkMRhsFOWcrsnvD 27:IX9f8pgSK6B4a77Vh-vx 28:_5uoVW9UzbaA_KtclZvr 29:ITUcWpr5oaTUfV03GUIG] map[0:4 113871309237573403:60]} 6:{map[8:25imAyinhov1A9x-2_yH] map[113871309237573403:39]}] shard status:INVALID
2026/02/24 17:26:56 [Node:0 GID:100 isLeader:true] shardkv server executeConfigChange migrate shard:9 from 100 to 102, keyList:map[3:{map[5:7Qs3WNhdC_Xy7ku2e5YO] map[113871309237573403:36]} 9:{map[1:7feyKfcAmKMj84e-Z9Qy 10:ZIo_MWLuWr11IuKrdiJ2 11:G-WdPfixCsStieX94OwO 12:96ZhhvdDDUM5xUOVYxQI 13:XE90ySoOGhjGY2lx7_n6 14:qYFp5ienKQiZmDXCokTB 15:hfoSBfHfoMGZC-E23lrs 16:w49ucCQcjPa0iUGSzwdg 17:tS93z-FyNwnLWHVevezP 18:eGx5LOeZm_ldSj2mREyz 19:TuU_Zvm4dt_Z_xRmrtr8] map[113871309237573403:50]}] shard status:MIGRATION_OUT
2026/02/24 17:26:56 [Node:0 GID:100 isLeader:true] shardkv server executeConfigChange migrate gid2keyList:map[101:map[0:{map[2:e7KLJGj9FfoEz52Hcp3H 20:sxevmuW7AmVBs1CkujVp 21:AB-RSTY0r6n0a5q8vcmg 22:_w4WVM9-y3hR5bZSIEWh 23:QFjsUpC5euDpwYpR2oU3 24:IEkCCLX4oicRxt8IqaX3 25:gIvRmn0Vk7CvUtn1b9YE 26:QJpznCkMRhsFOWcrsnvD 27:IX9f8pgSK6B4a77Vh-vx 28:_5uoVW9UzbaA_KtclZvr 29:ITUcWpr5oaTUfV03GUIG] map[0:4 113871309237573403:60]} 6:{map[8:25imAyinhov1A9x-2_yH] map[113871309237573403:39]}] 102:map[3:{map[5:7Qs3WNhdC_Xy7ku2e5YO] map[113871309237573403:36]} 9:{map[1:7feyKfcAmKMj84e-Z9Qy 10:ZIo_MWLuWr11IuKrdiJ2 11:G-WdPfixCsStieX94OwO 12:96ZhhvdDDUM5xUOVYxQI 13:XE90ySoOGhjGY2lx7_n6 14:qYFp5ienKQiZmDXCokTB 15:hfoSBfHfoMGZC-E23lrs 16:w49ucCQcjPa0iUGSzwdg 17:tS93z-FyNwnLWHVevezP 18:eGx5LOeZm_ldSj2mREyz 19:TuU_Zvm4dt_Z_xRmrtr8] map[113871309237573403:50]}]]
2026/02/24 17:26:56 [Node:0 GID:100 isLeader:true] shardkv server executeConfigChange 更新负责的分片:map[0:0xc0001262c0 1:0xc000126300 2:0xc000126340 3:0xc000126380 4:0xc0001263c0 5:0xc000126400 6:0xc000126440 7:0xc000126480 8:0xc0001264c0 9:0xc000126500]
2026/02/24 17:26:56 [Node:0 GID:100 isLeader:true] shardkv client migration data:map[] to server:&{m2VDQ0yOixtLnW1xYJiv 0xc000024310 0xc000024380}, shard:0, gid:102 server:server-102-0
2026/02/24 17:26:56 [Node:0 GID:100 isLeader:true] shardkv client migration data:map[] to server:&{ITP_AGtT1i66RYvbeDtv 0xc000024310 0xc000024380}, shard:0, gid:101 server:server-101-0
2026/02/24 17:26:56 [Node:0 GID:100 isLeader:true] shardkv client migration data:map[] to server:&{jAXKfq3W4uG7cQ8O2QgY 0xc000024310 0xc000024380}, shard:0, gid:102 server:server-102-1
2026/02/24 17:26:57 [Node:0 GID:100 isLeader:true] shardkv client migration data:map[] to server:&{Wj29njxm9IAtiopd5DAz 0xc000024310 0xc000024380}, shard:0, gid:101 server:server-101-0
2026/02/24 17:26:57 [Node:0 GID:100 isLeader:true] shardkv client migration data:map[] to server:&{b3FvZCuruvx-kO7A3_52 0xc000024310 0xc000024380}, shard:0, gid:102 server:server-102-0
2026/02/24 17:26:57 [Node:0 GID:100 isLeader:true] shardkv client migration data:map[] to server:&{I6IFm6tHWpihjkBIHRvH 0xc000024310 0xc000024380}, shard:0, gid:102 server:server-102-1
2026/02/24 17:26:57 [Node:0 GID:100 isLeader:true] shardkv server generateSnapshotter raft state size: 660, maxraftstate: 1000
2026/02/24 17:26:57 [Node:1 GID:100 isLeader:false] shardkv server generateSnapshotter raft state size: 660, maxraftstate: 1000
2026/02/24 17:26:57 [Node:2 GID:100 isLeader:false] shardkv server generateSnapshotter raft state size: 660, maxraftstate: 1000
2026/02/24 17:26:57 [Node:2 GID:100 isLeader:false] shardkv server listenApplyCh applyMsg:{true {  CHANGE_CONFIG 0 4 0 {4 [101 102 101 102 101 102 101 102 101 102] map[101:[server-101-0 server-101-1 server-101-2] 102:[server-102-0 server-102-1 server-102-2]]} map[] 0} 66 map[] false map[] map[] map[] map[]}
2026/02/24 17:26:57 [Node:2 GID:100 isLeader:false] kv server listenApplyCh op:CHANGE_CONFIG, key:, value: clientid:0, 更新seqNum:4
2026/02/24 17:26:57 [Node:1 GID:100 isLeader:false] shardkv server listenApplyCh applyMsg:{true {  CHANGE_CONFIG 0 4 0 {4 [101 102 101 102 101 102 101 102 101 102] map[101:[server-101-0 server-101-1 server-101-2] 102:[server-102-0 server-102-1 server-102-2]]} map[] 0} 66 map[] false map[] map[] map[] map[]}
2026/02/24 17:26:57 [Node:1 GID:100 isLeader:false] kv server listenApplyCh op:CHANGE_CONFIG, key:, value: clientid:0, 更新seqNum:4
2026/02/24 17:26:57 [Node:2 GID:100 isLeader:false] shardkv server listenApplyCh apply config num:4
2026/02/24 17:26:57 [Node:1 GID:100 isLeader:false] shardkv server listenApplyCh apply config num:4
2026/02/24 17:26:57 [Node:2 GID:100 isLeader:false] shardkv server executeConfigChange new config num:4, old config num:3
2026/02/24 17:26:57 [Node:1 GID:100 isLeader:false] shardkv server executeConfigChange new config num:4, old config num:3
2026/02/24 17:26:57 [Node:2 GID:100 isLeader:false] shardkv server executeConfigChange migrate shard:0 from 100 to 101, keyList:map[0:{map[2:e7KLJGj9FfoEz52Hcp3H 20:sxevmuW7AmVBs1CkujVp 21:AB-RSTY0r6n0a5q8vcmg 22:_w4WVM9-y3hR5bZSIEWh 23:QFjsUpC5euDpwYpR2oU3 24:IEkCCLX4oicRxt8IqaX3 25:gIvRmn0Vk7CvUtn1b9YE 26:QJpznCkMRhsFOWcrsnvD 27:IX9f8pgSK6B4a77Vh-vx 28:_5uoVW9UzbaA_KtclZvr 29:ITUcWpr5oaTUfV03GUIG] map[0:4 113871309237573403:60]}] shard status:MIGRATION_OUT
2026/02/24 17:26:57 [Node:2 GID:100 isLeader:false] shardkv server executeConfigChange migrate shard:1 from 101 to 102, keyList:map[] shard status:INVALID
2026/02/24 17:26:57 [Node:1 GID:100 isLeader:false] shardkv server executeConfigChange migrate shard:0 from 100 to 101, keyList:map[0:{map[2:e7KLJGj9FfoEz52Hcp3H 20:sxevmuW7AmVBs1CkujVp 21:AB-RSTY0r6n0a5q8vcmg 22:_w4WVM9-y3hR5bZSIEWh 23:QFjsUpC5euDpwYpR2oU3 24:IEkCCLX4oicRxt8IqaX3 25:gIvRmn0Vk7CvUtn1b9YE 26:QJpznCkMRhsFOWcrsnvD 27:IX9f8pgSK6B4a77Vh-vx 28:_5uoVW9UzbaA_KtclZvr 29:ITUcWpr5oaTUfV03GUIG] map[0:4 113871309237573403:60]}] shard status:MIGRATION_OUT
2026/02/24 17:26:57 [Node:2 GID:100 isLeader:false] shardkv server executeConfigChange migrate shard:2 from 102 to 101, keyList:map[0:{map[2:e7KLJGj9FfoEz52Hcp3H 20:sxevmuW7AmVBs1CkujVp 21:AB-RSTY0r6n0a5q8vcmg 22:_w4WVM9-y3hR5bZSIEWh 23:QFjsUpC5euDpwYpR2oU3 24:IEkCCLX4oicRxt8IqaX3 25:gIvRmn0Vk7CvUtn1b9YE 26:QJpznCkMRhsFOWcrsnvD 27:IX9f8pgSK6B4a77Vh-vx 28:_5uoVW9UzbaA_KtclZvr 29:ITUcWpr5oaTUfV03GUIG] map[0:4 113871309237573403:60]}] shard status:INVALID
2026/02/24 17:26:57 [Node:1 GID:100 isLeader:false] shardkv server executeConfigChange migrate shard:1 from 101 to 102, keyList:map[] shard status:INVALID
2026/02/24 17:26:57 [Node:2 GID:100 isLeader:false] shardkv server executeConfigChange migrate shard:3 from 100 to 102, keyList:map[3:{map[5:7Qs3WNhdC_Xy7ku2e5YO] map[113871309237573403:36]}] shard status:MIGRATION_OUT
2026/02/24 17:26:57 [Node:1 GID:100 isLeader:false] shardkv server executeConfigChange migrate shard:2 from 102 to 101, keyList:map[0:{map[2:e7KLJGj9FfoEz52Hcp3H 20:sxevmuW7AmVBs1CkujVp 21:AB-RSTY0r6n0a5q8vcmg 22:_w4WVM9-y3hR5bZSIEWh 23:QFjsUpC5euDpwYpR2oU3 24:IEkCCLX4oicRxt8IqaX3 25:gIvRmn0Vk7CvUtn1b9YE 26:QJpznCkMRhsFOWcrsnvD 27:IX9f8pgSK6B4a77Vh-vx 28:_5uoVW9UzbaA_KtclZvr 29:ITUcWpr5oaTUfV03GUIG] map[0:4 113871309237573403:60]}] shard status:INVALID
2026/02/24 17:26:57 [Node:2 GID:100 isLeader:false] shardkv server executeConfigChange migrate shard:4 from 101 to 101, keyList:map[0:{map[2:e7KLJGj9FfoEz52Hcp3H 20:sxevmuW7AmVBs1CkujVp 21:AB-RSTY0r6n0a5q8vcmg 22:_w4WVM9-y3hR5bZSIEWh 23:QFjsUpC5euDpwYpR2oU3 24:IEkCCLX4oicRxt8IqaX3 25:gIvRmn0Vk7CvUtn1b9YE 26:QJpznCkMRhsFOWcrsnvD 27:IX9f8pgSK6B4a77Vh-vx 28:_5uoVW9UzbaA_KtclZvr 29:ITUcWpr5oaTUfV03GUIG] map[0:4 113871309237573403:60]}] shard status:INVALID
2026/02/24 17:26:57 [Node:1 GID:100 isLeader:false] shardkv server executeConfigChange migrate shard:3 from 100 to 102, keyList:map[3:{map[5:7Qs3WNhdC_Xy7ku2e5YO] map[113871309237573403:36]}] shard status:MIGRATION_OUT
2026/02/24 17:26:57 [Node:2 GID:100 isLeader:false] shardkv server executeConfigChange migrate shard:5 from 102 to 102, keyList:map[3:{map[5:7Qs3WNhdC_Xy7ku2e5YO] map[113871309237573403:36]}] shard status:INVALID
2026/02/24 17:26:57 [Node:1 GID:100 isLeader:false] shardkv server executeConfigChange migrate shard:4 from 101 to 101, keyList:map[0:{map[2:e7KLJGj9FfoEz52Hcp3H 20:sxevmuW7AmVBs1CkujVp 21:AB-RSTY0r6n0a5q8vcmg 22:_w4WVM9-y3hR5bZSIEWh 23:QFjsUpC5euDpwYpR2oU3 24:IEkCCLX4oicRxt8IqaX3 25:gIvRmn0Vk7CvUtn1b9YE 26:QJpznCkMRhsFOWcrsnvD 27:IX9f8pgSK6B4a77Vh-vx 28:_5uoVW9UzbaA_KtclZvr 29:ITUcWpr5oaTUfV03GUIG] map[0:4 113871309237573403:60]}] shard status:INVALID
2026/02/24 17:26:57 [Node:2 GID:100 isLeader:false] shardkv server executeConfigChange migrate shard:6 from 100 to 101, keyList:map[0:{map[2:e7KLJGj9FfoEz52Hcp3H 20:sxevmuW7AmVBs1CkujVp 21:AB-RSTY0r6n0a5q8vcmg 22:_w4WVM9-y3hR5bZSIEWh 23:QFjsUpC5euDpwYpR2oU3 24:IEkCCLX4oicRxt8IqaX3 25:gIvRmn0Vk7CvUtn1b9YE 26:QJpznCkMRhsFOWcrsnvD 27:IX9f8pgSK6B4a77Vh-vx 28:_5uoVW9UzbaA_KtclZvr 29:ITUcWpr5oaTUfV03GUIG] map[0:4 113871309237573403:60]} 6:{map[8:25imAyinhov1A9x-2_yH] map[113871309237573403:39]}] shard status:MIGRATION_OUT
2026/02/24 17:26:57 [Node:2 GID:100 isLeader:false] shardkv server executeConfigChange migrate shard:7 from 101 to 102, keyList:map[3:{map[5:7Qs3WNhdC_Xy7ku2e5YO] map[113871309237573403:36]}] shard status:INVALID
2026/02/24 17:26:57 [Node:1 GID:100 isLeader:false] shardkv server executeConfigChange migrate shard:5 from 102 to 102, keyList:map[3:{map[5:7Qs3WNhdC_Xy7ku2e5YO] map[113871309237573403:36]}] shard status:INVALID
2026/02/24 17:26:57 [Node:2 GID:100 isLeader:false] shardkv server executeConfigChange migrate shard:8 from 102 to 101, keyList:map[0:{map[2:e7KLJGj9FfoEz52Hcp3H 20:sxevmuW7AmVBs1CkujVp 21:AB-RSTY0r6n0a5q8vcmg 22:_w4WVM9-y3hR5bZSIEWh 23:QFjsUpC5euDpwYpR2oU3 24:IEkCCLX4oicRxt8IqaX3 25:gIvRmn0Vk7CvUtn1b9YE 26:QJpznCkMRhsFOWcrsnvD 27:IX9f8pgSK6B4a77Vh-vx 28:_5uoVW9UzbaA_KtclZvr 29:ITUcWpr5oaTUfV03GUIG] map[0:4 113871309237573403:60]} 6:{map[8:25imAyinhov1A9x-2_yH] map[113871309237573403:39]}] shard status:INVALID
2026/02/24 17:26:57 [Node:1 GID:100 isLeader:false] shardkv server executeConfigChange migrate shard:6 from 100 to 101, keyList:map[0:{map[2:e7KLJGj9FfoEz52Hcp3H 20:sxevmuW7AmVBs1CkujVp 21:AB-RSTY0r6n0a5q8vcmg 22:_w4WVM9-y3hR5bZSIEWh 23:QFjsUpC5euDpwYpR2oU3 24:IEkCCLX4oicRxt8IqaX3 25:gIvRmn0Vk7CvUtn1b9YE 26:QJpznCkMRhsFOWcrsnvD 27:IX9f8pgSK6B4a77Vh-vx 28:_5uoVW9UzbaA_KtclZvr 29:ITUcWpr5oaTUfV03GUIG] map[0:4 113871309237573403:60]} 6:{map[8:25imAyinhov1A9x-2_yH] map[113871309237573403:39]}] shard status:MIGRATION_OUT
2026/02/24 17:26:57 [Node:2 GID:100 isLeader:false] shardkv server executeConfigChange migrate shard:9 from 100 to 102, keyList:map[3:{map[5:7Qs3WNhdC_Xy7ku2e5YO] map[113871309237573403:36]} 9:{map[1:7feyKfcAmKMj84e-Z9Qy 10:ZIo_MWLuWr11IuKrdiJ2 11:G-WdPfixCsStieX94OwO 12:96ZhhvdDDUM5xUOVYxQI 13:XE90ySoOGhjGY2lx7_n6 14:qYFp5ienKQiZmDXCokTB 15:hfoSBfHfoMGZC-E23lrs 16:w49ucCQcjPa0iUGSzwdg 17:tS93z-FyNwnLWHVevezP 18:eGx5LOeZm_ldSj2mREyz 19:TuU_Zvm4dt_Z_xRmrtr8] map[113871309237573403:50]}] shard status:MIGRATION_OUT
2026/02/24 17:26:57 [Node:1 GID:100 isLeader:false] shardkv server executeConfigChange migrate shard:7 from 101 to 102, keyList:map[3:{map[5:7Qs3WNhdC_Xy7ku2e5YO] map[113871309237573403:36]}] shard status:INVALID
2026/02/24 17:26:57 [Node:1 GID:100 isLeader:false] shardkv server executeConfigChange migrate shard:8 from 102 to 101, keyList:map[0:{map[2:e7KLJGj9FfoEz52Hcp3H 20:sxevmuW7AmVBs1CkujVp 21:AB-RSTY0r6n0a5q8vcmg 22:_w4WVM9-y3hR5bZSIEWh 23:QFjsUpC5euDpwYpR2oU3 24:IEkCCLX4oicRxt8IqaX3 25:gIvRmn0Vk7CvUtn1b9YE 26:QJpznCkMRhsFOWcrsnvD 27:IX9f8pgSK6B4a77Vh-vx 28:_5uoVW9UzbaA_KtclZvr 29:ITUcWpr5oaTUfV03GUIG] map[0:4 113871309237573403:60]} 6:{map[8:25imAyinhov1A9x-2_yH] map[113871309237573403:39]}] shard status:INVALID
2026/02/24 17:26:57 [Node:2 GID:100 isLeader:false] shardkv server executeConfigChange migrate gid2keyList:map[101:map[0:{map[2:e7KLJGj9FfoEz52Hcp3H 20:sxevmuW7AmVBs1CkujVp 21:AB-RSTY0r6n0a5q8vcmg 22:_w4WVM9-y3hR5bZSIEWh 23:QFjsUpC5euDpwYpR2oU3 24:IEkCCLX4oicRxt8IqaX3 25:gIvRmn0Vk7CvUtn1b9YE 26:QJpznCkMRhsFOWcrsnvD 27:IX9f8pgSK6B4a77Vh-vx 28:_5uoVW9UzbaA_KtclZvr 29:ITUcWpr5oaTUfV03GUIG] map[0:4 113871309237573403:60]} 6:{map[8:25imAyinhov1A9x-2_yH] map[113871309237573403:39]}] 102:map[3:{map[5:7Qs3WNhdC_Xy7ku2e5YO] map[113871309237573403:36]} 9:{map[1:7feyKfcAmKMj84e-Z9Qy 10:ZIo_MWLuWr11IuKrdiJ2 11:G-WdPfixCsStieX94OwO 12:96ZhhvdDDUM5xUOVYxQI 13:XE90ySoOGhjGY2lx7_n6 14:qYFp5ienKQiZmDXCokTB 15:hfoSBfHfoMGZC-E23lrs 16:w49ucCQcjPa0iUGSzwdg 17:tS93z-FyNwnLWHVevezP 18:eGx5LOeZm_ldSj2mREyz 19:TuU_Zvm4dt_Z_xRmrtr8] map[113871309237573403:50]}]]
2026/02/24 17:26:57 [Node:1 GID:100 isLeader:false] shardkv server executeConfigChange migrate shard:9 from 100 to 102, keyList:map[3:{map[5:7Qs3WNhdC_Xy7ku2e5YO] map[113871309237573403:36]} 9:{map[1:7feyKfcAmKMj84e-Z9Qy 10:ZIo_MWLuWr11IuKrdiJ2 11:G-WdPfixCsStieX94OwO 12:96ZhhvdDDUM5xUOVYxQI 13:XE90ySoOGhjGY2lx7_n6 14:qYFp5ienKQiZmDXCokTB 15:hfoSBfHfoMGZC-E23lrs 16:w49ucCQcjPa0iUGSzwdg 17:tS93z-FyNwnLWHVevezP 18:eGx5LOeZm_ldSj2mREyz 19:TuU_Zvm4dt_Z_xRmrtr8] map[113871309237573403:50]}] shard status:MIGRATION_OUT
2026/02/24 17:26:57 [Node:1 GID:100 isLeader:false] shardkv server executeConfigChange migrate gid2keyList:map[101:map[0:{map[2:e7KLJGj9FfoEz52Hcp3H 20:sxevmuW7AmVBs1CkujVp 21:AB-RSTY0r6n0a5q8vcmg 22:_w4WVM9-y3hR5bZSIEWh 23:QFjsUpC5euDpwYpR2oU3 24:IEkCCLX4oicRxt8IqaX3 25:gIvRmn0Vk7CvUtn1b9YE 26:QJpznCkMRhsFOWcrsnvD 27:IX9f8pgSK6B4a77Vh-vx 28:_5uoVW9UzbaA_KtclZvr 29:ITUcWpr5oaTUfV03GUIG] map[0:4 113871309237573403:60]} 6:{map[8:25imAyinhov1A9x-2_yH] map[113871309237573403:39]}] 102:map[3:{map[5:7Qs3WNhdC_Xy7ku2e5YO] map[113871309237573403:36]} 9:{map[1:7feyKfcAmKMj84e-Z9Qy 10:ZIo_MWLuWr11IuKrdiJ2 11:G-WdPfixCsStieX94OwO 12:96ZhhvdDDUM5xUOVYxQI 13:XE90ySoOGhjGY2lx7_n6 14:qYFp5ienKQiZmDXCokTB 15:hfoSBfHfoMGZC-E23lrs 16:w49ucCQcjPa0iUGSzwdg 17:tS93z-FyNwnLWHVevezP 18:eGx5LOeZm_ldSj2mREyz 19:TuU_Zvm4dt_Z_xRmrtr8] map[113871309237573403:50]}]]
2026/02/24 17:26:57 [Node:1 GID:100 isLeader:false] shardkv server executeConfigChange 更新负责的分片:map[0:0xc0001266c0 1:0xc000126700 2:0xc000126740 3:0xc000126780 4:0xc0001267c0 5:0xc000126800 6:0xc000126840 7:0xc000126880 8:0xc0001268c0 9:0xc000126900]
2026/02/24 17:26:57 [Node:2 GID:100 isLeader:false] shardkv server executeConfigChange 更新负责的分片:map[0:0xc000126ac0 1:0xc000126b00 2:0xc000126b40 3:0xc000126b80 4:0xc000126bc0 5:0xc000126c00 6:0xc000126c40 7:0xc000126c80 8:0xc000126cc0 9:0xc000126d00]
2026/02/24 17:26:57 [Node:0 GID:100 isLeader:true] shardkv client migration data:map[] to server:&{I6IFm6tHWpihjkBIHRvH 0xc000024310 0xc000024380}, shard:0, gid:102 server:server-102-1 succeess
2026/02/24 17:26:57 [Node:0 GID:100 isLeader:true] shardkv client migration data:map[] to server:&{Wj29njxm9IAtiopd5DAz 0xc000024310 0xc000024380}, shard:0, gid:101 server:server-101-0 succeess
2026/02/24 17:26:57 [Node:1 GID:100 isLeader:false] shardkv server generateSnapshotter raft state size: 660, maxraftstate: 1000
2026/02/24 17:26:57 [Node:2 GID:100 isLeader:false] shardkv server generateSnapshotter raft state size: 660, maxraftstate: 1000
2026/02/24 17:26:57 [Node:0 GID:100 isLeader:true] shardkv server generateSnapshotter raft state size: 660, maxraftstate: 1000
2026/02/24 17:26:57 [Node:1 GID:100 isLeader:false] shardkv server generateSnapshotter raft state size: 660, maxraftstate: 1000
2026/02/24 17:26:57 [Node:2 GID:100 isLeader:false] shardkv server generateSnapshotter raft state size: 660, maxraftstate: 1000
2026/02/24 17:26:57 [Node:0 GID:100 isLeader:true] shardkv server generateSnapshotter raft state size: 660, maxraftstate: 1000
2026/02/24 17:26:57 [Node:0 GID:100 isLeader:true] shardkv server generateSnapshotter raft state size: 660, maxraftstate: 1000
2026/02/24 17:26:57 [Node:1 GID:100 isLeader:false] shardkv server generateSnapshotter raft state size: 660, maxraftstate: 1000
2026/02/24 17:26:57 [Node:2 GID:100 isLeader:false] shardkv server generateSnapshotter raft state size: 660, maxraftstate: 1000
2026/02/24 17:26:57 [Node:2 GID:100 isLeader:false] shardkv server generateSnapshotter raft state size: 660, maxraftstate: 1000
2026/02/24 17:26:57 [Node:0 GID:100 isLeader:true] shardkv server generateSnapshotter raft state size: 660, maxraftstate: 1000
2026/02/24 17:26:57 [Node:1 GID:100 isLeader:false] shardkv server generateSnapshotter raft state size: 660, maxraftstate: 1000
2026/02/24 17:26:57 [Node:2 GID:100 isLeader:false] shardkv server generateSnapshotter raft state size: 660, maxraftstate: 1000
2026/02/24 17:26:57 [Node:1 GID:100 isLeader:false] shardkv server generateSnapshotter raft state size: 660, maxraftstate: 1000
2026/02/24 17:26:57 [Node:0 GID:100 isLeader:true] shardkv server generateSnapshotter raft state size: 660, maxraftstate: 1000
2026/02/24 17:26:57 [Node:0 GID:100 isLeader:true] shardkv server generateSnapshotter raft state size: 660, maxraftstate: 1000
2026/02/24 17:26:57 [Node:1 GID:100 isLeader:false] shardkv server generateSnapshotter raft state size: 660, maxraftstate: 1000
2026/02/24 17:26:57 [Node:2 GID:100 isLeader:false] shardkv server generateSnapshotter raft state size: 660, maxraftstate: 1000
2026/02/24 17:26:57 [Node:2 GID:100 isLeader:false] shardkv server generateSnapshotter raft state size: 660, maxraftstate: 1000
2026/02/24 17:26:57 [Node:1 GID:100 isLeader:false] shardkv server generateSnapshotter raft state size: 660, maxraftstate: 1000
2026/02/24 17:26:57 [Node:0 GID:100 isLeader:true] shardkv server generateSnapshotter raft state size: 660, maxraftstate: 1000
2026/02/24 17:26:57 [Node:2 GID:100 isLeader:false] shardkv server generateSnapshotter raft state size: 660, maxraftstate: 1000
2026/02/24 17:26:57 [Node:0 GID:100 isLeader:true] shardkv server generateSnapshotter raft state size: 660, maxraftstate: 1000
2026/02/24 17:26:57 [Node:1 GID:100 isLeader:false] shardkv server generateSnapshotter raft state size: 660, maxraftstate: 1000
2026/02/24 17:26:57 [Node:2 GID:100 isLeader:false] shardkv server generateSnapshotter raft state size: 660, maxraftstate: 1000
2026/02/24 17:26:57 [Node:0 GID:100 isLeader:true] shardkv server generateSnapshotter raft state size: 660, maxraftstate: 1000
2026/02/24 17:26:57 [Node:1 GID:100 isLeader:false] shardkv server generateSnapshotter raft state size: 660, maxraftstate: 1000
2026/02/24 17:26:58 [Node:1 GID:100 isLeader:false] shardkv server generateSnapshotter raft state size: 660, maxraftstate: 1000
2026/02/24 17:26:58 [Node:0 GID:100 isLeader:true] shardkv server generateSnapshotter raft state size: 660, maxraftstate: 1000
2026/02/24 17:26:58 [Node:2 GID:100 isLeader:false] shardkv server generateSnapshotter raft state size: 660, maxraftstate: 1000
2026/02/24 17:26:58 [Node:0 GID:100 isLeader:true] shardkv server generateSnapshotter raft state size: 660, maxraftstate: 1000
2026/02/24 17:26:58 [Node:2 GID:100 isLeader:false] shardkv server generateSnapshotter raft state size: 660, maxraftstate: 1000
2026/02/24 17:26:58 [Node:1 GID:100 isLeader:false] shardkv server generateSnapshotter raft state size: 660, maxraftstate: 1000
2026/02/24 17:26:58 [Node:2 GID:100 isLeader:false] shardkv server generateSnapshotter raft state size: 660, maxraftstate: 1000
2026/02/24 17:26:58 [Node:1 GID:100 isLeader:false] shardkv server generateSnapshotter raft state size: 660, maxraftstate: 1000
2026/02/24 17:26:58 [Node:0 GID:100 isLeader:true] shardkv server generateSnapshotter raft state size: 660, maxraftstate: 1000
2026/02/24 17:26:58 [Node:0 GID:100 isLeader:true] shardkv server generateSnapshotter raft state size: 660, maxraftstate: 1000
2026/02/24 17:26:58 [Node:2 GID:100 isLeader:false] shardkv server generateSnapshotter raft state size: 660, maxraftstate: 1000
2026/02/24 17:26:58 [Node:1 GID:100 isLeader:false] shardkv server generateSnapshotter raft state size: 660, maxraftstate: 1000
2026/02/24 17:26:58 [Node:2 GID:100 isLeader:false] shardkv server generateSnapshotter raft state size: 660, maxraftstate: 1000
2026/02/24 17:26:58 [Node:1 GID:100 isLeader:false] shardkv server generateSnapshotter raft state size: 660, maxraftstate: 1000
2026/02/24 17:26:58 [Node:0 GID:100 isLeader:true] shardkv server generateSnapshotter raft state size: 660, maxraftstate: 1000
2026/02/24 17:26:58 [Node:0 GID:100 isLeader:true] shardkv server generateSnapshotter raft state size: 660, maxraftstate: 1000
2026/02/24 17:26:58 [Node:2 GID:100 isLeader:false] shardkv server generateSnapshotter raft state size: 660, maxraftstate: 1000
2026/02/24 17:26:58 [Node:1 GID:100 isLeader:false] shardkv server generateSnapshotter raft state size: 660, maxraftstate: 1000
2026/02/24 17:26:58 [Node:1 GID:100 isLeader:false] shardkv server generateSnapshotter raft state size: 660, maxraftstate: 1000
2026/02/24 17:26:58 [Node:2 GID:100 isLeader:false] shardkv server generateSnapshotter raft state size: 660, maxraftstate: 1000
2026/02/24 17:26:58 [Node:0 GID:100 isLeader:true] shardkv server generateSnapshotter raft state size: 660, maxraftstate: 1000
2026/02/24 17:26:58 [Node:1 GID:100 isLeader:false] shardkv server generateSnapshotter raft state size: 660, maxraftstate: 1000
2026/02/24 17:26:58 [Node:2 GID:100 isLeader:false] shardkv server generateSnapshotter raft state size: 660, maxraftstate: 1000
2026/02/24 17:26:58 [Node:0 GID:100 isLeader:true] shardkv server generateSnapshotter raft state size: 660, maxraftstate: 1000
2026/02/24 17:26:58 [Node:1 GID:100 isLeader:false] shardkv server generateSnapshotter raft state size: 660, maxraftstate: 1000
2026/02/24 17:26:58 [Node:2 GID:100 isLeader:false] shardkv server generateSnapshotter raft state size: 660, maxraftstate: 1000
2026/02/24 17:26:58 [Node:0 GID:100 isLeader:true] shardkv server generateSnapshotter raft state size: 660, maxraftstate: 1000
2026/02/24 17:26:58 [Node:2 GID:100 isLeader:false] shardkv server generateSnapshotter raft state size: 660, maxraftstate: 1000
2026/02/24 17:26:58 [Node:0 GID:100 isLeader:true] shardkv server generateSnapshotter raft state size: 660, maxraftstate: 1000
2026/02/24 17:26:58 [Node:1 GID:100 isLeader:false] shardkv server generateSnapshotter raft state size: 660, maxraftstate: 1000
2026/02/24 17:26:59 [Node:0 GID:100 isLeader:true] shardkv server generateSnapshotter raft state size: 660, maxraftstate: 1000
2026/02/24 17:26:59 [Node:2 GID:100 isLeader:false] shardkv server generateSnapshotter raft state size: 660, maxraftstate: 1000
2026/02/24 17:26:59 [Node:1 GID:100 isLeader:false] shardkv server generateSnapshotter raft state size: 660, maxraftstate: 1000
2026/02/24 17:26:59 [Node:1 GID:100 isLeader:false] shardkv server generateSnapshotter raft state size: 660, maxraftstate: 1000
2026/02/24 17:26:59 [Node:0 GID:100 isLeader:true] shardkv server generateSnapshotter raft state size: 660, maxraftstate: 1000
2026/02/24 17:26:59 [Node:2 GID:100 isLeader:false] shardkv server generateSnapshotter raft state size: 660, maxraftstate: 1000
2026/02/24 17:26:59 [Node:1 GID:100 isLeader:false] shardkv server generateSnapshotter raft state size: 660, maxraftstate: 1000
2026/02/24 17:26:59 [Node:0 GID:100 isLeader:true] shardkv server generateSnapshotter raft state size: 660, maxraftstate: 1000
2026/02/24 17:26:59 [Node:2 GID:100 isLeader:false] shardkv server generateSnapshotter raft state size: 660, maxraftstate: 1000
2026/02/24 17:26:59 [Node:1 GID:100 isLeader:false] shardkv server generateSnapshotter raft state size: 660, maxraftstate: 1000
2026/02/24 17:26:59 [Node:0 GID:100 isLeader:true] shardkv server generateSnapshotter raft state size: 660, maxraftstate: 1000
2026/02/24 17:26:59 [Node:2 GID:100 isLeader:false] shardkv server generateSnapshotter raft state size: 660, maxraftstate: 1000
2026/02/24 17:26:59 [Node:1 GID:100 isLeader:false] shardkv server generateSnapshotter raft state size: 660, maxraftstate: 1000
2026/02/24 17:26:59 [Node:2 GID:100 isLeader:false] shardkv server generateSnapshotter raft state size: 660, maxraftstate: 1000
2026/02/24 17:26:59 [Node:0 GID:100 isLeader:true] shardkv server generateSnapshotter raft state size: 660, maxraftstate: 1000
2026/02/24 17:26:59 [Node:2 GID:100 isLeader:false] shardkv server generateSnapshotter raft state size: 660, maxraftstate: 1000
2026/02/24 17:26:59 [Node:1 GID:100 isLeader:false] shardkv server generateSnapshotter raft state size: 660, maxraftstate: 1000
2026/02/24 17:26:59 [Node:0 GID:100 isLeader:true] shardkv server generateSnapshotter raft state size: 660, maxraftstate: 1000
2026/02/24 17:26:59 [Node:2 GID:100 isLeader:false] shardkv server generateSnapshotter raft state size: 660, maxraftstate: 1000
2026/02/24 17:26:59 [Node:1 GID:100 isLeader:false] shardkv server generateSnapshotter raft state size: 660, maxraftstate: 1000
2026/02/24 17:26:59 [Node:0 GID:100 isLeader:true] shardkv server generateSnapshotter raft state size: 660, maxraftstate: 1000
2026/02/24 17:26:59 [Node:2 GID:100 isLeader:false] shardkv server generateSnapshotter raft state size: 660, maxraftstate: 1000
2026/02/24 17:26:59 [Node:1 GID:100 isLeader:false] shardkv server generateSnapshotter raft state size: 660, maxraftstate: 1000
2026/02/24 17:26:59 [Node:0 GID:100 isLeader:true] shardkv server generateSnapshotter raft state size: 660, maxraftstate: 1000
2026/02/24 17:26:59 [Node:1 GID:100 isLeader:false] shardkv server generateSnapshotter raft state size: 660, maxraftstate: 1000
2026/02/24 17:26:59 [Node:2 GID:100 isLeader:false] shardkv server generateSnapshotter raft state size: 660, maxraftstate: 1000
2026/02/24 17:26:59 [Node:0 GID:100 isLeader:true] shardkv server generateSnapshotter raft state size: 660, maxraftstate: 1000
2026/02/24 17:26:59 [Node:1 GID:100 isLeader:false] shardkv server generateSnapshotter raft state size: 660, maxraftstate: 1000
2026/02/24 17:26:59 [Node:2 GID:100 isLeader:false] shardkv server generateSnapshotter raft state size: 660, maxraftstate: 1000
2026/02/24 17:26:59 [Node:0 GID:100 isLeader:true] shardkv server generateSnapshotter raft state size: 660, maxraftstate: 1000
2026/02/24 17:27:00 [Node:1 GID:100 isLeader:false] shardkv server generateSnapshotter raft state size: 660, maxraftstate: 1000
2026/02/24 17:27:00 [Node:2 GID:100 isLeader:false] shardkv server generateSnapshotter raft state size: 660, maxraftstate: 1000
2026/02/24 17:27:00 [Node:0 GID:100 isLeader:true] shardkv server generateSnapshotter raft state size: 660, maxraftstate: 1000
2026/02/24 17:27:00 [Node:1 GID:100 isLeader:false] shardkv server generateSnapshotter raft state size: 660, maxraftstate: 1000
2026/02/24 17:27:00 [Node:2 GID:100 isLeader:false] shardkv server generateSnapshotter raft state size: 660, maxraftstate: 1000
2026/02/24 17:27:00 [Node:0 GID:100 isLeader:true] shardkv server generateSnapshotter raft state size: 660, maxraftstate: 1000
2026/02/24 17:27:00 [Node:0 GID:100 isLeader:true] shardkv server listenConfigChange new config num:5, old config num:4
2026/02/24 17:27:00 [Node:0 GID:100 isLeader:true] shardkv server diffConfig old config num:4, new config num:5, old config:{4 [101 102 101 102 101 102 101 102 101 102] map[101:[server-101-0 server-101-1 server-101-2] 102:[server-102-0 server-102-1 server-102-2]]}, new config:{5 [102 102 102 102 102 102 102 102 102 102] map[102:[server-102-0 server-102-1 server-102-2]]}
2026/02/24 17:27:00 [Node:0 GID:100 isLeader:true] shardkv server listenApplyCh applyMsg:{true {  CHANGE_CONFIG 0 5 0 {5 [102 102 102 102 102 102 102 102 102 102] map[102:[server-102-0 server-102-1 server-102-2]]} map[] 0} 67 map[] false map[] map[] map[] map[]}
2026/02/24 17:27:00 [Node:0 GID:100 isLeader:true] kv server listenApplyCh op:CHANGE_CONFIG, key:, value: clientid:0, 更新seqNum:5
2026/02/24 17:27:00 [Node:0 GID:100 isLeader:true] shardkv server listenApplyCh apply config num:5
2026/02/24 17:27:00 [Node:0 GID:100 isLeader:true] shardkv server executeConfigChange new config num:5, old config num:4
2026/02/24 17:27:00 [Node:0 GID:100 isLeader:true] shardkv server executeConfigChange migrate shard:0 from 101 to 102, keyList:map[] shard status:INVALID
2026/02/24 17:27:00 [Node:0 GID:100 isLeader:true] shardkv server executeConfigChange migrate shard:1 from 102 to 102, keyList:map[] shard status:INVALID
2026/02/24 17:27:00 [Node:0 GID:100 isLeader:true] shardkv server executeConfigChange migrate shard:2 from 101 to 102, keyList:map[] shard status:INVALID
2026/02/24 17:27:00 [Node:0 GID:100 isLeader:true] shardkv server executeConfigChange migrate shard:3 from 102 to 102, keyList:map[] shard status:INVALID
2026/02/24 17:27:00 [Node:0 GID:100 isLeader:true] shardkv server executeConfigChange migrate shard:4 from 101 to 102, keyList:map[] shard status:INVALID
2026/02/24 17:27:00 [Node:0 GID:100 isLeader:true] shardkv server executeConfigChange migrate shard:5 from 102 to 102, keyList:map[] shard status:INVALID
2026/02/24 17:27:00 [Node:0 GID:100 isLeader:true] shardkv server executeConfigChange migrate shard:6 from 101 to 102, keyList:map[] shard status:INVALID
2026/02/24 17:27:00 [Node:0 GID:100 isLeader:true] shardkv server executeConfigChange migrate shard:7 from 102 to 102, keyList:map[] shard status:INVALID
2026/02/24 17:27:00 [Node:0 GID:100 isLeader:true] shardkv server executeConfigChange migrate shard:8 from 101 to 102, keyList:map[] shard status:INVALID
2026/02/24 17:27:00 [Node:0 GID:100 isLeader:true] shardkv server executeConfigChange migrate shard:9 from 102 to 102, keyList:map[] shard status:INVALID
2026/02/24 17:27:00 [Node:0 GID:100 isLeader:true] shardkv server executeConfigChange migrate gid2keyList:map[]
2026/02/24 17:27:00 [Node:0 GID:100 isLeader:true] shardkv server executeConfigChange 更新负责的分片:map[0:0xc0001262c0 1:0xc000126300 2:0xc000126340 3:0xc000126380 4:0xc0001263c0 5:0xc000126400 6:0xc000126440 7:0xc000126480 8:0xc0001264c0 9:0xc000126500]
2026/02/24 17:27:00 [Node:2 GID:100 isLeader:false] shardkv server listenApplyCh applyMsg:{true {  CHANGE_CONFIG 0 5 0 {5 [102 102 102 102 102 102 102 102 102 102] map[102:[server-102-0 server-102-1 server-102-2]]} map[] 0} 67 map[] false map[] map[] map[] map[]}
2026/02/24 17:27:00 [Node:2 GID:100 isLeader:false] kv server listenApplyCh op:CHANGE_CONFIG, key:, value: clientid:0, 更新seqNum:5
2026/02/24 17:27:00 [Node:2 GID:100 isLeader:false] shardkv server listenApplyCh apply config num:5
2026/02/24 17:27:00 [Node:2 GID:100 isLeader:false] shardkv server executeConfigChange new config num:5, old config num:4
2026/02/24 17:27:00 [Node:2 GID:100 isLeader:false] shardkv server executeConfigChange migrate shard:0 from 101 to 102, keyList:map[] shard status:INVALID
2026/02/24 17:27:00 [Node:2 GID:100 isLeader:false] shardkv server executeConfigChange migrate shard:1 from 102 to 102, keyList:map[] shard status:INVALID
2026/02/24 17:27:00 [Node:1 GID:100 isLeader:false] shardkv server listenApplyCh applyMsg:{true {  CHANGE_CONFIG 0 5 0 {5 [102 102 102 102 102 102 102 102 102 102] map[102:[server-102-0 server-102-1 server-102-2]]} map[] 0} 67 map[] false map[] map[] map[] map[]}
2026/02/24 17:27:00 [Node:2 GID:100 isLeader:false] shardkv server executeConfigChange migrate shard:2 from 101 to 102, keyList:map[] shard status:INVALID
2026/02/24 17:27:00 [Node:2 GID:100 isLeader:false] shardkv server executeConfigChange migrate shard:3 from 102 to 102, keyList:map[] shard status:INVALID
2026/02/24 17:27:00 [Node:2 GID:100 isLeader:false] shardkv server executeConfigChange migrate shard:4 from 101 to 102, keyList:map[] shard status:INVALID
2026/02/24 17:27:00 [Node:2 GID:100 isLeader:false] shardkv server executeConfigChange migrate shard:5 from 102 to 102, keyList:map[] shard status:INVALID
2026/02/24 17:27:00 [Node:2 GID:100 isLeader:false] shardkv server executeConfigChange migrate shard:6 from 101 to 102, keyList:map[] shard status:INVALID
2026/02/24 17:27:00 [Node:1 GID:100 isLeader:false] kv server listenApplyCh op:CHANGE_CONFIG, key:, value: clientid:0, 更新seqNum:5
2026/02/24 17:27:00 [Node:2 GID:100 isLeader:false] shardkv server executeConfigChange migrate shard:7 from 102 to 102, keyList:map[] shard status:INVALID
2026/02/24 17:27:00 [Node:2 GID:100 isLeader:false] shardkv server executeConfigChange migrate shard:8 from 101 to 102, keyList:map[] shard status:INVALID
2026/02/24 17:27:00 [Node:1 GID:100 isLeader:false] shardkv server listenApplyCh apply config num:5
2026/02/24 17:27:00 [Node:1 GID:100 isLeader:false] shardkv server executeConfigChange new config num:5, old config num:4
2026/02/24 17:27:00 [Node:2 GID:100 isLeader:false] shardkv server executeConfigChange migrate shard:9 from 102 to 102, keyList:map[] shard status:INVALID
2026/02/24 17:27:00 [Node:1 GID:100 isLeader:false] shardkv server executeConfigChange migrate shard:0 from 101 to 102, keyList:map[] shard status:INVALID
2026/02/24 17:27:00 [Node:2 GID:100 isLeader:false] shardkv server executeConfigChange migrate gid2keyList:map[]
2026/02/24 17:27:00 [Node:1 GID:100 isLeader:false] shardkv server executeConfigChange migrate shard:1 from 102 to 102, keyList:map[] shard status:INVALID
2026/02/24 17:27:00 [Node:1 GID:100 isLeader:false] shardkv server executeConfigChange migrate shard:2 from 101 to 102, keyList:map[] shard status:INVALID
2026/02/24 17:27:00 [Node:1 GID:100 isLeader:false] shardkv server executeConfigChange migrate shard:3 from 102 to 102, keyList:map[] shard status:INVALID
2026/02/24 17:27:00 [Node:2 GID:100 isLeader:false] shardkv server executeConfigChange 更新负责的分片:map[0:0xc000126ac0 1:0xc000126b00 2:0xc000126b40 3:0xc000126b80 4:0xc000126bc0 5:0xc000126c00 6:0xc000126c40 7:0xc000126c80 8:0xc000126cc0 9:0xc000126d00]
2026/02/24 17:27:00 [Node:1 GID:100 isLeader:false] shardkv server executeConfigChange migrate shard:4 from 101 to 102, keyList:map[] shard status:INVALID
2026/02/24 17:27:00 [Node:1 GID:100 isLeader:false] shardkv server executeConfigChange migrate shard:5 from 102 to 102, keyList:map[] shard status:INVALID
2026/02/24 17:27:00 [Node:1 GID:100 isLeader:false] shardkv server executeConfigChange migrate shard:6 from 101 to 102, keyList:map[] shard status:INVALID
2026/02/24 17:27:00 [Node:1 GID:100 isLeader:false] shardkv server executeConfigChange migrate shard:7 from 102 to 102, keyList:map[] shard status:INVALID
2026/02/24 17:27:00 [Node:1 GID:100 isLeader:false] shardkv server executeConfigChange migrate shard:8 from 101 to 102, keyList:map[] shard status:INVALID
2026/02/24 17:27:00 [Node:1 GID:100 isLeader:false] shardkv server executeConfigChange migrate shard:9 from 102 to 102, keyList:map[] shard status:INVALID
2026/02/24 17:27:00 [Node:1 GID:100 isLeader:false] shardkv server executeConfigChange migrate gid2keyList:map[]
2026/02/24 17:27:00 [Node:1 GID:100 isLeader:false] shardkv server executeConfigChange 更新负责的分片:map[0:0xc0001266c0 1:0xc000126700 2:0xc000126740 3:0xc000126780 4:0xc0001267c0 5:0xc000126800 6:0xc000126840 7:0xc000126880 8:0xc0001268c0 9:0xc000126900]
2026/02/24 17:27:00 [Node:1 GID:100 isLeader:false] shardkv server generateSnapshotter raft state size: 786, maxraftstate: 1000
2026/02/24 17:27:00 [Node:2 GID:100 isLeader:false] shardkv server generateSnapshotter raft state size: 786, maxraftstate: 1000
2026/02/24 17:27:00 [Node:0 GID:100 isLeader:true] shardkv server generateSnapshotter raft state size: 786, maxraftstate: 1000
2026/02/24 17:27:00 [Node:0 GID:100 isLeader:true] shardkv server listenConfigChange new config num:6, old config num:5
2026/02/24 17:27:00 [Node:0 GID:100 isLeader:true] shardkv server diffConfig old config num:5, new config num:6, old config:{5 [102 102 102 102 102 102 102 102 102 102] map[102:[server-102-0 server-102-1 server-102-2]]}, new config:{6 [100 102 100 102 100 102 100 102 100 102] map[100:[server-100-0 server-100-1 server-100-2] 102:[server-102-0 server-102-1 server-102-2]]}
2026/02/24 17:27:00 [Node:0 GID:100 isLeader:true] shardkv server listenApplyCh applyMsg:{true {  CHANGE_CONFIG 0 6 0 {6 [100 102 100 102 100 102 100 102 100 102] map[100:[server-100-0 server-100-1 server-100-2] 102:[server-102-0 server-102-1 server-102-2]]} map[] 0} 68 map[] false map[] map[] map[] map[]}
2026/02/24 17:27:00 [Node:0 GID:100 isLeader:true] kv server listenApplyCh op:CHANGE_CONFIG, key:, value: clientid:0, 更新seqNum:6
2026/02/24 17:27:00 [Node:0 GID:100 isLeader:true] shardkv server listenApplyCh apply config num:6
2026/02/24 17:27:00 [Node:0 GID:100 isLeader:true] shardkv server executeConfigChange new config num:6, old config num:5
2026/02/24 17:27:00 [Node:0 GID:100 isLeader:true] shardkv server executeConfigChange migrate shard:0 from 102 to 100, keyList:map[] shard status:MIGRATION_IN
2026/02/24 17:27:00 [Node:0 GID:100 isLeader:true] shardkv server executeConfigChange migrate shard:1 from 102 to 102, keyList:map[] shard status:INVALID
2026/02/24 17:27:00 [Node:0 GID:100 isLeader:true] shardkv server executeConfigChange migrate shard:2 from 102 to 100, keyList:map[] shard status:MIGRATION_IN
2026/02/24 17:27:00 [Node:0 GID:100 isLeader:true] shardkv server executeConfigChange migrate shard:3 from 102 to 102, keyList:map[] shard status:INVALID
2026/02/24 17:27:00 [Node:0 GID:100 isLeader:true] shardkv server executeConfigChange migrate shard:4 from 102 to 100, keyList:map[] shard status:MIGRATION_IN
2026/02/24 17:27:00 [Node:0 GID:100 isLeader:true] shardkv server executeConfigChange migrate shard:5 from 102 to 102, keyList:map[] shard status:INVALID
2026/02/24 17:27:00 [Node:0 GID:100 isLeader:true] shardkv server executeConfigChange migrate shard:6 from 102 to 100, keyList:map[] shard status:MIGRATION_IN
2026/02/24 17:27:00 [Node:0 GID:100 isLeader:true] shardkv server executeConfigChange migrate shard:7 from 102 to 102, keyList:map[] shard status:INVALID
2026/02/24 17:27:00 [Node:0 GID:100 isLeader:true] shardkv server executeConfigChange migrate shard:8 from 102 to 100, keyList:map[] shard status:MIGRATION_IN
2026/02/24 17:27:00 [Node:0 GID:100 isLeader:true] shardkv server executeConfigChange migrate shard:9 from 102 to 102, keyList:map[] shard status:INVALID
2026/02/24 17:27:00 [Node:0 GID:100 isLeader:true] shardkv server executeConfigChange migrate gid2keyList:map[]
2026/02/24 17:27:00 [Node:0 GID:100 isLeader:true] shardkv server executeConfigChange 更新负责的分片:map[0:0xc0001262c0 1:0xc000126300 2:0xc000126340 3:0xc000126380 4:0xc0001263c0 5:0xc000126400 6:0xc000126440 7:0xc000126480 8:0xc0001264c0 9:0xc000126500]
2026/02/24 17:27:00 [Node:0 GID:100 isLeader:true] shardkv server migration args:&{map[] 0 6 map[] map[0:{map[2:e7KLJGj9FfoEz52Hcp3HwfJEqjsqrCM77Eatr9yS 20:sxevmuW7AmVBs1CkujVpZfviNx_cyLLCs5KZa2W- 21:AB-RSTY0r6n0a5q8vcmgCJBEtvS0VzI968wTxFlr 22:_w4WVM9-y3hR5bZSIEWhXG7IOsnPQXdioSat74Et 23:QFjsUpC5euDpwYpR2oU397n20hcqvFN_9bwpZDf_ 24:IEkCCLX4oicRxt8IqaX3uMQQQDc-7mYmqwyJiBLW 25:gIvRmn0Vk7CvUtn1b9YE7hdubcaKvIAE9xqEHppC 26:QJpznCkMRhsFOWcrsnvDC_-ShblSIM7jTsRYvJ53 27:IX9f8pgSK6B4a77Vh-vxfcHmA8mo8Pnc50R8KpnZ 28:_5uoVW9UzbaA_KtclZvr6Ny6jzGfPvg_5IdEdPzt 29:ITUcWpr5oaTUfV03GUIGL4fEgy-w6P82O7oXPyuN] map[0:6 113871309237573403:120]} 2:{map[4:4_jSWlOJHgao3DYGmXfxVEqD-neXPsXsTGbAZFT_] map[113871309237573403:70]} 4:{map[6:lFVqDSzzWwLbl3rpO8tR5jJspmoBfi75NciYWGeD] map[113871309237573403:74]} 6:{map[8:25imAyinhov1A9x-2_yHk8Pq-A3_DvuSUvtv7den] map[113871309237573403:78]} 8:{map[0:4JPKOsUVfVcvncyCAj-8r3rmeT9zc5O7TF63zv6x] map[113871309237573403:62]}] 0}
2026/02/24 17:27:00 [Node:0 GID:100 isLeader:true] shardkv server raft command:{  MIGRATION_IN 0 0 0 {0 [0 0 0 0 0 0 0 0 0 0] map[]} map[0:{map[2:e7KLJGj9FfoEz52Hcp3HwfJEqjsqrCM77Eatr9yS 20:sxevmuW7AmVBs1CkujVpZfviNx_cyLLCs5KZa2W- 21:AB-RSTY0r6n0a5q8vcmgCJBEtvS0VzI968wTxFlr 22:_w4WVM9-y3hR5bZSIEWhXG7IOsnPQXdioSat74Et 23:QFjsUpC5euDpwYpR2oU397n20hcqvFN_9bwpZDf_ 24:IEkCCLX4oicRxt8IqaX3uMQQQDc-7mYmqwyJiBLW 25:gIvRmn0Vk7CvUtn1b9YE7hdubcaKvIAE9xqEHppC 26:QJpznCkMRhsFOWcrsnvDC_-ShblSIM7jTsRYvJ53 27:IX9f8pgSK6B4a77Vh-vxfcHmA8mo8Pnc50R8KpnZ 28:_5uoVW9UzbaA_KtclZvr6Ny6jzGfPvg_5IdEdPzt 29:ITUcWpr5oaTUfV03GUIGL4fEgy-w6P82O7oXPyuN] map[0:6 113871309237573403:120]} 2:{map[4:4_jSWlOJHgao3DYGmXfxVEqD-neXPsXsTGbAZFT_] map[113871309237573403:70]} 4:{map[6:lFVqDSzzWwLbl3rpO8tR5jJspmoBfi75NciYWGeD] map[113871309237573403:74]} 6:{map[8:25imAyinhov1A9x-2_yHk8Pq-A3_DvuSUvtv7den] map[113871309237573403:78]} 8:{map[0:4JPKOsUVfVcvncyCAj-8r3rmeT9zc5O7TF63zv6x] map[113871309237573403:62]}] 6}
2026/02/24 17:27:00 [Node:1 GID:100 isLeader:false] shardkv server listenApplyCh applyMsg:{true {  CHANGE_CONFIG 0 6 0 {6 [100 102 100 102 100 102 100 102 100 102] map[100:[server-100-0 server-100-1 server-100-2] 102:[server-102-0 server-102-1 server-102-2]]} map[] 0} 68 map[] false map[] map[] map[] map[]}
2026/02/24 17:27:00 [Node:1 GID:100 isLeader:false] kv server listenApplyCh op:CHANGE_CONFIG, key:, value: clientid:0, 更新seqNum:6
2026/02/24 17:27:00 [Node:2 GID:100 isLeader:false] shardkv server listenApplyCh applyMsg:{true {  CHANGE_CONFIG 0 6 0 {6 [100 102 100 102 100 102 100 102 100 102] map[100:[server-100-0 server-100-1 server-100-2] 102:[server-102-0 server-102-1 server-102-2]]} map[] 0} 68 map[] false map[] map[] map[] map[]}
2026/02/24 17:27:00 [Node:1 GID:100 isLeader:false] shardkv server listenApplyCh apply config num:6
2026/02/24 17:27:00 [Node:1 GID:100 isLeader:false] shardkv server executeConfigChange new config num:6, old config num:5
2026/02/24 17:27:00 [Node:2 GID:100 isLeader:false] kv server listenApplyCh op:CHANGE_CONFIG, key:, value: clientid:0, 更新seqNum:6
2026/02/24 17:27:00 [Node:0 GID:100 isLeader:true] shardkv server listenApplyCh applyMsg:{true {  MIGRATION_IN 0 0 0 {0 [0 0 0 0 0 0 0 0 0 0] map[]} map[0:{map[2:e7KLJGj9FfoEz52Hcp3HwfJEqjsqrCM77Eatr9yS 20:sxevmuW7AmVBs1CkujVpZfviNx_cyLLCs5KZa2W- 21:AB-RSTY0r6n0a5q8vcmgCJBEtvS0VzI968wTxFlr 22:_w4WVM9-y3hR5bZSIEWhXG7IOsnPQXdioSat74Et 23:QFjsUpC5euDpwYpR2oU397n20hcqvFN_9bwpZDf_ 24:IEkCCLX4oicRxt8IqaX3uMQQQDc-7mYmqwyJiBLW 25:gIvRmn0Vk7CvUtn1b9YE7hdubcaKvIAE9xqEHppC 26:QJpznCkMRhsFOWcrsnvDC_-ShblSIM7jTsRYvJ53 27:IX9f8pgSK6B4a77Vh-vxfcHmA8mo8Pnc50R8KpnZ 28:_5uoVW9UzbaA_KtclZvr6Ny6jzGfPvg_5IdEdPzt 29:ITUcWpr5oaTUfV03GUIGL4fEgy-w6P82O7oXPyuN] map[0:6 113871309237573403:120]} 2:{map[4:4_jSWlOJHgao3DYGmXfxVEqD-neXPsXsTGbAZFT_] map[113871309237573403:70]} 4:{map[6:lFVqDSzzWwLbl3rpO8tR5jJspmoBfi75NciYWGeD] map[113871309237573403:74]} 6:{map[8:25imAyinhov1A9x-2_yHk8Pq-A3_DvuSUvtv7den] map[113871309237573403:78]} 8:{map[0:4JPKOsUVfVcvncyCAj-8r3rmeT9zc5O7TF63zv6x] map[113871309237573403:62]}] 6} 69 map[] false map[] map[] map[] map[]}
2026/02/24 17:27:00 [Node:1 GID:100 isLeader:false] shardkv server executeConfigChange migrate shard:0 from 102 to 100, keyList:map[] shard status:MIGRATION_IN
2026/02/24 17:27:00 [Node:1 GID:100 isLeader:false] shardkv server executeConfigChange migrate shard:1 from 102 to 102, keyList:map[] shard status:INVALID
2026/02/24 17:27:00 [Node:1 GID:100 isLeader:false] shardkv server executeConfigChange migrate shard:2 from 102 to 100, keyList:map[] shard status:MIGRATION_IN
2026/02/24 17:27:00 [Node:0 GID:100 isLeader:true] shardkv server listenApplyCh apply migration data:map[0:{map[2:e7KLJGj9FfoEz52Hcp3HwfJEqjsqrCM77Eatr9yS 20:sxevmuW7AmVBs1CkujVpZfviNx_cyLLCs5KZa2W- 21:AB-RSTY0r6n0a5q8vcmgCJBEtvS0VzI968wTxFlr 22:_w4WVM9-y3hR5bZSIEWhXG7IOsnPQXdioSat74Et 23:QFjsUpC5euDpwYpR2oU397n20hcqvFN_9bwpZDf_ 24:IEkCCLX4oicRxt8IqaX3uMQQQDc-7mYmqwyJiBLW 25:gIvRmn0Vk7CvUtn1b9YE7hdubcaKvIAE9xqEHppC 26:QJpznCkMRhsFOWcrsnvDC_-ShblSIM7jTsRYvJ53 27:IX9f8pgSK6B4a77Vh-vxfcHmA8mo8Pnc50R8KpnZ 28:_5uoVW9UzbaA_KtclZvr6Ny6jzGfPvg_5IdEdPzt 29:ITUcWpr5oaTUfV03GUIGL4fEgy-w6P82O7oXPyuN] map[0:6 113871309237573403:120]} 2:{map[4:4_jSWlOJHgao3DYGmXfxVEqD-neXPsXsTGbAZFT_] map[113871309237573403:70]} 4:{map[6:lFVqDSzzWwLbl3rpO8tR5jJspmoBfi75NciYWGeD] map[113871309237573403:74]} 6:{map[8:25imAyinhov1A9x-2_yHk8Pq-A3_DvuSUvtv7den] map[113871309237573403:78]} 8:{map[0:4JPKOsUVfVcvncyCAj-8r3rmeT9zc5O7TF63zv6x] map[113871309237573403:62]}]
2026/02/24 17:27:00 [Node:1 GID:100 isLeader:false] shardkv server executeConfigChange migrate shard:3 from 102 to 102, keyList:map[] shard status:INVALID
2026/02/24 17:27:00 [Node:1 GID:100 isLeader:false] shardkv server executeConfigChange migrate shard:4 from 102 to 100, keyList:map[] shard status:MIGRATION_IN
2026/02/24 17:27:00 [Node:2 GID:100 isLeader:false] shardkv server listenApplyCh apply config num:6
2026/02/24 17:27:00 [Node:1 GID:100 isLeader:false] shardkv server executeConfigChange migrate shard:5 from 102 to 102, keyList:map[] shard status:INVALID
2026/02/24 17:27:00 [Node:1 GID:100 isLeader:false] shardkv server executeConfigChange migrate shard:6 from 102 to 100, keyList:map[] shard status:MIGRATION_IN
2026/02/24 17:27:00 [Node:0 GID:100 isLeader:true] shardkv server executeConfigChange migrate shard:0 status:NORMAL
2026/02/24 17:27:00 [Node:2 GID:100 isLeader:false] shardkv server executeConfigChange new config num:6, old config num:5
2026/02/24 17:27:00 [Node:0 GID:100 isLeader:true] shardkv server executeConfigChange migrate shard:2 status:NORMAL
2026/02/24 17:27:00 [Node:1 GID:100 isLeader:false] shardkv server executeConfigChange migrate shard:7 from 102 to 102, keyList:map[] shard status:INVALID
2026/02/24 17:27:00 [Node:2 GID:100 isLeader:false] shardkv server executeConfigChange migrate shard:0 from 102 to 100, keyList:map[] shard status:MIGRATION_IN
2026/02/24 17:27:00 [Node:0 GID:100 isLeader:true] shardkv server executeConfigChange migrate shard:4 status:NORMAL
2026/02/24 17:27:00 [Node:0 GID:100 isLeader:true] shardkv server executeConfigChange migrate shard:6 status:NORMAL
2026/02/24 17:27:00 [Node:1 GID:100 isLeader:false] shardkv server executeConfigChange migrate shard:8 from 102 to 100, keyList:map[] shard status:MIGRATION_IN
2026/02/24 17:27:00 [Node:1 GID:100 isLeader:false] shardkv server executeConfigChange migrate shard:9 from 102 to 102, keyList:map[] shard status:INVALID
2026/02/24 17:27:00 [Node:2 GID:100 isLeader:false] shardkv server executeConfigChange migrate shard:1 from 102 to 102, keyList:map[] shard status:INVALID
2026/02/24 17:27:00 [Node:1 GID:100 isLeader:false] shardkv server executeConfigChange migrate gid2keyList:map[]
2026/02/24 17:27:00 [Node:2 GID:100 isLeader:false] shardkv server executeConfigChange migrate shard:2 from 102 to 100, keyList:map[] shard status:MIGRATION_IN
2026/02/24 17:27:00 [Node:2 GID:100 isLeader:false] shardkv server executeConfigChange migrate shard:3 from 102 to 102, keyList:map[] shard status:INVALID
2026/02/24 17:27:00 [Node:0 GID:100 isLeader:true] shardkv server executeConfigChange migrate shard:8 status:NORMAL
2026/02/24 17:27:00 [Node:2 GID:100 isLeader:false] shardkv server executeConfigChange migrate shard:4 from 102 to 100, keyList:map[] shard status:MIGRATION_IN
2026/02/24 17:27:00 [Node:1 GID:100 isLeader:false] shardkv server executeConfigChange 更新负责的分片:map[0:0xc0001266c0 1:0xc000126700 2:0xc000126740 3:0xc000126780 4:0xc0001267c0 5:0xc000126800 6:0xc000126840 7:0xc000126880 8:0xc0001268c0 9:0xc000126900]
2026/02/24 17:27:00 [Node:0 GID:100 isLeader:true] shardkv server raft repley: success op:MIGRATION_IN, key: value:
2026/02/24 17:27:00 [Node:2 GID:100 isLeader:false] shardkv server executeConfigChange migrate shard:5 from 102 to 102, keyList:map[] shard status:INVALID
2026/02/24 17:27:00 [Node:2 GID:100 isLeader:false] shardkv server executeConfigChange migrate shard:6 from 102 to 100, keyList:map[] shard status:MIGRATION_IN
2026/02/24 17:27:00 [Node:2 GID:100 isLeader:false] shardkv server executeConfigChange migrate shard:7 from 102 to 102, keyList:map[] shard status:INVALID
2026/02/24 17:27:00 [Node:2 GID:100 isLeader:false] shardkv server executeConfigChange migrate shard:8 from 102 to 100, keyList:map[] shard status:MIGRATION_IN
2026/02/24 17:27:00 [Node:2 GID:100 isLeader:false] shardkv server executeConfigChange migrate shard:9 from 102 to 102, keyList:map[] shard status:INVALID
2026/02/24 17:27:00 [Node:2 GID:100 isLeader:false] shardkv server executeConfigChange migrate gid2keyList:map[]
2026/02/24 17:27:00 [Node:0 GID:100 isLeader:true] shardkv server migration success
2026/02/24 17:27:00 [Node:2 GID:100 isLeader:false] shardkv server executeConfigChange 更新负责的分片:map[0:0xc000126ac0 1:0xc000126b00 2:0xc000126b40 3:0xc000126b80 4:0xc000126bc0 5:0xc000126c00 6:0xc000126c40 7:0xc000126c80 8:0xc000126cc0 9:0xc000126d00]
2026/02/24 17:27:00 [Node:1 GID:100 isLeader:false] shardkv server generateSnapshotter raft state size: 1767, maxraftstate: 1000
2026/02/24 17:27:00 [Node:2 GID:100 isLeader:false] shardkv server generateSnapshotter raft state size: 1767, maxraftstate: 1000
2026/02/24 17:27:00 [Node:0 GID:100 isLeader:true] shardkv server generateSnapshotter raft state size: 1767, maxraftstate: 1000
2026/02/24 17:27:00 [Node:0 GID:100 isLeader:true] shardkv server generateSnapshotter start data:map[0:map[2:e7KLJGj9FfoEz52Hcp3HwfJEqjsqrCM77Eatr9yS 20:sxevmuW7AmVBs1CkujVpZfviNx_cyLLCs5KZa2W- 21:AB-RSTY0r6n0a5q8vcmgCJBEtvS0VzI968wTxFlr 22:_w4WVM9-y3hR5bZSIEWhXG7IOsnPQXdioSat74Et 23:QFjsUpC5euDpwYpR2oU397n20hcqvFN_9bwpZDf_ 24:IEkCCLX4oicRxt8IqaX3uMQQQDc-7mYmqwyJiBLW 25:gIvRmn0Vk7CvUtn1b9YE7hdubcaKvIAE9xqEHppC 26:QJpznCkMRhsFOWcrsnvDC_-ShblSIM7jTsRYvJ53 27:IX9f8pgSK6B4a77Vh-vxfcHmA8mo8Pnc50R8KpnZ 28:_5uoVW9UzbaA_KtclZvr6Ny6jzGfPvg_5IdEdPzt 29:ITUcWpr5oaTUfV03GUIGL4fEgy-w6P82O7oXPyuN] 1:map[3:Hru2hXtYBJ0LEvhhZyB7] 2:map[4:4_jSWlOJHgao3DYGmXfxVEqD-neXPsXsTGbAZFT_] 3:map[5:7Qs3WNhdC_Xy7ku2e5YO] 4:map[6:lFVqDSzzWwLbl3rpO8tR5jJspmoBfi75NciYWGeD] 5:map[7:z2LVJuJMcOCsm-VAweCT] 6:map[8:25imAyinhov1A9x-2_yHk8Pq-A3_DvuSUvtv7den] 7:map[9:W2k9CA3KTZbuggglJ85F] 8:map[0:4JPKOsUVfVcvncyCAj-8r3rmeT9zc5O7TF63zv6x] 9:map[1:7feyKfcAmKMj84e-Z9Qy 10:ZIo_MWLuWr11IuKrdiJ2 11:G-WdPfixCsStieX94OwO 12:96ZhhvdDDUM5xUOVYxQI 13:XE90ySoOGhjGY2lx7_n6 14:qYFp5ienKQiZmDXCokTB 15:hfoSBfHfoMGZC-E23lrs 16:w49ucCQcjPa0iUGSzwdg 17:tS93z-FyNwnLWHVevezP 18:eGx5LOeZm_ldSj2mREyz 19:TuU_Zvm4dt_Z_xRmrtr8]]
2026/02/24 17:27:00 [Node:1 GID:100 isLeader:false] shardkv server listenApplyCh applyMsg:{false <nil> 69 map[] true map[] map[0:map[2:e7KLJGj9FfoEz52Hcp3HwfJEqjsqrCM77Eatr9yS 20:sxevmuW7AmVBs1CkujVpZfviNx_cyLLCs5KZa2W- 21:AB-RSTY0r6n0a5q8vcmgCJBEtvS0VzI968wTxFlr 22:_w4WVM9-y3hR5bZSIEWhXG7IOsnPQXdioSat74Et 23:QFjsUpC5euDpwYpR2oU397n20hcqvFN_9bwpZDf_ 24:IEkCCLX4oicRxt8IqaX3uMQQQDc-7mYmqwyJiBLW 25:gIvRmn0Vk7CvUtn1b9YE7hdubcaKvIAE9xqEHppC 26:QJpznCkMRhsFOWcrsnvDC_-ShblSIM7jTsRYvJ53 27:IX9f8pgSK6B4a77Vh-vxfcHmA8mo8Pnc50R8KpnZ 28:_5uoVW9UzbaA_KtclZvr6Ny6jzGfPvg_5IdEdPzt 29:ITUcWpr5oaTUfV03GUIGL4fEgy-w6P82O7oXPyuN] 1:map[3:Hru2hXtYBJ0LEvhhZyB7] 2:map[4:4_jSWlOJHgao3DYGmXfxVEqD-neXPsXsTGbAZFT_] 3:map[5:7Qs3WNhdC_Xy7ku2e5YO] 4:map[6:lFVqDSzzWwLbl3rpO8tR5jJspmoBfi75NciYWGeD] 5:map[7:z2LVJuJMcOCsm-VAweCT] 6:map[8:25imAyinhov1A9x-2_yHk8Pq-A3_DvuSUvtv7den] 7:map[9:W2k9CA3KTZbuggglJ85F] 8:map[0:4JPKOsUVfVcvncyCAj-8r3rmeT9zc5O7TF63zv6x] 9:map[1:7feyKfcAmKMj84e-Z9Qy 10:ZIo_MWLuWr11IuKrdiJ2 11:G-WdPfixCsStieX94OwO 12:96ZhhvdDDUM5xUOVYxQI 13:XE90ySoOGhjGY2lx7_n6 14:qYFp5ienKQiZmDXCokTB 15:hfoSBfHfoMGZC-E23lrs 16:w49ucCQcjPa0iUGSzwdg 17:tS93z-FyNwnLWHVevezP 18:eGx5LOeZm_ldSj2mREyz 19:TuU_Zvm4dt_Z_xRmrtr8]] map[0:map[0:6 113871309237573403:120] 1:map[113871309237573403:34] 2:map[113871309237573403:70] 3:map[113871309237573403:36] 4:map[113871309237573403:74] 5:map[113871309237573403:38] 6:map[113871309237573403:78] 7:map[113871309237573403:40] 8:map[113871309237573403:62] 9:map[113871309237573403:50]] map[0:NORMAL 1:INVALID 2:NORMAL 3:INVALID 4:NORMAL 5:INVALID 6:NORMAL 7:INVALID 8:NORMAL 9:INVALID]}
2026/02/24 17:27:00 [Node:1 GID:100 isLeader:false] shardkv server listenApplyCh load snapshot data:map[0:map[2:e7KLJGj9FfoEz52Hcp3HwfJEqjsqrCM77Eatr9yS 20:sxevmuW7AmVBs1CkujVpZfviNx_cyLLCs5KZa2W- 21:AB-RSTY0r6n0a5q8vcmgCJBEtvS0VzI968wTxFlr 22:_w4WVM9-y3hR5bZSIEWhXG7IOsnPQXdioSat74Et 23:QFjsUpC5euDpwYpR2oU397n20hcqvFN_9bwpZDf_ 24:IEkCCLX4oicRxt8IqaX3uMQQQDc-7mYmqwyJiBLW 25:gIvRmn0Vk7CvUtn1b9YE7hdubcaKvIAE9xqEHppC 26:QJpznCkMRhsFOWcrsnvDC_-ShblSIM7jTsRYvJ53 27:IX9f8pgSK6B4a77Vh-vxfcHmA8mo8Pnc50R8KpnZ 28:_5uoVW9UzbaA_KtclZvr6Ny6jzGfPvg_5IdEdPzt 29:ITUcWpr5oaTUfV03GUIGL4fEgy-w6P82O7oXPyuN] 1:map[3:Hru2hXtYBJ0LEvhhZyB7] 2:map[4:4_jSWlOJHgao3DYGmXfxVEqD-neXPsXsTGbAZFT_] 3:map[5:7Qs3WNhdC_Xy7ku2e5YO] 4:map[6:lFVqDSzzWwLbl3rpO8tR5jJspmoBfi75NciYWGeD] 5:map[7:z2LVJuJMcOCsm-VAweCT] 6:map[8:25imAyinhov1A9x-2_yHk8Pq-A3_DvuSUvtv7den] 7:map[9:W2k9CA3KTZbuggglJ85F] 8:map[0:4JPKOsUVfVcvncyCAj-8r3rmeT9zc5O7TF63zv6x] 9:map[1:7feyKfcAmKMj84e-Z9Qy 10:ZIo_MWLuWr11IuKrdiJ2 11:G-WdPfixCsStieX94OwO 12:96ZhhvdDDUM5xUOVYxQI 13:XE90ySoOGhjGY2lx7_n6 14:qYFp5ienKQiZmDXCokTB 15:hfoSBfHfoMGZC-E23lrs 16:w49ucCQcjPa0iUGSzwdg 17:tS93z-FyNwnLWHVevezP 18:eGx5LOeZm_ldSj2mREyz 19:TuU_Zvm4dt_Z_xRmrtr8]] seqNums:map[0:map[0:6 113871309237573403:120] 1:map[113871309237573403:34] 2:map[113871309237573403:70] 3:map[113871309237573403:36] 4:map[113871309237573403:74] 5:map[113871309237573403:38] 6:map[113871309237573403:78] 7:map[113871309237573403:40] 8:map[113871309237573403:62] 9:map[113871309237573403:50]]
2026/02/24 17:27:00 [Node:2 GID:100 isLeader:false] shardkv server listenApplyCh applyMsg:{false <nil> 69 map[] true map[] map[0:map[2:e7KLJGj9FfoEz52Hcp3HwfJEqjsqrCM77Eatr9yS 20:sxevmuW7AmVBs1CkujVpZfviNx_cyLLCs5KZa2W- 21:AB-RSTY0r6n0a5q8vcmgCJBEtvS0VzI968wTxFlr 22:_w4WVM9-y3hR5bZSIEWhXG7IOsnPQXdioSat74Et 23:QFjsUpC5euDpwYpR2oU397n20hcqvFN_9bwpZDf_ 24:IEkCCLX4oicRxt8IqaX3uMQQQDc-7mYmqwyJiBLW 25:gIvRmn0Vk7CvUtn1b9YE7hdubcaKvIAE9xqEHppC 26:QJpznCkMRhsFOWcrsnvDC_-ShblSIM7jTsRYvJ53 27:IX9f8pgSK6B4a77Vh-vxfcHmA8mo8Pnc50R8KpnZ 28:_5uoVW9UzbaA_KtclZvr6Ny6jzGfPvg_5IdEdPzt 29:ITUcWpr5oaTUfV03GUIGL4fEgy-w6P82O7oXPyuN] 1:map[3:Hru2hXtYBJ0LEvhhZyB7] 2:map[4:4_jSWlOJHgao3DYGmXfxVEqD-neXPsXsTGbAZFT_] 3:map[5:7Qs3WNhdC_Xy7ku2e5YO] 4:map[6:lFVqDSzzWwLbl3rpO8tR5jJspmoBfi75NciYWGeD] 5:map[7:z2LVJuJMcOCsm-VAweCT] 6:map[8:25imAyinhov1A9x-2_yHk8Pq-A3_DvuSUvtv7den] 7:map[9:W2k9CA3KTZbuggglJ85F] 8:map[0:4JPKOsUVfVcvncyCAj-8r3rmeT9zc5O7TF63zv6x] 9:map[1:7feyKfcAmKMj84e-Z9Qy 10:ZIo_MWLuWr11IuKrdiJ2 11:G-WdPfixCsStieX94OwO 12:96ZhhvdDDUM5xUOVYxQI 13:XE90ySoOGhjGY2lx7_n6 14:qYFp5ienKQiZmDXCokTB 15:hfoSBfHfoMGZC-E23lrs 16:w49ucCQcjPa0iUGSzwdg 17:tS93z-FyNwnLWHVevezP 18:eGx5LOeZm_ldSj2mREyz 19:TuU_Zvm4dt_Z_xRmrtr8]] map[0:map[0:6 113871309237573403:120] 1:map[113871309237573403:34] 2:map[113871309237573403:70] 3:map[113871309237573403:36] 4:map[113871309237573403:74] 5:map[113871309237573403:38] 6:map[113871309237573403:78] 7:map[113871309237573403:40] 8:map[113871309237573403:62] 9:map[113871309237573403:50]] map[0:NORMAL 1:INVALID 2:NORMAL 3:INVALID 4:NORMAL 5:INVALID 6:NORMAL 7:INVALID 8:NORMAL 9:INVALID]}
2026/02/24 17:27:00 [Node:2 GID:100 isLeader:false] shardkv server listenApplyCh load snapshot data:map[0:map[2:e7KLJGj9FfoEz52Hcp3HwfJEqjsqrCM77Eatr9yS 20:sxevmuW7AmVBs1CkujVpZfviNx_cyLLCs5KZa2W- 21:AB-RSTY0r6n0a5q8vcmgCJBEtvS0VzI968wTxFlr 22:_w4WVM9-y3hR5bZSIEWhXG7IOsnPQXdioSat74Et 23:QFjsUpC5euDpwYpR2oU397n20hcqvFN_9bwpZDf_ 24:IEkCCLX4oicRxt8IqaX3uMQQQDc-7mYmqwyJiBLW 25:gIvRmn0Vk7CvUtn1b9YE7hdubcaKvIAE9xqEHppC 26:QJpznCkMRhsFOWcrsnvDC_-ShblSIM7jTsRYvJ53 27:IX9f8pgSK6B4a77Vh-vxfcHmA8mo8Pnc50R8KpnZ 28:_5uoVW9UzbaA_KtclZvr6Ny6jzGfPvg_5IdEdPzt 29:ITUcWpr5oaTUfV03GUIGL4fEgy-w6P82O7oXPyuN] 1:map[3:Hru2hXtYBJ0LEvhhZyB7] 2:map[4:4_jSWlOJHgao3DYGmXfxVEqD-neXPsXsTGbAZFT_] 3:map[5:7Qs3WNhdC_Xy7ku2e5YO] 4:map[6:lFVqDSzzWwLbl3rpO8tR5jJspmoBfi75NciYWGeD] 5:map[7:z2LVJuJMcOCsm-VAweCT] 6:map[8:25imAyinhov1A9x-2_yHk8Pq-A3_DvuSUvtv7den] 7:map[9:W2k9CA3KTZbuggglJ85F] 8:map[0:4JPKOsUVfVcvncyCAj-8r3rmeT9zc5O7TF63zv6x] 9:map[1:7feyKfcAmKMj84e-Z9Qy 10:ZIo_MWLuWr11IuKrdiJ2 11:G-WdPfixCsStieX94OwO 12:96ZhhvdDDUM5xUOVYxQI 13:XE90ySoOGhjGY2lx7_n6 14:qYFp5ienKQiZmDXCokTB 15:hfoSBfHfoMGZC-E23lrs 16:w49ucCQcjPa0iUGSzwdg 17:tS93z-FyNwnLWHVevezP 18:eGx5LOeZm_ldSj2mREyz 19:TuU_Zvm4dt_Z_xRmrtr8]] seqNums:map[0:map[0:6 113871309237573403:120] 1:map[113871309237573403:34] 2:map[113871309237573403:70] 3:map[113871309237573403:36] 4:map[113871309237573403:74] 5:map[113871309237573403:38] 6:map[113871309237573403:78] 7:map[113871309237573403:40] 8:map[113871309237573403:62] 9:map[113871309237573403:50]]
2026/02/24 17:27:00 [Node:0 GID:100 isLeader:true] shardkv server checkGroup key:0, shard:8 shards:map[0:true 1:true 2:true 3:true 4:true 5:true 6:true 7:true 8:true 9:true]
2026/02/24 17:27:00 [Node:0 GID:100 isLeader:true] shardkv server raft command:{0  GET 8 121 113871309237573403 {0 [0 0 0 0 0 0 0 0 0 0] map[]} map[] 0}
2026/02/24 17:27:00 [Node:0 GID:100 isLeader:true] shardkv server listenApplyCh applyMsg:{true {0  GET 8 121 113871309237573403 {0 [0 0 0 0 0 0 0 0 0 0] map[]} map[] 0} 70 map[] false map[] map[] map[] map[]}
2026/02/24 17:27:00 [Node:0 GID:100 isLeader:true] kv server listenApplyCh op:GET, key:0, value: clientid:113871309237573403, 更新seqNum:121
2026/02/24 17:27:00 [Node:0 GID:100 isLeader:true] shardkv server raft repley: success op:GET, key:0 value:
2026/02/24 17:27:00 [Node:0 GID:100 isLeader:true] shardkv server get key:0, data:map[0:4JPKOsUVfVcvncyCAj-8r3rmeT9zc5O7TF63zv6x]
2026/02/24 17:27:00 [Node:0 GID:100 isLeader:true] shardkv server get key:0, value:4JPKOsUVfVcvncyCAj-8r3rmeT9zc5O7TF63zv6x
2026/02/24 17:27:00 [Node:0 GID:100 isLeader:true] shardkv server checkGroup key:0, shard:8 shards:map[0:true 1:true 2:true 3:true 4:true 5:true 6:true 7:true 8:true 9:true]
2026/02/24 17:27:00 [Node:0 GID:100 isLeader:true] shardkv server raft command:{0 BeNKfFJRCzVlq1gf_rNH APPEND 8 122 113871309237573403 {0 [0 0 0 0 0 0 0 0 0 0] map[]} map[] 0}
2026/02/24 17:27:00 [Node:1 GID:100 isLeader:false] shardkv server listenApplyCh applyMsg:{true {0  GET 8 121 113871309237573403 {0 [0 0 0 0 0 0 0 0 0 0] map[]} map[] 0} 70 map[] false map[] map[] map[] map[]}
2026/02/24 17:27:00 [Node:1 GID:100 isLeader:false] kv server listenApplyCh op:GET, key:0, value: clientid:113871309237573403, 更新seqNum:121
2026/02/24 17:27:00 [Node:2 GID:100 isLeader:false] shardkv server listenApplyCh applyMsg:{true {0  GET 8 121 113871309237573403 {0 [0 0 0 0 0 0 0 0 0 0] map[]} map[] 0} 70 map[] false map[] map[] map[] map[]}
2026/02/24 17:27:00 [Node:2 GID:100 isLeader:false] kv server listenApplyCh op:GET, key:0, value: clientid:113871309237573403, 更新seqNum:121
2026/02/24 17:27:00 [Node:0 GID:100 isLeader:true] shardkv server listenApplyCh applyMsg:{true {0 BeNKfFJRCzVlq1gf_rNH APPEND 8 122 113871309237573403 {0 [0 0 0 0 0 0 0 0 0 0] map[]} map[] 0} 71 map[] false map[] map[] map[] map[]}
2026/02/24 17:27:00 [Node:0 GID:100 isLeader:true] kv server listenApplyCh op:APPEND, key:0, value:BeNKfFJRCzVlq1gf_rNH clientid:113871309237573403, 更新seqNum:122
2026/02/24 17:27:00 [Node:0 GID:100 isLeader:true] shardkv server append success key:0 value:BeNKfFJRCzVlq1gf_rNH data:map[0:4JPKOsUVfVcvncyCAj-8r3rmeT9zc5O7TF63zv6xBeNKfFJRCzVlq1gf_rNH]
2026/02/24 17:27:00 [Node:0 GID:100 isLeader:true] shardkv server raft repley: success op:APPEND, key:0 value:BeNKfFJRCzVlq1gf_rNH
2026/02/24 17:27:00 [Node:1 GID:100 isLeader:false] shardkv server generateSnapshotter raft state size: 667, maxraftstate: 1000
2026/02/24 17:27:00 [Node:2 GID:100 isLeader:false] shardkv server generateSnapshotter raft state size: 667, maxraftstate: 1000
2026/02/24 17:27:00 [Node:0 GID:100 isLeader:true] shardkv server generateSnapshotter raft state size: 667, maxraftstate: 1000
2026/02/24 17:27:00 [Node:1 GID:100 isLeader:false] shardkv server listenApplyCh applyMsg:{true {0 BeNKfFJRCzVlq1gf_rNH APPEND 8 122 113871309237573403 {0 [0 0 0 0 0 0 0 0 0 0] map[]} map[] 0} 71 map[] false map[] map[] map[] map[]}
2026/02/24 17:27:00 [Node:2 GID:100 isLeader:false] shardkv server listenApplyCh applyMsg:{true {0 BeNKfFJRCzVlq1gf_rNH APPEND 8 122 113871309237573403 {0 [0 0 0 0 0 0 0 0 0 0] map[]} map[] 0} 71 map[] false map[] map[] map[] map[]}
2026/02/24 17:27:00 [Node:2 GID:100 isLeader:false] kv server listenApplyCh op:APPEND, key:0, value:BeNKfFJRCzVlq1gf_rNH clientid:113871309237573403, 更新seqNum:122
2026/02/24 17:27:00 [Node:1 GID:100 isLeader:false] kv server listenApplyCh op:APPEND, key:0, value:BeNKfFJRCzVlq1gf_rNH clientid:113871309237573403, 更新seqNum:122
2026/02/24 17:27:00 [Node:2 GID:100 isLeader:false] shardkv server append success key:0 value:BeNKfFJRCzVlq1gf_rNH data:map[0:4JPKOsUVfVcvncyCAj-8r3rmeT9zc5O7TF63zv6xBeNKfFJRCzVlq1gf_rNH]
2026/02/24 17:27:00 [Node:1 GID:100 isLeader:false] shardkv server append success key:0 value:BeNKfFJRCzVlq1gf_rNH data:map[0:4JPKOsUVfVcvncyCAj-8r3rmeT9zc5O7TF63zv6xBeNKfFJRCzVlq1gf_rNH]
2026/02/24 17:27:00 [Node:0 GID:100 isLeader:true] shardkv server checkGroup key:2, shard:0 shards:map[0:true 1:true 2:true 3:true 4:true 5:true 6:true 7:true 8:true 9:true]
2026/02/24 17:27:00 [Node:0 GID:100 isLeader:true] shardkv server raft command:{2  GET 0 125 113871309237573403 {0 [0 0 0 0 0 0 0 0 0 0] map[]} map[] 0}
2026/02/24 17:27:00 [Node:0 GID:100 isLeader:true] shardkv server listenApplyCh applyMsg:{true {2  GET 0 125 113871309237573403 {0 [0 0 0 0 0 0 0 0 0 0] map[]} map[] 0} 72 map[] false map[] map[] map[] map[]}
2026/02/24 17:27:00 [Node:0 GID:100 isLeader:true] kv server listenApplyCh op:GET, key:2, value: clientid:113871309237573403, 更新seqNum:125
2026/02/24 17:27:00 [Node:0 GID:100 isLeader:true] shardkv server raft repley: success op:GET, key:2 value:
2026/02/24 17:27:00 [Node:0 GID:100 isLeader:true] shardkv server get key:2, data:map[2:e7KLJGj9FfoEz52Hcp3HwfJEqjsqrCM77Eatr9yS 20:sxevmuW7AmVBs1CkujVpZfviNx_cyLLCs5KZa2W- 21:AB-RSTY0r6n0a5q8vcmgCJBEtvS0VzI968wTxFlr 22:_w4WVM9-y3hR5bZSIEWhXG7IOsnPQXdioSat74Et 23:QFjsUpC5euDpwYpR2oU397n20hcqvFN_9bwpZDf_ 24:IEkCCLX4oicRxt8IqaX3uMQQQDc-7mYmqwyJiBLW 25:gIvRmn0Vk7CvUtn1b9YE7hdubcaKvIAE9xqEHppC 26:QJpznCkMRhsFOWcrsnvDC_-ShblSIM7jTsRYvJ53 27:IX9f8pgSK6B4a77Vh-vxfcHmA8mo8Pnc50R8KpnZ 28:_5uoVW9UzbaA_KtclZvr6Ny6jzGfPvg_5IdEdPzt 29:ITUcWpr5oaTUfV03GUIGL4fEgy-w6P82O7oXPyuN]
2026/02/24 17:27:00 [Node:0 GID:100 isLeader:true] shardkv server get key:2, value:e7KLJGj9FfoEz52Hcp3HwfJEqjsqrCM77Eatr9yS
2026/02/24 17:27:00 [Node:0 GID:100 isLeader:true] shardkv server checkGroup key:2, shard:0 shards:map[0:true 1:true 2:true 3:true 4:true 5:true 6:true 7:true 8:true 9:true]
2026/02/24 17:27:00 [Node:0 GID:100 isLeader:true] shardkv server raft command:{2 WtZV5-bqgivFfzMq-CFU APPEND 0 126 113871309237573403 {0 [0 0 0 0 0 0 0 0 0 0] map[]} map[] 0}
2026/02/24 17:27:00 [Node:1 GID:100 isLeader:false] shardkv server generateSnapshotter raft state size: 740, maxraftstate: 1000
2026/02/24 17:27:00 [Node:2 GID:100 isLeader:false] shardkv server generateSnapshotter raft state size: 740, maxraftstate: 1000
2026/02/24 17:27:00 [Node:0 GID:100 isLeader:true] shardkv server generateSnapshotter raft state size: 839, maxraftstate: 1000
2026/02/24 17:27:00 [Node:2 GID:100 isLeader:false] shardkv server listenApplyCh applyMsg:{true {2  GET 0 125 113871309237573403 {0 [0 0 0 0 0 0 0 0 0 0] map[]} map[] 0} 72 map[] false map[] map[] map[] map[]}
2026/02/24 17:27:00 [Node:1 GID:100 isLeader:false] shardkv server listenApplyCh applyMsg:{true {2  GET 0 125 113871309237573403 {0 [0 0 0 0 0 0 0 0 0 0] map[]} map[] 0} 72 map[] false map[] map[] map[] map[]}
2026/02/24 17:27:00 [Node:2 GID:100 isLeader:false] kv server listenApplyCh op:GET, key:2, value: clientid:113871309237573403, 更新seqNum:125
2026/02/24 17:27:00 [Node:1 GID:100 isLeader:false] kv server listenApplyCh op:GET, key:2, value: clientid:113871309237573403, 更新seqNum:125
2026/02/24 17:27:00 [Node:0 GID:100 isLeader:true] shardkv server listenApplyCh applyMsg:{true {2 WtZV5-bqgivFfzMq-CFU APPEND 0 126 113871309237573403 {0 [0 0 0 0 0 0 0 0 0 0] map[]} map[] 0} 73 map[] false map[] map[] map[] map[]}
2026/02/24 17:27:00 [Node:0 GID:100 isLeader:true] kv server listenApplyCh op:APPEND, key:2, value:WtZV5-bqgivFfzMq-CFU clientid:113871309237573403, 更新seqNum:126
2026/02/24 17:27:00 [Node:0 GID:100 isLeader:true] shardkv server append success key:2 value:WtZV5-bqgivFfzMq-CFU data:map[2:e7KLJGj9FfoEz52Hcp3HwfJEqjsqrCM77Eatr9ySWtZV5-bqgivFfzMq-CFU 20:sxevmuW7AmVBs1CkujVpZfviNx_cyLLCs5KZa2W- 21:AB-RSTY0r6n0a5q8vcmgCJBEtvS0VzI968wTxFlr 22:_w4WVM9-y3hR5bZSIEWhXG7IOsnPQXdioSat74Et 23:QFjsUpC5euDpwYpR2oU397n20hcqvFN_9bwpZDf_ 24:IEkCCLX4oicRxt8IqaX3uMQQQDc-7mYmqwyJiBLW 25:gIvRmn0Vk7CvUtn1b9YE7hdubcaKvIAE9xqEHppC 26:QJpznCkMRhsFOWcrsnvDC_-ShblSIM7jTsRYvJ53 27:IX9f8pgSK6B4a77Vh-vxfcHmA8mo8Pnc50R8KpnZ 28:_5uoVW9UzbaA_KtclZvr6Ny6jzGfPvg_5IdEdPzt 29:ITUcWpr5oaTUfV03GUIGL4fEgy-w6P82O7oXPyuN]
2026/02/24 17:27:00 [Node:0 GID:100 isLeader:true] shardkv server raft repley: success op:APPEND, key:2 value:WtZV5-bqgivFfzMq-CFU
2026/02/24 17:27:00 [Node:2 GID:100 isLeader:false] shardkv server listenApplyCh applyMsg:{true {2 WtZV5-bqgivFfzMq-CFU APPEND 0 126 113871309237573403 {0 [0 0 0 0 0 0 0 0 0 0] map[]} map[] 0} 73 map[] false map[] map[] map[] map[]}
2026/02/24 17:27:00 [Node:2 GID:100 isLeader:false] kv server listenApplyCh op:APPEND, key:2, value:WtZV5-bqgivFfzMq-CFU clientid:113871309237573403, 更新seqNum:126
2026/02/24 17:27:00 [Node:1 GID:100 isLeader:false] shardkv server listenApplyCh applyMsg:{true {2 WtZV5-bqgivFfzMq-CFU APPEND 0 126 113871309237573403 {0 [0 0 0 0 0 0 0 0 0 0] map[]} map[] 0} 73 map[] false map[] map[] map[] map[]}
2026/02/24 17:27:00 [Node:1 GID:100 isLeader:false] kv server listenApplyCh op:APPEND, key:2, value:WtZV5-bqgivFfzMq-CFU clientid:113871309237573403, 更新seqNum:126
2026/02/24 17:27:00 [Node:2 GID:100 isLeader:false] shardkv server append success key:2 value:WtZV5-bqgivFfzMq-CFU data:map[2:e7KLJGj9FfoEz52Hcp3HwfJEqjsqrCM77Eatr9ySWtZV5-bqgivFfzMq-CFU 20:sxevmuW7AmVBs1CkujVpZfviNx_cyLLCs5KZa2W- 21:AB-RSTY0r6n0a5q8vcmgCJBEtvS0VzI968wTxFlr 22:_w4WVM9-y3hR5bZSIEWhXG7IOsnPQXdioSat74Et 23:QFjsUpC5euDpwYpR2oU397n20hcqvFN_9bwpZDf_ 24:IEkCCLX4oicRxt8IqaX3uMQQQDc-7mYmqwyJiBLW 25:gIvRmn0Vk7CvUtn1b9YE7hdubcaKvIAE9xqEHppC 26:QJpznCkMRhsFOWcrsnvDC_-ShblSIM7jTsRYvJ53 27:IX9f8pgSK6B4a77Vh-vxfcHmA8mo8Pnc50R8KpnZ 28:_5uoVW9UzbaA_KtclZvr6Ny6jzGfPvg_5IdEdPzt 29:ITUcWpr5oaTUfV03GUIGL4fEgy-w6P82O7oXPyuN]
2026/02/24 17:27:00 [Node:1 GID:100 isLeader:false] shardkv server append success key:2 value:WtZV5-bqgivFfzMq-CFU data:map[2:e7KLJGj9FfoEz52Hcp3HwfJEqjsqrCM77Eatr9ySWtZV5-bqgivFfzMq-CFU 20:sxevmuW7AmVBs1CkujVpZfviNx_cyLLCs5KZa2W- 21:AB-RSTY0r6n0a5q8vcmgCJBEtvS0VzI968wTxFlr 22:_w4WVM9-y3hR5bZSIEWhXG7IOsnPQXdioSat74Et 23:QFjsUpC5euDpwYpR2oU397n20hcqvFN_9bwpZDf_ 24:IEkCCLX4oicRxt8IqaX3uMQQQDc-7mYmqwyJiBLW 25:gIvRmn0Vk7CvUtn1b9YE7hdubcaKvIAE9xqEHppC 26:QJpznCkMRhsFOWcrsnvDC_-ShblSIM7jTsRYvJ53 27:IX9f8pgSK6B4a77Vh-vxfcHmA8mo8Pnc50R8KpnZ 28:_5uoVW9UzbaA_KtclZvr6Ny6jzGfPvg_5IdEdPzt 29:ITUcWpr5oaTUfV03GUIGL4fEgy-w6P82O7oXPyuN]
2026/02/24 17:27:00 [Node:1 GID:100 isLeader:false] shardkv server generateSnapshotter raft state size: 839, maxraftstate: 1000
2026/02/24 17:27:00 [Node:2 GID:100 isLeader:false] shardkv server generateSnapshotter raft state size: 839, maxraftstate: 1000
2026/02/24 17:27:00 [Node:0 GID:100 isLeader:true] shardkv server checkGroup key:4, shard:2 shards:map[0:true 1:true 2:true 3:true 4:true 5:true 6:true 7:true 8:true 9:true]
2026/02/24 17:27:00 [Node:0 GID:100 isLeader:true] shardkv server raft command:{4  GET 2 129 113871309237573403 {0 [0 0 0 0 0 0 0 0 0 0] map[]} map[] 0}
2026/02/24 17:27:00 [Node:0 GID:100 isLeader:true] shardkv server generateSnapshotter raft state size: 915, maxraftstate: 1000
2026/02/24 17:27:00 [Node:0 GID:100 isLeader:true] shardkv server listenApplyCh applyMsg:{true {4  GET 2 129 113871309237573403 {0 [0 0 0 0 0 0 0 0 0 0] map[]} map[] 0} 74 map[] false map[] map[] map[] map[]}
2026/02/24 17:27:00 [Node:0 GID:100 isLeader:true] kv server listenApplyCh op:GET, key:4, value: clientid:113871309237573403, 更新seqNum:129
2026/02/24 17:27:00 [Node:0 GID:100 isLeader:true] shardkv server raft repley: success op:GET, key:4 value:
2026/02/24 17:27:00 [Node:0 GID:100 isLeader:true] shardkv server get key:4, data:map[4:4_jSWlOJHgao3DYGmXfxVEqD-neXPsXsTGbAZFT_]
2026/02/24 17:27:00 [Node:0 GID:100 isLeader:true] shardkv server get key:4, value:4_jSWlOJHgao3DYGmXfxVEqD-neXPsXsTGbAZFT_
2026/02/24 17:27:00 [Node:0 GID:100 isLeader:true] shardkv server checkGroup key:4, shard:2 shards:map[0:true 1:true 2:true 3:true 4:true 5:true 6:true 7:true 8:true 9:true]
2026/02/24 17:27:00 [Node:0 GID:100 isLeader:true] shardkv server raft command:{4 WiACVRcHVzJ_AEs8qMjx APPEND 2 130 113871309237573403 {0 [0 0 0 0 0 0 0 0 0 0] map[]} map[] 0}
2026/02/24 17:27:00 [Node:1 GID:100 isLeader:false] shardkv server listenApplyCh applyMsg:{true {4  GET 2 129 113871309237573403 {0 [0 0 0 0 0 0 0 0 0 0] map[]} map[] 0} 74 map[] false map[] map[] map[] map[]}
2026/02/24 17:27:00 [Node:1 GID:100 isLeader:false] kv server listenApplyCh op:GET, key:4, value: clientid:113871309237573403, 更新seqNum:129
2026/02/24 17:27:00 [Node:2 GID:100 isLeader:false] shardkv server listenApplyCh applyMsg:{true {4  GET 2 129 113871309237573403 {0 [0 0 0 0 0 0 0 0 0 0] map[]} map[] 0} 74 map[] false map[] map[] map[] map[]}
2026/02/24 17:27:00 [Node:2 GID:100 isLeader:false] kv server listenApplyCh op:GET, key:4, value: clientid:113871309237573403, 更新seqNum:129
2026/02/24 17:27:00 [Node:0 GID:100 isLeader:true] shardkv server listenApplyCh applyMsg:{true {4 WiACVRcHVzJ_AEs8qMjx APPEND 2 130 113871309237573403 {0 [0 0 0 0 0 0 0 0 0 0] map[]} map[] 0} 75 map[] false map[] map[] map[] map[]}
2026/02/24 17:27:00 [Node:0 GID:100 isLeader:true] kv server listenApplyCh op:APPEND, key:4, value:WiACVRcHVzJ_AEs8qMjx clientid:113871309237573403, 更新seqNum:130
2026/02/24 17:27:00 [Node:0 GID:100 isLeader:true] shardkv server append success key:4 value:WiACVRcHVzJ_AEs8qMjx data:map[4:4_jSWlOJHgao3DYGmXfxVEqD-neXPsXsTGbAZFT_WiACVRcHVzJ_AEs8qMjx]
2026/02/24 17:27:00 [Node:0 GID:100 isLeader:true] shardkv server raft repley: success op:APPEND, key:4 value:WiACVRcHVzJ_AEs8qMjx
2026/02/24 17:27:00 [Node:1 GID:100 isLeader:false] shardkv server generateSnapshotter raft state size: 1016, maxraftstate: 1000
2026/02/24 17:27:00 [Node:2 GID:100 isLeader:false] shardkv server generateSnapshotter raft state size: 1016, maxraftstate: 1000
2026/02/24 17:27:00 [Node:0 GID:100 isLeader:true] shardkv server generateSnapshotter raft state size: 1016, maxraftstate: 1000
2026/02/24 17:27:00 [Node:0 GID:100 isLeader:true] shardkv server generateSnapshotter start data:map[0:map[2:e7KLJGj9FfoEz52Hcp3HwfJEqjsqrCM77Eatr9ySWtZV5-bqgivFfzMq-CFU 20:sxevmuW7AmVBs1CkujVpZfviNx_cyLLCs5KZa2W- 21:AB-RSTY0r6n0a5q8vcmgCJBEtvS0VzI968wTxFlr 22:_w4WVM9-y3hR5bZSIEWhXG7IOsnPQXdioSat74Et 23:QFjsUpC5euDpwYpR2oU397n20hcqvFN_9bwpZDf_ 24:IEkCCLX4oicRxt8IqaX3uMQQQDc-7mYmqwyJiBLW 25:gIvRmn0Vk7CvUtn1b9YE7hdubcaKvIAE9xqEHppC 26:QJpznCkMRhsFOWcrsnvDC_-ShblSIM7jTsRYvJ53 27:IX9f8pgSK6B4a77Vh-vxfcHmA8mo8Pnc50R8KpnZ 28:_5uoVW9UzbaA_KtclZvr6Ny6jzGfPvg_5IdEdPzt 29:ITUcWpr5oaTUfV03GUIGL4fEgy-w6P82O7oXPyuN] 1:map[3:Hru2hXtYBJ0LEvhhZyB7] 2:map[4:4_jSWlOJHgao3DYGmXfxVEqD-neXPsXsTGbAZFT_WiACVRcHVzJ_AEs8qMjx] 3:map[5:7Qs3WNhdC_Xy7ku2e5YO] 4:map[6:lFVqDSzzWwLbl3rpO8tR5jJspmoBfi75NciYWGeD] 5:map[7:z2LVJuJMcOCsm-VAweCT] 6:map[8:25imAyinhov1A9x-2_yHk8Pq-A3_DvuSUvtv7den] 7:map[9:W2k9CA3KTZbuggglJ85F] 8:map[0:4JPKOsUVfVcvncyCAj-8r3rmeT9zc5O7TF63zv6xBeNKfFJRCzVlq1gf_rNH] 9:map[1:7feyKfcAmKMj84e-Z9Qy 10:ZIo_MWLuWr11IuKrdiJ2 11:G-WdPfixCsStieX94OwO 12:96ZhhvdDDUM5xUOVYxQI 13:XE90ySoOGhjGY2lx7_n6 14:qYFp5ienKQiZmDXCokTB 15:hfoSBfHfoMGZC-E23lrs 16:w49ucCQcjPa0iUGSzwdg 17:tS93z-FyNwnLWHVevezP 18:eGx5LOeZm_ldSj2mREyz 19:TuU_Zvm4dt_Z_xRmrtr8]]
2026/02/24 17:27:00 [Node:1 GID:100 isLeader:false] shardkv server listenApplyCh applyMsg:{false <nil> 75 map[] true map[] map[0:map[2:e7KLJGj9FfoEz52Hcp3HwfJEqjsqrCM77Eatr9ySWtZV5-bqgivFfzMq-CFU 20:sxevmuW7AmVBs1CkujVpZfviNx_cyLLCs5KZa2W- 21:AB-RSTY0r6n0a5q8vcmgCJBEtvS0VzI968wTxFlr 22:_w4WVM9-y3hR5bZSIEWhXG7IOsnPQXdioSat74Et 23:QFjsUpC5euDpwYpR2oU397n20hcqvFN_9bwpZDf_ 24:IEkCCLX4oicRxt8IqaX3uMQQQDc-7mYmqwyJiBLW 25:gIvRmn0Vk7CvUtn1b9YE7hdubcaKvIAE9xqEHppC 26:QJpznCkMRhsFOWcrsnvDC_-ShblSIM7jTsRYvJ53 27:IX9f8pgSK6B4a77Vh-vxfcHmA8mo8Pnc50R8KpnZ 28:_5uoVW9UzbaA_KtclZvr6Ny6jzGfPvg_5IdEdPzt 29:ITUcWpr5oaTUfV03GUIGL4fEgy-w6P82O7oXPyuN] 1:map[3:Hru2hXtYBJ0LEvhhZyB7] 2:map[4:4_jSWlOJHgao3DYGmXfxVEqD-neXPsXsTGbAZFT_WiACVRcHVzJ_AEs8qMjx] 3:map[5:7Qs3WNhdC_Xy7ku2e5YO] 4:map[6:lFVqDSzzWwLbl3rpO8tR5jJspmoBfi75NciYWGeD] 5:map[7:z2LVJuJMcOCsm-VAweCT] 6:map[8:25imAyinhov1A9x-2_yHk8Pq-A3_DvuSUvtv7den] 7:map[9:W2k9CA3KTZbuggglJ85F] 8:map[0:4JPKOsUVfVcvncyCAj-8r3rmeT9zc5O7TF63zv6xBeNKfFJRCzVlq1gf_rNH] 9:map[1:7feyKfcAmKMj84e-Z9Qy 10:ZIo_MWLuWr11IuKrdiJ2 11:G-WdPfixCsStieX94OwO 12:96ZhhvdDDUM5xUOVYxQI 13:XE90ySoOGhjGY2lx7_n6 14:qYFp5ienKQiZmDXCokTB 15:hfoSBfHfoMGZC-E23lrs 16:w49ucCQcjPa0iUGSzwdg 17:tS93z-FyNwnLWHVevezP 18:eGx5LOeZm_ldSj2mREyz 19:TuU_Zvm4dt_Z_xRmrtr8]] map[0:map[0:6 113871309237573403:126] 1:map[113871309237573403:34] 2:map[113871309237573403:130] 3:map[113871309237573403:36] 4:map[113871309237573403:74] 5:map[113871309237573403:38] 6:map[113871309237573403:78] 7:map[113871309237573403:40] 8:map[113871309237573403:122] 9:map[113871309237573403:50]] map[0:NORMAL 1:INVALID 2:NORMAL 3:INVALID 4:NORMAL 5:INVALID 6:NORMAL 7:INVALID 8:NORMAL 9:INVALID]}
2026/02/24 17:27:00 [Node:1 GID:100 isLeader:false] shardkv server listenApplyCh load snapshot data:map[0:map[2:e7KLJGj9FfoEz52Hcp3HwfJEqjsqrCM77Eatr9ySWtZV5-bqgivFfzMq-CFU 20:sxevmuW7AmVBs1CkujVpZfviNx_cyLLCs5KZa2W- 21:AB-RSTY0r6n0a5q8vcmgCJBEtvS0VzI968wTxFlr 22:_w4WVM9-y3hR5bZSIEWhXG7IOsnPQXdioSat74Et 23:QFjsUpC5euDpwYpR2oU397n20hcqvFN_9bwpZDf_ 24:IEkCCLX4oicRxt8IqaX3uMQQQDc-7mYmqwyJiBLW 25:gIvRmn0Vk7CvUtn1b9YE7hdubcaKvIAE9xqEHppC 26:QJpznCkMRhsFOWcrsnvDC_-ShblSIM7jTsRYvJ53 27:IX9f8pgSK6B4a77Vh-vxfcHmA8mo8Pnc50R8KpnZ 28:_5uoVW9UzbaA_KtclZvr6Ny6jzGfPvg_5IdEdPzt 29:ITUcWpr5oaTUfV03GUIGL4fEgy-w6P82O7oXPyuN] 1:map[3:Hru2hXtYBJ0LEvhhZyB7] 2:map[4:4_jSWlOJHgao3DYGmXfxVEqD-neXPsXsTGbAZFT_WiACVRcHVzJ_AEs8qMjx] 3:map[5:7Qs3WNhdC_Xy7ku2e5YO] 4:map[6:lFVqDSzzWwLbl3rpO8tR5jJspmoBfi75NciYWGeD] 5:map[7:z2LVJuJMcOCsm-VAweCT] 6:map[8:25imAyinhov1A9x-2_yHk8Pq-A3_DvuSUvtv7den] 7:map[9:W2k9CA3KTZbuggglJ85F] 8:map[0:4JPKOsUVfVcvncyCAj-8r3rmeT9zc5O7TF63zv6xBeNKfFJRCzVlq1gf_rNH] 9:map[1:7feyKfcAmKMj84e-Z9Qy 10:ZIo_MWLuWr11IuKrdiJ2 11:G-WdPfixCsStieX94OwO 12:96ZhhvdDDUM5xUOVYxQI 13:XE90ySoOGhjGY2lx7_n6 14:qYFp5ienKQiZmDXCokTB 15:hfoSBfHfoMGZC-E23lrs 16:w49ucCQcjPa0iUGSzwdg 17:tS93z-FyNwnLWHVevezP 18:eGx5LOeZm_ldSj2mREyz 19:TuU_Zvm4dt_Z_xRmrtr8]] seqNums:map[0:map[0:6 113871309237573403:126] 1:map[113871309237573403:34] 2:map[113871309237573403:130] 3:map[113871309237573403:36] 4:map[113871309237573403:74] 5:map[113871309237573403:38] 6:map[113871309237573403:78] 7:map[113871309237573403:40] 8:map[113871309237573403:122] 9:map[113871309237573403:50]]
2026/02/24 17:27:00 [Node:2 GID:100 isLeader:false] shardkv server listenApplyCh applyMsg:{false <nil> 75 map[] true map[] map[0:map[2:e7KLJGj9FfoEz52Hcp3HwfJEqjsqrCM77Eatr9ySWtZV5-bqgivFfzMq-CFU 20:sxevmuW7AmVBs1CkujVpZfviNx_cyLLCs5KZa2W- 21:AB-RSTY0r6n0a5q8vcmgCJBEtvS0VzI968wTxFlr 22:_w4WVM9-y3hR5bZSIEWhXG7IOsnPQXdioSat74Et 23:QFjsUpC5euDpwYpR2oU397n20hcqvFN_9bwpZDf_ 24:IEkCCLX4oicRxt8IqaX3uMQQQDc-7mYmqwyJiBLW 25:gIvRmn0Vk7CvUtn1b9YE7hdubcaKvIAE9xqEHppC 26:QJpznCkMRhsFOWcrsnvDC_-ShblSIM7jTsRYvJ53 27:IX9f8pgSK6B4a77Vh-vxfcHmA8mo8Pnc50R8KpnZ 28:_5uoVW9UzbaA_KtclZvr6Ny6jzGfPvg_5IdEdPzt 29:ITUcWpr5oaTUfV03GUIGL4fEgy-w6P82O7oXPyuN] 1:map[3:Hru2hXtYBJ0LEvhhZyB7] 2:map[4:4_jSWlOJHgao3DYGmXfxVEqD-neXPsXsTGbAZFT_WiACVRcHVzJ_AEs8qMjx] 3:map[5:7Qs3WNhdC_Xy7ku2e5YO] 4:map[6:lFVqDSzzWwLbl3rpO8tR5jJspmoBfi75NciYWGeD] 5:map[7:z2LVJuJMcOCsm-VAweCT] 6:map[8:25imAyinhov1A9x-2_yHk8Pq-A3_DvuSUvtv7den] 7:map[9:W2k9CA3KTZbuggglJ85F] 8:map[0:4JPKOsUVfVcvncyCAj-8r3rmeT9zc5O7TF63zv6xBeNKfFJRCzVlq1gf_rNH] 9:map[1:7feyKfcAmKMj84e-Z9Qy 10:ZIo_MWLuWr11IuKrdiJ2 11:G-WdPfixCsStieX94OwO 12:96ZhhvdDDUM5xUOVYxQI 13:XE90ySoOGhjGY2lx7_n6 14:qYFp5ienKQiZmDXCokTB 15:hfoSBfHfoMGZC-E23lrs 16:w49ucCQcjPa0iUGSzwdg 17:tS93z-FyNwnLWHVevezP 18:eGx5LOeZm_ldSj2mREyz 19:TuU_Zvm4dt_Z_xRmrtr8]] map[0:map[0:6 113871309237573403:126] 1:map[113871309237573403:34] 2:map[113871309237573403:130] 3:map[113871309237573403:36] 4:map[113871309237573403:74] 5:map[113871309237573403:38] 6:map[113871309237573403:78] 7:map[113871309237573403:40] 8:map[113871309237573403:122] 9:map[113871309237573403:50]] map[0:NORMAL 1:INVALID 2:NORMAL 3:INVALID 4:NORMAL 5:INVALID 6:NORMAL 7:INVALID 8:NORMAL 9:INVALID]}
2026/02/24 17:27:00 [Node:2 GID:100 isLeader:false] shardkv server listenApplyCh load snapshot data:map[0:map[2:e7KLJGj9FfoEz52Hcp3HwfJEqjsqrCM77Eatr9ySWtZV5-bqgivFfzMq-CFU 20:sxevmuW7AmVBs1CkujVpZfviNx_cyLLCs5KZa2W- 21:AB-RSTY0r6n0a5q8vcmgCJBEtvS0VzI968wTxFlr 22:_w4WVM9-y3hR5bZSIEWhXG7IOsnPQXdioSat74Et 23:QFjsUpC5euDpwYpR2oU397n20hcqvFN_9bwpZDf_ 24:IEkCCLX4oicRxt8IqaX3uMQQQDc-7mYmqwyJiBLW 25:gIvRmn0Vk7CvUtn1b9YE7hdubcaKvIAE9xqEHppC 26:QJpznCkMRhsFOWcrsnvDC_-ShblSIM7jTsRYvJ53 27:IX9f8pgSK6B4a77Vh-vxfcHmA8mo8Pnc50R8KpnZ 28:_5uoVW9UzbaA_KtclZvr6Ny6jzGfPvg_5IdEdPzt 29:ITUcWpr5oaTUfV03GUIGL4fEgy-w6P82O7oXPyuN] 1:map[3:Hru2hXtYBJ0LEvhhZyB7] 2:map[4:4_jSWlOJHgao3DYGmXfxVEqD-neXPsXsTGbAZFT_WiACVRcHVzJ_AEs8qMjx] 3:map[5:7Qs3WNhdC_Xy7ku2e5YO] 4:map[6:lFVqDSzzWwLbl3rpO8tR5jJspmoBfi75NciYWGeD] 5:map[7:z2LVJuJMcOCsm-VAweCT] 6:map[8:25imAyinhov1A9x-2_yHk8Pq-A3_DvuSUvtv7den] 7:map[9:W2k9CA3KTZbuggglJ85F] 8:map[0:4JPKOsUVfVcvncyCAj-8r3rmeT9zc5O7TF63zv6xBeNKfFJRCzVlq1gf_rNH] 9:map[1:7feyKfcAmKMj84e-Z9Qy 10:ZIo_MWLuWr11IuKrdiJ2 11:G-WdPfixCsStieX94OwO 12:96ZhhvdDDUM5xUOVYxQI 13:XE90ySoOGhjGY2lx7_n6 14:qYFp5ienKQiZmDXCokTB 15:hfoSBfHfoMGZC-E23lrs 16:w49ucCQcjPa0iUGSzwdg 17:tS93z-FyNwnLWHVevezP 18:eGx5LOeZm_ldSj2mREyz 19:TuU_Zvm4dt_Z_xRmrtr8]] seqNums:map[0:map[0:6 113871309237573403:126] 1:map[113871309237573403:34] 2:map[113871309237573403:130] 3:map[113871309237573403:36] 4:map[113871309237573403:74] 5:map[113871309237573403:38] 6:map[113871309237573403:78] 7:map[113871309237573403:40] 8:map[113871309237573403:122] 9:map[113871309237573403:50]]
2026/02/24 17:27:00 [Node:0 GID:100 isLeader:true] shardkv server checkGroup key:6, shard:4 shards:map[0:true 1:true 2:true 3:true 4:true 5:true 6:true 7:true 8:true 9:true]
2026/02/24 17:27:00 [Node:0 GID:100 isLeader:true] shardkv server raft command:{6  GET 4 133 113871309237573403 {0 [0 0 0 0 0 0 0 0 0 0] map[]} map[] 0}
2026/02/24 17:27:00 [Node:0 GID:100 isLeader:true] shardkv server listenApplyCh applyMsg:{true {6  GET 4 133 113871309237573403 {0 [0 0 0 0 0 0 0 0 0 0] map[]} map[] 0} 76 map[] false map[] map[] map[] map[]}
2026/02/24 17:27:00 [Node:0 GID:100 isLeader:true] kv server listenApplyCh op:GET, key:6, value: clientid:113871309237573403, 更新seqNum:133
2026/02/24 17:27:00 [Node:0 GID:100 isLeader:true] shardkv server raft repley: success op:GET, key:6 value:
2026/02/24 17:27:00 [Node:0 GID:100 isLeader:true] shardkv server get key:6, data:map[6:lFVqDSzzWwLbl3rpO8tR5jJspmoBfi75NciYWGeD]
2026/02/24 17:27:00 [Node:0 GID:100 isLeader:true] shardkv server get key:6, value:lFVqDSzzWwLbl3rpO8tR5jJspmoBfi75NciYWGeD
2026/02/24 17:27:00 [Node:0 GID:100 isLeader:true] shardkv server checkGroup key:6, shard:4 shards:map[0:true 1:true 2:true 3:true 4:true 5:true 6:true 7:true 8:true 9:true]
2026/02/24 17:27:00 [Node:0 GID:100 isLeader:true] shardkv server raft command:{6 aHhL350aZn7rlqU7FI2- APPEND 4 134 113871309237573403 {0 [0 0 0 0 0 0 0 0 0 0] map[]} map[] 0}
2026/02/24 17:27:00 [Node:1 GID:100 isLeader:false] shardkv server generateSnapshotter raft state size: 567, maxraftstate: 1000
2026/02/24 17:27:00 [Node:2 GID:100 isLeader:false] shardkv server generateSnapshotter raft state size: 567, maxraftstate: 1000
2026/02/24 17:27:00 [Node:0 GID:100 isLeader:true] shardkv server generateSnapshotter raft state size: 669, maxraftstate: 1000
2026/02/24 17:27:00 [Node:2 GID:100 isLeader:false] shardkv server listenApplyCh applyMsg:{true {6  GET 4 133 113871309237573403 {0 [0 0 0 0 0 0 0 0 0 0] map[]} map[] 0} 76 map[] false map[] map[] map[] map[]}
2026/02/24 17:27:00 [Node:0 GID:100 isLeader:true] shardkv server listenApplyCh applyMsg:{true {6 aHhL350aZn7rlqU7FI2- APPEND 4 134 113871309237573403 {0 [0 0 0 0 0 0 0 0 0 0] map[]} map[] 0} 77 map[] false map[] map[] map[] map[]}
2026/02/24 17:27:00 [Node:2 GID:100 isLeader:false] kv server listenApplyCh op:GET, key:6, value: clientid:113871309237573403, 更新seqNum:133
2026/02/24 17:27:00 [Node:1 GID:100 isLeader:false] shardkv server listenApplyCh applyMsg:{true {6  GET 4 133 113871309237573403 {0 [0 0 0 0 0 0 0 0 0 0] map[]} map[] 0} 76 map[] false map[] map[] map[] map[]}
2026/02/24 17:27:00 [Node:0 GID:100 isLeader:true] kv server listenApplyCh op:APPEND, key:6, value:aHhL350aZn7rlqU7FI2- clientid:113871309237573403, 更新seqNum:134
2026/02/24 17:27:00 [Node:1 GID:100 isLeader:false] kv server listenApplyCh op:GET, key:6, value: clientid:113871309237573403, 更新seqNum:133
2026/02/24 17:27:00 [Node:0 GID:100 isLeader:true] shardkv server append success key:6 value:aHhL350aZn7rlqU7FI2- data:map[6:lFVqDSzzWwLbl3rpO8tR5jJspmoBfi75NciYWGeDaHhL350aZn7rlqU7FI2-]
2026/02/24 17:27:00 [Node:0 GID:100 isLeader:true] shardkv server raft repley: success op:APPEND, key:6 value:aHhL350aZn7rlqU7FI2-
2026/02/24 17:27:00 [Node:1 GID:100 isLeader:false] shardkv server listenApplyCh applyMsg:{true {6 aHhL350aZn7rlqU7FI2- APPEND 4 134 113871309237573403 {0 [0 0 0 0 0 0 0 0 0 0] map[]} map[] 0} 77 map[] false map[] map[] map[] map[]}
2026/02/24 17:27:00 [Node:2 GID:100 isLeader:false] shardkv server listenApplyCh applyMsg:{true {6 aHhL350aZn7rlqU7FI2- APPEND 4 134 113871309237573403 {0 [0 0 0 0 0 0 0 0 0 0] map[]} map[] 0} 77 map[] false map[] map[] map[] map[]}
2026/02/24 17:27:00 [Node:1 GID:100 isLeader:false] kv server listenApplyCh op:APPEND, key:6, value:aHhL350aZn7rlqU7FI2- clientid:113871309237573403, 更新seqNum:134
2026/02/24 17:27:00 [Node:2 GID:100 isLeader:false] kv server listenApplyCh op:APPEND, key:6, value:aHhL350aZn7rlqU7FI2- clientid:113871309237573403, 更新seqNum:134
2026/02/24 17:27:00 [Node:1 GID:100 isLeader:false] shardkv server append success key:6 value:aHhL350aZn7rlqU7FI2- data:map[6:lFVqDSzzWwLbl3rpO8tR5jJspmoBfi75NciYWGeDaHhL350aZn7rlqU7FI2-]
2026/02/24 17:27:00 [Node:2 GID:100 isLeader:false] shardkv server append success key:6 value:aHhL350aZn7rlqU7FI2- data:map[6:lFVqDSzzWwLbl3rpO8tR5jJspmoBfi75NciYWGeDaHhL350aZn7rlqU7FI2-]
2026/02/24 17:27:00 [Node:2 GID:100 isLeader:false] shardkv server generateSnapshotter raft state size: 669, maxraftstate: 1000
2026/02/24 17:27:00 [Node:1 GID:100 isLeader:false] shardkv server generateSnapshotter raft state size: 669, maxraftstate: 1000
2026/02/24 17:27:00 [Node:0 GID:100 isLeader:true] shardkv server checkGroup key:8, shard:6 shards:map[0:true 1:true 2:true 3:true 4:true 5:true 6:true 7:true 8:true 9:true]
2026/02/24 17:27:00 [Node:0 GID:100 isLeader:true] shardkv server raft command:{8  GET 6 137 113871309237573403 {0 [0 0 0 0 0 0 0 0 0 0] map[]} map[] 0}
2026/02/24 17:27:00 [Node:0 GID:100 isLeader:true] shardkv server generateSnapshotter raft state size: 745, maxraftstate: 1000
2026/02/24 17:27:00 [Node:0 GID:100 isLeader:true] shardkv server listenApplyCh applyMsg:{true {8  GET 6 137 113871309237573403 {0 [0 0 0 0 0 0 0 0 0 0] map[]} map[] 0} 78 map[] false map[] map[] map[] map[]}
2026/02/24 17:27:00 [Node:0 GID:100 isLeader:true] kv server listenApplyCh op:GET, key:8, value: clientid:113871309237573403, 更新seqNum:137
2026/02/24 17:27:00 [Node:0 GID:100 isLeader:true] shardkv server raft repley: success op:GET, key:8 value:
2026/02/24 17:27:00 [Node:0 GID:100 isLeader:true] shardkv server get key:8, data:map[8:25imAyinhov1A9x-2_yHk8Pq-A3_DvuSUvtv7den]
2026/02/24 17:27:00 [Node:0 GID:100 isLeader:true] shardkv server get key:8, value:25imAyinhov1A9x-2_yHk8Pq-A3_DvuSUvtv7den
2026/02/24 17:27:00 [Node:0 GID:100 isLeader:true] shardkv server checkGroup key:8, shard:6 shards:map[0:true 1:true 2:true 3:true 4:true 5:true 6:true 7:true 8:true 9:true]
2026/02/24 17:27:00 [Node:0 GID:100 isLeader:true] shardkv server raft command:{8 Cbw36nmpiMlFNFC7lYL2 APPEND 6 138 113871309237573403 {0 [0 0 0 0 0 0 0 0 0 0] map[]} map[] 0}
2026/02/24 17:27:01 [Node:1 GID:100 isLeader:false] shardkv server listenApplyCh applyMsg:{true {8  GET 6 137 113871309237573403 {0 [0 0 0 0 0 0 0 0 0 0] map[]} map[] 0} 78 map[] false map[] map[] map[] map[]}
2026/02/24 17:27:01 [Node:1 GID:100 isLeader:false] shardkv server generateSnapshotter raft state size: 847, maxraftstate: 1000
2026/02/24 17:27:01 [Node:2 GID:100 isLeader:false] shardkv server generateSnapshotter raft state size: 847, maxraftstate: 1000
2026/02/24 17:27:01 [Node:1 GID:100 isLeader:false] kv server listenApplyCh op:GET, key:8, value: clientid:113871309237573403, 更新seqNum:137
2026/02/24 17:27:01 [Node:2 GID:100 isLeader:false] shardkv server listenApplyCh applyMsg:{true {8  GET 6 137 113871309237573403 {0 [0 0 0 0 0 0 0 0 0 0] map[]} map[] 0} 78 map[] false map[] map[] map[] map[]}
2026/02/24 17:27:01 [Node:0 GID:100 isLeader:true] shardkv server listenApplyCh applyMsg:{true {8 Cbw36nmpiMlFNFC7lYL2 APPEND 6 138 113871309237573403 {0 [0 0 0 0 0 0 0 0 0 0] map[]} map[] 0} 79 map[] false map[] map[] map[] map[]}
2026/02/24 17:27:01 [Node:0 GID:100 isLeader:true] kv server listenApplyCh op:APPEND, key:8, value:Cbw36nmpiMlFNFC7lYL2 clientid:113871309237573403, 更新seqNum:138
2026/02/24 17:27:01 [Node:2 GID:100 isLeader:false] kv server listenApplyCh op:GET, key:8, value: clientid:113871309237573403, 更新seqNum:137
2026/02/24 17:27:01 [Node:0 GID:100 isLeader:true] shardkv server append success key:8 value:Cbw36nmpiMlFNFC7lYL2 data:map[8:25imAyinhov1A9x-2_yHk8Pq-A3_DvuSUvtv7denCbw36nmpiMlFNFC7lYL2]
2026/02/24 17:27:01 [Node:0 GID:100 isLeader:true] shardkv server raft repley: success op:APPEND, key:8 value:Cbw36nmpiMlFNFC7lYL2
2026/02/24 17:27:01 [Node:0 GID:100 isLeader:true] shardkv server generateSnapshotter raft state size: 847, maxraftstate: 1000
2026/02/24 17:27:01 [Node:1 GID:100 isLeader:false] shardkv server listenApplyCh applyMsg:{true {8 Cbw36nmpiMlFNFC7lYL2 APPEND 6 138 113871309237573403 {0 [0 0 0 0 0 0 0 0 0 0] map[]} map[] 0} 79 map[] false map[] map[] map[] map[]}
2026/02/24 17:27:01 [Node:2 GID:100 isLeader:false] shardkv server listenApplyCh applyMsg:{true {8 Cbw36nmpiMlFNFC7lYL2 APPEND 6 138 113871309237573403 {0 [0 0 0 0 0 0 0 0 0 0] map[]} map[] 0} 79 map[] false map[] map[] map[] map[]}
2026/02/24 17:27:01 [Node:1 GID:100 isLeader:false] kv server listenApplyCh op:APPEND, key:8, value:Cbw36nmpiMlFNFC7lYL2 clientid:113871309237573403, 更新seqNum:138
2026/02/24 17:27:01 [Node:2 GID:100 isLeader:false] kv server listenApplyCh op:APPEND, key:8, value:Cbw36nmpiMlFNFC7lYL2 clientid:113871309237573403, 更新seqNum:138
2026/02/24 17:27:01 [Node:1 GID:100 isLeader:false] shardkv server append success key:8 value:Cbw36nmpiMlFNFC7lYL2 data:map[8:25imAyinhov1A9x-2_yHk8Pq-A3_DvuSUvtv7denCbw36nmpiMlFNFC7lYL2]
2026/02/24 17:27:01 [Node:2 GID:100 isLeader:false] shardkv server append success key:8 value:Cbw36nmpiMlFNFC7lYL2 data:map[8:25imAyinhov1A9x-2_yHk8Pq-A3_DvuSUvtv7denCbw36nmpiMlFNFC7lYL2]
2026/02/24 17:27:01 [Node:1 GID:100 isLeader:false] shardkv server generateSnapshotter raft state size: 847, maxraftstate: 1000
2026/02/24 17:27:01 [Node:2 GID:100 isLeader:false] shardkv server generateSnapshotter raft state size: 847, maxraftstate: 1000
2026/02/24 17:27:01 [Node:0 GID:100 isLeader:true] shardkv server generateSnapshotter raft state size: 847, maxraftstate: 1000
2026/02/24 17:27:01 [Node:1 GID:100 isLeader:false] shardkv server generateSnapshotter raft state size: 847, maxraftstate: 1000
2026/02/24 17:27:01 [Node:2 GID:100 isLeader:false] shardkv server generateSnapshotter raft state size: 847, maxraftstate: 1000
2026/02/24 17:27:01 [Node:0 GID:100 isLeader:true] shardkv server generateSnapshotter raft state size: 847, maxraftstate: 1000
2026/02/24 17:27:01 [Node:1 GID:100 isLeader:false] shardkv server generateSnapshotter raft state size: 847, maxraftstate: 1000
2026/02/24 17:27:01 [Node:2 GID:100 isLeader:false] shardkv server generateSnapshotter raft state size: 847, maxraftstate: 1000
2026/02/24 17:27:01 [Node:0 GID:100 isLeader:true] shardkv server generateSnapshotter raft state size: 847, maxraftstate: 1000
2026/02/24 17:27:01 [Node:1 GID:100 isLeader:false] shardkv server generateSnapshotter raft state size: 847, maxraftstate: 1000
2026/02/24 17:27:01 [Node:2 GID:100 isLeader:false] shardkv server generateSnapshotter raft state size: 847, maxraftstate: 1000
2026/02/24 17:27:01 [Node:0 GID:100 isLeader:true] shardkv server generateSnapshotter raft state size: 847, maxraftstate: 1000
2026/02/24 17:27:01 [Node:2 GID:100 isLeader:false] shardkv server generateSnapshotter raft state size: 847, maxraftstate: 1000
2026/02/24 17:27:01 [Node:1 GID:100 isLeader:false] shardkv server generateSnapshotter raft state size: 847, maxraftstate: 1000
2026/02/24 17:27:01 [Node:0 GID:100 isLeader:true] shardkv server generateSnapshotter raft state size: 847, maxraftstate: 1000
2026/02/24 17:27:01 [Node:2 GID:100 isLeader:false] shardkv server generateSnapshotter raft state size: 847, maxraftstate: 1000
2026/02/24 17:27:01 [Node:1 GID:100 isLeader:false] shardkv server generateSnapshotter raft state size: 847, maxraftstate: 1000
2026/02/24 17:27:01 [Node:0 GID:100 isLeader:true] shardkv server generateSnapshotter raft state size: 847, maxraftstate: 1000
2026/02/24 17:27:01 [Node:1 GID:100 isLeader:false] shardkv server generateSnapshotter raft state size: 847, maxraftstate: 1000
2026/02/24 17:27:01 [Node:2 GID:100 isLeader:false] shardkv server generateSnapshotter raft state size: 847, maxraftstate: 1000
2026/02/24 17:27:01 [Node:0 GID:100 isLeader:true] shardkv server generateSnapshotter raft state size: 847, maxraftstate: 1000
2026/02/24 17:27:01 [Node:1 GID:100 isLeader:false] shardkv server generateSnapshotter raft state size: 847, maxraftstate: 1000
2026/02/24 17:27:01 [Node:2 GID:100 isLeader:false] shardkv server generateSnapshotter raft state size: 847, maxraftstate: 1000
2026/02/24 17:27:01 [Node:0 GID:100 isLeader:true] shardkv server generateSnapshotter raft state size: 847, maxraftstate: 1000
2026/02/24 17:27:01 [Node:1 GID:100 isLeader:false] shardkv server generateSnapshotter raft state size: 847, maxraftstate: 1000
2026/02/24 17:27:01 [Node:2 GID:100 isLeader:false] shardkv server generateSnapshotter raft state size: 847, maxraftstate: 1000
2026/02/24 17:27:01 [Node:0 GID:100 isLeader:true] shardkv server generateSnapshotter raft state size: 847, maxraftstate: 1000
2026/02/24 17:27:02 [Node:1 GID:100 isLeader:false] shardkv server generateSnapshotter raft state size: 847, maxraftstate: 1000
2026/02/24 17:27:02 [Node:2 GID:100 isLeader:false] shardkv server generateSnapshotter raft state size: 847, maxraftstate: 1000
2026/02/24 17:27:02 [Node:0 GID:100 isLeader:true] shardkv server generateSnapshotter raft state size: 847, maxraftstate: 1000
2026/02/24 17:27:02 [Node:0 GID:100 isLeader:true] shardkv server checkGroup key:20, shard:0 shards:map[0:true 1:true 2:true 3:true 4:true 5:true 6:true 7:true 8:true 9:true]
2026/02/24 17:27:02 [Node:0 GID:100 isLeader:true] shardkv server raft command:{20  GET 0 161 113871309237573403 {0 [0 0 0 0 0 0 0 0 0 0] map[]} map[] 0}
2026/02/24 17:27:02 [Node:1 GID:100 isLeader:false] shardkv server generateSnapshotter raft state size: 847, maxraftstate: 1000
2026/02/24 17:27:02 [Node:2 GID:100 isLeader:false] shardkv server generateSnapshotter raft state size: 847, maxraftstate: 1000
2026/02/24 17:27:02 [Node:0 GID:100 isLeader:true] shardkv server listenApplyCh applyMsg:{true {20  GET 0 161 113871309237573403 {0 [0 0 0 0 0 0 0 0 0 0] map[]} map[] 0} 80 map[] false map[] map[] map[] map[]}
2026/02/24 17:27:02 [Node:0 GID:100 isLeader:true] kv server listenApplyCh op:GET, key:20, value: clientid:113871309237573403, 更新seqNum:161
2026/02/24 17:27:02 [Node:0 GID:100 isLeader:true] shardkv server raft repley: success op:GET, key:20 value:
2026/02/24 17:27:02 [Node:0 GID:100 isLeader:true] shardkv server get key:20, data:map[2:e7KLJGj9FfoEz52Hcp3HwfJEqjsqrCM77Eatr9ySWtZV5-bqgivFfzMq-CFU 20:sxevmuW7AmVBs1CkujVpZfviNx_cyLLCs5KZa2W- 21:AB-RSTY0r6n0a5q8vcmgCJBEtvS0VzI968wTxFlr 22:_w4WVM9-y3hR5bZSIEWhXG7IOsnPQXdioSat74Et 23:QFjsUpC5euDpwYpR2oU397n20hcqvFN_9bwpZDf_ 24:IEkCCLX4oicRxt8IqaX3uMQQQDc-7mYmqwyJiBLW 25:gIvRmn0Vk7CvUtn1b9YE7hdubcaKvIAE9xqEHppC 26:QJpznCkMRhsFOWcrsnvDC_-ShblSIM7jTsRYvJ53 27:IX9f8pgSK6B4a77Vh-vxfcHmA8mo8Pnc50R8KpnZ 28:_5uoVW9UzbaA_KtclZvr6Ny6jzGfPvg_5IdEdPzt 29:ITUcWpr5oaTUfV03GUIGL4fEgy-w6P82O7oXPyuN]
2026/02/24 17:27:02 [Node:0 GID:100 isLeader:true] shardkv server get key:20, value:sxevmuW7AmVBs1CkujVpZfviNx_cyLLCs5KZa2W-
2026/02/24 17:27:02 [Node:0 GID:100 isLeader:true] shardkv server checkGroup key:20, shard:0 shards:map[0:true 1:true 2:true 3:true 4:true 5:true 6:true 7:true 8:true 9:true]
2026/02/24 17:27:02 [Node:0 GID:100 isLeader:true] shardkv server raft command:{20 vHPa6tIaQ1TWMfFjBg8D APPEND 0 162 113871309237573403 {0 [0 0 0 0 0 0 0 0 0 0] map[]} map[] 0}
2026/02/24 17:27:02 [Node:0 GID:100 isLeader:true] shardkv server generateSnapshotter raft state size: 1022, maxraftstate: 1000
2026/02/24 17:27:02 [Node:0 GID:100 isLeader:true] shardkv server generateSnapshotter start data:map[0:map[2:e7KLJGj9FfoEz52Hcp3HwfJEqjsqrCM77Eatr9ySWtZV5-bqgivFfzMq-CFU 20:sxevmuW7AmVBs1CkujVpZfviNx_cyLLCs5KZa2W- 21:AB-RSTY0r6n0a5q8vcmgCJBEtvS0VzI968wTxFlr 22:_w4WVM9-y3hR5bZSIEWhXG7IOsnPQXdioSat74Et 23:QFjsUpC5euDpwYpR2oU397n20hcqvFN_9bwpZDf_ 24:IEkCCLX4oicRxt8IqaX3uMQQQDc-7mYmqwyJiBLW 25:gIvRmn0Vk7CvUtn1b9YE7hdubcaKvIAE9xqEHppC 26:QJpznCkMRhsFOWcrsnvDC_-ShblSIM7jTsRYvJ53 27:IX9f8pgSK6B4a77Vh-vxfcHmA8mo8Pnc50R8KpnZ 28:_5uoVW9UzbaA_KtclZvr6Ny6jzGfPvg_5IdEdPzt 29:ITUcWpr5oaTUfV03GUIGL4fEgy-w6P82O7oXPyuN] 1:map[3:Hru2hXtYBJ0LEvhhZyB7] 2:map[4:4_jSWlOJHgao3DYGmXfxVEqD-neXPsXsTGbAZFT_WiACVRcHVzJ_AEs8qMjx] 3:map[5:7Qs3WNhdC_Xy7ku2e5YO] 4:map[6:lFVqDSzzWwLbl3rpO8tR5jJspmoBfi75NciYWGeDaHhL350aZn7rlqU7FI2-] 5:map[7:z2LVJuJMcOCsm-VAweCT] 6:map[8:25imAyinhov1A9x-2_yHk8Pq-A3_DvuSUvtv7denCbw36nmpiMlFNFC7lYL2] 7:map[9:W2k9CA3KTZbuggglJ85F] 8:map[0:4JPKOsUVfVcvncyCAj-8r3rmeT9zc5O7TF63zv6xBeNKfFJRCzVlq1gf_rNH] 9:map[1:7feyKfcAmKMj84e-Z9Qy 10:ZIo_MWLuWr11IuKrdiJ2 11:G-WdPfixCsStieX94OwO 12:96ZhhvdDDUM5xUOVYxQI 13:XE90ySoOGhjGY2lx7_n6 14:qYFp5ienKQiZmDXCokTB 15:hfoSBfHfoMGZC-E23lrs 16:w49ucCQcjPa0iUGSzwdg 17:tS93z-FyNwnLWHVevezP 18:eGx5LOeZm_ldSj2mREyz 19:TuU_Zvm4dt_Z_xRmrtr8]]
2026/02/24 17:27:02 [Node:1 GID:100 isLeader:false] shardkv server listenApplyCh applyMsg:{false <nil> 80 map[] true map[] map[0:map[2:e7KLJGj9FfoEz52Hcp3HwfJEqjsqrCM77Eatr9ySWtZV5-bqgivFfzMq-CFU 20:sxevmuW7AmVBs1CkujVpZfviNx_cyLLCs5KZa2W- 21:AB-RSTY0r6n0a5q8vcmgCJBEtvS0VzI968wTxFlr 22:_w4WVM9-y3hR5bZSIEWhXG7IOsnPQXdioSat74Et 23:QFjsUpC5euDpwYpR2oU397n20hcqvFN_9bwpZDf_ 24:IEkCCLX4oicRxt8IqaX3uMQQQDc-7mYmqwyJiBLW 25:gIvRmn0Vk7CvUtn1b9YE7hdubcaKvIAE9xqEHppC 26:QJpznCkMRhsFOWcrsnvDC_-ShblSIM7jTsRYvJ53 27:IX9f8pgSK6B4a77Vh-vxfcHmA8mo8Pnc50R8KpnZ 28:_5uoVW9UzbaA_KtclZvr6Ny6jzGfPvg_5IdEdPzt 29:ITUcWpr5oaTUfV03GUIGL4fEgy-w6P82O7oXPyuN] 1:map[3:Hru2hXtYBJ0LEvhhZyB7] 2:map[4:4_jSWlOJHgao3DYGmXfxVEqD-neXPsXsTGbAZFT_WiACVRcHVzJ_AEs8qMjx] 3:map[5:7Qs3WNhdC_Xy7ku2e5YO] 4:map[6:lFVqDSzzWwLbl3rpO8tR5jJspmoBfi75NciYWGeDaHhL350aZn7rlqU7FI2-] 5:map[7:z2LVJuJMcOCsm-VAweCT] 6:map[8:25imAyinhov1A9x-2_yHk8Pq-A3_DvuSUvtv7denCbw36nmpiMlFNFC7lYL2] 7:map[9:W2k9CA3KTZbuggglJ85F] 8:map[0:4JPKOsUVfVcvncyCAj-8r3rmeT9zc5O7TF63zv6xBeNKfFJRCzVlq1gf_rNH] 9:map[1:7feyKfcAmKMj84e-Z9Qy 10:ZIo_MWLuWr11IuKrdiJ2 11:G-WdPfixCsStieX94OwO 12:96ZhhvdDDUM5xUOVYxQI 13:XE90ySoOGhjGY2lx7_n6 14:qYFp5ienKQiZmDXCokTB 15:hfoSBfHfoMGZC-E23lrs 16:w49ucCQcjPa0iUGSzwdg 17:tS93z-FyNwnLWHVevezP 18:eGx5LOeZm_ldSj2mREyz 19:TuU_Zvm4dt_Z_xRmrtr8]] map[0:map[0:6 113871309237573403:161] 1:map[113871309237573403:34] 2:map[113871309237573403:130] 3:map[113871309237573403:36] 4:map[113871309237573403:134] 5:map[113871309237573403:38] 6:map[113871309237573403:138] 7:map[113871309237573403:40] 8:map[113871309237573403:122] 9:map[113871309237573403:50]] map[0:NORMAL 1:INVALID 2:NORMAL 3:INVALID 4:NORMAL 5:INVALID 6:NORMAL 7:INVALID 8:NORMAL 9:INVALID]}
2026/02/24 17:27:02 [Node:1 GID:100 isLeader:false] shardkv server listenApplyCh load snapshot data:map[0:map[2:e7KLJGj9FfoEz52Hcp3HwfJEqjsqrCM77Eatr9ySWtZV5-bqgivFfzMq-CFU 20:sxevmuW7AmVBs1CkujVpZfviNx_cyLLCs5KZa2W- 21:AB-RSTY0r6n0a5q8vcmgCJBEtvS0VzI968wTxFlr 22:_w4WVM9-y3hR5bZSIEWhXG7IOsnPQXdioSat74Et 23:QFjsUpC5euDpwYpR2oU397n20hcqvFN_9bwpZDf_ 24:IEkCCLX4oicRxt8IqaX3uMQQQDc-7mYmqwyJiBLW 25:gIvRmn0Vk7CvUtn1b9YE7hdubcaKvIAE9xqEHppC 26:QJpznCkMRhsFOWcrsnvDC_-ShblSIM7jTsRYvJ53 27:IX9f8pgSK6B4a77Vh-vxfcHmA8mo8Pnc50R8KpnZ 28:_5uoVW9UzbaA_KtclZvr6Ny6jzGfPvg_5IdEdPzt 29:ITUcWpr5oaTUfV03GUIGL4fEgy-w6P82O7oXPyuN] 1:map[3:Hru2hXtYBJ0LEvhhZyB7] 2:map[4:4_jSWlOJHgao3DYGmXfxVEqD-neXPsXsTGbAZFT_WiACVRcHVzJ_AEs8qMjx] 3:map[5:7Qs3WNhdC_Xy7ku2e5YO] 4:map[6:lFVqDSzzWwLbl3rpO8tR5jJspmoBfi75NciYWGeDaHhL350aZn7rlqU7FI2-] 5:map[7:z2LVJuJMcOCsm-VAweCT] 6:map[8:25imAyinhov1A9x-2_yHk8Pq-A3_DvuSUvtv7denCbw36nmpiMlFNFC7lYL2] 7:map[9:W2k9CA3KTZbuggglJ85F] 8:map[0:4JPKOsUVfVcvncyCAj-8r3rmeT9zc5O7TF63zv6xBeNKfFJRCzVlq1gf_rNH] 9:map[1:7feyKfcAmKMj84e-Z9Qy 10:ZIo_MWLuWr11IuKrdiJ2 11:G-WdPfixCsStieX94OwO 12:96ZhhvdDDUM5xUOVYxQI 13:XE90ySoOGhjGY2lx7_n6 14:qYFp5ienKQiZmDXCokTB 15:hfoSBfHfoMGZC-E23lrs 16:w49ucCQcjPa0iUGSzwdg 17:tS93z-FyNwnLWHVevezP 18:eGx5LOeZm_ldSj2mREyz 19:TuU_Zvm4dt_Z_xRmrtr8]] seqNums:map[0:map[0:6 113871309237573403:161] 1:map[113871309237573403:34] 2:map[113871309237573403:130] 3:map[113871309237573403:36] 4:map[113871309237573403:134] 5:map[113871309237573403:38] 6:map[113871309237573403:138] 7:map[113871309237573403:40] 8:map[113871309237573403:122] 9:map[113871309237573403:50]]
2026/02/24 17:27:02 [Node:2 GID:100 isLeader:false] shardkv server listenApplyCh applyMsg:{false <nil> 80 map[] true map[] map[0:map[2:e7KLJGj9FfoEz52Hcp3HwfJEqjsqrCM77Eatr9ySWtZV5-bqgivFfzMq-CFU 20:sxevmuW7AmVBs1CkujVpZfviNx_cyLLCs5KZa2W- 21:AB-RSTY0r6n0a5q8vcmgCJBEtvS0VzI968wTxFlr 22:_w4WVM9-y3hR5bZSIEWhXG7IOsnPQXdioSat74Et 23:QFjsUpC5euDpwYpR2oU397n20hcqvFN_9bwpZDf_ 24:IEkCCLX4oicRxt8IqaX3uMQQQDc-7mYmqwyJiBLW 25:gIvRmn0Vk7CvUtn1b9YE7hdubcaKvIAE9xqEHppC 26:QJpznCkMRhsFOWcrsnvDC_-ShblSIM7jTsRYvJ53 27:IX9f8pgSK6B4a77Vh-vxfcHmA8mo8Pnc50R8KpnZ 28:_5uoVW9UzbaA_KtclZvr6Ny6jzGfPvg_5IdEdPzt 29:ITUcWpr5oaTUfV03GUIGL4fEgy-w6P82O7oXPyuN] 1:map[3:Hru2hXtYBJ0LEvhhZyB7] 2:map[4:4_jSWlOJHgao3DYGmXfxVEqD-neXPsXsTGbAZFT_WiACVRcHVzJ_AEs8qMjx] 3:map[5:7Qs3WNhdC_Xy7ku2e5YO] 4:map[6:lFVqDSzzWwLbl3rpO8tR5jJspmoBfi75NciYWGeDaHhL350aZn7rlqU7FI2-] 5:map[7:z2LVJuJMcOCsm-VAweCT] 6:map[8:25imAyinhov1A9x-2_yHk8Pq-A3_DvuSUvtv7denCbw36nmpiMlFNFC7lYL2] 7:map[9:W2k9CA3KTZbuggglJ85F] 8:map[0:4JPKOsUVfVcvncyCAj-8r3rmeT9zc5O7TF63zv6xBeNKfFJRCzVlq1gf_rNH] 9:map[1:7feyKfcAmKMj84e-Z9Qy 10:ZIo_MWLuWr11IuKrdiJ2 11:G-WdPfixCsStieX94OwO 12:96ZhhvdDDUM5xUOVYxQI 13:XE90ySoOGhjGY2lx7_n6 14:qYFp5ienKQiZmDXCokTB 15:hfoSBfHfoMGZC-E23lrs 16:w49ucCQcjPa0iUGSzwdg 17:tS93z-FyNwnLWHVevezP 18:eGx5LOeZm_ldSj2mREyz 19:TuU_Zvm4dt_Z_xRmrtr8]] map[0:map[0:6 113871309237573403:161] 1:map[113871309237573403:34] 2:map[113871309237573403:130] 3:map[113871309237573403:36] 4:map[113871309237573403:134] 5:map[113871309237573403:38] 6:map[113871309237573403:138] 7:map[113871309237573403:40] 8:map[113871309237573403:122] 9:map[113871309237573403:50]] map[0:NORMAL 1:INVALID 2:NORMAL 3:INVALID 4:NORMAL 5:INVALID 6:NORMAL 7:INVALID 8:NORMAL 9:INVALID]}
2026/02/24 17:27:02 [Node:2 GID:100 isLeader:false] shardkv server listenApplyCh load snapshot data:map[0:map[2:e7KLJGj9FfoEz52Hcp3HwfJEqjsqrCM77Eatr9ySWtZV5-bqgivFfzMq-CFU 20:sxevmuW7AmVBs1CkujVpZfviNx_cyLLCs5KZa2W- 21:AB-RSTY0r6n0a5q8vcmgCJBEtvS0VzI968wTxFlr 22:_w4WVM9-y3hR5bZSIEWhXG7IOsnPQXdioSat74Et 23:QFjsUpC5euDpwYpR2oU397n20hcqvFN_9bwpZDf_ 24:IEkCCLX4oicRxt8IqaX3uMQQQDc-7mYmqwyJiBLW 25:gIvRmn0Vk7CvUtn1b9YE7hdubcaKvIAE9xqEHppC 26:QJpznCkMRhsFOWcrsnvDC_-ShblSIM7jTsRYvJ53 27:IX9f8pgSK6B4a77Vh-vxfcHmA8mo8Pnc50R8KpnZ 28:_5uoVW9UzbaA_KtclZvr6Ny6jzGfPvg_5IdEdPzt 29:ITUcWpr5oaTUfV03GUIGL4fEgy-w6P82O7oXPyuN] 1:map[3:Hru2hXtYBJ0LEvhhZyB7] 2:map[4:4_jSWlOJHgao3DYGmXfxVEqD-neXPsXsTGbAZFT_WiACVRcHVzJ_AEs8qMjx] 3:map[5:7Qs3WNhdC_Xy7ku2e5YO] 4:map[6:lFVqDSzzWwLbl3rpO8tR5jJspmoBfi75NciYWGeDaHhL350aZn7rlqU7FI2-] 5:map[7:z2LVJuJMcOCsm-VAweCT] 6:map[8:25imAyinhov1A9x-2_yHk8Pq-A3_DvuSUvtv7denCbw36nmpiMlFNFC7lYL2] 7:map[9:W2k9CA3KTZbuggglJ85F] 8:map[0:4JPKOsUVfVcvncyCAj-8r3rmeT9zc5O7TF63zv6xBeNKfFJRCzVlq1gf_rNH] 9:map[1:7feyKfcAmKMj84e-Z9Qy 10:ZIo_MWLuWr11IuKrdiJ2 11:G-WdPfixCsStieX94OwO 12:96ZhhvdDDUM5xUOVYxQI 13:XE90ySoOGhjGY2lx7_n6 14:qYFp5ienKQiZmDXCokTB 15:hfoSBfHfoMGZC-E23lrs 16:w49ucCQcjPa0iUGSzwdg 17:tS93z-FyNwnLWHVevezP 18:eGx5LOeZm_ldSj2mREyz 19:TuU_Zvm4dt_Z_xRmrtr8]] seqNums:map[0:map[0:6 113871309237573403:161] 1:map[113871309237573403:34] 2:map[113871309237573403:130] 3:map[113871309237573403:36] 4:map[113871309237573403:134] 5:map[113871309237573403:38] 6:map[113871309237573403:138] 7:map[113871309237573403:40] 8:map[113871309237573403:122] 9:map[113871309237573403:50]]
2026/02/24 17:27:02 [Node:0 GID:100 isLeader:true] shardkv server listenApplyCh applyMsg:{true {20 vHPa6tIaQ1TWMfFjBg8D APPEND 0 162 113871309237573403 {0 [0 0 0 0 0 0 0 0 0 0] map[]} map[] 0} 81 map[] false map[] map[] map[] map[]}
2026/02/24 17:27:02 [Node:0 GID:100 isLeader:true] kv server listenApplyCh op:APPEND, key:20, value:vHPa6tIaQ1TWMfFjBg8D clientid:113871309237573403, 更新seqNum:162
2026/02/24 17:27:02 [Node:0 GID:100 isLeader:true] shardkv server append success key:20 value:vHPa6tIaQ1TWMfFjBg8D data:map[2:e7KLJGj9FfoEz52Hcp3HwfJEqjsqrCM77Eatr9ySWtZV5-bqgivFfzMq-CFU 20:sxevmuW7AmVBs1CkujVpZfviNx_cyLLCs5KZa2W-vHPa6tIaQ1TWMfFjBg8D 21:AB-RSTY0r6n0a5q8vcmgCJBEtvS0VzI968wTxFlr 22:_w4WVM9-y3hR5bZSIEWhXG7IOsnPQXdioSat74Et 23:QFjsUpC5euDpwYpR2oU397n20hcqvFN_9bwpZDf_ 24:IEkCCLX4oicRxt8IqaX3uMQQQDc-7mYmqwyJiBLW 25:gIvRmn0Vk7CvUtn1b9YE7hdubcaKvIAE9xqEHppC 26:QJpznCkMRhsFOWcrsnvDC_-ShblSIM7jTsRYvJ53 27:IX9f8pgSK6B4a77Vh-vxfcHmA8mo8Pnc50R8KpnZ 28:_5uoVW9UzbaA_KtclZvr6Ny6jzGfPvg_5IdEdPzt 29:ITUcWpr5oaTUfV03GUIGL4fEgy-w6P82O7oXPyuN]
2026/02/24 17:27:02 [Node:0 GID:100 isLeader:true] shardkv server raft repley: success op:APPEND, key:20 value:vHPa6tIaQ1TWMfFjBg8D
2026/02/24 17:27:02 [Node:0 GID:100 isLeader:true] shardkv server checkGroup key:21, shard:0 shards:map[0:true 1:true 2:true 3:true 4:true 5:true 6:true 7:true 8:true 9:true]
2026/02/24 17:27:02 [Node:0 GID:100 isLeader:true] shardkv server raft command:{21  GET 0 163 113871309237573403 {0 [0 0 0 0 0 0 0 0 0 0] map[]} map[] 0}
2026/02/24 17:27:02 [Node:2 GID:100 isLeader:false] shardkv server generateSnapshotter raft state size: 591, maxraftstate: 1000
2026/02/24 17:27:02 [Node:1 GID:100 isLeader:false] shardkv server generateSnapshotter raft state size: 591, maxraftstate: 1000
2026/02/24 17:27:02 [Node:1 GID:100 isLeader:false] shardkv server listenApplyCh applyMsg:{true {20 vHPa6tIaQ1TWMfFjBg8D APPEND 0 162 113871309237573403 {0 [0 0 0 0 0 0 0 0 0 0] map[]} map[] 0} 81 map[] false map[] map[] map[] map[]}
2026/02/24 17:27:02 [Node:1 GID:100 isLeader:false] kv server listenApplyCh op:APPEND, key:20, value:vHPa6tIaQ1TWMfFjBg8D clientid:113871309237573403, 更新seqNum:162
2026/02/24 17:27:02 [Node:1 GID:100 isLeader:false] shardkv server append success key:20 value:vHPa6tIaQ1TWMfFjBg8D data:map[2:e7KLJGj9FfoEz52Hcp3HwfJEqjsqrCM77Eatr9ySWtZV5-bqgivFfzMq-CFU 20:sxevmuW7AmVBs1CkujVpZfviNx_cyLLCs5KZa2W-vHPa6tIaQ1TWMfFjBg8D 21:AB-RSTY0r6n0a5q8vcmgCJBEtvS0VzI968wTxFlr 22:_w4WVM9-y3hR5bZSIEWhXG7IOsnPQXdioSat74Et 23:QFjsUpC5euDpwYpR2oU397n20hcqvFN_9bwpZDf_ 24:IEkCCLX4oicRxt8IqaX3uMQQQDc-7mYmqwyJiBLW 25:gIvRmn0Vk7CvUtn1b9YE7hdubcaKvIAE9xqEHppC 26:QJpznCkMRhsFOWcrsnvDC_-ShblSIM7jTsRYvJ53 27:IX9f8pgSK6B4a77Vh-vxfcHmA8mo8Pnc50R8KpnZ 28:_5uoVW9UzbaA_KtclZvr6Ny6jzGfPvg_5IdEdPzt 29:ITUcWpr5oaTUfV03GUIGL4fEgy-w6P82O7oXPyuN]
2026/02/24 17:27:02 [Node:0 GID:100 isLeader:true] shardkv server listenApplyCh applyMsg:{true {21  GET 0 163 113871309237573403 {0 [0 0 0 0 0 0 0 0 0 0] map[]} map[] 0} 82 map[] false map[] map[] map[] map[]}
2026/02/24 17:27:02 [Node:0 GID:100 isLeader:true] kv server listenApplyCh op:GET, key:21, value: clientid:113871309237573403, 更新seqNum:163
2026/02/24 17:27:02 [Node:2 GID:100 isLeader:false] shardkv server listenApplyCh applyMsg:{true {20 vHPa6tIaQ1TWMfFjBg8D APPEND 0 162 113871309237573403 {0 [0 0 0 0 0 0 0 0 0 0] map[]} map[] 0} 81 map[] false map[] map[] map[] map[]}
2026/02/24 17:27:02 [Node:0 GID:100 isLeader:true] shardkv server raft repley: success op:GET, key:21 value:
2026/02/24 17:27:02 [Node:2 GID:100 isLeader:false] kv server listenApplyCh op:APPEND, key:20, value:vHPa6tIaQ1TWMfFjBg8D clientid:113871309237573403, 更新seqNum:162
2026/02/24 17:27:02 [Node:0 GID:100 isLeader:true] shardkv server get key:21, data:map[2:e7KLJGj9FfoEz52Hcp3HwfJEqjsqrCM77Eatr9ySWtZV5-bqgivFfzMq-CFU 20:sxevmuW7AmVBs1CkujVpZfviNx_cyLLCs5KZa2W-vHPa6tIaQ1TWMfFjBg8D 21:AB-RSTY0r6n0a5q8vcmgCJBEtvS0VzI968wTxFlr 22:_w4WVM9-y3hR5bZSIEWhXG7IOsnPQXdioSat74Et 23:QFjsUpC5euDpwYpR2oU397n20hcqvFN_9bwpZDf_ 24:IEkCCLX4oicRxt8IqaX3uMQQQDc-7mYmqwyJiBLW 25:gIvRmn0Vk7CvUtn1b9YE7hdubcaKvIAE9xqEHppC 26:QJpznCkMRhsFOWcrsnvDC_-ShblSIM7jTsRYvJ53 27:IX9f8pgSK6B4a77Vh-vxfcHmA8mo8Pnc50R8KpnZ 28:_5uoVW9UzbaA_KtclZvr6Ny6jzGfPvg_5IdEdPzt 29:ITUcWpr5oaTUfV03GUIGL4fEgy-w6P82O7oXPyuN]
2026/02/24 17:27:02 [Node:0 GID:100 isLeader:true] shardkv server get key:21, value:AB-RSTY0r6n0a5q8vcmgCJBEtvS0VzI968wTxFlr
2026/02/24 17:27:02 [Node:2 GID:100 isLeader:false] shardkv server append success key:20 value:vHPa6tIaQ1TWMfFjBg8D data:map[2:e7KLJGj9FfoEz52Hcp3HwfJEqjsqrCM77Eatr9ySWtZV5-bqgivFfzMq-CFU 20:sxevmuW7AmVBs1CkujVpZfviNx_cyLLCs5KZa2W-vHPa6tIaQ1TWMfFjBg8D 21:AB-RSTY0r6n0a5q8vcmgCJBEtvS0VzI968wTxFlr 22:_w4WVM9-y3hR5bZSIEWhXG7IOsnPQXdioSat74Et 23:QFjsUpC5euDpwYpR2oU397n20hcqvFN_9bwpZDf_ 24:IEkCCLX4oicRxt8IqaX3uMQQQDc-7mYmqwyJiBLW 25:gIvRmn0Vk7CvUtn1b9YE7hdubcaKvIAE9xqEHppC 26:QJpznCkMRhsFOWcrsnvDC_-ShblSIM7jTsRYvJ53 27:IX9f8pgSK6B4a77Vh-vxfcHmA8mo8Pnc50R8KpnZ 28:_5uoVW9UzbaA_KtclZvr6Ny6jzGfPvg_5IdEdPzt 29:ITUcWpr5oaTUfV03GUIGL4fEgy-w6P82O7oXPyuN]
2026/02/24 17:27:02 [Node:0 GID:100 isLeader:true] shardkv server checkGroup key:21, shard:0 shards:map[0:true 1:true 2:true 3:true 4:true 5:true 6:true 7:true 8:true 9:true]
2026/02/24 17:27:02 [Node:0 GID:100 isLeader:true] shardkv server raft command:{21 92jig8Y-ZPltV3aPiJyk APPEND 0 164 113871309237573403 {0 [0 0 0 0 0 0 0 0 0 0] map[]} map[] 0}
2026/02/24 17:27:02 [Node:0 GID:100 isLeader:true] shardkv server generateSnapshotter raft state size: 767, maxraftstate: 1000
2026/02/24 17:27:02 [Node:2 GID:100 isLeader:false] shardkv server listenApplyCh applyMsg:{true {21  GET 0 163 113871309237573403 {0 [0 0 0 0 0 0 0 0 0 0] map[]} map[] 0} 82 map[] false map[] map[] map[] map[]}
2026/02/24 17:27:02 [Node:2 GID:100 isLeader:false] kv server listenApplyCh op:GET, key:21, value: clientid:113871309237573403, 更新seqNum:163
2026/02/24 17:27:02 [Node:1 GID:100 isLeader:false] shardkv server listenApplyCh applyMsg:{true {21  GET 0 163 113871309237573403 {0 [0 0 0 0 0 0 0 0 0 0] map[]} map[] 0} 82 map[] false map[] map[] map[] map[]}
2026/02/24 17:27:02 [Node:0 GID:100 isLeader:true] shardkv server listenApplyCh applyMsg:{true {21 92jig8Y-ZPltV3aPiJyk APPEND 0 164 113871309237573403 {0 [0 0 0 0 0 0 0 0 0 0] map[]} map[] 0} 83 map[] false map[] map[] map[] map[]}
2026/02/24 17:27:02 [Node:1 GID:100 isLeader:false] kv server listenApplyCh op:GET, key:21, value: clientid:113871309237573403, 更新seqNum:163
2026/02/24 17:27:02 [Node:0 GID:100 isLeader:true] kv server listenApplyCh op:APPEND, key:21, value:92jig8Y-ZPltV3aPiJyk clientid:113871309237573403, 更新seqNum:164
2026/02/24 17:27:02 [Node:0 GID:100 isLeader:true] shardkv server append success key:21 value:92jig8Y-ZPltV3aPiJyk data:map[2:e7KLJGj9FfoEz52Hcp3HwfJEqjsqrCM77Eatr9ySWtZV5-bqgivFfzMq-CFU 20:sxevmuW7AmVBs1CkujVpZfviNx_cyLLCs5KZa2W-vHPa6tIaQ1TWMfFjBg8D 21:AB-RSTY0r6n0a5q8vcmgCJBEtvS0VzI968wTxFlr92jig8Y-ZPltV3aPiJyk 22:_w4WVM9-y3hR5bZSIEWhXG7IOsnPQXdioSat74Et 23:QFjsUpC5euDpwYpR2oU397n20hcqvFN_9bwpZDf_ 24:IEkCCLX4oicRxt8IqaX3uMQQQDc-7mYmqwyJiBLW 25:gIvRmn0Vk7CvUtn1b9YE7hdubcaKvIAE9xqEHppC 26:QJpznCkMRhsFOWcrsnvDC_-ShblSIM7jTsRYvJ53 27:IX9f8pgSK6B4a77Vh-vxfcHmA8mo8Pnc50R8KpnZ 28:_5uoVW9UzbaA_KtclZvr6Ny6jzGfPvg_5IdEdPzt 29:ITUcWpr5oaTUfV03GUIGL4fEgy-w6P82O7oXPyuN]
2026/02/24 17:27:02 [Node:0 GID:100 isLeader:true] shardkv server raft repley: success op:APPEND, key:21 value:92jig8Y-ZPltV3aPiJyk
2026/02/24 17:27:02 [Node:0 GID:100 isLeader:true] shardkv server checkGroup key:22, shard:0 shards:map[0:true 1:true 2:true 3:true 4:true 5:true 6:true 7:true 8:true 9:true]
2026/02/24 17:27:02 [Node:0 GID:100 isLeader:true] shardkv server raft command:{22  GET 0 165 113871309237573403 {0 [0 0 0 0 0 0 0 0 0 0] map[]} map[] 0}
2026/02/24 17:27:02 [Node:2 GID:100 isLeader:false] shardkv server generateSnapshotter raft state size: 767, maxraftstate: 1000
2026/02/24 17:27:02 [Node:1 GID:100 isLeader:false] shardkv server generateSnapshotter raft state size: 767, maxraftstate: 1000
2026/02/24 17:27:02 [Node:1 GID:100 isLeader:false] shardkv server listenApplyCh applyMsg:{true {21 92jig8Y-ZPltV3aPiJyk APPEND 0 164 113871309237573403 {0 [0 0 0 0 0 0 0 0 0 0] map[]} map[] 0} 83 map[] false map[] map[] map[] map[]}
2026/02/24 17:27:02 [Node:1 GID:100 isLeader:false] kv server listenApplyCh op:APPEND, key:21, value:92jig8Y-ZPltV3aPiJyk clientid:113871309237573403, 更新seqNum:164
2026/02/24 17:27:02 [Node:0 GID:100 isLeader:true] shardkv server listenApplyCh applyMsg:{true {22  GET 0 165 113871309237573403 {0 [0 0 0 0 0 0 0 0 0 0] map[]} map[] 0} 84 map[] false map[] map[] map[] map[]}
2026/02/24 17:27:02 [Node:2 GID:100 isLeader:false] shardkv server listenApplyCh applyMsg:{true {21 92jig8Y-ZPltV3aPiJyk APPEND 0 164 113871309237573403 {0 [0 0 0 0 0 0 0 0 0 0] map[]} map[] 0} 83 map[] false map[] map[] map[] map[]}
2026/02/24 17:27:02 [Node:2 GID:100 isLeader:false] kv server listenApplyCh op:APPEND, key:21, value:92jig8Y-ZPltV3aPiJyk clientid:113871309237573403, 更新seqNum:164
2026/02/24 17:27:02 [Node:1 GID:100 isLeader:false] shardkv server append success key:21 value:92jig8Y-ZPltV3aPiJyk data:map[2:e7KLJGj9FfoEz52Hcp3HwfJEqjsqrCM77Eatr9ySWtZV5-bqgivFfzMq-CFU 20:sxevmuW7AmVBs1CkujVpZfviNx_cyLLCs5KZa2W-vHPa6tIaQ1TWMfFjBg8D 21:AB-RSTY0r6n0a5q8vcmgCJBEtvS0VzI968wTxFlr92jig8Y-ZPltV3aPiJyk 22:_w4WVM9-y3hR5bZSIEWhXG7IOsnPQXdioSat74Et 23:QFjsUpC5euDpwYpR2oU397n20hcqvFN_9bwpZDf_ 24:IEkCCLX4oicRxt8IqaX3uMQQQDc-7mYmqwyJiBLW 25:gIvRmn0Vk7CvUtn1b9YE7hdubcaKvIAE9xqEHppC 26:QJpznCkMRhsFOWcrsnvDC_-ShblSIM7jTsRYvJ53 27:IX9f8pgSK6B4a77Vh-vxfcHmA8mo8Pnc50R8KpnZ 28:_5uoVW9UzbaA_KtclZvr6Ny6jzGfPvg_5IdEdPzt 29:ITUcWpr5oaTUfV03GUIGL4fEgy-w6P82O7oXPyuN]
2026/02/24 17:27:02 [Node:0 GID:100 isLeader:true] kv server listenApplyCh op:GET, key:22, value: clientid:113871309237573403, 更新seqNum:165
2026/02/24 17:27:02 [Node:0 GID:100 isLeader:true] shardkv server raft repley: success op:GET, key:22 value:
2026/02/24 17:27:02 [Node:2 GID:100 isLeader:false] shardkv server append success key:21 value:92jig8Y-ZPltV3aPiJyk data:map[2:e7KLJGj9FfoEz52Hcp3HwfJEqjsqrCM77Eatr9ySWtZV5-bqgivFfzMq-CFU 20:sxevmuW7AmVBs1CkujVpZfviNx_cyLLCs5KZa2W-vHPa6tIaQ1TWMfFjBg8D 21:AB-RSTY0r6n0a5q8vcmgCJBEtvS0VzI968wTxFlr92jig8Y-ZPltV3aPiJyk 22:_w4WVM9-y3hR5bZSIEWhXG7IOsnPQXdioSat74Et 23:QFjsUpC5euDpwYpR2oU397n20hcqvFN_9bwpZDf_ 24:IEkCCLX4oicRxt8IqaX3uMQQQDc-7mYmqwyJiBLW 25:gIvRmn0Vk7CvUtn1b9YE7hdubcaKvIAE9xqEHppC 26:QJpznCkMRhsFOWcrsnvDC_-ShblSIM7jTsRYvJ53 27:IX9f8pgSK6B4a77Vh-vxfcHmA8mo8Pnc50R8KpnZ 28:_5uoVW9UzbaA_KtclZvr6Ny6jzGfPvg_5IdEdPzt 29:ITUcWpr5oaTUfV03GUIGL4fEgy-w6P82O7oXPyuN]
2026/02/24 17:27:02 [Node:0 GID:100 isLeader:true] shardkv server get key:22, data:map[2:e7KLJGj9FfoEz52Hcp3HwfJEqjsqrCM77Eatr9ySWtZV5-bqgivFfzMq-CFU 20:sxevmuW7AmVBs1CkujVpZfviNx_cyLLCs5KZa2W-vHPa6tIaQ1TWMfFjBg8D 21:AB-RSTY0r6n0a5q8vcmgCJBEtvS0VzI968wTxFlr92jig8Y-ZPltV3aPiJyk 22:_w4WVM9-y3hR5bZSIEWhXG7IOsnPQXdioSat74Et 23:QFjsUpC5euDpwYpR2oU397n20hcqvFN_9bwpZDf_ 24:IEkCCLX4oicRxt8IqaX3uMQQQDc-7mYmqwyJiBLW 25:gIvRmn0Vk7CvUtn1b9YE7hdubcaKvIAE9xqEHppC 26:QJpznCkMRhsFOWcrsnvDC_-ShblSIM7jTsRYvJ53 27:IX9f8pgSK6B4a77Vh-vxfcHmA8mo8Pnc50R8KpnZ 28:_5uoVW9UzbaA_KtclZvr6Ny6jzGfPvg_5IdEdPzt 29:ITUcWpr5oaTUfV03GUIGL4fEgy-w6P82O7oXPyuN]
2026/02/24 17:27:02 [Node:0 GID:100 isLeader:true] shardkv server get key:22, value:_w4WVM9-y3hR5bZSIEWhXG7IOsnPQXdioSat74Et
2026/02/24 17:27:02 [Node:0 GID:100 isLeader:true] shardkv server checkGroup key:22, shard:0 shards:map[0:true 1:true 2:true 3:true 4:true 5:true 6:true 7:true 8:true 9:true]
2026/02/24 17:27:02 [Node:0 GID:100 isLeader:true] shardkv server raft command:{22 GstZgEW5kqNUnz1N7bv8 APPEND 0 166 113871309237573403 {0 [0 0 0 0 0 0 0 0 0 0] map[]} map[] 0}
2026/02/24 17:27:02 [Node:0 GID:100 isLeader:true] shardkv server generateSnapshotter raft state size: 943, maxraftstate: 1000
2026/02/24 17:27:02 [Node:2 GID:100 isLeader:false] shardkv server listenApplyCh applyMsg:{true {22  GET 0 165 113871309237573403 {0 [0 0 0 0 0 0 0 0 0 0] map[]} map[] 0} 84 map[] false map[] map[] map[] map[]}
2026/02/24 17:27:02 [Node:1 GID:100 isLeader:false] shardkv server listenApplyCh applyMsg:{true {22  GET 0 165 113871309237573403 {0 [0 0 0 0 0 0 0 0 0 0] map[]} map[] 0} 84 map[] false map[] map[] map[] map[]}
2026/02/24 17:27:02 [Node:2 GID:100 isLeader:false] kv server listenApplyCh op:GET, key:22, value: clientid:113871309237573403, 更新seqNum:165
2026/02/24 17:27:02 [Node:0 GID:100 isLeader:true] shardkv server listenApplyCh applyMsg:{true {22 GstZgEW5kqNUnz1N7bv8 APPEND 0 166 113871309237573403 {0 [0 0 0 0 0 0 0 0 0 0] map[]} map[] 0} 85 map[] false map[] map[] map[] map[]}
2026/02/24 17:27:02 [Node:1 GID:100 isLeader:false] kv server listenApplyCh op:GET, key:22, value: clientid:113871309237573403, 更新seqNum:165
2026/02/24 17:27:02 [Node:0 GID:100 isLeader:true] kv server listenApplyCh op:APPEND, key:22, value:GstZgEW5kqNUnz1N7bv8 clientid:113871309237573403, 更新seqNum:166
2026/02/24 17:27:02 [Node:0 GID:100 isLeader:true] shardkv server append success key:22 value:GstZgEW5kqNUnz1N7bv8 data:map[2:e7KLJGj9FfoEz52Hcp3HwfJEqjsqrCM77Eatr9ySWtZV5-bqgivFfzMq-CFU 20:sxevmuW7AmVBs1CkujVpZfviNx_cyLLCs5KZa2W-vHPa6tIaQ1TWMfFjBg8D 21:AB-RSTY0r6n0a5q8vcmgCJBEtvS0VzI968wTxFlr92jig8Y-ZPltV3aPiJyk 22:_w4WVM9-y3hR5bZSIEWhXG7IOsnPQXdioSat74EtGstZgEW5kqNUnz1N7bv8 23:QFjsUpC5euDpwYpR2oU397n20hcqvFN_9bwpZDf_ 24:IEkCCLX4oicRxt8IqaX3uMQQQDc-7mYmqwyJiBLW 25:gIvRmn0Vk7CvUtn1b9YE7hdubcaKvIAE9xqEHppC 26:QJpznCkMRhsFOWcrsnvDC_-ShblSIM7jTsRYvJ53 27:IX9f8pgSK6B4a77Vh-vxfcHmA8mo8Pnc50R8KpnZ 28:_5uoVW9UzbaA_KtclZvr6Ny6jzGfPvg_5IdEdPzt 29:ITUcWpr5oaTUfV03GUIGL4fEgy-w6P82O7oXPyuN]
2026/02/24 17:27:02 [Node:0 GID:100 isLeader:true] shardkv server raft repley: success op:APPEND, key:22 value:GstZgEW5kqNUnz1N7bv8
2026/02/24 17:27:02 [Node:0 GID:100 isLeader:true] shardkv server checkGroup key:23, shard:0 shards:map[0:true 1:true 2:true 3:true 4:true 5:true 6:true 7:true 8:true 9:true]
2026/02/24 17:27:02 [Node:0 GID:100 isLeader:true] shardkv server raft command:{23  GET 0 167 113871309237573403 {0 [0 0 0 0 0 0 0 0 0 0] map[]} map[] 0}
2026/02/24 17:27:02 [Node:2 GID:100 isLeader:false] shardkv server generateSnapshotter raft state size: 943, maxraftstate: 1000
2026/02/24 17:27:02 [Node:1 GID:100 isLeader:false] shardkv server generateSnapshotter raft state size: 943, maxraftstate: 1000
2026/02/24 17:27:02 [Node:1 GID:100 isLeader:false] shardkv server listenApplyCh applyMsg:{true {22 GstZgEW5kqNUnz1N7bv8 APPEND 0 166 113871309237573403 {0 [0 0 0 0 0 0 0 0 0 0] map[]} map[] 0} 85 map[] false map[] map[] map[] map[]}
2026/02/24 17:27:02 [Node:1 GID:100 isLeader:false] kv server listenApplyCh op:APPEND, key:22, value:GstZgEW5kqNUnz1N7bv8 clientid:113871309237573403, 更新seqNum:166
2026/02/24 17:27:02 [Node:1 GID:100 isLeader:false] shardkv server append success key:22 value:GstZgEW5kqNUnz1N7bv8 data:map[2:e7KLJGj9FfoEz52Hcp3HwfJEqjsqrCM77Eatr9ySWtZV5-bqgivFfzMq-CFU 20:sxevmuW7AmVBs1CkujVpZfviNx_cyLLCs5KZa2W-vHPa6tIaQ1TWMfFjBg8D 21:AB-RSTY0r6n0a5q8vcmgCJBEtvS0VzI968wTxFlr92jig8Y-ZPltV3aPiJyk 22:_w4WVM9-y3hR5bZSIEWhXG7IOsnPQXdioSat74EtGstZgEW5kqNUnz1N7bv8 23:QFjsUpC5euDpwYpR2oU397n20hcqvFN_9bwpZDf_ 24:IEkCCLX4oicRxt8IqaX3uMQQQDc-7mYmqwyJiBLW 25:gIvRmn0Vk7CvUtn1b9YE7hdubcaKvIAE9xqEHppC 26:QJpznCkMRhsFOWcrsnvDC_-ShblSIM7jTsRYvJ53 27:IX9f8pgSK6B4a77Vh-vxfcHmA8mo8Pnc50R8KpnZ 28:_5uoVW9UzbaA_KtclZvr6Ny6jzGfPvg_5IdEdPzt 29:ITUcWpr5oaTUfV03GUIGL4fEgy-w6P82O7oXPyuN]
2026/02/24 17:27:02 [Node:0 GID:100 isLeader:true] shardkv server listenApplyCh applyMsg:{true {23  GET 0 167 113871309237573403 {0 [0 0 0 0 0 0 0 0 0 0] map[]} map[] 0} 86 map[] false map[] map[] map[] map[]}
2026/02/24 17:27:02 [Node:0 GID:100 isLeader:true] kv server listenApplyCh op:GET, key:23, value: clientid:113871309237573403, 更新seqNum:167
2026/02/24 17:27:02 [Node:2 GID:100 isLeader:false] shardkv server listenApplyCh applyMsg:{true {22 GstZgEW5kqNUnz1N7bv8 APPEND 0 166 113871309237573403 {0 [0 0 0 0 0 0 0 0 0 0] map[]} map[] 0} 85 map[] false map[] map[] map[] map[]}
2026/02/24 17:27:02 [Node:0 GID:100 isLeader:true] shardkv server raft repley: success op:GET, key:23 value:
2026/02/24 17:27:02 [Node:2 GID:100 isLeader:false] kv server listenApplyCh op:APPEND, key:22, value:GstZgEW5kqNUnz1N7bv8 clientid:113871309237573403, 更新seqNum:166
2026/02/24 17:27:02 [Node:2 GID:100 isLeader:false] shardkv server append success key:22 value:GstZgEW5kqNUnz1N7bv8 data:map[2:e7KLJGj9FfoEz52Hcp3HwfJEqjsqrCM77Eatr9ySWtZV5-bqgivFfzMq-CFU 20:sxevmuW7AmVBs1CkujVpZfviNx_cyLLCs5KZa2W-vHPa6tIaQ1TWMfFjBg8D 21:AB-RSTY0r6n0a5q8vcmgCJBEtvS0VzI968wTxFlr92jig8Y-ZPltV3aPiJyk 22:_w4WVM9-y3hR5bZSIEWhXG7IOsnPQXdioSat74EtGstZgEW5kqNUnz1N7bv8 23:QFjsUpC5euDpwYpR2oU397n20hcqvFN_9bwpZDf_ 24:IEkCCLX4oicRxt8IqaX3uMQQQDc-7mYmqwyJiBLW 25:gIvRmn0Vk7CvUtn1b9YE7hdubcaKvIAE9xqEHppC 26:QJpznCkMRhsFOWcrsnvDC_-ShblSIM7jTsRYvJ53 27:IX9f8pgSK6B4a77Vh-vxfcHmA8mo8Pnc50R8KpnZ 28:_5uoVW9UzbaA_KtclZvr6Ny6jzGfPvg_5IdEdPzt 29:ITUcWpr5oaTUfV03GUIGL4fEgy-w6P82O7oXPyuN]
2026/02/24 17:27:02 [Node:0 GID:100 isLeader:true] shardkv server get key:23, data:map[2:e7KLJGj9FfoEz52Hcp3HwfJEqjsqrCM77Eatr9ySWtZV5-bqgivFfzMq-CFU 20:sxevmuW7AmVBs1CkujVpZfviNx_cyLLCs5KZa2W-vHPa6tIaQ1TWMfFjBg8D 21:AB-RSTY0r6n0a5q8vcmgCJBEtvS0VzI968wTxFlr92jig8Y-ZPltV3aPiJyk 22:_w4WVM9-y3hR5bZSIEWhXG7IOsnPQXdioSat74EtGstZgEW5kqNUnz1N7bv8 23:QFjsUpC5euDpwYpR2oU397n20hcqvFN_9bwpZDf_ 24:IEkCCLX4oicRxt8IqaX3uMQQQDc-7mYmqwyJiBLW 25:gIvRmn0Vk7CvUtn1b9YE7hdubcaKvIAE9xqEHppC 26:QJpznCkMRhsFOWcrsnvDC_-ShblSIM7jTsRYvJ53 27:IX9f8pgSK6B4a77Vh-vxfcHmA8mo8Pnc50R8KpnZ 28:_5uoVW9UzbaA_KtclZvr6Ny6jzGfPvg_5IdEdPzt 29:ITUcWpr5oaTUfV03GUIGL4fEgy-w6P82O7oXPyuN]
2026/02/24 17:27:02 [Node:0 GID:100 isLeader:true] shardkv server get key:23, value:QFjsUpC5euDpwYpR2oU397n20hcqvFN_9bwpZDf_
2026/02/24 17:27:02 [Node:0 GID:100 isLeader:true] shardkv server checkGroup key:23, shard:0 shards:map[0:true 1:true 2:true 3:true 4:true 5:true 6:true 7:true 8:true 9:true]
2026/02/24 17:27:02 [Node:0 GID:100 isLeader:true] shardkv server raft command:{23 -Yzfm0iNtKssm86lqioO APPEND 0 168 113871309237573403 {0 [0 0 0 0 0 0 0 0 0 0] map[]} map[] 0}
2026/02/24 17:27:02 [Node:0 GID:100 isLeader:true] shardkv server generateSnapshotter raft state size: 1118, maxraftstate: 1000
2026/02/24 17:27:02 [Node:0 GID:100 isLeader:true] shardkv server generateSnapshotter start data:map[0:map[2:e7KLJGj9FfoEz52Hcp3HwfJEqjsqrCM77Eatr9ySWtZV5-bqgivFfzMq-CFU 20:sxevmuW7AmVBs1CkujVpZfviNx_cyLLCs5KZa2W-vHPa6tIaQ1TWMfFjBg8D 21:AB-RSTY0r6n0a5q8vcmgCJBEtvS0VzI968wTxFlr92jig8Y-ZPltV3aPiJyk 22:_w4WVM9-y3hR5bZSIEWhXG7IOsnPQXdioSat74EtGstZgEW5kqNUnz1N7bv8 23:QFjsUpC5euDpwYpR2oU397n20hcqvFN_9bwpZDf_ 24:IEkCCLX4oicRxt8IqaX3uMQQQDc-7mYmqwyJiBLW 25:gIvRmn0Vk7CvUtn1b9YE7hdubcaKvIAE9xqEHppC 26:QJpznCkMRhsFOWcrsnvDC_-ShblSIM7jTsRYvJ53 27:IX9f8pgSK6B4a77Vh-vxfcHmA8mo8Pnc50R8KpnZ 28:_5uoVW9UzbaA_KtclZvr6Ny6jzGfPvg_5IdEdPzt 29:ITUcWpr5oaTUfV03GUIGL4fEgy-w6P82O7oXPyuN] 1:map[3:Hru2hXtYBJ0LEvhhZyB7] 2:map[4:4_jSWlOJHgao3DYGmXfxVEqD-neXPsXsTGbAZFT_WiACVRcHVzJ_AEs8qMjx] 3:map[5:7Qs3WNhdC_Xy7ku2e5YO] 4:map[6:lFVqDSzzWwLbl3rpO8tR5jJspmoBfi75NciYWGeDaHhL350aZn7rlqU7FI2-] 5:map[7:z2LVJuJMcOCsm-VAweCT] 6:map[8:25imAyinhov1A9x-2_yHk8Pq-A3_DvuSUvtv7denCbw36nmpiMlFNFC7lYL2] 7:map[9:W2k9CA3KTZbuggglJ85F] 8:map[0:4JPKOsUVfVcvncyCAj-8r3rmeT9zc5O7TF63zv6xBeNKfFJRCzVlq1gf_rNH] 9:map[1:7feyKfcAmKMj84e-Z9Qy 10:ZIo_MWLuWr11IuKrdiJ2 11:G-WdPfixCsStieX94OwO 12:96ZhhvdDDUM5xUOVYxQI 13:XE90ySoOGhjGY2lx7_n6 14:qYFp5ienKQiZmDXCokTB 15:hfoSBfHfoMGZC-E23lrs 16:w49ucCQcjPa0iUGSzwdg 17:tS93z-FyNwnLWHVevezP 18:eGx5LOeZm_ldSj2mREyz 19:TuU_Zvm4dt_Z_xRmrtr8]]
2026/02/24 17:27:02 [Node:1 GID:100 isLeader:false] shardkv server listenApplyCh applyMsg:{false <nil> 86 map[] true map[] map[0:map[2:e7KLJGj9FfoEz52Hcp3HwfJEqjsqrCM77Eatr9ySWtZV5-bqgivFfzMq-CFU 20:sxevmuW7AmVBs1CkujVpZfviNx_cyLLCs5KZa2W-vHPa6tIaQ1TWMfFjBg8D 21:AB-RSTY0r6n0a5q8vcmgCJBEtvS0VzI968wTxFlr92jig8Y-ZPltV3aPiJyk 22:_w4WVM9-y3hR5bZSIEWhXG7IOsnPQXdioSat74EtGstZgEW5kqNUnz1N7bv8 23:QFjsUpC5euDpwYpR2oU397n20hcqvFN_9bwpZDf_ 24:IEkCCLX4oicRxt8IqaX3uMQQQDc-7mYmqwyJiBLW 25:gIvRmn0Vk7CvUtn1b9YE7hdubcaKvIAE9xqEHppC 26:QJpznCkMRhsFOWcrsnvDC_-ShblSIM7jTsRYvJ53 27:IX9f8pgSK6B4a77Vh-vxfcHmA8mo8Pnc50R8KpnZ 28:_5uoVW9UzbaA_KtclZvr6Ny6jzGfPvg_5IdEdPzt 29:ITUcWpr5oaTUfV03GUIGL4fEgy-w6P82O7oXPyuN] 1:map[3:Hru2hXtYBJ0LEvhhZyB7] 2:map[4:4_jSWlOJHgao3DYGmXfxVEqD-neXPsXsTGbAZFT_WiACVRcHVzJ_AEs8qMjx] 3:map[5:7Qs3WNhdC_Xy7ku2e5YO] 4:map[6:lFVqDSzzWwLbl3rpO8tR5jJspmoBfi75NciYWGeDaHhL350aZn7rlqU7FI2-] 5:map[7:z2LVJuJMcOCsm-VAweCT] 6:map[8:25imAyinhov1A9x-2_yHk8Pq-A3_DvuSUvtv7denCbw36nmpiMlFNFC7lYL2] 7:map[9:W2k9CA3KTZbuggglJ85F] 8:map[0:4JPKOsUVfVcvncyCAj-8r3rmeT9zc5O7TF63zv6xBeNKfFJRCzVlq1gf_rNH] 9:map[1:7feyKfcAmKMj84e-Z9Qy 10:ZIo_MWLuWr11IuKrdiJ2 11:G-WdPfixCsStieX94OwO 12:96ZhhvdDDUM5xUOVYxQI 13:XE90ySoOGhjGY2lx7_n6 14:qYFp5ienKQiZmDXCokTB 15:hfoSBfHfoMGZC-E23lrs 16:w49ucCQcjPa0iUGSzwdg 17:tS93z-FyNwnLWHVevezP 18:eGx5LOeZm_ldSj2mREyz 19:TuU_Zvm4dt_Z_xRmrtr8]] map[0:map[0:6 113871309237573403:167] 1:map[113871309237573403:34] 2:map[113871309237573403:130] 3:map[113871309237573403:36] 4:map[113871309237573403:134] 5:map[113871309237573403:38] 6:map[113871309237573403:138] 7:map[113871309237573403:40] 8:map[113871309237573403:122] 9:map[113871309237573403:50]] map[0:NORMAL 1:INVALID 2:NORMAL 3:INVALID 4:NORMAL 5:INVALID 6:NORMAL 7:INVALID 8:NORMAL 9:INVALID]}
2026/02/24 17:27:02 [Node:1 GID:100 isLeader:false] shardkv server listenApplyCh load snapshot data:map[0:map[2:e7KLJGj9FfoEz52Hcp3HwfJEqjsqrCM77Eatr9ySWtZV5-bqgivFfzMq-CFU 20:sxevmuW7AmVBs1CkujVpZfviNx_cyLLCs5KZa2W-vHPa6tIaQ1TWMfFjBg8D 21:AB-RSTY0r6n0a5q8vcmgCJBEtvS0VzI968wTxFlr92jig8Y-ZPltV3aPiJyk 22:_w4WVM9-y3hR5bZSIEWhXG7IOsnPQXdioSat74EtGstZgEW5kqNUnz1N7bv8 23:QFjsUpC5euDpwYpR2oU397n20hcqvFN_9bwpZDf_ 24:IEkCCLX4oicRxt8IqaX3uMQQQDc-7mYmqwyJiBLW 25:gIvRmn0Vk7CvUtn1b9YE7hdubcaKvIAE9xqEHppC 26:QJpznCkMRhsFOWcrsnvDC_-ShblSIM7jTsRYvJ53 27:IX9f8pgSK6B4a77Vh-vxfcHmA8mo8Pnc50R8KpnZ 28:_5uoVW9UzbaA_KtclZvr6Ny6jzGfPvg_5IdEdPzt 29:ITUcWpr5oaTUfV03GUIGL4fEgy-w6P82O7oXPyuN] 1:map[3:Hru2hXtYBJ0LEvhhZyB7] 2:map[4:4_jSWlOJHgao3DYGmXfxVEqD-neXPsXsTGbAZFT_WiACVRcHVzJ_AEs8qMjx] 3:map[5:7Qs3WNhdC_Xy7ku2e5YO] 4:map[6:lFVqDSzzWwLbl3rpO8tR5jJspmoBfi75NciYWGeDaHhL350aZn7rlqU7FI2-] 5:map[7:z2LVJuJMcOCsm-VAweCT] 6:map[8:25imAyinhov1A9x-2_yHk8Pq-A3_DvuSUvtv7denCbw36nmpiMlFNFC7lYL2] 7:map[9:W2k9CA3KTZbuggglJ85F] 8:map[0:4JPKOsUVfVcvncyCAj-8r3rmeT9zc5O7TF63zv6xBeNKfFJRCzVlq1gf_rNH] 9:map[1:7feyKfcAmKMj84e-Z9Qy 10:ZIo_MWLuWr11IuKrdiJ2 11:G-WdPfixCsStieX94OwO 12:96ZhhvdDDUM5xUOVYxQI 13:XE90ySoOGhjGY2lx7_n6 14:qYFp5ienKQiZmDXCokTB 15:hfoSBfHfoMGZC-E23lrs 16:w49ucCQcjPa0iUGSzwdg 17:tS93z-FyNwnLWHVevezP 18:eGx5LOeZm_ldSj2mREyz 19:TuU_Zvm4dt_Z_xRmrtr8]] seqNums:map[0:map[0:6 113871309237573403:167] 1:map[113871309237573403:34] 2:map[113871309237573403:130] 3:map[113871309237573403:36] 4:map[113871309237573403:134] 5:map[113871309237573403:38] 6:map[113871309237573403:138] 7:map[113871309237573403:40] 8:map[113871309237573403:122] 9:map[113871309237573403:50]]
2026/02/24 17:27:02 [Node:2 GID:100 isLeader:false] shardkv server listenApplyCh applyMsg:{false <nil> 86 map[] true map[] map[0:map[2:e7KLJGj9FfoEz52Hcp3HwfJEqjsqrCM77Eatr9ySWtZV5-bqgivFfzMq-CFU 20:sxevmuW7AmVBs1CkujVpZfviNx_cyLLCs5KZa2W-vHPa6tIaQ1TWMfFjBg8D 21:AB-RSTY0r6n0a5q8vcmgCJBEtvS0VzI968wTxFlr92jig8Y-ZPltV3aPiJyk 22:_w4WVM9-y3hR5bZSIEWhXG7IOsnPQXdioSat74EtGstZgEW5kqNUnz1N7bv8 23:QFjsUpC5euDpwYpR2oU397n20hcqvFN_9bwpZDf_ 24:IEkCCLX4oicRxt8IqaX3uMQQQDc-7mYmqwyJiBLW 25:gIvRmn0Vk7CvUtn1b9YE7hdubcaKvIAE9xqEHppC 26:QJpznCkMRhsFOWcrsnvDC_-ShblSIM7jTsRYvJ53 27:IX9f8pgSK6B4a77Vh-vxfcHmA8mo8Pnc50R8KpnZ 28:_5uoVW9UzbaA_KtclZvr6Ny6jzGfPvg_5IdEdPzt 29:ITUcWpr5oaTUfV03GUIGL4fEgy-w6P82O7oXPyuN] 1:map[3:Hru2hXtYBJ0LEvhhZyB7] 2:map[4:4_jSWlOJHgao3DYGmXfxVEqD-neXPsXsTGbAZFT_WiACVRcHVzJ_AEs8qMjx] 3:map[5:7Qs3WNhdC_Xy7ku2e5YO] 4:map[6:lFVqDSzzWwLbl3rpO8tR5jJspmoBfi75NciYWGeDaHhL350aZn7rlqU7FI2-] 5:map[7:z2LVJuJMcOCsm-VAweCT] 6:map[8:25imAyinhov1A9x-2_yHk8Pq-A3_DvuSUvtv7denCbw36nmpiMlFNFC7lYL2] 7:map[9:W2k9CA3KTZbuggglJ85F] 8:map[0:4JPKOsUVfVcvncyCAj-8r3rmeT9zc5O7TF63zv6xBeNKfFJRCzVlq1gf_rNH] 9:map[1:7feyKfcAmKMj84e-Z9Qy 10:ZIo_MWLuWr11IuKrdiJ2 11:G-WdPfixCsStieX94OwO 12:96ZhhvdDDUM5xUOVYxQI 13:XE90ySoOGhjGY2lx7_n6 14:qYFp5ienKQiZmDXCokTB 15:hfoSBfHfoMGZC-E23lrs 16:w49ucCQcjPa0iUGSzwdg 17:tS93z-FyNwnLWHVevezP 18:eGx5LOeZm_ldSj2mREyz 19:TuU_Zvm4dt_Z_xRmrtr8]] map[0:map[0:6 113871309237573403:167] 1:map[113871309237573403:34] 2:map[113871309237573403:130] 3:map[113871309237573403:36] 4:map[113871309237573403:134] 5:map[113871309237573403:38] 6:map[113871309237573403:138] 7:map[113871309237573403:40] 8:map[113871309237573403:122] 9:map[113871309237573403:50]] map[0:NORMAL 1:INVALID 2:NORMAL 3:INVALID 4:NORMAL 5:INVALID 6:NORMAL 7:INVALID 8:NORMAL 9:INVALID]}
2026/02/24 17:27:02 [Node:2 GID:100 isLeader:false] shardkv server listenApplyCh load snapshot data:map[0:map[2:e7KLJGj9FfoEz52Hcp3HwfJEqjsqrCM77Eatr9ySWtZV5-bqgivFfzMq-CFU 20:sxevmuW7AmVBs1CkujVpZfviNx_cyLLCs5KZa2W-vHPa6tIaQ1TWMfFjBg8D 21:AB-RSTY0r6n0a5q8vcmgCJBEtvS0VzI968wTxFlr92jig8Y-ZPltV3aPiJyk 22:_w4WVM9-y3hR5bZSIEWhXG7IOsnPQXdioSat74EtGstZgEW5kqNUnz1N7bv8 23:QFjsUpC5euDpwYpR2oU397n20hcqvFN_9bwpZDf_ 24:IEkCCLX4oicRxt8IqaX3uMQQQDc-7mYmqwyJiBLW 25:gIvRmn0Vk7CvUtn1b9YE7hdubcaKvIAE9xqEHppC 26:QJpznCkMRhsFOWcrsnvDC_-ShblSIM7jTsRYvJ53 27:IX9f8pgSK6B4a77Vh-vxfcHmA8mo8Pnc50R8KpnZ 28:_5uoVW9UzbaA_KtclZvr6Ny6jzGfPvg_5IdEdPzt 29:ITUcWpr5oaTUfV03GUIGL4fEgy-w6P82O7oXPyuN] 1:map[3:Hru2hXtYBJ0LEvhhZyB7] 2:map[4:4_jSWlOJHgao3DYGmXfxVEqD-neXPsXsTGbAZFT_WiACVRcHVzJ_AEs8qMjx] 3:map[5:7Qs3WNhdC_Xy7ku2e5YO] 4:map[6:lFVqDSzzWwLbl3rpO8tR5jJspmoBfi75NciYWGeDaHhL350aZn7rlqU7FI2-] 5:map[7:z2LVJuJMcOCsm-VAweCT] 6:map[8:25imAyinhov1A9x-2_yHk8Pq-A3_DvuSUvtv7denCbw36nmpiMlFNFC7lYL2] 7:map[9:W2k9CA3KTZbuggglJ85F] 8:map[0:4JPKOsUVfVcvncyCAj-8r3rmeT9zc5O7TF63zv6xBeNKfFJRCzVlq1gf_rNH] 9:map[1:7feyKfcAmKMj84e-Z9Qy 10:ZIo_MWLuWr11IuKrdiJ2 11:G-WdPfixCsStieX94OwO 12:96ZhhvdDDUM5xUOVYxQI 13:XE90ySoOGhjGY2lx7_n6 14:qYFp5ienKQiZmDXCokTB 15:hfoSBfHfoMGZC-E23lrs 16:w49ucCQcjPa0iUGSzwdg 17:tS93z-FyNwnLWHVevezP 18:eGx5LOeZm_ldSj2mREyz 19:TuU_Zvm4dt_Z_xRmrtr8]] seqNums:map[0:map[0:6 113871309237573403:167] 1:map[113871309237573403:34] 2:map[113871309237573403:130] 3:map[113871309237573403:36] 4:map[113871309237573403:134] 5:map[113871309237573403:38] 6:map[113871309237573403:138] 7:map[113871309237573403:40] 8:map[113871309237573403:122] 9:map[113871309237573403:50]]
2026/02/24 17:27:02 [Node:0 GID:100 isLeader:true] shardkv server listenApplyCh applyMsg:{true {23 -Yzfm0iNtKssm86lqioO APPEND 0 168 113871309237573403 {0 [0 0 0 0 0 0 0 0 0 0] map[]} map[] 0} 87 map[] false map[] map[] map[] map[]}
2026/02/24 17:27:02 [Node:0 GID:100 isLeader:true] kv server listenApplyCh op:APPEND, key:23, value:-Yzfm0iNtKssm86lqioO clientid:113871309237573403, 更新seqNum:168
2026/02/24 17:27:02 [Node:0 GID:100 isLeader:true] shardkv server append success key:23 value:-Yzfm0iNtKssm86lqioO data:map[2:e7KLJGj9FfoEz52Hcp3HwfJEqjsqrCM77Eatr9ySWtZV5-bqgivFfzMq-CFU 20:sxevmuW7AmVBs1CkujVpZfviNx_cyLLCs5KZa2W-vHPa6tIaQ1TWMfFjBg8D 21:AB-RSTY0r6n0a5q8vcmgCJBEtvS0VzI968wTxFlr92jig8Y-ZPltV3aPiJyk 22:_w4WVM9-y3hR5bZSIEWhXG7IOsnPQXdioSat74EtGstZgEW5kqNUnz1N7bv8 23:QFjsUpC5euDpwYpR2oU397n20hcqvFN_9bwpZDf_-Yzfm0iNtKssm86lqioO 24:IEkCCLX4oicRxt8IqaX3uMQQQDc-7mYmqwyJiBLW 25:gIvRmn0Vk7CvUtn1b9YE7hdubcaKvIAE9xqEHppC 26:QJpznCkMRhsFOWcrsnvDC_-ShblSIM7jTsRYvJ53 27:IX9f8pgSK6B4a77Vh-vxfcHmA8mo8Pnc50R8KpnZ 28:_5uoVW9UzbaA_KtclZvr6Ny6jzGfPvg_5IdEdPzt 29:ITUcWpr5oaTUfV03GUIGL4fEgy-w6P82O7oXPyuN]
2026/02/24 17:27:02 [Node:0 GID:100 isLeader:true] shardkv server raft repley: success op:APPEND, key:23 value:-Yzfm0iNtKssm86lqioO
2026/02/24 17:27:02 [Node:0 GID:100 isLeader:true] shardkv server checkGroup key:24, shard:0 shards:map[0:true 1:true 2:true 3:true 4:true 5:true 6:true 7:true 8:true 9:true]
2026/02/24 17:27:02 [Node:0 GID:100 isLeader:true] shardkv server raft command:{24  GET 0 169 113871309237573403 {0 [0 0 0 0 0 0 0 0 0 0] map[]} map[] 0}
2026/02/24 17:27:02 [Node:1 GID:100 isLeader:false] shardkv server generateSnapshotter raft state size: 591, maxraftstate: 1000
2026/02/24 17:27:02 [Node:2 GID:100 isLeader:false] shardkv server generateSnapshotter raft state size: 591, maxraftstate: 1000
2026/02/24 17:27:02 [Node:1 GID:100 isLeader:false] shardkv server listenApplyCh applyMsg:{true {23 -Yzfm0iNtKssm86lqioO APPEND 0 168 113871309237573403 {0 [0 0 0 0 0 0 0 0 0 0] map[]} map[] 0} 87 map[] false map[] map[] map[] map[]}
2026/02/24 17:27:02 [Node:1 GID:100 isLeader:false] kv server listenApplyCh op:APPEND, key:23, value:-Yzfm0iNtKssm86lqioO clientid:113871309237573403, 更新seqNum:168
2026/02/24 17:27:02 [Node:1 GID:100 isLeader:false] shardkv server append success key:23 value:-Yzfm0iNtKssm86lqioO data:map[2:e7KLJGj9FfoEz52Hcp3HwfJEqjsqrCM77Eatr9ySWtZV5-bqgivFfzMq-CFU 20:sxevmuW7AmVBs1CkujVpZfviNx_cyLLCs5KZa2W-vHPa6tIaQ1TWMfFjBg8D 21:AB-RSTY0r6n0a5q8vcmgCJBEtvS0VzI968wTxFlr92jig8Y-ZPltV3aPiJyk 22:_w4WVM9-y3hR5bZSIEWhXG7IOsnPQXdioSat74EtGstZgEW5kqNUnz1N7bv8 23:QFjsUpC5euDpwYpR2oU397n20hcqvFN_9bwpZDf_-Yzfm0iNtKssm86lqioO 24:IEkCCLX4oicRxt8IqaX3uMQQQDc-7mYmqwyJiBLW 25:gIvRmn0Vk7CvUtn1b9YE7hdubcaKvIAE9xqEHppC 26:QJpznCkMRhsFOWcrsnvDC_-ShblSIM7jTsRYvJ53 27:IX9f8pgSK6B4a77Vh-vxfcHmA8mo8Pnc50R8KpnZ 28:_5uoVW9UzbaA_KtclZvr6Ny6jzGfPvg_5IdEdPzt 29:ITUcWpr5oaTUfV03GUIGL4fEgy-w6P82O7oXPyuN]
2026/02/24 17:27:02 [Node:0 GID:100 isLeader:true] shardkv server listenApplyCh applyMsg:{true {24  GET 0 169 113871309237573403 {0 [0 0 0 0 0 0 0 0 0 0] map[]} map[] 0} 88 map[] false map[] map[] map[] map[]}
2026/02/24 17:27:02 [Node:0 GID:100 isLeader:true] kv server listenApplyCh op:GET, key:24, value: clientid:113871309237573403, 更新seqNum:169
2026/02/24 17:27:02 [Node:2 GID:100 isLeader:false] shardkv server listenApplyCh applyMsg:{true {23 -Yzfm0iNtKssm86lqioO APPEND 0 168 113871309237573403 {0 [0 0 0 0 0 0 0 0 0 0] map[]} map[] 0} 87 map[] false map[] map[] map[] map[]}
2026/02/24 17:27:02 [Node:0 GID:100 isLeader:true] shardkv server raft repley: success op:GET, key:24 value:
2026/02/24 17:27:02 [Node:2 GID:100 isLeader:false] kv server listenApplyCh op:APPEND, key:23, value:-Yzfm0iNtKssm86lqioO clientid:113871309237573403, 更新seqNum:168
2026/02/24 17:27:02 [Node:0 GID:100 isLeader:true] shardkv server get key:24, data:map[2:e7KLJGj9FfoEz52Hcp3HwfJEqjsqrCM77Eatr9ySWtZV5-bqgivFfzMq-CFU 20:sxevmuW7AmVBs1CkujVpZfviNx_cyLLCs5KZa2W-vHPa6tIaQ1TWMfFjBg8D 21:AB-RSTY0r6n0a5q8vcmgCJBEtvS0VzI968wTxFlr92jig8Y-ZPltV3aPiJyk 22:_w4WVM9-y3hR5bZSIEWhXG7IOsnPQXdioSat74EtGstZgEW5kqNUnz1N7bv8 23:QFjsUpC5euDpwYpR2oU397n20hcqvFN_9bwpZDf_-Yzfm0iNtKssm86lqioO 24:IEkCCLX4oicRxt8IqaX3uMQQQDc-7mYmqwyJiBLW 25:gIvRmn0Vk7CvUtn1b9YE7hdubcaKvIAE9xqEHppC 26:QJpznCkMRhsFOWcrsnvDC_-ShblSIM7jTsRYvJ53 27:IX9f8pgSK6B4a77Vh-vxfcHmA8mo8Pnc50R8KpnZ 28:_5uoVW9UzbaA_KtclZvr6Ny6jzGfPvg_5IdEdPzt 29:ITUcWpr5oaTUfV03GUIGL4fEgy-w6P82O7oXPyuN]
2026/02/24 17:27:02 [Node:0 GID:100 isLeader:true] shardkv server get key:24, value:IEkCCLX4oicRxt8IqaX3uMQQQDc-7mYmqwyJiBLW
2026/02/24 17:27:02 [Node:2 GID:100 isLeader:false] shardkv server append success key:23 value:-Yzfm0iNtKssm86lqioO data:map[2:e7KLJGj9FfoEz52Hcp3HwfJEqjsqrCM77Eatr9ySWtZV5-bqgivFfzMq-CFU 20:sxevmuW7AmVBs1CkujVpZfviNx_cyLLCs5KZa2W-vHPa6tIaQ1TWMfFjBg8D 21:AB-RSTY0r6n0a5q8vcmgCJBEtvS0VzI968wTxFlr92jig8Y-ZPltV3aPiJyk 22:_w4WVM9-y3hR5bZSIEWhXG7IOsnPQXdioSat74EtGstZgEW5kqNUnz1N7bv8 23:QFjsUpC5euDpwYpR2oU397n20hcqvFN_9bwpZDf_-Yzfm0iNtKssm86lqioO 24:IEkCCLX4oicRxt8IqaX3uMQQQDc-7mYmqwyJiBLW 25:gIvRmn0Vk7CvUtn1b9YE7hdubcaKvIAE9xqEHppC 26:QJpznCkMRhsFOWcrsnvDC_-ShblSIM7jTsRYvJ53 27:IX9f8pgSK6B4a77Vh-vxfcHmA8mo8Pnc50R8KpnZ 28:_5uoVW9UzbaA_KtclZvr6Ny6jzGfPvg_5IdEdPzt 29:ITUcWpr5oaTUfV03GUIGL4fEgy-w6P82O7oXPyuN]
2026/02/24 17:27:02 [Node:0 GID:100 isLeader:true] shardkv server checkGroup key:24, shard:0 shards:map[0:true 1:true 2:true 3:true 4:true 5:true 6:true 7:true 8:true 9:true]
2026/02/24 17:27:02 [Node:0 GID:100 isLeader:true] shardkv server raft command:{24 jWwOnWwO9ljGeMlQIBVQ APPEND 0 170 113871309237573403 {0 [0 0 0 0 0 0 0 0 0 0] map[]} map[] 0}
2026/02/24 17:27:02 [Node:0 GID:100 isLeader:true] shardkv server generateSnapshotter raft state size: 767, maxraftstate: 1000
2026/02/24 17:27:02 [Node:1 GID:100 isLeader:false] shardkv server listenApplyCh applyMsg:{true {24  GET 0 169 113871309237573403 {0 [0 0 0 0 0 0 0 0 0 0] map[]} map[] 0} 88 map[] false map[] map[] map[] map[]}
2026/02/24 17:27:02 [Node:1 GID:100 isLeader:false] kv server listenApplyCh op:GET, key:24, value: clientid:113871309237573403, 更新seqNum:169
2026/02/24 17:27:02 [Node:0 GID:100 isLeader:true] shardkv server listenApplyCh applyMsg:{true {24 jWwOnWwO9ljGeMlQIBVQ APPEND 0 170 113871309237573403 {0 [0 0 0 0 0 0 0 0 0 0] map[]} map[] 0} 89 map[] false map[] map[] map[] map[]}
2026/02/24 17:27:02 [Node:0 GID:100 isLeader:true] kv server listenApplyCh op:APPEND, key:24, value:jWwOnWwO9ljGeMlQIBVQ clientid:113871309237573403, 更新seqNum:170
2026/02/24 17:27:02 [Node:0 GID:100 isLeader:true] shardkv server append success key:24 value:jWwOnWwO9ljGeMlQIBVQ data:map[2:e7KLJGj9FfoEz52Hcp3HwfJEqjsqrCM77Eatr9ySWtZV5-bqgivFfzMq-CFU 20:sxevmuW7AmVBs1CkujVpZfviNx_cyLLCs5KZa2W-vHPa6tIaQ1TWMfFjBg8D 21:AB-RSTY0r6n0a5q8vcmgCJBEtvS0VzI968wTxFlr92jig8Y-ZPltV3aPiJyk 22:_w4WVM9-y3hR5bZSIEWhXG7IOsnPQXdioSat74EtGstZgEW5kqNUnz1N7bv8 23:QFjsUpC5euDpwYpR2oU397n20hcqvFN_9bwpZDf_-Yzfm0iNtKssm86lqioO 24:IEkCCLX4oicRxt8IqaX3uMQQQDc-7mYmqwyJiBLWjWwOnWwO9ljGeMlQIBVQ 25:gIvRmn0Vk7CvUtn1b9YE7hdubcaKvIAE9xqEHppC 26:QJpznCkMRhsFOWcrsnvDC_-ShblSIM7jTsRYvJ53 27:IX9f8pgSK6B4a77Vh-vxfcHmA8mo8Pnc50R8KpnZ 28:_5uoVW9UzbaA_KtclZvr6Ny6jzGfPvg_5IdEdPzt 29:ITUcWpr5oaTUfV03GUIGL4fEgy-w6P82O7oXPyuN]
2026/02/24 17:27:02 [Node:0 GID:100 isLeader:true] shardkv server raft repley: success op:APPEND, key:24 value:jWwOnWwO9ljGeMlQIBVQ
2026/02/24 17:27:02 [Node:2 GID:100 isLeader:false] shardkv server listenApplyCh applyMsg:{true {24  GET 0 169 113871309237573403 {0 [0 0 0 0 0 0 0 0 0 0] map[]} map[] 0} 88 map[] false map[] map[] map[] map[]}
2026/02/24 17:27:02 [Node:2 GID:100 isLeader:false] kv server listenApplyCh op:GET, key:24, value: clientid:113871309237573403, 更新seqNum:169
2026/02/24 17:27:02 [Node:0 GID:100 isLeader:true] shardkv server checkGroup key:25, shard:0 shards:map[0:true 1:true 2:true 3:true 4:true 5:true 6:true 7:true 8:true 9:true]
2026/02/24 17:27:02 [Node:0 GID:100 isLeader:true] shardkv server raft command:{25  GET 0 171 113871309237573403 {0 [0 0 0 0 0 0 0 0 0 0] map[]} map[] 0}
2026/02/24 17:27:02 [Node:1 GID:100 isLeader:false] shardkv server generateSnapshotter raft state size: 767, maxraftstate: 1000
2026/02/24 17:27:02 [Node:2 GID:100 isLeader:false] shardkv server generateSnapshotter raft state size: 767, maxraftstate: 1000
2026/02/24 17:27:02 [Node:1 GID:100 isLeader:false] shardkv server listenApplyCh applyMsg:{true {24 jWwOnWwO9ljGeMlQIBVQ APPEND 0 170 113871309237573403 {0 [0 0 0 0 0 0 0 0 0 0] map[]} map[] 0} 89 map[] false map[] map[] map[] map[]}
2026/02/24 17:27:02 [Node:1 GID:100 isLeader:false] kv server listenApplyCh op:APPEND, key:24, value:jWwOnWwO9ljGeMlQIBVQ clientid:113871309237573403, 更新seqNum:170
2026/02/24 17:27:02 [Node:1 GID:100 isLeader:false] shardkv server append success key:24 value:jWwOnWwO9ljGeMlQIBVQ data:map[2:e7KLJGj9FfoEz52Hcp3HwfJEqjsqrCM77Eatr9ySWtZV5-bqgivFfzMq-CFU 20:sxevmuW7AmVBs1CkujVpZfviNx_cyLLCs5KZa2W-vHPa6tIaQ1TWMfFjBg8D 21:AB-RSTY0r6n0a5q8vcmgCJBEtvS0VzI968wTxFlr92jig8Y-ZPltV3aPiJyk 22:_w4WVM9-y3hR5bZSIEWhXG7IOsnPQXdioSat74EtGstZgEW5kqNUnz1N7bv8 23:QFjsUpC5euDpwYpR2oU397n20hcqvFN_9bwpZDf_-Yzfm0iNtKssm86lqioO 24:IEkCCLX4oicRxt8IqaX3uMQQQDc-7mYmqwyJiBLWjWwOnWwO9ljGeMlQIBVQ 25:gIvRmn0Vk7CvUtn1b9YE7hdubcaKvIAE9xqEHppC 26:QJpznCkMRhsFOWcrsnvDC_-ShblSIM7jTsRYvJ53 27:IX9f8pgSK6B4a77Vh-vxfcHmA8mo8Pnc50R8KpnZ 28:_5uoVW9UzbaA_KtclZvr6Ny6jzGfPvg_5IdEdPzt 29:ITUcWpr5oaTUfV03GUIGL4fEgy-w6P82O7oXPyuN]
2026/02/24 17:27:02 [Node:0 GID:100 isLeader:true] shardkv server listenApplyCh applyMsg:{true {25  GET 0 171 113871309237573403 {0 [0 0 0 0 0 0 0 0 0 0] map[]} map[] 0} 90 map[] false map[] map[] map[] map[]}
2026/02/24 17:27:02 [Node:0 GID:100 isLeader:true] kv server listenApplyCh op:GET, key:25, value: clientid:113871309237573403, 更新seqNum:171
2026/02/24 17:27:02 [Node:2 GID:100 isLeader:false] shardkv server listenApplyCh applyMsg:{true {24 jWwOnWwO9ljGeMlQIBVQ APPEND 0 170 113871309237573403 {0 [0 0 0 0 0 0 0 0 0 0] map[]} map[] 0} 89 map[] false map[] map[] map[] map[]}
2026/02/24 17:27:02 [Node:0 GID:100 isLeader:true] shardkv server raft repley: success op:GET, key:25 value:
2026/02/24 17:27:02 [Node:2 GID:100 isLeader:false] kv server listenApplyCh op:APPEND, key:24, value:jWwOnWwO9ljGeMlQIBVQ clientid:113871309237573403, 更新seqNum:170
2026/02/24 17:27:02 [Node:0 GID:100 isLeader:true] shardkv server get key:25, data:map[2:e7KLJGj9FfoEz52Hcp3HwfJEqjsqrCM77Eatr9ySWtZV5-bqgivFfzMq-CFU 20:sxevmuW7AmVBs1CkujVpZfviNx_cyLLCs5KZa2W-vHPa6tIaQ1TWMfFjBg8D 21:AB-RSTY0r6n0a5q8vcmgCJBEtvS0VzI968wTxFlr92jig8Y-ZPltV3aPiJyk 22:_w4WVM9-y3hR5bZSIEWhXG7IOsnPQXdioSat74EtGstZgEW5kqNUnz1N7bv8 23:QFjsUpC5euDpwYpR2oU397n20hcqvFN_9bwpZDf_-Yzfm0iNtKssm86lqioO 24:IEkCCLX4oicRxt8IqaX3uMQQQDc-7mYmqwyJiBLWjWwOnWwO9ljGeMlQIBVQ 25:gIvRmn0Vk7CvUtn1b9YE7hdubcaKvIAE9xqEHppC 26:QJpznCkMRhsFOWcrsnvDC_-ShblSIM7jTsRYvJ53 27:IX9f8pgSK6B4a77Vh-vxfcHmA8mo8Pnc50R8KpnZ 28:_5uoVW9UzbaA_KtclZvr6Ny6jzGfPvg_5IdEdPzt 29:ITUcWpr5oaTUfV03GUIGL4fEgy-w6P82O7oXPyuN]
2026/02/24 17:27:02 [Node:2 GID:100 isLeader:false] shardkv server append success key:24 value:jWwOnWwO9ljGeMlQIBVQ data:map[2:e7KLJGj9FfoEz52Hcp3HwfJEqjsqrCM77Eatr9ySWtZV5-bqgivFfzMq-CFU 20:sxevmuW7AmVBs1CkujVpZfviNx_cyLLCs5KZa2W-vHPa6tIaQ1TWMfFjBg8D 21:AB-RSTY0r6n0a5q8vcmgCJBEtvS0VzI968wTxFlr92jig8Y-ZPltV3aPiJyk 22:_w4WVM9-y3hR5bZSIEWhXG7IOsnPQXdioSat74EtGstZgEW5kqNUnz1N7bv8 23:QFjsUpC5euDpwYpR2oU397n20hcqvFN_9bwpZDf_-Yzfm0iNtKssm86lqioO 24:IEkCCLX4oicRxt8IqaX3uMQQQDc-7mYmqwyJiBLWjWwOnWwO9ljGeMlQIBVQ 25:gIvRmn0Vk7CvUtn1b9YE7hdubcaKvIAE9xqEHppC 26:QJpznCkMRhsFOWcrsnvDC_-ShblSIM7jTsRYvJ53 27:IX9f8pgSK6B4a77Vh-vxfcHmA8mo8Pnc50R8KpnZ 28:_5uoVW9UzbaA_KtclZvr6Ny6jzGfPvg_5IdEdPzt 29:ITUcWpr5oaTUfV03GUIGL4fEgy-w6P82O7oXPyuN]
2026/02/24 17:27:02 [Node:0 GID:100 isLeader:true] shardkv server get key:25, value:gIvRmn0Vk7CvUtn1b9YE7hdubcaKvIAE9xqEHppC
2026/02/24 17:27:02 [Node:0 GID:100 isLeader:true] shardkv server checkGroup key:25, shard:0 shards:map[0:true 1:true 2:true 3:true 4:true 5:true 6:true 7:true 8:true 9:true]
2026/02/24 17:27:02 [Node:0 GID:100 isLeader:true] shardkv server raft command:{25 s27rAZ57EmpTINV_Wdl8 APPEND 0 172 113871309237573403 {0 [0 0 0 0 0 0 0 0 0 0] map[]} map[] 0}
2026/02/24 17:27:02 [Node:0 GID:100 isLeader:true] shardkv server generateSnapshotter raft state size: 943, maxraftstate: 1000
2026/02/24 17:27:02 [Node:1 GID:100 isLeader:false] shardkv server listenApplyCh applyMsg:{true {25  GET 0 171 113871309237573403 {0 [0 0 0 0 0 0 0 0 0 0] map[]} map[] 0} 90 map[] false map[] map[] map[] map[]}
2026/02/24 17:27:02 [Node:0 GID:100 isLeader:true] shardkv server listenApplyCh applyMsg:{true {25 s27rAZ57EmpTINV_Wdl8 APPEND 0 172 113871309237573403 {0 [0 0 0 0 0 0 0 0 0 0] map[]} map[] 0} 91 map[] false map[] map[] map[] map[]}
2026/02/24 17:27:02 [Node:2 GID:100 isLeader:false] shardkv server listenApplyCh applyMsg:{true {25  GET 0 171 113871309237573403 {0 [0 0 0 0 0 0 0 0 0 0] map[]} map[] 0} 90 map[] false map[] map[] map[] map[]}
2026/02/24 17:27:02 [Node:1 GID:100 isLeader:false] kv server listenApplyCh op:GET, key:25, value: clientid:113871309237573403, 更新seqNum:171
2026/02/24 17:27:02 [Node:0 GID:100 isLeader:true] kv server listenApplyCh op:APPEND, key:25, value:s27rAZ57EmpTINV_Wdl8 clientid:113871309237573403, 更新seqNum:172
2026/02/24 17:27:02 [Node:2 GID:100 isLeader:false] kv server listenApplyCh op:GET, key:25, value: clientid:113871309237573403, 更新seqNum:171
2026/02/24 17:27:02 [Node:0 GID:100 isLeader:true] shardkv server append success key:25 value:s27rAZ57EmpTINV_Wdl8 data:map[2:e7KLJGj9FfoEz52Hcp3HwfJEqjsqrCM77Eatr9ySWtZV5-bqgivFfzMq-CFU 20:sxevmuW7AmVBs1CkujVpZfviNx_cyLLCs5KZa2W-vHPa6tIaQ1TWMfFjBg8D 21:AB-RSTY0r6n0a5q8vcmgCJBEtvS0VzI968wTxFlr92jig8Y-ZPltV3aPiJyk 22:_w4WVM9-y3hR5bZSIEWhXG7IOsnPQXdioSat74EtGstZgEW5kqNUnz1N7bv8 23:QFjsUpC5euDpwYpR2oU397n20hcqvFN_9bwpZDf_-Yzfm0iNtKssm86lqioO 24:IEkCCLX4oicRxt8IqaX3uMQQQDc-7mYmqwyJiBLWjWwOnWwO9ljGeMlQIBVQ 25:gIvRmn0Vk7CvUtn1b9YE7hdubcaKvIAE9xqEHppCs27rAZ57EmpTINV_Wdl8 26:QJpznCkMRhsFOWcrsnvDC_-ShblSIM7jTsRYvJ53 27:IX9f8pgSK6B4a77Vh-vxfcHmA8mo8Pnc50R8KpnZ 28:_5uoVW9UzbaA_KtclZvr6Ny6jzGfPvg_5IdEdPzt 29:ITUcWpr5oaTUfV03GUIGL4fEgy-w6P82O7oXPyuN]
2026/02/24 17:27:02 [Node:0 GID:100 isLeader:true] shardkv server raft repley: success op:APPEND, key:25 value:s27rAZ57EmpTINV_Wdl8
2026/02/24 17:27:02 [Node:0 GID:100 isLeader:true] shardkv server checkGroup key:26, shard:0 shards:map[0:true 1:true 2:true 3:true 4:true 5:true 6:true 7:true 8:true 9:true]
2026/02/24 17:27:02 [Node:0 GID:100 isLeader:true] shardkv server raft command:{26  GET 0 173 113871309237573403 {0 [0 0 0 0 0 0 0 0 0 0] map[]} map[] 0}
2026/02/24 17:27:02 [Node:2 GID:100 isLeader:false] shardkv server generateSnapshotter raft state size: 943, maxraftstate: 1000
2026/02/24 17:27:02 [Node:1 GID:100 isLeader:false] shardkv server generateSnapshotter raft state size: 943, maxraftstate: 1000
2026/02/24 17:27:02 [Node:2 GID:100 isLeader:false] shardkv server listenApplyCh applyMsg:{true {25 s27rAZ57EmpTINV_Wdl8 APPEND 0 172 113871309237573403 {0 [0 0 0 0 0 0 0 0 0 0] map[]} map[] 0} 91 map[] false map[] map[] map[] map[]}
2026/02/24 17:27:02 [Node:2 GID:100 isLeader:false] kv server listenApplyCh op:APPEND, key:25, value:s27rAZ57EmpTINV_Wdl8 clientid:113871309237573403, 更新seqNum:172
2026/02/24 17:27:02 [Node:2 GID:100 isLeader:false] shardkv server append success key:25 value:s27rAZ57EmpTINV_Wdl8 data:map[2:e7KLJGj9FfoEz52Hcp3HwfJEqjsqrCM77Eatr9ySWtZV5-bqgivFfzMq-CFU 20:sxevmuW7AmVBs1CkujVpZfviNx_cyLLCs5KZa2W-vHPa6tIaQ1TWMfFjBg8D 21:AB-RSTY0r6n0a5q8vcmgCJBEtvS0VzI968wTxFlr92jig8Y-ZPltV3aPiJyk 22:_w4WVM9-y3hR5bZSIEWhXG7IOsnPQXdioSat74EtGstZgEW5kqNUnz1N7bv8 23:QFjsUpC5euDpwYpR2oU397n20hcqvFN_9bwpZDf_-Yzfm0iNtKssm86lqioO 24:IEkCCLX4oicRxt8IqaX3uMQQQDc-7mYmqwyJiBLWjWwOnWwO9ljGeMlQIBVQ 25:gIvRmn0Vk7CvUtn1b9YE7hdubcaKvIAE9xqEHppCs27rAZ57EmpTINV_Wdl8 26:QJpznCkMRhsFOWcrsnvDC_-ShblSIM7jTsRYvJ53 27:IX9f8pgSK6B4a77Vh-vxfcHmA8mo8Pnc50R8KpnZ 28:_5uoVW9UzbaA_KtclZvr6Ny6jzGfPvg_5IdEdPzt 29:ITUcWpr5oaTUfV03GUIGL4fEgy-w6P82O7oXPyuN]
2026/02/24 17:27:02 [Node:0 GID:100 isLeader:true] shardkv server listenApplyCh applyMsg:{true {26  GET 0 173 113871309237573403 {0 [0 0 0 0 0 0 0 0 0 0] map[]} map[] 0} 92 map[] false map[] map[] map[] map[]}
2026/02/24 17:27:02 [Node:1 GID:100 isLeader:false] shardkv server listenApplyCh applyMsg:{true {25 s27rAZ57EmpTINV_Wdl8 APPEND 0 172 113871309237573403 {0 [0 0 0 0 0 0 0 0 0 0] map[]} map[] 0} 91 map[] false map[] map[] map[] map[]}
2026/02/24 17:27:02 [Node:0 GID:100 isLeader:true] kv server listenApplyCh op:GET, key:26, value: clientid:113871309237573403, 更新seqNum:173
2026/02/24 17:27:02 [Node:1 GID:100 isLeader:false] kv server listenApplyCh op:APPEND, key:25, value:s27rAZ57EmpTINV_Wdl8 clientid:113871309237573403, 更新seqNum:172
2026/02/24 17:27:02 [Node:0 GID:100 isLeader:true] shardkv server raft repley: success op:GET, key:26 value:
2026/02/24 17:27:02 [Node:1 GID:100 isLeader:false] shardkv server append success key:25 value:s27rAZ57EmpTINV_Wdl8 data:map[2:e7KLJGj9FfoEz52Hcp3HwfJEqjsqrCM77Eatr9ySWtZV5-bqgivFfzMq-CFU 20:sxevmuW7AmVBs1CkujVpZfviNx_cyLLCs5KZa2W-vHPa6tIaQ1TWMfFjBg8D 21:AB-RSTY0r6n0a5q8vcmgCJBEtvS0VzI968wTxFlr92jig8Y-ZPltV3aPiJyk 22:_w4WVM9-y3hR5bZSIEWhXG7IOsnPQXdioSat74EtGstZgEW5kqNUnz1N7bv8 23:QFjsUpC5euDpwYpR2oU397n20hcqvFN_9bwpZDf_-Yzfm0iNtKssm86lqioO 24:IEkCCLX4oicRxt8IqaX3uMQQQDc-7mYmqwyJiBLWjWwOnWwO9ljGeMlQIBVQ 25:gIvRmn0Vk7CvUtn1b9YE7hdubcaKvIAE9xqEHppCs27rAZ57EmpTINV_Wdl8 26:QJpznCkMRhsFOWcrsnvDC_-ShblSIM7jTsRYvJ53 27:IX9f8pgSK6B4a77Vh-vxfcHmA8mo8Pnc50R8KpnZ 28:_5uoVW9UzbaA_KtclZvr6Ny6jzGfPvg_5IdEdPzt 29:ITUcWpr5oaTUfV03GUIGL4fEgy-w6P82O7oXPyuN]
2026/02/24 17:27:02 [Node:0 GID:100 isLeader:true] shardkv server get key:26, data:map[2:e7KLJGj9FfoEz52Hcp3HwfJEqjsqrCM77Eatr9ySWtZV5-bqgivFfzMq-CFU 20:sxevmuW7AmVBs1CkujVpZfviNx_cyLLCs5KZa2W-vHPa6tIaQ1TWMfFjBg8D 21:AB-RSTY0r6n0a5q8vcmgCJBEtvS0VzI968wTxFlr92jig8Y-ZPltV3aPiJyk 22:_w4WVM9-y3hR5bZSIEWhXG7IOsnPQXdioSat74EtGstZgEW5kqNUnz1N7bv8 23:QFjsUpC5euDpwYpR2oU397n20hcqvFN_9bwpZDf_-Yzfm0iNtKssm86lqioO 24:IEkCCLX4oicRxt8IqaX3uMQQQDc-7mYmqwyJiBLWjWwOnWwO9ljGeMlQIBVQ 25:gIvRmn0Vk7CvUtn1b9YE7hdubcaKvIAE9xqEHppCs27rAZ57EmpTINV_Wdl8 26:QJpznCkMRhsFOWcrsnvDC_-ShblSIM7jTsRYvJ53 27:IX9f8pgSK6B4a77Vh-vxfcHmA8mo8Pnc50R8KpnZ 28:_5uoVW9UzbaA_KtclZvr6Ny6jzGfPvg_5IdEdPzt 29:ITUcWpr5oaTUfV03GUIGL4fEgy-w6P82O7oXPyuN]
2026/02/24 17:27:02 [Node:0 GID:100 isLeader:true] shardkv server get key:26, value:QJpznCkMRhsFOWcrsnvDC_-ShblSIM7jTsRYvJ53
2026/02/24 17:27:02 [Node:0 GID:100 isLeader:true] shardkv server checkGroup key:26, shard:0 shards:map[0:true 1:true 2:true 3:true 4:true 5:true 6:true 7:true 8:true 9:true]
2026/02/24 17:27:02 [Node:0 GID:100 isLeader:true] shardkv server raft command:{26 f3s3GT6PCbQhL6_g7veQ APPEND 0 174 113871309237573403 {0 [0 0 0 0 0 0 0 0 0 0] map[]} map[] 0}
2026/02/24 17:27:02 [Node:0 GID:100 isLeader:true] shardkv server generateSnapshotter raft state size: 1118, maxraftstate: 1000
2026/02/24 17:27:02 [Node:0 GID:100 isLeader:true] shardkv server generateSnapshotter start data:map[0:map[2:e7KLJGj9FfoEz52Hcp3HwfJEqjsqrCM77Eatr9ySWtZV5-bqgivFfzMq-CFU 20:sxevmuW7AmVBs1CkujVpZfviNx_cyLLCs5KZa2W-vHPa6tIaQ1TWMfFjBg8D 21:AB-RSTY0r6n0a5q8vcmgCJBEtvS0VzI968wTxFlr92jig8Y-ZPltV3aPiJyk 22:_w4WVM9-y3hR5bZSIEWhXG7IOsnPQXdioSat74EtGstZgEW5kqNUnz1N7bv8 23:QFjsUpC5euDpwYpR2oU397n20hcqvFN_9bwpZDf_-Yzfm0iNtKssm86lqioO 24:IEkCCLX4oicRxt8IqaX3uMQQQDc-7mYmqwyJiBLWjWwOnWwO9ljGeMlQIBVQ 25:gIvRmn0Vk7CvUtn1b9YE7hdubcaKvIAE9xqEHppCs27rAZ57EmpTINV_Wdl8 26:QJpznCkMRhsFOWcrsnvDC_-ShblSIM7jTsRYvJ53 27:IX9f8pgSK6B4a77Vh-vxfcHmA8mo8Pnc50R8KpnZ 28:_5uoVW9UzbaA_KtclZvr6Ny6jzGfPvg_5IdEdPzt 29:ITUcWpr5oaTUfV03GUIGL4fEgy-w6P82O7oXPyuN] 1:map[3:Hru2hXtYBJ0LEvhhZyB7] 2:map[4:4_jSWlOJHgao3DYGmXfxVEqD-neXPsXsTGbAZFT_WiACVRcHVzJ_AEs8qMjx] 3:map[5:7Qs3WNhdC_Xy7ku2e5YO] 4:map[6:lFVqDSzzWwLbl3rpO8tR5jJspmoBfi75NciYWGeDaHhL350aZn7rlqU7FI2-] 5:map[7:z2LVJuJMcOCsm-VAweCT] 6:map[8:25imAyinhov1A9x-2_yHk8Pq-A3_DvuSUvtv7denCbw36nmpiMlFNFC7lYL2] 7:map[9:W2k9CA3KTZbuggglJ85F] 8:map[0:4JPKOsUVfVcvncyCAj-8r3rmeT9zc5O7TF63zv6xBeNKfFJRCzVlq1gf_rNH] 9:map[1:7feyKfcAmKMj84e-Z9Qy 10:ZIo_MWLuWr11IuKrdiJ2 11:G-WdPfixCsStieX94OwO 12:96ZhhvdDDUM5xUOVYxQI 13:XE90ySoOGhjGY2lx7_n6 14:qYFp5ienKQiZmDXCokTB 15:hfoSBfHfoMGZC-E23lrs 16:w49ucCQcjPa0iUGSzwdg 17:tS93z-FyNwnLWHVevezP 18:eGx5LOeZm_ldSj2mREyz 19:TuU_Zvm4dt_Z_xRmrtr8]]
2026/02/24 17:27:02 [Node:1 GID:100 isLeader:false] shardkv server listenApplyCh applyMsg:{false <nil> 92 map[] true map[] map[0:map[2:e7KLJGj9FfoEz52Hcp3HwfJEqjsqrCM77Eatr9ySWtZV5-bqgivFfzMq-CFU 20:sxevmuW7AmVBs1CkujVpZfviNx_cyLLCs5KZa2W-vHPa6tIaQ1TWMfFjBg8D 21:AB-RSTY0r6n0a5q8vcmgCJBEtvS0VzI968wTxFlr92jig8Y-ZPltV3aPiJyk 22:_w4WVM9-y3hR5bZSIEWhXG7IOsnPQXdioSat74EtGstZgEW5kqNUnz1N7bv8 23:QFjsUpC5euDpwYpR2oU397n20hcqvFN_9bwpZDf_-Yzfm0iNtKssm86lqioO 24:IEkCCLX4oicRxt8IqaX3uMQQQDc-7mYmqwyJiBLWjWwOnWwO9ljGeMlQIBVQ 25:gIvRmn0Vk7CvUtn1b9YE7hdubcaKvIAE9xqEHppCs27rAZ57EmpTINV_Wdl8 26:QJpznCkMRhsFOWcrsnvDC_-ShblSIM7jTsRYvJ53 27:IX9f8pgSK6B4a77Vh-vxfcHmA8mo8Pnc50R8KpnZ 28:_5uoVW9UzbaA_KtclZvr6Ny6jzGfPvg_5IdEdPzt 29:ITUcWpr5oaTUfV03GUIGL4fEgy-w6P82O7oXPyuN] 1:map[3:Hru2hXtYBJ0LEvhhZyB7] 2:map[4:4_jSWlOJHgao3DYGmXfxVEqD-neXPsXsTGbAZFT_WiACVRcHVzJ_AEs8qMjx] 3:map[5:7Qs3WNhdC_Xy7ku2e5YO] 4:map[6:lFVqDSzzWwLbl3rpO8tR5jJspmoBfi75NciYWGeDaHhL350aZn7rlqU7FI2-] 5:map[7:z2LVJuJMcOCsm-VAweCT] 6:map[8:25imAyinhov1A9x-2_yHk8Pq-A3_DvuSUvtv7denCbw36nmpiMlFNFC7lYL2] 7:map[9:W2k9CA3KTZbuggglJ85F] 8:map[0:4JPKOsUVfVcvncyCAj-8r3rmeT9zc5O7TF63zv6xBeNKfFJRCzVlq1gf_rNH] 9:map[1:7feyKfcAmKMj84e-Z9Qy 10:ZIo_MWLuWr11IuKrdiJ2 11:G-WdPfixCsStieX94OwO 12:96ZhhvdDDUM5xUOVYxQI 13:XE90ySoOGhjGY2lx7_n6 14:qYFp5ienKQiZmDXCokTB 15:hfoSBfHfoMGZC-E23lrs 16:w49ucCQcjPa0iUGSzwdg 17:tS93z-FyNwnLWHVevezP 18:eGx5LOeZm_ldSj2mREyz 19:TuU_Zvm4dt_Z_xRmrtr8]] map[0:map[0:6 113871309237573403:173] 1:map[113871309237573403:34] 2:map[113871309237573403:130] 3:map[113871309237573403:36] 4:map[113871309237573403:134] 5:map[113871309237573403:38] 6:map[113871309237573403:138] 7:map[113871309237573403:40] 8:map[113871309237573403:122] 9:map[113871309237573403:50]] map[0:NORMAL 1:INVALID 2:NORMAL 3:INVALID 4:NORMAL 5:INVALID 6:NORMAL 7:INVALID 8:NORMAL 9:INVALID]}
2026/02/24 17:27:02 [Node:1 GID:100 isLeader:false] shardkv server listenApplyCh load snapshot data:map[0:map[2:e7KLJGj9FfoEz52Hcp3HwfJEqjsqrCM77Eatr9ySWtZV5-bqgivFfzMq-CFU 20:sxevmuW7AmVBs1CkujVpZfviNx_cyLLCs5KZa2W-vHPa6tIaQ1TWMfFjBg8D 21:AB-RSTY0r6n0a5q8vcmgCJBEtvS0VzI968wTxFlr92jig8Y-ZPltV3aPiJyk 22:_w4WVM9-y3hR5bZSIEWhXG7IOsnPQXdioSat74EtGstZgEW5kqNUnz1N7bv8 23:QFjsUpC5euDpwYpR2oU397n20hcqvFN_9bwpZDf_-Yzfm0iNtKssm86lqioO 24:IEkCCLX4oicRxt8IqaX3uMQQQDc-7mYmqwyJiBLWjWwOnWwO9ljGeMlQIBVQ 25:gIvRmn0Vk7CvUtn1b9YE7hdubcaKvIAE9xqEHppCs27rAZ57EmpTINV_Wdl8 26:QJpznCkMRhsFOWcrsnvDC_-ShblSIM7jTsRYvJ53 27:IX9f8pgSK6B4a77Vh-vxfcHmA8mo8Pnc50R8KpnZ 28:_5uoVW9UzbaA_KtclZvr6Ny6jzGfPvg_5IdEdPzt 29:ITUcWpr5oaTUfV03GUIGL4fEgy-w6P82O7oXPyuN] 1:map[3:Hru2hXtYBJ0LEvhhZyB7] 2:map[4:4_jSWlOJHgao3DYGmXfxVEqD-neXPsXsTGbAZFT_WiACVRcHVzJ_AEs8qMjx] 3:map[5:7Qs3WNhdC_Xy7ku2e5YO] 4:map[6:lFVqDSzzWwLbl3rpO8tR5jJspmoBfi75NciYWGeDaHhL350aZn7rlqU7FI2-] 5:map[7:z2LVJuJMcOCsm-VAweCT] 6:map[8:25imAyinhov1A9x-2_yHk8Pq-A3_DvuSUvtv7denCbw36nmpiMlFNFC7lYL2] 7:map[9:W2k9CA3KTZbuggglJ85F] 8:map[0:4JPKOsUVfVcvncyCAj-8r3rmeT9zc5O7TF63zv6xBeNKfFJRCzVlq1gf_rNH] 9:map[1:7feyKfcAmKMj84e-Z9Qy 10:ZIo_MWLuWr11IuKrdiJ2 11:G-WdPfixCsStieX94OwO 12:96ZhhvdDDUM5xUOVYxQI 13:XE90ySoOGhjGY2lx7_n6 14:qYFp5ienKQiZmDXCokTB 15:hfoSBfHfoMGZC-E23lrs 16:w49ucCQcjPa0iUGSzwdg 17:tS93z-FyNwnLWHVevezP 18:eGx5LOeZm_ldSj2mREyz 19:TuU_Zvm4dt_Z_xRmrtr8]] seqNums:map[0:map[0:6 113871309237573403:173] 1:map[113871309237573403:34] 2:map[113871309237573403:130] 3:map[113871309237573403:36] 4:map[113871309237573403:134] 5:map[113871309237573403:38] 6:map[113871309237573403:138] 7:map[113871309237573403:40] 8:map[113871309237573403:122] 9:map[113871309237573403:50]]
2026/02/24 17:27:02 [Node:2 GID:100 isLeader:false] shardkv server listenApplyCh applyMsg:{false <nil> 92 map[] true map[] map[0:map[2:e7KLJGj9FfoEz52Hcp3HwfJEqjsqrCM77Eatr9ySWtZV5-bqgivFfzMq-CFU 20:sxevmuW7AmVBs1CkujVpZfviNx_cyLLCs5KZa2W-vHPa6tIaQ1TWMfFjBg8D 21:AB-RSTY0r6n0a5q8vcmgCJBEtvS0VzI968wTxFlr92jig8Y-ZPltV3aPiJyk 22:_w4WVM9-y3hR5bZSIEWhXG7IOsnPQXdioSat74EtGstZgEW5kqNUnz1N7bv8 23:QFjsUpC5euDpwYpR2oU397n20hcqvFN_9bwpZDf_-Yzfm0iNtKssm86lqioO 24:IEkCCLX4oicRxt8IqaX3uMQQQDc-7mYmqwyJiBLWjWwOnWwO9ljGeMlQIBVQ 25:gIvRmn0Vk7CvUtn1b9YE7hdubcaKvIAE9xqEHppCs27rAZ57EmpTINV_Wdl8 26:QJpznCkMRhsFOWcrsnvDC_-ShblSIM7jTsRYvJ53 27:IX9f8pgSK6B4a77Vh-vxfcHmA8mo8Pnc50R8KpnZ 28:_5uoVW9UzbaA_KtclZvr6Ny6jzGfPvg_5IdEdPzt 29:ITUcWpr5oaTUfV03GUIGL4fEgy-w6P82O7oXPyuN] 1:map[3:Hru2hXtYBJ0LEvhhZyB7] 2:map[4:4_jSWlOJHgao3DYGmXfxVEqD-neXPsXsTGbAZFT_WiACVRcHVzJ_AEs8qMjx] 3:map[5:7Qs3WNhdC_Xy7ku2e5YO] 4:map[6:lFVqDSzzWwLbl3rpO8tR5jJspmoBfi75NciYWGeDaHhL350aZn7rlqU7FI2-] 5:map[7:z2LVJuJMcOCsm-VAweCT] 6:map[8:25imAyinhov1A9x-2_yHk8Pq-A3_DvuSUvtv7denCbw36nmpiMlFNFC7lYL2] 7:map[9:W2k9CA3KTZbuggglJ85F] 8:map[0:4JPKOsUVfVcvncyCAj-8r3rmeT9zc5O7TF63zv6xBeNKfFJRCzVlq1gf_rNH] 9:map[1:7feyKfcAmKMj84e-Z9Qy 10:ZIo_MWLuWr11IuKrdiJ2 11:G-WdPfixCsStieX94OwO 12:96ZhhvdDDUM5xUOVYxQI 13:XE90ySoOGhjGY2lx7_n6 14:qYFp5ienKQiZmDXCokTB 15:hfoSBfHfoMGZC-E23lrs 16:w49ucCQcjPa0iUGSzwdg 17:tS93z-FyNwnLWHVevezP 18:eGx5LOeZm_ldSj2mREyz 19:TuU_Zvm4dt_Z_xRmrtr8]] map[0:map[0:6 113871309237573403:173] 1:map[113871309237573403:34] 2:map[113871309237573403:130] 3:map[113871309237573403:36] 4:map[113871309237573403:134] 5:map[113871309237573403:38] 6:map[113871309237573403:138] 7:map[113871309237573403:40] 8:map[113871309237573403:122] 9:map[113871309237573403:50]] map[0:NORMAL 1:INVALID 2:NORMAL 3:INVALID 4:NORMAL 5:INVALID 6:NORMAL 7:INVALID 8:NORMAL 9:INVALID]}
2026/02/24 17:27:02 [Node:2 GID:100 isLeader:false] shardkv server listenApplyCh load snapshot data:map[0:map[2:e7KLJGj9FfoEz52Hcp3HwfJEqjsqrCM77Eatr9ySWtZV5-bqgivFfzMq-CFU 20:sxevmuW7AmVBs1CkujVpZfviNx_cyLLCs5KZa2W-vHPa6tIaQ1TWMfFjBg8D 21:AB-RSTY0r6n0a5q8vcmgCJBEtvS0VzI968wTxFlr92jig8Y-ZPltV3aPiJyk 22:_w4WVM9-y3hR5bZSIEWhXG7IOsnPQXdioSat74EtGstZgEW5kqNUnz1N7bv8 23:QFjsUpC5euDpwYpR2oU397n20hcqvFN_9bwpZDf_-Yzfm0iNtKssm86lqioO 24:IEkCCLX4oicRxt8IqaX3uMQQQDc-7mYmqwyJiBLWjWwOnWwO9ljGeMlQIBVQ 25:gIvRmn0Vk7CvUtn1b9YE7hdubcaKvIAE9xqEHppCs27rAZ57EmpTINV_Wdl8 26:QJpznCkMRhsFOWcrsnvDC_-ShblSIM7jTsRYvJ53 27:IX9f8pgSK6B4a77Vh-vxfcHmA8mo8Pnc50R8KpnZ 28:_5uoVW9UzbaA_KtclZvr6Ny6jzGfPvg_5IdEdPzt 29:ITUcWpr5oaTUfV03GUIGL4fEgy-w6P82O7oXPyuN] 1:map[3:Hru2hXtYBJ0LEvhhZyB7] 2:map[4:4_jSWlOJHgao3DYGmXfxVEqD-neXPsXsTGbAZFT_WiACVRcHVzJ_AEs8qMjx] 3:map[5:7Qs3WNhdC_Xy7ku2e5YO] 4:map[6:lFVqDSzzWwLbl3rpO8tR5jJspmoBfi75NciYWGeDaHhL350aZn7rlqU7FI2-] 5:map[7:z2LVJuJMcOCsm-VAweCT] 6:map[8:25imAyinhov1A9x-2_yHk8Pq-A3_DvuSUvtv7denCbw36nmpiMlFNFC7lYL2] 7:map[9:W2k9CA3KTZbuggglJ85F] 8:map[0:4JPKOsUVfVcvncyCAj-8r3rmeT9zc5O7TF63zv6xBeNKfFJRCzVlq1gf_rNH] 9:map[1:7feyKfcAmKMj84e-Z9Qy 10:ZIo_MWLuWr11IuKrdiJ2 11:G-WdPfixCsStieX94OwO 12:96ZhhvdDDUM5xUOVYxQI 13:XE90ySoOGhjGY2lx7_n6 14:qYFp5ienKQiZmDXCokTB 15:hfoSBfHfoMGZC-E23lrs 16:w49ucCQcjPa0iUGSzwdg 17:tS93z-FyNwnLWHVevezP 18:eGx5LOeZm_ldSj2mREyz 19:TuU_Zvm4dt_Z_xRmrtr8]] seqNums:map[0:map[0:6 113871309237573403:173] 1:map[113871309237573403:34] 2:map[113871309237573403:130] 3:map[113871309237573403:36] 4:map[113871309237573403:134] 5:map[113871309237573403:38] 6:map[113871309237573403:138] 7:map[113871309237573403:40] 8:map[113871309237573403:122] 9:map[113871309237573403:50]]
2026/02/24 17:27:02 [Node:0 GID:100 isLeader:true] shardkv server listenApplyCh applyMsg:{true {26 f3s3GT6PCbQhL6_g7veQ APPEND 0 174 113871309237573403 {0 [0 0 0 0 0 0 0 0 0 0] map[]} map[] 0} 93 map[] false map[] map[] map[] map[]}
2026/02/24 17:27:02 [Node:0 GID:100 isLeader:true] kv server listenApplyCh op:APPEND, key:26, value:f3s3GT6PCbQhL6_g7veQ clientid:113871309237573403, 更新seqNum:174
2026/02/24 17:27:02 [Node:0 GID:100 isLeader:true] shardkv server append success key:26 value:f3s3GT6PCbQhL6_g7veQ data:map[2:e7KLJGj9FfoEz52Hcp3HwfJEqjsqrCM77Eatr9ySWtZV5-bqgivFfzMq-CFU 20:sxevmuW7AmVBs1CkujVpZfviNx_cyLLCs5KZa2W-vHPa6tIaQ1TWMfFjBg8D 21:AB-RSTY0r6n0a5q8vcmgCJBEtvS0VzI968wTxFlr92jig8Y-ZPltV3aPiJyk 22:_w4WVM9-y3hR5bZSIEWhXG7IOsnPQXdioSat74EtGstZgEW5kqNUnz1N7bv8 23:QFjsUpC5euDpwYpR2oU397n20hcqvFN_9bwpZDf_-Yzfm0iNtKssm86lqioO 24:IEkCCLX4oicRxt8IqaX3uMQQQDc-7mYmqwyJiBLWjWwOnWwO9ljGeMlQIBVQ 25:gIvRmn0Vk7CvUtn1b9YE7hdubcaKvIAE9xqEHppCs27rAZ57EmpTINV_Wdl8 26:QJpznCkMRhsFOWcrsnvDC_-ShblSIM7jTsRYvJ53f3s3GT6PCbQhL6_g7veQ 27:IX9f8pgSK6B4a77Vh-vxfcHmA8mo8Pnc50R8KpnZ 28:_5uoVW9UzbaA_KtclZvr6Ny6jzGfPvg_5IdEdPzt 29:ITUcWpr5oaTUfV03GUIGL4fEgy-w6P82O7oXPyuN]
2026/02/24 17:27:02 [Node:0 GID:100 isLeader:true] shardkv server raft repley: success op:APPEND, key:26 value:f3s3GT6PCbQhL6_g7veQ
2026/02/24 17:27:02 [Node:0 GID:100 isLeader:true] shardkv server checkGroup key:27, shard:0 shards:map[0:true 1:true 2:true 3:true 4:true 5:true 6:true 7:true 8:true 9:true]
2026/02/24 17:27:02 [Node:0 GID:100 isLeader:true] shardkv server raft command:{27  GET 0 175 113871309237573403 {0 [0 0 0 0 0 0 0 0 0 0] map[]} map[] 0}
2026/02/24 17:27:02 [Node:1 GID:100 isLeader:false] shardkv server generateSnapshotter raft state size: 591, maxraftstate: 1000
2026/02/24 17:27:02 [Node:2 GID:100 isLeader:false] shardkv server generateSnapshotter raft state size: 591, maxraftstate: 1000
2026/02/24 17:27:02 [Node:2 GID:100 isLeader:false] shardkv server listenApplyCh applyMsg:{true {26 f3s3GT6PCbQhL6_g7veQ APPEND 0 174 113871309237573403 {0 [0 0 0 0 0 0 0 0 0 0] map[]} map[] 0} 93 map[] false map[] map[] map[] map[]}
2026/02/24 17:27:02 [Node:2 GID:100 isLeader:false] kv server listenApplyCh op:APPEND, key:26, value:f3s3GT6PCbQhL6_g7veQ clientid:113871309237573403, 更新seqNum:174
2026/02/24 17:27:02 [Node:1 GID:100 isLeader:false] shardkv server listenApplyCh applyMsg:{true {26 f3s3GT6PCbQhL6_g7veQ APPEND 0 174 113871309237573403 {0 [0 0 0 0 0 0 0 0 0 0] map[]} map[] 0} 93 map[] false map[] map[] map[] map[]}
2026/02/24 17:27:02 [Node:0 GID:100 isLeader:true] shardkv server listenApplyCh applyMsg:{true {27  GET 0 175 113871309237573403 {0 [0 0 0 0 0 0 0 0 0 0] map[]} map[] 0} 94 map[] false map[] map[] map[] map[]}
2026/02/24 17:27:02 [Node:2 GID:100 isLeader:false] shardkv server append success key:26 value:f3s3GT6PCbQhL6_g7veQ data:map[2:e7KLJGj9FfoEz52Hcp3HwfJEqjsqrCM77Eatr9ySWtZV5-bqgivFfzMq-CFU 20:sxevmuW7AmVBs1CkujVpZfviNx_cyLLCs5KZa2W-vHPa6tIaQ1TWMfFjBg8D 21:AB-RSTY0r6n0a5q8vcmgCJBEtvS0VzI968wTxFlr92jig8Y-ZPltV3aPiJyk 22:_w4WVM9-y3hR5bZSIEWhXG7IOsnPQXdioSat74EtGstZgEW5kqNUnz1N7bv8 23:QFjsUpC5euDpwYpR2oU397n20hcqvFN_9bwpZDf_-Yzfm0iNtKssm86lqioO 24:IEkCCLX4oicRxt8IqaX3uMQQQDc-7mYmqwyJiBLWjWwOnWwO9ljGeMlQIBVQ 25:gIvRmn0Vk7CvUtn1b9YE7hdubcaKvIAE9xqEHppCs27rAZ57EmpTINV_Wdl8 26:QJpznCkMRhsFOWcrsnvDC_-ShblSIM7jTsRYvJ53f3s3GT6PCbQhL6_g7veQ 27:IX9f8pgSK6B4a77Vh-vxfcHmA8mo8Pnc50R8KpnZ 28:_5uoVW9UzbaA_KtclZvr6Ny6jzGfPvg_5IdEdPzt 29:ITUcWpr5oaTUfV03GUIGL4fEgy-w6P82O7oXPyuN]
2026/02/24 17:27:02 [Node:1 GID:100 isLeader:false] kv server listenApplyCh op:APPEND, key:26, value:f3s3GT6PCbQhL6_g7veQ clientid:113871309237573403, 更新seqNum:174
2026/02/24 17:27:02 [Node:1 GID:100 isLeader:false] shardkv server append success key:26 value:f3s3GT6PCbQhL6_g7veQ data:map[2:e7KLJGj9FfoEz52Hcp3HwfJEqjsqrCM77Eatr9ySWtZV5-bqgivFfzMq-CFU 20:sxevmuW7AmVBs1CkujVpZfviNx_cyLLCs5KZa2W-vHPa6tIaQ1TWMfFjBg8D 21:AB-RSTY0r6n0a5q8vcmgCJBEtvS0VzI968wTxFlr92jig8Y-ZPltV3aPiJyk 22:_w4WVM9-y3hR5bZSIEWhXG7IOsnPQXdioSat74EtGstZgEW5kqNUnz1N7bv8 23:QFjsUpC5euDpwYpR2oU397n20hcqvFN_9bwpZDf_-Yzfm0iNtKssm86lqioO 24:IEkCCLX4oicRxt8IqaX3uMQQQDc-7mYmqwyJiBLWjWwOnWwO9ljGeMlQIBVQ 25:gIvRmn0Vk7CvUtn1b9YE7hdubcaKvIAE9xqEHppCs27rAZ57EmpTINV_Wdl8 26:QJpznCkMRhsFOWcrsnvDC_-ShblSIM7jTsRYvJ53f3s3GT6PCbQhL6_g7veQ 27:IX9f8pgSK6B4a77Vh-vxfcHmA8mo8Pnc50R8KpnZ 28:_5uoVW9UzbaA_KtclZvr6Ny6jzGfPvg_5IdEdPzt 29:ITUcWpr5oaTUfV03GUIGL4fEgy-w6P82O7oXPyuN]
2026/02/24 17:27:02 [Node:0 GID:100 isLeader:true] kv server listenApplyCh op:GET, key:27, value: clientid:113871309237573403, 更新seqNum:175
2026/02/24 17:27:02 [Node:0 GID:100 isLeader:true] shardkv server raft repley: success op:GET, key:27 value:
2026/02/24 17:27:02 [Node:0 GID:100 isLeader:true] shardkv server get key:27, data:map[2:e7KLJGj9FfoEz52Hcp3HwfJEqjsqrCM77Eatr9ySWtZV5-bqgivFfzMq-CFU 20:sxevmuW7AmVBs1CkujVpZfviNx_cyLLCs5KZa2W-vHPa6tIaQ1TWMfFjBg8D 21:AB-RSTY0r6n0a5q8vcmgCJBEtvS0VzI968wTxFlr92jig8Y-ZPltV3aPiJyk 22:_w4WVM9-y3hR5bZSIEWhXG7IOsnPQXdioSat74EtGstZgEW5kqNUnz1N7bv8 23:QFjsUpC5euDpwYpR2oU397n20hcqvFN_9bwpZDf_-Yzfm0iNtKssm86lqioO 24:IEkCCLX4oicRxt8IqaX3uMQQQDc-7mYmqwyJiBLWjWwOnWwO9ljGeMlQIBVQ 25:gIvRmn0Vk7CvUtn1b9YE7hdubcaKvIAE9xqEHppCs27rAZ57EmpTINV_Wdl8 26:QJpznCkMRhsFOWcrsnvDC_-ShblSIM7jTsRYvJ53f3s3GT6PCbQhL6_g7veQ 27:IX9f8pgSK6B4a77Vh-vxfcHmA8mo8Pnc50R8KpnZ 28:_5uoVW9UzbaA_KtclZvr6Ny6jzGfPvg_5IdEdPzt 29:ITUcWpr5oaTUfV03GUIGL4fEgy-w6P82O7oXPyuN]
2026/02/24 17:27:02 [Node:0 GID:100 isLeader:true] shardkv server get key:27, value:IX9f8pgSK6B4a77Vh-vxfcHmA8mo8Pnc50R8KpnZ
2026/02/24 17:27:02 [Node:0 GID:100 isLeader:true] shardkv server checkGroup key:27, shard:0 shards:map[0:true 1:true 2:true 3:true 4:true 5:true 6:true 7:true 8:true 9:true]
2026/02/24 17:27:02 [Node:0 GID:100 isLeader:true] shardkv server raft command:{27 AkuIV5yIVGCGSEPnapdx APPEND 0 176 113871309237573403 {0 [0 0 0 0 0 0 0 0 0 0] map[]} map[] 0}
2026/02/24 17:27:02 [Node:0 GID:100 isLeader:true] shardkv server generateSnapshotter raft state size: 767, maxraftstate: 1000
2026/02/24 17:27:02 [Node:2 GID:100 isLeader:false] shardkv server listenApplyCh applyMsg:{true {27  GET 0 175 113871309237573403 {0 [0 0 0 0 0 0 0 0 0 0] map[]} map[] 0} 94 map[] false map[] map[] map[] map[]}
2026/02/24 17:27:02 [Node:1 GID:100 isLeader:false] shardkv server listenApplyCh applyMsg:{true {27  GET 0 175 113871309237573403 {0 [0 0 0 0 0 0 0 0 0 0] map[]} map[] 0} 94 map[] false map[] map[] map[] map[]}
2026/02/24 17:27:02 [Node:2 GID:100 isLeader:false] kv server listenApplyCh op:GET, key:27, value: clientid:113871309237573403, 更新seqNum:175
2026/02/24 17:27:02 [Node:0 GID:100 isLeader:true] shardkv server listenApplyCh applyMsg:{true {27 AkuIV5yIVGCGSEPnapdx APPEND 0 176 113871309237573403 {0 [0 0 0 0 0 0 0 0 0 0] map[]} map[] 0} 95 map[] false map[] map[] map[] map[]}
2026/02/24 17:27:02 [Node:1 GID:100 isLeader:false] kv server listenApplyCh op:GET, key:27, value: clientid:113871309237573403, 更新seqNum:175
2026/02/24 17:27:02 [Node:0 GID:100 isLeader:true] kv server listenApplyCh op:APPEND, key:27, value:AkuIV5yIVGCGSEPnapdx clientid:113871309237573403, 更新seqNum:176
2026/02/24 17:27:02 [Node:0 GID:100 isLeader:true] shardkv server append success key:27 value:AkuIV5yIVGCGSEPnapdx data:map[2:e7KLJGj9FfoEz52Hcp3HwfJEqjsqrCM77Eatr9ySWtZV5-bqgivFfzMq-CFU 20:sxevmuW7AmVBs1CkujVpZfviNx_cyLLCs5KZa2W-vHPa6tIaQ1TWMfFjBg8D 21:AB-RSTY0r6n0a5q8vcmgCJBEtvS0VzI968wTxFlr92jig8Y-ZPltV3aPiJyk 22:_w4WVM9-y3hR5bZSIEWhXG7IOsnPQXdioSat74EtGstZgEW5kqNUnz1N7bv8 23:QFjsUpC5euDpwYpR2oU397n20hcqvFN_9bwpZDf_-Yzfm0iNtKssm86lqioO 24:IEkCCLX4oicRxt8IqaX3uMQQQDc-7mYmqwyJiBLWjWwOnWwO9ljGeMlQIBVQ 25:gIvRmn0Vk7CvUtn1b9YE7hdubcaKvIAE9xqEHppCs27rAZ57EmpTINV_Wdl8 26:QJpznCkMRhsFOWcrsnvDC_-ShblSIM7jTsRYvJ53f3s3GT6PCbQhL6_g7veQ 27:IX9f8pgSK6B4a77Vh-vxfcHmA8mo8Pnc50R8KpnZAkuIV5yIVGCGSEPnapdx 28:_5uoVW9UzbaA_KtclZvr6Ny6jzGfPvg_5IdEdPzt 29:ITUcWpr5oaTUfV03GUIGL4fEgy-w6P82O7oXPyuN]
2026/02/24 17:27:02 [Node:0 GID:100 isLeader:true] shardkv server raft repley: success op:APPEND, key:27 value:AkuIV5yIVGCGSEPnapdx
2026/02/24 17:27:02 [Node:0 GID:100 isLeader:true] shardkv server checkGroup key:28, shard:0 shards:map[0:true 1:true 2:true 3:true 4:true 5:true 6:true 7:true 8:true 9:true]
2026/02/24 17:27:02 [Node:0 GID:100 isLeader:true] shardkv server raft command:{28  GET 0 177 113871309237573403 {0 [0 0 0 0 0 0 0 0 0 0] map[]} map[] 0}
2026/02/24 17:27:02 [Node:1 GID:100 isLeader:false] shardkv server generateSnapshotter raft state size: 767, maxraftstate: 1000
2026/02/24 17:27:02 [Node:2 GID:100 isLeader:false] shardkv server generateSnapshotter raft state size: 767, maxraftstate: 1000
2026/02/24 17:27:02 [Node:1 GID:100 isLeader:false] shardkv server listenApplyCh applyMsg:{true {27 AkuIV5yIVGCGSEPnapdx APPEND 0 176 113871309237573403 {0 [0 0 0 0 0 0 0 0 0 0] map[]} map[] 0} 95 map[] false map[] map[] map[] map[]}
2026/02/24 17:27:02 [Node:1 GID:100 isLeader:false] kv server listenApplyCh op:APPEND, key:27, value:AkuIV5yIVGCGSEPnapdx clientid:113871309237573403, 更新seqNum:176
2026/02/24 17:27:02 [Node:2 GID:100 isLeader:false] shardkv server listenApplyCh applyMsg:{true {27 AkuIV5yIVGCGSEPnapdx APPEND 0 176 113871309237573403 {0 [0 0 0 0 0 0 0 0 0 0] map[]} map[] 0} 95 map[] false map[] map[] map[] map[]}
2026/02/24 17:27:02 [Node:1 GID:100 isLeader:false] shardkv server append success key:27 value:AkuIV5yIVGCGSEPnapdx data:map[2:e7KLJGj9FfoEz52Hcp3HwfJEqjsqrCM77Eatr9ySWtZV5-bqgivFfzMq-CFU 20:sxevmuW7AmVBs1CkujVpZfviNx_cyLLCs5KZa2W-vHPa6tIaQ1TWMfFjBg8D 21:AB-RSTY0r6n0a5q8vcmgCJBEtvS0VzI968wTxFlr92jig8Y-ZPltV3aPiJyk 22:_w4WVM9-y3hR5bZSIEWhXG7IOsnPQXdioSat74EtGstZgEW5kqNUnz1N7bv8 23:QFjsUpC5euDpwYpR2oU397n20hcqvFN_9bwpZDf_-Yzfm0iNtKssm86lqioO 24:IEkCCLX4oicRxt8IqaX3uMQQQDc-7mYmqwyJiBLWjWwOnWwO9ljGeMlQIBVQ 25:gIvRmn0Vk7CvUtn1b9YE7hdubcaKvIAE9xqEHppCs27rAZ57EmpTINV_Wdl8 26:QJpznCkMRhsFOWcrsnvDC_-ShblSIM7jTsRYvJ53f3s3GT6PCbQhL6_g7veQ 27:IX9f8pgSK6B4a77Vh-vxfcHmA8mo8Pnc50R8KpnZAkuIV5yIVGCGSEPnapdx 28:_5uoVW9UzbaA_KtclZvr6Ny6jzGfPvg_5IdEdPzt 29:ITUcWpr5oaTUfV03GUIGL4fEgy-w6P82O7oXPyuN]
2026/02/24 17:27:02 [Node:2 GID:100 isLeader:false] kv server listenApplyCh op:APPEND, key:27, value:AkuIV5yIVGCGSEPnapdx clientid:113871309237573403, 更新seqNum:176
2026/02/24 17:27:02 [Node:0 GID:100 isLeader:true] shardkv server listenApplyCh applyMsg:{true {28  GET 0 177 113871309237573403 {0 [0 0 0 0 0 0 0 0 0 0] map[]} map[] 0} 96 map[] false map[] map[] map[] map[]}
2026/02/24 17:27:02 [Node:2 GID:100 isLeader:false] shardkv server append success key:27 value:AkuIV5yIVGCGSEPnapdx data:map[2:e7KLJGj9FfoEz52Hcp3HwfJEqjsqrCM77Eatr9ySWtZV5-bqgivFfzMq-CFU 20:sxevmuW7AmVBs1CkujVpZfviNx_cyLLCs5KZa2W-vHPa6tIaQ1TWMfFjBg8D 21:AB-RSTY0r6n0a5q8vcmgCJBEtvS0VzI968wTxFlr92jig8Y-ZPltV3aPiJyk 22:_w4WVM9-y3hR5bZSIEWhXG7IOsnPQXdioSat74EtGstZgEW5kqNUnz1N7bv8 23:QFjsUpC5euDpwYpR2oU397n20hcqvFN_9bwpZDf_-Yzfm0iNtKssm86lqioO 24:IEkCCLX4oicRxt8IqaX3uMQQQDc-7mYmqwyJiBLWjWwOnWwO9ljGeMlQIBVQ 25:gIvRmn0Vk7CvUtn1b9YE7hdubcaKvIAE9xqEHppCs27rAZ57EmpTINV_Wdl8 26:QJpznCkMRhsFOWcrsnvDC_-ShblSIM7jTsRYvJ53f3s3GT6PCbQhL6_g7veQ 27:IX9f8pgSK6B4a77Vh-vxfcHmA8mo8Pnc50R8KpnZAkuIV5yIVGCGSEPnapdx 28:_5uoVW9UzbaA_KtclZvr6Ny6jzGfPvg_5IdEdPzt 29:ITUcWpr5oaTUfV03GUIGL4fEgy-w6P82O7oXPyuN]
2026/02/24 17:27:02 [Node:0 GID:100 isLeader:true] kv server listenApplyCh op:GET, key:28, value: clientid:113871309237573403, 更新seqNum:177
2026/02/24 17:27:02 [Node:0 GID:100 isLeader:true] shardkv server raft repley: success op:GET, key:28 value:
2026/02/24 17:27:02 [Node:0 GID:100 isLeader:true] shardkv server get key:28, data:map[2:e7KLJGj9FfoEz52Hcp3HwfJEqjsqrCM77Eatr9ySWtZV5-bqgivFfzMq-CFU 20:sxevmuW7AmVBs1CkujVpZfviNx_cyLLCs5KZa2W-vHPa6tIaQ1TWMfFjBg8D 21:AB-RSTY0r6n0a5q8vcmgCJBEtvS0VzI968wTxFlr92jig8Y-ZPltV3aPiJyk 22:_w4WVM9-y3hR5bZSIEWhXG7IOsnPQXdioSat74EtGstZgEW5kqNUnz1N7bv8 23:QFjsUpC5euDpwYpR2oU397n20hcqvFN_9bwpZDf_-Yzfm0iNtKssm86lqioO 24:IEkCCLX4oicRxt8IqaX3uMQQQDc-7mYmqwyJiBLWjWwOnWwO9ljGeMlQIBVQ 25:gIvRmn0Vk7CvUtn1b9YE7hdubcaKvIAE9xqEHppCs27rAZ57EmpTINV_Wdl8 26:QJpznCkMRhsFOWcrsnvDC_-ShblSIM7jTsRYvJ53f3s3GT6PCbQhL6_g7veQ 27:IX9f8pgSK6B4a77Vh-vxfcHmA8mo8Pnc50R8KpnZAkuIV5yIVGCGSEPnapdx 28:_5uoVW9UzbaA_KtclZvr6Ny6jzGfPvg_5IdEdPzt 29:ITUcWpr5oaTUfV03GUIGL4fEgy-w6P82O7oXPyuN]
2026/02/24 17:27:02 [Node:0 GID:100 isLeader:true] shardkv server get key:28, value:_5uoVW9UzbaA_KtclZvr6Ny6jzGfPvg_5IdEdPzt
2026/02/24 17:27:02 [Node:0 GID:100 isLeader:true] shardkv server checkGroup key:28, shard:0 shards:map[0:true 1:true 2:true 3:true 4:true 5:true 6:true 7:true 8:true 9:true]
2026/02/24 17:27:02 [Node:0 GID:100 isLeader:true] shardkv server raft command:{28 5iuSFYAXCuXwqUSpD4fa APPEND 0 178 113871309237573403 {0 [0 0 0 0 0 0 0 0 0 0] map[]} map[] 0}
2026/02/24 17:27:02 [Node:0 GID:100 isLeader:true] shardkv server generateSnapshotter raft state size: 943, maxraftstate: 1000
2026/02/24 17:27:03 [Node:2 GID:100 isLeader:false] shardkv server listenApplyCh applyMsg:{true {28  GET 0 177 113871309237573403 {0 [0 0 0 0 0 0 0 0 0 0] map[]} map[] 0} 96 map[] false map[] map[] map[] map[]}
2026/02/24 17:27:03 [Node:1 GID:100 isLeader:false] shardkv server listenApplyCh applyMsg:{true {28  GET 0 177 113871309237573403 {0 [0 0 0 0 0 0 0 0 0 0] map[]} map[] 0} 96 map[] false map[] map[] map[] map[]}
2026/02/24 17:27:03 [Node:2 GID:100 isLeader:false] kv server listenApplyCh op:GET, key:28, value: clientid:113871309237573403, 更新seqNum:177
2026/02/24 17:27:03 [Node:0 GID:100 isLeader:true] shardkv server listenApplyCh applyMsg:{true {28 5iuSFYAXCuXwqUSpD4fa APPEND 0 178 113871309237573403 {0 [0 0 0 0 0 0 0 0 0 0] map[]} map[] 0} 97 map[] false map[] map[] map[] map[]}
2026/02/24 17:27:03 [Node:0 GID:100 isLeader:true] kv server listenApplyCh op:APPEND, key:28, value:5iuSFYAXCuXwqUSpD4fa clientid:113871309237573403, 更新seqNum:178
2026/02/24 17:27:03 [Node:1 GID:100 isLeader:false] kv server listenApplyCh op:GET, key:28, value: clientid:113871309237573403, 更新seqNum:177
2026/02/24 17:27:03 [Node:0 GID:100 isLeader:true] shardkv server append success key:28 value:5iuSFYAXCuXwqUSpD4fa data:map[2:e7KLJGj9FfoEz52Hcp3HwfJEqjsqrCM77Eatr9ySWtZV5-bqgivFfzMq-CFU 20:sxevmuW7AmVBs1CkujVpZfviNx_cyLLCs5KZa2W-vHPa6tIaQ1TWMfFjBg8D 21:AB-RSTY0r6n0a5q8vcmgCJBEtvS0VzI968wTxFlr92jig8Y-ZPltV3aPiJyk 22:_w4WVM9-y3hR5bZSIEWhXG7IOsnPQXdioSat74EtGstZgEW5kqNUnz1N7bv8 23:QFjsUpC5euDpwYpR2oU397n20hcqvFN_9bwpZDf_-Yzfm0iNtKssm86lqioO 24:IEkCCLX4oicRxt8IqaX3uMQQQDc-7mYmqwyJiBLWjWwOnWwO9ljGeMlQIBVQ 25:gIvRmn0Vk7CvUtn1b9YE7hdubcaKvIAE9xqEHppCs27rAZ57EmpTINV_Wdl8 26:QJpznCkMRhsFOWcrsnvDC_-ShblSIM7jTsRYvJ53f3s3GT6PCbQhL6_g7veQ 27:IX9f8pgSK6B4a77Vh-vxfcHmA8mo8Pnc50R8KpnZAkuIV5yIVGCGSEPnapdx 28:_5uoVW9UzbaA_KtclZvr6Ny6jzGfPvg_5IdEdPzt5iuSFYAXCuXwqUSpD4fa 29:ITUcWpr5oaTUfV03GUIGL4fEgy-w6P82O7oXPyuN]
2026/02/24 17:27:03 [Node:0 GID:100 isLeader:true] shardkv server raft repley: success op:APPEND, key:28 value:5iuSFYAXCuXwqUSpD4fa
2026/02/24 17:27:03 [Node:0 GID:100 isLeader:true] shardkv server checkGroup key:29, shard:0 shards:map[0:true 1:true 2:true 3:true 4:true 5:true 6:true 7:true 8:true 9:true]
2026/02/24 17:27:03 [Node:0 GID:100 isLeader:true] shardkv server raft command:{29  GET 0 179 113871309237573403 {0 [0 0 0 0 0 0 0 0 0 0] map[]} map[] 0}
2026/02/24 17:27:03 [Node:1 GID:100 isLeader:false] shardkv server generateSnapshotter raft state size: 943, maxraftstate: 1000
2026/02/24 17:27:03 [Node:2 GID:100 isLeader:false] shardkv server generateSnapshotter raft state size: 943, maxraftstate: 1000
2026/02/24 17:27:03 [Node:2 GID:100 isLeader:false] shardkv server listenApplyCh applyMsg:{true {28 5iuSFYAXCuXwqUSpD4fa APPEND 0 178 113871309237573403 {0 [0 0 0 0 0 0 0 0 0 0] map[]} map[] 0} 97 map[] false map[] map[] map[] map[]}
2026/02/24 17:27:03 [Node:2 GID:100 isLeader:false] kv server listenApplyCh op:APPEND, key:28, value:5iuSFYAXCuXwqUSpD4fa clientid:113871309237573403, 更新seqNum:178
2026/02/24 17:27:03 [Node:1 GID:100 isLeader:false] shardkv server listenApplyCh applyMsg:{true {28 5iuSFYAXCuXwqUSpD4fa APPEND 0 178 113871309237573403 {0 [0 0 0 0 0 0 0 0 0 0] map[]} map[] 0} 97 map[] false map[] map[] map[] map[]}
2026/02/24 17:27:03 [Node:1 GID:100 isLeader:false] kv server listenApplyCh op:APPEND, key:28, value:5iuSFYAXCuXwqUSpD4fa clientid:113871309237573403, 更新seqNum:178
2026/02/24 17:27:03 [Node:0 GID:100 isLeader:true] shardkv server listenApplyCh applyMsg:{true {29  GET 0 179 113871309237573403 {0 [0 0 0 0 0 0 0 0 0 0] map[]} map[] 0} 98 map[] false map[] map[] map[] map[]}
2026/02/24 17:27:03 [Node:0 GID:100 isLeader:true] kv server listenApplyCh op:GET, key:29, value: clientid:113871309237573403, 更新seqNum:179
2026/02/24 17:27:03 [Node:0 GID:100 isLeader:true] shardkv server raft repley: success op:GET, key:29 value:
2026/02/24 17:27:03 [Node:1 GID:100 isLeader:false] shardkv server append success key:28 value:5iuSFYAXCuXwqUSpD4fa data:map[2:e7KLJGj9FfoEz52Hcp3HwfJEqjsqrCM77Eatr9ySWtZV5-bqgivFfzMq-CFU 20:sxevmuW7AmVBs1CkujVpZfviNx_cyLLCs5KZa2W-vHPa6tIaQ1TWMfFjBg8D 21:AB-RSTY0r6n0a5q8vcmgCJBEtvS0VzI968wTxFlr92jig8Y-ZPltV3aPiJyk 22:_w4WVM9-y3hR5bZSIEWhXG7IOsnPQXdioSat74EtGstZgEW5kqNUnz1N7bv8 23:QFjsUpC5euDpwYpR2oU397n20hcqvFN_9bwpZDf_-Yzfm0iNtKssm86lqioO 24:IEkCCLX4oicRxt8IqaX3uMQQQDc-7mYmqwyJiBLWjWwOnWwO9ljGeMlQIBVQ 25:gIvRmn0Vk7CvUtn1b9YE7hdubcaKvIAE9xqEHppCs27rAZ57EmpTINV_Wdl8 26:QJpznCkMRhsFOWcrsnvDC_-ShblSIM7jTsRYvJ53f3s3GT6PCbQhL6_g7veQ 27:IX9f8pgSK6B4a77Vh-vxfcHmA8mo8Pnc50R8KpnZAkuIV5yIVGCGSEPnapdx 28:_5uoVW9UzbaA_KtclZvr6Ny6jzGfPvg_5IdEdPzt5iuSFYAXCuXwqUSpD4fa 29:ITUcWpr5oaTUfV03GUIGL4fEgy-w6P82O7oXPyuN]
2026/02/24 17:27:03 [Node:2 GID:100 isLeader:false] shardkv server append success key:28 value:5iuSFYAXCuXwqUSpD4fa data:map[2:e7KLJGj9FfoEz52Hcp3HwfJEqjsqrCM77Eatr9ySWtZV5-bqgivFfzMq-CFU 20:sxevmuW7AmVBs1CkujVpZfviNx_cyLLCs5KZa2W-vHPa6tIaQ1TWMfFjBg8D 21:AB-RSTY0r6n0a5q8vcmgCJBEtvS0VzI968wTxFlr92jig8Y-ZPltV3aPiJyk 22:_w4WVM9-y3hR5bZSIEWhXG7IOsnPQXdioSat74EtGstZgEW5kqNUnz1N7bv8 23:QFjsUpC5euDpwYpR2oU397n20hcqvFN_9bwpZDf_-Yzfm0iNtKssm86lqioO 24:IEkCCLX4oicRxt8IqaX3uMQQQDc-7mYmqwyJiBLWjWwOnWwO9ljGeMlQIBVQ 25:gIvRmn0Vk7CvUtn1b9YE7hdubcaKvIAE9xqEHppCs27rAZ57EmpTINV_Wdl8 26:QJpznCkMRhsFOWcrsnvDC_-ShblSIM7jTsRYvJ53f3s3GT6PCbQhL6_g7veQ 27:IX9f8pgSK6B4a77Vh-vxfcHmA8mo8Pnc50R8KpnZAkuIV5yIVGCGSEPnapdx 28:_5uoVW9UzbaA_KtclZvr6Ny6jzGfPvg_5IdEdPzt5iuSFYAXCuXwqUSpD4fa 29:ITUcWpr5oaTUfV03GUIGL4fEgy-w6P82O7oXPyuN]
2026/02/24 17:27:03 [Node:0 GID:100 isLeader:true] shardkv server get key:29, data:map[2:e7KLJGj9FfoEz52Hcp3HwfJEqjsqrCM77Eatr9ySWtZV5-bqgivFfzMq-CFU 20:sxevmuW7AmVBs1CkujVpZfviNx_cyLLCs5KZa2W-vHPa6tIaQ1TWMfFjBg8D 21:AB-RSTY0r6n0a5q8vcmgCJBEtvS0VzI968wTxFlr92jig8Y-ZPltV3aPiJyk 22:_w4WVM9-y3hR5bZSIEWhXG7IOsnPQXdioSat74EtGstZgEW5kqNUnz1N7bv8 23:QFjsUpC5euDpwYpR2oU397n20hcqvFN_9bwpZDf_-Yzfm0iNtKssm86lqioO 24:IEkCCLX4oicRxt8IqaX3uMQQQDc-7mYmqwyJiBLWjWwOnWwO9ljGeMlQIBVQ 25:gIvRmn0Vk7CvUtn1b9YE7hdubcaKvIAE9xqEHppCs27rAZ57EmpTINV_Wdl8 26:QJpznCkMRhsFOWcrsnvDC_-ShblSIM7jTsRYvJ53f3s3GT6PCbQhL6_g7veQ 27:IX9f8pgSK6B4a77Vh-vxfcHmA8mo8Pnc50R8KpnZAkuIV5yIVGCGSEPnapdx 28:_5uoVW9UzbaA_KtclZvr6Ny6jzGfPvg_5IdEdPzt5iuSFYAXCuXwqUSpD4fa 29:ITUcWpr5oaTUfV03GUIGL4fEgy-w6P82O7oXPyuN]
2026/02/24 17:27:03 [Node:0 GID:100 isLeader:true] shardkv server get key:29, value:ITUcWpr5oaTUfV03GUIGL4fEgy-w6P82O7oXPyuN
2026/02/24 17:27:03 [Node:0 GID:100 isLeader:true] shardkv server checkGroup key:29, shard:0 shards:map[0:true 1:true 2:true 3:true 4:true 5:true 6:true 7:true 8:true 9:true]
2026/02/24 17:27:03 [Node:0 GID:100 isLeader:true] shardkv server raft command:{29 RaNWYqb0zlauvBOb3Qdi APPEND 0 180 113871309237573403 {0 [0 0 0 0 0 0 0 0 0 0] map[]} map[] 0}
2026/02/24 17:27:03 [Node:0 GID:100 isLeader:true] shardkv server generateSnapshotter raft state size: 1118, maxraftstate: 1000
2026/02/24 17:27:03 [Node:0 GID:100 isLeader:true] shardkv server generateSnapshotter start data:map[0:map[2:e7KLJGj9FfoEz52Hcp3HwfJEqjsqrCM77Eatr9ySWtZV5-bqgivFfzMq-CFU 20:sxevmuW7AmVBs1CkujVpZfviNx_cyLLCs5KZa2W-vHPa6tIaQ1TWMfFjBg8D 21:AB-RSTY0r6n0a5q8vcmgCJBEtvS0VzI968wTxFlr92jig8Y-ZPltV3aPiJyk 22:_w4WVM9-y3hR5bZSIEWhXG7IOsnPQXdioSat74EtGstZgEW5kqNUnz1N7bv8 23:QFjsUpC5euDpwYpR2oU397n20hcqvFN_9bwpZDf_-Yzfm0iNtKssm86lqioO 24:IEkCCLX4oicRxt8IqaX3uMQQQDc-7mYmqwyJiBLWjWwOnWwO9ljGeMlQIBVQ 25:gIvRmn0Vk7CvUtn1b9YE7hdubcaKvIAE9xqEHppCs27rAZ57EmpTINV_Wdl8 26:QJpznCkMRhsFOWcrsnvDC_-ShblSIM7jTsRYvJ53f3s3GT6PCbQhL6_g7veQ 27:IX9f8pgSK6B4a77Vh-vxfcHmA8mo8Pnc50R8KpnZAkuIV5yIVGCGSEPnapdx 28:_5uoVW9UzbaA_KtclZvr6Ny6jzGfPvg_5IdEdPzt5iuSFYAXCuXwqUSpD4fa 29:ITUcWpr5oaTUfV03GUIGL4fEgy-w6P82O7oXPyuN] 1:map[3:Hru2hXtYBJ0LEvhhZyB7] 2:map[4:4_jSWlOJHgao3DYGmXfxVEqD-neXPsXsTGbAZFT_WiACVRcHVzJ_AEs8qMjx] 3:map[5:7Qs3WNhdC_Xy7ku2e5YO] 4:map[6:lFVqDSzzWwLbl3rpO8tR5jJspmoBfi75NciYWGeDaHhL350aZn7rlqU7FI2-] 5:map[7:z2LVJuJMcOCsm-VAweCT] 6:map[8:25imAyinhov1A9x-2_yHk8Pq-A3_DvuSUvtv7denCbw36nmpiMlFNFC7lYL2] 7:map[9:W2k9CA3KTZbuggglJ85F] 8:map[0:4JPKOsUVfVcvncyCAj-8r3rmeT9zc5O7TF63zv6xBeNKfFJRCzVlq1gf_rNH] 9:map[1:7feyKfcAmKMj84e-Z9Qy 10:ZIo_MWLuWr11IuKrdiJ2 11:G-WdPfixCsStieX94OwO 12:96ZhhvdDDUM5xUOVYxQI 13:XE90ySoOGhjGY2lx7_n6 14:qYFp5ienKQiZmDXCokTB 15:hfoSBfHfoMGZC-E23lrs 16:w49ucCQcjPa0iUGSzwdg 17:tS93z-FyNwnLWHVevezP 18:eGx5LOeZm_ldSj2mREyz 19:TuU_Zvm4dt_Z_xRmrtr8]]
2026/02/24 17:27:03 [Node:1 GID:100 isLeader:false] shardkv server listenApplyCh applyMsg:{false <nil> 98 map[] true map[] map[0:map[2:e7KLJGj9FfoEz52Hcp3HwfJEqjsqrCM77Eatr9ySWtZV5-bqgivFfzMq-CFU 20:sxevmuW7AmVBs1CkujVpZfviNx_cyLLCs5KZa2W-vHPa6tIaQ1TWMfFjBg8D 21:AB-RSTY0r6n0a5q8vcmgCJBEtvS0VzI968wTxFlr92jig8Y-ZPltV3aPiJyk 22:_w4WVM9-y3hR5bZSIEWhXG7IOsnPQXdioSat74EtGstZgEW5kqNUnz1N7bv8 23:QFjsUpC5euDpwYpR2oU397n20hcqvFN_9bwpZDf_-Yzfm0iNtKssm86lqioO 24:IEkCCLX4oicRxt8IqaX3uMQQQDc-7mYmqwyJiBLWjWwOnWwO9ljGeMlQIBVQ 25:gIvRmn0Vk7CvUtn1b9YE7hdubcaKvIAE9xqEHppCs27rAZ57EmpTINV_Wdl8 26:QJpznCkMRhsFOWcrsnvDC_-ShblSIM7jTsRYvJ53f3s3GT6PCbQhL6_g7veQ 27:IX9f8pgSK6B4a77Vh-vxfcHmA8mo8Pnc50R8KpnZAkuIV5yIVGCGSEPnapdx 28:_5uoVW9UzbaA_KtclZvr6Ny6jzGfPvg_5IdEdPzt5iuSFYAXCuXwqUSpD4fa 29:ITUcWpr5oaTUfV03GUIGL4fEgy-w6P82O7oXPyuN] 1:map[3:Hru2hXtYBJ0LEvhhZyB7] 2:map[4:4_jSWlOJHgao3DYGmXfxVEqD-neXPsXsTGbAZFT_WiACVRcHVzJ_AEs8qMjx] 3:map[5:7Qs3WNhdC_Xy7ku2e5YO] 4:map[6:lFVqDSzzWwLbl3rpO8tR5jJspmoBfi75NciYWGeDaHhL350aZn7rlqU7FI2-] 5:map[7:z2LVJuJMcOCsm-VAweCT] 6:map[8:25imAyinhov1A9x-2_yHk8Pq-A3_DvuSUvtv7denCbw36nmpiMlFNFC7lYL2] 7:map[9:W2k9CA3KTZbuggglJ85F] 8:map[0:4JPKOsUVfVcvncyCAj-8r3rmeT9zc5O7TF63zv6xBeNKfFJRCzVlq1gf_rNH] 9:map[1:7feyKfcAmKMj84e-Z9Qy 10:ZIo_MWLuWr11IuKrdiJ2 11:G-WdPfixCsStieX94OwO 12:96ZhhvdDDUM5xUOVYxQI 13:XE90ySoOGhjGY2lx7_n6 14:qYFp5ienKQiZmDXCokTB 15:hfoSBfHfoMGZC-E23lrs 16:w49ucCQcjPa0iUGSzwdg 17:tS93z-FyNwnLWHVevezP 18:eGx5LOeZm_ldSj2mREyz 19:TuU_Zvm4dt_Z_xRmrtr8]] map[0:map[0:6 113871309237573403:179] 1:map[113871309237573403:34] 2:map[113871309237573403:130] 3:map[113871309237573403:36] 4:map[113871309237573403:134] 5:map[113871309237573403:38] 6:map[113871309237573403:138] 7:map[113871309237573403:40] 8:map[113871309237573403:122] 9:map[113871309237573403:50]] map[0:NORMAL 1:INVALID 2:NORMAL 3:INVALID 4:NORMAL 5:INVALID 6:NORMAL 7:INVALID 8:NORMAL 9:INVALID]}
2026/02/24 17:27:03 [Node:1 GID:100 isLeader:false] shardkv server listenApplyCh load snapshot data:map[0:map[2:e7KLJGj9FfoEz52Hcp3HwfJEqjsqrCM77Eatr9ySWtZV5-bqgivFfzMq-CFU 20:sxevmuW7AmVBs1CkujVpZfviNx_cyLLCs5KZa2W-vHPa6tIaQ1TWMfFjBg8D 21:AB-RSTY0r6n0a5q8vcmgCJBEtvS0VzI968wTxFlr92jig8Y-ZPltV3aPiJyk 22:_w4WVM9-y3hR5bZSIEWhXG7IOsnPQXdioSat74EtGstZgEW5kqNUnz1N7bv8 23:QFjsUpC5euDpwYpR2oU397n20hcqvFN_9bwpZDf_-Yzfm0iNtKssm86lqioO 24:IEkCCLX4oicRxt8IqaX3uMQQQDc-7mYmqwyJiBLWjWwOnWwO9ljGeMlQIBVQ 25:gIvRmn0Vk7CvUtn1b9YE7hdubcaKvIAE9xqEHppCs27rAZ57EmpTINV_Wdl8 26:QJpznCkMRhsFOWcrsnvDC_-ShblSIM7jTsRYvJ53f3s3GT6PCbQhL6_g7veQ 27:IX9f8pgSK6B4a77Vh-vxfcHmA8mo8Pnc50R8KpnZAkuIV5yIVGCGSEPnapdx 28:_5uoVW9UzbaA_KtclZvr6Ny6jzGfPvg_5IdEdPzt5iuSFYAXCuXwqUSpD4fa 29:ITUcWpr5oaTUfV03GUIGL4fEgy-w6P82O7oXPyuN] 1:map[3:Hru2hXtYBJ0LEvhhZyB7] 2:map[4:4_jSWlOJHgao3DYGmXfxVEqD-neXPsXsTGbAZFT_WiACVRcHVzJ_AEs8qMjx] 3:map[5:7Qs3WNhdC_Xy7ku2e5YO] 4:map[6:lFVqDSzzWwLbl3rpO8tR5jJspmoBfi75NciYWGeDaHhL350aZn7rlqU7FI2-] 5:map[7:z2LVJuJMcOCsm-VAweCT] 6:map[8:25imAyinhov1A9x-2_yHk8Pq-A3_DvuSUvtv7denCbw36nmpiMlFNFC7lYL2] 7:map[9:W2k9CA3KTZbuggglJ85F] 8:map[0:4JPKOsUVfVcvncyCAj-8r3rmeT9zc5O7TF63zv6xBeNKfFJRCzVlq1gf_rNH] 9:map[1:7feyKfcAmKMj84e-Z9Qy 10:ZIo_MWLuWr11IuKrdiJ2 11:G-WdPfixCsStieX94OwO 12:96ZhhvdDDUM5xUOVYxQI 13:XE90ySoOGhjGY2lx7_n6 14:qYFp5ienKQiZmDXCokTB 15:hfoSBfHfoMGZC-E23lrs 16:w49ucCQcjPa0iUGSzwdg 17:tS93z-FyNwnLWHVevezP 18:eGx5LOeZm_ldSj2mREyz 19:TuU_Zvm4dt_Z_xRmrtr8]] seqNums:map[0:map[0:6 113871309237573403:179] 1:map[113871309237573403:34] 2:map[113871309237573403:130] 3:map[113871309237573403:36] 4:map[113871309237573403:134] 5:map[113871309237573403:38] 6:map[113871309237573403:138] 7:map[113871309237573403:40] 8:map[113871309237573403:122] 9:map[113871309237573403:50]]
2026/02/24 17:27:03 [Node:2 GID:100 isLeader:false] shardkv server listenApplyCh applyMsg:{false <nil> 98 map[] true map[] map[0:map[2:e7KLJGj9FfoEz52Hcp3HwfJEqjsqrCM77Eatr9ySWtZV5-bqgivFfzMq-CFU 20:sxevmuW7AmVBs1CkujVpZfviNx_cyLLCs5KZa2W-vHPa6tIaQ1TWMfFjBg8D 21:AB-RSTY0r6n0a5q8vcmgCJBEtvS0VzI968wTxFlr92jig8Y-ZPltV3aPiJyk 22:_w4WVM9-y3hR5bZSIEWhXG7IOsnPQXdioSat74EtGstZgEW5kqNUnz1N7bv8 23:QFjsUpC5euDpwYpR2oU397n20hcqvFN_9bwpZDf_-Yzfm0iNtKssm86lqioO 24:IEkCCLX4oicRxt8IqaX3uMQQQDc-7mYmqwyJiBLWjWwOnWwO9ljGeMlQIBVQ 25:gIvRmn0Vk7CvUtn1b9YE7hdubcaKvIAE9xqEHppCs27rAZ57EmpTINV_Wdl8 26:QJpznCkMRhsFOWcrsnvDC_-ShblSIM7jTsRYvJ53f3s3GT6PCbQhL6_g7veQ 27:IX9f8pgSK6B4a77Vh-vxfcHmA8mo8Pnc50R8KpnZAkuIV5yIVGCGSEPnapdx 28:_5uoVW9UzbaA_KtclZvr6Ny6jzGfPvg_5IdEdPzt5iuSFYAXCuXwqUSpD4fa 29:ITUcWpr5oaTUfV03GUIGL4fEgy-w6P82O7oXPyuN] 1:map[3:Hru2hXtYBJ0LEvhhZyB7] 2:map[4:4_jSWlOJHgao3DYGmXfxVEqD-neXPsXsTGbAZFT_WiACVRcHVzJ_AEs8qMjx] 3:map[5:7Qs3WNhdC_Xy7ku2e5YO] 4:map[6:lFVqDSzzWwLbl3rpO8tR5jJspmoBfi75NciYWGeDaHhL350aZn7rlqU7FI2-] 5:map[7:z2LVJuJMcOCsm-VAweCT] 6:map[8:25imAyinhov1A9x-2_yHk8Pq-A3_DvuSUvtv7denCbw36nmpiMlFNFC7lYL2] 7:map[9:W2k9CA3KTZbuggglJ85F] 8:map[0:4JPKOsUVfVcvncyCAj-8r3rmeT9zc5O7TF63zv6xBeNKfFJRCzVlq1gf_rNH] 9:map[1:7feyKfcAmKMj84e-Z9Qy 10:ZIo_MWLuWr11IuKrdiJ2 11:G-WdPfixCsStieX94OwO 12:96ZhhvdDDUM5xUOVYxQI 13:XE90ySoOGhjGY2lx7_n6 14:qYFp5ienKQiZmDXCokTB 15:hfoSBfHfoMGZC-E23lrs 16:w49ucCQcjPa0iUGSzwdg 17:tS93z-FyNwnLWHVevezP 18:eGx5LOeZm_ldSj2mREyz 19:TuU_Zvm4dt_Z_xRmrtr8]] map[0:map[0:6 113871309237573403:179] 1:map[113871309237573403:34] 2:map[113871309237573403:130] 3:map[113871309237573403:36] 4:map[113871309237573403:134] 5:map[113871309237573403:38] 6:map[113871309237573403:138] 7:map[113871309237573403:40] 8:map[113871309237573403:122] 9:map[113871309237573403:50]] map[0:NORMAL 1:INVALID 2:NORMAL 3:INVALID 4:NORMAL 5:INVALID 6:NORMAL 7:INVALID 8:NORMAL 9:INVALID]}
2026/02/24 17:27:03 [Node:2 GID:100 isLeader:false] shardkv server listenApplyCh load snapshot data:map[0:map[2:e7KLJGj9FfoEz52Hcp3HwfJEqjsqrCM77Eatr9ySWtZV5-bqgivFfzMq-CFU 20:sxevmuW7AmVBs1CkujVpZfviNx_cyLLCs5KZa2W-vHPa6tIaQ1TWMfFjBg8D 21:AB-RSTY0r6n0a5q8vcmgCJBEtvS0VzI968wTxFlr92jig8Y-ZPltV3aPiJyk 22:_w4WVM9-y3hR5bZSIEWhXG7IOsnPQXdioSat74EtGstZgEW5kqNUnz1N7bv8 23:QFjsUpC5euDpwYpR2oU397n20hcqvFN_9bwpZDf_-Yzfm0iNtKssm86lqioO 24:IEkCCLX4oicRxt8IqaX3uMQQQDc-7mYmqwyJiBLWjWwOnWwO9ljGeMlQIBVQ 25:gIvRmn0Vk7CvUtn1b9YE7hdubcaKvIAE9xqEHppCs27rAZ57EmpTINV_Wdl8 26:QJpznCkMRhsFOWcrsnvDC_-ShblSIM7jTsRYvJ53f3s3GT6PCbQhL6_g7veQ 27:IX9f8pgSK6B4a77Vh-vxfcHmA8mo8Pnc50R8KpnZAkuIV5yIVGCGSEPnapdx 28:_5uoVW9UzbaA_KtclZvr6Ny6jzGfPvg_5IdEdPzt5iuSFYAXCuXwqUSpD4fa 29:ITUcWpr5oaTUfV03GUIGL4fEgy-w6P82O7oXPyuN] 1:map[3:Hru2hXtYBJ0LEvhhZyB7] 2:map[4:4_jSWlOJHgao3DYGmXfxVEqD-neXPsXsTGbAZFT_WiACVRcHVzJ_AEs8qMjx] 3:map[5:7Qs3WNhdC_Xy7ku2e5YO] 4:map[6:lFVqDSzzWwLbl3rpO8tR5jJspmoBfi75NciYWGeDaHhL350aZn7rlqU7FI2-] 5:map[7:z2LVJuJMcOCsm-VAweCT] 6:map[8:25imAyinhov1A9x-2_yHk8Pq-A3_DvuSUvtv7denCbw36nmpiMlFNFC7lYL2] 7:map[9:W2k9CA3KTZbuggglJ85F] 8:map[0:4JPKOsUVfVcvncyCAj-8r3rmeT9zc5O7TF63zv6xBeNKfFJRCzVlq1gf_rNH] 9:map[1:7feyKfcAmKMj84e-Z9Qy 10:ZIo_MWLuWr11IuKrdiJ2 11:G-WdPfixCsStieX94OwO 12:96ZhhvdDDUM5xUOVYxQI 13:XE90ySoOGhjGY2lx7_n6 14:qYFp5ienKQiZmDXCokTB 15:hfoSBfHfoMGZC-E23lrs 16:w49ucCQcjPa0iUGSzwdg 17:tS93z-FyNwnLWHVevezP 18:eGx5LOeZm_ldSj2mREyz 19:TuU_Zvm4dt_Z_xRmrtr8]] seqNums:map[0:map[0:6 113871309237573403:179] 1:map[113871309237573403:34] 2:map[113871309237573403:130] 3:map[113871309237573403:36] 4:map[113871309237573403:134] 5:map[113871309237573403:38] 6:map[113871309237573403:138] 7:map[113871309237573403:40] 8:map[113871309237573403:122] 9:map[113871309237573403:50]]
2026/02/24 17:27:03 [Node:0 GID:100 isLeader:true] shardkv server listenApplyCh applyMsg:{true {29 RaNWYqb0zlauvBOb3Qdi APPEND 0 180 113871309237573403 {0 [0 0 0 0 0 0 0 0 0 0] map[]} map[] 0} 99 map[] false map[] map[] map[] map[]}
2026/02/24 17:27:03 [Node:0 GID:100 isLeader:true] kv server listenApplyCh op:APPEND, key:29, value:RaNWYqb0zlauvBOb3Qdi clientid:113871309237573403, 更新seqNum:180
2026/02/24 17:27:03 [Node:0 GID:100 isLeader:true] shardkv server append success key:29 value:RaNWYqb0zlauvBOb3Qdi data:map[2:e7KLJGj9FfoEz52Hcp3HwfJEqjsqrCM77Eatr9ySWtZV5-bqgivFfzMq-CFU 20:sxevmuW7AmVBs1CkujVpZfviNx_cyLLCs5KZa2W-vHPa6tIaQ1TWMfFjBg8D 21:AB-RSTY0r6n0a5q8vcmgCJBEtvS0VzI968wTxFlr92jig8Y-ZPltV3aPiJyk 22:_w4WVM9-y3hR5bZSIEWhXG7IOsnPQXdioSat74EtGstZgEW5kqNUnz1N7bv8 23:QFjsUpC5euDpwYpR2oU397n20hcqvFN_9bwpZDf_-Yzfm0iNtKssm86lqioO 24:IEkCCLX4oicRxt8IqaX3uMQQQDc-7mYmqwyJiBLWjWwOnWwO9ljGeMlQIBVQ 25:gIvRmn0Vk7CvUtn1b9YE7hdubcaKvIAE9xqEHppCs27rAZ57EmpTINV_Wdl8 26:QJpznCkMRhsFOWcrsnvDC_-ShblSIM7jTsRYvJ53f3s3GT6PCbQhL6_g7veQ 27:IX9f8pgSK6B4a77Vh-vxfcHmA8mo8Pnc50R8KpnZAkuIV5yIVGCGSEPnapdx 28:_5uoVW9UzbaA_KtclZvr6Ny6jzGfPvg_5IdEdPzt5iuSFYAXCuXwqUSpD4fa 29:ITUcWpr5oaTUfV03GUIGL4fEgy-w6P82O7oXPyuNRaNWYqb0zlauvBOb3Qdi]
2026/02/24 17:27:03 [Node:0 GID:100 isLeader:true] shardkv server raft repley: success op:APPEND, key:29 value:RaNWYqb0zlauvBOb3Qdi
2026/02/24 17:27:03 [Node:1 GID:100 isLeader:false] shardkv server generateSnapshotter raft state size: 591, maxraftstate: 1000
2026/02/24 17:27:03 [Node:2 GID:100 isLeader:false] shardkv server generateSnapshotter raft state size: 591, maxraftstate: 1000
2026/02/24 17:27:03 [Node:1 GID:100 isLeader:false] shardkv server listenApplyCh applyMsg:{true {29 RaNWYqb0zlauvBOb3Qdi APPEND 0 180 113871309237573403 {0 [0 0 0 0 0 0 0 0 0 0] map[]} map[] 0} 99 map[] false map[] map[] map[] map[]}
2026/02/24 17:27:03 [Node:2 GID:100 isLeader:false] shardkv server listenApplyCh applyMsg:{true {29 RaNWYqb0zlauvBOb3Qdi APPEND 0 180 113871309237573403 {0 [0 0 0 0 0 0 0 0 0 0] map[]} map[] 0} 99 map[] false map[] map[] map[] map[]}
2026/02/24 17:27:03 [Node:2 GID:100 isLeader:false] kv server listenApplyCh op:APPEND, key:29, value:RaNWYqb0zlauvBOb3Qdi clientid:113871309237573403, 更新seqNum:180
2026/02/24 17:27:03 [Node:2 GID:100 isLeader:false] shardkv server append success key:29 value:RaNWYqb0zlauvBOb3Qdi data:map[2:e7KLJGj9FfoEz52Hcp3HwfJEqjsqrCM77Eatr9ySWtZV5-bqgivFfzMq-CFU 20:sxevmuW7AmVBs1CkujVpZfviNx_cyLLCs5KZa2W-vHPa6tIaQ1TWMfFjBg8D 21:AB-RSTY0r6n0a5q8vcmgCJBEtvS0VzI968wTxFlr92jig8Y-ZPltV3aPiJyk 22:_w4WVM9-y3hR5bZSIEWhXG7IOsnPQXdioSat74EtGstZgEW5kqNUnz1N7bv8 23:QFjsUpC5euDpwYpR2oU397n20hcqvFN_9bwpZDf_-Yzfm0iNtKssm86lqioO 24:IEkCCLX4oicRxt8IqaX3uMQQQDc-7mYmqwyJiBLWjWwOnWwO9ljGeMlQIBVQ 25:gIvRmn0Vk7CvUtn1b9YE7hdubcaKvIAE9xqEHppCs27rAZ57EmpTINV_Wdl8 26:QJpznCkMRhsFOWcrsnvDC_-ShblSIM7jTsRYvJ53f3s3GT6PCbQhL6_g7veQ 27:IX9f8pgSK6B4a77Vh-vxfcHmA8mo8Pnc50R8KpnZAkuIV5yIVGCGSEPnapdx 28:_5uoVW9UzbaA_KtclZvr6Ny6jzGfPvg_5IdEdPzt5iuSFYAXCuXwqUSpD4fa 29:ITUcWpr5oaTUfV03GUIGL4fEgy-w6P82O7oXPyuNRaNWYqb0zlauvBOb3Qdi]
2026/02/24 17:27:03 [Node:1 GID:100 isLeader:false] kv server listenApplyCh op:APPEND, key:29, value:RaNWYqb0zlauvBOb3Qdi clientid:113871309237573403, 更新seqNum:180
2026/02/24 17:27:03 [Node:1 GID:100 isLeader:false] shardkv server append success key:29 value:RaNWYqb0zlauvBOb3Qdi data:map[2:e7KLJGj9FfoEz52Hcp3HwfJEqjsqrCM77Eatr9ySWtZV5-bqgivFfzMq-CFU 20:sxevmuW7AmVBs1CkujVpZfviNx_cyLLCs5KZa2W-vHPa6tIaQ1TWMfFjBg8D 21:AB-RSTY0r6n0a5q8vcmgCJBEtvS0VzI968wTxFlr92jig8Y-ZPltV3aPiJyk 22:_w4WVM9-y3hR5bZSIEWhXG7IOsnPQXdioSat74EtGstZgEW5kqNUnz1N7bv8 23:QFjsUpC5euDpwYpR2oU397n20hcqvFN_9bwpZDf_-Yzfm0iNtKssm86lqioO 24:IEkCCLX4oicRxt8IqaX3uMQQQDc-7mYmqwyJiBLWjWwOnWwO9ljGeMlQIBVQ 25:gIvRmn0Vk7CvUtn1b9YE7hdubcaKvIAE9xqEHppCs27rAZ57EmpTINV_Wdl8 26:QJpznCkMRhsFOWcrsnvDC_-ShblSIM7jTsRYvJ53f3s3GT6PCbQhL6_g7veQ 27:IX9f8pgSK6B4a77Vh-vxfcHmA8mo8Pnc50R8KpnZAkuIV5yIVGCGSEPnapdx 28:_5uoVW9UzbaA_KtclZvr6Ny6jzGfPvg_5IdEdPzt5iuSFYAXCuXwqUSpD4fa 29:ITUcWpr5oaTUfV03GUIGL4fEgy-w6P82O7oXPyuNRaNWYqb0zlauvBOb3Qdi]
2026/02/24 17:27:03 [Node:0 GID:100 isLeader:true] shardkv server generateSnapshotter raft state size: 591, maxraftstate: 1000
2026/02/24 17:27:03 [Node:2 GID:100 isLeader:false] shardkv server generateSnapshotter raft state size: 591, maxraftstate: 1000
2026/02/24 17:27:03 [Node:1 GID:100 isLeader:false] shardkv server generateSnapshotter raft state size: 591, maxraftstate: 1000
2026/02/24 17:27:03 [Node:0 GID:100 isLeader:true] shardkv server generateSnapshotter raft state size: 591, maxraftstate: 1000
2026/02/24 17:27:03 [Node:2 GID:100 isLeader:false] shardkv server generateSnapshotter raft state size: 591, maxraftstate: 1000
2026/02/24 17:27:03 [Node:1 GID:100 isLeader:false] shardkv server generateSnapshotter raft state size: 591, maxraftstate: 1000
2026/02/24 17:27:03 [Node:0 GID:100 isLeader:true] shardkv server generateSnapshotter raft state size: 591, maxraftstate: 1000
2026/02/24 17:27:03 [Node:1 GID:100 isLeader:false] shardkv server generateSnapshotter raft state size: 591, maxraftstate: 1000
2026/02/24 17:27:03 [Node:2 GID:100 isLeader:false] shardkv server generateSnapshotter raft state size: 591, maxraftstate: 1000
2026/02/24 17:27:03 [Node:0 GID:100 isLeader:true] shardkv server generateSnapshotter raft state size: 591, maxraftstate: 1000
2026/02/24 17:27:03 [Node:2 GID:100 isLeader:false] shardkv server generateSnapshotter raft state size: 591, maxraftstate: 1000
2026/02/24 17:27:03 [Node:1 GID:100 isLeader:false] shardkv server generateSnapshotter raft state size: 591, maxraftstate: 1000
2026/02/24 17:27:03 [Node:0 GID:100 isLeader:true] shardkv server generateSnapshotter raft state size: 591, maxraftstate: 1000
2026/02/24 17:27:03 [Node:2 GID:100 isLeader:false] shardkv server generateSnapshotter raft state size: 591, maxraftstate: 1000
2026/02/24 17:27:03 [Node:1 GID:100 isLeader:false] shardkv server generateSnapshotter raft state size: 591, maxraftstate: 1000
2026/02/24 17:27:03 [Node:0 GID:100 isLeader:true] shardkv server generateSnapshotter raft state size: 591, maxraftstate: 1000
2026/02/24 17:27:03 [Node:1 GID:100 isLeader:false] shardkv server generateSnapshotter raft state size: 591, maxraftstate: 1000
2026/02/24 17:27:03 [Node:2 GID:100 isLeader:false] shardkv server generateSnapshotter raft state size: 591, maxraftstate: 1000
2026/02/24 17:27:03 [Node:0 GID:100 isLeader:true] shardkv server generateSnapshotter raft state size: 591, maxraftstate: 1000
2026/02/24 17:27:03 [Node:2 GID:100 isLeader:false] shardkv server generateSnapshotter raft state size: 591, maxraftstate: 1000
2026/02/24 17:27:03 [Node:1 GID:100 isLeader:false] shardkv server generateSnapshotter raft state size: 591, maxraftstate: 1000
2026/02/24 17:27:03 [Node:0 GID:100 isLeader:true] shardkv server generateSnapshotter raft state size: 591, maxraftstate: 1000
2026/02/24 17:27:03 [Node:2 GID:100 isLeader:false] shardkv server generateSnapshotter raft state size: 591, maxraftstate: 1000
2026/02/24 17:27:03 [Node:1 GID:100 isLeader:false] shardkv server generateSnapshotter raft state size: 591, maxraftstate: 1000
2026/02/24 17:27:03 [Node:0 GID:100 isLeader:true] shardkv server generateSnapshotter raft state size: 591, maxraftstate: 1000
2026/02/24 17:27:04 [Node:1 GID:100 isLeader:false] shardkv server generateSnapshotter raft state size: 591, maxraftstate: 1000
2026/02/24 17:27:04 [Node:2 GID:100 isLeader:false] shardkv server generateSnapshotter raft state size: 591, maxraftstate: 1000
2026/02/24 17:27:04 [Node:0 GID:100 isLeader:true] shardkv server generateSnapshotter raft state size: 591, maxraftstate: 1000
2026/02/24 17:27:04 [Node:0 GID:100 isLeader:true] shardkv server checkGroup key:0, shard:8 shards:map[0:true 1:true 2:true 3:true 4:true 5:true 6:true 7:true 8:true 9:true]
2026/02/24 17:27:04 [Node:0 GID:100 isLeader:true] shardkv server raft command:{0  GET 8 181 113871309237573403 {0 [0 0 0 0 0 0 0 0 0 0] map[]} map[] 0}
2026/02/24 17:27:04 [Node:0 GID:100 isLeader:true] shardkv server listenApplyCh applyMsg:{true {0  GET 8 181 113871309237573403 {0 [0 0 0 0 0 0 0 0 0 0] map[]} map[] 0} 100 map[] false map[] map[] map[] map[]}
2026/02/24 17:27:04 [Node:0 GID:100 isLeader:true] kv server listenApplyCh op:GET, key:0, value: clientid:113871309237573403, 更新seqNum:181
2026/02/24 17:27:04 [Node:0 GID:100 isLeader:true] shardkv server raft repley: success op:GET, key:0 value:
2026/02/24 17:27:04 [Node:0 GID:100 isLeader:true] shardkv server get key:0, data:map[0:4JPKOsUVfVcvncyCAj-8r3rmeT9zc5O7TF63zv6xBeNKfFJRCzVlq1gf_rNH]
2026/02/24 17:27:04 [Node:0 GID:100 isLeader:true] shardkv server get key:0, value:4JPKOsUVfVcvncyCAj-8r3rmeT9zc5O7TF63zv6xBeNKfFJRCzVlq1gf_rNH
2026/02/24 17:27:04 [Node:2 GID:100 isLeader:false] shardkv server generateSnapshotter raft state size: 668, maxraftstate: 1000
2026/02/24 17:27:04 [Node:1 GID:100 isLeader:false] shardkv server generateSnapshotter raft state size: 668, maxraftstate: 1000
2026/02/24 17:27:04 [Node:2 GID:100 isLeader:false] shardkv server listenApplyCh applyMsg:{true {0  GET 8 181 113871309237573403 {0 [0 0 0 0 0 0 0 0 0 0] map[]} map[] 0} 100 map[] false map[] map[] map[] map[]}
2026/02/24 17:27:04 [Node:2 GID:100 isLeader:false] kv server listenApplyCh op:GET, key:0, value: clientid:113871309237573403, 更新seqNum:181
2026/02/24 17:27:04 [Node:1 GID:100 isLeader:false] shardkv server listenApplyCh applyMsg:{true {0  GET 8 181 113871309237573403 {0 [0 0 0 0 0 0 0 0 0 0] map[]} map[] 0} 100 map[] false map[] map[] map[] map[]}
2026/02/24 17:27:04 [Node:1 GID:100 isLeader:false] kv server listenApplyCh op:GET, key:0, value: clientid:113871309237573403, 更新seqNum:181
2026/02/24 17:27:04 [Node:0 GID:100 isLeader:true] shardkv server checkGroup key:2, shard:0 shards:map[0:true 1:true 2:true 3:true 4:true 5:true 6:true 7:true 8:true 9:true]
2026/02/24 17:27:04 [Node:0 GID:100 isLeader:true] shardkv server raft command:{2  GET 0 183 113871309237573403 {0 [0 0 0 0 0 0 0 0 0 0] map[]} map[] 0}
2026/02/24 17:27:04 [Node:0 GID:100 isLeader:true] shardkv server generateSnapshotter raft state size: 742, maxraftstate: 1000
2026/02/24 17:27:04 [Node:0 GID:100 isLeader:true] shardkv server listenApplyCh applyMsg:{true {2  GET 0 183 113871309237573403 {0 [0 0 0 0 0 0 0 0 0 0] map[]} map[] 0} 101 map[] false map[] map[] map[] map[]}
2026/02/24 17:27:04 [Node:0 GID:100 isLeader:true] kv server listenApplyCh op:GET, key:2, value: clientid:113871309237573403, 更新seqNum:183
2026/02/24 17:27:04 [Node:0 GID:100 isLeader:true] shardkv server raft repley: success op:GET, key:2 value:
2026/02/24 17:27:04 [Node:0 GID:100 isLeader:true] shardkv server get key:2, data:map[2:e7KLJGj9FfoEz52Hcp3HwfJEqjsqrCM77Eatr9ySWtZV5-bqgivFfzMq-CFU 20:sxevmuW7AmVBs1CkujVpZfviNx_cyLLCs5KZa2W-vHPa6tIaQ1TWMfFjBg8D 21:AB-RSTY0r6n0a5q8vcmgCJBEtvS0VzI968wTxFlr92jig8Y-ZPltV3aPiJyk 22:_w4WVM9-y3hR5bZSIEWhXG7IOsnPQXdioSat74EtGstZgEW5kqNUnz1N7bv8 23:QFjsUpC5euDpwYpR2oU397n20hcqvFN_9bwpZDf_-Yzfm0iNtKssm86lqioO 24:IEkCCLX4oicRxt8IqaX3uMQQQDc-7mYmqwyJiBLWjWwOnWwO9ljGeMlQIBVQ 25:gIvRmn0Vk7CvUtn1b9YE7hdubcaKvIAE9xqEHppCs27rAZ57EmpTINV_Wdl8 26:QJpznCkMRhsFOWcrsnvDC_-ShblSIM7jTsRYvJ53f3s3GT6PCbQhL6_g7veQ 27:IX9f8pgSK6B4a77Vh-vxfcHmA8mo8Pnc50R8KpnZAkuIV5yIVGCGSEPnapdx 28:_5uoVW9UzbaA_KtclZvr6Ny6jzGfPvg_5IdEdPzt5iuSFYAXCuXwqUSpD4fa 29:ITUcWpr5oaTUfV03GUIGL4fEgy-w6P82O7oXPyuNRaNWYqb0zlauvBOb3Qdi]
2026/02/24 17:27:04 [Node:0 GID:100 isLeader:true] shardkv server get key:2, value:e7KLJGj9FfoEz52Hcp3HwfJEqjsqrCM77Eatr9ySWtZV5-bqgivFfzMq-CFU
2026/02/24 17:27:04 [Node:1 GID:100 isLeader:false] shardkv server generateSnapshotter raft state size: 742, maxraftstate: 1000
2026/02/24 17:27:04 [Node:2 GID:100 isLeader:false] shardkv server generateSnapshotter raft state size: 742, maxraftstate: 1000
2026/02/24 17:27:04 [Node:0 GID:100 isLeader:true] shardkv server checkGroup key:4, shard:2 shards:map[0:true 1:true 2:true 3:true 4:true 5:true 6:true 7:true 8:true 9:true]
2026/02/24 17:27:04 [Node:0 GID:100 isLeader:true] shardkv server raft command:{4  GET 2 185 113871309237573403 {0 [0 0 0 0 0 0 0 0 0 0] map[]} map[] 0}
2026/02/24 17:27:04 [Node:1 GID:100 isLeader:false] shardkv server listenApplyCh applyMsg:{true {2  GET 0 183 113871309237573403 {0 [0 0 0 0 0 0 0 0 0 0] map[]} map[] 0} 101 map[] false map[] map[] map[] map[]}
2026/02/24 17:27:04 [Node:1 GID:100 isLeader:false] kv server listenApplyCh op:GET, key:2, value: clientid:113871309237573403, 更新seqNum:183
2026/02/24 17:27:04 [Node:2 GID:100 isLeader:false] shardkv server listenApplyCh applyMsg:{true {2  GET 0 183 113871309237573403 {0 [0 0 0 0 0 0 0 0 0 0] map[]} map[] 0} 101 map[] false map[] map[] map[] map[]}
2026/02/24 17:27:04 [Node:2 GID:100 isLeader:false] kv server listenApplyCh op:GET, key:2, value: clientid:113871309237573403, 更新seqNum:183
2026/02/24 17:27:04 [Node:0 GID:100 isLeader:true] shardkv server generateSnapshotter raft state size: 819, maxraftstate: 1000
2026/02/24 17:27:04 [Node:0 GID:100 isLeader:true] shardkv server listenApplyCh applyMsg:{true {4  GET 2 185 113871309237573403 {0 [0 0 0 0 0 0 0 0 0 0] map[]} map[] 0} 102 map[] false map[] map[] map[] map[]}
2026/02/24 17:27:04 [Node:0 GID:100 isLeader:true] kv server listenApplyCh op:GET, key:4, value: clientid:113871309237573403, 更新seqNum:185
2026/02/24 17:27:04 [Node:0 GID:100 isLeader:true] shardkv server raft repley: success op:GET, key:4 value:
2026/02/24 17:27:04 [Node:0 GID:100 isLeader:true] shardkv server get key:4, data:map[4:4_jSWlOJHgao3DYGmXfxVEqD-neXPsXsTGbAZFT_WiACVRcHVzJ_AEs8qMjx]
2026/02/24 17:27:04 [Node:0 GID:100 isLeader:true] shardkv server get key:4, value:4_jSWlOJHgao3DYGmXfxVEqD-neXPsXsTGbAZFT_WiACVRcHVzJ_AEs8qMjx
2026/02/24 17:27:04 [Node:2 GID:100 isLeader:false] shardkv server generateSnapshotter raft state size: 819, maxraftstate: 1000
2026/02/24 17:27:04 [Node:1 GID:100 isLeader:false] shardkv server generateSnapshotter raft state size: 819, maxraftstate: 1000
2026/02/24 17:27:04 [Node:0 GID:100 isLeader:true] shardkv server checkGroup key:6, shard:4 shards:map[0:true 1:true 2:true 3:true 4:true 5:true 6:true 7:true 8:true 9:true]
2026/02/24 17:27:04 [Node:0 GID:100 isLeader:true] shardkv server raft command:{6  GET 4 187 113871309237573403 {0 [0 0 0 0 0 0 0 0 0 0] map[]} map[] 0}
2026/02/24 17:27:04 [Node:1 GID:100 isLeader:false] shardkv server listenApplyCh applyMsg:{true {4  GET 2 185 113871309237573403 {0 [0 0 0 0 0 0 0 0 0 0] map[]} map[] 0} 102 map[] false map[] map[] map[] map[]}
2026/02/24 17:27:04 [Node:1 GID:100 isLeader:false] kv server listenApplyCh op:GET, key:4, value: clientid:113871309237573403, 更新seqNum:185
2026/02/24 17:27:04 [Node:2 GID:100 isLeader:false] shardkv server listenApplyCh applyMsg:{true {4  GET 2 185 113871309237573403 {0 [0 0 0 0 0 0 0 0 0 0] map[]} map[] 0} 102 map[] false map[] map[] map[] map[]}
2026/02/24 17:27:04 [Node:2 GID:100 isLeader:false] kv server listenApplyCh op:GET, key:4, value: clientid:113871309237573403, 更新seqNum:185
2026/02/24 17:27:04 [Node:0 GID:100 isLeader:true] shardkv server generateSnapshotter raft state size: 895, maxraftstate: 1000
2026/02/24 17:27:04 [Node:0 GID:100 isLeader:true] shardkv server listenApplyCh applyMsg:{true {6  GET 4 187 113871309237573403 {0 [0 0 0 0 0 0 0 0 0 0] map[]} map[] 0} 103 map[] false map[] map[] map[] map[]}
2026/02/24 17:27:04 [Node:0 GID:100 isLeader:true] kv server listenApplyCh op:GET, key:6, value: clientid:113871309237573403, 更新seqNum:187
2026/02/24 17:27:04 [Node:0 GID:100 isLeader:true] shardkv server raft repley: success op:GET, key:6 value:
2026/02/24 17:27:04 [Node:0 GID:100 isLeader:true] shardkv server get key:6, data:map[6:lFVqDSzzWwLbl3rpO8tR5jJspmoBfi75NciYWGeDaHhL350aZn7rlqU7FI2-]
2026/02/24 17:27:04 [Node:0 GID:100 isLeader:true] shardkv server get key:6, value:lFVqDSzzWwLbl3rpO8tR5jJspmoBfi75NciYWGeDaHhL350aZn7rlqU7FI2-
2026/02/24 17:27:04 [Node:2 GID:100 isLeader:false] shardkv server generateSnapshotter raft state size: 895, maxraftstate: 1000
2026/02/24 17:27:04 [Node:1 GID:100 isLeader:false] shardkv server generateSnapshotter raft state size: 895, maxraftstate: 1000
2026/02/24 17:27:04 [Node:1 GID:100 isLeader:false] shardkv server listenApplyCh applyMsg:{true {6  GET 4 187 113871309237573403 {0 [0 0 0 0 0 0 0 0 0 0] map[]} map[] 0} 103 map[] false map[] map[] map[] map[]}
2026/02/24 17:27:04 [Node:1 GID:100 isLeader:false] kv server listenApplyCh op:GET, key:6, value: clientid:113871309237573403, 更新seqNum:187
2026/02/24 17:27:04 [Node:0 GID:100 isLeader:true] shardkv server checkGroup key:8, shard:6 shards:map[0:true 1:true 2:true 3:true 4:true 5:true 6:true 7:true 8:true 9:true]
2026/02/24 17:27:04 [Node:2 GID:100 isLeader:false] shardkv server listenApplyCh applyMsg:{true {6  GET 4 187 113871309237573403 {0 [0 0 0 0 0 0 0 0 0 0] map[]} map[] 0} 103 map[] false map[] map[] map[] map[]}
2026/02/24 17:27:04 [Node:2 GID:100 isLeader:false] kv server listenApplyCh op:GET, key:6, value: clientid:113871309237573403, 更新seqNum:187
2026/02/24 17:27:04 [Node:0 GID:100 isLeader:true] shardkv server raft command:{8  GET 6 189 113871309237573403 {0 [0 0 0 0 0 0 0 0 0 0] map[]} map[] 0}
2026/02/24 17:27:04 [Node:0 GID:100 isLeader:true] shardkv server generateSnapshotter raft state size: 971, maxraftstate: 1000
2026/02/24 17:27:04 [Node:0 GID:100 isLeader:true] shardkv server listenApplyCh applyMsg:{true {8  GET 6 189 113871309237573403 {0 [0 0 0 0 0 0 0 0 0 0] map[]} map[] 0} 104 map[] false map[] map[] map[] map[]}
2026/02/24 17:27:04 [Node:0 GID:100 isLeader:true] kv server listenApplyCh op:GET, key:8, value: clientid:113871309237573403, 更新seqNum:189
2026/02/24 17:27:04 [Node:0 GID:100 isLeader:true] shardkv server raft repley: success op:GET, key:8 value:
2026/02/24 17:27:04 [Node:0 GID:100 isLeader:true] shardkv server get key:8, data:map[8:25imAyinhov1A9x-2_yHk8Pq-A3_DvuSUvtv7denCbw36nmpiMlFNFC7lYL2]
2026/02/24 17:27:04 [Node:0 GID:100 isLeader:true] shardkv server get key:8, value:25imAyinhov1A9x-2_yHk8Pq-A3_DvuSUvtv7denCbw36nmpiMlFNFC7lYL2
2026/02/24 17:27:04 [Node:2 GID:100 isLeader:false] shardkv server generateSnapshotter raft state size: 971, maxraftstate: 1000
2026/02/24 17:27:04 [Node:1 GID:100 isLeader:false] shardkv server generateSnapshotter raft state size: 971, maxraftstate: 1000
2026/02/24 17:27:04 [Node:1 GID:100 isLeader:false] shardkv server listenApplyCh applyMsg:{true {8  GET 6 189 113871309237573403 {0 [0 0 0 0 0 0 0 0 0 0] map[]} map[] 0} 104 map[] false map[] map[] map[] map[]}
2026/02/24 17:27:04 [Node:1 GID:100 isLeader:false] kv server listenApplyCh op:GET, key:8, value: clientid:113871309237573403, 更新seqNum:189
2026/02/24 17:27:04 [Node:2 GID:100 isLeader:false] shardkv server listenApplyCh applyMsg:{true {8  GET 6 189 113871309237573403 {0 [0 0 0 0 0 0 0 0 0 0] map[]} map[] 0} 104 map[] false map[] map[] map[] map[]}
2026/02/24 17:27:04 [Node:2 GID:100 isLeader:false] kv server listenApplyCh op:GET, key:8, value: clientid:113871309237573403, 更新seqNum:189
2026/02/24 17:27:04 [Node:0 GID:100 isLeader:true] shardkv server generateSnapshotter raft state size: 971, maxraftstate: 1000
2026/02/24 17:27:04 [Node:1 GID:100 isLeader:false] shardkv server generateSnapshotter raft state size: 971, maxraftstate: 1000
2026/02/24 17:27:04 [Node:2 GID:100 isLeader:false] shardkv server generateSnapshotter raft state size: 971, maxraftstate: 1000
2026/02/24 17:27:04 [Node:0 GID:100 isLeader:true] shardkv server generateSnapshotter raft state size: 971, maxraftstate: 1000
2026/02/24 17:27:04 [Node:2 GID:100 isLeader:false] shardkv server generateSnapshotter raft state size: 971, maxraftstate: 1000
2026/02/24 17:27:04 [Node:1 GID:100 isLeader:false] shardkv server generateSnapshotter raft state size: 971, maxraftstate: 1000
2026/02/24 17:27:04 [Node:0 GID:100 isLeader:true] shardkv server generateSnapshotter raft state size: 971, maxraftstate: 1000
2026/02/24 17:27:04 [Node:2 GID:100 isLeader:false] shardkv server generateSnapshotter raft state size: 971, maxraftstate: 1000
2026/02/24 17:27:04 [Node:1 GID:100 isLeader:false] shardkv server generateSnapshotter raft state size: 971, maxraftstate: 1000
2026/02/24 17:27:04 [Node:0 GID:100 isLeader:true] shardkv server generateSnapshotter raft state size: 971, maxraftstate: 1000
2026/02/24 17:27:04 [Node:2 GID:100 isLeader:false] shardkv server generateSnapshotter raft state size: 971, maxraftstate: 1000
2026/02/24 17:27:04 [Node:1 GID:100 isLeader:false] shardkv server generateSnapshotter raft state size: 971, maxraftstate: 1000
2026/02/24 17:27:04 [Node:0 GID:100 isLeader:true] shardkv server generateSnapshotter raft state size: 971, maxraftstate: 1000
2026/02/24 17:27:05 [Node:1 GID:100 isLeader:false] shardkv server generateSnapshotter raft state size: 971, maxraftstate: 1000
2026/02/24 17:27:05 [Node:2 GID:100 isLeader:false] shardkv server generateSnapshotter raft state size: 971, maxraftstate: 1000
2026/02/24 17:27:05 [Node:0 GID:100 isLeader:true] shardkv server checkGroup key:20, shard:0 shards:map[0:true 1:true 2:true 3:true 4:true 5:true 6:true 7:true 8:true 9:true]
2026/02/24 17:27:05 [Node:0 GID:100 isLeader:true] shardkv server raft command:{20  GET 0 201 113871309237573403 {0 [0 0 0 0 0 0 0 0 0 0] map[]} map[] 0}
2026/02/24 17:27:05 [Node:0 GID:100 isLeader:true] shardkv server listenApplyCh applyMsg:{true {20  GET 0 201 113871309237573403 {0 [0 0 0 0 0 0 0 0 0 0] map[]} map[] 0} 105 map[] false map[] map[] map[] map[]}
2026/02/24 17:27:05 [Node:0 GID:100 isLeader:true] kv server listenApplyCh op:GET, key:20, value: clientid:113871309237573403, 更新seqNum:201
2026/02/24 17:27:05 [Node:0 GID:100 isLeader:true] shardkv server raft repley: success op:GET, key:20 value:
2026/02/24 17:27:05 [Node:0 GID:100 isLeader:true] shardkv server get key:20, data:map[2:e7KLJGj9FfoEz52Hcp3HwfJEqjsqrCM77Eatr9ySWtZV5-bqgivFfzMq-CFU 20:sxevmuW7AmVBs1CkujVpZfviNx_cyLLCs5KZa2W-vHPa6tIaQ1TWMfFjBg8D 21:AB-RSTY0r6n0a5q8vcmgCJBEtvS0VzI968wTxFlr92jig8Y-ZPltV3aPiJyk 22:_w4WVM9-y3hR5bZSIEWhXG7IOsnPQXdioSat74EtGstZgEW5kqNUnz1N7bv8 23:QFjsUpC5euDpwYpR2oU397n20hcqvFN_9bwpZDf_-Yzfm0iNtKssm86lqioO 24:IEkCCLX4oicRxt8IqaX3uMQQQDc-7mYmqwyJiBLWjWwOnWwO9ljGeMlQIBVQ 25:gIvRmn0Vk7CvUtn1b9YE7hdubcaKvIAE9xqEHppCs27rAZ57EmpTINV_Wdl8 26:QJpznCkMRhsFOWcrsnvDC_-ShblSIM7jTsRYvJ53f3s3GT6PCbQhL6_g7veQ 27:IX9f8pgSK6B4a77Vh-vxfcHmA8mo8Pnc50R8KpnZAkuIV5yIVGCGSEPnapdx 28:_5uoVW9UzbaA_KtclZvr6Ny6jzGfPvg_5IdEdPzt5iuSFYAXCuXwqUSpD4fa 29:ITUcWpr5oaTUfV03GUIGL4fEgy-w6P82O7oXPyuNRaNWYqb0zlauvBOb3Qdi]
2026/02/24 17:27:05 [Node:0 GID:100 isLeader:true] shardkv server get key:20, value:sxevmuW7AmVBs1CkujVpZfviNx_cyLLCs5KZa2W-vHPa6tIaQ1TWMfFjBg8D
2026/02/24 17:27:05 [Node:0 GID:100 isLeader:true] shardkv server checkGroup key:21, shard:0 shards:map[0:true 1:true 2:true 3:true 4:true 5:true 6:true 7:true 8:true 9:true]
2026/02/24 17:27:05 [Node:0 GID:100 isLeader:true] shardkv server raft command:{21  GET 0 202 113871309237573403 {0 [0 0 0 0 0 0 0 0 0 0] map[]} map[] 0}
2026/02/24 17:27:05 [Node:0 GID:100 isLeader:true] shardkv server generateSnapshotter raft state size: 1121, maxraftstate: 1000
2026/02/24 17:27:05 [Node:0 GID:100 isLeader:true] shardkv server generateSnapshotter start data:map[0:map[2:e7KLJGj9FfoEz52Hcp3HwfJEqjsqrCM77Eatr9ySWtZV5-bqgivFfzMq-CFU 20:sxevmuW7AmVBs1CkujVpZfviNx_cyLLCs5KZa2W-vHPa6tIaQ1TWMfFjBg8D 21:AB-RSTY0r6n0a5q8vcmgCJBEtvS0VzI968wTxFlr92jig8Y-ZPltV3aPiJyk 22:_w4WVM9-y3hR5bZSIEWhXG7IOsnPQXdioSat74EtGstZgEW5kqNUnz1N7bv8 23:QFjsUpC5euDpwYpR2oU397n20hcqvFN_9bwpZDf_-Yzfm0iNtKssm86lqioO 24:IEkCCLX4oicRxt8IqaX3uMQQQDc-7mYmqwyJiBLWjWwOnWwO9ljGeMlQIBVQ 25:gIvRmn0Vk7CvUtn1b9YE7hdubcaKvIAE9xqEHppCs27rAZ57EmpTINV_Wdl8 26:QJpznCkMRhsFOWcrsnvDC_-ShblSIM7jTsRYvJ53f3s3GT6PCbQhL6_g7veQ 27:IX9f8pgSK6B4a77Vh-vxfcHmA8mo8Pnc50R8KpnZAkuIV5yIVGCGSEPnapdx 28:_5uoVW9UzbaA_KtclZvr6Ny6jzGfPvg_5IdEdPzt5iuSFYAXCuXwqUSpD4fa 29:ITUcWpr5oaTUfV03GUIGL4fEgy-w6P82O7oXPyuNRaNWYqb0zlauvBOb3Qdi] 1:map[3:Hru2hXtYBJ0LEvhhZyB7] 2:map[4:4_jSWlOJHgao3DYGmXfxVEqD-neXPsXsTGbAZFT_WiACVRcHVzJ_AEs8qMjx] 3:map[5:7Qs3WNhdC_Xy7ku2e5YO] 4:map[6:lFVqDSzzWwLbl3rpO8tR5jJspmoBfi75NciYWGeDaHhL350aZn7rlqU7FI2-] 5:map[7:z2LVJuJMcOCsm-VAweCT] 6:map[8:25imAyinhov1A9x-2_yHk8Pq-A3_DvuSUvtv7denCbw36nmpiMlFNFC7lYL2] 7:map[9:W2k9CA3KTZbuggglJ85F] 8:map[0:4JPKOsUVfVcvncyCAj-8r3rmeT9zc5O7TF63zv6xBeNKfFJRCzVlq1gf_rNH] 9:map[1:7feyKfcAmKMj84e-Z9Qy 10:ZIo_MWLuWr11IuKrdiJ2 11:G-WdPfixCsStieX94OwO 12:96ZhhvdDDUM5xUOVYxQI 13:XE90ySoOGhjGY2lx7_n6 14:qYFp5ienKQiZmDXCokTB 15:hfoSBfHfoMGZC-E23lrs 16:w49ucCQcjPa0iUGSzwdg 17:tS93z-FyNwnLWHVevezP 18:eGx5LOeZm_ldSj2mREyz 19:TuU_Zvm4dt_Z_xRmrtr8]]
2026/02/24 17:27:05 [Node:1 GID:100 isLeader:false] shardkv server listenApplyCh applyMsg:{false <nil> 105 map[] true map[] map[0:map[2:e7KLJGj9FfoEz52Hcp3HwfJEqjsqrCM77Eatr9ySWtZV5-bqgivFfzMq-CFU 20:sxevmuW7AmVBs1CkujVpZfviNx_cyLLCs5KZa2W-vHPa6tIaQ1TWMfFjBg8D 21:AB-RSTY0r6n0a5q8vcmgCJBEtvS0VzI968wTxFlr92jig8Y-ZPltV3aPiJyk 22:_w4WVM9-y3hR5bZSIEWhXG7IOsnPQXdioSat74EtGstZgEW5kqNUnz1N7bv8 23:QFjsUpC5euDpwYpR2oU397n20hcqvFN_9bwpZDf_-Yzfm0iNtKssm86lqioO 24:IEkCCLX4oicRxt8IqaX3uMQQQDc-7mYmqwyJiBLWjWwOnWwO9ljGeMlQIBVQ 25:gIvRmn0Vk7CvUtn1b9YE7hdubcaKvIAE9xqEHppCs27rAZ57EmpTINV_Wdl8 26:QJpznCkMRhsFOWcrsnvDC_-ShblSIM7jTsRYvJ53f3s3GT6PCbQhL6_g7veQ 27:IX9f8pgSK6B4a77Vh-vxfcHmA8mo8Pnc50R8KpnZAkuIV5yIVGCGSEPnapdx 28:_5uoVW9UzbaA_KtclZvr6Ny6jzGfPvg_5IdEdPzt5iuSFYAXCuXwqUSpD4fa 29:ITUcWpr5oaTUfV03GUIGL4fEgy-w6P82O7oXPyuNRaNWYqb0zlauvBOb3Qdi] 1:map[3:Hru2hXtYBJ0LEvhhZyB7] 2:map[4:4_jSWlOJHgao3DYGmXfxVEqD-neXPsXsTGbAZFT_WiACVRcHVzJ_AEs8qMjx] 3:map[5:7Qs3WNhdC_Xy7ku2e5YO] 4:map[6:lFVqDSzzWwLbl3rpO8tR5jJspmoBfi75NciYWGeDaHhL350aZn7rlqU7FI2-] 5:map[7:z2LVJuJMcOCsm-VAweCT] 6:map[8:25imAyinhov1A9x-2_yHk8Pq-A3_DvuSUvtv7denCbw36nmpiMlFNFC7lYL2] 7:map[9:W2k9CA3KTZbuggglJ85F] 8:map[0:4JPKOsUVfVcvncyCAj-8r3rmeT9zc5O7TF63zv6xBeNKfFJRCzVlq1gf_rNH] 9:map[1:7feyKfcAmKMj84e-Z9Qy 10:ZIo_MWLuWr11IuKrdiJ2 11:G-WdPfixCsStieX94OwO 12:96ZhhvdDDUM5xUOVYxQI 13:XE90ySoOGhjGY2lx7_n6 14:qYFp5ienKQiZmDXCokTB 15:hfoSBfHfoMGZC-E23lrs 16:w49ucCQcjPa0iUGSzwdg 17:tS93z-FyNwnLWHVevezP 18:eGx5LOeZm_ldSj2mREyz 19:TuU_Zvm4dt_Z_xRmrtr8]] map[0:map[0:6 113871309237573403:201] 1:map[113871309237573403:34] 2:map[113871309237573403:185] 3:map[113871309237573403:36] 4:map[113871309237573403:187] 5:map[113871309237573403:38] 6:map[113871309237573403:189] 7:map[113871309237573403:40] 8:map[113871309237573403:181] 9:map[113871309237573403:50]] map[0:NORMAL 1:INVALID 2:NORMAL 3:INVALID 4:NORMAL 5:INVALID 6:NORMAL 7:INVALID 8:NORMAL 9:INVALID]}
2026/02/24 17:27:05 [Node:1 GID:100 isLeader:false] shardkv server listenApplyCh load snapshot data:map[0:map[2:e7KLJGj9FfoEz52Hcp3HwfJEqjsqrCM77Eatr9ySWtZV5-bqgivFfzMq-CFU 20:sxevmuW7AmVBs1CkujVpZfviNx_cyLLCs5KZa2W-vHPa6tIaQ1TWMfFjBg8D 21:AB-RSTY0r6n0a5q8vcmgCJBEtvS0VzI968wTxFlr92jig8Y-ZPltV3aPiJyk 22:_w4WVM9-y3hR5bZSIEWhXG7IOsnPQXdioSat74EtGstZgEW5kqNUnz1N7bv8 23:QFjsUpC5euDpwYpR2oU397n20hcqvFN_9bwpZDf_-Yzfm0iNtKssm86lqioO 24:IEkCCLX4oicRxt8IqaX3uMQQQDc-7mYmqwyJiBLWjWwOnWwO9ljGeMlQIBVQ 25:gIvRmn0Vk7CvUtn1b9YE7hdubcaKvIAE9xqEHppCs27rAZ57EmpTINV_Wdl8 26:QJpznCkMRhsFOWcrsnvDC_-ShblSIM7jTsRYvJ53f3s3GT6PCbQhL6_g7veQ 27:IX9f8pgSK6B4a77Vh-vxfcHmA8mo8Pnc50R8KpnZAkuIV5yIVGCGSEPnapdx 28:_5uoVW9UzbaA_KtclZvr6Ny6jzGfPvg_5IdEdPzt5iuSFYAXCuXwqUSpD4fa 29:ITUcWpr5oaTUfV03GUIGL4fEgy-w6P82O7oXPyuNRaNWYqb0zlauvBOb3Qdi] 1:map[3:Hru2hXtYBJ0LEvhhZyB7] 2:map[4:4_jSWlOJHgao3DYGmXfxVEqD-neXPsXsTGbAZFT_WiACVRcHVzJ_AEs8qMjx] 3:map[5:7Qs3WNhdC_Xy7ku2e5YO] 4:map[6:lFVqDSzzWwLbl3rpO8tR5jJspmoBfi75NciYWGeDaHhL350aZn7rlqU7FI2-] 5:map[7:z2LVJuJMcOCsm-VAweCT] 6:map[8:25imAyinhov1A9x-2_yHk8Pq-A3_DvuSUvtv7denCbw36nmpiMlFNFC7lYL2] 7:map[9:W2k9CA3KTZbuggglJ85F] 8:map[0:4JPKOsUVfVcvncyCAj-8r3rmeT9zc5O7TF63zv6xBeNKfFJRCzVlq1gf_rNH] 9:map[1:7feyKfcAmKMj84e-Z9Qy 10:ZIo_MWLuWr11IuKrdiJ2 11:G-WdPfixCsStieX94OwO 12:96ZhhvdDDUM5xUOVYxQI 13:XE90ySoOGhjGY2lx7_n6 14:qYFp5ienKQiZmDXCokTB 15:hfoSBfHfoMGZC-E23lrs 16:w49ucCQcjPa0iUGSzwdg 17:tS93z-FyNwnLWHVevezP 18:eGx5LOeZm_ldSj2mREyz 19:TuU_Zvm4dt_Z_xRmrtr8]] seqNums:map[0:map[0:6 113871309237573403:201] 1:map[113871309237573403:34] 2:map[113871309237573403:185] 3:map[113871309237573403:36] 4:map[113871309237573403:187] 5:map[113871309237573403:38] 6:map[113871309237573403:189] 7:map[113871309237573403:40] 8:map[113871309237573403:181] 9:map[113871309237573403:50]]
2026/02/24 17:27:05 [Node:2 GID:100 isLeader:false] shardkv server listenApplyCh applyMsg:{false <nil> 105 map[] true map[] map[0:map[2:e7KLJGj9FfoEz52Hcp3HwfJEqjsqrCM77Eatr9ySWtZV5-bqgivFfzMq-CFU 20:sxevmuW7AmVBs1CkujVpZfviNx_cyLLCs5KZa2W-vHPa6tIaQ1TWMfFjBg8D 21:AB-RSTY0r6n0a5q8vcmgCJBEtvS0VzI968wTxFlr92jig8Y-ZPltV3aPiJyk 22:_w4WVM9-y3hR5bZSIEWhXG7IOsnPQXdioSat74EtGstZgEW5kqNUnz1N7bv8 23:QFjsUpC5euDpwYpR2oU397n20hcqvFN_9bwpZDf_-Yzfm0iNtKssm86lqioO 24:IEkCCLX4oicRxt8IqaX3uMQQQDc-7mYmqwyJiBLWjWwOnWwO9ljGeMlQIBVQ 25:gIvRmn0Vk7CvUtn1b9YE7hdubcaKvIAE9xqEHppCs27rAZ57EmpTINV_Wdl8 26:QJpznCkMRhsFOWcrsnvDC_-ShblSIM7jTsRYvJ53f3s3GT6PCbQhL6_g7veQ 27:IX9f8pgSK6B4a77Vh-vxfcHmA8mo8Pnc50R8KpnZAkuIV5yIVGCGSEPnapdx 28:_5uoVW9UzbaA_KtclZvr6Ny6jzGfPvg_5IdEdPzt5iuSFYAXCuXwqUSpD4fa 29:ITUcWpr5oaTUfV03GUIGL4fEgy-w6P82O7oXPyuNRaNWYqb0zlauvBOb3Qdi] 1:map[3:Hru2hXtYBJ0LEvhhZyB7] 2:map[4:4_jSWlOJHgao3DYGmXfxVEqD-neXPsXsTGbAZFT_WiACVRcHVzJ_AEs8qMjx] 3:map[5:7Qs3WNhdC_Xy7ku2e5YO] 4:map[6:lFVqDSzzWwLbl3rpO8tR5jJspmoBfi75NciYWGeDaHhL350aZn7rlqU7FI2-] 5:map[7:z2LVJuJMcOCsm-VAweCT] 6:map[8:25imAyinhov1A9x-2_yHk8Pq-A3_DvuSUvtv7denCbw36nmpiMlFNFC7lYL2] 7:map[9:W2k9CA3KTZbuggglJ85F] 8:map[0:4JPKOsUVfVcvncyCAj-8r3rmeT9zc5O7TF63zv6xBeNKfFJRCzVlq1gf_rNH] 9:map[1:7feyKfcAmKMj84e-Z9Qy 10:ZIo_MWLuWr11IuKrdiJ2 11:G-WdPfixCsStieX94OwO 12:96ZhhvdDDUM5xUOVYxQI 13:XE90ySoOGhjGY2lx7_n6 14:qYFp5ienKQiZmDXCokTB 15:hfoSBfHfoMGZC-E23lrs 16:w49ucCQcjPa0iUGSzwdg 17:tS93z-FyNwnLWHVevezP 18:eGx5LOeZm_ldSj2mREyz 19:TuU_Zvm4dt_Z_xRmrtr8]] map[0:map[0:6 113871309237573403:201] 1:map[113871309237573403:34] 2:map[113871309237573403:185] 3:map[113871309237573403:36] 4:map[113871309237573403:187] 5:map[113871309237573403:38] 6:map[113871309237573403:189] 7:map[113871309237573403:40] 8:map[113871309237573403:181] 9:map[113871309237573403:50]] map[0:NORMAL 1:INVALID 2:NORMAL 3:INVALID 4:NORMAL 5:INVALID 6:NORMAL 7:INVALID 8:NORMAL 9:INVALID]}
2026/02/24 17:27:05 [Node:2 GID:100 isLeader:false] shardkv server listenApplyCh load snapshot data:map[0:map[2:e7KLJGj9FfoEz52Hcp3HwfJEqjsqrCM77Eatr9ySWtZV5-bqgivFfzMq-CFU 20:sxevmuW7AmVBs1CkujVpZfviNx_cyLLCs5KZa2W-vHPa6tIaQ1TWMfFjBg8D 21:AB-RSTY0r6n0a5q8vcmgCJBEtvS0VzI968wTxFlr92jig8Y-ZPltV3aPiJyk 22:_w4WVM9-y3hR5bZSIEWhXG7IOsnPQXdioSat74EtGstZgEW5kqNUnz1N7bv8 23:QFjsUpC5euDpwYpR2oU397n20hcqvFN_9bwpZDf_-Yzfm0iNtKssm86lqioO 24:IEkCCLX4oicRxt8IqaX3uMQQQDc-7mYmqwyJiBLWjWwOnWwO9ljGeMlQIBVQ 25:gIvRmn0Vk7CvUtn1b9YE7hdubcaKvIAE9xqEHppCs27rAZ57EmpTINV_Wdl8 26:QJpznCkMRhsFOWcrsnvDC_-ShblSIM7jTsRYvJ53f3s3GT6PCbQhL6_g7veQ 27:IX9f8pgSK6B4a77Vh-vxfcHmA8mo8Pnc50R8KpnZAkuIV5yIVGCGSEPnapdx 28:_5uoVW9UzbaA_KtclZvr6Ny6jzGfPvg_5IdEdPzt5iuSFYAXCuXwqUSpD4fa 29:ITUcWpr5oaTUfV03GUIGL4fEgy-w6P82O7oXPyuNRaNWYqb0zlauvBOb3Qdi] 1:map[3:Hru2hXtYBJ0LEvhhZyB7] 2:map[4:4_jSWlOJHgao3DYGmXfxVEqD-neXPsXsTGbAZFT_WiACVRcHVzJ_AEs8qMjx] 3:map[5:7Qs3WNhdC_Xy7ku2e5YO] 4:map[6:lFVqDSzzWwLbl3rpO8tR5jJspmoBfi75NciYWGeDaHhL350aZn7rlqU7FI2-] 5:map[7:z2LVJuJMcOCsm-VAweCT] 6:map[8:25imAyinhov1A9x-2_yHk8Pq-A3_DvuSUvtv7denCbw36nmpiMlFNFC7lYL2] 7:map[9:W2k9CA3KTZbuggglJ85F] 8:map[0:4JPKOsUVfVcvncyCAj-8r3rmeT9zc5O7TF63zv6xBeNKfFJRCzVlq1gf_rNH] 9:map[1:7feyKfcAmKMj84e-Z9Qy 10:ZIo_MWLuWr11IuKrdiJ2 11:G-WdPfixCsStieX94OwO 12:96ZhhvdDDUM5xUOVYxQI 13:XE90ySoOGhjGY2lx7_n6 14:qYFp5ienKQiZmDXCokTB 15:hfoSBfHfoMGZC-E23lrs 16:w49ucCQcjPa0iUGSzwdg 17:tS93z-FyNwnLWHVevezP 18:eGx5LOeZm_ldSj2mREyz 19:TuU_Zvm4dt_Z_xRmrtr8]] seqNums:map[0:map[0:6 113871309237573403:201] 1:map[113871309237573403:34] 2:map[113871309237573403:185] 3:map[113871309237573403:36] 4:map[113871309237573403:187] 5:map[113871309237573403:38] 6:map[113871309237573403:189] 7:map[113871309237573403:40] 8:map[113871309237573403:181] 9:map[113871309237573403:50]]
2026/02/24 17:27:05 [Node:0 GID:100 isLeader:true] shardkv server listenApplyCh applyMsg:{true {21  GET 0 202 113871309237573403 {0 [0 0 0 0 0 0 0 0 0 0] map[]} map[] 0} 106 map[] false map[] map[] map[] map[]}
2026/02/24 17:27:05 [Node:0 GID:100 isLeader:true] kv server listenApplyCh op:GET, key:21, value: clientid:113871309237573403, 更新seqNum:202
2026/02/24 17:27:05 [Node:0 GID:100 isLeader:true] shardkv server raft repley: success op:GET, key:21 value:
2026/02/24 17:27:05 [Node:0 GID:100 isLeader:true] shardkv server get key:21, data:map[2:e7KLJGj9FfoEz52Hcp3HwfJEqjsqrCM77Eatr9ySWtZV5-bqgivFfzMq-CFU 20:sxevmuW7AmVBs1CkujVpZfviNx_cyLLCs5KZa2W-vHPa6tIaQ1TWMfFjBg8D 21:AB-RSTY0r6n0a5q8vcmgCJBEtvS0VzI968wTxFlr92jig8Y-ZPltV3aPiJyk 22:_w4WVM9-y3hR5bZSIEWhXG7IOsnPQXdioSat74EtGstZgEW5kqNUnz1N7bv8 23:QFjsUpC5euDpwYpR2oU397n20hcqvFN_9bwpZDf_-Yzfm0iNtKssm86lqioO 24:IEkCCLX4oicRxt8IqaX3uMQQQDc-7mYmqwyJiBLWjWwOnWwO9ljGeMlQIBVQ 25:gIvRmn0Vk7CvUtn1b9YE7hdubcaKvIAE9xqEHppCs27rAZ57EmpTINV_Wdl8 26:QJpznCkMRhsFOWcrsnvDC_-ShblSIM7jTsRYvJ53f3s3GT6PCbQhL6_g7veQ 27:IX9f8pgSK6B4a77Vh-vxfcHmA8mo8Pnc50R8KpnZAkuIV5yIVGCGSEPnapdx 28:_5uoVW9UzbaA_KtclZvr6Ny6jzGfPvg_5IdEdPzt5iuSFYAXCuXwqUSpD4fa 29:ITUcWpr5oaTUfV03GUIGL4fEgy-w6P82O7oXPyuNRaNWYqb0zlauvBOb3Qdi]
2026/02/24 17:27:05 [Node:0 GID:100 isLeader:true] shardkv server get key:21, value:AB-RSTY0r6n0a5q8vcmgCJBEtvS0VzI968wTxFlr92jig8Y-ZPltV3aPiJyk
2026/02/24 17:27:05 [Node:0 GID:100 isLeader:true] shardkv server checkGroup key:22, shard:0 shards:map[0:true 1:true 2:true 3:true 4:true 5:true 6:true 7:true 8:true 9:true]
2026/02/24 17:27:05 [Node:0 GID:100 isLeader:true] shardkv server raft command:{22  GET 0 203 113871309237573403 {0 [0 0 0 0 0 0 0 0 0 0] map[]} map[] 0}
2026/02/24 17:27:05 [Node:1 GID:100 isLeader:false] shardkv server generateSnapshotter raft state size: 566, maxraftstate: 1000
2026/02/24 17:27:05 [Node:2 GID:100 isLeader:false] shardkv server generateSnapshotter raft state size: 566, maxraftstate: 1000
2026/02/24 17:27:05 [Node:1 GID:100 isLeader:false] shardkv server listenApplyCh applyMsg:{true {21  GET 0 202 113871309237573403 {0 [0 0 0 0 0 0 0 0 0 0] map[]} map[] 0} 106 map[] false map[] map[] map[] map[]}
2026/02/24 17:27:05 [Node:1 GID:100 isLeader:false] kv server listenApplyCh op:GET, key:21, value: clientid:113871309237573403, 更新seqNum:202
2026/02/24 17:27:05 [Node:2 GID:100 isLeader:false] shardkv server listenApplyCh applyMsg:{true {21  GET 0 202 113871309237573403 {0 [0 0 0 0 0 0 0 0 0 0] map[]} map[] 0} 106 map[] false map[] map[] map[] map[]}
2026/02/24 17:27:05 [Node:2 GID:100 isLeader:false] kv server listenApplyCh op:GET, key:21, value: clientid:113871309237573403, 更新seqNum:202
2026/02/24 17:27:05 [Node:0 GID:100 isLeader:true] shardkv server listenApplyCh applyMsg:{true {22  GET 0 203 113871309237573403 {0 [0 0 0 0 0 0 0 0 0 0] map[]} map[] 0} 107 map[] false map[] map[] map[] map[]}
2026/02/24 17:27:05 [Node:0 GID:100 isLeader:true] kv server listenApplyCh op:GET, key:22, value: clientid:113871309237573403, 更新seqNum:203
2026/02/24 17:27:05 [Node:0 GID:100 isLeader:true] shardkv server raft repley: success op:GET, key:22 value:
2026/02/24 17:27:05 [Node:0 GID:100 isLeader:true] shardkv server get key:22, data:map[2:e7KLJGj9FfoEz52Hcp3HwfJEqjsqrCM77Eatr9ySWtZV5-bqgivFfzMq-CFU 20:sxevmuW7AmVBs1CkujVpZfviNx_cyLLCs5KZa2W-vHPa6tIaQ1TWMfFjBg8D 21:AB-RSTY0r6n0a5q8vcmgCJBEtvS0VzI968wTxFlr92jig8Y-ZPltV3aPiJyk 22:_w4WVM9-y3hR5bZSIEWhXG7IOsnPQXdioSat74EtGstZgEW5kqNUnz1N7bv8 23:QFjsUpC5euDpwYpR2oU397n20hcqvFN_9bwpZDf_-Yzfm0iNtKssm86lqioO 24:IEkCCLX4oicRxt8IqaX3uMQQQDc-7mYmqwyJiBLWjWwOnWwO9ljGeMlQIBVQ 25:gIvRmn0Vk7CvUtn1b9YE7hdubcaKvIAE9xqEHppCs27rAZ57EmpTINV_Wdl8 26:QJpznCkMRhsFOWcrsnvDC_-ShblSIM7jTsRYvJ53f3s3GT6PCbQhL6_g7veQ 27:IX9f8pgSK6B4a77Vh-vxfcHmA8mo8Pnc50R8KpnZAkuIV5yIVGCGSEPnapdx 28:_5uoVW9UzbaA_KtclZvr6Ny6jzGfPvg_5IdEdPzt5iuSFYAXCuXwqUSpD4fa 29:ITUcWpr5oaTUfV03GUIGL4fEgy-w6P82O7oXPyuNRaNWYqb0zlauvBOb3Qdi]
2026/02/24 17:27:05 [Node:0 GID:100 isLeader:true] shardkv server get key:22, value:_w4WVM9-y3hR5bZSIEWhXG7IOsnPQXdioSat74EtGstZgEW5kqNUnz1N7bv8
2026/02/24 17:27:05 [Node:0 GID:100 isLeader:true] shardkv server checkGroup key:23, shard:0 shards:map[0:true 1:true 2:true 3:true 4:true 5:true 6:true 7:true 8:true 9:true]
2026/02/24 17:27:05 [Node:0 GID:100 isLeader:true] shardkv server raft command:{23  GET 0 204 113871309237573403 {0 [0 0 0 0 0 0 0 0 0 0] map[]} map[] 0}
2026/02/24 17:27:05 [Node:0 GID:100 isLeader:true] shardkv server generateSnapshotter raft state size: 717, maxraftstate: 1000
2026/02/24 17:27:05 [Node:2 GID:100 isLeader:false] shardkv server listenApplyCh applyMsg:{true {22  GET 0 203 113871309237573403 {0 [0 0 0 0 0 0 0 0 0 0] map[]} map[] 0} 107 map[] false map[] map[] map[] map[]}
2026/02/24 17:27:05 [Node:0 GID:100 isLeader:true] shardkv server listenApplyCh applyMsg:{true {23  GET 0 204 113871309237573403 {0 [0 0 0 0 0 0 0 0 0 0] map[]} map[] 0} 108 map[] false map[] map[] map[] map[]}
2026/02/24 17:27:05 [Node:0 GID:100 isLeader:true] kv server listenApplyCh op:GET, key:23, value: clientid:113871309237573403, 更新seqNum:204
2026/02/24 17:27:05 [Node:2 GID:100 isLeader:false] kv server listenApplyCh op:GET, key:22, value: clientid:113871309237573403, 更新seqNum:203
2026/02/24 17:27:05 [Node:0 GID:100 isLeader:true] shardkv server raft repley: success op:GET, key:23 value:
2026/02/24 17:27:05 [Node:0 GID:100 isLeader:true] shardkv server get key:23, data:map[2:e7KLJGj9FfoEz52Hcp3HwfJEqjsqrCM77Eatr9ySWtZV5-bqgivFfzMq-CFU 20:sxevmuW7AmVBs1CkujVpZfviNx_cyLLCs5KZa2W-vHPa6tIaQ1TWMfFjBg8D 21:AB-RSTY0r6n0a5q8vcmgCJBEtvS0VzI968wTxFlr92jig8Y-ZPltV3aPiJyk 22:_w4WVM9-y3hR5bZSIEWhXG7IOsnPQXdioSat74EtGstZgEW5kqNUnz1N7bv8 23:QFjsUpC5euDpwYpR2oU397n20hcqvFN_9bwpZDf_-Yzfm0iNtKssm86lqioO 24:IEkCCLX4oicRxt8IqaX3uMQQQDc-7mYmqwyJiBLWjWwOnWwO9ljGeMlQIBVQ 25:gIvRmn0Vk7CvUtn1b9YE7hdubcaKvIAE9xqEHppCs27rAZ57EmpTINV_Wdl8 26:QJpznCkMRhsFOWcrsnvDC_-ShblSIM7jTsRYvJ53f3s3GT6PCbQhL6_g7veQ 27:IX9f8pgSK6B4a77Vh-vxfcHmA8mo8Pnc50R8KpnZAkuIV5yIVGCGSEPnapdx 28:_5uoVW9UzbaA_KtclZvr6Ny6jzGfPvg_5IdEdPzt5iuSFYAXCuXwqUSpD4fa 29:ITUcWpr5oaTUfV03GUIGL4fEgy-w6P82O7oXPyuNRaNWYqb0zlauvBOb3Qdi]
2026/02/24 17:27:05 [Node:0 GID:100 isLeader:true] shardkv server get key:23, value:QFjsUpC5euDpwYpR2oU397n20hcqvFN_9bwpZDf_-Yzfm0iNtKssm86lqioO
2026/02/24 17:27:05 [Node:1 GID:100 isLeader:false] shardkv server listenApplyCh applyMsg:{true {22  GET 0 203 113871309237573403 {0 [0 0 0 0 0 0 0 0 0 0] map[]} map[] 0} 107 map[] false map[] map[] map[] map[]}
2026/02/24 17:27:05 [Node:1 GID:100 isLeader:false] kv server listenApplyCh op:GET, key:22, value: clientid:113871309237573403, 更新seqNum:203
2026/02/24 17:27:05 [Node:0 GID:100 isLeader:true] shardkv server checkGroup key:24, shard:0 shards:map[0:true 1:true 2:true 3:true 4:true 5:true 6:true 7:true 8:true 9:true]
2026/02/24 17:27:05 [Node:0 GID:100 isLeader:true] shardkv server raft command:{24  GET 0 205 113871309237573403 {0 [0 0 0 0 0 0 0 0 0 0] map[]} map[] 0}
2026/02/24 17:27:05 [Node:2 GID:100 isLeader:false] shardkv server generateSnapshotter raft state size: 717, maxraftstate: 1000
2026/02/24 17:27:05 [Node:1 GID:100 isLeader:false] shardkv server generateSnapshotter raft state size: 717, maxraftstate: 1000
2026/02/24 17:27:05 [Node:1 GID:100 isLeader:false] shardkv server listenApplyCh applyMsg:{true {23  GET 0 204 113871309237573403 {0 [0 0 0 0 0 0 0 0 0 0] map[]} map[] 0} 108 map[] false map[] map[] map[] map[]}
2026/02/24 17:27:05 [Node:1 GID:100 isLeader:false] kv server listenApplyCh op:GET, key:23, value: clientid:113871309237573403, 更新seqNum:204
2026/02/24 17:27:05 [Node:2 GID:100 isLeader:false] shardkv server listenApplyCh applyMsg:{true {23  GET 0 204 113871309237573403 {0 [0 0 0 0 0 0 0 0 0 0] map[]} map[] 0} 108 map[] false map[] map[] map[] map[]}
2026/02/24 17:27:05 [Node:2 GID:100 isLeader:false] kv server listenApplyCh op:GET, key:23, value: clientid:113871309237573403, 更新seqNum:204
2026/02/24 17:27:05 [Node:0 GID:100 isLeader:true] shardkv server listenApplyCh applyMsg:{true {24  GET 0 205 113871309237573403 {0 [0 0 0 0 0 0 0 0 0 0] map[]} map[] 0} 109 map[] false map[] map[] map[] map[]}
2026/02/24 17:27:05 [Node:0 GID:100 isLeader:true] kv server listenApplyCh op:GET, key:24, value: clientid:113871309237573403, 更新seqNum:205
2026/02/24 17:27:05 [Node:0 GID:100 isLeader:true] shardkv server raft repley: success op:GET, key:24 value:
2026/02/24 17:27:05 [Node:0 GID:100 isLeader:true] shardkv server get key:24, data:map[2:e7KLJGj9FfoEz52Hcp3HwfJEqjsqrCM77Eatr9ySWtZV5-bqgivFfzMq-CFU 20:sxevmuW7AmVBs1CkujVpZfviNx_cyLLCs5KZa2W-vHPa6tIaQ1TWMfFjBg8D 21:AB-RSTY0r6n0a5q8vcmgCJBEtvS0VzI968wTxFlr92jig8Y-ZPltV3aPiJyk 22:_w4WVM9-y3hR5bZSIEWhXG7IOsnPQXdioSat74EtGstZgEW5kqNUnz1N7bv8 23:QFjsUpC5euDpwYpR2oU397n20hcqvFN_9bwpZDf_-Yzfm0iNtKssm86lqioO 24:IEkCCLX4oicRxt8IqaX3uMQQQDc-7mYmqwyJiBLWjWwOnWwO9ljGeMlQIBVQ 25:gIvRmn0Vk7CvUtn1b9YE7hdubcaKvIAE9xqEHppCs27rAZ57EmpTINV_Wdl8 26:QJpznCkMRhsFOWcrsnvDC_-ShblSIM7jTsRYvJ53f3s3GT6PCbQhL6_g7veQ 27:IX9f8pgSK6B4a77Vh-vxfcHmA8mo8Pnc50R8KpnZAkuIV5yIVGCGSEPnapdx 28:_5uoVW9UzbaA_KtclZvr6Ny6jzGfPvg_5IdEdPzt5iuSFYAXCuXwqUSpD4fa 29:ITUcWpr5oaTUfV03GUIGL4fEgy-w6P82O7oXPyuNRaNWYqb0zlauvBOb3Qdi]
2026/02/24 17:27:05 [Node:0 GID:100 isLeader:true] shardkv server get key:24, value:IEkCCLX4oicRxt8IqaX3uMQQQDc-7mYmqwyJiBLWjWwOnWwO9ljGeMlQIBVQ
2026/02/24 17:27:05 [Node:0 GID:100 isLeader:true] shardkv server checkGroup key:25, shard:0 shards:map[0:true 1:true 2:true 3:true 4:true 5:true 6:true 7:true 8:true 9:true]
2026/02/24 17:27:05 [Node:0 GID:100 isLeader:true] shardkv server raft command:{25  GET 0 206 113871309237573403 {0 [0 0 0 0 0 0 0 0 0 0] map[]} map[] 0}
2026/02/24 17:27:05 [Node:0 GID:100 isLeader:true] shardkv server generateSnapshotter raft state size: 868, maxraftstate: 1000
2026/02/24 17:27:05 [Node:2 GID:100 isLeader:false] shardkv server listenApplyCh applyMsg:{true {24  GET 0 205 113871309237573403 {0 [0 0 0 0 0 0 0 0 0 0] map[]} map[] 0} 109 map[] false map[] map[] map[] map[]}
2026/02/24 17:27:05 [Node:2 GID:100 isLeader:false] kv server listenApplyCh op:GET, key:24, value: clientid:113871309237573403, 更新seqNum:205
2026/02/24 17:27:05 [Node:0 GID:100 isLeader:true] shardkv server listenApplyCh applyMsg:{true {25  GET 0 206 113871309237573403 {0 [0 0 0 0 0 0 0 0 0 0] map[]} map[] 0} 110 map[] false map[] map[] map[] map[]}
2026/02/24 17:27:05 [Node:0 GID:100 isLeader:true] kv server listenApplyCh op:GET, key:25, value: clientid:113871309237573403, 更新seqNum:206
2026/02/24 17:27:05 [Node:0 GID:100 isLeader:true] shardkv server raft repley: success op:GET, key:25 value:
2026/02/24 17:27:05 [Node:1 GID:100 isLeader:false] shardkv server listenApplyCh applyMsg:{true {24  GET 0 205 113871309237573403 {0 [0 0 0 0 0 0 0 0 0 0] map[]} map[] 0} 109 map[] false map[] map[] map[] map[]}
2026/02/24 17:27:05 [Node:0 GID:100 isLeader:true] shardkv server get key:25, data:map[2:e7KLJGj9FfoEz52Hcp3HwfJEqjsqrCM77Eatr9ySWtZV5-bqgivFfzMq-CFU 20:sxevmuW7AmVBs1CkujVpZfviNx_cyLLCs5KZa2W-vHPa6tIaQ1TWMfFjBg8D 21:AB-RSTY0r6n0a5q8vcmgCJBEtvS0VzI968wTxFlr92jig8Y-ZPltV3aPiJyk 22:_w4WVM9-y3hR5bZSIEWhXG7IOsnPQXdioSat74EtGstZgEW5kqNUnz1N7bv8 23:QFjsUpC5euDpwYpR2oU397n20hcqvFN_9bwpZDf_-Yzfm0iNtKssm86lqioO 24:IEkCCLX4oicRxt8IqaX3uMQQQDc-7mYmqwyJiBLWjWwOnWwO9ljGeMlQIBVQ 25:gIvRmn0Vk7CvUtn1b9YE7hdubcaKvIAE9xqEHppCs27rAZ57EmpTINV_Wdl8 26:QJpznCkMRhsFOWcrsnvDC_-ShblSIM7jTsRYvJ53f3s3GT6PCbQhL6_g7veQ 27:IX9f8pgSK6B4a77Vh-vxfcHmA8mo8Pnc50R8KpnZAkuIV5yIVGCGSEPnapdx 28:_5uoVW9UzbaA_KtclZvr6Ny6jzGfPvg_5IdEdPzt5iuSFYAXCuXwqUSpD4fa 29:ITUcWpr5oaTUfV03GUIGL4fEgy-w6P82O7oXPyuNRaNWYqb0zlauvBOb3Qdi]
2026/02/24 17:27:05 [Node:0 GID:100 isLeader:true] shardkv server get key:25, value:gIvRmn0Vk7CvUtn1b9YE7hdubcaKvIAE9xqEHppCs27rAZ57EmpTINV_Wdl8
2026/02/24 17:27:05 [Node:1 GID:100 isLeader:false] kv server listenApplyCh op:GET, key:24, value: clientid:113871309237573403, 更新seqNum:205
2026/02/24 17:27:05 [Node:0 GID:100 isLeader:true] shardkv server checkGroup key:26, shard:0 shards:map[0:true 1:true 2:true 3:true 4:true 5:true 6:true 7:true 8:true 9:true]
2026/02/24 17:27:05 [Node:0 GID:100 isLeader:true] shardkv server raft command:{26  GET 0 207 113871309237573403 {0 [0 0 0 0 0 0 0 0 0 0] map[]} map[] 0}
2026/02/24 17:27:05 [Node:1 GID:100 isLeader:false] shardkv server generateSnapshotter raft state size: 868, maxraftstate: 1000
2026/02/24 17:27:05 [Node:2 GID:100 isLeader:false] shardkv server generateSnapshotter raft state size: 868, maxraftstate: 1000
2026/02/24 17:27:05 [Node:2 GID:100 isLeader:false] shardkv server listenApplyCh applyMsg:{true {25  GET 0 206 113871309237573403 {0 [0 0 0 0 0 0 0 0 0 0] map[]} map[] 0} 110 map[] false map[] map[] map[] map[]}
2026/02/24 17:27:05 [Node:2 GID:100 isLeader:false] kv server listenApplyCh op:GET, key:25, value: clientid:113871309237573403, 更新seqNum:206
2026/02/24 17:27:05 [Node:0 GID:100 isLeader:true] shardkv server listenApplyCh applyMsg:{true {26  GET 0 207 113871309237573403 {0 [0 0 0 0 0 0 0 0 0 0] map[]} map[] 0} 111 map[] false map[] map[] map[] map[]}
2026/02/24 17:27:05 [Node:0 GID:100 isLeader:true] kv server listenApplyCh op:GET, key:26, value: clientid:113871309237573403, 更新seqNum:207
2026/02/24 17:27:05 [Node:0 GID:100 isLeader:true] shardkv server raft repley: success op:GET, key:26 value:
2026/02/24 17:27:05 [Node:0 GID:100 isLeader:true] shardkv server get key:26, data:map[2:e7KLJGj9FfoEz52Hcp3HwfJEqjsqrCM77Eatr9ySWtZV5-bqgivFfzMq-CFU 20:sxevmuW7AmVBs1CkujVpZfviNx_cyLLCs5KZa2W-vHPa6tIaQ1TWMfFjBg8D 21:AB-RSTY0r6n0a5q8vcmgCJBEtvS0VzI968wTxFlr92jig8Y-ZPltV3aPiJyk 22:_w4WVM9-y3hR5bZSIEWhXG7IOsnPQXdioSat74EtGstZgEW5kqNUnz1N7bv8 23:QFjsUpC5euDpwYpR2oU397n20hcqvFN_9bwpZDf_-Yzfm0iNtKssm86lqioO 24:IEkCCLX4oicRxt8IqaX3uMQQQDc-7mYmqwyJiBLWjWwOnWwO9ljGeMlQIBVQ 25:gIvRmn0Vk7CvUtn1b9YE7hdubcaKvIAE9xqEHppCs27rAZ57EmpTINV_Wdl8 26:QJpznCkMRhsFOWcrsnvDC_-ShblSIM7jTsRYvJ53f3s3GT6PCbQhL6_g7veQ 27:IX9f8pgSK6B4a77Vh-vxfcHmA8mo8Pnc50R8KpnZAkuIV5yIVGCGSEPnapdx 28:_5uoVW9UzbaA_KtclZvr6Ny6jzGfPvg_5IdEdPzt5iuSFYAXCuXwqUSpD4fa 29:ITUcWpr5oaTUfV03GUIGL4fEgy-w6P82O7oXPyuNRaNWYqb0zlauvBOb3Qdi]
2026/02/24 17:27:05 [Node:0 GID:100 isLeader:true] shardkv server get key:26, value:QJpznCkMRhsFOWcrsnvDC_-ShblSIM7jTsRYvJ53f3s3GT6PCbQhL6_g7veQ
2026/02/24 17:27:05 [Node:0 GID:100 isLeader:true] shardkv server checkGroup key:27, shard:0 shards:map[0:true 1:true 2:true 3:true 4:true 5:true 6:true 7:true 8:true 9:true]
2026/02/24 17:27:05 [Node:0 GID:100 isLeader:true] shardkv server raft command:{27  GET 0 208 113871309237573403 {0 [0 0 0 0 0 0 0 0 0 0] map[]} map[] 0}
2026/02/24 17:27:05 [Node:1 GID:100 isLeader:false] shardkv server listenApplyCh applyMsg:{true {25  GET 0 206 113871309237573403 {0 [0 0 0 0 0 0 0 0 0 0] map[]} map[] 0} 110 map[] false map[] map[] map[] map[]}
2026/02/24 17:27:05 [Node:1 GID:100 isLeader:false] kv server listenApplyCh op:GET, key:25, value: clientid:113871309237573403, 更新seqNum:206
2026/02/24 17:27:05 [Node:0 GID:100 isLeader:true] shardkv server generateSnapshotter raft state size: 1018, maxraftstate: 1000
2026/02/24 17:27:05 [Node:0 GID:100 isLeader:true] shardkv server generateSnapshotter start data:map[0:map[2:e7KLJGj9FfoEz52Hcp3HwfJEqjsqrCM77Eatr9ySWtZV5-bqgivFfzMq-CFU 20:sxevmuW7AmVBs1CkujVpZfviNx_cyLLCs5KZa2W-vHPa6tIaQ1TWMfFjBg8D 21:AB-RSTY0r6n0a5q8vcmgCJBEtvS0VzI968wTxFlr92jig8Y-ZPltV3aPiJyk 22:_w4WVM9-y3hR5bZSIEWhXG7IOsnPQXdioSat74EtGstZgEW5kqNUnz1N7bv8 23:QFjsUpC5euDpwYpR2oU397n20hcqvFN_9bwpZDf_-Yzfm0iNtKssm86lqioO 24:IEkCCLX4oicRxt8IqaX3uMQQQDc-7mYmqwyJiBLWjWwOnWwO9ljGeMlQIBVQ 25:gIvRmn0Vk7CvUtn1b9YE7hdubcaKvIAE9xqEHppCs27rAZ57EmpTINV_Wdl8 26:QJpznCkMRhsFOWcrsnvDC_-ShblSIM7jTsRYvJ53f3s3GT6PCbQhL6_g7veQ 27:IX9f8pgSK6B4a77Vh-vxfcHmA8mo8Pnc50R8KpnZAkuIV5yIVGCGSEPnapdx 28:_5uoVW9UzbaA_KtclZvr6Ny6jzGfPvg_5IdEdPzt5iuSFYAXCuXwqUSpD4fa 29:ITUcWpr5oaTUfV03GUIGL4fEgy-w6P82O7oXPyuNRaNWYqb0zlauvBOb3Qdi] 1:map[3:Hru2hXtYBJ0LEvhhZyB7] 2:map[4:4_jSWlOJHgao3DYGmXfxVEqD-neXPsXsTGbAZFT_WiACVRcHVzJ_AEs8qMjx] 3:map[5:7Qs3WNhdC_Xy7ku2e5YO] 4:map[6:lFVqDSzzWwLbl3rpO8tR5jJspmoBfi75NciYWGeDaHhL350aZn7rlqU7FI2-] 5:map[7:z2LVJuJMcOCsm-VAweCT] 6:map[8:25imAyinhov1A9x-2_yHk8Pq-A3_DvuSUvtv7denCbw36nmpiMlFNFC7lYL2] 7:map[9:W2k9CA3KTZbuggglJ85F] 8:map[0:4JPKOsUVfVcvncyCAj-8r3rmeT9zc5O7TF63zv6xBeNKfFJRCzVlq1gf_rNH] 9:map[1:7feyKfcAmKMj84e-Z9Qy 10:ZIo_MWLuWr11IuKrdiJ2 11:G-WdPfixCsStieX94OwO 12:96ZhhvdDDUM5xUOVYxQI 13:XE90ySoOGhjGY2lx7_n6 14:qYFp5ienKQiZmDXCokTB 15:hfoSBfHfoMGZC-E23lrs 16:w49ucCQcjPa0iUGSzwdg 17:tS93z-FyNwnLWHVevezP 18:eGx5LOeZm_ldSj2mREyz 19:TuU_Zvm4dt_Z_xRmrtr8]]
2026/02/24 17:27:05 [Node:1 GID:100 isLeader:false] shardkv server listenApplyCh applyMsg:{false <nil> 111 map[] true map[] map[0:map[2:e7KLJGj9FfoEz52Hcp3HwfJEqjsqrCM77Eatr9ySWtZV5-bqgivFfzMq-CFU 20:sxevmuW7AmVBs1CkujVpZfviNx_cyLLCs5KZa2W-vHPa6tIaQ1TWMfFjBg8D 21:AB-RSTY0r6n0a5q8vcmgCJBEtvS0VzI968wTxFlr92jig8Y-ZPltV3aPiJyk 22:_w4WVM9-y3hR5bZSIEWhXG7IOsnPQXdioSat74EtGstZgEW5kqNUnz1N7bv8 23:QFjsUpC5euDpwYpR2oU397n20hcqvFN_9bwpZDf_-Yzfm0iNtKssm86lqioO 24:IEkCCLX4oicRxt8IqaX3uMQQQDc-7mYmqwyJiBLWjWwOnWwO9ljGeMlQIBVQ 25:gIvRmn0Vk7CvUtn1b9YE7hdubcaKvIAE9xqEHppCs27rAZ57EmpTINV_Wdl8 26:QJpznCkMRhsFOWcrsnvDC_-ShblSIM7jTsRYvJ53f3s3GT6PCbQhL6_g7veQ 27:IX9f8pgSK6B4a77Vh-vxfcHmA8mo8Pnc50R8KpnZAkuIV5yIVGCGSEPnapdx 28:_5uoVW9UzbaA_KtclZvr6Ny6jzGfPvg_5IdEdPzt5iuSFYAXCuXwqUSpD4fa 29:ITUcWpr5oaTUfV03GUIGL4fEgy-w6P82O7oXPyuNRaNWYqb0zlauvBOb3Qdi] 1:map[3:Hru2hXtYBJ0LEvhhZyB7] 2:map[4:4_jSWlOJHgao3DYGmXfxVEqD-neXPsXsTGbAZFT_WiACVRcHVzJ_AEs8qMjx] 3:map[5:7Qs3WNhdC_Xy7ku2e5YO] 4:map[6:lFVqDSzzWwLbl3rpO8tR5jJspmoBfi75NciYWGeDaHhL350aZn7rlqU7FI2-] 5:map[7:z2LVJuJMcOCsm-VAweCT] 6:map[8:25imAyinhov1A9x-2_yHk8Pq-A3_DvuSUvtv7denCbw36nmpiMlFNFC7lYL2] 7:map[9:W2k9CA3KTZbuggglJ85F] 8:map[0:4JPKOsUVfVcvncyCAj-8r3rmeT9zc5O7TF63zv6xBeNKfFJRCzVlq1gf_rNH] 9:map[1:7feyKfcAmKMj84e-Z9Qy 10:ZIo_MWLuWr11IuKrdiJ2 11:G-WdPfixCsStieX94OwO 12:96ZhhvdDDUM5xUOVYxQI 13:XE90ySoOGhjGY2lx7_n6 14:qYFp5ienKQiZmDXCokTB 15:hfoSBfHfoMGZC-E23lrs 16:w49ucCQcjPa0iUGSzwdg 17:tS93z-FyNwnLWHVevezP 18:eGx5LOeZm_ldSj2mREyz 19:TuU_Zvm4dt_Z_xRmrtr8]] map[0:map[0:6 113871309237573403:207] 1:map[113871309237573403:34] 2:map[113871309237573403:185] 3:map[113871309237573403:36] 4:map[113871309237573403:187] 5:map[113871309237573403:38] 6:map[113871309237573403:189] 7:map[113871309237573403:40] 8:map[113871309237573403:181] 9:map[113871309237573403:50]] map[0:NORMAL 1:INVALID 2:NORMAL 3:INVALID 4:NORMAL 5:INVALID 6:NORMAL 7:INVALID 8:NORMAL 9:INVALID]}
2026/02/24 17:27:05 [Node:1 GID:100 isLeader:false] shardkv server listenApplyCh load snapshot data:map[0:map[2:e7KLJGj9FfoEz52Hcp3HwfJEqjsqrCM77Eatr9ySWtZV5-bqgivFfzMq-CFU 20:sxevmuW7AmVBs1CkujVpZfviNx_cyLLCs5KZa2W-vHPa6tIaQ1TWMfFjBg8D 21:AB-RSTY0r6n0a5q8vcmgCJBEtvS0VzI968wTxFlr92jig8Y-ZPltV3aPiJyk 22:_w4WVM9-y3hR5bZSIEWhXG7IOsnPQXdioSat74EtGstZgEW5kqNUnz1N7bv8 23:QFjsUpC5euDpwYpR2oU397n20hcqvFN_9bwpZDf_-Yzfm0iNtKssm86lqioO 24:IEkCCLX4oicRxt8IqaX3uMQQQDc-7mYmqwyJiBLWjWwOnWwO9ljGeMlQIBVQ 25:gIvRmn0Vk7CvUtn1b9YE7hdubcaKvIAE9xqEHppCs27rAZ57EmpTINV_Wdl8 26:QJpznCkMRhsFOWcrsnvDC_-ShblSIM7jTsRYvJ53f3s3GT6PCbQhL6_g7veQ 27:IX9f8pgSK6B4a77Vh-vxfcHmA8mo8Pnc50R8KpnZAkuIV5yIVGCGSEPnapdx 28:_5uoVW9UzbaA_KtclZvr6Ny6jzGfPvg_5IdEdPzt5iuSFYAXCuXwqUSpD4fa 29:ITUcWpr5oaTUfV03GUIGL4fEgy-w6P82O7oXPyuNRaNWYqb0zlauvBOb3Qdi] 1:map[3:Hru2hXtYBJ0LEvhhZyB7] 2:map[4:4_jSWlOJHgao3DYGmXfxVEqD-neXPsXsTGbAZFT_WiACVRcHVzJ_AEs8qMjx] 3:map[5:7Qs3WNhdC_Xy7ku2e5YO] 4:map[6:lFVqDSzzWwLbl3rpO8tR5jJspmoBfi75NciYWGeDaHhL350aZn7rlqU7FI2-] 5:map[7:z2LVJuJMcOCsm-VAweCT] 6:map[8:25imAyinhov1A9x-2_yHk8Pq-A3_DvuSUvtv7denCbw36nmpiMlFNFC7lYL2] 7:map[9:W2k9CA3KTZbuggglJ85F] 8:map[0:4JPKOsUVfVcvncyCAj-8r3rmeT9zc5O7TF63zv6xBeNKfFJRCzVlq1gf_rNH] 9:map[1:7feyKfcAmKMj84e-Z9Qy 10:ZIo_MWLuWr11IuKrdiJ2 11:G-WdPfixCsStieX94OwO 12:96ZhhvdDDUM5xUOVYxQI 13:XE90ySoOGhjGY2lx7_n6 14:qYFp5ienKQiZmDXCokTB 15:hfoSBfHfoMGZC-E23lrs 16:w49ucCQcjPa0iUGSzwdg 17:tS93z-FyNwnLWHVevezP 18:eGx5LOeZm_ldSj2mREyz 19:TuU_Zvm4dt_Z_xRmrtr8]] seqNums:map[0:map[0:6 113871309237573403:207] 1:map[113871309237573403:34] 2:map[113871309237573403:185] 3:map[113871309237573403:36] 4:map[113871309237573403:187] 5:map[113871309237573403:38] 6:map[113871309237573403:189] 7:map[113871309237573403:40] 8:map[113871309237573403:181] 9:map[113871309237573403:50]]
2026/02/24 17:27:05 [Node:2 GID:100 isLeader:false] shardkv server listenApplyCh applyMsg:{false <nil> 111 map[] true map[] map[0:map[2:e7KLJGj9FfoEz52Hcp3HwfJEqjsqrCM77Eatr9ySWtZV5-bqgivFfzMq-CFU 20:sxevmuW7AmVBs1CkujVpZfviNx_cyLLCs5KZa2W-vHPa6tIaQ1TWMfFjBg8D 21:AB-RSTY0r6n0a5q8vcmgCJBEtvS0VzI968wTxFlr92jig8Y-ZPltV3aPiJyk 22:_w4WVM9-y3hR5bZSIEWhXG7IOsnPQXdioSat74EtGstZgEW5kqNUnz1N7bv8 23:QFjsUpC5euDpwYpR2oU397n20hcqvFN_9bwpZDf_-Yzfm0iNtKssm86lqioO 24:IEkCCLX4oicRxt8IqaX3uMQQQDc-7mYmqwyJiBLWjWwOnWwO9ljGeMlQIBVQ 25:gIvRmn0Vk7CvUtn1b9YE7hdubcaKvIAE9xqEHppCs27rAZ57EmpTINV_Wdl8 26:QJpznCkMRhsFOWcrsnvDC_-ShblSIM7jTsRYvJ53f3s3GT6PCbQhL6_g7veQ 27:IX9f8pgSK6B4a77Vh-vxfcHmA8mo8Pnc50R8KpnZAkuIV5yIVGCGSEPnapdx 28:_5uoVW9UzbaA_KtclZvr6Ny6jzGfPvg_5IdEdPzt5iuSFYAXCuXwqUSpD4fa 29:ITUcWpr5oaTUfV03GUIGL4fEgy-w6P82O7oXPyuNRaNWYqb0zlauvBOb3Qdi] 1:map[3:Hru2hXtYBJ0LEvhhZyB7] 2:map[4:4_jSWlOJHgao3DYGmXfxVEqD-neXPsXsTGbAZFT_WiACVRcHVzJ_AEs8qMjx] 3:map[5:7Qs3WNhdC_Xy7ku2e5YO] 4:map[6:lFVqDSzzWwLbl3rpO8tR5jJspmoBfi75NciYWGeDaHhL350aZn7rlqU7FI2-] 5:map[7:z2LVJuJMcOCsm-VAweCT] 6:map[8:25imAyinhov1A9x-2_yHk8Pq-A3_DvuSUvtv7denCbw36nmpiMlFNFC7lYL2] 7:map[9:W2k9CA3KTZbuggglJ85F] 8:map[0:4JPKOsUVfVcvncyCAj-8r3rmeT9zc5O7TF63zv6xBeNKfFJRCzVlq1gf_rNH] 9:map[1:7feyKfcAmKMj84e-Z9Qy 10:ZIo_MWLuWr11IuKrdiJ2 11:G-WdPfixCsStieX94OwO 12:96ZhhvdDDUM5xUOVYxQI 13:XE90ySoOGhjGY2lx7_n6 14:qYFp5ienKQiZmDXCokTB 15:hfoSBfHfoMGZC-E23lrs 16:w49ucCQcjPa0iUGSzwdg 17:tS93z-FyNwnLWHVevezP 18:eGx5LOeZm_ldSj2mREyz 19:TuU_Zvm4dt_Z_xRmrtr8]] map[0:map[0:6 113871309237573403:207] 1:map[113871309237573403:34] 2:map[113871309237573403:185] 3:map[113871309237573403:36] 4:map[113871309237573403:187] 5:map[113871309237573403:38] 6:map[113871309237573403:189] 7:map[113871309237573403:40] 8:map[113871309237573403:181] 9:map[113871309237573403:50]] map[0:NORMAL 1:INVALID 2:NORMAL 3:INVALID 4:NORMAL 5:INVALID 6:NORMAL 7:INVALID 8:NORMAL 9:INVALID]}
2026/02/24 17:27:05 [Node:2 GID:100 isLeader:false] shardkv server listenApplyCh load snapshot data:map[0:map[2:e7KLJGj9FfoEz52Hcp3HwfJEqjsqrCM77Eatr9ySWtZV5-bqgivFfzMq-CFU 20:sxevmuW7AmVBs1CkujVpZfviNx_cyLLCs5KZa2W-vHPa6tIaQ1TWMfFjBg8D 21:AB-RSTY0r6n0a5q8vcmgCJBEtvS0VzI968wTxFlr92jig8Y-ZPltV3aPiJyk 22:_w4WVM9-y3hR5bZSIEWhXG7IOsnPQXdioSat74EtGstZgEW5kqNUnz1N7bv8 23:QFjsUpC5euDpwYpR2oU397n20hcqvFN_9bwpZDf_-Yzfm0iNtKssm86lqioO 24:IEkCCLX4oicRxt8IqaX3uMQQQDc-7mYmqwyJiBLWjWwOnWwO9ljGeMlQIBVQ 25:gIvRmn0Vk7CvUtn1b9YE7hdubcaKvIAE9xqEHppCs27rAZ57EmpTINV_Wdl8 26:QJpznCkMRhsFOWcrsnvDC_-ShblSIM7jTsRYvJ53f3s3GT6PCbQhL6_g7veQ 27:IX9f8pgSK6B4a77Vh-vxfcHmA8mo8Pnc50R8KpnZAkuIV5yIVGCGSEPnapdx 28:_5uoVW9UzbaA_KtclZvr6Ny6jzGfPvg_5IdEdPzt5iuSFYAXCuXwqUSpD4fa 29:ITUcWpr5oaTUfV03GUIGL4fEgy-w6P82O7oXPyuNRaNWYqb0zlauvBOb3Qdi] 1:map[3:Hru2hXtYBJ0LEvhhZyB7] 2:map[4:4_jSWlOJHgao3DYGmXfxVEqD-neXPsXsTGbAZFT_WiACVRcHVzJ_AEs8qMjx] 3:map[5:7Qs3WNhdC_Xy7ku2e5YO] 4:map[6:lFVqDSzzWwLbl3rpO8tR5jJspmoBfi75NciYWGeDaHhL350aZn7rlqU7FI2-] 5:map[7:z2LVJuJMcOCsm-VAweCT] 6:map[8:25imAyinhov1A9x-2_yHk8Pq-A3_DvuSUvtv7denCbw36nmpiMlFNFC7lYL2] 7:map[9:W2k9CA3KTZbuggglJ85F] 8:map[0:4JPKOsUVfVcvncyCAj-8r3rmeT9zc5O7TF63zv6xBeNKfFJRCzVlq1gf_rNH] 9:map[1:7feyKfcAmKMj84e-Z9Qy 10:ZIo_MWLuWr11IuKrdiJ2 11:G-WdPfixCsStieX94OwO 12:96ZhhvdDDUM5xUOVYxQI 13:XE90ySoOGhjGY2lx7_n6 14:qYFp5ienKQiZmDXCokTB 15:hfoSBfHfoMGZC-E23lrs 16:w49ucCQcjPa0iUGSzwdg 17:tS93z-FyNwnLWHVevezP 18:eGx5LOeZm_ldSj2mREyz 19:TuU_Zvm4dt_Z_xRmrtr8]] seqNums:map[0:map[0:6 113871309237573403:207] 1:map[113871309237573403:34] 2:map[113871309237573403:185] 3:map[113871309237573403:36] 4:map[113871309237573403:187] 5:map[113871309237573403:38] 6:map[113871309237573403:189] 7:map[113871309237573403:40] 8:map[113871309237573403:181] 9:map[113871309237573403:50]]
2026/02/24 17:27:05 [Node:0 GID:100 isLeader:true] shardkv server listenApplyCh applyMsg:{true {27  GET 0 208 113871309237573403 {0 [0 0 0 0 0 0 0 0 0 0] map[]} map[] 0} 112 map[] false map[] map[] map[] map[]}
2026/02/24 17:27:05 [Node:0 GID:100 isLeader:true] kv server listenApplyCh op:GET, key:27, value: clientid:113871309237573403, 更新seqNum:208
2026/02/24 17:27:05 [Node:0 GID:100 isLeader:true] shardkv server raft repley: success op:GET, key:27 value:
2026/02/24 17:27:05 [Node:0 GID:100 isLeader:true] shardkv server get key:27, data:map[2:e7KLJGj9FfoEz52Hcp3HwfJEqjsqrCM77Eatr9ySWtZV5-bqgivFfzMq-CFU 20:sxevmuW7AmVBs1CkujVpZfviNx_cyLLCs5KZa2W-vHPa6tIaQ1TWMfFjBg8D 21:AB-RSTY0r6n0a5q8vcmgCJBEtvS0VzI968wTxFlr92jig8Y-ZPltV3aPiJyk 22:_w4WVM9-y3hR5bZSIEWhXG7IOsnPQXdioSat74EtGstZgEW5kqNUnz1N7bv8 23:QFjsUpC5euDpwYpR2oU397n20hcqvFN_9bwpZDf_-Yzfm0iNtKssm86lqioO 24:IEkCCLX4oicRxt8IqaX3uMQQQDc-7mYmqwyJiBLWjWwOnWwO9ljGeMlQIBVQ 25:gIvRmn0Vk7CvUtn1b9YE7hdubcaKvIAE9xqEHppCs27rAZ57EmpTINV_Wdl8 26:QJpznCkMRhsFOWcrsnvDC_-ShblSIM7jTsRYvJ53f3s3GT6PCbQhL6_g7veQ 27:IX9f8pgSK6B4a77Vh-vxfcHmA8mo8Pnc50R8KpnZAkuIV5yIVGCGSEPnapdx 28:_5uoVW9UzbaA_KtclZvr6Ny6jzGfPvg_5IdEdPzt5iuSFYAXCuXwqUSpD4fa 29:ITUcWpr5oaTUfV03GUIGL4fEgy-w6P82O7oXPyuNRaNWYqb0zlauvBOb3Qdi]
2026/02/24 17:27:05 [Node:0 GID:100 isLeader:true] shardkv server get key:27, value:IX9f8pgSK6B4a77Vh-vxfcHmA8mo8Pnc50R8KpnZAkuIV5yIVGCGSEPnapdx
2026/02/24 17:27:05 [Node:0 GID:100 isLeader:true] shardkv server checkGroup key:28, shard:0 shards:map[0:true 1:true 2:true 3:true 4:true 5:true 6:true 7:true 8:true 9:true]
2026/02/24 17:27:05 [Node:0 GID:100 isLeader:true] shardkv server raft command:{28  GET 0 209 113871309237573403 {0 [0 0 0 0 0 0 0 0 0 0] map[]} map[] 0}
2026/02/24 17:27:05 [Node:2 GID:100 isLeader:false] shardkv server generateSnapshotter raft state size: 566, maxraftstate: 1000
2026/02/24 17:27:05 [Node:1 GID:100 isLeader:false] shardkv server generateSnapshotter raft state size: 566, maxraftstate: 1000
2026/02/24 17:27:05 [Node:2 GID:100 isLeader:false] shardkv server listenApplyCh applyMsg:{true {27  GET 0 208 113871309237573403 {0 [0 0 0 0 0 0 0 0 0 0] map[]} map[] 0} 112 map[] false map[] map[] map[] map[]}
2026/02/24 17:27:05 [Node:2 GID:100 isLeader:false] kv server listenApplyCh op:GET, key:27, value: clientid:113871309237573403, 更新seqNum:208
2026/02/24 17:27:05 [Node:1 GID:100 isLeader:false] shardkv server listenApplyCh applyMsg:{true {27  GET 0 208 113871309237573403 {0 [0 0 0 0 0 0 0 0 0 0] map[]} map[] 0} 112 map[] false map[] map[] map[] map[]}
2026/02/24 17:27:05 [Node:1 GID:100 isLeader:false] kv server listenApplyCh op:GET, key:27, value: clientid:113871309237573403, 更新seqNum:208
2026/02/24 17:27:05 [Node:0 GID:100 isLeader:true] shardkv server listenApplyCh applyMsg:{true {28  GET 0 209 113871309237573403 {0 [0 0 0 0 0 0 0 0 0 0] map[]} map[] 0} 113 map[] false map[] map[] map[] map[]}
2026/02/24 17:27:05 [Node:0 GID:100 isLeader:true] kv server listenApplyCh op:GET, key:28, value: clientid:113871309237573403, 更新seqNum:209
2026/02/24 17:27:05 [Node:0 GID:100 isLeader:true] shardkv server raft repley: success op:GET, key:28 value:
2026/02/24 17:27:05 [Node:0 GID:100 isLeader:true] shardkv server get key:28, data:map[2:e7KLJGj9FfoEz52Hcp3HwfJEqjsqrCM77Eatr9ySWtZV5-bqgivFfzMq-CFU 20:sxevmuW7AmVBs1CkujVpZfviNx_cyLLCs5KZa2W-vHPa6tIaQ1TWMfFjBg8D 21:AB-RSTY0r6n0a5q8vcmgCJBEtvS0VzI968wTxFlr92jig8Y-ZPltV3aPiJyk 22:_w4WVM9-y3hR5bZSIEWhXG7IOsnPQXdioSat74EtGstZgEW5kqNUnz1N7bv8 23:QFjsUpC5euDpwYpR2oU397n20hcqvFN_9bwpZDf_-Yzfm0iNtKssm86lqioO 24:IEkCCLX4oicRxt8IqaX3uMQQQDc-7mYmqwyJiBLWjWwOnWwO9ljGeMlQIBVQ 25:gIvRmn0Vk7CvUtn1b9YE7hdubcaKvIAE9xqEHppCs27rAZ57EmpTINV_Wdl8 26:QJpznCkMRhsFOWcrsnvDC_-ShblSIM7jTsRYvJ53f3s3GT6PCbQhL6_g7veQ 27:IX9f8pgSK6B4a77Vh-vxfcHmA8mo8Pnc50R8KpnZAkuIV5yIVGCGSEPnapdx 28:_5uoVW9UzbaA_KtclZvr6Ny6jzGfPvg_5IdEdPzt5iuSFYAXCuXwqUSpD4fa 29:ITUcWpr5oaTUfV03GUIGL4fEgy-w6P82O7oXPyuNRaNWYqb0zlauvBOb3Qdi]
2026/02/24 17:27:05 [Node:0 GID:100 isLeader:true] shardkv server get key:28, value:_5uoVW9UzbaA_KtclZvr6Ny6jzGfPvg_5IdEdPzt5iuSFYAXCuXwqUSpD4fa
2026/02/24 17:27:05 [Node:0 GID:100 isLeader:true] shardkv server checkGroup key:29, shard:0 shards:map[0:true 1:true 2:true 3:true 4:true 5:true 6:true 7:true 8:true 9:true]
2026/02/24 17:27:05 [Node:0 GID:100 isLeader:true] shardkv server raft command:{29  GET 0 210 113871309237573403 {0 [0 0 0 0 0 0 0 0 0 0] map[]} map[] 0}
2026/02/24 17:27:05 [Node:0 GID:100 isLeader:true] shardkv server generateSnapshotter raft state size: 717, maxraftstate: 1000
2026/02/24 17:27:05 [Node:1 GID:100 isLeader:false] shardkv server listenApplyCh applyMsg:{true {28  GET 0 209 113871309237573403 {0 [0 0 0 0 0 0 0 0 0 0] map[]} map[] 0} 113 map[] false map[] map[] map[] map[]}
2026/02/24 17:27:05 [Node:1 GID:100 isLeader:false] kv server listenApplyCh op:GET, key:28, value: clientid:113871309237573403, 更新seqNum:209
2026/02/24 17:27:05 [Node:2 GID:100 isLeader:false] shardkv server listenApplyCh applyMsg:{true {28  GET 0 209 113871309237573403 {0 [0 0 0 0 0 0 0 0 0 0] map[]} map[] 0} 113 map[] false map[] map[] map[] map[]}
2026/02/24 17:27:05 [Node:2 GID:100 isLeader:false] kv server listenApplyCh op:GET, key:28, value: clientid:113871309237573403, 更新seqNum:209
2026/02/24 17:27:05 [Node:0 GID:100 isLeader:true] shardkv server listenApplyCh applyMsg:{true {29  GET 0 210 113871309237573403 {0 [0 0 0 0 0 0 0 0 0 0] map[]} map[] 0} 114 map[] false map[] map[] map[] map[]}
2026/02/24 17:27:05 [Node:0 GID:100 isLeader:true] kv server listenApplyCh op:GET, key:29, value: clientid:113871309237573403, 更新seqNum:210
2026/02/24 17:27:05 [Node:0 GID:100 isLeader:true] shardkv server raft repley: success op:GET, key:29 value:
2026/02/24 17:27:05 [Node:0 GID:100 isLeader:true] shardkv server get key:29, data:map[2:e7KLJGj9FfoEz52Hcp3HwfJEqjsqrCM77Eatr9ySWtZV5-bqgivFfzMq-CFU 20:sxevmuW7AmVBs1CkujVpZfviNx_cyLLCs5KZa2W-vHPa6tIaQ1TWMfFjBg8D 21:AB-RSTY0r6n0a5q8vcmgCJBEtvS0VzI968wTxFlr92jig8Y-ZPltV3aPiJyk 22:_w4WVM9-y3hR5bZSIEWhXG7IOsnPQXdioSat74EtGstZgEW5kqNUnz1N7bv8 23:QFjsUpC5euDpwYpR2oU397n20hcqvFN_9bwpZDf_-Yzfm0iNtKssm86lqioO 24:IEkCCLX4oicRxt8IqaX3uMQQQDc-7mYmqwyJiBLWjWwOnWwO9ljGeMlQIBVQ 25:gIvRmn0Vk7CvUtn1b9YE7hdubcaKvIAE9xqEHppCs27rAZ57EmpTINV_Wdl8 26:QJpznCkMRhsFOWcrsnvDC_-ShblSIM7jTsRYvJ53f3s3GT6PCbQhL6_g7veQ 27:IX9f8pgSK6B4a77Vh-vxfcHmA8mo8Pnc50R8KpnZAkuIV5yIVGCGSEPnapdx 28:_5uoVW9UzbaA_KtclZvr6Ny6jzGfPvg_5IdEdPzt5iuSFYAXCuXwqUSpD4fa 29:ITUcWpr5oaTUfV03GUIGL4fEgy-w6P82O7oXPyuNRaNWYqb0zlauvBOb3Qdi]
2026/02/24 17:27:05 [Node:0 GID:100 isLeader:true] shardkv server get key:29, value:ITUcWpr5oaTUfV03GUIGL4fEgy-w6P82O7oXPyuNRaNWYqb0zlauvBOb3Qdi
2026/02/24 17:27:05 [Node:2 GID:100 isLeader:false] shardkv server generateSnapshotter raft state size: 717, maxraftstate: 1000
2026/02/24 17:27:05 [Node:1 GID:100 isLeader:false] shardkv server generateSnapshotter raft state size: 717, maxraftstate: 1000
2026/02/24 17:27:05 [Node:1 GID:100 isLeader:false] shardkv server listenApplyCh applyMsg:{true {29  GET 0 210 113871309237573403 {0 [0 0 0 0 0 0 0 0 0 0] map[]} map[] 0} 114 map[] false map[] map[] map[] map[]}
2026/02/24 17:27:05 [Node:1 GID:100 isLeader:false] kv server listenApplyCh op:GET, key:29, value: clientid:113871309237573403, 更新seqNum:210
2026/02/24 17:27:05 [Node:2 GID:100 isLeader:false] shardkv server listenApplyCh applyMsg:{true {29  GET 0 210 113871309237573403 {0 [0 0 0 0 0 0 0 0 0 0] map[]} map[] 0} 114 map[] false map[] map[] map[] map[]}
2026/02/24 17:27:05 [Node:2 GID:100 isLeader:false] kv server listenApplyCh op:GET, key:29, value: clientid:113871309237573403, 更新seqNum:210
2026/02/24 17:27:05 [Node:0 GID:100 isLeader:true] shardkv server generateSnapshotter raft state size: 717, maxraftstate: 1000
2026/02/24 17:27:05 [Node:1 GID:100 isLeader:false] shardkv server generateSnapshotter raft state size: 717, maxraftstate: 1000
2026/02/24 17:27:05 [Node:2 GID:100 isLeader:false] shardkv server generateSnapshotter raft state size: 717, maxraftstate: 1000
2026/02/24 17:27:05 [Node:0 GID:100 isLeader:true] shardkv server generateSnapshotter raft state size: 717, maxraftstate: 1000
2026/02/24 17:27:05 [Node:1 GID:100 isLeader:false] shardkv server generateSnapshotter raft state size: 717, maxraftstate: 1000
2026/02/24 17:27:05 [Node:2 GID:100 isLeader:false] shardkv server generateSnapshotter raft state size: 717, maxraftstate: 1000
2026/02/24 17:27:05 [Node:0 GID:100 isLeader:true] shardkv server generateSnapshotter raft state size: 717, maxraftstate: 1000
2026/02/24 17:27:05 [Node:1 GID:100 isLeader:false] shardkv server generateSnapshotter raft state size: 717, maxraftstate: 1000
2026/02/24 17:27:05 [Node:2 GID:100 isLeader:false] shardkv server generateSnapshotter raft state size: 717, maxraftstate: 1000
2026/02/24 17:27:05 [Node:0 GID:100 isLeader:true] shardkv server generateSnapshotter raft state size: 717, maxraftstate: 1000
2026/02/24 17:27:05 [Node:2 GID:100 isLeader:false] shardkv server generateSnapshotter raft state size: 717, maxraftstate: 1000
2026/02/24 17:27:05 [Node:1 GID:100 isLeader:false] shardkv server generateSnapshotter raft state size: 717, maxraftstate: 1000
2026/02/24 17:27:05 [Node:0 GID:100 isLeader:true] shardkv server generateSnapshotter raft state size: 717, maxraftstate: 1000
2026/02/24 17:27:06 [Node:1 GID:100 isLeader:false] shardkv server generateSnapshotter raft state size: 717, maxraftstate: 1000
2026/02/24 17:27:06 [Node:2 GID:100 isLeader:false] shardkv server generateSnapshotter raft state size: 717, maxraftstate: 1000
2026/02/24 17:27:06 [Node:0 GID:100 isLeader:true] shardkv server generateSnapshotter raft state size: 717, maxraftstate: 1000
2026/02/24 17:27:06 [Node:1 GID:100 isLeader:false] shardkv server generateSnapshotter raft state size: 717, maxraftstate: 1000
2026/02/24 17:27:06 [Node:2 GID:100 isLeader:false] shardkv server generateSnapshotter raft state size: 717, maxraftstate: 1000
2026/02/24 17:27:06 [Node:0 GID:100 isLeader:true] shardkv server generateSnapshotter raft state size: 717, maxraftstate: 1000
2026/02/24 17:27:06 [Node:2 GID:100 isLeader:false] shardkv server generateSnapshotter raft state size: 717, maxraftstate: 1000
2026/02/24 17:27:06 [Node:1 GID:100 isLeader:false] shardkv server generateSnapshotter raft state size: 717, maxraftstate: 1000
2026/02/24 17:27:06 [Node:0 GID:100 isLeader:true] shardkv server generateSnapshotter raft state size: 717, maxraftstate: 1000
2026/02/24 17:27:06 [Node:1 GID:100 isLeader:false] shardkv server generateSnapshotter raft state size: 717, maxraftstate: 1000
2026/02/24 17:27:06 [Node:2 GID:100 isLeader:false] shardkv server generateSnapshotter raft state size: 717, maxraftstate: 1000
2026/02/24 17:27:06 [Node:0 GID:100 isLeader:true] shardkv server generateSnapshotter raft state size: 717, maxraftstate: 1000
2026/02/24 17:27:06 [Node:1 GID:100 isLeader:false] shardkv server generateSnapshotter raft state size: 717, maxraftstate: 1000
2026/02/24 17:27:06 [Node:2 GID:100 isLeader:false] shardkv server generateSnapshotter raft state size: 717, maxraftstate: 1000
2026/02/24 17:27:06 [Node:0 GID:100 isLeader:true] shardkv server generateSnapshotter raft state size: 717, maxraftstate: 1000
2026/02/24 17:27:06 [Node:0 GID:100 isLeader:false] shardkv server restoreSnapshot lastIncludedTerm:2 lastIncludedIndex:111 snapshotData:map[]
2026/02/24 17:27:06 [Node:0 GID:100] shardkv server start...
2026/02/24 17:27:06 [Node:0 GID:100 isLeader:false] shardkv server generateSnapshotter raft state size: 717, maxraftstate: 1000
2026/02/24 17:27:06 [Node:1 GID:100 isLeader:false] shardkv server restoreSnapshot lastIncludedTerm:2 lastIncludedIndex:111 snapshotData:map[]
2026/02/24 17:27:06 [Node:1 GID:100] shardkv server start...
2026/02/24 17:27:06 [Node:1 GID:100 isLeader:false] shardkv server generateSnapshotter raft state size: 717, maxraftstate: 1000
2026/02/24 17:27:06 [Node:2 GID:100 isLeader:false] shardkv server restoreSnapshot lastIncludedTerm:2 lastIncludedIndex:111 snapshotData:map[]
2026/02/24 17:27:06 [Node:2 GID:100] shardkv server start...
2026/02/24 17:27:06 [Node:2 GID:100 isLeader:false] shardkv server generateSnapshotter raft state size: 717, maxraftstate: 1000
2026/02/24 17:27:06 [Node:0 GID:100 isLeader:false] shardkv server generateSnapshotter raft state size: 717, maxraftstate: 1000
2026/02/24 17:27:06 [Node:1 GID:100 isLeader:false] shardkv server generateSnapshotter raft state size: 717, maxraftstate: 1000
2026/02/24 17:27:06 [Node:2 GID:100 isLeader:false] shardkv server generateSnapshotter raft state size: 717, maxraftstate: 1000
2026/02/24 17:27:06 [Node:0 GID:100 isLeader:true] shardkv server generateSnapshotter raft state size: 717, maxraftstate: 1000
2026/02/24 17:27:06 [Node:1 GID:100 isLeader:false] shardkv server generateSnapshotter raft state size: 717, maxraftstate: 1000
2026/02/24 17:27:06 [Node:2 GID:100 isLeader:false] shardkv server generateSnapshotter raft state size: 717, maxraftstate: 1000
2026/02/24 17:27:06 [Node:0 GID:100 isLeader:true] shardkv server generateSnapshotter raft state size: 717, maxraftstate: 1000
2026/02/24 17:27:06 [Node:1 GID:100 isLeader:false] shardkv server generateSnapshotter raft state size: 717, maxraftstate: 1000
2026/02/24 17:27:06 [Node:2 GID:100 isLeader:false] shardkv server generateSnapshotter raft state size: 717, maxraftstate: 1000
2026/02/24 17:27:06 [Node:0 GID:100 isLeader:true] shardkv server generateSnapshotter raft state size: 717, maxraftstate: 1000
2026/02/24 17:27:06 [Node:0 GID:100 isLeader:true] shardkv server checkGroup key:0, shard:8 shards:map[0:true 1:true 2:true 3:true 4:true 5:true 6:true 7:true 8:true 9:true]
2026/02/24 17:27:06 [Node:0 GID:100] shardkv server get key:0, check param failed Err:ErrWrongGroup
2026/02/24 17:27:07 [Node:1 GID:100 isLeader:false] shardkv server generateSnapshotter raft state size: 717, maxraftstate: 1000
2026/02/24 17:27:07 [Node:2 GID:100 isLeader:false] shardkv server generateSnapshotter raft state size: 717, maxraftstate: 1000
2026/02/24 17:27:07 [Node:0 GID:100 isLeader:true] shardkv server generateSnapshotter raft state size: 717, maxraftstate: 1000
2026/02/24 17:27:07 [Node:1 GID:100 isLeader:false] shardkv server generateSnapshotter raft state size: 717, maxraftstate: 1000
2026/02/24 17:27:07 [Node:0 GID:100 isLeader:true] shardkv server checkGroup key:0, shard:8 shards:map[0:true 1:true 2:true 3:true 4:true 5:true 6:true 7:true 8:true 9:true]
2026/02/24 17:27:07 [Node:0 GID:100] shardkv server get key:0, check param failed Err:ErrWrongGroup
2026/02/24 17:27:07 [Node:2 GID:100 isLeader:false] shardkv server generateSnapshotter raft state size: 717, maxraftstate: 1000
2026/02/24 17:27:07 [Node:0 GID:100 isLeader:true] shardkv server generateSnapshotter raft state size: 717, maxraftstate: 1000
2026/02/24 17:27:07 [Node:1 GID:100 isLeader:false] shardkv server generateSnapshotter raft state size: 717, maxraftstate: 1000
2026/02/24 17:27:07 [Node:2 GID:100 isLeader:false] shardkv server generateSnapshotter raft state size: 717, maxraftstate: 1000
2026/02/24 17:27:07 [Node:0 GID:100 isLeader:true] shardkv server generateSnapshotter raft state size: 717, maxraftstate: 1000
2026/02/24 17:27:07 [Node:0 GID:100 isLeader:true] shardkv server checkGroup key:0, shard:8 shards:map[0:true 1:true 2:true 3:true 4:true 5:true 6:true 7:true 8:true 9:true]
2026/02/24 17:27:07 [Node:0 GID:100] shardkv server get key:0, check param failed Err:ErrWrongGroup
2026/02/24 17:27:07 [Node:1 GID:100 isLeader:false] shardkv server generateSnapshotter raft state size: 717, maxraftstate: 1000
2026/02/24 17:27:07 [Node:2 GID:100 isLeader:false] shardkv server generateSnapshotter raft state size: 717, maxraftstate: 1000
2026/02/24 17:27:07 [Node:0 GID:100 isLeader:true] shardkv server generateSnapshotter raft state size: 717, maxraftstate: 1000
2026/02/24 17:27:07 [Node:1 GID:100 isLeader:false] shardkv server generateSnapshotter raft state size: 717, maxraftstate: 1000
2026/02/24 17:27:07 [Node:0 GID:100 isLeader:true] shardkv server checkGroup key:0, shard:8 shards:map[0:true 1:true 2:true 3:true 4:true 5:true 6:true 7:true 8:true 9:true]
2026/02/24 17:27:07 [Node:0 GID:100] shardkv server get key:0, check param failed Err:ErrWrongGroup
2026/02/24 17:27:07 [Node:2 GID:100 isLeader:false] shardkv server generateSnapshotter raft state size: 717, maxraftstate: 1000
2026/02/24 17:27:07 [Node:0 GID:100 isLeader:true] shardkv server generateSnapshotter raft state size: 717, maxraftstate: 1000
2026/02/24 17:27:07 [Node:1 GID:100 isLeader:false] shardkv server generateSnapshotter raft state size: 717, maxraftstate: 1000
2026/02/24 17:27:07 [Node:0 GID:100 isLeader:true] shardkv server generateSnapshotter raft state size: 717, maxraftstate: 1000
2026/02/24 17:27:07 [Node:2 GID:100 isLeader:false] shardkv server generateSnapshotter raft state size: 717, maxraftstate: 1000
2026/02/24 17:27:07 [Node:0 GID:100 isLeader:true] shardkv server checkGroup key:0, shard:8 shards:map[0:true 1:true 2:true 3:true 4:true 5:true 6:true 7:true 8:true 9:true]
2026/02/24 17:27:07 [Node:0 GID:100] shardkv server get key:0, check param failed Err:ErrWrongGroup
2026/02/24 17:27:07 [Node:1 GID:100 isLeader:false] shardkv server generateSnapshotter raft state size: 717, maxraftstate: 1000
2026/02/24 17:27:07 [Node:2 GID:100 isLeader:false] shardkv server generateSnapshotter raft state size: 717, maxraftstate: 1000
2026/02/24 17:27:07 [Node:0 GID:100 isLeader:true] shardkv server generateSnapshotter raft state size: 717, maxraftstate: 1000
2026/02/24 17:27:07 [Node:1 GID:100 isLeader:false] shardkv server generateSnapshotter raft state size: 717, maxraftstate: 1000
2026/02/24 17:27:07 [Node:0 GID:100 isLeader:true] shardkv server checkGroup key:0, shard:8 shards:map[0:true 1:true 2:true 3:true 4:true 5:true 6:true 7:true 8:true 9:true]
2026/02/24 17:27:07 [Node:0 GID:100] shardkv server get key:0, check param failed Err:ErrWrongGroup
2026/02/24 17:27:07 [Node:2 GID:100 isLeader:false] shardkv server generateSnapshotter raft state size: 717, maxraftstate: 1000
2026/02/24 17:27:07 [Node:0 GID:100 isLeader:true] shardkv server generateSnapshotter raft state size: 717, maxraftstate: 1000
2026/02/24 17:27:07 [Node:1 GID:100 isLeader:false] shardkv server generateSnapshotter raft state size: 717, maxraftstate: 1000
2026/02/24 17:27:07 [Node:2 GID:100 isLeader:false] shardkv server generateSnapshotter raft state size: 717, maxraftstate: 1000
2026/02/24 17:27:07 [Node:0 GID:100 isLeader:true] shardkv server generateSnapshotter raft state size: 717, maxraftstate: 1000
2026/02/24 17:27:07 [Node:0 GID:100 isLeader:true] shardkv server checkGroup key:0, shard:8 shards:map[0:true 1:true 2:true 3:true 4:true 5:true 6:true 7:true 8:true 9:true]
2026/02/24 17:27:07 [Node:0 GID:100] shardkv server get key:0, check param failed Err:ErrWrongGroup
2026/02/24 17:27:07 [Node:1 GID:100 isLeader:false] shardkv server generateSnapshotter raft state size: 717, maxraftstate: 1000
2026/02/24 17:27:07 [Node:2 GID:100 isLeader:false] shardkv server generateSnapshotter raft state size: 717, maxraftstate: 1000
2026/02/24 17:27:07 [Node:0 GID:100 isLeader:true] shardkv server generateSnapshotter raft state size: 717, maxraftstate: 1000
2026/02/24 17:27:08 [Node:1 GID:100 isLeader:false] shardkv server generateSnapshotter raft state size: 717, maxraftstate: 1000
2026/02/24 17:27:08 [Node:0 GID:100 isLeader:true] shardkv server checkGroup key:0, shard:8 shards:map[0:true 1:true 2:true 3:true 4:true 5:true 6:true 7:true 8:true 9:true]
2026/02/24 17:27:08 [Node:0 GID:100] shardkv server get key:0, check param failed Err:ErrWrongGroup
2026/02/24 17:27:08 [Node:0 GID:100 isLeader:true] shardkv server generateSnapshotter raft state size: 717, maxraftstate: 1000
2026/02/24 17:27:08 [Node:2 GID:100 isLeader:false] shardkv server generateSnapshotter raft state size: 717, maxraftstate: 1000
2026/02/24 17:27:08 [Node:1 GID:100 isLeader:false] shardkv server generateSnapshotter raft state size: 717, maxraftstate: 1000
2026/02/24 17:27:08 [Node:0 GID:100 isLeader:true] shardkv server generateSnapshotter raft state size: 717, maxraftstate: 1000
2026/02/24 17:27:08 [Node:2 GID:100 isLeader:false] shardkv server generateSnapshotter raft state size: 717, maxraftstate: 1000
2026/02/24 17:27:08 [Node:0 GID:100 isLeader:true] shardkv server checkGroup key:0, shard:8 shards:map[0:true 1:true 2:true 3:true 4:true 5:true 6:true 7:true 8:true 9:true]
2026/02/24 17:27:08 [Node:0 GID:100] shardkv server get key:0, check param failed Err:ErrWrongGroup
2026/02/24 17:27:08 [Node:1 GID:100 isLeader:false] shardkv server generateSnapshotter raft state size: 717, maxraftstate: 1000
2026/02/24 17:27:08 [Node:0 GID:100 isLeader:true] shardkv server generateSnapshotter raft state size: 717, maxraftstate: 1000
2026/02/24 17:27:08 [Node:2 GID:100 isLeader:false] shardkv server generateSnapshotter raft state size: 717, maxraftstate: 1000
2026/02/24 17:27:08 [Node:1 GID:100 isLeader:false] shardkv server generateSnapshotter raft state size: 717, maxraftstate: 1000
2026/02/24 17:27:08 [Node:0 GID:100 isLeader:true] shardkv server checkGroup key:0, shard:8 shards:map[0:true 1:true 2:true 3:true 4:true 5:true 6:true 7:true 8:true 9:true]
2026/02/24 17:27:08 [Node:0 GID:100] shardkv server get key:0, check param failed Err:ErrWrongGroup
2026/02/24 17:27:08 [Node:0 GID:100 isLeader:true] shardkv server generateSnapshotter raft state size: 717, maxraftstate: 1000
2026/02/24 17:27:08 [Node:2 GID:100 isLeader:false] shardkv server generateSnapshotter raft state size: 717, maxraftstate: 1000
2026/02/24 17:27:08 [Node:1 GID:100 isLeader:false] shardkv server generateSnapshotter raft state size: 717, maxraftstate: 1000
2026/02/24 17:27:08 [Node:0 GID:100 isLeader:true] shardkv server generateSnapshotter raft state size: 717, maxraftstate: 1000
2026/02/24 17:27:08 [Node:2 GID:100 isLeader:false] shardkv server generateSnapshotter raft state size: 717, maxraftstate: 1000
2026/02/24 17:27:08 [Node:0 GID:100 isLeader:true] shardkv server checkGroup key:0, shard:8 shards:map[0:true 1:true 2:true 3:true 4:true 5:true 6:true 7:true 8:true 9:true]
2026/02/24 17:27:08 [Node:0 GID:100] shardkv server get key:0, check param failed Err:ErrWrongGroup
2026/02/24 17:27:08 [Node:1 GID:100 isLeader:false] shardkv server generateSnapshotter raft state size: 717, maxraftstate: 1000
2026/02/24 17:27:08 [Node:0 GID:100 isLeader:true] shardkv server generateSnapshotter raft state size: 717, maxraftstate: 1000
2026/02/24 17:27:08 [Node:2 GID:100 isLeader:false] shardkv server generateSnapshotter raft state size: 717, maxraftstate: 1000
2026/02/24 17:27:08 [Node:1 GID:100 isLeader:false] shardkv server generateSnapshotter raft state size: 717, maxraftstate: 1000
2026/02/24 17:27:08 [Node:0 GID:100 isLeader:true] shardkv server checkGroup key:0, shard:8 shards:map[0:true 1:true 2:true 3:true 4:true 5:true 6:true 7:true 8:true 9:true]
2026/02/24 17:27:08 [Node:0 GID:100] shardkv server get key:0, check param failed Err:ErrWrongGroup
2026/02/24 17:27:08 [Node:0 GID:100 isLeader:true] shardkv server generateSnapshotter raft state size: 717, maxraftstate: 1000
2026/02/24 17:27:08 [Node:2 GID:100 isLeader:false] shardkv server generateSnapshotter raft state size: 717, maxraftstate: 1000
2026/02/24 17:27:08 [Node:1 GID:100 isLeader:false] shardkv server generateSnapshotter raft state size: 717, maxraftstate: 1000
2026/02/24 17:27:08 [Node:2 GID:100 isLeader:false] shardkv server generateSnapshotter raft state size: 717, maxraftstate: 1000
2026/02/24 17:27:08 [Node:0 GID:100 isLeader:true] shardkv server generateSnapshotter raft state size: 717, maxraftstate: 1000
2026/02/24 17:27:08 [Node:0 GID:100 isLeader:true] shardkv server checkGroup key:0, shard:8 shards:map[0:true 1:true 2:true 3:true 4:true 5:true 6:true 7:true 8:true 9:true]
2026/02/24 17:27:08 [Node:0 GID:100] shardkv server get key:0, check param failed Err:ErrWrongGroup
2026/02/24 17:27:08 [Node:1 GID:100 isLeader:false] shardkv server generateSnapshotter raft state size: 717, maxraftstate: 1000
2026/02/24 17:27:08 [Node:2 GID:100 isLeader:false] shardkv server generateSnapshotter raft state size: 717, maxraftstate: 1000
2026/02/24 17:27:08 [Node:0 GID:100 isLeader:true] shardkv server generateSnapshotter raft state size: 717, maxraftstate: 1000
2026/02/24 17:27:08 [Node:1 GID:100 isLeader:false] shardkv server generateSnapshotter raft state size: 717, maxraftstate: 1000
2026/02/24 17:27:08 [Node:0 GID:100 isLeader:true] shardkv server checkGroup key:0, shard:8 shards:map[0:true 1:true 2:true 3:true 4:true 5:true 6:true 7:true 8:true 9:true]
2026/02/24 17:27:08 [Node:0 GID:100] shardkv server get key:0, check param failed Err:ErrWrongGroup
2026/02/24 17:27:09 [Node:2 GID:100 isLeader:false] shardkv server generateSnapshotter raft state size: 717, maxraftstate: 1000
2026/02/24 17:27:09 [Node:0 GID:100 isLeader:true] shardkv server generateSnapshotter raft state size: 717, maxraftstate: 1000
2026/02/24 17:27:09 [Node:1 GID:100 isLeader:false] shardkv server generateSnapshotter raft state size: 717, maxraftstate: 1000
2026/02/24 17:27:09 [Node:2 GID:100 isLeader:false] shardkv server generateSnapshotter raft state size: 717, maxraftstate: 1000
2026/02/24 17:27:09 [Node:0 GID:100 isLeader:true] shardkv server generateSnapshotter raft state size: 717, maxraftstate: 1000
2026/02/24 17:27:09 [Node:0 GID:100 isLeader:true] shardkv server checkGroup key:0, shard:8 shards:map[0:true 1:true 2:true 3:true 4:true 5:true 6:true 7:true 8:true 9:true]
2026/02/24 17:27:09 [Node:0 GID:100] shardkv server get key:0, check param failed Err:ErrWrongGroup
2026/02/24 17:27:09 [Node:1 GID:100 isLeader:false] shardkv server generateSnapshotter raft state size: 717, maxraftstate: 1000
2026/02/24 17:27:09 [Node:2 GID:100 isLeader:false] shardkv server generateSnapshotter raft state size: 717, maxraftstate: 1000
2026/02/24 17:27:09 [Node:0 GID:100 isLeader:true] shardkv server generateSnapshotter raft state size: 717, maxraftstate: 1000
2026/02/24 17:27:09 [Node:1 GID:100 isLeader:false] shardkv server generateSnapshotter raft state size: 717, maxraftstate: 1000
2026/02/24 17:27:09 [Node:0 GID:100 isLeader:true] shardkv server checkGroup key:0, shard:8 shards:map[0:true 1:true 2:true 3:true 4:true 5:true 6:true 7:true 8:true 9:true]
2026/02/24 17:27:09 [Node:0 GID:100] shardkv server get key:0, check param failed Err:ErrWrongGroup
2026/02/24 17:27:09 [Node:2 GID:100 isLeader:false] shardkv server generateSnapshotter raft state size: 717, maxraftstate: 1000
2026/02/24 17:27:09 [Node:0 GID:100 isLeader:true] shardkv server generateSnapshotter raft state size: 717, maxraftstate: 1000
2026/02/24 17:27:09 [Node:1 GID:100 isLeader:false] shardkv server generateSnapshotter raft state size: 717, maxraftstate: 1000
2026/02/24 17:27:09 [Node:2 GID:100 isLeader:false] shardkv server generateSnapshotter raft state size: 717, maxraftstate: 1000
2026/02/24 17:27:09 [Node:0 GID:100 isLeader:true] shardkv server generateSnapshotter raft state size: 717, maxraftstate: 1000
2026/02/24 17:27:09 [Node:0 GID:100 isLeader:true] shardkv server checkGroup key:0, shard:8 shards:map[0:true 1:true 2:true 3:true 4:true 5:true 6:true 7:true 8:true 9:true]
2026/02/24 17:27:09 [Node:0 GID:100] shardkv server get key:0, check param failed Err:ErrWrongGroup
2026/02/24 17:27:09 [Node:1 GID:100 isLeader:false] shardkv server generateSnapshotter raft state size: 717, maxraftstate: 1000
2026/02/24 17:27:09 [Node:0 GID:100 isLeader:true] shardkv server generateSnapshotter raft state size: 717, maxraftstate: 1000
2026/02/24 17:27:09 [Node:2 GID:100 isLeader:false] shardkv server generateSnapshotter raft state size: 717, maxraftstate: 1000
2026/02/24 17:27:09 [Node:1 GID:100 isLeader:false] shardkv server generateSnapshotter raft state size: 717, maxraftstate: 1000
2026/02/24 17:27:09 [Node:0 GID:100 isLeader:true] shardkv server checkGroup key:0, shard:8 shards:map[0:true 1:true 2:true 3:true 4:true 5:true 6:true 7:true 8:true 9:true]
2026/02/24 17:27:09 [Node:0 GID:100] shardkv server get key:0, check param failed Err:ErrWrongGroup
2026/02/24 17:27:09 [Node:0 GID:100 isLeader:true] shardkv server generateSnapshotter raft state size: 717, maxraftstate: 1000
2026/02/24 17:27:09 [Node:2 GID:100 isLeader:false] shardkv server generateSnapshotter raft state size: 717, maxraftstate: 1000
2026/02/24 17:27:09 [Node:1 GID:100 isLeader:false] shardkv server generateSnapshotter raft state size: 717, maxraftstate: 1000
2026/02/24 17:27:09 [Node:0 GID:100 isLeader:true] shardkv server generateSnapshotter raft state size: 717, maxraftstate: 1000
2026/02/24 17:27:09 [Node:2 GID:100 isLeader:false] shardkv server generateSnapshotter raft state size: 717, maxraftstate: 1000
2026/02/24 17:27:09 [Node:0 GID:100 isLeader:true] shardkv server checkGroup key:0, shard:8 shards:map[0:true 1:true 2:true 3:true 4:true 5:true 6:true 7:true 8:true 9:true]
2026/02/24 17:27:09 [Node:0 GID:100] shardkv server get key:0, check param failed Err:ErrWrongGroup
2026/02/24 17:27:09 [Node:1 GID:100 isLeader:false] shardkv server generateSnapshotter raft state size: 717, maxraftstate: 1000
2026/02/24 17:27:09 [Node:0 GID:100 isLeader:true] shardkv server generateSnapshotter raft state size: 717, maxraftstate: 1000
2026/02/24 17:27:09 [Node:2 GID:100 isLeader:false] shardkv server generateSnapshotter raft state size: 717, maxraftstate: 1000
2026/02/24 17:27:09 [Node:1 GID:100 isLeader:false] shardkv server generateSnapshotter raft state size: 717, maxraftstate: 1000
2026/02/24 17:27:09 [Node:0 GID:100 isLeader:true] shardkv server checkGroup key:0, shard:8 shards:map[0:true 1:true 2:true 3:true 4:true 5:true 6:true 7:true 8:true 9:true]
2026/02/24 17:27:09 [Node:0 GID:100] shardkv server get key:0, check param failed Err:ErrWrongGroup
2026/02/24 17:27:09 [Node:0 GID:100 isLeader:true] shardkv server generateSnapshotter raft state size: 717, maxraftstate: 1000
2026/02/24 17:27:09 [Node:2 GID:100 isLeader:false] shardkv server generateSnapshotter raft state size: 717, maxraftstate: 1000
2026/02/24 17:27:09 [Node:1 GID:100 isLeader:false] shardkv server generateSnapshotter raft state size: 717, maxraftstate: 1000
2026/02/24 17:27:10 [Node:0 GID:100 isLeader:true] shardkv server generateSnapshotter raft state size: 717, maxraftstate: 1000
2026/02/24 17:27:10 [Node:2 GID:100 isLeader:false] shardkv server generateSnapshotter raft state size: 717, maxraftstate: 1000
2026/02/24 17:27:10 [Node:0 GID:100 isLeader:true] shardkv server checkGroup key:0, shard:8 shards:map[0:true 1:true 2:true 3:true 4:true 5:true 6:true 7:true 8:true 9:true]
2026/02/24 17:27:10 [Node:0 GID:100] shardkv server get key:0, check param failed Err:ErrWrongGroup
2026/02/24 17:27:10 [Node:1 GID:100 isLeader:false] shardkv server generateSnapshotter raft state size: 717, maxraftstate: 1000
2026/02/24 17:27:10 [Node:0 GID:100 isLeader:true] shardkv server generateSnapshotter raft state size: 717, maxraftstate: 1000
2026/02/24 17:27:10 [Node:2 GID:100 isLeader:false] shardkv server generateSnapshotter raft state size: 717, maxraftstate: 1000
2026/02/24 17:27:10 [Node:1 GID:100 isLeader:false] shardkv server generateSnapshotter raft state size: 717, maxraftstate: 1000
2026/02/24 17:27:10 [Node:0 GID:100 isLeader:true] shardkv server checkGroup key:0, shard:8 shards:map[0:true 1:true 2:true 3:true 4:true 5:true 6:true 7:true 8:true 9:true]
2026/02/24 17:27:10 [Node:0 GID:100] shardkv server get key:0, check param failed Err:ErrWrongGroup
2026/02/24 17:27:10 [Node:0 GID:100 isLeader:true] shardkv server generateSnapshotter raft state size: 717, maxraftstate: 1000
2026/02/24 17:27:10 [Node:2 GID:100 isLeader:false] shardkv server generateSnapshotter raft state size: 717, maxraftstate: 1000
2026/02/24 17:27:10 [Node:1 GID:100 isLeader:false] shardkv server generateSnapshotter raft state size: 717, maxraftstate: 1000
2026/02/24 17:27:10 [Node:2 GID:100 isLeader:false] shardkv server generateSnapshotter raft state size: 717, maxraftstate: 1000
2026/02/24 17:27:10 [Node:0 GID:100 isLeader:true] shardkv server generateSnapshotter raft state size: 717, maxraftstate: 1000
2026/02/24 17:27:10 [Node:0 GID:100 isLeader:true] shardkv server checkGroup key:0, shard:8 shards:map[0:true 1:true 2:true 3:true 4:true 5:true 6:true 7:true 8:true 9:true]
2026/02/24 17:27:10 [Node:0 GID:100] shardkv server get key:0, check param failed Err:ErrWrongGroup
2026/02/24 17:27:10 [Node:1 GID:100 isLeader:false] shardkv server generateSnapshotter raft state size: 717, maxraftstate: 1000
2026/02/24 17:27:10 [Node:2 GID:100 isLeader:false] shardkv server generateSnapshotter raft state size: 717, maxraftstate: 1000
2026/02/24 17:27:10 [Node:0 GID:100 isLeader:true] shardkv server generateSnapshotter raft state size: 717, maxraftstate: 1000
2026/02/24 17:27:10 [Node:1 GID:100 isLeader:false] shardkv server generateSnapshotter raft state size: 717, maxraftstate: 1000
2026/02/24 17:27:10 [Node:0 GID:100 isLeader:true] shardkv server checkGroup key:0, shard:8 shards:map[0:true 1:true 2:true 3:true 4:true 5:true 6:true 7:true 8:true 9:true]
2026/02/24 17:27:10 [Node:0 GID:100] shardkv server get key:0, check param failed Err:ErrWrongGroup
2026/02/24 17:27:10 [Node:0 GID:100 isLeader:true] shardkv server generateSnapshotter raft state size: 717, maxraftstate: 1000
2026/02/24 17:27:10 [Node:2 GID:100 isLeader:false] shardkv server generateSnapshotter raft state size: 717, maxraftstate: 1000
2026/02/24 17:27:10 [Node:1 GID:100 isLeader:false] shardkv server generateSnapshotter raft state size: 717, maxraftstate: 1000
2026/02/24 17:27:10 [Node:0 GID:100 isLeader:true] shardkv server generateSnapshotter raft state size: 717, maxraftstate: 1000
2026/02/24 17:27:10 [Node:2 GID:100 isLeader:false] shardkv server generateSnapshotter raft state size: 717, maxraftstate: 1000
2026/02/24 17:27:10 [Node:0 GID:100 isLeader:true] shardkv server checkGroup key:0, shard:8 shards:map[0:true 1:true 2:true 3:true 4:true 5:true 6:true 7:true 8:true 9:true]
2026/02/24 17:27:10 [Node:0 GID:100] shardkv server get key:0, check param failed Err:ErrWrongGroup
2026/02/24 17:27:10 [Node:1 GID:100 isLeader:false] shardkv server generateSnapshotter raft state size: 717, maxraftstate: 1000
2026/02/24 17:27:10 [Node:2 GID:100 isLeader:false] shardkv server generateSnapshotter raft state size: 717, maxraftstate: 1000
2026/02/24 17:27:10 [Node:0 GID:100 isLeader:true] shardkv server generateSnapshotter raft state size: 717, maxraftstate: 1000
2026/02/24 17:27:10 [Node:1 GID:100 isLeader:false] shardkv server generateSnapshotter raft state size: 717, maxraftstate: 1000
2026/02/24 17:27:10 [Node:0 GID:100 isLeader:true] shardkv server checkGroup key:0, shard:8 shards:map[0:true 1:true 2:true 3:true 4:true 5:true 6:true 7:true 8:true 9:true]
2026/02/24 17:27:10 [Node:0 GID:100] shardkv server get key:0, check param failed Err:ErrWrongGroup
2026/02/24 17:27:10 [Node:2 GID:100 isLeader:false] shardkv server generateSnapshotter raft state size: 717, maxraftstate: 1000
2026/02/24 17:27:10 [Node:0 GID:100 isLeader:true] shardkv server generateSnapshotter raft state size: 717, maxraftstate: 1000
2026/02/24 17:27:10 [Node:1 GID:100 isLeader:false] shardkv server generateSnapshotter raft state size: 717, maxraftstate: 1000
2026/02/24 17:27:10 [Node:0 GID:100 isLeader:true] shardkv server generateSnapshotter raft state size: 717, maxraftstate: 1000
2026/02/24 17:27:10 [Node:2 GID:100 isLeader:false] shardkv server generateSnapshotter raft state size: 717, maxraftstate: 1000
2026/02/24 17:27:10 [Node:0 GID:100 isLeader:true] shardkv server checkGroup key:0, shard:8 shards:map[0:true 1:true 2:true 3:true 4:true 5:true 6:true 7:true 8:true 9:true]
2026/02/24 17:27:10 [Node:0 GID:100] shardkv server get key:0, check param failed Err:ErrWrongGroup
2026/02/24 17:27:10 [Node:1 GID:100 isLeader:false] shardkv server generateSnapshotter raft state size: 717, maxraftstate: 1000
2026/02/24 17:27:11 [Node:0 GID:100 isLeader:true] shardkv server generateSnapshotter raft state size: 717, maxraftstate: 1000
2026/02/24 17:27:11 [Node:2 GID:100 isLeader:false] shardkv server generateSnapshotter raft state size: 717, maxraftstate: 1000
2026/02/24 17:27:11 [Node:1 GID:100 isLeader:false] shardkv server generateSnapshotter raft state size: 717, maxraftstate: 1000
2026/02/24 17:27:11 [Node:0 GID:100 isLeader:true] shardkv server checkGroup key:0, shard:8 shards:map[0:true 1:true 2:true 3:true 4:true 5:true 6:true 7:true 8:true 9:true]
2026/02/24 17:27:11 [Node:0 GID:100] shardkv server get key:0, check param failed Err:ErrWrongGroup
2026/02/24 17:27:11 [Node:2 GID:100 isLeader:false] shardkv server generateSnapshotter raft state size: 717, maxraftstate: 1000
2026/02/24 17:27:11 [Node:0 GID:100 isLeader:true] shardkv server generateSnapshotter raft state size: 717, maxraftstate: 1000
2026/02/24 17:27:11 [Node:1 GID:100 isLeader:false] shardkv server generateSnapshotter raft state size: 717, maxraftstate: 1000
2026/02/24 17:27:11 [Node:2 GID:100 isLeader:false] shardkv server generateSnapshotter raft state size: 717, maxraftstate: 1000
2026/02/24 17:27:11 [Node:0 GID:100 isLeader:true] shardkv server generateSnapshotter raft state size: 717, maxraftstate: 1000
2026/02/24 17:27:11 [Node:0 GID:100 isLeader:true] shardkv server checkGroup key:0, shard:8 shards:map[0:true 1:true 2:true 3:true 4:true 5:true 6:true 7:true 8:true 9:true]
2026/02/24 17:27:11 [Node:0 GID:100] shardkv server get key:0, check param failed Err:ErrWrongGroup
2026/02/24 17:27:11 [Node:1 GID:100 isLeader:false] shardkv server generateSnapshotter raft state size: 717, maxraftstate: 1000
2026/02/24 17:27:11 [Node:2 GID:100 isLeader:false] shardkv server generateSnapshotter raft state size: 717, maxraftstate: 1000
2026/02/24 17:27:11 [Node:0 GID:100 isLeader:true] shardkv server generateSnapshotter raft state size: 717, maxraftstate: 1000
2026/02/24 17:27:11 [Node:1 GID:100 isLeader:false] shardkv server generateSnapshotter raft state size: 717, maxraftstate: 1000
2026/02/24 17:27:11 [Node:0 GID:100 isLeader:true] shardkv server checkGroup key:0, shard:8 shards:map[0:true 1:true 2:true 3:true 4:true 5:true 6:true 7:true 8:true 9:true]
2026/02/24 17:27:11 [Node:0 GID:100] shardkv server get key:0, check param failed Err:ErrWrongGroup
2026/02/24 17:27:11 [Node:2 GID:100 isLeader:false] shardkv server generateSnapshotter raft state size: 717, maxraftstate: 1000
2026/02/24 17:27:11 [Node:0 GID:100 isLeader:true] shardkv server generateSnapshotter raft state size: 717, maxraftstate: 1000
2026/02/24 17:27:11 [Node:1 GID:100 isLeader:false] shardkv server generateSnapshotter raft state size: 717, maxraftstate: 1000
2026/02/24 17:27:11 [Node:2 GID:100 isLeader:false] shardkv server generateSnapshotter raft state size: 717, maxraftstate: 1000
2026/02/24 17:27:11 [Node:0 GID:100 isLeader:true] shardkv server generateSnapshotter raft state size: 717, maxraftstate: 1000
2026/02/24 17:27:11 [Node:0 GID:100 isLeader:true] shardkv server checkGroup key:0, shard:8 shards:map[0:true 1:true 2:true 3:true 4:true 5:true 6:true 7:true 8:true 9:true]
2026/02/24 17:27:11 [Node:0 GID:100] shardkv server get key:0, check param failed Err:ErrWrongGroup
2026/02/24 17:27:11 [Node:1 GID:100 isLeader:false] shardkv server generateSnapshotter raft state size: 717, maxraftstate: 1000
2026/02/24 17:27:11 [Node:2 GID:100 isLeader:false] shardkv server generateSnapshotter raft state size: 717, maxraftstate: 1000
2026/02/24 17:27:11 [Node:0 GID:100 isLeader:true] shardkv server generateSnapshotter raft state size: 717, maxraftstate: 1000
2026/02/24 17:27:11 [Node:1 GID:100 isLeader:false] shardkv server generateSnapshotter raft state size: 717, maxraftstate: 1000
2026/02/24 17:27:11 [Node:0 GID:100 isLeader:true] shardkv server checkGroup key:0, shard:8 shards:map[0:true 1:true 2:true 3:true 4:true 5:true 6:true 7:true 8:true 9:true]
2026/02/24 17:27:11 [Node:0 GID:100] shardkv server get key:0, check param failed Err:ErrWrongGroup
2026/02/24 17:27:11 [Node:2 GID:100 isLeader:false] shardkv server generateSnapshotter raft state size: 717, maxraftstate: 1000
2026/02/24 17:27:11 [Node:0 GID:100 isLeader:true] shardkv server generateSnapshotter raft state size: 717, maxraftstate: 1000
2026/02/24 17:27:11 [Node:1 GID:100 isLeader:false] shardkv server generateSnapshotter raft state size: 717, maxraftstate: 1000
2026/02/24 17:27:11 [Node:2 GID:100 isLeader:false] shardkv server generateSnapshotter raft state size: 717, maxraftstate: 1000
2026/02/24 17:27:11 [Node:0 GID:100 isLeader:true] shardkv server generateSnapshotter raft state size: 717, maxraftstate: 1000
2026/02/24 17:27:11 [Node:0 GID:100 isLeader:true] shardkv server checkGroup key:0, shard:8 shards:map[0:true 1:true 2:true 3:true 4:true 5:true 6:true 7:true 8:true 9:true]
2026/02/24 17:27:11 [Node:0 GID:100] shardkv server get key:0, check param failed Err:ErrWrongGroup
2026/02/24 17:27:11 [Node:1 GID:100 isLeader:false] shardkv server generateSnapshotter raft state size: 717, maxraftstate: 1000
2026/02/24 17:27:11 [Node:2 GID:100 isLeader:false] shardkv server generateSnapshotter raft state size: 717, maxraftstate: 1000
2026/02/24 17:27:11 [Node:0 GID:100 isLeader:true] shardkv server generateSnapshotter raft state size: 717, maxraftstate: 1000
2026/02/24 17:27:11 [Node:1 GID:100 isLeader:false] shardkv server generateSnapshotter raft state size: 717, maxraftstate: 1000
2026/02/24 17:27:11 [Node:0 GID:100 isLeader:true] shardkv server checkGroup key:0, shard:8 shards:map[0:true 1:true 2:true 3:true 4:true 5:true 6:true 7:true 8:true 9:true]
2026/02/24 17:27:11 [Node:0 GID:100] shardkv server get key:0, check param failed Err:ErrWrongGroup
2026/02/24 17:27:12 [Node:2 GID:100 isLeader:false] shardkv server generateSnapshotter raft state size: 717, maxraftstate: 1000
2026/02/24 17:27:12 [Node:0 GID:100 isLeader:true] shardkv server generateSnapshotter raft state size: 717, maxraftstate: 1000
2026/02/24 17:27:12 [Node:1 GID:100 isLeader:false] shardkv server generateSnapshotter raft state size: 717, maxraftstate: 1000
2026/02/24 17:27:12 [Node:2 GID:100 isLeader:false] shardkv server generateSnapshotter raft state size: 717, maxraftstate: 1000
2026/02/24 17:27:12 [Node:0 GID:100 isLeader:true] shardkv server generateSnapshotter raft state size: 717, maxraftstate: 1000
2026/02/24 17:27:12 [Node:0 GID:100 isLeader:true] shardkv server checkGroup key:0, shard:8 shards:map[0:true 1:true 2:true 3:true 4:true 5:true 6:true 7:true 8:true 9:true]
2026/02/24 17:27:12 [Node:0 GID:100] shardkv server get key:0, check param failed Err:ErrWrongGroup
2026/02/24 17:27:12 [Node:1 GID:100 isLeader:false] shardkv server generateSnapshotter raft state size: 717, maxraftstate: 1000
2026/02/24 17:27:12 [Node:2 GID:100 isLeader:false] shardkv server generateSnapshotter raft state size: 717, maxraftstate: 1000
2026/02/24 17:27:12 [Node:0 GID:100 isLeader:true] shardkv server generateSnapshotter raft state size: 717, maxraftstate: 1000
2026/02/24 17:27:12 [Node:1 GID:100 isLeader:false] shardkv server generateSnapshotter raft state size: 717, maxraftstate: 1000
2026/02/24 17:27:12 [Node:0 GID:100 isLeader:true] shardkv server checkGroup key:0, shard:8 shards:map[0:true 1:true 2:true 3:true 4:true 5:true 6:true 7:true 8:true 9:true]
2026/02/24 17:27:12 [Node:0 GID:100] shardkv server get key:0, check param failed Err:ErrWrongGroup
2026/02/24 17:27:12 [Node:2 GID:100 isLeader:false] shardkv server generateSnapshotter raft state size: 717, maxraftstate: 1000
2026/02/24 17:27:12 [Node:0 GID:100 isLeader:true] shardkv server generateSnapshotter raft state size: 717, maxraftstate: 1000
2026/02/24 17:27:12 [Node:1 GID:100 isLeader:false] shardkv server generateSnapshotter raft state size: 717, maxraftstate: 1000
2026/02/24 17:27:12 [Node:2 GID:100 isLeader:false] shardkv server generateSnapshotter raft state size: 717, maxraftstate: 1000
2026/02/24 17:27:12 [Node:0 GID:100 isLeader:true] shardkv server generateSnapshotter raft state size: 717, maxraftstate: 1000
2026/02/24 17:27:12 [Node:0 GID:100 isLeader:true] shardkv server checkGroup key:0, shard:8 shards:map[0:true 1:true 2:true 3:true 4:true 5:true 6:true 7:true 8:true 9:true]
2026/02/24 17:27:12 [Node:0 GID:100] shardkv server get key:0, check param failed Err:ErrWrongGroup
2026/02/24 17:27:12 [Node:1 GID:100 isLeader:false] shardkv server generateSnapshotter raft state size: 717, maxraftstate: 1000
2026/02/24 17:27:12 [Node:2 GID:100 isLeader:false] shardkv server generateSnapshotter raft state size: 717, maxraftstate: 1000
2026/02/24 17:27:12 [Node:0 GID:100 isLeader:true] shardkv server generateSnapshotter raft state size: 717, maxraftstate: 1000
2026/02/24 17:27:12 [Node:1 GID:100 isLeader:false] shardkv server generateSnapshotter raft state size: 717, maxraftstate: 1000
2026/02/24 17:27:12 [Node:0 GID:100 isLeader:true] shardkv server checkGroup key:0, shard:8 shards:map[0:true 1:true 2:true 3:true 4:true 5:true 6:true 7:true 8:true 9:true]
2026/02/24 17:27:12 [Node:0 GID:100] shardkv server get key:0, check param failed Err:ErrWrongGroup
2026/02/24 17:27:12 [Node:2 GID:100 isLeader:false] shardkv server generateSnapshotter raft state size: 717, maxraftstate: 1000
2026/02/24 17:27:12 [Node:0 GID:100 isLeader:true] shardkv server generateSnapshotter raft state size: 717, maxraftstate: 1000
2026/02/24 17:27:12 [Node:1 GID:100 isLeader:false] shardkv server generateSnapshotter raft state size: 717, maxraftstate: 1000
2026/02/24 17:27:12 [Node:2 GID:100 isLeader:false] shardkv server generateSnapshotter raft state size: 717, maxraftstate: 1000
2026/02/24 17:27:12 [Node:0 GID:100 isLeader:true] shardkv server generateSnapshotter raft state size: 717, maxraftstate: 1000
2026/02/24 17:27:12 [Node:0 GID:100 isLeader:true] shardkv server checkGroup key:0, shard:8 shards:map[0:true 1:true 2:true 3:true 4:true 5:true 6:true 7:true 8:true 9:true]
2026/02/24 17:27:12 [Node:0 GID:100] shardkv server get key:0, check param failed Err:ErrWrongGroup
2026/02/24 17:27:12 [Node:1 GID:100 isLeader:false] shardkv server generateSnapshotter raft state size: 717, maxraftstate: 1000
2026/02/24 17:27:12 [Node:0 GID:100 isLeader:true] shardkv server generateSnapshotter raft state size: 717, maxraftstate: 1000
2026/02/24 17:27:12 [Node:2 GID:100 isLeader:false] shardkv server generateSnapshotter raft state size: 717, maxraftstate: 1000
2026/02/24 17:27:12 [Node:1 GID:100 isLeader:false] shardkv server generateSnapshotter raft state size: 717, maxraftstate: 1000
2026/02/24 17:27:12 [Node:0 GID:100 isLeader:true] shardkv server checkGroup key:0, shard:8 shards:map[0:true 1:true 2:true 3:true 4:true 5:true 6:true 7:true 8:true 9:true]
2026/02/24 17:27:12 [Node:0 GID:100] shardkv server get key:0, check param failed Err:ErrWrongGroup
2026/02/24 17:27:12 [Node:0 GID:100 isLeader:true] shardkv server generateSnapshotter raft state size: 717, maxraftstate: 1000
2026/02/24 17:27:12 [Node:2 GID:100 isLeader:false] shardkv server generateSnapshotter raft state size: 717, maxraftstate: 1000
2026/02/24 17:27:12 [Node:1 GID:100 isLeader:false] shardkv server generateSnapshotter raft state size: 717, maxraftstate: 1000
2026/02/24 17:27:13 [Node:2 GID:100 isLeader:false] shardkv server generateSnapshotter raft state size: 717, maxraftstate: 1000
2026/02/24 17:27:13 [Node:0 GID:100 isLeader:true] shardkv server generateSnapshotter raft state size: 717, maxraftstate: 1000
2026/02/24 17:27:13 [Node:0 GID:100 isLeader:true] shardkv server checkGroup key:0, shard:8 shards:map[0:true 1:true 2:true 3:true 4:true 5:true 6:true 7:true 8:true 9:true]
2026/02/24 17:27:13 [Node:0 GID:100] shardkv server get key:0, check param failed Err:ErrWrongGroup
2026/02/24 17:27:13 [Node:1 GID:100 isLeader:false] shardkv server generateSnapshotter raft state size: 717, maxraftstate: 1000
2026/02/24 17:27:13 [Node:2 GID:100 isLeader:false] shardkv server generateSnapshotter raft state size: 717, maxraftstate: 1000
2026/02/24 17:27:13 [Node:0 GID:100 isLeader:true] shardkv server generateSnapshotter raft state size: 717, maxraftstate: 1000
2026/02/24 17:27:13 [Node:1 GID:100 isLeader:false] shardkv server generateSnapshotter raft state size: 717, maxraftstate: 1000
2026/02/24 17:27:13 [Node:0 GID:100 isLeader:true] shardkv server checkGroup key:0, shard:8 shards:map[0:true 1:true 2:true 3:true 4:true 5:true 6:true 7:true 8:true 9:true]
2026/02/24 17:27:13 [Node:0 GID:100] shardkv server get key:0, check param failed Err:ErrWrongGroup
2026/02/24 17:27:13 [Node:2 GID:100 isLeader:false] shardkv server generateSnapshotter raft state size: 717, maxraftstate: 1000
2026/02/24 17:27:13 [Node:0 GID:100 isLeader:true] shardkv server generateSnapshotter raft state size: 717, maxraftstate: 1000
2026/02/24 17:27:13 [Node:1 GID:100 isLeader:false] shardkv server generateSnapshotter raft state size: 717, maxraftstate: 1000
2026/02/24 17:27:13 [Node:0 GID:100 isLeader:true] shardkv server generateSnapshotter raft state size: 717, maxraftstate: 1000
2026/02/24 17:27:13 [Node:2 GID:100 isLeader:false] shardkv server generateSnapshotter raft state size: 717, maxraftstate: 1000
2026/02/24 17:27:13 [Node:0 GID:100 isLeader:true] shardkv server checkGroup key:0, shard:8 shards:map[0:true 1:true 2:true 3:true 4:true 5:true 6:true 7:true 8:true 9:true]
2026/02/24 17:27:13 [Node:0 GID:100] shardkv server get key:0, check param failed Err:ErrWrongGroup
2026/02/24 17:27:13 [Node:1 GID:100 isLeader:false] shardkv server generateSnapshotter raft state size: 717, maxraftstate: 1000
2026/02/24 17:27:13 [Node:2 GID:100 isLeader:false] shardkv server generateSnapshotter raft state size: 717, maxraftstate: 1000
2026/02/24 17:27:13 [Node:0 GID:100 isLeader:true] shardkv server generateSnapshotter raft state size: 717, maxraftstate: 1000
2026/02/24 17:27:13 [Node:1 GID:100 isLeader:false] shardkv server generateSnapshotter raft state size: 717, maxraftstate: 1000
2026/02/24 17:27:13 [Node:0 GID:100 isLeader:true] shardkv server checkGroup key:0, shard:8 shards:map[0:true 1:true 2:true 3:true 4:true 5:true 6:true 7:true 8:true 9:true]
2026/02/24 17:27:13 [Node:0 GID:100] shardkv server get key:0, check param failed Err:ErrWrongGroup
2026/02/24 17:27:13 [Node:2 GID:100 isLeader:false] shardkv server generateSnapshotter raft state size: 717, maxraftstate: 1000
2026/02/24 17:27:13 [Node:0 GID:100 isLeader:true] shardkv server generateSnapshotter raft state size: 717, maxraftstate: 1000
2026/02/24 17:27:13 [Node:1 GID:100 isLeader:false] shardkv server generateSnapshotter raft state size: 717, maxraftstate: 1000
2026/02/24 17:27:13 [Node:2 GID:100 isLeader:false] shardkv server generateSnapshotter raft state size: 717, maxraftstate: 1000
2026/02/24 17:27:13 [Node:0 GID:100 isLeader:true] shardkv server generateSnapshotter raft state size: 717, maxraftstate: 1000
2026/02/24 17:27:13 [Node:0 GID:100 isLeader:true] shardkv server checkGroup key:0, shard:8 shards:map[0:true 1:true 2:true 3:true 4:true 5:true 6:true 7:true 8:true 9:true]
2026/02/24 17:27:13 [Node:0 GID:100] shardkv server get key:0, check param failed Err:ErrWrongGroup
2026/02/24 17:27:13 [Node:1 GID:100 isLeader:false] shardkv server generateSnapshotter raft state size: 717, maxraftstate: 1000
2026/02/24 17:27:13 [Node:2 GID:100 isLeader:false] shardkv server generateSnapshotter raft state size: 717, maxraftstate: 1000
2026/02/24 17:27:13 [Node:0 GID:100 isLeader:true] shardkv server generateSnapshotter raft state size: 717, maxraftstate: 1000
2026/02/24 17:27:13 [Node:1 GID:100 isLeader:false] shardkv server generateSnapshotter raft state size: 717, maxraftstate: 1000
2026/02/24 17:27:13 [Node:0 GID:100 isLeader:true] shardkv server checkGroup key:0, shard:8 shards:map[0:true 1:true 2:true 3:true 4:true 5:true 6:true 7:true 8:true 9:true]
2026/02/24 17:27:13 [Node:0 GID:100] shardkv server get key:0, check param failed Err:ErrWrongGroup
2026/02/24 17:27:13 [Node:2 GID:100 isLeader:false] shardkv server generateSnapshotter raft state size: 717, maxraftstate: 1000
2026/02/24 17:27:13 [Node:0 GID:100 isLeader:true] shardkv server generateSnapshotter raft state size: 717, maxraftstate: 1000
2026/02/24 17:27:13 [Node:1 GID:100 isLeader:false] shardkv server generateSnapshotter raft state size: 717, maxraftstate: 1000
2026/02/24 17:27:13 [Node:2 GID:100 isLeader:false] shardkv server generateSnapshotter raft state size: 717, maxraftstate: 1000
2026/02/24 17:27:13 [Node:0 GID:100 isLeader:true] shardkv server generateSnapshotter raft state size: 717, maxraftstate: 1000
2026/02/24 17:27:13 [Node:0 GID:100 isLeader:true] shardkv server checkGroup key:0, shard:8 shards:map[0:true 1:true 2:true 3:true 4:true 5:true 6:true 7:true 8:true 9:true]
2026/02/24 17:27:13 [Node:0 GID:100] shardkv server get key:0, check param failed Err:ErrWrongGroup
2026/02/24 17:27:13 [Node:1 GID:100 isLeader:false] shardkv server generateSnapshotter raft state size: 717, maxraftstate: 1000
2026/02/24 17:27:14 [Node:0 GID:100 isLeader:true] shardkv server generateSnapshotter raft state size: 717, maxraftstate: 1000
2026/02/24 17:27:14 [Node:2 GID:100 isLeader:false] shardkv server generateSnapshotter raft state size: 717, maxraftstate: 1000
2026/02/24 17:27:14 [Node:1 GID:100 isLeader:false] shardkv server generateSnapshotter raft state size: 717, maxraftstate: 1000
2026/02/24 17:27:14 [Node:0 GID:100 isLeader:true] shardkv server checkGroup key:0, shard:8 shards:map[0:true 1:true 2:true 3:true 4:true 5:true 6:true 7:true 8:true 9:true]
2026/02/24 17:27:14 [Node:0 GID:100] shardkv server get key:0, check param failed Err:ErrWrongGroup
2026/02/24 17:27:14 [Node:2 GID:100 isLeader:false] shardkv server generateSnapshotter raft state size: 717, maxraftstate: 1000
2026/02/24 17:27:14 [Node:0 GID:100 isLeader:true] shardkv server generateSnapshotter raft state size: 717, maxraftstate: 1000
2026/02/24 17:27:14 [Node:1 GID:100 isLeader:false] shardkv server generateSnapshotter raft state size: 717, maxraftstate: 1000
2026/02/24 17:27:14 [Node:2 GID:100 isLeader:false] shardkv server generateSnapshotter raft state size: 717, maxraftstate: 1000
2026/02/24 17:27:14 [Node:0 GID:100 isLeader:true] shardkv server generateSnapshotter raft state size: 717, maxraftstate: 1000
2026/02/24 17:27:14 [Node:0 GID:100 isLeader:true] shardkv server checkGroup key:0, shard:8 shards:map[0:true 1:true 2:true 3:true 4:true 5:true 6:true 7:true 8:true 9:true]
2026/02/24 17:27:14 [Node:0 GID:100] shardkv server get key:0, check param failed Err:ErrWrongGroup
2026/02/24 17:27:14 [Node:1 GID:100 isLeader:false] shardkv server generateSnapshotter raft state size: 717, maxraftstate: 1000
2026/02/24 17:27:14 [Node:2 GID:100 isLeader:false] shardkv server generateSnapshotter raft state size: 717, maxraftstate: 1000
2026/02/24 17:27:14 [Node:0 GID:100 isLeader:true] shardkv server generateSnapshotter raft state size: 717, maxraftstate: 1000
2026/02/24 17:27:14 [Node:1 GID:100 isLeader:false] shardkv server generateSnapshotter raft state size: 717, maxraftstate: 1000
2026/02/24 17:27:14 [Node:0 GID:100 isLeader:true] shardkv server checkGroup key:0, shard:8 shards:map[0:true 1:true 2:true 3:true 4:true 5:true 6:true 7:true 8:true 9:true]
2026/02/24 17:27:14 [Node:0 GID:100] shardkv server get key:0, check param failed Err:ErrWrongGroup
2026/02/24 17:27:14 [Node:2 GID:100 isLeader:false] shardkv server generateSnapshotter raft state size: 717, maxraftstate: 1000
2026/02/24 17:27:14 [Node:0 GID:100 isLeader:true] shardkv server generateSnapshotter raft state size: 717, maxraftstate: 1000
2026/02/24 17:27:14 [Node:1 GID:100 isLeader:false] shardkv server generateSnapshotter raft state size: 717, maxraftstate: 1000
2026/02/24 17:27:14 [Node:2 GID:100 isLeader:false] shardkv server generateSnapshotter raft state size: 717, maxraftstate: 1000
2026/02/24 17:27:14 [Node:0 GID:100 isLeader:true] shardkv server generateSnapshotter raft state size: 717, maxraftstate: 1000
2026/02/24 17:27:14 [Node:0 GID:100 isLeader:true] shardkv server checkGroup key:0, shard:8 shards:map[0:true 1:true 2:true 3:true 4:true 5:true 6:true 7:true 8:true 9:true]
2026/02/24 17:27:14 [Node:0 GID:100] shardkv server get key:0, check param failed Err:ErrWrongGroup
2026/02/24 17:27:14 [Node:1 GID:100 isLeader:false] shardkv server generateSnapshotter raft state size: 717, maxraftstate: 1000
2026/02/24 17:27:14 [Node:2 GID:100 isLeader:false] shardkv server generateSnapshotter raft state size: 717, maxraftstate: 1000
2026/02/24 17:27:14 [Node:0 GID:100 isLeader:true] shardkv server generateSnapshotter raft state size: 717, maxraftstate: 1000
2026/02/24 17:27:14 [Node:1 GID:100 isLeader:false] shardkv server generateSnapshotter raft state size: 717, maxraftstate: 1000
2026/02/24 17:27:14 [Node:0 GID:100 isLeader:true] shardkv server checkGroup key:0, shard:8 shards:map[0:true 1:true 2:true 3:true 4:true 5:true 6:true 7:true 8:true 9:true]
2026/02/24 17:27:14 [Node:0 GID:100] shardkv server get key:0, check param failed Err:ErrWrongGroup
2026/02/24 17:27:14 [Node:0 GID:100 isLeader:true] shardkv server generateSnapshotter raft state size: 717, maxraftstate: 1000
2026/02/24 17:27:14 [Node:2 GID:100 isLeader:false] shardkv server generateSnapshotter raft state size: 717, maxraftstate: 1000
2026/02/24 17:27:14 [Node:1 GID:100 isLeader:false] shardkv server generateSnapshotter raft state size: 717, maxraftstate: 1000
2026/02/24 17:27:14 [Node:0 GID:100 isLeader:true] shardkv server generateSnapshotter raft state size: 717, maxraftstate: 1000
2026/02/24 17:27:14 [Node:2 GID:100 isLeader:false] shardkv server generateSnapshotter raft state size: 717, maxraftstate: 1000
2026/02/24 17:27:14 [Node:0 GID:100 isLeader:true] shardkv server checkGroup key:0, shard:8 shards:map[0:true 1:true 2:true 3:true 4:true 5:true 6:true 7:true 8:true 9:true]
2026/02/24 17:27:14 [Node:0 GID:100] shardkv server get key:0, check param failed Err:ErrWrongGroup
2026/02/24 17:27:14 [Node:1 GID:100 isLeader:false] shardkv server generateSnapshotter raft state size: 717, maxraftstate: 1000
2026/02/24 17:27:14 [Node:0 GID:100 isLeader:true] shardkv server generateSnapshotter raft state size: 717, maxraftstate: 1000
2026/02/24 17:27:14 [Node:2 GID:100 isLeader:false] shardkv server generateSnapshotter raft state size: 717, maxraftstate: 1000
2026/02/24 17:27:14 [Node:1 GID:100 isLeader:false] shardkv server generateSnapshotter raft state size: 717, maxraftstate: 1000
2026/02/24 17:27:15 [Node:0 GID:100 isLeader:true] shardkv server checkGroup key:0, shard:8 shards:map[0:true 1:true 2:true 3:true 4:true 5:true 6:true 7:true 8:true 9:true]
2026/02/24 17:27:15 [Node:0 GID:100] shardkv server get key:0, check param failed Err:ErrWrongGroup
2026/02/24 17:27:15 [Node:0 GID:100 isLeader:true] shardkv server generateSnapshotter raft state size: 717, maxraftstate: 1000
2026/02/24 17:27:15 [Node:2 GID:100 isLeader:false] shardkv server generateSnapshotter raft state size: 717, maxraftstate: 1000
2026/02/24 17:27:15 [Node:1 GID:100 isLeader:false] shardkv server generateSnapshotter raft state size: 717, maxraftstate: 1000
2026/02/24 17:27:15 [Node:0 GID:100 isLeader:true] shardkv server generateSnapshotter raft state size: 717, maxraftstate: 1000
2026/02/24 17:27:15 [Node:2 GID:100 isLeader:false] shardkv server generateSnapshotter raft state size: 717, maxraftstate: 1000
2026/02/24 17:27:15 [Node:0 GID:100 isLeader:true] shardkv server checkGroup key:0, shard:8 shards:map[0:true 1:true 2:true 3:true 4:true 5:true 6:true 7:true 8:true 9:true]
2026/02/24 17:27:15 [Node:0 GID:100] shardkv server get key:0, check param failed Err:ErrWrongGroup
2026/02/24 17:27:15 [Node:1 GID:100 isLeader:false] shardkv server generateSnapshotter raft state size: 717, maxraftstate: 1000
2026/02/24 17:27:15 [Node:0 GID:100 isLeader:true] shardkv server generateSnapshotter raft state size: 717, maxraftstate: 1000
2026/02/24 17:27:15 [Node:2 GID:100 isLeader:false] shardkv server generateSnapshotter raft state size: 717, maxraftstate: 1000
2026/02/24 17:27:15 [Node:1 GID:100 isLeader:false] shardkv server generateSnapshotter raft state size: 717, maxraftstate: 1000
2026/02/24 17:27:15 [Node:0 GID:100 isLeader:true] shardkv server checkGroup key:0, shard:8 shards:map[0:true 1:true 2:true 3:true 4:true 5:true 6:true 7:true 8:true 9:true]
2026/02/24 17:27:15 [Node:0 GID:100] shardkv server get key:0, check param failed Err:ErrWrongGroup
2026/02/24 17:27:15 [Node:0 GID:100 isLeader:true] shardkv server generateSnapshotter raft state size: 717, maxraftstate: 1000
2026/02/24 17:27:15 [Node:2 GID:100 isLeader:false] shardkv server generateSnapshotter raft state size: 717, maxraftstate: 1000
2026/02/24 17:27:15 [Node:1 GID:100 isLeader:false] shardkv server generateSnapshotter raft state size: 717, maxraftstate: 1000
2026/02/24 17:27:15 [Node:0 GID:100 isLeader:true] shardkv server generateSnapshotter raft state size: 717, maxraftstate: 1000
2026/02/24 17:27:15 [Node:2 GID:100 isLeader:false] shardkv server generateSnapshotter raft state size: 717, maxraftstate: 1000
2026/02/24 17:27:15 [Node:0 GID:100 isLeader:true] shardkv server checkGroup key:0, shard:8 shards:map[0:true 1:true 2:true 3:true 4:true 5:true 6:true 7:true 8:true 9:true]
2026/02/24 17:27:15 [Node:0 GID:100] shardkv server get key:0, check param failed Err:ErrWrongGroup
2026/02/24 17:27:15 [Node:1 GID:100 isLeader:false] shardkv server generateSnapshotter raft state size: 717, maxraftstate: 1000
2026/02/24 17:27:15 [Node:0 GID:100 isLeader:true] shardkv server generateSnapshotter raft state size: 717, maxraftstate: 1000
2026/02/24 17:27:15 [Node:2 GID:100 isLeader:false] shardkv server generateSnapshotter raft state size: 717, maxraftstate: 1000
2026/02/24 17:27:15 [Node:1 GID:100 isLeader:false] shardkv server generateSnapshotter raft state size: 717, maxraftstate: 1000
2026/02/24 17:27:15 [Node:0 GID:100 isLeader:true] shardkv server checkGroup key:0, shard:8 shards:map[0:true 1:true 2:true 3:true 4:true 5:true 6:true 7:true 8:true 9:true]
2026/02/24 17:27:15 [Node:0 GID:100] shardkv server get key:0, check param failed Err:ErrWrongGroup
2026/02/24 17:27:15 [Node:0 GID:100 isLeader:true] shardkv server generateSnapshotter raft state size: 717, maxraftstate: 1000
2026/02/24 17:27:15 [Node:2 GID:100 isLeader:false] shardkv server generateSnapshotter raft state size: 717, maxraftstate: 1000
2026/02/24 17:27:15 [Node:1 GID:100 isLeader:false] shardkv server generateSnapshotter raft state size: 717, maxraftstate: 1000
2026/02/24 17:27:15 [Node:0 GID:100 isLeader:true] shardkv server generateSnapshotter raft state size: 717, maxraftstate: 1000
2026/02/24 17:27:15 [Node:2 GID:100 isLeader:false] shardkv server generateSnapshotter raft state size: 717, maxraftstate: 1000
2026/02/24 17:27:15 [Node:0 GID:100 isLeader:true] shardkv server checkGroup key:0, shard:8 shards:map[0:true 1:true 2:true 3:true 4:true 5:true 6:true 7:true 8:true 9:true]
2026/02/24 17:27:15 [Node:0 GID:100] shardkv server get key:0, check param failed Err:ErrWrongGroup
2026/02/24 17:27:15 [Node:1 GID:100 isLeader:false] shardkv server generateSnapshotter raft state size: 717, maxraftstate: 1000
2026/02/24 17:27:15 [Node:0 GID:100 isLeader:true] shardkv server generateSnapshotter raft state size: 717, maxraftstate: 1000
2026/02/24 17:27:15 [Node:2 GID:100 isLeader:false] shardkv server generateSnapshotter raft state size: 717, maxraftstate: 1000
2026/02/24 17:27:15 [Node:1 GID:100 isLeader:false] shardkv server generateSnapshotter raft state size: 717, maxraftstate: 1000
2026/02/24 17:27:15 [Node:0 GID:100 isLeader:true] shardkv server checkGroup key:0, shard:8 shards:map[0:true 1:true 2:true 3:true 4:true 5:true 6:true 7:true 8:true 9:true]
2026/02/24 17:27:15 [Node:0 GID:100] shardkv server get key:0, check param failed Err:ErrWrongGroup
2026/02/24 17:27:15 [Node:0 GID:100 isLeader:true] shardkv server generateSnapshotter raft state size: 717, maxraftstate: 1000
2026/02/24 17:27:15 [Node:2 GID:100 isLeader:false] shardkv server generateSnapshotter raft state size: 717, maxraftstate: 1000
2026/02/24 17:27:16 [Node:1 GID:100 isLeader:false] shardkv server generateSnapshotter raft state size: 717, maxraftstate: 1000
2026/02/24 17:27:16 [Node:0 GID:100 isLeader:true] shardkv server generateSnapshotter raft state size: 717, maxraftstate: 1000
2026/02/24 17:27:16 [Node:2 GID:100 isLeader:false] shardkv server generateSnapshotter raft state size: 717, maxraftstate: 1000
2026/02/24 17:27:16 [Node:0 GID:100 isLeader:true] shardkv server checkGroup key:0, shard:8 shards:map[0:true 1:true 2:true 3:true 4:true 5:true 6:true 7:true 8:true 9:true]
2026/02/24 17:27:16 [Node:0 GID:100] shardkv server get key:0, check param failed Err:ErrWrongGroup
2026/02/24 17:27:16 [Node:1 GID:100 isLeader:false] shardkv server generateSnapshotter raft state size: 717, maxraftstate: 1000
2026/02/24 17:27:16 [Node:2 GID:100 isLeader:false] shardkv server generateSnapshotter raft state size: 717, maxraftstate: 1000
2026/02/24 17:27:16 [Node:0 GID:100 isLeader:true] shardkv server generateSnapshotter raft state size: 717, maxraftstate: 1000
2026/02/24 17:27:16 [Node:1 GID:100 isLeader:false] shardkv server generateSnapshotter raft state size: 717, maxraftstate: 1000
2026/02/24 17:27:16 [Node:0 GID:100 isLeader:true] shardkv server checkGroup key:0, shard:8 shards:map[0:true 1:true 2:true 3:true 4:true 5:true 6:true 7:true 8:true 9:true]
2026/02/24 17:27:16 [Node:0 GID:100] shardkv server get key:0, check param failed Err:ErrWrongGroup
2026/02/24 17:27:16 [Node:0 GID:100 isLeader:true] shardkv server generateSnapshotter raft state size: 717, maxraftstate: 1000
2026/02/24 17:27:16 [Node:2 GID:100 isLeader:false] shardkv server generateSnapshotter raft state size: 717, maxraftstate: 1000
2026/02/24 17:27:16 [Node:1 GID:100 isLeader:false] shardkv server generateSnapshotter raft state size: 717, maxraftstate: 1000
2026/02/24 17:27:16 [Node:0 GID:100 isLeader:true] shardkv server generateSnapshotter raft state size: 717, maxraftstate: 1000
2026/02/24 17:27:16 [Node:2 GID:100 isLeader:false] shardkv server generateSnapshotter raft state size: 717, maxraftstate: 1000
2026/02/24 17:27:16 [Node:0 GID:100 isLeader:true] shardkv server checkGroup key:0, shard:8 shards:map[0:true 1:true 2:true 3:true 4:true 5:true 6:true 7:true 8:true 9:true]
2026/02/24 17:27:16 [Node:0 GID:100] shardkv server get key:0, check param failed Err:ErrWrongGroup
2026/02/24 17:27:16 [Node:1 GID:100 isLeader:false] shardkv server generateSnapshotter raft state size: 717, maxraftstate: 1000
2026/02/24 17:27:16 [Node:0 GID:100 isLeader:true] shardkv server generateSnapshotter raft state size: 717, maxraftstate: 1000
2026/02/24 17:27:16 [Node:2 GID:100 isLeader:false] shardkv server generateSnapshotter raft state size: 717, maxraftstate: 1000
2026/02/24 17:27:16 [Node:1 GID:100 isLeader:false] shardkv server generateSnapshotter raft state size: 717, maxraftstate: 1000
2026/02/24 17:27:16 [Node:0 GID:100 isLeader:true] shardkv server checkGroup key:0, shard:8 shards:map[0:true 1:true 2:true 3:true 4:true 5:true 6:true 7:true 8:true 9:true]
2026/02/24 17:27:16 [Node:0 GID:100] shardkv server get key:0, check param failed Err:ErrWrongGroup
2026/02/24 17:27:16 [Node:0 GID:100 isLeader:true] shardkv server generateSnapshotter raft state size: 717, maxraftstate: 1000
2026/02/24 17:27:16 [Node:2 GID:100 isLeader:false] shardkv server generateSnapshotter raft state size: 717, maxraftstate: 1000
2026/02/24 17:27:16 [Node:1 GID:100 isLeader:false] shardkv server generateSnapshotter raft state size: 717, maxraftstate: 1000
2026/02/24 17:27:16 [Node:0 GID:100 isLeader:true] shardkv server generateSnapshotter raft state size: 717, maxraftstate: 1000
2026/02/24 17:27:16 [Node:2 GID:100 isLeader:false] shardkv server generateSnapshotter raft state size: 717, maxraftstate: 1000
2026/02/24 17:27:16 [Node:0 GID:100 isLeader:true] shardkv server checkGroup key:0, shard:8 shards:map[0:true 1:true 2:true 3:true 4:true 5:true 6:true 7:true 8:true 9:true]
2026/02/24 17:27:16 [Node:0 GID:100] shardkv server get key:0, check param failed Err:ErrWrongGroup
2026/02/24 17:27:16 [Node:1 GID:100 isLeader:false] shardkv server generateSnapshotter raft state size: 717, maxraftstate: 1000
2026/02/24 17:27:16 [Node:2 GID:100 isLeader:false] shardkv server generateSnapshotter raft state size: 717, maxraftstate: 1000
2026/02/24 17:27:16 [Node:0 GID:100 isLeader:true] shardkv server generateSnapshotter raft state size: 717, maxraftstate: 1000
2026/02/24 17:27:16 [Node:1 GID:100 isLeader:false] shardkv server generateSnapshotter raft state size: 717, maxraftstate: 1000
2026/02/24 17:27:16 [Node:0 GID:100 isLeader:true] shardkv server checkGroup key:0, shard:8 shards:map[0:true 1:true 2:true 3:true 4:true 5:true 6:true 7:true 8:true 9:true]
2026/02/24 17:27:16 [Node:0 GID:100] shardkv server get key:0, check param failed Err:ErrWrongGroup
2026/02/24 17:27:16 [Node:2 GID:100 isLeader:false] shardkv server generateSnapshotter raft state size: 717, maxraftstate: 1000
2026/02/24 17:27:16 [Node:0 GID:100 isLeader:true] shardkv server generateSnapshotter raft state size: 717, maxraftstate: 1000
2026/02/24 17:27:16 [Node:1 GID:100 isLeader:false] shardkv server generateSnapshotter raft state size: 717, maxraftstate: 1000
2026/02/24 17:27:16 [Node:2 GID:100 isLeader:false] shardkv server generateSnapshotter raft state size: 717, maxraftstate: 1000
2026/02/24 17:27:16 [Node:0 GID:100 isLeader:true] shardkv server generateSnapshotter raft state size: 717, maxraftstate: 1000
2026/02/24 17:27:16 [Node:0 GID:100 isLeader:true] shardkv server checkGroup key:0, shard:8 shards:map[0:true 1:true 2:true 3:true 4:true 5:true 6:true 7:true 8:true 9:true]
2026/02/24 17:27:16 [Node:0 GID:100] shardkv server get key:0, check param failed Err:ErrWrongGroup
2026/02/24 17:27:17 [Node:1 GID:100 isLeader:false] shardkv server generateSnapshotter raft state size: 717, maxraftstate: 1000
2026/02/24 17:27:17 [Node:2 GID:100 isLeader:false] shardkv server generateSnapshotter raft state size: 717, maxraftstate: 1000
2026/02/24 17:27:17 [Node:0 GID:100 isLeader:true] shardkv server generateSnapshotter raft state size: 717, maxraftstate: 1000
2026/02/24 17:27:17 [Node:1 GID:100 isLeader:false] shardkv server generateSnapshotter raft state size: 717, maxraftstate: 1000
2026/02/24 17:27:17 [Node:0 GID:100 isLeader:true] shardkv server checkGroup key:0, shard:8 shards:map[0:true 1:true 2:true 3:true 4:true 5:true 6:true 7:true 8:true 9:true]
2026/02/24 17:27:17 [Node:0 GID:100] shardkv server get key:0, check param failed Err:ErrWrongGroup
2026/02/24 17:27:17 [Node:0 GID:100 isLeader:true] shardkv server generateSnapshotter raft state size: 717, maxraftstate: 1000
2026/02/24 17:27:17 [Node:2 GID:100 isLeader:false] shardkv server generateSnapshotter raft state size: 717, maxraftstate: 1000
2026/02/24 17:27:17 [Node:1 GID:100 isLeader:false] shardkv server generateSnapshotter raft state size: 717, maxraftstate: 1000
2026/02/24 17:27:17 [Node:2 GID:100 isLeader:false] shardkv server generateSnapshotter raft state size: 717, maxraftstate: 1000
2026/02/24 17:27:17 [Node:0 GID:100 isLeader:true] shardkv server generateSnapshotter raft state size: 717, maxraftstate: 1000
2026/02/24 17:27:17 [Node:0 GID:100 isLeader:true] shardkv server checkGroup key:0, shard:8 shards:map[0:true 1:true 2:true 3:true 4:true 5:true 6:true 7:true 8:true 9:true]
2026/02/24 17:27:17 [Node:0 GID:100] shardkv server get key:0, check param failed Err:ErrWrongGroup
2026/02/24 17:27:17 [Node:1 GID:100 isLeader:false] shardkv server generateSnapshotter raft state size: 717, maxraftstate: 1000
2026/02/24 17:27:17 [Node:0 GID:100 isLeader:true] shardkv server generateSnapshotter raft state size: 717, maxraftstate: 1000
2026/02/24 17:27:17 [Node:2 GID:100 isLeader:false] shardkv server generateSnapshotter raft state size: 717, maxraftstate: 1000
2026/02/24 17:27:17 [Node:1 GID:100 isLeader:false] shardkv server generateSnapshotter raft state size: 717, maxraftstate: 1000
2026/02/24 17:27:17 [Node:0 GID:100 isLeader:true] shardkv server checkGroup key:0, shard:8 shards:map[0:true 1:true 2:true 3:true 4:true 5:true 6:true 7:true 8:true 9:true]
2026/02/24 17:27:17 [Node:0 GID:100] shardkv server get key:0, check param failed Err:ErrWrongGroup
2026/02/24 17:27:17 [Node:0 GID:100 isLeader:true] shardkv server generateSnapshotter raft state size: 717, maxraftstate: 1000
2026/02/24 17:27:17 [Node:2 GID:100 isLeader:false] shardkv server generateSnapshotter raft state size: 717, maxraftstate: 1000
2026/02/24 17:27:17 [Node:1 GID:100 isLeader:false] shardkv server generateSnapshotter raft state size: 717, maxraftstate: 1000
2026/02/24 17:27:17 [Node:2 GID:100 isLeader:false] shardkv server generateSnapshotter raft state size: 717, maxraftstate: 1000
2026/02/24 17:27:17 [Node:0 GID:100 isLeader:true] shardkv server generateSnapshotter raft state size: 717, maxraftstate: 1000
2026/02/24 17:27:17 [Node:0 GID:100 isLeader:true] shardkv server checkGroup key:0, shard:8 shards:map[0:true 1:true 2:true 3:true 4:true 5:true 6:true 7:true 8:true 9:true]
2026/02/24 17:27:17 [Node:0 GID:100] shardkv server get key:0, check param failed Err:ErrWrongGroup
2026/02/24 17:27:17 [Node:1 GID:100 isLeader:false] shardkv server generateSnapshotter raft state size: 717, maxraftstate: 1000
2026/02/24 17:27:17 [Node:0 GID:100 isLeader:true] shardkv server generateSnapshotter raft state size: 717, maxraftstate: 1000
2026/02/24 17:27:17 [Node:2 GID:100 isLeader:false] shardkv server generateSnapshotter raft state size: 717, maxraftstate: 1000
2026/02/24 17:27:17 [Node:1 GID:100 isLeader:false] shardkv server generateSnapshotter raft state size: 717, maxraftstate: 1000
2026/02/24 17:27:17 [Node:0 GID:100 isLeader:true] shardkv server checkGroup key:0, shard:8 shards:map[0:true 1:true 2:true 3:true 4:true 5:true 6:true 7:true 8:true 9:true]
2026/02/24 17:27:17 [Node:0 GID:100] shardkv server get key:0, check param failed Err:ErrWrongGroup
2026/02/24 17:27:17 [Node:0 GID:100 isLeader:true] shardkv server generateSnapshotter raft state size: 717, maxraftstate: 1000
2026/02/24 17:27:17 [Node:2 GID:100 isLeader:false] shardkv server generateSnapshotter raft state size: 717, maxraftstate: 1000
2026/02/24 17:27:17 [Node:1 GID:100 isLeader:false] shardkv server generateSnapshotter raft state size: 717, maxraftstate: 1000
2026/02/24 17:27:17 [Node:0 GID:100 isLeader:true] shardkv server generateSnapshotter raft state size: 717, maxraftstate: 1000
2026/02/24 17:27:17 [Node:2 GID:100 isLeader:false] shardkv server generateSnapshotter raft state size: 717, maxraftstate: 1000
2026/02/24 17:27:17 [Node:0 GID:100 isLeader:true] shardkv server checkGroup key:0, shard:8 shards:map[0:true 1:true 2:true 3:true 4:true 5:true 6:true 7:true 8:true 9:true]
2026/02/24 17:27:17 [Node:0 GID:100] shardkv server get key:0, check param failed Err:ErrWrongGroup
2026/02/24 17:27:17 [Node:1 GID:100 isLeader:false] shardkv server generateSnapshotter raft state size: 717, maxraftstate: 1000
2026/02/24 17:27:17 [Node:2 GID:100 isLeader:false] shardkv server generateSnapshotter raft state size: 717, maxraftstate: 1000
2026/02/24 17:27:17 [Node:0 GID:100 isLeader:true] shardkv server generateSnapshotter raft state size: 717, maxraftstate: 1000
2026/02/24 17:27:18 [Node:1 GID:100 isLeader:false] shardkv server generateSnapshotter raft state size: 717, maxraftstate: 1000
2026/02/24 17:27:18 [Node:0 GID:100 isLeader:true] shardkv server checkGroup key:0, shard:8 shards:map[0:true 1:true 2:true 3:true 4:true 5:true 6:true 7:true 8:true 9:true]
2026/02/24 17:27:18 [Node:0 GID:100] shardkv server get key:0, check param failed Err:ErrWrongGroup
2026/02/24 17:27:18 [Node:0 GID:100 isLeader:true] shardkv server generateSnapshotter raft state size: 717, maxraftstate: 1000
2026/02/24 17:27:18 [Node:2 GID:100 isLeader:false] shardkv server generateSnapshotter raft state size: 717, maxraftstate: 1000
2026/02/24 17:27:18 [Node:1 GID:100 isLeader:false] shardkv server generateSnapshotter raft state size: 717, maxraftstate: 1000
2026/02/24 17:27:18 [Node:0 GID:100 isLeader:true] shardkv server generateSnapshotter raft state size: 717, maxraftstate: 1000
2026/02/24 17:27:18 [Node:2 GID:100 isLeader:false] shardkv server generateSnapshotter raft state size: 717, maxraftstate: 1000
2026/02/24 17:27:18 [Node:0 GID:100 isLeader:true] shardkv server checkGroup key:0, shard:8 shards:map[0:true 1:true 2:true 3:true 4:true 5:true 6:true 7:true 8:true 9:true]
2026/02/24 17:27:18 [Node:0 GID:100] shardkv server get key:0, check param failed Err:ErrWrongGroup
2026/02/24 17:27:18 [Node:1 GID:100 isLeader:false] shardkv server generateSnapshotter raft state size: 717, maxraftstate: 1000
2026/02/24 17:27:18 [Node:0 GID:100 isLeader:true] shardkv server generateSnapshotter raft state size: 717, maxraftstate: 1000
2026/02/24 17:27:18 [Node:2 GID:100 isLeader:false] shardkv server generateSnapshotter raft state size: 717, maxraftstate: 1000
2026/02/24 17:27:18 [Node:1 GID:100 isLeader:false] shardkv server generateSnapshotter raft state size: 717, maxraftstate: 1000
2026/02/24 17:27:18 [Node:0 GID:100 isLeader:true] shardkv server checkGroup key:0, shard:8 shards:map[0:true 1:true 2:true 3:true 4:true 5:true 6:true 7:true 8:true 9:true]
2026/02/24 17:27:18 [Node:0 GID:100] shardkv server get key:0, check param failed Err:ErrWrongGroup
2026/02/24 17:27:18 [Node:2 GID:100 isLeader:false] shardkv server generateSnapshotter raft state size: 717, maxraftstate: 1000
2026/02/24 17:27:18 [Node:0 GID:100 isLeader:true] shardkv server generateSnapshotter raft state size: 717, maxraftstate: 1000
2026/02/24 17:27:18 [Node:1 GID:100 isLeader:false] shardkv server generateSnapshotter raft state size: 717, maxraftstate: 1000
2026/02/24 17:27:18 [Node:0 GID:100 isLeader:true] shardkv server generateSnapshotter raft state size: 717, maxraftstate: 1000
2026/02/24 17:27:18 [Node:2 GID:100 isLeader:false] shardkv server generateSnapshotter raft state size: 717, maxraftstate: 1000
2026/02/24 17:27:18 [Node:0 GID:100 isLeader:true] shardkv server checkGroup key:0, shard:8 shards:map[0:true 1:true 2:true 3:true 4:true 5:true 6:true 7:true 8:true 9:true]
2026/02/24 17:27:18 [Node:0 GID:100] shardkv server get key:0, check param failed Err:ErrWrongGroup
2026/02/24 17:27:18 [Node:1 GID:100 isLeader:false] shardkv server generateSnapshotter raft state size: 717, maxraftstate: 1000
2026/02/24 17:27:18 [Node:2 GID:100 isLeader:false] shardkv server generateSnapshotter raft state size: 717, maxraftstate: 1000
2026/02/24 17:27:18 [Node:0 GID:100 isLeader:true] shardkv server generateSnapshotter raft state size: 717, maxraftstate: 1000
2026/02/24 17:27:18 [Node:1 GID:100 isLeader:false] shardkv server generateSnapshotter raft state size: 717, maxraftstate: 1000
2026/02/24 17:27:18 [Node:0 GID:100 isLeader:true] shardkv server checkGroup key:0, shard:8 shards:map[0:true 1:true 2:true 3:true 4:true 5:true 6:true 7:true 8:true 9:true]
2026/02/24 17:27:18 [Node:0 GID:100] shardkv server get key:0, check param failed Err:ErrWrongGroup
2026/02/24 17:27:18 [Node:0 GID:100 isLeader:true] shardkv server generateSnapshotter raft state size: 717, maxraftstate: 1000
2026/02/24 17:27:18 [Node:2 GID:100 isLeader:false] shardkv server generateSnapshotter raft state size: 717, maxraftstate: 1000
2026/02/24 17:27:18 [Node:1 GID:100 isLeader:false] shardkv server generateSnapshotter raft state size: 717, maxraftstate: 1000
2026/02/24 17:27:18 [Node:0 GID:100 isLeader:true] shardkv server generateSnapshotter raft state size: 717, maxraftstate: 1000
2026/02/24 17:27:18 [Node:2 GID:100 isLeader:false] shardkv server generateSnapshotter raft state size: 717, maxraftstate: 1000
2026/02/24 17:27:18 [Node:0 GID:100 isLeader:true] shardkv server checkGroup key:0, shard:8 shards:map[0:true 1:true 2:true 3:true 4:true 5:true 6:true 7:true 8:true 9:true]
2026/02/24 17:27:18 [Node:0 GID:100] shardkv server get key:0, check param failed Err:ErrWrongGroup
2026/02/24 17:27:18 [Node:1 GID:100 isLeader:false] shardkv server generateSnapshotter raft state size: 717, maxraftstate: 1000
2026/02/24 17:27:18 [Node:0 GID:100 isLeader:true] shardkv server generateSnapshotter raft state size: 717, maxraftstate: 1000
2026/02/24 17:27:18 [Node:2 GID:100 isLeader:false] shardkv server generateSnapshotter raft state size: 717, maxraftstate: 1000
2026/02/24 17:27:18 [Node:1 GID:100 isLeader:false] shardkv server generateSnapshotter raft state size: 717, maxraftstate: 1000
2026/02/24 17:27:18 [Node:0 GID:100 isLeader:true] shardkv server checkGroup key:0, shard:8 shards:map[0:true 1:true 2:true 3:true 4:true 5:true 6:true 7:true 8:true 9:true]
2026/02/24 17:27:18 [Node:0 GID:100] shardkv server get key:0, check param failed Err:ErrWrongGroup
2026/02/24 17:27:18 [Node:0 GID:100 isLeader:true] shardkv server generateSnapshotter raft state size: 717, maxraftstate: 1000
2026/02/24 17:27:18 [Node:2 GID:100 isLeader:false] shardkv server generateSnapshotter raft state size: 717, maxraftstate: 1000
2026/02/24 17:27:19 [Node:1 GID:100 isLeader:false] shardkv server generateSnapshotter raft state size: 717, maxraftstate: 1000
2026/02/24 17:27:19 [Node:0 GID:100 isLeader:true] shardkv server generateSnapshotter raft state size: 717, maxraftstate: 1000
2026/02/24 17:27:19 [Node:2 GID:100 isLeader:false] shardkv server generateSnapshotter raft state size: 717, maxraftstate: 1000
2026/02/24 17:27:19 [Node:0 GID:100 isLeader:true] shardkv server checkGroup key:0, shard:8 shards:map[0:true 1:true 2:true 3:true 4:true 5:true 6:true 7:true 8:true 9:true]
2026/02/24 17:27:19 [Node:0 GID:100] shardkv server get key:0, check param failed Err:ErrWrongGroup
2026/02/24 17:27:19 [Node:1 GID:100 isLeader:false] shardkv server generateSnapshotter raft state size: 717, maxraftstate: 1000
2026/02/24 17:27:19 [Node:2 GID:100 isLeader:false] shardkv server generateSnapshotter raft state size: 717, maxraftstate: 1000
2026/02/24 17:27:19 [Node:0 GID:100 isLeader:true] shardkv server generateSnapshotter raft state size: 717, maxraftstate: 1000
2026/02/24 17:27:19 [Node:1 GID:100 isLeader:false] shardkv server generateSnapshotter raft state size: 717, maxraftstate: 1000
2026/02/24 17:27:19 [Node:0 GID:100 isLeader:true] shardkv server checkGroup key:0, shard:8 shards:map[0:true 1:true 2:true 3:true 4:true 5:true 6:true 7:true 8:true 9:true]
2026/02/24 17:27:19 [Node:0 GID:100] shardkv server get key:0, check param failed Err:ErrWrongGroup
2026/02/24 17:27:19 [Node:2 GID:100 isLeader:false] shardkv server generateSnapshotter raft state size: 717, maxraftstate: 1000
2026/02/24 17:27:19 [Node:0 GID:100 isLeader:true] shardkv server generateSnapshotter raft state size: 717, maxraftstate: 1000
2026/02/24 17:27:19 [Node:1 GID:100 isLeader:false] shardkv server generateSnapshotter raft state size: 717, maxraftstate: 1000
2026/02/24 17:27:19 [Node:2 GID:100 isLeader:false] shardkv server generateSnapshotter raft state size: 717, maxraftstate: 1000
2026/02/24 17:27:19 [Node:0 GID:100 isLeader:true] shardkv server generateSnapshotter raft state size: 717, maxraftstate: 1000
2026/02/24 17:27:19 [Node:0 GID:100 isLeader:true] shardkv server checkGroup key:0, shard:8 shards:map[0:true 1:true 2:true 3:true 4:true 5:true 6:true 7:true 8:true 9:true]
2026/02/24 17:27:19 [Node:0 GID:100] shardkv server get key:0, check param failed Err:ErrWrongGroup
2026/02/24 17:27:19 [Node:1 GID:100 isLeader:false] shardkv server generateSnapshotter raft state size: 717, maxraftstate: 1000
2026/02/24 17:27:19 [Node:0 GID:100 isLeader:true] shardkv server generateSnapshotter raft state size: 717, maxraftstate: 1000
2026/02/24 17:27:19 [Node:2 GID:100 isLeader:false] shardkv server generateSnapshotter raft state size: 717, maxraftstate: 1000
2026/02/24 17:27:19 [Node:1 GID:100 isLeader:false] shardkv server generateSnapshotter raft state size: 717, maxraftstate: 1000
2026/02/24 17:27:19 [Node:0 GID:100 isLeader:true] shardkv server checkGroup key:0, shard:8 shards:map[0:true 1:true 2:true 3:true 4:true 5:true 6:true 7:true 8:true 9:true]
2026/02/24 17:27:19 [Node:0 GID:100] shardkv server get key:0, check param failed Err:ErrWrongGroup
2026/02/24 17:27:19 [Node:2 GID:100 isLeader:false] shardkv server generateSnapshotter raft state size: 717, maxraftstate: 1000
2026/02/24 17:27:19 [Node:0 GID:100 isLeader:true] shardkv server generateSnapshotter raft state size: 717, maxraftstate: 1000
2026/02/24 17:27:19 [Node:1 GID:100 isLeader:false] shardkv server generateSnapshotter raft state size: 717, maxraftstate: 1000
2026/02/24 17:27:19 [Node:2 GID:100 isLeader:false] shardkv server generateSnapshotter raft state size: 717, maxraftstate: 1000
2026/02/24 17:27:19 [Node:0 GID:100 isLeader:true] shardkv server generateSnapshotter raft state size: 717, maxraftstate: 1000
2026/02/24 17:27:19 [Node:0 GID:100 isLeader:true] shardkv server checkGroup key:0, shard:8 shards:map[0:true 1:true 2:true 3:true 4:true 5:true 6:true 7:true 8:true 9:true]
2026/02/24 17:27:19 [Node:0 GID:100] shardkv server get key:0, check param failed Err:ErrWrongGroup
2026/02/24 17:27:19 [Node:1 GID:100 isLeader:false] shardkv server generateSnapshotter raft state size: 717, maxraftstate: 1000
2026/02/24 17:27:19 [Node:0 GID:100 isLeader:true] shardkv server generateSnapshotter raft state size: 717, maxraftstate: 1000
2026/02/24 17:27:19 [Node:2 GID:100 isLeader:false] shardkv server generateSnapshotter raft state size: 717, maxraftstate: 1000
2026/02/24 17:27:19 [Node:1 GID:100 isLeader:false] shardkv server generateSnapshotter raft state size: 717, maxraftstate: 1000
2026/02/24 17:27:19 [Node:0 GID:100 isLeader:true] shardkv server checkGroup key:0, shard:8 shards:map[0:true 1:true 2:true 3:true 4:true 5:true 6:true 7:true 8:true 9:true]
2026/02/24 17:27:19 [Node:0 GID:100] shardkv server get key:0, check param failed Err:ErrWrongGroup
2026/02/24 17:27:19 [Node:2 GID:100 isLeader:false] shardkv server generateSnapshotter raft state size: 717, maxraftstate: 1000
2026/02/24 17:27:19 [Node:0 GID:100 isLeader:true] shardkv server generateSnapshotter raft state size: 717, maxraftstate: 1000
2026/02/24 17:27:19 [Node:1 GID:100 isLeader:false] shardkv server generateSnapshotter raft state size: 717, maxraftstate: 1000
2026/02/24 17:27:19 [Node:2 GID:100 isLeader:false] shardkv server generateSnapshotter raft state size: 717, maxraftstate: 1000
2026/02/24 17:27:19 [Node:0 GID:100 isLeader:true] shardkv server generateSnapshotter raft state size: 717, maxraftstate: 1000
2026/02/24 17:27:20 [Node:0 GID:100 isLeader:true] shardkv server checkGroup key:0, shard:8 shards:map[0:true 1:true 2:true 3:true 4:true 5:true 6:true 7:true 8:true 9:true]
2026/02/24 17:27:20 [Node:0 GID:100] shardkv server get key:0, check param failed Err:ErrWrongGroup
2026/02/24 17:27:20 [Node:1 GID:100 isLeader:false] shardkv server generateSnapshotter raft state size: 717, maxraftstate: 1000
2026/02/24 17:27:20 [Node:2 GID:100 isLeader:false] shardkv server generateSnapshotter raft state size: 717, maxraftstate: 1000
2026/02/24 17:27:20 [Node:0 GID:100 isLeader:true] shardkv server generateSnapshotter raft state size: 717, maxraftstate: 1000
2026/02/24 17:27:20 [Node:1 GID:100 isLeader:false] shardkv server generateSnapshotter raft state size: 717, maxraftstate: 1000
2026/02/24 17:27:20 [Node:0 GID:100 isLeader:true] shardkv server checkGroup key:0, shard:8 shards:map[0:true 1:true 2:true 3:true 4:true 5:true 6:true 7:true 8:true 9:true]
2026/02/24 17:27:20 [Node:0 GID:100] shardkv server get key:0, check param failed Err:ErrWrongGroup
2026/02/24 17:27:20 [Node:2 GID:100 isLeader:false] shardkv server generateSnapshotter raft state size: 717, maxraftstate: 1000
2026/02/24 17:27:20 [Node:0 GID:100 isLeader:true] shardkv server generateSnapshotter raft state size: 717, maxraftstate: 1000
2026/02/24 17:27:20 [Node:1 GID:100 isLeader:false] shardkv server generateSnapshotter raft state size: 717, maxraftstate: 1000
2026/02/24 17:27:20 [Node:0 GID:100 isLeader:true] shardkv server generateSnapshotter raft state size: 717, maxraftstate: 1000
2026/02/24 17:27:20 [Node:2 GID:100 isLeader:false] shardkv server generateSnapshotter raft state size: 717, maxraftstate: 1000
2026/02/24 17:27:20 [Node:0 GID:100 isLeader:true] shardkv server checkGroup key:0, shard:8 shards:map[0:true 1:true 2:true 3:true 4:true 5:true 6:true 7:true 8:true 9:true]
2026/02/24 17:27:20 [Node:0 GID:100] shardkv server get key:0, check param failed Err:ErrWrongGroup
2026/02/24 17:27:20 [Node:1 GID:100 isLeader:false] shardkv server generateSnapshotter raft state size: 717, maxraftstate: 1000
2026/02/24 17:27:20 [Node:2 GID:100 isLeader:false] shardkv server generateSnapshotter raft state size: 717, maxraftstate: 1000
2026/02/24 17:27:20 [Node:0 GID:100 isLeader:true] shardkv server generateSnapshotter raft state size: 717, maxraftstate: 1000
2026/02/24 17:27:20 [Node:1 GID:100 isLeader:false] shardkv server generateSnapshotter raft state size: 717, maxraftstate: 1000
2026/02/24 17:27:20 [Node:0 GID:100 isLeader:true] shardkv server checkGroup key:0, shard:8 shards:map[0:true 1:true 2:true 3:true 4:true 5:true 6:true 7:true 8:true 9:true]
2026/02/24 17:27:20 [Node:0 GID:100] shardkv server get key:0, check param failed Err:ErrWrongGroup
2026/02/24 17:27:20 [Node:2 GID:100 isLeader:false] shardkv server generateSnapshotter raft state size: 717, maxraftstate: 1000
2026/02/24 17:27:20 [Node:0 GID:100 isLeader:true] shardkv server generateSnapshotter raft state size: 717, maxraftstate: 1000
2026/02/24 17:27:20 [Node:1 GID:100 isLeader:false] shardkv server generateSnapshotter raft state size: 717, maxraftstate: 1000
2026/02/24 17:27:20 [Node:2 GID:100 isLeader:false] shardkv server generateSnapshotter raft state size: 717, maxraftstate: 1000
2026/02/24 17:27:20 [Node:0 GID:100 isLeader:true] shardkv server generateSnapshotter raft state size: 717, maxraftstate: 1000
2026/02/24 17:27:20 [Node:0 GID:100 isLeader:true] shardkv server checkGroup key:0, shard:8 shards:map[0:true 1:true 2:true 3:true 4:true 5:true 6:true 7:true 8:true 9:true]
2026/02/24 17:27:20 [Node:0 GID:100] shardkv server get key:0, check param failed Err:ErrWrongGroup
2026/02/24 17:27:20 [Node:1 GID:100 isLeader:false] shardkv server generateSnapshotter raft state size: 717, maxraftstate: 1000
2026/02/24 17:27:20 [Node:2 GID:100 isLeader:false] shardkv server generateSnapshotter raft state size: 717, maxraftstate: 1000
2026/02/24 17:27:20 [Node:0 GID:100 isLeader:true] shardkv server generateSnapshotter raft state size: 717, maxraftstate: 1000
2026/02/24 17:27:20 [Node:1 GID:100 isLeader:false] shardkv server generateSnapshotter raft state size: 717, maxraftstate: 1000
2026/02/24 17:27:20 [Node:0 GID:100 isLeader:true] shardkv server checkGroup key:0, shard:8 shards:map[0:true 1:true 2:true 3:true 4:true 5:true 6:true 7:true 8:true 9:true]
2026/02/24 17:27:20 [Node:0 GID:100] shardkv server get key:0, check param failed Err:ErrWrongGroup
2026/02/24 17:27:20 [Node:0 GID:100 isLeader:true] shardkv server generateSnapshotter raft state size: 717, maxraftstate: 1000
2026/02/24 17:27:20 [Node:2 GID:100 isLeader:false] shardkv server generateSnapshotter raft state size: 717, maxraftstate: 1000
2026/02/24 17:27:20 [Node:1 GID:100 isLeader:false] shardkv server generateSnapshotter raft state size: 717, maxraftstate: 1000
2026/02/24 17:27:20 [Node:0 GID:100 isLeader:true] shardkv server generateSnapshotter raft state size: 717, maxraftstate: 1000
2026/02/24 17:27:20 [Node:2 GID:100 isLeader:false] shardkv server generateSnapshotter raft state size: 717, maxraftstate: 1000
2026/02/24 17:27:20 [Node:0 GID:100 isLeader:true] shardkv server checkGroup key:0, shard:8 shards:map[0:true 1:true 2:true 3:true 4:true 5:true 6:true 7:true 8:true 9:true]
2026/02/24 17:27:20 [Node:0 GID:100] shardkv server get key:0, check param failed Err:ErrWrongGroup
2026/02/24 17:27:20 [Node:1 GID:100 isLeader:false] shardkv server generateSnapshotter raft state size: 717, maxraftstate: 1000
2026/02/24 17:27:20 [Node:2 GID:100 isLeader:false] shardkv server generateSnapshotter raft state size: 717, maxraftstate: 1000
2026/02/24 17:27:20 [Node:0 GID:100 isLeader:true] shardkv server generateSnapshotter raft state size: 717, maxraftstate: 1000
2026/02/24 17:27:21 [Node:1 GID:100 isLeader:false] shardkv server generateSnapshotter raft state size: 717, maxraftstate: 1000
2026/02/24 17:27:21 [Node:0 GID:100 isLeader:true] shardkv server checkGroup key:0, shard:8 shards:map[0:true 1:true 2:true 3:true 4:true 5:true 6:true 7:true 8:true 9:true]
2026/02/24 17:27:21 [Node:0 GID:100] shardkv server get key:0, check param failed Err:ErrWrongGroup
2026/02/24 17:27:21 [Node:2 GID:100 isLeader:false] shardkv server generateSnapshotter raft state size: 717, maxraftstate: 1000
2026/02/24 17:27:21 [Node:0 GID:100 isLeader:true] shardkv server generateSnapshotter raft state size: 717, maxraftstate: 1000
2026/02/24 17:27:21 [Node:1 GID:100 isLeader:false] shardkv server generateSnapshotter raft state size: 717, maxraftstate: 1000
2026/02/24 17:27:21 [Node:2 GID:100 isLeader:false] shardkv server generateSnapshotter raft state size: 717, maxraftstate: 1000
2026/02/24 17:27:21 [Node:0 GID:100 isLeader:true] shardkv server generateSnapshotter raft state size: 717, maxraftstate: 1000
2026/02/24 17:27:21 [Node:0 GID:100 isLeader:true] shardkv server checkGroup key:0, shard:8 shards:map[0:true 1:true 2:true 3:true 4:true 5:true 6:true 7:true 8:true 9:true]
2026/02/24 17:27:21 [Node:0 GID:100] shardkv server get key:0, check param failed Err:ErrWrongGroup
2026/02/24 17:27:21 [Node:1 GID:100 isLeader:false] shardkv server generateSnapshotter raft state size: 717, maxraftstate: 1000
2026/02/24 17:27:21 [Node:2 GID:100 isLeader:false] shardkv server generateSnapshotter raft state size: 717, maxraftstate: 1000
2026/02/24 17:27:21 [Node:0 GID:100 isLeader:true] shardkv server generateSnapshotter raft state size: 717, maxraftstate: 1000
2026/02/24 17:27:21 [Node:1 GID:100 isLeader:false] shardkv server generateSnapshotter raft state size: 717, maxraftstate: 1000
2026/02/24 17:27:21 [Node:0 GID:100 isLeader:true] shardkv server checkGroup key:0, shard:8 shards:map[0:true 1:true 2:true 3:true 4:true 5:true 6:true 7:true 8:true 9:true]
2026/02/24 17:27:21 [Node:0 GID:100] shardkv server get key:0, check param failed Err:ErrWrongGroup
2026/02/24 17:27:21 [Node:0 GID:100 isLeader:true] shardkv server generateSnapshotter raft state size: 717, maxraftstate: 1000
2026/02/24 17:27:21 [Node:2 GID:100 isLeader:false] shardkv server generateSnapshotter raft state size: 717, maxraftstate: 1000
2026/02/24 17:27:21 [Node:1 GID:100 isLeader:false] shardkv server generateSnapshotter raft state size: 717, maxraftstate: 1000
2026/02/24 17:27:21 [Node:2 GID:100 isLeader:false] shardkv server generateSnapshotter raft state size: 717, maxraftstate: 1000
2026/02/24 17:27:21 [Node:0 GID:100 isLeader:true] shardkv server generateSnapshotter raft state size: 717, maxraftstate: 1000
2026/02/24 17:27:21 [Node:0 GID:100 isLeader:true] shardkv server checkGroup key:0, shard:8 shards:map[0:true 1:true 2:true 3:true 4:true 5:true 6:true 7:true 8:true 9:true]
2026/02/24 17:27:21 [Node:0 GID:100] shardkv server get key:0, check param failed Err:ErrWrongGroup
2026/02/24 17:27:21 [Node:1 GID:100 isLeader:false] shardkv server generateSnapshotter raft state size: 717, maxraftstate: 1000
2026/02/24 17:27:21 [Node:0 GID:100 isLeader:true] shardkv server generateSnapshotter raft state size: 717, maxraftstate: 1000
2026/02/24 17:27:21 [Node:2 GID:100 isLeader:false] shardkv server generateSnapshotter raft state size: 717, maxraftstate: 1000
2026/02/24 17:27:21 [Node:1 GID:100 isLeader:false] shardkv server generateSnapshotter raft state size: 717, maxraftstate: 1000
2026/02/24 17:27:21 [Node:0 GID:100 isLeader:true] shardkv server checkGroup key:0, shard:8 shards:map[0:true 1:true 2:true 3:true 4:true 5:true 6:true 7:true 8:true 9:true]
2026/02/24 17:27:21 [Node:0 GID:100] shardkv server get key:0, check param failed Err:ErrWrongGroup
2026/02/24 17:27:21 [Node:2 GID:100 isLeader:false] shardkv server generateSnapshotter raft state size: 717, maxraftstate: 1000
2026/02/24 17:27:21 [Node:0 GID:100 isLeader:true] shardkv server generateSnapshotter raft state size: 717, maxraftstate: 1000
2026/02/24 17:27:21 [Node:1 GID:100 isLeader:false] shardkv server generateSnapshotter raft state size: 717, maxraftstate: 1000
2026/02/24 17:27:21 [Node:0 GID:100 isLeader:true] shardkv server generateSnapshotter raft state size: 717, maxraftstate: 1000
2026/02/24 17:27:21 [Node:2 GID:100 isLeader:false] shardkv server generateSnapshotter raft state size: 717, maxraftstate: 1000
2026/02/24 17:27:21 [Node:0 GID:100 isLeader:true] shardkv server checkGroup key:0, shard:8 shards:map[0:true 1:true 2:true 3:true 4:true 5:true 6:true 7:true 8:true 9:true]
2026/02/24 17:27:21 [Node:0 GID:100] shardkv server get key:0, check param failed Err:ErrWrongGroup
2026/02/24 17:27:21 [Node:1 GID:100 isLeader:false] shardkv server generateSnapshotter raft state size: 717, maxraftstate: 1000
2026/02/24 17:27:21 [Node:2 GID:100 isLeader:false] shardkv server generateSnapshotter raft state size: 717, maxraftstate: 1000
2026/02/24 17:27:21 [Node:0 GID:100 isLeader:true] shardkv server generateSnapshotter raft state size: 717, maxraftstate: 1000
2026/02/24 17:27:21 [Node:1 GID:100 isLeader:false] shardkv server generateSnapshotter raft state size: 717, maxraftstate: 1000
2026/02/24 17:27:21 [Node:0 GID:100 isLeader:true] shardkv server checkGroup key:0, shard:8 shards:map[0:true 1:true 2:true 3:true 4:true 5:true 6:true 7:true 8:true 9:true]
2026/02/24 17:27:21 [Node:0 GID:100] shardkv server get key:0, check param failed Err:ErrWrongGroup
2026/02/24 17:27:21 [Node:2 GID:100 isLeader:false] shardkv server generateSnapshotter raft state size: 717, maxraftstate: 1000
2026/02/24 17:27:21 [Node:0 GID:100 isLeader:true] shardkv server generateSnapshotter raft state size: 717, maxraftstate: 1000
2026/02/24 17:27:22 [Node:1 GID:100 isLeader:false] shardkv server generateSnapshotter raft state size: 717, maxraftstate: 1000
2026/02/24 17:27:22 [Node:2 GID:100 isLeader:false] shardkv server generateSnapshotter raft state size: 717, maxraftstate: 1000
2026/02/24 17:27:22 [Node:0 GID:100 isLeader:true] shardkv server generateSnapshotter raft state size: 717, maxraftstate: 1000
2026/02/24 17:27:22 [Node:0 GID:100 isLeader:true] shardkv server checkGroup key:0, shard:8 shards:map[0:true 1:true 2:true 3:true 4:true 5:true 6:true 7:true 8:true 9:true]
2026/02/24 17:27:22 [Node:0 GID:100] shardkv server get key:0, check param failed Err:ErrWrongGroup
2026/02/24 17:27:22 [Node:1 GID:100 isLeader:false] shardkv server generateSnapshotter raft state size: 717, maxraftstate: 1000
2026/02/24 17:27:22 [Node:0 GID:100 isLeader:true] shardkv server generateSnapshotter raft state size: 717, maxraftstate: 1000
2026/02/24 17:27:22 [Node:2 GID:100 isLeader:false] shardkv server generateSnapshotter raft state size: 717, maxraftstate: 1000
2026/02/24 17:27:22 [Node:1 GID:100 isLeader:false] shardkv server generateSnapshotter raft state size: 717, maxraftstate: 1000
2026/02/24 17:27:22 [Node:0 GID:100 isLeader:true] shardkv server checkGroup key:0, shard:8 shards:map[0:true 1:true 2:true 3:true 4:true 5:true 6:true 7:true 8:true 9:true]
2026/02/24 17:27:22 [Node:0 GID:100] shardkv server get key:0, check param failed Err:ErrWrongGroup
2026/02/24 17:27:22 [Node:0 GID:100 isLeader:true] shardkv server generateSnapshotter raft state size: 717, maxraftstate: 1000
2026/02/24 17:27:22 [Node:2 GID:100 isLeader:false] shardkv server generateSnapshotter raft state size: 717, maxraftstate: 1000
2026/02/24 17:27:22 [Node:1 GID:100 isLeader:false] shardkv server generateSnapshotter raft state size: 717, maxraftstate: 1000
2026/02/24 17:27:22 [Node:2 GID:100 isLeader:false] shardkv server generateSnapshotter raft state size: 717, maxraftstate: 1000
2026/02/24 17:27:22 [Node:0 GID:100 isLeader:true] shardkv server generateSnapshotter raft state size: 717, maxraftstate: 1000
2026/02/24 17:27:22 [Node:1 GID:100 isLeader:false] shardkv server generateSnapshotter raft state size: 717, maxraftstate: 1000
2026/02/24 17:27:22 [Node:0 GID:100 isLeader:true] shardkv server checkGroup key:0, shard:8 shards:map[0:true 1:true 2:true 3:true 4:true 5:true 6:true 7:true 8:true 9:true]
2026/02/24 17:27:22 [Node:0 GID:100] shardkv server get key:0, check param failed Err:ErrWrongGroup
2026/02/24 17:27:22 [Node:2 GID:100 isLeader:false] shardkv server generateSnapshotter raft state size: 717, maxraftstate: 1000
2026/02/24 17:27:22 [Node:0 GID:100 isLeader:true] shardkv server generateSnapshotter raft state size: 717, maxraftstate: 1000
2026/02/24 17:27:22 [Node:1 GID:100 isLeader:false] shardkv server generateSnapshotter raft state size: 717, maxraftstate: 1000
2026/02/24 17:27:22 [Node:2 GID:100 isLeader:false] shardkv server generateSnapshotter raft state size: 717, maxraftstate: 1000
2026/02/24 17:27:22 [Node:0 GID:100 isLeader:true] shardkv server generateSnapshotter raft state size: 717, maxraftstate: 1000
2026/02/24 17:27:22 [Node:0 GID:100 isLeader:true] shardkv server checkGroup key:0, shard:8 shards:map[0:true 1:true 2:true 3:true 4:true 5:true 6:true 7:true 8:true 9:true]
2026/02/24 17:27:22 [Node:0 GID:100] shardkv server get key:0, check param failed Err:ErrWrongGroup
2026/02/24 17:27:22 [Node:1 GID:100 isLeader:false] shardkv server generateSnapshotter raft state size: 717, maxraftstate: 1000
2026/02/24 17:27:22 [Node:2 GID:100 isLeader:false] shardkv server generateSnapshotter raft state size: 717, maxraftstate: 1000
2026/02/24 17:27:22 [Node:0 GID:100 isLeader:true] shardkv server generateSnapshotter raft state size: 717, maxraftstate: 1000
2026/02/24 17:27:22 [Node:1 GID:100 isLeader:false] shardkv server generateSnapshotter raft state size: 717, maxraftstate: 1000
2026/02/24 17:27:22 [Node:0 GID:100 isLeader:true] shardkv server checkGroup key:0, shard:8 shards:map[0:true 1:true 2:true 3:true 4:true 5:true 6:true 7:true 8:true 9:true]
2026/02/24 17:27:22 [Node:0 GID:100] shardkv server get key:0, check param failed Err:ErrWrongGroup
2026/02/24 17:27:22 [Node:2 GID:100 isLeader:false] shardkv server generateSnapshotter raft state size: 717, maxraftstate: 1000
2026/02/24 17:27:22 [Node:0 GID:100 isLeader:true] shardkv server generateSnapshotter raft state size: 717, maxraftstate: 1000
2026/02/24 17:27:22 [Node:1 GID:100 isLeader:false] shardkv server generateSnapshotter raft state size: 717, maxraftstate: 1000
2026/02/24 17:27:22 [Node:2 GID:100 isLeader:false] shardkv server generateSnapshotter raft state size: 717, maxraftstate: 1000
2026/02/24 17:27:22 [Node:0 GID:100 isLeader:true] shardkv server generateSnapshotter raft state size: 717, maxraftstate: 1000
2026/02/24 17:27:22 [Node:0 GID:100 isLeader:true] shardkv server checkGroup key:0, shard:8 shards:map[0:true 1:true 2:true 3:true 4:true 5:true 6:true 7:true 8:true 9:true]
2026/02/24 17:27:22 [Node:0 GID:100] shardkv server get key:0, check param failed Err:ErrWrongGroup
2026/02/24 17:27:22 [Node:1 GID:100 isLeader:false] shardkv server generateSnapshotter raft state size: 717, maxraftstate: 1000
2026/02/24 17:27:23 [Node:2 GID:100 isLeader:false] shardkv server generateSnapshotter raft state size: 717, maxraftstate: 1000
2026/02/24 17:27:23 [Node:0 GID:100 isLeader:true] shardkv server generateSnapshotter raft state size: 717, maxraftstate: 1000
2026/02/24 17:27:23 [Node:1 GID:100 isLeader:false] shardkv server generateSnapshotter raft state size: 717, maxraftstate: 1000
2026/02/24 17:27:23 [Node:0 GID:100 isLeader:true] shardkv server checkGroup key:0, shard:8 shards:map[0:true 1:true 2:true 3:true 4:true 5:true 6:true 7:true 8:true 9:true]
2026/02/24 17:27:23 [Node:0 GID:100] shardkv server get key:0, check param failed Err:ErrWrongGroup
2026/02/24 17:27:23 [Node:2 GID:100 isLeader:false] shardkv server generateSnapshotter raft state size: 717, maxraftstate: 1000
2026/02/24 17:27:23 [Node:0 GID:100 isLeader:true] shardkv server generateSnapshotter raft state size: 717, maxraftstate: 1000
2026/02/24 17:27:23 [Node:1 GID:100 isLeader:false] shardkv server generateSnapshotter raft state size: 717, maxraftstate: 1000
2026/02/24 17:27:23 [Node:2 GID:100 isLeader:false] shardkv server generateSnapshotter raft state size: 717, maxraftstate: 1000
2026/02/24 17:27:23 [Node:0 GID:100 isLeader:true] shardkv server generateSnapshotter raft state size: 717, maxraftstate: 1000
2026/02/24 17:27:23 [Node:0 GID:100 isLeader:true] shardkv server checkGroup key:0, shard:8 shards:map[0:true 1:true 2:true 3:true 4:true 5:true 6:true 7:true 8:true 9:true]
2026/02/24 17:27:23 [Node:0 GID:100] shardkv server get key:0, check param failed Err:ErrWrongGroup
2026/02/24 17:27:23 [Node:1 GID:100 isLeader:false] shardkv server generateSnapshotter raft state size: 717, maxraftstate: 1000
2026/02/24 17:27:23 [Node:2 GID:100 isLeader:false] shardkv server generateSnapshotter raft state size: 717, maxraftstate: 1000
2026/02/24 17:27:23 [Node:0 GID:100 isLeader:true] shardkv server generateSnapshotter raft state size: 717, maxraftstate: 1000
2026/02/24 17:27:23 [Node:1 GID:100 isLeader:false] shardkv server generateSnapshotter raft state size: 717, maxraftstate: 1000
2026/02/24 17:27:23 [Node:0 GID:100 isLeader:true] shardkv server checkGroup key:0, shard:8 shards:map[0:true 1:true 2:true 3:true 4:true 5:true 6:true 7:true 8:true 9:true]
2026/02/24 17:27:23 [Node:0 GID:100] shardkv server get key:0, check param failed Err:ErrWrongGroup
2026/02/24 17:27:23 [Node:2 GID:100 isLeader:false] shardkv server generateSnapshotter raft state size: 717, maxraftstate: 1000
2026/02/24 17:27:23 [Node:0 GID:100 isLeader:true] shardkv server generateSnapshotter raft state size: 717, maxraftstate: 1000
2026/02/24 17:27:23 [Node:1 GID:100 isLeader:false] shardkv server generateSnapshotter raft state size: 717, maxraftstate: 1000
2026/02/24 17:27:23 [Node:2 GID:100 isLeader:false] shardkv server generateSnapshotter raft state size: 717, maxraftstate: 1000
2026/02/24 17:27:23 [Node:0 GID:100 isLeader:true] shardkv server generateSnapshotter raft state size: 717, maxraftstate: 1000
2026/02/24 17:27:23 [Node:0 GID:100 isLeader:true] shardkv server checkGroup key:0, shard:8 shards:map[0:true 1:true 2:true 3:true 4:true 5:true 6:true 7:true 8:true 9:true]
2026/02/24 17:27:23 [Node:0 GID:100] shardkv server get key:0, check param failed Err:ErrWrongGroup
2026/02/24 17:27:23 [Node:1 GID:100 isLeader:false] shardkv server generateSnapshotter raft state size: 717, maxraftstate: 1000
2026/02/24 17:27:23 [Node:2 GID:100 isLeader:false] shardkv server generateSnapshotter raft state size: 717, maxraftstate: 1000
2026/02/24 17:27:23 [Node:0 GID:100 isLeader:true] shardkv server generateSnapshotter raft state size: 717, maxraftstate: 1000
2026/02/24 17:27:23 [Node:1 GID:100 isLeader:false] shardkv server generateSnapshotter raft state size: 717, maxraftstate: 1000
2026/02/24 17:27:23 [Node:0 GID:100 isLeader:true] shardkv server checkGroup key:0, shard:8 shards:map[0:true 1:true 2:true 3:true 4:true 5:true 6:true 7:true 8:true 9:true]
2026/02/24 17:27:23 [Node:0 GID:100] shardkv server get key:0, check param failed Err:ErrWrongGroup
2026/02/24 17:27:23 [Node:2 GID:100 isLeader:false] shardkv server generateSnapshotter raft state size: 717, maxraftstate: 1000
2026/02/24 17:27:23 [Node:0 GID:100 isLeader:true] shardkv server generateSnapshotter raft state size: 717, maxraftstate: 1000
2026/02/24 17:27:23 [Node:1 GID:100 isLeader:false] shardkv server generateSnapshotter raft state size: 717, maxraftstate: 1000
2026/02/24 17:27:23 [Node:2 GID:100 isLeader:false] shardkv server generateSnapshotter raft state size: 717, maxraftstate: 1000
2026/02/24 17:27:23 [Node:0 GID:100 isLeader:true] shardkv server generateSnapshotter raft state size: 717, maxraftstate: 1000
2026/02/24 17:27:23 [Node:0 GID:100 isLeader:true] shardkv server checkGroup key:0, shard:8 shards:map[0:true 1:true 2:true 3:true 4:true 5:true 6:true 7:true 8:true 9:true]
2026/02/24 17:27:23 [Node:0 GID:100] shardkv server get key:0, check param failed Err:ErrWrongGroup
2026/02/24 17:27:23 [Node:1 GID:100 isLeader:false] shardkv server generateSnapshotter raft state size: 717, maxraftstate: 1000
2026/02/24 17:27:23 [Node:2 GID:100 isLeader:false] shardkv server generateSnapshotter raft state size: 717, maxraftstate: 1000
2026/02/24 17:27:23 [Node:0 GID:100 isLeader:true] shardkv server generateSnapshotter raft state size: 717, maxraftstate: 1000
2026/02/24 17:27:23 [Node:1 GID:100 isLeader:false] shardkv server generateSnapshotter raft state size: 717, maxraftstate: 1000
2026/02/24 17:27:23 [Node:0 GID:100 isLeader:true] shardkv server checkGroup key:0, shard:8 shards:map[0:true 1:true 2:true 3:true 4:true 5:true 6:true 7:true 8:true 9:true]
2026/02/24 17:27:23 [Node:0 GID:100] shardkv server get key:0, check param failed Err:ErrWrongGroup
2026/02/24 17:27:24 [Node:2 GID:100 isLeader:false] shardkv server generateSnapshotter raft state size: 717, maxraftstate: 1000
2026/02/24 17:27:24 [Node:0 GID:100 isLeader:true] shardkv server generateSnapshotter raft state size: 717, maxraftstate: 1000
2026/02/24 17:27:24 [Node:1 GID:100 isLeader:false] shardkv server generateSnapshotter raft state size: 717, maxraftstate: 1000
2026/02/24 17:27:24 [Node:2 GID:100 isLeader:false] shardkv server generateSnapshotter raft state size: 717, maxraftstate: 1000
2026/02/24 17:27:24 [Node:0 GID:100 isLeader:true] shardkv server generateSnapshotter raft state size: 717, maxraftstate: 1000
2026/02/24 17:27:24 [Node:0 GID:100 isLeader:true] shardkv server checkGroup key:0, shard:8 shards:map[0:true 1:true 2:true 3:true 4:true 5:true 6:true 7:true 8:true 9:true]
2026/02/24 17:27:24 [Node:0 GID:100] shardkv server get key:0, check param failed Err:ErrWrongGroup
2026/02/24 17:27:24 [Node:1 GID:100 isLeader:false] shardkv server generateSnapshotter raft state size: 717, maxraftstate: 1000
2026/02/24 17:27:24 [Node:2 GID:100 isLeader:false] shardkv server generateSnapshotter raft state size: 717, maxraftstate: 1000
2026/02/24 17:27:24 [Node:0 GID:100 isLeader:true] shardkv server generateSnapshotter raft state size: 717, maxraftstate: 1000
2026/02/24 17:27:24 [Node:1 GID:100 isLeader:false] shardkv server generateSnapshotter raft state size: 717, maxraftstate: 1000
2026/02/24 17:27:24 [Node:0 GID:100 isLeader:true] shardkv server checkGroup key:0, shard:8 shards:map[0:true 1:true 2:true 3:true 4:true 5:true 6:true 7:true 8:true 9:true]
2026/02/24 17:27:24 [Node:0 GID:100] shardkv server get key:0, check param failed Err:ErrWrongGroup
2026/02/24 17:27:24 [Node:2 GID:100 isLeader:false] shardkv server generateSnapshotter raft state size: 717, maxraftstate: 1000
2026/02/24 17:27:24 [Node:0 GID:100 isLeader:true] shardkv server generateSnapshotter raft state size: 717, maxraftstate: 1000
2026/02/24 17:27:24 [Node:1 GID:100 isLeader:false] shardkv server generateSnapshotter raft state size: 717, maxraftstate: 1000
2026/02/24 17:27:24 [Node:0 GID:100 isLeader:true] shardkv server generateSnapshotter raft state size: 717, maxraftstate: 1000
2026/02/24 17:27:24 [Node:2 GID:100 isLeader:false] shardkv server generateSnapshotter raft state size: 717, maxraftstate: 1000
2026/02/24 17:27:24 [Node:0 GID:100 isLeader:true] shardkv server checkGroup key:0, shard:8 shards:map[0:true 1:true 2:true 3:true 4:true 5:true 6:true 7:true 8:true 9:true]
2026/02/24 17:27:24 [Node:0 GID:100] shardkv server get key:0, check param failed Err:ErrWrongGroup
2026/02/24 17:27:24 [Node:1 GID:100 isLeader:false] shardkv server generateSnapshotter raft state size: 717, maxraftstate: 1000
2026/02/24 17:27:24 [Node:2 GID:100 isLeader:false] shardkv server generateSnapshotter raft state size: 717, maxraftstate: 1000
2026/02/24 17:27:24 [Node:0 GID:100 isLeader:true] shardkv server generateSnapshotter raft state size: 717, maxraftstate: 1000
2026/02/24 17:27:24 [Node:1 GID:100 isLeader:false] shardkv server generateSnapshotter raft state size: 717, maxraftstate: 1000
2026/02/24 17:27:24 [Node:0 GID:100 isLeader:true] shardkv server checkGroup key:0, shard:8 shards:map[0:true 1:true 2:true 3:true 4:true 5:true 6:true 7:true 8:true 9:true]
2026/02/24 17:27:24 [Node:0 GID:100] shardkv server get key:0, check param failed Err:ErrWrongGroup
2026/02/24 17:27:24 [Node:0 GID:100 isLeader:true] shardkv server generateSnapshotter raft state size: 717, maxraftstate: 1000
2026/02/24 17:27:24 [Node:2 GID:100 isLeader:false] shardkv server generateSnapshotter raft state size: 717, maxraftstate: 1000
2026/02/24 17:27:24 [Node:1 GID:100 isLeader:false] shardkv server generateSnapshotter raft state size: 717, maxraftstate: 1000
2026/02/24 17:27:24 [Node:0 GID:100 isLeader:true] shardkv server generateSnapshotter raft state size: 717, maxraftstate: 1000
2026/02/24 17:27:24 [Node:2 GID:100 isLeader:false] shardkv server generateSnapshotter raft state size: 717, maxraftstate: 1000
2026/02/24 17:27:24 [Node:0 GID:100 isLeader:true] shardkv server checkGroup key:0, shard:8 shards:map[0:true 1:true 2:true 3:true 4:true 5:true 6:true 7:true 8:true 9:true]
2026/02/24 17:27:24 [Node:0 GID:100] shardkv server get key:0, check param failed Err:ErrWrongGroup
2026/02/24 17:27:24 [Node:1 GID:100 isLeader:false] shardkv server generateSnapshotter raft state size: 717, maxraftstate: 1000
2026/02/24 17:27:24 [Node:0 GID:100 isLeader:true] shardkv server generateSnapshotter raft state size: 717, maxraftstate: 1000
2026/02/24 17:27:24 [Node:2 GID:100 isLeader:false] shardkv server generateSnapshotter raft state size: 717, maxraftstate: 1000
2026/02/24 17:27:24 [Node:1 GID:100 isLeader:false] shardkv server generateSnapshotter raft state size: 717, maxraftstate: 1000
2026/02/24 17:27:24 [Node:0 GID:100 isLeader:true] shardkv server checkGroup key:0, shard:8 shards:map[0:true 1:true 2:true 3:true 4:true 5:true 6:true 7:true 8:true 9:true]
2026/02/24 17:27:24 [Node:0 GID:100] shardkv server get key:0, check param failed Err:ErrWrongGroup
2026/02/24 17:27:24 [Node:2 GID:100 isLeader:false] shardkv server generateSnapshotter raft state size: 717, maxraftstate: 1000
2026/02/24 17:27:24 [Node:0 GID:100 isLeader:true] shardkv server generateSnapshotter raft state size: 717, maxraftstate: 1000
2026/02/24 17:27:24 [Node:1 GID:100 isLeader:false] shardkv server generateSnapshotter raft state size: 717, maxraftstate: 1000
2026/02/24 17:27:25 [Node:2 GID:100 isLeader:false] shardkv server generateSnapshotter raft state size: 717, maxraftstate: 1000
2026/02/24 17:27:25 [Node:0 GID:100 isLeader:true] shardkv server generateSnapshotter raft state size: 717, maxraftstate: 1000
2026/02/24 17:27:25 [Node:0 GID:100 isLeader:true] shardkv server checkGroup key:0, shard:8 shards:map[0:true 1:true 2:true 3:true 4:true 5:true 6:true 7:true 8:true 9:true]
2026/02/24 17:27:25 [Node:0 GID:100] shardkv server get key:0, check param failed Err:ErrWrongGroup
2026/02/24 17:27:25 [Node:1 GID:100 isLeader:false] shardkv server generateSnapshotter raft state size: 717, maxraftstate: 1000
2026/02/24 17:27:25 [Node:2 GID:100 isLeader:false] shardkv server generateSnapshotter raft state size: 717, maxraftstate: 1000
2026/02/24 17:27:25 [Node:0 GID:100 isLeader:true] shardkv server generateSnapshotter raft state size: 717, maxraftstate: 1000
2026/02/24 17:27:25 [Node:1 GID:100 isLeader:false] shardkv server generateSnapshotter raft state size: 717, maxraftstate: 1000
2026/02/24 17:27:25 [Node:0 GID:100 isLeader:true] shardkv server checkGroup key:0, shard:8 shards:map[0:true 1:true 2:true 3:true 4:true 5:true 6:true 7:true 8:true 9:true]
2026/02/24 17:27:25 [Node:0 GID:100] shardkv server get key:0, check param failed Err:ErrWrongGroup
2026/02/24 17:27:25 [Node:2 GID:100 isLeader:false] shardkv server generateSnapshotter raft state size: 717, maxraftstate: 1000
2026/02/24 17:27:25 [Node:0 GID:100 isLeader:true] shardkv server generateSnapshotter raft state size: 717, maxraftstate: 1000
2026/02/24 17:27:25 [Node:1 GID:100 isLeader:false] shardkv server generateSnapshotter raft state size: 717, maxraftstate: 1000
2026/02/24 17:27:25 [Node:2 GID:100 isLeader:false] shardkv server generateSnapshotter raft state size: 717, maxraftstate: 1000
2026/02/24 17:27:25 [Node:0 GID:100 isLeader:true] shardkv server generateSnapshotter raft state size: 717, maxraftstate: 1000
2026/02/24 17:27:25 [Node:0 GID:100 isLeader:true] shardkv server checkGroup key:0, shard:8 shards:map[0:true 1:true 2:true 3:true 4:true 5:true 6:true 7:true 8:true 9:true]
2026/02/24 17:27:25 [Node:0 GID:100] shardkv server get key:0, check param failed Err:ErrWrongGroup
2026/02/24 17:27:25 [Node:1 GID:100 isLeader:false] shardkv server generateSnapshotter raft state size: 717, maxraftstate: 1000
2026/02/24 17:27:25 [Node:2 GID:100 isLeader:false] shardkv server generateSnapshotter raft state size: 717, maxraftstate: 1000
2026/02/24 17:27:25 [Node:0 GID:100 isLeader:true] shardkv server generateSnapshotter raft state size: 717, maxraftstate: 1000
2026/02/24 17:27:25 [Node:1 GID:100 isLeader:false] shardkv server generateSnapshotter raft state size: 717, maxraftstate: 1000
2026/02/24 17:27:25 [Node:0 GID:100 isLeader:true] shardkv server checkGroup key:0, shard:8 shards:map[0:true 1:true 2:true 3:true 4:true 5:true 6:true 7:true 8:true 9:true]
2026/02/24 17:27:25 [Node:0 GID:100] shardkv server get key:0, check param failed Err:ErrWrongGroup
2026/02/24 17:27:25 [Node:2 GID:100 isLeader:false] shardkv server generateSnapshotter raft state size: 717, maxraftstate: 1000
2026/02/24 17:27:25 [Node:0 GID:100 isLeader:true] shardkv server generateSnapshotter raft state size: 717, maxraftstate: 1000
2026/02/24 17:27:25 [Node:1 GID:100 isLeader:false] shardkv server generateSnapshotter raft state size: 717, maxraftstate: 1000
2026/02/24 17:27:25 [Node:2 GID:100 isLeader:false] shardkv server generateSnapshotter raft state size: 717, maxraftstate: 1000
2026/02/24 17:27:25 [Node:0 GID:100 isLeader:true] shardkv server generateSnapshotter raft state size: 717, maxraftstate: 1000
2026/02/24 17:27:25 [Node:1 GID:100 isLeader:false] shardkv server generateSnapshotter raft state size: 717, maxraftstate: 1000
2026/02/24 17:27:25 [Node:0 GID:100 isLeader:true] shardkv server checkGroup key:0, shard:8 shards:map[0:true 1:true 2:true 3:true 4:true 5:true 6:true 7:true 8:true 9:true]
2026/02/24 17:27:25 [Node:0 GID:100] shardkv server get key:0, check param failed Err:ErrWrongGroup
2026/02/24 17:27:25 [Node:2 GID:100 isLeader:false] shardkv server generateSnapshotter raft state size: 717, maxraftstate: 1000
2026/02/24 17:27:25 [Node:0 GID:100 isLeader:true] shardkv server generateSnapshotter raft state size: 717, maxraftstate: 1000
2026/02/24 17:27:25 [Node:1 GID:100 isLeader:false] shardkv server generateSnapshotter raft state size: 717, maxraftstate: 1000
2026/02/24 17:27:25 [Node:0 GID:100 isLeader:true] shardkv server checkGroup key:0, shard:8 shards:map[0:true 1:true 2:true 3:true 4:true 5:true 6:true 7:true 8:true 9:true]
2026/02/24 17:27:25 [Node:0 GID:100] shardkv server get key:0, check param failed Err:ErrWrongGroup
2026/02/24 17:27:25 [Node:2 GID:100 isLeader:false] shardkv server generateSnapshotter raft state size: 717, maxraftstate: 1000
2026/02/24 17:27:25 [Node:0 GID:100 isLeader:true] shardkv server generateSnapshotter raft state size: 717, maxraftstate: 1000
2026/02/24 17:27:25 [Node:1 GID:100 isLeader:false] shardkv server generateSnapshotter raft state size: 717, maxraftstate: 1000
2026/02/24 17:27:25 [Node:2 GID:100 isLeader:false] shardkv server generateSnapshotter raft state size: 717, maxraftstate: 1000
2026/02/24 17:27:25 [Node:0 GID:100 isLeader:true] shardkv server generateSnapshotter raft state size: 717, maxraftstate: 1000
2026/02/24 17:27:25 [Node:1 GID:100 isLeader:false] shardkv server generateSnapshotter raft state size: 717, maxraftstate: 1000
2026/02/24 17:27:25 [Node:0 GID:100 isLeader:true] shardkv server checkGroup key:0, shard:8 shards:map[0:true 1:true 2:true 3:true 4:true 5:true 6:true 7:true 8:true 9:true]
2026/02/24 17:27:25 [Node:0 GID:100] shardkv server get key:0, check param failed Err:ErrWrongGroup
2026/02/24 17:27:26 [Node:2 GID:100 isLeader:false] shardkv server generateSnapshotter raft state size: 717, maxraftstate: 1000
2026/02/24 17:27:26 [Node:0 GID:100 isLeader:true] shardkv server generateSnapshotter raft state size: 717, maxraftstate: 1000
2026/02/24 17:27:26 [Node:1 GID:100 isLeader:false] shardkv server generateSnapshotter raft state size: 717, maxraftstate: 1000
2026/02/24 17:27:26 [Node:0 GID:100 isLeader:true] shardkv server checkGroup key:0, shard:8 shards:map[0:true 1:true 2:true 3:true 4:true 5:true 6:true 7:true 8:true 9:true]
2026/02/24 17:27:26 [Node:0 GID:100] shardkv server get key:0, check param failed Err:ErrWrongGroup
2026/02/24 17:27:26 [Node:0 GID:100 isLeader:true] shardkv server generateSnapshotter raft state size: 717, maxraftstate: 1000
2026/02/24 17:27:26 [Node:2 GID:100 isLeader:false] shardkv server generateSnapshotter raft state size: 717, maxraftstate: 1000
2026/02/24 17:27:26 [Node:1 GID:100 isLeader:false] shardkv server generateSnapshotter raft state size: 717, maxraftstate: 1000
2026/02/24 17:27:26 [Node:2 GID:100 isLeader:false] shardkv server generateSnapshotter raft state size: 717, maxraftstate: 1000
2026/02/24 17:27:26 [Node:0 GID:100 isLeader:true] shardkv server generateSnapshotter raft state size: 717, maxraftstate: 1000
2026/02/24 17:27:26 [Node:1 GID:100 isLeader:false] shardkv server generateSnapshotter raft state size: 717, maxraftstate: 1000
2026/02/24 17:27:26 [Node:0 GID:100 isLeader:true] shardkv server checkGroup key:0, shard:8 shards:map[0:true 1:true 2:true 3:true 4:true 5:true 6:true 7:true 8:true 9:true]
2026/02/24 17:27:26 [Node:0 GID:100] shardkv server get key:0, check param failed Err:ErrWrongGroup
2026/02/24 17:27:26 [Node:0 GID:100 isLeader:true] shardkv server generateSnapshotter raft state size: 717, maxraftstate: 1000
2026/02/24 17:27:26 [Node:2 GID:100 isLeader:false] shardkv server generateSnapshotter raft state size: 717, maxraftstate: 1000
2026/02/24 17:27:26 [Node:1 GID:100 isLeader:false] shardkv server generateSnapshotter raft state size: 717, maxraftstate: 1000
2026/02/24 17:27:26 [Node:0 GID:100 isLeader:true] shardkv server generateSnapshotter raft state size: 717, maxraftstate: 1000
2026/02/24 17:27:26 [Node:2 GID:100 isLeader:false] shardkv server generateSnapshotter raft state size: 717, maxraftstate: 1000
2026/02/24 17:27:26 [Node:0 GID:100 isLeader:true] shardkv server checkGroup key:0, shard:8 shards:map[0:true 1:true 2:true 3:true 4:true 5:true 6:true 7:true 8:true 9:true]
2026/02/24 17:27:26 [Node:0 GID:100] shardkv server get key:0, check param failed Err:ErrWrongGroup
2026/02/24 17:27:26 [Node:1 GID:100 isLeader:false] shardkv server generateSnapshotter raft state size: 717, maxraftstate: 1000
2026/02/24 17:27:26 [Node:0 GID:100 isLeader:true] shardkv server generateSnapshotter raft state size: 717, maxraftstate: 1000
2026/02/24 17:27:26 [Node:2 GID:100 isLeader:false] shardkv server generateSnapshotter raft state size: 717, maxraftstate: 1000
2026/02/24 17:27:26 [Node:1 GID:100 isLeader:false] shardkv server generateSnapshotter raft state size: 717, maxraftstate: 1000
2026/02/24 17:27:26 [Node:0 GID:100 isLeader:true] shardkv server checkGroup key:0, shard:8 shards:map[0:true 1:true 2:true 3:true 4:true 5:true 6:true 7:true 8:true 9:true]
2026/02/24 17:27:26 [Node:0 GID:100] shardkv server get key:0, check param failed Err:ErrWrongGroup
2026/02/24 17:27:26 [Node:0 GID:100 isLeader:true] shardkv server generateSnapshotter raft state size: 717, maxraftstate: 1000
2026/02/24 17:27:26 [Node:2 GID:100 isLeader:false] shardkv server generateSnapshotter raft state size: 717, maxraftstate: 1000
2026/02/24 17:27:26 [Node:1 GID:100 isLeader:false] shardkv server generateSnapshotter raft state size: 717, maxraftstate: 1000
2026/02/24 17:27:26 [Node:0 GID:100 isLeader:true] shardkv server generateSnapshotter raft state size: 717, maxraftstate: 1000
2026/02/24 17:27:26 [Node:2 GID:100 isLeader:false] shardkv server generateSnapshotter raft state size: 717, maxraftstate: 1000
2026/02/24 17:27:26 [Node:0 GID:100 isLeader:true] shardkv server checkGroup key:0, shard:8 shards:map[0:true 1:true 2:true 3:true 4:true 5:true 6:true 7:true 8:true 9:true]
2026/02/24 17:27:26 [Node:0 GID:100] shardkv server get key:0, check param failed Err:ErrWrongGroup
2026/02/24 17:27:26 [Node:1 GID:100 isLeader:false] shardkv server generateSnapshotter raft state size: 717, maxraftstate: 1000
2026/02/24 17:27:26 [Node:0 GID:100 isLeader:true] shardkv server generateSnapshotter raft state size: 717, maxraftstate: 1000
2026/02/24 17:27:26 [Node:2 GID:100 isLeader:false] shardkv server generateSnapshotter raft state size: 717, maxraftstate: 1000
2026/02/24 17:27:26 [Node:1 GID:100 isLeader:false] shardkv server generateSnapshotter raft state size: 717, maxraftstate: 1000
2026/02/24 17:27:26 [Node:0 GID:100 isLeader:true] shardkv server checkGroup key:0, shard:8 shards:map[0:true 1:true 2:true 3:true 4:true 5:true 6:true 7:true 8:true 9:true]
2026/02/24 17:27:26 [Node:0 GID:100] shardkv server get key:0, check param failed Err:ErrWrongGroup
2026/02/24 17:27:26 [Node:2 GID:100 isLeader:false] shardkv server generateSnapshotter raft state size: 717, maxraftstate: 1000
2026/02/24 17:27:26 [Node:0 GID:100 isLeader:true] shardkv server generateSnapshotter raft state size: 717, maxraftstate: 1000
2026/02/24 17:27:26 [Node:1 GID:100 isLeader:false] shardkv server generateSnapshotter raft state size: 717, maxraftstate: 1000
2026/02/24 17:27:27 [Node:2 GID:100 isLeader:false] shardkv server generateSnapshotter raft state size: 717, maxraftstate: 1000
2026/02/24 17:27:27 [Node:0 GID:100 isLeader:true] shardkv server generateSnapshotter raft state size: 717, maxraftstate: 1000
2026/02/24 17:27:27 [Node:0 GID:100 isLeader:true] shardkv server checkGroup key:0, shard:8 shards:map[0:true 1:true 2:true 3:true 4:true 5:true 6:true 7:true 8:true 9:true]
2026/02/24 17:27:27 [Node:0 GID:100] shardkv server get key:0, check param failed Err:ErrWrongGroup
2026/02/24 17:27:27 [Node:1 GID:100 isLeader:false] shardkv server generateSnapshotter raft state size: 717, maxraftstate: 1000
2026/02/24 17:27:27 [Node:2 GID:100 isLeader:false] shardkv server generateSnapshotter raft state size: 717, maxraftstate: 1000
2026/02/24 17:27:27 [Node:0 GID:100 isLeader:true] shardkv server generateSnapshotter raft state size: 717, maxraftstate: 1000
2026/02/24 17:27:27 [Node:1 GID:100 isLeader:false] shardkv server generateSnapshotter raft state size: 717, maxraftstate: 1000
2026/02/24 17:27:27 [Node:0 GID:100 isLeader:true] shardkv server checkGroup key:0, shard:8 shards:map[0:true 1:true 2:true 3:true 4:true 5:true 6:true 7:true 8:true 9:true]
2026/02/24 17:27:27 [Node:0 GID:100] shardkv server get key:0, check param failed Err:ErrWrongGroup
2026/02/24 17:27:27 [Node:2 GID:100 isLeader:false] shardkv server generateSnapshotter raft state size: 717, maxraftstate: 1000
2026/02/24 17:27:27 [Node:0 GID:100 isLeader:true] shardkv server generateSnapshotter raft state size: 717, maxraftstate: 1000
2026/02/24 17:27:27 [Node:1 GID:100 isLeader:false] shardkv server generateSnapshotter raft state size: 717, maxraftstate: 1000
2026/02/24 17:27:27 [Node:2 GID:100 isLeader:false] shardkv server generateSnapshotter raft state size: 717, maxraftstate: 1000
2026/02/24 17:27:27 [Node:0 GID:100 isLeader:true] shardkv server generateSnapshotter raft state size: 717, maxraftstate: 1000
2026/02/24 17:27:27 [Node:1 GID:100 isLeader:false] shardkv server generateSnapshotter raft state size: 717, maxraftstate: 1000
2026/02/24 17:27:27 [Node:0 GID:100 isLeader:true] shardkv server checkGroup key:0, shard:8 shards:map[0:true 1:true 2:true 3:true 4:true 5:true 6:true 7:true 8:true 9:true]
2026/02/24 17:27:27 [Node:0 GID:100] shardkv server get key:0, check param failed Err:ErrWrongGroup
2026/02/24 17:27:27 [Node:2 GID:100 isLeader:false] shardkv server generateSnapshotter raft state size: 717, maxraftstate: 1000
2026/02/24 17:27:27 [Node:0 GID:100 isLeader:true] shardkv server generateSnapshotter raft state size: 717, maxraftstate: 1000
2026/02/24 17:27:27 [Node:1 GID:100 isLeader:false] shardkv server generateSnapshotter raft state size: 717, maxraftstate: 1000
2026/02/24 17:27:27 [Node:0 GID:100 isLeader:true] shardkv server checkGroup key:0, shard:8 shards:map[0:true 1:true 2:true 3:true 4:true 5:true 6:true 7:true 8:true 9:true]
2026/02/24 17:27:27 [Node:0 GID:100] shardkv server get key:0, check param failed Err:ErrWrongGroup
2026/02/24 17:27:27 [Node:2 GID:100 isLeader:false] shardkv server generateSnapshotter raft state size: 717, maxraftstate: 1000
2026/02/24 17:27:27 [Node:0 GID:100 isLeader:true] shardkv server generateSnapshotter raft state size: 717, maxraftstate: 1000
2026/02/24 17:27:27 [Node:1 GID:100 isLeader:false] shardkv server generateSnapshotter raft state size: 717, maxraftstate: 1000
2026/02/24 17:27:27 [Node:2 GID:100 isLeader:false] shardkv server generateSnapshotter raft state size: 717, maxraftstate: 1000
2026/02/24 17:27:27 [Node:0 GID:100 isLeader:true] shardkv server generateSnapshotter raft state size: 717, maxraftstate: 1000
2026/02/24 17:27:27 [Node:1 GID:100 isLeader:false] shardkv server generateSnapshotter raft state size: 717, maxraftstate: 1000
2026/02/24 17:27:27 [Node:0 GID:100 isLeader:true] shardkv server checkGroup key:0, shard:8 shards:map[0:true 1:true 2:true 3:true 4:true 5:true 6:true 7:true 8:true 9:true]
2026/02/24 17:27:27 [Node:0 GID:100] shardkv server get key:0, check param failed Err:ErrWrongGroup
2026/02/24 17:27:27 [Node:2 GID:100 isLeader:false] shardkv server generateSnapshotter raft state size: 717, maxraftstate: 1000
2026/02/24 17:27:27 [Node:0 GID:100 isLeader:true] shardkv server generateSnapshotter raft state size: 717, maxraftstate: 1000
2026/02/24 17:27:27 [Node:1 GID:100 isLeader:false] shardkv server generateSnapshotter raft state size: 717, maxraftstate: 1000
2026/02/24 17:27:27 [Node:2 GID:100 isLeader:false] shardkv server generateSnapshotter raft state size: 717, maxraftstate: 1000
2026/02/24 17:27:27 [Node:0 GID:100 isLeader:true] shardkv server checkGroup key:0, shard:8 shards:map[0:true 1:true 2:true 3:true 4:true 5:true 6:true 7:true 8:true 9:true]
2026/02/24 17:27:27 [Node:0 GID:100] shardkv server get key:0, check param failed Err:ErrWrongGroup
2026/02/24 17:27:27 [Node:0 GID:100 isLeader:true] shardkv server generateSnapshotter raft state size: 717, maxraftstate: 1000
2026/02/24 17:27:27 [Node:1 GID:100 isLeader:false] shardkv server generateSnapshotter raft state size: 717, maxraftstate: 1000
2026/02/24 17:27:27 [Node:2 GID:100 isLeader:false] shardkv server generateSnapshotter raft state size: 717, maxraftstate: 1000
2026/02/24 17:27:27 [Node:0 GID:100 isLeader:true] shardkv server generateSnapshotter raft state size: 717, maxraftstate: 1000
2026/02/24 17:27:27 [Node:1 GID:100 isLeader:false] shardkv server generateSnapshotter raft state size: 717, maxraftstate: 1000
2026/02/24 17:27:28 [Node:0 GID:100 isLeader:true] shardkv server checkGroup key:0, shard:8 shards:map[0:true 1:true 2:true 3:true 4:true 5:true 6:true 7:true 8:true 9:true]
2026/02/24 17:27:28 [Node:0 GID:100] shardkv server get key:0, check param failed Err:ErrWrongGroup
2026/02/24 17:27:28 [Node:2 GID:100 isLeader:false] shardkv server generateSnapshotter raft state size: 717, maxraftstate: 1000
2026/02/24 17:27:28 [Node:0 GID:100 isLeader:true] shardkv server generateSnapshotter raft state size: 717, maxraftstate: 1000
2026/02/24 17:27:28 [Node:1 GID:100 isLeader:false] shardkv server generateSnapshotter raft state size: 717, maxraftstate: 1000
2026/02/24 17:27:28 [Node:2 GID:100 isLeader:false] shardkv server generateSnapshotter raft state size: 717, maxraftstate: 1000
2026/02/24 17:27:28 [Node:0 GID:100 isLeader:true] shardkv server generateSnapshotter raft state size: 717, maxraftstate: 1000
2026/02/24 17:27:28 [Node:0 GID:100 isLeader:true] shardkv server checkGroup key:0, shard:8 shards:map[0:true 1:true 2:true 3:true 4:true 5:true 6:true 7:true 8:true 9:true]
2026/02/24 17:27:28 [Node:0 GID:100] shardkv server get key:0, check param failed Err:ErrWrongGroup
2026/02/24 17:27:28 [Node:1 GID:100 isLeader:false] shardkv server generateSnapshotter raft state size: 717, maxraftstate: 1000
2026/02/24 17:27:28 [Node:2 GID:100 isLeader:false] shardkv server generateSnapshotter raft state size: 717, maxraftstate: 1000
2026/02/24 17:27:28 [Node:0 GID:100 isLeader:true] shardkv server generateSnapshotter raft state size: 717, maxraftstate: 1000
2026/02/24 17:27:28 [Node:1 GID:100 isLeader:false] shardkv server generateSnapshotter raft state size: 717, maxraftstate: 1000
2026/02/24 17:27:28 [Node:0 GID:100 isLeader:true] shardkv server checkGroup key:0, shard:8 shards:map[0:true 1:true 2:true 3:true 4:true 5:true 6:true 7:true 8:true 9:true]
2026/02/24 17:27:28 [Node:0 GID:100] shardkv server get key:0, check param failed Err:ErrWrongGroup
2026/02/24 17:27:28 [Node:2 GID:100 isLeader:false] shardkv server generateSnapshotter raft state size: 717, maxraftstate: 1000
2026/02/24 17:27:28 [Node:0 GID:100 isLeader:true] shardkv server generateSnapshotter raft state size: 717, maxraftstate: 1000
2026/02/24 17:27:28 [Node:1 GID:100 isLeader:false] shardkv server generateSnapshotter raft state size: 717, maxraftstate: 1000
2026/02/24 17:27:28 [Node:2 GID:100 isLeader:false] shardkv server generateSnapshotter raft state size: 717, maxraftstate: 1000
2026/02/24 17:27:28 [Node:0 GID:100 isLeader:true] shardkv server generateSnapshotter raft state size: 717, maxraftstate: 1000
2026/02/24 17:27:28 [Node:1 GID:100 isLeader:false] shardkv server generateSnapshotter raft state size: 717, maxraftstate: 1000
2026/02/24 17:27:28 [Node:0 GID:100 isLeader:true] shardkv server checkGroup key:0, shard:8 shards:map[0:true 1:true 2:true 3:true 4:true 5:true 6:true 7:true 8:true 9:true]
2026/02/24 17:27:28 [Node:0 GID:100] shardkv server get key:0, check param failed Err:ErrWrongGroup
2026/02/24 17:27:28 [Node:2 GID:100 isLeader:false] shardkv server generateSnapshotter raft state size: 717, maxraftstate: 1000
2026/02/24 17:27:28 [Node:0 GID:100 isLeader:true] shardkv server generateSnapshotter raft state size: 717, maxraftstate: 1000
2026/02/24 17:27:28 [Node:1 GID:100 isLeader:false] shardkv server generateSnapshotter raft state size: 717, maxraftstate: 1000
2026/02/24 17:27:28 [Node:0 GID:100 isLeader:true] shardkv server checkGroup key:0, shard:8 shards:map[0:true 1:true 2:true 3:true 4:true 5:true 6:true 7:true 8:true 9:true]
2026/02/24 17:27:28 [Node:0 GID:100] shardkv server get key:0, check param failed Err:ErrWrongGroup
2026/02/24 17:27:28 [Node:2 GID:100 isLeader:false] shardkv server generateSnapshotter raft state size: 717, maxraftstate: 1000
2026/02/24 17:27:28 [Node:0 GID:100 isLeader:true] shardkv server generateSnapshotter raft state size: 717, maxraftstate: 1000
2026/02/24 17:27:28 [Node:1 GID:100 isLeader:false] shardkv server generateSnapshotter raft state size: 717, maxraftstate: 1000
2026/02/24 17:27:28 [Node:2 GID:100 isLeader:false] shardkv server generateSnapshotter raft state size: 717, maxraftstate: 1000
2026/02/24 17:27:28 [Node:0 GID:100 isLeader:true] shardkv server generateSnapshotter raft state size: 717, maxraftstate: 1000
2026/02/24 17:27:28 [Node:1 GID:100 isLeader:false] shardkv server generateSnapshotter raft state size: 717, maxraftstate: 1000
2026/02/24 17:27:28 [Node:0 GID:100 isLeader:true] shardkv server checkGroup key:0, shard:8 shards:map[0:true 1:true 2:true 3:true 4:true 5:true 6:true 7:true 8:true 9:true]
2026/02/24 17:27:28 [Node:0 GID:100] shardkv server get key:0, check param failed Err:ErrWrongGroup
2026/02/24 17:27:28 [Node:2 GID:100 isLeader:false] shardkv server generateSnapshotter raft state size: 717, maxraftstate: 1000
2026/02/24 17:27:28 [Node:0 GID:100 isLeader:true] shardkv server generateSnapshotter raft state size: 717, maxraftstate: 1000
2026/02/24 17:27:28 [Node:1 GID:100 isLeader:false] shardkv server generateSnapshotter raft state size: 717, maxraftstate: 1000
2026/02/24 17:27:28 [Node:2 GID:100 isLeader:false] shardkv server generateSnapshotter raft state size: 717, maxraftstate: 1000
2026/02/24 17:27:28 [Node:0 GID:100 isLeader:true] shardkv server generateSnapshotter raft state size: 717, maxraftstate: 1000
2026/02/24 17:27:28 [Node:0 GID:100 isLeader:true] shardkv server checkGroup key:0, shard:8 shards:map[0:true 1:true 2:true 3:true 4:true 5:true 6:true 7:true 8:true 9:true]
2026/02/24 17:27:28 [Node:0 GID:100] shardkv server get key:0, check param failed Err:ErrWrongGroup
2026/02/24 17:27:28 [Node:1 GID:100 isLeader:false] shardkv server generateSnapshotter raft state size: 717, maxraftstate: 1000
2026/02/24 17:27:29 [Node:2 GID:100 isLeader:false] shardkv server generateSnapshotter raft state size: 717, maxraftstate: 1000
2026/02/24 17:27:29 [Node:0 GID:100 isLeader:true] shardkv server generateSnapshotter raft state size: 717, maxraftstate: 1000
2026/02/24 17:27:29 [Node:1 GID:100 isLeader:false] shardkv server generateSnapshotter raft state size: 717, maxraftstate: 1000
2026/02/24 17:27:29 [Node:0 GID:100 isLeader:true] shardkv server checkGroup key:0, shard:8 shards:map[0:true 1:true 2:true 3:true 4:true 5:true 6:true 7:true 8:true 9:true]
2026/02/24 17:27:29 [Node:0 GID:100] shardkv server get key:0, check param failed Err:ErrWrongGroup
2026/02/24 17:27:29 [Node:2 GID:100 isLeader:false] shardkv server generateSnapshotter raft state size: 717, maxraftstate: 1000
2026/02/24 17:27:29 [Node:0 GID:100 isLeader:true] shardkv server generateSnapshotter raft state size: 717, maxraftstate: 1000
2026/02/24 17:27:29 [Node:1 GID:100 isLeader:false] shardkv server generateSnapshotter raft state size: 717, maxraftstate: 1000
2026/02/24 17:27:29 [Node:2 GID:100 isLeader:false] shardkv server generateSnapshotter raft state size: 717, maxraftstate: 1000
2026/02/24 17:27:29 [Node:0 GID:100 isLeader:true] shardkv server generateSnapshotter raft state size: 717, maxraftstate: 1000
2026/02/24 17:27:29 [Node:1 GID:100 isLeader:false] shardkv server generateSnapshotter raft state size: 717, maxraftstate: 1000
2026/02/24 17:27:29 [Node:0 GID:100 isLeader:true] shardkv server checkGroup key:0, shard:8 shards:map[0:true 1:true 2:true 3:true 4:true 5:true 6:true 7:true 8:true 9:true]
2026/02/24 17:27:29 [Node:0 GID:100] shardkv server get key:0, check param failed Err:ErrWrongGroup
2026/02/24 17:27:29 [Node:2 GID:100 isLeader:false] shardkv server generateSnapshotter raft state size: 717, maxraftstate: 1000
2026/02/24 17:27:29 [Node:0 GID:100 isLeader:true] shardkv server generateSnapshotter raft state size: 717, maxraftstate: 1000
2026/02/24 17:27:29 [Node:1 GID:100 isLeader:false] shardkv server generateSnapshotter raft state size: 717, maxraftstate: 1000
2026/02/24 17:27:29 [Node:0 GID:100 isLeader:true] shardkv server checkGroup key:0, shard:8 shards:map[0:true 1:true 2:true 3:true 4:true 5:true 6:true 7:true 8:true 9:true]
2026/02/24 17:27:29 [Node:0 GID:100] shardkv server get key:0, check param failed Err:ErrWrongGroup
2026/02/24 17:27:29 [Node:2 GID:100 isLeader:false] shardkv server generateSnapshotter raft state size: 717, maxraftstate: 1000
2026/02/24 17:27:29 [Node:0 GID:100 isLeader:true] shardkv server generateSnapshotter raft state size: 717, maxraftstate: 1000
2026/02/24 17:27:29 [Node:1 GID:100 isLeader:false] shardkv server generateSnapshotter raft state size: 717, maxraftstate: 1000
2026/02/24 17:27:29 [Node:2 GID:100 isLeader:false] shardkv server generateSnapshotter raft state size: 717, maxraftstate: 1000
2026/02/24 17:27:29 [Node:0 GID:100 isLeader:true] shardkv server generateSnapshotter raft state size: 717, maxraftstate: 1000
2026/02/24 17:27:29 [Node:1 GID:100 isLeader:false] shardkv server generateSnapshotter raft state size: 717, maxraftstate: 1000
2026/02/24 17:27:29 [Node:0 GID:100 isLeader:true] shardkv server checkGroup key:0, shard:8 shards:map[0:true 1:true 2:true 3:true 4:true 5:true 6:true 7:true 8:true 9:true]
2026/02/24 17:27:29 [Node:0 GID:100] shardkv server get key:0, check param failed Err:ErrWrongGroup
2026/02/24 17:27:29 [Node:2 GID:100 isLeader:false] shardkv server generateSnapshotter raft state size: 717, maxraftstate: 1000
2026/02/24 17:27:29 [Node:0 GID:100 isLeader:true] shardkv server generateSnapshotter raft state size: 717, maxraftstate: 1000
2026/02/24 17:27:29 [Node:1 GID:100 isLeader:false] shardkv server generateSnapshotter raft state size: 717, maxraftstate: 1000
2026/02/24 17:27:29 [Node:2 GID:100 isLeader:false] shardkv server generateSnapshotter raft state size: 717, maxraftstate: 1000
2026/02/24 17:27:29 [Node:0 GID:100 isLeader:true] shardkv server generateSnapshotter raft state size: 717, maxraftstate: 1000
2026/02/24 17:27:29 [Node:0 GID:100 isLeader:true] shardkv server checkGroup key:0, shard:8 shards:map[0:true 1:true 2:true 3:true 4:true 5:true 6:true 7:true 8:true 9:true]
2026/02/24 17:27:29 [Node:0 GID:100] shardkv server get key:0, check param failed Err:ErrWrongGroup
2026/02/24 17:27:29 [Node:1 GID:100 isLeader:false] shardkv server generateSnapshotter raft state size: 717, maxraftstate: 1000
2026/02/24 17:27:29 [Node:2 GID:100 isLeader:false] shardkv server generateSnapshotter raft state size: 717, maxraftstate: 1000
2026/02/24 17:27:29 [Node:0 GID:100 isLeader:true] shardkv server generateSnapshotter raft state size: 717, maxraftstate: 1000
2026/02/24 17:27:29 [Node:1 GID:100 isLeader:false] shardkv server generateSnapshotter raft state size: 717, maxraftstate: 1000
2026/02/24 17:27:29 [Node:0 GID:100 isLeader:true] shardkv server checkGroup key:0, shard:8 shards:map[0:true 1:true 2:true 3:true 4:true 5:true 6:true 7:true 8:true 9:true]
2026/02/24 17:27:29 [Node:0 GID:100] shardkv server get key:0, check param failed Err:ErrWrongGroup
2026/02/24 17:27:29 [Node:2 GID:100 isLeader:false] shardkv server generateSnapshotter raft state size: 717, maxraftstate: 1000
2026/02/24 17:27:29 [Node:0 GID:100 isLeader:true] shardkv server generateSnapshotter raft state size: 717, maxraftstate: 1000
2026/02/24 17:27:29 [Node:1 GID:100 isLeader:false] shardkv server generateSnapshotter raft state size: 717, maxraftstate: 1000
2026/02/24 17:27:30 [Node:2 GID:100 isLeader:false] shardkv server generateSnapshotter raft state size: 717, maxraftstate: 1000
2026/02/24 17:27:30 [Node:0 GID:100 isLeader:true] shardkv server generateSnapshotter raft state size: 717, maxraftstate: 1000
2026/02/24 17:27:30 [Node:1 GID:100 isLeader:false] shardkv server generateSnapshotter raft state size: 717, maxraftstate: 1000
2026/02/24 17:27:30 [Node:0 GID:100 isLeader:true] shardkv server checkGroup key:0, shard:8 shards:map[0:true 1:true 2:true 3:true 4:true 5:true 6:true 7:true 8:true 9:true]
2026/02/24 17:27:30 [Node:0 GID:100] shardkv server get key:0, check param failed Err:ErrWrongGroup
2026/02/24 17:27:30 [Node:2 GID:100 isLeader:false] shardkv server generateSnapshotter raft state size: 717, maxraftstate: 1000
2026/02/24 17:27:30 [Node:0 GID:100 isLeader:true] shardkv server generateSnapshotter raft state size: 717, maxraftstate: 1000
2026/02/24 17:27:30 [Node:1 GID:100 isLeader:false] shardkv server generateSnapshotter raft state size: 717, maxraftstate: 1000
2026/02/24 17:27:30 [Node:2 GID:100 isLeader:false] shardkv server generateSnapshotter raft state size: 717, maxraftstate: 1000
2026/02/24 17:27:30 [Node:0 GID:100 isLeader:true] shardkv server checkGroup key:0, shard:8 shards:map[0:true 1:true 2:true 3:true 4:true 5:true 6:true 7:true 8:true 9:true]
2026/02/24 17:27:30 [Node:0 GID:100] shardkv server get key:0, check param failed Err:ErrWrongGroup
2026/02/24 17:27:30 [Node:0 GID:100 isLeader:true] shardkv server generateSnapshotter raft state size: 717, maxraftstate: 1000
2026/02/24 17:27:30 [Node:1 GID:100 isLeader:false] shardkv server generateSnapshotter raft state size: 717, maxraftstate: 1000
2026/02/24 17:27:30 [Node:2 GID:100 isLeader:false] shardkv server generateSnapshotter raft state size: 717, maxraftstate: 1000
2026/02/24 17:27:30 [Node:0 GID:100 isLeader:true] shardkv server generateSnapshotter raft state size: 717, maxraftstate: 1000
2026/02/24 17:27:30 [Node:1 GID:100 isLeader:false] shardkv server generateSnapshotter raft state size: 717, maxraftstate: 1000
2026/02/24 17:27:30 [Node:0 GID:100 isLeader:true] shardkv server checkGroup key:0, shard:8 shards:map[0:true 1:true 2:true 3:true 4:true 5:true 6:true 7:true 8:true 9:true]
2026/02/24 17:27:30 [Node:0 GID:100] shardkv server get key:0, check param failed Err:ErrWrongGroup
2026/02/24 17:27:30 [Node:2 GID:100 isLeader:false] shardkv server generateSnapshotter raft state size: 717, maxraftstate: 1000
2026/02/24 17:27:30 [Node:0 GID:100 isLeader:true] shardkv server generateSnapshotter raft state size: 717, maxraftstate: 1000
2026/02/24 17:27:30 [Node:1 GID:100 isLeader:false] shardkv server generateSnapshotter raft state size: 717, maxraftstate: 1000
2026/02/24 17:27:30 [Node:2 GID:100 isLeader:false] shardkv server generateSnapshotter raft state size: 717, maxraftstate: 1000
2026/02/24 17:27:30 [Node:0 GID:100 isLeader:true] shardkv server generateSnapshotter raft state size: 717, maxraftstate: 1000
2026/02/24 17:27:30 [Node:0 GID:100 isLeader:true] shardkv server checkGroup key:0, shard:8 shards:map[0:true 1:true 2:true 3:true 4:true 5:true 6:true 7:true 8:true 9:true]
2026/02/24 17:27:30 [Node:0 GID:100] shardkv server get key:0, check param failed Err:ErrWrongGroup
2026/02/24 17:27:30 [Node:1 GID:100 isLeader:false] shardkv server generateSnapshotter raft state size: 717, maxraftstate: 1000
2026/02/24 17:27:30 [Node:2 GID:100 isLeader:false] shardkv server generateSnapshotter raft state size: 717, maxraftstate: 1000
2026/02/24 17:27:30 [Node:0 GID:100 isLeader:true] shardkv server generateSnapshotter raft state size: 717, maxraftstate: 1000
2026/02/24 17:27:30 [Node:1 GID:100 isLeader:false] shardkv server generateSnapshotter raft state size: 717, maxraftstate: 1000
2026/02/24 17:27:30 [Node:0 GID:100 isLeader:true] shardkv server checkGroup key:0, shard:8 shards:map[0:true 1:true 2:true 3:true 4:true 5:true 6:true 7:true 8:true 9:true]
2026/02/24 17:27:30 [Node:0 GID:100] shardkv server get key:0, check param failed Err:ErrWrongGroup
2026/02/24 17:27:30 [Node:2 GID:100 isLeader:false] shardkv server generateSnapshotter raft state size: 717, maxraftstate: 1000
2026/02/24 17:27:30 [Node:0 GID:100 isLeader:true] shardkv server generateSnapshotter raft state size: 717, maxraftstate: 1000
2026/02/24 17:27:30 [Node:1 GID:100 isLeader:false] shardkv server generateSnapshotter raft state size: 717, maxraftstate: 1000
2026/02/24 17:27:30 [Node:2 GID:100 isLeader:false] shardkv server generateSnapshotter raft state size: 717, maxraftstate: 1000
2026/02/24 17:27:30 [Node:0 GID:100 isLeader:true] shardkv server generateSnapshotter raft state size: 717, maxraftstate: 1000
2026/02/24 17:27:30 [Node:1 GID:100 isLeader:false] shardkv server generateSnapshotter raft state size: 717, maxraftstate: 1000
2026/02/24 17:27:30 [Node:0 GID:100 isLeader:true] shardkv server checkGroup key:0, shard:8 shards:map[0:true 1:true 2:true 3:true 4:true 5:true 6:true 7:true 8:true 9:true]
2026/02/24 17:27:30 [Node:0 GID:100] shardkv server get key:0, check param failed Err:ErrWrongGroup
2026/02/24 17:27:30 [Node:2 GID:100 isLeader:false] shardkv server generateSnapshotter raft state size: 717, maxraftstate: 1000
2026/02/24 17:27:30 [Node:0 GID:100 isLeader:true] shardkv server generateSnapshotter raft state size: 717, maxraftstate: 1000
2026/02/24 17:27:30 [Node:1 GID:100 isLeader:false] shardkv server generateSnapshotter raft state size: 717, maxraftstate: 1000
2026/02/24 17:27:31 [Node:2 GID:100 isLeader:false] shardkv server generateSnapshotter raft state size: 717, maxraftstate: 1000
2026/02/24 17:27:31 [Node:0 GID:100 isLeader:true] shardkv server generateSnapshotter raft state size: 717, maxraftstate: 1000
2026/02/24 17:27:31 [Node:0 GID:100 isLeader:true] shardkv server checkGroup key:0, shard:8 shards:map[0:true 1:true 2:true 3:true 4:true 5:true 6:true 7:true 8:true 9:true]
2026/02/24 17:27:31 [Node:0 GID:100] shardkv server get key:0, check param failed Err:ErrWrongGroup
2026/02/24 17:27:31 [Node:1 GID:100 isLeader:false] shardkv server generateSnapshotter raft state size: 717, maxraftstate: 1000
2026/02/24 17:27:31 [Node:2 GID:100 isLeader:false] shardkv server generateSnapshotter raft state size: 717, maxraftstate: 1000
2026/02/24 17:27:31 [Node:0 GID:100 isLeader:true] shardkv server generateSnapshotter raft state size: 717, maxraftstate: 1000
2026/02/24 17:27:31 [Node:1 GID:100 isLeader:false] shardkv server generateSnapshotter raft state size: 717, maxraftstate: 1000
2026/02/24 17:27:31 [Node:0 GID:100 isLeader:true] shardkv server checkGroup key:0, shard:8 shards:map[0:true 1:true 2:true 3:true 4:true 5:true 6:true 7:true 8:true 9:true]
2026/02/24 17:27:31 [Node:0 GID:100] shardkv server get key:0, check param failed Err:ErrWrongGroup
2026/02/24 17:27:31 [Node:2 GID:100 isLeader:false] shardkv server generateSnapshotter raft state size: 717, maxraftstate: 1000
2026/02/24 17:27:31 [Node:0 GID:100 isLeader:true] shardkv server generateSnapshotter raft state size: 717, maxraftstate: 1000
2026/02/24 17:27:31 [Node:1 GID:100 isLeader:false] shardkv server generateSnapshotter raft state size: 717, maxraftstate: 1000
2026/02/24 17:27:31 [Node:2 GID:100 isLeader:false] shardkv server generateSnapshotter raft state size: 717, maxraftstate: 1000
2026/02/24 17:27:31 [Node:0 GID:100 isLeader:true] shardkv server generateSnapshotter raft state size: 717, maxraftstate: 1000
2026/02/24 17:27:31 [Node:1 GID:100 isLeader:false] shardkv server generateSnapshotter raft state size: 717, maxraftstate: 1000
2026/02/24 17:27:31 [Node:0 GID:100 isLeader:true] shardkv server checkGroup key:0, shard:8 shards:map[0:true 1:true 2:true 3:true 4:true 5:true 6:true 7:true 8:true 9:true]
2026/02/24 17:27:31 [Node:0 GID:100] shardkv server get key:0, check param failed Err:ErrWrongGroup
2026/02/24 17:27:31 [Node:2 GID:100 isLeader:false] shardkv server generateSnapshotter raft state size: 717, maxraftstate: 1000
2026/02/24 17:27:31 [Node:0 GID:100 isLeader:true] shardkv server generateSnapshotter raft state size: 717, maxraftstate: 1000
2026/02/24 17:27:31 [Node:1 GID:100 isLeader:false] shardkv server generateSnapshotter raft state size: 717, maxraftstate: 1000
2026/02/24 17:27:31 [Node:2 GID:100 isLeader:false] shardkv server generateSnapshotter raft state size: 717, maxraftstate: 1000
2026/02/24 17:27:31 [Node:0 GID:100 isLeader:true] shardkv server generateSnapshotter raft state size: 717, maxraftstate: 1000
2026/02/24 17:27:31 [Node:0 GID:100 isLeader:true] shardkv server checkGroup key:0, shard:8 shards:map[0:true 1:true 2:true 3:true 4:true 5:true 6:true 7:true 8:true 9:true]
2026/02/24 17:27:31 [Node:0 GID:100] shardkv server get key:0, check param failed Err:ErrWrongGroup
2026/02/24 17:27:31 [Node:1 GID:100 isLeader:false] shardkv server generateSnapshotter raft state size: 717, maxraftstate: 1000
2026/02/24 17:27:31 [Node:2 GID:100 isLeader:false] shardkv server generateSnapshotter raft state size: 717, maxraftstate: 1000
2026/02/24 17:27:31 [Node:0 GID:100 isLeader:true] shardkv server generateSnapshotter raft state size: 717, maxraftstate: 1000
2026/02/24 17:27:31 [Node:1 GID:100 isLeader:false] shardkv server generateSnapshotter raft state size: 717, maxraftstate: 1000
2026/02/24 17:27:31 [Node:0 GID:100 isLeader:true] shardkv server checkGroup key:0, shard:8 shards:map[0:true 1:true 2:true 3:true 4:true 5:true 6:true 7:true 8:true 9:true]
2026/02/24 17:27:31 [Node:0 GID:100] shardkv server get key:0, check param failed Err:ErrWrongGroup
2026/02/24 17:27:31 [Node:2 GID:100 isLeader:false] shardkv server generateSnapshotter raft state size: 717, maxraftstate: 1000
2026/02/24 17:27:31 [Node:0 GID:100 isLeader:true] shardkv server generateSnapshotter raft state size: 717, maxraftstate: 1000
2026/02/24 17:27:31 [Node:1 GID:100 isLeader:false] shardkv server generateSnapshotter raft state size: 717, maxraftstate: 1000
2026/02/24 17:27:31 [Node:2 GID:100 isLeader:false] shardkv server generateSnapshotter raft state size: 717, maxraftstate: 1000
2026/02/24 17:27:31 [Node:0 GID:100 isLeader:true] shardkv server generateSnapshotter raft state size: 717, maxraftstate: 1000
2026/02/24 17:27:31 [Node:1 GID:100 isLeader:false] shardkv server generateSnapshotter raft state size: 717, maxraftstate: 1000
2026/02/24 17:27:31 [Node:0 GID:100 isLeader:true] shardkv server checkGroup key:0, shard:8 shards:map[0:true 1:true 2:true 3:true 4:true 5:true 6:true 7:true 8:true 9:true]
2026/02/24 17:27:31 [Node:0 GID:100] shardkv server get key:0, check param failed Err:ErrWrongGroup
2026/02/24 17:27:31 [Node:2 GID:100 isLeader:false] shardkv server generateSnapshotter raft state size: 717, maxraftstate: 1000
2026/02/24 17:27:31 [Node:0 GID:100 isLeader:true] shardkv server generateSnapshotter raft state size: 717, maxraftstate: 1000
2026/02/24 17:27:31 [Node:1 GID:100 isLeader:false] shardkv server generateSnapshotter raft state size: 717, maxraftstate: 1000
2026/02/24 17:27:32 [Node:2 GID:100 isLeader:false] shardkv server generateSnapshotter raft state size: 717, maxraftstate: 1000
2026/02/24 17:27:32 [Node:0 GID:100 isLeader:true] shardkv server generateSnapshotter raft state size: 717, maxraftstate: 1000
2026/02/24 17:27:32 [Node:0 GID:100 isLeader:true] shardkv server checkGroup key:0, shard:8 shards:map[0:true 1:true 2:true 3:true 4:true 5:true 6:true 7:true 8:true 9:true]
2026/02/24 17:27:32 [Node:0 GID:100] shardkv server get key:0, check param failed Err:ErrWrongGroup
2026/02/24 17:27:32 [Node:1 GID:100 isLeader:false] shardkv server generateSnapshotter raft state size: 717, maxraftstate: 1000
2026/02/24 17:27:32 [Node:2 GID:100 isLeader:false] shardkv server generateSnapshotter raft state size: 717, maxraftstate: 1000
2026/02/24 17:27:32 [Node:0 GID:100 isLeader:true] shardkv server generateSnapshotter raft state size: 717, maxraftstate: 1000
2026/02/24 17:27:32 [Node:1 GID:100 isLeader:false] shardkv server generateSnapshotter raft state size: 717, maxraftstate: 1000
2026/02/24 17:27:32 [Node:0 GID:100 isLeader:true] shardkv server checkGroup key:0, shard:8 shards:map[0:true 1:true 2:true 3:true 4:true 5:true 6:true 7:true 8:true 9:true]
2026/02/24 17:27:32 [Node:0 GID:100] shardkv server get key:0, check param failed Err:ErrWrongGroup
2026/02/24 17:27:32 [Node:2 GID:100 isLeader:false] shardkv server generateSnapshotter raft state size: 717, maxraftstate: 1000
2026/02/24 17:27:32 [Node:0 GID:100 isLeader:true] shardkv server generateSnapshotter raft state size: 717, maxraftstate: 1000
2026/02/24 17:27:32 [Node:1 GID:100 isLeader:false] shardkv server generateSnapshotter raft state size: 717, maxraftstate: 1000
2026/02/24 17:27:32 [Node:2 GID:100 isLeader:false] shardkv server generateSnapshotter raft state size: 717, maxraftstate: 1000
2026/02/24 17:27:32 [Node:0 GID:100 isLeader:true] shardkv server generateSnapshotter raft state size: 717, maxraftstate: 1000
2026/02/24 17:27:32 [Node:1 GID:100 isLeader:false] shardkv server generateSnapshotter raft state size: 717, maxraftstate: 1000
2026/02/24 17:27:32 [Node:0 GID:100 isLeader:true] shardkv server checkGroup key:0, shard:8 shards:map[0:true 1:true 2:true 3:true 4:true 5:true 6:true 7:true 8:true 9:true]
2026/02/24 17:27:32 [Node:0 GID:100] shardkv server get key:0, check param failed Err:ErrWrongGroup
2026/02/24 17:27:32 [Node:2 GID:100 isLeader:false] shardkv server generateSnapshotter raft state size: 717, maxraftstate: 1000
2026/02/24 17:27:32 [Node:0 GID:100 isLeader:true] shardkv server generateSnapshotter raft state size: 717, maxraftstate: 1000
2026/02/24 17:27:32 [Node:1 GID:100 isLeader:false] shardkv server generateSnapshotter raft state size: 717, maxraftstate: 1000
2026/02/24 17:27:32 [Node:2 GID:100 isLeader:false] shardkv server generateSnapshotter raft state size: 717, maxraftstate: 1000
2026/02/24 17:27:32 [Node:0 GID:100 isLeader:true] shardkv server checkGroup key:0, shard:8 shards:map[0:true 1:true 2:true 3:true 4:true 5:true 6:true 7:true 8:true 9:true]
2026/02/24 17:27:32 [Node:0 GID:100] shardkv server get key:0, check param failed Err:ErrWrongGroup
2026/02/24 17:27:32 [Node:0 GID:100 isLeader:true] shardkv server generateSnapshotter raft state size: 717, maxraftstate: 1000
2026/02/24 17:27:32 [Node:1 GID:100 isLeader:false] shardkv server generateSnapshotter raft state size: 717, maxraftstate: 1000
2026/02/24 17:27:32 [Node:2 GID:100 isLeader:false] shardkv server generateSnapshotter raft state size: 717, maxraftstate: 1000
2026/02/24 17:27:32 [Node:0 GID:100 isLeader:true] shardkv server generateSnapshotter raft state size: 717, maxraftstate: 1000
2026/02/24 17:27:32 [Node:1 GID:100 isLeader:false] shardkv server generateSnapshotter raft state size: 717, maxraftstate: 1000
2026/02/24 17:27:32 [Node:0 GID:100 isLeader:true] shardkv server checkGroup key:0, shard:8 shards:map[0:true 1:true 2:true 3:true 4:true 5:true 6:true 7:true 8:true 9:true]
2026/02/24 17:27:32 [Node:0 GID:100] shardkv server get key:0, check param failed Err:ErrWrongGroup
2026/02/24 17:27:32 [Node:2 GID:100 isLeader:false] shardkv server generateSnapshotter raft state size: 717, maxraftstate: 1000
2026/02/24 17:27:32 [Node:0 GID:100 isLeader:true] shardkv server generateSnapshotter raft state size: 717, maxraftstate: 1000
2026/02/24 17:27:32 [Node:1 GID:100 isLeader:false] shardkv server generateSnapshotter raft state size: 717, maxraftstate: 1000
2026/02/24 17:27:32 [Node:2 GID:100 isLeader:false] shardkv server generateSnapshotter raft state size: 717, maxraftstate: 1000
2026/02/24 17:27:32 [Node:0 GID:100 isLeader:true] shardkv server generateSnapshotter raft state size: 717, maxraftstate: 1000
2026/02/24 17:27:32 [Node:1 GID:100 isLeader:false] shardkv server generateSnapshotter raft state size: 717, maxraftstate: 1000
2026/02/24 17:27:32 [Node:0 GID:100 isLeader:true] shardkv server checkGroup key:0, shard:8 shards:map[0:true 1:true 2:true 3:true 4:true 5:true 6:true 7:true 8:true 9:true]
2026/02/24 17:27:32 [Node:0 GID:100] shardkv server get key:0, check param failed Err:ErrWrongGroup
2026/02/24 17:27:32 [Node:2 GID:100 isLeader:false] shardkv server generateSnapshotter raft state size: 717, maxraftstate: 1000
2026/02/24 17:27:32 [Node:0 GID:100 isLeader:true] shardkv server generateSnapshotter raft state size: 717, maxraftstate: 1000
2026/02/24 17:27:33 [Node:1 GID:100 isLeader:false] shardkv server generateSnapshotter raft state size: 717, maxraftstate: 1000
2026/02/24 17:27:33 [Node:2 GID:100 isLeader:false] shardkv server generateSnapshotter raft state size: 717, maxraftstate: 1000
2026/02/24 17:27:33 [Node:0 GID:100 isLeader:true] shardkv server checkGroup key:0, shard:8 shards:map[0:true 1:true 2:true 3:true 4:true 5:true 6:true 7:true 8:true 9:true]
2026/02/24 17:27:33 [Node:0 GID:100] shardkv server get key:0, check param failed Err:ErrWrongGroup
2026/02/24 17:27:33 [Node:0 GID:100 isLeader:true] shardkv server generateSnapshotter raft state size: 717, maxraftstate: 1000
2026/02/24 17:27:33 [Node:1 GID:100 isLeader:false] shardkv server generateSnapshotter raft state size: 717, maxraftstate: 1000
2026/02/24 17:27:33 [Node:2 GID:100 isLeader:false] shardkv server generateSnapshotter raft state size: 717, maxraftstate: 1000
2026/02/24 17:27:33 [Node:0 GID:100 isLeader:true] shardkv server generateSnapshotter raft state size: 717, maxraftstate: 1000
2026/02/24 17:27:33 [Node:1 GID:100 isLeader:false] shardkv server generateSnapshotter raft state size: 717, maxraftstate: 1000
2026/02/24 17:27:33 [Node:0 GID:100 isLeader:true] shardkv server checkGroup key:0, shard:8 shards:map[0:true 1:true 2:true 3:true 4:true 5:true 6:true 7:true 8:true 9:true]
2026/02/24 17:27:33 [Node:0 GID:100] shardkv server get key:0, check param failed Err:ErrWrongGroup
2026/02/24 17:27:33 [Node:2 GID:100 isLeader:false] shardkv server generateSnapshotter raft state size: 717, maxraftstate: 1000
2026/02/24 17:27:33 [Node:0 GID:100 isLeader:true] shardkv server generateSnapshotter raft state size: 717, maxraftstate: 1000
2026/02/24 17:27:33 [Node:1 GID:100 isLeader:false] shardkv server generateSnapshotter raft state size: 717, maxraftstate: 1000
2026/02/24 17:27:33 [Node:2 GID:100 isLeader:false] shardkv server generateSnapshotter raft state size: 717, maxraftstate: 1000
2026/02/24 17:27:33 [Node:0 GID:100 isLeader:true] shardkv server generateSnapshotter raft state size: 717, maxraftstate: 1000
2026/02/24 17:27:33 [Node:1 GID:100 isLeader:false] shardkv server generateSnapshotter raft state size: 717, maxraftstate: 1000
2026/02/24 17:27:33 [Node:0 GID:100 isLeader:true] shardkv server checkGroup key:0, shard:8 shards:map[0:true 1:true 2:true 3:true 4:true 5:true 6:true 7:true 8:true 9:true]
2026/02/24 17:27:33 [Node:0 GID:100] shardkv server get key:0, check param failed Err:ErrWrongGroup
2026/02/24 17:27:33 [Node:2 GID:100 isLeader:false] shardkv server generateSnapshotter raft state size: 717, maxraftstate: 1000
2026/02/24 17:27:33 [Node:0 GID:100 isLeader:true] shardkv server generateSnapshotter raft state size: 717, maxraftstate: 1000
2026/02/24 17:27:33 [Node:1 GID:100 isLeader:false] shardkv server generateSnapshotter raft state size: 717, maxraftstate: 1000
2026/02/24 17:27:33 [Node:2 GID:100 isLeader:false] shardkv server generateSnapshotter raft state size: 717, maxraftstate: 1000
2026/02/24 17:27:33 [Node:0 GID:100 isLeader:true] shardkv server generateSnapshotter raft state size: 717, maxraftstate: 1000
2026/02/24 17:27:33 [Node:0 GID:100 isLeader:true] shardkv server checkGroup key:0, shard:8 shards:map[0:true 1:true 2:true 3:true 4:true 5:true 6:true 7:true 8:true 9:true]
2026/02/24 17:27:33 [Node:0 GID:100] shardkv server get key:0, check param failed Err:ErrWrongGroup
2026/02/24 17:27:33 [Node:1 GID:100 isLeader:false] shardkv server generateSnapshotter raft state size: 717, maxraftstate: 1000
2026/02/24 17:27:33 [Node:2 GID:100 isLeader:false] shardkv server generateSnapshotter raft state size: 717, maxraftstate: 1000
2026/02/24 17:27:33 [Node:0 GID:100 isLeader:true] shardkv server generateSnapshotter raft state size: 717, maxraftstate: 1000
2026/02/24 17:27:33 [Node:1 GID:100 isLeader:false] shardkv server generateSnapshotter raft state size: 717, maxraftstate: 1000
2026/02/24 17:27:33 [Node:0 GID:100 isLeader:true] shardkv server checkGroup key:0, shard:8 shards:map[0:true 1:true 2:true 3:true 4:true 5:true 6:true 7:true 8:true 9:true]
2026/02/24 17:27:33 [Node:0 GID:100] shardkv server get key:0, check param failed Err:ErrWrongGroup
2026/02/24 17:27:33 [Node:2 GID:100 isLeader:false] shardkv server generateSnapshotter raft state size: 717, maxraftstate: 1000
2026/02/24 17:27:33 [Node:0 GID:100 isLeader:true] shardkv server generateSnapshotter raft state size: 717, maxraftstate: 1000
2026/02/24 17:27:33 [Node:1 GID:100 isLeader:false] shardkv server generateSnapshotter raft state size: 717, maxraftstate: 1000
2026/02/24 17:27:33 [Node:2 GID:100 isLeader:false] shardkv server generateSnapshotter raft state size: 717, maxraftstate: 1000
2026/02/24 17:27:33 [Node:0 GID:100 isLeader:true] shardkv server generateSnapshotter raft state size: 717, maxraftstate: 1000
2026/02/24 17:27:33 [Node:1 GID:100 isLeader:false] shardkv server generateSnapshotter raft state size: 717, maxraftstate: 1000
2026/02/24 17:27:33 [Node:0 GID:100 isLeader:true] shardkv server checkGroup key:0, shard:8 shards:map[0:true 1:true 2:true 3:true 4:true 5:true 6:true 7:true 8:true 9:true]
2026/02/24 17:27:33 [Node:0 GID:100] shardkv server get key:0, check param failed Err:ErrWrongGroup
2026/02/24 17:27:33 [Node:2 GID:100 isLeader:false] shardkv server generateSnapshotter raft state size: 717, maxraftstate: 1000
2026/02/24 17:27:33 [Node:0 GID:100 isLeader:true] shardkv server generateSnapshotter raft state size: 717, maxraftstate: 1000
2026/02/24 17:27:34 [Node:1 GID:100 isLeader:false] shardkv server generateSnapshotter raft state size: 717, maxraftstate: 1000
2026/02/24 17:27:34 [Node:2 GID:100 isLeader:false] shardkv server generateSnapshotter raft state size: 717, maxraftstate: 1000
2026/02/24 17:27:34 [Node:0 GID:100 isLeader:true] shardkv server generateSnapshotter raft state size: 717, maxraftstate: 1000
2026/02/24 17:27:34 [Node:0 GID:100 isLeader:true] shardkv server checkGroup key:0, shard:8 shards:map[0:true 1:true 2:true 3:true 4:true 5:true 6:true 7:true 8:true 9:true]
2026/02/24 17:27:34 [Node:0 GID:100] shardkv server get key:0, check param failed Err:ErrWrongGroup
2026/02/24 17:27:34 [Node:1 GID:100 isLeader:false] shardkv server generateSnapshotter raft state size: 717, maxraftstate: 1000
2026/02/24 17:27:34 [Node:2 GID:100 isLeader:false] shardkv server generateSnapshotter raft state size: 717, maxraftstate: 1000
2026/02/24 17:27:34 [Node:0 GID:100 isLeader:true] shardkv server generateSnapshotter raft state size: 717, maxraftstate: 1000
2026/02/24 17:27:34 [Node:1 GID:100 isLeader:false] shardkv server generateSnapshotter raft state size: 717, maxraftstate: 1000
2026/02/24 17:27:34 [Node:2 GID:100 isLeader:false] shardkv server generateSnapshotter raft state size: 717, maxraftstate: 1000
2026/02/24 17:27:34 [Node:0 GID:100 isLeader:true] shardkv server checkGroup key:0, shard:8 shards:map[0:true 1:true 2:true 3:true 4:true 5:true 6:true 7:true 8:true 9:true]
2026/02/24 17:27:34 [Node:0 GID:100] shardkv server get key:0, check param failed Err:ErrWrongGroup
2026/02/24 17:27:34 [Node:0 GID:100 isLeader:true] shardkv server generateSnapshotter raft state size: 717, maxraftstate: 1000
2026/02/24 17:27:34 [Node:1 GID:100 isLeader:false] shardkv server generateSnapshotter raft state size: 717, maxraftstate: 1000
2026/02/24 17:27:34 [Node:2 GID:100 isLeader:false] shardkv server generateSnapshotter raft state size: 717, maxraftstate: 1000
2026/02/24 17:27:34 [Node:0 GID:100 isLeader:true] shardkv server generateSnapshotter raft state size: 717, maxraftstate: 1000
2026/02/24 17:27:34 [Node:1 GID:100 isLeader:false] shardkv server generateSnapshotter raft state size: 717, maxraftstate: 1000
2026/02/24 17:27:34 [Node:0 GID:100 isLeader:true] shardkv server checkGroup key:0, shard:8 shards:map[0:true 1:true 2:true 3:true 4:true 5:true 6:true 7:true 8:true 9:true]
2026/02/24 17:27:34 [Node:0 GID:100] shardkv server get key:0, check param failed Err:ErrWrongGroup
2026/02/24 17:27:34 [Node:2 GID:100 isLeader:false] shardkv server generateSnapshotter raft state size: 717, maxraftstate: 1000
2026/02/24 17:27:34 [Node:0 GID:100 isLeader:true] shardkv server generateSnapshotter raft state size: 717, maxraftstate: 1000
2026/02/24 17:27:34 [Node:1 GID:100 isLeader:false] shardkv server generateSnapshotter raft state size: 717, maxraftstate: 1000
2026/02/24 17:27:34 [Node:2 GID:100 isLeader:false] shardkv server generateSnapshotter raft state size: 717, maxraftstate: 1000
2026/02/24 17:27:34 [Node:0 GID:100 isLeader:true] shardkv server generateSnapshotter raft state size: 717, maxraftstate: 1000
2026/02/24 17:27:34 [Node:1 GID:100 isLeader:false] shardkv server generateSnapshotter raft state size: 717, maxraftstate: 1000
2026/02/24 17:27:34 [Node:0 GID:100 isLeader:true] shardkv server checkGroup key:0, shard:8 shards:map[0:true 1:true 2:true 3:true 4:true 5:true 6:true 7:true 8:true 9:true]
2026/02/24 17:27:34 [Node:0 GID:100] shardkv server get key:0, check param failed Err:ErrWrongGroup
2026/02/24 17:27:34 [Node:2 GID:100 isLeader:false] shardkv server generateSnapshotter raft state size: 717, maxraftstate: 1000
2026/02/24 17:27:34 [Node:0 GID:100 isLeader:true] shardkv server generateSnapshotter raft state size: 717, maxraftstate: 1000
2026/02/24 17:27:34 [Node:1 GID:100 isLeader:false] shardkv server generateSnapshotter raft state size: 717, maxraftstate: 1000
2026/02/24 17:27:34 [Node:2 GID:100 isLeader:false] shardkv server generateSnapshotter raft state size: 717, maxraftstate: 1000
2026/02/24 17:27:34 [Node:0 GID:100 isLeader:true] shardkv server checkGroup key:0, shard:8 shards:map[0:true 1:true 2:true 3:true 4:true 5:true 6:true 7:true 8:true 9:true]
2026/02/24 17:27:34 [Node:0 GID:100] shardkv server get key:0, check param failed Err:ErrWrongGroup
2026/02/24 17:27:34 [Node:0 GID:100 isLeader:true] shardkv server generateSnapshotter raft state size: 717, maxraftstate: 1000
2026/02/24 17:27:34 [Node:1 GID:100 isLeader:false] shardkv server generateSnapshotter raft state size: 717, maxraftstate: 1000
2026/02/24 17:27:34 [Node:2 GID:100 isLeader:false] shardkv server generateSnapshotter raft state size: 717, maxraftstate: 1000
2026/02/24 17:27:34 [Node:0 GID:100 isLeader:true] shardkv server generateSnapshotter raft state size: 717, maxraftstate: 1000
2026/02/24 17:27:34 [Node:1 GID:100 isLeader:false] shardkv server generateSnapshotter raft state size: 717, maxraftstate: 1000
2026/02/24 17:27:34 [Node:0 GID:100 isLeader:true] shardkv server checkGroup key:0, shard:8 shards:map[0:true 1:true 2:true 3:true 4:true 5:true 6:true 7:true 8:true 9:true]
2026/02/24 17:27:34 [Node:0 GID:100] shardkv server get key:0, check param failed Err:ErrWrongGroup
2026/02/24 17:27:34 [Node:2 GID:100 isLeader:false] shardkv server generateSnapshotter raft state size: 717, maxraftstate: 1000
2026/02/24 17:27:34 [Node:0 GID:100 isLeader:true] shardkv server generateSnapshotter raft state size: 717, maxraftstate: 1000
2026/02/24 17:27:35 [Node:1 GID:100 isLeader:false] shardkv server generateSnapshotter raft state size: 717, maxraftstate: 1000
2026/02/24 17:27:35 [Node:2 GID:100 isLeader:false] shardkv server generateSnapshotter raft state size: 717, maxraftstate: 1000
2026/02/24 17:27:35 [Node:0 GID:100 isLeader:true] shardkv server generateSnapshotter raft state size: 717, maxraftstate: 1000
2026/02/24 17:27:35 [Node:1 GID:100 isLeader:false] shardkv server generateSnapshotter raft state size: 717, maxraftstate: 1000
2026/02/24 17:27:35 [Node:0 GID:100 isLeader:true] shardkv server checkGroup key:0, shard:8 shards:map[0:true 1:true 2:true 3:true 4:true 5:true 6:true 7:true 8:true 9:true]
2026/02/24 17:27:35 [Node:0 GID:100] shardkv server get key:0, check param failed Err:ErrWrongGroup
2026/02/24 17:27:35 [Node:2 GID:100 isLeader:false] shardkv server generateSnapshotter raft state size: 717, maxraftstate: 1000
2026/02/24 17:27:35 [Node:0 GID:100 isLeader:true] shardkv server generateSnapshotter raft state size: 717, maxraftstate: 1000
2026/02/24 17:27:35 [Node:1 GID:100 isLeader:false] shardkv server generateSnapshotter raft state size: 717, maxraftstate: 1000
2026/02/24 17:27:35 [Node:2 GID:100 isLeader:false] shardkv server generateSnapshotter raft state size: 717, maxraftstate: 1000
2026/02/24 17:27:35 [Node:0 GID:100 isLeader:true] shardkv server generateSnapshotter raft state size: 717, maxraftstate: 1000
2026/02/24 17:27:35 [Node:0 GID:100 isLeader:true] shardkv server checkGroup key:0, shard:8 shards:map[0:true 1:true 2:true 3:true 4:true 5:true 6:true 7:true 8:true 9:true]
2026/02/24 17:27:35 [Node:0 GID:100] shardkv server get key:0, check param failed Err:ErrWrongGroup
2026/02/24 17:27:35 [Node:1 GID:100 isLeader:false] shardkv server generateSnapshotter raft state size: 717, maxraftstate: 1000
2026/02/24 17:27:35 [Node:2 GID:100 isLeader:false] shardkv server generateSnapshotter raft state size: 717, maxraftstate: 1000
2026/02/24 17:27:35 [Node:0 GID:100 isLeader:true] shardkv server generateSnapshotter raft state size: 717, maxraftstate: 1000
2026/02/24 17:27:35 [Node:1 GID:100 isLeader:false] shardkv server generateSnapshotter raft state size: 717, maxraftstate: 1000
2026/02/24 17:27:35 [Node:0 GID:100 isLeader:true] shardkv server checkGroup key:0, shard:8 shards:map[0:true 1:true 2:true 3:true 4:true 5:true 6:true 7:true 8:true 9:true]
2026/02/24 17:27:35 [Node:0 GID:100] shardkv server get key:0, check param failed Err:ErrWrongGroup
2026/02/24 17:27:35 [Node:2 GID:100 isLeader:false] shardkv server generateSnapshotter raft state size: 717, maxraftstate: 1000
2026/02/24 17:27:35 [Node:0 GID:100 isLeader:true] shardkv server generateSnapshotter raft state size: 717, maxraftstate: 1000
2026/02/24 17:27:35 [Node:1 GID:100 isLeader:false] shardkv server generateSnapshotter raft state size: 717, maxraftstate: 1000
2026/02/24 17:27:35 [Node:2 GID:100 isLeader:false] shardkv server generateSnapshotter raft state size: 717, maxraftstate: 1000
2026/02/24 17:27:35 [Node:0 GID:100 isLeader:true] shardkv server generateSnapshotter raft state size: 717, maxraftstate: 1000
2026/02/24 17:27:35 [Node:1 GID:100 isLeader:false] shardkv server generateSnapshotter raft state size: 717, maxraftstate: 1000
2026/02/24 17:27:35 [Node:0 GID:100 isLeader:true] shardkv server checkGroup key:0, shard:8 shards:map[0:true 1:true 2:true 3:true 4:true 5:true 6:true 7:true 8:true 9:true]
2026/02/24 17:27:35 [Node:0 GID:100] shardkv server get key:0, check param failed Err:ErrWrongGroup
2026/02/24 17:27:35 [Node:2 GID:100 isLeader:false] shardkv server generateSnapshotter raft state size: 717, maxraftstate: 1000
2026/02/24 17:27:35 [Node:0 GID:100 isLeader:true] shardkv server generateSnapshotter raft state size: 717, maxraftstate: 1000
2026/02/24 17:27:35 [Node:1 GID:100 isLeader:false] shardkv server generateSnapshotter raft state size: 717, maxraftstate: 1000
2026/02/24 17:27:35 [Node:2 GID:100 isLeader:false] shardkv server generateSnapshotter raft state size: 717, maxraftstate: 1000
2026/02/24 17:27:35 [Node:0 GID:100 isLeader:true] shardkv server generateSnapshotter raft state size: 717, maxraftstate: 1000
2026/02/24 17:27:35 [Node:1 GID:100 isLeader:false] shardkv server generateSnapshotter raft state size: 717, maxraftstate: 1000
2026/02/24 17:27:35 [Node:0 GID:100 isLeader:true] shardkv server checkGroup key:0, shard:8 shards:map[0:true 1:true 2:true 3:true 4:true 5:true 6:true 7:true 8:true 9:true]
2026/02/24 17:27:35 [Node:0 GID:100] shardkv server get key:0, check param failed Err:ErrWrongGroup
2026/02/24 17:27:35 [Node:2 GID:100 isLeader:false] shardkv server generateSnapshotter raft state size: 717, maxraftstate: 1000
2026/02/24 17:27:35 [Node:0 GID:100 isLeader:true] shardkv server generateSnapshotter raft state size: 717, maxraftstate: 1000
2026/02/24 17:27:35 [Node:1 GID:100 isLeader:false] shardkv server generateSnapshotter raft state size: 717, maxraftstate: 1000
2026/02/24 17:27:35 [Node:2 GID:100 isLeader:false] shardkv server generateSnapshotter raft state size: 717, maxraftstate: 1000
2026/02/24 17:27:35 [Node:0 GID:100 isLeader:true] shardkv server checkGroup key:0, shard:8 shards:map[0:true 1:true 2:true 3:true 4:true 5:true 6:true 7:true 8:true 9:true]
2026/02/24 17:27:35 [Node:0 GID:100] shardkv server get key:0, check param failed Err:ErrWrongGroup
2026/02/24 17:27:35 [Node:0 GID:100 isLeader:true] shardkv server generateSnapshotter raft state size: 717, maxraftstate: 1000
2026/02/24 17:27:36 [Node:1 GID:100 isLeader:false] shardkv server generateSnapshotter raft state size: 717, maxraftstate: 1000
2026/02/24 17:27:36 [Node:2 GID:100 isLeader:false] shardkv server generateSnapshotter raft state size: 717, maxraftstate: 1000
2026/02/24 17:27:36 [Node:0 GID:100 isLeader:true] shardkv server generateSnapshotter raft state size: 717, maxraftstate: 1000
2026/02/24 17:27:36 [Node:1 GID:100 isLeader:false] shardkv server generateSnapshotter raft state size: 717, maxraftstate: 1000
2026/02/24 17:27:36 [Node:0 GID:100 isLeader:true] shardkv server checkGroup key:0, shard:8 shards:map[0:true 1:true 2:true 3:true 4:true 5:true 6:true 7:true 8:true 9:true]
2026/02/24 17:27:36 [Node:0 GID:100] shardkv server get key:0, check param failed Err:ErrWrongGroup
2026/02/24 17:27:36 [Node:2 GID:100 isLeader:false] shardkv server generateSnapshotter raft state size: 717, maxraftstate: 1000
2026/02/24 17:27:36 [Node:0 GID:100 isLeader:true] shardkv server generateSnapshotter raft state size: 717, maxraftstate: 1000
2026/02/24 17:27:36 [Node:1 GID:100 isLeader:false] shardkv server generateSnapshotter raft state size: 717, maxraftstate: 1000
2026/02/24 17:27:36 [Node:2 GID:100 isLeader:false] shardkv server generateSnapshotter raft state size: 717, maxraftstate: 1000
2026/02/24 17:27:36 [Node:0 GID:100 isLeader:true] shardkv server generateSnapshotter raft state size: 717, maxraftstate: 1000
2026/02/24 17:27:36 [Node:1 GID:100 isLeader:false] shardkv server generateSnapshotter raft state size: 717, maxraftstate: 1000
2026/02/24 17:27:36 [Node:0 GID:100 isLeader:true] shardkv server checkGroup key:0, shard:8 shards:map[0:true 1:true 2:true 3:true 4:true 5:true 6:true 7:true 8:true 9:true]
2026/02/24 17:27:36 [Node:0 GID:100] shardkv server get key:0, check param failed Err:ErrWrongGroup
2026/02/24 17:27:36 [Node:2 GID:100 isLeader:false] shardkv server generateSnapshotter raft state size: 717, maxraftstate: 1000
2026/02/24 17:27:36 [Node:0 GID:100 isLeader:true] shardkv server generateSnapshotter raft state size: 717, maxraftstate: 1000
2026/02/24 17:27:36 [Node:1 GID:100 isLeader:false] shardkv server generateSnapshotter raft state size: 717, maxraftstate: 1000
2026/02/24 17:27:36 [Node:2 GID:100 isLeader:false] shardkv server generateSnapshotter raft state size: 717, maxraftstate: 1000
2026/02/24 17:27:36 [Node:0 GID:100 isLeader:true] shardkv server generateSnapshotter raft state size: 717, maxraftstate: 1000
2026/02/24 17:27:36 [Node:0 GID:100 isLeader:true] shardkv server checkGroup key:0, shard:8 shards:map[0:true 1:true 2:true 3:true 4:true 5:true 6:true 7:true 8:true 9:true]
2026/02/24 17:27:36 [Node:0 GID:100] shardkv server get key:0, check param failed Err:ErrWrongGroup
2026/02/24 17:27:36 [Node:1 GID:100 isLeader:false] shardkv server generateSnapshotter raft state size: 717, maxraftstate: 1000
2026/02/24 17:27:36 [Node:2 GID:100 isLeader:false] shardkv server generateSnapshotter raft state size: 717, maxraftstate: 1000
2026/02/24 17:27:36 [Node:0 GID:100 isLeader:true] shardkv server generateSnapshotter raft state size: 717, maxraftstate: 1000
2026/02/24 17:27:36 [Node:1 GID:100 isLeader:false] shardkv server generateSnapshotter raft state size: 717, maxraftstate: 1000
2026/02/24 17:27:36 [Node:2 GID:100 isLeader:false] shardkv server generateSnapshotter raft state size: 717, maxraftstate: 1000
2026/02/24 17:27:36 [Node:0 GID:100 isLeader:true] shardkv server checkGroup key:0, shard:8 shards:map[0:true 1:true 2:true 3:true 4:true 5:true 6:true 7:true 8:true 9:true]
2026/02/24 17:27:36 [Node:0 GID:100] shardkv server get key:0, check param failed Err:ErrWrongGroup
2026/02/24 17:27:36 [Node:0 GID:100 isLeader:true] shardkv server generateSnapshotter raft state size: 717, maxraftstate: 1000
2026/02/24 17:27:36 [Node:1 GID:100 isLeader:false] shardkv server generateSnapshotter raft state size: 717, maxraftstate: 1000
2026/02/24 17:27:36 [Node:2 GID:100 isLeader:false] shardkv server generateSnapshotter raft state size: 717, maxraftstate: 1000
2026/02/24 17:27:36 [Node:0 GID:100 isLeader:true] shardkv server generateSnapshotter raft state size: 717, maxraftstate: 1000
2026/02/24 17:27:36 [Node:1 GID:100 isLeader:false] shardkv server generateSnapshotter raft state size: 717, maxraftstate: 1000
2026/02/24 17:27:36 [Node:0 GID:100 isLeader:true] shardkv server checkGroup key:0, shard:8 shards:map[0:true 1:true 2:true 3:true 4:true 5:true 6:true 7:true 8:true 9:true]
2026/02/24 17:27:36 [Node:0 GID:100] shardkv server get key:0, check param failed Err:ErrWrongGroup
2026/02/24 17:27:36 [Node:2 GID:100 isLeader:false] shardkv server generateSnapshotter raft state size: 717, maxraftstate: 1000
2026/02/24 17:27:36 [Node:0 GID:100 isLeader:true] shardkv server generateSnapshotter raft state size: 717, maxraftstate: 1000
2026/02/24 17:27:36 [Node:1 GID:100 isLeader:false] shardkv server generateSnapshotter raft state size: 717, maxraftstate: 1000
2026/02/24 17:27:36 [Node:2 GID:100 isLeader:false] shardkv server generateSnapshotter raft state size: 717, maxraftstate: 1000
2026/02/24 17:27:37 [Node:0 GID:100 isLeader:true] shardkv server generateSnapshotter raft state size: 717, maxraftstate: 1000
2026/02/24 17:27:37 [Node:1 GID:100 isLeader:false] shardkv server generateSnapshotter raft state size: 717, maxraftstate: 1000
2026/02/24 17:27:37 [Node:0 GID:100 isLeader:true] shardkv server checkGroup key:0, shard:8 shards:map[0:true 1:true 2:true 3:true 4:true 5:true 6:true 7:true 8:true 9:true]
2026/02/24 17:27:37 [Node:0 GID:100] shardkv server get key:0, check param failed Err:ErrWrongGroup
2026/02/24 17:27:37 [Node:2 GID:100 isLeader:false] shardkv server generateSnapshotter raft state size: 717, maxraftstate: 1000
2026/02/24 17:27:37 [Node:0 GID:100 isLeader:true] shardkv server generateSnapshotter raft state size: 717, maxraftstate: 1000
2026/02/24 17:27:37 [Node:1 GID:100 isLeader:false] shardkv server generateSnapshotter raft state size: 717, maxraftstate: 1000
2026/02/24 17:27:37 [Node:2 GID:100 isLeader:false] shardkv server generateSnapshotter raft state size: 717, maxraftstate: 1000
2026/02/24 17:27:37 [Node:0 GID:100 isLeader:true] shardkv server generateSnapshotter raft state size: 717, maxraftstate: 1000
2026/02/24 17:27:37 [Node:1 GID:100 isLeader:false] shardkv server generateSnapshotter raft state size: 717, maxraftstate: 1000
2026/02/24 17:27:37 [Node:0 GID:100 isLeader:true] shardkv server checkGroup key:0, shard:8 shards:map[0:true 1:true 2:true 3:true 4:true 5:true 6:true 7:true 8:true 9:true]
2026/02/24 17:27:37 [Node:0 GID:100] shardkv server get key:0, check param failed Err:ErrWrongGroup
2026/02/24 17:27:37 [Node:2 GID:100 isLeader:false] shardkv server generateSnapshotter raft state size: 717, maxraftstate: 1000
2026/02/24 17:27:37 [Node:0 GID:100 isLeader:true] shardkv server generateSnapshotter raft state size: 717, maxraftstate: 1000
2026/02/24 17:27:37 [Node:1 GID:100 isLeader:false] shardkv server generateSnapshotter raft state size: 717, maxraftstate: 1000
2026/02/24 17:27:37 [Node:2 GID:100 isLeader:false] shardkv server generateSnapshotter raft state size: 717, maxraftstate: 1000
2026/02/24 17:27:37 [Node:0 GID:100 isLeader:true] shardkv server generateSnapshotter raft state size: 717, maxraftstate: 1000
2026/02/24 17:27:37 [Node:1 GID:100 isLeader:false] shardkv server generateSnapshotter raft state size: 717, maxraftstate: 1000
2026/02/24 17:27:37 [Node:0 GID:100 isLeader:true] shardkv server checkGroup key:0, shard:8 shards:map[0:true 1:true 2:true 3:true 4:true 5:true 6:true 7:true 8:true 9:true]
2026/02/24 17:27:37 [Node:0 GID:100] shardkv server get key:0, check param failed Err:ErrWrongGroup
2026/02/24 17:27:37 [Node:0 GID:100 isLeader:true] shardkv server generateSnapshotter raft state size: 717, maxraftstate: 1000
2026/02/24 17:27:37 [Node:2 GID:100 isLeader:false] shardkv server generateSnapshotter raft state size: 717, maxraftstate: 1000
2026/02/24 17:27:37 [Node:1 GID:100 isLeader:false] shardkv server generateSnapshotter raft state size: 717, maxraftstate: 1000
2026/02/24 17:27:37 [Node:2 GID:100 isLeader:false] shardkv server generateSnapshotter raft state size: 717, maxraftstate: 1000
2026/02/24 17:27:37 [Node:0 GID:100 isLeader:true] shardkv server generateSnapshotter raft state size: 717, maxraftstate: 1000
2026/02/24 17:27:37 [Node:1 GID:100 isLeader:false] shardkv server generateSnapshotter raft state size: 717, maxraftstate: 1000
2026/02/24 17:27:37 [Node:0 GID:100 isLeader:true] shardkv server checkGroup key:0, shard:8 shards:map[0:true 1:true 2:true 3:true 4:true 5:true 6:true 7:true 8:true 9:true]
2026/02/24 17:27:37 [Node:0 GID:100] shardkv server get key:0, check param failed Err:ErrWrongGroup
2026/02/24 17:27:37 [Node:0 GID:100 isLeader:true] shardkv server generateSnapshotter raft state size: 717, maxraftstate: 1000
2026/02/24 17:27:37 [Node:2 GID:100 isLeader:false] shardkv server generateSnapshotter raft state size: 717, maxraftstate: 1000
2026/02/24 17:27:37 [Node:1 GID:100 isLeader:false] shardkv server generateSnapshotter raft state size: 717, maxraftstate: 1000
2026/02/24 17:27:37 [Node:2 GID:100 isLeader:false] shardkv server generateSnapshotter raft state size: 717, maxraftstate: 1000
2026/02/24 17:27:37 [Node:0 GID:100 isLeader:true] shardkv server generateSnapshotter raft state size: 717, maxraftstate: 1000
2026/02/24 17:27:37 [Node:0 GID:100 isLeader:true] shardkv server checkGroup key:0, shard:8 shards:map[0:true 1:true 2:true 3:true 4:true 5:true 6:true 7:true 8:true 9:true]
2026/02/24 17:27:37 [Node:0 GID:100] shardkv server get key:0, check param failed Err:ErrWrongGroup
2026/02/24 17:27:37 [Node:1 GID:100 isLeader:false] shardkv server generateSnapshotter raft state size: 717, maxraftstate: 1000
2026/02/24 17:27:37 [Node:2 GID:100 isLeader:false] shardkv server generateSnapshotter raft state size: 717, maxraftstate: 1000
2026/02/24 17:27:37 [Node:0 GID:100 isLeader:true] shardkv server generateSnapshotter raft state size: 717, maxraftstate: 1000
2026/02/24 17:27:37 [Node:1 GID:100 isLeader:false] shardkv server generateSnapshotter raft state size: 717, maxraftstate: 1000
2026/02/24 17:27:38 [Node:0 GID:100 isLeader:true] shardkv server checkGroup key:0, shard:8 shards:map[0:true 1:true 2:true 3:true 4:true 5:true 6:true 7:true 8:true 9:true]
2026/02/24 17:27:38 [Node:0 GID:100] shardkv server get key:0, check param failed Err:ErrWrongGroup
2026/02/24 17:27:38 [Node:0 GID:100 isLeader:true] shardkv server generateSnapshotter raft state size: 717, maxraftstate: 1000
2026/02/24 17:27:38 [Node:2 GID:100 isLeader:false] shardkv server generateSnapshotter raft state size: 717, maxraftstate: 1000
2026/02/24 17:27:38 [Node:1 GID:100 isLeader:false] shardkv server generateSnapshotter raft state size: 717, maxraftstate: 1000
2026/02/24 17:27:38 [Node:0 GID:100 isLeader:true] shardkv server generateSnapshotter raft state size: 717, maxraftstate: 1000
2026/02/24 17:27:38 [Node:2 GID:100 isLeader:false] shardkv server generateSnapshotter raft state size: 717, maxraftstate: 1000
2026/02/24 17:27:38 [Node:1 GID:100 isLeader:false] shardkv server generateSnapshotter raft state size: 717, maxraftstate: 1000
2026/02/24 17:27:38 [Node:0 GID:100 isLeader:true] shardkv server checkGroup key:0, shard:8 shards:map[0:true 1:true 2:true 3:true 4:true 5:true 6:true 7:true 8:true 9:true]
2026/02/24 17:27:38 [Node:0 GID:100] shardkv server get key:0, check param failed Err:ErrWrongGroup
2026/02/24 17:27:38 [Node:2 GID:100 isLeader:false] shardkv server generateSnapshotter raft state size: 717, maxraftstate: 1000
2026/02/24 17:27:38 [Node:0 GID:100 isLeader:true] shardkv server generateSnapshotter raft state size: 717, maxraftstate: 1000
2026/02/24 17:27:38 [Node:1 GID:100 isLeader:false] shardkv server generateSnapshotter raft state size: 717, maxraftstate: 1000
2026/02/24 17:27:38 [Node:0 GID:100 isLeader:true] shardkv server generateSnapshotter raft state size: 717, maxraftstate: 1000
2026/02/24 17:27:38 [Node:2 GID:100 isLeader:false] shardkv server generateSnapshotter raft state size: 717, maxraftstate: 1000
2026/02/24 17:27:38 [Node:1 GID:100 isLeader:false] shardkv server generateSnapshotter raft state size: 717, maxraftstate: 1000
2026/02/24 17:27:38 [Node:0 GID:100 isLeader:true] shardkv server checkGroup key:0, shard:8 shards:map[0:true 1:true 2:true 3:true 4:true 5:true 6:true 7:true 8:true 9:true]
2026/02/24 17:27:38 [Node:0 GID:100] shardkv server get key:0, check param failed Err:ErrWrongGroup
2026/02/24 17:27:38 [Node:0 GID:100 isLeader:true] shardkv server generateSnapshotter raft state size: 717, maxraftstate: 1000
2026/02/24 17:27:38 [Node:2 GID:100 isLeader:false] shardkv server generateSnapshotter raft state size: 717, maxraftstate: 1000
2026/02/24 17:27:38 [Node:1 GID:100 isLeader:false] shardkv server generateSnapshotter raft state size: 717, maxraftstate: 1000
2026/02/24 17:27:38 [Node:0 GID:100 isLeader:true] shardkv server generateSnapshotter raft state size: 717, maxraftstate: 1000
2026/02/24 17:27:38 [Node:2 GID:100 isLeader:false] shardkv server generateSnapshotter raft state size: 717, maxraftstate: 1000
2026/02/24 17:27:38 [Node:1 GID:100 isLeader:false] shardkv server generateSnapshotter raft state size: 717, maxraftstate: 1000
2026/02/24 17:27:38 [Node:0 GID:100 isLeader:true] shardkv server checkGroup key:0, shard:8 shards:map[0:true 1:true 2:true 3:true 4:true 5:true 6:true 7:true 8:true 9:true]
2026/02/24 17:27:38 [Node:0 GID:100] shardkv server get key:0, check param failed Err:ErrWrongGroup
2026/02/24 17:27:38 [Node:2 GID:100 isLeader:false] shardkv server generateSnapshotter raft state size: 717, maxraftstate: 1000
2026/02/24 17:27:38 [Node:0 GID:100 isLeader:true] shardkv server generateSnapshotter raft state size: 717, maxraftstate: 1000
2026/02/24 17:27:38 [Node:1 GID:100 isLeader:false] shardkv server generateSnapshotter raft state size: 717, maxraftstate: 1000
2026/02/24 17:27:38 [Node:2 GID:100 isLeader:false] shardkv server generateSnapshotter raft state size: 717, maxraftstate: 1000
2026/02/24 17:27:38 [Node:0 GID:100 isLeader:true] shardkv server generateSnapshotter raft state size: 717, maxraftstate: 1000
2026/02/24 17:27:38 [Node:0 GID:100 isLeader:true] shardkv server checkGroup key:0, shard:8 shards:map[0:true 1:true 2:true 3:true 4:true 5:true 6:true 7:true 8:true 9:true]
2026/02/24 17:27:38 [Node:0 GID:100] shardkv server get key:0, check param failed Err:ErrWrongGroup
2026/02/24 17:27:38 [Node:1 GID:100 isLeader:false] shardkv server generateSnapshotter raft state size: 717, maxraftstate: 1000
2026/02/24 17:27:38 [Node:0 GID:100 isLeader:true] shardkv server generateSnapshotter raft state size: 717, maxraftstate: 1000
2026/02/24 17:27:38 [Node:2 GID:100 isLeader:false] shardkv server generateSnapshotter raft state size: 717, maxraftstate: 1000
2026/02/24 17:27:38 [Node:1 GID:100 isLeader:false] shardkv server generateSnapshotter raft state size: 717, maxraftstate: 1000
2026/02/24 17:27:38 [Node:0 GID:100 isLeader:true] shardkv server checkGroup key:0, shard:8 shards:map[0:true 1:true 2:true 3:true 4:true 5:true 6:true 7:true 8:true 9:true]
2026/02/24 17:27:38 [Node:0 GID:100] shardkv server get key:0, check param failed Err:ErrWrongGroup
2026/02/24 17:27:38 [Node:0 GID:100 isLeader:true] shardkv server generateSnapshotter raft state size: 717, maxraftstate: 1000
2026/02/24 17:27:38 [Node:2 GID:100 isLeader:false] shardkv server generateSnapshotter raft state size: 717, maxraftstate: 1000
2026/02/24 17:27:38 [Node:1 GID:100 isLeader:false] shardkv server generateSnapshotter raft state size: 717, maxraftstate: 1000
2026/02/24 17:27:39 [Node:2 GID:100 isLeader:false] shardkv server generateSnapshotter raft state size: 717, maxraftstate: 1000
2026/02/24 17:27:39 [Node:0 GID:100 isLeader:true] shardkv server generateSnapshotter raft state size: 717, maxraftstate: 1000
2026/02/24 17:27:39 [Node:1 GID:100 isLeader:false] shardkv server generateSnapshotter raft state size: 717, maxraftstate: 1000
2026/02/24 17:27:39 [Node:0 GID:100 isLeader:true] shardkv server checkGroup key:0, shard:8 shards:map[0:true 1:true 2:true 3:true 4:true 5:true 6:true 7:true 8:true 9:true]
2026/02/24 17:27:39 [Node:0 GID:100] shardkv server get key:0, check param failed Err:ErrWrongGroup
2026/02/24 17:27:39 [Node:2 GID:100 isLeader:false] shardkv server generateSnapshotter raft state size: 717, maxraftstate: 1000
2026/02/24 17:27:39 [Node:0 GID:100 isLeader:true] shardkv server generateSnapshotter raft state size: 717, maxraftstate: 1000
2026/02/24 17:27:39 [Node:1 GID:100 isLeader:false] shardkv server generateSnapshotter raft state size: 717, maxraftstate: 1000
2026/02/24 17:27:39 [Node:2 GID:100 isLeader:false] shardkv server generateSnapshotter raft state size: 717, maxraftstate: 1000
2026/02/24 17:27:39 [Node:0 GID:100 isLeader:true] shardkv server generateSnapshotter raft state size: 717, maxraftstate: 1000
2026/02/24 17:27:39 [Node:1 GID:100 isLeader:false] shardkv server generateSnapshotter raft state size: 717, maxraftstate: 1000
2026/02/24 17:27:39 [Node:0 GID:100 isLeader:true] shardkv server checkGroup key:0, shard:8 shards:map[0:true 1:true 2:true 3:true 4:true 5:true 6:true 7:true 8:true 9:true]
2026/02/24 17:27:39 [Node:0 GID:100] shardkv server get key:0, check param failed Err:ErrWrongGroup
2026/02/24 17:27:39 [Node:0 GID:100 isLeader:true] shardkv server generateSnapshotter raft state size: 717, maxraftstate: 1000
2026/02/24 17:27:39 [Node:2 GID:100 isLeader:false] shardkv server generateSnapshotter raft state size: 717, maxraftstate: 1000
2026/02/24 17:27:39 [Node:1 GID:100 isLeader:false] shardkv server generateSnapshotter raft state size: 717, maxraftstate: 1000
2026/02/24 17:27:39 [Node:0 GID:100 isLeader:true] shardkv server generateSnapshotter raft state size: 717, maxraftstate: 1000
2026/02/24 17:27:39 [Node:2 GID:100 isLeader:false] shardkv server generateSnapshotter raft state size: 717, maxraftstate: 1000
2026/02/24 17:27:39 [Node:0 GID:100 isLeader:true] shardkv server checkGroup key:0, shard:8 shards:map[0:true 1:true 2:true 3:true 4:true 5:true 6:true 7:true 8:true 9:true]
2026/02/24 17:27:39 [Node:0 GID:100] shardkv server get key:0, check param failed Err:ErrWrongGroup
2026/02/24 17:27:39 [Node:1 GID:100 isLeader:false] shardkv server generateSnapshotter raft state size: 717, maxraftstate: 1000
2026/02/24 17:27:39 [Node:2 GID:100 isLeader:false] shardkv server generateSnapshotter raft state size: 717, maxraftstate: 1000
2026/02/24 17:27:39 [Node:0 GID:100 isLeader:true] shardkv server generateSnapshotter raft state size: 717, maxraftstate: 1000
2026/02/24 17:27:39 [Node:1 GID:100 isLeader:false] shardkv server generateSnapshotter raft state size: 717, maxraftstate: 1000
2026/02/24 17:27:39 [Node:0 GID:100 isLeader:true] shardkv server checkGroup key:0, shard:8 shards:map[0:true 1:true 2:true 3:true 4:true 5:true 6:true 7:true 8:true 9:true]
2026/02/24 17:27:39 [Node:0 GID:100] shardkv server get key:0, check param failed Err:ErrWrongGroup
2026/02/24 17:27:39 [Node:0 GID:100 isLeader:true] shardkv server generateSnapshotter raft state size: 717, maxraftstate: 1000
2026/02/24 17:27:39 [Node:2 GID:100 isLeader:false] shardkv server generateSnapshotter raft state size: 717, maxraftstate: 1000
2026/02/24 17:27:39 [Node:1 GID:100 isLeader:false] shardkv server generateSnapshotter raft state size: 717, maxraftstate: 1000
2026/02/24 17:27:39 [Node:2 GID:100 isLeader:false] shardkv server generateSnapshotter raft state size: 717, maxraftstate: 1000
2026/02/24 17:27:39 [Node:0 GID:100 isLeader:true] shardkv server generateSnapshotter raft state size: 717, maxraftstate: 1000
2026/02/24 17:27:39 [Node:1 GID:100 isLeader:false] shardkv server generateSnapshotter raft state size: 717, maxraftstate: 1000
2026/02/24 17:27:39 [Node:0 GID:100 isLeader:true] shardkv server checkGroup key:0, shard:8 shards:map[0:true 1:true 2:true 3:true 4:true 5:true 6:true 7:true 8:true 9:true]
2026/02/24 17:27:39 [Node:0 GID:100] shardkv server get key:0, check param failed Err:ErrWrongGroup
2026/02/24 17:27:39 [Node:0 GID:100 isLeader:true] shardkv server generateSnapshotter raft state size: 717, maxraftstate: 1000
2026/02/24 17:27:39 [Node:2 GID:100 isLeader:false] shardkv server generateSnapshotter raft state size: 717, maxraftstate: 1000
2026/02/24 17:27:39 [Node:1 GID:100 isLeader:false] shardkv server generateSnapshotter raft state size: 717, maxraftstate: 1000
2026/02/24 17:27:39 [Node:2 GID:100 isLeader:false] shardkv server generateSnapshotter raft state size: 717, maxraftstate: 1000
2026/02/24 17:27:39 [Node:0 GID:100 isLeader:true] shardkv server generateSnapshotter raft state size: 717, maxraftstate: 1000
2026/02/24 17:27:39 [Node:1 GID:100 isLeader:false] shardkv server generateSnapshotter raft state size: 717, maxraftstate: 1000
2026/02/24 17:27:39 [Node:0 GID:100 isLeader:true] shardkv server checkGroup key:0, shard:8 shards:map[0:true 1:true 2:true 3:true 4:true 5:true 6:true 7:true 8:true 9:true]
2026/02/24 17:27:39 [Node:0 GID:100] shardkv server get key:0, check param failed Err:ErrWrongGroup
2026/02/24 17:27:40 [Node:2 GID:100 isLeader:false] shardkv server generateSnapshotter raft state size: 717, maxraftstate: 1000
2026/02/24 17:27:40 [Node:0 GID:100 isLeader:true] shardkv server generateSnapshotter raft state size: 717, maxraftstate: 1000
2026/02/24 17:27:40 [Node:1 GID:100 isLeader:false] shardkv server generateSnapshotter raft state size: 717, maxraftstate: 1000
2026/02/24 17:27:40 [Node:2 GID:100 isLeader:false] shardkv server generateSnapshotter raft state size: 717, maxraftstate: 1000
2026/02/24 17:27:40 [Node:0 GID:100 isLeader:true] shardkv server generateSnapshotter raft state size: 717, maxraftstate: 1000
2026/02/24 17:27:40 [Node:1 GID:100 isLeader:false] shardkv server generateSnapshotter raft state size: 717, maxraftstate: 1000
2026/02/24 17:27:40 [Node:0 GID:100 isLeader:true] shardkv server checkGroup key:0, shard:8 shards:map[0:true 1:true 2:true 3:true 4:true 5:true 6:true 7:true 8:true 9:true]
2026/02/24 17:27:40 [Node:0 GID:100] shardkv server get key:0, check param failed Err:ErrWrongGroup
2026/02/24 17:27:40 [Node:0 GID:100 isLeader:true] shardkv server generateSnapshotter raft state size: 717, maxraftstate: 1000
2026/02/24 17:27:40 [Node:2 GID:100 isLeader:false] shardkv server generateSnapshotter raft state size: 717, maxraftstate: 1000
2026/02/24 17:27:40 [Node:1 GID:100 isLeader:false] shardkv server generateSnapshotter raft state size: 717, maxraftstate: 1000
2026/02/24 17:27:40 [Node:0 GID:100 isLeader:true] shardkv server generateSnapshotter raft state size: 717, maxraftstate: 1000
2026/02/24 17:27:40 [Node:2 GID:100 isLeader:false] shardkv server generateSnapshotter raft state size: 717, maxraftstate: 1000
2026/02/24 17:27:40 [Node:0 GID:100 isLeader:true] shardkv server checkGroup key:0, shard:8 shards:map[0:true 1:true 2:true 3:true 4:true 5:true 6:true 7:true 8:true 9:true]
2026/02/24 17:27:40 [Node:0 GID:100] shardkv server get key:0, check param failed Err:ErrWrongGroup
2026/02/24 17:27:40 [Node:1 GID:100 isLeader:false] shardkv server generateSnapshotter raft state size: 717, maxraftstate: 1000
2026/02/24 17:27:40 [Node:0 GID:100 isLeader:true] shardkv server generateSnapshotter raft state size: 717, maxraftstate: 1000
2026/02/24 17:27:40 [Node:2 GID:100 isLeader:false] shardkv server generateSnapshotter raft state size: 717, maxraftstate: 1000
2026/02/24 17:27:40 [Node:1 GID:100 isLeader:false] shardkv server generateSnapshotter raft state size: 717, maxraftstate: 1000
2026/02/24 17:27:40 [Node:0 GID:100 isLeader:true] shardkv server checkGroup key:0, shard:8 shards:map[0:true 1:true 2:true 3:true 4:true 5:true 6:true 7:true 8:true 9:true]
2026/02/24 17:27:40 [Node:0 GID:100] shardkv server get key:0, check param failed Err:ErrWrongGroup
2026/02/24 17:27:40 [Node:0 GID:100 isLeader:true] shardkv server generateSnapshotter raft state size: 717, maxraftstate: 1000
2026/02/24 17:27:40 [Node:2 GID:100 isLeader:false] shardkv server generateSnapshotter raft state size: 717, maxraftstate: 1000
2026/02/24 17:27:40 [Node:1 GID:100 isLeader:false] shardkv server generateSnapshotter raft state size: 717, maxraftstate: 1000
2026/02/24 17:27:40 [Node:2 GID:100 isLeader:false] shardkv server generateSnapshotter raft state size: 717, maxraftstate: 1000
2026/02/24 17:27:40 [Node:0 GID:100 isLeader:true] shardkv server generateSnapshotter raft state size: 717, maxraftstate: 1000
2026/02/24 17:27:40 [Node:1 GID:100 isLeader:false] shardkv server generateSnapshotter raft state size: 717, maxraftstate: 1000
2026/02/24 17:27:40 [Node:0 GID:100 isLeader:true] shardkv server checkGroup key:0, shard:8 shards:map[0:true 1:true 2:true 3:true 4:true 5:true 6:true 7:true 8:true 9:true]
2026/02/24 17:27:40 [Node:0 GID:100] shardkv server get key:0, check param failed Err:ErrWrongGroup
2026/02/24 17:27:40 [Node:2 GID:100 isLeader:false] shardkv server generateSnapshotter raft state size: 717, maxraftstate: 1000
2026/02/24 17:27:40 [Node:0 GID:100 isLeader:true] shardkv server generateSnapshotter raft state size: 717, maxraftstate: 1000
2026/02/24 17:27:40 [Node:1 GID:100 isLeader:false] shardkv server generateSnapshotter raft state size: 717, maxraftstate: 1000
2026/02/24 17:27:40 [Node:2 GID:100 isLeader:false] shardkv server generateSnapshotter raft state size: 717, maxraftstate: 1000
2026/02/24 17:27:40 [Node:0 GID:100 isLeader:true] shardkv server generateSnapshotter raft state size: 717, maxraftstate: 1000
2026/02/24 17:27:40 [Node:1 GID:100 isLeader:false] shardkv server generateSnapshotter raft state size: 717, maxraftstate: 1000
2026/02/24 17:27:40 [Node:0 GID:100 isLeader:true] shardkv server checkGroup key:0, shard:8 shards:map[0:true 1:true 2:true 3:true 4:true 5:true 6:true 7:true 8:true 9:true]
2026/02/24 17:27:40 [Node:0 GID:100] shardkv server get key:0, check param failed Err:ErrWrongGroup
2026/02/24 17:27:40 [Node:2 GID:100 isLeader:false] shardkv server generateSnapshotter raft state size: 717, maxraftstate: 1000
2026/02/24 17:27:40 [Node:0 GID:100 isLeader:true] shardkv server generateSnapshotter raft state size: 717, maxraftstate: 1000
2026/02/24 17:27:40 [Node:1 GID:100 isLeader:false] shardkv server generateSnapshotter raft state size: 717, maxraftstate: 1000
2026/02/24 17:27:41 [Node:0 GID:100 isLeader:true] shardkv server generateSnapshotter raft state size: 717, maxraftstate: 1000
2026/02/24 17:27:41 [Node:2 GID:100 isLeader:false] shardkv server generateSnapshotter raft state size: 717, maxraftstate: 1000
2026/02/24 17:27:41 [Node:1 GID:100 isLeader:false] shardkv server generateSnapshotter raft state size: 717, maxraftstate: 1000
2026/02/24 17:27:41 [Node:0 GID:100 isLeader:true] shardkv server checkGroup key:0, shard:8 shards:map[0:true 1:true 2:true 3:true 4:true 5:true 6:true 7:true 8:true 9:true]
2026/02/24 17:27:41 [Node:0 GID:100] shardkv server get key:0, check param failed Err:ErrWrongGroup
2026/02/24 17:27:41 [Node:2 GID:100 isLeader:false] shardkv server generateSnapshotter raft state size: 717, maxraftstate: 1000
2026/02/24 17:27:41 [Node:0 GID:100 isLeader:true] shardkv server generateSnapshotter raft state size: 717, maxraftstate: 1000
2026/02/24 17:27:41 [Node:1 GID:100 isLeader:false] shardkv server generateSnapshotter raft state size: 717, maxraftstate: 1000
2026/02/24 17:27:41 [Node:2 GID:100 isLeader:false] shardkv server generateSnapshotter raft state size: 717, maxraftstate: 1000
2026/02/24 17:27:41 [Node:0 GID:100 isLeader:true] shardkv server generateSnapshotter raft state size: 717, maxraftstate: 1000
2026/02/24 17:27:41 [Node:0 GID:100 isLeader:true] shardkv server checkGroup key:0, shard:8 shards:map[0:true 1:true 2:true 3:true 4:true 5:true 6:true 7:true 8:true 9:true]
2026/02/24 17:27:41 [Node:0 GID:100] shardkv server get key:0, check param failed Err:ErrWrongGroup
2026/02/24 17:27:41 [Node:1 GID:100 isLeader:false] shardkv server generateSnapshotter raft state size: 717, maxraftstate: 1000
2026/02/24 17:27:41 [Node:2 GID:100 isLeader:false] shardkv server generateSnapshotter raft state size: 717, maxraftstate: 1000
2026/02/24 17:27:41 [Node:0 GID:100 isLeader:true] shardkv server generateSnapshotter raft state size: 717, maxraftstate: 1000
2026/02/24 17:27:41 [Node:1 GID:100 isLeader:false] shardkv server generateSnapshotter raft state size: 717, maxraftstate: 1000
2026/02/24 17:27:41 [Node:0 GID:100 isLeader:true] shardkv server checkGroup key:0, shard:8 shards:map[0:true 1:true 2:true 3:true 4:true 5:true 6:true 7:true 8:true 9:true]
2026/02/24 17:27:41 [Node:0 GID:100] shardkv server get key:0, check param failed Err:ErrWrongGroup
2026/02/24 17:27:41 [Node:0 GID:100 isLeader:true] shardkv server generateSnapshotter raft state size: 717, maxraftstate: 1000
2026/02/24 17:27:41 [Node:2 GID:100 isLeader:false] shardkv server generateSnapshotter raft state size: 717, maxraftstate: 1000
2026/02/24 17:27:41 [Node:1 GID:100 isLeader:false] shardkv server generateSnapshotter raft state size: 717, maxraftstate: 1000
2026/02/24 17:27:41 [Node:2 GID:100 isLeader:false] shardkv server generateSnapshotter raft state size: 717, maxraftstate: 1000
2026/02/24 17:27:41 [Node:0 GID:100 isLeader:true] shardkv server generateSnapshotter raft state size: 717, maxraftstate: 1000
2026/02/24 17:27:41 [Node:1 GID:100 isLeader:false] shardkv server generateSnapshotter raft state size: 717, maxraftstate: 1000
2026/02/24 17:27:41 [Node:0 GID:100 isLeader:true] shardkv server checkGroup key:0, shard:8 shards:map[0:true 1:true 2:true 3:true 4:true 5:true 6:true 7:true 8:true 9:true]
2026/02/24 17:27:41 [Node:0 GID:100] shardkv server get key:0, check param failed Err:ErrWrongGroup
2026/02/24 17:27:41 [Node:2 GID:100 isLeader:false] shardkv server generateSnapshotter raft state size: 717, maxraftstate: 1000
2026/02/24 17:27:41 [Node:0 GID:100 isLeader:true] shardkv server generateSnapshotter raft state size: 717, maxraftstate: 1000
2026/02/24 17:27:41 [Node:1 GID:100 isLeader:false] shardkv server generateSnapshotter raft state size: 717, maxraftstate: 1000
2026/02/24 17:27:41 [Node:0 GID:100 isLeader:true] shardkv server generateSnapshotter raft state size: 717, maxraftstate: 1000
2026/02/24 17:27:41 [Node:2 GID:100 isLeader:false] shardkv server generateSnapshotter raft state size: 717, maxraftstate: 1000
2026/02/24 17:27:41 [Node:1 GID:100 isLeader:false] shardkv server generateSnapshotter raft state size: 717, maxraftstate: 1000
2026/02/24 17:27:41 [Node:0 GID:100 isLeader:true] shardkv server checkGroup key:0, shard:8 shards:map[0:true 1:true 2:true 3:true 4:true 5:true 6:true 7:true 8:true 9:true]
2026/02/24 17:27:41 [Node:0 GID:100] shardkv server get key:0, check param failed Err:ErrWrongGroup
2026/02/24 17:27:41 [Node:0 GID:100 isLeader:true] shardkv server generateSnapshotter raft state size: 717, maxraftstate: 1000
2026/02/24 17:27:41 [Node:2 GID:100 isLeader:false] shardkv server generateSnapshotter raft state size: 717, maxraftstate: 1000
2026/02/24 17:27:41 [Node:1 GID:100 isLeader:false] shardkv server generateSnapshotter raft state size: 717, maxraftstate: 1000
2026/02/24 17:27:41 [Node:0 GID:100 isLeader:true] shardkv server generateSnapshotter raft state size: 717, maxraftstate: 1000
2026/02/24 17:27:41 [Node:2 GID:100 isLeader:false] shardkv server generateSnapshotter raft state size: 717, maxraftstate: 1000
2026/02/24 17:27:41 [Node:1 GID:100 isLeader:false] shardkv server generateSnapshotter raft state size: 717, maxraftstate: 1000
2026/02/24 17:27:41 [Node:0 GID:100 isLeader:true] shardkv server checkGroup key:0, shard:8 shards:map[0:true 1:true 2:true 3:true 4:true 5:true 6:true 7:true 8:true 9:true]
2026/02/24 17:27:41 [Node:0 GID:100] shardkv server get key:0, check param failed Err:ErrWrongGroup
2026/02/24 17:27:42 [Node:0 GID:100 isLeader:true] shardkv server generateSnapshotter raft state size: 717, maxraftstate: 1000
2026/02/24 17:27:42 [Node:2 GID:100 isLeader:false] shardkv server generateSnapshotter raft state size: 717, maxraftstate: 1000
2026/02/24 17:27:42 [Node:1 GID:100 isLeader:false] shardkv server generateSnapshotter raft state size: 717, maxraftstate: 1000
2026/02/24 17:27:42 [Node:2 GID:100 isLeader:false] shardkv server generateSnapshotter raft state size: 717, maxraftstate: 1000
2026/02/24 17:27:42 [Node:0 GID:100 isLeader:true] shardkv server generateSnapshotter raft state size: 717, maxraftstate: 1000
2026/02/24 17:27:42 [Node:1 GID:100 isLeader:false] shardkv server generateSnapshotter raft state size: 717, maxraftstate: 1000
2026/02/24 17:27:42 [Node:0 GID:100 isLeader:true] shardkv server checkGroup key:0, shard:8 shards:map[0:true 1:true 2:true 3:true 4:true 5:true 6:true 7:true 8:true 9:true]
2026/02/24 17:27:42 [Node:0 GID:100] shardkv server get key:0, check param failed Err:ErrWrongGroup
2026/02/24 17:27:42 [Node:2 GID:100 isLeader:false] shardkv server generateSnapshotter raft state size: 717, maxraftstate: 1000
2026/02/24 17:27:42 [Node:0 GID:100 isLeader:true] shardkv server generateSnapshotter raft state size: 717, maxraftstate: 1000
2026/02/24 17:27:42 [Node:1 GID:100 isLeader:false] shardkv server generateSnapshotter raft state size: 717, maxraftstate: 1000
2026/02/24 17:27:42 [Node:0 GID:100 isLeader:true] shardkv server generateSnapshotter raft state size: 717, maxraftstate: 1000
2026/02/24 17:27:42 [Node:2 GID:100 isLeader:false] shardkv server generateSnapshotter raft state size: 717, maxraftstate: 1000
2026/02/24 17:27:42 [Node:0 GID:100 isLeader:true] shardkv server checkGroup key:0, shard:8 shards:map[0:true 1:true 2:true 3:true 4:true 5:true 6:true 7:true 8:true 9:true]
2026/02/24 17:27:42 [Node:0 GID:100] shardkv server get key:0, check param failed Err:ErrWrongGroup
2026/02/24 17:27:42 [Node:1 GID:100 isLeader:false] shardkv server generateSnapshotter raft state size: 717, maxraftstate: 1000
2026/02/24 17:27:42 [Node:0 GID:100 isLeader:true] shardkv server generateSnapshotter raft state size: 717, maxraftstate: 1000
2026/02/24 17:27:42 [Node:2 GID:100 isLeader:false] shardkv server generateSnapshotter raft state size: 717, maxraftstate: 1000
2026/02/24 17:27:42 [Node:1 GID:100 isLeader:false] shardkv server generateSnapshotter raft state size: 717, maxraftstate: 1000
2026/02/24 17:27:42 [Node:0 GID:100 isLeader:true] shardkv server checkGroup key:0, shard:8 shards:map[0:true 1:true 2:true 3:true 4:true 5:true 6:true 7:true 8:true 9:true]
2026/02/24 17:27:42 [Node:0 GID:100] shardkv server get key:0, check param failed Err:ErrWrongGroup
2026/02/24 17:27:42 [Node:2 GID:100 isLeader:false] shardkv server generateSnapshotter raft state size: 717, maxraftstate: 1000
2026/02/24 17:27:42 [Node:0 GID:100 isLeader:true] shardkv server generateSnapshotter raft state size: 717, maxraftstate: 1000
2026/02/24 17:27:42 [Node:1 GID:100 isLeader:false] shardkv server generateSnapshotter raft state size: 717, maxraftstate: 1000
2026/02/24 17:27:42 [Node:2 GID:100 isLeader:false] shardkv server generateSnapshotter raft state size: 717, maxraftstate: 1000
2026/02/24 17:27:42 [Node:0 GID:100 isLeader:true] shardkv server generateSnapshotter raft state size: 717, maxraftstate: 1000
2026/02/24 17:27:42 [Node:1 GID:100 isLeader:false] shardkv server generateSnapshotter raft state size: 717, maxraftstate: 1000
2026/02/24 17:27:42 [Node:0 GID:100 isLeader:true] shardkv server checkGroup key:0, shard:8 shards:map[0:true 1:true 2:true 3:true 4:true 5:true 6:true 7:true 8:true 9:true]
2026/02/24 17:27:42 [Node:0 GID:100] shardkv server get key:0, check param failed Err:ErrWrongGroup
2026/02/24 17:27:42 [Node:0 GID:100 isLeader:true] shardkv server generateSnapshotter raft state size: 717, maxraftstate: 1000
2026/02/24 17:27:42 [Node:2 GID:100 isLeader:false] shardkv server generateSnapshotter raft state size: 717, maxraftstate: 1000
2026/02/24 17:27:42 [Node:1 GID:100 isLeader:false] shardkv server generateSnapshotter raft state size: 717, maxraftstate: 1000
2026/02/24 17:27:42 [Node:2 GID:100 isLeader:false] shardkv server generateSnapshotter raft state size: 717, maxraftstate: 1000
2026/02/24 17:27:42 [Node:0 GID:100 isLeader:true] shardkv server generateSnapshotter raft state size: 717, maxraftstate: 1000
2026/02/24 17:27:42 [Node:1 GID:100 isLeader:false] shardkv server generateSnapshotter raft state size: 717, maxraftstate: 1000
2026/02/24 17:27:42 [Node:0 GID:100 isLeader:true] shardkv server checkGroup key:0, shard:8 shards:map[0:true 1:true 2:true 3:true 4:true 5:true 6:true 7:true 8:true 9:true]
2026/02/24 17:27:42 [Node:0 GID:100] shardkv server get key:0, check param failed Err:ErrWrongGroup
2026/02/24 17:27:42 [Node:2 GID:100 isLeader:false] shardkv server generateSnapshotter raft state size: 717, maxraftstate: 1000
2026/02/24 17:27:42 [Node:0 GID:100 isLeader:true] shardkv server generateSnapshotter raft state size: 717, maxraftstate: 1000
2026/02/24 17:27:42 [Node:1 GID:100 isLeader:false] shardkv server generateSnapshotter raft state size: 717, maxraftstate: 1000
2026/02/24 17:27:43 [Node:0 GID:100 isLeader:true] shardkv server generateSnapshotter raft state size: 717, maxraftstate: 1000
2026/02/24 17:27:43 [Node:2 GID:100 isLeader:false] shardkv server generateSnapshotter raft state size: 717, maxraftstate: 1000
2026/02/24 17:27:43 [Node:1 GID:100 isLeader:false] shardkv server generateSnapshotter raft state size: 717, maxraftstate: 1000
2026/02/24 17:27:43 [Node:0 GID:100 isLeader:true] shardkv server checkGroup key:0, shard:8 shards:map[0:true 1:true 2:true 3:true 4:true 5:true 6:true 7:true 8:true 9:true]
2026/02/24 17:27:43 [Node:0 GID:100] shardkv server get key:0, check param failed Err:ErrWrongGroup
2026/02/24 17:27:43 [Node:0 GID:100 isLeader:true] shardkv server generateSnapshotter raft state size: 717, maxraftstate: 1000
2026/02/24 17:27:43 [Node:2 GID:100 isLeader:false] shardkv server generateSnapshotter raft state size: 717, maxraftstate: 1000
2026/02/24 17:27:43 [Node:1 GID:100 isLeader:false] shardkv server generateSnapshotter raft state size: 717, maxraftstate: 1000
2026/02/24 17:27:43 [Node:0 GID:100 isLeader:true] shardkv server generateSnapshotter raft state size: 717, maxraftstate: 1000
2026/02/24 17:27:43 [Node:2 GID:100 isLeader:false] shardkv server generateSnapshotter raft state size: 717, maxraftstate: 1000
2026/02/24 17:27:43 [Node:1 GID:100 isLeader:false] shardkv server generateSnapshotter raft state size: 717, maxraftstate: 1000
2026/02/24 17:27:43 [Node:0 GID:100 isLeader:true] shardkv server checkGroup key:0, shard:8 shards:map[0:true 1:true 2:true 3:true 4:true 5:true 6:true 7:true 8:true 9:true]
2026/02/24 17:27:43 [Node:0 GID:100] shardkv server get key:0, check param failed Err:ErrWrongGroup
2026/02/24 17:27:43 [Node:2 GID:100 isLeader:false] shardkv server generateSnapshotter raft state size: 717, maxraftstate: 1000
2026/02/24 17:27:43 [Node:0 GID:100 isLeader:true] shardkv server generateSnapshotter raft state size: 717, maxraftstate: 1000
2026/02/24 17:27:43 [Node:1 GID:100 isLeader:false] shardkv server generateSnapshotter raft state size: 717, maxraftstate: 1000
2026/02/24 17:27:43 [Node:2 GID:100 isLeader:false] shardkv server generateSnapshotter raft state size: 717, maxraftstate: 1000
2026/02/24 17:27:43 [Node:0 GID:100 isLeader:true] shardkv server generateSnapshotter raft state size: 717, maxraftstate: 1000
2026/02/24 17:27:43 [Node:0 GID:100 isLeader:true] shardkv server checkGroup key:0, shard:8 shards:map[0:true 1:true 2:true 3:true 4:true 5:true 6:true 7:true 8:true 9:true]
2026/02/24 17:27:43 [Node:0 GID:100] shardkv server get key:0, check param failed Err:ErrWrongGroup
2026/02/24 17:27:43 [Node:1 GID:100 isLeader:false] shardkv server generateSnapshotter raft state size: 717, maxraftstate: 1000
2026/02/24 17:27:43 [Node:0 GID:100 isLeader:true] shardkv server generateSnapshotter raft state size: 717, maxraftstate: 1000
2026/02/24 17:27:43 [Node:2 GID:100 isLeader:false] shardkv server generateSnapshotter raft state size: 717, maxraftstate: 1000
2026/02/24 17:27:43 [Node:1 GID:100 isLeader:false] shardkv server generateSnapshotter raft state size: 717, maxraftstate: 1000
2026/02/24 17:27:43 [Node:0 GID:100 isLeader:true] shardkv server checkGroup key:0, shard:8 shards:map[0:true 1:true 2:true 3:true 4:true 5:true 6:true 7:true 8:true 9:true]
2026/02/24 17:27:43 [Node:0 GID:100] shardkv server get key:0, check param failed Err:ErrWrongGroup
2026/02/24 17:27:43 [Node:0 GID:100 isLeader:true] shardkv server generateSnapshotter raft state size: 717, maxraftstate: 1000
2026/02/24 17:27:43 [Node:2 GID:100 isLeader:false] shardkv server generateSnapshotter raft state size: 717, maxraftstate: 1000
2026/02/24 17:27:43 [Node:1 GID:100 isLeader:false] shardkv server generateSnapshotter raft state size: 717, maxraftstate: 1000
2026/02/24 17:27:43 [Node:2 GID:100 isLeader:false] shardkv server generateSnapshotter raft state size: 717, maxraftstate: 1000
2026/02/24 17:27:43 [Node:0 GID:100 isLeader:true] shardkv server generateSnapshotter raft state size: 717, maxraftstate: 1000
2026/02/24 17:27:43 [Node:1 GID:100 isLeader:false] shardkv server generateSnapshotter raft state size: 717, maxraftstate: 1000
2026/02/24 17:27:43 [Node:0 GID:100 isLeader:true] shardkv server checkGroup key:0, shard:8 shards:map[0:true 1:true 2:true 3:true 4:true 5:true 6:true 7:true 8:true 9:true]
2026/02/24 17:27:43 [Node:0 GID:100] shardkv server get key:0, check param failed Err:ErrWrongGroup
2026/02/24 17:27:43 [Node:2 GID:100 isLeader:false] shardkv server generateSnapshotter raft state size: 717, maxraftstate: 1000
2026/02/24 17:27:43 [Node:0 GID:100 isLeader:true] shardkv server generateSnapshotter raft state size: 717, maxraftstate: 1000
2026/02/24 17:27:43 [Node:1 GID:100 isLeader:false] shardkv server generateSnapshotter raft state size: 717, maxraftstate: 1000
2026/02/24 17:27:43 [Node:2 GID:100 isLeader:false] shardkv server generateSnapshotter raft state size: 717, maxraftstate: 1000
2026/02/24 17:27:43 [Node:0 GID:100 isLeader:true] shardkv server generateSnapshotter raft state size: 717, maxraftstate: 1000
2026/02/24 17:27:43 [Node:1 GID:100 isLeader:false] shardkv server generateSnapshotter raft state size: 717, maxraftstate: 1000
2026/02/24 17:27:44 [Node:0 GID:100 isLeader:true] shardkv server checkGroup key:0, shard:8 shards:map[0:true 1:true 2:true 3:true 4:true 5:true 6:true 7:true 8:true 9:true]
2026/02/24 17:27:44 [Node:0 GID:100] shardkv server get key:0, check param failed Err:ErrWrongGroup
2026/02/24 17:27:44 [Node:0 GID:100 isLeader:true] shardkv server generateSnapshotter raft state size: 717, maxraftstate: 1000
2026/02/24 17:27:44 [Node:2 GID:100 isLeader:false] shardkv server generateSnapshotter raft state size: 717, maxraftstate: 1000
2026/02/24 17:27:44 [Node:1 GID:100 isLeader:false] shardkv server generateSnapshotter raft state size: 717, maxraftstate: 1000
2026/02/24 17:27:44 [Node:0 GID:100 isLeader:true] shardkv server generateSnapshotter raft state size: 717, maxraftstate: 1000
2026/02/24 17:27:44 [Node:2 GID:100 isLeader:false] shardkv server generateSnapshotter raft state size: 717, maxraftstate: 1000
2026/02/24 17:27:44 [Node:1 GID:100 isLeader:false] shardkv server generateSnapshotter raft state size: 717, maxraftstate: 1000
2026/02/24 17:27:44 [Node:0 GID:100 isLeader:true] shardkv server checkGroup key:0, shard:8 shards:map[0:true 1:true 2:true 3:true 4:true 5:true 6:true 7:true 8:true 9:true]
2026/02/24 17:27:44 [Node:0 GID:100] shardkv server get key:0, check param failed Err:ErrWrongGroup
2026/02/24 17:27:44 [Node:2 GID:100 isLeader:false] shardkv server generateSnapshotter raft state size: 717, maxraftstate: 1000
2026/02/24 17:27:44 [Node:0 GID:100 isLeader:true] shardkv server generateSnapshotter raft state size: 717, maxraftstate: 1000
2026/02/24 17:27:44 [Node:1 GID:100 isLeader:false] shardkv server generateSnapshotter raft state size: 717, maxraftstate: 1000
2026/02/24 17:27:44 [Node:0 GID:100 isLeader:true] shardkv server generateSnapshotter raft state size: 717, maxraftstate: 1000
2026/02/24 17:27:44 [Node:2 GID:100 isLeader:false] shardkv server generateSnapshotter raft state size: 717, maxraftstate: 1000
2026/02/24 17:27:44 [Node:1 GID:100 isLeader:false] shardkv server generateSnapshotter raft state size: 717, maxraftstate: 1000
2026/02/24 17:27:44 [Node:0 GID:100 isLeader:true] shardkv server checkGroup key:0, shard:8 shards:map[0:true 1:true 2:true 3:true 4:true 5:true 6:true 7:true 8:true 9:true]
2026/02/24 17:27:44 [Node:0 GID:100] shardkv server get key:0, check param failed Err:ErrWrongGroup
2026/02/24 17:27:44 [Node:2 GID:100 isLeader:false] shardkv server generateSnapshotter raft state size: 717, maxraftstate: 1000
2026/02/24 17:27:44 [Node:0 GID:100 isLeader:true] shardkv server generateSnapshotter raft state size: 717, maxraftstate: 1000
2026/02/24 17:27:44 [Node:1 GID:100 isLeader:false] shardkv server generateSnapshotter raft state size: 717, maxraftstate: 1000
2026/02/24 17:27:44 [Node:0 GID:100 isLeader:true] shardkv server generateSnapshotter raft state size: 717, maxraftstate: 1000
2026/02/24 17:27:44 [Node:2 GID:100 isLeader:false] shardkv server generateSnapshotter raft state size: 717, maxraftstate: 1000
2026/02/24 17:27:44 [Node:1 GID:100 isLeader:false] shardkv server generateSnapshotter raft state size: 717, maxraftstate: 1000
2026/02/24 17:27:44 [Node:0 GID:100 isLeader:true] shardkv server checkGroup key:0, shard:8 shards:map[0:true 1:true 2:true 3:true 4:true 5:true 6:true 7:true 8:true 9:true]
2026/02/24 17:27:44 [Node:0 GID:100] shardkv server get key:0, check param failed Err:ErrWrongGroup
2026/02/24 17:27:44 [Node:0 GID:100 isLeader:true] shardkv server generateSnapshotter raft state size: 717, maxraftstate: 1000
2026/02/24 17:27:44 [Node:2 GID:100 isLeader:false] shardkv server generateSnapshotter raft state size: 717, maxraftstate: 1000
2026/02/24 17:27:44 [Node:1 GID:100 isLeader:false] shardkv server generateSnapshotter raft state size: 717, maxraftstate: 1000
2026/02/24 17:27:44 [Node:2 GID:100 isLeader:false] shardkv server generateSnapshotter raft state size: 717, maxraftstate: 1000
2026/02/24 17:27:44 [Node:0 GID:100 isLeader:true] shardkv server generateSnapshotter raft state size: 717, maxraftstate: 1000
2026/02/24 17:27:44 [Node:0 GID:100 isLeader:true] shardkv server checkGroup key:0, shard:8 shards:map[0:true 1:true 2:true 3:true 4:true 5:true 6:true 7:true 8:true 9:true]
2026/02/24 17:27:44 [Node:0 GID:100] shardkv server get key:0, check param failed Err:ErrWrongGroup
2026/02/24 17:27:44 [Node:1 GID:100 isLeader:false] shardkv server generateSnapshotter raft state size: 717, maxraftstate: 1000
2026/02/24 17:27:44 [Node:0 GID:100 isLeader:true] shardkv server generateSnapshotter raft state size: 717, maxraftstate: 1000
2026/02/24 17:27:44 [Node:2 GID:100 isLeader:false] shardkv server generateSnapshotter raft state size: 717, maxraftstate: 1000
2026/02/24 17:27:44 [Node:1 GID:100 isLeader:false] shardkv server generateSnapshotter raft state size: 717, maxraftstate: 1000
2026/02/24 17:27:44 [Node:0 GID:100 isLeader:true] shardkv server checkGroup key:0, shard:8 shards:map[0:true 1:true 2:true 3:true 4:true 5:true 6:true 7:true 8:true 9:true]
2026/02/24 17:27:44 [Node:0 GID:100] shardkv server get key:0, check param failed Err:ErrWrongGroup
2026/02/24 17:27:44 [Node:0 GID:100 isLeader:true] shardkv server generateSnapshotter raft state size: 717, maxraftstate: 1000
2026/02/24 17:27:44 [Node:2 GID:100 isLeader:false] shardkv server generateSnapshotter raft state size: 717, maxraftstate: 1000
2026/02/24 17:27:44 [Node:1 GID:100 isLeader:false] shardkv server generateSnapshotter raft state size: 717, maxraftstate: 1000
2026/02/24 17:27:45 [Node:0 GID:100 isLeader:true] shardkv server generateSnapshotter raft state size: 717, maxraftstate: 1000
2026/02/24 17:27:45 [Node:2 GID:100 isLeader:false] shardkv server generateSnapshotter raft state size: 717, maxraftstate: 1000
2026/02/24 17:27:45 [Node:1 GID:100 isLeader:false] shardkv server generateSnapshotter raft state size: 717, maxraftstate: 1000
2026/02/24 17:27:45 [Node:0 GID:100 isLeader:true] shardkv server checkGroup key:0, shard:8 shards:map[0:true 1:true 2:true 3:true 4:true 5:true 6:true 7:true 8:true 9:true]
2026/02/24 17:27:45 [Node:0 GID:100] shardkv server get key:0, check param failed Err:ErrWrongGroup
2026/02/24 17:27:45 [Node:0 GID:100 isLeader:true] shardkv server generateSnapshotter raft state size: 717, maxraftstate: 1000
2026/02/24 17:27:45 [Node:2 GID:100 isLeader:false] shardkv server generateSnapshotter raft state size: 717, maxraftstate: 1000
2026/02/24 17:27:45 [Node:1 GID:100 isLeader:false] shardkv server generateSnapshotter raft state size: 717, maxraftstate: 1000
2026/02/24 17:27:45 [Node:0 GID:100 isLeader:true] shardkv server generateSnapshotter raft state size: 717, maxraftstate: 1000
2026/02/24 17:27:45 [Node:2 GID:100 isLeader:false] shardkv server generateSnapshotter raft state size: 717, maxraftstate: 1000
2026/02/24 17:27:45 [Node:1 GID:100 isLeader:false] shardkv server generateSnapshotter raft state size: 717, maxraftstate: 1000
2026/02/24 17:27:45 [Node:0 GID:100 isLeader:true] shardkv server checkGroup key:0, shard:8 shards:map[0:true 1:true 2:true 3:true 4:true 5:true 6:true 7:true 8:true 9:true]
2026/02/24 17:27:45 [Node:0 GID:100] shardkv server get key:0, check param failed Err:ErrWrongGroup
2026/02/24 17:27:45 [Node:2 GID:100 isLeader:false] shardkv server generateSnapshotter raft state size: 717, maxraftstate: 1000
2026/02/24 17:27:45 [Node:0 GID:100 isLeader:true] shardkv server generateSnapshotter raft state size: 717, maxraftstate: 1000
2026/02/24 17:27:45 [Node:1 GID:100 isLeader:false] shardkv server generateSnapshotter raft state size: 717, maxraftstate: 1000
2026/02/24 17:27:45 [Node:2 GID:100 isLeader:false] shardkv server generateSnapshotter raft state size: 717, maxraftstate: 1000
2026/02/24 17:27:45 [Node:0 GID:100 isLeader:true] shardkv server generateSnapshotter raft state size: 717, maxraftstate: 1000
2026/02/24 17:27:45 [Node:1 GID:100 isLeader:false] shardkv server generateSnapshotter raft state size: 717, maxraftstate: 1000
2026/02/24 17:27:45 [Node:0 GID:100 isLeader:true] shardkv server checkGroup key:0, shard:8 shards:map[0:true 1:true 2:true 3:true 4:true 5:true 6:true 7:true 8:true 9:true]
2026/02/24 17:27:45 [Node:0 GID:100] shardkv server get key:0, check param failed Err:ErrWrongGroup
2026/02/24 17:27:45 [Node:2 GID:100 isLeader:false] shardkv server generateSnapshotter raft state size: 717, maxraftstate: 1000
2026/02/24 17:27:45 [Node:0 GID:100 isLeader:true] shardkv server generateSnapshotter raft state size: 717, maxraftstate: 1000
2026/02/24 17:27:45 [Node:1 GID:100 isLeader:false] shardkv server generateSnapshotter raft state size: 717, maxraftstate: 1000
2026/02/24 17:27:45 [Node:2 GID:100 isLeader:false] shardkv server generateSnapshotter raft state size: 717, maxraftstate: 1000
2026/02/24 17:27:45 [Node:0 GID:100 isLeader:true] shardkv server generateSnapshotter raft state size: 717, maxraftstate: 1000
2026/02/24 17:27:45 [Node:1 GID:100 isLeader:false] shardkv server generateSnapshotter raft state size: 717, maxraftstate: 1000
2026/02/24 17:27:45 [Node:0 GID:100 isLeader:true] shardkv server checkGroup key:0, shard:8 shards:map[0:true 1:true 2:true 3:true 4:true 5:true 6:true 7:true 8:true 9:true]
2026/02/24 17:27:45 [Node:0 GID:100] shardkv server get key:0, check param failed Err:ErrWrongGroup
2026/02/24 17:27:45 [Node:2 GID:100 isLeader:false] shardkv server generateSnapshotter raft state size: 717, maxraftstate: 1000
2026/02/24 17:27:45 [Node:0 GID:100 isLeader:true] shardkv server generateSnapshotter raft state size: 717, maxraftstate: 1000
2026/02/24 17:27:45 [Node:1 GID:100 isLeader:false] shardkv server generateSnapshotter raft state size: 717, maxraftstate: 1000
2026/02/24 17:27:45 [Node:0 GID:100 isLeader:true] shardkv server generateSnapshotter raft state size: 717, maxraftstate: 1000
2026/02/24 17:27:45 [Node:2 GID:100 isLeader:false] shardkv server generateSnapshotter raft state size: 717, maxraftstate: 1000
2026/02/24 17:27:45 [Node:1 GID:100 isLeader:false] shardkv server generateSnapshotter raft state size: 717, maxraftstate: 1000
2026/02/24 17:27:45 [Node:0 GID:100 isLeader:true] shardkv server checkGroup key:0, shard:8 shards:map[0:true 1:true 2:true 3:true 4:true 5:true 6:true 7:true 8:true 9:true]
2026/02/24 17:27:45 [Node:0 GID:100] shardkv server get key:0, check param failed Err:ErrWrongGroup
2026/02/24 17:27:45 [Node:2 GID:100 isLeader:false] shardkv server generateSnapshotter raft state size: 717, maxraftstate: 1000
2026/02/24 17:27:45 [Node:0 GID:100 isLeader:true] shardkv server generateSnapshotter raft state size: 717, maxraftstate: 1000
2026/02/24 17:27:45 [Node:1 GID:100 isLeader:false] shardkv server generateSnapshotter raft state size: 717, maxraftstate: 1000
2026/02/24 17:27:46 [Node:0 GID:100 isLeader:true] shardkv server generateSnapshotter raft state size: 717, maxraftstate: 1000
2026/02/24 17:27:46 [Node:2 GID:100 isLeader:false] shardkv server generateSnapshotter raft state size: 717, maxraftstate: 1000
2026/02/24 17:27:46 [Node:1 GID:100 isLeader:false] shardkv server generateSnapshotter raft state size: 717, maxraftstate: 1000
2026/02/24 17:27:46 [Node:0 GID:100 isLeader:true] shardkv server checkGroup key:0, shard:8 shards:map[0:true 1:true 2:true 3:true 4:true 5:true 6:true 7:true 8:true 9:true]
2026/02/24 17:27:46 [Node:0 GID:100] shardkv server get key:0, check param failed Err:ErrWrongGroup
2026/02/24 17:27:46 [Node:0 GID:100 isLeader:true] shardkv server generateSnapshotter raft state size: 717, maxraftstate: 1000
2026/02/24 17:27:46 [Node:2 GID:100 isLeader:false] shardkv server generateSnapshotter raft state size: 717, maxraftstate: 1000
2026/02/24 17:27:46 [Node:1 GID:100 isLeader:false] shardkv server generateSnapshotter raft state size: 717, maxraftstate: 1000
2026/02/24 17:27:46 [Node:0 GID:100 isLeader:true] shardkv server generateSnapshotter raft state size: 717, maxraftstate: 1000
2026/02/24 17:27:46 [Node:2 GID:100 isLeader:false] shardkv server generateSnapshotter raft state size: 717, maxraftstate: 1000
2026/02/24 17:27:46 [Node:1 GID:100 isLeader:false] shardkv server generateSnapshotter raft state size: 717, maxraftstate: 1000
2026/02/24 17:27:46 [Node:0 GID:100 isLeader:true] shardkv server checkGroup key:0, shard:8 shards:map[0:true 1:true 2:true 3:true 4:true 5:true 6:true 7:true 8:true 9:true]
2026/02/24 17:27:46 [Node:0 GID:100] shardkv server get key:0, check param failed Err:ErrWrongGroup
2026/02/24 17:27:46 [Node:0 GID:100 isLeader:true] shardkv server generateSnapshotter raft state size: 717, maxraftstate: 1000
2026/02/24 17:27:46 [Node:2 GID:100 isLeader:false] shardkv server generateSnapshotter raft state size: 717, maxraftstate: 1000
2026/02/24 17:27:46 [Node:1 GID:100 isLeader:false] shardkv server generateSnapshotter raft state size: 717, maxraftstate: 1000
2026/02/24 17:27:46 [Node:0 GID:100 isLeader:true] shardkv server generateSnapshotter raft state size: 717, maxraftstate: 1000
2026/02/24 17:27:46 [Node:2 GID:100 isLeader:false] shardkv server generateSnapshotter raft state size: 717, maxraftstate: 1000
2026/02/24 17:27:46 [Node:1 GID:100 isLeader:false] shardkv server generateSnapshotter raft state size: 717, maxraftstate: 1000
2026/02/24 17:27:46 [Node:0 GID:100 isLeader:true] shardkv server checkGroup key:0, shard:8 shards:map[0:true 1:true 2:true 3:true 4:true 5:true 6:true 7:true 8:true 9:true]
2026/02/24 17:27:46 [Node:0 GID:100] shardkv server get key:0, check param failed Err:ErrWrongGroup
2026/02/24 17:27:46 [Node:0 GID:100 isLeader:true] shardkv server generateSnapshotter raft state size: 717, maxraftstate: 1000
2026/02/24 17:27:46 [Node:2 GID:100 isLeader:false] shardkv server generateSnapshotter raft state size: 717, maxraftstate: 1000
2026/02/24 17:27:46 [Node:1 GID:100 isLeader:false] shardkv server generateSnapshotter raft state size: 717, maxraftstate: 1000
2026/02/24 17:27:46 [Node:2 GID:100 isLeader:false] shardkv server generateSnapshotter raft state size: 717, maxraftstate: 1000
2026/02/24 17:27:46 [Node:0 GID:100 isLeader:true] shardkv server generateSnapshotter raft state size: 717, maxraftstate: 1000
2026/02/24 17:27:46 [Node:0 GID:100 isLeader:true] shardkv server checkGroup key:0, shard:8 shards:map[0:true 1:true 2:true 3:true 4:true 5:true 6:true 7:true 8:true 9:true]
2026/02/24 17:27:46 [Node:0 GID:100] shardkv server get key:0, check param failed Err:ErrWrongGroup
2026/02/24 17:27:46 [Node:1 GID:100 isLeader:false] shardkv server generateSnapshotter raft state size: 717, maxraftstate: 1000
2026/02/24 17:27:46 [Node:2 GID:100 isLeader:false] shardkv server generateSnapshotter raft state size: 717, maxraftstate: 1000
2026/02/24 17:27:46 [Node:0 GID:100 isLeader:true] shardkv server generateSnapshotter raft state size: 717, maxraftstate: 1000
2026/02/24 17:27:46 [Node:1 GID:100 isLeader:false] shardkv server generateSnapshotter raft state size: 717, maxraftstate: 1000
2026/02/24 17:27:46 [Node:0 GID:100 isLeader:true] shardkv server checkGroup key:0, shard:8 shards:map[0:true 1:true 2:true 3:true 4:true 5:true 6:true 7:true 8:true 9:true]
2026/02/24 17:27:46 [Node:0 GID:100] shardkv server get key:0, check param failed Err:ErrWrongGroup
2026/02/24 17:27:46 [Node:2 GID:100 isLeader:false] shardkv server generateSnapshotter raft state size: 717, maxraftstate: 1000
2026/02/24 17:27:46 [Node:0 GID:100 isLeader:true] shardkv server generateSnapshotter raft state size: 717, maxraftstate: 1000
2026/02/24 17:27:46 [Node:1 GID:100 isLeader:false] shardkv server generateSnapshotter raft state size: 717, maxraftstate: 1000
2026/02/24 17:27:46 [Node:2 GID:100 isLeader:false] shardkv server generateSnapshotter raft state size: 717, maxraftstate: 1000
2026/02/24 17:27:46 [Node:0 GID:100 isLeader:true] shardkv server generateSnapshotter raft state size: 717, maxraftstate: 1000
2026/02/24 17:27:46 [Node:1 GID:100 isLeader:false] shardkv server generateSnapshotter raft state size: 717, maxraftstate: 1000
2026/02/24 17:27:47 [Node:0 GID:100 isLeader:true] shardkv server checkGroup key:0, shard:8 shards:map[0:true 1:true 2:true 3:true 4:true 5:true 6:true 7:true 8:true 9:true]
2026/02/24 17:27:47 [Node:0 GID:100] shardkv server get key:0, check param failed Err:ErrWrongGroup
2026/02/24 17:27:47 [Node:0 GID:100 isLeader:true] shardkv server generateSnapshotter raft state size: 717, maxraftstate: 1000
2026/02/24 17:27:47 [Node:2 GID:100 isLeader:false] shardkv server generateSnapshotter raft state size: 717, maxraftstate: 1000
2026/02/24 17:27:47 [Node:1 GID:100 isLeader:false] shardkv server generateSnapshotter raft state size: 717, maxraftstate: 1000
2026/02/24 17:27:47 [Node:2 GID:100 isLeader:false] shardkv server generateSnapshotter raft state size: 717, maxraftstate: 1000
2026/02/24 17:27:47 [Node:0 GID:100 isLeader:true] shardkv server generateSnapshotter raft state size: 717, maxraftstate: 1000
2026/02/24 17:27:47 [Node:1 GID:100 isLeader:false] shardkv server generateSnapshotter raft state size: 717, maxraftstate: 1000
2026/02/24 17:27:47 [Node:0 GID:100 isLeader:true] shardkv server checkGroup key:0, shard:8 shards:map[0:true 1:true 2:true 3:true 4:true 5:true 6:true 7:true 8:true 9:true]
2026/02/24 17:27:47 [Node:0 GID:100] shardkv server get key:0, check param failed Err:ErrWrongGroup
2026/02/24 17:27:47 [Node:2 GID:100 isLeader:false] shardkv server generateSnapshotter raft state size: 717, maxraftstate: 1000
2026/02/24 17:27:47 [Node:0 GID:100 isLeader:true] shardkv server generateSnapshotter raft state size: 717, maxraftstate: 1000
2026/02/24 17:27:47 [Node:1 GID:100 isLeader:false] shardkv server generateSnapshotter raft state size: 717, maxraftstate: 1000
2026/02/24 17:27:47 [Node:2 GID:100 isLeader:false] shardkv server generateSnapshotter raft state size: 717, maxraftstate: 1000
2026/02/24 17:27:47 [Node:0 GID:100 isLeader:true] shardkv server generateSnapshotter raft state size: 717, maxraftstate: 1000
2026/02/24 17:27:47 [Node:1 GID:100 isLeader:false] shardkv server generateSnapshotter raft state size: 717, maxraftstate: 1000
2026/02/24 17:27:47 [Node:0 GID:100 isLeader:true] shardkv server checkGroup key:0, shard:8 shards:map[0:true 1:true 2:true 3:true 4:true 5:true 6:true 7:true 8:true 9:true]
2026/02/24 17:27:47 [Node:0 GID:100] shardkv server get key:0, check param failed Err:ErrWrongGroup
2026/02/24 17:27:47 [Node:2 GID:100 isLeader:false] shardkv server generateSnapshotter raft state size: 717, maxraftstate: 1000
2026/02/24 17:27:47 [Node:0 GID:100 isLeader:true] shardkv server generateSnapshotter raft state size: 717, maxraftstate: 1000
2026/02/24 17:27:47 [Node:1 GID:100 isLeader:false] shardkv server generateSnapshotter raft state size: 717, maxraftstate: 1000
2026/02/24 17:27:47 [Node:2 GID:100 isLeader:false] shardkv server generateSnapshotter raft state size: 717, maxraftstate: 1000
2026/02/24 17:27:47 [Node:0 GID:100 isLeader:true] shardkv server generateSnapshotter raft state size: 717, maxraftstate: 1000
2026/02/24 17:27:47 [Node:1 GID:100 isLeader:false] shardkv server generateSnapshotter raft state size: 717, maxraftstate: 1000
2026/02/24 17:27:47 [Node:0 GID:100 isLeader:true] shardkv server checkGroup key:0, shard:8 shards:map[0:true 1:true 2:true 3:true 4:true 5:true 6:true 7:true 8:true 9:true]
2026/02/24 17:27:47 [Node:0 GID:100] shardkv server get key:0, check param failed Err:ErrWrongGroup
2026/02/24 17:27:47 [Node:0 GID:100 isLeader:true] shardkv server generateSnapshotter raft state size: 717, maxraftstate: 1000
2026/02/24 17:27:47 [Node:2 GID:100 isLeader:false] shardkv server generateSnapshotter raft state size: 717, maxraftstate: 1000
2026/02/24 17:27:47 [Node:1 GID:100 isLeader:false] shardkv server generateSnapshotter raft state size: 717, maxraftstate: 1000
2026/02/24 17:27:47 [Node:2 GID:100 isLeader:false] shardkv server generateSnapshotter raft state size: 717, maxraftstate: 1000
2026/02/24 17:27:47 [Node:0 GID:100 isLeader:true] shardkv server generateSnapshotter raft state size: 717, maxraftstate: 1000
2026/02/24 17:27:47 [Node:1 GID:100 isLeader:false] shardkv server generateSnapshotter raft state size: 717, maxraftstate: 1000
2026/02/24 17:27:47 [Node:0 GID:100 isLeader:true] shardkv server checkGroup key:0, shard:8 shards:map[0:true 1:true 2:true 3:true 4:true 5:true 6:true 7:true 8:true 9:true]
2026/02/24 17:27:47 [Node:0 GID:100] shardkv server get key:0, check param failed Err:ErrWrongGroup
2026/02/24 17:27:47 [Node:0 GID:100 isLeader:true] shardkv server generateSnapshotter raft state size: 717, maxraftstate: 1000
2026/02/24 17:27:47 [Node:2 GID:100 isLeader:false] shardkv server generateSnapshotter raft state size: 717, maxraftstate: 1000
2026/02/24 17:27:47 [Node:1 GID:100 isLeader:false] shardkv server generateSnapshotter raft state size: 717, maxraftstate: 1000
2026/02/24 17:27:47 [Node:2 GID:100 isLeader:false] shardkv server generateSnapshotter raft state size: 717, maxraftstate: 1000
2026/02/24 17:27:47 [Node:0 GID:100 isLeader:true] shardkv server generateSnapshotter raft state size: 717, maxraftstate: 1000
2026/02/24 17:27:47 [Node:1 GID:100 isLeader:false] shardkv server generateSnapshotter raft state size: 717, maxraftstate: 1000
2026/02/24 17:27:48 [Node:0 GID:100 isLeader:true] shardkv server checkGroup key:0, shard:8 shards:map[0:true 1:true 2:true 3:true 4:true 5:true 6:true 7:true 8:true 9:true]
2026/02/24 17:27:48 [Node:0 GID:100] shardkv server get key:0, check param failed Err:ErrWrongGroup
2026/02/24 17:27:48 [Node:0 GID:100 isLeader:true] shardkv server generateSnapshotter raft state size: 717, maxraftstate: 1000
2026/02/24 17:27:48 [Node:2 GID:100 isLeader:false] shardkv server generateSnapshotter raft state size: 717, maxraftstate: 1000
2026/02/24 17:27:48 [Node:1 GID:100 isLeader:false] shardkv server generateSnapshotter raft state size: 717, maxraftstate: 1000
2026/02/24 17:27:48 [Node:2 GID:100 isLeader:false] shardkv server generateSnapshotter raft state size: 717, maxraftstate: 1000
2026/02/24 17:27:48 [Node:0 GID:100 isLeader:true] shardkv server generateSnapshotter raft state size: 717, maxraftstate: 1000
2026/02/24 17:27:48 [Node:1 GID:100 isLeader:false] shardkv server generateSnapshotter raft state size: 717, maxraftstate: 1000
2026/02/24 17:27:48 [Node:0 GID:100 isLeader:true] shardkv server checkGroup key:0, shard:8 shards:map[0:true 1:true 2:true 3:true 4:true 5:true 6:true 7:true 8:true 9:true]
2026/02/24 17:27:48 [Node:0 GID:100] shardkv server get key:0, check param failed Err:ErrWrongGroup
2026/02/24 17:27:48 [Node:0 GID:100 isLeader:true] shardkv server generateSnapshotter raft state size: 717, maxraftstate: 1000
2026/02/24 17:27:48 [Node:2 GID:100 isLeader:false] shardkv server generateSnapshotter raft state size: 717, maxraftstate: 1000
2026/02/24 17:27:48 [Node:1 GID:100 isLeader:false] shardkv server generateSnapshotter raft state size: 717, maxraftstate: 1000
2026/02/24 17:27:48 [Node:0 GID:100 isLeader:true] shardkv server generateSnapshotter raft state size: 717, maxraftstate: 1000
2026/02/24 17:27:48 [Node:2 GID:100 isLeader:false] shardkv server generateSnapshotter raft state size: 717, maxraftstate: 1000
2026/02/24 17:27:48 [Node:1 GID:100 isLeader:false] shardkv server generateSnapshotter raft state size: 717, maxraftstate: 1000
2026/02/24 17:27:48 [Node:0 GID:100 isLeader:true] shardkv server checkGroup key:0, shard:8 shards:map[0:true 1:true 2:true 3:true 4:true 5:true 6:true 7:true 8:true 9:true]
2026/02/24 17:27:48 [Node:0 GID:100] shardkv server get key:0, check param failed Err:ErrWrongGroup
2026/02/24 17:27:48 [Node:0 GID:100 isLeader:true] shardkv server generateSnapshotter raft state size: 717, maxraftstate: 1000
2026/02/24 17:27:48 [Node:2 GID:100 isLeader:false] shardkv server generateSnapshotter raft state size: 717, maxraftstate: 1000
2026/02/24 17:27:48 [Node:1 GID:100 isLeader:false] shardkv server generateSnapshotter raft state size: 717, maxraftstate: 1000
2026/02/24 17:27:48 [Node:0 GID:100 isLeader:true] shardkv server generateSnapshotter raft state size: 717, maxraftstate: 1000
2026/02/24 17:27:48 [Node:2 GID:100 isLeader:false] shardkv server generateSnapshotter raft state size: 717, maxraftstate: 1000
2026/02/24 17:27:48 [Node:1 GID:100 isLeader:false] shardkv server generateSnapshotter raft state size: 717, maxraftstate: 1000
2026/02/24 17:27:48 [Node:2 GID:100 isLeader:false] shardkv server generateSnapshotter raft state size: 717, maxraftstate: 1000
2026/02/24 17:27:48 [Node:0 GID:100 isLeader:true] shardkv server generateSnapshotter raft state size: 717, maxraftstate: 1000
2026/02/24 17:27:48 [Node:0 GID:100 isLeader:true] shardkv server checkGroup key:0, shard:8 shards:map[0:true 1:true 2:true 3:true 4:true 5:true 6:true 7:true 8:true 9:true]
2026/02/24 17:27:48 [Node:0 GID:100] shardkv server get key:0, check param failed Err:ErrWrongGroup
2026/02/24 17:27:48 [Node:1 GID:100 isLeader:false] shardkv server generateSnapshotter raft state size: 717, maxraftstate: 1000
2026/02/24 17:27:48 [Node:2 GID:100 isLeader:false] shardkv server generateSnapshotter raft state size: 717, maxraftstate: 1000
2026/02/24 17:27:48 [Node:0 GID:100 isLeader:true] shardkv server generateSnapshotter raft state size: 717, maxraftstate: 1000
2026/02/24 17:27:48 [Node:1 GID:100 isLeader:false] shardkv server generateSnapshotter raft state size: 717, maxraftstate: 1000
2026/02/24 17:27:48 [Node:0 GID:100 isLeader:true] shardkv server generateSnapshotter raft state size: 717, maxraftstate: 1000
2026/02/24 17:27:48 [Node:2 GID:100 isLeader:false] shardkv server generateSnapshotter raft state size: 717, maxraftstate: 1000
2026/02/24 17:27:48 [Node:0 GID:100 isLeader:true] shardkv server checkGroup key:0, shard:8 shards:map[0:true 1:true 2:true 3:true 4:true 5:true 6:true 7:true 8:true 9:true]
2026/02/24 17:27:48 [Node:0 GID:100] shardkv server get key:0, check param failed Err:ErrWrongGroup
2026/02/24 17:27:48 [Node:1 GID:100 isLeader:false] shardkv server generateSnapshotter raft state size: 717, maxraftstate: 1000
2026/02/24 17:27:48 [Node:2 GID:100 isLeader:false] shardkv server generateSnapshotter raft state size: 717, maxraftstate: 1000
2026/02/24 17:27:48 [Node:0 GID:100 isLeader:true] shardkv server generateSnapshotter raft state size: 717, maxraftstate: 1000
2026/02/24 17:27:48 [Node:1 GID:100 isLeader:false] shardkv server generateSnapshotter raft state size: 717, maxraftstate: 1000
2026/02/24 17:27:49 [Node:2 GID:100 isLeader:false] shardkv server generateSnapshotter raft state size: 717, maxraftstate: 1000
2026/02/24 17:27:49 [Node:0 GID:100 isLeader:true] shardkv server generateSnapshotter raft state size: 717, maxraftstate: 1000
2026/02/24 17:27:49 [Node:0 GID:100 isLeader:true] shardkv server checkGroup key:0, shard:8 shards:map[0:true 1:true 2:true 3:true 4:true 5:true 6:true 7:true 8:true 9:true]
2026/02/24 17:27:49 [Node:0 GID:100] shardkv server get key:0, check param failed Err:ErrWrongGroup
2026/02/24 17:27:49 [Node:1 GID:100 isLeader:false] shardkv server generateSnapshotter raft state size: 717, maxraftstate: 1000
2026/02/24 17:27:49 [Node:2 GID:100 isLeader:false] shardkv server generateSnapshotter raft state size: 717, maxraftstate: 1000
2026/02/24 17:27:49 [Node:0 GID:100 isLeader:true] shardkv server generateSnapshotter raft state size: 717, maxraftstate: 1000
2026/02/24 17:27:49 [Node:1 GID:100 isLeader:false] shardkv server generateSnapshotter raft state size: 717, maxraftstate: 1000
2026/02/24 17:27:49 [Node:0 GID:100 isLeader:true] shardkv server generateSnapshotter raft state size: 717, maxraftstate: 1000
2026/02/24 17:27:49 [Node:2 GID:100 isLeader:false] shardkv server generateSnapshotter raft state size: 717, maxraftstate: 1000
2026/02/24 17:27:49 [Node:1 GID:100 isLeader:false] shardkv server generateSnapshotter raft state size: 717, maxraftstate: 1000
2026/02/24 17:27:49 [Node:0 GID:100 isLeader:true] shardkv server checkGroup key:0, shard:8 shards:map[0:true 1:true 2:true 3:true 4:true 5:true 6:true 7:true 8:true 9:true]
2026/02/24 17:27:49 [Node:0 GID:100] shardkv server get key:0, check param failed Err:ErrWrongGroup
2026/02/24 17:27:49 [Node:0 GID:100 isLeader:true] shardkv server generateSnapshotter raft state size: 717, maxraftstate: 1000
2026/02/24 17:27:49 [Node:2 GID:100 isLeader:false] shardkv server generateSnapshotter raft state size: 717, maxraftstate: 1000
2026/02/24 17:27:49 [Node:1 GID:100 isLeader:false] shardkv server generateSnapshotter raft state size: 717, maxraftstate: 1000
2026/02/24 17:27:49 [Node:0 GID:100 isLeader:true] shardkv server generateSnapshotter raft state size: 717, maxraftstate: 1000
2026/02/24 17:27:49 [Node:2 GID:100 isLeader:false] shardkv server generateSnapshotter raft state size: 717, maxraftstate: 1000
2026/02/24 17:27:49 [Node:0 GID:100 isLeader:true] shardkv server checkGroup key:0, shard:8 shards:map[0:true 1:true 2:true 3:true 4:true 5:true 6:true 7:true 8:true 9:true]
2026/02/24 17:27:49 [Node:0 GID:100] shardkv server get key:0, check param failed Err:ErrWrongGroup
2026/02/24 17:27:49 [Node:1 GID:100 isLeader:false] shardkv server generateSnapshotter raft state size: 717, maxraftstate: 1000
2026/02/24 17:27:49 [Node:0 GID:100 isLeader:true] shardkv server generateSnapshotter raft state size: 717, maxraftstate: 1000
2026/02/24 17:27:49 [Node:2 GID:100 isLeader:false] shardkv server generateSnapshotter raft state size: 717, maxraftstate: 1000
2026/02/24 17:27:49 [Node:1 GID:100 isLeader:false] shardkv server generateSnapshotter raft state size: 717, maxraftstate: 1000
2026/02/24 17:27:49 [Node:2 GID:100 isLeader:false] shardkv server generateSnapshotter raft state size: 717, maxraftstate: 1000
2026/02/24 17:27:49 [Node:0 GID:100 isLeader:true] shardkv server generateSnapshotter raft state size: 717, maxraftstate: 1000
2026/02/24 17:27:49 [Node:1 GID:100 isLeader:false] shardkv server generateSnapshotter raft state size: 717, maxraftstate: 1000
2026/02/24 17:27:49 [Node:0 GID:100 isLeader:true] shardkv server checkGroup key:0, shard:8 shards:map[0:true 1:true 2:true 3:true 4:true 5:true 6:true 7:true 8:true 9:true]
2026/02/24 17:27:49 [Node:0 GID:100] shardkv server get key:0, check param failed Err:ErrWrongGroup
2026/02/24 17:27:49 [Node:2 GID:100 isLeader:false] shardkv server generateSnapshotter raft state size: 717, maxraftstate: 1000
2026/02/24 17:27:49 [Node:0 GID:100 isLeader:true] shardkv server generateSnapshotter raft state size: 717, maxraftstate: 1000
2026/02/24 17:27:49 [Node:1 GID:100 isLeader:false] shardkv server generateSnapshotter raft state size: 717, maxraftstate: 1000
2026/02/24 17:27:49 [Node:2 GID:100 isLeader:false] shardkv server generateSnapshotter raft state size: 717, maxraftstate: 1000
2026/02/24 17:27:49 [Node:0 GID:100 isLeader:true] shardkv server generateSnapshotter raft state size: 717, maxraftstate: 1000
2026/02/24 17:27:49 [Node:1 GID:100 isLeader:false] shardkv server generateSnapshotter raft state size: 717, maxraftstate: 1000
2026/02/24 17:27:49 [Node:0 GID:100 isLeader:true] shardkv server checkGroup key:0, shard:8 shards:map[0:true 1:true 2:true 3:true 4:true 5:true 6:true 7:true 8:true 9:true]
2026/02/24 17:27:49 [Node:0 GID:100] shardkv server get key:0, check param failed Err:ErrWrongGroup
2026/02/24 17:27:49 [Node:0 GID:100 isLeader:true] shardkv server generateSnapshotter raft state size: 717, maxraftstate: 1000
2026/02/24 17:27:49 [Node:2 GID:100 isLeader:false] shardkv server generateSnapshotter raft state size: 717, maxraftstate: 1000
2026/02/24 17:27:49 [Node:1 GID:100 isLeader:false] shardkv server generateSnapshotter raft state size: 717, maxraftstate: 1000
2026/02/24 17:27:50 [Node:0 GID:100 isLeader:true] shardkv server generateSnapshotter raft state size: 717, maxraftstate: 1000
2026/02/24 17:27:50 [Node:2 GID:100 isLeader:false] shardkv server generateSnapshotter raft state size: 717, maxraftstate: 1000
2026/02/24 17:27:50 [Node:1 GID:100 isLeader:false] shardkv server generateSnapshotter raft state size: 717, maxraftstate: 1000
2026/02/24 17:27:50 [Node:0 GID:100 isLeader:true] shardkv server checkGroup key:0, shard:8 shards:map[0:true 1:true 2:true 3:true 4:true 5:true 6:true 7:true 8:true 9:true]
2026/02/24 17:27:50 [Node:0 GID:100] shardkv server get key:0, check param failed Err:ErrWrongGroup
2026/02/24 17:27:50 [Node:2 GID:100 isLeader:false] shardkv server generateSnapshotter raft state size: 717, maxraftstate: 1000
2026/02/24 17:27:50 [Node:0 GID:100 isLeader:true] shardkv server generateSnapshotter raft state size: 717, maxraftstate: 1000
2026/02/24 17:27:50 [Node:1 GID:100 isLeader:false] shardkv server generateSnapshotter raft state size: 717, maxraftstate: 1000
2026/02/24 17:27:50 [Node:0 GID:100 isLeader:true] shardkv server generateSnapshotter raft state size: 717, maxraftstate: 1000
2026/02/24 17:27:50 [Node:2 GID:100 isLeader:false] shardkv server generateSnapshotter raft state size: 717, maxraftstate: 1000
2026/02/24 17:27:50 [Node:1 GID:100 isLeader:false] shardkv server generateSnapshotter raft state size: 717, maxraftstate: 1000
2026/02/24 17:27:50 [Node:0 GID:100 isLeader:true] shardkv server checkGroup key:0, shard:8 shards:map[0:true 1:true 2:true 3:true 4:true 5:true 6:true 7:true 8:true 9:true]
2026/02/24 17:27:50 [Node:0 GID:100] shardkv server get key:0, check param failed Err:ErrWrongGroup
2026/02/24 17:27:50 [Node:2 GID:100 isLeader:false] shardkv server generateSnapshotter raft state size: 717, maxraftstate: 1000
2026/02/24 17:27:50 [Node:0 GID:100 isLeader:true] shardkv server generateSnapshotter raft state size: 717, maxraftstate: 1000
2026/02/24 17:27:50 [Node:1 GID:100 isLeader:false] shardkv server generateSnapshotter raft state size: 717, maxraftstate: 1000
2026/02/24 17:27:50 [Node:2 GID:100 isLeader:false] shardkv server generateSnapshotter raft state size: 717, maxraftstate: 1000
2026/02/24 17:27:50 [Node:0 GID:100 isLeader:true] shardkv server generateSnapshotter raft state size: 717, maxraftstate: 1000
2026/02/24 17:27:50 [Node:1 GID:100 isLeader:false] shardkv server generateSnapshotter raft state size: 717, maxraftstate: 1000
2026/02/24 17:27:50 [Node:0 GID:100 isLeader:true] shardkv server checkGroup key:0, shard:8 shards:map[0:true 1:true 2:true 3:true 4:true 5:true 6:true 7:true 8:true 9:true]
2026/02/24 17:27:50 [Node:0 GID:100] shardkv server get key:0, check param failed Err:ErrWrongGroup
2026/02/24 17:27:50 [Node:0 GID:100 isLeader:true] shardkv server generateSnapshotter raft state size: 717, maxraftstate: 1000
2026/02/24 17:27:50 [Node:2 GID:100 isLeader:false] shardkv server generateSnapshotter raft state size: 717, maxraftstate: 1000
2026/02/24 17:27:50 [Node:1 GID:100 isLeader:false] shardkv server generateSnapshotter raft state size: 717, maxraftstate: 1000
2026/02/24 17:27:50 [Node:0 GID:100 isLeader:true] shardkv server generateSnapshotter raft state size: 717, maxraftstate: 1000
2026/02/24 17:27:50 [Node:2 GID:100 isLeader:false] shardkv server generateSnapshotter raft state size: 717, maxraftstate: 1000
2026/02/24 17:27:50 [Node:1 GID:100 isLeader:false] shardkv server generateSnapshotter raft state size: 717, maxraftstate: 1000
2026/02/24 17:27:50 [Node:0 GID:100 isLeader:true] shardkv server checkGroup key:0, shard:8 shards:map[0:true 1:true 2:true 3:true 4:true 5:true 6:true 7:true 8:true 9:true]
2026/02/24 17:27:50 [Node:0 GID:100] shardkv server get key:0, check param failed Err:ErrWrongGroup
2026/02/24 17:27:50 [Node:2 GID:100 isLeader:false] shardkv server generateSnapshotter raft state size: 717, maxraftstate: 1000
2026/02/24 17:27:50 [Node:0 GID:100 isLeader:true] shardkv server generateSnapshotter raft state size: 717, maxraftstate: 1000
2026/02/24 17:27:50 [Node:1 GID:100 isLeader:false] shardkv server generateSnapshotter raft state size: 717, maxraftstate: 1000
2026/02/24 17:27:50 [Node:2 GID:100 isLeader:false] shardkv server generateSnapshotter raft state size: 717, maxraftstate: 1000
2026/02/24 17:27:50 [Node:0 GID:100 isLeader:true] shardkv server generateSnapshotter raft state size: 717, maxraftstate: 1000
2026/02/24 17:27:50 [Node:1 GID:100 isLeader:false] shardkv server generateSnapshotter raft state size: 717, maxraftstate: 1000
2026/02/24 17:27:50 [Node:0 GID:100 isLeader:true] shardkv server checkGroup key:0, shard:8 shards:map[0:true 1:true 2:true 3:true 4:true 5:true 6:true 7:true 8:true 9:true]
2026/02/24 17:27:50 [Node:0 GID:100] shardkv server get key:0, check param failed Err:ErrWrongGroup
2026/02/24 17:27:50 [Node:2 GID:100 isLeader:false] shardkv server generateSnapshotter raft state size: 717, maxraftstate: 1000
2026/02/24 17:27:50 [Node:0 GID:100 isLeader:true] shardkv server generateSnapshotter raft state size: 717, maxraftstate: 1000
2026/02/24 17:27:51 [Node:1 GID:100 isLeader:false] shardkv server generateSnapshotter raft state size: 717, maxraftstate: 1000
2026/02/24 17:27:51 [Node:0 GID:100 isLeader:true] shardkv server generateSnapshotter raft state size: 717, maxraftstate: 1000
2026/02/24 17:27:51 [Node:2 GID:100 isLeader:false] shardkv server generateSnapshotter raft state size: 717, maxraftstate: 1000
2026/02/24 17:27:51 [Node:1 GID:100 isLeader:false] shardkv server generateSnapshotter raft state size: 717, maxraftstate: 1000
2026/02/24 17:27:51 [Node:0 GID:100 isLeader:true] shardkv server checkGroup key:0, shard:8 shards:map[0:true 1:true 2:true 3:true 4:true 5:true 6:true 7:true 8:true 9:true]
2026/02/24 17:27:51 [Node:0 GID:100] shardkv server get key:0, check param failed Err:ErrWrongGroup
2026/02/24 17:27:51 [Node:2 GID:100 isLeader:false] shardkv server generateSnapshotter raft state size: 717, maxraftstate: 1000
2026/02/24 17:27:51 [Node:0 GID:100 isLeader:true] shardkv server generateSnapshotter raft state size: 717, maxraftstate: 1000
2026/02/24 17:27:51 [Node:1 GID:100 isLeader:false] shardkv server generateSnapshotter raft state size: 717, maxraftstate: 1000
2026/02/24 17:27:51 [Node:0 GID:100 isLeader:true] shardkv server generateSnapshotter raft state size: 717, maxraftstate: 1000
2026/02/24 17:27:51 [Node:2 GID:100 isLeader:false] shardkv server generateSnapshotter raft state size: 717, maxraftstate: 1000
2026/02/24 17:27:51 [Node:1 GID:100 isLeader:false] shardkv server generateSnapshotter raft state size: 717, maxraftstate: 1000
2026/02/24 17:27:51 [Node:0 GID:100 isLeader:true] shardkv server checkGroup key:0, shard:8 shards:map[0:true 1:true 2:true 3:true 4:true 5:true 6:true 7:true 8:true 9:true]
2026/02/24 17:27:51 [Node:0 GID:100] shardkv server get key:0, check param failed Err:ErrWrongGroup
2026/02/24 17:27:51 [Node:2 GID:100 isLeader:false] shardkv server generateSnapshotter raft state size: 717, maxraftstate: 1000
2026/02/24 17:27:51 [Node:0 GID:100 isLeader:true] shardkv server generateSnapshotter raft state size: 717, maxraftstate: 1000
2026/02/24 17:27:51 [Node:1 GID:100 isLeader:false] shardkv server generateSnapshotter raft state size: 717, maxraftstate: 1000
2026/02/24 17:27:51 [Node:2 GID:100 isLeader:false] shardkv server generateSnapshotter raft state size: 717, maxraftstate: 1000
2026/02/24 17:27:51 [Node:0 GID:100 isLeader:true] shardkv server generateSnapshotter raft state size: 717, maxraftstate: 1000
2026/02/24 17:27:51 [Node:1 GID:100 isLeader:false] shardkv server generateSnapshotter raft state size: 717, maxraftstate: 1000
2026/02/24 17:27:51 [Node:0 GID:100 isLeader:true] shardkv server generateSnapshotter raft state size: 717, maxraftstate: 1000
2026/02/24 17:27:51 [Node:2 GID:100 isLeader:false] shardkv server generateSnapshotter raft state size: 717, maxraftstate: 1000
2026/02/24 17:27:51 [Node:0 GID:100 isLeader:true] shardkv server checkGroup key:0, shard:8 shards:map[0:true 1:true 2:true 3:true 4:true 5:true 6:true 7:true 8:true 9:true]
2026/02/24 17:27:51 [Node:0 GID:100] shardkv server get key:0, check param failed Err:ErrWrongGroup
2026/02/24 17:27:51 [Node:1 GID:100 isLeader:false] shardkv server generateSnapshotter raft state size: 717, maxraftstate: 1000
2026/02/24 17:27:51 [Node:0 GID:100 isLeader:true] shardkv server generateSnapshotter raft state size: 717, maxraftstate: 1000
2026/02/24 17:27:51 [Node:2 GID:100 isLeader:false] shardkv server generateSnapshotter raft state size: 717, maxraftstate: 1000
2026/02/24 17:27:51 [Node:1 GID:100 isLeader:false] shardkv server generateSnapshotter raft state size: 717, maxraftstate: 1000
2026/02/24 17:27:51 [Node:0 GID:100 isLeader:true] shardkv server generateSnapshotter raft state size: 717, maxraftstate: 1000
2026/02/24 17:27:51 [Node:2 GID:100 isLeader:false] shardkv server generateSnapshotter raft state size: 717, maxraftstate: 1000
2026/02/24 17:27:51 [Node:1 GID:100 isLeader:false] shardkv server generateSnapshotter raft state size: 717, maxraftstate: 1000
2026/02/24 17:27:51 [Node:0 GID:100 isLeader:true] shardkv server checkGroup key:0, shard:8 shards:map[0:true 1:true 2:true 3:true 4:true 5:true 6:true 7:true 8:true 9:true]
2026/02/24 17:27:51 [Node:0 GID:100] shardkv server get key:0, check param failed Err:ErrWrongGroup
2026/02/24 17:27:51 [Node:0 GID:100 isLeader:true] shardkv server generateSnapshotter raft state size: 717, maxraftstate: 1000
2026/02/24 17:27:51 [Node:2 GID:100 isLeader:false] shardkv server generateSnapshotter raft state size: 717, maxraftstate: 1000
2026/02/24 17:27:51 [Node:1 GID:100 isLeader:false] shardkv server generateSnapshotter raft state size: 717, maxraftstate: 1000
2026/02/24 17:27:51 [Node:2 GID:100 isLeader:false] shardkv server generateSnapshotter raft state size: 717, maxraftstate: 1000
2026/02/24 17:27:51 [Node:0 GID:100 isLeader:true] shardkv server generateSnapshotter raft state size: 717, maxraftstate: 1000
2026/02/24 17:27:52 [Node:1 GID:100 isLeader:false] shardkv server generateSnapshotter raft state size: 717, maxraftstate: 1000
2026/02/24 17:27:52 [Node:0 GID:100 isLeader:true] shardkv server checkGroup key:0, shard:8 shards:map[0:true 1:true 2:true 3:true 4:true 5:true 6:true 7:true 8:true 9:true]
2026/02/24 17:27:52 [Node:0 GID:100] shardkv server get key:0, check param failed Err:ErrWrongGroup
2026/02/24 17:27:52 [Node:2 GID:100 isLeader:false] shardkv server generateSnapshotter raft state size: 717, maxraftstate: 1000
2026/02/24 17:27:52 [Node:0 GID:100 isLeader:true] shardkv server generateSnapshotter raft state size: 717, maxraftstate: 1000
2026/02/24 17:27:52 [Node:1 GID:100 isLeader:false] shardkv server generateSnapshotter raft state size: 717, maxraftstate: 1000
2026/02/24 17:27:52 [Node:2 GID:100 isLeader:false] shardkv server generateSnapshotter raft state size: 717, maxraftstate: 1000
2026/02/24 17:27:52 [Node:0 GID:100 isLeader:true] shardkv server generateSnapshotter raft state size: 717, maxraftstate: 1000
2026/02/24 17:27:52 [Node:1 GID:100 isLeader:false] shardkv server generateSnapshotter raft state size: 717, maxraftstate: 1000
2026/02/24 17:27:52 [Node:0 GID:100 isLeader:true] shardkv server checkGroup key:0, shard:8 shards:map[0:true 1:true 2:true 3:true 4:true 5:true 6:true 7:true 8:true 9:true]
2026/02/24 17:27:52 [Node:0 GID:100] shardkv server get key:0, check param failed Err:ErrWrongGroup
2026/02/24 17:27:52 [Node:2 GID:100 isLeader:false] shardkv server generateSnapshotter raft state size: 717, maxraftstate: 1000
2026/02/24 17:27:52 [Node:0 GID:100 isLeader:true] shardkv server generateSnapshotter raft state size: 717, maxraftstate: 1000
2026/02/24 17:27:52 [Node:1 GID:100 isLeader:false] shardkv server generateSnapshotter raft state size: 717, maxraftstate: 1000
2026/02/24 17:27:52 [Node:2 GID:100 isLeader:false] shardkv server generateSnapshotter raft state size: 717, maxraftstate: 1000
2026/02/24 17:27:52 [Node:0 GID:100 isLeader:true] shardkv server generateSnapshotter raft state size: 717, maxraftstate: 1000
2026/02/24 17:27:52 [Node:1 GID:100 isLeader:false] shardkv server generateSnapshotter raft state size: 717, maxraftstate: 1000
2026/02/24 17:27:52 [Node:0 GID:100 isLeader:true] shardkv server checkGroup key:0, shard:8 shards:map[0:true 1:true 2:true 3:true 4:true 5:true 6:true 7:true 8:true 9:true]
2026/02/24 17:27:52 [Node:0 GID:100] shardkv server get key:0, check param failed Err:ErrWrongGroup
2026/02/24 17:27:52 [Node:0 GID:100 isLeader:true] shardkv server generateSnapshotter raft state size: 717, maxraftstate: 1000
2026/02/24 17:27:52 [Node:2 GID:100 isLeader:false] shardkv server generateSnapshotter raft state size: 717, maxraftstate: 1000
2026/02/24 17:27:52 [Node:1 GID:100 isLeader:false] shardkv server generateSnapshotter raft state size: 717, maxraftstate: 1000
2026/02/24 17:27:52 [Node:0 GID:100 isLeader:true] shardkv server generateSnapshotter raft state size: 717, maxraftstate: 1000
2026/02/24 17:27:52 [Node:2 GID:100 isLeader:false] shardkv server generateSnapshotter raft state size: 717, maxraftstate: 1000
2026/02/24 17:27:52 [Node:1 GID:100 isLeader:false] shardkv server generateSnapshotter raft state size: 717, maxraftstate: 1000
2026/02/24 17:27:52 [Node:0 GID:100 isLeader:true] shardkv server checkGroup key:0, shard:8 shards:map[0:true 1:true 2:true 3:true 4:true 5:true 6:true 7:true 8:true 9:true]
2026/02/24 17:27:52 [Node:0 GID:100] shardkv server get key:0, check param failed Err:ErrWrongGroup
2026/02/24 17:27:52 [Node:2 GID:100 isLeader:false] shardkv server generateSnapshotter raft state size: 717, maxraftstate: 1000
2026/02/24 17:27:52 [Node:0 GID:100 isLeader:true] shardkv server generateSnapshotter raft state size: 717, maxraftstate: 1000
2026/02/24 17:27:52 [Node:1 GID:100 isLeader:false] shardkv server generateSnapshotter raft state size: 717, maxraftstate: 1000
2026/02/24 17:27:52 [Node:2 GID:100 isLeader:false] shardkv server generateSnapshotter raft state size: 717, maxraftstate: 1000
2026/02/24 17:27:52 [Node:0 GID:100 isLeader:true] shardkv server generateSnapshotter raft state size: 717, maxraftstate: 1000
2026/02/24 17:27:52 [Node:1 GID:100 isLeader:false] shardkv server generateSnapshotter raft state size: 717, maxraftstate: 1000
2026/02/24 17:27:52 [Node:0 GID:100 isLeader:true] shardkv server generateSnapshotter raft state size: 717, maxraftstate: 1000
2026/02/24 17:27:52 [Node:2 GID:100 isLeader:false] shardkv server generateSnapshotter raft state size: 717, maxraftstate: 1000
2026/02/24 17:27:52 [Node:1 GID:100 isLeader:false] shardkv server generateSnapshotter raft state size: 717, maxraftstate: 1000
2026/02/24 17:27:52 [Node:0 GID:100 isLeader:true] shardkv server checkGroup key:0, shard:8 shards:map[0:true 1:true 2:true 3:true 4:true 5:true 6:true 7:true 8:true 9:true]
2026/02/24 17:27:52 [Node:0 GID:100] shardkv server get key:0, check param failed Err:ErrWrongGroup
2026/02/24 17:27:53 [Node:0 GID:100 isLeader:true] shardkv server generateSnapshotter raft state size: 717, maxraftstate: 1000
2026/02/24 17:27:53 [Node:2 GID:100 isLeader:false] shardkv server generateSnapshotter raft state size: 717, maxraftstate: 1000
2026/02/24 17:27:53 [Node:1 GID:100 isLeader:false] shardkv server generateSnapshotter raft state size: 717, maxraftstate: 1000
2026/02/24 17:27:53 [Node:2 GID:100 isLeader:false] shardkv server generateSnapshotter raft state size: 717, maxraftstate: 1000
2026/02/24 17:27:53 [Node:0 GID:100 isLeader:true] shardkv server generateSnapshotter raft state size: 717, maxraftstate: 1000
2026/02/24 17:27:53 [Node:1 GID:100 isLeader:false] shardkv server generateSnapshotter raft state size: 717, maxraftstate: 1000
2026/02/24 17:27:53 [Node:0 GID:100 isLeader:true] shardkv server checkGroup key:0, shard:8 shards:map[0:true 1:true 2:true 3:true 4:true 5:true 6:true 7:true 8:true 9:true]
2026/02/24 17:27:53 [Node:0 GID:100] shardkv server get key:0, check param failed Err:ErrWrongGroup
2026/02/24 17:27:53 [Node:2 GID:100 isLeader:false] shardkv server generateSnapshotter raft state size: 717, maxraftstate: 1000
2026/02/24 17:27:53 [Node:0 GID:100 isLeader:true] shardkv server generateSnapshotter raft state size: 717, maxraftstate: 1000
2026/02/24 17:27:53 [Node:1 GID:100 isLeader:false] shardkv server generateSnapshotter raft state size: 717, maxraftstate: 1000
2026/02/24 17:27:53 [Node:0 GID:100 isLeader:true] shardkv server generateSnapshotter raft state size: 717, maxraftstate: 1000
2026/02/24 17:27:53 [Node:2 GID:100 isLeader:false] shardkv server generateSnapshotter raft state size: 717, maxraftstate: 1000
2026/02/24 17:27:53 [Node:1 GID:100 isLeader:false] shardkv server generateSnapshotter raft state size: 717, maxraftstate: 1000
2026/02/24 17:27:53 [Node:0 GID:100 isLeader:true] shardkv server checkGroup key:0, shard:8 shards:map[0:true 1:true 2:true 3:true 4:true 5:true 6:true 7:true 8:true 9:true]
2026/02/24 17:27:53 [Node:0 GID:100] shardkv server get key:0, check param failed Err:ErrWrongGroup
2026/02/24 17:27:53 [Node:0 GID:100 isLeader:true] shardkv server generateSnapshotter raft state size: 717, maxraftstate: 1000
2026/02/24 17:27:53 [Node:2 GID:100 isLeader:false] shardkv server generateSnapshotter raft state size: 717, maxraftstate: 1000
2026/02/24 17:27:53 [Node:1 GID:100 isLeader:false] shardkv server generateSnapshotter raft state size: 717, maxraftstate: 1000
2026/02/24 17:27:53 [Node:2 GID:100 isLeader:false] shardkv server generateSnapshotter raft state size: 717, maxraftstate: 1000
2026/02/24 17:27:53 [Node:0 GID:100 isLeader:true] shardkv server generateSnapshotter raft state size: 717, maxraftstate: 1000
2026/02/24 17:27:53 [Node:1 GID:100 isLeader:false] shardkv server generateSnapshotter raft state size: 717, maxraftstate: 1000
2026/02/24 17:27:53 [Node:0 GID:100 isLeader:true] shardkv server checkGroup key:0, shard:8 shards:map[0:true 1:true 2:true 3:true 4:true 5:true 6:true 7:true 8:true 9:true]
2026/02/24 17:27:53 [Node:0 GID:100] shardkv server get key:0, check param failed Err:ErrWrongGroup
2026/02/24 17:27:53 [Node:0 GID:100 isLeader:true] shardkv server generateSnapshotter raft state size: 717, maxraftstate: 1000
2026/02/24 17:27:53 [Node:2 GID:100 isLeader:false] shardkv server generateSnapshotter raft state size: 717, maxraftstate: 1000
2026/02/24 17:27:53 [Node:1 GID:100 isLeader:false] shardkv server generateSnapshotter raft state size: 717, maxraftstate: 1000
2026/02/24 17:27:53 [Node:2 GID:100 isLeader:false] shardkv server generateSnapshotter raft state size: 717, maxraftstate: 1000
2026/02/24 17:27:53 [Node:0 GID:100 isLeader:true] shardkv server generateSnapshotter raft state size: 717, maxraftstate: 1000
2026/02/24 17:27:53 [Node:1 GID:100 isLeader:false] shardkv server generateSnapshotter raft state size: 717, maxraftstate: 1000
2026/02/24 17:27:53 [Node:0 GID:100 isLeader:true] shardkv server checkGroup key:0, shard:8 shards:map[0:true 1:true 2:true 3:true 4:true 5:true 6:true 7:true 8:true 9:true]
2026/02/24 17:27:53 [Node:0 GID:100] shardkv server get key:0, check param failed Err:ErrWrongGroup
2026/02/24 17:27:53 [Node:0 GID:100 isLeader:true] shardkv server generateSnapshotter raft state size: 717, maxraftstate: 1000
2026/02/24 17:27:53 [Node:2 GID:100 isLeader:false] shardkv server generateSnapshotter raft state size: 717, maxraftstate: 1000
2026/02/24 17:27:53 [Node:1 GID:100 isLeader:false] shardkv server generateSnapshotter raft state size: 717, maxraftstate: 1000
2026/02/24 17:27:53 [Node:2 GID:100 isLeader:false] shardkv server generateSnapshotter raft state size: 717, maxraftstate: 1000
2026/02/24 17:27:53 [Node:0 GID:100 isLeader:true] shardkv server generateSnapshotter raft state size: 717, maxraftstate: 1000
2026/02/24 17:27:53 [Node:1 GID:100 isLeader:false] shardkv server generateSnapshotter raft state size: 717, maxraftstate: 1000
2026/02/24 17:27:54 [Node:2 GID:100 isLeader:false] shardkv server generateSnapshotter raft state size: 717, maxraftstate: 1000
2026/02/24 17:27:54 [Node:0 GID:100 isLeader:true] shardkv server generateSnapshotter raft state size: 717, maxraftstate: 1000
2026/02/24 17:27:54 [Node:0 GID:100 isLeader:true] shardkv server checkGroup key:0, shard:8 shards:map[0:true 1:true 2:true 3:true 4:true 5:true 6:true 7:true 8:true 9:true]
2026/02/24 17:27:54 [Node:0 GID:100] shardkv server get key:0, check param failed Err:ErrWrongGroup
2026/02/24 17:27:54 [Node:1 GID:100 isLeader:false] shardkv server generateSnapshotter raft state size: 717, maxraftstate: 1000
2026/02/24 17:27:54 [Node:0 GID:100 isLeader:true] shardkv server generateSnapshotter raft state size: 717, maxraftstate: 1000
2026/02/24 17:27:54 [Node:2 GID:100 isLeader:false] shardkv server generateSnapshotter raft state size: 717, maxraftstate: 1000
2026/02/24 17:27:54 [Node:1 GID:100 isLeader:false] shardkv server generateSnapshotter raft state size: 717, maxraftstate: 1000
2026/02/24 17:27:54 [Node:0 GID:100 isLeader:true] shardkv server generateSnapshotter raft state size: 717, maxraftstate: 1000
2026/02/24 17:27:54 [Node:2 GID:100 isLeader:false] shardkv server generateSnapshotter raft state size: 717, maxraftstate: 1000
2026/02/24 17:27:54 [Node:1 GID:100 isLeader:false] shardkv server generateSnapshotter raft state size: 717, maxraftstate: 1000
2026/02/24 17:27:54 [Node:0 GID:100 isLeader:true] shardkv server checkGroup key:0, shard:8 shards:map[0:true 1:true 2:true 3:true 4:true 5:true 6:true 7:true 8:true 9:true]
2026/02/24 17:27:54 [Node:0 GID:100] shardkv server get key:0, check param failed Err:ErrWrongGroup
2026/02/24 17:27:54 [Node:0 GID:100 isLeader:true] shardkv server generateSnapshotter raft state size: 717, maxraftstate: 1000
2026/02/24 17:27:54 [Node:2 GID:100 isLeader:false] shardkv server generateSnapshotter raft state size: 717, maxraftstate: 1000
2026/02/24 17:27:54 [Node:1 GID:100 isLeader:false] shardkv server generateSnapshotter raft state size: 717, maxraftstate: 1000
2026/02/24 17:27:54 [Node:2 GID:100 isLeader:false] shardkv server generateSnapshotter raft state size: 717, maxraftstate: 1000
2026/02/24 17:27:54 [Node:0 GID:100 isLeader:true] shardkv server generateSnapshotter raft state size: 717, maxraftstate: 1000
2026/02/24 17:27:54 [Node:1 GID:100 isLeader:false] shardkv server generateSnapshotter raft state size: 717, maxraftstate: 1000
2026/02/24 17:27:54 [Node:0 GID:100 isLeader:true] shardkv server checkGroup key:0, shard:8 shards:map[0:true 1:true 2:true 3:true 4:true 5:true 6:true 7:true 8:true 9:true]
2026/02/24 17:27:54 [Node:0 GID:100] shardkv server get key:0, check param failed Err:ErrWrongGroup
2026/02/24 17:27:54 [Node:2 GID:100 isLeader:false] shardkv server generateSnapshotter raft state size: 717, maxraftstate: 1000
2026/02/24 17:27:54 [Node:0 GID:100 isLeader:true] shardkv server generateSnapshotter raft state size: 717, maxraftstate: 1000
2026/02/24 17:27:54 [Node:1 GID:100 isLeader:false] shardkv server generateSnapshotter raft state size: 717, maxraftstate: 1000
2026/02/24 17:27:54 [Node:2 GID:100 isLeader:false] shardkv server generateSnapshotter raft state size: 717, maxraftstate: 1000
2026/02/24 17:27:54 [Node:0 GID:100 isLeader:true] shardkv server generateSnapshotter raft state size: 717, maxraftstate: 1000
2026/02/24 17:27:54 [Node:1 GID:100 isLeader:false] shardkv server generateSnapshotter raft state size: 717, maxraftstate: 1000
2026/02/24 17:27:54 [Node:0 GID:100 isLeader:true] shardkv server checkGroup key:0, shard:8 shards:map[0:true 1:true 2:true 3:true 4:true 5:true 6:true 7:true 8:true 9:true]
2026/02/24 17:27:54 [Node:0 GID:100] shardkv server get key:0, check param failed Err:ErrWrongGroup
2026/02/24 17:27:54 [Node:2 GID:100 isLeader:false] shardkv server generateSnapshotter raft state size: 717, maxraftstate: 1000
2026/02/24 17:27:54 [Node:0 GID:100 isLeader:true] shardkv server generateSnapshotter raft state size: 717, maxraftstate: 1000
2026/02/24 17:27:54 [Node:1 GID:100 isLeader:false] shardkv server generateSnapshotter raft state size: 717, maxraftstate: 1000
2026/02/24 17:27:54 [Node:2 GID:100 isLeader:false] shardkv server generateSnapshotter raft state size: 717, maxraftstate: 1000
2026/02/24 17:27:54 [Node:0 GID:100 isLeader:true] shardkv server generateSnapshotter raft state size: 717, maxraftstate: 1000
2026/02/24 17:27:54 [Node:1 GID:100 isLeader:false] shardkv server generateSnapshotter raft state size: 717, maxraftstate: 1000
2026/02/24 17:27:54 [Node:0 GID:100 isLeader:true] shardkv server checkGroup key:0, shard:8 shards:map[0:true 1:true 2:true 3:true 4:true 5:true 6:true 7:true 8:true 9:true]
2026/02/24 17:27:54 [Node:0 GID:100] shardkv server get key:0, check param failed Err:ErrWrongGroup
2026/02/24 17:27:54 [Node:0 GID:100 isLeader:true] shardkv server generateSnapshotter raft state size: 717, maxraftstate: 1000
2026/02/24 17:27:54 [Node:2 GID:100 isLeader:false] shardkv server generateSnapshotter raft state size: 717, maxraftstate: 1000
2026/02/24 17:27:54 [Node:1 GID:100 isLeader:false] shardkv server generateSnapshotter raft state size: 717, maxraftstate: 1000
2026/02/24 17:27:55 [Node:0 GID:100 isLeader:true] shardkv server generateSnapshotter raft state size: 717, maxraftstate: 1000
2026/02/24 17:27:55 [Node:2 GID:100 isLeader:false] shardkv server generateSnapshotter raft state size: 717, maxraftstate: 1000
2026/02/24 17:27:55 [Node:1 GID:100 isLeader:false] shardkv server generateSnapshotter raft state size: 717, maxraftstate: 1000
2026/02/24 17:27:55 [Node:2 GID:100 isLeader:false] shardkv server generateSnapshotter raft state size: 717, maxraftstate: 1000
2026/02/24 17:27:55 [Node:0 GID:100 isLeader:true] shardkv server generateSnapshotter raft state size: 717, maxraftstate: 1000
2026/02/24 17:27:55 [Node:1 GID:100 isLeader:false] shardkv server generateSnapshotter raft state size: 717, maxraftstate: 1000
2026/02/24 17:27:55 [Node:0 GID:100 isLeader:true] shardkv server checkGroup key:0, shard:8 shards:map[0:true 1:true 2:true 3:true 4:true 5:true 6:true 7:true 8:true 9:true]
2026/02/24 17:27:55 [Node:0 GID:100] shardkv server get key:0, check param failed Err:ErrWrongGroup
2026/02/24 17:27:55 [Node:0 GID:100 isLeader:true] shardkv server generateSnapshotter raft state size: 717, maxraftstate: 1000
2026/02/24 17:27:55 [Node:2 GID:100 isLeader:false] shardkv server generateSnapshotter raft state size: 717, maxraftstate: 1000
2026/02/24 17:27:55 [Node:1 GID:100 isLeader:false] shardkv server generateSnapshotter raft state size: 717, maxraftstate: 1000
2026/02/24 17:27:55 [Node:0 GID:100 isLeader:true] shardkv server generateSnapshotter raft state size: 717, maxraftstate: 1000
2026/02/24 17:27:55 [Node:2 GID:100 isLeader:false] shardkv server generateSnapshotter raft state size: 717, maxraftstate: 1000
2026/02/24 17:27:55 [Node:1 GID:100 isLeader:false] shardkv server generateSnapshotter raft state size: 717, maxraftstate: 1000
2026/02/24 17:27:55 [Node:0 GID:100 isLeader:true] shardkv server checkGroup key:0, shard:8 shards:map[0:true 1:true 2:true 3:true 4:true 5:true 6:true 7:true 8:true 9:true]
2026/02/24 17:27:55 [Node:0 GID:100] shardkv server get key:0, check param failed Err:ErrWrongGroup
2026/02/24 17:27:55 [Node:0 GID:100 isLeader:true] shardkv server generateSnapshotter raft state size: 717, maxraftstate: 1000
2026/02/24 17:27:55 [Node:2 GID:100 isLeader:false] shardkv server generateSnapshotter raft state size: 717, maxraftstate: 1000
2026/02/24 17:27:55 [Node:1 GID:100 isLeader:false] shardkv server generateSnapshotter raft state size: 717, maxraftstate: 1000
2026/02/24 17:27:55 [Node:0 GID:100 isLeader:true] shardkv server generateSnapshotter raft state size: 717, maxraftstate: 1000
2026/02/24 17:27:55 [Node:2 GID:100 isLeader:false] shardkv server generateSnapshotter raft state size: 717, maxraftstate: 1000
2026/02/24 17:27:55 [Node:1 GID:100 isLeader:false] shardkv server generateSnapshotter raft state size: 717, maxraftstate: 1000
2026/02/24 17:27:55 [Node:0 GID:100 isLeader:true] shardkv server checkGroup key:0, shard:8 shards:map[0:true 1:true 2:true 3:true 4:true 5:true 6:true 7:true 8:true 9:true]
2026/02/24 17:27:55 [Node:0 GID:100] shardkv server get key:0, check param failed Err:ErrWrongGroup
2026/02/24 17:27:55 [Node:0 GID:100 isLeader:true] shardkv server generateSnapshotter raft state size: 717, maxraftstate: 1000
2026/02/24 17:27:55 [Node:2 GID:100 isLeader:false] shardkv server generateSnapshotter raft state size: 717, maxraftstate: 1000
2026/02/24 17:27:55 [Node:1 GID:100 isLeader:false] shardkv server generateSnapshotter raft state size: 717, maxraftstate: 1000
2026/02/24 17:27:55 [Node:2 GID:100 isLeader:false] shardkv server generateSnapshotter raft state size: 717, maxraftstate: 1000
2026/02/24 17:27:55 [Node:0 GID:100 isLeader:true] shardkv server generateSnapshotter raft state size: 717, maxraftstate: 1000
2026/02/24 17:27:55 [Node:1 GID:100 isLeader:false] shardkv server generateSnapshotter raft state size: 717, maxraftstate: 1000
2026/02/24 17:27:55 [Node:0 GID:100 isLeader:true] shardkv server checkGroup key:0, shard:8 shards:map[0:true 1:true 2:true 3:true 4:true 5:true 6:true 7:true 8:true 9:true]
2026/02/24 17:27:55 [Node:0 GID:100] shardkv server get key:0, check param failed Err:ErrWrongGroup
2026/02/24 17:27:55 [Node:0 GID:100 isLeader:true] shardkv server generateSnapshotter raft state size: 717, maxraftstate: 1000
2026/02/24 17:27:55 [Node:2 GID:100 isLeader:false] shardkv server generateSnapshotter raft state size: 717, maxraftstate: 1000
2026/02/24 17:27:55 [Node:1 GID:100 isLeader:false] shardkv server generateSnapshotter raft state size: 717, maxraftstate: 1000
2026/02/24 17:27:55 [Node:0 GID:100 isLeader:true] shardkv server generateSnapshotter raft state size: 717, maxraftstate: 1000
2026/02/24 17:27:55 [Node:2 GID:100 isLeader:false] shardkv server generateSnapshotter raft state size: 717, maxraftstate: 1000
2026/02/24 17:27:55 [Node:1 GID:100 isLeader:false] shardkv server generateSnapshotter raft state size: 717, maxraftstate: 1000
2026/02/24 17:27:56 [Node:0 GID:100 isLeader:true] shardkv server generateSnapshotter raft state size: 717, maxraftstate: 1000
2026/02/24 17:27:56 [Node:2 GID:100 isLeader:false] shardkv server generateSnapshotter raft state size: 717, maxraftstate: 1000
2026/02/24 17:27:56 [Node:0 GID:100 isLeader:true] shardkv server checkGroup key:0, shard:8 shards:map[0:true 1:true 2:true 3:true 4:true 5:true 6:true 7:true 8:true 9:true]
2026/02/24 17:27:56 [Node:0 GID:100] shardkv server get key:0, check param failed Err:ErrWrongGroup
2026/02/24 17:27:56 [Node:1 GID:100 isLeader:false] shardkv server generateSnapshotter raft state size: 717, maxraftstate: 1000
2026/02/24 17:27:56 [Node:0 GID:100 isLeader:true] shardkv server generateSnapshotter raft state size: 717, maxraftstate: 1000
2026/02/24 17:27:56 [Node:2 GID:100 isLeader:false] shardkv server generateSnapshotter raft state size: 717, maxraftstate: 1000
2026/02/24 17:27:56 [Node:1 GID:100 isLeader:false] shardkv server generateSnapshotter raft state size: 717, maxraftstate: 1000
2026/02/24 17:27:56 [Node:0 GID:100 isLeader:true] shardkv server generateSnapshotter raft state size: 717, maxraftstate: 1000
2026/02/24 17:27:56 [Node:2 GID:100 isLeader:false] shardkv server generateSnapshotter raft state size: 717, maxraftstate: 1000
2026/02/24 17:27:56 [Node:1 GID:100 isLeader:false] shardkv server generateSnapshotter raft state size: 717, maxraftstate: 1000
2026/02/24 17:27:56 [Node:0 GID:100 isLeader:true] shardkv server checkGroup key:0, shard:8 shards:map[0:true 1:true 2:true 3:true 4:true 5:true 6:true 7:true 8:true 9:true]
2026/02/24 17:27:56 [Node:0 GID:100] shardkv server get key:0, check param failed Err:ErrWrongGroup
2026/02/24 17:27:56 [Node:0 GID:100 isLeader:true] shardkv server generateSnapshotter raft state size: 717, maxraftstate: 1000
2026/02/24 17:27:56 [Node:2 GID:100 isLeader:false] shardkv server generateSnapshotter raft state size: 717, maxraftstate: 1000
2026/02/24 17:27:56 [Node:1 GID:100 isLeader:false] shardkv server generateSnapshotter raft state size: 717, maxraftstate: 1000
2026/02/24 17:27:56 [Node:0 GID:100 isLeader:true] shardkv server generateSnapshotter raft state size: 717, maxraftstate: 1000
2026/02/24 17:27:56 [Node:2 GID:100 isLeader:false] shardkv server generateSnapshotter raft state size: 717, maxraftstate: 1000
2026/02/24 17:27:56 [Node:1 GID:100 isLeader:false] shardkv server generateSnapshotter raft state size: 717, maxraftstate: 1000
2026/02/24 17:27:56 [Node:0 GID:100 isLeader:true] shardkv server checkGroup key:0, shard:8 shards:map[0:true 1:true 2:true 3:true 4:true 5:true 6:true 7:true 8:true 9:true]
2026/02/24 17:27:56 [Node:0 GID:100] shardkv server get key:0, check param failed Err:ErrWrongGroup
2026/02/24 17:27:56 [Node:0 GID:100 isLeader:true] shardkv server generateSnapshotter raft state size: 717, maxraftstate: 1000
2026/02/24 17:27:56 [Node:2 GID:100 isLeader:false] shardkv server generateSnapshotter raft state size: 717, maxraftstate: 1000
2026/02/24 17:27:56 [Node:1 GID:100 isLeader:false] shardkv server generateSnapshotter raft state size: 717, maxraftstate: 1000
2026/02/24 17:27:56 [Node:0 GID:100 isLeader:true] shardkv server generateSnapshotter raft state size: 717, maxraftstate: 1000
2026/02/24 17:27:56 [Node:2 GID:100 isLeader:false] shardkv server generateSnapshotter raft state size: 717, maxraftstate: 1000
2026/02/24 17:27:56 [Node:1 GID:100 isLeader:false] shardkv server generateSnapshotter raft state size: 717, maxraftstate: 1000
2026/02/24 17:27:56 [Node:0 GID:100 isLeader:true] shardkv server checkGroup key:0, shard:8 shards:map[0:true 1:true 2:true 3:true 4:true 5:true 6:true 7:true 8:true 9:true]
2026/02/24 17:27:56 [Node:0 GID:100] shardkv server get key:0, check param failed Err:ErrWrongGroup
2026/02/24 17:27:56 [Node:0 GID:100 isLeader:true] shardkv server generateSnapshotter raft state size: 717, maxraftstate: 1000
2026/02/24 17:27:56 [Node:2 GID:100 isLeader:false] shardkv server generateSnapshotter raft state size: 717, maxraftstate: 1000
2026/02/24 17:27:56 [Node:1 GID:100 isLeader:false] shardkv server generateSnapshotter raft state size: 717, maxraftstate: 1000
2026/02/24 17:27:56 [Node:0 GID:100 isLeader:true] shardkv server generateSnapshotter raft state size: 717, maxraftstate: 1000
2026/02/24 17:27:56 [Node:2 GID:100 isLeader:false] shardkv server generateSnapshotter raft state size: 717, maxraftstate: 1000
2026/02/24 17:27:56 [Node:1 GID:100 isLeader:false] shardkv server generateSnapshotter raft state size: 717, maxraftstate: 1000
2026/02/24 17:27:56 [Node:0 GID:100 isLeader:true] shardkv server generateSnapshotter raft state size: 717, maxraftstate: 1000
2026/02/24 17:27:56 [Node:2 GID:100 isLeader:false] shardkv server generateSnapshotter raft state size: 717, maxraftstate: 1000
2026/02/24 17:27:56 [Node:0 GID:100 isLeader:true] shardkv server checkGroup key:0, shard:8 shards:map[0:true 1:true 2:true 3:true 4:true 5:true 6:true 7:true 8:true 9:true]
2026/02/24 17:27:56 [Node:0 GID:100] shardkv server get key:0, check param failed Err:ErrWrongGroup
2026/02/24 17:27:56 [Node:1 GID:100 isLeader:false] shardkv server generateSnapshotter raft state size: 717, maxraftstate: 1000
2026/02/24 17:27:57 [Node:0 GID:100 isLeader:true] shardkv server generateSnapshotter raft state size: 717, maxraftstate: 1000
2026/02/24 17:27:57 [Node:2 GID:100 isLeader:false] shardkv server generateSnapshotter raft state size: 717, maxraftstate: 1000
2026/02/24 17:27:57 [Node:1 GID:100 isLeader:false] shardkv server generateSnapshotter raft state size: 717, maxraftstate: 1000
2026/02/24 17:27:57 [Node:0 GID:100 isLeader:true] shardkv server generateSnapshotter raft state size: 717, maxraftstate: 1000
2026/02/24 17:27:57 [Node:2 GID:100 isLeader:false] shardkv server generateSnapshotter raft state size: 717, maxraftstate: 1000
2026/02/24 17:27:57 [Node:1 GID:100 isLeader:false] shardkv server generateSnapshotter raft state size: 717, maxraftstate: 1000
2026/02/24 17:27:57 [Node:0 GID:100 isLeader:true] shardkv server checkGroup key:0, shard:8 shards:map[0:true 1:true 2:true 3:true 4:true 5:true 6:true 7:true 8:true 9:true]
2026/02/24 17:27:57 [Node:0 GID:100] shardkv server get key:0, check param failed Err:ErrWrongGroup
2026/02/24 17:27:57 [Node:0 GID:100 isLeader:true] shardkv server generateSnapshotter raft state size: 717, maxraftstate: 1000
2026/02/24 17:27:57 [Node:2 GID:100 isLeader:false] shardkv server generateSnapshotter raft state size: 717, maxraftstate: 1000
2026/02/24 17:27:57 [Node:1 GID:100 isLeader:false] shardkv server generateSnapshotter raft state size: 717, maxraftstate: 1000
2026/02/24 17:27:57 [Node:0 GID:100 isLeader:true] shardkv server generateSnapshotter raft state size: 717, maxraftstate: 1000
2026/02/24 17:27:57 [Node:2 GID:100 isLeader:false] shardkv server generateSnapshotter raft state size: 717, maxraftstate: 1000
2026/02/24 17:27:57 [Node:1 GID:100 isLeader:false] shardkv server generateSnapshotter raft state size: 717, maxraftstate: 1000
2026/02/24 17:27:57 [Node:0 GID:100 isLeader:true] shardkv server checkGroup key:0, shard:8 shards:map[0:true 1:true 2:true 3:true 4:true 5:true 6:true 7:true 8:true 9:true]
2026/02/24 17:27:57 [Node:0 GID:100] shardkv server get key:0, check param failed Err:ErrWrongGroup
2026/02/24 17:27:57 [Node:0 GID:100 isLeader:true] shardkv server generateSnapshotter raft state size: 717, maxraftstate: 1000
2026/02/24 17:27:57 [Node:2 GID:100 isLeader:false] shardkv server generateSnapshotter raft state size: 717, maxraftstate: 1000
2026/02/24 17:27:57 [Node:1 GID:100 isLeader:false] shardkv server generateSnapshotter raft state size: 717, maxraftstate: 1000
2026/02/24 17:27:57 [Node:0 GID:100 isLeader:true] shardkv server generateSnapshotter raft state size: 717, maxraftstate: 1000
2026/02/24 17:27:57 [Node:2 GID:100 isLeader:false] shardkv server generateSnapshotter raft state size: 717, maxraftstate: 1000
2026/02/24 17:27:57 [Node:1 GID:100 isLeader:false] shardkv server generateSnapshotter raft state size: 717, maxraftstate: 1000
2026/02/24 17:27:57 [Node:0 GID:100 isLeader:true] shardkv server checkGroup key:0, shard:8 shards:map[0:true 1:true 2:true 3:true 4:true 5:true 6:true 7:true 8:true 9:true]
2026/02/24 17:27:57 [Node:0 GID:100] shardkv server get key:0, check param failed Err:ErrWrongGroup
2026/02/24 17:27:57 [Node:2 GID:100 isLeader:false] shardkv server generateSnapshotter raft state size: 717, maxraftstate: 1000
2026/02/24 17:27:57 [Node:0 GID:100 isLeader:true] shardkv server generateSnapshotter raft state size: 717, maxraftstate: 1000
2026/02/24 17:27:57 [Node:1 GID:100 isLeader:false] shardkv server generateSnapshotter raft state size: 717, maxraftstate: 1000
2026/02/24 17:27:57 [Node:2 GID:100 isLeader:false] shardkv server generateSnapshotter raft state size: 717, maxraftstate: 1000
2026/02/24 17:27:57 [Node:0 GID:100 isLeader:true] shardkv server generateSnapshotter raft state size: 717, maxraftstate: 1000
2026/02/24 17:27:57 [Node:1 GID:100 isLeader:false] shardkv server generateSnapshotter raft state size: 717, maxraftstate: 1000
2026/02/24 17:27:57 [Node:2 GID:100 isLeader:false] shardkv server generateSnapshotter raft state size: 717, maxraftstate: 1000
2026/02/24 17:27:57 [Node:0 GID:100 isLeader:true] shardkv server generateSnapshotter raft state size: 717, maxraftstate: 1000
2026/02/24 17:27:57 [Node:1 GID:100 isLeader:false] shardkv server generateSnapshotter raft state size: 717, maxraftstate: 1000
2026/02/24 17:27:57 [Node:0 GID:100 isLeader:true] shardkv server checkGroup key:0, shard:8 shards:map[0:true 1:true 2:true 3:true 4:true 5:true 6:true 7:true 8:true 9:true]
2026/02/24 17:27:57 [Node:0 GID:100] shardkv server get key:0, check param failed Err:ErrWrongGroup
2026/02/24 17:27:57 [Node:2 GID:100 isLeader:false] shardkv server generateSnapshotter raft state size: 717, maxraftstate: 1000
2026/02/24 17:27:57 [Node:0 GID:100 isLeader:true] shardkv server generateSnapshotter raft state size: 717, maxraftstate: 1000
2026/02/24 17:27:57 [Node:1 GID:100 isLeader:false] shardkv server generateSnapshotter raft state size: 717, maxraftstate: 1000
2026/02/24 17:27:58 [Node:0 GID:100 isLeader:true] shardkv server generateSnapshotter raft state size: 717, maxraftstate: 1000
2026/02/24 17:27:58 [Node:2 GID:100 isLeader:false] shardkv server generateSnapshotter raft state size: 717, maxraftstate: 1000
2026/02/24 17:27:58 [Node:1 GID:100 isLeader:false] shardkv server generateSnapshotter raft state size: 717, maxraftstate: 1000
2026/02/24 17:27:58 [Node:0 GID:100 isLeader:true] shardkv server checkGroup key:0, shard:8 shards:map[0:true 1:true 2:true 3:true 4:true 5:true 6:true 7:true 8:true 9:true]
2026/02/24 17:27:58 [Node:0 GID:100] shardkv server get key:0, check param failed Err:ErrWrongGroup
2026/02/24 17:27:58 [Node:2 GID:100 isLeader:false] shardkv server generateSnapshotter raft state size: 717, maxraftstate: 1000
2026/02/24 17:27:58 [Node:0 GID:100 isLeader:true] shardkv server generateSnapshotter raft state size: 717, maxraftstate: 1000
2026/02/24 17:27:58 [Node:1 GID:100 isLeader:false] shardkv server generateSnapshotter raft state size: 717, maxraftstate: 1000
2026/02/24 17:27:58 [Node:2 GID:100 isLeader:false] shardkv server generateSnapshotter raft state size: 717, maxraftstate: 1000
2026/02/24 17:27:58 [Node:0 GID:100 isLeader:true] shardkv server generateSnapshotter raft state size: 717, maxraftstate: 1000
2026/02/24 17:27:58 [Node:1 GID:100 isLeader:false] shardkv server generateSnapshotter raft state size: 717, maxraftstate: 1000
2026/02/24 17:27:58 [Node:0 GID:100 isLeader:true] shardkv server checkGroup key:0, shard:8 shards:map[0:true 1:true 2:true 3:true 4:true 5:true 6:true 7:true 8:true 9:true]
2026/02/24 17:27:58 [Node:0 GID:100] shardkv server get key:0, check param failed Err:ErrWrongGroup
2026/02/24 17:27:58 [Node:0 GID:100 isLeader:true] shardkv server generateSnapshotter raft state size: 717, maxraftstate: 1000
2026/02/24 17:27:58 [Node:2 GID:100 isLeader:false] shardkv server generateSnapshotter raft state size: 717, maxraftstate: 1000
2026/02/24 17:27:58 [Node:1 GID:100 isLeader:false] shardkv server generateSnapshotter raft state size: 717, maxraftstate: 1000
2026/02/24 17:27:58 [Node:0 GID:100 isLeader:true] shardkv server generateSnapshotter raft state size: 717, maxraftstate: 1000
2026/02/24 17:27:58 [Node:2 GID:100 isLeader:false] shardkv server generateSnapshotter raft state size: 717, maxraftstate: 1000
2026/02/24 17:27:58 [Node:1 GID:100 isLeader:false] shardkv server generateSnapshotter raft state size: 717, maxraftstate: 1000
2026/02/24 17:27:58 [Node:0 GID:100 isLeader:true] shardkv server checkGroup key:0, shard:8 shards:map[0:true 1:true 2:true 3:true 4:true 5:true 6:true 7:true 8:true 9:true]
2026/02/24 17:27:58 [Node:0 GID:100] shardkv server get key:0, check param failed Err:ErrWrongGroup
2026/02/24 17:27:58 [Node:0 GID:100 isLeader:true] shardkv server generateSnapshotter raft state size: 717, maxraftstate: 1000
2026/02/24 17:27:58 [Node:2 GID:100 isLeader:false] shardkv server generateSnapshotter raft state size: 717, maxraftstate: 1000
2026/02/24 17:27:58 [Node:1 GID:100 isLeader:false] shardkv server generateSnapshotter raft state size: 717, maxraftstate: 1000
2026/02/24 17:27:58 [Node:0 GID:100 isLeader:true] shardkv server generateSnapshotter raft state size: 717, maxraftstate: 1000
2026/02/24 17:27:58 [Node:2 GID:100 isLeader:false] shardkv server generateSnapshotter raft state size: 717, maxraftstate: 1000
2026/02/24 17:27:58 [Node:1 GID:100 isLeader:false] shardkv server generateSnapshotter raft state size: 717, maxraftstate: 1000
2026/02/24 17:27:58 [Node:0 GID:100 isLeader:true] shardkv server generateSnapshotter raft state size: 717, maxraftstate: 1000
2026/02/24 17:27:58 [Node:2 GID:100 isLeader:false] shardkv server generateSnapshotter raft state size: 717, maxraftstate: 1000
2026/02/24 17:27:58 [Node:1 GID:100 isLeader:false] shardkv server generateSnapshotter raft state size: 717, maxraftstate: 1000
2026/02/24 17:27:58 [Node:0 GID:100 isLeader:true] shardkv server checkGroup key:0, shard:8 shards:map[0:true 1:true 2:true 3:true 4:true 5:true 6:true 7:true 8:true 9:true]
2026/02/24 17:27:58 [Node:0 GID:100] shardkv server get key:0, check param failed Err:ErrWrongGroup
2026/02/24 17:27:58 [Node:0 GID:100 isLeader:true] shardkv server generateSnapshotter raft state size: 717, maxraftstate: 1000
2026/02/24 17:27:58 [Node:2 GID:100 isLeader:false] shardkv server generateSnapshotter raft state size: 717, maxraftstate: 1000
2026/02/24 17:27:58 [Node:1 GID:100 isLeader:false] shardkv server generateSnapshotter raft state size: 717, maxraftstate: 1000
2026/02/24 17:27:58 [Node:0 GID:100 isLeader:true] shardkv server generateSnapshotter raft state size: 717, maxraftstate: 1000
2026/02/24 17:27:58 [Node:2 GID:100 isLeader:false] shardkv server generateSnapshotter raft state size: 717, maxraftstate: 1000
2026/02/24 17:27:58 [Node:1 GID:100 isLeader:false] shardkv server generateSnapshotter raft state size: 717, maxraftstate: 1000
2026/02/24 17:27:58 [Node:0 GID:100 isLeader:true] shardkv server checkGroup key:0, shard:8 shards:map[0:true 1:true 2:true 3:true 4:true 5:true 6:true 7:true 8:true 9:true]
2026/02/24 17:27:58 [Node:0 GID:100] shardkv server get key:0, check param failed Err:ErrWrongGroup
2026/02/24 17:27:59 [Node:0 GID:100 isLeader:true] shardkv server generateSnapshotter raft state size: 717, maxraftstate: 1000
2026/02/24 17:27:59 [Node:2 GID:100 isLeader:false] shardkv server generateSnapshotter raft state size: 717, maxraftstate: 1000
2026/02/24 17:27:59 [Node:1 GID:100 isLeader:false] shardkv server generateSnapshotter raft state size: 717, maxraftstate: 1000
2026/02/24 17:27:59 [Node:0 GID:100 isLeader:true] shardkv server generateSnapshotter raft state size: 717, maxraftstate: 1000
2026/02/24 17:27:59 [Node:2 GID:100 isLeader:false] shardkv server generateSnapshotter raft state size: 717, maxraftstate: 1000
2026/02/24 17:27:59 [Node:1 GID:100 isLeader:false] shardkv server generateSnapshotter raft state size: 717, maxraftstate: 1000
2026/02/24 17:27:59 [Node:0 GID:100 isLeader:true] shardkv server checkGroup key:0, shard:8 shards:map[0:true 1:true 2:true 3:true 4:true 5:true 6:true 7:true 8:true 9:true]
2026/02/24 17:27:59 [Node:0 GID:100] shardkv server get key:0, check param failed Err:ErrWrongGroup
2026/02/24 17:27:59 [Node:0 GID:100 isLeader:true] shardkv server generateSnapshotter raft state size: 717, maxraftstate: 1000
2026/02/24 17:27:59 [Node:2 GID:100 isLeader:false] shardkv server generateSnapshotter raft state size: 717, maxraftstate: 1000
2026/02/24 17:27:59 [Node:1 GID:100 isLeader:false] shardkv server generateSnapshotter raft state size: 717, maxraftstate: 1000
2026/02/24 17:27:59 [Node:0 GID:100 isLeader:true] shardkv server generateSnapshotter raft state size: 717, maxraftstate: 1000
2026/02/24 17:27:59 [Node:2 GID:100 isLeader:false] shardkv server generateSnapshotter raft state size: 717, maxraftstate: 1000
2026/02/24 17:27:59 [Node:1 GID:100 isLeader:false] shardkv server generateSnapshotter raft state size: 717, maxraftstate: 1000
2026/02/24 17:27:59 [Node:0 GID:100 isLeader:true] shardkv server generateSnapshotter raft state size: 717, maxraftstate: 1000
2026/02/24 17:27:59 [Node:2 GID:100 isLeader:false] shardkv server generateSnapshotter raft state size: 717, maxraftstate: 1000
2026/02/24 17:27:59 [Node:0 GID:100 isLeader:true] shardkv server checkGroup key:0, shard:8 shards:map[0:true 1:true 2:true 3:true 4:true 5:true 6:true 7:true 8:true 9:true]
2026/02/24 17:27:59 [Node:1 GID:100 isLeader:false] shardkv server generateSnapshotter raft state size: 717, maxraftstate: 1000
2026/02/24 17:27:59 [Node:0 GID:100] shardkv server get key:0, check param failed Err:ErrWrongGroup
2026/02/24 17:27:59 [Node:0 GID:100 isLeader:true] shardkv server generateSnapshotter raft state size: 717, maxraftstate: 1000
2026/02/24 17:27:59 [Node:2 GID:100 isLeader:false] shardkv server generateSnapshotter raft state size: 717, maxraftstate: 1000
2026/02/24 17:27:59 [Node:1 GID:100 isLeader:false] shardkv server generateSnapshotter raft state size: 717, maxraftstate: 1000
2026/02/24 17:27:59 [Node:0 GID:100 isLeader:true] shardkv server generateSnapshotter raft state size: 717, maxraftstate: 1000
2026/02/24 17:27:59 [Node:2 GID:100 isLeader:false] shardkv server generateSnapshotter raft state size: 717, maxraftstate: 1000
2026/02/24 17:27:59 [Node:1 GID:100 isLeader:false] shardkv server generateSnapshotter raft state size: 717, maxraftstate: 1000
2026/02/24 17:27:59 [Node:0 GID:100 isLeader:true] shardkv server checkGroup key:0, shard:8 shards:map[0:true 1:true 2:true 3:true 4:true 5:true 6:true 7:true 8:true 9:true]
2026/02/24 17:27:59 [Node:0 GID:100] shardkv server get key:0, check param failed Err:ErrWrongGroup
2026/02/24 17:27:59 [Node:0 GID:100 isLeader:true] shardkv server generateSnapshotter raft state size: 717, maxraftstate: 1000
2026/02/24 17:27:59 [Node:2 GID:100 isLeader:false] shardkv server generateSnapshotter raft state size: 717, maxraftstate: 1000
2026/02/24 17:27:59 [Node:1 GID:100 isLeader:false] shardkv server generateSnapshotter raft state size: 717, maxraftstate: 1000
2026/02/24 17:27:59 [Node:2 GID:100 isLeader:false] shardkv server generateSnapshotter raft state size: 717, maxraftstate: 1000
2026/02/24 17:27:59 [Node:0 GID:100 isLeader:true] shardkv server generateSnapshotter raft state size: 717, maxraftstate: 1000
2026/02/24 17:27:59 [Node:1 GID:100 isLeader:false] shardkv server generateSnapshotter raft state size: 717, maxraftstate: 1000
2026/02/24 17:27:59 [Node:0 GID:100 isLeader:true] shardkv server checkGroup key:0, shard:8 shards:map[0:true 1:true 2:true 3:true 4:true 5:true 6:true 7:true 8:true 9:true]
2026/02/24 17:27:59 [Node:0 GID:100] shardkv server get key:0, check param failed Err:ErrWrongGroup
2026/02/24 17:27:59 [Node:2 GID:100 isLeader:false] shardkv server generateSnapshotter raft state size: 717, maxraftstate: 1000
2026/02/24 17:27:59 [Node:0 GID:100 isLeader:true] shardkv server generateSnapshotter raft state size: 717, maxraftstate: 1000
2026/02/24 17:27:59 [Node:1 GID:100 isLeader:false] shardkv server generateSnapshotter raft state size: 717, maxraftstate: 1000
2026/02/24 17:28:00 [Node:0 GID:100 isLeader:true] shardkv server generateSnapshotter raft state size: 717, maxraftstate: 1000
2026/02/24 17:28:00 [Node:2 GID:100 isLeader:false] shardkv server generateSnapshotter raft state size: 717, maxraftstate: 1000
2026/02/24 17:28:00 [Node:1 GID:100 isLeader:false] shardkv server generateSnapshotter raft state size: 717, maxraftstate: 1000
2026/02/24 17:28:00 [Node:0 GID:100 isLeader:true] shardkv server checkGroup key:0, shard:8 shards:map[0:true 1:true 2:true 3:true 4:true 5:true 6:true 7:true 8:true 9:true]
2026/02/24 17:28:00 [Node:0 GID:100] shardkv server get key:0, check param failed Err:ErrWrongGroup
2026/02/24 17:28:00 [Node:0 GID:100 isLeader:true] shardkv server generateSnapshotter raft state size: 717, maxraftstate: 1000
2026/02/24 17:28:00 [Node:2 GID:100 isLeader:false] shardkv server generateSnapshotter raft state size: 717, maxraftstate: 1000
2026/02/24 17:28:00 [Node:1 GID:100 isLeader:false] shardkv server generateSnapshotter raft state size: 717, maxraftstate: 1000
2026/02/24 17:28:00 [Node:2 GID:100 isLeader:false] shardkv server generateSnapshotter raft state size: 717, maxraftstate: 1000
2026/02/24 17:28:00 [Node:0 GID:100 isLeader:true] shardkv server generateSnapshotter raft state size: 717, maxraftstate: 1000
2026/02/24 17:28:00 [Node:1 GID:100 isLeader:false] shardkv server generateSnapshotter raft state size: 717, maxraftstate: 1000
2026/02/24 17:28:00 [Node:2 GID:100 isLeader:false] shardkv server generateSnapshotter raft state size: 717, maxraftstate: 1000
2026/02/24 17:28:00 [Node:0 GID:100 isLeader:true] shardkv server generateSnapshotter raft state size: 717, maxraftstate: 1000
2026/02/24 17:28:00 [Node:1 GID:100 isLeader:false] shardkv server generateSnapshotter raft state size: 717, maxraftstate: 1000
2026/02/24 17:28:00 [Node:0 GID:100 isLeader:true] shardkv server checkGroup key:0, shard:8 shards:map[0:true 1:true 2:true 3:true 4:true 5:true 6:true 7:true 8:true 9:true]
2026/02/24 17:28:00 [Node:0 GID:100] shardkv server get key:0, check param failed Err:ErrWrongGroup
2026/02/24 17:28:00 [Node:2 GID:100 isLeader:false] shardkv server generateSnapshotter raft state size: 717, maxraftstate: 1000
2026/02/24 17:28:00 [Node:0 GID:100 isLeader:true] shardkv server generateSnapshotter raft state size: 717, maxraftstate: 1000
2026/02/24 17:28:00 [Node:1 GID:100 isLeader:false] shardkv server generateSnapshotter raft state size: 717, maxraftstate: 1000
2026/02/24 17:28:00 [Node:2 GID:100 isLeader:false] shardkv server generateSnapshotter raft state size: 717, maxraftstate: 1000
2026/02/24 17:28:00 [Node:0 GID:100 isLeader:true] shardkv server generateSnapshotter raft state size: 717, maxraftstate: 1000
2026/02/24 17:28:00 [Node:1 GID:100 isLeader:false] shardkv server generateSnapshotter raft state size: 717, maxraftstate: 1000
2026/02/24 17:28:00 [Node:0 GID:100 isLeader:true] shardkv server checkGroup key:0, shard:8 shards:map[0:true 1:true 2:true 3:true 4:true 5:true 6:true 7:true 8:true 9:true]
2026/02/24 17:28:00 [Node:0 GID:100] shardkv server get key:0, check param failed Err:ErrWrongGroup
2026/02/24 17:28:00 [Node:2 GID:100 isLeader:false] shardkv server generateSnapshotter raft state size: 717, maxraftstate: 1000
2026/02/24 17:28:00 [Node:0 GID:100 isLeader:true] shardkv server generateSnapshotter raft state size: 717, maxraftstate: 1000
2026/02/24 17:28:00 [Node:1 GID:100 isLeader:false] shardkv server generateSnapshotter raft state size: 717, maxraftstate: 1000
2026/02/24 17:28:00 [Node:2 GID:100 isLeader:false] shardkv server generateSnapshotter raft state size: 717, maxraftstate: 1000
2026/02/24 17:28:00 [Node:0 GID:100 isLeader:true] shardkv server generateSnapshotter raft state size: 717, maxraftstate: 1000
2026/02/24 17:28:00 [Node:1 GID:100 isLeader:false] shardkv server generateSnapshotter raft state size: 717, maxraftstate: 1000
2026/02/24 17:28:00 [Node:0 GID:100 isLeader:true] shardkv server checkGroup key:0, shard:8 shards:map[0:true 1:true 2:true 3:true 4:true 5:true 6:true 7:true 8:true 9:true]
2026/02/24 17:28:00 [Node:0 GID:100] shardkv server get key:0, check param failed Err:ErrWrongGroup
2026/02/24 17:28:00 [Node:2 GID:100 isLeader:false] shardkv server generateSnapshotter raft state size: 717, maxraftstate: 1000
2026/02/24 17:28:00 [Node:0 GID:100 isLeader:true] shardkv server generateSnapshotter raft state size: 717, maxraftstate: 1000
2026/02/24 17:28:00 [Node:1 GID:100 isLeader:false] shardkv server generateSnapshotter raft state size: 717, maxraftstate: 1000
2026/02/24 17:28:00 [Node:2 GID:100 isLeader:false] shardkv server generateSnapshotter raft state size: 717, maxraftstate: 1000
2026/02/24 17:28:00 [Node:1 GID:100 isLeader:false] shardkv server generateSnapshotter raft state size: 717, maxraftstate: 1000
2026/02/24 17:28:00 [Node:0 GID:100 isLeader:true] shardkv server generateSnapshotter raft state size: 717, maxraftstate: 1000
2026/02/24 17:28:01 [Node:2 GID:100 isLeader:false] shardkv server generateSnapshotter raft state size: 717, maxraftstate: 1000
2026/02/24 17:28:01 [Node:1 GID:100 isLeader:false] shardkv server generateSnapshotter raft state size: 717, maxraftstate: 1000
2026/02/24 17:28:01 [Node:0 GID:100 isLeader:true] shardkv server generateSnapshotter raft state size: 717, maxraftstate: 1000
2026/02/24 17:28:01 [Node:0 GID:100 isLeader:true] shardkv server checkGroup key:0, shard:8 shards:map[0:true 1:true 2:true 3:true 4:true 5:true 6:true 7:true 8:true 9:true]
2026/02/24 17:28:01 [Node:0 GID:100] shardkv server get key:0, check param failed Err:ErrWrongGroup
2026/02/24 17:28:01 [Node:2 GID:100 isLeader:false] shardkv server generateSnapshotter raft state size: 717, maxraftstate: 1000
2026/02/24 17:28:01 [Node:1 GID:100 isLeader:false] shardkv server generateSnapshotter raft state size: 717, maxraftstate: 1000
2026/02/24 17:28:01 [Node:0 GID:100 isLeader:true] shardkv server generateSnapshotter raft state size: 717, maxraftstate: 1000
2026/02/24 17:28:01 [Node:2 GID:100 isLeader:false] shardkv server generateSnapshotter raft state size: 717, maxraftstate: 1000
2026/02/24 17:28:01 [Node:1 GID:100 isLeader:false] shardkv server generateSnapshotter raft state size: 717, maxraftstate: 1000
2026/02/24 17:28:01 [Node:0 GID:100 isLeader:true] shardkv server generateSnapshotter raft state size: 717, maxraftstate: 1000
2026/02/24 17:28:01 [Node:0 GID:100 isLeader:true] shardkv server checkGroup key:0, shard:8 shards:map[0:true 1:true 2:true 3:true 4:true 5:true 6:true 7:true 8:true 9:true]
2026/02/24 17:28:01 [Node:0 GID:100] shardkv server get key:0, check param failed Err:ErrWrongGroup
2026/02/24 17:28:01 [Node:2 GID:100 isLeader:false] shardkv server generateSnapshotter raft state size: 717, maxraftstate: 1000
2026/02/24 17:28:01 [Node:1 GID:100 isLeader:false] shardkv server generateSnapshotter raft state size: 717, maxraftstate: 1000
2026/02/24 17:28:01 [Node:0 GID:100 isLeader:true] shardkv server generateSnapshotter raft state size: 717, maxraftstate: 1000
2026/02/24 17:28:01 [Node:1 GID:100 isLeader:false] shardkv server generateSnapshotter raft state size: 717, maxraftstate: 1000
2026/02/24 17:28:01 [Node:2 GID:100 isLeader:false] shardkv server generateSnapshotter raft state size: 717, maxraftstate: 1000
2026/02/24 17:28:01 [Node:0 GID:100 isLeader:true] shardkv server generateSnapshotter raft state size: 717, maxraftstate: 1000
2026/02/24 17:28:01 [Node:0 GID:100 isLeader:true] shardkv server checkGroup key:0, shard:8 shards:map[0:true 1:true 2:true 3:true 4:true 5:true 6:true 7:true 8:true 9:true]
2026/02/24 17:28:01 [Node:0 GID:100] shardkv server get key:0, check param failed Err:ErrWrongGroup
2026/02/24 17:28:01 [Node:1 GID:100 isLeader:false] shardkv server generateSnapshotter raft state size: 717, maxraftstate: 1000
2026/02/24 17:28:01 [Node:2 GID:100 isLeader:false] shardkv server generateSnapshotter raft state size: 717, maxraftstate: 1000
2026/02/24 17:28:01 [Node:0 GID:100 isLeader:true] shardkv server generateSnapshotter raft state size: 717, maxraftstate: 1000
2026/02/24 17:28:01 [Node:2 GID:100 isLeader:false] shardkv server generateSnapshotter raft state size: 717, maxraftstate: 1000
2026/02/24 17:28:01 [Node:1 GID:100 isLeader:false] shardkv server generateSnapshotter raft state size: 717, maxraftstate: 1000
2026/02/24 17:28:01 [Node:0 GID:100 isLeader:true] shardkv server generateSnapshotter raft state size: 717, maxraftstate: 1000
2026/02/24 17:28:01 [Node:1 GID:100 isLeader:false] shardkv server generateSnapshotter raft state size: 717, maxraftstate: 1000
2026/02/24 17:28:01 [Node:2 GID:100 isLeader:false] shardkv server generateSnapshotter raft state size: 717, maxraftstate: 1000
2026/02/24 17:28:01 [Node:0 GID:100 isLeader:true] shardkv server generateSnapshotter raft state size: 717, maxraftstate: 1000
2026/02/24 17:28:01 [Node:0 GID:100 isLeader:true] shardkv server checkGroup key:0, shard:8 shards:map[0:true 1:true 2:true 3:true 4:true 5:true 6:true 7:true 8:true 9:true]
2026/02/24 17:28:01 [Node:0 GID:100] shardkv server get key:0, check param failed Err:ErrWrongGroup
2026/02/24 17:28:01 [Node:1 GID:100 isLeader:false] shardkv server generateSnapshotter raft state size: 717, maxraftstate: 1000
2026/02/24 17:28:01 [Node:2 GID:100 isLeader:false] shardkv server generateSnapshotter raft state size: 717, maxraftstate: 1000
2026/02/24 17:28:01 [Node:0 GID:100 isLeader:true] shardkv server generateSnapshotter raft state size: 717, maxraftstate: 1000
2026/02/24 17:28:01 [Node:1 GID:100 isLeader:false] shardkv server generateSnapshotter raft state size: 717, maxraftstate: 1000
2026/02/24 17:28:01 [Node:2 GID:100 isLeader:false] shardkv server generateSnapshotter raft state size: 717, maxraftstate: 1000
2026/02/24 17:28:01 [Node:0 GID:100 isLeader:true] shardkv server generateSnapshotter raft state size: 717, maxraftstate: 1000
2026/02/24 17:28:02 [Node:0 GID:100 isLeader:true] shardkv server checkGroup key:0, shard:8 shards:map[0:true 1:true 2:true 3:true 4:true 5:true 6:true 7:true 8:true 9:true]
2026/02/24 17:28:02 [Node:0 GID:100] shardkv server get key:0, check param failed Err:ErrWrongGroup
2026/02/24 17:28:02 [Node:1 GID:100 isLeader:false] shardkv server generateSnapshotter raft state size: 717, maxraftstate: 1000
2026/02/24 17:28:02 [Node:2 GID:100 isLeader:false] shardkv server generateSnapshotter raft state size: 717, maxraftstate: 1000
2026/02/24 17:28:02 [Node:0 GID:100 isLeader:true] shardkv server generateSnapshotter raft state size: 717, maxraftstate: 1000
2026/02/24 17:28:02 [Node:1 GID:100 isLeader:false] shardkv server generateSnapshotter raft state size: 717, maxraftstate: 1000
2026/02/24 17:28:02 [Node:2 GID:100 isLeader:false] shardkv server generateSnapshotter raft state size: 717, maxraftstate: 1000
2026/02/24 17:28:02 [Node:0 GID:100 isLeader:true] shardkv server generateSnapshotter raft state size: 717, maxraftstate: 1000
2026/02/24 17:28:02 [Node:0 GID:100 isLeader:true] shardkv server checkGroup key:0, shard:8 shards:map[0:true 1:true 2:true 3:true 4:true 5:true 6:true 7:true 8:true 9:true]
2026/02/24 17:28:02 [Node:0 GID:100] shardkv server get key:0, check param failed Err:ErrWrongGroup
2026/02/24 17:28:02 [Node:1 GID:100 isLeader:false] shardkv server generateSnapshotter raft state size: 717, maxraftstate: 1000
2026/02/24 17:28:02 [Node:2 GID:100 isLeader:false] shardkv server generateSnapshotter raft state size: 717, maxraftstate: 1000
2026/02/24 17:28:02 [Node:0 GID:100 isLeader:true] shardkv server generateSnapshotter raft state size: 717, maxraftstate: 1000
2026/02/24 17:28:02 [Node:1 GID:100 isLeader:false] shardkv server generateSnapshotter raft state size: 717, maxraftstate: 1000
2026/02/24 17:28:02 [Node:2 GID:100 isLeader:false] shardkv server generateSnapshotter raft state size: 717, maxraftstate: 1000
2026/02/24 17:28:02 [Node:0 GID:100 isLeader:true] shardkv server generateSnapshotter raft state size: 717, maxraftstate: 1000
2026/02/24 17:28:02 [Node:1 GID:100 isLeader:false] shardkv server generateSnapshotter raft state size: 717, maxraftstate: 1000
2026/02/24 17:28:02 [Node:2 GID:100 isLeader:false] shardkv server generateSnapshotter raft state size: 717, maxraftstate: 1000
2026/02/24 17:28:02 [Node:0 GID:100 isLeader:true] shardkv server generateSnapshotter raft state size: 717, maxraftstate: 1000
2026/02/24 17:28:02 [Node:0 GID:100 isLeader:true] shardkv server checkGroup key:0, shard:8 shards:map[0:true 1:true 2:true 3:true 4:true 5:true 6:true 7:true 8:true 9:true]
2026/02/24 17:28:02 [Node:0 GID:100] shardkv server get key:0, check param failed Err:ErrWrongGroup
2026/02/24 17:28:02 [Node:2 GID:100 isLeader:false] shardkv server generateSnapshotter raft state size: 717, maxraftstate: 1000
2026/02/24 17:28:02 [Node:1 GID:100 isLeader:false] shardkv server generateSnapshotter raft state size: 717, maxraftstate: 1000
2026/02/24 17:28:02 [Node:0 GID:100 isLeader:true] shardkv server generateSnapshotter raft state size: 717, maxraftstate: 1000
2026/02/24 17:28:02 [Node:1 GID:100 isLeader:false] shardkv server generateSnapshotter raft state size: 717, maxraftstate: 1000
2026/02/24 17:28:02 [Node:2 GID:100 isLeader:false] shardkv server generateSnapshotter raft state size: 717, maxraftstate: 1000
2026/02/24 17:28:02 [Node:0 GID:100 isLeader:true] shardkv server generateSnapshotter raft state size: 717, maxraftstate: 1000
2026/02/24 17:28:02 [Node:0 GID:100 isLeader:true] shardkv server checkGroup key:0, shard:8 shards:map[0:true 1:true 2:true 3:true 4:true 5:true 6:true 7:true 8:true 9:true]
2026/02/24 17:28:02 [Node:0 GID:100] shardkv server get key:0, check param failed Err:ErrWrongGroup
2026/02/24 17:28:02 [Node:1 GID:100 isLeader:false] shardkv server generateSnapshotter raft state size: 717, maxraftstate: 1000
2026/02/24 17:28:02 [Node:0 GID:100 isLeader:true] shardkv server generateSnapshotter raft state size: 717, maxraftstate: 1000
2026/02/24 17:28:02 [Node:2 GID:100 isLeader:false] shardkv server generateSnapshotter raft state size: 717, maxraftstate: 1000
2026/02/24 17:28:02 [Node:1 GID:100 isLeader:false] shardkv server generateSnapshotter raft state size: 717, maxraftstate: 1000
2026/02/24 17:28:02 [Node:0 GID:100 isLeader:true] shardkv server generateSnapshotter raft state size: 717, maxraftstate: 1000
2026/02/24 17:28:02 [Node:2 GID:100 isLeader:false] shardkv server generateSnapshotter raft state size: 717, maxraftstate: 1000
2026/02/24 17:28:02 [Node:0 GID:100 isLeader:true] shardkv server checkGroup key:0, shard:8 shards:map[0:true 1:true 2:true 3:true 4:true 5:true 6:true 7:true 8:true 9:true]
2026/02/24 17:28:02 [Node:0 GID:100] shardkv server get key:0, check param failed Err:ErrWrongGroup
2026/02/24 17:28:02 [Node:1 GID:100 isLeader:false] shardkv server generateSnapshotter raft state size: 717, maxraftstate: 1000
2026/02/24 17:28:02 [Node:0 GID:100 isLeader:true] shardkv server generateSnapshotter raft state size: 717, maxraftstate: 1000
2026/02/24 17:28:02 [Node:2 GID:100 isLeader:false] shardkv server generateSnapshotter raft state size: 717, maxraftstate: 1000
2026/02/24 17:28:03 [Node:1 GID:100 isLeader:false] shardkv server generateSnapshotter raft state size: 717, maxraftstate: 1000
2026/02/24 17:28:03 [Node:2 GID:100 isLeader:false] shardkv server generateSnapshotter raft state size: 717, maxraftstate: 1000
2026/02/24 17:28:03 [Node:0 GID:100 isLeader:true] shardkv server generateSnapshotter raft state size: 717, maxraftstate: 1000
2026/02/24 17:28:03 [Node:1 GID:100 isLeader:false] shardkv server generateSnapshotter raft state size: 717, maxraftstate: 1000
2026/02/24 17:28:03 [Node:2 GID:100 isLeader:false] shardkv server generateSnapshotter raft state size: 717, maxraftstate: 1000
2026/02/24 17:28:03 [Node:0 GID:100 isLeader:true] shardkv server generateSnapshotter raft state size: 717, maxraftstate: 1000
2026/02/24 17:28:03 [Node:0 GID:100 isLeader:true] shardkv server checkGroup key:0, shard:8 shards:map[0:true 1:true 2:true 3:true 4:true 5:true 6:true 7:true 8:true 9:true]
2026/02/24 17:28:03 [Node:0 GID:100] shardkv server get key:0, check param failed Err:ErrWrongGroup
2026/02/24 17:28:03 [Node:1 GID:100 isLeader:false] shardkv server generateSnapshotter raft state size: 717, maxraftstate: 1000
2026/02/24 17:28:03 [Node:2 GID:100 isLeader:false] shardkv server generateSnapshotter raft state size: 717, maxraftstate: 1000
2026/02/24 17:28:03 [Node:0 GID:100 isLeader:true] shardkv server generateSnapshotter raft state size: 717, maxraftstate: 1000
2026/02/24 17:28:03 [Node:1 GID:100 isLeader:false] shardkv server generateSnapshotter raft state size: 717, maxraftstate: 1000
2026/02/24 17:28:03 [Node:2 GID:100 isLeader:false] shardkv server generateSnapshotter raft state size: 717, maxraftstate: 1000
2026/02/24 17:28:03 [Node:0 GID:100 isLeader:true] shardkv server generateSnapshotter raft state size: 717, maxraftstate: 1000
2026/02/24 17:28:03 [Node:0 GID:100 isLeader:true] shardkv server checkGroup key:0, shard:8 shards:map[0:true 1:true 2:true 3:true 4:true 5:true 6:true 7:true 8:true 9:true]
2026/02/24 17:28:03 [Node:0 GID:100] shardkv server get key:0, check param failed Err:ErrWrongGroup
2026/02/24 17:28:03 [Node:1 GID:100 isLeader:false] shardkv server generateSnapshotter raft state size: 717, maxraftstate: 1000
2026/02/24 17:28:03 [Node:2 GID:100 isLeader:false] shardkv server generateSnapshotter raft state size: 717, maxraftstate: 1000
2026/02/24 17:28:03 [Node:0 GID:100 isLeader:true] shardkv server generateSnapshotter raft state size: 717, maxraftstate: 1000
2026/02/24 17:28:03 [Node:2 GID:100 isLeader:false] shardkv server generateSnapshotter raft state size: 717, maxraftstate: 1000
2026/02/24 17:28:03 [Node:1 GID:100 isLeader:false] shardkv server generateSnapshotter raft state size: 717, maxraftstate: 1000
2026/02/24 17:28:03 [Node:0 GID:100 isLeader:true] shardkv server generateSnapshotter raft state size: 717, maxraftstate: 1000
2026/02/24 17:28:03 [Node:0 GID:100 isLeader:true] shardkv server checkGroup key:0, shard:8 shards:map[0:true 1:true 2:true 3:true 4:true 5:true 6:true 7:true 8:true 9:true]
2026/02/24 17:28:03 [Node:0 GID:100] shardkv server get key:0, check param failed Err:ErrWrongGroup
2026/02/24 17:28:03 [Node:2 GID:100 isLeader:false] shardkv server generateSnapshotter raft state size: 717, maxraftstate: 1000
2026/02/24 17:28:03 [Node:1 GID:100 isLeader:false] shardkv server generateSnapshotter raft state size: 717, maxraftstate: 1000
2026/02/24 17:28:03 [Node:0 GID:100 isLeader:true] shardkv server generateSnapshotter raft state size: 717, maxraftstate: 1000
2026/02/24 17:28:03 [Node:2 GID:100 isLeader:false] shardkv server generateSnapshotter raft state size: 717, maxraftstate: 1000
2026/02/24 17:28:03 [Node:1 GID:100 isLeader:false] shardkv server generateSnapshotter raft state size: 717, maxraftstate: 1000
2026/02/24 17:28:03 [Node:0 GID:100 isLeader:true] shardkv server generateSnapshotter raft state size: 717, maxraftstate: 1000
2026/02/24 17:28:03 [Node:2 GID:100 isLeader:false] shardkv server generateSnapshotter raft state size: 717, maxraftstate: 1000
2026/02/24 17:28:03 [Node:1 GID:100 isLeader:false] shardkv server generateSnapshotter raft state size: 717, maxraftstate: 1000
2026/02/24 17:28:03 [Node:0 GID:100 isLeader:true] shardkv server generateSnapshotter raft state size: 717, maxraftstate: 1000
2026/02/24 17:28:03 [Node:0 GID:100 isLeader:true] shardkv server checkGroup key:0, shard:8 shards:map[0:true 1:true 2:true 3:true 4:true 5:true 6:true 7:true 8:true 9:true]
2026/02/24 17:28:03 [Node:0 GID:100] shardkv server get key:0, check param failed Err:ErrWrongGroup
2026/02/24 17:28:03 [Node:2 GID:100 isLeader:false] shardkv server generateSnapshotter raft state size: 717, maxraftstate: 1000
2026/02/24 17:28:03 [Node:1 GID:100 isLeader:false] shardkv server generateSnapshotter raft state size: 717, maxraftstate: 1000
2026/02/24 17:28:03 [Node:0 GID:100 isLeader:true] shardkv server generateSnapshotter raft state size: 717, maxraftstate: 1000
2026/02/24 17:28:04 [Node:1 GID:100 isLeader:false] shardkv server generateSnapshotter raft state size: 717, maxraftstate: 1000
2026/02/24 17:28:04 [Node:2 GID:100 isLeader:false] shardkv server generateSnapshotter raft state size: 717, maxraftstate: 1000
2026/02/24 17:28:04 [Node:0 GID:100 isLeader:true] shardkv server generateSnapshotter raft state size: 717, maxraftstate: 1000
2026/02/24 17:28:04 [Node:0 GID:100 isLeader:true] shardkv server checkGroup key:0, shard:8 shards:map[0:true 1:true 2:true 3:true 4:true 5:true 6:true 7:true 8:true 9:true]
2026/02/24 17:28:04 [Node:0 GID:100] shardkv server get key:0, check param failed Err:ErrWrongGroup
2026/02/24 17:28:04 [Node:1 GID:100 isLeader:false] shardkv server generateSnapshotter raft state size: 717, maxraftstate: 1000
2026/02/24 17:28:04 [Node:2 GID:100 isLeader:false] shardkv server generateSnapshotter raft state size: 717, maxraftstate: 1000
2026/02/24 17:28:04 [Node:0 GID:100 isLeader:true] shardkv server generateSnapshotter raft state size: 717, maxraftstate: 1000
2026/02/24 17:28:04 [Node:1 GID:100 isLeader:false] shardkv server generateSnapshotter raft state size: 717, maxraftstate: 1000
2026/02/24 17:28:04 [Node:2 GID:100 isLeader:false] shardkv server generateSnapshotter raft state size: 717, maxraftstate: 1000
2026/02/24 17:28:04 [Node:0 GID:100 isLeader:true] shardkv server generateSnapshotter raft state size: 717, maxraftstate: 1000
2026/02/24 17:28:04 [Node:0 GID:100 isLeader:true] shardkv server checkGroup key:0, shard:8 shards:map[0:true 1:true 2:true 3:true 4:true 5:true 6:true 7:true 8:true 9:true]
2026/02/24 17:28:04 [Node:0 GID:100] shardkv server get key:0, check param failed Err:ErrWrongGroup
2026/02/24 17:28:04 [Node:1 GID:100 isLeader:false] shardkv server generateSnapshotter raft state size: 717, maxraftstate: 1000
2026/02/24 17:28:04 [Node:2 GID:100 isLeader:false] shardkv server generateSnapshotter raft state size: 717, maxraftstate: 1000
2026/02/24 17:28:04 [Node:0 GID:100 isLeader:true] shardkv server generateSnapshotter raft state size: 717, maxraftstate: 1000
2026/02/24 17:28:04 [Node:2 GID:100 isLeader:false] shardkv server generateSnapshotter raft state size: 717, maxraftstate: 1000
2026/02/24 17:28:04 [Node:1 GID:100 isLeader:false] shardkv server generateSnapshotter raft state size: 717, maxraftstate: 1000
2026/02/24 17:28:04 [Node:0 GID:100 isLeader:true] shardkv server generateSnapshotter raft state size: 717, maxraftstate: 1000
2026/02/24 17:28:04 [Node:1 GID:100 isLeader:false] shardkv server generateSnapshotter raft state size: 717, maxraftstate: 1000
2026/02/24 17:28:04 [Node:2 GID:100 isLeader:false] shardkv server generateSnapshotter raft state size: 717, maxraftstate: 1000
2026/02/24 17:28:04 [Node:0 GID:100 isLeader:true] shardkv server generateSnapshotter raft state size: 717, maxraftstate: 1000
2026/02/24 17:28:04 [Node:0 GID:100 isLeader:true] shardkv server checkGroup key:0, shard:8 shards:map[0:true 1:true 2:true 3:true 4:true 5:true 6:true 7:true 8:true 9:true]
2026/02/24 17:28:04 [Node:0 GID:100] shardkv server get key:0, check param failed Err:ErrWrongGroup
2026/02/24 17:28:04 [Node:1 GID:100 isLeader:false] shardkv server generateSnapshotter raft state size: 717, maxraftstate: 1000
2026/02/24 17:28:04 [Node:0 GID:100 isLeader:true] shardkv server generateSnapshotter raft state size: 717, maxraftstate: 1000
2026/02/24 17:28:04 [Node:2 GID:100 isLeader:false] shardkv server generateSnapshotter raft state size: 717, maxraftstate: 1000
2026/02/24 17:28:04 [Node:2 GID:100 isLeader:false] shardkv server generateSnapshotter raft state size: 717, maxraftstate: 1000
2026/02/24 17:28:04 [Node:1 GID:100 isLeader:false] shardkv server generateSnapshotter raft state size: 717, maxraftstate: 1000
2026/02/24 17:28:04 [Node:0 GID:100 isLeader:true] shardkv server generateSnapshotter raft state size: 717, maxraftstate: 1000
2026/02/24 17:28:04 [Node:0 GID:100 isLeader:true] shardkv server checkGroup key:0, shard:8 shards:map[0:true 1:true 2:true 3:true 4:true 5:true 6:true 7:true 8:true 9:true]
2026/02/24 17:28:04 [Node:0 GID:100] shardkv server get key:0, check param failed Err:ErrWrongGroup
2026/02/24 17:28:04 [Node:0 GID:100 isLeader:true] shardkv server generateSnapshotter raft state size: 717, maxraftstate: 1000
2026/02/24 17:28:04 [Node:1 GID:100 isLeader:false] shardkv server generateSnapshotter raft state size: 717, maxraftstate: 1000
2026/02/24 17:28:04 [Node:2 GID:100 isLeader:false] shardkv server generateSnapshotter raft state size: 717, maxraftstate: 1000
2026/02/24 17:28:04 [Node:0 GID:100 isLeader:true] shardkv server generateSnapshotter raft state size: 717, maxraftstate: 1000
2026/02/24 17:28:04 [Node:1 GID:100 isLeader:false] shardkv server generateSnapshotter raft state size: 717, maxraftstate: 1000
2026/02/24 17:28:04 [Node:2 GID:100 isLeader:false] shardkv server generateSnapshotter raft state size: 717, maxraftstate: 1000
2026/02/24 17:28:05 [Node:0 GID:100 isLeader:true] shardkv server generateSnapshotter raft state size: 717, maxraftstate: 1000
2026/02/24 17:28:05 [Node:1 GID:100 isLeader:false] shardkv server generateSnapshotter raft state size: 717, maxraftstate: 1000
2026/02/24 17:28:05 [Node:2 GID:100 isLeader:false] shardkv server generateSnapshotter raft state size: 717, maxraftstate: 1000
2026/02/24 17:28:05 [Node:0 GID:100 isLeader:true] shardkv server checkGroup key:0, shard:8 shards:map[0:true 1:true 2:true 3:true 4:true 5:true 6:true 7:true 8:true 9:true]
2026/02/24 17:28:05 [Node:0 GID:100] shardkv server get key:0, check param failed Err:ErrWrongGroup
2026/02/24 17:28:05 [Node:0 GID:100 isLeader:true] shardkv server generateSnapshotter raft state size: 717, maxraftstate: 1000
2026/02/24 17:28:05 [Node:2 GID:100 isLeader:false] shardkv server generateSnapshotter raft state size: 717, maxraftstate: 1000
2026/02/24 17:28:05 [Node:1 GID:100 isLeader:false] shardkv server generateSnapshotter raft state size: 717, maxraftstate: 1000
2026/02/24 17:28:05 [Node:0 GID:100 isLeader:true] shardkv server generateSnapshotter raft state size: 717, maxraftstate: 1000
2026/02/24 17:28:05 [Node:2 GID:100 isLeader:false] shardkv server generateSnapshotter raft state size: 717, maxraftstate: 1000
2026/02/24 17:28:05 [Node:1 GID:100 isLeader:false] shardkv server generateSnapshotter raft state size: 717, maxraftstate: 1000
2026/02/24 17:28:05 [Node:0 GID:100 isLeader:true] shardkv server checkGroup key:0, shard:8 shards:map[0:true 1:true 2:true 3:true 4:true 5:true 6:true 7:true 8:true 9:true]
2026/02/24 17:28:05 [Node:0 GID:100] shardkv server get key:0, check param failed Err:ErrWrongGroup
2026/02/24 17:28:05 [Node:0 GID:100 isLeader:true] shardkv server generateSnapshotter raft state size: 717, maxraftstate: 1000
2026/02/24 17:28:05 [Node:2 GID:100 isLeader:false] shardkv server generateSnapshotter raft state size: 717, maxraftstate: 1000
2026/02/24 17:28:05 [Node:1 GID:100 isLeader:false] shardkv server generateSnapshotter raft state size: 717, maxraftstate: 1000
2026/02/24 17:28:05 [Node:2 GID:100 isLeader:false] shardkv server generateSnapshotter raft state size: 717, maxraftstate: 1000
2026/02/24 17:28:05 [Node:0 GID:100 isLeader:true] shardkv server generateSnapshotter raft state size: 717, maxraftstate: 1000
2026/02/24 17:28:05 [Node:1 GID:100 isLeader:false] shardkv server generateSnapshotter raft state size: 717, maxraftstate: 1000
2026/02/24 17:28:05 [Node:0 GID:100 isLeader:true] shardkv server checkGroup key:0, shard:8 shards:map[0:true 1:true 2:true 3:true 4:true 5:true 6:true 7:true 8:true 9:true]
2026/02/24 17:28:05 [Node:0 GID:100] shardkv server get key:0, check param failed Err:ErrWrongGroup
2026/02/24 17:28:05 [Node:2 GID:100 isLeader:false] shardkv server generateSnapshotter raft state size: 717, maxraftstate: 1000
2026/02/24 17:28:05 [Node:1 GID:100 isLeader:false] shardkv server generateSnapshotter raft state size: 717, maxraftstate: 1000
2026/02/24 17:28:05 [Node:0 GID:100 isLeader:true] shardkv server generateSnapshotter raft state size: 717, maxraftstate: 1000
2026/02/24 17:28:05 [Node:2 GID:100 isLeader:false] shardkv server generateSnapshotter raft state size: 717, maxraftstate: 1000
2026/02/24 17:28:05 [Node:0 GID:100 isLeader:true] shardkv server generateSnapshotter raft state size: 717, maxraftstate: 1000
2026/02/24 17:28:05 [Node:1 GID:100 isLeader:false] shardkv server generateSnapshotter raft state size: 717, maxraftstate: 1000
2026/02/24 17:28:05 [Node:1 GID:100 isLeader:false] shardkv server generateSnapshotter raft state size: 717, maxraftstate: 1000
2026/02/24 17:28:05 [Node:2 GID:100 isLeader:false] shardkv server generateSnapshotter raft state size: 717, maxraftstate: 1000
2026/02/24 17:28:05 [Node:0 GID:100 isLeader:true] shardkv server generateSnapshotter raft state size: 717, maxraftstate: 1000
2026/02/24 17:28:05 [Node:1 GID:100 isLeader:false] shardkv server generateSnapshotter raft state size: 717, maxraftstate: 1000
2026/02/24 17:28:05 [Node:2 GID:100 isLeader:false] shardkv server generateSnapshotter raft state size: 717, maxraftstate: 1000
2026/02/24 17:28:05 [Node:0 GID:100 isLeader:true] shardkv server generateSnapshotter raft state size: 717, maxraftstate: 1000
2026/02/24 17:28:05 [Node:0 GID:100 isLeader:true] shardkv server checkGroup key:0, shard:8 shards:map[0:true 1:true 2:true 3:true 4:true 5:true 6:true 7:true 8:true 9:true]
2026/02/24 17:28:05 [Node:0 GID:100] shardkv server get key:0, check param failed Err:ErrWrongGroup
2026/02/24 17:28:05 [Node:1 GID:100 isLeader:false] shardkv server generateSnapshotter raft state size: 717, maxraftstate: 1000
2026/02/24 17:28:05 [Node:2 GID:100 isLeader:false] shardkv server generateSnapshotter raft state size: 717, maxraftstate: 1000
2026/02/24 17:28:05 [Node:0 GID:100 isLeader:true] shardkv server generateSnapshotter raft state size: 717, maxraftstate: 1000
2026/02/24 17:28:06 [Node:2 GID:100 isLeader:false] shardkv server generateSnapshotter raft state size: 717, maxraftstate: 1000
2026/02/24 17:28:06 [Node:0 GID:100 isLeader:true] shardkv server generateSnapshotter raft state size: 717, maxraftstate: 1000
2026/02/24 17:28:06 [Node:1 GID:100 isLeader:false] shardkv server generateSnapshotter raft state size: 717, maxraftstate: 1000
2026/02/24 17:28:06 [Node:1 GID:100 isLeader:false] shardkv server generateSnapshotter raft state size: 717, maxraftstate: 1000
2026/02/24 17:28:06 [Node:2 GID:100 isLeader:false] shardkv server generateSnapshotter raft state size: 717, maxraftstate: 1000
2026/02/24 17:28:06 [Node:0 GID:100 isLeader:true] shardkv server generateSnapshotter raft state size: 717, maxraftstate: 1000
2026/02/24 17:28:06 [Node:1 GID:100 isLeader:false] shardkv server generateSnapshotter raft state size: 717, maxraftstate: 1000
2026/02/24 17:28:06 [Node:2 GID:100 isLeader:false] shardkv server generateSnapshotter raft state size: 717, maxraftstate: 1000
2026/02/24 17:28:06 [Node:0 GID:100 isLeader:true] shardkv server generateSnapshotter raft state size: 717, maxraftstate: 1000
2026/02/24 17:28:06 [Node:0 GID:100 isLeader:true] shardkv server checkGroup key:0, shard:8 shards:map[0:true 1:true 2:true 3:true 4:true 5:true 6:true 7:true 8:true 9:true]
2026/02/24 17:28:06 [Node:0 GID:100] shardkv server get key:0, check param failed Err:ErrWrongGroup
2026/02/24 17:28:06 [Node:2 GID:100 isLeader:false] shardkv server generateSnapshotter raft state size: 717, maxraftstate: 1000
2026/02/24 17:28:06 [Node:1 GID:100 isLeader:false] shardkv server generateSnapshotter raft state size: 717, maxraftstate: 1000
2026/02/24 17:28:06 [Node:0 GID:100 isLeader:true] shardkv server generateSnapshotter raft state size: 717, maxraftstate: 1000
2026/02/24 17:28:06 [Node:0 GID:100 isLeader:true] shardkv server generateSnapshotter raft state size: 717, maxraftstate: 1000
2026/02/24 17:28:06 [Node:2 GID:100 isLeader:false] shardkv server generateSnapshotter raft state size: 717, maxraftstate: 1000
2026/02/24 17:28:06 [Node:1 GID:100 isLeader:false] shardkv server generateSnapshotter raft state size: 717, maxraftstate: 1000
2026/02/24 17:28:06 [Node:0 GID:100 isLeader:true] shardkv server generateSnapshotter raft state size: 717, maxraftstate: 1000
2026/02/24 17:28:06 [Node:2 GID:100 isLeader:false] shardkv server generateSnapshotter raft state size: 717, maxraftstate: 1000
2026/02/24 17:28:06 [Node:1 GID:100 isLeader:false] shardkv server generateSnapshotter raft state size: 717, maxraftstate: 1000
2026/02/24 17:28:06 [Node:0 GID:100 isLeader:true] shardkv server checkGroup key:0, shard:8 shards:map[0:true 1:true 2:true 3:true 4:true 5:true 6:true 7:true 8:true 9:true]
2026/02/24 17:28:06 [Node:0 GID:100] shardkv server get key:0, check param failed Err:ErrWrongGroup
2026/02/24 17:28:06 [Node:0 GID:100 isLeader:true] shardkv server generateSnapshotter raft state size: 717, maxraftstate: 1000
2026/02/24 17:28:06 [Node:2 GID:100 isLeader:false] shardkv server generateSnapshotter raft state size: 717, maxraftstate: 1000
2026/02/24 17:28:06 [Node:1 GID:100 isLeader:false] shardkv server generateSnapshotter raft state size: 717, maxraftstate: 1000
2026/02/24 17:28:06 [Node:1 GID:100 isLeader:false] shardkv server generateSnapshotter raft state size: 717, maxraftstate: 1000
2026/02/24 17:28:06 [Node:0 GID:100 isLeader:true] shardkv server generateSnapshotter raft state size: 717, maxraftstate: 1000
2026/02/24 17:28:06 [Node:2 GID:100 isLeader:false] shardkv server generateSnapshotter raft state size: 717, maxraftstate: 1000
2026/02/24 17:28:06 [Node:0 GID:100 isLeader:true] shardkv server checkGroup key:0, shard:8 shards:map[0:true 1:true 2:true 3:true 4:true 5:true 6:true 7:true 8:true 9:true]
2026/02/24 17:28:06 [Node:0 GID:100] shardkv server get key:0, check param failed Err:ErrWrongGroup
2026/02/24 17:28:06 [Node:1 GID:100 isLeader:false] shardkv server generateSnapshotter raft state size: 717, maxraftstate: 1000
2026/02/24 17:28:06 [Node:0 GID:100 isLeader:true] shardkv server generateSnapshotter raft state size: 717, maxraftstate: 1000
2026/02/24 17:28:06 [Node:2 GID:100 isLeader:false] shardkv server generateSnapshotter raft state size: 717, maxraftstate: 1000
2026/02/24 17:28:07 [Node:0 GID:100 isLeader:true] shardkv server generateSnapshotter raft state size: 717, maxraftstate: 1000
2026/02/24 17:28:07 [Node:2 GID:100 isLeader:false] shardkv server generateSnapshotter raft state size: 717, maxraftstate: 1000
2026/02/24 17:28:07 [Node:1 GID:100 isLeader:false] shardkv server generateSnapshotter raft state size: 717, maxraftstate: 1000
2026/02/24 17:28:07 [Node:0 GID:100 isLeader:true] shardkv server checkGroup key:0, shard:8 shards:map[0:true 1:true 2:true 3:true 4:true 5:true 6:true 7:true 8:true 9:true]
2026/02/24 17:28:07 [Node:0 GID:100] shardkv server get key:0, check param failed Err:ErrWrongGroup
2026/02/24 17:28:07 [Node:0 GID:100 isLeader:true] shardkv server generateSnapshotter raft state size: 717, maxraftstate: 1000
2026/02/24 17:28:07 [Node:2 GID:100 isLeader:false] shardkv server generateSnapshotter raft state size: 717, maxraftstate: 1000
2026/02/24 17:28:07 [Node:1 GID:100 isLeader:false] shardkv server generateSnapshotter raft state size: 717, maxraftstate: 1000
2026/02/24 17:28:07 [Node:1 GID:100 isLeader:false] shardkv server generateSnapshotter raft state size: 717, maxraftstate: 1000
2026/02/24 17:28:07 [Node:0 GID:100 isLeader:true] shardkv server generateSnapshotter raft state size: 717, maxraftstate: 1000
2026/02/24 17:28:07 [Node:2 GID:100 isLeader:false] shardkv server generateSnapshotter raft state size: 717, maxraftstate: 1000
2026/02/24 17:28:07 [Node:1 GID:100 isLeader:false] shardkv server generateSnapshotter raft state size: 717, maxraftstate: 1000
2026/02/24 17:28:07 [Node:0 GID:100 isLeader:true] shardkv server generateSnapshotter raft state size: 717, maxraftstate: 1000
2026/02/24 17:28:07 [Node:2 GID:100 isLeader:false] shardkv server generateSnapshotter raft state size: 717, maxraftstate: 1000
2026/02/24 17:28:07 [Node:0 GID:100 isLeader:true] shardkv server checkGroup key:0, shard:8 shards:map[0:true 1:true 2:true 3:true 4:true 5:true 6:true 7:true 8:true 9:true]
2026/02/24 17:28:07 [Node:0 GID:100] shardkv server get key:0, check param failed Err:ErrWrongGroup
2026/02/24 17:28:07 [Node:0 GID:100 isLeader:true] shardkv server generateSnapshotter raft state size: 717, maxraftstate: 1000
2026/02/24 17:28:07 [Node:1 GID:100 isLeader:false] shardkv server generateSnapshotter raft state size: 717, maxraftstate: 1000
2026/02/24 17:28:07 [Node:2 GID:100 isLeader:false] shardkv server generateSnapshotter raft state size: 717, maxraftstate: 1000
2026/02/24 17:28:07 [Node:2 GID:100 isLeader:false] shardkv server generateSnapshotter raft state size: 717, maxraftstate: 1000
2026/02/24 17:28:07 [Node:1 GID:100 isLeader:false] shardkv server generateSnapshotter raft state size: 717, maxraftstate: 1000
2026/02/24 17:28:07 [Node:0 GID:100 isLeader:true] shardkv server generateSnapshotter raft state size: 717, maxraftstate: 1000
2026/02/24 17:28:07 [Node:0 GID:100 isLeader:true] shardkv server checkGroup key:0, shard:8 shards:map[0:true 1:true 2:true 3:true 4:true 5:true 6:true 7:true 8:true 9:true]
2026/02/24 17:28:07 [Node:0 GID:100] shardkv server get key:0, check param failed Err:ErrWrongGroup
2026/02/24 17:28:07 [Node:2 GID:100 isLeader:false] shardkv server generateSnapshotter raft state size: 717, maxraftstate: 1000
2026/02/24 17:28:07 [Node:1 GID:100 isLeader:false] shardkv server generateSnapshotter raft state size: 717, maxraftstate: 1000
2026/02/24 17:28:07 [Node:0 GID:100 isLeader:true] shardkv server generateSnapshotter raft state size: 717, maxraftstate: 1000
2026/02/24 17:28:07 [Node:0 GID:100 isLeader:true] shardkv server checkGroup key:0, shard:8 shards:map[0:true 1:true 2:true 3:true 4:true 5:true 6:true 7:true 8:true 9:true]
2026/02/24 17:28:07 [Node:0 GID:100] shardkv server get key:0, check param failed Err:ErrWrongGroup
2026/02/24 17:28:07 [Node:2 GID:100 isLeader:false] shardkv server generateSnapshotter raft state size: 717, maxraftstate: 1000
2026/02/24 17:28:07 [Node:1 GID:100 isLeader:false] shardkv server generateSnapshotter raft state size: 717, maxraftstate: 1000
2026/02/24 17:28:07 [Node:0 GID:100 isLeader:true] shardkv server generateSnapshotter raft state size: 717, maxraftstate: 1000
2026/02/24 17:28:07 [Node:2 GID:100 isLeader:false] shardkv server generateSnapshotter raft state size: 717, maxraftstate: 1000
2026/02/24 17:28:07 [Node:1 GID:100 isLeader:false] shardkv server generateSnapshotter raft state size: 717, maxraftstate: 1000
2026/02/24 17:28:07 [Node:0 GID:100 isLeader:true] shardkv server generateSnapshotter raft state size: 717, maxraftstate: 1000
2026/02/24 17:28:07 [Node:1 GID:100 isLeader:false] shardkv server generateSnapshotter raft state size: 717, maxraftstate: 1000
2026/02/24 17:28:07 [Node:2 GID:100 isLeader:false] shardkv server generateSnapshotter raft state size: 717, maxraftstate: 1000
2026/02/24 17:28:07 [Node:0 GID:100 isLeader:true] shardkv server generateSnapshotter raft state size: 717, maxraftstate: 1000
2026/02/24 17:28:07 [Node:0 GID:100 isLeader:true] shardkv server checkGroup key:0, shard:8 shards:map[0:true 1:true 2:true 3:true 4:true 5:true 6:true 7:true 8:true 9:true]
2026/02/24 17:28:07 [Node:0 GID:100] shardkv server get key:0, check param failed Err:ErrWrongGroup
2026/02/24 17:28:08 [Node:1 GID:100 isLeader:false] shardkv server generateSnapshotter raft state size: 717, maxraftstate: 1000
2026/02/24 17:28:08 [Node:0 GID:100 isLeader:true] shardkv server generateSnapshotter raft state size: 717, maxraftstate: 1000
2026/02/24 17:28:08 [Node:2 GID:100 isLeader:false] shardkv server generateSnapshotter raft state size: 717, maxraftstate: 1000
2026/02/24 17:28:08 [Node:2 GID:100 isLeader:false] shardkv server generateSnapshotter raft state size: 717, maxraftstate: 1000
2026/02/24 17:28:08 [Node:0 GID:100 isLeader:true] shardkv server generateSnapshotter raft state size: 717, maxraftstate: 1000
2026/02/24 17:28:08 [Node:1 GID:100 isLeader:false] shardkv server generateSnapshotter raft state size: 717, maxraftstate: 1000
2026/02/24 17:28:08 [Node:0 GID:100 isLeader:true] shardkv server checkGroup key:0, shard:8 shards:map[0:true 1:true 2:true 3:true 4:true 5:true 6:true 7:true 8:true 9:true]
2026/02/24 17:28:08 [Node:0 GID:100] shardkv server get key:0, check param failed Err:ErrWrongGroup
2026/02/24 17:28:08 [Node:0 GID:100 isLeader:true] shardkv server generateSnapshotter raft state size: 717, maxraftstate: 1000
2026/02/24 17:28:08 [Node:1 GID:100 isLeader:false] shardkv server generateSnapshotter raft state size: 717, maxraftstate: 1000
2026/02/24 17:28:08 [Node:2 GID:100 isLeader:false] shardkv server generateSnapshotter raft state size: 717, maxraftstate: 1000
2026/02/24 17:28:08 [Node:1 GID:100 isLeader:false] shardkv server generateSnapshotter raft state size: 717, maxraftstate: 1000
2026/02/24 17:28:08 [Node:2 GID:100 isLeader:false] shardkv server generateSnapshotter raft state size: 717, maxraftstate: 1000
2026/02/24 17:28:08 [Node:0 GID:100 isLeader:true] shardkv server generateSnapshotter raft state size: 717, maxraftstate: 1000
2026/02/24 17:28:08 [Node:0 GID:100 isLeader:true] shardkv server checkGroup key:0, shard:8 shards:map[0:true 1:true 2:true 3:true 4:true 5:true 6:true 7:true 8:true 9:true]
2026/02/24 17:28:08 [Node:0 GID:100] shardkv server get key:0, check param failed Err:ErrWrongGroup
2026/02/24 17:28:08 [Node:1 GID:100 isLeader:false] shardkv server generateSnapshotter raft state size: 717, maxraftstate: 1000
2026/02/24 17:28:08 [Node:0 GID:100 isLeader:true] shardkv server generateSnapshotter raft state size: 717, maxraftstate: 1000
2026/02/24 17:28:08 [Node:2 GID:100 isLeader:false] shardkv server generateSnapshotter raft state size: 717, maxraftstate: 1000
2026/02/24 17:28:08 [Node:0 GID:100 isLeader:true] shardkv server generateSnapshotter raft state size: 717, maxraftstate: 1000
2026/02/24 17:28:08 [Node:2 GID:100 isLeader:false] shardkv server generateSnapshotter raft state size: 717, maxraftstate: 1000
2026/02/24 17:28:08 [Node:1 GID:100 isLeader:false] shardkv server generateSnapshotter raft state size: 717, maxraftstate: 1000
2026/02/24 17:28:08 [Node:0 GID:100 isLeader:true] shardkv server checkGroup key:0, shard:8 shards:map[0:true 1:true 2:true 3:true 4:true 5:true 6:true 7:true 8:true 9:true]
2026/02/24 17:28:08 [Node:0 GID:100] shardkv server get key:0, check param failed Err:ErrWrongGroup
2026/02/24 17:28:08 [Node:2 GID:100 isLeader:false] shardkv server generateSnapshotter raft state size: 717, maxraftstate: 1000
2026/02/24 17:28:08 [Node:1 GID:100 isLeader:false] shardkv server generateSnapshotter raft state size: 717, maxraftstate: 1000
2026/02/24 17:28:08 [Node:0 GID:100 isLeader:true] shardkv server generateSnapshotter raft state size: 717, maxraftstate: 1000
2026/02/24 17:28:08 [Node:2 GID:100 isLeader:false] shardkv server generateSnapshotter raft state size: 717, maxraftstate: 1000
2026/02/24 17:28:08 [Node:0 GID:100 isLeader:true] shardkv server generateSnapshotter raft state size: 717, maxraftstate: 1000
2026/02/24 17:28:08 [Node:1 GID:100 isLeader:false] shardkv server generateSnapshotter raft state size: 717, maxraftstate: 1000
2026/02/24 17:28:08 [Node:0 GID:100 isLeader:true] shardkv server checkGroup key:0, shard:8 shards:map[0:true 1:true 2:true 3:true 4:true 5:true 6:true 7:true 8:true 9:true]
2026/02/24 17:28:08 [Node:0 GID:100] shardkv server get key:0, check param failed Err:ErrWrongGroup
2026/02/24 17:28:08 [Node:2 GID:100 isLeader:false] shardkv server generateSnapshotter raft state size: 717, maxraftstate: 1000
2026/02/24 17:28:08 [Node:0 GID:100 isLeader:true] shardkv server generateSnapshotter raft state size: 717, maxraftstate: 1000
2026/02/24 17:28:08 [Node:1 GID:100 isLeader:false] shardkv server generateSnapshotter raft state size: 717, maxraftstate: 1000
2026/02/24 17:28:08 [Node:2 GID:100 isLeader:false] shardkv server generateSnapshotter raft state size: 717, maxraftstate: 1000
2026/02/24 17:28:08 [Node:0 GID:100 isLeader:true] shardkv server generateSnapshotter raft state size: 717, maxraftstate: 1000
2026/02/24 17:28:08 [Node:1 GID:100 isLeader:false] shardkv server generateSnapshotter raft state size: 717, maxraftstate: 1000
2026/02/24 17:28:09 [Node:2 GID:100 isLeader:false] shardkv server generateSnapshotter raft state size: 717, maxraftstate: 1000
2026/02/24 17:28:09 [Node:0 GID:100 isLeader:true] shardkv server checkGroup key:0, shard:8 shards:map[0:true 1:true 2:true 3:true 4:true 5:true 6:true 7:true 8:true 9:true]
2026/02/24 17:28:09 [Node:0 GID:100] shardkv server get key:0, check param failed Err:ErrWrongGroup
2026/02/24 17:28:09 [Node:0 GID:100 isLeader:true] shardkv server generateSnapshotter raft state size: 717, maxraftstate: 1000
2026/02/24 17:28:09 [Node:1 GID:100 isLeader:false] shardkv server generateSnapshotter raft state size: 717, maxraftstate: 1000
2026/02/24 17:28:09 [Node:2 GID:100 isLeader:false] shardkv server generateSnapshotter raft state size: 717, maxraftstate: 1000
2026/02/24 17:28:09 [Node:1 GID:100 isLeader:false] shardkv server generateSnapshotter raft state size: 717, maxraftstate: 1000
2026/02/24 17:28:09 [Node:0 GID:100 isLeader:true] shardkv server generateSnapshotter raft state size: 717, maxraftstate: 1000
2026/02/24 17:28:09 [Node:2 GID:100 isLeader:false] shardkv server generateSnapshotter raft state size: 717, maxraftstate: 1000
2026/02/24 17:28:09 [Node:1 GID:100 isLeader:false] shardkv server generateSnapshotter raft state size: 717, maxraftstate: 1000
2026/02/24 17:28:09 [Node:0 GID:100 isLeader:true] shardkv server generateSnapshotter raft state size: 717, maxraftstate: 1000
2026/02/24 17:28:09 [Node:0 GID:100 isLeader:true] shardkv server checkGroup key:0, shard:8 shards:map[0:true 1:true 2:true 3:true 4:true 5:true 6:true 7:true 8:true 9:true]
2026/02/24 17:28:09 [Node:0 GID:100] shardkv server get key:0, check param failed Err:ErrWrongGroup
2026/02/24 17:28:09 [Node:2 GID:100 isLeader:false] shardkv server generateSnapshotter raft state size: 717, maxraftstate: 1000
2026/02/24 17:28:09 [Node:1 GID:100 isLeader:false] shardkv server generateSnapshotter raft state size: 717, maxraftstate: 1000
2026/02/24 17:28:09 [Node:0 GID:100 isLeader:true] shardkv server generateSnapshotter raft state size: 717, maxraftstate: 1000
2026/02/24 17:28:09 [Node:0 GID:100 isLeader:true] shardkv server checkGroup key:0, shard:8 shards:map[0:true 1:true 2:true 3:true 4:true 5:true 6:true 7:true 8:true 9:true]
2026/02/24 17:28:09 [Node:0 GID:100] shardkv server get key:0, check param failed Err:ErrWrongGroup
2026/02/24 17:28:09 [Node:1 GID:100 isLeader:false] shardkv server generateSnapshotter raft state size: 717, maxraftstate: 1000
2026/02/24 17:28:09 [Node:2 GID:100 isLeader:false] shardkv server generateSnapshotter raft state size: 717, maxraftstate: 1000
2026/02/24 17:28:09 [Node:0 GID:100 isLeader:true] shardkv server generateSnapshotter raft state size: 717, maxraftstate: 1000
2026/02/24 17:28:09 [Node:2 GID:100 isLeader:false] shardkv server generateSnapshotter raft state size: 717, maxraftstate: 1000
2026/02/24 17:28:09 [Node:1 GID:100 isLeader:false] shardkv server generateSnapshotter raft state size: 717, maxraftstate: 1000
2026/02/24 17:28:09 [Node:0 GID:100 isLeader:true] shardkv server generateSnapshotter raft state size: 717, maxraftstate: 1000
2026/02/24 17:28:09 [Node:1 GID:100 isLeader:false] shardkv server generateSnapshotter raft state size: 717, maxraftstate: 1000
2026/02/24 17:28:09 [Node:0 GID:100 isLeader:true] shardkv server generateSnapshotter raft state size: 717, maxraftstate: 1000
2026/02/24 17:28:09 [Node:2 GID:100 isLeader:false] shardkv server generateSnapshotter raft state size: 717, maxraftstate: 1000
2026/02/24 17:28:09 [Node:0 GID:100 isLeader:true] shardkv server checkGroup key:0, shard:8 shards:map[0:true 1:true 2:true 3:true 4:true 5:true 6:true 7:true 8:true 9:true]
2026/02/24 17:28:09 [Node:0 GID:100] shardkv server get key:0, check param failed Err:ErrWrongGroup
2026/02/24 17:28:09 [Node:1 GID:100 isLeader:false] shardkv server generateSnapshotter raft state size: 717, maxraftstate: 1000
2026/02/24 17:28:09 [Node:0 GID:100 isLeader:true] shardkv server generateSnapshotter raft state size: 717, maxraftstate: 1000
2026/02/24 17:28:09 [Node:2 GID:100 isLeader:false] shardkv server generateSnapshotter raft state size: 717, maxraftstate: 1000
2026/02/24 17:28:09 [Node:0 GID:100 isLeader:true] shardkv server generateSnapshotter raft state size: 717, maxraftstate: 1000
2026/02/24 17:28:09 [Node:1 GID:100 isLeader:false] shardkv server generateSnapshotter raft state size: 717, maxraftstate: 1000
2026/02/24 17:28:09 [Node:2 GID:100 isLeader:false] shardkv server generateSnapshotter raft state size: 717, maxraftstate: 1000
2026/02/24 17:28:09 [Node:0 GID:100 isLeader:true] shardkv server checkGroup key:0, shard:8 shards:map[0:true 1:true 2:true 3:true 4:true 5:true 6:true 7:true 8:true 9:true]
2026/02/24 17:28:09 [Node:0 GID:100] shardkv server get key:0, check param failed Err:ErrWrongGroup
2026/02/24 17:28:09 [Node:1 GID:100 isLeader:false] shardkv server generateSnapshotter raft state size: 717, maxraftstate: 1000
2026/02/24 17:28:09 [Node:0 GID:100 isLeader:true] shardkv server generateSnapshotter raft state size: 717, maxraftstate: 1000
2026/02/24 17:28:09 [Node:2 GID:100 isLeader:false] shardkv server generateSnapshotter raft state size: 717, maxraftstate: 1000
2026/02/24 17:28:10 [Node:1 GID:100 isLeader:false] shardkv server generateSnapshotter raft state size: 717, maxraftstate: 1000
2026/02/24 17:28:10 [Node:0 GID:100 isLeader:true] shardkv server generateSnapshotter raft state size: 717, maxraftstate: 1000
2026/02/24 17:28:10 [Node:2 GID:100 isLeader:false] shardkv server generateSnapshotter raft state size: 717, maxraftstate: 1000
2026/02/24 17:28:10 [Node:0 GID:100 isLeader:true] shardkv server checkGroup key:0, shard:8 shards:map[0:true 1:true 2:true 3:true 4:true 5:true 6:true 7:true 8:true 9:true]
2026/02/24 17:28:10 [Node:0 GID:100] shardkv server get key:0, check param failed Err:ErrWrongGroup
2026/02/24 17:28:10 [Node:0 GID:100 isLeader:true] shardkv server generateSnapshotter raft state size: 717, maxraftstate: 1000
2026/02/24 17:28:10 [Node:2 GID:100 isLeader:false] shardkv server generateSnapshotter raft state size: 717, maxraftstate: 1000
2026/02/24 17:28:10 [Node:1 GID:100 isLeader:false] shardkv server generateSnapshotter raft state size: 717, maxraftstate: 1000
2026/02/24 17:28:10 [Node:0 GID:100 isLeader:true] shardkv server generateSnapshotter raft state size: 717, maxraftstate: 1000
2026/02/24 17:28:10 [Node:1 GID:100 isLeader:false] shardkv server generateSnapshotter raft state size: 717, maxraftstate: 1000
2026/02/24 17:28:10 [Node:2 GID:100 isLeader:false] shardkv server generateSnapshotter raft state size: 717, maxraftstate: 1000
2026/02/24 17:28:10 [Node:0 GID:100 isLeader:true] shardkv server checkGroup key:0, shard:8 shards:map[0:true 1:true 2:true 3:true 4:true 5:true 6:true 7:true 8:true 9:true]
2026/02/24 17:28:10 [Node:0 GID:100] shardkv server get key:0, check param failed Err:ErrWrongGroup
2026/02/24 17:28:10 [Node:0 GID:100 isLeader:true] shardkv server generateSnapshotter raft state size: 717, maxraftstate: 1000
2026/02/24 17:28:10 [Node:1 GID:100 isLeader:false] shardkv server generateSnapshotter raft state size: 717, maxraftstate: 1000
2026/02/24 17:28:10 [Node:2 GID:100 isLeader:false] shardkv server generateSnapshotter raft state size: 717, maxraftstate: 1000
2026/02/24 17:28:10 [Node:0 GID:100 isLeader:true] shardkv server generateSnapshotter raft state size: 717, maxraftstate: 1000
2026/02/24 17:28:10 [Node:2 GID:100 isLeader:false] shardkv server generateSnapshotter raft state size: 717, maxraftstate: 1000
2026/02/24 17:28:10 [Node:1 GID:100 isLeader:false] shardkv server generateSnapshotter raft state size: 717, maxraftstate: 1000
2026/02/24 17:28:10 [Node:0 GID:100 isLeader:true] shardkv server checkGroup key:0, shard:8 shards:map[0:true 1:true 2:true 3:true 4:true 5:true 6:true 7:true 8:true 9:true]
2026/02/24 17:28:10 [Node:0 GID:100] shardkv server get key:0, check param failed Err:ErrWrongGroup
2026/02/24 17:28:10 [Node:0 GID:100 isLeader:true] shardkv server generateSnapshotter raft state size: 717, maxraftstate: 1000
2026/02/24 17:28:10 [Node:1 GID:100 isLeader:false] shardkv server generateSnapshotter raft state size: 717, maxraftstate: 1000
2026/02/24 17:28:10 [Node:2 GID:100 isLeader:false] shardkv server generateSnapshotter raft state size: 717, maxraftstate: 1000
2026/02/24 17:28:10 [Node:1 GID:100 isLeader:false] shardkv server generateSnapshotter raft state size: 717, maxraftstate: 1000
2026/02/24 17:28:10 [Node:2 GID:100 isLeader:false] shardkv server generateSnapshotter raft state size: 717, maxraftstate: 1000
2026/02/24 17:28:10 [Node:0 GID:100 isLeader:true] shardkv server generateSnapshotter raft state size: 717, maxraftstate: 1000
2026/02/24 17:28:10 [Node:0 GID:100 isLeader:true] shardkv server checkGroup key:0, shard:8 shards:map[0:true 1:true 2:true 3:true 4:true 5:true 6:true 7:true 8:true 9:true]
2026/02/24 17:28:10 [Node:0 GID:100] shardkv server get key:0, check param failed Err:ErrWrongGroup
2026/02/24 17:28:10 [Node:1 GID:100 isLeader:false] shardkv server generateSnapshotter raft state size: 717, maxraftstate: 1000
2026/02/24 17:28:10 [Node:2 GID:100 isLeader:false] shardkv server generateSnapshotter raft state size: 717, maxraftstate: 1000
2026/02/24 17:28:10 [Node:0 GID:100 isLeader:true] shardkv server generateSnapshotter raft state size: 717, maxraftstate: 1000
2026/02/24 17:28:10 [Node:0 GID:100 isLeader:true] shardkv server generateSnapshotter raft state size: 717, maxraftstate: 1000
2026/02/24 17:28:10 [Node:1 GID:100 isLeader:false] shardkv server generateSnapshotter raft state size: 717, maxraftstate: 1000
2026/02/24 17:28:10 [Node:2 GID:100 isLeader:false] shardkv server generateSnapshotter raft state size: 717, maxraftstate: 1000
2026/02/24 17:28:10 [Node:0 GID:100 isLeader:true] shardkv server checkGroup key:0, shard:8 shards:map[0:true 1:true 2:true 3:true 4:true 5:true 6:true 7:true 8:true 9:true]
2026/02/24 17:28:10 [Node:0 GID:100] shardkv server get key:0, check param failed Err:ErrWrongGroup
2026/02/24 17:28:10 [Node:1 GID:100 isLeader:false] shardkv server generateSnapshotter raft state size: 717, maxraftstate: 1000
2026/02/24 17:28:10 [Node:2 GID:100 isLeader:false] shardkv server generateSnapshotter raft state size: 717, maxraftstate: 1000
2026/02/24 17:28:10 [Node:0 GID:100 isLeader:true] shardkv server generateSnapshotter raft state size: 717, maxraftstate: 1000
2026/02/24 17:28:11 [Node:1 GID:100 isLeader:false] shardkv server generateSnapshotter raft state size: 717, maxraftstate: 1000
2026/02/24 17:28:11 [Node:0 GID:100 isLeader:true] shardkv server generateSnapshotter raft state size: 717, maxraftstate: 1000
2026/02/24 17:28:11 [Node:2 GID:100 isLeader:false] shardkv server generateSnapshotter raft state size: 717, maxraftstate: 1000
2026/02/24 17:28:11 [Node:1 GID:100 isLeader:false] shardkv server generateSnapshotter raft state size: 717, maxraftstate: 1000
2026/02/24 17:28:11 [Node:0 GID:100 isLeader:true] shardkv server generateSnapshotter raft state size: 717, maxraftstate: 1000
2026/02/24 17:28:11 [Node:2 GID:100 isLeader:false] shardkv server generateSnapshotter raft state size: 717, maxraftstate: 1000
2026/02/24 17:28:11 [Node:0 GID:100 isLeader:true] shardkv server checkGroup key:0, shard:8 shards:map[0:true 1:true 2:true 3:true 4:true 5:true 6:true 7:true 8:true 9:true]
2026/02/24 17:28:11 [Node:0 GID:100] shardkv server get key:0, check param failed Err:ErrWrongGroup
2026/02/24 17:28:11 [Node:0 GID:100 isLeader:true] shardkv server generateSnapshotter raft state size: 717, maxraftstate: 1000
2026/02/24 17:28:11 [Node:1 GID:100 isLeader:false] shardkv server generateSnapshotter raft state size: 717, maxraftstate: 1000
2026/02/24 17:28:11 [Node:2 GID:100 isLeader:false] shardkv server generateSnapshotter raft state size: 717, maxraftstate: 1000
2026/02/24 17:28:11 [Node:0 GID:100 isLeader:true] shardkv server generateSnapshotter raft state size: 717, maxraftstate: 1000
2026/02/24 17:28:11 [Node:1 GID:100 isLeader:false] shardkv server generateSnapshotter raft state size: 717, maxraftstate: 1000
2026/02/24 17:28:11 [Node:2 GID:100 isLeader:false] shardkv server generateSnapshotter raft state size: 717, maxraftstate: 1000
2026/02/24 17:28:11 [Node:0 GID:100 isLeader:true] shardkv server generateSnapshotter raft state size: 717, maxraftstate: 1000
2026/02/24 17:28:11 [Node:2 GID:100 isLeader:false] shardkv server generateSnapshotter raft state size: 717, maxraftstate: 1000
2026/02/24 17:28:11 [Node:1 GID:100 isLeader:false] shardkv server generateSnapshotter raft state size: 717, maxraftstate: 1000
2026/02/24 17:28:11 [Node:0 GID:100 isLeader:true] shardkv server checkGroup key:0, shard:8 shards:map[0:true 1:true 2:true 3:true 4:true 5:true 6:true 7:true 8:true 9:true]
2026/02/24 17:28:11 [Node:0 GID:100] shardkv server get key:0, check param failed Err:ErrWrongGroup
2026/02/24 17:28:11 [Node:0 GID:100 isLeader:true] shardkv server generateSnapshotter raft state size: 717, maxraftstate: 1000
2026/02/24 17:28:11 [Node:2 GID:100 isLeader:false] shardkv server generateSnapshotter raft state size: 717, maxraftstate: 1000
2026/02/24 17:28:11 [Node:1 GID:100 isLeader:false] shardkv server generateSnapshotter raft state size: 717, maxraftstate: 1000
2026/02/24 17:28:11 [Node:1 GID:100 isLeader:false] shardkv server generateSnapshotter raft state size: 717, maxraftstate: 1000
2026/02/24 17:28:11 [Node:0 GID:100 isLeader:true] shardkv server generateSnapshotter raft state size: 717, maxraftstate: 1000
2026/02/24 17:28:11 [Node:2 GID:100 isLeader:false] shardkv server generateSnapshotter raft state size: 717, maxraftstate: 1000
2026/02/24 17:28:11 [Node:0 GID:100 isLeader:true] shardkv server checkGroup key:0, shard:8 shards:map[0:true 1:true 2:true 3:true 4:true 5:true 6:true 7:true 8:true 9:true]
2026/02/24 17:28:11 [Node:0 GID:100] shardkv server get key:0, check param failed Err:ErrWrongGroup
2026/02/24 17:28:11 [Node:1 GID:100 isLeader:false] shardkv server generateSnapshotter raft state size: 717, maxraftstate: 1000
2026/02/24 17:28:11 [Node:0 GID:100 isLeader:true] shardkv server generateSnapshotter raft state size: 717, maxraftstate: 1000
2026/02/24 17:28:11 [Node:2 GID:100 isLeader:false] shardkv server generateSnapshotter raft state size: 717, maxraftstate: 1000
2026/02/24 17:28:11 [Node:0 GID:100 isLeader:true] shardkv server generateSnapshotter raft state size: 717, maxraftstate: 1000
2026/02/24 17:28:11 [Node:1 GID:100 isLeader:false] shardkv server generateSnapshotter raft state size: 717, maxraftstate: 1000
2026/02/24 17:28:11 [Node:2 GID:100 isLeader:false] shardkv server generateSnapshotter raft state size: 717, maxraftstate: 1000
2026/02/24 17:28:11 [Node:0 GID:100 isLeader:true] shardkv server generateSnapshotter raft state size: 717, maxraftstate: 1000
2026/02/24 17:28:11 [Node:1 GID:100 isLeader:false] shardkv server generateSnapshotter raft state size: 717, maxraftstate: 1000
2026/02/24 17:28:11 [Node:2 GID:100 isLeader:false] shardkv server generateSnapshotter raft state size: 717, maxraftstate: 1000
2026/02/24 17:28:12 [Node:0 GID:100 isLeader:true] shardkv server generateSnapshotter raft state size: 717, maxraftstate: 1000
2026/02/24 17:28:12 [Node:1 GID:100 isLeader:false] shardkv server generateSnapshotter raft state size: 717, maxraftstate: 1000
2026/02/24 17:28:12 [Node:2 GID:100 isLeader:false] shardkv server generateSnapshotter raft state size: 717, maxraftstate: 1000
2026/02/24 17:28:12 [Node:0 GID:100 isLeader:true] shardkv server checkGroup key:0, shard:8 shards:map[0:true 1:true 2:true 3:true 4:true 5:true 6:true 7:true 8:true 9:true]
2026/02/24 17:28:12 [Node:0 GID:100] shardkv server get key:0, check param failed Err:ErrWrongGroup
2026/02/24 17:28:12 [Node:1 GID:100 isLeader:false] shardkv server generateSnapshotter raft state size: 717, maxraftstate: 1000
2026/02/24 17:28:12 [Node:0 GID:100 isLeader:true] shardkv server generateSnapshotter raft state size: 717, maxraftstate: 1000
2026/02/24 17:28:12 [Node:2 GID:100 isLeader:false] shardkv server generateSnapshotter raft state size: 717, maxraftstate: 1000
2026/02/24 17:28:12 [Node:1 GID:100 isLeader:false] shardkv server generateSnapshotter raft state size: 717, maxraftstate: 1000
2026/02/24 17:28:12 [Node:0 GID:100 isLeader:true] shardkv server generateSnapshotter raft state size: 717, maxraftstate: 1000
2026/02/24 17:28:12 [Node:2 GID:100 isLeader:false] shardkv server generateSnapshotter raft state size: 717, maxraftstate: 1000
2026/02/24 17:28:12 [Node:0 GID:100 isLeader:true] shardkv server generateSnapshotter raft state size: 717, maxraftstate: 1000
2026/02/24 17:28:12 [Node:1 GID:100 isLeader:false] shardkv server generateSnapshotter raft state size: 717, maxraftstate: 1000
2026/02/24 17:28:12 [Node:2 GID:100 isLeader:false] shardkv server generateSnapshotter raft state size: 717, maxraftstate: 1000
2026/02/24 17:28:12 [Node:0 GID:100 isLeader:true] shardkv server generateSnapshotter raft state size: 717, maxraftstate: 1000
2026/02/24 17:28:12 [Node:1 GID:100 isLeader:false] shardkv server generateSnapshotter raft state size: 717, maxraftstate: 1000
2026/02/24 17:28:12 [Node:2 GID:100 isLeader:false] shardkv server generateSnapshotter raft state size: 717, maxraftstate: 1000
2026/02/24 17:28:12 [Node:0 GID:100 isLeader:true] shardkv server generateSnapshotter raft state size: 717, maxraftstate: 1000
2026/02/24 17:28:12 [Node:1 GID:100 isLeader:false] shardkv server generateSnapshotter raft state size: 717, maxraftstate: 1000
2026/02/24 17:28:12 [Node:2 GID:100 isLeader:false] shardkv server generateSnapshotter raft state size: 717, maxraftstate: 1000
2026/02/24 17:28:12 [Node:0 GID:100 isLeader:true] shardkv server checkGroup key:0, shard:8 shards:map[0:true 1:true 2:true 3:true 4:true 5:true 6:true 7:true 8:true 9:true]
2026/02/24 17:28:12 [Node:0 GID:100] shardkv server get key:0, check param failed Err:ErrWrongGroup
2026/02/24 17:28:12 [Node:0 GID:100 isLeader:true] shardkv server generateSnapshotter raft state size: 717, maxraftstate: 1000
2026/02/24 17:28:12 [Node:1 GID:100 isLeader:false] shardkv server generateSnapshotter raft state size: 717, maxraftstate: 1000
2026/02/24 17:28:12 [Node:2 GID:100 isLeader:false] shardkv server generateSnapshotter raft state size: 717, maxraftstate: 1000
2026/02/24 17:28:12 [Node:0 GID:100 isLeader:true] shardkv server generateSnapshotter raft state size: 717, maxraftstate: 1000
2026/02/24 17:28:12 [Node:1 GID:100 isLeader:false] shardkv server generateSnapshotter raft state size: 717, maxraftstate: 1000
2026/02/24 17:28:12 [Node:2 GID:100 isLeader:false] shardkv server generateSnapshotter raft state size: 717, maxraftstate: 1000
2026/02/24 17:28:12 [Node:0 GID:100 isLeader:true] shardkv server generateSnapshotter raft state size: 717, maxraftstate: 1000
2026/02/24 17:28:12 [Node:1 GID:100 isLeader:false] shardkv server generateSnapshotter raft state size: 717, maxraftstate: 1000
2026/02/24 17:28:12 [Node:2 GID:100 isLeader:false] shardkv server generateSnapshotter raft state size: 717, maxraftstate: 1000
2026/02/24 17:28:12 [Node:0 GID:100 isLeader:true] shardkv server generateSnapshotter raft state size: 717, maxraftstate: 1000
2026/02/24 17:28:12 [Node:1 GID:100 isLeader:false] shardkv server generateSnapshotter raft state size: 717, maxraftstate: 1000
2026/02/24 17:28:12 [Node:2 GID:100 isLeader:false] shardkv server generateSnapshotter raft state size: 717, maxraftstate: 1000
2026/02/24 17:28:13 [Node:0 GID:100 isLeader:true] shardkv server generateSnapshotter raft state size: 717, maxraftstate: 1000
2026/02/24 17:28:13 [Node:1 GID:100 isLeader:false] shardkv server generateSnapshotter raft state size: 717, maxraftstate: 1000
2026/02/24 17:28:13 [Node:2 GID:100 isLeader:false] shardkv server generateSnapshotter raft state size: 717, maxraftstate: 1000
2026/02/24 17:28:13 [Node:0 GID:100 isLeader:true] shardkv server checkGroup key:0, shard:8 shards:map[0:true 1:true 2:true 3:true 4:true 5:true 6:true 7:true 8:true 9:true]
2026/02/24 17:28:13 [Node:0 GID:100] shardkv server get key:0, check param failed Err:ErrWrongGroup
2026/02/24 17:28:13 [Node:0 GID:100 isLeader:true] shardkv server generateSnapshotter raft state size: 717, maxraftstate: 1000
2026/02/24 17:28:13 [Node:2 GID:100 isLeader:false] shardkv server generateSnapshotter raft state size: 717, maxraftstate: 1000
2026/02/24 17:28:13 [Node:1 GID:100 isLeader:false] shardkv server generateSnapshotter raft state size: 717, maxraftstate: 1000
2026/02/24 17:28:13 [Node:0 GID:100 isLeader:true] shardkv server generateSnapshotter raft state size: 717, maxraftstate: 1000
2026/02/24 17:28:13 [Node:2 GID:100 isLeader:false] shardkv server generateSnapshotter raft state size: 717, maxraftstate: 1000
2026/02/24 17:28:13 [Node:1 GID:100 isLeader:false] shardkv server generateSnapshotter raft state size: 717, maxraftstate: 1000
2026/02/24 17:28:13 [Node:0 GID:100 isLeader:true] shardkv server generateSnapshotter raft state size: 717, maxraftstate: 1000
2026/02/24 17:28:13 [Node:2 GID:100 isLeader:false] shardkv server generateSnapshotter raft state size: 717, maxraftstate: 1000
2026/02/24 17:28:13 [Node:1 GID:100 isLeader:false] shardkv server generateSnapshotter raft state size: 717, maxraftstate: 1000
2026/02/24 17:28:13 [Node:2 GID:100 isLeader:false] shardkv server generateSnapshotter raft state size: 717, maxraftstate: 1000
2026/02/24 17:28:13 [Node:0 GID:100 isLeader:true] shardkv server generateSnapshotter raft state size: 717, maxraftstate: 1000
2026/02/24 17:28:13 [Node:1 GID:100 isLeader:false] shardkv server generateSnapshotter raft state size: 717, maxraftstate: 1000
2026/02/24 17:28:13 [Node:2 GID:100 isLeader:false] shardkv server generateSnapshotter raft state size: 717, maxraftstate: 1000
2026/02/24 17:28:13 [Node:0 GID:100 isLeader:true] shardkv server generateSnapshotter raft state size: 717, maxraftstate: 1000
2026/02/24 17:28:13 [Node:1 GID:100 isLeader:false] shardkv server generateSnapshotter raft state size: 717, maxraftstate: 1000
2026/02/24 17:28:13 [Node:0 GID:100 isLeader:true] shardkv server checkGroup key:0, shard:8 shards:map[0:true 1:true 2:true 3:true 4:true 5:true 6:true 7:true 8:true 9:true]
2026/02/24 17:28:13 [Node:0 GID:100] shardkv server get key:0, check param failed Err:ErrWrongGroup
2026/02/24 17:28:13 [Node:2 GID:100 isLeader:false] shardkv server generateSnapshotter raft state size: 717, maxraftstate: 1000
2026/02/24 17:28:13 [Node:0 GID:100 isLeader:true] shardkv server generateSnapshotter raft state size: 717, maxraftstate: 1000
2026/02/24 17:28:13 [Node:1 GID:100 isLeader:false] shardkv server generateSnapshotter raft state size: 717, maxraftstate: 1000
2026/02/24 17:28:13 [Node:0 GID:100 isLeader:true] shardkv server generateSnapshotter raft state size: 717, maxraftstate: 1000
2026/02/24 17:28:13 [Node:2 GID:100 isLeader:false] shardkv server generateSnapshotter raft state size: 717, maxraftstate: 1000
2026/02/24 17:28:13 [Node:1 GID:100 isLeader:false] shardkv server generateSnapshotter raft state size: 717, maxraftstate: 1000
2026/02/24 17:28:13 [Node:0 GID:100 isLeader:true] shardkv server generateSnapshotter raft state size: 717, maxraftstate: 1000
2026/02/24 17:28:13 [Node:2 GID:100 isLeader:false] shardkv server generateSnapshotter raft state size: 717, maxraftstate: 1000
2026/02/24 17:28:13 [Node:1 GID:100 isLeader:false] shardkv server generateSnapshotter raft state size: 717, maxraftstate: 1000
2026/02/24 17:28:14 [Node:2 GID:100 isLeader:false] shardkv server generateSnapshotter raft state size: 717, maxraftstate: 1000
2026/02/24 17:28:14 [Node:0 GID:100 isLeader:true] shardkv server generateSnapshotter raft state size: 717, maxraftstate: 1000
2026/02/24 17:28:14 [Node:1 GID:100 isLeader:false] shardkv server generateSnapshotter raft state size: 717, maxraftstate: 1000
2026/02/24 17:28:14 [Node:2 GID:100 isLeader:false] shardkv server generateSnapshotter raft state size: 717, maxraftstate: 1000
2026/02/24 17:28:14 [Node:0 GID:100 isLeader:true] shardkv server generateSnapshotter raft state size: 717, maxraftstate: 1000
2026/02/24 17:28:14 [Node:1 GID:100 isLeader:false] shardkv server generateSnapshotter raft state size: 717, maxraftstate: 1000
2026/02/24 17:28:14 [Node:2 GID:100 isLeader:false] shardkv server generateSnapshotter raft state size: 717, maxraftstate: 1000
2026/02/24 17:28:14 [Node:1 GID:100 isLeader:false] shardkv server generateSnapshotter raft state size: 717, maxraftstate: 1000
2026/02/24 17:28:14 [Node:0 GID:100 isLeader:true] shardkv server generateSnapshotter raft state size: 717, maxraftstate: 1000
2026/02/24 17:28:14 [Node:0 GID:100 isLeader:true] shardkv server checkGroup key:0, shard:8 shards:map[0:true 1:true 2:true 3:true 4:true 5:true 6:true 7:true 8:true 9:true]
2026/02/24 17:28:14 [Node:0 GID:100] shardkv server get key:0, check param failed Err:ErrWrongGroup
2026/02/24 17:28:14 [Node:0 GID:100 isLeader:true] shardkv server generateSnapshotter raft state size: 717, maxraftstate: 1000
2026/02/24 17:28:14 [Node:2 GID:100 isLeader:false] shardkv server generateSnapshotter raft state size: 717, maxraftstate: 1000
2026/02/24 17:28:14 [Node:1 GID:100 isLeader:false] shardkv server generateSnapshotter raft state size: 717, maxraftstate: 1000
2026/02/24 17:28:14 [Node:2 GID:100 isLeader:false] shardkv server generateSnapshotter raft state size: 717, maxraftstate: 1000
2026/02/24 17:28:14 [Node:1 GID:100 isLeader:false] shardkv server generateSnapshotter raft state size: 717, maxraftstate: 1000
2026/02/24 17:28:14 [Node:0 GID:100 isLeader:true] shardkv server generateSnapshotter raft state size: 717, maxraftstate: 1000
2026/02/24 17:28:14 [Node:2 GID:100 isLeader:false] shardkv server generateSnapshotter raft state size: 717, maxraftstate: 1000
2026/02/24 17:28:14 [Node:1 GID:100 isLeader:false] shardkv server generateSnapshotter raft state size: 717, maxraftstate: 1000
2026/02/24 17:28:14 [Node:0 GID:100 isLeader:true] shardkv server generateSnapshotter raft state size: 717, maxraftstate: 1000
2026/02/24 17:28:14 [Node:0 GID:100 isLeader:true] shardkv server generateSnapshotter raft state size: 717, maxraftstate: 1000
2026/02/24 17:28:14 [Node:2 GID:100 isLeader:false] shardkv server generateSnapshotter raft state size: 717, maxraftstate: 1000
2026/02/24 17:28:14 [Node:1 GID:100 isLeader:false] shardkv server generateSnapshotter raft state size: 717, maxraftstate: 1000
2026/02/24 17:28:14 [Node:2 GID:100 isLeader:false] shardkv server generateSnapshotter raft state size: 717, maxraftstate: 1000
2026/02/24 17:28:14 [Node:0 GID:100 isLeader:true] shardkv server generateSnapshotter raft state size: 717, maxraftstate: 1000
2026/02/24 17:28:14 [Node:1 GID:100 isLeader:false] shardkv server generateSnapshotter raft state size: 717, maxraftstate: 1000
2026/02/24 17:28:14 [Node:2 GID:100 isLeader:false] shardkv server generateSnapshotter raft state size: 717, maxraftstate: 1000
2026/02/24 17:28:14 [Node:0 GID:100 isLeader:true] shardkv server generateSnapshotter raft state size: 717, maxraftstate: 1000
2026/02/24 17:28:14 [Node:1 GID:100 isLeader:false] shardkv server generateSnapshotter raft state size: 717, maxraftstate: 1000
2026/02/24 17:28:14 [Node:0 GID:100 isLeader:true] shardkv server checkGroup key:0, shard:8 shards:map[0:true 1:true 2:true 3:true 4:true 5:true 6:true 7:true 8:true 9:true]
2026/02/24 17:28:14 [Node:0 GID:100] shardkv server get key:0, check param failed Err:ErrWrongGroup
2026/02/24 17:28:14 [Node:1 GID:100 isLeader:false] shardkv server generateSnapshotter raft state size: 717, maxraftstate: 1000
2026/02/24 17:28:14 [Node:0 GID:100 isLeader:true] shardkv server generateSnapshotter raft state size: 717, maxraftstate: 1000
2026/02/24 17:28:14 [Node:2 GID:100 isLeader:false] shardkv server generateSnapshotter raft state size: 717, maxraftstate: 1000
2026/02/24 17:28:15 [Node:0 GID:100 isLeader:true] shardkv server generateSnapshotter raft state size: 717, maxraftstate: 1000
2026/02/24 17:28:15 [Node:2 GID:100 isLeader:false] shardkv server generateSnapshotter raft state size: 717, maxraftstate: 1000
2026/02/24 17:28:15 [Node:1 GID:100 isLeader:false] shardkv server generateSnapshotter raft state size: 717, maxraftstate: 1000
2026/02/24 17:28:15 [Node:2 GID:100 isLeader:false] shardkv server generateSnapshotter raft state size: 717, maxraftstate: 1000
2026/02/24 17:28:15 [Node:0 GID:100 isLeader:true] shardkv server generateSnapshotter raft state size: 717, maxraftstate: 1000
2026/02/24 17:28:15 [Node:1 GID:100 isLeader:false] shardkv server generateSnapshotter raft state size: 717, maxraftstate: 1000
2026/02/24 17:28:15 [Node:0 GID:100 isLeader:true] shardkv server generateSnapshotter raft state size: 717, maxraftstate: 1000
2026/02/24 17:28:15 [Node:2 GID:100 isLeader:false] shardkv server generateSnapshotter raft state size: 717, maxraftstate: 1000
2026/02/24 17:28:15 [Node:1 GID:100 isLeader:false] shardkv server generateSnapshotter raft state size: 717, maxraftstate: 1000
2026/02/24 17:28:15 [Node:1 GID:100 isLeader:false] shardkv server generateSnapshotter raft state size: 717, maxraftstate: 1000
2026/02/24 17:28:15 [Node:0 GID:100 isLeader:true] shardkv server generateSnapshotter raft state size: 717, maxraftstate: 1000
2026/02/24 17:28:15 [Node:2 GID:100 isLeader:false] shardkv server generateSnapshotter raft state size: 717, maxraftstate: 1000
2026/02/24 17:28:15 [Node:0 GID:100 isLeader:true] shardkv server checkGroup key:0, shard:8 shards:map[0:true 1:true 2:true 3:true 4:true 5:true 6:true 7:true 8:true 9:true]
2026/02/24 17:28:15 [Node:0 GID:100] shardkv server get key:0, check param failed Err:ErrWrongGroup
2026/02/24 17:28:15 [Node:1 GID:100 isLeader:false] shardkv server generateSnapshotter raft state size: 717, maxraftstate: 1000
2026/02/24 17:28:15 [Node:2 GID:100 isLeader:false] shardkv server generateSnapshotter raft state size: 717, maxraftstate: 1000
2026/02/24 17:28:15 [Node:0 GID:100 isLeader:true] shardkv server generateSnapshotter raft state size: 717, maxraftstate: 1000
2026/02/24 17:28:15 [Node:0 GID:100 isLeader:true] shardkv server generateSnapshotter raft state size: 717, maxraftstate: 1000
2026/02/24 17:28:15 [Node:1 GID:100 isLeader:false] shardkv server generateSnapshotter raft state size: 717, maxraftstate: 1000
2026/02/24 17:28:15 [Node:2 GID:100 isLeader:false] shardkv server generateSnapshotter raft state size: 717, maxraftstate: 1000
2026/02/24 17:28:15 [Node:1 GID:100 isLeader:false] shardkv server generateSnapshotter raft state size: 717, maxraftstate: 1000
2026/02/24 17:28:15 [Node:0 GID:100 isLeader:true] shardkv server generateSnapshotter raft state size: 717, maxraftstate: 1000
2026/02/24 17:28:15 [Node:2 GID:100 isLeader:false] shardkv server generateSnapshotter raft state size: 717, maxraftstate: 1000
2026/02/24 17:28:15 [Node:1 GID:100 isLeader:false] shardkv server generateSnapshotter raft state size: 717, maxraftstate: 1000
2026/02/24 17:28:15 [Node:0 GID:100 isLeader:true] shardkv server generateSnapshotter raft state size: 717, maxraftstate: 1000
2026/02/24 17:28:15 [Node:2 GID:100 isLeader:false] shardkv server generateSnapshotter raft state size: 717, maxraftstate: 1000
2026/02/24 17:28:15 [Node:0 GID:100 isLeader:true] shardkv server generateSnapshotter raft state size: 717, maxraftstate: 1000
2026/02/24 17:28:15 [Node:1 GID:100 isLeader:false] shardkv server generateSnapshotter raft state size: 717, maxraftstate: 1000
2026/02/24 17:28:15 [Node:2 GID:100 isLeader:false] shardkv server generateSnapshotter raft state size: 717, maxraftstate: 1000
2026/02/24 17:28:15 [Node:0 GID:100 isLeader:true] shardkv server checkGroup key:0, shard:8 shards:map[0:true 1:true 2:true 3:true 4:true 5:true 6:true 7:true 8:true 9:true]
2026/02/24 17:28:15 [Node:0 GID:100] shardkv server get key:0, check param failed Err:ErrWrongGroup
2026/02/24 17:28:15 [Node:0 GID:100 isLeader:true] shardkv server generateSnapshotter raft state size: 717, maxraftstate: 1000
2026/02/24 17:28:15 [Node:1 GID:100 isLeader:false] shardkv server generateSnapshotter raft state size: 717, maxraftstate: 1000
2026/02/24 17:28:15 [Node:2 GID:100 isLeader:false] shardkv server generateSnapshotter raft state size: 717, maxraftstate: 1000
2026/02/24 17:28:16 [Node:2 GID:100 isLeader:false] shardkv server generateSnapshotter raft state size: 717, maxraftstate: 1000
2026/02/24 17:28:16 [Node:1 GID:100 isLeader:false] shardkv server generateSnapshotter raft state size: 717, maxraftstate: 1000
2026/02/24 17:28:16 [Node:0 GID:100 isLeader:true] shardkv server generateSnapshotter raft state size: 717, maxraftstate: 1000
2026/02/24 17:28:16 [Node:0 GID:100 isLeader:true] shardkv server generateSnapshotter raft state size: 717, maxraftstate: 1000
2026/02/24 17:28:16 [Node:1 GID:100 isLeader:false] shardkv server generateSnapshotter raft state size: 717, maxraftstate: 1000
2026/02/24 17:28:16 [Node:2 GID:100 isLeader:false] shardkv server generateSnapshotter raft state size: 717, maxraftstate: 1000
2026/02/24 17:28:16 [Node:0 GID:100 isLeader:true] shardkv server generateSnapshotter raft state size: 717, maxraftstate: 1000
2026/02/24 17:28:16 [Node:1 GID:100 isLeader:false] shardkv server generateSnapshotter raft state size: 717, maxraftstate: 1000
2026/02/24 17:28:16 [Node:2 GID:100 isLeader:false] shardkv server generateSnapshotter raft state size: 717, maxraftstate: 1000
2026/02/24 17:28:16 [Node:0 GID:100 isLeader:true] shardkv server checkGroup key:0, shard:8 shards:map[0:true 1:true 2:true 3:true 4:true 5:true 6:true 7:true 8:true 9:true]
2026/02/24 17:28:16 [Node:0 GID:100] shardkv server get key:0, check param failed Err:ErrWrongGroup
2026/02/24 17:28:16 [Node:1 GID:100 isLeader:false] shardkv server generateSnapshotter raft state size: 717, maxraftstate: 1000
2026/02/24 17:28:16 [Node:0 GID:100 isLeader:true] shardkv server generateSnapshotter raft state size: 717, maxraftstate: 1000
2026/02/24 17:28:16 [Node:2 GID:100 isLeader:false] shardkv server generateSnapshotter raft state size: 717, maxraftstate: 1000
2026/02/24 17:28:16 [Node:1 GID:100 isLeader:false] shardkv server generateSnapshotter raft state size: 717, maxraftstate: 1000
2026/02/24 17:28:16 [Node:0 GID:100 isLeader:true] shardkv server generateSnapshotter raft state size: 717, maxraftstate: 1000
2026/02/24 17:28:16 [Node:2 GID:100 isLeader:false] shardkv server generateSnapshotter raft state size: 717, maxraftstate: 1000
2026/02/24 17:28:16 [Node:1 GID:100 isLeader:false] shardkv server generateSnapshotter raft state size: 717, maxraftstate: 1000
2026/02/24 17:28:16 [Node:0 GID:100 isLeader:true] shardkv server generateSnapshotter raft state size: 717, maxraftstate: 1000
2026/02/24 17:28:16 [Node:2 GID:100 isLeader:false] shardkv server generateSnapshotter raft state size: 717, maxraftstate: 1000
2026/02/24 17:28:16 [Node:1 GID:100 isLeader:false] shardkv server generateSnapshotter raft state size: 717, maxraftstate: 1000
2026/02/24 17:28:16 [Node:0 GID:100 isLeader:true] shardkv server generateSnapshotter raft state size: 717, maxraftstate: 1000
2026/02/24 17:28:16 [Node:2 GID:100 isLeader:false] shardkv server generateSnapshotter raft state size: 717, maxraftstate: 1000
2026/02/24 17:28:16 [Node:0 GID:100 isLeader:true] shardkv server checkGroup key:0, shard:8 shards:map[0:true 1:true 2:true 3:true 4:true 5:true 6:true 7:true 8:true 9:true]
2026/02/24 17:28:16 [Node:0 GID:100] shardkv server get key:0, check param failed Err:ErrWrongGroup
2026/02/24 17:28:16 [Node:1 GID:100 isLeader:false] shardkv server generateSnapshotter raft state size: 717, maxraftstate: 1000
2026/02/24 17:28:16 [Node:0 GID:100 isLeader:true] shardkv server generateSnapshotter raft state size: 717, maxraftstate: 1000
2026/02/24 17:28:16 [Node:2 GID:100 isLeader:false] shardkv server generateSnapshotter raft state size: 717, maxraftstate: 1000
2026/02/24 17:28:16 [Node:1 GID:100 isLeader:false] shardkv server generateSnapshotter raft state size: 717, maxraftstate: 1000
2026/02/24 17:28:16 [Node:2 GID:100 isLeader:false] shardkv server generateSnapshotter raft state size: 717, maxraftstate: 1000
2026/02/24 17:28:16 [Node:0 GID:100 isLeader:true] shardkv server generateSnapshotter raft state size: 717, maxraftstate: 1000
2026/02/24 17:28:16 [Node:0 GID:100 isLeader:true] shardkv server generateSnapshotter raft state size: 717, maxraftstate: 1000
2026/02/24 17:28:16 [Node:2 GID:100 isLeader:false] shardkv server generateSnapshotter raft state size: 717, maxraftstate: 1000
2026/02/24 17:28:16 [Node:1 GID:100 isLeader:false] shardkv server generateSnapshotter raft state size: 717, maxraftstate: 1000
2026/02/24 17:28:17 [Node:1 GID:100 isLeader:false] shardkv server generateSnapshotter raft state size: 717, maxraftstate: 1000
2026/02/24 17:28:17 [Node:0 GID:100 isLeader:true] shardkv server generateSnapshotter raft state size: 717, maxraftstate: 1000
2026/02/24 17:28:17 [Node:2 GID:100 isLeader:false] shardkv server generateSnapshotter raft state size: 717, maxraftstate: 1000
2026/02/24 17:28:17 [Node:0 GID:100 isLeader:true] shardkv server checkGroup key:0, shard:8 shards:map[0:true 1:true 2:true 3:true 4:true 5:true 6:true 7:true 8:true 9:true]
2026/02/24 17:28:17 [Node:0 GID:100] shardkv server get key:0, check param failed Err:ErrWrongGroup
2026/02/24 17:28:17 [Node:2 GID:100 isLeader:false] shardkv server generateSnapshotter raft state size: 717, maxraftstate: 1000
2026/02/24 17:28:17 [Node:1 GID:100 isLeader:false] shardkv server generateSnapshotter raft state size: 717, maxraftstate: 1000
2026/02/24 17:28:17 [Node:0 GID:100 isLeader:true] shardkv server generateSnapshotter raft state size: 717, maxraftstate: 1000
2026/02/24 17:28:17 [Node:2 GID:100 isLeader:false] shardkv server generateSnapshotter raft state size: 717, maxraftstate: 1000
2026/02/24 17:28:17 [Node:1 GID:100 isLeader:false] shardkv server generateSnapshotter raft state size: 717, maxraftstate: 1000
2026/02/24 17:28:17 [Node:0 GID:100 isLeader:true] shardkv server generateSnapshotter raft state size: 717, maxraftstate: 1000
2026/02/24 17:28:17 [Node:2 GID:100 isLeader:false] shardkv server generateSnapshotter raft state size: 717, maxraftstate: 1000
2026/02/24 17:28:17 [Node:0 GID:100 isLeader:true] shardkv server generateSnapshotter raft state size: 717, maxraftstate: 1000
2026/02/24 17:28:17 [Node:1 GID:100 isLeader:false] shardkv server generateSnapshotter raft state size: 717, maxraftstate: 1000
2026/02/24 17:28:17 [Node:0 GID:100 isLeader:true] shardkv server generateSnapshotter raft state size: 717, maxraftstate: 1000
2026/02/24 17:28:17 [Node:2 GID:100 isLeader:false] shardkv server generateSnapshotter raft state size: 717, maxraftstate: 1000
2026/02/24 17:28:17 [Node:1 GID:100 isLeader:false] shardkv server generateSnapshotter raft state size: 717, maxraftstate: 1000
2026/02/24 17:28:17 [Node:0 GID:100 isLeader:true] shardkv server checkGroup key:0, shard:8 shards:map[0:true 1:true 2:true 3:true 4:true 5:true 6:true 7:true 8:true 9:true]
2026/02/24 17:28:17 [Node:0 GID:100] shardkv server get key:0, check param failed Err:ErrWrongGroup
2026/02/24 17:28:17 [Node:0 GID:100 isLeader:true] shardkv server generateSnapshotter raft state size: 717, maxraftstate: 1000
2026/02/24 17:28:17 [Node:2 GID:100 isLeader:false] shardkv server generateSnapshotter raft state size: 717, maxraftstate: 1000
2026/02/24 17:28:17 [Node:1 GID:100 isLeader:false] shardkv server generateSnapshotter raft state size: 717, maxraftstate: 1000
2026/02/24 17:28:17 [Node:1 GID:100 isLeader:false] shardkv server generateSnapshotter raft state size: 717, maxraftstate: 1000
2026/02/24 17:28:17 [Node:0 GID:100 isLeader:true] shardkv server generateSnapshotter raft state size: 717, maxraftstate: 1000
2026/02/24 17:28:17 [Node:2 GID:100 isLeader:false] shardkv server generateSnapshotter raft state size: 717, maxraftstate: 1000
2026/02/24 17:28:17 [Node:1 GID:100 isLeader:false] shardkv server generateSnapshotter raft state size: 717, maxraftstate: 1000
2026/02/24 17:28:17 [Node:0 GID:100 isLeader:true] shardkv server generateSnapshotter raft state size: 717, maxraftstate: 1000
2026/02/24 17:28:17 [Node:2 GID:100 isLeader:false] shardkv server generateSnapshotter raft state size: 717, maxraftstate: 1000
2026/02/24 17:28:17 [Node:1 GID:100 isLeader:false] shardkv server generateSnapshotter raft state size: 717, maxraftstate: 1000
2026/02/24 17:28:17 [Node:2 GID:100 isLeader:false] shardkv server generateSnapshotter raft state size: 717, maxraftstate: 1000
2026/02/24 17:28:17 [Node:0 GID:100 isLeader:true] shardkv server generateSnapshotter raft state size: 717, maxraftstate: 1000
2026/02/24 17:28:17 [Node:0 GID:100 isLeader:true] shardkv server checkGroup key:0, shard:8 shards:map[0:true 1:true 2:true 3:true 4:true 5:true 6:true 7:true 8:true 9:true]
2026/02/24 17:28:17 [Node:0 GID:100] shardkv server get key:0, check param failed Err:ErrWrongGroup
2026/02/24 17:28:17 [Node:1 GID:100 isLeader:false] shardkv server generateSnapshotter raft state size: 717, maxraftstate: 1000
2026/02/24 17:28:17 [Node:0 GID:100 isLeader:true] shardkv server generateSnapshotter raft state size: 717, maxraftstate: 1000
2026/02/24 17:28:17 [Node:2 GID:100 isLeader:false] shardkv server generateSnapshotter raft state size: 717, maxraftstate: 1000
2026/02/24 17:28:18 [Node:1 GID:100 isLeader:false] shardkv server generateSnapshotter raft state size: 717, maxraftstate: 1000
2026/02/24 17:28:18 [Node:0 GID:100 isLeader:true] shardkv server generateSnapshotter raft state size: 717, maxraftstate: 1000
2026/02/24 17:28:18 [Node:2 GID:100 isLeader:false] shardkv server generateSnapshotter raft state size: 717, maxraftstate: 1000
2026/02/24 17:28:18 [Node:1 GID:100 isLeader:false] shardkv server generateSnapshotter raft state size: 717, maxraftstate: 1000
2026/02/24 17:28:18 [Node:0 GID:100 isLeader:true] shardkv server generateSnapshotter raft state size: 717, maxraftstate: 1000
2026/02/24 17:28:18 [Node:2 GID:100 isLeader:false] shardkv server generateSnapshotter raft state size: 717, maxraftstate: 1000
2026/02/24 17:28:18 [Node:0 GID:100 isLeader:true] shardkv server checkGroup key:0, shard:8 shards:map[0:true 1:true 2:true 3:true 4:true 5:true 6:true 7:true 8:true 9:true]
2026/02/24 17:28:18 [Node:0 GID:100] shardkv server get key:0, check param failed Err:ErrWrongGroup
2026/02/24 17:28:18 [Node:0 GID:100 isLeader:true] shardkv server generateSnapshotter raft state size: 717, maxraftstate: 1000
2026/02/24 17:28:18 [Node:1 GID:100 isLeader:false] shardkv server generateSnapshotter raft state size: 717, maxraftstate: 1000
2026/02/24 17:28:18 [Node:2 GID:100 isLeader:false] shardkv server generateSnapshotter raft state size: 717, maxraftstate: 1000
2026/02/24 17:28:18 [Node:0 GID:100 isLeader:true] shardkv server generateSnapshotter raft state size: 717, maxraftstate: 1000
2026/02/24 17:28:18 [Node:2 GID:100 isLeader:false] shardkv server generateSnapshotter raft state size: 717, maxraftstate: 1000
2026/02/24 17:28:18 [Node:1 GID:100 isLeader:false] shardkv server generateSnapshotter raft state size: 717, maxraftstate: 1000
2026/02/24 17:28:18 [Node:0 GID:100 isLeader:true] shardkv server generateSnapshotter raft state size: 717, maxraftstate: 1000
2026/02/24 17:28:18 [Node:2 GID:100 isLeader:false] shardkv server generateSnapshotter raft state size: 717, maxraftstate: 1000
2026/02/24 17:28:18 [Node:1 GID:100 isLeader:false] shardkv server generateSnapshotter raft state size: 717, maxraftstate: 1000
2026/02/24 17:28:18 [Node:1 GID:100 isLeader:false] shardkv server generateSnapshotter raft state size: 717, maxraftstate: 1000
2026/02/24 17:28:18 [Node:0 GID:100 isLeader:true] shardkv server generateSnapshotter raft state size: 717, maxraftstate: 1000
2026/02/24 17:28:18 [Node:2 GID:100 isLeader:false] shardkv server generateSnapshotter raft state size: 717, maxraftstate: 1000
2026/02/24 17:28:18 [Node:0 GID:100 isLeader:true] shardkv server checkGroup key:0, shard:8 shards:map[0:true 1:true 2:true 3:true 4:true 5:true 6:true 7:true 8:true 9:true]
2026/02/24 17:28:18 [Node:0 GID:100] shardkv server get key:0, check param failed Err:ErrWrongGroup
2026/02/24 17:28:18 [Node:1 GID:100 isLeader:false] shardkv server generateSnapshotter raft state size: 717, maxraftstate: 1000
2026/02/24 17:28:18 [Node:0 GID:100 isLeader:true] shardkv server generateSnapshotter raft state size: 717, maxraftstate: 1000
2026/02/24 17:28:18 [Node:2 GID:100 isLeader:false] shardkv server generateSnapshotter raft state size: 717, maxraftstate: 1000
2026/02/24 17:28:18 [Node:0 GID:100 isLeader:true] shardkv server generateSnapshotter raft state size: 717, maxraftstate: 1000
2026/02/24 17:28:18 [Node:1 GID:100 isLeader:false] shardkv server generateSnapshotter raft state size: 717, maxraftstate: 1000
2026/02/24 17:28:18 [Node:2 GID:100 isLeader:false] shardkv server generateSnapshotter raft state size: 717, maxraftstate: 1000
2026/02/24 17:28:18 [Node:1 GID:100 isLeader:false] shardkv server generateSnapshotter raft state size: 717, maxraftstate: 1000
2026/02/24 17:28:18 [Node:0 GID:100 isLeader:true] shardkv server generateSnapshotter raft state size: 717, maxraftstate: 1000
2026/02/24 17:28:18 [Node:2 GID:100 isLeader:false] shardkv server generateSnapshotter raft state size: 717, maxraftstate: 1000
2026/02/24 17:28:18 [Node:0 GID:100 isLeader:true] shardkv server checkGroup key:0, shard:8 shards:map[0:true 1:true 2:true 3:true 4:true 5:true 6:true 7:true 8:true 9:true]
2026/02/24 17:28:18 [Node:0 GID:100] shardkv server get key:0, check param failed Err:ErrWrongGroup
2026/02/24 17:28:18 [Node:2 GID:100 isLeader:false] shardkv server generateSnapshotter raft state size: 717, maxraftstate: 1000
2026/02/24 17:28:18 [Node:1 GID:100 isLeader:false] shardkv server generateSnapshotter raft state size: 717, maxraftstate: 1000
2026/02/24 17:28:18 [Node:0 GID:100 isLeader:true] shardkv server generateSnapshotter raft state size: 717, maxraftstate: 1000
2026/02/24 17:28:19 [Node:2 GID:100 isLeader:false] shardkv server generateSnapshotter raft state size: 717, maxraftstate: 1000
2026/02/24 17:28:19 [Node:1 GID:100 isLeader:false] shardkv server generateSnapshotter raft state size: 717, maxraftstate: 1000
2026/02/24 17:28:19 [Node:0 GID:100 isLeader:true] shardkv server generateSnapshotter raft state size: 717, maxraftstate: 1000
2026/02/24 17:28:19 [Node:2 GID:100 isLeader:false] shardkv server generateSnapshotter raft state size: 717, maxraftstate: 1000
2026/02/24 17:28:19 [Node:1 GID:100 isLeader:false] shardkv server generateSnapshotter raft state size: 717, maxraftstate: 1000
2026/02/24 17:28:19 [Node:0 GID:100 isLeader:true] shardkv server generateSnapshotter raft state size: 717, maxraftstate: 1000
2026/02/24 17:28:19 [Node:0 GID:100 isLeader:true] shardkv server checkGroup key:0, shard:8 shards:map[0:true 1:true 2:true 3:true 4:true 5:true 6:true 7:true 8:true 9:true]
2026/02/24 17:28:19 [Node:0 GID:100] shardkv server get key:0, check param failed Err:ErrWrongGroup
2026/02/24 17:28:19 [Node:2 GID:100 isLeader:false] shardkv server generateSnapshotter raft state size: 717, maxraftstate: 1000
2026/02/24 17:28:19 [Node:1 GID:100 isLeader:false] shardkv server generateSnapshotter raft state size: 717, maxraftstate: 1000
2026/02/24 17:28:19 [Node:0 GID:100 isLeader:true] shardkv server generateSnapshotter raft state size: 717, maxraftstate: 1000
2026/02/24 17:28:19 [Node:2 GID:100 isLeader:false] shardkv server generateSnapshotter raft state size: 717, maxraftstate: 1000
2026/02/24 17:28:19 [Node:0 GID:100 isLeader:true] shardkv server generateSnapshotter raft state size: 717, maxraftstate: 1000
2026/02/24 17:28:19 [Node:1 GID:100 isLeader:false] shardkv server generateSnapshotter raft state size: 717, maxraftstate: 1000
2026/02/24 17:28:19 [Node:2 GID:100 isLeader:false] shardkv server generateSnapshotter raft state size: 717, maxraftstate: 1000
2026/02/24 17:28:19 [Node:1 GID:100 isLeader:false] shardkv server generateSnapshotter raft state size: 717, maxraftstate: 1000
2026/02/24 17:28:19 [Node:0 GID:100 isLeader:true] shardkv server generateSnapshotter raft state size: 717, maxraftstate: 1000
2026/02/24 17:28:19 [Node:0 GID:100 isLeader:true] shardkv server checkGroup key:0, shard:8 shards:map[0:true 1:true 2:true 3:true 4:true 5:true 6:true 7:true 8:true 9:true]
2026/02/24 17:28:19 [Node:0 GID:100] shardkv server get key:0, check param failed Err:ErrWrongGroup
2026/02/24 17:28:19 [Node:1 GID:100 isLeader:false] shardkv server generateSnapshotter raft state size: 717, maxraftstate: 1000
2026/02/24 17:28:19 [Node:0 GID:100 isLeader:true] shardkv server generateSnapshotter raft state size: 717, maxraftstate: 1000
2026/02/24 17:28:19 [Node:2 GID:100 isLeader:false] shardkv server generateSnapshotter raft state size: 717, maxraftstate: 1000
2026/02/24 17:28:19 [Node:0 GID:100 isLeader:true] shardkv server generateSnapshotter raft state size: 717, maxraftstate: 1000
2026/02/24 17:28:19 [Node:2 GID:100 isLeader:false] shardkv server generateSnapshotter raft state size: 717, maxraftstate: 1000
2026/02/24 17:28:19 [Node:1 GID:100 isLeader:false] shardkv server generateSnapshotter raft state size: 717, maxraftstate: 1000
2026/02/24 17:28:19 [Node:2 GID:100 isLeader:false] shardkv server generateSnapshotter raft state size: 717, maxraftstate: 1000
2026/02/24 17:28:19 [Node:0 GID:100 isLeader:true] shardkv server generateSnapshotter raft state size: 717, maxraftstate: 1000
2026/02/24 17:28:19 [Node:1 GID:100 isLeader:false] shardkv server generateSnapshotter raft state size: 717, maxraftstate: 1000
2026/02/24 17:28:19 [Node:0 GID:100 isLeader:true] shardkv server checkGroup key:0, shard:8 shards:map[0:true 1:true 2:true 3:true 4:true 5:true 6:true 7:true 8:true 9:true]
2026/02/24 17:28:19 [Node:0 GID:100] shardkv server get key:0, check param failed Err:ErrWrongGroup
2026/02/24 17:28:19 [Node:1 GID:100 isLeader:false] shardkv server generateSnapshotter raft state size: 717, maxraftstate: 1000
2026/02/24 17:28:19 [Node:0 GID:100 isLeader:true] shardkv server generateSnapshotter raft state size: 717, maxraftstate: 1000
2026/02/24 17:28:19 [Node:2 GID:100 isLeader:false] shardkv server generateSnapshotter raft state size: 717, maxraftstate: 1000
2026/02/24 17:28:19 [Node:0 GID:100 isLeader:true] shardkv server generateSnapshotter raft state size: 717, maxraftstate: 1000
2026/02/24 17:28:19 [Node:2 GID:100 isLeader:false] shardkv server generateSnapshotter raft state size: 717, maxraftstate: 1000
2026/02/24 17:28:19 [Node:1 GID:100 isLeader:false] shardkv server generateSnapshotter raft state size: 717, maxraftstate: 1000
2026/02/24 17:28:20 [Node:0 GID:100 isLeader:true] shardkv server generateSnapshotter raft state size: 717, maxraftstate: 1000
2026/02/24 17:28:20 [Node:1 GID:100 isLeader:false] shardkv server generateSnapshotter raft state size: 717, maxraftstate: 1000
2026/02/24 17:28:20 [Node:2 GID:100 isLeader:false] shardkv server generateSnapshotter raft state size: 717, maxraftstate: 1000
2026/02/24 17:28:20 [Node:0 GID:100 isLeader:true] shardkv server checkGroup key:0, shard:8 shards:map[0:true 1:true 2:true 3:true 4:true 5:true 6:true 7:true 8:true 9:true]
2026/02/24 17:28:20 [Node:0 GID:100] shardkv server get key:0, check param failed Err:ErrWrongGroup
2026/02/24 17:28:20 [Node:0 GID:100 isLeader:true] shardkv server generateSnapshotter raft state size: 717, maxraftstate: 1000
2026/02/24 17:28:20 [Node:1 GID:100 isLeader:false] shardkv server generateSnapshotter raft state size: 717, maxraftstate: 1000
2026/02/24 17:28:20 [Node:2 GID:100 isLeader:false] shardkv server generateSnapshotter raft state size: 717, maxraftstate: 1000
2026/02/24 17:28:20 [Node:0 GID:100 isLeader:true] shardkv server generateSnapshotter raft state size: 717, maxraftstate: 1000
2026/02/24 17:28:20 [Node:2 GID:100 isLeader:false] shardkv server generateSnapshotter raft state size: 717, maxraftstate: 1000
2026/02/24 17:28:20 [Node:1 GID:100 isLeader:false] shardkv server generateSnapshotter raft state size: 717, maxraftstate: 1000
2026/02/24 17:28:20 [Node:2 GID:100 isLeader:false] shardkv server generateSnapshotter raft state size: 717, maxraftstate: 1000
2026/02/24 17:28:20 [Node:1 GID:100 isLeader:false] shardkv server generateSnapshotter raft state size: 717, maxraftstate: 1000
2026/02/24 17:28:20 [Node:0 GID:100 isLeader:true] shardkv server generateSnapshotter raft state size: 717, maxraftstate: 1000
2026/02/24 17:28:20 [Node:0 GID:100 isLeader:true] shardkv server generateSnapshotter raft state size: 717, maxraftstate: 1000
2026/02/24 17:28:20 [Node:2 GID:100 isLeader:false] shardkv server generateSnapshotter raft state size: 717, maxraftstate: 1000
2026/02/24 17:28:20 [Node:1 GID:100 isLeader:false] shardkv server generateSnapshotter raft state size: 717, maxraftstate: 1000
2026/02/24 17:28:20 [Node:0 GID:100 isLeader:true] shardkv server checkGroup key:0, shard:8 shards:map[0:true 1:true 2:true 3:true 4:true 5:true 6:true 7:true 8:true 9:true]
2026/02/24 17:28:20 [Node:0 GID:100] shardkv server get key:0, check param failed Err:ErrWrongGroup
2026/02/24 17:28:20 [Node:2 GID:100 isLeader:false] shardkv server generateSnapshotter raft state size: 717, maxraftstate: 1000
2026/02/24 17:28:20 [Node:1 GID:100 isLeader:false] shardkv server generateSnapshotter raft state size: 717, maxraftstate: 1000
2026/02/24 17:28:20 [Node:0 GID:100 isLeader:true] shardkv server generateSnapshotter raft state size: 717, maxraftstate: 1000
2026/02/24 17:28:20 [Node:2 GID:100 isLeader:false] shardkv server generateSnapshotter raft state size: 717, maxraftstate: 1000
2026/02/24 17:28:20 [Node:0 GID:100 isLeader:true] shardkv server generateSnapshotter raft state size: 717, maxraftstate: 1000
2026/02/24 17:28:20 [Node:1 GID:100 isLeader:false] shardkv server generateSnapshotter raft state size: 717, maxraftstate: 1000
2026/02/24 17:28:20 [Node:0 GID:100 isLeader:true] shardkv server generateSnapshotter raft state size: 717, maxraftstate: 1000
2026/02/24 17:28:20 [Node:2 GID:100 isLeader:false] shardkv server generateSnapshotter raft state size: 717, maxraftstate: 1000
2026/02/24 17:28:20 [Node:1 GID:100 isLeader:false] shardkv server generateSnapshotter raft state size: 717, maxraftstate: 1000
2026/02/24 17:28:20 [Node:0 GID:100 isLeader:true] shardkv server checkGroup key:0, shard:8 shards:map[0:true 1:true 2:true 3:true 4:true 5:true 6:true 7:true 8:true 9:true]
2026/02/24 17:28:20 [Node:0 GID:100] shardkv server get key:0, check param failed Err:ErrWrongGroup
2026/02/24 17:28:20 [Node:2 GID:100 isLeader:false] shardkv server generateSnapshotter raft state size: 717, maxraftstate: 1000
2026/02/24 17:28:20 [Node:1 GID:100 isLeader:false] shardkv server generateSnapshotter raft state size: 717, maxraftstate: 1000
2026/02/24 17:28:20 [Node:0 GID:100 isLeader:true] shardkv server generateSnapshotter raft state size: 717, maxraftstate: 1000
2026/02/24 17:28:20 [Node:2 GID:100 isLeader:false] shardkv server generateSnapshotter raft state size: 717, maxraftstate: 1000
2026/02/24 17:28:20 [Node:1 GID:100 isLeader:false] shardkv server generateSnapshotter raft state size: 717, maxraftstate: 1000
2026/02/24 17:28:20 [Node:0 GID:100 isLeader:true] shardkv server generateSnapshotter raft state size: 717, maxraftstate: 1000
2026/02/24 17:28:21 [Node:0 GID:100 isLeader:true] shardkv server generateSnapshotter raft state size: 717, maxraftstate: 1000
2026/02/24 17:28:21 [Node:2 GID:100 isLeader:false] shardkv server generateSnapshotter raft state size: 717, maxraftstate: 1000
2026/02/24 17:28:21 [Node:1 GID:100 isLeader:false] shardkv server generateSnapshotter raft state size: 717, maxraftstate: 1000
2026/02/24 17:28:21 [Node:1 GID:100 isLeader:false] shardkv server generateSnapshotter raft state size: 717, maxraftstate: 1000
2026/02/24 17:28:21 [Node:0 GID:100 isLeader:true] shardkv server generateSnapshotter raft state size: 717, maxraftstate: 1000
2026/02/24 17:28:21 [Node:2 GID:100 isLeader:false] shardkv server generateSnapshotter raft state size: 717, maxraftstate: 1000
2026/02/24 17:28:21 [Node:0 GID:100 isLeader:true] shardkv server checkGroup key:0, shard:8 shards:map[0:true 1:true 2:true 3:true 4:true 5:true 6:true 7:true 8:true 9:true]
2026/02/24 17:28:21 [Node:0 GID:100] shardkv server get key:0, check param failed Err:ErrWrongGroup
2026/02/24 17:28:21 [Node:1 GID:100 isLeader:false] shardkv server generateSnapshotter raft state size: 717, maxraftstate: 1000
2026/02/24 17:28:21 [Node:2 GID:100 isLeader:false] shardkv server generateSnapshotter raft state size: 717, maxraftstate: 1000
2026/02/24 17:28:21 [Node:0 GID:100 isLeader:true] shardkv server generateSnapshotter raft state size: 717, maxraftstate: 1000
2026/02/24 17:28:21 [Node:0 GID:100 isLeader:true] shardkv server generateSnapshotter raft state size: 717, maxraftstate: 1000
2026/02/24 17:28:21 [Node:2 GID:100 isLeader:false] shardkv server generateSnapshotter raft state size: 717, maxraftstate: 1000
2026/02/24 17:28:21 [Node:1 GID:100 isLeader:false] shardkv server generateSnapshotter raft state size: 717, maxraftstate: 1000
2026/02/24 17:28:21 [Node:0 GID:100 isLeader:true] shardkv server checkGroup key:0, shard:8 shards:map[0:true 1:true 2:true 3:true 4:true 5:true 6:true 7:true 8:true 9:true]
2026/02/24 17:28:21 [Node:0 GID:100] shardkv server get key:0, check param failed Err:ErrWrongGroup
2026/02/24 17:28:21 [Node:2 GID:100 isLeader:false] shardkv server generateSnapshotter raft state size: 717, maxraftstate: 1000
2026/02/24 17:28:21 [Node:1 GID:100 isLeader:false] shardkv server generateSnapshotter raft state size: 717, maxraftstate: 1000
2026/02/24 17:28:21 [Node:0 GID:100 isLeader:true] shardkv server generateSnapshotter raft state size: 717, maxraftstate: 1000
2026/02/24 17:28:21 [Node:0 GID:100 isLeader:true] shardkv server generateSnapshotter raft state size: 717, maxraftstate: 1000
2026/02/24 17:28:21 [Node:2 GID:100 isLeader:false] shardkv server generateSnapshotter raft state size: 717, maxraftstate: 1000
2026/02/24 17:28:21 [Node:1 GID:100 isLeader:false] shardkv server generateSnapshotter raft state size: 717, maxraftstate: 1000
2026/02/24 17:28:21 [Node:2 GID:100 isLeader:false] shardkv server generateSnapshotter raft state size: 717, maxraftstate: 1000
2026/02/24 17:28:21 [Node:1 GID:100 isLeader:false] shardkv server generateSnapshotter raft state size: 717, maxraftstate: 1000
2026/02/24 17:28:21 [Node:0 GID:100 isLeader:true] shardkv server generateSnapshotter raft state size: 717, maxraftstate: 1000
2026/02/24 17:28:21 [Node:0 GID:100 isLeader:true] shardkv server generateSnapshotter raft state size: 717, maxraftstate: 1000
2026/02/24 17:28:21 [Node:1 GID:100 isLeader:false] shardkv server generateSnapshotter raft state size: 717, maxraftstate: 1000
2026/02/24 17:28:21 [Node:2 GID:100 isLeader:false] shardkv server generateSnapshotter raft state size: 717, maxraftstate: 1000
2026/02/24 17:28:21 [Node:0 GID:100 isLeader:true] shardkv server checkGroup key:0, shard:8 shards:map[0:true 1:true 2:true 3:true 4:true 5:true 6:true 7:true 8:true 9:true]
2026/02/24 17:28:21 [Node:0 GID:100] shardkv server get key:0, check param failed Err:ErrWrongGroup
2026/02/24 17:28:21 [Node:2 GID:100 isLeader:false] shardkv server generateSnapshotter raft state size: 717, maxraftstate: 1000
2026/02/24 17:28:21 [Node:1 GID:100 isLeader:false] shardkv server generateSnapshotter raft state size: 717, maxraftstate: 1000
2026/02/24 17:28:21 [Node:0 GID:100 isLeader:true] shardkv server generateSnapshotter raft state size: 717, maxraftstate: 1000
2026/02/24 17:28:21 [Node:1 GID:100 isLeader:false] shardkv server generateSnapshotter raft state size: 717, maxraftstate: 1000
2026/02/24 17:28:21 [Node:0 GID:100 isLeader:true] shardkv server generateSnapshotter raft state size: 717, maxraftstate: 1000
2026/02/24 17:28:21 [Node:2 GID:100 isLeader:false] shardkv server generateSnapshotter raft state size: 717, maxraftstate: 1000
2026/02/24 17:28:22 [Node:0 GID:100 isLeader:true] shardkv server checkGroup key:0, shard:8 shards:map[0:true 1:true 2:true 3:true 4:true 5:true 6:true 7:true 8:true 9:true]
2026/02/24 17:28:22 [Node:0 GID:100] shardkv server get key:0, check param failed Err:ErrWrongGroup
2026/02/24 17:28:22 [Node:2 GID:100 isLeader:false] shardkv server generateSnapshotter raft state size: 717, maxraftstate: 1000
2026/02/24 17:28:22 [Node:1 GID:100 isLeader:false] shardkv server generateSnapshotter raft state size: 717, maxraftstate: 1000
2026/02/24 17:28:22 [Node:0 GID:100 isLeader:true] shardkv server generateSnapshotter raft state size: 717, maxraftstate: 1000
2026/02/24 17:28:22 [Node:1 GID:100 isLeader:false] shardkv server generateSnapshotter raft state size: 717, maxraftstate: 1000
2026/02/24 17:28:22 [Node:2 GID:100 isLeader:false] shardkv server generateSnapshotter raft state size: 717, maxraftstate: 1000
2026/02/24 17:28:22 [Node:0 GID:100 isLeader:true] shardkv server generateSnapshotter raft state size: 717, maxraftstate: 1000
2026/02/24 17:28:22 [Node:1 GID:100 isLeader:false] shardkv server generateSnapshotter raft state size: 717, maxraftstate: 1000
2026/02/24 17:28:22 [Node:2 GID:100 isLeader:false] shardkv server generateSnapshotter raft state size: 717, maxraftstate: 1000
2026/02/24 17:28:22 [Node:0 GID:100 isLeader:true] shardkv server generateSnapshotter raft state size: 717, maxraftstate: 1000
2026/02/24 17:28:22 [Node:0 GID:100 isLeader:true] shardkv server generateSnapshotter raft state size: 717, maxraftstate: 1000
2026/02/24 17:28:22 [Node:1 GID:100 isLeader:false] shardkv server generateSnapshotter raft state size: 717, maxraftstate: 1000
2026/02/24 17:28:22 [Node:2 GID:100 isLeader:false] shardkv server generateSnapshotter raft state size: 717, maxraftstate: 1000
2026/02/24 17:28:22 [Node:0 GID:100 isLeader:true] shardkv server checkGroup key:0, shard:8 shards:map[0:true 1:true 2:true 3:true 4:true 5:true 6:true 7:true 8:true 9:true]
2026/02/24 17:28:22 [Node:0 GID:100] shardkv server get key:0, check param failed Err:ErrWrongGroup
2026/02/24 17:28:22 [Node:0 GID:100 isLeader:true] shardkv server generateSnapshotter raft state size: 717, maxraftstate: 1000
2026/02/24 17:28:22 [Node:1 GID:100 isLeader:false] shardkv server generateSnapshotter raft state size: 717, maxraftstate: 1000
2026/02/24 17:28:22 [Node:2 GID:100 isLeader:false] shardkv server generateSnapshotter raft state size: 717, maxraftstate: 1000
2026/02/24 17:28:22 [Node:1 GID:100 isLeader:false] shardkv server generateSnapshotter raft state size: 717, maxraftstate: 1000
2026/02/24 17:28:22 [Node:2 GID:100 isLeader:false] shardkv server generateSnapshotter raft state size: 717, maxraftstate: 1000
2026/02/24 17:28:22 [Node:0 GID:100 isLeader:true] shardkv server generateSnapshotter raft state size: 717, maxraftstate: 1000
2026/02/24 17:28:22 [Node:2 GID:100 isLeader:false] shardkv server generateSnapshotter raft state size: 717, maxraftstate: 1000
2026/02/24 17:28:22 [Node:1 GID:100 isLeader:false] shardkv server generateSnapshotter raft state size: 717, maxraftstate: 1000
2026/02/24 17:28:22 [Node:0 GID:100 isLeader:true] shardkv server generateSnapshotter raft state size: 717, maxraftstate: 1000
2026/02/24 17:28:22 [Node:0 GID:100 isLeader:true] shardkv server checkGroup key:0, shard:8 shards:map[0:true 1:true 2:true 3:true 4:true 5:true 6:true 7:true 8:true 9:true]
2026/02/24 17:28:22 [Node:0 GID:100] shardkv server get key:0, check param failed Err:ErrWrongGroup
2026/02/24 17:28:22 [Node:2 GID:100 isLeader:false] shardkv server generateSnapshotter raft state size: 717, maxraftstate: 1000
2026/02/24 17:28:22 [Node:0 GID:100 isLeader:true] shardkv server generateSnapshotter raft state size: 717, maxraftstate: 1000
2026/02/24 17:28:22 [Node:1 GID:100 isLeader:false] shardkv server generateSnapshotter raft state size: 717, maxraftstate: 1000
2026/02/24 17:28:22 [Node:2 GID:100 isLeader:false] shardkv server generateSnapshotter raft state size: 717, maxraftstate: 1000
2026/02/24 17:28:22 [Node:0 GID:100 isLeader:true] shardkv server generateSnapshotter raft state size: 717, maxraftstate: 1000
2026/02/24 17:28:22 [Node:1 GID:100 isLeader:false] shardkv server generateSnapshotter raft state size: 717, maxraftstate: 1000
2026/02/24 17:28:22 [Node:2 GID:100 isLeader:false] shardkv server generateSnapshotter raft state size: 717, maxraftstate: 1000
2026/02/24 17:28:22 [Node:0 GID:100 isLeader:true] shardkv server generateSnapshotter raft state size: 717, maxraftstate: 1000
2026/02/24 17:28:22 [Node:1 GID:100 isLeader:false] shardkv server generateSnapshotter raft state size: 717, maxraftstate: 1000
2026/02/24 17:28:23 [Node:0 GID:100 isLeader:true] shardkv server checkGroup key:0, shard:8 shards:map[0:true 1:true 2:true 3:true 4:true 5:true 6:true 7:true 8:true 9:true]
2026/02/24 17:28:23 [Node:0 GID:100] shardkv server get key:0, check param failed Err:ErrWrongGroup
2026/02/24 17:28:23 [Node:2 GID:100 isLeader:false] shardkv server generateSnapshotter raft state size: 717, maxraftstate: 1000
2026/02/24 17:28:23 [Node:1 GID:100 isLeader:false] shardkv server generateSnapshotter raft state size: 717, maxraftstate: 1000
2026/02/24 17:28:23 [Node:0 GID:100 isLeader:true] shardkv server generateSnapshotter raft state size: 717, maxraftstate: 1000
2026/02/24 17:28:23 [Node:2 GID:100 isLeader:false] shardkv server generateSnapshotter raft state size: 717, maxraftstate: 1000
2026/02/24 17:28:23 [Node:0 GID:100 isLeader:true] shardkv server generateSnapshotter raft state size: 717, maxraftstate: 1000
2026/02/24 17:28:23 [Node:1 GID:100 isLeader:false] shardkv server generateSnapshotter raft state size: 717, maxraftstate: 1000
2026/02/24 17:28:23 [Node:1 GID:100 isLeader:false] shardkv server generateSnapshotter raft state size: 717, maxraftstate: 1000
2026/02/24 17:28:23 [Node:2 GID:100 isLeader:false] shardkv server generateSnapshotter raft state size: 717, maxraftstate: 1000
2026/02/24 17:28:23 [Node:0 GID:100 isLeader:true] shardkv server generateSnapshotter raft state size: 717, maxraftstate: 1000
2026/02/24 17:28:23 [Node:0 GID:100 isLeader:true] shardkv server checkGroup key:0, shard:8 shards:map[0:true 1:true 2:true 3:true 4:true 5:true 6:true 7:true 8:true 9:true]
2026/02/24 17:28:23 [Node:0 GID:100] shardkv server get key:0, check param failed Err:ErrWrongGroup
2026/02/24 17:28:23 [Node:1 GID:100 isLeader:false] shardkv server generateSnapshotter raft state size: 717, maxraftstate: 1000
2026/02/24 17:28:23 [Node:2 GID:100 isLeader:false] shardkv server generateSnapshotter raft state size: 717, maxraftstate: 1000
2026/02/24 17:28:23 [Node:0 GID:100 isLeader:true] shardkv server generateSnapshotter raft state size: 717, maxraftstate: 1000
2026/02/24 17:28:23 [Node:2 GID:100 isLeader:false] shardkv server generateSnapshotter raft state size: 717, maxraftstate: 1000
2026/02/24 17:28:23 [Node:1 GID:100 isLeader:false] shardkv server generateSnapshotter raft state size: 717, maxraftstate: 1000
2026/02/24 17:28:23 [Node:0 GID:100 isLeader:true] shardkv server generateSnapshotter raft state size: 717, maxraftstate: 1000
2026/02/24 17:28:23 [Node:2 GID:100 isLeader:false] shardkv server generateSnapshotter raft state size: 717, maxraftstate: 1000
2026/02/24 17:28:23 [Node:1 GID:100 isLeader:false] shardkv server generateSnapshotter raft state size: 717, maxraftstate: 1000
2026/02/24 17:28:23 [Node:0 GID:100 isLeader:true] shardkv server generateSnapshotter raft state size: 717, maxraftstate: 1000
2026/02/24 17:28:23 [Node:0 GID:100 isLeader:true] shardkv server checkGroup key:0, shard:8 shards:map[0:true 1:true 2:true 3:true 4:true 5:true 6:true 7:true 8:true 9:true]
2026/02/24 17:28:23 [Node:0 GID:100] shardkv server get key:0, check param failed Err:ErrWrongGroup
2026/02/24 17:28:23 [Node:1 GID:100 isLeader:false] shardkv server generateSnapshotter raft state size: 717, maxraftstate: 1000
2026/02/24 17:28:23 [Node:0 GID:100 isLeader:true] shardkv server generateSnapshotter raft state size: 717, maxraftstate: 1000
2026/02/24 17:28:23 [Node:2 GID:100 isLeader:false] shardkv server generateSnapshotter raft state size: 717, maxraftstate: 1000
2026/02/24 17:28:23 [Node:0 GID:100 isLeader:true] shardkv server generateSnapshotter raft state size: 717, maxraftstate: 1000
2026/02/24 17:28:23 [Node:2 GID:100 isLeader:false] shardkv server generateSnapshotter raft state size: 717, maxraftstate: 1000
2026/02/24 17:28:23 [Node:1 GID:100 isLeader:false] shardkv server generateSnapshotter raft state size: 717, maxraftstate: 1000
2026/02/24 17:28:23 [Node:0 GID:100 isLeader:true] shardkv server generateSnapshotter raft state size: 717, maxraftstate: 1000
2026/02/24 17:28:23 [Node:2 GID:100 isLeader:false] shardkv server generateSnapshotter raft state size: 717, maxraftstate: 1000
2026/02/24 17:28:23 [Node:1 GID:100 isLeader:false] shardkv server generateSnapshotter raft state size: 717, maxraftstate: 1000
2026/02/24 17:28:23 [Node:0 GID:100 isLeader:true] shardkv server checkGroup key:0, shard:8 shards:map[0:true 1:true 2:true 3:true 4:true 5:true 6:true 7:true 8:true 9:true]
2026/02/24 17:28:23 [Node:0 GID:100] shardkv server get key:0, check param failed Err:ErrWrongGroup
2026/02/24 17:28:23 [Node:0 GID:100 isLeader:true] shardkv server generateSnapshotter raft state size: 717, maxraftstate: 1000
2026/02/24 17:28:23 [Node:1 GID:100 isLeader:false] shardkv server generateSnapshotter raft state size: 717, maxraftstate: 1000
2026/02/24 17:28:23 [Node:2 GID:100 isLeader:false] shardkv server generateSnapshotter raft state size: 717, maxraftstate: 1000
2026/02/24 17:28:24 [Node:2 GID:100 isLeader:false] shardkv server generateSnapshotter raft state size: 717, maxraftstate: 1000
2026/02/24 17:28:24 [Node:1 GID:100 isLeader:false] shardkv server generateSnapshotter raft state size: 717, maxraftstate: 1000
2026/02/24 17:28:24 [Node:0 GID:100 isLeader:true] shardkv server generateSnapshotter raft state size: 717, maxraftstate: 1000
2026/02/24 17:28:24 [Node:1 GID:100 isLeader:false] shardkv server generateSnapshotter raft state size: 717, maxraftstate: 1000
2026/02/24 17:28:24 [Node:0 GID:100 isLeader:true] shardkv server generateSnapshotter raft state size: 717, maxraftstate: 1000
2026/02/24 17:28:24 [Node:2 GID:100 isLeader:false] shardkv server generateSnapshotter raft state size: 717, maxraftstate: 1000
2026/02/24 17:28:24 [Node:0 GID:100 isLeader:true] shardkv server checkGroup key:0, shard:8 shards:map[0:true 1:true 2:true 3:true 4:true 5:true 6:true 7:true 8:true 9:true]
2026/02/24 17:28:24 [Node:0 GID:100] shardkv server get key:0, check param failed Err:ErrWrongGroup
2026/02/24 17:28:24 [Node:1 GID:100 isLeader:false] shardkv server generateSnapshotter raft state size: 717, maxraftstate: 1000
2026/02/24 17:28:24 [Node:0 GID:100 isLeader:true] shardkv server generateSnapshotter raft state size: 717, maxraftstate: 1000
2026/02/24 17:28:24 [Node:2 GID:100 isLeader:false] shardkv server generateSnapshotter raft state size: 717, maxraftstate: 1000
2026/02/24 17:28:24 [Node:0 GID:100 isLeader:true] shardkv server generateSnapshotter raft state size: 717, maxraftstate: 1000
2026/02/24 17:28:24 [Node:1 GID:100 isLeader:false] shardkv server generateSnapshotter raft state size: 717, maxraftstate: 1000
2026/02/24 17:28:24 [Node:2 GID:100 isLeader:false] shardkv server generateSnapshotter raft state size: 717, maxraftstate: 1000
2026/02/24 17:28:24 [Node:2 GID:100 isLeader:false] shardkv server generateSnapshotter raft state size: 717, maxraftstate: 1000
2026/02/24 17:28:24 [Node:0 GID:100 isLeader:true] shardkv server generateSnapshotter raft state size: 717, maxraftstate: 1000
2026/02/24 17:28:24 [Node:1 GID:100 isLeader:false] shardkv server generateSnapshotter raft state size: 717, maxraftstate: 1000
2026/02/24 17:28:24 [Node:0 GID:100 isLeader:true] shardkv server checkGroup key:0, shard:8 shards:map[0:true 1:true 2:true 3:true 4:true 5:true 6:true 7:true 8:true 9:true]
2026/02/24 17:28:24 [Node:0 GID:100] shardkv server get key:0, check param failed Err:ErrWrongGroup
2026/02/24 17:28:24 [Node:2 GID:100 isLeader:false] shardkv server generateSnapshotter raft state size: 717, maxraftstate: 1000
2026/02/24 17:28:24 [Node:1 GID:100 isLeader:false] shardkv server generateSnapshotter raft state size: 717, maxraftstate: 1000
2026/02/24 17:28:24 [Node:0 GID:100 isLeader:true] shardkv server generateSnapshotter raft state size: 717, maxraftstate: 1000
2026/02/24 17:28:24 [Node:0 GID:100 isLeader:true] shardkv server generateSnapshotter raft state size: 717, maxraftstate: 1000
2026/02/24 17:28:24 [Node:2 GID:100 isLeader:false] shardkv server generateSnapshotter raft state size: 717, maxraftstate: 1000
2026/02/24 17:28:24 [Node:1 GID:100 isLeader:false] shardkv server generateSnapshotter raft state size: 717, maxraftstate: 1000
2026/02/24 17:28:24 [Node:0 GID:100 isLeader:true] shardkv server generateSnapshotter raft state size: 717, maxraftstate: 1000
2026/02/24 17:28:24 [Node:2 GID:100 isLeader:false] shardkv server generateSnapshotter raft state size: 717, maxraftstate: 1000
2026/02/24 17:28:24 [Node:1 GID:100 isLeader:false] shardkv server generateSnapshotter raft state size: 717, maxraftstate: 1000
2026/02/24 17:28:24 [Node:0 GID:100 isLeader:true] shardkv server checkGroup key:0, shard:8 shards:map[0:true 1:true 2:true 3:true 4:true 5:true 6:true 7:true 8:true 9:true]
2026/02/24 17:28:24 [Node:0 GID:100] shardkv server get key:0, check param failed Err:ErrWrongGroup
2026/02/24 17:28:24 [Node:0 GID:100 isLeader:true] shardkv server generateSnapshotter raft state size: 717, maxraftstate: 1000
2026/02/24 17:28:24 [Node:2 GID:100 isLeader:false] shardkv server generateSnapshotter raft state size: 717, maxraftstate: 1000
2026/02/24 17:28:24 [Node:1 GID:100 isLeader:false] shardkv server generateSnapshotter raft state size: 717, maxraftstate: 1000
2026/02/24 17:28:24 [Node:0 GID:100 isLeader:true] shardkv server generateSnapshotter raft state size: 717, maxraftstate: 1000
2026/02/24 17:28:24 [Node:2 GID:100 isLeader:false] shardkv server generateSnapshotter raft state size: 717, maxraftstate: 1000
2026/02/24 17:28:24 [Node:1 GID:100 isLeader:false] shardkv server generateSnapshotter raft state size: 717, maxraftstate: 1000
2026/02/24 17:28:25 [Node:0 GID:100 isLeader:true] shardkv server generateSnapshotter raft state size: 717, maxraftstate: 1000
2026/02/24 17:28:25 [Node:1 GID:100 isLeader:false] shardkv server generateSnapshotter raft state size: 717, maxraftstate: 1000
2026/02/24 17:28:25 [Node:2 GID:100 isLeader:false] shardkv server generateSnapshotter raft state size: 717, maxraftstate: 1000
2026/02/24 17:28:25 [Node:0 GID:100 isLeader:true] shardkv server checkGroup key:0, shard:8 shards:map[0:true 1:true 2:true 3:true 4:true 5:true 6:true 7:true 8:true 9:true]
2026/02/24 17:28:25 [Node:0 GID:100] shardkv server get key:0, check param failed Err:ErrWrongGroup
2026/02/24 17:28:25 [Node:0 GID:100 isLeader:true] shardkv server generateSnapshotter raft state size: 717, maxraftstate: 1000
2026/02/24 17:28:25 [Node:2 GID:100 isLeader:false] shardkv server generateSnapshotter raft state size: 717, maxraftstate: 1000
2026/02/24 17:28:25 [Node:1 GID:100 isLeader:false] shardkv server generateSnapshotter raft state size: 717, maxraftstate: 1000
2026/02/24 17:28:25 [Node:2 GID:100 isLeader:false] shardkv server generateSnapshotter raft state size: 717, maxraftstate: 1000
2026/02/24 17:28:25 [Node:1 GID:100 isLeader:false] shardkv server generateSnapshotter raft state size: 717, maxraftstate: 1000
2026/02/24 17:28:25 [Node:0 GID:100 isLeader:true] shardkv server generateSnapshotter raft state size: 717, maxraftstate: 1000
2026/02/24 17:28:25 [Node:1 GID:100 isLeader:false] shardkv server generateSnapshotter raft state size: 717, maxraftstate: 1000
2026/02/24 17:28:25 [Node:2 GID:100 isLeader:false] shardkv server generateSnapshotter raft state size: 717, maxraftstate: 1000
2026/02/24 17:28:25 [Node:0 GID:100 isLeader:true] shardkv server generateSnapshotter raft state size: 717, maxraftstate: 1000
2026/02/24 17:28:25 [Node:2 GID:100 isLeader:false] shardkv server generateSnapshotter raft state size: 717, maxraftstate: 1000
2026/02/24 17:28:25 [Node:1 GID:100 isLeader:false] shardkv server generateSnapshotter raft state size: 717, maxraftstate: 1000
2026/02/24 17:28:25 [Node:0 GID:100 isLeader:true] shardkv server generateSnapshotter raft state size: 717, maxraftstate: 1000
2026/02/24 17:28:25 [Node:0 GID:100 isLeader:true] shardkv server checkGroup key:0, shard:8 shards:map[0:true 1:true 2:true 3:true 4:true 5:true 6:true 7:true 8:true 9:true]
2026/02/24 17:28:25 [Node:0 GID:100] shardkv server get key:0, check param failed Err:ErrWrongGroup
2026/02/24 17:28:25 [Node:0 GID:100 isLeader:true] shardkv server generateSnapshotter raft state size: 717, maxraftstate: 1000
2026/02/24 17:28:25 [Node:1 GID:100 isLeader:false] shardkv server generateSnapshotter raft state size: 717, maxraftstate: 1000
2026/02/24 17:28:25 [Node:2 GID:100 isLeader:false] shardkv server generateSnapshotter raft state size: 717, maxraftstate: 1000
2026/02/24 17:28:25 [Node:0 GID:100 isLeader:true] shardkv server generateSnapshotter raft state size: 717, maxraftstate: 1000
2026/02/24 17:28:25 [Node:1 GID:100 isLeader:false] shardkv server generateSnapshotter raft state size: 717, maxraftstate: 1000
2026/02/24 17:28:25 [Node:2 GID:100 isLeader:false] shardkv server generateSnapshotter raft state size: 717, maxraftstate: 1000
2026/02/24 17:28:25 [Node:0 GID:100 isLeader:true] shardkv server generateSnapshotter raft state size: 717, maxraftstate: 1000
2026/02/24 17:28:25 [Node:1 GID:100 isLeader:false] shardkv server generateSnapshotter raft state size: 717, maxraftstate: 1000
2026/02/24 17:28:25 [Node:2 GID:100 isLeader:false] shardkv server generateSnapshotter raft state size: 717, maxraftstate: 1000
2026/02/24 17:28:25 [Node:0 GID:100 isLeader:true] shardkv server checkGroup key:0, shard:8 shards:map[0:true 1:true 2:true 3:true 4:true 5:true 6:true 7:true 8:true 9:true]
2026/02/24 17:28:25 [Node:0 GID:100] shardkv server get key:0, check param failed Err:ErrWrongGroup
2026/02/24 17:28:25 [Node:1 GID:100 isLeader:false] shardkv server generateSnapshotter raft state size: 717, maxraftstate: 1000
2026/02/24 17:28:25 [Node:2 GID:100 isLeader:false] shardkv server generateSnapshotter raft state size: 717, maxraftstate: 1000
2026/02/24 17:28:25 [Node:0 GID:100 isLeader:true] shardkv server generateSnapshotter raft state size: 717, maxraftstate: 1000
2026/02/24 17:28:25 [Node:1 GID:100 isLeader:false] shardkv server generateSnapshotter raft state size: 717, maxraftstate: 1000
2026/02/24 17:28:25 [Node:0 GID:100 isLeader:true] shardkv server generateSnapshotter raft state size: 717, maxraftstate: 1000
2026/02/24 17:28:25 [Node:2 GID:100 isLeader:false] shardkv server generateSnapshotter raft state size: 717, maxraftstate: 1000
2026/02/24 17:28:26 [Node:0 GID:100 isLeader:true] shardkv server generateSnapshotter raft state size: 717, maxraftstate: 1000
2026/02/24 17:28:26 [Node:2 GID:100 isLeader:false] shardkv server generateSnapshotter raft state size: 717, maxraftstate: 1000
2026/02/24 17:28:26 [Node:1 GID:100 isLeader:false] shardkv server generateSnapshotter raft state size: 717, maxraftstate: 1000
2026/02/24 17:28:26 [Node:0 GID:100 isLeader:true] shardkv server checkGroup key:0, shard:8 shards:map[0:true 1:true 2:true 3:true 4:true 5:true 6:true 7:true 8:true 9:true]
2026/02/24 17:28:26 [Node:0 GID:100] shardkv server get key:0, check param failed Err:ErrWrongGroup
2026/02/24 17:28:26 [Node:2 GID:100 isLeader:false] shardkv server generateSnapshotter raft state size: 717, maxraftstate: 1000
2026/02/24 17:28:26 [Node:1 GID:100 isLeader:false] shardkv server generateSnapshotter raft state size: 717, maxraftstate: 1000
2026/02/24 17:28:26 [Node:0 GID:100 isLeader:true] shardkv server generateSnapshotter raft state size: 717, maxraftstate: 1000
2026/02/24 17:28:26 [Node:1 GID:100 isLeader:false] shardkv server generateSnapshotter raft state size: 717, maxraftstate: 1000
2026/02/24 17:28:26 [Node:2 GID:100 isLeader:false] shardkv server generateSnapshotter raft state size: 717, maxraftstate: 1000
2026/02/24 17:28:26 [Node:0 GID:100 isLeader:true] shardkv server generateSnapshotter raft state size: 717, maxraftstate: 1000
2026/02/24 17:28:26 [Node:1 GID:100 isLeader:false] shardkv server generateSnapshotter raft state size: 717, maxraftstate: 1000
2026/02/24 17:28:26 [Node:0 GID:100 isLeader:true] shardkv server generateSnapshotter raft state size: 717, maxraftstate: 1000
2026/02/24 17:28:26 [Node:2 GID:100 isLeader:false] shardkv server generateSnapshotter raft state size: 717, maxraftstate: 1000
2026/02/24 17:28:26 [Node:0 GID:100 isLeader:true] shardkv server checkGroup key:0, shard:8 shards:map[0:true 1:true 2:true 3:true 4:true 5:true 6:true 7:true 8:true 9:true]
2026/02/24 17:28:26 [Node:0 GID:100] shardkv server get key:0, check param failed Err:ErrWrongGroup
2026/02/24 17:28:26 [Node:2 GID:100 isLeader:false] shardkv server generateSnapshotter raft state size: 717, maxraftstate: 1000
2026/02/24 17:28:26 [Node:0 GID:100 isLeader:true] shardkv server generateSnapshotter raft state size: 717, maxraftstate: 1000
2026/02/24 17:28:26 [Node:1 GID:100 isLeader:false] shardkv server generateSnapshotter raft state size: 717, maxraftstate: 1000
2026/02/24 17:28:26 [Node:1 GID:100 isLeader:false] shardkv server generateSnapshotter raft state size: 717, maxraftstate: 1000
2026/02/24 17:28:26 [Node:2 GID:100 isLeader:false] shardkv server generateSnapshotter raft state size: 717, maxraftstate: 1000
2026/02/24 17:28:26 [Node:0 GID:100 isLeader:true] shardkv server generateSnapshotter raft state size: 717, maxraftstate: 1000
2026/02/24 17:28:26 [Node:1 GID:100 isLeader:false] shardkv server generateSnapshotter raft state size: 717, maxraftstate: 1000
2026/02/24 17:28:26 [Node:2 GID:100 isLeader:false] shardkv server generateSnapshotter raft state size: 717, maxraftstate: 1000
2026/02/24 17:28:26 [Node:0 GID:100 isLeader:true] shardkv server generateSnapshotter raft state size: 717, maxraftstate: 1000
2026/02/24 17:28:26 [Node:0 GID:100 isLeader:true] shardkv server checkGroup key:0, shard:8 shards:map[0:true 1:true 2:true 3:true 4:true 5:true 6:true 7:true 8:true 9:true]
2026/02/24 17:28:26 [Node:0 GID:100] shardkv server get key:0, check param failed Err:ErrWrongGroup
2026/02/24 17:28:26 [Node:0 GID:100 isLeader:true] shardkv server generateSnapshotter raft state size: 717, maxraftstate: 1000
2026/02/24 17:28:26 [Node:1 GID:100 isLeader:false] shardkv server generateSnapshotter raft state size: 717, maxraftstate: 1000
2026/02/24 17:28:26 [Node:2 GID:100 isLeader:false] shardkv server generateSnapshotter raft state size: 717, maxraftstate: 1000
2026/02/24 17:28:26 [Node:2 GID:100 isLeader:false] shardkv server generateSnapshotter raft state size: 717, maxraftstate: 1000
2026/02/24 17:28:26 [Node:1 GID:100 isLeader:false] shardkv server generateSnapshotter raft state size: 717, maxraftstate: 1000
2026/02/24 17:28:26 [Node:0 GID:100 isLeader:true] shardkv server generateSnapshotter raft state size: 717, maxraftstate: 1000
2026/02/24 17:28:26 [Node:2 GID:100 isLeader:false] shardkv server generateSnapshotter raft state size: 717, maxraftstate: 1000
2026/02/24 17:28:26 [Node:1 GID:100 isLeader:false] shardkv server generateSnapshotter raft state size: 717, maxraftstate: 1000
2026/02/24 17:28:26 [Node:0 GID:100 isLeader:true] shardkv server generateSnapshotter raft state size: 717, maxraftstate: 1000
2026/02/24 17:28:27 [Node:0 GID:100 isLeader:true] shardkv server checkGroup key:0, shard:8 shards:map[0:true 1:true 2:true 3:true 4:true 5:true 6:true 7:true 8:true 9:true]
2026/02/24 17:28:27 [Node:0 GID:100] shardkv server get key:0, check param failed Err:ErrWrongGroup
2026/02/24 17:28:27 [Node:0 GID:100 isLeader:true] shardkv server generateSnapshotter raft state size: 717, maxraftstate: 1000
2026/02/24 17:28:27 [Node:1 GID:100 isLeader:false] shardkv server generateSnapshotter raft state size: 717, maxraftstate: 1000
2026/02/24 17:28:27 [Node:2 GID:100 isLeader:false] shardkv server generateSnapshotter raft state size: 717, maxraftstate: 1000
2026/02/24 17:28:27 [Node:0 GID:100 isLeader:true] shardkv server generateSnapshotter raft state size: 717, maxraftstate: 1000
2026/02/24 17:28:27 [Node:1 GID:100 isLeader:false] shardkv server generateSnapshotter raft state size: 717, maxraftstate: 1000
2026/02/24 17:28:27 [Node:2 GID:100 isLeader:false] shardkv server generateSnapshotter raft state size: 717, maxraftstate: 1000
2026/02/24 17:28:27 [Node:0 GID:100 isLeader:true] shardkv server generateSnapshotter raft state size: 717, maxraftstate: 1000
2026/02/24 17:28:27 [Node:2 GID:100 isLeader:false] shardkv server generateSnapshotter raft state size: 717, maxraftstate: 1000
2026/02/24 17:28:27 [Node:1 GID:100 isLeader:false] shardkv server generateSnapshotter raft state size: 717, maxraftstate: 1000
2026/02/24 17:28:27 [Node:0 GID:100 isLeader:true] shardkv server checkGroup key:0, shard:8 shards:map[0:true 1:true 2:true 3:true 4:true 5:true 6:true 7:true 8:true 9:true]
2026/02/24 17:28:27 [Node:0 GID:100] shardkv server get key:0, check param failed Err:ErrWrongGroup
2026/02/24 17:28:27 [Node:0 GID:100 isLeader:true] shardkv server generateSnapshotter raft state size: 717, maxraftstate: 1000
2026/02/24 17:28:27 [Node:2 GID:100 isLeader:false] shardkv server generateSnapshotter raft state size: 717, maxraftstate: 1000
2026/02/24 17:28:27 [Node:1 GID:100 isLeader:false] shardkv server generateSnapshotter raft state size: 717, maxraftstate: 1000
2026/02/24 17:28:27 [Node:0 GID:100 isLeader:true] shardkv server generateSnapshotter raft state size: 717, maxraftstate: 1000
2026/02/24 17:28:27 [Node:1 GID:100 isLeader:false] shardkv server generateSnapshotter raft state size: 717, maxraftstate: 1000
2026/02/24 17:28:27 [Node:2 GID:100 isLeader:false] shardkv server generateSnapshotter raft state size: 717, maxraftstate: 1000
